"G","model","CV","rep","fold","Environment","PA"
"original","M2","CV1",1,1,"Aber-2015",0.693497527379959
"original","M2","CV1",1,1,"Aber-2016",0.602632352151324
"original","M2","CV1",1,1,"Brau-2014",0.442379584233606
"original","M2","CV1",1,1,"Brau-2015",0.594770009181118
"original","M2","CV1",1,1,"Brau-2016",0.649348871452448
"corrected","M2","CV1",1,1,"Aber-2015",0.683525273323515
"corrected","M2","CV1",1,1,"Aber-2016",0.584965895201432
"corrected","M2","CV1",1,1,"Brau-2014",0.43644551746523
"corrected","M2","CV1",1,1,"Brau-2015",0.593801544603564
"corrected","M2","CV1",1,1,"Brau-2016",0.655618200951158
"original","M3","CV1",1,1,"Aber-2015",0.699929848765914
"original","M3","CV1",1,1,"Aber-2016",0.563859503039477
"original","M3","CV1",1,1,"Brau-2014",0.468141211173618
"original","M3","CV1",1,1,"Brau-2015",0.667316824246589
"original","M3","CV1",1,1,"Brau-2016",0.709808241815154
"corrected","M3","CV1",1,1,"Aber-2015",0.693940175581538
"corrected","M3","CV1",1,1,"Aber-2016",0.574146935405053
"corrected","M3","CV1",1,1,"Brau-2014",0.489474913552669
"corrected","M3","CV1",1,1,"Brau-2015",0.670941117656673
"corrected","M3","CV1",1,1,"Brau-2016",0.720924660154177
"original","M2","CV2",1,1,"Aber-2015",0.792351963577419
"original","M2","CV2",1,1,"Aber-2016",0.910408950803941
"original","M2","CV2",1,1,"Brau-2014",0.645438065861365
"original","M2","CV2",1,1,"Brau-2015",0.804260357480614
"original","M2","CV2",1,1,"Brau-2016",0.731067726561383
"corrected","M2","CV2",1,1,"Aber-2015",0.786933108111646
"corrected","M2","CV2",1,1,"Aber-2016",0.910298216412035
"corrected","M2","CV2",1,1,"Brau-2014",0.651106913907056
"corrected","M2","CV2",1,1,"Brau-2015",0.804591555879536
"corrected","M2","CV2",1,1,"Brau-2016",0.727333068142948
"original","M3","CV2",1,1,"Aber-2015",0.820706156000136
"original","M3","CV2",1,1,"Aber-2016",0.89265490672247
"original","M3","CV2",1,1,"Brau-2014",0.717856154221132
"original","M3","CV2",1,1,"Brau-2015",0.776586629790613
"original","M3","CV2",1,1,"Brau-2016",0.765330230920689
"corrected","M3","CV2",1,1,"Aber-2015",0.822810133854573
"corrected","M3","CV2",1,1,"Aber-2016",0.900994133741788
"corrected","M3","CV2",1,1,"Brau-2014",0.724537127634393
"corrected","M3","CV2",1,1,"Brau-2015",0.784192762087685
"corrected","M3","CV2",1,1,"Brau-2016",0.760841061249934
"original","M2","CV1",2,1,"Aber-2015",0.570225437695755
"original","M2","CV1",2,1,"Aber-2016",0.350379860874848
"original","M2","CV1",2,1,"Brau-2014",0.324888368684518
"original","M2","CV1",2,1,"Brau-2015",0.489543178427325
"original","M2","CV1",2,1,"Brau-2016",-0.0481963278394912
"corrected","M2","CV1",2,1,"Aber-2015",0.580005007157962
"corrected","M2","CV1",2,1,"Aber-2016",0.354978594052582
"corrected","M2","CV1",2,1,"Brau-2014",0.328763242544915
"corrected","M2","CV1",2,1,"Brau-2015",0.492264854067751
"corrected","M2","CV1",2,1,"Brau-2016",-0.0367771842832577
"original","M3","CV1",2,1,"Aber-2015",0.637604711434774
"original","M3","CV1",2,1,"Aber-2016",0.3920842329997
"original","M3","CV1",2,1,"Brau-2014",0.369890447021208
"original","M3","CV1",2,1,"Brau-2015",0.495751332134709
"original","M3","CV1",2,1,"Brau-2016",-0.222005992754077
"corrected","M3","CV1",2,1,"Aber-2015",0.641159453789151
"corrected","M3","CV1",2,1,"Aber-2016",0.40438204887095
"corrected","M3","CV1",2,1,"Brau-2014",0.390919401932103
"corrected","M3","CV1",2,1,"Brau-2015",0.493225395507163
"corrected","M3","CV1",2,1,"Brau-2016",-0.183852275506636
"original","M2","CV2",2,1,"Aber-2015",0.9464580338476
"original","M2","CV2",2,1,"Aber-2016",0.71733772793
"original","M2","CV2",2,1,"Brau-2014",0.284012483923094
"original","M2","CV2",2,1,"Brau-2015",0.767576213664848
"original","M2","CV2",2,1,"Brau-2016",0.47221648459815
"corrected","M2","CV2",2,1,"Aber-2015",0.947538101554909
"corrected","M2","CV2",2,1,"Aber-2016",0.717322390881904
"corrected","M2","CV2",2,1,"Brau-2014",0.287050223494903
"corrected","M2","CV2",2,1,"Brau-2015",0.767608310465196
"corrected","M2","CV2",2,1,"Brau-2016",0.46999344540856
"original","M3","CV2",2,1,"Aber-2015",0.926721852767168
"original","M3","CV2",2,1,"Aber-2016",0.718592708648447
"original","M3","CV2",2,1,"Brau-2014",0.398997581804872
"original","M3","CV2",2,1,"Brau-2015",0.785979632477665
"original","M3","CV2",2,1,"Brau-2016",0.527784445349367
"corrected","M3","CV2",2,1,"Aber-2015",0.929979463560743
"corrected","M3","CV2",2,1,"Aber-2016",0.699885411284382
"corrected","M3","CV2",2,1,"Brau-2014",0.373171944614339
"corrected","M3","CV2",2,1,"Brau-2015",0.782549505761882
"corrected","M3","CV2",2,1,"Brau-2016",0.495904628848228
"original","M2","CV1",3,1,"Aber-2015",0.806306289562068
"original","M2","CV1",3,1,"Aber-2016",0.71486120954739
"original","M2","CV1",3,1,"Brau-2014",0.563102838620445
"original","M2","CV1",3,1,"Brau-2015",0.742478583934014
"original","M2","CV1",3,1,"Brau-2016",0.852466809480454
"corrected","M2","CV1",3,1,"Aber-2015",0.806115708636386
"corrected","M2","CV1",3,1,"Aber-2016",0.715877318446901
"corrected","M2","CV1",3,1,"Brau-2014",0.565917671866324
"corrected","M2","CV1",3,1,"Brau-2015",0.752176978282589
"corrected","M2","CV1",3,1,"Brau-2016",0.852193566059467
"original","M3","CV1",3,1,"Aber-2015",0.76802663443481
"original","M3","CV1",3,1,"Aber-2016",0.726279102024919
"original","M3","CV1",3,1,"Brau-2014",0.557585472448941
"original","M3","CV1",3,1,"Brau-2015",0.790588277385253
"original","M3","CV1",3,1,"Brau-2016",0.783855717903042
"corrected","M3","CV1",3,1,"Aber-2015",0.752593189414459
"corrected","M3","CV1",3,1,"Aber-2016",0.732152929456806
"corrected","M3","CV1",3,1,"Brau-2014",0.532683662641361
"corrected","M3","CV1",3,1,"Brau-2015",0.774758859007532
"corrected","M3","CV1",3,1,"Brau-2016",0.773218018158356
"original","M2","CV2",3,1,"Aber-2015",0.835976481893479
"original","M2","CV2",3,1,"Aber-2016",0.887803000812096
"original","M2","CV2",3,1,"Brau-2014",0.645827653196958
"original","M2","CV2",3,1,"Brau-2015",0.893843704932031
"original","M2","CV2",3,1,"Brau-2016",0.608223584586085
"corrected","M2","CV2",3,1,"Aber-2015",0.83924116469451
"corrected","M2","CV2",3,1,"Aber-2016",0.88459748775536
"corrected","M2","CV2",3,1,"Brau-2014",0.647615297949808
"corrected","M2","CV2",3,1,"Brau-2015",0.893806933366361
"corrected","M2","CV2",3,1,"Brau-2016",0.60104190550193
"original","M3","CV2",3,1,"Aber-2015",0.845832982315481
"original","M3","CV2",3,1,"Aber-2016",0.86688183383909
"original","M3","CV2",3,1,"Brau-2014",0.701981897344253
"original","M3","CV2",3,1,"Brau-2015",0.878710119662183
"original","M3","CV2",3,1,"Brau-2016",0.71695086624755
"corrected","M3","CV2",3,1,"Aber-2015",0.8484747555916
"corrected","M3","CV2",3,1,"Aber-2016",0.880524536239131
"corrected","M3","CV2",3,1,"Brau-2014",0.701370921646098
"corrected","M3","CV2",3,1,"Brau-2015",0.878136745089908
"corrected","M3","CV2",3,1,"Brau-2016",0.695335752710873
"original","M2","CV1",4,1,"Aber-2015",0.815033735924085
"original","M2","CV1",4,1,"Aber-2016",0.817517614566651
"original","M2","CV1",4,1,"Brau-2014",0.662736141053637
"original","M2","CV1",4,1,"Brau-2015",0.603560918787234
"original","M2","CV1",4,1,"Brau-2016",0.554138563858659
"corrected","M2","CV1",4,1,"Aber-2015",0.818830112557676
"corrected","M2","CV1",4,1,"Aber-2016",0.822511428900649
"corrected","M2","CV1",4,1,"Brau-2014",0.656085606987933
"corrected","M2","CV1",4,1,"Brau-2015",0.59366576025842
"corrected","M2","CV1",4,1,"Brau-2016",0.565286539512657
"original","M3","CV1",4,1,"Aber-2015",0.806091738415495
"original","M3","CV1",4,1,"Aber-2016",0.792727957436893
"original","M3","CV1",4,1,"Brau-2014",0.733127326598019
"original","M3","CV1",4,1,"Brau-2015",0.662512463683177
"original","M3","CV1",4,1,"Brau-2016",0.585017751688681
"corrected","M3","CV1",4,1,"Aber-2015",0.807602685013519
"corrected","M3","CV1",4,1,"Aber-2016",0.790805214844921
"corrected","M3","CV1",4,1,"Brau-2014",0.751731557123308
"corrected","M3","CV1",4,1,"Brau-2015",0.665971685665936
"corrected","M3","CV1",4,1,"Brau-2016",0.57560075214647
"original","M2","CV2",4,1,"Aber-2015",0.571317711359369
"original","M2","CV2",4,1,"Aber-2016",0.569758019064196
"original","M2","CV2",4,1,"Brau-2014",0.521948969915132
"original","M2","CV2",4,1,"Brau-2015",0.764119753365995
"original","M2","CV2",4,1,"Brau-2016",0.449897377456773
"corrected","M2","CV2",4,1,"Aber-2015",0.56622060025555
"corrected","M2","CV2",4,1,"Aber-2016",0.570678333147511
"corrected","M2","CV2",4,1,"Brau-2014",0.525544803365429
"corrected","M2","CV2",4,1,"Brau-2015",0.765038196904873
"corrected","M2","CV2",4,1,"Brau-2016",0.452201655868333
"original","M3","CV2",4,1,"Aber-2015",0.616764753843677
"original","M3","CV2",4,1,"Aber-2016",0.614865627238826
"original","M3","CV2",4,1,"Brau-2014",0.52236863950764
"original","M3","CV2",4,1,"Brau-2015",0.786359629634359
"original","M3","CV2",4,1,"Brau-2016",0.341369450126478
"corrected","M3","CV2",4,1,"Aber-2015",0.627759618312804
"corrected","M3","CV2",4,1,"Aber-2016",0.620414392858067
"corrected","M3","CV2",4,1,"Brau-2014",0.529394733440864
"corrected","M3","CV2",4,1,"Brau-2015",0.781761843756332
"corrected","M3","CV2",4,1,"Brau-2016",0.352963410212871
"original","M2","CV1",5,1,"Aber-2015",0.748043968440223
"original","M2","CV1",5,1,"Aber-2016",0.556333511776214
"original","M2","CV1",5,1,"Brau-2014",0.37668772933313
"original","M2","CV1",5,1,"Brau-2015",0.271562382364065
"original","M2","CV1",5,1,"Brau-2016",0.148847393923365
"corrected","M2","CV1",5,1,"Aber-2015",0.737493159286045
"corrected","M2","CV1",5,1,"Aber-2016",0.543305703455392
"corrected","M2","CV1",5,1,"Brau-2014",0.366108297800461
"corrected","M2","CV1",5,1,"Brau-2015",0.253708518169855
"corrected","M2","CV1",5,1,"Brau-2016",0.154481977238737
"original","M3","CV1",5,1,"Aber-2015",0.623384790559206
"original","M3","CV1",5,1,"Aber-2016",0.489946473440668
"original","M3","CV1",5,1,"Brau-2014",0.58208875506358
"original","M3","CV1",5,1,"Brau-2015",0.288758589314946
"original","M3","CV1",5,1,"Brau-2016",0.0914010065861097
"corrected","M3","CV1",5,1,"Aber-2015",0.615763322469308
"corrected","M3","CV1",5,1,"Aber-2016",0.440283774310776
"corrected","M3","CV1",5,1,"Brau-2014",0.561176971332753
"corrected","M3","CV1",5,1,"Brau-2015",0.25032790472402
"corrected","M3","CV1",5,1,"Brau-2016",0.0737641351381459
"original","M2","CV2",5,1,"Aber-2015",0.480592999902376
"original","M2","CV2",5,1,"Aber-2016",0.679161683578127
"original","M2","CV2",5,1,"Brau-2014",0.462499851330823
"original","M2","CV2",5,1,"Brau-2015",0.878486240592559
"original","M2","CV2",5,1,"Brau-2016",0.799983935231728
"corrected","M2","CV2",5,1,"Aber-2015",0.481783635927087
"corrected","M2","CV2",5,1,"Aber-2016",0.679551552081117
"corrected","M2","CV2",5,1,"Brau-2014",0.459326503280644
"corrected","M2","CV2",5,1,"Brau-2015",0.879356549708359
"corrected","M2","CV2",5,1,"Brau-2016",0.798338454937772
"original","M3","CV2",5,1,"Aber-2015",0.551716932389933
"original","M3","CV2",5,1,"Aber-2016",0.666970615226003
"original","M3","CV2",5,1,"Brau-2014",0.63746240220956
"original","M3","CV2",5,1,"Brau-2015",0.894950507840093
"original","M3","CV2",5,1,"Brau-2016",0.793523149215034
"corrected","M3","CV2",5,1,"Aber-2015",0.554211158984388
"corrected","M3","CV2",5,1,"Aber-2016",0.668074811148194
"corrected","M3","CV2",5,1,"Brau-2014",0.629547412856667
"corrected","M3","CV2",5,1,"Brau-2015",0.899425994067358
"corrected","M3","CV2",5,1,"Brau-2016",0.801033127097603
"original","M2","CV1",6,1,"Aber-2015",0.626553306463983
"original","M2","CV1",6,1,"Aber-2016",0.200814498027048
"original","M2","CV1",6,1,"Brau-2014",-0.231129067894273
"original","M2","CV1",6,1,"Brau-2015",0.274441290165936
"original","M2","CV1",6,1,"Brau-2016",-0.233257234877717
"corrected","M2","CV1",6,1,"Aber-2015",0.62167314257125
"corrected","M2","CV1",6,1,"Aber-2016",0.209511289916563
"corrected","M2","CV1",6,1,"Brau-2014",-0.21813700669231
"corrected","M2","CV1",6,1,"Brau-2015",0.296267396868596
"corrected","M2","CV1",6,1,"Brau-2016",-0.20224057570754
"original","M3","CV1",6,1,"Aber-2015",0.569100459966574
"original","M3","CV1",6,1,"Aber-2016",0.142233691795791
"original","M3","CV1",6,1,"Brau-2014",0.0322536838399486
"original","M3","CV1",6,1,"Brau-2015",0.185864200913762
"original","M3","CV1",6,1,"Brau-2016",-0.0331706258060427
"corrected","M3","CV1",6,1,"Aber-2015",0.554902002803065
"corrected","M3","CV1",6,1,"Aber-2016",0.162006868199944
"corrected","M3","CV1",6,1,"Brau-2014",0.0789496721059369
"corrected","M3","CV1",6,1,"Brau-2015",0.181130031263227
"corrected","M3","CV1",6,1,"Brau-2016",-0.0561578368984901
"original","M2","CV2",6,1,"Aber-2015",0.81417271626917
"original","M2","CV2",6,1,"Aber-2016",0.778877274162919
"original","M2","CV2",6,1,"Brau-2014",0.72821264059396
"original","M2","CV2",6,1,"Brau-2015",0.671596495614194
"original","M2","CV2",6,1,"Brau-2016",0.677588109579525
"corrected","M2","CV2",6,1,"Aber-2015",0.812383245691649
"corrected","M2","CV2",6,1,"Aber-2016",0.77448977923796
"corrected","M2","CV2",6,1,"Brau-2014",0.727044040646016
"corrected","M2","CV2",6,1,"Brau-2015",0.665567891397934
"corrected","M2","CV2",6,1,"Brau-2016",0.674112912507073
"original","M3","CV2",6,1,"Aber-2015",0.880457255596113
"original","M3","CV2",6,1,"Aber-2016",0.797397897017329
"original","M3","CV2",6,1,"Brau-2014",0.765604523347053
"original","M3","CV2",6,1,"Brau-2015",0.719444104143069
"original","M3","CV2",6,1,"Brau-2016",0.741990930197215
"corrected","M3","CV2",6,1,"Aber-2015",0.871806252934555
"corrected","M3","CV2",6,1,"Aber-2016",0.784059326435155
"corrected","M3","CV2",6,1,"Brau-2014",0.781974082029828
"corrected","M3","CV2",6,1,"Brau-2015",0.721606351543051
"corrected","M3","CV2",6,1,"Brau-2016",0.729706204495307
"original","M2","CV1",7,1,"Aber-2015",0.546403518712076
"original","M2","CV1",7,1,"Aber-2016",0.320894651091093
"original","M2","CV1",7,1,"Brau-2014",0.366426628897053
"original","M2","CV1",7,1,"Brau-2015",0.0982741452830803
"original","M2","CV1",7,1,"Brau-2016",0.023121033745781
"corrected","M2","CV1",7,1,"Aber-2015",0.533121741971899
"corrected","M2","CV1",7,1,"Aber-2016",0.30991559632554
"corrected","M2","CV1",7,1,"Brau-2014",0.378345166638061
"corrected","M2","CV1",7,1,"Brau-2015",0.0966607809807005
"corrected","M2","CV1",7,1,"Brau-2016",0.0120011165832341
"original","M3","CV1",7,1,"Aber-2015",0.50604786586139
"original","M3","CV1",7,1,"Aber-2016",0.346872955885064
"original","M3","CV1",7,1,"Brau-2014",0.589261156615718
"original","M3","CV1",7,1,"Brau-2015",0.189154359915317
"original","M3","CV1",7,1,"Brau-2016",0.0769264447289644
"corrected","M3","CV1",7,1,"Aber-2015",0.512693196262418
"corrected","M3","CV1",7,1,"Aber-2016",0.337848643221969
"corrected","M3","CV1",7,1,"Brau-2014",0.552121143955726
"corrected","M3","CV1",7,1,"Brau-2015",0.11862286314421
"corrected","M3","CV1",7,1,"Brau-2016",0.00442863610506207
"original","M2","CV2",7,1,"Aber-2015",0.808600829843318
"original","M2","CV2",7,1,"Aber-2016",0.536593666323738
"original","M2","CV2",7,1,"Brau-2014",0.508995599786529
"original","M2","CV2",7,1,"Brau-2015",0.704492098649445
"original","M2","CV2",7,1,"Brau-2016",0.64904619341948
"corrected","M2","CV2",7,1,"Aber-2015",0.806627415679502
"corrected","M2","CV2",7,1,"Aber-2016",0.544055862421455
"corrected","M2","CV2",7,1,"Brau-2014",0.503543474106988
"corrected","M2","CV2",7,1,"Brau-2015",0.701811088198359
"corrected","M2","CV2",7,1,"Brau-2016",0.645773101275947
"original","M3","CV2",7,1,"Aber-2015",0.853455115081399
"original","M3","CV2",7,1,"Aber-2016",0.40174903789344
"original","M3","CV2",7,1,"Brau-2014",0.663685875798443
"original","M3","CV2",7,1,"Brau-2015",0.702397054868404
"original","M3","CV2",7,1,"Brau-2016",0.673002341985322
"corrected","M3","CV2",7,1,"Aber-2015",0.837853616588857
"corrected","M3","CV2",7,1,"Aber-2016",0.430846053063989
"corrected","M3","CV2",7,1,"Brau-2014",0.646296082291313
"corrected","M3","CV2",7,1,"Brau-2015",0.707091986573844
"corrected","M3","CV2",7,1,"Brau-2016",0.672684723131377
"original","M2","CV1",8,1,"Aber-2015",0.571756684386652
"original","M2","CV1",8,1,"Aber-2016",0.406872106643796
"original","M2","CV1",8,1,"Brau-2014",0.495674806038185
"original","M2","CV1",8,1,"Brau-2015",0.721054553141752
"original","M2","CV1",8,1,"Brau-2016",0.674116188912779
"corrected","M2","CV1",8,1,"Aber-2015",0.584014826371825
"corrected","M2","CV1",8,1,"Aber-2016",0.408492059076121
"corrected","M2","CV1",8,1,"Brau-2014",0.503664403599316
"corrected","M2","CV1",8,1,"Brau-2015",0.711737571395827
"corrected","M2","CV1",8,1,"Brau-2016",0.671344062205145
"original","M3","CV1",8,1,"Aber-2015",0.601788386939254
"original","M3","CV1",8,1,"Aber-2016",0.412977590456478
"original","M3","CV1",8,1,"Brau-2014",0.603417199161492
"original","M3","CV1",8,1,"Brau-2015",0.731620256355596
"original","M3","CV1",8,1,"Brau-2016",0.686189348449476
"corrected","M3","CV1",8,1,"Aber-2015",0.590610104414807
"corrected","M3","CV1",8,1,"Aber-2016",0.412962157331258
"corrected","M3","CV1",8,1,"Brau-2014",0.62172920640344
"corrected","M3","CV1",8,1,"Brau-2015",0.719939464652599
"corrected","M3","CV1",8,1,"Brau-2016",0.689487210482446
"original","M2","CV2",8,1,"Aber-2015",0.795664280259403
"original","M2","CV2",8,1,"Aber-2016",0.597700412137147
"original","M2","CV2",8,1,"Brau-2014",0.809842006812639
"original","M2","CV2",8,1,"Brau-2015",0.735525686075511
"original","M2","CV2",8,1,"Brau-2016",0.673127792078176
"corrected","M2","CV2",8,1,"Aber-2015",0.795326613523717
"corrected","M2","CV2",8,1,"Aber-2016",0.58953025268622
"corrected","M2","CV2",8,1,"Brau-2014",0.812673985237278
"corrected","M2","CV2",8,1,"Brau-2015",0.729108751566038
"corrected","M2","CV2",8,1,"Brau-2016",0.671296068748472
"original","M3","CV2",8,1,"Aber-2015",0.814223549440533
"original","M3","CV2",8,1,"Aber-2016",0.55349766259314
"original","M3","CV2",8,1,"Brau-2014",0.875993688708367
"original","M3","CV2",8,1,"Brau-2015",0.746777828684735
"original","M3","CV2",8,1,"Brau-2016",0.715825041258279
"corrected","M3","CV2",8,1,"Aber-2015",0.808075108975746
"corrected","M3","CV2",8,1,"Aber-2016",0.557988361396919
"corrected","M3","CV2",8,1,"Brau-2014",0.87555655530056
"corrected","M3","CV2",8,1,"Brau-2015",0.739494867477015
"corrected","M3","CV2",8,1,"Brau-2016",0.722803870553169
"original","M2","CV1",9,1,"Aber-2015",0.622111691535817
"original","M2","CV1",9,1,"Aber-2016",0.36013263809085
"original","M2","CV1",9,1,"Brau-2014",0.438002033618758
"original","M2","CV1",9,1,"Brau-2015",0.35007991197744
"original","M2","CV1",9,1,"Brau-2016",0.497321674252338
"corrected","M2","CV1",9,1,"Aber-2015",0.628763839135246
"corrected","M2","CV1",9,1,"Aber-2016",0.361300788997113
"corrected","M2","CV1",9,1,"Brau-2014",0.447803155394117
"corrected","M2","CV1",9,1,"Brau-2015",0.356850666582971
"corrected","M2","CV1",9,1,"Brau-2016",0.489923396494319
"original","M3","CV1",9,1,"Aber-2015",0.696054973470757
"original","M3","CV1",9,1,"Aber-2016",0.407976482751086
"original","M3","CV1",9,1,"Brau-2014",0.508130975108432
"original","M3","CV1",9,1,"Brau-2015",0.348389662141805
"original","M3","CV1",9,1,"Brau-2016",0.446285613688123
"corrected","M3","CV1",9,1,"Aber-2015",0.687432760035482
"corrected","M3","CV1",9,1,"Aber-2016",0.388411700115891
"corrected","M3","CV1",9,1,"Brau-2014",0.513740359459363
"corrected","M3","CV1",9,1,"Brau-2015",0.337742509297544
"corrected","M3","CV1",9,1,"Brau-2016",0.495548967051029
"original","M2","CV2",9,1,"Aber-2015",0.85948646825348
"original","M2","CV2",9,1,"Aber-2016",0.692306087688062
"original","M2","CV2",9,1,"Brau-2014",0.384099162878495
"original","M2","CV2",9,1,"Brau-2015",0.657354019629502
"original","M2","CV2",9,1,"Brau-2016",0.626631442334091
"corrected","M2","CV2",9,1,"Aber-2015",0.856914318008879
"corrected","M2","CV2",9,1,"Aber-2016",0.693031096319383
"corrected","M2","CV2",9,1,"Brau-2014",0.389845365666524
"corrected","M2","CV2",9,1,"Brau-2015",0.660716015543478
"corrected","M2","CV2",9,1,"Brau-2016",0.631055429541328
"original","M3","CV2",9,1,"Aber-2015",0.89491047139434
"original","M3","CV2",9,1,"Aber-2016",0.670627616423679
"original","M3","CV2",9,1,"Brau-2014",0.51388632952122
"original","M3","CV2",9,1,"Brau-2015",0.704201702368264
"original","M3","CV2",9,1,"Brau-2016",0.472686577860881
"corrected","M3","CV2",9,1,"Aber-2015",0.883383901884142
"corrected","M3","CV2",9,1,"Aber-2016",0.668087389962238
"corrected","M3","CV2",9,1,"Brau-2014",0.512704437225935
"corrected","M3","CV2",9,1,"Brau-2015",0.708793708545633
"corrected","M3","CV2",9,1,"Brau-2016",0.477515543871921
"original","M2","CV1",10,1,"Aber-2015",0.594327073238153
"original","M2","CV1",10,1,"Aber-2016",0.420558010805567
"original","M2","CV1",10,1,"Brau-2014",0.0338863374465065
"original","M2","CV1",10,1,"Brau-2015",0.420981791214246
"original","M2","CV1",10,1,"Brau-2016",0.447748213098394
"corrected","M2","CV1",10,1,"Aber-2015",0.572835350439489
"corrected","M2","CV1",10,1,"Aber-2016",0.39997688624634
"corrected","M2","CV1",10,1,"Brau-2014",0.0278848840145397
"corrected","M2","CV1",10,1,"Brau-2015",0.418253443032129
"corrected","M2","CV1",10,1,"Brau-2016",0.444616942665847
"original","M3","CV1",10,1,"Aber-2015",0.519954444909871
"original","M3","CV1",10,1,"Aber-2016",0.414647100343457
"original","M3","CV1",10,1,"Brau-2014",0.200456670372145
"original","M3","CV1",10,1,"Brau-2015",0.361691036557216
"original","M3","CV1",10,1,"Brau-2016",0.356071653621546
"corrected","M3","CV1",10,1,"Aber-2015",0.527234783746708
"corrected","M3","CV1",10,1,"Aber-2016",0.418003414779284
"corrected","M3","CV1",10,1,"Brau-2014",0.23879315892844
"corrected","M3","CV1",10,1,"Brau-2015",0.396613871700293
"corrected","M3","CV1",10,1,"Brau-2016",0.407255826546678
"original","M2","CV2",10,1,"Aber-2015",0.882503912123984
"original","M2","CV2",10,1,"Aber-2016",0.781848792111034
"original","M2","CV2",10,1,"Brau-2014",0.110649774219757
"original","M2","CV2",10,1,"Brau-2015",0.734106192666937
"original","M2","CV2",10,1,"Brau-2016",0.822993696922943
"corrected","M2","CV2",10,1,"Aber-2015",0.883367493306189
"corrected","M2","CV2",10,1,"Aber-2016",0.780732586278179
"corrected","M2","CV2",10,1,"Brau-2014",0.107126177359695
"corrected","M2","CV2",10,1,"Brau-2015",0.729150936580064
"corrected","M2","CV2",10,1,"Brau-2016",0.819749482219943
"original","M3","CV2",10,1,"Aber-2015",0.889296355603588
"original","M3","CV2",10,1,"Aber-2016",0.695335046524913
"original","M3","CV2",10,1,"Brau-2014",0.414402361024985
"original","M3","CV2",10,1,"Brau-2015",0.563166242163442
"original","M3","CV2",10,1,"Brau-2016",0.831117784608717
"corrected","M3","CV2",10,1,"Aber-2015",0.888950745796039
"corrected","M3","CV2",10,1,"Aber-2016",0.69369522663408
"corrected","M3","CV2",10,1,"Brau-2014",0.413146510681445
"corrected","M3","CV2",10,1,"Brau-2015",0.57578067149771
"corrected","M3","CV2",10,1,"Brau-2016",0.83134095005987
"original","M2","CV1",1,2,"Aber-2015",0.640550867011366
"original","M2","CV1",1,2,"Aber-2016",0.524181416671996
"original","M2","CV1",1,2,"Brau-2014",0.510706724978257
"original","M2","CV1",1,2,"Brau-2015",0.531020804409019
"original","M2","CV1",1,2,"Brau-2016",0.621789147116269
"corrected","M2","CV1",1,2,"Aber-2015",0.629298997627877
"corrected","M2","CV1",1,2,"Aber-2016",0.510995379754192
"corrected","M2","CV1",1,2,"Brau-2014",0.499762169071842
"corrected","M2","CV1",1,2,"Brau-2015",0.5250557943449
"corrected","M2","CV1",1,2,"Brau-2016",0.607577642145906
"original","M3","CV1",1,2,"Aber-2015",0.695082660802779
"original","M3","CV1",1,2,"Aber-2016",0.635505407875404
"original","M3","CV1",1,2,"Brau-2014",0.572038198873734
"original","M3","CV1",1,2,"Brau-2015",0.637527943968448
"original","M3","CV1",1,2,"Brau-2016",0.753202832268726
"corrected","M3","CV1",1,2,"Aber-2015",0.700134436589767
"corrected","M3","CV1",1,2,"Aber-2016",0.631717844276289
"corrected","M3","CV1",1,2,"Brau-2014",0.592737423325766
"corrected","M3","CV1",1,2,"Brau-2015",0.632993433345415
"corrected","M3","CV1",1,2,"Brau-2016",0.775785302872544
"original","M2","CV2",1,2,"Aber-2015",0.944114254311761
"original","M2","CV2",1,2,"Aber-2016",0.755017930765044
"original","M2","CV2",1,2,"Brau-2014",0.498832163252053
"original","M2","CV2",1,2,"Brau-2015",0.713315426155531
"original","M2","CV2",1,2,"Brau-2016",0.607556069713567
"corrected","M2","CV2",1,2,"Aber-2015",0.945021856373193
"corrected","M2","CV2",1,2,"Aber-2016",0.752156565047616
"corrected","M2","CV2",1,2,"Brau-2014",0.500117764934758
"corrected","M2","CV2",1,2,"Brau-2015",0.709238800279334
"corrected","M2","CV2",1,2,"Brau-2016",0.600889716545369
"original","M3","CV2",1,2,"Aber-2015",0.949423734350869
"original","M3","CV2",1,2,"Aber-2016",0.694059271246652
"original","M3","CV2",1,2,"Brau-2014",0.567787860491535
"original","M3","CV2",1,2,"Brau-2015",0.756753220315876
"original","M3","CV2",1,2,"Brau-2016",0.560243834665411
"corrected","M3","CV2",1,2,"Aber-2015",0.949304718541653
"corrected","M3","CV2",1,2,"Aber-2016",0.69206900456747
"corrected","M3","CV2",1,2,"Brau-2014",0.564643607421688
"corrected","M3","CV2",1,2,"Brau-2015",0.758340469673626
"corrected","M3","CV2",1,2,"Brau-2016",0.559009586702024
"original","M2","CV1",2,2,"Aber-2015",0.756347927846213
"original","M2","CV1",2,2,"Aber-2016",0.540545425482556
"original","M2","CV1",2,2,"Brau-2014",0.6399157236913
"original","M2","CV1",2,2,"Brau-2015",0.34050614751936
"original","M2","CV1",2,2,"Brau-2016",0.186622131549365
"corrected","M2","CV1",2,2,"Aber-2015",0.756556088460774
"corrected","M2","CV1",2,2,"Aber-2016",0.539570531136375
"corrected","M2","CV1",2,2,"Brau-2014",0.639777210158491
"corrected","M2","CV1",2,2,"Brau-2015",0.342648998692647
"corrected","M2","CV1",2,2,"Brau-2016",0.176926887032761
"original","M3","CV1",2,2,"Aber-2015",0.738284894672296
"original","M3","CV1",2,2,"Aber-2016",0.530335067652656
"original","M3","CV1",2,2,"Brau-2014",0.689642036139837
"original","M3","CV1",2,2,"Brau-2015",0.486080032562092
"original","M3","CV1",2,2,"Brau-2016",0.278744471797458
"corrected","M3","CV1",2,2,"Aber-2015",0.718371821894041
"corrected","M3","CV1",2,2,"Aber-2016",0.507706567118031
"corrected","M3","CV1",2,2,"Brau-2014",0.689538258769499
"corrected","M3","CV1",2,2,"Brau-2015",0.47285006533961
"corrected","M3","CV1",2,2,"Brau-2016",0.256482043440741
"original","M2","CV2",2,2,"Aber-2015",0.676493856227076
"original","M2","CV2",2,2,"Aber-2016",0.854277603770702
"original","M2","CV2",2,2,"Brau-2014",0.667568418726566
"original","M2","CV2",2,2,"Brau-2015",0.685673289476062
"original","M2","CV2",2,2,"Brau-2016",0.768884938749099
"corrected","M2","CV2",2,2,"Aber-2015",0.683912510322541
"corrected","M2","CV2",2,2,"Aber-2016",0.85177352844713
"corrected","M2","CV2",2,2,"Brau-2014",0.669370551392377
"corrected","M2","CV2",2,2,"Brau-2015",0.679346548568235
"corrected","M2","CV2",2,2,"Brau-2016",0.769694128060203
"original","M3","CV2",2,2,"Aber-2015",0.781191237248976
"original","M3","CV2",2,2,"Aber-2016",0.86931089152945
"original","M3","CV2",2,2,"Brau-2014",0.719802054292968
"original","M3","CV2",2,2,"Brau-2015",0.713969794660818
"original","M3","CV2",2,2,"Brau-2016",0.667883196849002
"corrected","M3","CV2",2,2,"Aber-2015",0.796642348186659
"corrected","M3","CV2",2,2,"Aber-2016",0.872313093363789
"corrected","M3","CV2",2,2,"Brau-2014",0.72006835664488
"corrected","M3","CV2",2,2,"Brau-2015",0.705539685770227
"corrected","M3","CV2",2,2,"Brau-2016",0.643570985492301
"original","M2","CV1",3,2,"Aber-2015",0.41482316003938
"original","M2","CV1",3,2,"Aber-2016",0.442064710623684
"original","M2","CV1",3,2,"Brau-2014",0.709430379765329
"original","M2","CV1",3,2,"Brau-2015",0.522250468827497
"original","M2","CV1",3,2,"Brau-2016",0.498548170417681
"corrected","M2","CV1",3,2,"Aber-2015",0.413883259269125
"corrected","M2","CV1",3,2,"Aber-2016",0.446704482564121
"corrected","M2","CV1",3,2,"Brau-2014",0.703371497667055
"corrected","M2","CV1",3,2,"Brau-2015",0.534497787113904
"corrected","M2","CV1",3,2,"Brau-2016",0.501080824382652
"original","M3","CV1",3,2,"Aber-2015",0.620133652331119
"original","M3","CV1",3,2,"Aber-2016",0.58229970155876
"original","M3","CV1",3,2,"Brau-2014",0.798775948109032
"original","M3","CV1",3,2,"Brau-2015",0.564907939122618
"original","M3","CV1",3,2,"Brau-2016",0.596109019910221
"corrected","M3","CV1",3,2,"Aber-2015",0.63255867086512
"corrected","M3","CV1",3,2,"Aber-2016",0.590006820820527
"corrected","M3","CV1",3,2,"Brau-2014",0.78562216307841
"corrected","M3","CV1",3,2,"Brau-2015",0.55892640048932
"corrected","M3","CV1",3,2,"Brau-2016",0.588342899765345
"original","M2","CV2",3,2,"Aber-2015",0.841134983530834
"original","M2","CV2",3,2,"Aber-2016",0.681813706413437
"original","M2","CV2",3,2,"Brau-2014",0.467413914824101
"original","M2","CV2",3,2,"Brau-2015",0.612022463246489
"original","M2","CV2",3,2,"Brau-2016",0.649958049360349
"corrected","M2","CV2",3,2,"Aber-2015",0.839284583318506
"corrected","M2","CV2",3,2,"Aber-2016",0.681471590120211
"corrected","M2","CV2",3,2,"Brau-2014",0.472551588886485
"corrected","M2","CV2",3,2,"Brau-2015",0.612014338206468
"corrected","M2","CV2",3,2,"Brau-2016",0.649259853802506
"original","M3","CV2",3,2,"Aber-2015",0.898679689905054
"original","M3","CV2",3,2,"Aber-2016",0.679548567856315
"original","M3","CV2",3,2,"Brau-2014",0.5280226808791
"original","M3","CV2",3,2,"Brau-2015",0.597461491262206
"original","M3","CV2",3,2,"Brau-2016",0.657446750111037
"corrected","M3","CV2",3,2,"Aber-2015",0.894096442338451
"corrected","M3","CV2",3,2,"Aber-2016",0.670304746866942
"corrected","M3","CV2",3,2,"Brau-2014",0.532752099217826
"corrected","M3","CV2",3,2,"Brau-2015",0.62489605425548
"corrected","M3","CV2",3,2,"Brau-2016",0.661687494043782
"original","M2","CV1",4,2,"Aber-2015",0.562089769347409
"original","M2","CV1",4,2,"Aber-2016",0.35188051766464
"original","M2","CV1",4,2,"Brau-2014",0.485075081785609
"original","M2","CV1",4,2,"Brau-2015",0.443146536499716
"original","M2","CV1",4,2,"Brau-2016",0.28885296948059
"corrected","M2","CV1",4,2,"Aber-2015",0.550582010701147
"corrected","M2","CV1",4,2,"Aber-2016",0.345466860791369
"corrected","M2","CV1",4,2,"Brau-2014",0.494221697902992
"corrected","M2","CV1",4,2,"Brau-2015",0.443461900877591
"corrected","M2","CV1",4,2,"Brau-2016",0.279118322594144
"original","M3","CV1",4,2,"Aber-2015",0.631106259832294
"original","M3","CV1",4,2,"Aber-2016",0.443002714610057
"original","M3","CV1",4,2,"Brau-2014",0.563064975585937
"original","M3","CV1",4,2,"Brau-2015",0.479244043995807
"original","M3","CV1",4,2,"Brau-2016",0.314400883884276
"corrected","M3","CV1",4,2,"Aber-2015",0.636030340257001
"corrected","M3","CV1",4,2,"Aber-2016",0.429516225234231
"corrected","M3","CV1",4,2,"Brau-2014",0.557788059200198
"corrected","M3","CV1",4,2,"Brau-2015",0.496778718496398
"corrected","M3","CV1",4,2,"Brau-2016",0.299652471964402
"original","M2","CV2",4,2,"Aber-2015",0.628847153183555
"original","M2","CV2",4,2,"Aber-2016",0.903906911668055
"original","M2","CV2",4,2,"Brau-2014",0.269208039313824
"original","M2","CV2",4,2,"Brau-2015",0.711234199545934
"original","M2","CV2",4,2,"Brau-2016",0.53128887144469
"corrected","M2","CV2",4,2,"Aber-2015",0.625450111641862
"corrected","M2","CV2",4,2,"Aber-2016",0.904679797610885
"corrected","M2","CV2",4,2,"Brau-2014",0.27374369306946
"corrected","M2","CV2",4,2,"Brau-2015",0.716535223088917
"corrected","M2","CV2",4,2,"Brau-2016",0.525278664436919
"original","M3","CV2",4,2,"Aber-2015",0.708875707163288
"original","M3","CV2",4,2,"Aber-2016",0.838764571167477
"original","M3","CV2",4,2,"Brau-2014",0.559223729183926
"original","M3","CV2",4,2,"Brau-2015",0.764983638467996
"original","M3","CV2",4,2,"Brau-2016",0.533395623899766
"corrected","M3","CV2",4,2,"Aber-2015",0.699818753704489
"corrected","M3","CV2",4,2,"Aber-2016",0.845153666713706
"corrected","M3","CV2",4,2,"Brau-2014",0.547671367127788
"corrected","M3","CV2",4,2,"Brau-2015",0.762580950493155
"corrected","M3","CV2",4,2,"Brau-2016",0.533254869628693
"original","M2","CV1",5,2,"Aber-2015",0.600656953477773
"original","M2","CV1",5,2,"Aber-2016",0.421145179764563
"original","M2","CV1",5,2,"Brau-2014",0.581469289239845
"original","M2","CV1",5,2,"Brau-2015",0.660986413202525
"original","M2","CV1",5,2,"Brau-2016",0.496726746184219
"corrected","M2","CV1",5,2,"Aber-2015",0.577733900897054
"corrected","M2","CV1",5,2,"Aber-2016",0.403944447112197
"corrected","M2","CV1",5,2,"Brau-2014",0.56871109914027
"corrected","M2","CV1",5,2,"Brau-2015",0.659497010939743
"corrected","M2","CV1",5,2,"Brau-2016",0.489157984276118
"original","M3","CV1",5,2,"Aber-2015",0.682869987729932
"original","M3","CV1",5,2,"Aber-2016",0.53386697948967
"original","M3","CV1",5,2,"Brau-2014",0.673609751147428
"original","M3","CV1",5,2,"Brau-2015",0.691174321150397
"original","M3","CV1",5,2,"Brau-2016",0.518400358770184
"corrected","M3","CV1",5,2,"Aber-2015",0.675070416503375
"corrected","M3","CV1",5,2,"Aber-2016",0.515248121887161
"corrected","M3","CV1",5,2,"Brau-2014",0.658424444162074
"corrected","M3","CV1",5,2,"Brau-2015",0.686302738357918
"corrected","M3","CV1",5,2,"Brau-2016",0.509963611594218
"original","M2","CV2",5,2,"Aber-2015",0.734948188139164
"original","M2","CV2",5,2,"Aber-2016",0.844630183231054
"original","M2","CV2",5,2,"Brau-2014",0.631813136310282
"original","M2","CV2",5,2,"Brau-2015",0.689336840475415
"original","M2","CV2",5,2,"Brau-2016",0.542203756512293
"corrected","M2","CV2",5,2,"Aber-2015",0.7291319060406
"corrected","M2","CV2",5,2,"Aber-2016",0.846859128634429
"corrected","M2","CV2",5,2,"Brau-2014",0.638140035412205
"corrected","M2","CV2",5,2,"Brau-2015",0.685270281632498
"corrected","M2","CV2",5,2,"Brau-2016",0.535673757230486
"original","M3","CV2",5,2,"Aber-2015",0.80707123177502
"original","M3","CV2",5,2,"Aber-2016",0.838996002458272
"original","M3","CV2",5,2,"Brau-2014",0.701741532226423
"original","M3","CV2",5,2,"Brau-2015",0.69537489580333
"original","M3","CV2",5,2,"Brau-2016",0.561987811409323
"corrected","M3","CV2",5,2,"Aber-2015",0.807014209441425
"corrected","M3","CV2",5,2,"Aber-2016",0.838680827833781
"corrected","M3","CV2",5,2,"Brau-2014",0.70070937306778
"corrected","M3","CV2",5,2,"Brau-2015",0.713141718576326
"corrected","M3","CV2",5,2,"Brau-2016",0.567006648260013
"original","M2","CV1",6,2,"Aber-2015",0.779839716263223
"original","M2","CV1",6,2,"Aber-2016",0.638611869731901
"original","M2","CV1",6,2,"Brau-2014",0.556144699498898
"original","M2","CV1",6,2,"Brau-2015",0.60834411654137
"original","M2","CV1",6,2,"Brau-2016",0.627614116089627
"corrected","M2","CV1",6,2,"Aber-2015",0.775671504500024
"corrected","M2","CV1",6,2,"Aber-2016",0.623662472935586
"corrected","M2","CV1",6,2,"Brau-2014",0.546256055359113
"corrected","M2","CV1",6,2,"Brau-2015",0.597045492018502
"corrected","M2","CV1",6,2,"Brau-2016",0.608851940066228
"original","M3","CV1",6,2,"Aber-2015",0.758361756118478
"original","M3","CV1",6,2,"Aber-2016",0.566987997682443
"original","M3","CV1",6,2,"Brau-2014",0.714208438422517
"original","M3","CV1",6,2,"Brau-2015",0.686574708806626
"original","M3","CV1",6,2,"Brau-2016",0.568331511121785
"corrected","M3","CV1",6,2,"Aber-2015",0.76051355527246
"corrected","M3","CV1",6,2,"Aber-2016",0.575886332021381
"corrected","M3","CV1",6,2,"Brau-2014",0.704785212582348
"corrected","M3","CV1",6,2,"Brau-2015",0.67630490173801
"corrected","M3","CV1",6,2,"Brau-2016",0.568012823325025
"original","M2","CV2",6,2,"Aber-2015",0.744336838796338
"original","M2","CV2",6,2,"Aber-2016",0.692198828636926
"original","M2","CV2",6,2,"Brau-2014",0.451213682318292
"original","M2","CV2",6,2,"Brau-2015",0.604181699329037
"original","M2","CV2",6,2,"Brau-2016",0.481227487440104
"corrected","M2","CV2",6,2,"Aber-2015",0.750787151369112
"corrected","M2","CV2",6,2,"Aber-2016",0.689910896591598
"corrected","M2","CV2",6,2,"Brau-2014",0.453110321536073
"corrected","M2","CV2",6,2,"Brau-2015",0.596954509881995
"corrected","M2","CV2",6,2,"Brau-2016",0.475402439420382
"original","M3","CV2",6,2,"Aber-2015",0.763008486340732
"original","M3","CV2",6,2,"Aber-2016",0.728771090849938
"original","M3","CV2",6,2,"Brau-2014",0.602979408156316
"original","M3","CV2",6,2,"Brau-2015",0.617720935034123
"original","M3","CV2",6,2,"Brau-2016",0.476010052739658
"corrected","M3","CV2",6,2,"Aber-2015",0.774268974132209
"corrected","M3","CV2",6,2,"Aber-2016",0.737807880216614
"corrected","M3","CV2",6,2,"Brau-2014",0.618647259414552
"corrected","M3","CV2",6,2,"Brau-2015",0.627845627283529
"corrected","M3","CV2",6,2,"Brau-2016",0.468017190526494
"original","M2","CV1",7,2,"Aber-2015",0.726919374838692
"original","M2","CV1",7,2,"Aber-2016",0.592087126145649
"original","M2","CV1",7,2,"Brau-2014",0.710435229855627
"original","M2","CV1",7,2,"Brau-2015",0.426866805392742
"original","M2","CV1",7,2,"Brau-2016",0.358671537928896
"corrected","M2","CV1",7,2,"Aber-2015",0.728711929644449
"corrected","M2","CV1",7,2,"Aber-2016",0.590359727363556
"corrected","M2","CV1",7,2,"Brau-2014",0.704356293650607
"corrected","M2","CV1",7,2,"Brau-2015",0.433556100981143
"corrected","M2","CV1",7,2,"Brau-2016",0.362177650692739
"original","M3","CV1",7,2,"Aber-2015",0.808267789434567
"original","M3","CV1",7,2,"Aber-2016",0.728470811822182
"original","M3","CV1",7,2,"Brau-2014",0.795117384703964
"original","M3","CV1",7,2,"Brau-2015",0.493769056144571
"original","M3","CV1",7,2,"Brau-2016",0.541122603586835
"corrected","M3","CV1",7,2,"Aber-2015",0.814095805227683
"corrected","M3","CV1",7,2,"Aber-2016",0.719599241096514
"corrected","M3","CV1",7,2,"Brau-2014",0.794368158211952
"corrected","M3","CV1",7,2,"Brau-2015",0.48856838275149
"corrected","M3","CV1",7,2,"Brau-2016",0.550016651344705
"original","M2","CV2",7,2,"Aber-2015",0.850262035380576
"original","M2","CV2",7,2,"Aber-2016",0.685540458146924
"original","M2","CV2",7,2,"Brau-2014",0.649373744608151
"original","M2","CV2",7,2,"Brau-2015",0.914752745111765
"original","M2","CV2",7,2,"Brau-2016",0.816476766294427
"corrected","M2","CV2",7,2,"Aber-2015",0.854790709665377
"corrected","M2","CV2",7,2,"Aber-2016",0.688799807016815
"corrected","M2","CV2",7,2,"Brau-2014",0.651394630569823
"corrected","M2","CV2",7,2,"Brau-2015",0.91573621923543
"corrected","M2","CV2",7,2,"Brau-2016",0.813444709135375
"original","M3","CV2",7,2,"Aber-2015",0.850399985656862
"original","M3","CV2",7,2,"Aber-2016",0.721716943839242
"original","M3","CV2",7,2,"Brau-2014",0.746723356732021
"original","M3","CV2",7,2,"Brau-2015",0.914874083195304
"original","M3","CV2",7,2,"Brau-2016",0.824523310987314
"corrected","M3","CV2",7,2,"Aber-2015",0.848871450062537
"corrected","M3","CV2",7,2,"Aber-2016",0.725232299736458
"corrected","M3","CV2",7,2,"Brau-2014",0.754000785467977
"corrected","M3","CV2",7,2,"Brau-2015",0.914700807031726
"corrected","M3","CV2",7,2,"Brau-2016",0.825111879463168
"original","M2","CV1",8,2,"Aber-2015",0.762206820841736
"original","M2","CV1",8,2,"Aber-2016",0.626726548715936
"original","M2","CV1",8,2,"Brau-2014",0.612512854191994
"original","M2","CV1",8,2,"Brau-2015",0.584517459391297
"original","M2","CV1",8,2,"Brau-2016",0.661931074450909
"corrected","M2","CV1",8,2,"Aber-2015",0.756722710553387
"corrected","M2","CV1",8,2,"Aber-2016",0.622150897973686
"corrected","M2","CV1",8,2,"Brau-2014",0.602306307944691
"corrected","M2","CV1",8,2,"Brau-2015",0.562162178442483
"corrected","M2","CV1",8,2,"Brau-2016",0.645751455512112
"original","M3","CV1",8,2,"Aber-2015",0.726009337433971
"original","M3","CV1",8,2,"Aber-2016",0.653504155890046
"original","M3","CV1",8,2,"Brau-2014",0.601212233667091
"original","M3","CV1",8,2,"Brau-2015",0.604842745929027
"original","M3","CV1",8,2,"Brau-2016",0.462299583153116
"corrected","M3","CV1",8,2,"Aber-2015",0.728422349981729
"corrected","M3","CV1",8,2,"Aber-2016",0.650077278970843
"corrected","M3","CV1",8,2,"Brau-2014",0.655036764310629
"corrected","M3","CV1",8,2,"Brau-2015",0.623816661694204
"corrected","M3","CV1",8,2,"Brau-2016",0.50833489652735
"original","M2","CV2",8,2,"Aber-2015",0.882811041566502
"original","M2","CV2",8,2,"Aber-2016",0.800994587050804
"original","M2","CV2",8,2,"Brau-2014",0.481842745240244
"original","M2","CV2",8,2,"Brau-2015",0.555251163996704
"original","M2","CV2",8,2,"Brau-2016",0.693388326423487
"corrected","M2","CV2",8,2,"Aber-2015",0.88141860012894
"corrected","M2","CV2",8,2,"Aber-2016",0.796008404497425
"corrected","M2","CV2",8,2,"Brau-2014",0.488952380563625
"corrected","M2","CV2",8,2,"Brau-2015",0.559118811346908
"corrected","M2","CV2",8,2,"Brau-2016",0.692703656072448
"original","M3","CV2",8,2,"Aber-2015",0.919687240569945
"original","M3","CV2",8,2,"Aber-2016",0.755365112878295
"original","M3","CV2",8,2,"Brau-2014",0.582712128068864
"original","M3","CV2",8,2,"Brau-2015",0.56734926187573
"original","M3","CV2",8,2,"Brau-2016",0.691712137423993
"corrected","M3","CV2",8,2,"Aber-2015",0.919730389003908
"corrected","M3","CV2",8,2,"Aber-2016",0.758925273447173
"corrected","M3","CV2",8,2,"Brau-2014",0.578052474906825
"corrected","M3","CV2",8,2,"Brau-2015",0.570996249878612
"corrected","M3","CV2",8,2,"Brau-2016",0.696512053045098
"original","M2","CV1",9,2,"Aber-2015",0.372629963151174
"original","M2","CV1",9,2,"Aber-2016",0.37833467922558
"original","M2","CV1",9,2,"Brau-2014",0.360974702129348
"original","M2","CV1",9,2,"Brau-2015",0.589868375225385
"original","M2","CV1",9,2,"Brau-2016",0.367636014021047
"corrected","M2","CV1",9,2,"Aber-2015",0.388274397436814
"corrected","M2","CV1",9,2,"Aber-2016",0.39985700541648
"corrected","M2","CV1",9,2,"Brau-2014",0.369246963328266
"corrected","M2","CV1",9,2,"Brau-2015",0.602793139777739
"corrected","M2","CV1",9,2,"Brau-2016",0.388975164671838
"original","M3","CV1",9,2,"Aber-2015",0.480707909673559
"original","M3","CV1",9,2,"Aber-2016",0.463813045678683
"original","M3","CV1",9,2,"Brau-2014",0.405569593676856
"original","M3","CV1",9,2,"Brau-2015",0.588737936495565
"original","M3","CV1",9,2,"Brau-2016",0.413481634465915
"corrected","M3","CV1",9,2,"Aber-2015",0.476420590365902
"corrected","M3","CV1",9,2,"Aber-2016",0.456996087652172
"corrected","M3","CV1",9,2,"Brau-2014",0.388608502825626
"corrected","M3","CV1",9,2,"Brau-2015",0.568756622951699
"corrected","M3","CV1",9,2,"Brau-2016",0.401624234645857
"original","M2","CV2",9,2,"Aber-2015",0.774005323453752
"original","M2","CV2",9,2,"Aber-2016",0.72169034959175
"original","M2","CV2",9,2,"Brau-2014",0.528117772107791
"original","M2","CV2",9,2,"Brau-2015",0.681438462444771
"original","M2","CV2",9,2,"Brau-2016",0.37235716537491
"corrected","M2","CV2",9,2,"Aber-2015",0.773211203467435
"corrected","M2","CV2",9,2,"Aber-2016",0.722015745282675
"corrected","M2","CV2",9,2,"Brau-2014",0.533121971194641
"corrected","M2","CV2",9,2,"Brau-2015",0.681282890617062
"corrected","M2","CV2",9,2,"Brau-2016",0.365417451455046
"original","M3","CV2",9,2,"Aber-2015",0.777380498605685
"original","M3","CV2",9,2,"Aber-2016",0.690373805044495
"original","M3","CV2",9,2,"Brau-2014",0.615238904900076
"original","M3","CV2",9,2,"Brau-2015",0.693322518133656
"original","M3","CV2",9,2,"Brau-2016",0.277527030658898
"corrected","M3","CV2",9,2,"Aber-2015",0.794903577483363
"corrected","M3","CV2",9,2,"Aber-2016",0.687035539175905
"corrected","M3","CV2",9,2,"Brau-2014",0.629726210675305
"corrected","M3","CV2",9,2,"Brau-2015",0.691827221590207
"corrected","M3","CV2",9,2,"Brau-2016",0.302143403408351
"original","M2","CV1",10,2,"Aber-2015",0.661070760457181
"original","M2","CV1",10,2,"Aber-2016",0.607199583041339
"original","M2","CV1",10,2,"Brau-2014",0.657781205521544
"original","M2","CV1",10,2,"Brau-2015",0.557432735717411
"original","M2","CV1",10,2,"Brau-2016",0.359101646607766
"corrected","M2","CV1",10,2,"Aber-2015",0.657825466680227
"corrected","M2","CV1",10,2,"Aber-2016",0.599386312389398
"corrected","M2","CV1",10,2,"Brau-2014",0.649004074506015
"corrected","M2","CV1",10,2,"Brau-2015",0.545381360228926
"corrected","M2","CV1",10,2,"Brau-2016",0.339871350099459
"original","M3","CV1",10,2,"Aber-2015",0.650807339516809
"original","M3","CV1",10,2,"Aber-2016",0.635739955963464
"original","M3","CV1",10,2,"Brau-2014",0.743256187949113
"original","M3","CV1",10,2,"Brau-2015",0.584550520865665
"original","M3","CV1",10,2,"Brau-2016",0.388765565883085
"corrected","M3","CV1",10,2,"Aber-2015",0.645591012782292
"corrected","M3","CV1",10,2,"Aber-2016",0.623123421918819
"corrected","M3","CV1",10,2,"Brau-2014",0.7604419346333
"corrected","M3","CV1",10,2,"Brau-2015",0.577169011498445
"corrected","M3","CV1",10,2,"Brau-2016",0.388089378362182
"original","M2","CV2",10,2,"Aber-2015",0.614431861530413
"original","M2","CV2",10,2,"Aber-2016",0.881282473959712
"original","M2","CV2",10,2,"Brau-2014",0.703651699001869
"original","M2","CV2",10,2,"Brau-2015",0.743760310553797
"original","M2","CV2",10,2,"Brau-2016",0.556406221409888
"corrected","M2","CV2",10,2,"Aber-2015",0.626467888427048
"corrected","M2","CV2",10,2,"Aber-2016",0.884439989547633
"corrected","M2","CV2",10,2,"Brau-2014",0.705012633488289
"corrected","M2","CV2",10,2,"Brau-2015",0.745461590382341
"corrected","M2","CV2",10,2,"Brau-2016",0.566665026973146
"original","M3","CV2",10,2,"Aber-2015",0.705089280774967
"original","M3","CV2",10,2,"Aber-2016",0.884736063325102
"original","M3","CV2",10,2,"Brau-2014",0.752878577348136
"original","M3","CV2",10,2,"Brau-2015",0.747699780014792
"original","M3","CV2",10,2,"Brau-2016",0.457893579456776
"corrected","M3","CV2",10,2,"Aber-2015",0.696224797002805
"corrected","M3","CV2",10,2,"Aber-2016",0.888166008276059
"corrected","M3","CV2",10,2,"Brau-2014",0.745294880898946
"corrected","M3","CV2",10,2,"Brau-2015",0.738908874882889
"corrected","M3","CV2",10,2,"Brau-2016",0.494676856838752
"original","M2","CV1",1,3,"Aber-2015",0.269861639383736
"original","M2","CV1",1,3,"Aber-2016",0.0352299922847914
"original","M2","CV1",1,3,"Brau-2014",-0.264927060950112
"original","M2","CV1",1,3,"Brau-2015",0.220670998112811
"original","M2","CV1",1,3,"Brau-2016",0.263861722144424
"corrected","M2","CV1",1,3,"Aber-2015",0.293694418190669
"corrected","M2","CV1",1,3,"Aber-2016",0.0656983292026064
"corrected","M2","CV1",1,3,"Brau-2014",-0.297539952647733
"corrected","M2","CV1",1,3,"Brau-2015",0.221273241229078
"corrected","M2","CV1",1,3,"Brau-2016",0.220442915276971
"original","M3","CV1",1,3,"Aber-2015",0.32919341468108
"original","M3","CV1",1,3,"Aber-2016",0.205298971249043
"original","M3","CV1",1,3,"Brau-2014",0.474623640175313
"original","M3","CV1",1,3,"Brau-2015",0.310880627325877
"original","M3","CV1",1,3,"Brau-2016",0.454406902088498
"corrected","M3","CV1",1,3,"Aber-2015",0.385240522131887
"corrected","M3","CV1",1,3,"Aber-2016",0.209271069669076
"corrected","M3","CV1",1,3,"Brau-2014",0.514246135408348
"corrected","M3","CV1",1,3,"Brau-2015",0.280340462449546
"corrected","M3","CV1",1,3,"Brau-2016",0.470736490640858
"original","M2","CV2",1,3,"Aber-2015",0.693425943366104
"original","M2","CV2",1,3,"Aber-2016",0.833180051100048
"original","M2","CV2",1,3,"Brau-2014",0.509675287012432
"original","M2","CV2",1,3,"Brau-2015",0.62213934051595
"original","M2","CV2",1,3,"Brau-2016",0.153246596026781
"corrected","M2","CV2",1,3,"Aber-2015",0.687961869836193
"corrected","M2","CV2",1,3,"Aber-2016",0.831930125806919
"corrected","M2","CV2",1,3,"Brau-2014",0.51075602451641
"corrected","M2","CV2",1,3,"Brau-2015",0.615978588374028
"corrected","M2","CV2",1,3,"Brau-2016",0.150852783202788
"original","M3","CV2",1,3,"Aber-2015",0.729382553766852
"original","M3","CV2",1,3,"Aber-2016",0.827161543194664
"original","M3","CV2",1,3,"Brau-2014",0.648626311627805
"original","M3","CV2",1,3,"Brau-2015",0.662706313058849
"original","M3","CV2",1,3,"Brau-2016",0.184790297799819
"corrected","M3","CV2",1,3,"Aber-2015",0.71704803044597
"corrected","M3","CV2",1,3,"Aber-2016",0.82747806431766
"corrected","M3","CV2",1,3,"Brau-2014",0.657073844433512
"corrected","M3","CV2",1,3,"Brau-2015",0.658023628953661
"corrected","M3","CV2",1,3,"Brau-2016",0.186105141343056
"original","M2","CV1",2,3,"Aber-2015",0.631592338630782
"original","M2","CV1",2,3,"Aber-2016",0.475039931849398
"original","M2","CV1",2,3,"Brau-2014",0.591420464427143
"original","M2","CV1",2,3,"Brau-2015",0.644220894951108
"original","M2","CV1",2,3,"Brau-2016",0.594275467371964
"corrected","M2","CV1",2,3,"Aber-2015",0.634507020988667
"corrected","M2","CV1",2,3,"Aber-2016",0.470462315311263
"corrected","M2","CV1",2,3,"Brau-2014",0.60206975220011
"corrected","M2","CV1",2,3,"Brau-2015",0.644614881638804
"corrected","M2","CV1",2,3,"Brau-2016",0.594995201971621
"original","M3","CV1",2,3,"Aber-2015",0.585068562316249
"original","M3","CV1",2,3,"Aber-2016",0.492075999798565
"original","M3","CV1",2,3,"Brau-2014",0.544547331429296
"original","M3","CV1",2,3,"Brau-2015",0.554805743125778
"original","M3","CV1",2,3,"Brau-2016",0.416673268039625
"corrected","M3","CV1",2,3,"Aber-2015",0.598281456250239
"corrected","M3","CV1",2,3,"Aber-2016",0.483427151397576
"corrected","M3","CV1",2,3,"Brau-2014",0.562960170082594
"corrected","M3","CV1",2,3,"Brau-2015",0.562814964051082
"corrected","M3","CV1",2,3,"Brau-2016",0.421361081112087
"original","M2","CV2",2,3,"Aber-2015",0.726775699045334
"original","M2","CV2",2,3,"Aber-2016",0.74108654650344
"original","M2","CV2",2,3,"Brau-2014",0.761727789576723
"original","M2","CV2",2,3,"Brau-2015",0.774101986438572
"original","M2","CV2",2,3,"Brau-2016",0.841656782175525
"corrected","M2","CV2",2,3,"Aber-2015",0.723107083467416
"corrected","M2","CV2",2,3,"Aber-2016",0.744416709789489
"corrected","M2","CV2",2,3,"Brau-2014",0.760860260724964
"corrected","M2","CV2",2,3,"Brau-2015",0.771740531021925
"corrected","M2","CV2",2,3,"Brau-2016",0.839812943807169
"original","M3","CV2",2,3,"Aber-2015",0.808959845961998
"original","M3","CV2",2,3,"Aber-2016",0.7535613000594
"original","M3","CV2",2,3,"Brau-2014",0.812793907426681
"original","M3","CV2",2,3,"Brau-2015",0.785322210750373
"original","M3","CV2",2,3,"Brau-2016",0.878973115193734
"corrected","M3","CV2",2,3,"Aber-2015",0.800148747008434
"corrected","M3","CV2",2,3,"Aber-2016",0.761112263597886
"corrected","M3","CV2",2,3,"Brau-2014",0.826357612770704
"corrected","M3","CV2",2,3,"Brau-2015",0.783486771866326
"corrected","M3","CV2",2,3,"Brau-2016",0.878426406261287
"original","M2","CV1",3,3,"Aber-2015",0.461572532886767
"original","M2","CV1",3,3,"Aber-2016",0.145734541088593
"original","M2","CV1",3,3,"Brau-2014",0.298762400872032
"original","M2","CV1",3,3,"Brau-2015",-0.126494867147662
"original","M2","CV1",3,3,"Brau-2016",-0.551278951711517
"corrected","M2","CV1",3,3,"Aber-2015",0.46820383810084
"corrected","M2","CV1",3,3,"Aber-2016",0.144915804883305
"corrected","M2","CV1",3,3,"Brau-2014",0.289893031167903
"corrected","M2","CV1",3,3,"Brau-2015",-0.131824230486929
"corrected","M2","CV1",3,3,"Brau-2016",-0.558712228632971
"original","M3","CV1",3,3,"Aber-2015",0.552564400582397
"original","M3","CV1",3,3,"Aber-2016",0.261991357815746
"original","M3","CV1",3,3,"Brau-2014",0.583937315344946
"original","M3","CV1",3,3,"Brau-2015",-0.105265135289862
"original","M3","CV1",3,3,"Brau-2016",-0.492842402135226
"corrected","M3","CV1",3,3,"Aber-2015",0.549585738738788
"corrected","M3","CV1",3,3,"Aber-2016",0.262279340986361
"corrected","M3","CV1",3,3,"Brau-2014",0.575943345152436
"corrected","M3","CV1",3,3,"Brau-2015",-0.069971550941438
"corrected","M3","CV1",3,3,"Brau-2016",-0.507824316922226
"original","M2","CV2",3,3,"Aber-2015",0.70378549530945
"original","M2","CV2",3,3,"Aber-2016",0.796214340537047
"original","M2","CV2",3,3,"Brau-2014",0.678662402124582
"original","M2","CV2",3,3,"Brau-2015",0.632401338986726
"original","M2","CV2",3,3,"Brau-2016",0.738964958578963
"corrected","M2","CV2",3,3,"Aber-2015",0.699836448474894
"corrected","M2","CV2",3,3,"Aber-2016",0.796584272723155
"corrected","M2","CV2",3,3,"Brau-2014",0.68346669492045
"corrected","M2","CV2",3,3,"Brau-2015",0.641327116710443
"corrected","M2","CV2",3,3,"Brau-2016",0.737710717933661
"original","M3","CV2",3,3,"Aber-2015",0.804889170168217
"original","M3","CV2",3,3,"Aber-2016",0.84027499893967
"original","M3","CV2",3,3,"Brau-2014",0.779095675705358
"original","M3","CV2",3,3,"Brau-2015",0.639463615483577
"original","M3","CV2",3,3,"Brau-2016",0.785887968226871
"corrected","M3","CV2",3,3,"Aber-2015",0.804299669504695
"corrected","M3","CV2",3,3,"Aber-2016",0.84054359346779
"corrected","M3","CV2",3,3,"Brau-2014",0.78470472959427
"corrected","M3","CV2",3,3,"Brau-2015",0.671535292597213
"corrected","M3","CV2",3,3,"Brau-2016",0.785013882617047
"original","M2","CV1",4,3,"Aber-2015",0.840403823321487
"original","M2","CV1",4,3,"Aber-2016",0.649921108437571
"original","M2","CV1",4,3,"Brau-2014",0.862393313910803
"original","M2","CV1",4,3,"Brau-2015",0.703788587032492
"original","M2","CV1",4,3,"Brau-2016",0.61331898243018
"corrected","M2","CV1",4,3,"Aber-2015",0.831565187973941
"corrected","M2","CV1",4,3,"Aber-2016",0.635079867741551
"corrected","M2","CV1",4,3,"Brau-2014",0.85624255546615
"corrected","M2","CV1",4,3,"Brau-2015",0.692015391691458
"corrected","M2","CV1",4,3,"Brau-2016",0.598595313051327
"original","M3","CV1",4,3,"Aber-2015",0.721781383202152
"original","M3","CV1",4,3,"Aber-2016",0.59301699072107
"original","M3","CV1",4,3,"Brau-2014",0.860482789436633
"original","M3","CV1",4,3,"Brau-2015",0.757583799173193
"original","M3","CV1",4,3,"Brau-2016",0.458149787894141
"corrected","M3","CV1",4,3,"Aber-2015",0.711250356485556
"corrected","M3","CV1",4,3,"Aber-2016",0.601023885455607
"corrected","M3","CV1",4,3,"Brau-2014",0.854327044007281
"corrected","M3","CV1",4,3,"Brau-2015",0.766825758379115
"corrected","M3","CV1",4,3,"Brau-2016",0.441354901617525
"original","M2","CV2",4,3,"Aber-2015",0.826187045116456
"original","M2","CV2",4,3,"Aber-2016",0.605087553851218
"original","M2","CV2",4,3,"Brau-2014",0.526959194505441
"original","M2","CV2",4,3,"Brau-2015",0.786459038450895
"original","M2","CV2",4,3,"Brau-2016",0.800794043878112
"corrected","M2","CV2",4,3,"Aber-2015",0.820665501621233
"corrected","M2","CV2",4,3,"Aber-2016",0.606687682122134
"corrected","M2","CV2",4,3,"Brau-2014",0.52408915256522
"corrected","M2","CV2",4,3,"Brau-2015",0.787455536348562
"corrected","M2","CV2",4,3,"Brau-2016",0.797234066819798
"original","M3","CV2",4,3,"Aber-2015",0.896994887351905
"original","M3","CV2",4,3,"Aber-2016",0.465925853403406
"original","M3","CV2",4,3,"Brau-2014",0.614152611038293
"original","M3","CV2",4,3,"Brau-2015",0.804391791821476
"original","M3","CV2",4,3,"Brau-2016",0.808418743162602
"corrected","M3","CV2",4,3,"Aber-2015",0.900655565396104
"corrected","M3","CV2",4,3,"Aber-2016",0.450045463655025
"corrected","M3","CV2",4,3,"Brau-2014",0.599393521634025
"corrected","M3","CV2",4,3,"Brau-2015",0.795835940237992
"corrected","M3","CV2",4,3,"Brau-2016",0.806492896393413
"original","M2","CV1",5,3,"Aber-2015",0.619410178027373
"original","M2","CV1",5,3,"Aber-2016",0.656016640590313
"original","M2","CV1",5,3,"Brau-2014",0.489933757106525
"original","M2","CV1",5,3,"Brau-2015",0.526438449341715
"original","M2","CV1",5,3,"Brau-2016",0.55392108739483
"corrected","M2","CV1",5,3,"Aber-2015",0.605902368025029
"corrected","M2","CV1",5,3,"Aber-2016",0.642456073266254
"corrected","M2","CV1",5,3,"Brau-2014",0.483279696407801
"corrected","M2","CV1",5,3,"Brau-2015",0.508338599553388
"corrected","M2","CV1",5,3,"Brau-2016",0.545864279494051
"original","M3","CV1",5,3,"Aber-2015",0.649318745431201
"original","M3","CV1",5,3,"Aber-2016",0.6711971270569
"original","M3","CV1",5,3,"Brau-2014",0.560238997923174
"original","M3","CV1",5,3,"Brau-2015",0.50388702263645
"original","M3","CV1",5,3,"Brau-2016",0.471157109030074
"corrected","M3","CV1",5,3,"Aber-2015",0.63901256297942
"corrected","M3","CV1",5,3,"Aber-2016",0.686132714444391
"corrected","M3","CV1",5,3,"Brau-2014",0.555054188685119
"corrected","M3","CV1",5,3,"Brau-2015",0.515778139809993
"corrected","M3","CV1",5,3,"Brau-2016",0.486451530008873
"original","M2","CV2",5,3,"Aber-2015",0.798751510764729
"original","M2","CV2",5,3,"Aber-2016",0.790785970283185
"original","M2","CV2",5,3,"Brau-2014",0.580300979499959
"original","M2","CV2",5,3,"Brau-2015",0.625746422921967
"original","M2","CV2",5,3,"Brau-2016",0.55737489177793
"corrected","M2","CV2",5,3,"Aber-2015",0.799518312155838
"corrected","M2","CV2",5,3,"Aber-2016",0.787171498956383
"corrected","M2","CV2",5,3,"Brau-2014",0.587093830165936
"corrected","M2","CV2",5,3,"Brau-2015",0.628224742538127
"corrected","M2","CV2",5,3,"Brau-2016",0.551133543539976
"original","M3","CV2",5,3,"Aber-2015",0.876410517881
"original","M3","CV2",5,3,"Aber-2016",0.840635771356228
"original","M3","CV2",5,3,"Brau-2014",0.636948995211607
"original","M3","CV2",5,3,"Brau-2015",0.664095308042354
"original","M3","CV2",5,3,"Brau-2016",0.595867677469897
"corrected","M3","CV2",5,3,"Aber-2015",0.877376598378253
"corrected","M3","CV2",5,3,"Aber-2016",0.843177601700094
"corrected","M3","CV2",5,3,"Brau-2014",0.646676816192813
"corrected","M3","CV2",5,3,"Brau-2015",0.66627813473755
"corrected","M3","CV2",5,3,"Brau-2016",0.590570350634558
"original","M2","CV1",6,3,"Aber-2015",0.712649484452687
"original","M2","CV1",6,3,"Aber-2016",0.651023997774854
"original","M2","CV1",6,3,"Brau-2014",0.707123625017819
"original","M2","CV1",6,3,"Brau-2015",0.70465293418159
"original","M2","CV1",6,3,"Brau-2016",0.475240930581842
"corrected","M2","CV1",6,3,"Aber-2015",0.701378142721342
"corrected","M2","CV1",6,3,"Aber-2016",0.634329079743594
"corrected","M2","CV1",6,3,"Brau-2014",0.705211254913127
"corrected","M2","CV1",6,3,"Brau-2015",0.681830079449606
"corrected","M2","CV1",6,3,"Brau-2016",0.451729788992054
"original","M3","CV1",6,3,"Aber-2015",0.752843141877148
"original","M3","CV1",6,3,"Aber-2016",0.728611656622416
"original","M3","CV1",6,3,"Brau-2014",0.799029725769025
"original","M3","CV1",6,3,"Brau-2015",0.667402240284135
"original","M3","CV1",6,3,"Brau-2016",0.527133483122583
"corrected","M3","CV1",6,3,"Aber-2015",0.755326100378617
"corrected","M3","CV1",6,3,"Aber-2016",0.712273516025006
"corrected","M3","CV1",6,3,"Brau-2014",0.811676071992344
"corrected","M3","CV1",6,3,"Brau-2015",0.692397412479881
"corrected","M3","CV1",6,3,"Brau-2016",0.518955283671876
"original","M2","CV2",6,3,"Aber-2015",0.890685629930302
"original","M2","CV2",6,3,"Aber-2016",0.571751745097627
"original","M2","CV2",6,3,"Brau-2014",0.764038156116757
"original","M2","CV2",6,3,"Brau-2015",0.812471387528001
"original","M2","CV2",6,3,"Brau-2016",0.481982294102374
"corrected","M2","CV2",6,3,"Aber-2015",0.892817798846114
"corrected","M2","CV2",6,3,"Aber-2016",0.577444527080738
"corrected","M2","CV2",6,3,"Brau-2014",0.76745303354598
"corrected","M2","CV2",6,3,"Brau-2015",0.813990330524921
"corrected","M2","CV2",6,3,"Brau-2016",0.478527848998273
"original","M3","CV2",6,3,"Aber-2015",0.912535990145315
"original","M3","CV2",6,3,"Aber-2016",0.60590029009629
"original","M3","CV2",6,3,"Brau-2014",0.837680061764667
"original","M3","CV2",6,3,"Brau-2015",0.827311079669166
"original","M3","CV2",6,3,"Brau-2016",0.580183941383602
"corrected","M3","CV2",6,3,"Aber-2015",0.90897407969968
"corrected","M3","CV2",6,3,"Aber-2016",0.610048269767577
"corrected","M3","CV2",6,3,"Brau-2014",0.833648787005934
"corrected","M3","CV2",6,3,"Brau-2015",0.823752570589185
"corrected","M3","CV2",6,3,"Brau-2016",0.545168384801478
"original","M2","CV1",7,3,"Aber-2015",0.686929633828247
"original","M2","CV1",7,3,"Aber-2016",0.497513828984402
"original","M2","CV1",7,3,"Brau-2014",0.604706467306996
"original","M2","CV1",7,3,"Brau-2015",0.646581765525138
"original","M2","CV1",7,3,"Brau-2016",0.353687434507415
"corrected","M2","CV1",7,3,"Aber-2015",0.692051779843101
"corrected","M2","CV1",7,3,"Aber-2016",0.503836327845383
"corrected","M2","CV1",7,3,"Brau-2014",0.6014755476042
"corrected","M2","CV1",7,3,"Brau-2015",0.644649789315068
"corrected","M2","CV1",7,3,"Brau-2016",0.358231257071062
"original","M3","CV1",7,3,"Aber-2015",0.689874064860632
"original","M3","CV1",7,3,"Aber-2016",0.470993824263284
"original","M3","CV1",7,3,"Brau-2014",0.666463788810565
"original","M3","CV1",7,3,"Brau-2015",0.683827638147788
"original","M3","CV1",7,3,"Brau-2016",0.299557961450401
"corrected","M3","CV1",7,3,"Aber-2015",0.690035989464727
"corrected","M3","CV1",7,3,"Aber-2016",0.464935836267566
"corrected","M3","CV1",7,3,"Brau-2014",0.702007813116252
"corrected","M3","CV1",7,3,"Brau-2015",0.673517732005299
"corrected","M3","CV1",7,3,"Brau-2016",0.288224428428068
"original","M2","CV2",7,3,"Aber-2015",0.70437601750308
"original","M2","CV2",7,3,"Aber-2016",0.779332536475375
"original","M2","CV2",7,3,"Brau-2014",0.413616400798683
"original","M2","CV2",7,3,"Brau-2015",0.807079419716457
"original","M2","CV2",7,3,"Brau-2016",0.820841065382214
"corrected","M2","CV2",7,3,"Aber-2015",0.706252546217274
"corrected","M2","CV2",7,3,"Aber-2016",0.783687704612978
"corrected","M2","CV2",7,3,"Brau-2014",0.417992062806941
"corrected","M2","CV2",7,3,"Brau-2015",0.809106435381489
"corrected","M2","CV2",7,3,"Brau-2016",0.81672303015252
"original","M3","CV2",7,3,"Aber-2015",0.67689001844455
"original","M3","CV2",7,3,"Aber-2016",0.794599134379967
"original","M3","CV2",7,3,"Brau-2014",0.51549425554728
"original","M3","CV2",7,3,"Brau-2015",0.824447031072092
"original","M3","CV2",7,3,"Brau-2016",0.787999916312844
"corrected","M3","CV2",7,3,"Aber-2015",0.671501630947742
"corrected","M3","CV2",7,3,"Aber-2016",0.790358449358441
"corrected","M3","CV2",7,3,"Brau-2014",0.520617684388227
"corrected","M3","CV2",7,3,"Brau-2015",0.827366925352483
"corrected","M3","CV2",7,3,"Brau-2016",0.786572125790707
"original","M2","CV1",8,3,"Aber-2015",0.801061250488139
"original","M2","CV1",8,3,"Aber-2016",0.582738642837619
"original","M2","CV1",8,3,"Brau-2014",0.677435966635915
"original","M2","CV1",8,3,"Brau-2015",0.3410728559986
"original","M2","CV1",8,3,"Brau-2016",0.284844202258883
"corrected","M2","CV1",8,3,"Aber-2015",0.806868183122729
"corrected","M2","CV1",8,3,"Aber-2016",0.58890187937823
"corrected","M2","CV1",8,3,"Brau-2014",0.68527221796213
"corrected","M2","CV1",8,3,"Brau-2015",0.35062375782828
"corrected","M2","CV1",8,3,"Brau-2016",0.282432307393779
"original","M3","CV1",8,3,"Aber-2015",0.775287437498942
"original","M3","CV1",8,3,"Aber-2016",0.564381062069789
"original","M3","CV1",8,3,"Brau-2014",0.801489036048888
"original","M3","CV1",8,3,"Brau-2015",0.411656441370241
"original","M3","CV1",8,3,"Brau-2016",0.397736689661263
"corrected","M3","CV1",8,3,"Aber-2015",0.77773594184
"corrected","M3","CV1",8,3,"Aber-2016",0.529151246545913
"corrected","M3","CV1",8,3,"Brau-2014",0.807002411476615
"corrected","M3","CV1",8,3,"Brau-2015",0.377151704732452
"corrected","M3","CV1",8,3,"Brau-2016",0.395920344148833
"original","M2","CV2",8,3,"Aber-2015",0.725926626213155
"original","M2","CV2",8,3,"Aber-2016",0.835458817753777
"original","M2","CV2",8,3,"Brau-2014",0.685377663579909
"original","M2","CV2",8,3,"Brau-2015",0.788689458247898
"original","M2","CV2",8,3,"Brau-2016",0.793501834900821
"corrected","M2","CV2",8,3,"Aber-2015",0.725599232862975
"corrected","M2","CV2",8,3,"Aber-2016",0.835899276091479
"corrected","M2","CV2",8,3,"Brau-2014",0.685944999002993
"corrected","M2","CV2",8,3,"Brau-2015",0.786144184478553
"corrected","M2","CV2",8,3,"Brau-2016",0.791823105635311
"original","M3","CV2",8,3,"Aber-2015",0.834347313008845
"original","M3","CV2",8,3,"Aber-2016",0.832351818419504
"original","M3","CV2",8,3,"Brau-2014",0.711881706350107
"original","M3","CV2",8,3,"Brau-2015",0.815263096441508
"original","M3","CV2",8,3,"Brau-2016",0.752044291196541
"corrected","M3","CV2",8,3,"Aber-2015",0.840665211813908
"corrected","M3","CV2",8,3,"Aber-2016",0.84032450302817
"corrected","M3","CV2",8,3,"Brau-2014",0.730116165159122
"corrected","M3","CV2",8,3,"Brau-2015",0.808906894369107
"corrected","M3","CV2",8,3,"Brau-2016",0.744624308494038
"original","M2","CV1",9,3,"Aber-2015",0.665802370612859
"original","M2","CV1",9,3,"Aber-2016",0.480379564003053
"original","M2","CV1",9,3,"Brau-2014",0.684318496880764
"original","M2","CV1",9,3,"Brau-2015",0.568231842110179
"original","M2","CV1",9,3,"Brau-2016",0.325798853521558
"corrected","M2","CV1",9,3,"Aber-2015",0.662309272245695
"corrected","M2","CV1",9,3,"Aber-2016",0.475934459496046
"corrected","M2","CV1",9,3,"Brau-2014",0.68480855502284
"corrected","M2","CV1",9,3,"Brau-2015",0.577495644261936
"corrected","M2","CV1",9,3,"Brau-2016",0.31396639885953
"original","M3","CV1",9,3,"Aber-2015",0.61975119253406
"original","M3","CV1",9,3,"Aber-2016",0.469509845178281
"original","M3","CV1",9,3,"Brau-2014",0.692037887449094
"original","M3","CV1",9,3,"Brau-2015",0.675056254551574
"original","M3","CV1",9,3,"Brau-2016",0.390153749942312
"corrected","M3","CV1",9,3,"Aber-2015",0.619184270376811
"corrected","M3","CV1",9,3,"Aber-2016",0.458964124283457
"corrected","M3","CV1",9,3,"Brau-2014",0.717138277102126
"corrected","M3","CV1",9,3,"Brau-2015",0.677620670656437
"corrected","M3","CV1",9,3,"Brau-2016",0.380981455022361
"original","M2","CV2",9,3,"Aber-2015",0.595637160154534
"original","M2","CV2",9,3,"Aber-2016",0.566479450714048
"original","M2","CV2",9,3,"Brau-2014",0.776047027397981
"original","M2","CV2",9,3,"Brau-2015",0.782530083118808
"original","M2","CV2",9,3,"Brau-2016",0.651969372218588
"corrected","M2","CV2",9,3,"Aber-2015",0.595744845314067
"corrected","M2","CV2",9,3,"Aber-2016",0.560260711586192
"corrected","M2","CV2",9,3,"Brau-2014",0.77933519342989
"corrected","M2","CV2",9,3,"Brau-2015",0.782684809005758
"corrected","M2","CV2",9,3,"Brau-2016",0.65177407471623
"original","M3","CV2",9,3,"Aber-2015",0.692812661763989
"original","M3","CV2",9,3,"Aber-2016",0.654507022789997
"original","M3","CV2",9,3,"Brau-2014",0.821776794725246
"original","M3","CV2",9,3,"Brau-2015",0.77164569602001
"original","M3","CV2",9,3,"Brau-2016",0.670249062578057
"corrected","M3","CV2",9,3,"Aber-2015",0.701428319322789
"corrected","M3","CV2",9,3,"Aber-2016",0.638637303077869
"corrected","M3","CV2",9,3,"Brau-2014",0.82875773942754
"corrected","M3","CV2",9,3,"Brau-2015",0.778734649428823
"corrected","M3","CV2",9,3,"Brau-2016",0.661981112617675
"original","M2","CV1",10,3,"Aber-2015",0.721218817079982
"original","M2","CV1",10,3,"Aber-2016",0.711899370219808
"original","M2","CV1",10,3,"Brau-2014",0.414821512035957
"original","M2","CV1",10,3,"Brau-2015",0.662515265874584
"original","M2","CV1",10,3,"Brau-2016",0.542461421622799
"corrected","M2","CV1",10,3,"Aber-2015",0.713547570417428
"corrected","M2","CV1",10,3,"Aber-2016",0.704787072596616
"corrected","M2","CV1",10,3,"Brau-2014",0.416191063604247
"corrected","M2","CV1",10,3,"Brau-2015",0.665727425132003
"corrected","M2","CV1",10,3,"Brau-2016",0.546200797048386
"original","M3","CV1",10,3,"Aber-2015",0.600749149958934
"original","M3","CV1",10,3,"Aber-2016",0.671404865103008
"original","M3","CV1",10,3,"Brau-2014",0.64642536418588
"original","M3","CV1",10,3,"Brau-2015",0.721542686994146
"original","M3","CV1",10,3,"Brau-2016",0.663313685915904
"corrected","M3","CV1",10,3,"Aber-2015",0.625297477779354
"corrected","M3","CV1",10,3,"Aber-2016",0.655098789674656
"corrected","M3","CV1",10,3,"Brau-2014",0.649715093795075
"corrected","M3","CV1",10,3,"Brau-2015",0.722564962279582
"corrected","M3","CV1",10,3,"Brau-2016",0.687370698651915
"original","M2","CV2",10,3,"Aber-2015",0.925285585994798
"original","M2","CV2",10,3,"Aber-2016",0.606992665407633
"original","M2","CV2",10,3,"Brau-2014",0.188473586563345
"original","M2","CV2",10,3,"Brau-2015",0.490675589198556
"original","M2","CV2",10,3,"Brau-2016",0.446371626440577
"corrected","M2","CV2",10,3,"Aber-2015",0.923656684320349
"corrected","M2","CV2",10,3,"Aber-2016",0.606994328197182
"corrected","M2","CV2",10,3,"Brau-2014",0.184513825945283
"corrected","M2","CV2",10,3,"Brau-2015",0.48437052456981
"corrected","M2","CV2",10,3,"Brau-2016",0.443712733165862
"original","M3","CV2",10,3,"Aber-2015",0.871716431638596
"original","M3","CV2",10,3,"Aber-2016",0.612406976426819
"original","M3","CV2",10,3,"Brau-2014",0.387402474384143
"original","M3","CV2",10,3,"Brau-2015",0.494333106040105
"original","M3","CV2",10,3,"Brau-2016",0.332179067590006
"corrected","M3","CV2",10,3,"Aber-2015",0.87481944979513
"corrected","M3","CV2",10,3,"Aber-2016",0.616641168799211
"corrected","M3","CV2",10,3,"Brau-2014",0.403030863691499
"corrected","M3","CV2",10,3,"Brau-2015",0.509541045969235
"corrected","M3","CV2",10,3,"Brau-2016",0.331316455169319
"original","M2","CV1",1,4,"Aber-2015",0.500547800254729
"original","M2","CV1",1,4,"Aber-2016",0.270433972764229
"original","M2","CV1",1,4,"Brau-2014",0.467365550415
"original","M2","CV1",1,4,"Brau-2015",0.352526554908113
"original","M2","CV1",1,4,"Brau-2016",0.295522791120269
"corrected","M2","CV1",1,4,"Aber-2015",0.475124762180895
"corrected","M2","CV1",1,4,"Aber-2016",0.240180084060894
"corrected","M2","CV1",1,4,"Brau-2014",0.46341313472128
"corrected","M2","CV1",1,4,"Brau-2015",0.329892788628971
"corrected","M2","CV1",1,4,"Brau-2016",0.28308642227736
"original","M3","CV1",1,4,"Aber-2015",0.524608685124975
"original","M3","CV1",1,4,"Aber-2016",0.299488036364608
"original","M3","CV1",1,4,"Brau-2014",0.737742557303009
"original","M3","CV1",1,4,"Brau-2015",0.432061263483461
"original","M3","CV1",1,4,"Brau-2016",0.310217661294228
"corrected","M3","CV1",1,4,"Aber-2015",0.536692737656151
"corrected","M3","CV1",1,4,"Aber-2016",0.286780487287032
"corrected","M3","CV1",1,4,"Brau-2014",0.765262222680499
"corrected","M3","CV1",1,4,"Brau-2015",0.409677315903536
"corrected","M3","CV1",1,4,"Brau-2016",0.288774061477017
"original","M2","CV2",1,4,"Aber-2015",0.570816149817119
"original","M2","CV2",1,4,"Aber-2016",0.46068725096225
"original","M2","CV2",1,4,"Brau-2014",0.741022997455876
"original","M2","CV2",1,4,"Brau-2015",0.4615856067584
"original","M2","CV2",1,4,"Brau-2016",0.825494243809636
"corrected","M2","CV2",1,4,"Aber-2015",0.574708465975734
"corrected","M2","CV2",1,4,"Aber-2016",0.46267673885877
"corrected","M2","CV2",1,4,"Brau-2014",0.742257664794426
"corrected","M2","CV2",1,4,"Brau-2015",0.464011654265482
"corrected","M2","CV2",1,4,"Brau-2016",0.828103394347075
"original","M3","CV2",1,4,"Aber-2015",0.657452414737289
"original","M3","CV2",1,4,"Aber-2016",0.491638934256204
"original","M3","CV2",1,4,"Brau-2014",0.834421005170814
"original","M3","CV2",1,4,"Brau-2015",0.526549114630053
"original","M3","CV2",1,4,"Brau-2016",0.845883811048864
"corrected","M3","CV2",1,4,"Aber-2015",0.669364478523066
"corrected","M3","CV2",1,4,"Aber-2016",0.480609879114234
"corrected","M3","CV2",1,4,"Brau-2014",0.840128955694112
"corrected","M3","CV2",1,4,"Brau-2015",0.523193924692381
"corrected","M3","CV2",1,4,"Brau-2016",0.844698434951051
"original","M2","CV1",2,4,"Aber-2015",0.44918345552165
"original","M2","CV1",2,4,"Aber-2016",0.416097380479168
"original","M2","CV1",2,4,"Brau-2014",0.517751969924209
"original","M2","CV1",2,4,"Brau-2015",0.730088410958642
"original","M2","CV1",2,4,"Brau-2016",0.884325083646958
"corrected","M2","CV1",2,4,"Aber-2015",0.435332941243481
"corrected","M2","CV1",2,4,"Aber-2016",0.395413140911955
"corrected","M2","CV1",2,4,"Brau-2014",0.51473080314334
"corrected","M2","CV1",2,4,"Brau-2015",0.721527834237799
"corrected","M2","CV1",2,4,"Brau-2016",0.872799048723239
"original","M3","CV1",2,4,"Aber-2015",0.521447583272835
"original","M3","CV1",2,4,"Aber-2016",0.43329381425771
"original","M3","CV1",2,4,"Brau-2014",0.75036223746656
"original","M3","CV1",2,4,"Brau-2015",0.79520828529572
"original","M3","CV1",2,4,"Brau-2016",0.850815996420836
"corrected","M3","CV1",2,4,"Aber-2015",0.49747617941403
"corrected","M3","CV1",2,4,"Aber-2016",0.421193376497528
"corrected","M3","CV1",2,4,"Brau-2014",0.720394269536025
"corrected","M3","CV1",2,4,"Brau-2015",0.780489062541142
"corrected","M3","CV1",2,4,"Brau-2016",0.851286844653624
"original","M2","CV2",2,4,"Aber-2015",0.715085962446074
"original","M2","CV2",2,4,"Aber-2016",0.819807754763172
"original","M2","CV2",2,4,"Brau-2014",0.561186655195119
"original","M2","CV2",2,4,"Brau-2015",0.670238618498957
"original","M2","CV2",2,4,"Brau-2016",0.673938828859134
"corrected","M2","CV2",2,4,"Aber-2015",0.71403205934365
"corrected","M2","CV2",2,4,"Aber-2016",0.819996783383362
"corrected","M2","CV2",2,4,"Brau-2014",0.566093905172916
"corrected","M2","CV2",2,4,"Brau-2015",0.668907105584068
"corrected","M2","CV2",2,4,"Brau-2016",0.669386239355682
"original","M3","CV2",2,4,"Aber-2015",0.7711598964724
"original","M3","CV2",2,4,"Aber-2016",0.770749990397354
"original","M3","CV2",2,4,"Brau-2014",0.513859373532983
"original","M3","CV2",2,4,"Brau-2015",0.709819083593495
"original","M3","CV2",2,4,"Brau-2016",0.712614463963151
"corrected","M3","CV2",2,4,"Aber-2015",0.774711244083286
"corrected","M3","CV2",2,4,"Aber-2016",0.773837005119087
"corrected","M3","CV2",2,4,"Brau-2014",0.537037298533943
"corrected","M3","CV2",2,4,"Brau-2015",0.717353355900349
"corrected","M3","CV2",2,4,"Brau-2016",0.68120117874246
"original","M2","CV1",3,4,"Aber-2015",0.753435124443761
"original","M2","CV1",3,4,"Aber-2016",0.471888876904779
"original","M2","CV1",3,4,"Brau-2014",0.397563668583643
"original","M2","CV1",3,4,"Brau-2015",0.555019868800197
"original","M2","CV1",3,4,"Brau-2016",0.306230010213993
"corrected","M2","CV1",3,4,"Aber-2015",0.75607789961547
"corrected","M2","CV1",3,4,"Aber-2016",0.45690749385655
"corrected","M2","CV1",3,4,"Brau-2014",0.386407228096426
"corrected","M2","CV1",3,4,"Brau-2015",0.53995378139881
"corrected","M2","CV1",3,4,"Brau-2016",0.298885780691447
"original","M3","CV1",3,4,"Aber-2015",0.718225223708492
"original","M3","CV1",3,4,"Aber-2016",0.491845653505902
"original","M3","CV1",3,4,"Brau-2014",0.425857368246471
"original","M3","CV1",3,4,"Brau-2015",0.625838078104431
"original","M3","CV1",3,4,"Brau-2016",0.304781398047437
"corrected","M3","CV1",3,4,"Aber-2015",0.721704569624283
"corrected","M3","CV1",3,4,"Aber-2016",0.501684185522304
"corrected","M3","CV1",3,4,"Brau-2014",0.437076374466149
"corrected","M3","CV1",3,4,"Brau-2015",0.624050080662246
"corrected","M3","CV1",3,4,"Brau-2016",0.324571923145105
"original","M2","CV2",3,4,"Aber-2015",0.51855634990496
"original","M2","CV2",3,4,"Aber-2016",0.537054164100833
"original","M2","CV2",3,4,"Brau-2014",0.282453440996014
"original","M2","CV2",3,4,"Brau-2015",0.565535119916438
"original","M2","CV2",3,4,"Brau-2016",0.671391355355465
"corrected","M2","CV2",3,4,"Aber-2015",0.522549703202296
"corrected","M2","CV2",3,4,"Aber-2016",0.538711946829935
"corrected","M2","CV2",3,4,"Brau-2014",0.297805522614002
"corrected","M2","CV2",3,4,"Brau-2015",0.562979718446048
"corrected","M2","CV2",3,4,"Brau-2016",0.668357379754665
"original","M3","CV2",3,4,"Aber-2015",0.605182082127096
"original","M3","CV2",3,4,"Aber-2016",0.556604593120716
"original","M3","CV2",3,4,"Brau-2014",0.408921773941337
"original","M3","CV2",3,4,"Brau-2015",0.589927140908756
"original","M3","CV2",3,4,"Brau-2016",0.679913925899846
"corrected","M3","CV2",3,4,"Aber-2015",0.602399939435855
"corrected","M3","CV2",3,4,"Aber-2016",0.536242180993462
"corrected","M3","CV2",3,4,"Brau-2014",0.422220368953912
"corrected","M3","CV2",3,4,"Brau-2015",0.587937301746537
"corrected","M3","CV2",3,4,"Brau-2016",0.680116912986243
"original","M2","CV1",4,4,"Aber-2015",0.57253538523552
"original","M2","CV1",4,4,"Aber-2016",0.289813184614019
"original","M2","CV1",4,4,"Brau-2014",0.378859799420005
"original","M2","CV1",4,4,"Brau-2015",0.557502227640892
"original","M2","CV1",4,4,"Brau-2016",0.464313789950635
"corrected","M2","CV1",4,4,"Aber-2015",0.575479198407621
"corrected","M2","CV1",4,4,"Aber-2016",0.301499675595094
"corrected","M2","CV1",4,4,"Brau-2014",0.390768090738251
"corrected","M2","CV1",4,4,"Brau-2015",0.565357404974608
"corrected","M2","CV1",4,4,"Brau-2016",0.484507014493124
"original","M3","CV1",4,4,"Aber-2015",0.568691585605584
"original","M3","CV1",4,4,"Aber-2016",0.25815655376443
"original","M3","CV1",4,4,"Brau-2014",0.562953405417892
"original","M3","CV1",4,4,"Brau-2015",0.601241777279815
"original","M3","CV1",4,4,"Brau-2016",0.603881426665048
"corrected","M3","CV1",4,4,"Aber-2015",0.577478744111427
"corrected","M3","CV1",4,4,"Aber-2016",0.288184572060883
"corrected","M3","CV1",4,4,"Brau-2014",0.570088662640067
"corrected","M3","CV1",4,4,"Brau-2015",0.596879543047045
"corrected","M3","CV1",4,4,"Brau-2016",0.595049601805839
"original","M2","CV2",4,4,"Aber-2015",0.825383836876032
"original","M2","CV2",4,4,"Aber-2016",0.738526163683645
"original","M2","CV2",4,4,"Brau-2014",0.858288079774061
"original","M2","CV2",4,4,"Brau-2015",0.553920252100726
"original","M2","CV2",4,4,"Brau-2016",0.802785698452442
"corrected","M2","CV2",4,4,"Aber-2015",0.823226168613083
"corrected","M2","CV2",4,4,"Aber-2016",0.737992838565294
"corrected","M2","CV2",4,4,"Brau-2014",0.859511827137803
"corrected","M2","CV2",4,4,"Brau-2015",0.553711679683862
"corrected","M2","CV2",4,4,"Brau-2016",0.806608262313015
"original","M3","CV2",4,4,"Aber-2015",0.849051478929448
"original","M3","CV2",4,4,"Aber-2016",0.715974410759398
"original","M3","CV2",4,4,"Brau-2014",0.853930594294469
"original","M3","CV2",4,4,"Brau-2015",0.614440441050456
"original","M3","CV2",4,4,"Brau-2016",0.800920888421771
"corrected","M3","CV2",4,4,"Aber-2015",0.847615296767145
"corrected","M3","CV2",4,4,"Aber-2016",0.724026940506994
"corrected","M3","CV2",4,4,"Brau-2014",0.858904518723367
"corrected","M3","CV2",4,4,"Brau-2015",0.6132834039167
"corrected","M3","CV2",4,4,"Brau-2016",0.793077485239136
"original","M2","CV1",5,4,"Aber-2015",0.495391830508999
"original","M2","CV1",5,4,"Aber-2016",0.380142755436337
"original","M2","CV1",5,4,"Brau-2014",0.365135833801819
"original","M2","CV1",5,4,"Brau-2015",0.613075923008037
"original","M2","CV1",5,4,"Brau-2016",0.665448334678213
"corrected","M2","CV1",5,4,"Aber-2015",0.494414679785978
"corrected","M2","CV1",5,4,"Aber-2016",0.377725446319547
"corrected","M2","CV1",5,4,"Brau-2014",0.355456179705786
"corrected","M2","CV1",5,4,"Brau-2015",0.615196265245747
"corrected","M2","CV1",5,4,"Brau-2016",0.657260539603942
"original","M3","CV1",5,4,"Aber-2015",0.629690973532007
"original","M3","CV1",5,4,"Aber-2016",0.502216823687004
"original","M3","CV1",5,4,"Brau-2014",0.512206010439887
"original","M3","CV1",5,4,"Brau-2015",0.617001044969492
"original","M3","CV1",5,4,"Brau-2016",0.696421693969788
"corrected","M3","CV1",5,4,"Aber-2015",0.624632283815893
"corrected","M3","CV1",5,4,"Aber-2016",0.492679680186722
"corrected","M3","CV1",5,4,"Brau-2014",0.481190370498116
"corrected","M3","CV1",5,4,"Brau-2015",0.605037370042525
"corrected","M3","CV1",5,4,"Brau-2016",0.686276676714554
"original","M2","CV2",5,4,"Aber-2015",0.89714243439745
"original","M2","CV2",5,4,"Aber-2016",0.58108620055911
"original","M2","CV2",5,4,"Brau-2014",0.594774843982915
"original","M2","CV2",5,4,"Brau-2015",0.621841803442245
"original","M2","CV2",5,4,"Brau-2016",0.466432295777049
"corrected","M2","CV2",5,4,"Aber-2015",0.898050828938864
"corrected","M2","CV2",5,4,"Aber-2016",0.573249770954114
"corrected","M2","CV2",5,4,"Brau-2014",0.599662560109682
"corrected","M2","CV2",5,4,"Brau-2015",0.62339621870907
"corrected","M2","CV2",5,4,"Brau-2016",0.456380465159622
"original","M3","CV2",5,4,"Aber-2015",0.856210386666611
"original","M3","CV2",5,4,"Aber-2016",0.574314438015892
"original","M3","CV2",5,4,"Brau-2014",0.731854289782086
"original","M3","CV2",5,4,"Brau-2015",0.529514535794315
"original","M3","CV2",5,4,"Brau-2016",0.394920498276067
"corrected","M3","CV2",5,4,"Aber-2015",0.848261563318973
"corrected","M3","CV2",5,4,"Aber-2016",0.57230764602564
"corrected","M3","CV2",5,4,"Brau-2014",0.730017828359591
"corrected","M3","CV2",5,4,"Brau-2015",0.524855005873065
"corrected","M3","CV2",5,4,"Brau-2016",0.383775356413367
"original","M2","CV1",6,4,"Aber-2015",0.589539116972464
"original","M2","CV1",6,4,"Aber-2016",0.390039685176198
"original","M2","CV1",6,4,"Brau-2014",0.530422987783858
"original","M2","CV1",6,4,"Brau-2015",0.41263990945704
"original","M2","CV1",6,4,"Brau-2016",0.528398007530683
"corrected","M2","CV1",6,4,"Aber-2015",0.589181625665074
"corrected","M2","CV1",6,4,"Aber-2016",0.390469156319494
"corrected","M2","CV1",6,4,"Brau-2014",0.523709529965151
"corrected","M2","CV1",6,4,"Brau-2015",0.406039364240621
"corrected","M2","CV1",6,4,"Brau-2016",0.541076655057962
"original","M3","CV1",6,4,"Aber-2015",0.664313635728173
"original","M3","CV1",6,4,"Aber-2016",0.487067943514478
"original","M3","CV1",6,4,"Brau-2014",0.607891260532095
"original","M3","CV1",6,4,"Brau-2015",0.479892466851541
"original","M3","CV1",6,4,"Brau-2016",0.531951074169936
"corrected","M3","CV1",6,4,"Aber-2015",0.655771954348041
"corrected","M3","CV1",6,4,"Aber-2016",0.488256985414232
"corrected","M3","CV1",6,4,"Brau-2014",0.609966183595169
"corrected","M3","CV1",6,4,"Brau-2015",0.458734279389433
"corrected","M3","CV1",6,4,"Brau-2016",0.540687079924386
"original","M2","CV2",6,4,"Aber-2015",0.629317394641541
"original","M2","CV2",6,4,"Aber-2016",0.792071825728913
"original","M2","CV2",6,4,"Brau-2014",0.768395037672965
"original","M2","CV2",6,4,"Brau-2015",0.599679610585124
"original","M2","CV2",6,4,"Brau-2016",0.379042269275535
"corrected","M2","CV2",6,4,"Aber-2015",0.625109360726956
"corrected","M2","CV2",6,4,"Aber-2016",0.79192572415722
"corrected","M2","CV2",6,4,"Brau-2014",0.759951156166917
"corrected","M2","CV2",6,4,"Brau-2015",0.596836438952124
"corrected","M2","CV2",6,4,"Brau-2016",0.377466337829519
"original","M3","CV2",6,4,"Aber-2015",0.759881655570257
"original","M3","CV2",6,4,"Aber-2016",0.825951394650352
"original","M3","CV2",6,4,"Brau-2014",0.749578657229289
"original","M3","CV2",6,4,"Brau-2015",0.590480027289993
"original","M3","CV2",6,4,"Brau-2016",0.218780227583553
"corrected","M3","CV2",6,4,"Aber-2015",0.751132091007705
"corrected","M3","CV2",6,4,"Aber-2016",0.824595945379605
"corrected","M3","CV2",6,4,"Brau-2014",0.756894368151145
"corrected","M3","CV2",6,4,"Brau-2015",0.588817052883067
"corrected","M3","CV2",6,4,"Brau-2016",0.213223429024758
"original","M2","CV1",7,4,"Aber-2015",0.63160590151276
"original","M2","CV1",7,4,"Aber-2016",0.612362601604856
"original","M2","CV1",7,4,"Brau-2014",0.375419599115638
"original","M2","CV1",7,4,"Brau-2015",0.566093034464637
"original","M2","CV1",7,4,"Brau-2016",0.792392101176705
"corrected","M2","CV1",7,4,"Aber-2015",0.636385511947303
"corrected","M2","CV1",7,4,"Aber-2016",0.622711854063631
"corrected","M2","CV1",7,4,"Brau-2014",0.383873792848926
"corrected","M2","CV1",7,4,"Brau-2015",0.582283056058068
"corrected","M2","CV1",7,4,"Brau-2016",0.79255353847759
"original","M3","CV1",7,4,"Aber-2015",0.679258968970759
"original","M3","CV1",7,4,"Aber-2016",0.63027709881975
"original","M3","CV1",7,4,"Brau-2014",0.402093768472265
"original","M3","CV1",7,4,"Brau-2015",0.575807543014517
"original","M3","CV1",7,4,"Brau-2016",0.811737111812046
"corrected","M3","CV1",7,4,"Aber-2015",0.669257785267893
"corrected","M3","CV1",7,4,"Aber-2016",0.643391590365792
"corrected","M3","CV1",7,4,"Brau-2014",0.408181323409344
"corrected","M3","CV1",7,4,"Brau-2015",0.58535622968462
"corrected","M3","CV1",7,4,"Brau-2016",0.812510118863012
"original","M2","CV2",7,4,"Aber-2015",0.879389313821628
"original","M2","CV2",7,4,"Aber-2016",0.8796171524153
"original","M2","CV2",7,4,"Brau-2014",0.618057429855201
"original","M2","CV2",7,4,"Brau-2015",0.41978039396067
"original","M2","CV2",7,4,"Brau-2016",0.484265117100382
"corrected","M2","CV2",7,4,"Aber-2015",0.876683803026699
"corrected","M2","CV2",7,4,"Aber-2016",0.879501101779712
"corrected","M2","CV2",7,4,"Brau-2014",0.616795056769811
"corrected","M2","CV2",7,4,"Brau-2015",0.41527780631826
"corrected","M2","CV2",7,4,"Brau-2016",0.488541919266585
"original","M3","CV2",7,4,"Aber-2015",0.892695429847767
"original","M3","CV2",7,4,"Aber-2016",0.89683208994748
"original","M3","CV2",7,4,"Brau-2014",0.676625230469381
"original","M3","CV2",7,4,"Brau-2015",0.414137491280743
"original","M3","CV2",7,4,"Brau-2016",0.540887315038747
"corrected","M3","CV2",7,4,"Aber-2015",0.892986627746023
"corrected","M3","CV2",7,4,"Aber-2016",0.896999892317546
"corrected","M3","CV2",7,4,"Brau-2014",0.672492379425961
"corrected","M3","CV2",7,4,"Brau-2015",0.402162840509178
"corrected","M3","CV2",7,4,"Brau-2016",0.526712649664027
"original","M2","CV1",8,4,"Aber-2015",0.561925459910742
"original","M2","CV1",8,4,"Aber-2016",0.386024301318087
"original","M2","CV1",8,4,"Brau-2014",0.280360667114903
"original","M2","CV1",8,4,"Brau-2015",0.349526301271185
"original","M2","CV1",8,4,"Brau-2016",-0.308124175755417
"corrected","M2","CV1",8,4,"Aber-2015",0.555280565240596
"corrected","M2","CV1",8,4,"Aber-2016",0.38527770428355
"corrected","M2","CV1",8,4,"Brau-2014",0.295043808789891
"corrected","M2","CV1",8,4,"Brau-2015",0.387559144042501
"corrected","M2","CV1",8,4,"Brau-2016",-0.32555076914261
"original","M3","CV1",8,4,"Aber-2015",0.530737117453492
"original","M3","CV1",8,4,"Aber-2016",0.386259417342797
"original","M3","CV1",8,4,"Brau-2014",0.586842006332348
"original","M3","CV1",8,4,"Brau-2015",0.393463687738074
"original","M3","CV1",8,4,"Brau-2016",-0.232473217152175
"corrected","M3","CV1",8,4,"Aber-2015",0.528883416635724
"corrected","M3","CV1",8,4,"Aber-2016",0.378323198179226
"corrected","M3","CV1",8,4,"Brau-2014",0.552707655836252
"corrected","M3","CV1",8,4,"Brau-2015",0.398057225299894
"corrected","M3","CV1",8,4,"Brau-2016",-0.273792226028907
"original","M2","CV2",8,4,"Aber-2015",0.581698274639266
"original","M2","CV2",8,4,"Aber-2016",0.536683731846179
"original","M2","CV2",8,4,"Brau-2014",0.646010202649617
"original","M2","CV2",8,4,"Brau-2015",0.774015132466508
"original","M2","CV2",8,4,"Brau-2016",0.77898898725249
"corrected","M2","CV2",8,4,"Aber-2015",0.58893715857933
"corrected","M2","CV2",8,4,"Aber-2016",0.542998679448775
"corrected","M2","CV2",8,4,"Brau-2014",0.645995177204907
"corrected","M2","CV2",8,4,"Brau-2015",0.779115935205164
"corrected","M2","CV2",8,4,"Brau-2016",0.776741193149436
"original","M3","CV2",8,4,"Aber-2015",0.686040566729102
"original","M3","CV2",8,4,"Aber-2016",0.545946378329194
"original","M3","CV2",8,4,"Brau-2014",0.691712886873218
"original","M3","CV2",8,4,"Brau-2015",0.795522920613373
"original","M3","CV2",8,4,"Brau-2016",0.772633687770006
"corrected","M3","CV2",8,4,"Aber-2015",0.687229937530134
"corrected","M3","CV2",8,4,"Aber-2016",0.561960019461528
"corrected","M3","CV2",8,4,"Brau-2014",0.679848644865375
"corrected","M3","CV2",8,4,"Brau-2015",0.799344000633366
"corrected","M3","CV2",8,4,"Brau-2016",0.787063859357864
"original","M2","CV1",9,4,"Aber-2015",0.747193124334007
"original","M2","CV1",9,4,"Aber-2016",0.416817409690281
"original","M2","CV1",9,4,"Brau-2014",0.427324858121408
"original","M2","CV1",9,4,"Brau-2015",0.383996775720743
"original","M2","CV1",9,4,"Brau-2016",0.136965736644467
"corrected","M2","CV1",9,4,"Aber-2015",0.740452152304712
"corrected","M2","CV1",9,4,"Aber-2016",0.407150372195076
"corrected","M2","CV1",9,4,"Brau-2014",0.454081588507415
"corrected","M2","CV1",9,4,"Brau-2015",0.389563002721308
"corrected","M2","CV1",9,4,"Brau-2016",0.118434027665397
"original","M3","CV1",9,4,"Aber-2015",0.759297699277184
"original","M3","CV1",9,4,"Aber-2016",0.438409273188825
"original","M3","CV1",9,4,"Brau-2014",0.657630603403655
"original","M3","CV1",9,4,"Brau-2015",0.349037226098453
"original","M3","CV1",9,4,"Brau-2016",0.100060086679845
"corrected","M3","CV1",9,4,"Aber-2015",0.766019576530005
"corrected","M3","CV1",9,4,"Aber-2016",0.436906242701511
"corrected","M3","CV1",9,4,"Brau-2014",0.636405704889696
"corrected","M3","CV1",9,4,"Brau-2015",0.367854938839398
"corrected","M3","CV1",9,4,"Brau-2016",0.107099055159479
"original","M2","CV2",9,4,"Aber-2015",0.61087421203104
"original","M2","CV2",9,4,"Aber-2016",0.786424735257617
"original","M2","CV2",9,4,"Brau-2014",0.41076678774246
"original","M2","CV2",9,4,"Brau-2015",0.749151616156347
"original","M2","CV2",9,4,"Brau-2016",0.777082469170759
"corrected","M2","CV2",9,4,"Aber-2015",0.617430831902322
"corrected","M2","CV2",9,4,"Aber-2016",0.786257808575274
"corrected","M2","CV2",9,4,"Brau-2014",0.408529853798966
"corrected","M2","CV2",9,4,"Brau-2015",0.743421572119191
"corrected","M2","CV2",9,4,"Brau-2016",0.778289856980075
"original","M3","CV2",9,4,"Aber-2015",0.640842429506632
"original","M3","CV2",9,4,"Aber-2016",0.804370511410819
"original","M3","CV2",9,4,"Brau-2014",0.482305996708391
"original","M3","CV2",9,4,"Brau-2015",0.763027613987594
"original","M3","CV2",9,4,"Brau-2016",0.828083920447133
"corrected","M3","CV2",9,4,"Aber-2015",0.652778621362078
"corrected","M3","CV2",9,4,"Aber-2016",0.79397920381233
"corrected","M3","CV2",9,4,"Brau-2014",0.483362703413279
"corrected","M3","CV2",9,4,"Brau-2015",0.763996546952514
"corrected","M3","CV2",9,4,"Brau-2016",0.818212306836013
"original","M2","CV1",10,4,"Aber-2015",0.452091206423755
"original","M2","CV1",10,4,"Aber-2016",0.450915143005473
"original","M2","CV1",10,4,"Brau-2014",0.745543071230809
"original","M2","CV1",10,4,"Brau-2015",0.405669934493406
"original","M2","CV1",10,4,"Brau-2016",0.30148793356113
"corrected","M2","CV1",10,4,"Aber-2015",0.436808281379631
"corrected","M2","CV1",10,4,"Aber-2016",0.431682151089527
"corrected","M2","CV1",10,4,"Brau-2014",0.743226008271967
"corrected","M2","CV1",10,4,"Brau-2015",0.39796843938733
"corrected","M2","CV1",10,4,"Brau-2016",0.284327689403657
"original","M3","CV1",10,4,"Aber-2015",0.704162477510077
"original","M3","CV1",10,4,"Aber-2016",0.556331216807949
"original","M3","CV1",10,4,"Brau-2014",0.783385550602366
"original","M3","CV1",10,4,"Brau-2015",0.412807136320035
"original","M3","CV1",10,4,"Brau-2016",0.317593559767854
"corrected","M3","CV1",10,4,"Aber-2015",0.700363460219356
"corrected","M3","CV1",10,4,"Aber-2016",0.556720005057526
"corrected","M3","CV1",10,4,"Brau-2014",0.792892954977758
"corrected","M3","CV1",10,4,"Brau-2015",0.425291842336997
"corrected","M3","CV1",10,4,"Brau-2016",0.30244387801633
"original","M2","CV2",10,4,"Aber-2015",0.71088293161496
"original","M2","CV2",10,4,"Aber-2016",0.332012551272762
"original","M2","CV2",10,4,"Brau-2014",0.406002503901469
"original","M2","CV2",10,4,"Brau-2015",0.72261363741091
"original","M2","CV2",10,4,"Brau-2016",0.732438383735235
"corrected","M2","CV2",10,4,"Aber-2015",0.713415731344911
"corrected","M2","CV2",10,4,"Aber-2016",0.307352644707965
"corrected","M2","CV2",10,4,"Brau-2014",0.400887554013698
"corrected","M2","CV2",10,4,"Brau-2015",0.72337933627918
"corrected","M2","CV2",10,4,"Brau-2016",0.73456680816553
"original","M3","CV2",10,4,"Aber-2015",0.771381841710693
"original","M3","CV2",10,4,"Aber-2016",0.47166959066798
"original","M3","CV2",10,4,"Brau-2014",0.540540195834447
"original","M3","CV2",10,4,"Brau-2015",0.717003446723378
"original","M3","CV2",10,4,"Brau-2016",0.727622996810416
"corrected","M3","CV2",10,4,"Aber-2015",0.779090216306349
"corrected","M3","CV2",10,4,"Aber-2016",0.426091634452262
"corrected","M3","CV2",10,4,"Brau-2014",0.556911200526552
"corrected","M3","CV2",10,4,"Brau-2015",0.713241540919414
"corrected","M3","CV2",10,4,"Brau-2016",0.724641908634196
"original","M2","CV1",1,5,"Aber-2015",0.712632561771953
"original","M2","CV1",1,5,"Aber-2016",0.507486988312351
"original","M2","CV1",1,5,"Brau-2014",0.66412474866924
"original","M2","CV1",1,5,"Brau-2015",0.640021539964861
"original","M2","CV1",1,5,"Brau-2016",0.416628348776767
"corrected","M2","CV1",1,5,"Aber-2015",0.705106959435271
"corrected","M2","CV1",1,5,"Aber-2016",0.495969737927554
"corrected","M2","CV1",1,5,"Brau-2014",0.663035917709276
"corrected","M2","CV1",1,5,"Brau-2015",0.632832394651253
"corrected","M2","CV1",1,5,"Brau-2016",0.407513484505806
"original","M3","CV1",1,5,"Aber-2015",0.768605297798938
"original","M3","CV1",1,5,"Aber-2016",0.568778659354732
"original","M3","CV1",1,5,"Brau-2014",0.730936068604509
"original","M3","CV1",1,5,"Brau-2015",0.632558493644442
"original","M3","CV1",1,5,"Brau-2016",0.477805365414355
"corrected","M3","CV1",1,5,"Aber-2015",0.775348356384296
"corrected","M3","CV1",1,5,"Aber-2016",0.575946638245707
"corrected","M3","CV1",1,5,"Brau-2014",0.736912693840151
"corrected","M3","CV1",1,5,"Brau-2015",0.66877038185932
"corrected","M3","CV1",1,5,"Brau-2016",0.461005819706931
"original","M2","CV2",1,5,"Aber-2015",0.633763495395777
"original","M2","CV2",1,5,"Aber-2016",0.627023574442823
"original","M2","CV2",1,5,"Brau-2014",0.644523489317913
"original","M2","CV2",1,5,"Brau-2015",0.79082344536511
"original","M2","CV2",1,5,"Brau-2016",0.44664259247474
"corrected","M2","CV2",1,5,"Aber-2015",0.629548213673115
"corrected","M2","CV2",1,5,"Aber-2016",0.628210611284576
"corrected","M2","CV2",1,5,"Brau-2014",0.64410733963417
"corrected","M2","CV2",1,5,"Brau-2015",0.793994521162764
"corrected","M2","CV2",1,5,"Brau-2016",0.437523617826427
"original","M3","CV2",1,5,"Aber-2015",0.757749962080466
"original","M3","CV2",1,5,"Aber-2016",0.645492544186682
"original","M3","CV2",1,5,"Brau-2014",0.702034887445117
"original","M3","CV2",1,5,"Brau-2015",0.792031144697582
"original","M3","CV2",1,5,"Brau-2016",0.439821594639955
"corrected","M3","CV2",1,5,"Aber-2015",0.757887114385133
"corrected","M3","CV2",1,5,"Aber-2016",0.635949938435266
"corrected","M3","CV2",1,5,"Brau-2014",0.717450706322814
"corrected","M3","CV2",1,5,"Brau-2015",0.794059200525435
"corrected","M3","CV2",1,5,"Brau-2016",0.434043107375272
"original","M2","CV1",2,5,"Aber-2015",0.716560763459387
"original","M2","CV1",2,5,"Aber-2016",0.609901059198209
"original","M2","CV1",2,5,"Brau-2014",0.297695282719168
"original","M2","CV1",2,5,"Brau-2015",0.437031499449181
"original","M2","CV1",2,5,"Brau-2016",0.472593204556177
"corrected","M2","CV1",2,5,"Aber-2015",0.72664717115007
"corrected","M2","CV1",2,5,"Aber-2016",0.608298383306591
"corrected","M2","CV1",2,5,"Brau-2014",0.313363504023108
"corrected","M2","CV1",2,5,"Brau-2015",0.428808602001688
"corrected","M2","CV1",2,5,"Brau-2016",0.458425970852657
"original","M3","CV1",2,5,"Aber-2015",0.762237716301157
"original","M3","CV1",2,5,"Aber-2016",0.590120167211876
"original","M3","CV1",2,5,"Brau-2014",0.449542177232979
"original","M3","CV1",2,5,"Brau-2015",0.471222907263826
"original","M3","CV1",2,5,"Brau-2016",0.570687321829118
"corrected","M3","CV1",2,5,"Aber-2015",0.755160152344887
"corrected","M3","CV1",2,5,"Aber-2016",0.59604622891142
"corrected","M3","CV1",2,5,"Brau-2014",0.471728832778958
"corrected","M3","CV1",2,5,"Brau-2015",0.476363602258098
"corrected","M3","CV1",2,5,"Brau-2016",0.560428170862408
"original","M2","CV2",2,5,"Aber-2015",0.654301759975746
"original","M2","CV2",2,5,"Aber-2016",0.63732741073281
"original","M2","CV2",2,5,"Brau-2014",0.602159954408512
"original","M2","CV2",2,5,"Brau-2015",0.420601064392201
"original","M2","CV2",2,5,"Brau-2016",0.321874474624745
"corrected","M2","CV2",2,5,"Aber-2015",0.647200157629125
"corrected","M2","CV2",2,5,"Aber-2016",0.63478699378884
"corrected","M2","CV2",2,5,"Brau-2014",0.60693531066031
"corrected","M2","CV2",2,5,"Brau-2015",0.414231649284586
"corrected","M2","CV2",2,5,"Brau-2016",0.321837060956917
"original","M3","CV2",2,5,"Aber-2015",0.671275397120917
"original","M3","CV2",2,5,"Aber-2016",0.626608246431423
"original","M3","CV2",2,5,"Brau-2014",0.760784326554426
"original","M3","CV2",2,5,"Brau-2015",0.492484573181878
"original","M3","CV2",2,5,"Brau-2016",0.362850081386182
"corrected","M3","CV2",2,5,"Aber-2015",0.670402778851835
"corrected","M3","CV2",2,5,"Aber-2016",0.631960870559943
"corrected","M3","CV2",2,5,"Brau-2014",0.762506746850259
"corrected","M3","CV2",2,5,"Brau-2015",0.488103633123929
"corrected","M3","CV2",2,5,"Brau-2016",0.363870787441635
"original","M2","CV1",3,5,"Aber-2015",0.416830001865391
"original","M2","CV1",3,5,"Aber-2016",0.277314193730132
"original","M2","CV1",3,5,"Brau-2014",0.383985481901844
"original","M2","CV1",3,5,"Brau-2015",0.515126964756512
"original","M2","CV1",3,5,"Brau-2016",0.66044859784589
"corrected","M2","CV1",3,5,"Aber-2015",0.415868011702567
"corrected","M2","CV1",3,5,"Aber-2016",0.265804990972307
"corrected","M2","CV1",3,5,"Brau-2014",0.385642109190262
"corrected","M2","CV1",3,5,"Brau-2015",0.506517585921881
"corrected","M2","CV1",3,5,"Brau-2016",0.663867385874196
"original","M3","CV1",3,5,"Aber-2015",0.436481434635734
"original","M3","CV1",3,5,"Aber-2016",0.179861827111952
"original","M3","CV1",3,5,"Brau-2014",0.659884907196116
"original","M3","CV1",3,5,"Brau-2015",0.588290833823115
"original","M3","CV1",3,5,"Brau-2016",0.649727235642228
"corrected","M3","CV1",3,5,"Aber-2015",0.424619577415979
"corrected","M3","CV1",3,5,"Aber-2016",0.16906340846731
"corrected","M3","CV1",3,5,"Brau-2014",0.671086935591797
"corrected","M3","CV1",3,5,"Brau-2015",0.583255997268113
"corrected","M3","CV1",3,5,"Brau-2016",0.65997450102611
"original","M2","CV2",3,5,"Aber-2015",0.861792141787413
"original","M2","CV2",3,5,"Aber-2016",0.486054398274119
"original","M2","CV2",3,5,"Brau-2014",0.593346912630542
"original","M2","CV2",3,5,"Brau-2015",0.651533643538791
"original","M2","CV2",3,5,"Brau-2016",0.586592055273692
"corrected","M2","CV2",3,5,"Aber-2015",0.85657418384506
"corrected","M2","CV2",3,5,"Aber-2016",0.487816506511279
"corrected","M2","CV2",3,5,"Brau-2014",0.598244380136536
"corrected","M2","CV2",3,5,"Brau-2015",0.652250443421648
"corrected","M2","CV2",3,5,"Brau-2016",0.580454117282087
"original","M3","CV2",3,5,"Aber-2015",0.835741321102212
"original","M3","CV2",3,5,"Aber-2016",0.482774386440586
"original","M3","CV2",3,5,"Brau-2014",0.737828011524308
"original","M3","CV2",3,5,"Brau-2015",0.693418435344653
"original","M3","CV2",3,5,"Brau-2016",0.608424859694975
"corrected","M3","CV2",3,5,"Aber-2015",0.838908161799561
"corrected","M3","CV2",3,5,"Aber-2016",0.48148707188466
"corrected","M3","CV2",3,5,"Brau-2014",0.740700947309439
"corrected","M3","CV2",3,5,"Brau-2015",0.699362348425022
"corrected","M3","CV2",3,5,"Brau-2016",0.609061694135122
"original","M2","CV1",4,5,"Aber-2015",0.262354555322345
"original","M2","CV1",4,5,"Aber-2016",0.0637505253155921
"original","M2","CV1",4,5,"Brau-2014",0.238828733627943
"original","M2","CV1",4,5,"Brau-2015",0.384484507472027
"original","M2","CV1",4,5,"Brau-2016",0.337419946767544
"corrected","M2","CV1",4,5,"Aber-2015",0.267415951223845
"corrected","M2","CV1",4,5,"Aber-2016",0.0679344205862495
"corrected","M2","CV1",4,5,"Brau-2014",0.231592492053028
"corrected","M2","CV1",4,5,"Brau-2015",0.390629985308501
"corrected","M2","CV1",4,5,"Brau-2016",0.348847634853332
"original","M3","CV1",4,5,"Aber-2015",0.446712998624224
"original","M3","CV1",4,5,"Aber-2016",0.176902676019155
"original","M3","CV1",4,5,"Brau-2014",0.361382191315839
"original","M3","CV1",4,5,"Brau-2015",0.376015369187353
"original","M3","CV1",4,5,"Brau-2016",0.202476396764316
"corrected","M3","CV1",4,5,"Aber-2015",0.463327242442361
"corrected","M3","CV1",4,5,"Aber-2016",0.187440495567401
"corrected","M3","CV1",4,5,"Brau-2014",0.38729394134658
"corrected","M3","CV1",4,5,"Brau-2015",0.365912029804258
"corrected","M3","CV1",4,5,"Brau-2016",0.196424990944936
"original","M2","CV2",4,5,"Aber-2015",0.887233740593281
"original","M2","CV2",4,5,"Aber-2016",0.631681790066147
"original","M2","CV2",4,5,"Brau-2014",0.544523515373504
"original","M2","CV2",4,5,"Brau-2015",0.649046301227831
"original","M2","CV2",4,5,"Brau-2016",0.39662100077143
"corrected","M2","CV2",4,5,"Aber-2015",0.891852158505227
"corrected","M2","CV2",4,5,"Aber-2016",0.632576290058279
"corrected","M2","CV2",4,5,"Brau-2014",0.545012203964628
"corrected","M2","CV2",4,5,"Brau-2015",0.643467120361191
"corrected","M2","CV2",4,5,"Brau-2016",0.389984045396331
"original","M3","CV2",4,5,"Aber-2015",0.890359231214949
"original","M3","CV2",4,5,"Aber-2016",0.617017772089668
"original","M3","CV2",4,5,"Brau-2014",0.67779841287352
"original","M3","CV2",4,5,"Brau-2015",0.6653700022243
"original","M3","CV2",4,5,"Brau-2016",0.544760741783129
"corrected","M3","CV2",4,5,"Aber-2015",0.887664371219375
"corrected","M3","CV2",4,5,"Aber-2016",0.631877037145726
"corrected","M3","CV2",4,5,"Brau-2014",0.675062488887771
"corrected","M3","CV2",4,5,"Brau-2015",0.665079653925254
"corrected","M3","CV2",4,5,"Brau-2016",0.554361999236241
"original","M2","CV1",5,5,"Aber-2015",0.604751711891884
"original","M2","CV1",5,5,"Aber-2016",0.333244540905311
"original","M2","CV1",5,5,"Brau-2014",0.624597208572432
"original","M2","CV1",5,5,"Brau-2015",0.517477986394624
"original","M2","CV1",5,5,"Brau-2016",0.422568600523442
"corrected","M2","CV1",5,5,"Aber-2015",0.596771925857111
"corrected","M2","CV1",5,5,"Aber-2016",0.330757441903357
"corrected","M2","CV1",5,5,"Brau-2014",0.616708399665041
"corrected","M2","CV1",5,5,"Brau-2015",0.518249168107136
"corrected","M2","CV1",5,5,"Brau-2016",0.423579947243779
"original","M3","CV1",5,5,"Aber-2015",0.690263687476973
"original","M3","CV1",5,5,"Aber-2016",0.41369143576673
"original","M3","CV1",5,5,"Brau-2014",0.662890749274235
"original","M3","CV1",5,5,"Brau-2015",0.577308073079721
"original","M3","CV1",5,5,"Brau-2016",0.365137942015956
"corrected","M3","CV1",5,5,"Aber-2015",0.676704389444737
"corrected","M3","CV1",5,5,"Aber-2016",0.406343085254873
"corrected","M3","CV1",5,5,"Brau-2014",0.658401474905992
"corrected","M3","CV1",5,5,"Brau-2015",0.566112792489215
"corrected","M3","CV1",5,5,"Brau-2016",0.355114232572049
"original","M2","CV2",5,5,"Aber-2015",0.807711060638713
"original","M2","CV2",5,5,"Aber-2016",0.7171572018986
"original","M2","CV2",5,5,"Brau-2014",0.64734459111694
"original","M2","CV2",5,5,"Brau-2015",0.531333514195898
"original","M2","CV2",5,5,"Brau-2016",0.891870575649697
"corrected","M2","CV2",5,5,"Aber-2015",0.809294462381085
"corrected","M2","CV2",5,5,"Aber-2016",0.713357771131812
"corrected","M2","CV2",5,5,"Brau-2014",0.650397760863796
"corrected","M2","CV2",5,5,"Brau-2015",0.527608825265086
"corrected","M2","CV2",5,5,"Brau-2016",0.894318964396695
"original","M3","CV2",5,5,"Aber-2015",0.869860342664646
"original","M3","CV2",5,5,"Aber-2016",0.687357248156566
"original","M3","CV2",5,5,"Brau-2014",0.709580994726869
"original","M3","CV2",5,5,"Brau-2015",0.599914343237107
"original","M3","CV2",5,5,"Brau-2016",0.867367556679074
"corrected","M3","CV2",5,5,"Aber-2015",0.861863521930497
"corrected","M3","CV2",5,5,"Aber-2016",0.683224509725606
"corrected","M3","CV2",5,5,"Brau-2014",0.710489968693932
"corrected","M3","CV2",5,5,"Brau-2015",0.629186206898415
"corrected","M3","CV2",5,5,"Brau-2016",0.841384867297061
"original","M2","CV1",6,5,"Aber-2015",0.395022393494235
"original","M2","CV1",6,5,"Aber-2016",0.372293724044241
"original","M2","CV1",6,5,"Brau-2014",0.524514926025996
"original","M2","CV1",6,5,"Brau-2015",0.521596824776554
"original","M2","CV1",6,5,"Brau-2016",0.599901333037544
"corrected","M2","CV1",6,5,"Aber-2015",0.391422869281663
"corrected","M2","CV1",6,5,"Aber-2016",0.368228315420902
"corrected","M2","CV1",6,5,"Brau-2014",0.525695585555689
"corrected","M2","CV1",6,5,"Brau-2015",0.514355987082363
"corrected","M2","CV1",6,5,"Brau-2016",0.583386503613057
"original","M3","CV1",6,5,"Aber-2015",0.485579233027918
"original","M3","CV1",6,5,"Aber-2016",0.436539885382977
"original","M3","CV1",6,5,"Brau-2014",0.529302450857733
"original","M3","CV1",6,5,"Brau-2015",0.528641814911998
"original","M3","CV1",6,5,"Brau-2016",0.59232932594197
"corrected","M3","CV1",6,5,"Aber-2015",0.491904541276343
"corrected","M3","CV1",6,5,"Aber-2016",0.433021280195492
"corrected","M3","CV1",6,5,"Brau-2014",0.542761345103108
"corrected","M3","CV1",6,5,"Brau-2015",0.535211384844706
"corrected","M3","CV1",6,5,"Brau-2016",0.584467936453206
"original","M2","CV2",6,5,"Aber-2015",0.679425381962755
"original","M2","CV2",6,5,"Aber-2016",0.730967425361541
"original","M2","CV2",6,5,"Brau-2014",0.113539787156316
"original","M2","CV2",6,5,"Brau-2015",0.697370730725814
"original","M2","CV2",6,5,"Brau-2016",0.826549823748006
"corrected","M2","CV2",6,5,"Aber-2015",0.67972784876216
"corrected","M2","CV2",6,5,"Aber-2016",0.732441901146835
"corrected","M2","CV2",6,5,"Brau-2014",0.108130270137062
"corrected","M2","CV2",6,5,"Brau-2015",0.695630871283473
"corrected","M2","CV2",6,5,"Brau-2016",0.82296401760502
"original","M3","CV2",6,5,"Aber-2015",0.731163830841345
"original","M3","CV2",6,5,"Aber-2016",0.639328816211168
"original","M3","CV2",6,5,"Brau-2014",0.217376552815699
"original","M3","CV2",6,5,"Brau-2015",0.737291110436452
"original","M3","CV2",6,5,"Brau-2016",0.810515531851787
"corrected","M3","CV2",6,5,"Aber-2015",0.727859133151327
"corrected","M3","CV2",6,5,"Aber-2016",0.625867057994079
"corrected","M3","CV2",6,5,"Brau-2014",0.221189179378035
"corrected","M3","CV2",6,5,"Brau-2015",0.74705123360738
"corrected","M3","CV2",6,5,"Brau-2016",0.8083084225845
"original","M2","CV1",7,5,"Aber-2015",0.108591185871785
"original","M2","CV1",7,5,"Aber-2016",-0.0427454530572527
"original","M2","CV1",7,5,"Brau-2014",-0.0743360637896861
"original","M2","CV1",7,5,"Brau-2015",0.420575737102476
"original","M2","CV1",7,5,"Brau-2016",0.146857683926384
"corrected","M2","CV1",7,5,"Aber-2015",0.0953949614712828
"corrected","M2","CV1",7,5,"Aber-2016",-0.047659537515936
"corrected","M2","CV1",7,5,"Brau-2014",-0.0486908564416123
"corrected","M2","CV1",7,5,"Brau-2015",0.433389325168123
"corrected","M2","CV1",7,5,"Brau-2016",0.154849751703844
"original","M3","CV1",7,5,"Aber-2015",0.245255335661411
"original","M3","CV1",7,5,"Aber-2016",0.018817683854012
"original","M3","CV1",7,5,"Brau-2014",0.434131516436329
"original","M3","CV1",7,5,"Brau-2015",0.466433236740407
"original","M3","CV1",7,5,"Brau-2016",0.31797441881693
"corrected","M3","CV1",7,5,"Aber-2015",0.239066388367602
"corrected","M3","CV1",7,5,"Aber-2016",0.0322416206192396
"corrected","M3","CV1",7,5,"Brau-2014",0.414633370520438
"corrected","M3","CV1",7,5,"Brau-2015",0.473662015878889
"corrected","M3","CV1",7,5,"Brau-2016",0.285977313408982
"original","M2","CV2",7,5,"Aber-2015",0.388704958249105
"original","M2","CV2",7,5,"Aber-2016",0.69580445344068
"original","M2","CV2",7,5,"Brau-2014",0.66909293467315
"original","M2","CV2",7,5,"Brau-2015",0.290881979325035
"original","M2","CV2",7,5,"Brau-2016",0.539421767480363
"corrected","M2","CV2",7,5,"Aber-2015",0.404532674665704
"corrected","M2","CV2",7,5,"Aber-2016",0.694741136360903
"corrected","M2","CV2",7,5,"Brau-2014",0.672792602743591
"corrected","M2","CV2",7,5,"Brau-2015",0.284569858601038
"corrected","M2","CV2",7,5,"Brau-2016",0.538916931746571
"original","M3","CV2",7,5,"Aber-2015",0.4831990333521
"original","M3","CV2",7,5,"Aber-2016",0.682317224500199
"original","M3","CV2",7,5,"Brau-2014",0.678752913869193
"original","M3","CV2",7,5,"Brau-2015",0.302040581417233
"original","M3","CV2",7,5,"Brau-2016",0.515352758445544
"corrected","M3","CV2",7,5,"Aber-2015",0.493264055914527
"corrected","M3","CV2",7,5,"Aber-2016",0.676725592191143
"corrected","M3","CV2",7,5,"Brau-2014",0.702162974970505
"corrected","M3","CV2",7,5,"Brau-2015",0.30386127502631
"corrected","M3","CV2",7,5,"Brau-2016",0.581425864853421
"original","M2","CV1",8,5,"Aber-2015",0.461672491831946
"original","M2","CV1",8,5,"Aber-2016",0.345316292847148
"original","M2","CV1",8,5,"Brau-2014",0.45996967199604
"original","M2","CV1",8,5,"Brau-2015",0.513567649719576
"original","M2","CV1",8,5,"Brau-2016",0.493481908435573
"corrected","M2","CV1",8,5,"Aber-2015",0.451716027485733
"corrected","M2","CV1",8,5,"Aber-2016",0.333673142931511
"corrected","M2","CV1",8,5,"Brau-2014",0.441413107752994
"corrected","M2","CV1",8,5,"Brau-2015",0.502876614359786
"corrected","M2","CV1",8,5,"Brau-2016",0.483467068250387
"original","M3","CV1",8,5,"Aber-2015",0.576351088382353
"original","M3","CV1",8,5,"Aber-2016",0.43843457629123
"original","M3","CV1",8,5,"Brau-2014",0.550696019626321
"original","M3","CV1",8,5,"Brau-2015",0.576446308236381
"original","M3","CV1",8,5,"Brau-2016",0.528095318746005
"corrected","M3","CV1",8,5,"Aber-2015",0.574889558025414
"corrected","M3","CV1",8,5,"Aber-2016",0.410960200894171
"corrected","M3","CV1",8,5,"Brau-2014",0.547033418273364
"corrected","M3","CV1",8,5,"Brau-2015",0.52473787787518
"corrected","M3","CV1",8,5,"Brau-2016",0.489658592376454
"original","M2","CV2",8,5,"Aber-2015",0.936921486313268
"original","M2","CV2",8,5,"Aber-2016",0.792901256483192
"original","M2","CV2",8,5,"Brau-2014",0.34914003034139
"original","M2","CV2",8,5,"Brau-2015",0.752853073785968
"original","M2","CV2",8,5,"Brau-2016",0.527402455636553
"corrected","M2","CV2",8,5,"Aber-2015",0.936137620456471
"corrected","M2","CV2",8,5,"Aber-2016",0.794044820575295
"corrected","M2","CV2",8,5,"Brau-2014",0.34937213279771
"corrected","M2","CV2",8,5,"Brau-2015",0.752591864119876
"corrected","M2","CV2",8,5,"Brau-2016",0.538251106765014
"original","M3","CV2",8,5,"Aber-2015",0.889575979878255
"original","M3","CV2",8,5,"Aber-2016",0.783712786693492
"original","M3","CV2",8,5,"Brau-2014",0.534541241995992
"original","M3","CV2",8,5,"Brau-2015",0.808414895089847
"original","M3","CV2",8,5,"Brau-2016",0.489565095248684
"corrected","M3","CV2",8,5,"Aber-2015",0.891593738959789
"corrected","M3","CV2",8,5,"Aber-2016",0.79438573557074
"corrected","M3","CV2",8,5,"Brau-2014",0.498138251432202
"corrected","M3","CV2",8,5,"Brau-2015",0.805764913205328
"corrected","M3","CV2",8,5,"Brau-2016",0.4861159504326
"original","M2","CV1",9,5,"Aber-2015",0.67602686950183
"original","M2","CV1",9,5,"Aber-2016",0.649134235485793
"original","M2","CV1",9,5,"Brau-2014",0.636648601877818
"original","M2","CV1",9,5,"Brau-2015",0.654425003552077
"original","M2","CV1",9,5,"Brau-2016",0.656155250705946
"corrected","M2","CV1",9,5,"Aber-2015",0.667494536542529
"corrected","M2","CV1",9,5,"Aber-2016",0.636692907811197
"corrected","M2","CV1",9,5,"Brau-2014",0.630059622568926
"corrected","M2","CV1",9,5,"Brau-2015",0.654107054192521
"corrected","M2","CV1",9,5,"Brau-2016",0.660678895139382
"original","M3","CV1",9,5,"Aber-2015",0.669353879617826
"original","M3","CV1",9,5,"Aber-2016",0.652059486303096
"original","M3","CV1",9,5,"Brau-2014",0.635397617162773
"original","M3","CV1",9,5,"Brau-2015",0.676091664924945
"original","M3","CV1",9,5,"Brau-2016",0.62106160374501
"corrected","M3","CV1",9,5,"Aber-2015",0.661300631268807
"corrected","M3","CV1",9,5,"Aber-2016",0.644840324495473
"corrected","M3","CV1",9,5,"Brau-2014",0.635760300733849
"corrected","M3","CV1",9,5,"Brau-2015",0.660616829737357
"corrected","M3","CV1",9,5,"Brau-2016",0.628059808886802
"original","M2","CV2",9,5,"Aber-2015",0.733024180405258
"original","M2","CV2",9,5,"Aber-2016",0.734147060314157
"original","M2","CV2",9,5,"Brau-2014",0.599606617391389
"original","M2","CV2",9,5,"Brau-2015",0.619894025449091
"original","M2","CV2",9,5,"Brau-2016",0.501689448730053
"corrected","M2","CV2",9,5,"Aber-2015",0.733442117267814
"corrected","M2","CV2",9,5,"Aber-2016",0.736095045493775
"corrected","M2","CV2",9,5,"Brau-2014",0.601122927587605
"corrected","M2","CV2",9,5,"Brau-2015",0.623929604838288
"corrected","M2","CV2",9,5,"Brau-2016",0.503712851931275
"original","M3","CV2",9,5,"Aber-2015",0.801774645743471
"original","M3","CV2",9,5,"Aber-2016",0.763048178504815
"original","M3","CV2",9,5,"Brau-2014",0.670240612538112
"original","M3","CV2",9,5,"Brau-2015",0.645538679289049
"original","M3","CV2",9,5,"Brau-2016",0.466998511504555
"corrected","M3","CV2",9,5,"Aber-2015",0.799455594995341
"corrected","M3","CV2",9,5,"Aber-2016",0.763049843556359
"corrected","M3","CV2",9,5,"Brau-2014",0.678709340069839
"corrected","M3","CV2",9,5,"Brau-2015",0.641766004350134
"corrected","M3","CV2",9,5,"Brau-2016",0.45682347275383
"original","M2","CV1",10,5,"Aber-2015",0.650505194737377
"original","M2","CV1",10,5,"Aber-2016",0.123535398899177
"original","M2","CV1",10,5,"Brau-2014",0.504717982113317
"original","M2","CV1",10,5,"Brau-2015",0.408512090592705
"original","M2","CV1",10,5,"Brau-2016",0.584525416556883
"corrected","M2","CV1",10,5,"Aber-2015",0.664947998540798
"corrected","M2","CV1",10,5,"Aber-2016",0.137188440189681
"corrected","M2","CV1",10,5,"Brau-2014",0.512796477169422
"corrected","M2","CV1",10,5,"Brau-2015",0.409075344450621
"corrected","M2","CV1",10,5,"Brau-2016",0.575965446580349
"original","M3","CV1",10,5,"Aber-2015",0.680146959302378
"original","M3","CV1",10,5,"Aber-2016",0.135885992499893
"original","M3","CV1",10,5,"Brau-2014",0.665030627534836
"original","M3","CV1",10,5,"Brau-2015",0.412547527072807
"original","M3","CV1",10,5,"Brau-2016",0.678195496364023
"corrected","M3","CV1",10,5,"Aber-2015",0.674801104005842
"corrected","M3","CV1",10,5,"Aber-2016",0.13931258015046
"corrected","M3","CV1",10,5,"Brau-2014",0.668739184253442
"corrected","M3","CV1",10,5,"Brau-2015",0.4070986696266
"corrected","M3","CV1",10,5,"Brau-2016",0.652718921850576
"original","M2","CV2",10,5,"Aber-2015",0.815559539740679
"original","M2","CV2",10,5,"Aber-2016",0.630611280191994
"original","M2","CV2",10,5,"Brau-2014",0.73908314885227
"original","M2","CV2",10,5,"Brau-2015",0.85159965362373
"original","M2","CV2",10,5,"Brau-2016",0.670714485101884
"corrected","M2","CV2",10,5,"Aber-2015",0.8145769391286
"corrected","M2","CV2",10,5,"Aber-2016",0.634006964936955
"corrected","M2","CV2",10,5,"Brau-2014",0.735004107849068
"corrected","M2","CV2",10,5,"Brau-2015",0.85007572826567
"corrected","M2","CV2",10,5,"Brau-2016",0.669868132318163
"original","M3","CV2",10,5,"Aber-2015",0.868635886762272
"original","M3","CV2",10,5,"Aber-2016",0.64271321280961
"original","M3","CV2",10,5,"Brau-2014",0.766468175314163
"original","M3","CV2",10,5,"Brau-2015",0.853678518600653
"original","M3","CV2",10,5,"Brau-2016",0.608620448925982
"corrected","M3","CV2",10,5,"Aber-2015",0.862325997365075
"corrected","M3","CV2",10,5,"Aber-2016",0.643705866005936
"corrected","M3","CV2",10,5,"Brau-2014",0.753682698840722
"corrected","M3","CV2",10,5,"Brau-2015",0.852792404201608
"corrected","M3","CV2",10,5,"Brau-2016",0.611748905005407
