"G","model","CV","rep","fold","Environment","PA"
"original","M2","CV1",1,1,"Aber-2015",0.711827105787724
"original","M2","CV1",1,1,"Aber-2016",0.64105895520791
"original","M2","CV1",1,1,"Brau-2014",0.444980551938939
"original","M2","CV1",1,1,"Brau-2015",0.603235757934781
"original","M2","CV1",1,1,"Brau-2016",0.687719423478057
"corrected","M2","CV1",1,1,"Aber-2015",0.702127215256574
"corrected","M2","CV1",1,1,"Aber-2016",0.62467078386419
"corrected","M2","CV1",1,1,"Brau-2014",0.436285566583117
"corrected","M2","CV1",1,1,"Brau-2015",0.604381670618146
"corrected","M2","CV1",1,1,"Brau-2016",0.704585115981175
"original","M3","CV1",1,1,"Aber-2015",0.71352770618447
"original","M3","CV1",1,1,"Aber-2016",0.585471756919411
"original","M3","CV1",1,1,"Brau-2014",0.498695836336393
"original","M3","CV1",1,1,"Brau-2015",0.693564588081991
"original","M3","CV1",1,1,"Brau-2016",0.754056078324587
"corrected","M3","CV1",1,1,"Aber-2015",0.693497546656981
"corrected","M3","CV1",1,1,"Aber-2016",0.588487299647851
"corrected","M3","CV1",1,1,"Brau-2014",0.523177825831207
"corrected","M3","CV1",1,1,"Brau-2015",0.694591284256661
"corrected","M3","CV1",1,1,"Brau-2016",0.764331550997627
"original","M2","CV2",1,1,"Aber-2015",0.710905505159563
"original","M2","CV2",1,1,"Aber-2016",0.908632777407416
"original","M2","CV2",1,1,"Brau-2014",0.575557965546004
"original","M2","CV2",1,1,"Brau-2015",0.814153256715373
"original","M2","CV2",1,1,"Brau-2016",0.619120392432094
"corrected","M2","CV2",1,1,"Aber-2015",0.703051828174446
"corrected","M2","CV2",1,1,"Aber-2016",0.904586508079448
"corrected","M2","CV2",1,1,"Brau-2014",0.581190958588227
"corrected","M2","CV2",1,1,"Brau-2015",0.812519886978547
"corrected","M2","CV2",1,1,"Brau-2016",0.611614729727753
"original","M3","CV2",1,1,"Aber-2015",0.750574229827018
"original","M3","CV2",1,1,"Aber-2016",0.876975276616361
"original","M3","CV2",1,1,"Brau-2014",0.658468169009147
"original","M3","CV2",1,1,"Brau-2015",0.798703290619942
"original","M3","CV2",1,1,"Brau-2016",0.707883755587934
"corrected","M3","CV2",1,1,"Aber-2015",0.756447874288109
"corrected","M3","CV2",1,1,"Aber-2016",0.88577836353168
"corrected","M3","CV2",1,1,"Brau-2014",0.660477075596016
"corrected","M3","CV2",1,1,"Brau-2015",0.808239151804472
"corrected","M3","CV2",1,1,"Brau-2016",0.700911800322301
"original","M2","CV1",2,1,"Aber-2015",0.56817769835039
"original","M2","CV1",2,1,"Aber-2016",0.376446875229053
"original","M2","CV1",2,1,"Brau-2014",0.317270067837255
"original","M2","CV1",2,1,"Brau-2015",0.519147198019008
"original","M2","CV1",2,1,"Brau-2016",0.0805429899357716
"corrected","M2","CV1",2,1,"Aber-2015",0.576320152888064
"corrected","M2","CV1",2,1,"Aber-2016",0.379914456469493
"corrected","M2","CV1",2,1,"Brau-2014",0.322699345420782
"corrected","M2","CV1",2,1,"Brau-2015",0.519685769174167
"corrected","M2","CV1",2,1,"Brau-2016",0.0905817466588251
"original","M3","CV1",2,1,"Aber-2015",0.633698335159824
"original","M3","CV1",2,1,"Aber-2016",0.428716221496338
"original","M3","CV1",2,1,"Brau-2014",0.406593001266762
"original","M3","CV1",2,1,"Brau-2015",0.520766184510211
"original","M3","CV1",2,1,"Brau-2016",-0.125058158816562
"corrected","M3","CV1",2,1,"Aber-2015",0.639982690304224
"corrected","M3","CV1",2,1,"Aber-2016",0.444543881521113
"corrected","M3","CV1",2,1,"Brau-2014",0.436622641419561
"corrected","M3","CV1",2,1,"Brau-2015",0.518634814004918
"corrected","M3","CV1",2,1,"Brau-2016",-0.0799877191097366
"original","M2","CV2",2,1,"Aber-2015",0.944833172487185
"original","M2","CV2",2,1,"Aber-2016",0.722884685668056
"original","M2","CV2",2,1,"Brau-2014",0.12131898632859
"original","M2","CV2",2,1,"Brau-2015",0.770534043338194
"original","M2","CV2",2,1,"Brau-2016",0.439757114383346
"corrected","M2","CV2",2,1,"Aber-2015",0.94593165502914
"corrected","M2","CV2",2,1,"Aber-2016",0.722723707153676
"corrected","M2","CV2",2,1,"Brau-2014",0.124413497015672
"corrected","M2","CV2",2,1,"Brau-2015",0.769690883529909
"corrected","M2","CV2",2,1,"Brau-2016",0.436807083750918
"original","M3","CV2",2,1,"Aber-2015",0.89394352177297
"original","M3","CV2",2,1,"Aber-2016",0.715407347541654
"original","M3","CV2",2,1,"Brau-2014",0.238048802544314
"original","M3","CV2",2,1,"Brau-2015",0.792387680934654
"original","M3","CV2",2,1,"Brau-2016",0.471611929031434
"corrected","M3","CV2",2,1,"Aber-2015",0.89721952198845
"corrected","M3","CV2",2,1,"Aber-2016",0.688720119765927
"corrected","M3","CV2",2,1,"Brau-2014",0.215187498157103
"corrected","M3","CV2",2,1,"Brau-2015",0.78360320788727
"corrected","M3","CV2",2,1,"Brau-2016",0.424422140382237
"original","M2","CV1",3,1,"Aber-2015",0.741309291856155
"original","M2","CV1",3,1,"Aber-2016",0.708214948724428
"original","M2","CV1",3,1,"Brau-2014",0.496850980910429
"original","M2","CV1",3,1,"Brau-2015",0.753719210048776
"original","M2","CV1",3,1,"Brau-2016",0.86512364205839
"corrected","M2","CV1",3,1,"Aber-2015",0.735581578906588
"corrected","M2","CV1",3,1,"Aber-2016",0.705342524609832
"corrected","M2","CV1",3,1,"Brau-2014",0.495875954144934
"corrected","M2","CV1",3,1,"Brau-2015",0.764201416987135
"corrected","M2","CV1",3,1,"Brau-2016",0.865463939570856
"original","M3","CV1",3,1,"Aber-2015",0.656614835130867
"original","M3","CV1",3,1,"Aber-2016",0.67758298594118
"original","M3","CV1",3,1,"Brau-2014",0.542996181330411
"original","M3","CV1",3,1,"Brau-2015",0.787242510508256
"original","M3","CV1",3,1,"Brau-2016",0.864647003611883
"corrected","M3","CV1",3,1,"Aber-2015",0.639858518584193
"corrected","M3","CV1",3,1,"Aber-2016",0.674378254049208
"corrected","M3","CV1",3,1,"Brau-2014",0.498220397107559
"corrected","M3","CV1",3,1,"Brau-2015",0.778773025460501
"corrected","M3","CV1",3,1,"Brau-2016",0.866513435723828
"original","M2","CV2",3,1,"Aber-2015",0.840514774444203
"original","M2","CV2",3,1,"Aber-2016",0.889262659311866
"original","M2","CV2",3,1,"Brau-2014",0.619955949287271
"original","M2","CV2",3,1,"Brau-2015",0.879438310649759
"original","M2","CV2",3,1,"Brau-2016",0.300504047908091
"corrected","M2","CV2",3,1,"Aber-2015",0.843186844854262
"corrected","M2","CV2",3,1,"Aber-2016",0.883550004765613
"corrected","M2","CV2",3,1,"Brau-2014",0.621891398911067
"corrected","M2","CV2",3,1,"Brau-2015",0.877469656416474
"corrected","M2","CV2",3,1,"Brau-2016",0.290518071040988
"original","M3","CV2",3,1,"Aber-2015",0.854670995338119
"original","M3","CV2",3,1,"Aber-2016",0.846070072297713
"original","M3","CV2",3,1,"Brau-2014",0.687394617357065
"original","M3","CV2",3,1,"Brau-2015",0.864729285487516
"original","M3","CV2",3,1,"Brau-2016",0.456051281190032
"corrected","M3","CV2",3,1,"Aber-2015",0.859288326133231
"corrected","M3","CV2",3,1,"Aber-2016",0.859484607010545
"corrected","M3","CV2",3,1,"Brau-2014",0.686689175896309
"corrected","M3","CV2",3,1,"Brau-2015",0.859875218512442
"corrected","M3","CV2",3,1,"Brau-2016",0.430005859438343
"original","M2","CV1",4,1,"Aber-2015",0.727676723122071
"original","M2","CV1",4,1,"Aber-2016",0.759377530990277
"original","M2","CV1",4,1,"Brau-2014",0.617081939616288
"original","M2","CV1",4,1,"Brau-2015",0.584937913823406
"original","M2","CV1",4,1,"Brau-2016",0.498121648120716
"corrected","M2","CV1",4,1,"Aber-2015",0.730541022650761
"corrected","M2","CV1",4,1,"Aber-2016",0.762782208381179
"corrected","M2","CV1",4,1,"Brau-2014",0.605584970412511
"corrected","M2","CV1",4,1,"Brau-2015",0.574680128085994
"corrected","M2","CV1",4,1,"Brau-2016",0.511790931555063
"original","M3","CV1",4,1,"Aber-2015",0.730750631461734
"original","M3","CV1",4,1,"Aber-2016",0.720528711032307
"original","M3","CV1",4,1,"Brau-2014",0.734244489480465
"original","M3","CV1",4,1,"Brau-2015",0.653038123538567
"original","M3","CV1",4,1,"Brau-2016",0.546081476247683
"corrected","M3","CV1",4,1,"Aber-2015",0.733296480167153
"corrected","M3","CV1",4,1,"Aber-2016",0.715157488314065
"corrected","M3","CV1",4,1,"Brau-2014",0.756885402927836
"corrected","M3","CV1",4,1,"Brau-2015",0.656584199611312
"corrected","M3","CV1",4,1,"Brau-2016",0.531679837912925
"original","M2","CV2",4,1,"Aber-2015",0.641226916476475
"original","M2","CV2",4,1,"Aber-2016",0.713508054353066
"original","M2","CV2",4,1,"Brau-2014",0.330211907794838
"original","M2","CV2",4,1,"Brau-2015",0.804270057542599
"original","M2","CV2",4,1,"Brau-2016",0.379836735666961
"corrected","M2","CV2",4,1,"Aber-2015",0.636214723352718
"corrected","M2","CV2",4,1,"Aber-2016",0.712658716259176
"corrected","M2","CV2",4,1,"Brau-2014",0.333546112276511
"corrected","M2","CV2",4,1,"Brau-2015",0.804182292697267
"corrected","M2","CV2",4,1,"Brau-2016",0.385728932186839
"original","M3","CV2",4,1,"Aber-2015",0.689520119458942
"original","M3","CV2",4,1,"Aber-2016",0.743203791082546
"original","M3","CV2",4,1,"Brau-2014",0.356346448632715
"original","M3","CV2",4,1,"Brau-2015",0.82918153499452
"original","M3","CV2",4,1,"Brau-2016",0.341561628830188
"corrected","M3","CV2",4,1,"Aber-2015",0.703141951497672
"corrected","M3","CV2",4,1,"Aber-2016",0.748577522013306
"corrected","M3","CV2",4,1,"Brau-2014",0.365298585505717
"corrected","M3","CV2",4,1,"Brau-2015",0.822456730933828
"corrected","M3","CV2",4,1,"Brau-2016",0.3601210827071
"original","M2","CV1",5,1,"Aber-2015",0.745564595509306
"original","M2","CV1",5,1,"Aber-2016",0.601202525102425
"original","M2","CV1",5,1,"Brau-2014",0.315221751758459
"original","M2","CV1",5,1,"Brau-2015",0.311861910024025
"original","M2","CV1",5,1,"Brau-2016",0.188720792946493
"corrected","M2","CV1",5,1,"Aber-2015",0.723499996397057
"corrected","M2","CV1",5,1,"Aber-2016",0.579367985085091
"corrected","M2","CV1",5,1,"Brau-2014",0.301636645775519
"corrected","M2","CV1",5,1,"Brau-2015",0.293821055562852
"corrected","M2","CV1",5,1,"Brau-2016",0.1854922943634
"original","M3","CV1",5,1,"Aber-2015",0.615217567919876
"original","M3","CV1",5,1,"Aber-2016",0.513107462782783
"original","M3","CV1",5,1,"Brau-2014",0.603304188075213
"original","M3","CV1",5,1,"Brau-2015",0.266823501854413
"original","M3","CV1",5,1,"Brau-2016",0.0489669072922754
"corrected","M3","CV1",5,1,"Aber-2015",0.611866060423976
"corrected","M3","CV1",5,1,"Aber-2016",0.471516717337613
"corrected","M3","CV1",5,1,"Brau-2014",0.580533386183523
"corrected","M3","CV1",5,1,"Brau-2015",0.221346466059207
"corrected","M3","CV1",5,1,"Brau-2016",0.0426485718208047
"original","M2","CV2",5,1,"Aber-2015",0.49978984299253
"original","M2","CV2",5,1,"Aber-2016",0.665012470839834
"original","M2","CV2",5,1,"Brau-2014",0.381251034261522
"original","M2","CV2",5,1,"Brau-2015",0.84861074863302
"original","M2","CV2",5,1,"Brau-2016",0.775663782916217
"corrected","M2","CV2",5,1,"Aber-2015",0.500902947756511
"corrected","M2","CV2",5,1,"Aber-2016",0.665104753863134
"corrected","M2","CV2",5,1,"Brau-2014",0.376503479299411
"corrected","M2","CV2",5,1,"Brau-2015",0.848397502182728
"corrected","M2","CV2",5,1,"Brau-2016",0.774320469833276
"original","M3","CV2",5,1,"Aber-2015",0.570314071021457
"original","M3","CV2",5,1,"Aber-2016",0.66558058647245
"original","M3","CV2",5,1,"Brau-2014",0.598366685505532
"original","M3","CV2",5,1,"Brau-2015",0.871566328263283
"original","M3","CV2",5,1,"Brau-2016",0.750025500913022
"corrected","M3","CV2",5,1,"Aber-2015",0.569780939477975
"corrected","M3","CV2",5,1,"Aber-2016",0.666265014997193
"corrected","M3","CV2",5,1,"Brau-2014",0.595734695412921
"corrected","M3","CV2",5,1,"Brau-2015",0.874508402422496
"corrected","M3","CV2",5,1,"Brau-2016",0.765720775186296
"original","M2","CV1",6,1,"Aber-2015",0.668049951605502
"original","M2","CV1",6,1,"Aber-2016",0.286868274781957
"original","M2","CV1",6,1,"Brau-2014",-0.3299562995704
"original","M2","CV1",6,1,"Brau-2015",0.354081415960355
"original","M2","CV1",6,1,"Brau-2016",-0.219906935238398
"corrected","M2","CV1",6,1,"Aber-2015",0.66563724198039
"corrected","M2","CV1",6,1,"Aber-2016",0.29702587959729
"corrected","M2","CV1",6,1,"Brau-2014",-0.313691295024647
"corrected","M2","CV1",6,1,"Brau-2015",0.371013111145726
"corrected","M2","CV1",6,1,"Brau-2016",-0.189025821931488
"original","M3","CV1",6,1,"Aber-2015",0.588023831422888
"original","M3","CV1",6,1,"Aber-2016",0.257317437924828
"original","M3","CV1",6,1,"Brau-2014",-0.0284369731770121
"original","M3","CV1",6,1,"Brau-2015",0.287618764405819
"original","M3","CV1",6,1,"Brau-2016",-0.0550318129510358
"corrected","M3","CV1",6,1,"Aber-2015",0.579738636644949
"corrected","M3","CV1",6,1,"Aber-2016",0.274739464001994
"corrected","M3","CV1",6,1,"Brau-2014",0.0209522142818433
"corrected","M3","CV1",6,1,"Brau-2015",0.286930064358112
"corrected","M3","CV1",6,1,"Brau-2016",-0.0728908575474882
"original","M2","CV2",6,1,"Aber-2015",0.841418220047709
"original","M2","CV2",6,1,"Aber-2016",0.777960933735933
"original","M2","CV2",6,1,"Brau-2014",0.674456141738522
"original","M2","CV2",6,1,"Brau-2015",0.707422580376204
"original","M2","CV2",6,1,"Brau-2016",0.632942121115482
"corrected","M2","CV2",6,1,"Aber-2015",0.839525404978892
"corrected","M2","CV2",6,1,"Aber-2016",0.774329723250304
"corrected","M2","CV2",6,1,"Brau-2014",0.67437085649975
"corrected","M2","CV2",6,1,"Brau-2015",0.699750879701508
"corrected","M2","CV2",6,1,"Brau-2016",0.632771468171805
"original","M3","CV2",6,1,"Aber-2015",0.880087021449079
"original","M3","CV2",6,1,"Aber-2016",0.771508611087933
"original","M3","CV2",6,1,"Brau-2014",0.741474237813254
"original","M3","CV2",6,1,"Brau-2015",0.753047157818248
"original","M3","CV2",6,1,"Brau-2016",0.704217338888731
"corrected","M3","CV2",6,1,"Aber-2015",0.873658083803772
"corrected","M3","CV2",6,1,"Aber-2016",0.759455160143827
"corrected","M3","CV2",6,1,"Brau-2014",0.757432341382013
"corrected","M3","CV2",6,1,"Brau-2015",0.754539258571362
"corrected","M3","CV2",6,1,"Brau-2016",0.688847319670477
"original","M2","CV1",7,1,"Aber-2015",0.595291109429762
"original","M2","CV1",7,1,"Aber-2016",0.403509515432659
"original","M2","CV1",7,1,"Brau-2014",0.277730365421995
"original","M2","CV1",7,1,"Brau-2015",0.184883987341799
"original","M2","CV1",7,1,"Brau-2016",0.120799820321504
"corrected","M2","CV1",7,1,"Aber-2015",0.57818098918085
"corrected","M2","CV1",7,1,"Aber-2016",0.385608771302346
"corrected","M2","CV1",7,1,"Brau-2014",0.285222366266789
"corrected","M2","CV1",7,1,"Brau-2015",0.170636035785316
"corrected","M2","CV1",7,1,"Brau-2016",0.112571608563034
"original","M3","CV1",7,1,"Aber-2015",0.51894409802619
"original","M3","CV1",7,1,"Aber-2016",0.440402851652605
"original","M3","CV1",7,1,"Brau-2014",0.518818027718349
"original","M3","CV1",7,1,"Brau-2015",0.272968807424761
"original","M3","CV1",7,1,"Brau-2016",0.154982126348288
"corrected","M3","CV1",7,1,"Aber-2015",0.508578616148604
"corrected","M3","CV1",7,1,"Aber-2016",0.420297456956141
"corrected","M3","CV1",7,1,"Brau-2014",0.463171277526082
"corrected","M3","CV1",7,1,"Brau-2015",0.200656739047877
"corrected","M3","CV1",7,1,"Brau-2016",0.0780428841179314
"original","M2","CV2",7,1,"Aber-2015",0.797571842740953
"original","M2","CV2",7,1,"Aber-2016",0.645091208463235
"original","M2","CV2",7,1,"Brau-2014",0.36604351503914
"original","M2","CV2",7,1,"Brau-2015",0.712551033760018
"original","M2","CV2",7,1,"Brau-2016",0.460588941632737
"corrected","M2","CV2",7,1,"Aber-2015",0.795994060238497
"corrected","M2","CV2",7,1,"Aber-2016",0.649961883796873
"corrected","M2","CV2",7,1,"Brau-2014",0.361614032397051
"corrected","M2","CV2",7,1,"Brau-2015",0.70886570450912
"corrected","M2","CV2",7,1,"Brau-2016",0.453829680873369
"original","M3","CV2",7,1,"Aber-2015",0.825162924999704
"original","M3","CV2",7,1,"Aber-2016",0.517634532612866
"original","M3","CV2",7,1,"Brau-2014",0.675139666565323
"original","M3","CV2",7,1,"Brau-2015",0.707369186981397
"original","M3","CV2",7,1,"Brau-2016",0.554462768584259
"corrected","M3","CV2",7,1,"Aber-2015",0.809747602444059
"corrected","M3","CV2",7,1,"Aber-2016",0.546223662101372
"corrected","M3","CV2",7,1,"Brau-2014",0.656854200869992
"corrected","M3","CV2",7,1,"Brau-2015",0.708581345130694
"corrected","M3","CV2",7,1,"Brau-2016",0.54974250041039
"original","M2","CV1",8,1,"Aber-2015",0.556286953368246
"original","M2","CV1",8,1,"Aber-2016",0.415989799395413
"original","M2","CV1",8,1,"Brau-2014",0.472081196926549
"original","M2","CV1",8,1,"Brau-2015",0.678624578800152
"original","M2","CV1",8,1,"Brau-2016",0.588818340442267
"corrected","M2","CV1",8,1,"Aber-2015",0.563248627301165
"corrected","M2","CV1",8,1,"Aber-2016",0.415011028872152
"corrected","M2","CV1",8,1,"Brau-2014",0.480693321630317
"corrected","M2","CV1",8,1,"Brau-2015",0.669347775033391
"corrected","M2","CV1",8,1,"Brau-2016",0.577843267027662
"original","M3","CV1",8,1,"Aber-2015",0.597212689532304
"original","M3","CV1",8,1,"Aber-2016",0.433617557687822
"original","M3","CV1",8,1,"Brau-2014",0.623871345012498
"original","M3","CV1",8,1,"Brau-2015",0.704408228487154
"original","M3","CV1",8,1,"Brau-2016",0.6271114434346
"corrected","M3","CV1",8,1,"Aber-2015",0.573150585224218
"corrected","M3","CV1",8,1,"Aber-2016",0.429579649061773
"corrected","M3","CV1",8,1,"Brau-2014",0.648347934445057
"corrected","M3","CV1",8,1,"Brau-2015",0.682103498489868
"corrected","M3","CV1",8,1,"Brau-2016",0.627204598395134
"original","M2","CV2",8,1,"Aber-2015",0.768990501917617
"original","M2","CV2",8,1,"Aber-2016",0.550564188880182
"original","M2","CV2",8,1,"Brau-2014",0.771483993863515
"original","M2","CV2",8,1,"Brau-2015",0.77649996151697
"original","M2","CV2",8,1,"Brau-2016",0.657857304610219
"corrected","M2","CV2",8,1,"Aber-2015",0.767748850264153
"corrected","M2","CV2",8,1,"Aber-2016",0.538241371917803
"corrected","M2","CV2",8,1,"Brau-2014",0.775634358869427
"corrected","M2","CV2",8,1,"Brau-2015",0.769504586684981
"corrected","M2","CV2",8,1,"Brau-2016",0.654032992576316
"original","M3","CV2",8,1,"Aber-2015",0.775304374867261
"original","M3","CV2",8,1,"Aber-2016",0.511524365094825
"original","M3","CV2",8,1,"Brau-2014",0.844248276666818
"original","M3","CV2",8,1,"Brau-2015",0.797903603635409
"original","M3","CV2",8,1,"Brau-2016",0.698641523140982
"corrected","M3","CV2",8,1,"Aber-2015",0.769435952261234
"corrected","M3","CV2",8,1,"Aber-2016",0.521358985089416
"corrected","M3","CV2",8,1,"Brau-2014",0.841751395434823
"corrected","M3","CV2",8,1,"Brau-2015",0.789712122114283
"corrected","M3","CV2",8,1,"Brau-2016",0.698569813861548
"original","M2","CV1",9,1,"Aber-2015",0.639076871613955
"original","M2","CV1",9,1,"Aber-2016",0.422082247981378
"original","M2","CV1",9,1,"Brau-2014",0.39629570516627
"original","M2","CV1",9,1,"Brau-2015",0.365159496630993
"original","M2","CV1",9,1,"Brau-2016",0.286788952443143
"corrected","M2","CV1",9,1,"Aber-2015",0.63223080245793
"corrected","M2","CV1",9,1,"Aber-2016",0.413238186174375
"corrected","M2","CV1",9,1,"Brau-2014",0.407119875042903
"corrected","M2","CV1",9,1,"Brau-2015",0.370478949303191
"corrected","M2","CV1",9,1,"Brau-2016",0.271966399375281
"original","M3","CV1",9,1,"Aber-2015",0.668899436722957
"original","M3","CV1",9,1,"Aber-2016",0.471071624162514
"original","M3","CV1",9,1,"Brau-2014",0.49368630919912
"original","M3","CV1",9,1,"Brau-2015",0.348662623819693
"original","M3","CV1",9,1,"Brau-2016",0.239027987229531
"corrected","M3","CV1",9,1,"Aber-2015",0.657755012475919
"corrected","M3","CV1",9,1,"Aber-2016",0.444909330481695
"corrected","M3","CV1",9,1,"Brau-2014",0.504909532044012
"corrected","M3","CV1",9,1,"Brau-2015",0.324040749729051
"corrected","M3","CV1",9,1,"Brau-2016",0.292888013460243
"original","M2","CV2",9,1,"Aber-2015",0.867163281907676
"original","M2","CV2",9,1,"Aber-2016",0.709484206148868
"original","M2","CV2",9,1,"Brau-2014",0.20344824317673
"original","M2","CV2",9,1,"Brau-2015",0.682587800893688
"original","M2","CV2",9,1,"Brau-2016",0.45104357900793
"corrected","M2","CV2",9,1,"Aber-2015",0.864974526140171
"corrected","M2","CV2",9,1,"Aber-2016",0.709049088669273
"corrected","M2","CV2",9,1,"Brau-2014",0.210622898772547
"corrected","M2","CV2",9,1,"Brau-2015",0.686880336095798
"corrected","M2","CV2",9,1,"Brau-2016",0.449313685202606
"original","M3","CV2",9,1,"Aber-2015",0.875084602615848
"original","M3","CV2",9,1,"Aber-2016",0.68224108653111
"original","M3","CV2",9,1,"Brau-2014",0.402384976624842
"original","M3","CV2",9,1,"Brau-2015",0.734735004988802
"original","M3","CV2",9,1,"Brau-2016",0.256076153841915
"corrected","M3","CV2",9,1,"Aber-2015",0.859884983574535
"corrected","M3","CV2",9,1,"Aber-2016",0.677825337728313
"corrected","M3","CV2",9,1,"Brau-2014",0.389899918816214
"corrected","M3","CV2",9,1,"Brau-2015",0.741565695777396
"corrected","M3","CV2",9,1,"Brau-2016",0.252220036792138
"original","M2","CV1",10,1,"Aber-2015",0.577139457668937
"original","M2","CV1",10,1,"Aber-2016",0.454995837197985
"original","M2","CV1",10,1,"Brau-2014",-0.0218651686368138
"original","M2","CV1",10,1,"Brau-2015",0.437008812671434
"original","M2","CV1",10,1,"Brau-2016",0.389435367851596
"corrected","M2","CV1",10,1,"Aber-2015",0.560694284758157
"corrected","M2","CV1",10,1,"Aber-2016",0.436707288654526
"corrected","M2","CV1",10,1,"Brau-2014",-0.0288686226044783
"corrected","M2","CV1",10,1,"Brau-2015",0.437761163360599
"corrected","M2","CV1",10,1,"Brau-2016",0.3885285265965
"original","M3","CV1",10,1,"Aber-2015",0.478574475171436
"original","M3","CV1",10,1,"Aber-2016",0.457793278233019
"original","M3","CV1",10,1,"Brau-2014",0.174442052143106
"original","M3","CV1",10,1,"Brau-2015",0.380176152013286
"original","M3","CV1",10,1,"Brau-2016",0.236186861962293
"corrected","M3","CV1",10,1,"Aber-2015",0.474761646973516
"corrected","M3","CV1",10,1,"Aber-2016",0.44326311512934
"corrected","M3","CV1",10,1,"Brau-2014",0.217715277697683
"corrected","M3","CV1",10,1,"Brau-2015",0.400075024822015
"corrected","M3","CV1",10,1,"Brau-2016",0.308172378587758
"original","M2","CV2",10,1,"Aber-2015",0.882382618558419
"original","M2","CV2",10,1,"Aber-2016",0.819735265987526
"original","M2","CV2",10,1,"Brau-2014",0.0220074339284934
"original","M2","CV2",10,1,"Brau-2015",0.809713339829101
"original","M2","CV2",10,1,"Brau-2016",0.782021574316996
"corrected","M2","CV2",10,1,"Aber-2015",0.883339378375802
"corrected","M2","CV2",10,1,"Aber-2016",0.817867204455454
"corrected","M2","CV2",10,1,"Brau-2014",0.015613380045615
"corrected","M2","CV2",10,1,"Brau-2015",0.806001799576219
"corrected","M2","CV2",10,1,"Brau-2016",0.774610446771729
"original","M3","CV2",10,1,"Aber-2015",0.877799844519518
"original","M3","CV2",10,1,"Aber-2016",0.705267221463045
"original","M3","CV2",10,1,"Brau-2014",0.37708361479322
"original","M3","CV2",10,1,"Brau-2015",0.675427653021143
"original","M3","CV2",10,1,"Brau-2016",0.811588983385038
"corrected","M3","CV2",10,1,"Aber-2015",0.878762299801627
"corrected","M3","CV2",10,1,"Aber-2016",0.698450563739681
"corrected","M3","CV2",10,1,"Brau-2014",0.379901495757116
"corrected","M3","CV2",10,1,"Brau-2015",0.688662340035904
"corrected","M3","CV2",10,1,"Brau-2016",0.814548733520561
"original","M2","CV1",1,2,"Aber-2015",0.606236569282758
"original","M2","CV1",1,2,"Aber-2016",0.525855012550145
"original","M2","CV1",1,2,"Brau-2014",0.505156265222494
"original","M2","CV1",1,2,"Brau-2015",0.50433249591845
"original","M2","CV1",1,2,"Brau-2016",0.554317387093603
"corrected","M2","CV1",1,2,"Aber-2015",0.59387148462733
"corrected","M2","CV1",1,2,"Aber-2016",0.509914806252787
"corrected","M2","CV1",1,2,"Brau-2014",0.489590382312845
"corrected","M2","CV1",1,2,"Brau-2015",0.495311426262518
"corrected","M2","CV1",1,2,"Brau-2016",0.537410998465647
"original","M3","CV1",1,2,"Aber-2015",0.674659502633746
"original","M3","CV1",1,2,"Aber-2016",0.652796955677657
"original","M3","CV1",1,2,"Brau-2014",0.577765887705713
"original","M3","CV1",1,2,"Brau-2015",0.617423455671994
"original","M3","CV1",1,2,"Brau-2016",0.709831651306338
"corrected","M3","CV1",1,2,"Aber-2015",0.673104295900603
"corrected","M3","CV1",1,2,"Aber-2016",0.644237310501535
"corrected","M3","CV1",1,2,"Brau-2014",0.606109839464302
"corrected","M3","CV1",1,2,"Brau-2015",0.608908653160706
"corrected","M3","CV1",1,2,"Brau-2016",0.736518829709566
"original","M2","CV2",1,2,"Aber-2015",0.93523350183023
"original","M2","CV2",1,2,"Aber-2016",0.691374672473096
"original","M2","CV2",1,2,"Brau-2014",0.427702617701139
"original","M2","CV2",1,2,"Brau-2015",0.709745350084658
"original","M2","CV2",1,2,"Brau-2016",0.626217385574439
"corrected","M2","CV2",1,2,"Aber-2015",0.936417981043478
"corrected","M2","CV2",1,2,"Aber-2016",0.690677598997572
"corrected","M2","CV2",1,2,"Brau-2014",0.428383813679652
"corrected","M2","CV2",1,2,"Brau-2015",0.703495802073174
"corrected","M2","CV2",1,2,"Brau-2016",0.618762571244739
"original","M3","CV2",1,2,"Aber-2015",0.928705299233601
"original","M3","CV2",1,2,"Aber-2016",0.597593057356385
"original","M3","CV2",1,2,"Brau-2014",0.551893930091336
"original","M3","CV2",1,2,"Brau-2015",0.756519954501525
"original","M3","CV2",1,2,"Brau-2016",0.638037706694315
"corrected","M3","CV2",1,2,"Aber-2015",0.924259492057965
"corrected","M3","CV2",1,2,"Aber-2016",0.597026004171572
"corrected","M3","CV2",1,2,"Brau-2014",0.547667741632755
"corrected","M3","CV2",1,2,"Brau-2015",0.758349177756602
"corrected","M3","CV2",1,2,"Brau-2016",0.637824371873506
"original","M2","CV1",2,2,"Aber-2015",0.755242507647758
"original","M2","CV1",2,2,"Aber-2016",0.544967455958536
"original","M2","CV1",2,2,"Brau-2014",0.57138154943356
"original","M2","CV1",2,2,"Brau-2015",0.320563180161827
"original","M2","CV1",2,2,"Brau-2016",0.146854910918456
"corrected","M2","CV1",2,2,"Aber-2015",0.748430025604236
"corrected","M2","CV1",2,2,"Aber-2016",0.536455524415344
"corrected","M2","CV1",2,2,"Brau-2014",0.569071463826639
"corrected","M2","CV1",2,2,"Brau-2015",0.312881677151769
"corrected","M2","CV1",2,2,"Brau-2016",0.127544514503918
"original","M3","CV1",2,2,"Aber-2015",0.741594628515153
"original","M3","CV1",2,2,"Aber-2016",0.539251835738158
"original","M3","CV1",2,2,"Brau-2014",0.640855073184816
"original","M3","CV1",2,2,"Brau-2015",0.445253532422555
"original","M3","CV1",2,2,"Brau-2016",0.187966924114252
"corrected","M3","CV1",2,2,"Aber-2015",0.711660506195657
"corrected","M3","CV1",2,2,"Aber-2016",0.508642901525938
"corrected","M3","CV1",2,2,"Brau-2014",0.639327456108945
"corrected","M3","CV1",2,2,"Brau-2015",0.426038925142369
"corrected","M3","CV1",2,2,"Brau-2016",0.154946509583209
"original","M2","CV2",2,2,"Aber-2015",0.735135537681546
"original","M2","CV2",2,2,"Aber-2016",0.89294613439874
"original","M2","CV2",2,2,"Brau-2014",0.675805087897817
"original","M2","CV2",2,2,"Brau-2015",0.675714713266105
"original","M2","CV2",2,2,"Brau-2016",0.651838253424855
"corrected","M2","CV2",2,2,"Aber-2015",0.744709579279377
"corrected","M2","CV2",2,2,"Aber-2016",0.889626694241283
"corrected","M2","CV2",2,2,"Brau-2014",0.677123933428278
"corrected","M2","CV2",2,2,"Brau-2015",0.669290675019998
"corrected","M2","CV2",2,2,"Brau-2016",0.652274458571548
"original","M3","CV2",2,2,"Aber-2015",0.750147321483931
"original","M3","CV2",2,2,"Aber-2016",0.873259419256752
"original","M3","CV2",2,2,"Brau-2014",0.734047083533446
"original","M3","CV2",2,2,"Brau-2015",0.694782546293325
"original","M3","CV2",2,2,"Brau-2016",0.663244267812725
"corrected","M3","CV2",2,2,"Aber-2015",0.763965533461437
"corrected","M3","CV2",2,2,"Aber-2016",0.87823621119829
"corrected","M3","CV2",2,2,"Brau-2014",0.734198397011575
"corrected","M3","CV2",2,2,"Brau-2015",0.686874127392581
"corrected","M3","CV2",2,2,"Brau-2016",0.649875104661202
"original","M2","CV1",3,2,"Aber-2015",0.434468299809293
"original","M2","CV1",3,2,"Aber-2016",0.479582902193759
"original","M2","CV1",3,2,"Brau-2014",0.663935357825187
"original","M2","CV1",3,2,"Brau-2015",0.475713910768785
"original","M2","CV1",3,2,"Brau-2016",0.392838875858931
"corrected","M2","CV1",3,2,"Aber-2015",0.432975185615861
"corrected","M2","CV1",3,2,"Aber-2016",0.480801960778111
"corrected","M2","CV1",3,2,"Brau-2014",0.659079477896518
"corrected","M2","CV1",3,2,"Brau-2015",0.48264614237063
"corrected","M2","CV1",3,2,"Brau-2016",0.395779613914546
"original","M3","CV1",3,2,"Aber-2015",0.640236519928862
"original","M3","CV1",3,2,"Aber-2016",0.635892680486211
"original","M3","CV1",3,2,"Brau-2014",0.792759296270684
"original","M3","CV1",3,2,"Brau-2015",0.507505642849551
"original","M3","CV1",3,2,"Brau-2016",0.487317776444389
"corrected","M3","CV1",3,2,"Aber-2015",0.653256977150288
"corrected","M3","CV1",3,2,"Aber-2016",0.64322915099205
"corrected","M3","CV1",3,2,"Brau-2014",0.783050314243323
"corrected","M3","CV1",3,2,"Brau-2015",0.499008901334496
"corrected","M3","CV1",3,2,"Brau-2016",0.478908120604055
"original","M2","CV2",3,2,"Aber-2015",0.82577519233888
"original","M2","CV2",3,2,"Aber-2016",0.745784912840341
"original","M2","CV2",3,2,"Brau-2014",0.41171699292736
"original","M2","CV2",3,2,"Brau-2015",0.733276120616431
"original","M2","CV2",3,2,"Brau-2016",0.500243280874319
"corrected","M2","CV2",3,2,"Aber-2015",0.82228664903627
"corrected","M2","CV2",3,2,"Aber-2016",0.744721851244279
"corrected","M2","CV2",3,2,"Brau-2014",0.416727236777715
"corrected","M2","CV2",3,2,"Brau-2015",0.732308178586185
"corrected","M2","CV2",3,2,"Brau-2016",0.499308263276886
"original","M3","CV2",3,2,"Aber-2015",0.857112536081951
"original","M3","CV2",3,2,"Aber-2016",0.732991903701424
"original","M3","CV2",3,2,"Brau-2014",0.532020880473744
"original","M3","CV2",3,2,"Brau-2015",0.734990631638362
"original","M3","CV2",3,2,"Brau-2016",0.570364248618754
"corrected","M3","CV2",3,2,"Aber-2015",0.850402310866241
"corrected","M3","CV2",3,2,"Aber-2016",0.7228743961243
"corrected","M3","CV2",3,2,"Brau-2014",0.537990465362042
"corrected","M3","CV2",3,2,"Brau-2015",0.763260065769783
"corrected","M3","CV2",3,2,"Brau-2016",0.576762105950834
"original","M2","CV1",4,2,"Aber-2015",0.532690055460629
"original","M2","CV1",4,2,"Aber-2016",0.350990171311037
"original","M2","CV1",4,2,"Brau-2014",0.424759501810637
"original","M2","CV1",4,2,"Brau-2015",0.400352333732052
"original","M2","CV1",4,2,"Brau-2016",0.232930076306375
"corrected","M2","CV1",4,2,"Aber-2015",0.517567124584573
"corrected","M2","CV1",4,2,"Aber-2016",0.339510638135293
"corrected","M2","CV1",4,2,"Brau-2014",0.43658647697692
"corrected","M2","CV1",4,2,"Brau-2015",0.395134482927274
"corrected","M2","CV1",4,2,"Brau-2016",0.218584100195453
"original","M3","CV1",4,2,"Aber-2015",0.579445531462096
"original","M3","CV1",4,2,"Aber-2016",0.442433457889008
"original","M3","CV1",4,2,"Brau-2014",0.5753598134754
"original","M3","CV1",4,2,"Brau-2015",0.455217267173676
"original","M3","CV1",4,2,"Brau-2016",0.279913523114809
"corrected","M3","CV1",4,2,"Aber-2015",0.582216915823251
"corrected","M3","CV1",4,2,"Aber-2016",0.427877325392894
"corrected","M3","CV1",4,2,"Brau-2014",0.569144709663028
"corrected","M3","CV1",4,2,"Brau-2015",0.486402252274319
"corrected","M3","CV1",4,2,"Brau-2016",0.251168122019776
"original","M2","CV2",4,2,"Aber-2015",0.680795419803379
"original","M2","CV2",4,2,"Aber-2016",0.893733753094455
"original","M2","CV2",4,2,"Brau-2014",0.143865693505239
"original","M2","CV2",4,2,"Brau-2015",0.700364905122909
"original","M2","CV2",4,2,"Brau-2016",0.43280152923695
"corrected","M2","CV2",4,2,"Aber-2015",0.678565991994994
"corrected","M2","CV2",4,2,"Aber-2016",0.894312899535272
"corrected","M2","CV2",4,2,"Brau-2014",0.148269520518529
"corrected","M2","CV2",4,2,"Brau-2015",0.705680302298281
"corrected","M2","CV2",4,2,"Brau-2016",0.426614867075951
"original","M3","CV2",4,2,"Aber-2015",0.745897791429564
"original","M3","CV2",4,2,"Aber-2016",0.793830238970383
"original","M3","CV2",4,2,"Brau-2014",0.528589337339803
"original","M3","CV2",4,2,"Brau-2015",0.756305821829547
"original","M3","CV2",4,2,"Brau-2016",0.453914088289232
"corrected","M3","CV2",4,2,"Aber-2015",0.736118914721882
"corrected","M3","CV2",4,2,"Aber-2016",0.800902462752233
"corrected","M3","CV2",4,2,"Brau-2014",0.519764949289252
"corrected","M3","CV2",4,2,"Brau-2015",0.755241074943524
"corrected","M3","CV2",4,2,"Brau-2016",0.458297473827004
"original","M2","CV1",5,2,"Aber-2015",0.611280851373106
"original","M2","CV1",5,2,"Aber-2016",0.433110820465405
"original","M2","CV1",5,2,"Brau-2014",0.522718525146001
"original","M2","CV1",5,2,"Brau-2015",0.632567640696325
"original","M2","CV1",5,2,"Brau-2016",0.402782744986991
"corrected","M2","CV1",5,2,"Aber-2015",0.590796207275941
"corrected","M2","CV1",5,2,"Aber-2016",0.415974024550043
"corrected","M2","CV1",5,2,"Brau-2014",0.512896467781944
"corrected","M2","CV1",5,2,"Brau-2015",0.640003552920456
"corrected","M2","CV1",5,2,"Brau-2016",0.406861239558865
"original","M3","CV1",5,2,"Aber-2015",0.66647447369926
"original","M3","CV1",5,2,"Aber-2016",0.560555423747061
"original","M3","CV1",5,2,"Brau-2014",0.663831015595211
"original","M3","CV1",5,2,"Brau-2015",0.69157270379681
"original","M3","CV1",5,2,"Brau-2016",0.432684906883816
"corrected","M3","CV1",5,2,"Aber-2015",0.662681901527334
"corrected","M3","CV1",5,2,"Aber-2016",0.539883307611168
"corrected","M3","CV1",5,2,"Brau-2014",0.643651125133432
"corrected","M3","CV1",5,2,"Brau-2015",0.686201205262941
"corrected","M3","CV1",5,2,"Brau-2016",0.412481234721768
"original","M2","CV2",5,2,"Aber-2015",0.760638762791085
"original","M2","CV2",5,2,"Aber-2016",0.8617474866338
"original","M2","CV2",5,2,"Brau-2014",0.537212828202433
"original","M2","CV2",5,2,"Brau-2015",0.744331564157287
"original","M2","CV2",5,2,"Brau-2016",0.51309679322058
"corrected","M2","CV2",5,2,"Aber-2015",0.757395131225919
"corrected","M2","CV2",5,2,"Aber-2016",0.865473260798266
"corrected","M2","CV2",5,2,"Brau-2014",0.543961470963345
"corrected","M2","CV2",5,2,"Brau-2015",0.739625599609326
"corrected","M2","CV2",5,2,"Brau-2016",0.50929679017286
"original","M3","CV2",5,2,"Aber-2015",0.818462442519834
"original","M3","CV2",5,2,"Aber-2016",0.830922644304774
"original","M3","CV2",5,2,"Brau-2014",0.615356325351802
"original","M3","CV2",5,2,"Brau-2015",0.728484381274303
"original","M3","CV2",5,2,"Brau-2016",0.584901615832998
"corrected","M3","CV2",5,2,"Aber-2015",0.817941208365218
"corrected","M3","CV2",5,2,"Aber-2016",0.829939872515814
"corrected","M3","CV2",5,2,"Brau-2014",0.614730406622672
"corrected","M3","CV2",5,2,"Brau-2015",0.753094902205139
"corrected","M3","CV2",5,2,"Brau-2016",0.586044794450856
"original","M2","CV1",6,2,"Aber-2015",0.724138123176329
"original","M2","CV1",6,2,"Aber-2016",0.609038006646885
"original","M2","CV1",6,2,"Brau-2014",0.537479047508434
"original","M2","CV1",6,2,"Brau-2015",0.571368285053559
"original","M2","CV1",6,2,"Brau-2016",0.518860429091638
"corrected","M2","CV1",6,2,"Aber-2015",0.718953550634935
"corrected","M2","CV1",6,2,"Aber-2016",0.589034641295444
"corrected","M2","CV1",6,2,"Brau-2014",0.522332242505984
"corrected","M2","CV1",6,2,"Brau-2015",0.55646407025529
"corrected","M2","CV1",6,2,"Brau-2016",0.499031969811318
"original","M3","CV1",6,2,"Aber-2015",0.68061585472825
"original","M3","CV1",6,2,"Aber-2016",0.507683268970619
"original","M3","CV1",6,2,"Brau-2014",0.740542815040082
"original","M3","CV1",6,2,"Brau-2015",0.661065214846576
"original","M3","CV1",6,2,"Brau-2016",0.454392641405227
"corrected","M3","CV1",6,2,"Aber-2015",0.683874562965155
"corrected","M3","CV1",6,2,"Aber-2016",0.518935138805737
"corrected","M3","CV1",6,2,"Brau-2014",0.724290324851943
"corrected","M3","CV1",6,2,"Brau-2015",0.652411048205729
"corrected","M3","CV1",6,2,"Brau-2016",0.44489422258448
"original","M2","CV2",6,2,"Aber-2015",0.751188215770454
"original","M2","CV2",6,2,"Aber-2016",0.731128066712834
"original","M2","CV2",6,2,"Brau-2014",0.459524625216315
"original","M2","CV2",6,2,"Brau-2015",0.65915934151213
"original","M2","CV2",6,2,"Brau-2016",0.415743798117827
"corrected","M2","CV2",6,2,"Aber-2015",0.755632748948245
"corrected","M2","CV2",6,2,"Aber-2016",0.727574726935029
"corrected","M2","CV2",6,2,"Brau-2014",0.462252348484714
"corrected","M2","CV2",6,2,"Brau-2015",0.654188767111965
"corrected","M2","CV2",6,2,"Brau-2016",0.401937135136575
"original","M3","CV2",6,2,"Aber-2015",0.755902454787828
"original","M3","CV2",6,2,"Aber-2016",0.744906292290786
"original","M3","CV2",6,2,"Brau-2014",0.668433547534485
"original","M3","CV2",6,2,"Brau-2015",0.664033557238034
"original","M3","CV2",6,2,"Brau-2016",0.436858165678633
"corrected","M3","CV2",6,2,"Aber-2015",0.768643869810365
"corrected","M3","CV2",6,2,"Aber-2016",0.758718775287523
"corrected","M3","CV2",6,2,"Brau-2014",0.686764678379471
"corrected","M3","CV2",6,2,"Brau-2015",0.678117626108739
"corrected","M3","CV2",6,2,"Brau-2016",0.428143550433104
"original","M2","CV1",7,2,"Aber-2015",0.684499476294927
"original","M2","CV1",7,2,"Aber-2016",0.608343576002512
"original","M2","CV1",7,2,"Brau-2014",0.667245433308742
"original","M2","CV1",7,2,"Brau-2015",0.40419414443288
"original","M2","CV1",7,2,"Brau-2016",0.359535294831921
"corrected","M2","CV1",7,2,"Aber-2015",0.681635334035067
"corrected","M2","CV1",7,2,"Aber-2016",0.603360109323491
"corrected","M2","CV1",7,2,"Brau-2014",0.664158783004122
"corrected","M2","CV1",7,2,"Brau-2015",0.406804052776598
"corrected","M2","CV1",7,2,"Brau-2016",0.361940565498626
"original","M3","CV1",7,2,"Aber-2015",0.779031291830278
"original","M3","CV1",7,2,"Aber-2016",0.743261214837624
"original","M3","CV1",7,2,"Brau-2014",0.811089979565992
"original","M3","CV1",7,2,"Brau-2015",0.469804779517855
"original","M3","CV1",7,2,"Brau-2016",0.602215474187857
"corrected","M3","CV1",7,2,"Aber-2015",0.774749659985541
"corrected","M3","CV1",7,2,"Aber-2016",0.735706148032089
"corrected","M3","CV1",7,2,"Brau-2014",0.812356386075586
"corrected","M3","CV1",7,2,"Brau-2015",0.458057035500906
"corrected","M3","CV1",7,2,"Brau-2016",0.615865035655664
"original","M2","CV2",7,2,"Aber-2015",0.826672718491808
"original","M2","CV2",7,2,"Aber-2016",0.681676839890026
"original","M2","CV2",7,2,"Brau-2014",0.587237131163978
"original","M2","CV2",7,2,"Brau-2015",0.927856751930452
"original","M2","CV2",7,2,"Brau-2016",0.82266417052797
"corrected","M2","CV2",7,2,"Aber-2015",0.830794551110509
"corrected","M2","CV2",7,2,"Aber-2016",0.683715510783329
"corrected","M2","CV2",7,2,"Brau-2014",0.589220239403065
"corrected","M2","CV2",7,2,"Brau-2015",0.928250651694974
"corrected","M2","CV2",7,2,"Brau-2016",0.819115765741713
"original","M3","CV2",7,2,"Aber-2015",0.798982360577905
"original","M3","CV2",7,2,"Aber-2016",0.718611121920415
"original","M3","CV2",7,2,"Brau-2014",0.719350500947243
"original","M3","CV2",7,2,"Brau-2015",0.933729461441378
"original","M3","CV2",7,2,"Brau-2016",0.826468737090961
"corrected","M3","CV2",7,2,"Aber-2015",0.797493565862243
"corrected","M3","CV2",7,2,"Aber-2016",0.7216582776116
"corrected","M3","CV2",7,2,"Brau-2014",0.728548750357833
"corrected","M3","CV2",7,2,"Brau-2015",0.934576741093953
"corrected","M3","CV2",7,2,"Brau-2016",0.829741277687265
"original","M2","CV1",8,2,"Aber-2015",0.704481984914527
"original","M2","CV1",8,2,"Aber-2016",0.625444201371323
"original","M2","CV1",8,2,"Brau-2014",0.517531819816682
"original","M2","CV1",8,2,"Brau-2015",0.524617327066835
"original","M2","CV1",8,2,"Brau-2016",0.546892794751803
"corrected","M2","CV1",8,2,"Aber-2015",0.699731390184856
"corrected","M2","CV1",8,2,"Aber-2016",0.61997185811581
"corrected","M2","CV1",8,2,"Brau-2014",0.502809004386909
"corrected","M2","CV1",8,2,"Brau-2015",0.501205693981609
"corrected","M2","CV1",8,2,"Brau-2016",0.527423764716605
"original","M3","CV1",8,2,"Aber-2015",0.696836875248146
"original","M3","CV1",8,2,"Aber-2016",0.652537104228184
"original","M3","CV1",8,2,"Brau-2014",0.559157028660783
"original","M3","CV1",8,2,"Brau-2015",0.537789751246662
"original","M3","CV1",8,2,"Brau-2016",0.328189853199338
"corrected","M3","CV1",8,2,"Aber-2015",0.700193799420996
"corrected","M3","CV1",8,2,"Aber-2016",0.64864216712827
"corrected","M3","CV1",8,2,"Brau-2014",0.63336057307018
"corrected","M3","CV1",8,2,"Brau-2015",0.561746508871047
"corrected","M3","CV1",8,2,"Brau-2016",0.409546222449445
"original","M2","CV2",8,2,"Aber-2015",0.894374888883938
"original","M2","CV2",8,2,"Aber-2016",0.807201418965045
"original","M2","CV2",8,2,"Brau-2014",0.433803204895266
"original","M2","CV2",8,2,"Brau-2015",0.539988978053027
"original","M2","CV2",8,2,"Brau-2016",0.481313809228657
"corrected","M2","CV2",8,2,"Aber-2015",0.892625854031911
"corrected","M2","CV2",8,2,"Aber-2016",0.802022321674809
"corrected","M2","CV2",8,2,"Brau-2014",0.439585940464825
"corrected","M2","CV2",8,2,"Brau-2015",0.543518090793524
"corrected","M2","CV2",8,2,"Brau-2016",0.479316989007393
"original","M3","CV2",8,2,"Aber-2015",0.894684329860873
"original","M3","CV2",8,2,"Aber-2016",0.755659699865834
"original","M3","CV2",8,2,"Brau-2014",0.578079389344868
"original","M3","CV2",8,2,"Brau-2015",0.548015531122029
"original","M3","CV2",8,2,"Brau-2016",0.488253640150696
"corrected","M3","CV2",8,2,"Aber-2015",0.889942149168184
"corrected","M3","CV2",8,2,"Aber-2016",0.759878218640799
"corrected","M3","CV2",8,2,"Brau-2014",0.573238780768387
"corrected","M3","CV2",8,2,"Brau-2015",0.552935625315414
"corrected","M3","CV2",8,2,"Brau-2016",0.488768490516814
"original","M2","CV1",9,2,"Aber-2015",0.375210364695978
"original","M2","CV1",9,2,"Aber-2016",0.37541169247534
"original","M2","CV1",9,2,"Brau-2014",0.348468757337591
"original","M2","CV1",9,2,"Brau-2015",0.60087567030141
"original","M2","CV1",9,2,"Brau-2016",0.41012400142564
"corrected","M2","CV1",9,2,"Aber-2015",0.392416714572862
"corrected","M2","CV1",9,2,"Aber-2016",0.397412385866763
"corrected","M2","CV1",9,2,"Brau-2014",0.353262969419446
"corrected","M2","CV1",9,2,"Brau-2015",0.611557448086618
"corrected","M2","CV1",9,2,"Brau-2016",0.431046873896848
"original","M3","CV1",9,2,"Aber-2015",0.506823914960481
"original","M3","CV1",9,2,"Aber-2016",0.480785317290577
"original","M3","CV1",9,2,"Brau-2014",0.414205012137578
"original","M3","CV1",9,2,"Brau-2015",0.620695681076237
"original","M3","CV1",9,2,"Brau-2016",0.473624905903162
"corrected","M3","CV1",9,2,"Aber-2015",0.499057499690958
"corrected","M3","CV1",9,2,"Aber-2016",0.472532711303262
"corrected","M3","CV1",9,2,"Brau-2014",0.390810391373775
"corrected","M3","CV1",9,2,"Brau-2015",0.598398585331238
"corrected","M3","CV1",9,2,"Brau-2016",0.437551679197309
"original","M2","CV2",9,2,"Aber-2015",0.700851817926904
"original","M2","CV2",9,2,"Aber-2016",0.691438224230058
"original","M2","CV2",9,2,"Brau-2014",0.465002991236488
"original","M2","CV2",9,2,"Brau-2015",0.740751114090121
"original","M2","CV2",9,2,"Brau-2016",0.196948582922687
"corrected","M2","CV2",9,2,"Aber-2015",0.699092054299896
"corrected","M2","CV2",9,2,"Aber-2016",0.690023877800198
"corrected","M2","CV2",9,2,"Brau-2014",0.470060492895337
"corrected","M2","CV2",9,2,"Brau-2015",0.739120980527645
"corrected","M2","CV2",9,2,"Brau-2016",0.190105319290437
"original","M3","CV2",9,2,"Aber-2015",0.718818167288914
"original","M3","CV2",9,2,"Aber-2016",0.687698112735776
"original","M3","CV2",9,2,"Brau-2014",0.59847739741252
"original","M3","CV2",9,2,"Brau-2015",0.74424178952164
"original","M3","CV2",9,2,"Brau-2016",0.211455116593833
"corrected","M3","CV2",9,2,"Aber-2015",0.733022256673039
"corrected","M3","CV2",9,2,"Aber-2016",0.683794461697322
"corrected","M3","CV2",9,2,"Brau-2014",0.605135633223427
"corrected","M3","CV2",9,2,"Brau-2015",0.74393259440817
"corrected","M3","CV2",9,2,"Brau-2016",0.257994439404301
"original","M2","CV1",10,2,"Aber-2015",0.609915773685262
"original","M2","CV1",10,2,"Aber-2016",0.574277101275381
"original","M2","CV1",10,2,"Brau-2014",0.616471693601469
"original","M2","CV1",10,2,"Brau-2015",0.547878069462854
"original","M2","CV1",10,2,"Brau-2016",0.323310128840421
"corrected","M2","CV1",10,2,"Aber-2015",0.600495871301783
"corrected","M2","CV1",10,2,"Aber-2016",0.560146358548713
"corrected","M2","CV1",10,2,"Brau-2014",0.607782071296539
"corrected","M2","CV1",10,2,"Brau-2015",0.530682834346562
"corrected","M2","CV1",10,2,"Brau-2016",0.294572800175103
"original","M3","CV1",10,2,"Aber-2015",0.60660774001512
"original","M3","CV1",10,2,"Aber-2016",0.601096448515962
"original","M3","CV1",10,2,"Brau-2014",0.756413834644721
"original","M3","CV1",10,2,"Brau-2015",0.589279718879395
"original","M3","CV1",10,2,"Brau-2016",0.359090490342014
"corrected","M3","CV1",10,2,"Aber-2015",0.595685862609554
"corrected","M3","CV1",10,2,"Aber-2016",0.582069730431875
"corrected","M3","CV1",10,2,"Brau-2014",0.778536617747012
"corrected","M3","CV1",10,2,"Brau-2015",0.582224096297819
"corrected","M3","CV1",10,2,"Brau-2016",0.364277701009393
"original","M2","CV2",10,2,"Aber-2015",0.657662696195405
"original","M2","CV2",10,2,"Aber-2016",0.859732670701591
"original","M2","CV2",10,2,"Brau-2014",0.589197019876641
"original","M2","CV2",10,2,"Brau-2015",0.757267654422036
"original","M2","CV2",10,2,"Brau-2016",0.396658575722267
"corrected","M2","CV2",10,2,"Aber-2015",0.667412722177536
"corrected","M2","CV2",10,2,"Aber-2016",0.86373372231784
"corrected","M2","CV2",10,2,"Brau-2014",0.590434806751346
"corrected","M2","CV2",10,2,"Brau-2015",0.757928683102218
"corrected","M2","CV2",10,2,"Brau-2016",0.410170509066919
"original","M3","CV2",10,2,"Aber-2015",0.715837604920987
"original","M3","CV2",10,2,"Aber-2016",0.85640300293862
"original","M3","CV2",10,2,"Brau-2014",0.643516304565789
"original","M3","CV2",10,2,"Brau-2015",0.760958056166737
"original","M3","CV2",10,2,"Brau-2016",0.30120916283062
"corrected","M3","CV2",10,2,"Aber-2015",0.710341644252152
"corrected","M3","CV2",10,2,"Aber-2016",0.861565366611162
"corrected","M3","CV2",10,2,"Brau-2014",0.624400764397319
"corrected","M3","CV2",10,2,"Brau-2015",0.751082913518845
"corrected","M3","CV2",10,2,"Brau-2016",0.334979680996628
"original","M2","CV1",1,3,"Aber-2015",0.356920125168106
"original","M2","CV1",1,3,"Aber-2016",0.146093962008777
"original","M2","CV1",1,3,"Brau-2014",-0.177825799222738
"original","M2","CV1",1,3,"Brau-2015",0.326609282012321
"original","M2","CV1",1,3,"Brau-2016",0.222197436228949
"corrected","M2","CV1",1,3,"Aber-2015",0.368558235230744
"corrected","M2","CV1",1,3,"Aber-2016",0.160081559738044
"corrected","M2","CV1",1,3,"Brau-2014",-0.199977624951118
"corrected","M2","CV1",1,3,"Brau-2015",0.324054513239739
"corrected","M2","CV1",1,3,"Brau-2016",0.17199163737692
"original","M3","CV1",1,3,"Aber-2015",0.399444953451872
"original","M3","CV1",1,3,"Aber-2016",0.281037317837255
"original","M3","CV1",1,3,"Brau-2014",0.350311220340837
"original","M3","CV1",1,3,"Brau-2015",0.409039075097748
"original","M3","CV1",1,3,"Brau-2016",0.206911417677594
"corrected","M3","CV1",1,3,"Aber-2015",0.438290834804709
"corrected","M3","CV1",1,3,"Aber-2016",0.275935937609422
"corrected","M3","CV1",1,3,"Brau-2014",0.435908999350737
"corrected","M3","CV1",1,3,"Brau-2015",0.3484499892564
"corrected","M3","CV1",1,3,"Brau-2016",0.21074448859626
"original","M2","CV2",1,3,"Aber-2015",0.671614076498782
"original","M2","CV2",1,3,"Aber-2016",0.763001959165698
"original","M2","CV2",1,3,"Brau-2014",0.408430449252668
"original","M2","CV2",1,3,"Brau-2015",0.638034531102201
"original","M2","CV2",1,3,"Brau-2016",0.0663243947140406
"corrected","M2","CV2",1,3,"Aber-2015",0.667781977721874
"corrected","M2","CV2",1,3,"Aber-2016",0.76192819428879
"corrected","M2","CV2",1,3,"Brau-2014",0.409293699099268
"corrected","M2","CV2",1,3,"Brau-2015",0.632318930054658
"corrected","M2","CV2",1,3,"Brau-2016",0.063798891235425
"original","M3","CV2",1,3,"Aber-2015",0.719056691161578
"original","M3","CV2",1,3,"Aber-2016",0.758595658326807
"original","M3","CV2",1,3,"Brau-2014",0.568871455629684
"original","M3","CV2",1,3,"Brau-2015",0.664467673170779
"original","M3","CV2",1,3,"Brau-2016",0.093215357177556
"corrected","M3","CV2",1,3,"Aber-2015",0.710625653242971
"corrected","M3","CV2",1,3,"Aber-2016",0.75885424087816
"corrected","M3","CV2",1,3,"Brau-2014",0.597463318387006
"corrected","M3","CV2",1,3,"Brau-2015",0.660851776711101
"corrected","M3","CV2",1,3,"Brau-2016",0.087857085999785
"original","M2","CV1",2,3,"Aber-2015",0.678004732229551
"original","M2","CV1",2,3,"Aber-2016",0.492949446129098
"original","M2","CV1",2,3,"Brau-2014",0.553371005344355
"original","M2","CV1",2,3,"Brau-2015",0.688557550725106
"original","M2","CV1",2,3,"Brau-2016",0.592161705441316
"corrected","M2","CV1",2,3,"Aber-2015",0.678865329654007
"corrected","M2","CV1",2,3,"Aber-2016",0.486994333907426
"corrected","M2","CV1",2,3,"Brau-2014",0.567325452484809
"corrected","M2","CV1",2,3,"Brau-2015",0.688174105347628
"corrected","M2","CV1",2,3,"Brau-2016",0.584685417654001
"original","M3","CV1",2,3,"Aber-2015",0.595840026864121
"original","M3","CV1",2,3,"Aber-2016",0.482649240448336
"original","M3","CV1",2,3,"Brau-2014",0.524650188909667
"original","M3","CV1",2,3,"Brau-2015",0.640964105506266
"original","M3","CV1",2,3,"Brau-2016",0.510497020245642
"corrected","M3","CV1",2,3,"Aber-2015",0.610233578367777
"corrected","M3","CV1",2,3,"Aber-2016",0.4727829215678
"corrected","M3","CV1",2,3,"Brau-2014",0.552328047505694
"corrected","M3","CV1",2,3,"Brau-2015",0.650698392939613
"corrected","M3","CV1",2,3,"Brau-2016",0.522615749563854
"original","M2","CV2",2,3,"Aber-2015",0.743931499926276
"original","M2","CV2",2,3,"Aber-2016",0.786656086884577
"original","M2","CV2",2,3,"Brau-2014",0.739183930427176
"original","M2","CV2",2,3,"Brau-2015",0.720677253447555
"original","M2","CV2",2,3,"Brau-2016",0.721652637763265
"corrected","M2","CV2",2,3,"Aber-2015",0.737062845885483
"corrected","M2","CV2",2,3,"Aber-2016",0.787207381922845
"corrected","M2","CV2",2,3,"Brau-2014",0.737819100428546
"corrected","M2","CV2",2,3,"Brau-2015",0.717759080274313
"corrected","M2","CV2",2,3,"Brau-2016",0.717886355290782
"original","M3","CV2",2,3,"Aber-2015",0.811313606910182
"original","M3","CV2",2,3,"Aber-2016",0.787828960343304
"original","M3","CV2",2,3,"Brau-2014",0.786947063015082
"original","M3","CV2",2,3,"Brau-2015",0.731956141969991
"original","M3","CV2",2,3,"Brau-2016",0.794796988144091
"corrected","M3","CV2",2,3,"Aber-2015",0.800947271556165
"corrected","M3","CV2",2,3,"Aber-2016",0.792978179886444
"corrected","M3","CV2",2,3,"Brau-2014",0.808228858426515
"corrected","M3","CV2",2,3,"Brau-2015",0.735697669861857
"corrected","M3","CV2",2,3,"Brau-2016",0.798573821838896
"original","M2","CV1",3,3,"Aber-2015",0.449216863361298
"original","M2","CV1",3,3,"Aber-2016",0.185377182987134
"original","M2","CV1",3,3,"Brau-2014",0.176584007576644
"original","M2","CV1",3,3,"Brau-2015",-0.0113947506781577
"original","M2","CV1",3,3,"Brau-2016",-0.565387425276458
"corrected","M2","CV1",3,3,"Aber-2015",0.450434705666719
"corrected","M2","CV1",3,3,"Aber-2016",0.181287979161855
"corrected","M2","CV1",3,3,"Brau-2014",0.170308223004729
"corrected","M2","CV1",3,3,"Brau-2015",-0.0168947006470557
"corrected","M2","CV1",3,3,"Brau-2016",-0.569542536576961
"original","M3","CV1",3,3,"Aber-2015",0.532563991615169
"original","M3","CV1",3,3,"Aber-2016",0.318789067215273
"original","M3","CV1",3,3,"Brau-2014",0.597276688786633
"original","M3","CV1",3,3,"Brau-2015",-0.0375423048608004
"original","M3","CV1",3,3,"Brau-2016",-0.571951019048052
"corrected","M3","CV1",3,3,"Aber-2015",0.531535583916174
"corrected","M3","CV1",3,3,"Aber-2016",0.319158275083543
"corrected","M3","CV1",3,3,"Brau-2014",0.586832074119195
"corrected","M3","CV1",3,3,"Brau-2015",0.0146730359050803
"corrected","M3","CV1",3,3,"Brau-2016",-0.579734093337507
"original","M2","CV2",3,3,"Aber-2015",0.739285132796284
"original","M2","CV2",3,3,"Aber-2016",0.802269505374588
"original","M2","CV2",3,3,"Brau-2014",0.659326095123321
"original","M2","CV2",3,3,"Brau-2015",0.590842696207973
"original","M2","CV2",3,3,"Brau-2016",0.670136005562833
"corrected","M2","CV2",3,3,"Aber-2015",0.736458346162895
"corrected","M2","CV2",3,3,"Aber-2016",0.80223546791983
"corrected","M2","CV2",3,3,"Brau-2014",0.66542831027145
"corrected","M2","CV2",3,3,"Brau-2015",0.602275038930696
"corrected","M2","CV2",3,3,"Brau-2016",0.669363521700349
"original","M3","CV2",3,3,"Aber-2015",0.832208721018351
"original","M3","CV2",3,3,"Aber-2016",0.835083383856096
"original","M3","CV2",3,3,"Brau-2014",0.786820342444225
"original","M3","CV2",3,3,"Brau-2015",0.582563144847225
"original","M3","CV2",3,3,"Brau-2016",0.742248382640486
"corrected","M3","CV2",3,3,"Aber-2015",0.828681133575338
"corrected","M3","CV2",3,3,"Aber-2016",0.835931031985214
"corrected","M3","CV2",3,3,"Brau-2014",0.793812657186518
"corrected","M3","CV2",3,3,"Brau-2015",0.630214309165356
"corrected","M3","CV2",3,3,"Brau-2016",0.741080801907056
"original","M2","CV1",4,3,"Aber-2015",0.769930830459307
"original","M2","CV1",4,3,"Aber-2016",0.609817317593664
"original","M2","CV1",4,3,"Brau-2014",0.742834891056849
"original","M2","CV1",4,3,"Brau-2015",0.665084550969317
"original","M2","CV1",4,3,"Brau-2016",0.53746741274967
"corrected","M2","CV1",4,3,"Aber-2015",0.755040475781879
"corrected","M2","CV1",4,3,"Aber-2016",0.588633938880626
"corrected","M2","CV1",4,3,"Brau-2014",0.733584461899168
"corrected","M2","CV1",4,3,"Brau-2015",0.646474014968815
"corrected","M2","CV1",4,3,"Brau-2016",0.504418110652052
"original","M3","CV1",4,3,"Aber-2015",0.661497760764082
"original","M3","CV1",4,3,"Aber-2016",0.549541211623835
"original","M3","CV1",4,3,"Brau-2014",0.855119659640752
"original","M3","CV1",4,3,"Brau-2015",0.694042600368936
"original","M3","CV1",4,3,"Brau-2016",0.393956179359275
"corrected","M3","CV1",4,3,"Aber-2015",0.639127912562166
"corrected","M3","CV1",4,3,"Aber-2016",0.551322532639768
"corrected","M3","CV1",4,3,"Brau-2014",0.848626751255608
"corrected","M3","CV1",4,3,"Brau-2015",0.698702048639483
"corrected","M3","CV1",4,3,"Brau-2016",0.33402043531247
"original","M2","CV2",4,3,"Aber-2015",0.789338223743746
"original","M2","CV2",4,3,"Aber-2016",0.620467488709526
"original","M2","CV2",4,3,"Brau-2014",0.544657489829213
"original","M2","CV2",4,3,"Brau-2015",0.80709151793004
"original","M2","CV2",4,3,"Brau-2016",0.724928455968516
"corrected","M2","CV2",4,3,"Aber-2015",0.783856948634184
"corrected","M2","CV2",4,3,"Aber-2016",0.621855316277539
"corrected","M2","CV2",4,3,"Brau-2014",0.541162158394008
"corrected","M2","CV2",4,3,"Brau-2015",0.80725364144342
"corrected","M2","CV2",4,3,"Brau-2016",0.719796110193245
"original","M3","CV2",4,3,"Aber-2015",0.857771087717793
"original","M3","CV2",4,3,"Aber-2016",0.453245257692425
"original","M3","CV2",4,3,"Brau-2014",0.666916070160879
"original","M3","CV2",4,3,"Brau-2015",0.839618916353393
"original","M3","CV2",4,3,"Brau-2016",0.748633967787524
"corrected","M3","CV2",4,3,"Aber-2015",0.864521335712846
"corrected","M3","CV2",4,3,"Aber-2016",0.43925937219346
"corrected","M3","CV2",4,3,"Brau-2014",0.650234690892059
"corrected","M3","CV2",4,3,"Brau-2015",0.82624836511338
"corrected","M3","CV2",4,3,"Brau-2016",0.751243427276228
"original","M2","CV1",5,3,"Aber-2015",0.534576044241358
"original","M2","CV1",5,3,"Aber-2016",0.601455601768729
"original","M2","CV1",5,3,"Brau-2014",0.473996784960318
"original","M2","CV1",5,3,"Brau-2015",0.494638830770367
"original","M2","CV1",5,3,"Brau-2016",0.480605438877337
"corrected","M2","CV1",5,3,"Aber-2015",0.514815711895146
"corrected","M2","CV1",5,3,"Aber-2016",0.579016551467302
"corrected","M2","CV1",5,3,"Brau-2014",0.461347769431507
"corrected","M2","CV1",5,3,"Brau-2015",0.469374729583901
"corrected","M2","CV1",5,3,"Brau-2016",0.469918398845153
"original","M3","CV1",5,3,"Aber-2015",0.601930240718496
"original","M3","CV1",5,3,"Aber-2016",0.623478760177581
"original","M3","CV1",5,3,"Brau-2014",0.562217663716932
"original","M3","CV1",5,3,"Brau-2015",0.467643905643904
"original","M3","CV1",5,3,"Brau-2016",0.393930775645206
"corrected","M3","CV1",5,3,"Aber-2015",0.588205954329993
"corrected","M3","CV1",5,3,"Aber-2016",0.633212793636294
"corrected","M3","CV1",5,3,"Brau-2014",0.553104641978909
"corrected","M3","CV1",5,3,"Brau-2015",0.472864717077977
"corrected","M3","CV1",5,3,"Brau-2016",0.407783881412015
"original","M2","CV2",5,3,"Aber-2015",0.784590109137743
"original","M2","CV2",5,3,"Aber-2016",0.818623195981382
"original","M2","CV2",5,3,"Brau-2014",0.545571663940008
"original","M2","CV2",5,3,"Brau-2015",0.60353618839794
"original","M2","CV2",5,3,"Brau-2016",0.409466593424151
"corrected","M2","CV2",5,3,"Aber-2015",0.787122125550761
"corrected","M2","CV2",5,3,"Aber-2016",0.814275928794532
"corrected","M2","CV2",5,3,"Brau-2014",0.556710463323033
"corrected","M2","CV2",5,3,"Brau-2015",0.60581457013192
"corrected","M2","CV2",5,3,"Brau-2016",0.399867119415079
"original","M3","CV2",5,3,"Aber-2015",0.840687040624233
"original","M3","CV2",5,3,"Aber-2016",0.836530874503333
"original","M3","CV2",5,3,"Brau-2014",0.654189394980998
"original","M3","CV2",5,3,"Brau-2015",0.639246826049668
"original","M3","CV2",5,3,"Brau-2016",0.510604472957387
"corrected","M3","CV2",5,3,"Aber-2015",0.843025627725667
"corrected","M3","CV2",5,3,"Aber-2016",0.833486035691945
"corrected","M3","CV2",5,3,"Brau-2014",0.667936983941926
"corrected","M3","CV2",5,3,"Brau-2015",0.64459177807861
"corrected","M3","CV2",5,3,"Brau-2016",0.500595331785019
"original","M2","CV1",6,3,"Aber-2015",0.712153794210611
"original","M2","CV1",6,3,"Aber-2016",0.702411950409728
"original","M2","CV1",6,3,"Brau-2014",0.660434959720576
"original","M2","CV1",6,3,"Brau-2015",0.659898268980675
"original","M2","CV1",6,3,"Brau-2016",0.517764726634947
"corrected","M2","CV1",6,3,"Aber-2015",0.69414890400207
"corrected","M2","CV1",6,3,"Aber-2016",0.679073513770119
"corrected","M2","CV1",6,3,"Brau-2014",0.662658207862272
"corrected","M2","CV1",6,3,"Brau-2015",0.626661426530726
"corrected","M2","CV1",6,3,"Brau-2016",0.482852217322681
"original","M3","CV1",6,3,"Aber-2015",0.768351153570996
"original","M3","CV1",6,3,"Aber-2016",0.7854954308008
"original","M3","CV1",6,3,"Brau-2014",0.812261848487106
"original","M3","CV1",6,3,"Brau-2015",0.643739654283541
"original","M3","CV1",6,3,"Brau-2016",0.614606077823415
"corrected","M3","CV1",6,3,"Aber-2015",0.757710821635064
"corrected","M3","CV1",6,3,"Aber-2016",0.760374992356224
"corrected","M3","CV1",6,3,"Brau-2014",0.828207044091877
"corrected","M3","CV1",6,3,"Brau-2015",0.668132043048479
"corrected","M3","CV1",6,3,"Brau-2016",0.599296088561692
"original","M2","CV2",6,3,"Aber-2015",0.88627282251129
"original","M2","CV2",6,3,"Aber-2016",0.627968547720037
"original","M2","CV2",6,3,"Brau-2014",0.753534305698249
"original","M2","CV2",6,3,"Brau-2015",0.817104991762827
"original","M2","CV2",6,3,"Brau-2016",0.51536146849374
"corrected","M2","CV2",6,3,"Aber-2015",0.887822777938946
"corrected","M2","CV2",6,3,"Aber-2016",0.628611031784832
"corrected","M2","CV2",6,3,"Brau-2014",0.756934510993409
"corrected","M2","CV2",6,3,"Brau-2015",0.818717450851286
"corrected","M2","CV2",6,3,"Brau-2016",0.510108425124389
"original","M3","CV2",6,3,"Aber-2015",0.896120604846746
"original","M3","CV2",6,3,"Aber-2016",0.667622058814106
"original","M3","CV2",6,3,"Brau-2014",0.838401221829492
"original","M3","CV2",6,3,"Brau-2015",0.821736039473597
"original","M3","CV2",6,3,"Brau-2016",0.634633030569586
"corrected","M3","CV2",6,3,"Aber-2015",0.88817509178868
"corrected","M3","CV2",6,3,"Aber-2016",0.66731055822931
"corrected","M3","CV2",6,3,"Brau-2014",0.833949797914481
"corrected","M3","CV2",6,3,"Brau-2015",0.815836410661217
"corrected","M3","CV2",6,3,"Brau-2016",0.600611001205774
"original","M2","CV1",7,3,"Aber-2015",0.644909098387837
"original","M2","CV1",7,3,"Aber-2016",0.48665281860483
"original","M2","CV1",7,3,"Brau-2014",0.577251241224707
"original","M2","CV1",7,3,"Brau-2015",0.641657597221215
"original","M2","CV1",7,3,"Brau-2016",0.266832176517934
"corrected","M2","CV1",7,3,"Aber-2015",0.649181382467836
"corrected","M2","CV1",7,3,"Aber-2016",0.491375331641967
"corrected","M2","CV1",7,3,"Brau-2014",0.571333860617906
"corrected","M2","CV1",7,3,"Brau-2015",0.638581444641172
"corrected","M2","CV1",7,3,"Brau-2016",0.268162076442116
"original","M3","CV1",7,3,"Aber-2015",0.656733293237363
"original","M3","CV1",7,3,"Aber-2016",0.456551015139372
"original","M3","CV1",7,3,"Brau-2014",0.673134812261508
"original","M3","CV1",7,3,"Brau-2015",0.682879821513144
"original","M3","CV1",7,3,"Brau-2016",0.228993142980539
"corrected","M3","CV1",7,3,"Aber-2015",0.656910824203058
"corrected","M3","CV1",7,3,"Aber-2016",0.44352819898558
"corrected","M3","CV1",7,3,"Brau-2014",0.720068741969373
"corrected","M3","CV1",7,3,"Brau-2015",0.66665158726264
"corrected","M3","CV1",7,3,"Brau-2016",0.212642983029223
"original","M2","CV2",7,3,"Aber-2015",0.732568513602456
"original","M2","CV2",7,3,"Aber-2016",0.801494333595882
"original","M2","CV2",7,3,"Brau-2014",0.418413542241018
"original","M2","CV2",7,3,"Brau-2015",0.801016623993071
"original","M2","CV2",7,3,"Brau-2016",0.811607695976587
"corrected","M2","CV2",7,3,"Aber-2015",0.733146470522332
"corrected","M2","CV2",7,3,"Aber-2016",0.805793610422753
"corrected","M2","CV2",7,3,"Brau-2014",0.424995945326597
"corrected","M2","CV2",7,3,"Brau-2015",0.803649340386013
"corrected","M2","CV2",7,3,"Brau-2016",0.807920960891843
"original","M3","CV2",7,3,"Aber-2015",0.707481580054222
"original","M3","CV2",7,3,"Aber-2016",0.787764274488887
"original","M3","CV2",7,3,"Brau-2014",0.558044073280889
"original","M3","CV2",7,3,"Brau-2015",0.820649492274724
"original","M3","CV2",7,3,"Brau-2016",0.79901172029573
"corrected","M3","CV2",7,3,"Aber-2015",0.688564351828439
"corrected","M3","CV2",7,3,"Aber-2016",0.782387542320529
"corrected","M3","CV2",7,3,"Brau-2014",0.566812327732463
"corrected","M3","CV2",7,3,"Brau-2015",0.824695619409846
"corrected","M3","CV2",7,3,"Brau-2016",0.801994784961122
"original","M2","CV1",8,3,"Aber-2015",0.772493439272789
"original","M2","CV1",8,3,"Aber-2016",0.575779498165157
"original","M2","CV1",8,3,"Brau-2014",0.62083450195028
"original","M2","CV1",8,3,"Brau-2015",0.321090737711191
"original","M2","CV1",8,3,"Brau-2016",0.323577338969426
"corrected","M2","CV1",8,3,"Aber-2015",0.778378525665339
"corrected","M2","CV1",8,3,"Aber-2016",0.582145548481382
"corrected","M2","CV1",8,3,"Brau-2014",0.63000157708984
"corrected","M2","CV1",8,3,"Brau-2015",0.324236785384002
"corrected","M2","CV1",8,3,"Brau-2016",0.31363659180271
"original","M3","CV1",8,3,"Aber-2015",0.727588609258546
"original","M3","CV1",8,3,"Aber-2016",0.53415857101068
"original","M3","CV1",8,3,"Brau-2014",0.80398690988538
"original","M3","CV1",8,3,"Brau-2015",0.391262795358838
"original","M3","CV1",8,3,"Brau-2016",0.441582115671233
"corrected","M3","CV1",8,3,"Aber-2015",0.726824988255325
"corrected","M3","CV1",8,3,"Aber-2016",0.495763368813804
"corrected","M3","CV1",8,3,"Brau-2014",0.818342085252071
"corrected","M3","CV1",8,3,"Brau-2015",0.340896768155354
"corrected","M3","CV1",8,3,"Brau-2016",0.43443698008002
"original","M2","CV2",8,3,"Aber-2015",0.719843404505925
"original","M2","CV2",8,3,"Aber-2016",0.833670872034953
"original","M2","CV2",8,3,"Brau-2014",0.660927080751681
"original","M2","CV2",8,3,"Brau-2015",0.775609721892474
"original","M2","CV2",8,3,"Brau-2016",0.803030056004233
"corrected","M2","CV2",8,3,"Aber-2015",0.7193696612892
"corrected","M2","CV2",8,3,"Aber-2016",0.833569635093688
"corrected","M2","CV2",8,3,"Brau-2014",0.660239957354004
"corrected","M2","CV2",8,3,"Brau-2015",0.77238777291412
"corrected","M2","CV2",8,3,"Brau-2016",0.8009523971656
"original","M3","CV2",8,3,"Aber-2015",0.82316171370415
"original","M3","CV2",8,3,"Aber-2016",0.824862903264917
"original","M3","CV2",8,3,"Brau-2014",0.718230259170269
"original","M3","CV2",8,3,"Brau-2015",0.815534926776216
"original","M3","CV2",8,3,"Brau-2016",0.80236559388452
"corrected","M3","CV2",8,3,"Aber-2015",0.827595896419246
"corrected","M3","CV2",8,3,"Aber-2016",0.83609365101477
"corrected","M3","CV2",8,3,"Brau-2014",0.744205257587182
"corrected","M3","CV2",8,3,"Brau-2015",0.809679751461231
"corrected","M3","CV2",8,3,"Brau-2016",0.793820257898248
"original","M2","CV1",9,3,"Aber-2015",0.63990830338631
"original","M2","CV1",9,3,"Aber-2016",0.515158064563815
"original","M2","CV1",9,3,"Brau-2014",0.644777872517875
"original","M2","CV1",9,3,"Brau-2015",0.548322295636577
"original","M2","CV1",9,3,"Brau-2016",0.403607703455853
"corrected","M2","CV1",9,3,"Aber-2015",0.639168463816996
"corrected","M2","CV1",9,3,"Aber-2016",0.512615593903546
"corrected","M2","CV1",9,3,"Brau-2014",0.645531149796204
"corrected","M2","CV1",9,3,"Brau-2015",0.557524636286572
"corrected","M2","CV1",9,3,"Brau-2016",0.38977904011912
"original","M3","CV1",9,3,"Aber-2015",0.652789619360846
"original","M3","CV1",9,3,"Aber-2016",0.530981053472157
"original","M3","CV1",9,3,"Brau-2014",0.660205223501346
"original","M3","CV1",9,3,"Brau-2015",0.629750212455494
"original","M3","CV1",9,3,"Brau-2016",0.431331586981805
"corrected","M3","CV1",9,3,"Aber-2015",0.637009814891166
"corrected","M3","CV1",9,3,"Aber-2016",0.516161300269058
"corrected","M3","CV1",9,3,"Brau-2014",0.693165960623435
"corrected","M3","CV1",9,3,"Brau-2015",0.629019491139702
"corrected","M3","CV1",9,3,"Brau-2016",0.418807292873625
"original","M2","CV2",9,3,"Aber-2015",0.59875470705643
"original","M2","CV2",9,3,"Aber-2016",0.693395894224536
"original","M2","CV2",9,3,"Brau-2014",0.743150424478528
"original","M2","CV2",9,3,"Brau-2015",0.786472985370641
"original","M2","CV2",9,3,"Brau-2016",0.64708444888825
"corrected","M2","CV2",9,3,"Aber-2015",0.597814599932741
"corrected","M2","CV2",9,3,"Aber-2016",0.686268394998388
"corrected","M2","CV2",9,3,"Brau-2014",0.74754436127566
"corrected","M2","CV2",9,3,"Brau-2015",0.785181252932493
"corrected","M2","CV2",9,3,"Brau-2016",0.64770262655854
"original","M3","CV2",9,3,"Aber-2015",0.69292563532208
"original","M3","CV2",9,3,"Aber-2016",0.727367997112198
"original","M3","CV2",9,3,"Brau-2014",0.81554162249116
"original","M3","CV2",9,3,"Brau-2015",0.771673850872227
"original","M3","CV2",9,3,"Brau-2016",0.666356042658815
"corrected","M3","CV2",9,3,"Aber-2015",0.70955283384613
"corrected","M3","CV2",9,3,"Aber-2016",0.713156368898093
"corrected","M3","CV2",9,3,"Brau-2014",0.826605194404822
"corrected","M3","CV2",9,3,"Brau-2015",0.778600755800951
"corrected","M3","CV2",9,3,"Brau-2016",0.656573333104353
"original","M2","CV1",10,3,"Aber-2015",0.706115609100654
"original","M2","CV1",10,3,"Aber-2016",0.676851457310356
"original","M2","CV1",10,3,"Brau-2014",0.353201964233627
"original","M2","CV1",10,3,"Brau-2015",0.586395560611302
"original","M2","CV1",10,3,"Brau-2016",0.520677127081532
"corrected","M2","CV1",10,3,"Aber-2015",0.700153958055128
"corrected","M2","CV1",10,3,"Aber-2016",0.670321603427105
"corrected","M2","CV1",10,3,"Brau-2014",0.351550447332984
"corrected","M2","CV1",10,3,"Brau-2015",0.590446047868813
"corrected","M2","CV1",10,3,"Brau-2016",0.529429957931563
"original","M3","CV1",10,3,"Aber-2015",0.571573161780226
"original","M3","CV1",10,3,"Aber-2016",0.615588507037168
"original","M3","CV1",10,3,"Brau-2014",0.644584737788495
"original","M3","CV1",10,3,"Brau-2015",0.670778978896691
"original","M3","CV1",10,3,"Brau-2016",0.6991755225495
"corrected","M3","CV1",10,3,"Aber-2015",0.594327531089556
"corrected","M3","CV1",10,3,"Aber-2016",0.593554155409159
"corrected","M3","CV1",10,3,"Brau-2014",0.654151257214314
"corrected","M3","CV1",10,3,"Brau-2015",0.664106469924109
"corrected","M3","CV1",10,3,"Brau-2016",0.728017179602338
"original","M2","CV2",10,3,"Aber-2015",0.895169198961873
"original","M2","CV2",10,3,"Aber-2016",0.621380245135791
"original","M2","CV2",10,3,"Brau-2014",0.0830030347855697
"original","M2","CV2",10,3,"Brau-2015",0.597618321487599
"original","M2","CV2",10,3,"Brau-2016",0.214726590947283
"corrected","M2","CV2",10,3,"Aber-2015",0.891878256788311
"corrected","M2","CV2",10,3,"Aber-2016",0.62177807723148
"corrected","M2","CV2",10,3,"Brau-2014",0.0784391383514371
"corrected","M2","CV2",10,3,"Brau-2015",0.593500266441347
"corrected","M2","CV2",10,3,"Brau-2016",0.20564673250013
"original","M3","CV2",10,3,"Aber-2015",0.806395766422853
"original","M3","CV2",10,3,"Aber-2016",0.617407512992552
"original","M3","CV2",10,3,"Brau-2014",0.340814495303758
"original","M3","CV2",10,3,"Brau-2015",0.581181803936401
"original","M3","CV2",10,3,"Brau-2016",0.145207997708944
"corrected","M3","CV2",10,3,"Aber-2015",0.816123385525128
"corrected","M3","CV2",10,3,"Aber-2016",0.622405528119231
"corrected","M3","CV2",10,3,"Brau-2014",0.365356118536271
"corrected","M3","CV2",10,3,"Brau-2015",0.605926526600496
"corrected","M3","CV2",10,3,"Brau-2016",0.139829909571645
"original","M2","CV1",1,4,"Aber-2015",0.468703162251664
"original","M2","CV1",1,4,"Aber-2016",0.274898821317989
"original","M2","CV1",1,4,"Brau-2014",0.305283192082395
"original","M2","CV1",1,4,"Brau-2015",0.31302138553043
"original","M2","CV1",1,4,"Brau-2016",0.223342206589968
"corrected","M2","CV1",1,4,"Aber-2015",0.438621956887398
"corrected","M2","CV1",1,4,"Aber-2016",0.242081867570192
"corrected","M2","CV1",1,4,"Brau-2014",0.307527012900348
"corrected","M2","CV1",1,4,"Brau-2015",0.2843846795097
"corrected","M2","CV1",1,4,"Brau-2016",0.205507054611359
"original","M3","CV1",1,4,"Aber-2015",0.495100756887431
"original","M3","CV1",1,4,"Aber-2016",0.347239186312238
"original","M3","CV1",1,4,"Brau-2014",0.693229363050479
"original","M3","CV1",1,4,"Brau-2015",0.370193064514092
"original","M3","CV1",1,4,"Brau-2016",0.251787567550454
"corrected","M3","CV1",1,4,"Aber-2015",0.504821731806166
"corrected","M3","CV1",1,4,"Aber-2016",0.330705208581524
"corrected","M3","CV1",1,4,"Brau-2014",0.735133520653587
"corrected","M3","CV1",1,4,"Brau-2015",0.344017002531857
"corrected","M3","CV1",1,4,"Brau-2016",0.211740377217567
"original","M2","CV2",1,4,"Aber-2015",0.657142107464745
"original","M2","CV2",1,4,"Aber-2016",0.568065212417576
"original","M2","CV2",1,4,"Brau-2014",0.726392465510686
"original","M2","CV2",1,4,"Brau-2015",0.532663855161791
"original","M2","CV2",1,4,"Brau-2016",0.730763538698774
"corrected","M2","CV2",1,4,"Aber-2015",0.66173960984283
"corrected","M2","CV2",1,4,"Aber-2016",0.571562764161121
"corrected","M2","CV2",1,4,"Brau-2014",0.728187005033396
"corrected","M2","CV2",1,4,"Brau-2015",0.535720803460379
"corrected","M2","CV2",1,4,"Brau-2016",0.733631879694247
"original","M3","CV2",1,4,"Aber-2015",0.722554060249573
"original","M3","CV2",1,4,"Aber-2016",0.584471471953592
"original","M3","CV2",1,4,"Brau-2014",0.849633262063047
"original","M3","CV2",1,4,"Brau-2015",0.589018442148907
"original","M3","CV2",1,4,"Brau-2016",0.74427312108276
"corrected","M3","CV2",1,4,"Aber-2015",0.736150113086591
"corrected","M3","CV2",1,4,"Aber-2016",0.570463298359348
"corrected","M3","CV2",1,4,"Brau-2014",0.855935881124677
"corrected","M3","CV2",1,4,"Brau-2015",0.584452617980091
"corrected","M3","CV2",1,4,"Brau-2016",0.750903340814754
"original","M2","CV1",2,4,"Aber-2015",0.446578924932079
"original","M2","CV1",2,4,"Aber-2016",0.430753595165875
"original","M2","CV1",2,4,"Brau-2014",0.450124058239416
"original","M2","CV1",2,4,"Brau-2015",0.654528572141275
"original","M2","CV1",2,4,"Brau-2016",0.850365103481062
"corrected","M2","CV1",2,4,"Aber-2015",0.427924560644661
"corrected","M2","CV1",2,4,"Aber-2016",0.404478803402325
"corrected","M2","CV1",2,4,"Brau-2014",0.442872420152534
"corrected","M2","CV1",2,4,"Brau-2015",0.640062188019383
"corrected","M2","CV1",2,4,"Brau-2016",0.842364538527277
"original","M3","CV1",2,4,"Aber-2015",0.520672689464362
"original","M3","CV1",2,4,"Aber-2016",0.462494932424077
"original","M3","CV1",2,4,"Brau-2014",0.741789428507231
"original","M3","CV1",2,4,"Brau-2015",0.7290204797741
"original","M3","CV1",2,4,"Brau-2016",0.813110453433752
"corrected","M3","CV1",2,4,"Aber-2015",0.496801426963735
"corrected","M3","CV1",2,4,"Aber-2016",0.458135416637884
"corrected","M3","CV1",2,4,"Brau-2014",0.711110398036472
"corrected","M3","CV1",2,4,"Brau-2015",0.715730532754922
"corrected","M3","CV1",2,4,"Brau-2016",0.826359875620609
"original","M2","CV2",2,4,"Aber-2015",0.714609331792097
"original","M2","CV2",2,4,"Aber-2016",0.81886174410442
"original","M2","CV2",2,4,"Brau-2014",0.540588158147851
"original","M2","CV2",2,4,"Brau-2015",0.727749179363525
"original","M2","CV2",2,4,"Brau-2016",0.611062756054437
"corrected","M2","CV2",2,4,"Aber-2015",0.712410811582017
"corrected","M2","CV2",2,4,"Aber-2016",0.819387341066493
"corrected","M2","CV2",2,4,"Brau-2014",0.546779004256484
"corrected","M2","CV2",2,4,"Brau-2015",0.724814265761157
"corrected","M2","CV2",2,4,"Brau-2016",0.605611287385076
"original","M3","CV2",2,4,"Aber-2015",0.786001755122106
"original","M3","CV2",2,4,"Aber-2016",0.740107019412114
"original","M3","CV2",2,4,"Brau-2014",0.473409924985322
"original","M3","CV2",2,4,"Brau-2015",0.774145326263325
"original","M3","CV2",2,4,"Brau-2016",0.688323993802925
"corrected","M3","CV2",2,4,"Aber-2015",0.78937427382176
"corrected","M3","CV2",2,4,"Aber-2016",0.745612030967753
"corrected","M3","CV2",2,4,"Brau-2014",0.505192291415501
"corrected","M3","CV2",2,4,"Brau-2015",0.784586481104547
"corrected","M3","CV2",2,4,"Brau-2016",0.666458194557655
"original","M2","CV1",3,4,"Aber-2015",0.755990014791177
"original","M2","CV1",3,4,"Aber-2016",0.545276952148874
"original","M2","CV1",3,4,"Brau-2014",0.411195681577187
"original","M2","CV1",3,4,"Brau-2015",0.556564845030519
"original","M2","CV1",3,4,"Brau-2016",0.443689831663603
"corrected","M2","CV1",3,4,"Aber-2015",0.757901542913665
"corrected","M2","CV1",3,4,"Aber-2016",0.527478830542533
"corrected","M2","CV1",3,4,"Brau-2014",0.399450208312378
"corrected","M2","CV1",3,4,"Brau-2015",0.534976397531788
"corrected","M2","CV1",3,4,"Brau-2016",0.428137720370208
"original","M3","CV1",3,4,"Aber-2015",0.701634347280511
"original","M3","CV1",3,4,"Aber-2016",0.553876622159517
"original","M3","CV1",3,4,"Brau-2014",0.451882653068141
"original","M3","CV1",3,4,"Brau-2015",0.644739716306525
"original","M3","CV1",3,4,"Brau-2016",0.432854661354638
"corrected","M3","CV1",3,4,"Aber-2015",0.701846090466934
"corrected","M3","CV1",3,4,"Aber-2016",0.564970106620847
"corrected","M3","CV1",3,4,"Brau-2014",0.463338606263533
"corrected","M3","CV1",3,4,"Brau-2015",0.639859070168301
"corrected","M3","CV1",3,4,"Brau-2016",0.453999245279834
"original","M2","CV2",3,4,"Aber-2015",0.523013946441546
"original","M2","CV2",3,4,"Aber-2016",0.554117712928593
"original","M2","CV2",3,4,"Brau-2014",0.241236583187115
"original","M2","CV2",3,4,"Brau-2015",0.63714002669671
"original","M2","CV2",3,4,"Brau-2016",0.666721059996989
"corrected","M2","CV2",3,4,"Aber-2015",0.527631812479875
"corrected","M2","CV2",3,4,"Aber-2016",0.555676451390992
"corrected","M2","CV2",3,4,"Brau-2014",0.256756512670587
"corrected","M2","CV2",3,4,"Brau-2015",0.636497912326606
"corrected","M2","CV2",3,4,"Brau-2016",0.663818893516861
"original","M3","CV2",3,4,"Aber-2015",0.593633873813809
"original","M3","CV2",3,4,"Aber-2016",0.57332001301955
"original","M3","CV2",3,4,"Brau-2014",0.439866458147476
"original","M3","CV2",3,4,"Brau-2015",0.646146541434992
"original","M3","CV2",3,4,"Brau-2016",0.693486119070513
"corrected","M3","CV2",3,4,"Aber-2015",0.5902302481116
"corrected","M3","CV2",3,4,"Aber-2016",0.545961131611589
"corrected","M3","CV2",3,4,"Brau-2014",0.450546055089854
"corrected","M3","CV2",3,4,"Brau-2015",0.647154672089491
"corrected","M3","CV2",3,4,"Brau-2016",0.69457499274471
"original","M2","CV1",4,4,"Aber-2015",0.564926164784023
"original","M2","CV1",4,4,"Aber-2016",0.324408126982937
"original","M2","CV1",4,4,"Brau-2014",0.342216322650805
"original","M2","CV1",4,4,"Brau-2015",0.535837154637016
"original","M2","CV1",4,4,"Brau-2016",0.457142519493374
"corrected","M2","CV1",4,4,"Aber-2015",0.567457586504889
"corrected","M2","CV1",4,4,"Aber-2016",0.335323725864238
"corrected","M2","CV1",4,4,"Brau-2014",0.358996581102039
"corrected","M2","CV1",4,4,"Brau-2015",0.546865867519778
"corrected","M2","CV1",4,4,"Brau-2016",0.468225408683299
"original","M3","CV1",4,4,"Aber-2015",0.567025758997583
"original","M3","CV1",4,4,"Aber-2016",0.309162538979387
"original","M3","CV1",4,4,"Brau-2014",0.581743425383471
"original","M3","CV1",4,4,"Brau-2015",0.59080244745595
"original","M3","CV1",4,4,"Brau-2016",0.662565298099364
"corrected","M3","CV1",4,4,"Aber-2015",0.573734723056283
"corrected","M3","CV1",4,4,"Aber-2016",0.340898156475876
"corrected","M3","CV1",4,4,"Brau-2014",0.583665499935898
"corrected","M3","CV1",4,4,"Brau-2015",0.587430980671255
"corrected","M3","CV1",4,4,"Brau-2016",0.644070553003348
"original","M2","CV2",4,4,"Aber-2015",0.806622453593805
"original","M2","CV2",4,4,"Aber-2016",0.800637124643577
"original","M2","CV2",4,4,"Brau-2014",0.840254518596249
"original","M2","CV2",4,4,"Brau-2015",0.505828119435895
"original","M2","CV2",4,4,"Brau-2016",0.613178291044135
"corrected","M2","CV2",4,4,"Aber-2015",0.806427692623637
"corrected","M2","CV2",4,4,"Aber-2016",0.799286426835232
"corrected","M2","CV2",4,4,"Brau-2014",0.84181489031007
"corrected","M2","CV2",4,4,"Brau-2015",0.504323184409264
"corrected","M2","CV2",4,4,"Brau-2016",0.618508892595272
"original","M3","CV2",4,4,"Aber-2015",0.825918530505374
"original","M3","CV2",4,4,"Aber-2016",0.752340175954601
"original","M3","CV2",4,4,"Brau-2014",0.830902007439456
"original","M3","CV2",4,4,"Brau-2015",0.563601982476109
"original","M3","CV2",4,4,"Brau-2016",0.668383689542972
"corrected","M3","CV2",4,4,"Aber-2015",0.825357035900595
"corrected","M3","CV2",4,4,"Aber-2016",0.76143094713468
"corrected","M3","CV2",4,4,"Brau-2014",0.835694729423295
"corrected","M3","CV2",4,4,"Brau-2015",0.559075037201175
"corrected","M3","CV2",4,4,"Brau-2016",0.650769692903055
"original","M2","CV1",5,4,"Aber-2015",0.462994018242463
"original","M2","CV1",5,4,"Aber-2016",0.410412511605522
"original","M2","CV1",5,4,"Brau-2014",0.362030117000462
"original","M2","CV1",5,4,"Brau-2015",0.576683599751432
"original","M2","CV1",5,4,"Brau-2016",0.821646738329855
"corrected","M2","CV1",5,4,"Aber-2015",0.462837533688311
"corrected","M2","CV1",5,4,"Aber-2016",0.407617002958478
"corrected","M2","CV1",5,4,"Brau-2014",0.35421577466418
"corrected","M2","CV1",5,4,"Brau-2015",0.57540170769086
"corrected","M2","CV1",5,4,"Brau-2016",0.812391229323153
"original","M3","CV1",5,4,"Aber-2015",0.596193295672952
"original","M3","CV1",5,4,"Aber-2016",0.541615018388883
"original","M3","CV1",5,4,"Brau-2014",0.572376897405396
"original","M3","CV1",5,4,"Brau-2015",0.605603623240883
"original","M3","CV1",5,4,"Brau-2016",0.858327550460814
"corrected","M3","CV1",5,4,"Aber-2015",0.593311365798361
"corrected","M3","CV1",5,4,"Aber-2016",0.527426247017902
"corrected","M3","CV1",5,4,"Brau-2014",0.535907309968337
"corrected","M3","CV1",5,4,"Brau-2015",0.591708325672968
"corrected","M3","CV1",5,4,"Brau-2016",0.844487124970332
"original","M2","CV2",5,4,"Aber-2015",0.882820861189225
"original","M2","CV2",5,4,"Aber-2016",0.625403993191304
"original","M2","CV2",5,4,"Brau-2014",0.47481784251858
"original","M2","CV2",5,4,"Brau-2015",0.71724315948505
"original","M2","CV2",5,4,"Brau-2016",0.325051552788266
"corrected","M2","CV2",5,4,"Aber-2015",0.884588679588388
"corrected","M2","CV2",5,4,"Aber-2016",0.617164613269385
"corrected","M2","CV2",5,4,"Brau-2014",0.480470853356435
"corrected","M2","CV2",5,4,"Brau-2015",0.717544355784135
"corrected","M2","CV2",5,4,"Brau-2016",0.310092473555454
"original","M3","CV2",5,4,"Aber-2015",0.816472168313684
"original","M3","CV2",5,4,"Aber-2016",0.620746005143177
"original","M3","CV2",5,4,"Brau-2014",0.650952775024218
"original","M3","CV2",5,4,"Brau-2015",0.65930286526951
"original","M3","CV2",5,4,"Brau-2016",0.292217730343915
"corrected","M3","CV2",5,4,"Aber-2015",0.804330807424456
"corrected","M3","CV2",5,4,"Aber-2016",0.616873641544231
"corrected","M3","CV2",5,4,"Brau-2014",0.655121150754632
"corrected","M3","CV2",5,4,"Brau-2015",0.667565597495634
"corrected","M3","CV2",5,4,"Brau-2016",0.271544944963907
"original","M2","CV1",6,4,"Aber-2015",0.468312910795344
"original","M2","CV1",6,4,"Aber-2016",0.349759576537248
"original","M2","CV1",6,4,"Brau-2014",0.474660299254656
"original","M2","CV1",6,4,"Brau-2015",0.379885184141541
"original","M2","CV1",6,4,"Brau-2016",0.409392449441292
"corrected","M2","CV1",6,4,"Aber-2015",0.467776866576686
"corrected","M2","CV1",6,4,"Aber-2016",0.350493650922649
"corrected","M2","CV1",6,4,"Brau-2014",0.466392949891852
"corrected","M2","CV1",6,4,"Brau-2015",0.368472244284648
"corrected","M2","CV1",6,4,"Brau-2016",0.425755832873192
"original","M3","CV1",6,4,"Aber-2015",0.567430962109395
"original","M3","CV1",6,4,"Aber-2016",0.461955550355837
"original","M3","CV1",6,4,"Brau-2014",0.607821158398472
"original","M3","CV1",6,4,"Brau-2015",0.460085430899449
"original","M3","CV1",6,4,"Brau-2016",0.418159123281118
"corrected","M3","CV1",6,4,"Aber-2015",0.55789252468899
"corrected","M3","CV1",6,4,"Aber-2016",0.467715873637184
"corrected","M3","CV1",6,4,"Brau-2014",0.617429235527978
"corrected","M3","CV1",6,4,"Brau-2015",0.428246531007161
"corrected","M3","CV1",6,4,"Brau-2016",0.43178755954168
"original","M2","CV2",6,4,"Aber-2015",0.65203711603723
"original","M2","CV2",6,4,"Aber-2016",0.82292170091204
"original","M2","CV2",6,4,"Brau-2014",0.616665675185756
"original","M2","CV2",6,4,"Brau-2015",0.683681180884199
"original","M2","CV2",6,4,"Brau-2016",0.296475171706793
"corrected","M2","CV2",6,4,"Aber-2015",0.646583547646799
"corrected","M2","CV2",6,4,"Aber-2016",0.821695240934007
"corrected","M2","CV2",6,4,"Brau-2014",0.607938451654916
"corrected","M2","CV2",6,4,"Brau-2015",0.68064206243694
"corrected","M2","CV2",6,4,"Brau-2016",0.29385007736905
"original","M3","CV2",6,4,"Aber-2015",0.767650239462146
"original","M3","CV2",6,4,"Aber-2016",0.844887751171762
"original","M3","CV2",6,4,"Brau-2014",0.623377423801452
"original","M3","CV2",6,4,"Brau-2015",0.684877842620036
"original","M3","CV2",6,4,"Brau-2016",0.194825083965523
"corrected","M3","CV2",6,4,"Aber-2015",0.757599751131708
"corrected","M3","CV2",6,4,"Aber-2016",0.841108416449212
"corrected","M3","CV2",6,4,"Brau-2014",0.632925259080656
"corrected","M3","CV2",6,4,"Brau-2015",0.685256069336186
"corrected","M3","CV2",6,4,"Brau-2016",0.191959118478919
"original","M2","CV1",7,4,"Aber-2015",0.621720541822643
"original","M2","CV1",7,4,"Aber-2016",0.62003440108308
"original","M2","CV1",7,4,"Brau-2014",0.355629148833069
"original","M2","CV1",7,4,"Brau-2015",0.539346398885727
"original","M2","CV1",7,4,"Brau-2016",0.771687411699765
"corrected","M2","CV1",7,4,"Aber-2015",0.626578736304819
"corrected","M2","CV1",7,4,"Aber-2016",0.630015427234471
"corrected","M2","CV1",7,4,"Brau-2014",0.366141076465222
"corrected","M2","CV1",7,4,"Brau-2015",0.555952992271975
"corrected","M2","CV1",7,4,"Brau-2016",0.770536389721347
"original","M3","CV1",7,4,"Aber-2015",0.685804112949495
"original","M3","CV1",7,4,"Aber-2016",0.647838859933971
"original","M3","CV1",7,4,"Brau-2014",0.405644107771368
"original","M3","CV1",7,4,"Brau-2015",0.544311856901263
"original","M3","CV1",7,4,"Brau-2016",0.83717834455943
"corrected","M3","CV1",7,4,"Aber-2015",0.669226556670618
"corrected","M3","CV1",7,4,"Aber-2016",0.656872427054945
"corrected","M3","CV1",7,4,"Brau-2014",0.412865404617927
"corrected","M3","CV1",7,4,"Brau-2015",0.559480441222588
"corrected","M3","CV1",7,4,"Brau-2016",0.837632967846144
"original","M2","CV2",7,4,"Aber-2015",0.874041523238388
"original","M2","CV2",7,4,"Aber-2016",0.922117507427886
"original","M2","CV2",7,4,"Brau-2014",0.570460269076206
"original","M2","CV2",7,4,"Brau-2015",0.526440812369033
"original","M2","CV2",7,4,"Brau-2016",0.38059298640145
"corrected","M2","CV2",7,4,"Aber-2015",0.870720259140036
"corrected","M2","CV2",7,4,"Aber-2016",0.921517613517202
"corrected","M2","CV2",7,4,"Brau-2014",0.568514706113618
"corrected","M2","CV2",7,4,"Brau-2015",0.522551225252231
"corrected","M2","CV2",7,4,"Brau-2016",0.383203736450868
"original","M3","CV2",7,4,"Aber-2015",0.88927719900569
"original","M3","CV2",7,4,"Aber-2016",0.911267709745151
"original","M3","CV2",7,4,"Brau-2014",0.664284486325065
"original","M3","CV2",7,4,"Brau-2015",0.5204185553704
"original","M3","CV2",7,4,"Brau-2016",0.458644139105349
"corrected","M3","CV2",7,4,"Aber-2015",0.889099138166651
"corrected","M3","CV2",7,4,"Aber-2016",0.909921611529397
"corrected","M3","CV2",7,4,"Brau-2014",0.660018052016828
"corrected","M3","CV2",7,4,"Brau-2015",0.514412974547558
"corrected","M3","CV2",7,4,"Brau-2016",0.44539347754613
"original","M2","CV1",8,4,"Aber-2015",0.569811594215855
"original","M2","CV1",8,4,"Aber-2016",0.431226856011953
"original","M2","CV1",8,4,"Brau-2014",0.147051432176595
"original","M2","CV1",8,4,"Brau-2015",0.282170167693591
"original","M2","CV1",8,4,"Brau-2016",-0.289195294856681
"corrected","M2","CV1",8,4,"Aber-2015",0.560443707099564
"corrected","M2","CV1",8,4,"Aber-2016",0.426092506052453
"corrected","M2","CV1",8,4,"Brau-2014",0.162770531865862
"corrected","M2","CV1",8,4,"Brau-2015",0.308332401559727
"corrected","M2","CV1",8,4,"Brau-2016",-0.306129463351728
"original","M3","CV1",8,4,"Aber-2015",0.539344154270436
"original","M3","CV1",8,4,"Aber-2016",0.449236426782905
"original","M3","CV1",8,4,"Brau-2014",0.543332319320519
"original","M3","CV1",8,4,"Brau-2015",0.338316410029939
"original","M3","CV1",8,4,"Brau-2016",-0.130857248397464
"corrected","M3","CV1",8,4,"Aber-2015",0.534215905193292
"corrected","M3","CV1",8,4,"Aber-2016",0.432774188996476
"corrected","M3","CV1",8,4,"Brau-2014",0.50150855787869
"corrected","M3","CV1",8,4,"Brau-2015",0.32299807182056
"corrected","M3","CV1",8,4,"Brau-2016",-0.193755049316749
"original","M2","CV2",8,4,"Aber-2015",0.641041425633237
"original","M2","CV2",8,4,"Aber-2016",0.608238188705185
"original","M2","CV2",8,4,"Brau-2014",0.536868208231707
"original","M2","CV2",8,4,"Brau-2015",0.781793902263906
"original","M2","CV2",8,4,"Brau-2016",0.762481381305341
"corrected","M2","CV2",8,4,"Aber-2015",0.647534479749227
"corrected","M2","CV2",8,4,"Aber-2016",0.61341509388576
"corrected","M2","CV2",8,4,"Brau-2014",0.535549399730071
"corrected","M2","CV2",8,4,"Brau-2015",0.786148698415513
"corrected","M2","CV2",8,4,"Brau-2016",0.760125522360254
"original","M3","CV2",8,4,"Aber-2015",0.731920193189514
"original","M3","CV2",8,4,"Aber-2016",0.59917858735024
"original","M3","CV2",8,4,"Brau-2014",0.628827996404536
"original","M3","CV2",8,4,"Brau-2015",0.794535629049692
"original","M3","CV2",8,4,"Brau-2016",0.823177801622236
"corrected","M3","CV2",8,4,"Aber-2015",0.725020532489271
"corrected","M3","CV2",8,4,"Aber-2016",0.614704264143148
"corrected","M3","CV2",8,4,"Brau-2014",0.61803925357199
"corrected","M3","CV2",8,4,"Brau-2015",0.795790327874809
"corrected","M3","CV2",8,4,"Brau-2016",0.840484364609927
"original","M2","CV1",9,4,"Aber-2015",0.783895464227576
"original","M2","CV1",9,4,"Aber-2016",0.500116954731996
"original","M2","CV1",9,4,"Brau-2014",0.284162163018673
"original","M2","CV1",9,4,"Brau-2015",0.34966548667648
"original","M2","CV1",9,4,"Brau-2016",0.227847862351363
"corrected","M2","CV1",9,4,"Aber-2015",0.773850221584875
"corrected","M2","CV1",9,4,"Aber-2016",0.48664347426096
"corrected","M2","CV1",9,4,"Brau-2014",0.307155459857814
"corrected","M2","CV1",9,4,"Brau-2015",0.344953881231986
"corrected","M2","CV1",9,4,"Brau-2016",0.19412320901703
"original","M3","CV1",9,4,"Aber-2015",0.758798324830466
"original","M3","CV1",9,4,"Aber-2016",0.552187120020381
"original","M3","CV1",9,4,"Brau-2014",0.626755974775392
"original","M3","CV1",9,4,"Brau-2015",0.315321737697883
"original","M3","CV1",9,4,"Brau-2016",0.179528446099063
"corrected","M3","CV1",9,4,"Aber-2015",0.760102237369014
"corrected","M3","CV1",9,4,"Aber-2016",0.540565826253154
"corrected","M3","CV1",9,4,"Brau-2014",0.602317366733103
"corrected","M3","CV1",9,4,"Brau-2015",0.34449313722799
"corrected","M3","CV1",9,4,"Brau-2016",0.184653875735127
"original","M2","CV2",9,4,"Aber-2015",0.638898021926164
"original","M2","CV2",9,4,"Aber-2016",0.787198858145777
"original","M2","CV2",9,4,"Brau-2014",0.407122225957506
"original","M2","CV2",9,4,"Brau-2015",0.755322949924129
"original","M2","CV2",9,4,"Brau-2016",0.678704097729552
"corrected","M2","CV2",9,4,"Aber-2015",0.645576176118775
"corrected","M2","CV2",9,4,"Aber-2016",0.786744726299858
"corrected","M2","CV2",9,4,"Brau-2014",0.404782464371291
"corrected","M2","CV2",9,4,"Brau-2015",0.749091560350617
"corrected","M2","CV2",9,4,"Brau-2016",0.676758124951636
"original","M3","CV2",9,4,"Aber-2015",0.655685122489753
"original","M3","CV2",9,4,"Aber-2016",0.80571348657857
"original","M3","CV2",9,4,"Brau-2014",0.51301643770074
"original","M3","CV2",9,4,"Brau-2015",0.766760568357295
"original","M3","CV2",9,4,"Brau-2016",0.793717347909142
"corrected","M3","CV2",9,4,"Aber-2015",0.665834534274823
"corrected","M3","CV2",9,4,"Aber-2016",0.789625691426953
"corrected","M3","CV2",9,4,"Brau-2014",0.510155088899536
"corrected","M3","CV2",9,4,"Brau-2015",0.766427262840117
"corrected","M3","CV2",9,4,"Brau-2016",0.773325553180543
"original","M2","CV1",10,4,"Aber-2015",0.438990426959019
"original","M2","CV1",10,4,"Aber-2016",0.45575528779011
"original","M2","CV1",10,4,"Brau-2014",0.713090978987442
"original","M2","CV1",10,4,"Brau-2015",0.418955537068538
"original","M2","CV1",10,4,"Brau-2016",0.32910125702051
"corrected","M2","CV1",10,4,"Aber-2015",0.421096925032328
"corrected","M2","CV1",10,4,"Aber-2016",0.431925232733821
"corrected","M2","CV1",10,4,"Brau-2014",0.713923669485126
"corrected","M2","CV1",10,4,"Brau-2015",0.408462117919266
"corrected","M2","CV1",10,4,"Brau-2016",0.305326835608655
"original","M3","CV1",10,4,"Aber-2015",0.681268723387433
"original","M3","CV1",10,4,"Aber-2016",0.570654801557075
"original","M3","CV1",10,4,"Brau-2014",0.790849806511273
"original","M3","CV1",10,4,"Brau-2015",0.44049927466917
"original","M3","CV1",10,4,"Brau-2016",0.417155191174151
"corrected","M3","CV1",10,4,"Aber-2015",0.673349737648668
"corrected","M3","CV1",10,4,"Aber-2016",0.561412173233829
"corrected","M3","CV1",10,4,"Brau-2014",0.803787697120689
"corrected","M3","CV1",10,4,"Brau-2015",0.451164010060311
"corrected","M3","CV1",10,4,"Brau-2016",0.401138186896549
"original","M2","CV2",10,4,"Aber-2015",0.678888143096368
"original","M2","CV2",10,4,"Aber-2016",0.279940622994733
"original","M2","CV2",10,4,"Brau-2014",0.384925072511145
"original","M2","CV2",10,4,"Brau-2015",0.721806051557035
"original","M2","CV2",10,4,"Brau-2016",0.662375390296342
"corrected","M2","CV2",10,4,"Aber-2015",0.677560208427838
"corrected","M2","CV2",10,4,"Aber-2016",0.25112306511705
"corrected","M2","CV2",10,4,"Brau-2014",0.378466382548606
"corrected","M2","CV2",10,4,"Brau-2015",0.720999719937163
"corrected","M2","CV2",10,4,"Brau-2016",0.664414997599665
"original","M3","CV2",10,4,"Aber-2015",0.728619168726627
"original","M3","CV2",10,4,"Aber-2016",0.452656062639913
"original","M3","CV2",10,4,"Brau-2014",0.541112094399923
"original","M3","CV2",10,4,"Brau-2015",0.711107804781454
"original","M3","CV2",10,4,"Brau-2016",0.650159308619203
"corrected","M3","CV2",10,4,"Aber-2015",0.736115783468508
"corrected","M3","CV2",10,4,"Aber-2016",0.405203827186512
"corrected","M3","CV2",10,4,"Brau-2014",0.55668262430159
"corrected","M3","CV2",10,4,"Brau-2015",0.707657181914673
"corrected","M3","CV2",10,4,"Brau-2016",0.644829231388999
"original","M2","CV1",1,5,"Aber-2015",0.620073098138287
"original","M2","CV1",1,5,"Aber-2016",0.492930301256977
"original","M2","CV1",1,5,"Brau-2014",0.656162749175367
"original","M2","CV1",1,5,"Brau-2015",0.639062301074713
"original","M2","CV1",1,5,"Brau-2016",0.444446408434112
"corrected","M2","CV1",1,5,"Aber-2015",0.608149601897236
"corrected","M2","CV1",1,5,"Aber-2016",0.477959268631655
"corrected","M2","CV1",1,5,"Brau-2014",0.65758885235441
"corrected","M2","CV1",1,5,"Brau-2015",0.630807888358634
"corrected","M2","CV1",1,5,"Brau-2016",0.432283757230287
"original","M3","CV1",1,5,"Aber-2015",0.678588436995515
"original","M3","CV1",1,5,"Aber-2016",0.55545989080812
"original","M3","CV1",1,5,"Brau-2014",0.754777760257377
"original","M3","CV1",1,5,"Brau-2015",0.631110710980432
"original","M3","CV1",1,5,"Brau-2016",0.588120778340407
"corrected","M3","CV1",1,5,"Aber-2015",0.68663555055901
"corrected","M3","CV1",1,5,"Aber-2016",0.562346316093182
"corrected","M3","CV1",1,5,"Brau-2014",0.762122201640447
"corrected","M3","CV1",1,5,"Brau-2015",0.672122934152309
"corrected","M3","CV1",1,5,"Brau-2016",0.564861547490703
"original","M2","CV2",1,5,"Aber-2015",0.671646717536616
"original","M2","CV2",1,5,"Aber-2016",0.703050086807008
"original","M2","CV2",1,5,"Brau-2014",0.583608346133777
"original","M2","CV2",1,5,"Brau-2015",0.800176783343746
"original","M2","CV2",1,5,"Brau-2016",0.397707488493514
"corrected","M2","CV2",1,5,"Aber-2015",0.666729045174048
"corrected","M2","CV2",1,5,"Aber-2016",0.703449182340025
"corrected","M2","CV2",1,5,"Brau-2014",0.583688279086003
"corrected","M2","CV2",1,5,"Brau-2015",0.803627482326275
"corrected","M2","CV2",1,5,"Brau-2016",0.389682572199231
"original","M3","CV2",1,5,"Aber-2015",0.772951501513457
"original","M3","CV2",1,5,"Aber-2016",0.71842290970504
"original","M3","CV2",1,5,"Brau-2014",0.642162074761627
"original","M3","CV2",1,5,"Brau-2015",0.802067044762285
"original","M3","CV2",1,5,"Brau-2016",0.355626996778502
"corrected","M3","CV2",1,5,"Aber-2015",0.761626450973055
"corrected","M3","CV2",1,5,"Aber-2016",0.70796710863173
"corrected","M3","CV2",1,5,"Brau-2014",0.665154844254154
"corrected","M3","CV2",1,5,"Brau-2015",0.807722326200461
"corrected","M3","CV2",1,5,"Brau-2016",0.356017966030038
"original","M2","CV1",2,5,"Aber-2015",0.646066353150726
"original","M2","CV1",2,5,"Aber-2016",0.611203535882754
"original","M2","CV1",2,5,"Brau-2014",0.291240327174664
"original","M2","CV1",2,5,"Brau-2015",0.445386187146293
"original","M2","CV1",2,5,"Brau-2016",0.396004158759777
"corrected","M2","CV1",2,5,"Aber-2015",0.647130961031837
"corrected","M2","CV1",2,5,"Aber-2016",0.608007290833787
"corrected","M2","CV1",2,5,"Brau-2014",0.313341244362553
"corrected","M2","CV1",2,5,"Brau-2015",0.4366939288497
"corrected","M2","CV1",2,5,"Brau-2016",0.376188895270724
"original","M3","CV1",2,5,"Aber-2015",0.696832499227976
"original","M3","CV1",2,5,"Aber-2016",0.611776435975577
"original","M3","CV1",2,5,"Brau-2014",0.476113842245377
"original","M3","CV1",2,5,"Brau-2015",0.456691625976671
"original","M3","CV1",2,5,"Brau-2016",0.518358596367178
"corrected","M3","CV1",2,5,"Aber-2015",0.685367951716024
"corrected","M3","CV1",2,5,"Aber-2016",0.61479491582904
"corrected","M3","CV1",2,5,"Brau-2014",0.502486001035663
"corrected","M3","CV1",2,5,"Brau-2015",0.462832458011615
"corrected","M3","CV1",2,5,"Brau-2016",0.52133452764831
"original","M2","CV2",2,5,"Aber-2015",0.719110445492124
"original","M2","CV2",2,5,"Aber-2016",0.623387370293507
"original","M2","CV2",2,5,"Brau-2014",0.58108697489286
"original","M2","CV2",2,5,"Brau-2015",0.616968060248616
"original","M2","CV2",2,5,"Brau-2016",0.258224662245131
"corrected","M2","CV2",2,5,"Aber-2015",0.713901575335908
"corrected","M2","CV2",2,5,"Aber-2016",0.619142478045093
"corrected","M2","CV2",2,5,"Brau-2014",0.583209200600516
"corrected","M2","CV2",2,5,"Brau-2015",0.610497536416089
"corrected","M2","CV2",2,5,"Brau-2016",0.255528651187261
"original","M3","CV2",2,5,"Aber-2015",0.731606447545548
"original","M3","CV2",2,5,"Aber-2016",0.631708425159526
"original","M3","CV2",2,5,"Brau-2014",0.741424761478225
"original","M3","CV2",2,5,"Brau-2015",0.686634171147761
"original","M3","CV2",2,5,"Brau-2016",0.317328288394705
"corrected","M3","CV2",2,5,"Aber-2015",0.72913579758681
"corrected","M3","CV2",2,5,"Aber-2016",0.637481571155126
"corrected","M3","CV2",2,5,"Brau-2014",0.744091211124683
"corrected","M3","CV2",2,5,"Brau-2015",0.681340658216844
"corrected","M3","CV2",2,5,"Brau-2016",0.320813315929702
"original","M2","CV1",3,5,"Aber-2015",0.435366464320281
"original","M2","CV1",3,5,"Aber-2016",0.265913878027733
"original","M2","CV1",3,5,"Brau-2014",0.370431142555669
"original","M2","CV1",3,5,"Brau-2015",0.478946610629557
"original","M2","CV1",3,5,"Brau-2016",0.498342752230583
"corrected","M2","CV1",3,5,"Aber-2015",0.433636779046267
"corrected","M2","CV1",3,5,"Aber-2016",0.252586465974557
"corrected","M2","CV1",3,5,"Brau-2014",0.367553963433883
"corrected","M2","CV1",3,5,"Brau-2015",0.466288644697754
"corrected","M2","CV1",3,5,"Brau-2016",0.493856840102924
"original","M3","CV1",3,5,"Aber-2015",0.452475163418756
"original","M3","CV1",3,5,"Aber-2016",0.185703692044557
"original","M3","CV1",3,5,"Brau-2014",0.679016227222649
"original","M3","CV1",3,5,"Brau-2015",0.547541870826173
"original","M3","CV1",3,5,"Brau-2016",0.544474940906477
"corrected","M3","CV1",3,5,"Aber-2015",0.44516382376925
"corrected","M3","CV1",3,5,"Aber-2016",0.177553887927053
"corrected","M3","CV1",3,5,"Brau-2014",0.701509961037436
"corrected","M3","CV1",3,5,"Brau-2015",0.545879345489966
"corrected","M3","CV1",3,5,"Brau-2016",0.554574435222338
"original","M2","CV2",3,5,"Aber-2015",0.87842200935315
"original","M2","CV2",3,5,"Aber-2016",0.526455509937283
"original","M2","CV2",3,5,"Brau-2014",0.498451111312242
"original","M2","CV2",3,5,"Brau-2015",0.671124994360544
"original","M2","CV2",3,5,"Brau-2016",0.512214846888824
"corrected","M2","CV2",3,5,"Aber-2015",0.873502715735458
"corrected","M2","CV2",3,5,"Aber-2016",0.530260564144201
"corrected","M2","CV2",3,5,"Brau-2014",0.504225612465521
"corrected","M2","CV2",3,5,"Brau-2015",0.67203985455077
"corrected","M2","CV2",3,5,"Brau-2016",0.507429215775525
"original","M3","CV2",3,5,"Aber-2015",0.812660759881414
"original","M3","CV2",3,5,"Aber-2016",0.516287724904462
"original","M3","CV2",3,5,"Brau-2014",0.685399830846973
"original","M3","CV2",3,5,"Brau-2015",0.712297103718528
"original","M3","CV2",3,5,"Brau-2016",0.526001175949719
"corrected","M3","CV2",3,5,"Aber-2015",0.819715379363992
"corrected","M3","CV2",3,5,"Aber-2016",0.518422787456624
"corrected","M3","CV2",3,5,"Brau-2014",0.682658412310382
"corrected","M3","CV2",3,5,"Brau-2015",0.717393500850297
"corrected","M3","CV2",3,5,"Brau-2016",0.515661244752263
"original","M2","CV1",4,5,"Aber-2015",0.36911113368302
"original","M2","CV1",4,5,"Aber-2016",0.205893992411959
"original","M2","CV1",4,5,"Brau-2014",0.234834472217974
"original","M2","CV1",4,5,"Brau-2015",0.448130098057091
"original","M2","CV1",4,5,"Brau-2016",0.429455183035846
"corrected","M2","CV1",4,5,"Aber-2015",0.371998172999105
"corrected","M2","CV1",4,5,"Aber-2016",0.205355493363802
"corrected","M2","CV1",4,5,"Brau-2014",0.228634907626834
"corrected","M2","CV1",4,5,"Brau-2015",0.448066248927536
"corrected","M2","CV1",4,5,"Brau-2016",0.428409261668627
"original","M3","CV1",4,5,"Aber-2015",0.546384928573451
"original","M3","CV1",4,5,"Aber-2016",0.352118856325186
"original","M3","CV1",4,5,"Brau-2014",0.377852891270609
"original","M3","CV1",4,5,"Brau-2015",0.408213484584144
"original","M3","CV1",4,5,"Brau-2016",0.287449954898846
"corrected","M3","CV1",4,5,"Aber-2015",0.56373925085052
"corrected","M3","CV1",4,5,"Aber-2016",0.361182446704287
"corrected","M3","CV1",4,5,"Brau-2014",0.419620867721092
"corrected","M3","CV1",4,5,"Brau-2015",0.401848110517178
"corrected","M3","CV1",4,5,"Brau-2016",0.280816365095017
"original","M2","CV2",4,5,"Aber-2015",0.881493254414945
"original","M2","CV2",4,5,"Aber-2016",0.680638520458356
"original","M2","CV2",4,5,"Brau-2014",0.523159252634734
"original","M2","CV2",4,5,"Brau-2015",0.703123444953232
"original","M2","CV2",4,5,"Brau-2016",0.476627888692299
"corrected","M2","CV2",4,5,"Aber-2015",0.886709783794152
"corrected","M2","CV2",4,5,"Aber-2016",0.68229618340189
"corrected","M2","CV2",4,5,"Brau-2014",0.523332957897164
"corrected","M2","CV2",4,5,"Brau-2015",0.697988039618585
"corrected","M2","CV2",4,5,"Brau-2016",0.464719306474094
"original","M3","CV2",4,5,"Aber-2015",0.875026086860964
"original","M3","CV2",4,5,"Aber-2016",0.66427988534223
"original","M3","CV2",4,5,"Brau-2014",0.660833801431934
"original","M3","CV2",4,5,"Brau-2015",0.715935212888178
"original","M3","CV2",4,5,"Brau-2016",0.618006127972746
"corrected","M3","CV2",4,5,"Aber-2015",0.873512939159792
"corrected","M3","CV2",4,5,"Aber-2016",0.682126285050263
"corrected","M3","CV2",4,5,"Brau-2014",0.663925278236751
"corrected","M3","CV2",4,5,"Brau-2015",0.711111936999662
"corrected","M3","CV2",4,5,"Brau-2016",0.615075977513073
"original","M2","CV1",5,5,"Aber-2015",0.622743308416956
"original","M2","CV1",5,5,"Aber-2016",0.386621886496412
"original","M2","CV1",5,5,"Brau-2014",0.598225351595024
"original","M2","CV1",5,5,"Brau-2015",0.521459678286754
"original","M2","CV1",5,5,"Brau-2016",0.370523006234626
"corrected","M2","CV1",5,5,"Aber-2015",0.613312151966534
"corrected","M2","CV1",5,5,"Aber-2016",0.381992857967527
"corrected","M2","CV1",5,5,"Brau-2014",0.589024410119256
"corrected","M2","CV1",5,5,"Brau-2015",0.521248476264411
"corrected","M2","CV1",5,5,"Brau-2016",0.375807189172493
"original","M3","CV1",5,5,"Aber-2015",0.700789321270083
"original","M3","CV1",5,5,"Aber-2016",0.488392817139292
"original","M3","CV1",5,5,"Brau-2014",0.65471843325418
"original","M3","CV1",5,5,"Brau-2015",0.581627820106997
"original","M3","CV1",5,5,"Brau-2016",0.310240268778814
"corrected","M3","CV1",5,5,"Aber-2015",0.682237413712051
"corrected","M3","CV1",5,5,"Aber-2016",0.480197093168038
"corrected","M3","CV1",5,5,"Brau-2014",0.649479649746682
"corrected","M3","CV1",5,5,"Brau-2015",0.573463479452158
"corrected","M3","CV1",5,5,"Brau-2016",0.289867039896845
"original","M2","CV2",5,5,"Aber-2015",0.799152300370369
"original","M2","CV2",5,5,"Aber-2016",0.742871380473837
"original","M2","CV2",5,5,"Brau-2014",0.645337635771415
"original","M2","CV2",5,5,"Brau-2015",0.616155006881067
"original","M2","CV2",5,5,"Brau-2016",0.821415923439767
"corrected","M2","CV2",5,5,"Aber-2015",0.79951270601001
"corrected","M2","CV2",5,5,"Aber-2016",0.739950095826777
"corrected","M2","CV2",5,5,"Brau-2014",0.648445508304461
"corrected","M2","CV2",5,5,"Brau-2015",0.611168898889342
"corrected","M2","CV2",5,5,"Brau-2016",0.826505631482291
"original","M3","CV2",5,5,"Aber-2015",0.835213052616032
"original","M3","CV2",5,5,"Aber-2016",0.694032099068078
"original","M3","CV2",5,5,"Brau-2014",0.71528141569248
"original","M3","CV2",5,5,"Brau-2015",0.677653011153391
"original","M3","CV2",5,5,"Brau-2016",0.825790988999097
"corrected","M3","CV2",5,5,"Aber-2015",0.826464926042663
"corrected","M3","CV2",5,5,"Aber-2016",0.688741932323009
"corrected","M3","CV2",5,5,"Brau-2014",0.718790716946093
"corrected","M3","CV2",5,5,"Brau-2015",0.708250052741162
"corrected","M3","CV2",5,5,"Brau-2016",0.785341378436482
"original","M2","CV1",6,5,"Aber-2015",0.416372143118064
"original","M2","CV1",6,5,"Aber-2016",0.406178688217188
"original","M2","CV1",6,5,"Brau-2014",0.515616428351513
"original","M2","CV1",6,5,"Brau-2015",0.508480319083757
"original","M2","CV1",6,5,"Brau-2016",0.590215498539427
"corrected","M2","CV1",6,5,"Aber-2015",0.4125566976667
"corrected","M2","CV1",6,5,"Aber-2016",0.400930906548634
"corrected","M2","CV1",6,5,"Brau-2014",0.513016839202858
"corrected","M2","CV1",6,5,"Brau-2015",0.499162871327373
"corrected","M2","CV1",6,5,"Brau-2016",0.566428260466391
"original","M3","CV1",6,5,"Aber-2015",0.532912169336113
"original","M3","CV1",6,5,"Aber-2016",0.497696488475972
"original","M3","CV1",6,5,"Brau-2014",0.518104615366511
"original","M3","CV1",6,5,"Brau-2015",0.521336502919135
"original","M3","CV1",6,5,"Brau-2016",0.638141559462618
"corrected","M3","CV1",6,5,"Aber-2015",0.529716106143306
"corrected","M3","CV1",6,5,"Aber-2016",0.484776624025516
"corrected","M3","CV1",6,5,"Brau-2014",0.531981745361668
"corrected","M3","CV1",6,5,"Brau-2015",0.530809891307336
"corrected","M3","CV1",6,5,"Brau-2016",0.629126627277316
"original","M2","CV2",6,5,"Aber-2015",0.636500846645701
"original","M2","CV2",6,5,"Aber-2016",0.724316622166311
"original","M2","CV2",6,5,"Brau-2014",0.128297588770251
"original","M2","CV2",6,5,"Brau-2015",0.649523195098617
"original","M2","CV2",6,5,"Brau-2016",0.783157140966383
"corrected","M2","CV2",6,5,"Aber-2015",0.635020487063284
"corrected","M2","CV2",6,5,"Aber-2016",0.724786145054793
"corrected","M2","CV2",6,5,"Brau-2014",0.125034323250435
"corrected","M2","CV2",6,5,"Brau-2015",0.648085484927876
"corrected","M2","CV2",6,5,"Brau-2016",0.778261164632901
"original","M3","CV2",6,5,"Aber-2015",0.696728563691873
"original","M3","CV2",6,5,"Aber-2016",0.633853127101109
"original","M3","CV2",6,5,"Brau-2014",0.232119627233034
"original","M3","CV2",6,5,"Brau-2015",0.705768195361814
"original","M3","CV2",6,5,"Brau-2016",0.778320367271512
"corrected","M3","CV2",6,5,"Aber-2015",0.694938311156201
"corrected","M3","CV2",6,5,"Aber-2016",0.618880299591414
"corrected","M3","CV2",6,5,"Brau-2014",0.23133340843879
"corrected","M3","CV2",6,5,"Brau-2015",0.716034473461203
"corrected","M3","CV2",6,5,"Brau-2016",0.778593317362556
"original","M2","CV1",7,5,"Aber-2015",0.298637303004916
"original","M2","CV1",7,5,"Aber-2016",0.116521415287249
"original","M2","CV1",7,5,"Brau-2014",-0.138722162588899
"original","M2","CV1",7,5,"Brau-2015",0.439069180189323
"original","M2","CV1",7,5,"Brau-2016",0.193174218486763
"corrected","M2","CV1",7,5,"Aber-2015",0.285076046256986
"corrected","M2","CV1",7,5,"Aber-2016",0.105361851802957
"corrected","M2","CV1",7,5,"Brau-2014",-0.118792944410549
"corrected","M2","CV1",7,5,"Brau-2015",0.446082852002441
"corrected","M2","CV1",7,5,"Brau-2016",0.210412291393466
"original","M3","CV1",7,5,"Aber-2015",0.378383931246767
"original","M3","CV1",7,5,"Aber-2016",0.16953203490354
"original","M3","CV1",7,5,"Brau-2014",0.454555090244784
"original","M3","CV1",7,5,"Brau-2015",0.527779919942968
"original","M3","CV1",7,5,"Brau-2016",0.391701243785956
"corrected","M3","CV1",7,5,"Aber-2015",0.372320873135382
"corrected","M3","CV1",7,5,"Aber-2016",0.177797737261475
"corrected","M3","CV1",7,5,"Brau-2014",0.431890046258009
"corrected","M3","CV1",7,5,"Brau-2015",0.530529607927153
"corrected","M3","CV1",7,5,"Brau-2016",0.365740613607059
"original","M2","CV2",7,5,"Aber-2015",0.540780811843532
"original","M2","CV2",7,5,"Aber-2016",0.723370758728516
"original","M2","CV2",7,5,"Brau-2014",0.594876964919997
"original","M2","CV2",7,5,"Brau-2015",0.29161146769467
"original","M2","CV2",7,5,"Brau-2016",0.444769559167496
"corrected","M2","CV2",7,5,"Aber-2015",0.551670057421734
"corrected","M2","CV2",7,5,"Aber-2016",0.722216000018052
"corrected","M2","CV2",7,5,"Brau-2014",0.598338901087778
"corrected","M2","CV2",7,5,"Brau-2015",0.283001383798394
"corrected","M2","CV2",7,5,"Brau-2016",0.443139872864086
"original","M3","CV2",7,5,"Aber-2015",0.621578146779985
"original","M3","CV2",7,5,"Aber-2016",0.680184904617832
"original","M3","CV2",7,5,"Brau-2014",0.581750671865648
"original","M3","CV2",7,5,"Brau-2015",0.280147085880109
"original","M3","CV2",7,5,"Brau-2016",0.430302590788611
"corrected","M3","CV2",7,5,"Aber-2015",0.610259939295143
"corrected","M3","CV2",7,5,"Aber-2016",0.674730622137378
"corrected","M3","CV2",7,5,"Brau-2014",0.611264751095104
"corrected","M3","CV2",7,5,"Brau-2015",0.28447216531296
"corrected","M3","CV2",7,5,"Brau-2016",0.495197801385574
"original","M2","CV1",8,5,"Aber-2015",0.534841400856374
"original","M2","CV1",8,5,"Aber-2016",0.433554599910505
"original","M2","CV1",8,5,"Brau-2014",0.450968997771514
"original","M2","CV1",8,5,"Brau-2015",0.556911689484197
"original","M2","CV1",8,5,"Brau-2016",0.556505451918177
"corrected","M2","CV1",8,5,"Aber-2015",0.523781460664239
"corrected","M2","CV1",8,5,"Aber-2016",0.417132817407428
"corrected","M2","CV1",8,5,"Brau-2014",0.427909780292841
"corrected","M2","CV1",8,5,"Brau-2015",0.543355013821462
"corrected","M2","CV1",8,5,"Brau-2016",0.542140486951613
"original","M3","CV1",8,5,"Aber-2015",0.662708080997809
"original","M3","CV1",8,5,"Aber-2016",0.53550286840475
"original","M3","CV1",8,5,"Brau-2014",0.560859612405206
"original","M3","CV1",8,5,"Brau-2015",0.634060006185518
"original","M3","CV1",8,5,"Brau-2016",0.6754673477201
"corrected","M3","CV1",8,5,"Aber-2015",0.65171779877132
"corrected","M3","CV1",8,5,"Aber-2016",0.498625600926432
"corrected","M3","CV1",8,5,"Brau-2014",0.540474974052671
"corrected","M3","CV1",8,5,"Brau-2015",0.559608311357859
"corrected","M3","CV1",8,5,"Brau-2016",0.616665475851875
"original","M2","CV2",8,5,"Aber-2015",0.949031727892308
"original","M2","CV2",8,5,"Aber-2016",0.79687073305761
"original","M2","CV2",8,5,"Brau-2014",0.234362454274116
"original","M2","CV2",8,5,"Brau-2015",0.762094601052294
"original","M2","CV2",8,5,"Brau-2016",0.359845100731499
"corrected","M2","CV2",8,5,"Aber-2015",0.947529074319208
"corrected","M2","CV2",8,5,"Aber-2016",0.797032262793092
"corrected","M2","CV2",8,5,"Brau-2014",0.235129676434906
"corrected","M2","CV2",8,5,"Brau-2015",0.761996040560754
"corrected","M2","CV2",8,5,"Brau-2016",0.3735415262961
"original","M3","CV2",8,5,"Aber-2015",0.894525995505388
"original","M3","CV2",8,5,"Aber-2016",0.774212463305665
"original","M3","CV2",8,5,"Brau-2014",0.42134571424244
"original","M3","CV2",8,5,"Brau-2015",0.816756419772449
"original","M3","CV2",8,5,"Brau-2016",0.376093367766475
"corrected","M3","CV2",8,5,"Aber-2015",0.89825836052819
"corrected","M3","CV2",8,5,"Aber-2016",0.788460844227994
"corrected","M3","CV2",8,5,"Brau-2014",0.380739985597588
"corrected","M3","CV2",8,5,"Brau-2015",0.814990717641887
"corrected","M3","CV2",8,5,"Brau-2016",0.369652540909715
"original","M2","CV1",9,5,"Aber-2015",0.591329038268891
"original","M2","CV1",9,5,"Aber-2016",0.600248681146573
"original","M2","CV1",9,5,"Brau-2014",0.618518721560496
"original","M2","CV1",9,5,"Brau-2015",0.619364096391694
"original","M2","CV1",9,5,"Brau-2016",0.602777062263904
"corrected","M2","CV1",9,5,"Aber-2015",0.576399591732916
"corrected","M2","CV1",9,5,"Aber-2016",0.582577798139983
"corrected","M2","CV1",9,5,"Brau-2014",0.610461732069153
"corrected","M2","CV1",9,5,"Brau-2015",0.615618568022299
"corrected","M2","CV1",9,5,"Brau-2016",0.607971845522493
"original","M3","CV1",9,5,"Aber-2015",0.59968429400214
"original","M3","CV1",9,5,"Aber-2016",0.6091821921168
"original","M3","CV1",9,5,"Brau-2014",0.652579252453243
"original","M3","CV1",9,5,"Brau-2015",0.637689017898159
"original","M3","CV1",9,5,"Brau-2016",0.587771270515498
"corrected","M3","CV1",9,5,"Aber-2015",0.581781495991125
"corrected","M3","CV1",9,5,"Aber-2016",0.59205277621811
"corrected","M3","CV1",9,5,"Brau-2014",0.65255833824899
"corrected","M3","CV1",9,5,"Brau-2015",0.610804644167461
"corrected","M3","CV1",9,5,"Brau-2016",0.593245331037167
"original","M2","CV2",9,5,"Aber-2015",0.714945187484087
"original","M2","CV2",9,5,"Aber-2016",0.683510611954109
"original","M2","CV2",9,5,"Brau-2014",0.629663095554671
"original","M2","CV2",9,5,"Brau-2015",0.660113222480538
"original","M2","CV2",9,5,"Brau-2016",0.43244052964466
"corrected","M2","CV2",9,5,"Aber-2015",0.715413675420829
"corrected","M2","CV2",9,5,"Aber-2016",0.684897259295375
"corrected","M2","CV2",9,5,"Brau-2014",0.632152360204146
"corrected","M2","CV2",9,5,"Brau-2015",0.662394793948356
"corrected","M2","CV2",9,5,"Brau-2016",0.434177119947439
"original","M3","CV2",9,5,"Aber-2015",0.793019052328696
"original","M3","CV2",9,5,"Aber-2016",0.699408541302645
"original","M3","CV2",9,5,"Brau-2014",0.704160128985086
"original","M3","CV2",9,5,"Brau-2015",0.681104359802472
"original","M3","CV2",9,5,"Brau-2016",0.401010988258469
"corrected","M3","CV2",9,5,"Aber-2015",0.791728742213597
"corrected","M3","CV2",9,5,"Aber-2016",0.705028976468029
"corrected","M3","CV2",9,5,"Brau-2014",0.711505471155674
"corrected","M3","CV2",9,5,"Brau-2015",0.685181253629403
"corrected","M3","CV2",9,5,"Brau-2016",0.397548223333507
"original","M2","CV1",10,5,"Aber-2015",0.636475713861335
"original","M2","CV1",10,5,"Aber-2016",0.177989321780884
"original","M2","CV1",10,5,"Brau-2014",0.470963038464782
"original","M2","CV1",10,5,"Brau-2015",0.36442696319418
"original","M2","CV1",10,5,"Brau-2016",0.523218023343381
"corrected","M2","CV1",10,5,"Aber-2015",0.650396736365415
"corrected","M2","CV1",10,5,"Aber-2016",0.186609903074298
"corrected","M2","CV1",10,5,"Brau-2014",0.481657444509537
"corrected","M2","CV1",10,5,"Brau-2015",0.35921240944264
"corrected","M2","CV1",10,5,"Brau-2016",0.501007034292651
"original","M3","CV1",10,5,"Aber-2015",0.680779236784671
"original","M3","CV1",10,5,"Aber-2016",0.215176025645703
"original","M3","CV1",10,5,"Brau-2014",0.681452489394963
"original","M3","CV1",10,5,"Brau-2015",0.364185080321129
"original","M3","CV1",10,5,"Brau-2016",0.68093891620948
"corrected","M3","CV1",10,5,"Aber-2015",0.674435088896876
"corrected","M3","CV1",10,5,"Aber-2016",0.21857323163428
"corrected","M3","CV1",10,5,"Brau-2014",0.687496948461439
"corrected","M3","CV1",10,5,"Brau-2015",0.360033348075366
"corrected","M3","CV1",10,5,"Brau-2016",0.655673198912078
"original","M2","CV2",10,5,"Aber-2015",0.871872124896399
"original","M2","CV2",10,5,"Aber-2016",0.624623211135186
"original","M2","CV2",10,5,"Brau-2014",0.731882321153407
"original","M2","CV2",10,5,"Brau-2015",0.851493685988516
"original","M2","CV2",10,5,"Brau-2016",0.63565281684337
"corrected","M2","CV2",10,5,"Aber-2015",0.871914398650308
"corrected","M2","CV2",10,5,"Aber-2016",0.62848239097975
"corrected","M2","CV2",10,5,"Brau-2014",0.727526134395555
"corrected","M2","CV2",10,5,"Brau-2015",0.849229130903089
"corrected","M2","CV2",10,5,"Brau-2016",0.636075018785598
"original","M3","CV2",10,5,"Aber-2015",0.900713421611742
"original","M3","CV2",10,5,"Aber-2016",0.631929532923118
"original","M3","CV2",10,5,"Brau-2014",0.781461344593751
"original","M3","CV2",10,5,"Brau-2015",0.855347588733333
"original","M3","CV2",10,5,"Brau-2016",0.59000683408277
"corrected","M3","CV2",10,5,"Aber-2015",0.893504588605505
"corrected","M3","CV2",10,5,"Aber-2016",0.634910312522504
"corrected","M3","CV2",10,5,"Brau-2014",0.769016574454793
"corrected","M3","CV2",10,5,"Brau-2015",0.856690279279724
"corrected","M3","CV2",10,5,"Brau-2016",0.59474069357721
