"G","model","CV","rep","fold","Environment","PA"
"original","M2","CV1",1,1,"Aber-2015",0.401256347091341
"original","M2","CV1",1,1,"Aber-2016",0.286783499075241
"original","M2","CV1",1,1,"Brau-2014",0.427215310211841
"original","M2","CV1",1,1,"Brau-2015",0.476756622342562
"original","M2","CV1",1,1,"Brau-2016",0.295438254795588
"corrected","M2","CV1",1,1,"Aber-2015",0.390290002284743
"corrected","M2","CV1",1,1,"Aber-2016",0.272552486367744
"corrected","M2","CV1",1,1,"Brau-2014",0.432429221494843
"corrected","M2","CV1",1,1,"Brau-2015",0.470470251736336
"corrected","M2","CV1",1,1,"Brau-2016",0.307733996811348
"original","M3","CV1",1,1,"Aber-2015",0.401068309575358
"original","M3","CV1",1,1,"Aber-2016",0.235919992441852
"original","M3","CV1",1,1,"Brau-2014",0.292264933940541
"original","M3","CV1",1,1,"Brau-2015",0.434551638576258
"original","M3","CV1",1,1,"Brau-2016",0.494708518167743
"corrected","M3","CV1",1,1,"Aber-2015",0.396500191701408
"corrected","M3","CV1",1,1,"Aber-2016",0.213667248580583
"corrected","M3","CV1",1,1,"Brau-2014",0.297015536789372
"corrected","M3","CV1",1,1,"Brau-2015",0.485484854966627
"corrected","M3","CV1",1,1,"Brau-2016",0.462527994678083
"original","M2","CV2",1,1,"Aber-2015",0.833109227912855
"original","M2","CV2",1,1,"Aber-2016",0.840578257164555
"original","M2","CV2",1,1,"Brau-2014",0.638114241667933
"original","M2","CV2",1,1,"Brau-2015",0.81136081865409
"original","M2","CV2",1,1,"Brau-2016",0.278062413711857
"corrected","M2","CV2",1,1,"Aber-2015",0.829276085516731
"corrected","M2","CV2",1,1,"Aber-2016",0.84228608891407
"corrected","M2","CV2",1,1,"Brau-2014",0.641410502681394
"corrected","M2","CV2",1,1,"Brau-2015",0.811255738998329
"corrected","M2","CV2",1,1,"Brau-2016",0.286660348724109
"original","M3","CV2",1,1,"Aber-2015",0.804023552435915
"original","M3","CV2",1,1,"Aber-2016",0.823372525852158
"original","M3","CV2",1,1,"Brau-2014",0.665209764076317
"original","M3","CV2",1,1,"Brau-2015",0.845563169875283
"original","M3","CV2",1,1,"Brau-2016",0.302488486347594
"corrected","M3","CV2",1,1,"Aber-2015",0.806027220810408
"corrected","M3","CV2",1,1,"Aber-2016",0.824714158867715
"corrected","M3","CV2",1,1,"Brau-2014",0.656633947765975
"corrected","M3","CV2",1,1,"Brau-2015",0.839477777182146
"corrected","M3","CV2",1,1,"Brau-2016",0.295622819236312
"original","M2","CV1",2,1,"Aber-2015",0.532587602472893
"original","M2","CV1",2,1,"Aber-2016",0.617316546976416
"original","M2","CV1",2,1,"Brau-2014",0.345754548208733
"original","M2","CV1",2,1,"Brau-2015",0.583477838266961
"original","M2","CV1",2,1,"Brau-2016",0.0152426022570956
"corrected","M2","CV1",2,1,"Aber-2015",0.526524114739218
"corrected","M2","CV1",2,1,"Aber-2016",0.604493124842294
"corrected","M2","CV1",2,1,"Brau-2014",0.337434382190598
"corrected","M2","CV1",2,1,"Brau-2015",0.574039889937517
"corrected","M2","CV1",2,1,"Brau-2016",0.0115421050526531
"original","M3","CV1",2,1,"Aber-2015",0.487709318274252
"original","M3","CV1",2,1,"Aber-2016",0.588683190332263
"original","M3","CV1",2,1,"Brau-2014",0.291872994211707
"original","M3","CV1",2,1,"Brau-2015",0.529914023670856
"original","M3","CV1",2,1,"Brau-2016",0.0510450059513523
"corrected","M3","CV1",2,1,"Aber-2015",0.494402785370892
"corrected","M3","CV1",2,1,"Aber-2016",0.574830297502787
"corrected","M3","CV1",2,1,"Brau-2014",0.29768461157968
"corrected","M3","CV1",2,1,"Brau-2015",0.532002162171988
"corrected","M3","CV1",2,1,"Brau-2016",0.0937595880608594
"original","M2","CV2",2,1,"Aber-2015",0.685332926151571
"original","M2","CV2",2,1,"Aber-2016",0.829418741147697
"original","M2","CV2",2,1,"Brau-2014",0.242493342167367
"original","M2","CV2",2,1,"Brau-2015",0.9141462598536
"original","M2","CV2",2,1,"Brau-2016",0.385098803646633
"corrected","M2","CV2",2,1,"Aber-2015",0.682320034505293
"corrected","M2","CV2",2,1,"Aber-2016",0.828262300073942
"corrected","M2","CV2",2,1,"Brau-2014",0.241261954411786
"corrected","M2","CV2",2,1,"Brau-2015",0.908675294561841
"corrected","M2","CV2",2,1,"Brau-2016",0.39115318324531
"original","M3","CV2",2,1,"Aber-2015",0.608326629639436
"original","M3","CV2",2,1,"Aber-2016",0.822100636337021
"original","M3","CV2",2,1,"Brau-2014",0.238090922187538
"original","M3","CV2",2,1,"Brau-2015",0.91766659874539
"original","M3","CV2",2,1,"Brau-2016",0.569642606829525
"corrected","M3","CV2",2,1,"Aber-2015",0.625802753197697
"corrected","M3","CV2",2,1,"Aber-2016",0.819377429391344
"corrected","M3","CV2",2,1,"Brau-2014",0.237088424567218
"corrected","M3","CV2",2,1,"Brau-2015",0.9212081825483
"corrected","M3","CV2",2,1,"Brau-2016",0.562366995841813
"original","M2","CV1",3,1,"Aber-2015",0.0602117167813733
"original","M2","CV1",3,1,"Aber-2016",0.0484768998781789
"original","M2","CV1",3,1,"Brau-2014",0.453339426021733
"original","M2","CV1",3,1,"Brau-2015",0.292291213002671
"original","M2","CV1",3,1,"Brau-2016",-0.239869783511341
"corrected","M2","CV1",3,1,"Aber-2015",0.0469701224165275
"corrected","M2","CV1",3,1,"Aber-2016",0.0351747413077965
"corrected","M2","CV1",3,1,"Brau-2014",0.439663045041281
"corrected","M2","CV1",3,1,"Brau-2015",0.276132254493892
"corrected","M2","CV1",3,1,"Brau-2016",-0.260938542484939
"original","M3","CV1",3,1,"Aber-2015",0.0616061932209501
"original","M3","CV1",3,1,"Aber-2016",0.0454232132060358
"original","M3","CV1",3,1,"Brau-2014",0.450580128598579
"original","M3","CV1",3,1,"Brau-2015",0.313266153013281
"original","M3","CV1",3,1,"Brau-2016",-0.146964535157279
"corrected","M3","CV1",3,1,"Aber-2015",0.0409990128570654
"corrected","M3","CV1",3,1,"Aber-2016",0.0334151209888084
"corrected","M3","CV1",3,1,"Brau-2014",0.439263584515036
"corrected","M3","CV1",3,1,"Brau-2015",0.321416921696113
"corrected","M3","CV1",3,1,"Brau-2016",-0.133370308413338
"original","M2","CV2",3,1,"Aber-2015",0.631273209681697
"original","M2","CV2",3,1,"Aber-2016",0.76683703196375
"original","M2","CV2",3,1,"Brau-2014",0.56246833534261
"original","M2","CV2",3,1,"Brau-2015",0.8394698581947
"original","M2","CV2",3,1,"Brau-2016",0.61496446653999
"corrected","M2","CV2",3,1,"Aber-2015",0.634045329241277
"corrected","M2","CV2",3,1,"Aber-2016",0.764045861622584
"corrected","M2","CV2",3,1,"Brau-2014",0.568328511702808
"corrected","M2","CV2",3,1,"Brau-2015",0.837556530496976
"corrected","M2","CV2",3,1,"Brau-2016",0.61977789650942
"original","M3","CV2",3,1,"Aber-2015",0.517948426797069
"original","M3","CV2",3,1,"Aber-2016",0.74729259321598
"original","M3","CV2",3,1,"Brau-2014",0.582324320878475
"original","M3","CV2",3,1,"Brau-2015",0.878381313358331
"original","M3","CV2",3,1,"Brau-2016",0.69728700134155
"corrected","M3","CV2",3,1,"Aber-2015",0.517700563313893
"corrected","M3","CV2",3,1,"Aber-2016",0.738506360732844
"corrected","M3","CV2",3,1,"Brau-2014",0.560851181383631
"corrected","M3","CV2",3,1,"Brau-2015",0.87740676988794
"corrected","M3","CV2",3,1,"Brau-2016",0.700994354116704
"original","M2","CV1",4,1,"Aber-2015",0.566619209848819
"original","M2","CV1",4,1,"Aber-2016",0.434537265666467
"original","M2","CV1",4,1,"Brau-2014",0.510988495411368
"original","M2","CV1",4,1,"Brau-2015",0.601891914760208
"original","M2","CV1",4,1,"Brau-2016",-0.128607056168521
"corrected","M2","CV1",4,1,"Aber-2015",0.566571969674897
"corrected","M2","CV1",4,1,"Aber-2016",0.41875546192992
"corrected","M2","CV1",4,1,"Brau-2014",0.517675720321212
"corrected","M2","CV1",4,1,"Brau-2015",0.580742173984289
"corrected","M2","CV1",4,1,"Brau-2016",-0.125850218251398
"original","M3","CV1",4,1,"Aber-2015",0.711673418350435
"original","M3","CV1",4,1,"Aber-2016",0.541482156698989
"original","M3","CV1",4,1,"Brau-2014",0.559036661713672
"original","M3","CV1",4,1,"Brau-2015",0.616510601334564
"original","M3","CV1",4,1,"Brau-2016",-0.0504025753871822
"corrected","M3","CV1",4,1,"Aber-2015",0.679647486265738
"corrected","M3","CV1",4,1,"Aber-2016",0.496518675995888
"corrected","M3","CV1",4,1,"Brau-2014",0.551390686614809
"corrected","M3","CV1",4,1,"Brau-2015",0.562482871254825
"corrected","M3","CV1",4,1,"Brau-2016",-0.124867647657158
"original","M2","CV2",4,1,"Aber-2015",0.772100345114988
"original","M2","CV2",4,1,"Aber-2016",0.741592116544046
"original","M2","CV2",4,1,"Brau-2014",0.704131300553911
"original","M2","CV2",4,1,"Brau-2015",0.810287984099279
"original","M2","CV2",4,1,"Brau-2016",0.396837374077497
"corrected","M2","CV2",4,1,"Aber-2015",0.770693607516657
"corrected","M2","CV2",4,1,"Aber-2016",0.745266380536914
"corrected","M2","CV2",4,1,"Brau-2014",0.704166877906486
"corrected","M2","CV2",4,1,"Brau-2015",0.807510245412858
"corrected","M2","CV2",4,1,"Brau-2016",0.401152229285106
"original","M3","CV2",4,1,"Aber-2015",0.750487332208125
"original","M3","CV2",4,1,"Aber-2016",0.699121751653894
"original","M3","CV2",4,1,"Brau-2014",0.739694506504636
"original","M3","CV2",4,1,"Brau-2015",0.82837983758239
"original","M3","CV2",4,1,"Brau-2016",0.42826558667996
"corrected","M3","CV2",4,1,"Aber-2015",0.745974879066549
"corrected","M3","CV2",4,1,"Aber-2016",0.708362476468149
"corrected","M3","CV2",4,1,"Brau-2014",0.725464889352713
"corrected","M3","CV2",4,1,"Brau-2015",0.827376462002944
"corrected","M3","CV2",4,1,"Brau-2016",0.409767137073985
"original","M2","CV1",5,1,"Aber-2015",0.532293541854557
"original","M2","CV1",5,1,"Aber-2016",0.63137108767693
"original","M2","CV1",5,1,"Brau-2014",0.67615883177331
"original","M2","CV1",5,1,"Brau-2015",0.649650576185971
"original","M2","CV1",5,1,"Brau-2016",0.723265566059823
"corrected","M2","CV1",5,1,"Aber-2015",0.508065619755878
"corrected","M2","CV1",5,1,"Aber-2016",0.615400352732776
"corrected","M2","CV1",5,1,"Brau-2014",0.67280817097851
"corrected","M2","CV1",5,1,"Brau-2015",0.60624346909851
"corrected","M2","CV1",5,1,"Brau-2016",0.699913364949641
"original","M3","CV1",5,1,"Aber-2015",0.428293459594521
"original","M3","CV1",5,1,"Aber-2016",0.57638011405177
"original","M3","CV1",5,1,"Brau-2014",0.649573846998279
"original","M3","CV1",5,1,"Brau-2015",0.581336874135532
"original","M3","CV1",5,1,"Brau-2016",0.353658540773941
"corrected","M3","CV1",5,1,"Aber-2015",0.417153889646296
"corrected","M3","CV1",5,1,"Aber-2016",0.53305166981552
"corrected","M3","CV1",5,1,"Brau-2014",0.611705544995346
"corrected","M3","CV1",5,1,"Brau-2015",0.559344379528052
"corrected","M3","CV1",5,1,"Brau-2016",0.144250474037479
"original","M2","CV2",5,1,"Aber-2015",0.686972503168031
"original","M2","CV2",5,1,"Aber-2016",0.813110316006409
"original","M2","CV2",5,1,"Brau-2014",0.554260165618296
"original","M2","CV2",5,1,"Brau-2015",0.776240820016406
"original","M2","CV2",5,1,"Brau-2016",0.582531357869193
"corrected","M2","CV2",5,1,"Aber-2015",0.691116039018313
"corrected","M2","CV2",5,1,"Aber-2016",0.814463149548365
"corrected","M2","CV2",5,1,"Brau-2014",0.552941601812568
"corrected","M2","CV2",5,1,"Brau-2015",0.776147932641211
"corrected","M2","CV2",5,1,"Brau-2016",0.589568493551147
"original","M3","CV2",5,1,"Aber-2015",0.618722378096405
"original","M3","CV2",5,1,"Aber-2016",0.811513034766194
"original","M3","CV2",5,1,"Brau-2014",0.57070464083811
"original","M3","CV2",5,1,"Brau-2015",0.78527087609355
"original","M3","CV2",5,1,"Brau-2016",0.597639724602318
"corrected","M3","CV2",5,1,"Aber-2015",0.618236319420267
"corrected","M3","CV2",5,1,"Aber-2016",0.813989600147104
"corrected","M3","CV2",5,1,"Brau-2014",0.585147299869694
"corrected","M3","CV2",5,1,"Brau-2015",0.793834938556022
"corrected","M3","CV2",5,1,"Brau-2016",0.586215868498842
"original","M2","CV1",6,1,"Aber-2015",0.434705492968689
"original","M2","CV1",6,1,"Aber-2016",0.399038807030227
"original","M2","CV1",6,1,"Brau-2014",0.359645516746215
"original","M2","CV1",6,1,"Brau-2015",0.292870024443966
"original","M2","CV1",6,1,"Brau-2016",-0.119547070025868
"corrected","M2","CV1",6,1,"Aber-2015",0.42199855427171
"corrected","M2","CV1",6,1,"Aber-2016",0.389734284094578
"corrected","M2","CV1",6,1,"Brau-2014",0.351484170216096
"corrected","M2","CV1",6,1,"Brau-2015",0.26160073874374
"corrected","M2","CV1",6,1,"Brau-2016",-0.117070598755197
"original","M3","CV1",6,1,"Aber-2015",0.458441329998641
"original","M3","CV1",6,1,"Aber-2016",0.408056495239005
"original","M3","CV1",6,1,"Brau-2014",0.293111470707539
"original","M3","CV1",6,1,"Brau-2015",0.304773139207007
"original","M3","CV1",6,1,"Brau-2016",-0.099609982113778
"corrected","M3","CV1",6,1,"Aber-2015",0.479904325856893
"corrected","M3","CV1",6,1,"Aber-2016",0.413891106824302
"corrected","M3","CV1",6,1,"Brau-2014",0.289895868800065
"corrected","M3","CV1",6,1,"Brau-2015",0.312466666117513
"corrected","M3","CV1",6,1,"Brau-2016",-0.0596038721196747
"original","M2","CV2",6,1,"Aber-2015",0.658494188322672
"original","M2","CV2",6,1,"Aber-2016",0.76684796525195
"original","M2","CV2",6,1,"Brau-2014",0.00519847358914195
"original","M2","CV2",6,1,"Brau-2015",0.65991782602316
"original","M2","CV2",6,1,"Brau-2016",0.0299006359534003
"corrected","M2","CV2",6,1,"Aber-2015",0.663425632862269
"corrected","M2","CV2",6,1,"Aber-2016",0.766151846571782
"corrected","M2","CV2",6,1,"Brau-2014",0.00959908032903535
"corrected","M2","CV2",6,1,"Brau-2015",0.661997347999946
"corrected","M2","CV2",6,1,"Brau-2016",0.0278190386577163
"original","M3","CV2",6,1,"Aber-2015",0.621427149967329
"original","M3","CV2",6,1,"Aber-2016",0.76076234109245
"original","M3","CV2",6,1,"Brau-2014",0.0177856324959958
"original","M3","CV2",6,1,"Brau-2015",0.720533339455238
"original","M3","CV2",6,1,"Brau-2016",0.248219400485317
"corrected","M3","CV2",6,1,"Aber-2015",0.61038121231599
"corrected","M3","CV2",6,1,"Aber-2016",0.758581001324476
"corrected","M3","CV2",6,1,"Brau-2014",0.0133103844853957
"corrected","M3","CV2",6,1,"Brau-2015",0.696965240315053
"corrected","M3","CV2",6,1,"Brau-2016",0.256804716507235
"original","M2","CV1",7,1,"Aber-2015",0.492399879255898
"original","M2","CV1",7,1,"Aber-2016",0.611180114563504
"original","M2","CV1",7,1,"Brau-2014",0.488748991101886
"original","M2","CV1",7,1,"Brau-2015",0.602664206193224
"original","M2","CV1",7,1,"Brau-2016",0.358270005666203
"corrected","M2","CV1",7,1,"Aber-2015",0.503476258037083
"corrected","M2","CV1",7,1,"Aber-2016",0.60912551002244
"corrected","M2","CV1",7,1,"Brau-2014",0.467385256255311
"corrected","M2","CV1",7,1,"Brau-2015",0.60217821711766
"corrected","M2","CV1",7,1,"Brau-2016",0.368508901920147
"original","M3","CV1",7,1,"Aber-2015",0.514668032553368
"original","M3","CV1",7,1,"Aber-2016",0.670239274145136
"original","M3","CV1",7,1,"Brau-2014",0.475029791157398
"original","M3","CV1",7,1,"Brau-2015",0.550060536041002
"original","M3","CV1",7,1,"Brau-2016",0.277375044793321
"corrected","M3","CV1",7,1,"Aber-2015",0.495457063545271
"corrected","M3","CV1",7,1,"Aber-2016",0.649984847722264
"corrected","M3","CV1",7,1,"Brau-2014",0.482353539523721
"corrected","M3","CV1",7,1,"Brau-2015",0.554699954621057
"corrected","M3","CV1",7,1,"Brau-2016",0.319998668832095
"original","M2","CV2",7,1,"Aber-2015",0.841942337911798
"original","M2","CV2",7,1,"Aber-2016",0.806917620757656
"original","M2","CV2",7,1,"Brau-2014",0.59480297918723
"original","M2","CV2",7,1,"Brau-2015",0.778973302003607
"original","M2","CV2",7,1,"Brau-2016",0.574461502306157
"corrected","M2","CV2",7,1,"Aber-2015",0.844190507148104
"corrected","M2","CV2",7,1,"Aber-2016",0.806774240969382
"corrected","M2","CV2",7,1,"Brau-2014",0.59858716978326
"corrected","M2","CV2",7,1,"Brau-2015",0.77986939951578
"corrected","M2","CV2",7,1,"Brau-2016",0.577246818710636
"original","M3","CV2",7,1,"Aber-2015",0.794568491267416
"original","M3","CV2",7,1,"Aber-2016",0.803712619104557
"original","M3","CV2",7,1,"Brau-2014",0.569331020525749
"original","M3","CV2",7,1,"Brau-2015",0.814365976143567
"original","M3","CV2",7,1,"Brau-2016",0.603382820337113
"corrected","M3","CV2",7,1,"Aber-2015",0.798272175925817
"corrected","M3","CV2",7,1,"Aber-2016",0.797278100598719
"corrected","M3","CV2",7,1,"Brau-2014",0.581053550170986
"corrected","M3","CV2",7,1,"Brau-2015",0.811878721603249
"corrected","M3","CV2",7,1,"Brau-2016",0.607758264300445
"original","M2","CV1",8,1,"Aber-2015",0.296132105369742
"original","M2","CV1",8,1,"Aber-2016",0.218160891881542
"original","M2","CV1",8,1,"Brau-2014",0.358627120113252
"original","M2","CV1",8,1,"Brau-2015",0.00481510304459444
"original","M2","CV1",8,1,"Brau-2016",0.0162318156310295
"corrected","M2","CV1",8,1,"Aber-2015",0.27628406796839
"corrected","M2","CV1",8,1,"Aber-2016",0.207230134481581
"corrected","M2","CV1",8,1,"Brau-2014",0.359105708933565
"corrected","M2","CV1",8,1,"Brau-2015",-0.00955960207912979
"corrected","M2","CV1",8,1,"Brau-2016",-0.00645280827710208
"original","M3","CV1",8,1,"Aber-2015",0.356291144473644
"original","M3","CV1",8,1,"Aber-2016",0.285535748382587
"original","M3","CV1",8,1,"Brau-2014",0.466686027689465
"original","M3","CV1",8,1,"Brau-2015",0.0501849066396386
"original","M3","CV1",8,1,"Brau-2016",0.0746151975384136
"corrected","M3","CV1",8,1,"Aber-2015",0.374981076977941
"corrected","M3","CV1",8,1,"Aber-2016",0.281884982482115
"corrected","M3","CV1",8,1,"Brau-2014",0.460653511676823
"corrected","M3","CV1",8,1,"Brau-2015",0.087932784082148
"corrected","M3","CV1",8,1,"Brau-2016",0.128443997844544
"original","M2","CV2",8,1,"Aber-2015",0.573842334990933
"original","M2","CV2",8,1,"Aber-2016",0.819713764175788
"original","M2","CV2",8,1,"Brau-2014",0.331901302200866
"original","M2","CV2",8,1,"Brau-2015",0.839104416217825
"original","M2","CV2",8,1,"Brau-2016",0.686169871037948
"corrected","M2","CV2",8,1,"Aber-2015",0.572530621324347
"corrected","M2","CV2",8,1,"Aber-2016",0.817556446139755
"corrected","M2","CV2",8,1,"Brau-2014",0.338569391023075
"corrected","M2","CV2",8,1,"Brau-2015",0.841281196083457
"corrected","M2","CV2",8,1,"Brau-2016",0.686219764558405
"original","M3","CV2",8,1,"Aber-2015",0.616418937288581
"original","M3","CV2",8,1,"Aber-2016",0.825103046774511
"original","M3","CV2",8,1,"Brau-2014",0.377378014821639
"original","M3","CV2",8,1,"Brau-2015",0.820132460030133
"original","M3","CV2",8,1,"Brau-2016",0.705638343857901
"corrected","M3","CV2",8,1,"Aber-2015",0.623892858489609
"corrected","M3","CV2",8,1,"Aber-2016",0.822913038139256
"corrected","M3","CV2",8,1,"Brau-2014",0.380540853620709
"corrected","M3","CV2",8,1,"Brau-2015",0.825208720488105
"corrected","M3","CV2",8,1,"Brau-2016",0.714416035093183
"original","M2","CV1",9,1,"Aber-2015",0.399990795067489
"original","M2","CV1",9,1,"Aber-2016",0.518073395071349
"original","M2","CV1",9,1,"Brau-2014",0.749048703749756
"original","M2","CV1",9,1,"Brau-2015",0.543941259865879
"original","M2","CV1",9,1,"Brau-2016",0.222886733411823
"corrected","M2","CV1",9,1,"Aber-2015",0.389749638635197
"corrected","M2","CV1",9,1,"Aber-2016",0.501657206977608
"corrected","M2","CV1",9,1,"Brau-2014",0.760999995383489
"corrected","M2","CV1",9,1,"Brau-2015",0.535048789969556
"corrected","M2","CV1",9,1,"Brau-2016",0.241421712753233
"original","M3","CV1",9,1,"Aber-2015",0.435388701444676
"original","M3","CV1",9,1,"Aber-2016",0.58299948997776
"original","M3","CV1",9,1,"Brau-2014",0.705578916353774
"original","M3","CV1",9,1,"Brau-2015",0.622046003672142
"original","M3","CV1",9,1,"Brau-2016",0.277187743568737
"corrected","M3","CV1",9,1,"Aber-2015",0.405759375181809
"corrected","M3","CV1",9,1,"Aber-2016",0.5384224741202
"corrected","M3","CV1",9,1,"Brau-2014",0.732111688756963
"corrected","M3","CV1",9,1,"Brau-2015",0.60743962484834
"corrected","M3","CV1",9,1,"Brau-2016",0.23485661786752
"original","M2","CV2",9,1,"Aber-2015",0.862683077241981
"original","M2","CV2",9,1,"Aber-2016",0.751988390246978
"original","M2","CV2",9,1,"Brau-2014",0.470006249103552
"original","M2","CV2",9,1,"Brau-2015",0.748348533814827
"original","M2","CV2",9,1,"Brau-2016",0.741401004809147
"corrected","M2","CV2",9,1,"Aber-2015",0.867379898330823
"corrected","M2","CV2",9,1,"Aber-2016",0.757123844696888
"corrected","M2","CV2",9,1,"Brau-2014",0.47188865308101
"corrected","M2","CV2",9,1,"Brau-2015",0.754886843871655
"corrected","M2","CV2",9,1,"Brau-2016",0.746087876225334
"original","M3","CV2",9,1,"Aber-2015",0.876168058177763
"original","M3","CV2",9,1,"Aber-2016",0.73601186304906
"original","M3","CV2",9,1,"Brau-2014",0.498135880603226
"original","M3","CV2",9,1,"Brau-2015",0.756809457878422
"original","M3","CV2",9,1,"Brau-2016",0.699058744164096
"corrected","M3","CV2",9,1,"Aber-2015",0.867080406508637
"corrected","M3","CV2",9,1,"Aber-2016",0.73233221247764
"corrected","M3","CV2",9,1,"Brau-2014",0.469641342515508
"corrected","M3","CV2",9,1,"Brau-2015",0.7648932627856
"corrected","M3","CV2",9,1,"Brau-2016",0.679992270699912
"original","M2","CV1",10,1,"Aber-2015",0.435565244286209
"original","M2","CV1",10,1,"Aber-2016",0.412371606494021
"original","M2","CV1",10,1,"Brau-2014",0.633014832385097
"original","M2","CV1",10,1,"Brau-2015",0.592745290423077
"original","M2","CV1",10,1,"Brau-2016",0.221683188320428
"corrected","M2","CV1",10,1,"Aber-2015",0.398133918393495
"corrected","M2","CV1",10,1,"Aber-2016",0.371506672957044
"corrected","M2","CV1",10,1,"Brau-2014",0.630615030503382
"corrected","M2","CV1",10,1,"Brau-2015",0.579267645716024
"corrected","M2","CV1",10,1,"Brau-2016",0.200391106211489
"original","M3","CV1",10,1,"Aber-2015",0.408970464181753
"original","M3","CV1",10,1,"Aber-2016",0.421808543742232
"original","M3","CV1",10,1,"Brau-2014",0.678569834118376
"original","M3","CV1",10,1,"Brau-2015",0.596023369031021
"original","M3","CV1",10,1,"Brau-2016",0.412876370649499
"corrected","M3","CV1",10,1,"Aber-2015",0.38223484906218
"corrected","M3","CV1",10,1,"Aber-2016",0.392683739363724
"corrected","M3","CV1",10,1,"Brau-2014",0.680757224895851
"corrected","M3","CV1",10,1,"Brau-2015",0.576002066291699
"corrected","M3","CV1",10,1,"Brau-2016",0.396257322776096
"original","M2","CV2",10,1,"Aber-2015",0.707793202070541
"original","M2","CV2",10,1,"Aber-2016",0.63118438937611
"original","M2","CV2",10,1,"Brau-2014",0.696041200455113
"original","M2","CV2",10,1,"Brau-2015",0.721845372980814
"original","M2","CV2",10,1,"Brau-2016",0.642613868250908
"corrected","M2","CV2",10,1,"Aber-2015",0.709354135769615
"corrected","M2","CV2",10,1,"Aber-2016",0.624687561357986
"corrected","M2","CV2",10,1,"Brau-2014",0.698990664694248
"corrected","M2","CV2",10,1,"Brau-2015",0.72420314033483
"corrected","M2","CV2",10,1,"Brau-2016",0.647720397820605
"original","M3","CV2",10,1,"Aber-2015",0.722399104649882
"original","M3","CV2",10,1,"Aber-2016",0.603189913425317
"original","M3","CV2",10,1,"Brau-2014",0.699095201469999
"original","M3","CV2",10,1,"Brau-2015",0.669384334528162
"original","M3","CV2",10,1,"Brau-2016",0.719587698148748
"corrected","M3","CV2",10,1,"Aber-2015",0.72536829958216
"corrected","M3","CV2",10,1,"Aber-2016",0.59689472173031
"corrected","M3","CV2",10,1,"Brau-2014",0.696802133756534
"corrected","M3","CV2",10,1,"Brau-2015",0.692973052158588
"corrected","M3","CV2",10,1,"Brau-2016",0.713222838579216
"original","M2","CV1",1,2,"Aber-2015",0.419854100836467
"original","M2","CV1",1,2,"Aber-2016",0.554424308176391
"original","M2","CV1",1,2,"Brau-2014",0.465701084525311
"original","M2","CV1",1,2,"Brau-2015",0.477456811760561
"original","M2","CV1",1,2,"Brau-2016",0.106936604668999
"corrected","M2","CV1",1,2,"Aber-2015",0.424908714687672
"corrected","M2","CV1",1,2,"Aber-2016",0.552226776250247
"corrected","M2","CV1",1,2,"Brau-2014",0.446383364799073
"corrected","M2","CV1",1,2,"Brau-2015",0.476022501554934
"corrected","M2","CV1",1,2,"Brau-2016",0.102811121064767
"original","M3","CV1",1,2,"Aber-2015",0.510908123031069
"original","M3","CV1",1,2,"Aber-2016",0.580514569681231
"original","M3","CV1",1,2,"Brau-2014",0.411299857415783
"original","M3","CV1",1,2,"Brau-2015",0.498566696436491
"original","M3","CV1",1,2,"Brau-2016",0.230468089355524
"corrected","M3","CV1",1,2,"Aber-2015",0.497664543609144
"corrected","M3","CV1",1,2,"Aber-2016",0.52306740130635
"corrected","M3","CV1",1,2,"Brau-2014",0.395505467150585
"corrected","M3","CV1",1,2,"Brau-2015",0.471774908987405
"corrected","M3","CV1",1,2,"Brau-2016",0.124990325536251
"original","M2","CV2",1,2,"Aber-2015",0.730665238276475
"original","M2","CV2",1,2,"Aber-2016",0.717032627805581
"original","M2","CV2",1,2,"Brau-2014",0.157306941337899
"original","M2","CV2",1,2,"Brau-2015",0.835902873878636
"original","M2","CV2",1,2,"Brau-2016",0.454395769615656
"corrected","M2","CV2",1,2,"Aber-2015",0.729962918757158
"corrected","M2","CV2",1,2,"Aber-2016",0.716594221087164
"corrected","M2","CV2",1,2,"Brau-2014",0.160849538349125
"corrected","M2","CV2",1,2,"Brau-2015",0.832988203249488
"corrected","M2","CV2",1,2,"Brau-2016",0.459200478707252
"original","M3","CV2",1,2,"Aber-2015",0.662153846667179
"original","M3","CV2",1,2,"Aber-2016",0.725323238385642
"original","M3","CV2",1,2,"Brau-2014",0.166683707438144
"original","M3","CV2",1,2,"Brau-2015",0.866272896777569
"original","M3","CV2",1,2,"Brau-2016",0.398534334222168
"corrected","M3","CV2",1,2,"Aber-2015",0.668945566940485
"corrected","M3","CV2",1,2,"Aber-2016",0.718380983164188
"corrected","M3","CV2",1,2,"Brau-2014",0.162292458747851
"corrected","M3","CV2",1,2,"Brau-2015",0.85934676682461
"corrected","M3","CV2",1,2,"Brau-2016",0.430480000489085
"original","M2","CV1",2,2,"Aber-2015",0.466256621355921
"original","M2","CV1",2,2,"Aber-2016",0.600634284962198
"original","M2","CV1",2,2,"Brau-2014",0.4684006077224
"original","M2","CV1",2,2,"Brau-2015",0.591637398892716
"original","M2","CV1",2,2,"Brau-2016",0.356231744747674
"corrected","M2","CV1",2,2,"Aber-2015",0.458774313478604
"corrected","M2","CV1",2,2,"Aber-2016",0.592103790666292
"corrected","M2","CV1",2,2,"Brau-2014",0.46003134006337
"corrected","M2","CV1",2,2,"Brau-2015",0.580723813757748
"corrected","M2","CV1",2,2,"Brau-2016",0.323481919625949
"original","M3","CV1",2,2,"Aber-2015",0.46015724964699
"original","M3","CV1",2,2,"Aber-2016",0.598377824756835
"original","M3","CV1",2,2,"Brau-2014",0.554289786454491
"original","M3","CV1",2,2,"Brau-2015",0.629423520944895
"original","M3","CV1",2,2,"Brau-2016",0.104233090259096
"corrected","M3","CV1",2,2,"Aber-2015",0.474739896897628
"corrected","M3","CV1",2,2,"Aber-2016",0.631346243968972
"corrected","M3","CV1",2,2,"Brau-2014",0.546216761015388
"corrected","M3","CV1",2,2,"Brau-2015",0.636536839626361
"corrected","M3","CV1",2,2,"Brau-2016",0.168218852415686
"original","M2","CV2",2,2,"Aber-2015",0.822110736632463
"original","M2","CV2",2,2,"Aber-2016",0.742459623850334
"original","M2","CV2",2,2,"Brau-2014",0.424136046010191
"original","M2","CV2",2,2,"Brau-2015",0.802117930507013
"original","M2","CV2",2,2,"Brau-2016",0.719421511127194
"corrected","M2","CV2",2,2,"Aber-2015",0.819051319475068
"corrected","M2","CV2",2,2,"Aber-2016",0.737790774655635
"corrected","M2","CV2",2,2,"Brau-2014",0.428720714282024
"corrected","M2","CV2",2,2,"Brau-2015",0.798345231448573
"corrected","M2","CV2",2,2,"Brau-2016",0.711123041036715
"original","M3","CV2",2,2,"Aber-2015",0.811112291753419
"original","M3","CV2",2,2,"Aber-2016",0.732936051425578
"original","M3","CV2",2,2,"Brau-2014",0.390514635053848
"original","M3","CV2",2,2,"Brau-2015",0.827984332242742
"original","M3","CV2",2,2,"Brau-2016",0.793973994021121
"corrected","M3","CV2",2,2,"Aber-2015",0.810740798800183
"corrected","M3","CV2",2,2,"Aber-2016",0.726299958699609
"corrected","M3","CV2",2,2,"Brau-2014",0.396965769060976
"corrected","M3","CV2",2,2,"Brau-2015",0.831341316115079
"corrected","M3","CV2",2,2,"Brau-2016",0.7832508903655
"original","M2","CV1",3,2,"Aber-2015",0.645333053300451
"original","M2","CV1",3,2,"Aber-2016",0.592472811255639
"original","M2","CV1",3,2,"Brau-2014",0.52870729908059
"original","M2","CV1",3,2,"Brau-2015",0.45894884729631
"original","M2","CV1",3,2,"Brau-2016",-0.0574002952507027
"corrected","M2","CV1",3,2,"Aber-2015",0.653790159857238
"corrected","M2","CV1",3,2,"Aber-2016",0.582473260341026
"corrected","M2","CV1",3,2,"Brau-2014",0.532983638248146
"corrected","M2","CV1",3,2,"Brau-2015",0.468619414534084
"corrected","M2","CV1",3,2,"Brau-2016",-0.0346187274379708
"original","M3","CV1",3,2,"Aber-2015",0.697824066404134
"original","M3","CV1",3,2,"Aber-2016",0.623477403768306
"original","M3","CV1",3,2,"Brau-2014",0.571274103598262
"original","M3","CV1",3,2,"Brau-2015",0.530191272251433
"original","M3","CV1",3,2,"Brau-2016",0.0210051304556458
"corrected","M3","CV1",3,2,"Aber-2015",0.682826341350714
"corrected","M3","CV1",3,2,"Aber-2016",0.622908010402416
"corrected","M3","CV1",3,2,"Brau-2014",0.58512221214332
"corrected","M3","CV1",3,2,"Brau-2015",0.505890690980494
"corrected","M3","CV1",3,2,"Brau-2016",-0.0226892330054164
"original","M2","CV2",3,2,"Aber-2015",0.556189957101091
"original","M2","CV2",3,2,"Aber-2016",0.893203575577881
"original","M2","CV2",3,2,"Brau-2014",0.510766587200086
"original","M2","CV2",3,2,"Brau-2015",0.774395390850514
"original","M2","CV2",3,2,"Brau-2016",0.533694807976266
"corrected","M2","CV2",3,2,"Aber-2015",0.557518029135711
"corrected","M2","CV2",3,2,"Aber-2016",0.890463776960786
"corrected","M2","CV2",3,2,"Brau-2014",0.512688701818029
"corrected","M2","CV2",3,2,"Brau-2015",0.772804556363714
"corrected","M2","CV2",3,2,"Brau-2016",0.542006564652748
"original","M3","CV2",3,2,"Aber-2015",0.601879363986563
"original","M3","CV2",3,2,"Aber-2016",0.900640993557436
"original","M3","CV2",3,2,"Brau-2014",0.52475631073315
"original","M3","CV2",3,2,"Brau-2015",0.845378778609712
"original","M3","CV2",3,2,"Brau-2016",0.540548767142958
"corrected","M3","CV2",3,2,"Aber-2015",0.598179180920568
"corrected","M3","CV2",3,2,"Aber-2016",0.89133516917155
"corrected","M3","CV2",3,2,"Brau-2014",0.517271193980946
"corrected","M3","CV2",3,2,"Brau-2015",0.840791091600735
"corrected","M3","CV2",3,2,"Brau-2016",0.555954401475032
"original","M2","CV1",4,2,"Aber-2015",0.0557190355629409
"original","M2","CV1",4,2,"Aber-2016",0.139173343434408
"original","M2","CV1",4,2,"Brau-2014",0.450397887456932
"original","M2","CV1",4,2,"Brau-2015",0.0189106627215432
"original","M2","CV1",4,2,"Brau-2016",-0.0831565688057926
"corrected","M2","CV1",4,2,"Aber-2015",0.0460449388828173
"corrected","M2","CV1",4,2,"Aber-2016",0.146823447443062
"corrected","M2","CV1",4,2,"Brau-2014",0.4671033886159
"corrected","M2","CV1",4,2,"Brau-2015",0.0174951194561123
"corrected","M2","CV1",4,2,"Brau-2016",-0.0946491022295184
"original","M3","CV1",4,2,"Aber-2015",0.0392042810944922
"original","M3","CV1",4,2,"Aber-2016",0.107343868391986
"original","M3","CV1",4,2,"Brau-2014",0.248682736764392
"original","M3","CV1",4,2,"Brau-2015",0.043181105289442
"original","M3","CV1",4,2,"Brau-2016",-0.0807758280627205
"corrected","M3","CV1",4,2,"Aber-2015",0.0466077792636447
"corrected","M3","CV1",4,2,"Aber-2016",0.128192566784565
"corrected","M3","CV1",4,2,"Brau-2014",0.264344153964196
"corrected","M3","CV1",4,2,"Brau-2015",0.0794738454670445
"corrected","M3","CV1",4,2,"Brau-2016",-0.109781724139202
"original","M2","CV2",4,2,"Aber-2015",0.789380365519703
"original","M2","CV2",4,2,"Aber-2016",0.830239167542422
"original","M2","CV2",4,2,"Brau-2014",0.680333786189727
"original","M2","CV2",4,2,"Brau-2015",0.777343283393373
"original","M2","CV2",4,2,"Brau-2016",0.626790851960374
"corrected","M2","CV2",4,2,"Aber-2015",0.790228502938711
"corrected","M2","CV2",4,2,"Aber-2016",0.831529415329305
"corrected","M2","CV2",4,2,"Brau-2014",0.681788518262506
"corrected","M2","CV2",4,2,"Brau-2015",0.775913308795041
"corrected","M2","CV2",4,2,"Brau-2016",0.624434560630204
"original","M3","CV2",4,2,"Aber-2015",0.825880967514597
"original","M3","CV2",4,2,"Aber-2016",0.831713681707938
"original","M3","CV2",4,2,"Brau-2014",0.586520140324454
"original","M3","CV2",4,2,"Brau-2015",0.80783140614821
"original","M3","CV2",4,2,"Brau-2016",0.588592642760801
"corrected","M3","CV2",4,2,"Aber-2015",0.821665743141235
"corrected","M3","CV2",4,2,"Aber-2016",0.835028134415816
"corrected","M3","CV2",4,2,"Brau-2014",0.57774712227956
"corrected","M3","CV2",4,2,"Brau-2015",0.811729720900869
"corrected","M3","CV2",4,2,"Brau-2016",0.590160718428184
"original","M2","CV1",5,2,"Aber-2015",0.371979609806776
"original","M2","CV1",5,2,"Aber-2016",0.422121329830271
"original","M2","CV1",5,2,"Brau-2014",0.445407606358639
"original","M2","CV1",5,2,"Brau-2015",0.330130013390868
"original","M2","CV1",5,2,"Brau-2016",0.213787928971258
"corrected","M2","CV1",5,2,"Aber-2015",0.374290255481859
"corrected","M2","CV1",5,2,"Aber-2016",0.422943789410209
"corrected","M2","CV1",5,2,"Brau-2014",0.45921212464381
"corrected","M2","CV1",5,2,"Brau-2015",0.322476482304863
"corrected","M2","CV1",5,2,"Brau-2016",0.207839431925257
"original","M3","CV1",5,2,"Aber-2015",0.438805758154053
"original","M3","CV1",5,2,"Aber-2016",0.462562840277834
"original","M3","CV1",5,2,"Brau-2014",0.470146854469694
"original","M3","CV1",5,2,"Brau-2015",0.431626527850048
"original","M3","CV1",5,2,"Brau-2016",0.207280685143243
"corrected","M3","CV1",5,2,"Aber-2015",0.42426073599941
"corrected","M3","CV1",5,2,"Aber-2016",0.455127718595646
"corrected","M3","CV1",5,2,"Brau-2014",0.428118898222431
"corrected","M3","CV1",5,2,"Brau-2015",0.397134947077415
"corrected","M3","CV1",5,2,"Brau-2016",0.135434577244241
"original","M2","CV2",5,2,"Aber-2015",0.646141967690588
"original","M2","CV2",5,2,"Aber-2016",0.796780604555914
"original","M2","CV2",5,2,"Brau-2014",0.516110092181381
"original","M2","CV2",5,2,"Brau-2015",0.726448833402477
"original","M2","CV2",5,2,"Brau-2016",0.527645045072737
"corrected","M2","CV2",5,2,"Aber-2015",0.643568405573783
"corrected","M2","CV2",5,2,"Aber-2016",0.793104665380067
"corrected","M2","CV2",5,2,"Brau-2014",0.517429200999661
"corrected","M2","CV2",5,2,"Brau-2015",0.727255397190758
"corrected","M2","CV2",5,2,"Brau-2016",0.530719241990894
"original","M3","CV2",5,2,"Aber-2015",0.680352489446072
"original","M3","CV2",5,2,"Aber-2016",0.825569023545706
"original","M3","CV2",5,2,"Brau-2014",0.518970799625261
"original","M3","CV2",5,2,"Brau-2015",0.752242754107294
"original","M3","CV2",5,2,"Brau-2016",0.471413895869834
"corrected","M3","CV2",5,2,"Aber-2015",0.702236344591381
"corrected","M3","CV2",5,2,"Aber-2016",0.824458553357759
"corrected","M3","CV2",5,2,"Brau-2014",0.533466204883222
"corrected","M3","CV2",5,2,"Brau-2015",0.767407022821219
"corrected","M3","CV2",5,2,"Brau-2016",0.467357467357485
"original","M2","CV1",6,2,"Aber-2015",0.384049301029523
"original","M2","CV1",6,2,"Aber-2016",0.462594929674264
"original","M2","CV1",6,2,"Brau-2014",0.693595525116482
"original","M2","CV1",6,2,"Brau-2015",0.560691391161305
"original","M2","CV1",6,2,"Brau-2016",0.328299384132188
"corrected","M2","CV1",6,2,"Aber-2015",0.380101730396499
"corrected","M2","CV1",6,2,"Aber-2016",0.465602834642192
"corrected","M2","CV1",6,2,"Brau-2014",0.701509822667628
"corrected","M2","CV1",6,2,"Brau-2015",0.569175207013819
"corrected","M2","CV1",6,2,"Brau-2016",0.314879960999861
"original","M3","CV1",6,2,"Aber-2015",0.41150060488145
"original","M3","CV1",6,2,"Aber-2016",0.538349396017245
"original","M3","CV1",6,2,"Brau-2014",0.667674700777471
"original","M3","CV1",6,2,"Brau-2015",0.59597366166023
"original","M3","CV1",6,2,"Brau-2016",0.184168515416915
"corrected","M3","CV1",6,2,"Aber-2015",0.388140064015257
"corrected","M3","CV1",6,2,"Aber-2016",0.500321648332722
"corrected","M3","CV1",6,2,"Brau-2014",0.66077584353678
"corrected","M3","CV1",6,2,"Brau-2015",0.578818413407075
"corrected","M3","CV1",6,2,"Brau-2016",0.0706415896243532
"original","M2","CV2",6,2,"Aber-2015",0.735317477882122
"original","M2","CV2",6,2,"Aber-2016",0.57186742223961
"original","M2","CV2",6,2,"Brau-2014",0.49189806936181
"original","M2","CV2",6,2,"Brau-2015",0.866938153557687
"original","M2","CV2",6,2,"Brau-2016",0.510240775112397
"corrected","M2","CV2",6,2,"Aber-2015",0.73664164888013
"corrected","M2","CV2",6,2,"Aber-2016",0.552955375821733
"corrected","M2","CV2",6,2,"Brau-2014",0.485917877348478
"corrected","M2","CV2",6,2,"Brau-2015",0.862939296820025
"corrected","M2","CV2",6,2,"Brau-2016",0.513335467640794
"original","M3","CV2",6,2,"Aber-2015",0.76842097450419
"original","M3","CV2",6,2,"Aber-2016",0.59751782136188
"original","M3","CV2",6,2,"Brau-2014",0.48582460669186
"original","M3","CV2",6,2,"Brau-2015",0.849191840856812
"original","M3","CV2",6,2,"Brau-2016",0.472042108991803
"corrected","M3","CV2",6,2,"Aber-2015",0.765161579720783
"corrected","M3","CV2",6,2,"Aber-2016",0.606763235097451
"corrected","M3","CV2",6,2,"Brau-2014",0.48670090954063
"corrected","M3","CV2",6,2,"Brau-2015",0.847501791959739
"corrected","M3","CV2",6,2,"Brau-2016",0.46695416945939
"original","M2","CV1",7,2,"Aber-2015",0.607105707313509
"original","M2","CV1",7,2,"Aber-2016",0.556573857452241
"original","M2","CV1",7,2,"Brau-2014",0.5164686232399
"original","M2","CV1",7,2,"Brau-2015",0.573088359838496
"original","M2","CV1",7,2,"Brau-2016",0.392071060731363
"corrected","M2","CV1",7,2,"Aber-2015",0.606834305111283
"corrected","M2","CV1",7,2,"Aber-2016",0.564949743570411
"corrected","M2","CV1",7,2,"Brau-2014",0.530926910988607
"corrected","M2","CV1",7,2,"Brau-2015",0.566019378812586
"corrected","M2","CV1",7,2,"Brau-2016",0.370093161732608
"original","M3","CV1",7,2,"Aber-2015",0.630514839190568
"original","M3","CV1",7,2,"Aber-2016",0.562961957707866
"original","M3","CV1",7,2,"Brau-2014",0.565501270753117
"original","M3","CV1",7,2,"Brau-2015",0.617771859851572
"original","M3","CV1",7,2,"Brau-2016",0.433415740839989
"corrected","M3","CV1",7,2,"Aber-2015",0.63135489091321
"corrected","M3","CV1",7,2,"Aber-2016",0.552617769136954
"corrected","M3","CV1",7,2,"Brau-2014",0.549834660628482
"corrected","M3","CV1",7,2,"Brau-2015",0.583246199115124
"corrected","M3","CV1",7,2,"Brau-2016",0.424717068150375
"original","M2","CV2",7,2,"Aber-2015",0.649885716303348
"original","M2","CV2",7,2,"Aber-2016",0.732624940636663
"original","M2","CV2",7,2,"Brau-2014",0.498690112723757
"original","M2","CV2",7,2,"Brau-2015",0.578850134862588
"original","M2","CV2",7,2,"Brau-2016",0.417821600896453
"corrected","M2","CV2",7,2,"Aber-2015",0.645961856643833
"corrected","M2","CV2",7,2,"Aber-2016",0.730187281829659
"corrected","M2","CV2",7,2,"Brau-2014",0.500119301320488
"corrected","M2","CV2",7,2,"Brau-2015",0.577001745964317
"corrected","M2","CV2",7,2,"Brau-2016",0.407237116197716
"original","M3","CV2",7,2,"Aber-2015",0.677273726599633
"original","M3","CV2",7,2,"Aber-2016",0.682905176106847
"original","M3","CV2",7,2,"Brau-2014",0.514607496778247
"original","M3","CV2",7,2,"Brau-2015",0.633607857615806
"original","M3","CV2",7,2,"Brau-2016",0.51461076844599
"corrected","M3","CV2",7,2,"Aber-2015",0.6710438227817
"corrected","M3","CV2",7,2,"Aber-2016",0.682762610110751
"corrected","M3","CV2",7,2,"Brau-2014",0.51483040142553
"corrected","M3","CV2",7,2,"Brau-2015",0.6266847098019
"corrected","M3","CV2",7,2,"Brau-2016",0.515577869266046
"original","M2","CV1",8,2,"Aber-2015",0.518490385095027
"original","M2","CV1",8,2,"Aber-2016",0.550603398206222
"original","M2","CV1",8,2,"Brau-2014",0.664394941677784
"original","M2","CV1",8,2,"Brau-2015",0.482252474507407
"original","M2","CV1",8,2,"Brau-2016",0.155934998755314
"corrected","M2","CV1",8,2,"Aber-2015",0.51573449123549
"corrected","M2","CV1",8,2,"Aber-2016",0.54667169660394
"corrected","M2","CV1",8,2,"Brau-2014",0.655918219663003
"corrected","M2","CV1",8,2,"Brau-2015",0.484270454823317
"corrected","M2","CV1",8,2,"Brau-2016",0.140842920486501
"original","M3","CV1",8,2,"Aber-2015",0.515878862432717
"original","M3","CV1",8,2,"Aber-2016",0.523503479664852
"original","M3","CV1",8,2,"Brau-2014",0.572872437696715
"original","M3","CV1",8,2,"Brau-2015",0.525350030567198
"original","M3","CV1",8,2,"Brau-2016",0.277013256676951
"corrected","M3","CV1",8,2,"Aber-2015",0.527327359212909
"corrected","M3","CV1",8,2,"Aber-2016",0.515193938302005
"corrected","M3","CV1",8,2,"Brau-2014",0.562540322508909
"corrected","M3","CV1",8,2,"Brau-2015",0.529183037976782
"corrected","M3","CV1",8,2,"Brau-2016",0.258566707351558
"original","M2","CV2",8,2,"Aber-2015",0.766247689588611
"original","M2","CV2",8,2,"Aber-2016",0.804934514146506
"original","M2","CV2",8,2,"Brau-2014",0.557199747137472
"original","M2","CV2",8,2,"Brau-2015",0.688216374977385
"original","M2","CV2",8,2,"Brau-2016",0.35673902761169
"corrected","M2","CV2",8,2,"Aber-2015",0.764452780087158
"corrected","M2","CV2",8,2,"Aber-2016",0.80786561038352
"corrected","M2","CV2",8,2,"Brau-2014",0.559758123947492
"corrected","M2","CV2",8,2,"Brau-2015",0.685827289772505
"corrected","M2","CV2",8,2,"Brau-2016",0.3515066422626
"original","M3","CV2",8,2,"Aber-2015",0.735526335781402
"original","M3","CV2",8,2,"Aber-2016",0.818309632879042
"original","M3","CV2",8,2,"Brau-2014",0.563127283349281
"original","M3","CV2",8,2,"Brau-2015",0.715215292826481
"original","M3","CV2",8,2,"Brau-2016",0.409743025027865
"corrected","M3","CV2",8,2,"Aber-2015",0.74041931541119
"corrected","M3","CV2",8,2,"Aber-2016",0.824820441203263
"corrected","M3","CV2",8,2,"Brau-2014",0.557690188380397
"corrected","M3","CV2",8,2,"Brau-2015",0.704157957273565
"corrected","M3","CV2",8,2,"Brau-2016",0.416395534128209
"original","M2","CV1",9,2,"Aber-2015",0.552441035070612
"original","M2","CV1",9,2,"Aber-2016",0.633331914611287
"original","M2","CV1",9,2,"Brau-2014",0.575560555633708
"original","M2","CV1",9,2,"Brau-2015",0.626169616528776
"original","M2","CV1",9,2,"Brau-2016",0.0708896003317298
"corrected","M2","CV1",9,2,"Aber-2015",0.543175267298441
"corrected","M2","CV1",9,2,"Aber-2016",0.640188049522937
"corrected","M2","CV1",9,2,"Brau-2014",0.561542699256895
"corrected","M2","CV1",9,2,"Brau-2015",0.612432359092594
"corrected","M2","CV1",9,2,"Brau-2016",0.0833610057282647
"original","M3","CV1",9,2,"Aber-2015",0.542122754391884
"original","M3","CV1",9,2,"Aber-2016",0.625048814397036
"original","M3","CV1",9,2,"Brau-2014",0.587796612457884
"original","M3","CV1",9,2,"Brau-2015",0.574597880936576
"original","M3","CV1",9,2,"Brau-2016",-0.134199858953747
"corrected","M3","CV1",9,2,"Aber-2015",0.535622890251147
"corrected","M3","CV1",9,2,"Aber-2016",0.628860884805774
"corrected","M3","CV1",9,2,"Brau-2014",0.598249491981724
"corrected","M3","CV1",9,2,"Brau-2015",0.558294917366696
"corrected","M3","CV1",9,2,"Brau-2016",-0.119082002784396
"original","M2","CV2",9,2,"Aber-2015",0.773657027612837
"original","M2","CV2",9,2,"Aber-2016",0.909650039994171
"original","M2","CV2",9,2,"Brau-2014",0.444317497328777
"original","M2","CV2",9,2,"Brau-2015",0.73265661566792
"original","M2","CV2",9,2,"Brau-2016",0.212225733455776
"corrected","M2","CV2",9,2,"Aber-2015",0.774592978018762
"corrected","M2","CV2",9,2,"Aber-2016",0.90965555738734
"corrected","M2","CV2",9,2,"Brau-2014",0.439937048707745
"corrected","M2","CV2",9,2,"Brau-2015",0.738457854341701
"corrected","M2","CV2",9,2,"Brau-2016",0.221836668404863
"original","M3","CV2",9,2,"Aber-2015",0.781024103014034
"original","M3","CV2",9,2,"Aber-2016",0.890426313576602
"original","M3","CV2",9,2,"Brau-2014",0.507918362253026
"original","M3","CV2",9,2,"Brau-2015",0.7139622448379
"original","M3","CV2",9,2,"Brau-2016",0.203987684928718
"corrected","M3","CV2",9,2,"Aber-2015",0.784496825526256
"corrected","M3","CV2",9,2,"Aber-2016",0.887929092440382
"corrected","M3","CV2",9,2,"Brau-2014",0.48862224844783
"corrected","M3","CV2",9,2,"Brau-2015",0.711768610449023
"corrected","M3","CV2",9,2,"Brau-2016",0.192504556855047
"original","M2","CV1",10,2,"Aber-2015",0.524513127028036
"original","M2","CV1",10,2,"Aber-2016",0.489814974364362
"original","M2","CV1",10,2,"Brau-2014",0.457548103658459
"original","M2","CV1",10,2,"Brau-2015",0.423915201204354
"original","M2","CV1",10,2,"Brau-2016",0.0781163998339269
"corrected","M2","CV1",10,2,"Aber-2015",0.528076764267667
"corrected","M2","CV1",10,2,"Aber-2016",0.478956678728685
"corrected","M2","CV1",10,2,"Brau-2014",0.446791793026904
"corrected","M2","CV1",10,2,"Brau-2015",0.428722772865004
"corrected","M2","CV1",10,2,"Brau-2016",0.0798876451305317
"original","M3","CV1",10,2,"Aber-2015",0.514242066419581
"original","M3","CV1",10,2,"Aber-2016",0.452907261312454
"original","M3","CV1",10,2,"Brau-2014",0.482854497182516
"original","M3","CV1",10,2,"Brau-2015",0.416419065638811
"original","M3","CV1",10,2,"Brau-2016",0.173191294964136
"corrected","M3","CV1",10,2,"Aber-2015",0.502925573847463
"corrected","M3","CV1",10,2,"Aber-2016",0.414656129315975
"corrected","M3","CV1",10,2,"Brau-2014",0.469890037924115
"corrected","M3","CV1",10,2,"Brau-2015",0.378149668627637
"corrected","M3","CV1",10,2,"Brau-2016",0.226991424824453
"original","M2","CV2",10,2,"Aber-2015",0.628653454631735
"original","M2","CV2",10,2,"Aber-2016",0.71417683568116
"original","M2","CV2",10,2,"Brau-2014",0.544639479712129
"original","M2","CV2",10,2,"Brau-2015",0.84877144691765
"original","M2","CV2",10,2,"Brau-2016",0.292364158126487
"corrected","M2","CV2",10,2,"Aber-2015",0.628293460810669
"corrected","M2","CV2",10,2,"Aber-2016",0.710508019208202
"corrected","M2","CV2",10,2,"Brau-2014",0.547195871531408
"corrected","M2","CV2",10,2,"Brau-2015",0.846799697612104
"corrected","M2","CV2",10,2,"Brau-2016",0.290780707367054
"original","M3","CV2",10,2,"Aber-2015",0.610470779605214
"original","M3","CV2",10,2,"Aber-2016",0.719928821020649
"original","M3","CV2",10,2,"Brau-2014",0.566495814563168
"original","M3","CV2",10,2,"Brau-2015",0.873622524312391
"original","M3","CV2",10,2,"Brau-2016",0.476171585722446
"corrected","M3","CV2",10,2,"Aber-2015",0.61712753961277
"corrected","M3","CV2",10,2,"Aber-2016",0.709350967851747
"corrected","M3","CV2",10,2,"Brau-2014",0.560401419197508
"corrected","M3","CV2",10,2,"Brau-2015",0.868859384160481
"corrected","M3","CV2",10,2,"Brau-2016",0.469111718338683
"original","M2","CV1",1,3,"Aber-2015",0.490001346096498
"original","M2","CV1",1,3,"Aber-2016",0.497043390682539
"original","M2","CV1",1,3,"Brau-2014",0.552878786904276
"original","M2","CV1",1,3,"Brau-2015",0.442738585402118
"original","M2","CV1",1,3,"Brau-2016",0.274297590786329
"corrected","M2","CV1",1,3,"Aber-2015",0.488147795683543
"corrected","M2","CV1",1,3,"Aber-2016",0.490498196921225
"corrected","M2","CV1",1,3,"Brau-2014",0.542056424493962
"corrected","M2","CV1",1,3,"Brau-2015",0.437589247611177
"corrected","M2","CV1",1,3,"Brau-2016",0.260417161730012
"original","M3","CV1",1,3,"Aber-2015",0.451001857352535
"original","M3","CV1",1,3,"Aber-2016",0.497241485982824
"original","M3","CV1",1,3,"Brau-2014",0.470405818063759
"original","M3","CV1",1,3,"Brau-2015",0.445916141522932
"original","M3","CV1",1,3,"Brau-2016",0.266496081997023
"corrected","M3","CV1",1,3,"Aber-2015",0.456863840261944
"corrected","M3","CV1",1,3,"Aber-2016",0.48092257089763
"corrected","M3","CV1",1,3,"Brau-2014",0.493629785892753
"corrected","M3","CV1",1,3,"Brau-2015",0.430564873075434
"corrected","M3","CV1",1,3,"Brau-2016",0.29013234154258
"original","M2","CV2",1,3,"Aber-2015",0.76044457150127
"original","M2","CV2",1,3,"Aber-2016",0.86595451364451
"original","M2","CV2",1,3,"Brau-2014",0.646808927982071
"original","M2","CV2",1,3,"Brau-2015",0.737100818998865
"original","M2","CV2",1,3,"Brau-2016",0.528291990970762
"corrected","M2","CV2",1,3,"Aber-2015",0.754405659783879
"corrected","M2","CV2",1,3,"Aber-2016",0.866739410358266
"corrected","M2","CV2",1,3,"Brau-2014",0.65239697705743
"corrected","M2","CV2",1,3,"Brau-2015",0.736439846696572
"corrected","M2","CV2",1,3,"Brau-2016",0.528014880642941
"original","M3","CV2",1,3,"Aber-2015",0.778899882182494
"original","M3","CV2",1,3,"Aber-2016",0.875510019133593
"original","M3","CV2",1,3,"Brau-2014",0.613073193472912
"original","M3","CV2",1,3,"Brau-2015",0.791623200227838
"original","M3","CV2",1,3,"Brau-2016",0.544783453648962
"corrected","M3","CV2",1,3,"Aber-2015",0.784344384701544
"corrected","M3","CV2",1,3,"Aber-2016",0.875609267015414
"corrected","M3","CV2",1,3,"Brau-2014",0.61030957130252
"corrected","M3","CV2",1,3,"Brau-2015",0.798136788637908
"corrected","M3","CV2",1,3,"Brau-2016",0.552555090166827
"original","M2","CV1",2,3,"Aber-2015",0.234572241076741
"original","M2","CV1",2,3,"Aber-2016",0.210471732448474
"original","M2","CV1",2,3,"Brau-2014",0.571061149984497
"original","M2","CV1",2,3,"Brau-2015",0.428763297698776
"original","M2","CV1",2,3,"Brau-2016",0.165264784343435
"corrected","M2","CV1",2,3,"Aber-2015",0.211310307742572
"corrected","M2","CV1",2,3,"Aber-2016",0.195834913643533
"corrected","M2","CV1",2,3,"Brau-2014",0.557435362056102
"corrected","M2","CV1",2,3,"Brau-2015",0.421871751332301
"corrected","M2","CV1",2,3,"Brau-2016",0.100895508551046
"original","M3","CV1",2,3,"Aber-2015",0.216818412297053
"original","M3","CV1",2,3,"Aber-2016",0.219580234603592
"original","M3","CV1",2,3,"Brau-2014",0.546353406000338
"original","M3","CV1",2,3,"Brau-2015",0.403832932870274
"original","M3","CV1",2,3,"Brau-2016",0.298581296627314
"corrected","M3","CV1",2,3,"Aber-2015",0.201058632036307
"corrected","M3","CV1",2,3,"Aber-2016",0.206310953773933
"corrected","M3","CV1",2,3,"Brau-2014",0.545584449550735
"corrected","M3","CV1",2,3,"Brau-2015",0.396930191095555
"corrected","M3","CV1",2,3,"Brau-2016",0.161162819469444
"original","M2","CV2",2,3,"Aber-2015",0.615210091885383
"original","M2","CV2",2,3,"Aber-2016",0.898173343759611
"original","M2","CV2",2,3,"Brau-2014",0.578785999541006
"original","M2","CV2",2,3,"Brau-2015",0.929807198811377
"original","M2","CV2",2,3,"Brau-2016",0.622173089284103
"corrected","M2","CV2",2,3,"Aber-2015",0.618205963998932
"corrected","M2","CV2",2,3,"Aber-2016",0.896371955263362
"corrected","M2","CV2",2,3,"Brau-2014",0.580232151947699
"corrected","M2","CV2",2,3,"Brau-2015",0.929519866072702
"corrected","M2","CV2",2,3,"Brau-2016",0.614511470916445
"original","M3","CV2",2,3,"Aber-2015",0.677778869634608
"original","M3","CV2",2,3,"Aber-2016",0.907417306451443
"original","M3","CV2",2,3,"Brau-2014",0.640828222753379
"original","M3","CV2",2,3,"Brau-2015",0.940444140983398
"original","M3","CV2",2,3,"Brau-2016",0.589869928186351
"corrected","M3","CV2",2,3,"Aber-2015",0.675246191293588
"corrected","M3","CV2",2,3,"Aber-2016",0.906767125651281
"corrected","M3","CV2",2,3,"Brau-2014",0.636645068891941
"corrected","M3","CV2",2,3,"Brau-2015",0.939954186924094
"corrected","M3","CV2",2,3,"Brau-2016",0.586751096710842
"original","M2","CV1",3,3,"Aber-2015",0.575487923212991
"original","M2","CV1",3,3,"Aber-2016",0.574255234127489
"original","M2","CV1",3,3,"Brau-2014",0.38642034732116
"original","M2","CV1",3,3,"Brau-2015",0.595098418192196
"original","M2","CV1",3,3,"Brau-2016",0.351743229771908
"corrected","M2","CV1",3,3,"Aber-2015",0.571752344889391
"corrected","M2","CV1",3,3,"Aber-2016",0.573930868893264
"corrected","M2","CV1",3,3,"Brau-2014",0.384919760997553
"corrected","M2","CV1",3,3,"Brau-2015",0.609565681590329
"corrected","M2","CV1",3,3,"Brau-2016",0.369284936908071
"original","M3","CV1",3,3,"Aber-2015",0.588197473517106
"original","M3","CV1",3,3,"Aber-2016",0.5958413795438
"original","M3","CV1",3,3,"Brau-2014",0.387722720217013
"original","M3","CV1",3,3,"Brau-2015",0.651099711146406
"original","M3","CV1",3,3,"Brau-2016",0.105119619929518
"corrected","M3","CV1",3,3,"Aber-2015",0.587683823345463
"corrected","M3","CV1",3,3,"Aber-2016",0.598826915633722
"corrected","M3","CV1",3,3,"Brau-2014",0.389209560310972
"corrected","M3","CV1",3,3,"Brau-2015",0.633350045328152
"corrected","M3","CV1",3,3,"Brau-2016",0.225308105478043
"original","M2","CV2",3,3,"Aber-2015",0.824881756045514
"original","M2","CV2",3,3,"Aber-2016",0.776759212664791
"original","M2","CV2",3,3,"Brau-2014",0.47241996827189
"original","M2","CV2",3,3,"Brau-2015",0.760764690901222
"original","M2","CV2",3,3,"Brau-2016",0.188904428381137
"corrected","M2","CV2",3,3,"Aber-2015",0.82458166503522
"corrected","M2","CV2",3,3,"Aber-2016",0.774001148722515
"corrected","M2","CV2",3,3,"Brau-2014",0.471392429243549
"corrected","M2","CV2",3,3,"Brau-2015",0.761490190190152
"corrected","M2","CV2",3,3,"Brau-2016",0.189518043595021
"original","M3","CV2",3,3,"Aber-2015",0.802122258154978
"original","M3","CV2",3,3,"Aber-2016",0.774716313124477
"original","M3","CV2",3,3,"Brau-2014",0.441768349599549
"original","M3","CV2",3,3,"Brau-2015",0.798414074708534
"original","M3","CV2",3,3,"Brau-2016",0.259632729583702
"corrected","M3","CV2",3,3,"Aber-2015",0.815176056783902
"corrected","M3","CV2",3,3,"Aber-2016",0.773361044398508
"corrected","M3","CV2",3,3,"Brau-2014",0.429337732511078
"corrected","M3","CV2",3,3,"Brau-2015",0.8038125356235
"corrected","M3","CV2",3,3,"Brau-2016",0.284143033263449
"original","M2","CV1",4,3,"Aber-2015",0.504161180992275
"original","M2","CV1",4,3,"Aber-2016",0.681463558013582
"original","M2","CV1",4,3,"Brau-2014",0.407638106251767
"original","M2","CV1",4,3,"Brau-2015",0.556485656092952
"original","M2","CV1",4,3,"Brau-2016",0.235784566262781
"corrected","M2","CV1",4,3,"Aber-2015",0.4895244996077
"corrected","M2","CV1",4,3,"Aber-2016",0.674562361698712
"corrected","M2","CV1",4,3,"Brau-2014",0.379738367654053
"corrected","M2","CV1",4,3,"Brau-2015",0.562307573995753
"corrected","M2","CV1",4,3,"Brau-2016",0.264189478154912
"original","M3","CV1",4,3,"Aber-2015",0.558548006640674
"original","M3","CV1",4,3,"Aber-2016",0.726339260003152
"original","M3","CV1",4,3,"Brau-2014",0.448456762456919
"original","M3","CV1",4,3,"Brau-2015",0.600102070133888
"original","M3","CV1",4,3,"Brau-2016",0.120951808757682
"corrected","M3","CV1",4,3,"Aber-2015",0.552739590537756
"corrected","M3","CV1",4,3,"Aber-2016",0.72371804066824
"corrected","M3","CV1",4,3,"Brau-2014",0.433885404250189
"corrected","M3","CV1",4,3,"Brau-2015",0.604205002612979
"corrected","M3","CV1",4,3,"Brau-2016",0.0823361016914478
"original","M2","CV2",4,3,"Aber-2015",0.744269183004909
"original","M2","CV2",4,3,"Aber-2016",0.693933782879068
"original","M2","CV2",4,3,"Brau-2014",0.444501479064099
"original","M2","CV2",4,3,"Brau-2015",0.675168489588924
"original","M2","CV2",4,3,"Brau-2016",0.366629576916708
"corrected","M2","CV2",4,3,"Aber-2015",0.753058039446742
"corrected","M2","CV2",4,3,"Aber-2016",0.695984500002058
"corrected","M2","CV2",4,3,"Brau-2014",0.446955055422672
"corrected","M2","CV2",4,3,"Brau-2015",0.680146376019507
"corrected","M2","CV2",4,3,"Brau-2016",0.36161600028501
"original","M3","CV2",4,3,"Aber-2015",0.72661256000617
"original","M3","CV2",4,3,"Aber-2016",0.693626876661493
"original","M3","CV2",4,3,"Brau-2014",0.416652509757316
"original","M3","CV2",4,3,"Brau-2015",0.671241769546052
"original","M3","CV2",4,3,"Brau-2016",0.446027375668138
"corrected","M3","CV2",4,3,"Aber-2015",0.728341338435717
"corrected","M3","CV2",4,3,"Aber-2016",0.694737012664148
"corrected","M3","CV2",4,3,"Brau-2014",0.430533830216995
"corrected","M3","CV2",4,3,"Brau-2015",0.684138545288785
"corrected","M3","CV2",4,3,"Brau-2016",0.443478541697354
"original","M2","CV1",5,3,"Aber-2015",0.336266629623783
"original","M2","CV1",5,3,"Aber-2016",0.356801574398678
"original","M2","CV1",5,3,"Brau-2014",0.449839358496656
"original","M2","CV1",5,3,"Brau-2015",0.317838064500263
"original","M2","CV1",5,3,"Brau-2016",0.0471818689337691
"corrected","M2","CV1",5,3,"Aber-2015",0.325334779875958
"corrected","M2","CV1",5,3,"Aber-2016",0.336050058200166
"corrected","M2","CV1",5,3,"Brau-2014",0.426439511682661
"corrected","M2","CV1",5,3,"Brau-2015",0.300918686980011
"corrected","M2","CV1",5,3,"Brau-2016",0.0131533710332999
"original","M3","CV1",5,3,"Aber-2015",0.344899366154381
"original","M3","CV1",5,3,"Aber-2016",0.469871684518979
"original","M3","CV1",5,3,"Brau-2014",0.387095992616785
"original","M3","CV1",5,3,"Brau-2015",0.417779209105632
"original","M3","CV1",5,3,"Brau-2016",0.215916907612242
"corrected","M3","CV1",5,3,"Aber-2015",0.358944291515475
"corrected","M3","CV1",5,3,"Aber-2016",0.427626802268807
"corrected","M3","CV1",5,3,"Brau-2014",0.405309533032389
"corrected","M3","CV1",5,3,"Brau-2015",0.412012346221709
"corrected","M3","CV1",5,3,"Brau-2016",0.210860642026605
"original","M2","CV2",5,3,"Aber-2015",0.460988603028352
"original","M2","CV2",5,3,"Aber-2016",0.771418591663639
"original","M2","CV2",5,3,"Brau-2014",0.688022878275475
"original","M2","CV2",5,3,"Brau-2015",0.810448989488726
"original","M2","CV2",5,3,"Brau-2016",0.645458531617212
"corrected","M2","CV2",5,3,"Aber-2015",0.460447571848757
"corrected","M2","CV2",5,3,"Aber-2016",0.770555330130548
"corrected","M2","CV2",5,3,"Brau-2014",0.693227855067005
"corrected","M2","CV2",5,3,"Brau-2015",0.812671304720708
"corrected","M2","CV2",5,3,"Brau-2016",0.643540442121624
"original","M3","CV2",5,3,"Aber-2015",0.574899791621593
"original","M3","CV2",5,3,"Aber-2016",0.770504132989165
"original","M3","CV2",5,3,"Brau-2014",0.582603653077231
"original","M3","CV2",5,3,"Brau-2015",0.84125802670635
"original","M3","CV2",5,3,"Brau-2016",0.71748549400925
"corrected","M3","CV2",5,3,"Aber-2015",0.580576881440534
"corrected","M3","CV2",5,3,"Aber-2016",0.765786916419296
"corrected","M3","CV2",5,3,"Brau-2014",0.59934812800174
"corrected","M3","CV2",5,3,"Brau-2015",0.833990663006447
"corrected","M3","CV2",5,3,"Brau-2016",0.718941032711948
"original","M2","CV1",6,3,"Aber-2015",0.388487751469402
"original","M2","CV1",6,3,"Aber-2016",0.4280802065725
"original","M2","CV1",6,3,"Brau-2014",0.49625458564394
"original","M2","CV1",6,3,"Brau-2015",0.58203936536603
"original","M2","CV1",6,3,"Brau-2016",0.131395152131881
"corrected","M2","CV1",6,3,"Aber-2015",0.366443563530352
"corrected","M2","CV1",6,3,"Aber-2016",0.405964355108792
"corrected","M2","CV1",6,3,"Brau-2014",0.5135279150024
"corrected","M2","CV1",6,3,"Brau-2015",0.558667172493186
"corrected","M2","CV1",6,3,"Brau-2016",0.106238313265205
"original","M3","CV1",6,3,"Aber-2015",0.364991449411409
"original","M3","CV1",6,3,"Aber-2016",0.455466303951787
"original","M3","CV1",6,3,"Brau-2014",0.562166273270455
"original","M3","CV1",6,3,"Brau-2015",0.594464650243232
"original","M3","CV1",6,3,"Brau-2016",0.00870730501273745
"corrected","M3","CV1",6,3,"Aber-2015",0.351369846391225
"corrected","M3","CV1",6,3,"Aber-2016",0.444867659445484
"corrected","M3","CV1",6,3,"Brau-2014",0.555947689933294
"corrected","M3","CV1",6,3,"Brau-2015",0.586730831989375
"corrected","M3","CV1",6,3,"Brau-2016",0.0542077746907762
"original","M2","CV2",6,3,"Aber-2015",0.864425462711044
"original","M2","CV2",6,3,"Aber-2016",0.815791397152149
"original","M2","CV2",6,3,"Brau-2014",0.606489364569503
"original","M2","CV2",6,3,"Brau-2015",0.817621798520192
"original","M2","CV2",6,3,"Brau-2016",0.656722511613266
"corrected","M2","CV2",6,3,"Aber-2015",0.865533823970422
"corrected","M2","CV2",6,3,"Aber-2016",0.814739256691256
"corrected","M2","CV2",6,3,"Brau-2014",0.604527946738353
"corrected","M2","CV2",6,3,"Brau-2015",0.816448538788821
"corrected","M2","CV2",6,3,"Brau-2016",0.659124300316472
"original","M3","CV2",6,3,"Aber-2015",0.866138037013371
"original","M3","CV2",6,3,"Aber-2016",0.822785903051653
"original","M3","CV2",6,3,"Brau-2014",0.620538725430829
"original","M3","CV2",6,3,"Brau-2015",0.852479808125991
"original","M3","CV2",6,3,"Brau-2016",0.599443337939735
"corrected","M3","CV2",6,3,"Aber-2015",0.866722223675464
"corrected","M3","CV2",6,3,"Aber-2016",0.820031473984896
"corrected","M3","CV2",6,3,"Brau-2014",0.61422431137095
"corrected","M3","CV2",6,3,"Brau-2015",0.852954222606054
"corrected","M3","CV2",6,3,"Brau-2016",0.618623689626268
"original","M2","CV1",7,3,"Aber-2015",0.27064155700901
"original","M2","CV1",7,3,"Aber-2016",0.319295792552068
"original","M2","CV1",7,3,"Brau-2014",0.730679646401477
"original","M2","CV1",7,3,"Brau-2015",0.58732187438407
"original","M2","CV1",7,3,"Brau-2016",0.390487662436733
"corrected","M2","CV1",7,3,"Aber-2015",0.267042986541793
"corrected","M2","CV1",7,3,"Aber-2016",0.276406111034463
"corrected","M2","CV1",7,3,"Brau-2014",0.70366456255665
"corrected","M2","CV1",7,3,"Brau-2015",0.543528912483361
"corrected","M2","CV1",7,3,"Brau-2016",0.388683211471413
"original","M3","CV1",7,3,"Aber-2015",0.367378388457411
"original","M3","CV1",7,3,"Aber-2016",0.386326639523215
"original","M3","CV1",7,3,"Brau-2014",0.727352190445969
"original","M3","CV1",7,3,"Brau-2015",0.654465368854694
"original","M3","CV1",7,3,"Brau-2016",0.0909744966364517
"corrected","M3","CV1",7,3,"Aber-2015",0.36401443590406
"corrected","M3","CV1",7,3,"Aber-2016",0.368992430227785
"corrected","M3","CV1",7,3,"Brau-2014",0.69855929378329
"corrected","M3","CV1",7,3,"Brau-2015",0.652527726725019
"corrected","M3","CV1",7,3,"Brau-2016",0.177834690059692
"original","M2","CV2",7,3,"Aber-2015",0.857535983888436
"original","M2","CV2",7,3,"Aber-2016",0.785864510976996
"original","M2","CV2",7,3,"Brau-2014",0.488540494604257
"original","M2","CV2",7,3,"Brau-2015",0.801558216795223
"original","M2","CV2",7,3,"Brau-2016",0.459991091016433
"corrected","M2","CV2",7,3,"Aber-2015",0.855829241224253
"corrected","M2","CV2",7,3,"Aber-2016",0.787526753555346
"corrected","M2","CV2",7,3,"Brau-2014",0.49072252581503
"corrected","M2","CV2",7,3,"Brau-2015",0.79904649000915
"corrected","M2","CV2",7,3,"Brau-2016",0.452591939252089
"original","M3","CV2",7,3,"Aber-2015",0.900385976801131
"original","M3","CV2",7,3,"Aber-2016",0.818747837769024
"original","M3","CV2",7,3,"Brau-2014",0.509898195128201
"original","M3","CV2",7,3,"Brau-2015",0.811561214352563
"original","M3","CV2",7,3,"Brau-2016",0.485823092972343
"corrected","M3","CV2",7,3,"Aber-2015",0.898213786021746
"corrected","M3","CV2",7,3,"Aber-2016",0.811774775840793
"corrected","M3","CV2",7,3,"Brau-2014",0.507185976223824
"corrected","M3","CV2",7,3,"Brau-2015",0.812058086199475
"corrected","M3","CV2",7,3,"Brau-2016",0.504251062133886
"original","M2","CV1",8,3,"Aber-2015",0.259122867394534
"original","M2","CV1",8,3,"Aber-2016",0.430718773463867
"original","M2","CV1",8,3,"Brau-2014",0.607587731137386
"original","M2","CV1",8,3,"Brau-2015",0.589323782234522
"original","M2","CV1",8,3,"Brau-2016",0.0982497624386944
"corrected","M2","CV1",8,3,"Aber-2015",0.250556878945942
"corrected","M2","CV1",8,3,"Aber-2016",0.425198228993775
"corrected","M2","CV1",8,3,"Brau-2014",0.619615530220135
"corrected","M2","CV1",8,3,"Brau-2015",0.579092087338905
"corrected","M2","CV1",8,3,"Brau-2016",0.0450207595890339
"original","M3","CV1",8,3,"Aber-2015",0.382630695150327
"original","M3","CV1",8,3,"Aber-2016",0.412830628032593
"original","M3","CV1",8,3,"Brau-2014",0.625587333086275
"original","M3","CV1",8,3,"Brau-2015",0.593330160218282
"original","M3","CV1",8,3,"Brau-2016",0.079532053894606
"corrected","M3","CV1",8,3,"Aber-2015",0.37031093448999
"corrected","M3","CV1",8,3,"Aber-2016",0.377467323992779
"corrected","M3","CV1",8,3,"Brau-2014",0.621227503507833
"corrected","M3","CV1",8,3,"Brau-2015",0.617038554634675
"corrected","M3","CV1",8,3,"Brau-2016",0.0140642738590063
"original","M2","CV2",8,3,"Aber-2015",0.800316122819824
"original","M2","CV2",8,3,"Aber-2016",0.810410215144435
"original","M2","CV2",8,3,"Brau-2014",0.492952000028826
"original","M2","CV2",8,3,"Brau-2015",0.867680108607085
"original","M2","CV2",8,3,"Brau-2016",0.380412281706763
"corrected","M2","CV2",8,3,"Aber-2015",0.800708867330272
"corrected","M2","CV2",8,3,"Aber-2016",0.805834128157741
"corrected","M2","CV2",8,3,"Brau-2014",0.501315399756342
"corrected","M2","CV2",8,3,"Brau-2015",0.866998406982835
"corrected","M2","CV2",8,3,"Brau-2016",0.381470471933313
"original","M3","CV2",8,3,"Aber-2015",0.782953191700815
"original","M3","CV2",8,3,"Aber-2016",0.808099428946107
"original","M3","CV2",8,3,"Brau-2014",0.361161988932915
"original","M3","CV2",8,3,"Brau-2015",0.904841470838104
"original","M3","CV2",8,3,"Brau-2016",0.494665135035452
"corrected","M3","CV2",8,3,"Aber-2015",0.77731865346795
"corrected","M3","CV2",8,3,"Aber-2016",0.817826684692145
"corrected","M3","CV2",8,3,"Brau-2014",0.372192462412943
"corrected","M3","CV2",8,3,"Brau-2015",0.90249449007734
"corrected","M3","CV2",8,3,"Brau-2016",0.452319427286011
"original","M2","CV1",9,3,"Aber-2015",0.4352581024755
"original","M2","CV1",9,3,"Aber-2016",0.420636323116334
"original","M2","CV1",9,3,"Brau-2014",0.475178031028908
"original","M2","CV1",9,3,"Brau-2015",0.57399809755354
"original","M2","CV1",9,3,"Brau-2016",0.0414042027367371
"corrected","M2","CV1",9,3,"Aber-2015",0.435182293982324
"corrected","M2","CV1",9,3,"Aber-2016",0.406821787803389
"corrected","M2","CV1",9,3,"Brau-2014",0.464896381511532
"corrected","M2","CV1",9,3,"Brau-2015",0.55575597739308
"corrected","M2","CV1",9,3,"Brau-2016",0.0337472223252964
"original","M3","CV1",9,3,"Aber-2015",0.394882687442604
"original","M3","CV1",9,3,"Aber-2016",0.397475727697396
"original","M3","CV1",9,3,"Brau-2014",0.537206366595606
"original","M3","CV1",9,3,"Brau-2015",0.567174096849691
"original","M3","CV1",9,3,"Brau-2016",-0.0590459266687367
"corrected","M3","CV1",9,3,"Aber-2015",0.397406463865344
"corrected","M3","CV1",9,3,"Aber-2016",0.391531672126785
"corrected","M3","CV1",9,3,"Brau-2014",0.491306230471407
"corrected","M3","CV1",9,3,"Brau-2015",0.576557767859234
"corrected","M3","CV1",9,3,"Brau-2016",-0.0723289449817187
"original","M2","CV2",9,3,"Aber-2015",0.5103513009544
"original","M2","CV2",9,3,"Aber-2016",0.847099453672018
"original","M2","CV2",9,3,"Brau-2014",0.757709059132802
"original","M2","CV2",9,3,"Brau-2015",0.51221613746655
"original","M2","CV2",9,3,"Brau-2016",0.402533726124753
"corrected","M2","CV2",9,3,"Aber-2015",0.504651153830369
"corrected","M2","CV2",9,3,"Aber-2016",0.838370306583826
"corrected","M2","CV2",9,3,"Brau-2014",0.75418630395339
"corrected","M2","CV2",9,3,"Brau-2015",0.507762760976883
"corrected","M2","CV2",9,3,"Brau-2016",0.406736126005762
"original","M3","CV2",9,3,"Aber-2015",0.494761639550187
"original","M3","CV2",9,3,"Aber-2016",0.835423235850544
"original","M3","CV2",9,3,"Brau-2014",0.68509475101566
"original","M3","CV2",9,3,"Brau-2015",0.602327303633411
"original","M3","CV2",9,3,"Brau-2016",0.449650509816553
"corrected","M3","CV2",9,3,"Aber-2015",0.49273784441401
"corrected","M3","CV2",9,3,"Aber-2016",0.839469520447777
"corrected","M3","CV2",9,3,"Brau-2014",0.687612664123836
"corrected","M3","CV2",9,3,"Brau-2015",0.62057400233884
"corrected","M3","CV2",9,3,"Brau-2016",0.453243398951175
"original","M2","CV1",10,3,"Aber-2015",0.240925680500474
"original","M2","CV1",10,3,"Aber-2016",0.436848797205993
"original","M2","CV1",10,3,"Brau-2014",0.594454547797357
"original","M2","CV1",10,3,"Brau-2015",0.238433387758212
"original","M2","CV1",10,3,"Brau-2016",-0.326453558206764
"corrected","M2","CV1",10,3,"Aber-2015",0.239945974496531
"corrected","M2","CV1",10,3,"Aber-2016",0.446293242527394
"corrected","M2","CV1",10,3,"Brau-2014",0.61724264368873
"corrected","M2","CV1",10,3,"Brau-2015",0.247231741724212
"corrected","M2","CV1",10,3,"Brau-2016",-0.299102906132948
"original","M3","CV1",10,3,"Aber-2015",0.312247527143171
"original","M3","CV1",10,3,"Aber-2016",0.59403123625388
"original","M3","CV1",10,3,"Brau-2014",0.688509358853541
"original","M3","CV1",10,3,"Brau-2015",0.365771141089624
"original","M3","CV1",10,3,"Brau-2016",-0.324749884959777
"corrected","M3","CV1",10,3,"Aber-2015",0.312628942123869
"corrected","M3","CV1",10,3,"Aber-2016",0.537331606210164
"corrected","M3","CV1",10,3,"Brau-2014",0.688267916755027
"corrected","M3","CV1",10,3,"Brau-2015",0.340594389786456
"corrected","M3","CV1",10,3,"Brau-2016",-0.363011858198887
"original","M2","CV2",10,3,"Aber-2015",0.804559244846379
"original","M2","CV2",10,3,"Aber-2016",0.732637915067147
"original","M2","CV2",10,3,"Brau-2014",0.491838379765845
"original","M2","CV2",10,3,"Brau-2015",0.573571433558475
"original","M2","CV2",10,3,"Brau-2016",0.590526377852086
"corrected","M2","CV2",10,3,"Aber-2015",0.799277152657021
"corrected","M2","CV2",10,3,"Aber-2016",0.736791441382592
"corrected","M2","CV2",10,3,"Brau-2014",0.485378244218612
"corrected","M2","CV2",10,3,"Brau-2015",0.577433267169519
"corrected","M2","CV2",10,3,"Brau-2016",0.581662026139084
"original","M3","CV2",10,3,"Aber-2015",0.79070183390574
"original","M3","CV2",10,3,"Aber-2016",0.74379404987332
"original","M3","CV2",10,3,"Brau-2014",0.481496246817013
"original","M3","CV2",10,3,"Brau-2015",0.619960953603646
"original","M3","CV2",10,3,"Brau-2016",0.416789986606988
"corrected","M3","CV2",10,3,"Aber-2015",0.780483096189848
"corrected","M3","CV2",10,3,"Aber-2016",0.741109165112217
"corrected","M3","CV2",10,3,"Brau-2014",0.478892257364906
"corrected","M3","CV2",10,3,"Brau-2015",0.613811491033352
"corrected","M3","CV2",10,3,"Brau-2016",0.405095761193134
"original","M2","CV1",1,4,"Aber-2015",0.312011232729494
"original","M2","CV1",1,4,"Aber-2016",0.425782284688301
"original","M2","CV1",1,4,"Brau-2014",0.6335931396149
"original","M2","CV1",1,4,"Brau-2015",0.430248295880901
"original","M2","CV1",1,4,"Brau-2016",0.146639878122538
"corrected","M2","CV1",1,4,"Aber-2015",0.298451221802986
"corrected","M2","CV1",1,4,"Aber-2016",0.431457525931666
"corrected","M2","CV1",1,4,"Brau-2014",0.649894624535944
"corrected","M2","CV1",1,4,"Brau-2015",0.426285951293404
"corrected","M2","CV1",1,4,"Brau-2016",0.161148656336942
"original","M3","CV1",1,4,"Aber-2015",0.319592354345908
"original","M3","CV1",1,4,"Aber-2016",0.443507414137391
"original","M3","CV1",1,4,"Brau-2014",0.653239900929437
"original","M3","CV1",1,4,"Brau-2015",0.409924541668505
"original","M3","CV1",1,4,"Brau-2016",0.0484285160747186
"corrected","M3","CV1",1,4,"Aber-2015",0.324925232988965
"corrected","M3","CV1",1,4,"Aber-2016",0.42568913056655
"corrected","M3","CV1",1,4,"Brau-2014",0.647510817075933
"corrected","M3","CV1",1,4,"Brau-2015",0.423294949744778
"corrected","M3","CV1",1,4,"Brau-2016",0.0856429555146863
"original","M2","CV2",1,4,"Aber-2015",0.764464113415757
"original","M2","CV2",1,4,"Aber-2016",0.518803503747643
"original","M2","CV2",1,4,"Brau-2014",0.556376651403062
"original","M2","CV2",1,4,"Brau-2015",0.786500991415526
"original","M2","CV2",1,4,"Brau-2016",0.726782777218685
"corrected","M2","CV2",1,4,"Aber-2015",0.762614894431786
"corrected","M2","CV2",1,4,"Aber-2016",0.51251557876324
"corrected","M2","CV2",1,4,"Brau-2014",0.559189406049534
"corrected","M2","CV2",1,4,"Brau-2015",0.788344673737414
"corrected","M2","CV2",1,4,"Brau-2016",0.734230151952234
"original","M3","CV2",1,4,"Aber-2015",0.713154643278782
"original","M3","CV2",1,4,"Aber-2016",0.463734323152431
"original","M3","CV2",1,4,"Brau-2014",0.557719283053065
"original","M3","CV2",1,4,"Brau-2015",0.826719017287709
"original","M3","CV2",1,4,"Brau-2016",0.678186036799329
"corrected","M3","CV2",1,4,"Aber-2015",0.703777146944735
"corrected","M3","CV2",1,4,"Aber-2016",0.462214674620325
"corrected","M3","CV2",1,4,"Brau-2014",0.559407051175335
"corrected","M3","CV2",1,4,"Brau-2015",0.828501370912468
"corrected","M3","CV2",1,4,"Brau-2016",0.664477011887744
"original","M2","CV1",2,4,"Aber-2015",0.386189427374741
"original","M2","CV1",2,4,"Aber-2016",0.42766020817152
"original","M2","CV1",2,4,"Brau-2014",0.66417022840964
"original","M2","CV1",2,4,"Brau-2015",0.186683067271174
"original","M2","CV1",2,4,"Brau-2016",0.131682729172167
"corrected","M2","CV1",2,4,"Aber-2015",0.399218387968991
"corrected","M2","CV1",2,4,"Aber-2016",0.43463285191621
"corrected","M2","CV1",2,4,"Brau-2014",0.661520246486609
"corrected","M2","CV1",2,4,"Brau-2015",0.192627113793886
"corrected","M2","CV1",2,4,"Brau-2016",0.134994596112061
"original","M3","CV1",2,4,"Aber-2015",0.400504972524003
"original","M3","CV1",2,4,"Aber-2016",0.403103990376667
"original","M3","CV1",2,4,"Brau-2014",0.505412550204745
"original","M3","CV1",2,4,"Brau-2015",0.205809031710556
"original","M3","CV1",2,4,"Brau-2016",0.143109476291692
"corrected","M3","CV1",2,4,"Aber-2015",0.403291956468276
"corrected","M3","CV1",2,4,"Aber-2016",0.413585674035167
"corrected","M3","CV1",2,4,"Brau-2014",0.545827526383954
"corrected","M3","CV1",2,4,"Brau-2015",0.224555519834025
"corrected","M3","CV1",2,4,"Brau-2016",0.156378596853775
"original","M2","CV2",2,4,"Aber-2015",0.822834187140305
"original","M2","CV2",2,4,"Aber-2016",0.769994702089863
"original","M2","CV2",2,4,"Brau-2014",0.658685505796311
"original","M2","CV2",2,4,"Brau-2015",0.597997028199752
"original","M2","CV2",2,4,"Brau-2016",0.362550777170606
"corrected","M2","CV2",2,4,"Aber-2015",0.823042228144697
"corrected","M2","CV2",2,4,"Aber-2016",0.765132541334569
"corrected","M2","CV2",2,4,"Brau-2014",0.662328888307773
"corrected","M2","CV2",2,4,"Brau-2015",0.599899398811679
"corrected","M2","CV2",2,4,"Brau-2016",0.36289102541991
"original","M3","CV2",2,4,"Aber-2015",0.816567446944758
"original","M3","CV2",2,4,"Aber-2016",0.763341515474595
"original","M3","CV2",2,4,"Brau-2014",0.690248024772768
"original","M3","CV2",2,4,"Brau-2015",0.63714041112533
"original","M3","CV2",2,4,"Brau-2016",0.433105830250147
"corrected","M3","CV2",2,4,"Aber-2015",0.811980630505184
"corrected","M3","CV2",2,4,"Aber-2016",0.746672011178542
"corrected","M3","CV2",2,4,"Brau-2014",0.686210927388732
"corrected","M3","CV2",2,4,"Brau-2015",0.637232757487432
"corrected","M3","CV2",2,4,"Brau-2016",0.435459717898386
"original","M2","CV1",3,4,"Aber-2015",0.371614527453859
"original","M2","CV1",3,4,"Aber-2016",0.508884602506215
"original","M2","CV1",3,4,"Brau-2014",0.485507530638681
"original","M2","CV1",3,4,"Brau-2015",0.388145802710257
"original","M2","CV1",3,4,"Brau-2016",0.0500204751038713
"corrected","M2","CV1",3,4,"Aber-2015",0.346359655571035
"corrected","M2","CV1",3,4,"Aber-2016",0.494167996147882
"corrected","M2","CV1",3,4,"Brau-2014",0.478004641587266
"corrected","M2","CV1",3,4,"Brau-2015",0.360002326433238
"corrected","M2","CV1",3,4,"Brau-2016",0.0327507382497446
"original","M3","CV1",3,4,"Aber-2015",0.432348215960066
"original","M3","CV1",3,4,"Aber-2016",0.509626591362375
"original","M3","CV1",3,4,"Brau-2014",0.558639018798625
"original","M3","CV1",3,4,"Brau-2015",0.442528800173356
"original","M3","CV1",3,4,"Brau-2016",0.0288317354667385
"corrected","M3","CV1",3,4,"Aber-2015",0.412789734757422
"corrected","M3","CV1",3,4,"Aber-2016",0.533619477707527
"corrected","M3","CV1",3,4,"Brau-2014",0.560567698219651
"corrected","M3","CV1",3,4,"Brau-2015",0.4011793572257
"corrected","M3","CV1",3,4,"Brau-2016",0.0409935861112089
"original","M2","CV2",3,4,"Aber-2015",0.837441890024734
"original","M2","CV2",3,4,"Aber-2016",0.768302763942288
"original","M2","CV2",3,4,"Brau-2014",0.375691479538517
"original","M2","CV2",3,4,"Brau-2015",0.80383129355826
"original","M2","CV2",3,4,"Brau-2016",0.420976789333094
"corrected","M2","CV2",3,4,"Aber-2015",0.836102316048303
"corrected","M2","CV2",3,4,"Aber-2016",0.767370808744685
"corrected","M2","CV2",3,4,"Brau-2014",0.377137456397898
"corrected","M2","CV2",3,4,"Brau-2015",0.799140664700413
"corrected","M2","CV2",3,4,"Brau-2016",0.416885983099587
"original","M3","CV2",3,4,"Aber-2015",0.827059268294219
"original","M3","CV2",3,4,"Aber-2016",0.768728980967669
"original","M3","CV2",3,4,"Brau-2014",0.404089182476591
"original","M3","CV2",3,4,"Brau-2015",0.821124799581864
"original","M3","CV2",3,4,"Brau-2016",0.267592945913643
"corrected","M3","CV2",3,4,"Aber-2015",0.829107990575849
"corrected","M3","CV2",3,4,"Aber-2016",0.761764741277804
"corrected","M3","CV2",3,4,"Brau-2014",0.398187139193894
"corrected","M3","CV2",3,4,"Brau-2015",0.812421432866918
"corrected","M3","CV2",3,4,"Brau-2016",0.248947721808052
"original","M2","CV1",4,4,"Aber-2015",0.308765235259314
"original","M2","CV1",4,4,"Aber-2016",0.490141406711986
"original","M2","CV1",4,4,"Brau-2014",0.45300581223769
"original","M2","CV1",4,4,"Brau-2015",0.362163985857879
"original","M2","CV1",4,4,"Brau-2016",0.3019184244693
"corrected","M2","CV1",4,4,"Aber-2015",0.315802628704594
"corrected","M2","CV1",4,4,"Aber-2016",0.477373090580673
"corrected","M2","CV1",4,4,"Brau-2014",0.467962814060172
"corrected","M2","CV1",4,4,"Brau-2015",0.334843792910799
"corrected","M2","CV1",4,4,"Brau-2016",0.310311686903188
"original","M3","CV1",4,4,"Aber-2015",0.423878091364312
"original","M3","CV1",4,4,"Aber-2016",0.557244211448453
"original","M3","CV1",4,4,"Brau-2014",0.485058965340697
"original","M3","CV1",4,4,"Brau-2015",0.478046673061683
"original","M3","CV1",4,4,"Brau-2016",0.423358970356547
"corrected","M3","CV1",4,4,"Aber-2015",0.422122175874604
"corrected","M3","CV1",4,4,"Aber-2016",0.54673327419562
"corrected","M3","CV1",4,4,"Brau-2014",0.461178030381861
"corrected","M3","CV1",4,4,"Brau-2015",0.464049450677976
"corrected","M3","CV1",4,4,"Brau-2016",0.482722851329754
"original","M2","CV2",4,4,"Aber-2015",0.628908677381377
"original","M2","CV2",4,4,"Aber-2016",0.716897464130078
"original","M2","CV2",4,4,"Brau-2014",0.362945300033441
"original","M2","CV2",4,4,"Brau-2015",0.890123474711704
"original","M2","CV2",4,4,"Brau-2016",0.368451129100808
"corrected","M2","CV2",4,4,"Aber-2015",0.627150580221949
"corrected","M2","CV2",4,4,"Aber-2016",0.720173322517593
"corrected","M2","CV2",4,4,"Brau-2014",0.362878934033498
"corrected","M2","CV2",4,4,"Brau-2015",0.890008594434993
"corrected","M2","CV2",4,4,"Brau-2016",0.367939396813416
"original","M3","CV2",4,4,"Aber-2015",0.608610970671159
"original","M3","CV2",4,4,"Aber-2016",0.735443435734427
"original","M3","CV2",4,4,"Brau-2014",0.384030893054299
"original","M3","CV2",4,4,"Brau-2015",0.889836978367348
"original","M3","CV2",4,4,"Brau-2016",0.51132550749169
"corrected","M3","CV2",4,4,"Aber-2015",0.618960284218771
"corrected","M3","CV2",4,4,"Aber-2016",0.736085395054466
"corrected","M3","CV2",4,4,"Brau-2014",0.376888833510625
"corrected","M3","CV2",4,4,"Brau-2015",0.89097392937986
"corrected","M3","CV2",4,4,"Brau-2016",0.54049045854952
"original","M2","CV1",5,4,"Aber-2015",0.516558135889872
"original","M2","CV1",5,4,"Aber-2016",0.554824851341594
"original","M2","CV1",5,4,"Brau-2014",0.649929521121088
"original","M2","CV1",5,4,"Brau-2015",0.360204843046891
"original","M2","CV1",5,4,"Brau-2016",-0.55345367514256
"corrected","M2","CV1",5,4,"Aber-2015",0.514785601342226
"corrected","M2","CV1",5,4,"Aber-2016",0.557691408832448
"corrected","M2","CV1",5,4,"Brau-2014",0.648575530074098
"corrected","M2","CV1",5,4,"Brau-2015",0.360397407848374
"corrected","M2","CV1",5,4,"Brau-2016",-0.570686669358837
"original","M3","CV1",5,4,"Aber-2015",0.543208008083078
"original","M3","CV1",5,4,"Aber-2016",0.609302077622829
"original","M3","CV1",5,4,"Brau-2014",0.628529671338279
"original","M3","CV1",5,4,"Brau-2015",0.469638544053868
"original","M3","CV1",5,4,"Brau-2016",-0.625015672145967
"corrected","M3","CV1",5,4,"Aber-2015",0.545693217964581
"corrected","M3","CV1",5,4,"Aber-2016",0.616190374453761
"corrected","M3","CV1",5,4,"Brau-2014",0.636831095934912
"corrected","M3","CV1",5,4,"Brau-2015",0.486357644652195
"corrected","M3","CV1",5,4,"Brau-2016",-0.615835286490854
"original","M2","CV2",5,4,"Aber-2015",0.843124566350534
"original","M2","CV2",5,4,"Aber-2016",0.847815257570009
"original","M2","CV2",5,4,"Brau-2014",0.520894034801359
"original","M2","CV2",5,4,"Brau-2015",0.691571732080236
"original","M2","CV2",5,4,"Brau-2016",0.618104816320536
"corrected","M2","CV2",5,4,"Aber-2015",0.83949839404417
"corrected","M2","CV2",5,4,"Aber-2016",0.84694900918831
"corrected","M2","CV2",5,4,"Brau-2014",0.516120430160751
"corrected","M2","CV2",5,4,"Brau-2015",0.68725748832128
"corrected","M2","CV2",5,4,"Brau-2016",0.622647104661526
"original","M3","CV2",5,4,"Aber-2015",0.810367723282729
"original","M3","CV2",5,4,"Aber-2016",0.865381026314515
"original","M3","CV2",5,4,"Brau-2014",0.43819771189422
"original","M3","CV2",5,4,"Brau-2015",0.730414848746419
"original","M3","CV2",5,4,"Brau-2016",0.423603584664088
"corrected","M3","CV2",5,4,"Aber-2015",0.811830879486933
"corrected","M3","CV2",5,4,"Aber-2016",0.880441383429787
"corrected","M3","CV2",5,4,"Brau-2014",0.456406252751782
"corrected","M3","CV2",5,4,"Brau-2015",0.720684201219103
"corrected","M3","CV2",5,4,"Brau-2016",0.470367876812506
"original","M2","CV1",6,4,"Aber-2015",0.434293087263308
"original","M2","CV1",6,4,"Aber-2016",0.459512969508695
"original","M2","CV1",6,4,"Brau-2014",0.568044973825565
"original","M2","CV1",6,4,"Brau-2015",0.426329362742353
"original","M2","CV1",6,4,"Brau-2016",-0.00876814655401827
"corrected","M2","CV1",6,4,"Aber-2015",0.432354853702575
"corrected","M2","CV1",6,4,"Aber-2016",0.450053767559781
"corrected","M2","CV1",6,4,"Brau-2014",0.548719870514472
"corrected","M2","CV1",6,4,"Brau-2015",0.416929163000126
"corrected","M2","CV1",6,4,"Brau-2016",-0.0231927320918288
"original","M3","CV1",6,4,"Aber-2015",0.5129659502321
"original","M3","CV1",6,4,"Aber-2016",0.524044072646219
"original","M3","CV1",6,4,"Brau-2014",0.467636043626502
"original","M3","CV1",6,4,"Brau-2015",0.541082067343812
"original","M3","CV1",6,4,"Brau-2016",-0.0734747980467474
"corrected","M3","CV1",6,4,"Aber-2015",0.504308915771503
"corrected","M3","CV1",6,4,"Aber-2016",0.475013924889022
"corrected","M3","CV1",6,4,"Brau-2014",0.435602710551626
"corrected","M3","CV1",6,4,"Brau-2015",0.544303634317202
"corrected","M3","CV1",6,4,"Brau-2016",-0.0798523026654007
"original","M2","CV2",6,4,"Aber-2015",0.472693540015939
"original","M2","CV2",6,4,"Aber-2016",0.824572012428753
"original","M2","CV2",6,4,"Brau-2014",0.446128808997611
"original","M2","CV2",6,4,"Brau-2015",0.782183894023604
"original","M2","CV2",6,4,"Brau-2016",0.740476650259178
"corrected","M2","CV2",6,4,"Aber-2015",0.466082150428085
"corrected","M2","CV2",6,4,"Aber-2016",0.821049316002299
"corrected","M2","CV2",6,4,"Brau-2014",0.441964862456482
"corrected","M2","CV2",6,4,"Brau-2015",0.775051189443778
"corrected","M2","CV2",6,4,"Brau-2016",0.738283704828526
"original","M3","CV2",6,4,"Aber-2015",0.50837603189985
"original","M3","CV2",6,4,"Aber-2016",0.838521517058724
"original","M3","CV2",6,4,"Brau-2014",0.426705731931121
"original","M3","CV2",6,4,"Brau-2015",0.790907309002724
"original","M3","CV2",6,4,"Brau-2016",0.720762925854751
"corrected","M3","CV2",6,4,"Aber-2015",0.524313970859232
"corrected","M3","CV2",6,4,"Aber-2016",0.833172937400432
"corrected","M3","CV2",6,4,"Brau-2014",0.425049376181023
"corrected","M3","CV2",6,4,"Brau-2015",0.780724213886341
"corrected","M3","CV2",6,4,"Brau-2016",0.713630142853042
"original","M2","CV1",7,4,"Aber-2015",0.218653538243562
"original","M2","CV1",7,4,"Aber-2016",0.226587160530544
"original","M2","CV1",7,4,"Brau-2014",0.599442381732382
"original","M2","CV1",7,4,"Brau-2015",0.273280172158863
"original","M2","CV1",7,4,"Brau-2016",-0.240669827182492
"corrected","M2","CV1",7,4,"Aber-2015",0.193856669856255
"corrected","M2","CV1",7,4,"Aber-2016",0.199239761808959
"corrected","M2","CV1",7,4,"Brau-2014",0.583083220586183
"corrected","M2","CV1",7,4,"Brau-2015",0.245105993455786
"corrected","M2","CV1",7,4,"Brau-2016",-0.285606884100719
"original","M3","CV1",7,4,"Aber-2015",0.264275172920061
"original","M3","CV1",7,4,"Aber-2016",0.263769705024617
"original","M3","CV1",7,4,"Brau-2014",0.595760032787488
"original","M3","CV1",7,4,"Brau-2015",0.416171633863203
"original","M3","CV1",7,4,"Brau-2016",0.0846057667456432
"corrected","M3","CV1",7,4,"Aber-2015",0.239664596709681
"corrected","M3","CV1",7,4,"Aber-2016",0.22684995686618
"corrected","M3","CV1",7,4,"Brau-2014",0.597521500716509
"corrected","M3","CV1",7,4,"Brau-2015",0.393898530807351
"corrected","M3","CV1",7,4,"Brau-2016",0.0123761972089961
"original","M2","CV2",7,4,"Aber-2015",0.675412786544613
"original","M2","CV2",7,4,"Aber-2016",0.838326552610017
"original","M2","CV2",7,4,"Brau-2014",0.7322374935867
"original","M2","CV2",7,4,"Brau-2015",0.615831179587046
"original","M2","CV2",7,4,"Brau-2016",0.577986644485831
"corrected","M2","CV2",7,4,"Aber-2015",0.677002745577524
"corrected","M2","CV2",7,4,"Aber-2016",0.839167637966063
"corrected","M2","CV2",7,4,"Brau-2014",0.745021384016783
"corrected","M2","CV2",7,4,"Brau-2015",0.616540173771808
"corrected","M2","CV2",7,4,"Brau-2016",0.577639484379225
"original","M3","CV2",7,4,"Aber-2015",0.676354474157879
"original","M3","CV2",7,4,"Aber-2016",0.829001574685732
"original","M3","CV2",7,4,"Brau-2014",0.727917218987415
"original","M3","CV2",7,4,"Brau-2015",0.693164590294539
"original","M3","CV2",7,4,"Brau-2016",0.52499328170236
"corrected","M3","CV2",7,4,"Aber-2015",0.661863118162923
"corrected","M3","CV2",7,4,"Aber-2016",0.845894563172332
"corrected","M3","CV2",7,4,"Brau-2014",0.709677102456115
"corrected","M3","CV2",7,4,"Brau-2015",0.699850362234466
"corrected","M3","CV2",7,4,"Brau-2016",0.499459905871041
"original","M2","CV1",8,4,"Aber-2015",0.436226067654976
"original","M2","CV1",8,4,"Aber-2016",0.589394822087542
"original","M2","CV1",8,4,"Brau-2014",0.49505701067394
"original","M2","CV1",8,4,"Brau-2015",0.369528423613256
"original","M2","CV1",8,4,"Brau-2016",0.0671796193355331
"corrected","M2","CV1",8,4,"Aber-2015",0.425806601297587
"corrected","M2","CV1",8,4,"Aber-2016",0.5724644659318
"corrected","M2","CV1",8,4,"Brau-2014",0.492502707364188
"corrected","M2","CV1",8,4,"Brau-2015",0.347981207938528
"corrected","M2","CV1",8,4,"Brau-2016",0.0652729975727243
"original","M3","CV1",8,4,"Aber-2015",0.42534463577628
"original","M3","CV1",8,4,"Aber-2016",0.561540898928214
"original","M3","CV1",8,4,"Brau-2014",0.398996263181058
"original","M3","CV1",8,4,"Brau-2015",0.441413470178565
"original","M3","CV1",8,4,"Brau-2016",0.19514136452641
"corrected","M3","CV1",8,4,"Aber-2015",0.427895443589023
"corrected","M3","CV1",8,4,"Aber-2016",0.594245853457991
"corrected","M3","CV1",8,4,"Brau-2014",0.399311793109926
"corrected","M3","CV1",8,4,"Brau-2015",0.465229080109632
"corrected","M3","CV1",8,4,"Brau-2016",0.131811343094877
"original","M2","CV2",8,4,"Aber-2015",0.724568366488424
"original","M2","CV2",8,4,"Aber-2016",0.806930412711007
"original","M2","CV2",8,4,"Brau-2014",0.602423240323197
"original","M2","CV2",8,4,"Brau-2015",0.744043837606189
"original","M2","CV2",8,4,"Brau-2016",0.412971579876616
"corrected","M2","CV2",8,4,"Aber-2015",0.726353132266488
"corrected","M2","CV2",8,4,"Aber-2016",0.806924572895944
"corrected","M2","CV2",8,4,"Brau-2014",0.600068363218559
"corrected","M2","CV2",8,4,"Brau-2015",0.740846661133941
"corrected","M2","CV2",8,4,"Brau-2016",0.421337217747513
"original","M3","CV2",8,4,"Aber-2015",0.750923633123321
"original","M3","CV2",8,4,"Aber-2016",0.771379964049659
"original","M3","CV2",8,4,"Brau-2014",0.57819632003774
"original","M3","CV2",8,4,"Brau-2015",0.720697977446326
"original","M3","CV2",8,4,"Brau-2016",0.388787617754835
"corrected","M3","CV2",8,4,"Aber-2015",0.750525339284521
"corrected","M3","CV2",8,4,"Aber-2016",0.777530046248646
"corrected","M3","CV2",8,4,"Brau-2014",0.579375647141325
"corrected","M3","CV2",8,4,"Brau-2015",0.718303648672984
"corrected","M3","CV2",8,4,"Brau-2016",0.397455408359685
"original","M2","CV1",9,4,"Aber-2015",0.426555447431695
"original","M2","CV1",9,4,"Aber-2016",0.259637323443187
"original","M2","CV1",9,4,"Brau-2014",0.587033599119205
"original","M2","CV1",9,4,"Brau-2015",0.181376785980805
"original","M2","CV1",9,4,"Brau-2016",0.0368162199345683
"corrected","M2","CV1",9,4,"Aber-2015",0.428151737042358
"corrected","M2","CV1",9,4,"Aber-2016",0.256441169832087
"corrected","M2","CV1",9,4,"Brau-2014",0.585089299398704
"corrected","M2","CV1",9,4,"Brau-2015",0.181982838094504
"corrected","M2","CV1",9,4,"Brau-2016",0.032126361008215
"original","M3","CV1",9,4,"Aber-2015",0.474824569750778
"original","M3","CV1",9,4,"Aber-2016",0.294300558008853
"original","M3","CV1",9,4,"Brau-2014",0.438618551483373
"original","M3","CV1",9,4,"Brau-2015",0.254291446522578
"original","M3","CV1",9,4,"Brau-2016",0.190952846865361
"corrected","M3","CV1",9,4,"Aber-2015",0.488247871445383
"corrected","M3","CV1",9,4,"Aber-2016",0.277946100094611
"corrected","M3","CV1",9,4,"Brau-2014",0.449135438954136
"corrected","M3","CV1",9,4,"Brau-2015",0.250983816952165
"corrected","M3","CV1",9,4,"Brau-2016",0.0986925652358806
"original","M2","CV2",9,4,"Aber-2015",0.682873938576468
"original","M2","CV2",9,4,"Aber-2016",0.807076744367196
"original","M2","CV2",9,4,"Brau-2014",0.544386119645347
"original","M2","CV2",9,4,"Brau-2015",0.820472460109524
"original","M2","CV2",9,4,"Brau-2016",0.410723004751559
"corrected","M2","CV2",9,4,"Aber-2015",0.685051982932908
"corrected","M2","CV2",9,4,"Aber-2016",0.815774367595963
"corrected","M2","CV2",9,4,"Brau-2014",0.540501826493115
"corrected","M2","CV2",9,4,"Brau-2015",0.818344233333609
"corrected","M2","CV2",9,4,"Brau-2016",0.412505106103926
"original","M3","CV2",9,4,"Aber-2015",0.686534389548917
"original","M3","CV2",9,4,"Aber-2016",0.831342857913854
"original","M3","CV2",9,4,"Brau-2014",0.562402234254305
"original","M3","CV2",9,4,"Brau-2015",0.856313808817838
"original","M3","CV2",9,4,"Brau-2016",0.514082297227007
"corrected","M3","CV2",9,4,"Aber-2015",0.688070028961705
"corrected","M3","CV2",9,4,"Aber-2016",0.825141590569707
"corrected","M3","CV2",9,4,"Brau-2014",0.57689037278884
"corrected","M3","CV2",9,4,"Brau-2015",0.855353428263081
"corrected","M3","CV2",9,4,"Brau-2016",0.52525031371802
"original","M2","CV1",10,4,"Aber-2015",0.621458464487
"original","M2","CV1",10,4,"Aber-2016",0.496696598145436
"original","M2","CV1",10,4,"Brau-2014",0.387651771145134
"original","M2","CV1",10,4,"Brau-2015",0.534658268937044
"original","M2","CV1",10,4,"Brau-2016",0.39848692466427
"corrected","M2","CV1",10,4,"Aber-2015",0.613478525903813
"corrected","M2","CV1",10,4,"Aber-2016",0.497937657981302
"corrected","M2","CV1",10,4,"Brau-2014",0.388004516323395
"corrected","M2","CV1",10,4,"Brau-2015",0.53060726375387
"corrected","M2","CV1",10,4,"Brau-2016",0.364642237640067
"original","M3","CV1",10,4,"Aber-2015",0.663643197337358
"original","M3","CV1",10,4,"Aber-2016",0.544615205548627
"original","M3","CV1",10,4,"Brau-2014",0.425000733913972
"original","M3","CV1",10,4,"Brau-2015",0.612183631386417
"original","M3","CV1",10,4,"Brau-2016",0.332953224165188
"corrected","M3","CV1",10,4,"Aber-2015",0.654105206210814
"corrected","M3","CV1",10,4,"Aber-2016",0.554139465176068
"corrected","M3","CV1",10,4,"Brau-2014",0.416251671233643
"corrected","M3","CV1",10,4,"Brau-2015",0.604586014781994
"corrected","M3","CV1",10,4,"Brau-2016",0.336681624250824
"original","M2","CV2",10,4,"Aber-2015",0.855129148309558
"original","M2","CV2",10,4,"Aber-2016",0.698963413440878
"original","M2","CV2",10,4,"Brau-2014",0.307421807158893
"original","M2","CV2",10,4,"Brau-2015",0.67252727169366
"original","M2","CV2",10,4,"Brau-2016",0.249136765123318
"corrected","M2","CV2",10,4,"Aber-2015",0.853799761834444
"corrected","M2","CV2",10,4,"Aber-2016",0.697363318548363
"corrected","M2","CV2",10,4,"Brau-2014",0.303731250519285
"corrected","M2","CV2",10,4,"Brau-2015",0.667187907600062
"corrected","M2","CV2",10,4,"Brau-2016",0.254547121316957
"original","M3","CV2",10,4,"Aber-2015",0.85254372061656
"original","M3","CV2",10,4,"Aber-2016",0.65402503139395
"original","M3","CV2",10,4,"Brau-2014",0.227968779526055
"original","M3","CV2",10,4,"Brau-2015",0.697856770145265
"original","M3","CV2",10,4,"Brau-2016",0.260561746455829
"corrected","M3","CV2",10,4,"Aber-2015",0.850685163737683
"corrected","M3","CV2",10,4,"Aber-2016",0.651537550226545
"corrected","M3","CV2",10,4,"Brau-2014",0.208503594842362
"corrected","M3","CV2",10,4,"Brau-2015",0.689424931013995
"corrected","M3","CV2",10,4,"Brau-2016",0.273990908705732
"original","M2","CV1",1,5,"Aber-2015",0.508023367785601
"original","M2","CV1",1,5,"Aber-2016",0.496745600561889
"original","M2","CV1",1,5,"Brau-2014",0.727974675208204
"original","M2","CV1",1,5,"Brau-2015",0.462067522485411
"original","M2","CV1",1,5,"Brau-2016",-0.277088470812792
"corrected","M2","CV1",1,5,"Aber-2015",0.52887709351798
"corrected","M2","CV1",1,5,"Aber-2016",0.515715570874889
"corrected","M2","CV1",1,5,"Brau-2014",0.725736896037564
"corrected","M2","CV1",1,5,"Brau-2015",0.481144833469446
"corrected","M2","CV1",1,5,"Brau-2016",-0.231013009748284
"original","M3","CV1",1,5,"Aber-2015",0.535909219112317
"original","M3","CV1",1,5,"Aber-2016",0.476178267631249
"original","M3","CV1",1,5,"Brau-2014",0.689231397843273
"original","M3","CV1",1,5,"Brau-2015",0.555168899871699
"original","M3","CV1",1,5,"Brau-2016",-0.161891234762714
"corrected","M3","CV1",1,5,"Aber-2015",0.511136957924101
"corrected","M3","CV1",1,5,"Aber-2016",0.437405525200824
"corrected","M3","CV1",1,5,"Brau-2014",0.691163648169695
"corrected","M3","CV1",1,5,"Brau-2015",0.510122691239251
"corrected","M3","CV1",1,5,"Brau-2016",-0.241985926973012
"original","M2","CV2",1,5,"Aber-2015",0.752146045195561
"original","M2","CV2",1,5,"Aber-2016",0.870150127742495
"original","M2","CV2",1,5,"Brau-2014",0.336910474473757
"original","M2","CV2",1,5,"Brau-2015",0.730624212641972
"original","M2","CV2",1,5,"Brau-2016",0.341854665242086
"corrected","M2","CV2",1,5,"Aber-2015",0.755116202403754
"corrected","M2","CV2",1,5,"Aber-2016",0.870146571369942
"corrected","M2","CV2",1,5,"Brau-2014",0.337436546833857
"corrected","M2","CV2",1,5,"Brau-2015",0.737942930800314
"corrected","M2","CV2",1,5,"Brau-2016",0.337632458830399
"original","M3","CV2",1,5,"Aber-2015",0.801104690447756
"original","M3","CV2",1,5,"Aber-2016",0.870568260176531
"original","M3","CV2",1,5,"Brau-2014",0.344073715242506
"original","M3","CV2",1,5,"Brau-2015",0.785254086028932
"original","M3","CV2",1,5,"Brau-2016",0.417907070196344
"corrected","M3","CV2",1,5,"Aber-2015",0.794372455481892
"corrected","M3","CV2",1,5,"Aber-2016",0.861155283612397
"corrected","M3","CV2",1,5,"Brau-2014",0.340522917511465
"corrected","M3","CV2",1,5,"Brau-2015",0.787047568795806
"corrected","M3","CV2",1,5,"Brau-2016",0.430780312914921
"original","M2","CV1",2,5,"Aber-2015",0.593729936778458
"original","M2","CV1",2,5,"Aber-2016",0.688324591232244
"original","M2","CV1",2,5,"Brau-2014",0.678466843219944
"original","M2","CV1",2,5,"Brau-2015",0.626790239046768
"original","M2","CV1",2,5,"Brau-2016",-0.00930172403505367
"corrected","M2","CV1",2,5,"Aber-2015",0.58426451377533
"corrected","M2","CV1",2,5,"Aber-2016",0.682782211684485
"corrected","M2","CV1",2,5,"Brau-2014",0.679037867977787
"corrected","M2","CV1",2,5,"Brau-2015",0.604318344928896
"corrected","M2","CV1",2,5,"Brau-2016",-0.0417328604125453
"original","M3","CV1",2,5,"Aber-2015",0.653244983729267
"original","M3","CV1",2,5,"Aber-2016",0.665117323222663
"original","M3","CV1",2,5,"Brau-2014",0.668915627718387
"original","M3","CV1",2,5,"Brau-2015",0.639683980593827
"original","M3","CV1",2,5,"Brau-2016",0.178140333143633
"corrected","M3","CV1",2,5,"Aber-2015",0.643404768350032
"corrected","M3","CV1",2,5,"Aber-2016",0.670830100080087
"corrected","M3","CV1",2,5,"Brau-2014",0.655957240819475
"corrected","M3","CV1",2,5,"Brau-2015",0.626536462524724
"corrected","M3","CV1",2,5,"Brau-2016",0.201101599219006
"original","M2","CV2",2,5,"Aber-2015",0.816723429718404
"original","M2","CV2",2,5,"Aber-2016",0.814741985489304
"original","M2","CV2",2,5,"Brau-2014",0.66321472464243
"original","M2","CV2",2,5,"Brau-2015",0.733250120677578
"original","M2","CV2",2,5,"Brau-2016",0.294136964436342
"corrected","M2","CV2",2,5,"Aber-2015",0.816231494300783
"corrected","M2","CV2",2,5,"Aber-2016",0.81879995882122
"corrected","M2","CV2",2,5,"Brau-2014",0.653947750481443
"corrected","M2","CV2",2,5,"Brau-2015",0.734576331706189
"corrected","M2","CV2",2,5,"Brau-2016",0.294402708266766
"original","M3","CV2",2,5,"Aber-2015",0.783499102826853
"original","M3","CV2",2,5,"Aber-2016",0.768416649007696
"original","M3","CV2",2,5,"Brau-2014",0.636418740632093
"original","M3","CV2",2,5,"Brau-2015",0.726031639734129
"original","M3","CV2",2,5,"Brau-2016",0.326927686979355
"corrected","M3","CV2",2,5,"Aber-2015",0.801195735701022
"corrected","M3","CV2",2,5,"Aber-2016",0.778665025816229
"corrected","M3","CV2",2,5,"Brau-2014",0.625130555395873
"corrected","M3","CV2",2,5,"Brau-2015",0.741390387402997
"corrected","M3","CV2",2,5,"Brau-2016",0.316955668616049
"original","M2","CV1",3,5,"Aber-2015",0.546398952355773
"original","M2","CV1",3,5,"Aber-2016",0.582176646819585
"original","M2","CV1",3,5,"Brau-2014",0.760790626960676
"original","M2","CV1",3,5,"Brau-2015",0.403436408367694
"original","M2","CV1",3,5,"Brau-2016",0.249251891593396
"corrected","M2","CV1",3,5,"Aber-2015",0.530805943921135
"corrected","M2","CV1",3,5,"Aber-2016",0.588160775986608
"corrected","M2","CV1",3,5,"Brau-2014",0.761641376281089
"corrected","M2","CV1",3,5,"Brau-2015",0.397235230049002
"corrected","M2","CV1",3,5,"Brau-2016",0.199639876225613
"original","M3","CV1",3,5,"Aber-2015",0.615149732445521
"original","M3","CV1",3,5,"Aber-2016",0.644104152307638
"original","M3","CV1",3,5,"Brau-2014",0.740817958724219
"original","M3","CV1",3,5,"Brau-2015",0.505182701315129
"original","M3","CV1",3,5,"Brau-2016",0.483677588823423
"corrected","M3","CV1",3,5,"Aber-2015",0.585613705478034
"corrected","M3","CV1",3,5,"Aber-2016",0.627999425260911
"corrected","M3","CV1",3,5,"Brau-2014",0.734237348503654
"corrected","M3","CV1",3,5,"Brau-2015",0.475920003887532
"corrected","M3","CV1",3,5,"Brau-2016",0.50214842204961
"original","M2","CV2",3,5,"Aber-2015",0.843603804810267
"original","M2","CV2",3,5,"Aber-2016",0.807627562369527
"original","M2","CV2",3,5,"Brau-2014",0.680701189930471
"original","M2","CV2",3,5,"Brau-2015",0.830215028349125
"original","M2","CV2",3,5,"Brau-2016",0.617935740178895
"corrected","M2","CV2",3,5,"Aber-2015",0.84498399069864
"corrected","M2","CV2",3,5,"Aber-2016",0.807229360608432
"corrected","M2","CV2",3,5,"Brau-2014",0.682112714893004
"corrected","M2","CV2",3,5,"Brau-2015",0.824783740664106
"corrected","M2","CV2",3,5,"Brau-2016",0.622544173105802
"original","M3","CV2",3,5,"Aber-2015",0.834019249439943
"original","M3","CV2",3,5,"Aber-2016",0.807238129776467
"original","M3","CV2",3,5,"Brau-2014",0.687201749680102
"original","M3","CV2",3,5,"Brau-2015",0.859098415947759
"original","M3","CV2",3,5,"Brau-2016",0.699763341911194
"corrected","M3","CV2",3,5,"Aber-2015",0.83083938702894
"corrected","M3","CV2",3,5,"Aber-2016",0.802682264821801
"corrected","M3","CV2",3,5,"Brau-2014",0.686165913583888
"corrected","M3","CV2",3,5,"Brau-2015",0.848848153184599
"corrected","M3","CV2",3,5,"Brau-2016",0.694846356957682
"original","M2","CV1",4,5,"Aber-2015",0.633267752356372
"original","M2","CV1",4,5,"Aber-2016",0.512789164359859
"original","M2","CV1",4,5,"Brau-2014",0.774307521232612
"original","M2","CV1",4,5,"Brau-2015",0.742776571043451
"original","M2","CV1",4,5,"Brau-2016",0.12753998740154
"corrected","M2","CV1",4,5,"Aber-2015",0.621883245936676
"corrected","M2","CV1",4,5,"Aber-2016",0.49039319536195
"corrected","M2","CV1",4,5,"Brau-2014",0.761839703403246
"corrected","M2","CV1",4,5,"Brau-2015",0.738903200035644
"corrected","M2","CV1",4,5,"Brau-2016",0.120428310065796
"original","M3","CV1",4,5,"Aber-2015",0.657054318663039
"original","M3","CV1",4,5,"Aber-2016",0.530145967013413
"original","M3","CV1",4,5,"Brau-2014",0.74154220118599
"original","M3","CV1",4,5,"Brau-2015",0.780575932805424
"original","M3","CV1",4,5,"Brau-2016",0.230637513422978
"corrected","M3","CV1",4,5,"Aber-2015",0.660172153898406
"corrected","M3","CV1",4,5,"Aber-2016",0.532599115015422
"corrected","M3","CV1",4,5,"Brau-2014",0.761118527341367
"corrected","M3","CV1",4,5,"Brau-2015",0.765800136136511
"corrected","M3","CV1",4,5,"Brau-2016",0.221569043957833
"original","M2","CV2",4,5,"Aber-2015",0.755967600291768
"original","M2","CV2",4,5,"Aber-2016",0.875384344531399
"original","M2","CV2",4,5,"Brau-2014",0.183739574207163
"original","M2","CV2",4,5,"Brau-2015",0.637829961838253
"original","M2","CV2",4,5,"Brau-2016",0.465433105466984
"corrected","M2","CV2",4,5,"Aber-2015",0.751599547617054
"corrected","M2","CV2",4,5,"Aber-2016",0.868323774246171
"corrected","M2","CV2",4,5,"Brau-2014",0.187543212973517
"corrected","M2","CV2",4,5,"Brau-2015",0.633289339431394
"corrected","M2","CV2",4,5,"Brau-2016",0.473963406142626
"original","M3","CV2",4,5,"Aber-2015",0.721498796756857
"original","M3","CV2",4,5,"Aber-2016",0.866681168629008
"original","M3","CV2",4,5,"Brau-2014",0.231755614116222
"original","M3","CV2",4,5,"Brau-2015",0.685365792864011
"original","M3","CV2",4,5,"Brau-2016",0.52769453338721
"corrected","M3","CV2",4,5,"Aber-2015",0.729538275548454
"corrected","M3","CV2",4,5,"Aber-2016",0.87253290728555
"corrected","M3","CV2",4,5,"Brau-2014",0.239363593222804
"corrected","M3","CV2",4,5,"Brau-2015",0.685806275460268
"corrected","M3","CV2",4,5,"Brau-2016",0.531712512027655
"original","M2","CV1",5,5,"Aber-2015",0.490337952091237
"original","M2","CV1",5,5,"Aber-2016",0.47201501150942
"original","M2","CV1",5,5,"Brau-2014",0.579403706282892
"original","M2","CV1",5,5,"Brau-2015",0.754292601215294
"original","M2","CV1",5,5,"Brau-2016",0.315627350042722
"corrected","M2","CV1",5,5,"Aber-2015",0.4998357187249
"corrected","M2","CV1",5,5,"Aber-2016",0.48045690419896
"corrected","M2","CV1",5,5,"Brau-2014",0.559539223570336
"corrected","M2","CV1",5,5,"Brau-2015",0.761555343269526
"corrected","M2","CV1",5,5,"Brau-2016",0.310895714778813
"original","M3","CV1",5,5,"Aber-2015",0.470605525563345
"original","M3","CV1",5,5,"Aber-2016",0.421061129973868
"original","M3","CV1",5,5,"Brau-2014",0.601401184289564
"original","M3","CV1",5,5,"Brau-2015",0.75191699381147
"original","M3","CV1",5,5,"Brau-2016",0.159467965852698
"corrected","M3","CV1",5,5,"Aber-2015",0.458798234522692
"corrected","M3","CV1",5,5,"Aber-2016",0.384302525978948
"corrected","M3","CV1",5,5,"Brau-2014",0.607102211432605
"corrected","M3","CV1",5,5,"Brau-2015",0.752720906743185
"corrected","M3","CV1",5,5,"Brau-2016",0.241868818842118
"original","M2","CV2",5,5,"Aber-2015",0.811051808215827
"original","M2","CV2",5,5,"Aber-2016",0.710315420945228
"original","M2","CV2",5,5,"Brau-2014",0.479167579459936
"original","M2","CV2",5,5,"Brau-2015",0.841140258406572
"original","M2","CV2",5,5,"Brau-2016",0.237341267862687
"corrected","M2","CV2",5,5,"Aber-2015",0.804606295758525
"corrected","M2","CV2",5,5,"Aber-2016",0.705507500303115
"corrected","M2","CV2",5,5,"Brau-2014",0.483352574018958
"corrected","M2","CV2",5,5,"Brau-2015",0.838138133627391
"corrected","M2","CV2",5,5,"Brau-2016",0.238046904251559
"original","M3","CV2",5,5,"Aber-2015",0.806156977010982
"original","M3","CV2",5,5,"Aber-2016",0.724304646320238
"original","M3","CV2",5,5,"Brau-2014",0.504586912536381
"original","M3","CV2",5,5,"Brau-2015",0.856145977362626
"original","M3","CV2",5,5,"Brau-2016",0.401588760472497
"corrected","M3","CV2",5,5,"Aber-2015",0.806138464250561
"corrected","M3","CV2",5,5,"Aber-2016",0.715621328744122
"corrected","M3","CV2",5,5,"Brau-2014",0.482344897458343
"corrected","M3","CV2",5,5,"Brau-2015",0.849615545940167
"corrected","M3","CV2",5,5,"Brau-2016",0.382952665440173
"original","M2","CV1",6,5,"Aber-2015",0.566254608935027
"original","M2","CV1",6,5,"Aber-2016",0.601036332099764
"original","M2","CV1",6,5,"Brau-2014",0.585270232213274
"original","M2","CV1",6,5,"Brau-2015",0.382584195996069
"original","M2","CV1",6,5,"Brau-2016",0.218324014561345
"corrected","M2","CV1",6,5,"Aber-2015",0.548383564180102
"corrected","M2","CV1",6,5,"Aber-2016",0.580823791109152
"corrected","M2","CV1",6,5,"Brau-2014",0.588433143126075
"corrected","M2","CV1",6,5,"Brau-2015",0.359578784790075
"corrected","M2","CV1",6,5,"Brau-2016",0.199275328258902
"original","M3","CV1",6,5,"Aber-2015",0.640149579836796
"original","M3","CV1",6,5,"Aber-2016",0.621869958722798
"original","M3","CV1",6,5,"Brau-2014",0.601528097432502
"original","M3","CV1",6,5,"Brau-2015",0.468697340166298
"original","M3","CV1",6,5,"Brau-2016",0.195361597248264
"corrected","M3","CV1",6,5,"Aber-2015",0.601723083316928
"corrected","M3","CV1",6,5,"Aber-2016",0.574526504382182
"corrected","M3","CV1",6,5,"Brau-2014",0.596693955279869
"corrected","M3","CV1",6,5,"Brau-2015",0.41485522705477
"corrected","M3","CV1",6,5,"Brau-2016",0.16512535595752
"original","M2","CV2",6,5,"Aber-2015",0.754810527829719
"original","M2","CV2",6,5,"Aber-2016",0.782357123333986
"original","M2","CV2",6,5,"Brau-2014",0.694053579704984
"original","M2","CV2",6,5,"Brau-2015",0.589854063850883
"original","M2","CV2",6,5,"Brau-2016",0.177033540156603
"corrected","M2","CV2",6,5,"Aber-2015",0.755631603694951
"corrected","M2","CV2",6,5,"Aber-2016",0.781774916049862
"corrected","M2","CV2",6,5,"Brau-2014",0.689260521463263
"corrected","M2","CV2",6,5,"Brau-2015",0.591674940085621
"corrected","M2","CV2",6,5,"Brau-2016",0.170714985688697
"original","M3","CV2",6,5,"Aber-2015",0.73240841500697
"original","M3","CV2",6,5,"Aber-2016",0.759532591321972
"original","M3","CV2",6,5,"Brau-2014",0.702735878724304
"original","M3","CV2",6,5,"Brau-2015",0.671264824434872
"original","M3","CV2",6,5,"Brau-2016",0.293949280853893
"corrected","M3","CV2",6,5,"Aber-2015",0.733900511245433
"corrected","M3","CV2",6,5,"Aber-2016",0.75715017888379
"corrected","M3","CV2",6,5,"Brau-2014",0.688300508588415
"corrected","M3","CV2",6,5,"Brau-2015",0.679745537049748
"corrected","M3","CV2",6,5,"Brau-2016",0.287671433918243
"original","M2","CV1",7,5,"Aber-2015",0.457158146274194
"original","M2","CV1",7,5,"Aber-2016",0.599862493022233
"original","M2","CV1",7,5,"Brau-2014",0.396975441667795
"original","M2","CV1",7,5,"Brau-2015",0.239553307769452
"original","M2","CV1",7,5,"Brau-2016",-0.029249294889871
"corrected","M2","CV1",7,5,"Aber-2015",0.470162911612297
"corrected","M2","CV1",7,5,"Aber-2016",0.599149732400555
"corrected","M2","CV1",7,5,"Brau-2014",0.400006712355858
"corrected","M2","CV1",7,5,"Brau-2015",0.244619124928295
"corrected","M2","CV1",7,5,"Brau-2016",-0.00698634028577699
"original","M3","CV1",7,5,"Aber-2015",0.486565025830805
"original","M3","CV1",7,5,"Aber-2016",0.626989063082881
"original","M3","CV1",7,5,"Brau-2014",0.36850813040956
"original","M3","CV1",7,5,"Brau-2015",0.273953295018514
"original","M3","CV1",7,5,"Brau-2016",-0.108250026173044
"corrected","M3","CV1",7,5,"Aber-2015",0.499049440678046
"corrected","M3","CV1",7,5,"Aber-2016",0.64145541165492
"corrected","M3","CV1",7,5,"Brau-2014",0.393052292034421
"corrected","M3","CV1",7,5,"Brau-2015",0.273434984874428
"corrected","M3","CV1",7,5,"Brau-2016",-0.0306043475022241
"original","M2","CV2",7,5,"Aber-2015",0.706070438066316
"original","M2","CV2",7,5,"Aber-2016",0.735898489915146
"original","M2","CV2",7,5,"Brau-2014",0.2490179651977
"original","M2","CV2",7,5,"Brau-2015",0.885627598235507
"original","M2","CV2",7,5,"Brau-2016",0.322340849055853
"corrected","M2","CV2",7,5,"Aber-2015",0.701259833190963
"corrected","M2","CV2",7,5,"Aber-2016",0.73303369839963
"corrected","M2","CV2",7,5,"Brau-2014",0.240967585935708
"corrected","M2","CV2",7,5,"Brau-2015",0.886548209508929
"corrected","M2","CV2",7,5,"Brau-2016",0.318456081793925
"original","M3","CV2",7,5,"Aber-2015",0.657977037054217
"original","M3","CV2",7,5,"Aber-2016",0.736008296879496
"original","M3","CV2",7,5,"Brau-2014",0.211013817197049
"original","M3","CV2",7,5,"Brau-2015",0.910404538569541
"original","M3","CV2",7,5,"Brau-2016",0.25320549173739
"corrected","M3","CV2",7,5,"Aber-2015",0.662806490315062
"corrected","M3","CV2",7,5,"Aber-2016",0.736734192656733
"corrected","M3","CV2",7,5,"Brau-2014",0.236265174965615
"corrected","M3","CV2",7,5,"Brau-2015",0.908602246034733
"corrected","M3","CV2",7,5,"Brau-2016",0.255437152719563
"original","M2","CV1",8,5,"Aber-2015",0.581182829771834
"original","M2","CV1",8,5,"Aber-2016",0.602645477653922
"original","M2","CV1",8,5,"Brau-2014",0.498403240485882
"original","M2","CV1",8,5,"Brau-2015",0.752872577358434
"original","M2","CV1",8,5,"Brau-2016",0.229737083149567
"corrected","M2","CV1",8,5,"Aber-2015",0.577709251431683
"corrected","M2","CV1",8,5,"Aber-2016",0.610780960285952
"corrected","M2","CV1",8,5,"Brau-2014",0.486232031942803
"corrected","M2","CV1",8,5,"Brau-2015",0.760982773799415
"corrected","M2","CV1",8,5,"Brau-2016",0.232541444093637
"original","M3","CV1",8,5,"Aber-2015",0.574867898408277
"original","M3","CV1",8,5,"Aber-2016",0.569171012652462
"original","M3","CV1",8,5,"Brau-2014",0.602981199365339
"original","M3","CV1",8,5,"Brau-2015",0.661045071525942
"original","M3","CV1",8,5,"Brau-2016",0.132286888304466
"corrected","M3","CV1",8,5,"Aber-2015",0.586628979894893
"corrected","M3","CV1",8,5,"Aber-2016",0.560727449688497
"corrected","M3","CV1",8,5,"Brau-2014",0.616922666015219
"corrected","M3","CV1",8,5,"Brau-2015",0.656420397171485
"corrected","M3","CV1",8,5,"Brau-2016",0.0972858694478622
"original","M2","CV2",8,5,"Aber-2015",0.673541308966988
"original","M2","CV2",8,5,"Aber-2016",0.833888682043857
"original","M2","CV2",8,5,"Brau-2014",0.536550646746109
"original","M2","CV2",8,5,"Brau-2015",0.697300093433611
"original","M2","CV2",8,5,"Brau-2016",0.465280271793333
"corrected","M2","CV2",8,5,"Aber-2015",0.67293427695678
"corrected","M2","CV2",8,5,"Aber-2016",0.832855962779788
"corrected","M2","CV2",8,5,"Brau-2014",0.542020671085648
"corrected","M2","CV2",8,5,"Brau-2015",0.692300501263803
"corrected","M2","CV2",8,5,"Brau-2016",0.461677268608942
"original","M3","CV2",8,5,"Aber-2015",0.676881666328512
"original","M3","CV2",8,5,"Aber-2016",0.836354174643465
"original","M3","CV2",8,5,"Brau-2014",0.571451335672725
"original","M3","CV2",8,5,"Brau-2015",0.705470071407786
"original","M3","CV2",8,5,"Brau-2016",0.499694483054316
"corrected","M3","CV2",8,5,"Aber-2015",0.675209218658251
"corrected","M3","CV2",8,5,"Aber-2016",0.827502601881811
"corrected","M3","CV2",8,5,"Brau-2014",0.574746072624802
"corrected","M3","CV2",8,5,"Brau-2015",0.699585372603793
"corrected","M3","CV2",8,5,"Brau-2016",0.500290421093006
"original","M2","CV1",9,5,"Aber-2015",0.46709734415344
"original","M2","CV1",9,5,"Aber-2016",0.641734685799666
"original","M2","CV1",9,5,"Brau-2014",0.427269306737481
"original","M2","CV1",9,5,"Brau-2015",0.595259819797353
"original","M2","CV1",9,5,"Brau-2016",0.352770500749371
"corrected","M2","CV1",9,5,"Aber-2015",0.459535319917012
"corrected","M2","CV1",9,5,"Aber-2016",0.636927791655275
"corrected","M2","CV1",9,5,"Brau-2014",0.415792300943591
"corrected","M2","CV1",9,5,"Brau-2015",0.580717466790427
"corrected","M2","CV1",9,5,"Brau-2016",0.33880382349199
"original","M3","CV1",9,5,"Aber-2015",0.465084767045426
"original","M3","CV1",9,5,"Aber-2016",0.620429755311263
"original","M3","CV1",9,5,"Brau-2014",0.393541967223008
"original","M3","CV1",9,5,"Brau-2015",0.606237924911957
"original","M3","CV1",9,5,"Brau-2016",0.4897947501951
"corrected","M3","CV1",9,5,"Aber-2015",0.44804488949505
"corrected","M3","CV1",9,5,"Aber-2016",0.596406131040212
"corrected","M3","CV1",9,5,"Brau-2014",0.357299351502125
"corrected","M3","CV1",9,5,"Brau-2015",0.546405716439924
"corrected","M3","CV1",9,5,"Brau-2016",0.527497278936216
"original","M2","CV2",9,5,"Aber-2015",0.762457958348681
"original","M2","CV2",9,5,"Aber-2016",0.749867490473458
"original","M2","CV2",9,5,"Brau-2014",0.525449375301831
"original","M2","CV2",9,5,"Brau-2015",0.846073598009441
"original","M2","CV2",9,5,"Brau-2016",0.528509602752255
"corrected","M2","CV2",9,5,"Aber-2015",0.759118599347398
"corrected","M2","CV2",9,5,"Aber-2016",0.736434229263311
"corrected","M2","CV2",9,5,"Brau-2014",0.525687230871982
"corrected","M2","CV2",9,5,"Brau-2015",0.844354864188092
"corrected","M2","CV2",9,5,"Brau-2016",0.519508151935239
"original","M3","CV2",9,5,"Aber-2015",0.719407432294449
"original","M3","CV2",9,5,"Aber-2016",0.730145497897907
"original","M3","CV2",9,5,"Brau-2014",0.454917482773906
"original","M3","CV2",9,5,"Brau-2015",0.888169145364856
"original","M3","CV2",9,5,"Brau-2016",0.639007490425274
"corrected","M3","CV2",9,5,"Aber-2015",0.724755871794189
"corrected","M3","CV2",9,5,"Aber-2016",0.717802449507731
"corrected","M3","CV2",9,5,"Brau-2014",0.450426336869077
"corrected","M3","CV2",9,5,"Brau-2015",0.886009471252546
"corrected","M3","CV2",9,5,"Brau-2016",0.65249609685807
"original","M2","CV1",10,5,"Aber-2015",0.265564289646142
"original","M2","CV1",10,5,"Aber-2016",0.457839733567874
"original","M2","CV1",10,5,"Brau-2014",0.5023185178027
"original","M2","CV1",10,5,"Brau-2015",0.307537846365985
"original","M2","CV1",10,5,"Brau-2016",-0.0661741729696128
"corrected","M2","CV1",10,5,"Aber-2015",0.265770547922038
"corrected","M2","CV1",10,5,"Aber-2016",0.466302522050434
"corrected","M2","CV1",10,5,"Brau-2014",0.520655299650234
"corrected","M2","CV1",10,5,"Brau-2015",0.316621983503969
"corrected","M2","CV1",10,5,"Brau-2016",-0.0777054558318616
"original","M3","CV1",10,5,"Aber-2015",0.351731054431281
"original","M3","CV1",10,5,"Aber-2016",0.528249819908789
"original","M3","CV1",10,5,"Brau-2014",0.335770552862338
"original","M3","CV1",10,5,"Brau-2015",0.461550771199826
"original","M3","CV1",10,5,"Brau-2016",0.0792988522337968
"corrected","M3","CV1",10,5,"Aber-2015",0.347613629214567
"corrected","M3","CV1",10,5,"Aber-2016",0.505296523780834
"corrected","M3","CV1",10,5,"Brau-2014",0.341295162726584
"corrected","M3","CV1",10,5,"Brau-2015",0.45937991704396
"corrected","M3","CV1",10,5,"Brau-2016",0.0330585601761868
"original","M2","CV2",10,5,"Aber-2015",0.58591993888449
"original","M2","CV2",10,5,"Aber-2016",0.897444481275147
"original","M2","CV2",10,5,"Brau-2014",0.470227599966563
"original","M2","CV2",10,5,"Brau-2015",0.81333753017978
"original","M2","CV2",10,5,"Brau-2016",0.687744895996167
"corrected","M2","CV2",10,5,"Aber-2015",0.583610943894479
"corrected","M2","CV2",10,5,"Aber-2016",0.899493837985349
"corrected","M2","CV2",10,5,"Brau-2014",0.469623258752894
"corrected","M2","CV2",10,5,"Brau-2015",0.81316166699938
"corrected","M2","CV2",10,5,"Brau-2016",0.683848192187158
"original","M3","CV2",10,5,"Aber-2015",0.612154199019738
"original","M3","CV2",10,5,"Aber-2016",0.905847603808385
"original","M3","CV2",10,5,"Brau-2014",0.487679474716021
"original","M3","CV2",10,5,"Brau-2015",0.833586751643065
"original","M3","CV2",10,5,"Brau-2016",0.547465618206336
"corrected","M3","CV2",10,5,"Aber-2015",0.59852700137284
"corrected","M3","CV2",10,5,"Aber-2016",0.906532431389749
"corrected","M3","CV2",10,5,"Brau-2014",0.490966558751723
"corrected","M3","CV2",10,5,"Brau-2015",0.838587048817742
"corrected","M3","CV2",10,5,"Brau-2016",0.531939003804117
