"Genotype","Environment","trait","BLUE","SE","converged"
"Mb-1037_52","Aber-2015","DM",0.247031345125831,0.52666385599557,TRUE
"Mb-1040_17","Aber-2015","DM",0.24129204725184,0.375378238241957,TRUE
"Mb-1043_32","Aber-2015","DM",-0.0563413623331777,0.312418959709887,TRUE
"Mb-1044_50","Aber-2015","DM",0.118844482676573,0.527401518919635,TRUE
"Mb-1056_31","Aber-2015","DM",0.0522361834415654,0.308617205557949,TRUE
"Mb-1067_18","Aber-2015","DM",0.359556228075354,0.376208788685616,TRUE
"Mb-1155_33","Aber-2015","DM",-0.147216626179883,0.37954940820649,TRUE
"Mb-1162_20","Aber-2015","DM",0.734822766604884,0.31178811710041,TRUE
"Mb-1261_15","Aber-2015","DM",0.512890191567268,0.375835098502053,TRUE
"Mb-1353_14","Aber-2015","DM",0.179507780718937,0.310843867184721,TRUE
"Mb-140","Aber-2015","DM",0.353938735757023,0.375737587325826,TRUE
"Mb-142","Aber-2015","DM",0.445892662576881,0.310044731855812,TRUE
"Mb-144","Aber-2015","DM",0.741256493532724,0.377062372193744,TRUE
"Mb-146","Aber-2015","DM",0.0853828555954618,0.312292406070659,TRUE
"Mb-166","Aber-2015","DM",0.203256057361757,0.307388225854646,TRUE
"Mb-177","Aber-2015","DM",0.570113837447468,0.312043890556992,TRUE
"Mb-226","Aber-2015","DM",0.15539874933089,0.37452262615102,TRUE
"Mb-272","Aber-2015","DM",0.336022213549122,0.37567872806094,TRUE
"Mb-297","Aber-2015","DM",0.209332395313584,0.378251045817643,TRUE
"Mb-353","Aber-2015","DM",0.0484256287481249,0.535557269949724,TRUE
"Mb-383_1","Aber-2015","DM",0.187447966668757,0.310964603787211,TRUE
"Mb-391","Aber-2015","DM",-0.0201879330416938,0.310710700301716,TRUE
"Mb-393_1","Aber-2015","DM",0.277637833316734,0.379258139312903,TRUE
"Mb-397","Aber-2015","DM",0.0580963693993253,0.375260217322334,TRUE
"Mb-399","Aber-2015","DM",0.11476405415396,0.374590168816469,TRUE
"Mb-401","Aber-2015","DM",0.103066337187433,0.5263428422796,TRUE
"Mb-411","Aber-2015","DM",0.387313111226428,0.310454140687986,TRUE
"Mb-416","Aber-2015","DM",0.0958310882400062,0.378062439197529,TRUE
"Mb-425_1","Aber-2015","DM",0.246872276135553,0.310228142789604,TRUE
"Mb-427_1","Aber-2015","DM",0.366990764986908,0.311278311782811,TRUE
"Mb-431_1","Aber-2015","DM",0.383714888429036,0.375989442205844,TRUE
"Mb-485_1","Aber-2015","DM",0.476126438769115,0.308693147509676,TRUE
"Mb-486","Aber-2015","DM",0.310112280555641,0.37570602219968,TRUE
"Mb-488_15","Aber-2015","DM",0.846179481808372,0.37660211005805,TRUE
"Mb-490_10","Aber-2015","DM",0.0903500024276366,0.309415599131466,TRUE
"Mb-494_1","Aber-2015","DM",0.738749631272854,0.310107480613843,TRUE
"Mb-498_1","Aber-2015","DM",0.145729946648151,0.318118171622447,TRUE
"Mb-502_1","Aber-2015","DM",0.333274129148893,0.309931879246383,TRUE
"Mb-505_1","Aber-2015","DM",0.163614091345706,0.310338940642741,TRUE
"Mb-508","Aber-2015","DM",0.235210299175278,0.310352646782904,TRUE
"Mb-628_1","Aber-2015","DM",0.138108198594107,0.31128659545491,TRUE
"Mb-76","Aber-2015","DM",-0.0457703841606196,0.374235258735109,TRUE
"Mb-770_18","Aber-2015","DM",0.0599559566824856,0.382790259931786,TRUE
"Mb-779_14","Aber-2015","DM",-0.111307808168035,0.311014194235438,TRUE
"Mb-787_13","Aber-2015","DM",0.352755566633683,0.375193205509552,TRUE
"Mb-810_11","Aber-2015","DM",-0.131000209368872,0.308888089462531,TRUE
"Mb-819_19","Aber-2015","DM",0.132970613054924,0.31274071707654,TRUE
"Mb-884_1","Aber-2015","DM",0.199212776192404,0.308657735912719,TRUE
"Mb-913_17","Aber-2015","DM",0.808527304091806,0.310982156720331,TRUE
"Mb-94","Aber-2015","DM",0.170303159881203,0.380011928873967,TRUE
"Mb-956_19","Aber-2015","DM",0.945475740557307,0.307754136969522,TRUE
"Mb-958_19","Aber-2015","DM",0.0978394044153671,0.533215413728248,TRUE
"Mb-961_16","Aber-2015","DM",1.16788383595304,0.379268770473018,TRUE
"Mb-965_15","Aber-2015","DM",0.472035945209482,0.309789129170157,TRUE
"Mb-969_18","Aber-2015","DM",0.914690468037275,0.307447719592619,TRUE
"Mx-2470_5","Aber-2015","DM",1.32664973140732,0.374426331439186,TRUE
"Mb-102","Aber-2015","DM",0.759773273714527,0.313007283996335,TRUE
"Mb-109","Aber-2015","DM",0.763817895768562,0.379917344814224,TRUE
"Mb-110","Aber-2015","DM",-0.143418326703046,0.3104908295131,TRUE
"Mb-111","Aber-2015","DM",-0.0141163868880173,0.307537827168668,TRUE
"Mb-113","Aber-2015","DM",0.961139623871543,0.375011033207578,TRUE
"Mb-1139_19","Aber-2015","DM",0.587176042707656,0.3135626855851,TRUE
"Mb-1147_12","Aber-2015","DM",1.44771183975017,0.308573135608151,TRUE
"Mb-115","Aber-2015","DM",0.0519531439763553,0.377643941727125,TRUE
"Mb-1153_20","Aber-2015","DM",2.49163130305456,0.375501252526908,TRUE
"Mb-1156_13","Aber-2015","DM",2.17799211915828,0.310383844582352,TRUE
"Mb-1182_16","Aber-2015","DM",1.24936691569172,0.522367654207805,TRUE
"Mb-1205_12","Aber-2015","DM",1.19404973252109,0.309601766179336,TRUE
"Mb-1231_18","Aber-2015","DM",1.42455466614496,0.37383885188784,TRUE
"Mb-1238_1","Aber-2015","DM",0.126029772124392,0.310257733443686,TRUE
"Mb-14","Aber-2015","DM",0.574086300508736,0.373988710540093,TRUE
"Mb-167","Aber-2015","DM",0.638523886246092,0.3079874655414,TRUE
"Mb-2","Aber-2015","DM",1.46138192452743,0.374324144412914,TRUE
"Mb-221","Aber-2015","DM",0.332242385086121,0.376997926487215,TRUE
"Mb-229","Aber-2015","DM",-0.328405691350025,0.378735779751887,TRUE
"Mb-255","Aber-2015","DM",0.144235410431972,0.312470972695227,TRUE
"Mb-3","Aber-2015","DM",0.27294996341648,0.3099738678608,TRUE
"Mb-306","Aber-2015","DM",1.2900871873706,0.311804238410841,TRUE
"Mb-31","Aber-2015","DM",0.769624315343663,0.375344870311297,TRUE
"Mb-35","Aber-2015","DM",0.172490155547268,0.376305489051694,TRUE
"Mb-37","Aber-2015","DM",1.00101369882167,0.530337212705433,TRUE
"Mb-434_1","Aber-2015","DM",0.775147962365603,0.37786078462377,TRUE
"Mb-526_13","Aber-2015","DM",0.261850653558129,0.37938123365179,TRUE
"Mb-527_1","Aber-2015","DM",0.517692130793189,0.37142234665997,TRUE
"Mb-533_1","Aber-2015","DM",0.0992385434292157,0.308457835593486,TRUE
"Mb-539_1","Aber-2015","DM",0.0821508742528908,0.309209869469773,TRUE
"Mb-585_1","Aber-2015","DM",0.680675409464957,0.526663859842047,TRUE
"Mb-70","Aber-2015","DM",-0.18547125935069,0.52431835408789,TRUE
"Mb-74","Aber-2015","DM",0.463834199200227,0.311244738050038,TRUE
"Mb-851_1","Aber-2015","DM",0.207907030894244,0.530165146659916,TRUE
"Mb-86","Aber-2015","DM",1.63312304901861,0.375783557654268,TRUE
"Mb-893_11","Aber-2015","DM",2.54577023357078,0.381106495935749,TRUE
"Mb-9","Aber-2015","DM",0.148731805673203,0.31533735671738,TRUE
"Mb-910_11","Aber-2015","DM",3.27781076498428,0.376787937812233,TRUE
"Mb-914_13","Aber-2015","DM",0.49668699646881,0.37463194585971,TRUE
"Mb-928_18","Aber-2015","DM",1.28092253003069,0.311413410489531,TRUE
"Mb-930","Aber-2015","DM",1.06782316251477,0.374038855401415,TRUE
"Mb-931_12","Aber-2015","DM",1.27839369900635,0.379203727963204,TRUE
"Mb-933_11","Aber-2015","DM",2.08195255949445,0.375360165408498,TRUE
"Mb-935_13","Aber-2015","DM",1.04612437341688,0.373382134851966,TRUE
"Mb-960_20","Aber-2015","DM",1.27870083834942,0.531023329870017,TRUE
"Mb-974_19","Aber-2015","DM",1.86634466394345,0.309744735486748,TRUE
"Mb-99","Aber-2015","DM",0.645506712510325,0.381757179581933,TRUE
"Mb-104","Aber-2015","DM",0.490159472662906,0.312272341160834,TRUE
"Mb-1086_54","Aber-2015","DM",3.43682680965743,0.307324208069023,TRUE
"Mb-1130_51","Aber-2015","DM",1.40247299303109,0.313026634682103,TRUE
"Mb-1132_52","Aber-2015","DM",1.20397226796801,0.308181131038139,TRUE
"Mb-147","Aber-2015","DM",0.582653307615439,0.309444777082902,TRUE
"Mb-148","Aber-2015","DM",1.88086759174197,0.309548062777281,TRUE
"Mb-1485_42","Aber-2015","DM",3.29436473809865,0.310312279986936,TRUE
"Mb-1486_1","Aber-2015","DM",3.27252885158483,0.311748153847412,TRUE
"Mb-149","Aber-2015","DM",1.33482432746763,0.271868041827355,TRUE
"Mb-188","Aber-2015","DM",2.90549351746131,0.376706300455928,TRUE
"Mb-307","Aber-2015","DM",3.95050746442081,0.375779641626957,TRUE
"Mb-308","Aber-2015","DM",0.11436885420794,0.378539720762277,TRUE
"Mb-309","Aber-2015","DM",0.625925531259173,0.30985153100713,TRUE
"Mb-310","Aber-2015","DM",2.65355457674132,0.529313958217582,TRUE
"Mb-72","Aber-2015","DM",0.901981591814854,0.321397672707334,TRUE
"Mx-1548_12","Aber-2015","DM",0.737654460397088,0.377185973096875,TRUE
"Mx-1915_12","Aber-2015","DM",1.28768580774981,0.308913982009218,TRUE
"Mx-1932_13","Aber-2015","DM",1.71221859707112,0.31179726828249,TRUE
"Mx-1933_11","Aber-2015","DM",1.74329553110327,0.308357735986528,TRUE
"Mx-1956_15","Aber-2015","DM",1.75418937053841,0.31010130645921,TRUE
"Mx-2446_1","Aber-2015","DM",1.92616314056348,0.383479103809818,TRUE
"Mx-437_90","Aber-2015","DM",2.44025220271654,0.31366100577128,TRUE
"Mb-1037_52","Aber-2015","FW",0.320189090675939,0.79126741200383,TRUE
"Mb-1040_17","Aber-2015","FW",0.416954502993296,0.566183541225793,TRUE
"Mb-1043_32","Aber-2015","FW",-0.0750054037914129,0.471393223443349,TRUE
"Mb-1044_50","Aber-2015","FW",0.147554718063249,0.792149818232096,TRUE
"Mb-1056_31","Aber-2015","FW",0.0417714747863515,0.467194151617984,TRUE
"Mb-1067_18","Aber-2015","FW",0.573142966093181,0.567083286652064,TRUE
"Mb-1155_33","Aber-2015","FW",-0.205244347184375,0.570515906626501,TRUE
"Mb-1162_20","Aber-2015","FW",0.882965658269858,0.470779636820722,TRUE
"Mb-1261_15","Aber-2015","FW",0.643722119044623,0.566619560207408,TRUE
"Mb-1353_14","Aber-2015","FW",0.299557155750882,0.469677677173065,TRUE
"Mb-140","Aber-2015","FW",0.429058626144977,0.566063800944288,TRUE
"Mb-142","Aber-2015","FW",0.56146240052898,0.468921937007823,TRUE
"Mb-144","Aber-2015","FW",0.969681026408584,0.568105935576671,TRUE
"Mb-146","Aber-2015","FW",0.167705381914923,0.471211356073686,TRUE
"Mb-166","Aber-2015","FW",0.473567254331473,0.465291800252012,TRUE
"Mb-177","Aber-2015","FW",0.657816401049766,0.471255010427582,TRUE
"Mb-226","Aber-2015","FW",0.285067607115289,0.565081161837344,TRUE
"Mb-272","Aber-2015","FW",0.43361244259733,0.566514287335258,TRUE
"Mb-297","Aber-2015","FW",0.352110674253361,0.569313142935994,TRUE
"Mb-353","Aber-2015","FW",-0.100169627411323,0.801344135599523,TRUE
"Mb-383_1","Aber-2015","FW",0.282454360365605,0.470007932446887,TRUE
"Mb-391","Aber-2015","FW",-0.0463530565966009,0.469533899288574,TRUE
"Mb-393_1","Aber-2015","FW",0.381147625454083,0.570704663147555,TRUE
"Mb-397","Aber-2015","FW",0.121953746656546,0.565996078074888,TRUE
"Mb-399","Aber-2015","FW",0.19500428016557,0.565127111361093,TRUE
"Mb-401","Aber-2015","FW",0.0862887215091778,0.790912587169758,TRUE
"Mb-411","Aber-2015","FW",0.515888545116446,0.469444558786125,TRUE
"Mb-416","Aber-2015","FW",0.0851880897621293,0.56922400675666,TRUE
"Mb-425_1","Aber-2015","FW",0.290475440543447,0.469125786169206,TRUE
"Mb-427_1","Aber-2015","FW",0.504261960924524,0.470189351833703,TRUE
"Mb-431_1","Aber-2015","FW",0.526659815660527,0.566630297355872,TRUE
"Mb-485_1","Aber-2015","FW",0.68133661462492,0.467365627624778,TRUE
"Mb-486","Aber-2015","FW",0.360507704894432,0.566712476040593,TRUE
"Mb-488_15","Aber-2015","FW",1.07806608417419,0.567581983693462,TRUE
"Mb-490_10","Aber-2015","FW",0.165619236733972,0.468205657765829,TRUE
"Mb-494_1","Aber-2015","FW",0.918732971517824,0.469033312053914,TRUE
"Mb-498_1","Aber-2015","FW",0.454351767394337,0.479960270499493,TRUE
"Mb-502_1","Aber-2015","FW",0.641638102844346,0.468810942115811,TRUE
"Mb-505_1","Aber-2015","FW",0.279662476556414,0.46921813602773,TRUE
"Mb-508","Aber-2015","FW",0.320819771616856,0.46913951810266,TRUE
"Mb-628_1","Aber-2015","FW",0.167716261949776,0.47037528724867,TRUE
"Mb-76","Aber-2015","FW",-0.0798968603697781,0.564976588356418,TRUE
"Mb-770_18","Aber-2015","FW",0.120310882055603,0.573302585742683,TRUE
"Mb-779_14","Aber-2015","FW",-0.103462970189882,0.469731436653005,TRUE
"Mb-787_13","Aber-2015","FW",0.508487717544574,0.565156004733398,TRUE
"Mb-810_11","Aber-2015","FW",-0.156071320979792,0.467457608283682,TRUE
"Mb-819_19","Aber-2015","FW",0.136492240774693,0.471981394313035,TRUE
"Mb-884_1","Aber-2015","FW",0.273803641675924,0.467249240234941,TRUE
"Mb-913_17","Aber-2015","FW",1.02988402586306,0.469799341134801,TRUE
"Mb-94","Aber-2015","FW",0.137900154282698,0.472539171885461,TRUE
"Mb-956_19","Aber-2015","FW",1.18528423679984,0.466163187795924,TRUE
"Mb-958_19","Aber-2015","FW",0.14179791285172,0.796292606260561,TRUE
"Mb-961_16","Aber-2015","FW",1.42286167545809,0.5704094320825,TRUE
"Mb-965_15","Aber-2015","FW",0.676180605292529,0.468585789107052,TRUE
"Mb-969_18","Aber-2015","FW",1.40045427415054,0.465812481302866,TRUE
"Mx-2470_5","Aber-2015","FW",1.60406483553591,0.564937672854858,TRUE
"Mb-102","Aber-2015","FW",1.15238926265243,0.472131066447159,TRUE
"Mb-109","Aber-2015","FW",1.34782086068202,0.571053351596602,TRUE
"Mb-110","Aber-2015","FW",-0.105871806800152,0.468893321012348,TRUE
"Mb-111","Aber-2015","FW",0.020708527055916,0.465627731088826,TRUE
"Mb-113","Aber-2015","FW",1.45685666975196,0.565187169560811,TRUE
"Mb-1139_19","Aber-2015","FW",0.926009042870661,0.472960645688617,TRUE
"Mb-1147_12","Aber-2015","FW",1.95806532355279,0.46722039892522,TRUE
"Mb-115","Aber-2015","FW",0.0652597135084089,0.568707525479803,TRUE
"Mb-1153_20","Aber-2015","FW",4.9043900368631,0.566299868783965,TRUE
"Mb-1156_13","Aber-2015","FW",4.65361706242066,0.468846094424851,TRUE
"Mb-1182_16","Aber-2015","FW",4.1772177613223,0.786302126725919,TRUE
"Mb-1205_12","Aber-2015","FW",1.54307197160333,0.468355795799322,TRUE
"Mb-1231_18","Aber-2015","FW",2.80944160546786,0.564324435722977,TRUE
"Mb-1238_1","Aber-2015","FW",0.202542287361848,0.469143992401538,TRUE
"Mb-14","Aber-2015","FW",0.81707521889233,0.564385607414807,TRUE
"Mb-167","Aber-2015","FW",1.35696274437529,0.466447966966009,TRUE
"Mb-2","Aber-2015","FW",1.88435259485679,0.56488281364507,TRUE
"Mb-221","Aber-2015","FW",0.508074097011679,0.568060328773506,TRUE
"Mb-229","Aber-2015","FW",-0.365652881790685,0.469726495880861,TRUE
"Mb-255","Aber-2015","FW",0.181328118814047,0.47173213816877,TRUE
"Mb-3","Aber-2015","FW",0.488844058451813,0.468468384861688,TRUE
"Mb-306","Aber-2015","FW",1.8277248425226,0.470848891861839,TRUE
"Mb-31","Aber-2015","FW",0.96570727108586,0.566103382311626,TRUE
"Mb-35","Aber-2015","FW",0.258465751113849,0.565678578532231,TRUE
"Mb-37","Aber-2015","FW",2.19804441296581,0.795455334242341,TRUE
"Mb-434_1","Aber-2015","FW",1.0463243182166,0.569124445664133,TRUE
"Mb-526_13","Aber-2015","FW",0.266700479337776,0.570794205908454,TRUE
"Mb-527_1","Aber-2015","FW",0.629341417916937,0.561353138909486,TRUE
"Mb-533_1","Aber-2015","FW",0.209520029065506,0.466722898285005,TRUE
"Mb-539_1","Aber-2015","FW",0.121677928960456,0.467966634622201,TRUE
"Mb-585_1","Aber-2015","FW",0.920189218742487,0.79126741728962,TRUE
"Mb-70","Aber-2015","FW",-0.193984855456704,0.788608546677351,TRUE
"Mb-74","Aber-2015","FW",0.60749571626023,0.470235871633578,TRUE
"Mb-851_1","Aber-2015","FW",0.396576110650064,0.794538151127365,TRUE
"Mb-86","Aber-2015","FW",2.8167308593153,0.565654930300802,TRUE
"Mb-893_11","Aber-2015","FW",5.71448578059637,0.572464021414371,TRUE
"Mb-9","Aber-2015","FW",0.221009787167906,0.476590216585942,TRUE
"Mb-910_11","Aber-2015","FW",5.58859371492616,0.567947139839425,TRUE
"Mb-914_13","Aber-2015","FW",1.0248616992513,0.564611874797173,TRUE
"Mb-928_18","Aber-2015","FW",2.4985562600773,0.470239970646356,TRUE
"Mb-930","Aber-2015","FW",2.52371472801332,0.564525388102005,TRUE
"Mb-931_12","Aber-2015","FW",2.15685562530277,0.57059751892168,TRUE
"Mb-933_11","Aber-2015","FW",3.7259259871308,0.565907833725931,TRUE
"Mb-935_13","Aber-2015","FW",1.47504149692529,0.563733382957824,TRUE
"Mb-960_20","Aber-2015","FW",2.52810190155644,0.796505813403585,TRUE
"Mb-974_19","Aber-2015","FW",2.59143181200946,0.468528399957773,TRUE
"Mb-99","Aber-2015","FW",1.19132633776912,0.572365470513054,TRUE
"Mb-104","Aber-2015","FW",0.746395348440008,0.470521910262809,TRUE
"Mb-1086_54","Aber-2015","FW",5.42787502273061,0.465302333148064,TRUE
"Mb-1130_51","Aber-2015","FW",1.89872581798422,0.472027090868587,TRUE
"Mb-1132_52","Aber-2015","FW",1.63584052591559,0.466694365772999,TRUE
"Mb-147","Aber-2015","FW",0.795664069399304,0.468242854827024,TRUE
"Mb-148","Aber-2015","FW",2.65655040442849,0.468351400661432,TRUE
"Mb-1485_42","Aber-2015","FW",4.45198109295904,0.468439891201014,TRUE
"Mb-1486_1","Aber-2015","FW",4.50432917047318,0.470447797632585,TRUE
"Mb-149","Aber-2015","FW",1.62327225005034,0.41217796351782,TRUE
"Mb-188","Aber-2015","FW",3.94673830441113,0.567330544220712,TRUE
"Mb-307","Aber-2015","FW",5.2621776676472,0.566153386817364,TRUE
"Mb-308","Aber-2015","FW",0.469605429666997,0.469507823209985,TRUE
"Mb-309","Aber-2015","FW",1.14893098458139,0.468717522659449,TRUE
"Mb-310","Aber-2015","FW",4.80464206615165,0.79457911313487,TRUE
"Mb-72","Aber-2015","FW",1.8436769329645,0.483855195746166,TRUE
"Mx-1548_12","Aber-2015","FW",0.91710421404771,0.568171353040193,TRUE
"Mx-1915_12","Aber-2015","FW",1.79505373899716,0.467618955662662,TRUE
"Mx-1932_13","Aber-2015","FW",2.22451571101633,0.470802922537137,TRUE
"Mx-1933_11","Aber-2015","FW",2.20259568654903,0.466958880972943,TRUE
"Mx-1956_15","Aber-2015","FW",2.2774826367439,0.468723329572719,TRUE
"Mx-2446_1","Aber-2015","FW",3.87303323058719,0.574494306144375,TRUE
"Mx-437_90","Aber-2015","FW",3.43953933206818,0.473087671429995,TRUE
"Mb-1037_52","Aber-2015","MC",15.0152421019751,7.9102107271143,TRUE
"Mb-1040_17","Aber-2015","MC",29.2407830518023,5.79588004371471,TRUE
"Mb-1043_32","Aber-2015","MC",26.7527033893456,4.89702598811218,TRUE
"Mb-1044_50","Aber-2015","MC",23.6114236281334,7.91166377054348,TRUE
"Mb-1056_31","Aber-2015","MC",19.1703291629216,4.8892994922221,TRUE
"Mb-1067_18","Aber-2015","MC",33.3234427587695,5.79634762025169,TRUE
"Mb-1155_33","Aber-2015","MC",36.5792927080002,5.80385226315905,TRUE
"Mb-1162_20","Aber-2015","MC",16.5712135670782,4.89609325180624,TRUE
"Mb-1261_15","Aber-2015","MC",17.1439573732431,5.79464123803028,TRUE
"Mb-1353_14","Aber-2015","MC",28.8802536243382,4.89469926020205,TRUE
"Mb-140","Aber-2015","MC",19.8432298412618,5.79824426577688,TRUE
"Mb-142","Aber-2015","MC",21.2062859325167,4.89293344913502,TRUE
"Mb-144","Aber-2015","MC",23.0971349223697,5.7984935605664,TRUE
"Mb-146","Aber-2015","MC",42.006711103395,4.89751901348238,TRUE
"Mb-166","Aber-2015","MC",50.259764339194,4.88619873400617,TRUE
"Mb-177","Aber-2015","MC",17.7095259057262,4.89708058403522,TRUE
"Mb-226","Aber-2015","MC",36.4665229461734,5.79287781930763,TRUE
"Mb-272","Aber-2015","MC",25.6501480387928,5.79615000550633,TRUE
"Mb-297","Aber-2015","MC",30.0977212162724,5.80282757288824,TRUE
"Mb-353","Aber-2015","MC",17.9226298097229,7.92594490726427,TRUE
"Mb-383_1","Aber-2015","MC",26.0009321039825,4.89498010143623,TRUE
"Mb-391","Aber-2015","MC",19.5455581981746,4.89435567277609,TRUE
"Mb-393_1","Aber-2015","MC",20.5038078204641,5.80411060399074,TRUE
"Mb-397","Aber-2015","MC",29.0152689162234,5.79495761762269,TRUE
"Mb-399","Aber-2015","MC",26.3769578538725,5.79157567464129,TRUE
"Mb-401","Aber-2015","MC",19.7218247443736,7.90936877018167,TRUE
"Mb-411","Aber-2015","MC",26.1439906860476,4.89412660918915,TRUE
"Mb-416","Aber-2015","MC",23.5243498348297,5.80044125986976,TRUE
"Mb-425_1","Aber-2015","MC",18.1812926806426,4.89317955576058,TRUE
"Mb-427_1","Aber-2015","MC",24.296735125001,4.89553593014715,TRUE
"Mb-431_1","Aber-2015","MC",26.1615921475829,5.79603418490914,TRUE
"Mb-485_1","Aber-2015","MC",33.4784379763681,4.8903193707677,TRUE
"Mb-486","Aber-2015","MC",18.3095005735552,5.79974113244258,TRUE
"Mb-488_15","Aber-2015","MC",23.7625416641864,5.79776855650391,TRUE
"Mb-490_10","Aber-2015","MC",30.4490465990343,4.89178330284725,TRUE
"Mb-494_1","Aber-2015","MC",21.5465419566571,4.89336786458315,TRUE
"Mb-498_1","Aber-2015","MC",50.2544280463909,4.94521782864718,TRUE
"Mb-502_1","Aber-2015","MC",41.5107035648242,4.89284161779175,TRUE
"Mb-505_1","Aber-2015","MC",36.2698151049476,4.89302796801442,TRUE
"Mb-508","Aber-2015","MC",26.8581896562309,4.89359658385075,TRUE
"Mb-628_1","Aber-2015","MC",23.1926879307599,4.8955712020404,TRUE
"Mb-76","Aber-2015","MC",32.6671806735374,5.79657642125812,TRUE
"Mb-770_18","Aber-2015","MC",18.3193087363789,5.80679503662627,TRUE
"Mb-779_14","Aber-2015","MC",33.0009022083188,4.89494285814294,TRUE
"Mb-787_13","Aber-2015","MC",32.1452183288492,5.79467228425563,TRUE
"Mb-810_11","Aber-2015","MC",18.6455689244056,4.89028037762615,TRUE
"Mb-819_19","Aber-2015","MC",27.0482927189484,4.89780000713833,TRUE
"Mb-884_1","Aber-2015","MC",25.4538962459961,4.88937228423665,TRUE
"Mb-913_17","Aber-2015","MC",20.0279054494628,4.89474000730814,TRUE
"Mb-94","Aber-2015","MC",28.4696602065009,5.80496369472758,TRUE
"Mb-956_19","Aber-2015","MC",22.6726355725669,4.88710604329307,TRUE
"Mb-958_19","Aber-2015","MC",26.9667899263655,7.92904974520726,TRUE
"Mb-961_16","Aber-2015","MC",18.8512195561612,5.80309598583406,TRUE
"Mb-965_15","Aber-2015","MC",24.1197319081535,4.89261617362001,TRUE
"Mb-969_18","Aber-2015","MC",33.3607170741678,4.88659181071603,TRUE
"Mx-2470_5","Aber-2015","MC",19.1770231169976,5.79151358208828,TRUE
"Mb-102","Aber-2015","MC",40.359056286093,4.89868399572785,TRUE
"Mb-109","Aber-2015","MC",40.2408224497639,5.80101453928027,TRUE
"Mb-110","Aber-2015","MC",43.6937244580463,4.89395568441915,TRUE
"Mb-111","Aber-2015","MC",23.1735935594817,4.8873778637336,TRUE
"Mb-113","Aber-2015","MC",28.4666006779557,5.79742086790965,TRUE
"Mb-1139_19","Aber-2015","MC",46.4666611512624,4.89961107696548,TRUE
"Mb-1147_12","Aber-2015","MC",26.8852418985046,4.88998597300747,TRUE
"Mb-115","Aber-2015","MC",36.383120390944,5.79887225313463,TRUE
"Mb-1153_20","Aber-2015","MC",49.6723416489636,5.79597293466711,TRUE
"Mb-1156_13","Aber-2015","MC",54.138647999014,4.89348577028517,TRUE
"Mb-1182_16","Aber-2015","MC",63.2495315710662,7.90452037407502,TRUE
"Mb-1205_12","Aber-2015","MC",23.4284451145024,4.89149776160699,TRUE
"Mb-1231_18","Aber-2015","MC",49.1791946334254,5.79181907682897,TRUE
"Mb-1238_1","Aber-2015","MC",32.5391877247326,4.89315132350451,TRUE
"Mb-14","Aber-2015","MC",29.505420712171,5.79132915146599,TRUE
"Mb-167","Aber-2015","MC",50.8981702657011,4.88778580450742,TRUE
"Mb-2","Aber-2015","MC",18.795894624265,5.79374522153738,TRUE
"Mb-221","Aber-2015","MC",46.9988142075614,5.79918075303142,TRUE
"Mb-229","Aber-2015","MC",26.6327699547099,5.80330876032377,TRUE
"Mb-255","Aber-2015","MC",23.6701445210909,4.89777552187774,TRUE
"Mb-3","Aber-2015","MC",40.850983996758,4.89302504546858,TRUE
"Mb-306","Aber-2015","MC",27.8099773965349,4.89669256711329,TRUE
"Mb-31","Aber-2015","MC",19.9988999967165,5.79573813305343,TRUE
"Mb-35","Aber-2015","MC",22.9900257752096,5.79621066345427,TRUE
"Mb-37","Aber-2015","MC",53.650310607026,7.91574388981734,TRUE
"Mb-434_1","Aber-2015","MC",27.1440116362382,5.80197752424385,TRUE
"Mb-526_13","Aber-2015","MC",18.6607400239317,5.80353492749714,TRUE
"Mb-527_1","Aber-2015","MC",16.6810183574339,5.78566359029053,TRUE
"Mb-533_1","Aber-2015","MC",31.7351069966429,4.88963718284137,TRUE
"Mb-539_1","Aber-2015","MC",21.5069444847595,4.89131102513095,TRUE
"Mb-585_1","Aber-2015","MC",23.4284516847527,7.9102108789868,TRUE
"Mb-70","Aber-2015","MC",48.1994222314093,7.90789615741755,TRUE
"Mb-74","Aber-2015","MC",31.9306986166083,4.89459373848206,TRUE
"Mb-851_1","Aber-2015","MC",28.9290021647938,7.9224157853321,TRUE
"Mb-86","Aber-2015","MC",34.7913076806091,5.7987645680323,TRUE
"Mb-893_11","Aber-2015","MC",51.8856411922476,5.8070817986477,TRUE
"Mb-9","Aber-2015","MC",19.0273348925064,4.93810037293038,TRUE
"Mb-910_11","Aber-2015","MC",39.773683900224,5.80121341338431,TRUE
"Mb-914_13","Aber-2015","MC",50.0459211920605,5.79458251118758,TRUE
"Mb-928_18","Aber-2015","MC",50.9692271816465,4.8948546749924,TRUE
"Mb-930","Aber-2015","MC",56.8829554562446,5.79184701650878,TRUE
"Mb-931_12","Aber-2015","MC",44.0920994808586,5.80320453377042,TRUE
"Mb-933_11","Aber-2015","MC",43.1602512385926,5.79777795830549,TRUE
"Mb-935_13","Aber-2015","MC",28.5453816304574,5.79000180215514,TRUE
"Mb-960_20","Aber-2015","MC",50.7223005614814,7.92272181543078,TRUE
"Mb-974_19","Aber-2015","MC",34.3025893607617,4.89178100975847,TRUE
"Mb-99","Aber-2015","MC",39.5619615076147,5.80761423058136,TRUE
"Mb-104","Aber-2015","MC",24.7115624887632,4.8959366779219,TRUE
"Mb-1086_54","Aber-2015","MC",36.7398118397503,4.88683168893018,TRUE
"Mb-1130_51","Aber-2015","MC",22.0989663015341,4.89882096079042,TRUE
"Mb-1132_52","Aber-2015","MC",23.6841336798937,4.88843101193893,TRUE
"Mb-147","Aber-2015","MC",26.8524527795388,4.8918533124901,TRUE
"Mb-148","Aber-2015","MC",26.2196331755605,4.89193873945488,TRUE
"Mb-1485_42","Aber-2015","MC",25.5102902835789,4.89265837152399,TRUE
"Mb-1486_1","Aber-2015","MC",26.2269192585842,4.89586935407812,TRUE
"Mb-149","Aber-2015","MC",26.8801929782956,4.3813651826233,TRUE
"Mb-188","Aber-2015","MC",26.3039624320681,5.79824802875034,TRUE
"Mb-307","Aber-2015","MC",22.7343364231201,5.7934236687831,TRUE
"Mb-308","Aber-2015","MC",53.266734134504,5.80324011005838,TRUE
"Mb-309","Aber-2015","MC",48.0346721724601,4.8926854346258,TRUE
"Mb-310","Aber-2015","MC",44.467610818321,7.91968396262897,TRUE
"Mb-72","Aber-2015","MC",46.9818281054488,4.95259707197793,TRUE
"Mx-1548_12","Aber-2015","MC",30.5190813647135,5.79738399706617,TRUE
"Mx-1915_12","Aber-2015","MC",29.4396834086352,4.8907378143236,TRUE
"Mx-1932_13","Aber-2015","MC",25.2302435255713,4.89632054763435,TRUE
"Mx-1933_11","Aber-2015","MC",20.0625880681168,4.88946663074676,TRUE
"Mx-1956_15","Aber-2015","MC",22.1571118957105,4.89192790604755,TRUE
"Mx-2446_1","Aber-2015","MC",46.5719919947669,5.81113461490202,TRUE
"Mx-437_90","Aber-2015","MC",27.3591344109386,4.89992081785014,TRUE
"Mb-1040_17","Aber-2016","DM",0.824803388962008,0.864338766482024,TRUE
"Mb-1043_32","Aber-2016","DM",0.327377781322585,0.62942269348124,TRUE
"Mb-1044_50","Aber-2016","DM",0.621972271859697,0.862453147946942,TRUE
"Mb-1056_31","Aber-2016","DM",0.406944878567372,0.516958555601489,TRUE
"Mb-1067_18","Aber-2016","DM",1.51706042012429,0.621709260644186,TRUE
"Mb-1155_33","Aber-2016","DM",0.0640786867096052,0.622730716712897,TRUE
"Mb-1162_20","Aber-2016","DM",2.34949062499036,0.621693127895861,TRUE
"Mb-1261_15","Aber-2016","DM",1.86462884150795,0.864143065271334,TRUE
"Mb-1353_14","Aber-2016","DM",3.5473578478438,0.621864723625696,TRUE
"Mb-140","Aber-2016","DM",1.58827482417662,0.621772694058016,TRUE
"Mb-142","Aber-2016","DM",1.65142588803334,0.517078760140773,TRUE
"Mb-144","Aber-2016","DM",1.76233950119648,0.862546490704268,TRUE
"Mb-146","Aber-2016","DM",0.425440131243655,0.517301159109349,TRUE
"Mb-166","Aber-2016","DM",1.0098583336621,0.622155294594672,TRUE
"Mb-177","Aber-2016","DM",1.60220989006842,0.520510877787656,TRUE
"Mb-226","Aber-2016","DM",1.60539281382781,0.863422890086869,TRUE
"Mb-272","Aber-2016","DM",2.00341490132663,0.864265510481679,TRUE
"Mb-297","Aber-2016","DM",0.505778304508771,0.622382654025169,TRUE
"Mb-383_1","Aber-2016","DM",0.710117615796677,0.52073002417158,TRUE
"Mb-391","Aber-2016","DM",0.0886491907414335,0.517561424629098,TRUE
"Mb-393_1","Aber-2016","DM",0.566842822005456,0.621138636305845,TRUE
"Mb-397","Aber-2016","DM",0.647471719940613,0.622363893388169,TRUE
"Mb-411","Aber-2016","DM",0.82385283768438,0.621545031884303,TRUE
"Mb-416","Aber-2016","DM",0.048945381803818,0.622420999010834,TRUE
"Mb-425_1","Aber-2016","DM",0.775633770972684,0.621775502565414,TRUE
"Mb-427_1","Aber-2016","DM",0.785270421988301,0.621852010872534,TRUE
"Mb-431_1","Aber-2016","DM",0.631756015227498,0.622161890661874,TRUE
"Mb-485_1","Aber-2016","DM",1.2071185663213,0.520764354108093,TRUE
"Mb-486","Aber-2016","DM",1.62218165019069,0.862597834831484,TRUE
"Mb-488_15","Aber-2016","DM",2.10626253548869,0.629076501274565,TRUE
"Mb-490_10","Aber-2016","DM",0.371339355477237,0.862546491573025,TRUE
"Mb-494_1","Aber-2016","DM",0.557110899522694,0.8629938344224,TRUE
"Mb-498_1","Aber-2016","DM",0.33510461797823,0.517097209786372,TRUE
"Mb-502_1","Aber-2016","DM",0.919953443448146,0.517083551410348,TRUE
"Mb-505_1","Aber-2016","DM",1.26335556518558,0.517112207927281,TRUE
"Mb-508","Aber-2016","DM",0.422512307486957,0.863645086813993,TRUE
"Mb-628_1","Aber-2016","DM",0.104020800142203,0.51757648785896,TRUE
"Mb-76","Aber-2016","DM",0.0911359360004605,0.622064547624865,TRUE
"Mb-770_18","Aber-2016","DM",0.76144006097517,0.621848115975031,TRUE
"Mb-779_14","Aber-2016","DM",0.161507502843071,0.517463038053492,TRUE
"Mb-787_13","Aber-2016","DM",0.662002914372654,0.621976263299678,TRUE
"Mb-810_11","Aber-2016","DM",0.52328803882059,0.621221535269274,TRUE
"Mb-819_19","Aber-2016","DM",0.330916410977668,0.517051519812372,TRUE
"Mb-884_1","Aber-2016","DM",0.154352485377847,0.517523910402789,TRUE
"Mb-913_17","Aber-2016","DM",2.25782174382864,0.521022076181775,TRUE
"Mb-94","Aber-2016","DM",0.150713934510823,0.621844430523513,TRUE
"Mb-956_19","Aber-2016","DM",2.10633524208472,0.622171300728964,TRUE
"Mb-958_19","Aber-2016","DM",0.31821182230683,0.86251463945412,TRUE
"Mb-961_16","Aber-2016","DM",2.0563209554134,0.621805343822938,TRUE
"Mb-965_15","Aber-2016","DM",1.33887372620273,0.621683890481907,TRUE
"Mb-969_18","Aber-2016","DM",2.31518157168084,0.862597832409189,TRUE
"Mx-2470_5","Aber-2016","DM",3.22025602319652,0.622161889293547,TRUE
"Mb-102","Aber-2016","DM",1.2017811041705,0.517168899882821,TRUE
"Mb-109","Aber-2016","DM",1.73143882208516,0.62161329616546,TRUE
"Mb-110","Aber-2016","DM",0.179345618926172,0.517495657400243,TRUE
"Mb-111","Aber-2016","DM",0.201933736954384,0.517492278535429,TRUE
"Mb-113","Aber-2016","DM",1.96636838709118,0.622234989193173,TRUE
"Mb-1139_19","Aber-2016","DM",0.982087544663617,0.517576487983853,TRUE
"Mb-1147_12","Aber-2016","DM",1.87028738421162,0.521033955653148,TRUE
"Mb-115","Aber-2016","DM",0.816494467683019,0.622170785929374,TRUE
"Mb-1153_20","Aber-2016","DM",3.90697772669287,0.621668768786679,TRUE
"Mb-1156_13","Aber-2016","DM",2.87784957915505,0.517314117793353,TRUE
"Mb-1182_16","Aber-2016","DM",2.98044002399577,0.863014017088646,TRUE
"Mb-1205_12","Aber-2016","DM",2.59623017288728,0.516941006946158,TRUE
"Mb-1231_18","Aber-2016","DM",3.33887369590645,0.621683890365165,TRUE
"Mb-1238_1","Aber-2016","DM",0.495300314256931,0.517505434207503,TRUE
"Mb-14","Aber-2016","DM",0.847345170201064,0.622691144999718,TRUE
"Mb-167","Aber-2016","DM",0.967617390403288,0.51708917584051,TRUE
"Mb-2","Aber-2016","DM",2.656705279547,0.621582233143177,TRUE
"Mb-221","Aber-2016","DM",0.947438212640501,0.863436873833976,TRUE
"Mb-229","Aber-2016","DM",0.202914211082249,0.517497325234268,TRUE
"Mb-255","Aber-2016","DM",0.511566320022656,0.621711512246778,TRUE
"Mb-3","Aber-2016","DM",0.826460826010492,0.517625676428121,TRUE
"Mb-306","Aber-2016","DM",1.5804507547172,0.517443308445199,TRUE
"Mb-31","Aber-2016","DM",0.477513103769048,0.621823312696201,TRUE
"Mb-35","Aber-2016","DM",0.0883332521312861,0.622542530366352,TRUE
"Mb-37","Aber-2016","DM",1.31918621600617,0.86299909393089,TRUE
"Mb-434_1","Aber-2016","DM",1.70625607490446,0.622161890725581,TRUE
"Mb-526_13","Aber-2016","DM",0.808307371136473,0.621428996925313,TRUE
"Mb-527_1","Aber-2016","DM",0.989255882502648,0.622088954180704,TRUE
"Mb-533_1","Aber-2016","DM",0.579316102483956,0.517471987050222,TRUE
"Mb-539_1","Aber-2016","DM",0.10779410300087,0.517625676127286,TRUE
"Mb-585_1","Aber-2016","DM",1.71620012150059,0.863177911609972,TRUE
"Mb-70","Aber-2016","DM",0.0492409778970487,0.86316381940978,TRUE
"Mb-74","Aber-2016","DM",0.401243591752455,0.517207979297387,TRUE
"Mb-851_1","Aber-2016","DM",0.287288747576759,0.862822726484817,TRUE
"Mb-86","Aber-2016","DM",1.9701930385897,0.622080182441945,TRUE
"Mb-893_11","Aber-2016","DM",3.94349162544395,0.622181957993083,TRUE
"Mb-9","Aber-2016","DM",0.689862155350065,0.517036805487947,TRUE
"Mb-910_11","Aber-2016","DM",3.70799164316172,0.622181957807707,TRUE
"Mb-914_13","Aber-2016","DM",0.530176736812076,0.621430414826314,TRUE
"Mb-928_18","Aber-2016","DM",2.07629049395415,0.516755166349131,TRUE
"Mb-930","Aber-2016","DM",1.84659132239022,0.621681754839928,TRUE
"Mb-931_12","Aber-2016","DM",2.47821700279249,0.622260686185915,TRUE
"Mb-933_11","Aber-2016","DM",3.20916813200963,0.621456903520792,TRUE
"Mb-935_13","Aber-2016","DM",1.98944918974888,0.621816052237171,TRUE
"Mb-960_20","Aber-2016","DM",1.37652866216992,0.864231793755006,TRUE
"Mb-974_19","Aber-2016","DM",2.39305079655773,0.517205117092803,TRUE
"Mb-99","Aber-2016","DM",1.43847056018218,0.622143241383623,TRUE
"Mb-104","Aber-2016","DM",1.59064770632323,0.517244878606473,TRUE
"Mb-1086_54","Aber-2016","DM",4.89277354192891,0.517044639275024,TRUE
"Mb-1130_51","Aber-2016","DM",3.36448973010335,0.521164228279877,TRUE
"Mb-1132_52","Aber-2016","DM",1.07022420466007,0.517064806595147,TRUE
"Mb-147","Aber-2016","DM",1.21856679209336,0.520228848064028,TRUE
"Mb-148","Aber-2016","DM",2.37670286806836,0.517128054033502,TRUE
"Mb-1485_42","Aber-2016","DM",4.11863448885846,0.517132977551048,TRUE
"Mb-1486_1","Aber-2016","DM",3.53464512259862,0.517241825288618,TRUE
"Mb-149","Aber-2016","DM",2.70735907160143,0.458831414673411,TRUE
"Mb-188","Aber-2016","DM",5.00043501185525,0.622355930477566,TRUE
"Mb-307","Aber-2016","DM",5.0924637219537,0.622097797499935,TRUE
"Mb-308","Aber-2016","DM",0.771030677093657,0.521235938304824,TRUE
"Mb-309","Aber-2016","DM",1.62846041750094,0.520530396440652,TRUE
"Mb-310","Aber-2016","DM",2.34829084657191,0.621755036418554,TRUE
"Mb-72","Aber-2016","DM",0.968776068771095,0.521162473077525,TRUE
"Mx-1548_12","Aber-2016","DM",0.851941692181644,0.621496137876094,TRUE
"Mx-1915_12","Aber-2016","DM",1.32554754535522,0.520618462130842,TRUE
"Mx-1932_13","Aber-2016","DM",2.45978107178503,0.517168900237438,TRUE
"Mx-1933_11","Aber-2016","DM",1.34044028909674,0.517123516287013,TRUE
"Mx-1956_15","Aber-2016","DM",2.13243856824873,0.517320374478791,TRUE
"Mx-2446_1","Aber-2016","DM",3.05445267168177,0.622186810791668,TRUE
"Mx-437_90","Aber-2016","DM",2.55779725912381,0.517038263085805,TRUE
"Mb-1040_17","Aber-2016","FW",1.08918981962735,1.26841727739332,TRUE
"Mb-1043_32","Aber-2016","FW",0.377647540502323,0.930217338539262,TRUE
"Mb-1044_50","Aber-2016","FW",0.775631424434075,1.26425299867611,TRUE
"Mb-1056_31","Aber-2016","FW",0.448940022820642,0.761184707128902,TRUE
"Mb-1067_18","Aber-2016","FW",2.49339258253686,0.913635075330814,TRUE
"Mb-1155_33","Aber-2016","FW",0.118447444025094,0.916296234089308,TRUE
"Mb-1162_20","Aber-2016","FW",2.88366757681965,0.913521391707022,TRUE
"Mb-1261_15","Aber-2016","FW",2.27285956654338,1.26871762606234,TRUE
"Mb-1353_14","Aber-2016","FW",4.68489686996162,0.913732013347032,TRUE
"Mb-140","Aber-2016","FW",2.20666676611859,0.913678746965137,TRUE
"Mb-142","Aber-2016","FW",2.02455250646471,0.76153481299281,TRUE
"Mb-144","Aber-2016","FW",2.3310862100343,1.26438127354223,TRUE
"Mb-146","Aber-2016","FW",0.600089173698651,0.762155913686632,TRUE
"Mb-166","Aber-2016","FW",1.72795553701431,0.914679893070321,TRUE
"Mb-177","Aber-2016","FW",1.99972235032503,0.768348998560374,TRUE
"Mb-226","Aber-2016","FW",2.18957256921985,1.26705143923673,TRUE
"Mb-272","Aber-2016","FW",2.44669729644502,1.26905755225186,TRUE
"Mb-297","Aber-2016","FW",0.619660639583359,0.915197641333739,TRUE
"Mb-383_1","Aber-2016","FW",0.929786957091501,0.768965297432642,TRUE
"Mb-391","Aber-2016","FW",0.125998061854122,0.762935168071083,TRUE
"Mb-393_1","Aber-2016","FW",0.838106443159431,0.912137268300648,TRUE
"Mb-397","Aber-2016","FW",0.855811742641202,0.91500658670627,TRUE
"Mb-411","Aber-2016","FW",1.07277957901234,0.913037389627246,TRUE
"Mb-416","Aber-2016","FW",0.0559972619788119,0.915601466980481,TRUE
"Mb-425_1","Aber-2016","FW",1.08881764840821,0.913852638792624,TRUE
"Mb-427_1","Aber-2016","FW",1.0334828829481,0.913872907767863,TRUE
"Mb-431_1","Aber-2016","FW",0.770878355620162,0.914681584625734,TRUE
"Mb-485_1","Aber-2016","FW",1.55131961832128,0.769059016934282,TRUE
"Mb-486","Aber-2016","FW",2.03213243742037,1.26423477157951,TRUE
"Mb-488_15","Aber-2016","FW",2.75689286471303,0.929082103598112,TRUE
"Mb-490_10","Aber-2016","FW",0.376086041353317,1.26438127485466,TRUE
"Mb-494_1","Aber-2016","FW",0.635692201922403,1.26554470386707,TRUE
"Mb-498_1","Aber-2016","FW",0.533458496477154,0.761573303807563,TRUE
"Mb-502_1","Aber-2016","FW",1.39695303477549,0.761529322370537,TRUE
"Mb-505_1","Aber-2016","FW",1.7256790656805,0.761642499663437,TRUE
"Mb-508","Aber-2016","FW",0.628628102988493,1.2670766353701,TRUE
"Mb-628_1","Aber-2016","FW",0.154361356377076,0.762978101399837,TRUE
"Mb-76","Aber-2016","FW",0.0961304395764716,0.914770021192872,TRUE
"Mb-770_18","Aber-2016","FW",0.994656856839538,0.91394882669728,TRUE
"Mb-779_14","Aber-2016","FW",0.210716995321593,0.762644811540003,TRUE
"Mb-787_13","Aber-2016","FW",0.85634503092511,0.91439407137139,TRUE
"Mb-810_11","Aber-2016","FW",0.77113083525711,0.912396841821542,TRUE
"Mb-819_19","Aber-2016","FW",0.403623628244135,0.761446379560414,TRUE
"Mb-884_1","Aber-2016","FW",0.1968667693395,0.762830150616042,TRUE
"Mb-913_17","Aber-2016","FW",2.87361789869801,0.76982160969963,TRUE
"Mb-94","Aber-2016","FW",0.256570107665096,0.913868928238502,TRUE
"Mb-956_19","Aber-2016","FW",2.73851127594529,0.914760375206208,TRUE
"Mb-958_19","Aber-2016","FW",0.264713398506084,1.26424691261609,TRUE
"Mb-961_16","Aber-2016","FW",2.51999358339057,0.913736840351307,TRUE
"Mb-965_15","Aber-2016","FW",1.72793450504575,0.91344485585957,TRUE
"Mb-969_18","Aber-2016","FW",2.99413234522414,1.26423476804712,TRUE
"Mx-2470_5","Aber-2016","FW",4.01437835399475,0.914681582304032,TRUE
"Mb-102","Aber-2016","FW",1.85212469179832,0.761775710924099,TRUE
"Mb-109","Aber-2016","FW",2.58885811652647,0.913363067251675,TRUE
"Mb-110","Aber-2016","FW",0.330675221997714,0.762745612302455,TRUE
"Mb-111","Aber-2016","FW",0.282776682303042,0.762730564930493,TRUE
"Mb-113","Aber-2016","FW",2.68447684675718,0.914904168962745,TRUE
"Mb-1139_19","Aber-2016","FW",1.6333614519939,0.762978101636569,TRUE
"Mb-1147_12","Aber-2016","FW",2.46037604760162,0.769845195376552,TRUE
"Mb-115","Aber-2016","FW",1.05226199469117,0.914771762820783,TRUE
"Mb-1153_20","Aber-2016","FW",7.40469584340091,0.913500978145091,TRUE
"Mb-1156_13","Aber-2016","FW",5.59922039860234,0.762200781521083,TRUE
"Mb-1182_16","Aber-2016","FW",6.13095352516178,1.26601827631375,TRUE
"Mb-1205_12","Aber-2016","FW",4.0853408811851,0.761141002547006,TRUE
"Mb-1231_18","Aber-2016","FW",5.69443444925811,0.913444855738073,TRUE
"Mb-1238_1","Aber-2016","FW",0.700301230760958,0.762767705198966,TRUE
"Mb-14","Aber-2016","FW",1.15460112359835,0.91630390125417,TRUE
"Mb-167","Aber-2016","FW",1.81905168252761,0.761560919667,TRUE
"Mb-2","Aber-2016","FW",3.66699769885753,0.913214350675637,TRUE
"Mb-221","Aber-2016","FW",1.34436381297629,1.26599659810047,TRUE
"Mb-229","Aber-2016","FW",0.284172259683939,0.762746995845955,TRUE
"Mb-255","Aber-2016","FW",0.784969861759714,0.913720577084349,TRUE
"Mb-3","Aber-2016","FW",1.27338297751933,0.763128057246579,TRUE
"Mb-306","Aber-2016","FW",2.11097988432476,0.762579867195543,TRUE
"Mb-31","Aber-2016","FW",0.690645313133846,0.913910566352875,TRUE
"Mb-35","Aber-2016","FW",0.101239619790608,0.915817947198589,TRUE
"Mb-37","Aber-2016","FW",2.51577019037819,1.26540560102664,TRUE
"Mb-434_1","Aber-2016","FW",2.11637838298721,0.91468158460329,TRUE
"Mb-526_13","Aber-2016","FW",1.0663862150936,0.91289437939757,TRUE
"Mb-527_1","Aber-2016","FW",1.19368302497035,0.914417930312807,TRUE
"Mb-533_1","Aber-2016","FW",0.78694038027681,0.762672186878165,TRUE
"Mb-539_1","Aber-2016","FW",0.131716237384728,0.763128056685672,TRUE
"Mb-585_1","Aber-2016","FW",2.17581483652256,1.26621080442008,TRUE
"Mb-70","Aber-2016","FW",0.159199743633871,1.26616309476192,TRUE
"Mb-74","Aber-2016","FW",0.504284244490807,0.761891828039321,TRUE
"Mb-851_1","Aber-2016","FW",0.417945429423811,1.26551328623022,TRUE
"Mb-86","Aber-2016","FW",2.91379232562305,0.914472283505405,TRUE
"Mb-893_11","Aber-2016","FW",7.46546253984883,0.914877710153272,TRUE
"Mb-9","Aber-2016","FW",0.902231012033818,0.761403241198052,TRUE
"Mb-910_11","Aber-2016","FW",6.50346257765313,0.914877709620262,TRUE
"Mb-914_13","Aber-2016","FW",1.03234019412197,0.912840283941012,TRUE
"Mb-928_18","Aber-2016","FW",3.49332754934675,0.760637379004695,TRUE
"Mb-930","Aber-2016","FW",3.29025722788387,0.913367500126124,TRUE
"Mb-931_12","Aber-2016","FW",3.53706014807076,0.914984982638003,TRUE
"Mb-933_11","Aber-2016","FW",5.32300571514604,0.913075975406502,TRUE
"Mb-935_13","Aber-2016","FW",2.90691463564422,0.913741827773936,TRUE
"Mb-960_20","Aber-2016","FW",2.70303550201571,1.26874438670139,TRUE
"Mb-974_19","Aber-2016","FW",3.58665746056886,0.761882527126265,TRUE
"Mb-99","Aber-2016","FW",2.08172792590572,0.914722755845036,TRUE
"Mb-104","Aber-2016","FW",2.24495323461364,0.761995151161928,TRUE
"Mb-1086_54","Aber-2016","FW",7.88080708858292,0.761424656994436,TRUE
"Mb-1130_51","Aber-2016","FW",4.83131247192759,0.770271103809476,TRUE
"Mb-1132_52","Aber-2016","FW",1.42309655770694,0.76149565069208,TRUE
"Mb-147","Aber-2016","FW",1.63046145891236,0.767575114925533,TRUE
"Mb-148","Aber-2016","FW",3.55614717850246,0.761656478502821,TRUE
"Mb-1485_42","Aber-2016","FW",6.13700508570421,0.761686012495494,TRUE
"Mb-1486_1","Aber-2016","FW",5.05207063908094,0.761994372145101,TRUE
"Mb-149","Aber-2016","FW",3.63704545816655,0.677948185221333,TRUE
"Mb-188","Aber-2016","FW",7.08261358739872,0.915183025448468,TRUE
"Mb-307","Aber-2016","FW",7.09550648726076,0.914530736644052,TRUE
"Mb-308","Aber-2016","FW",1.18292976390423,0.770450729139228,TRUE
"Mb-309","Aber-2016","FW",2.4181138883526,0.768400002336494,TRUE
"Mb-310","Aber-2016","FW",3.70296027089983,0.91363906427806,TRUE
"Mb-72","Aber-2016","FW",1.65032505369842,0.770221266129314,TRUE
"Mx-1548_12","Aber-2016","FW",1.01966598569619,0.913075393106756,TRUE
"Mx-1915_12","Aber-2016","FW",1.75088462199297,0.768658752719115,TRUE
"Mx-1932_13","Aber-2016","FW",3.39179131419219,0.761775711570816,TRUE
"Mx-1933_11","Aber-2016","FW",1.81053327072907,0.761660709051381,TRUE
"Mx-1956_15","Aber-2016","FW",2.71631563862891,0.762225282719464,TRUE
"Mx-2446_1","Aber-2016","FW",5.51076099512335,0.914630866464376,TRUE
"Mx-437_90","Aber-2016","FW",3.48580483783117,0.761402658901176,TRUE
"Mb-1040_17","Aber-2016","MC",28.1842346415391,5.65901315689722,TRUE
"Mb-1043_32","Aber-2016","MC",21.5152341965602,4.41448496785226,TRUE
"Mb-1044_50","Aber-2016","MC",15.4548375446392,5.56176790018152,TRUE
"Mb-1056_31","Aber-2016","MC",18.5889678607567,3.38269879114734,TRUE
"Mb-1067_18","Aber-2016","MC",42.8119451961738,4.05977212841554,TRUE
"Mb-1155_33","Aber-2016","MC",32.1930130142208,4.18078867233658,TRUE
"Mb-1162_20","Aber-2016","MC",18.1040432214711,4.04669362158668,TRUE
"Mb-1261_15","Aber-2016","MC",19.9780817094954,5.7571053017528,TRUE
"Mb-1353_14","Aber-2016","MC",19.4348855960732,4.03750100453264,TRUE
"Mb-140","Aber-2016","MC",24.9706353347747,4.05059518459263,TRUE
"Mb-142","Aber-2016","MC",16.9496053616779,3.39998866433073,TRUE
"Mb-144","Aber-2016","MC",25.6527935509211,5.56118891730251,TRUE
"Mb-146","Aber-2016","MC",28.9809411581991,3.42828826237359,TRUE
"Mb-166","Aber-2016","MC",39.8858675549505,4.08639431419444,TRUE
"Mb-177","Aber-2016","MC",20.2575802394,3.47720966412555,TRUE
"Mb-226","Aber-2016","MC",25.0245514743468,5.70002752568584,TRUE
"Mb-272","Aber-2016","MC",19.1670595832495,5.7790072589016,TRUE
"Mb-297","Aber-2016","MC",19.716549971616,4.09988219851845,TRUE
"Mb-383_1","Aber-2016","MC",29.0719284272806,3.50497605655487,TRUE
"Mb-391","Aber-2016","MC",26.0850640634397,3.49888196460162,TRUE
"Mb-393_1","Aber-2016","MC",22.2574931046526,4.00777044792743,TRUE
"Mb-397","Aber-2016","MC",27.7164884470859,4.07756653497756,TRUE
"Mb-411","Aber-2016","MC",25.0791117643301,4.02474650277683,TRUE
"Mb-416","Aber-2016","MC",25.2483518182067,4.17589010852105,TRUE
"Mb-425_1","Aber-2016","MC",28.1508902207311,4.07126627710244,TRUE
"Mb-427_1","Aber-2016","MC",21.4156992960629,4.05316309797977,TRUE
"Mb-431_1","Aber-2016","MC",23.4960314804971,4.09336243327536,TRUE
"Mb-485_1","Aber-2016","MC",26.8106771870332,3.50846010031393,TRUE
"Mb-486","Aber-2016","MC",20.956262525308,5.54047340149014,TRUE
"Mb-488_15","Aber-2016","MC",23.9941037996421,4.33561498366553,TRUE
"Mb-490_10","Aber-2016","MC",24.6527925021796,5.56118893598689,TRUE
"Mb-494_1","Aber-2016","MC",21.9544767641063,5.59500335652711,TRUE
"Mb-498_1","Aber-2016","MC",49.4017954071362,3.39893947947761,TRUE
"Mb-502_1","Aber-2016","MC",36.7362968311452,3.39522638843646,TRUE
"Mb-505_1","Aber-2016","MC",29.050822508833,3.41295504042059,TRUE
"Mb-508","Aber-2016","MC",26.8942007374081,5.6489756984387,TRUE
"Mb-628_1","Aber-2016","MC",28.6804838311484,3.50010126518031,TRUE
"Mb-76","Aber-2016","MC",31.1616292709254,4.14042720890066,TRUE
"Mb-770_18","Aber-2016","MC",19.4257595343492,4.06139897124089,TRUE
"Mb-779_14","Aber-2016","MC",24.9090007331834,3.48078270963907,TRUE
"Mb-787_13","Aber-2016","MC",25.9258103354308,4.09427214482564,TRUE
"Mb-810_11","Aber-2016","MC",23.3067815956065,4.01873280066149,TRUE
"Mb-819_19","Aber-2016","MC",18.9921106101369,3.39378727004937,TRUE
"Mb-884_1","Aber-2016","MC",19.9811613743337,3.49773144922644,TRUE
"Mb-913_17","Aber-2016","MC",21.8932240111651,3.55438969245875,TRUE
"Mb-94","Aber-2016","MC",26.2066627736907,4.06120421008005,TRUE
"Mb-956_19","Aber-2016","MC",21.1162143036601,4.0896216088865,TRUE
"Mb-958_19","Aber-2016","MC",21.1110452502673,5.55273129978846,TRUE
"Mb-961_16","Aber-2016","MC",17.5439848924781,4.04735392101482,TRUE
"Mb-965_15","Aber-2016","MC",24.7082891770449,4.04020608503074,TRUE
"Mb-969_18","Aber-2016","MC",23.9562628312354,5.54047335040352,TRUE
"Mx-2470_5","Aber-2016","MC",20.9460316383064,4.0933623816523,TRUE
"Mb-102","Aber-2016","MC",33.86299025656,3.40726491067998,TRUE
"Mb-109","Aber-2016","MC",32.967634889885,4.04274095042853,TRUE
"Mb-110","Aber-2016","MC",48.3173791979436,3.49034200001709,TRUE
"Mb-111","Aber-2016","MC",30.1907872683796,3.48609766955987,TRUE
"Mb-113","Aber-2016","MC",25.3581559932801,4.10586589812071,TRUE
"Mb-1139_19","Aber-2016","MC",43.5804834386925,3.50010127309791,TRUE
"Mb-1147_12","Aber-2016","MC",25.2834031310644,3.55248847116658,TRUE
"Mb-115","Aber-2016","MC",25.1845106798182,4.10518847096384,TRUE
"Mb-1153_20","Aber-2016","MC",47.9766704707654,4.0472188525414,TRUE
"Mb-1156_13","Aber-2016","MC",48.880379212322,3.43338153091828,TRUE
"Mb-1182_16","Aber-2016","MC",49.0913038617742,5.6617599545576,TRUE
"Mb-1205_12","Aber-2016","MC",34.4802849812744,3.38184271332713,TRUE
"Mb-1231_18","Aber-2016","MC",41.8582886573212,4.04020608562077,TRUE
"Mb-1238_1","Aber-2016","MC",28.4858814416241,3.4874051097888,TRUE
"Mb-14","Aber-2016","MC",27.2623860728892,4.2225273189592,TRUE
"Mb-167","Aber-2016","MC",41.3295635770354,3.40133094857307,TRUE
"Mb-2","Aber-2016","MC",26.0867027182229,4.03454955615627,TRUE
"Mb-221","Aber-2016","MC",30.3185679552549,5.56998918695689,TRUE
"Mb-229","Aber-2016","MC",28.8300924996267,3.48788688183236,TRUE
"Mb-255","Aber-2016","MC",22.8184019897505,4.08042058581706,TRUE
"Mb-3","Aber-2016","MC",34.3957407432666,3.51371425116305,TRUE
"Mb-306","Aber-2016","MC",25.1851458259881,3.45893114658747,TRUE
"Mb-31","Aber-2016","MC",29.0448891276012,4.06722767457809,TRUE
"Mb-35","Aber-2016","MC",24.2503643166976,4.17054202979372,TRUE
"Mb-37","Aber-2016","MC",42.8563005032851,5.57943334670406,TRUE
"Mb-434_1","Aber-2016","MC",20.6960302909103,4.09336242747426,TRUE
"Mb-526_13","Aber-2016","MC",19.4066000824982,4.03076781429778,TRUE
"Mb-527_1","Aber-2016","MC",19.2257045013711,4.06933224396235,TRUE
"Mb-533_1","Aber-2016","MC",30.6899701898848,3.48326272051273,TRUE
"Mb-539_1","Aber-2016","MC",24.7624075632481,3.5137142337983,TRUE
"Mb-585_1","Aber-2016","MC",19.9032872696991,5.63737558136129,TRUE
"Mb-70","Aber-2016","MC",41.8329096001673,5.65300538001288,TRUE
"Mb-74","Aber-2016","MC",27.1027459890476,3.41518239595569,TRUE
"Mb-851_1","Aber-2016","MC",65.6880670444774,5.65901254887557,TRUE
"Mb-86","Aber-2016","MC",30.2797933616466,4.07684634107356,TRUE
"Mb-893_11","Aber-2016","MC",47.2404111189091,4.11140911215253,TRUE
"Mb-9","Aber-2016","MC",20.4460419430312,3.39143186459028,TRUE
"Mb-910_11","Aber-2016","MC",43.3904116825334,4.11140908329143,TRUE
"Mb-914_13","Aber-2016","MC",43.5894279309942,4.02735962038367,TRUE
"Mb-928_18","Aber-2016","MC",35.0237625887776,3.36510532813004,TRUE
"Mb-930","Aber-2016","MC",43.7158178637442,4.03592034624728,TRUE
"Mb-931_12","Aber-2016","MC",29.0441890363077,4.10197056064857,TRUE
"Mb-933_11","Aber-2016","MC",35.8686116648664,4.04662194698463,TRUE
"Mb-935_13","Aber-2016","MC",24.809780197417,4.04868316554395,TRUE
"Mb-960_20","Aber-2016","MC",46.0079435238062,5.73102703744653,TRUE
"Mb-974_19","Aber-2016","MC",33.96545980495,3.41599185869481,TRUE
"Mb-99","Aber-2016","MC",27.78588268423,4.09525811633989,TRUE
"Mb-104","Aber-2016","MC",26.7009695786405,3.42025751578584,TRUE
"Mb-1086_54","Aber-2016","MC",37.1869602603974,3.39311206686806,TRUE
"Mb-1130_51","Aber-2016","MC",28.9254118874383,3.59482489329076,TRUE
"Mb-1132_52","Aber-2016","MC",20.041300730684,3.39818481522357,TRUE
"Mb-147","Aber-2016","MC",24.4675072101752,3.45012286865382,TRUE
"Mb-148","Aber-2016","MC",33.1244207765579,3.40148527565726,TRUE
"Mb-1485_42","Aber-2016","MC",31.0783412145561,3.40808900517681,TRUE
"Mb-1486_1","Aber-2016","MC",28.8563706360704,3.42475422463477,TRUE
"Mb-149","Aber-2016","MC",26.9443779869339,3.05835496766922,TRUE
"Mb-188","Aber-2016","MC",29.1341136307625,4.1076126051364,TRUE
"Mb-307","Aber-2016","MC",28.5120012309918,4.0834770942005,TRUE
"Mb-308","Aber-2016","MC",38.3193534348579,3.61390269842276,TRUE
"Mb-309","Aber-2016","MC",29.5596102345633,3.47913415313044,TRUE
"Mb-310","Aber-2016","MC",33.0295567854466,4.0579745876743,TRUE
"Mb-72","Aber-2016","MC",42.6241462129688,3.5745602200146,TRUE
"Mx-1548_12","Aber-2016","MC",21.1499833636359,4.03566320795635,TRUE
"Mx-1915_12","Aber-2016","MC",23.5957565500147,3.49360419641444,TRUE
"Mx-1932_13","Aber-2016","MC",24.7296569095757,3.4072649276216,TRUE
"Mx-1933_11","Aber-2016","MC",27.2757252217187,3.40744657397365,TRUE
"Mx-1956_15","Aber-2016","MC",24.3920990354137,3.43680208673469,TRUE
"Mx-2446_1","Aber-2016","MC",45.9054328402761,4.07840562076896,TRUE
"Mx-437_90","Aber-2016","MC",22.0901363100093,3.38991524476915,TRUE
"Mb-1037_52","Brau-2014","DM",0.277533249999998,0.0578615119736204,TRUE
"Mb-1040_17","Brau-2014","DM",0.18055295,0.0807565117382862,TRUE
"Mb-1043_32","Brau-2014","DM",0.183277745102477,0.113615223340224,TRUE
"Mb-1044_50","Brau-2014","DM",0.261619418299174,0.0664095504490769,TRUE
"Mb-1056_31","Brau-2014","DM",0.230271499999999,0.0807565117382862,TRUE
"Mb-1067_18","Brau-2014","DM",0.19456,0.0807565117382862,TRUE
"Mb-1155_33","Brau-2014","DM",0.0472864451024766,0.113615223340224,TRUE
"Mb-1162_20","Brau-2014","DM",0.5305115,0.0807565117382862,TRUE
"Mb-1261_15","Brau-2014","DM",0.416321499999999,0.0807565117382862,TRUE
"Mb-1353_14","Brau-2014","DM",0.28754625,0.0578615119736204,TRUE
"Mb-140","Brau-2014","DM",0.417542,0.0807565117382862,TRUE
"Mb-142","Brau-2014","DM",0.2962575,0.0807565117382862,TRUE
"Mb-144","Brau-2014","DM",0.310790499999999,0.0807565117382862,TRUE
"Mb-146","Brau-2014","DM",0.2881255,0.0807565117382862,TRUE
"Mb-166","Brau-2014","DM",0.121476599999999,0.0807565117382862,TRUE
"Mb-177","Brau-2014","DM",0.319826499999999,0.0807565117382862,TRUE
"Mb-226","Brau-2014","DM",0.613331999999999,0.0807565117382862,TRUE
"Mb-272","Brau-2014","DM",0.103776399999999,0.0807565117382862,TRUE
"Mb-297","Brau-2014","DM",0.100282899999999,0.0807565117382862,TRUE
"Mb-353","Brau-2014","DM",0.394237499999999,0.0807565117382862,TRUE
"Mb-383_1","Brau-2014","DM",0.638183,0.0807565117382862,TRUE
"Mb-391","Brau-2014","DM",0.241856,0.0807565117382862,TRUE
"Mb-393_1","Brau-2014","DM",0.224254499999999,0.0807565117382862,TRUE
"Mb-397","Brau-2014","DM",0.208077999999999,0.0807565117382862,TRUE
"Mb-399","Brau-2014","DM",0.424187745102477,0.113615223340224,TRUE
"Mb-401","Brau-2014","DM",0.140341999999999,0.0807565117382862,TRUE
"Mb-411","Brau-2014","DM",0.191501999999999,0.0807565117382862,TRUE
"Mb-416","Brau-2014","DM",0.280094254897522,0.113615223340224,TRUE
"Mb-425_1","Brau-2014","DM",0.155936799999999,0.0807565117382862,TRUE
"Mb-427_1","Brau-2014","DM",0.115360745102476,0.113615223340224,TRUE
"Mb-431_1","Brau-2014","DM",0.115197499999999,0.0807565117382862,TRUE
"Mb-485_1","Brau-2014","DM",0.405573499999999,0.0807565117382862,TRUE
"Mb-486","Brau-2014","DM",0.381443499999999,0.0807565117382862,TRUE
"Mb-488_15","Brau-2014","DM",0.228329999999999,0.0807565117382862,TRUE
"Mb-490_10","Brau-2014","DM",0.412788999999999,0.0578615119736204,TRUE
"Mb-494_1","Brau-2014","DM",0.186693499999999,0.0807565117382862,TRUE
"Mb-498_1","Brau-2014","DM",0.0161856999999994,0.0807565117382862,TRUE
"Mb-502_1","Brau-2014","DM",0.940503999999999,0.0807565117382862,TRUE
"Mb-505_1","Brau-2014","DM",0.369332999999999,0.0807565117382862,TRUE
"Mb-508","Brau-2014","DM",0.198277745102477,0.113615223340224,TRUE
"Mb-628_1","Brau-2014","DM",0.158735649999999,0.0807565117382862,TRUE
"Mb-76","Brau-2014","DM",0.2227085,0.0807565117382861,TRUE
"Mb-770_18","Brau-2014","DM",0.1747255,0.0807565117382861,TRUE
"Mb-779_14","Brau-2014","DM",0.1882815,0.0807565117382861,TRUE
"Mb-787_13","Brau-2014","DM",0.386743499999999,0.0807565117382861,TRUE
"Mb-810_11","Brau-2014","DM",0.318163,0.0807565117382862,TRUE
"Mb-819_19","Brau-2014","DM",0.2547205,0.0578615119736204,TRUE
"Mb-884_1","Brau-2014","DM",0.196590999999999,0.0807565117382862,TRUE
"Mb-913_17","Brau-2014","DM",0.207399999999999,0.0807565117382861,TRUE
"Mb-94","Brau-2014","DM",0.0171672499999994,0.0807565117382861,TRUE
"Mb-956_19","Brau-2014","DM",0.343934999999999,0.0578615119736204,TRUE
"Mb-958_19","Brau-2014","DM",0.533434999999999,0.0807565117382861,TRUE
"Mb-961_16","Brau-2014","DM",0.199366199999999,0.0807565117382861,TRUE
"Mb-965_15","Brau-2014","DM",0.278720499999999,0.0807565117382861,TRUE
"Mb-969_18","Brau-2014","DM",0.399029499999999,0.0807565117382861,TRUE
"Mx-2470_5","Brau-2014","DM",0.422242499999999,0.0807565117382861,TRUE
"Mb-102","Brau-2014","DM",0.0364835700000011,0.0807565117382856,TRUE
"Mb-109","Brau-2014","DM",0.0874548999999993,0.0807565117382862,TRUE
"Mb-110","Brau-2014","DM",0.244924999999999,0.0807565117382862,TRUE
"Mb-111","Brau-2014","DM",0.103134049999999,0.0807565117382862,TRUE
"Mb-113","Brau-2014","DM",0.0944894999999993,0.0807565117382862,TRUE
"Mb-1147_12","Brau-2014","DM",0.175725999999999,0.0578615119736204,TRUE
"Mb-115","Brau-2014","DM",0.0589003999999993,0.0807565117382862,TRUE
"Mb-1153_20","Brau-2014","DM",0.221742999999999,0.0578615119736205,TRUE
"Mb-1156_13","Brau-2014","DM",0.0773539499999993,0.0807565117382862,TRUE
"Mb-1182_16","Brau-2014","DM",0.183888999999999,0.0807565117382862,TRUE
"Mb-1205_12","Brau-2014","DM",0.200282999999999,0.0807565117382862,TRUE
"Mb-1231_18","Brau-2014","DM",0.178766499999999,0.0807565117382862,TRUE
"Mb-1238_1","Brau-2014","DM",0.0254438099999994,0.0807565117382862,TRUE
"Mb-14","Brau-2014","DM",0.215969499999999,0.0807565117382862,TRUE
"Mb-167","Brau-2014","DM",0.230350499999999,0.0807565117382862,TRUE
"Mb-2","Brau-2014","DM",0.162919499999999,0.0807565117382862,TRUE
"Mb-221","Brau-2014","DM",0.0751602999999994,0.0807565117382862,TRUE
"Mb-229","Brau-2014","DM",0.0631475499999994,0.0807565117382861,TRUE
"Mb-255","Brau-2014","DM",0.0627872451024764,0.113615223340224,TRUE
"Mb-3","Brau-2014","DM",0.0388928548975223,0.113615223340224,TRUE
"Mb-306","Brau-2014","DM",0.356594999999999,0.0807565117382862,TRUE
"Mb-31","Brau-2014","DM",0.134380499999999,0.0807565117382861,TRUE
"Mb-35","Brau-2014","DM",0.115673499999999,0.0807565117382861,TRUE
"Mb-37","Brau-2014","DM",0.245857849999999,0.0807565117382862,TRUE
"Mb-434_1","Brau-2014","DM",0.128280699999999,0.0807565117382862,TRUE
"Mb-526_13","Brau-2014","DM",0.0941725499999994,0.0807565117382862,TRUE
"Mb-527_1","Brau-2014","DM",0.161808849999999,0.0807565117382862,TRUE
"Mb-533_1","Brau-2014","DM",0.0720157999999994,0.0807565117382862,TRUE
"Mb-539_1","Brau-2014","DM",0.0135238099999993,0.0807565117382862,TRUE
"Mb-585_1","Brau-2014","DM",0.0181189548975223,0.113615223340224,TRUE
"Mb-70","Brau-2014","DM",0.0999144999999994,0.0807565117382862,TRUE
"Mb-74","Brau-2014","DM",0.0474468999999994,0.0807565117382862,TRUE
"Mb-851_1","Brau-2014","DM",0.0870777548975224,0.113615223340224,TRUE
"Mb-86","Brau-2014","DM",0.0628622999999994,0.0807565117382862,TRUE
"Mb-893_11","Brau-2014","DM",0.101976999999999,0.0807565117382862,TRUE
"Mb-9","Brau-2014","DM",0.0821655999999994,0.0807565117382862,TRUE
"Mb-910_11","Brau-2014","DM",0.312504499999999,0.0807565117382862,TRUE
"Mb-914_13","Brau-2014","DM",0.151559499999999,0.0807565117382862,TRUE
"Mb-928_18","Brau-2014","DM",0.202729254897522,0.113615223340224,TRUE
"Mb-930","Brau-2014","DM",0.122869199999999,0.0807565117382862,TRUE
"Mb-931_12","Brau-2014","DM",0.118508515034158,0.0664095504490769,TRUE
"Mb-933_11","Brau-2014","DM",0.0872535499999994,0.0807565117382861,TRUE
"Mb-935_13","Brau-2014","DM",0.24625448496584,0.0664095504490769,TRUE
"Mb-960_20","Brau-2014","DM",0.16044228496584,0.0664095504490769,TRUE
"Mb-974_19","Brau-2014","DM",0.161983999999999,0.0807565117382862,TRUE
"Mb-99","Brau-2014","DM",0.294450999999999,0.0379968261268742,TRUE
"Mb-104","Brau-2014","DM",0.186744500000003,0.0807565117382859,TRUE
"Mb-1086_54","Brau-2014","DM",0.833011499999999,0.0807565117382861,TRUE
"Mb-1130_51","Brau-2014","DM",0.208980999999999,0.0807565117382861,TRUE
"Mb-1132_52","Brau-2014","DM",0.382418499999999,0.0807565117382861,TRUE
"Mb-147","Brau-2014","DM",0.451086999999999,0.0807565117382861,TRUE
"Mb-148","Brau-2014","DM",0.589705999999999,0.0807565117382861,TRUE
"Mb-1485_42","Brau-2014","DM",0.576387999999999,0.0807565117382861,TRUE
"Mb-1486_1","Brau-2014","DM",0.992141999999999,0.0807565117382861,TRUE
"Mb-149","Brau-2014","DM",0.464191499999999,0.0807565117382861,TRUE
"Mb-188","Brau-2014","DM",0.463941999999999,0.0807565117382861,TRUE
"Mb-307","Brau-2014","DM",1.40705,0.0807565117382861,TRUE
"Mb-308","Brau-2014","DM",0.467011254897522,0.113615223340224,TRUE
"Mb-309","Brau-2014","DM",0.489122999999999,0.0807565117382861,TRUE
"Mb-310","Brau-2014","DM",0.25684415,0.0807565117382861,TRUE
"Mb-72","Brau-2014","DM",0.0678576999999995,0.0807565117382861,TRUE
"Mx-1548_12","Brau-2014","DM",0.531144499999999,0.0807565117382861,TRUE
"Mx-1915_12","Brau-2014","DM",0.3738085,0.0807565117382861,TRUE
"Mx-1932_13","Brau-2014","DM",0.68375,0.0807565117382861,TRUE
"Mx-1933_11","Brau-2014","DM",0.739240499999999,0.0807565117382861,TRUE
"Mx-1956_15","Brau-2014","DM",0.489079,0.0807565117382861,TRUE
"Mx-2446_1","Brau-2014","DM",0.5130395,0.0807565117382861,TRUE
"Mx-437_90","Brau-2014","DM",0.6538605,0.0807565117382861,TRUE
"Mb-1037_52","Brau-2014","FW",0.322500000000025,0.07211240025631,TRUE
"Mb-1040_17","Brau-2014","FW",0.220000000000001,0.100686241606236,TRUE
"Mb-1043_32","Brau-2014","FW",0.214201859713538,0.141681846678593,TRUE
"Mb-1044_50","Brau-2014","FW",0.298599380095489,0.0827817289583918,TRUE
"Mb-1056_31","Brau-2014","FW",0.255000000000001,0.100686241606236,TRUE
"Mb-1067_18","Brau-2014","FW",0.250000000000001,0.100686241606236,TRUE
"Mb-1155_33","Brau-2014","FW",0.0542018597135378,0.141681846678593,TRUE
"Mb-1162_20","Brau-2014","FW",0.595000000000001,0.100686241606236,TRUE
"Mb-1261_15","Brau-2014","FW",0.475000000000001,0.100686241606236,TRUE
"Mb-1353_14","Brau-2014","FW",0.337500000000001,0.0721124002563096,TRUE
"Mb-140","Brau-2014","FW",0.465000000000001,0.100686241606236,TRUE
"Mb-142","Brau-2014","FW",0.355000000000001,0.100686241606236,TRUE
"Mb-144","Brau-2014","FW",0.455000000000001,0.100686241606236,TRUE
"Mb-146","Brau-2014","FW",0.355000000000001,0.100686241606236,TRUE
"Mb-166","Brau-2014","FW",0.170000000000001,0.100686241606236,TRUE
"Mb-177","Brau-2014","FW",0.385000000000001,0.100686241606236,TRUE
"Mb-226","Brau-2014","FW",0.715000000000001,0.100686241606236,TRUE
"Mb-272","Brau-2014","FW",0.130000000000001,0.100686241606236,TRUE
"Mb-297","Brau-2014","FW",0.120000000000001,0.100686241606236,TRUE
"Mb-353","Brau-2014","FW",0.485000000000001,0.100686241606236,TRUE
"Mb-383_1","Brau-2014","FW",0.740000000000001,0.100686241606236,TRUE
"Mb-391","Brau-2014","FW",0.320000000000001,0.100686241606236,TRUE
"Mb-393_1","Brau-2014","FW",0.250000000000001,0.100686241606236,TRUE
"Mb-397","Brau-2014","FW",0.260000000000001,0.100686241606236,TRUE
"Mb-399","Brau-2014","FW",0.474201859713538,0.141681846678592,TRUE
"Mb-401","Brau-2014","FW",0.175000000000001,0.100686241606236,TRUE
"Mb-411","Brau-2014","FW",0.235000000000001,0.100686241606236,TRUE
"Mb-416","Brau-2014","FW",0.325798140286464,0.141681846678593,TRUE
"Mb-425_1","Brau-2014","FW",0.180000000000001,0.100686241606236,TRUE
"Mb-427_1","Brau-2014","FW",0.134201859713538,0.141681846678593,TRUE
"Mb-431_1","Brau-2014","FW",0.140000000000001,0.100686241606236,TRUE
"Mb-485_1","Brau-2014","FW",0.485000000000001,0.100686241606236,TRUE
"Mb-486","Brau-2014","FW",0.455000000000001,0.100686241606236,TRUE
"Mb-488_15","Brau-2014","FW",0.265000000000001,0.100686241606236,TRUE
"Mb-490_10","Brau-2014","FW",0.480000000000001,0.0721124002563096,TRUE
"Mb-494_1","Brau-2014","FW",0.235000000000001,0.100686241606236,TRUE
"Mb-498_1","Brau-2014","FW",0.0190000000000011,0.100686241606236,TRUE
"Mb-502_1","Brau-2014","FW",1.06,0.100686241606236,TRUE
"Mb-505_1","Brau-2014","FW",0.420000000000001,0.100686241606236,TRUE
"Mb-508","Brau-2014","FW",0.224201859713538,0.141681846678593,TRUE
"Mb-628_1","Brau-2014","FW",0.185000000000001,0.100686241606236,TRUE
"Mb-76","Brau-2014","FW",0.265000000000001,0.100686241606236,TRUE
"Mb-770_18","Brau-2014","FW",0.200000000000001,0.100686241606236,TRUE
"Mb-779_14","Brau-2014","FW",0.240000000000001,0.100686241606236,TRUE
"Mb-787_13","Brau-2014","FW",0.445000000000001,0.100686241606236,TRUE
"Mb-810_11","Brau-2014","FW",0.335000000000001,0.100686241606236,TRUE
"Mb-819_19","Brau-2014","FW",0.285000000000001,0.0721124002563096,TRUE
"Mb-884_1","Brau-2014","FW",0.225000000000001,0.100686241606236,TRUE
"Mb-913_17","Brau-2014","FW",0.235000000000001,0.100686241606236,TRUE
"Mb-94","Brau-2014","FW",0.0200000000000011,0.100686241606236,TRUE
"Mb-956_19","Brau-2014","FW",0.382500000000001,0.0721124002563096,TRUE
"Mb-958_19","Brau-2014","FW",0.635000000000001,0.100686241606236,TRUE
"Mb-961_16","Brau-2014","FW",0.245000000000001,0.100686241606236,TRUE
"Mb-965_15","Brau-2014","FW",0.340000000000001,0.100686241606236,TRUE
"Mb-969_18","Brau-2014","FW",0.495000000000001,0.100686241606236,TRUE
"Mx-2470_5","Brau-2014","FW",0.465000000000001,0.100686241606236,TRUE
"Mb-102","Brau-2014","FW",0.0475000000000014,0.100686241606235,TRUE
"Mb-109","Brau-2014","FW",0.125000000000001,0.100686241606236,TRUE
"Mb-110","Brau-2014","FW",0.330000000000001,0.100686241606236,TRUE
"Mb-111","Brau-2014","FW",0.140000000000001,0.100686241606236,TRUE
"Mb-113","Brau-2014","FW",0.125000000000001,0.100686241606236,TRUE
"Mb-1147_12","Brau-2014","FW",0.230000000000001,0.0721124002563096,TRUE
"Mb-115","Brau-2014","FW",0.0700000000000011,0.100686241606236,TRUE
"Mb-1153_20","Brau-2014","FW",0.265000000000001,0.0721124002563096,TRUE
"Mb-1156_13","Brau-2014","FW",0.115000000000001,0.100686241606236,TRUE
"Mb-1182_16","Brau-2014","FW",0.230000000000001,0.100686241606236,TRUE
"Mb-1205_12","Brau-2014","FW",0.240000000000001,0.100686241606236,TRUE
"Mb-1231_18","Brau-2014","FW",0.230000000000001,0.100686241606236,TRUE
"Mb-1238_1","Brau-2014","FW",0.0310000000000011,0.100686241606236,TRUE
"Mb-14","Brau-2014","FW",0.260000000000001,0.100686241606236,TRUE
"Mb-167","Brau-2014","FW",0.310000000000001,0.100686241606236,TRUE
"Mb-2","Brau-2014","FW",0.225000000000001,0.100686241606236,TRUE
"Mb-221","Brau-2014","FW",0.100000000000001,0.100686241606236,TRUE
"Mb-229","Brau-2014","FW",0.0850000000000011,0.100686241606236,TRUE
"Mb-255","Brau-2014","FW",0.0742018597135378,0.141681846678593,TRUE
"Mb-3","Brau-2014","FW",0.0457981402864641,0.141681846678593,TRUE
"Mb-306","Brau-2014","FW",0.420000000000001,0.100686241606236,TRUE
"Mb-31","Brau-2014","FW",0.185000000000001,0.100686241606236,TRUE
"Mb-35","Brau-2014","FW",0.150000000000001,0.100686241606236,TRUE
"Mb-37","Brau-2014","FW",0.335000000000001,0.100686241606236,TRUE
"Mb-434_1","Brau-2014","FW",0.145000000000001,0.100686241606236,TRUE
"Mb-526_13","Brau-2014","FW",0.110000000000001,0.100686241606236,TRUE
"Mb-527_1","Brau-2014","FW",0.220000000000001,0.100686241606236,TRUE
"Mb-533_1","Brau-2014","FW",0.090000000000001,0.100686241606236,TRUE
"Mb-539_1","Brau-2014","FW",0.0150000000000012,0.100686241606236,TRUE
"Mb-585_1","Brau-2014","FW",0.0257981402864642,0.141681846678593,TRUE
"Mb-70","Brau-2014","FW",0.120000000000001,0.100686241606236,TRUE
"Mb-74","Brau-2014","FW",0.0600000000000011,0.100686241606236,TRUE
"Mb-851_1","Brau-2014","FW",0.125798140286464,0.141681846678593,TRUE
"Mb-86","Brau-2014","FW",0.090000000000001,0.100686241606236,TRUE
"Mb-893_11","Brau-2014","FW",0.140000000000001,0.100686241606236,TRUE
"Mb-9","Brau-2014","FW",0.110000000000001,0.100686241606236,TRUE
"Mb-910_11","Brau-2014","FW",0.475000000000001,0.100686241606236,TRUE
"Mb-914_13","Brau-2014","FW",0.225000000000001,0.100686241606236,TRUE
"Mb-928_18","Brau-2014","FW",0.305798140286464,0.141681846678593,TRUE
"Mb-930","Brau-2014","FW",0.162500000000001,0.100686241606236,TRUE
"Mb-931_12","Brau-2014","FW",0.191400619904513,0.0827817289583918,TRUE
"Mb-933_11","Brau-2014","FW",0.125000000000001,0.100686241606236,TRUE
"Mb-935_13","Brau-2014","FW",0.278599380095489,0.0827817289583918,TRUE
"Mb-960_20","Brau-2014","FW",0.201932713428822,0.0827817289583918,TRUE
"Mb-974_19","Brau-2014","FW",0.215000000000001,0.100686241606236,TRUE
"Mb-99","Brau-2014","FW",0.384000000000001,0.0473041825200306,TRUE
"Mb-104","Brau-2014","FW",0.265,0.100686241606236,TRUE
"Mb-1086_54","Brau-2014","FW",1.17,0.100686241606236,TRUE
"Mb-1130_51","Brau-2014","FW",0.260000000000001,0.100686241606236,TRUE
"Mb-1132_52","Brau-2014","FW",0.445000000000001,0.100686241606236,TRUE
"Mb-147","Brau-2014","FW",0.515000000000001,0.100686241606236,TRUE
"Mb-148","Brau-2014","FW",0.825000000000001,0.100686241606236,TRUE
"Mb-1485_42","Brau-2014","FW",0.760000000000001,0.100686241606236,TRUE
"Mb-1486_1","Brau-2014","FW",1.19,0.100686241606236,TRUE
"Mb-149","Brau-2014","FW",0.625000000000001,0.100686241606236,TRUE
"Mb-188","Brau-2014","FW",0.600000000000001,0.100686241606236,TRUE
"Mb-307","Brau-2014","FW",1.935,0.100686241606236,TRUE
"Mb-308","Brau-2014","FW",0.615798140286465,0.141681846678593,TRUE
"Mb-309","Brau-2014","FW",0.625000000000001,0.100686241606236,TRUE
"Mb-310","Brau-2014","FW",0.320000000000001,0.100686241606236,TRUE
"Mb-72","Brau-2014","FW",0.100000000000001,0.100686241606236,TRUE
"Mx-1548_12","Brau-2014","FW",0.660000000000001,0.100686241606236,TRUE
"Mx-1915_12","Brau-2014","FW",0.450000000000001,0.100686241606236,TRUE
"Mx-1932_13","Brau-2014","FW",0.975000000000001,0.100686241606236,TRUE
"Mx-1933_11","Brau-2014","FW",0.915000000000001,0.100686241606236,TRUE
"Mx-1956_15","Brau-2014","FW",0.640000000000001,0.100686241606236,TRUE
"Mx-2446_1","Brau-2014","FW",0.660000000000001,0.100686241606236,TRUE
"Mx-437_90","Brau-2014","FW",0.755000000000001,0.100686241606236,TRUE
"Mb-1037_52","Brau-2014","MC",14.0263249999995,2.72632727340245,TRUE
"Mb-1040_17","Brau-2014","MC",18.9817,3.85018727897545,TRUE
"Mb-1043_32","Brau-2014","MC",14.0634118354445,5.44400732195278,TRUE
"Mb-1044_50","Brau-2014","MC",12.5481627215185,3.1464282913781,TRUE
"Mb-1056_31","Brau-2014","MC",8.35715,3.85018727897545,TRUE
"Mb-1067_18","Brau-2014","MC",22.3227,3.85018727897545,TRUE
"Mb-1155_33","Brau-2014","MC",10.7075118354445,5.44400732195278,TRUE
"Mb-1162_20","Brau-2014","MC",10.9235,3.85018727897545,TRUE
"Mb-1261_15","Brau-2014","MC",12.4521,3.85018727897545,TRUE
"Mb-1353_14","Brau-2014","MC",14.353975,2.72632727340247,TRUE
"Mb-140","Brau-2014","MC",17.0524881645555,5.44400732195278,TRUE
"Mb-142","Brau-2014","MC",17.04045,3.85018727897545,TRUE
"Mb-144","Brau-2014","MC",31.65625,3.85018727897545,TRUE
"Mb-146","Brau-2014","MC",17.9585,3.85018727897545,TRUE
"Mb-166","Brau-2014","MC",27.80975,3.85018727897545,TRUE
"Mb-177","Brau-2014","MC",17.564,3.85018727897545,TRUE
"Mb-226","Brau-2014","MC",14.1693,3.85018727897545,TRUE
"Mb-272","Brau-2014","MC",21.027,3.85018727897545,TRUE
"Mb-297","Brau-2014","MC",18.8505,3.85018727897545,TRUE
"Mb-353","Brau-2014","MC",19.1135,3.85018727897545,TRUE
"Mb-383_1","Brau-2014","MC",12.05149,3.85018727897545,TRUE
"Mb-391","Brau-2014","MC",26.3881,3.85018727897545,TRUE
"Mb-393_1","Brau-2014","MC",10.1202,3.85018727897545,TRUE
"Mb-397","Brau-2014","MC",20.7418,3.85018727897545,TRUE
"Mb-399","Brau-2014","MC",10.2060118354445,5.44400732195278,TRUE
"Mb-401","Brau-2014","MC",18.666,3.85018727897545,TRUE
"Mb-411","Brau-2014","MC",18.3678,3.85018727897545,TRUE
"Mb-416","Brau-2014","MC",14.3077881645555,5.44400732195278,TRUE
"Mb-425_1","Brau-2014","MC",13.45085,3.85018727897545,TRUE
"Mb-427_1","Brau-2014","MC",13.4384118354445,5.44400732195278,TRUE
"Mb-431_1","Brau-2014","MC",19.32795,3.85018727897545,TRUE
"Mb-485_1","Brau-2014","MC",15.64435,3.85018727897545,TRUE
"Mb-486","Brau-2014","MC",16.76865,3.85018727897545,TRUE
"Mb-488_15","Brau-2014","MC",12.7568,3.85018727897545,TRUE
"Mb-490_10","Brau-2014","MC",14.042575,2.72632727340247,TRUE
"Mb-494_1","Brau-2014","MC",20.319565,3.85018727897545,TRUE
"Mb-498_1","Brau-2014","MC",19.4643,3.85018727897545,TRUE
"Mb-502_1","Brau-2014","MC",11.3864,3.85018727897545,TRUE
"Mb-505_1","Brau-2014","MC",12.0917,3.85018727897545,TRUE
"Mb-508","Brau-2014","MC",11.0078118354445,5.44400732195278,TRUE
"Mb-628_1","Brau-2014","MC",13.2855,3.85018727897545,TRUE
"Mb-76","Brau-2014","MC",15.97225,3.85018727897545,TRUE
"Mb-770_18","Brau-2014","MC",12.3932,3.85018727897545,TRUE
"Mb-779_14","Brau-2014","MC",21.9523,3.85018727897545,TRUE
"Mb-787_13","Brau-2014","MC",13.13225,3.85018727897545,TRUE
"Mb-810_11","Brau-2014","MC",10.3073881645555,5.44400732195278,TRUE
"Mb-819_19","Brau-2014","MC",10.57147,2.72632727340247,TRUE
"Mb-884_1","Brau-2014","MC",12.61365,3.85018727897545,TRUE
"Mb-913_17","Brau-2014","MC",11,3.85018727897545,TRUE
"Mb-94","Brau-2014","MC",14.1638,3.85018727897545,TRUE
"Mb-956_19","Brau-2014","MC",9.839465,2.72632727340247,TRUE
"Mb-958_19","Brau-2014","MC",16.2901,3.85018727897545,TRUE
"Mb-961_16","Brau-2014","MC",19.36185,3.85018727897545,TRUE
"Mb-965_15","Brau-2014","MC",17.45585,3.85018727897545,TRUE
"Mb-969_18","Brau-2014","MC",19.9029,3.85018727897545,TRUE
"Mx-2470_5","Brau-2014","MC",9.142345,3.85018727897545,TRUE
"Mb-102","Brau-2014","MC",26.3066499999998,3.85018727897544,TRUE
"Mb-109","Brau-2014","MC",29.30455,3.85018727897545,TRUE
"Mb-110","Brau-2014","MC",25.84115,3.85018727897545,TRUE
"Mb-111","Brau-2014","MC",29.03095,3.85018727897545,TRUE
"Mb-113","Brau-2014","MC",25.9102,3.85018727897545,TRUE
"Mb-1147_12","Brau-2014","MC",23.0228,2.72632727340247,TRUE
"Mb-115","Brau-2014","MC",15.8906,3.85018727897545,TRUE
"Mb-1153_20","Brau-2014","MC",15.6924275,2.72632727340247,TRUE
"Mb-1156_13","Brau-2014","MC",31.9913,3.85018727897545,TRUE
"Mb-1182_16","Brau-2014","MC",19.9901,3.85018727897545,TRUE
"Mb-1205_12","Brau-2014","MC",16.5733,3.85018727897545,TRUE
"Mb-1231_18","Brau-2014","MC",20.4972,3.85018727897545,TRUE
"Mb-1238_1","Brau-2014","MC",16.33345,3.85018727897545,TRUE
"Mb-14","Brau-2014","MC",17.66,3.85018727897545,TRUE
"Mb-167","Brau-2014","MC",25.6933,3.85018727897545,TRUE
"Mb-2","Brau-2014","MC",27.29745,3.85018727897545,TRUE
"Mb-221","Brau-2014","MC",25.18,3.85018727897545,TRUE
"Mb-229","Brau-2014","MC",25.7467,3.85018727897545,TRUE
"Mb-255","Brau-2014","MC",14.6026118354445,5.44400732195278,TRUE
"Mb-3","Brau-2014","MC",15.9305881645555,5.44400732195278,TRUE
"Mb-306","Brau-2014","MC",13.34793,3.85018727897545,TRUE
"Mb-31","Brau-2014","MC",27.29245,3.85018727897545,TRUE
"Mb-35","Brau-2014","MC",22.82025,3.85018727897545,TRUE
"Mb-37","Brau-2014","MC",24.1692,3.85018727897545,TRUE
"Mb-434_1","Brau-2014","MC",11.3488,3.85018727897545,TRUE
"Mb-526_13","Brau-2014","MC",14.72475,3.85018727897545,TRUE
"Mb-527_1","Brau-2014","MC",26.35935,3.85018727897545,TRUE
"Mb-533_1","Brau-2014","MC",19.07115,3.85018727897545,TRUE
"Mb-539_1","Brau-2014","MC",9.761905,3.85018727897545,TRUE
"Mb-585_1","Brau-2014","MC",25.7789881645555,5.44400732195278,TRUE
"Mb-70","Brau-2014","MC",17.8953,3.85018727897545,TRUE
"Mb-74","Brau-2014","MC",20.50445,3.85018727897545,TRUE
"Mb-851_1","Brau-2014","MC",29.6114881645555,5.44400732195278,TRUE
"Mb-86","Brau-2014","MC",30.07245,3.85018727897545,TRUE
"Mb-893_11","Brau-2014","MC",25.43575,3.85018727897545,TRUE
"Mb-9","Brau-2014","MC",20.7617,3.85018727897545,TRUE
"Mb-910_11","Brau-2014","MC",33.24195,3.85018727897545,TRUE
"Mb-914_13","Brau-2014","MC",32.72105,3.85018727897545,TRUE
"Mb-928_18","Brau-2014","MC",33.1221881645555,5.44400732195278,TRUE
"Mb-930","Brau-2014","MC",21.93425,3.85018727897545,TRUE
"Mb-931_12","Brau-2014","MC",36.5064039451482,3.1464282913781,TRUE
"Mb-933_11","Brau-2014","MC",29.9893,3.85018727897545,TRUE
"Mb-935_13","Brau-2014","MC",17.1740293881852,3.1464282913781,TRUE
"Mb-960_20","Brau-2014","MC",20.9847627215185,3.1464282913781,TRUE
"Mb-974_19","Brau-2014","MC",23.64895,3.85018727897545,TRUE
"Mb-99","Brau-2014","MC",23.0203,1.73153440416481,TRUE
"Mb-104","Brau-2014","MC",22.52905,3.85018727897545,TRUE
"Mb-1086_54","Brau-2014","MC",28.9441,3.85018727897545,TRUE
"Mb-1130_51","Brau-2014","MC",19.9441,3.85018727897545,TRUE
"Mb-1132_52","Brau-2014","MC",14.00165,3.85018727897545,TRUE
"Mb-147","Brau-2014","MC",30.5380881645555,5.44400732195278,TRUE
"Mb-148","Brau-2014","MC",28.6785,3.85018727897545,TRUE
"Mb-1485_42","Brau-2014","MC",24.20515,3.85018727897545,TRUE
"Mb-1486_1","Brau-2014","MC",16.5803,3.85018727897545,TRUE
"Mb-149","Brau-2014","MC",25.8181,3.85018727897545,TRUE
"Mb-188","Brau-2014","MC",22.4233,3.85018727897545,TRUE
"Mb-307","Brau-2014","MC",27.59405,3.85018727897545,TRUE
"Mb-308","Brau-2014","MC",24.1315881645555,5.44400732195278,TRUE
"Mb-309","Brau-2014","MC",21.32025,3.85018727897545,TRUE
"Mb-310","Brau-2014","MC",27.89035,3.85018727897545,TRUE
"Mb-72","Brau-2014","MC",25.77155,3.85018727897545,TRUE
"Mx-1548_12","Brau-2014","MC",19.8795,3.85018727897545,TRUE
"Mx-1915_12","Brau-2014","MC",17.44675,3.85018727897545,TRUE
"Mx-1932_13","Brau-2014","MC",29.16665,3.85018727897545,TRUE
"Mx-1933_11","Brau-2014","MC",19.21135,3.85018727897545,TRUE
"Mx-1956_15","Brau-2014","MC",23.6149,3.85018727897545,TRUE
"Mx-2446_1","Brau-2014","MC",20.8411,3.85018727897545,TRUE
"Mx-437_90","Brau-2014","MC",13.05995,3.85018727897545,TRUE
"Mb-1037_52","Brau-2015","DM",1.76723249999996,0.300220881622013,TRUE
"Mb-1040_17","Brau-2015","DM",1.96007499999999,0.414142406442073,TRUE
"Mb-1043_32","Brau-2015","DM",1.91769499999999,0.414142406442073,TRUE
"Mb-1044_50","Brau-2015","DM",1.45418630527883,0.342614420392337,TRUE
"Mb-1056_31","Brau-2015","DM",1.08818899999999,0.414142406442073,TRUE
"Mb-1067_18","Brau-2015","DM",1.2072635,0.414142406442073,TRUE
"Mb-1155_33","Brau-2015","DM",0.581081084163478,0.579138280078081,TRUE
"Mb-1162_20","Brau-2015","DM",3.102815,0.414142406442073,TRUE
"Mb-1261_15","Brau-2015","DM",2.786755,0.414142406442073,TRUE
"Mb-1353_14","Brau-2015","DM",2.73416,0.300220881622014,TRUE
"Mb-140","Brau-2015","DM",2.80453,0.414142406442073,TRUE
"Mb-142","Brau-2015","DM",1.65243999999999,0.414142406442073,TRUE
"Mb-144","Brau-2015","DM",2.78708,0.414142406442073,TRUE
"Mb-146","Brau-2015","DM",1.86957,0.414142406442073,TRUE
"Mb-166","Brau-2015","DM",1.469845,0.414142406442073,TRUE
"Mb-177","Brau-2015","DM",2.81719,0.414142406442073,TRUE
"Mb-226","Brau-2015","DM",3.19897999999999,0.414142406442073,TRUE
"Mb-272","Brau-2015","DM",1.972745,0.414142406442073,TRUE
"Mb-297","Brau-2015","DM",1.83404499999999,0.414142406442073,TRUE
"Mb-353","Brau-2015","DM",1.619775,0.414142406442073,TRUE
"Mb-383_1","Brau-2015","DM",1.85341499999999,0.414142406442073,TRUE
"Mb-391","Brau-2015","DM",1.422655,0.414142406442073,TRUE
"Mb-393_1","Brau-2015","DM",1.80295499999999,0.414142406442073,TRUE
"Mb-397","Brau-2015","DM",2.83993999999999,0.414142406442073,TRUE
"Mb-399","Brau-2015","DM",2.09218108416348,0.579138280078081,TRUE
"Mb-401","Brau-2015","DM",2.250875,0.414142406442073,TRUE
"Mb-411","Brau-2015","DM",2.277465,0.414142406442073,TRUE
"Mb-416","Brau-2015","DM",1.67639891583651,0.579138280078081,TRUE
"Mb-425_1","Brau-2015","DM",1.20907999999999,0.414142406442073,TRUE
"Mb-427_1","Brau-2015","DM",1.66549108416348,0.579138280078081,TRUE
"Mb-431_1","Brau-2015","DM",1.48662999999999,0.414142406442073,TRUE
"Mb-485_1","Brau-2015","DM",2.98191,0.414142406442073,TRUE
"Mb-486","Brau-2015","DM",3.61831499999999,0.414142406442073,TRUE
"Mb-488_15","Brau-2015","DM",2.93999,0.414142406442073,TRUE
"Mb-490_10","Brau-2015","DM",2.52534749999999,0.300220881622014,TRUE
"Mb-494_1","Brau-2015","DM",2.36538999999999,0.414142406442073,TRUE
"Mb-498_1","Brau-2015","DM",0.653236999999994,0.414142406442073,TRUE
"Mb-502_1","Brau-2015","DM",2.6153,0.414142406442073,TRUE
"Mb-505_1","Brau-2015","DM",2.34287999999999,0.414142406442073,TRUE
"Mb-508","Brau-2015","DM",0.926143084163478,0.579138280078081,TRUE
"Mb-628_1","Brau-2015","DM",1.81669499999999,0.414142406442073,TRUE
"Mb-76","Brau-2015","DM",1.70835,0.414142406442073,TRUE
"Mb-770_18","Brau-2015","DM",3.33082499999999,0.414142406442073,TRUE
"Mb-779_14","Brau-2015","DM",3.80611999999999,0.414142406442073,TRUE
"Mb-787_13","Brau-2015","DM",1.98955108416348,0.579138280078081,TRUE
"Mb-810_11","Brau-2015","DM",2.51541,0.414142406442073,TRUE
"Mb-819_19","Brau-2015","DM",1.5153875,0.300220881622014,TRUE
"Mb-884_1","Brau-2015","DM",2.25641,0.414142406442073,TRUE
"Mb-913_17","Brau-2015","DM",1.52374499999999,0.414142406442073,TRUE
"Mb-94","Brau-2015","DM",1.18777108416348,0.579138280078081,TRUE
"Mb-956_19","Brau-2015","DM",2.15820249999999,0.300220881622014,TRUE
"Mb-958_19","Brau-2015","DM",2.42225499999999,0.414142406442073,TRUE
"Mb-961_16","Brau-2015","DM",2.21156999999999,0.414142406442073,TRUE
"Mb-965_15","Brau-2015","DM",3.97633499999999,0.414142406442073,TRUE
"Mb-969_18","Brau-2015","DM",2.52857999999999,0.414142406442073,TRUE
"Mx-2470_5","Brau-2015","DM",2.22644999999999,0.414142406442073,TRUE
"Mb-102","Brau-2015","DM",2.39103499999996,0.414142406442073,TRUE
"Mb-109","Brau-2015","DM",1.39832649999999,0.414142406442073,TRUE
"Mb-110","Brau-2015","DM",3.55423999999999,0.414142406442073,TRUE
"Mb-111","Brau-2015","DM",1.67961999999999,0.414142406442073,TRUE
"Mb-113","Brau-2015","DM",1.62570499999999,0.414142406442073,TRUE
"Mb-1147_12","Brau-2015","DM",1.75531999999999,0.300220881622014,TRUE
"Mb-115","Brau-2015","DM",1.35443499999999,0.414142406442073,TRUE
"Mb-1153_20","Brau-2015","DM",3.68211999999999,0.300220881622014,TRUE
"Mb-1156_13","Brau-2015","DM",2.97796499999999,0.414142406442073,TRUE
"Mb-1182_16","Brau-2015","DM",2.86572999999999,0.414142406442073,TRUE
"Mb-1205_12","Brau-2015","DM",3.23232999999999,0.414142406442073,TRUE
"Mb-1231_18","Brau-2015","DM",3.85560999999999,0.414142406442073,TRUE
"Mb-1238_1","Brau-2015","DM",0.912272499999994,0.414142406442073,TRUE
"Mb-14","Brau-2015","DM",3.48899999999999,0.414142406442073,TRUE
"Mb-167","Brau-2015","DM",2.22306499999999,0.414142406442073,TRUE
"Mb-2","Brau-2015","DM",1.73416499999999,0.414142406442073,TRUE
"Mb-221","Brau-2015","DM",0.753000999999994,0.414142406442073,TRUE
"Mb-229","Brau-2015","DM",1.18777108416348,0.579138280078081,TRUE
"Mb-255","Brau-2015","DM",1.59376108416348,0.579138280078081,TRUE
"Mb-3","Brau-2015","DM",2.26069891583651,0.579138280078081,TRUE
"Mb-306","Brau-2015","DM",1.62172999999999,0.414142406442073,TRUE
"Mb-31","Brau-2015","DM",1.53967999999999,0.414142406442073,TRUE
"Mb-35","Brau-2015","DM",1.45555999999999,0.414142406442073,TRUE
"Mb-37","Brau-2015","DM",3.74378999999999,0.414142406442073,TRUE
"Mb-434_1","Brau-2015","DM",1.87515499999999,0.414142406442073,TRUE
"Mb-526_13","Brau-2015","DM",1.51344499999999,0.414142406442073,TRUE
"Mb-527_1","Brau-2015","DM",2.27924999999999,0.414142406442073,TRUE
"Mb-533_1","Brau-2015","DM",1.28919499999999,0.414142406442073,TRUE
"Mb-539_1","Brau-2015","DM",0.586608999999994,0.414142406442073,TRUE
"Mb-585_1","Brau-2015","DM",3.09064891583651,0.579138280078081,TRUE
"Mb-70","Brau-2015","DM",2.20944499999999,0.414142406442073,TRUE
"Mb-74","Brau-2015","DM",1.85233999999999,0.414142406442073,TRUE
"Mb-851_1","Brau-2015","DM",1.22229891583651,0.579138280078081,TRUE
"Mb-86","Brau-2015","DM",2.77526999999999,0.414142406442073,TRUE
"Mb-893_11","Brau-2015","DM",1.82149999999999,0.414142406442073,TRUE
"Mb-9","Brau-2015","DM",1.73765499999999,0.414142406442073,TRUE
"Mb-910_11","Brau-2015","DM",2.94229999999999,0.414142406442073,TRUE
"Mb-914_13","Brau-2015","DM",2.35927999999999,0.414142406442073,TRUE
"Mb-928_18","Brau-2015","DM",3.75096891583651,0.579138280078081,TRUE
"Mb-930","Brau-2015","DM",2.28335549999999,0.414142406442073,TRUE
"Mb-931_12","Brau-2015","DM",2.95752108416348,0.579138280078081,TRUE
"Mb-933_11","Brau-2015","DM",1.71324499999999,0.414142406442073,TRUE
"Mb-935_13","Brau-2015","DM",1.8919179719455,0.342614420392337,TRUE
"Mb-960_20","Brau-2015","DM",2.75912999999999,0.300220881622014,TRUE
"Mb-974_19","Brau-2015","DM",2.45271499999999,0.414142406442073,TRUE
"Mb-99","Brau-2015","DM",3.03644232932554,0.155740113949863,TRUE
"Mb-104","Brau-2015","DM",3.66064,0.414142406442073,TRUE
"Mb-1086_54","Brau-2015","DM",6.002085,0.414142406442073,TRUE
"Mb-1130_51","Brau-2015","DM",3.139465,0.414142406442073,TRUE
"Mb-1132_52","Brau-2015","DM",1.7783,0.414142406442073,TRUE
"Mb-147","Brau-2015","DM",3.076235,0.414142406442073,TRUE
"Mb-148","Brau-2015","DM",3.12347,0.414142406442073,TRUE
"Mb-1485_42","Brau-2015","DM",3.77445,0.414142406442073,TRUE
"Mb-1486_1","Brau-2015","DM",3.76859,0.414142406442073,TRUE
"Mb-149","Brau-2015","DM",3.46114,0.414142406442073,TRUE
"Mb-188","Brau-2015","DM",4.71643,0.414142406442073,TRUE
"Mb-307","Brau-2015","DM",5.77478,0.414142406442073,TRUE
"Mb-308","Brau-2015","DM",4.58967891583651,0.579138280078081,TRUE
"Mb-309","Brau-2015","DM",5.0861,0.414142406442073,TRUE
"Mb-310","Brau-2015","DM",2.955895,0.414142406442073,TRUE
"Mb-72","Brau-2015","DM",2.41017,0.414142406442073,TRUE
"Mx-1548_12","Brau-2015","DM",1.90487,0.414142406442073,TRUE
"Mx-1915_12","Brau-2015","DM",2.19935108416348,0.579138280078081,TRUE
"Mx-1932_13","Brau-2015","DM",3.19487499999999,0.414142406442073,TRUE
"Mx-1933_11","Brau-2015","DM",2.84324499999999,0.414142406442073,TRUE
"Mx-1956_15","Brau-2015","DM",2.29396999999999,0.414142406442073,TRUE
"Mx-2446_1","Brau-2015","DM",2.72871499999999,0.414142406442073,TRUE
"Mx-437_90","Brau-2015","DM",4.07362499999999,0.414142406442073,TRUE
"Mb-1037_52","Brau-2015","FW",1.95,0.366631893822733,TRUE
"Mb-1040_17","Brau-2015","FW",2.27,0.506115478600794,TRUE
"Mb-1043_32","Brau-2015","FW",2.14,0.506115478600794,TRUE
"Mb-1044_50","Brau-2015","FW",1.61160240118541,0.41854135540811,TRUE
"Mb-1056_31","Brau-2015","FW",1.21,0.506115478600794,TRUE
"Mb-1067_18","Brau-2015","FW",1.52,0.506115478600794,TRUE
"Mb-1155_33","Brau-2015","FW",0.705192796443784,0.707983213881068,TRUE
"Mb-1162_20","Brau-2015","FW",3.57,0.506115478600794,TRUE
"Mb-1261_15","Brau-2015","FW",3.13,0.506115478600794,TRUE
"Mb-1353_14","Brau-2015","FW",3.03,0.366631893822733,TRUE
"Mb-140","Brau-2015","FW",3.12,0.506115478600793,TRUE
"Mb-142","Brau-2015","FW",1.82,0.506115478600793,TRUE
"Mb-144","Brau-2015","FW",3.08,0.506115478600793,TRUE
"Mb-146","Brau-2015","FW",2.12,0.506115478600793,TRUE
"Mb-166","Brau-2015","FW",1.92,0.506115478600793,TRUE
"Mb-177","Brau-2015","FW",3.12,0.506115478600793,TRUE
"Mb-226","Brau-2015","FW",3.58,0.506115478600793,TRUE
"Mb-272","Brau-2015","FW",2.16,0.506115478600793,TRUE
"Mb-297","Brau-2015","FW",2.01,0.506115478600793,TRUE
"Mb-353","Brau-2015","FW",1.77,0.506115478600793,TRUE
"Mb-383_1","Brau-2015","FW",2.24,0.506115478600793,TRUE
"Mb-391","Brau-2015","FW",1.59,0.506115478600793,TRUE
"Mb-393_1","Brau-2015","FW",2.31,0.506115478600793,TRUE
"Mb-397","Brau-2015","FW",3.36,0.506115478600793,TRUE
"Mb-399","Brau-2015","FW",2.36519279644378,0.707983213881067,TRUE
"Mb-401","Brau-2015","FW",2.67,0.506115478600793,TRUE
"Mb-411","Brau-2015","FW",2.85,0.506115478600793,TRUE
"Mb-416","Brau-2015","FW",2.35480720355622,0.707983213881067,TRUE
"Mb-425_1","Brau-2015","FW",1.44,0.506115478600793,TRUE
"Mb-427_1","Brau-2015","FW",1.88519279644378,0.707983213881067,TRUE
"Mb-431_1","Brau-2015","FW",1.68,0.506115478600793,TRUE
"Mb-485_1","Brau-2015","FW",3.35,0.506115478600793,TRUE
"Mb-486","Brau-2015","FW",4.1,0.506115478600793,TRUE
"Mb-488_15","Brau-2015","FW",3.36,0.506115478600793,TRUE
"Mb-490_10","Brau-2015","FW",2.845,0.366631893822733,TRUE
"Mb-494_1","Brau-2015","FW",2.63,0.506115478600793,TRUE
"Mb-498_1","Brau-2015","FW",0.82,0.506115478600793,TRUE
"Mb-502_1","Brau-2015","FW",3.24,0.506115478600793,TRUE
"Mb-505_1","Brau-2015","FW",2.76,0.506115478600793,TRUE
"Mb-508","Brau-2015","FW",1.04519279644378,0.707983213881067,TRUE
"Mb-628_1","Brau-2015","FW",2.23,0.506115478600793,TRUE
"Mb-76","Brau-2015","FW",1.95,0.506115478600793,TRUE
"Mb-770_18","Brau-2015","FW",3.87,0.506115478600793,TRUE
"Mb-779_14","Brau-2015","FW",4.67,0.506115478600793,TRUE
"Mb-787_13","Brau-2015","FW",2.37,0.506115478600793,TRUE
"Mb-810_11","Brau-2015","FW",2.78,0.506115478600793,TRUE
"Mb-819_19","Brau-2015","FW",1.67,0.366631893822733,TRUE
"Mb-884_1","Brau-2015","FW",2.5,0.506115478600793,TRUE
"Mb-913_17","Brau-2015","FW",1.71,0.506115478600793,TRUE
"Mb-94","Brau-2015","FW",1.18,0.506115478600793,TRUE
"Mb-956_19","Brau-2015","FW",2.42,0.366631893822733,TRUE
"Mb-958_19","Brau-2015","FW",2.73,0.506115478600793,TRUE
"Mb-961_16","Brau-2015","FW",2.51,0.506115478600793,TRUE
"Mb-965_15","Brau-2015","FW",4.49,0.506115478600793,TRUE
"Mb-969_18","Brau-2015","FW",2.93,0.506115478600793,TRUE
"Mx-2470_5","Brau-2015","FW",2.84,0.506115478600793,TRUE
"Mb-102","Brau-2015","FW",2.81000000000004,0.506115478600789,TRUE
"Mb-109","Brau-2015","FW",1.84,0.506115478600794,TRUE
"Mb-110","Brau-2015","FW",5.09,0.506115478600794,TRUE
"Mb-111","Brau-2015","FW",1.9,0.506115478600794,TRUE
"Mb-113","Brau-2015","FW",1.85,0.506115478600794,TRUE
"Mb-1147_12","Brau-2015","FW",2.04,0.366631893822733,TRUE
"Mb-115","Brau-2015","FW",1.45,0.506115478600794,TRUE
"Mb-1153_20","Brau-2015","FW",5.385,0.366631893822733,TRUE
"Mb-1156_13","Brau-2015","FW",4.69,0.506115478600794,TRUE
"Mb-1182_16","Brau-2015","FW",4.19,0.506115478600794,TRUE
"Mb-1205_12","Brau-2015","FW",3.65,0.506115478600794,TRUE
"Mb-1231_18","Brau-2015","FW",5.85,0.506115478600794,TRUE
"Mb-1238_1","Brau-2015","FW",1.07,0.506115478600794,TRUE
"Mb-14","Brau-2015","FW",4.01,0.506115478600794,TRUE
"Mb-167","Brau-2015","FW",2.99,0.506115478600794,TRUE
"Mb-2","Brau-2015","FW",2.13,0.506115478600794,TRUE
"Mb-221","Brau-2015","FW",0.89,0.506115478600794,TRUE
"Mb-229","Brau-2015","FW",1.25,0.506115478600794,TRUE
"Mb-255","Brau-2015","FW",1.74519279644378,0.707983213881068,TRUE
"Mb-3","Brau-2015","FW",2.89480720355622,0.707983213881068,TRUE
"Mb-306","Brau-2015","FW",1.88,0.506115478600794,TRUE
"Mb-31","Brau-2015","FW",1.74,0.506115478600794,TRUE
"Mb-35","Brau-2015","FW",1.71,0.506115478600794,TRUE
"Mb-37","Brau-2015","FW",5.33,0.506115478600794,TRUE
"Mb-434_1","Brau-2015","FW",2.03,0.506115478600794,TRUE
"Mb-526_13","Brau-2015","FW",1.68,0.506115478600794,TRUE
"Mb-527_1","Brau-2015","FW",2.51,0.506115478600794,TRUE
"Mb-533_1","Brau-2015","FW",1.46,0.506115478600794,TRUE
"Mb-539_1","Brau-2015","FW",0.630000000000002,0.506115478600794,TRUE
"Mb-585_1","Brau-2015","FW",3.69480720355622,0.707983213881068,TRUE
"Mb-70","Brau-2015","FW",3.21,0.506115478600794,TRUE
"Mb-74","Brau-2015","FW",2.59,0.506115478600794,TRUE
"Mb-851_1","Brau-2015","FW",1.93480720355622,0.707983213881068,TRUE
"Mb-86","Brau-2015","FW",3.29,0.506115478600794,TRUE
"Mb-893_11","Brau-2015","FW",2.56,0.506115478600794,TRUE
"Mb-9","Brau-2015","FW",1.98,0.506115478600794,TRUE
"Mb-910_11","Brau-2015","FW",3.94,0.506115478600794,TRUE
"Mb-914_13","Brau-2015","FW",3.29,0.506115478600794,TRUE
"Mb-928_18","Brau-2015","FW",5.57480720355622,0.707983213881068,TRUE
"Mb-930","Brau-2015","FW",3.22,0.506115478600794,TRUE
"Mb-931_12","Brau-2015","FW",3.38,0.506115478600794,TRUE
"Mb-933_11","Brau-2015","FW",2.34,0.506115478600794,TRUE
"Mb-935_13","Brau-2015","FW",2.15160240118541,0.418541355408109,TRUE
"Mb-960_20","Brau-2015","FW",4.05,0.366631893822733,TRUE
"Mb-974_19","Brau-2015","FW",3.02,0.506115478600794,TRUE
"Mb-99","Brau-2015","FW",3.6330860573122,0.189409876744087,TRUE
"Mb-104","Brau-2015","FW",4.55000000000002,0.506115478600795,TRUE
"Mb-1086_54","Brau-2015","FW",7.21,0.506115478600793,TRUE
"Mb-1130_51","Brau-2015","FW",3.76,0.506115478600793,TRUE
"Mb-1132_52","Brau-2015","FW",1.97,0.506115478600793,TRUE
"Mb-147","Brau-2015","FW",3.39,0.506115478600793,TRUE
"Mb-148","Brau-2015","FW",3.5,0.506115478600793,TRUE
"Mb-1485_42","Brau-2015","FW",4.49,0.506115478600793,TRUE
"Mb-1486_1","Brau-2015","FW",4.47,0.506115478600793,TRUE
"Mb-149","Brau-2015","FW",4.49,0.506115478600793,TRUE
"Mb-188","Brau-2015","FW",5.81,0.506115478600793,TRUE
"Mb-307","Brau-2015","FW",6.94,0.506115478600793,TRUE
"Mb-308","Brau-2015","FW",6.21480720355622,0.707983213881068,TRUE
"Mb-309","Brau-2015","FW",6.77,0.506115478600793,TRUE
"Mb-310","Brau-2015","FW",3.83,0.506115478600793,TRUE
"Mb-72","Brau-2015","FW",3.01,0.506115478600793,TRUE
"Mx-1548_12","Brau-2015","FW",2.19,0.506115478600793,TRUE
"Mx-1915_12","Brau-2015","FW",2.31,0.506115478600793,TRUE
"Mx-1932_13","Brau-2015","FW",3.63,0.506115478600793,TRUE
"Mx-1933_11","Brau-2015","FW",3.33,0.506115478600793,TRUE
"Mx-1956_15","Brau-2015","FW",2.7,0.506115478600793,TRUE
"Mx-2446_1","Brau-2015","FW",3.6,0.506115478600793,TRUE
"Mx-437_90","Brau-2015","FW",4.46,0.506115478600793,TRUE
"Mb-1037_52","Brau-2015","MC",9.3367224999993,1.36338901542959,TRUE
"Mb-1040_17","Brau-2015","MC",14.0848,1.92102880797517,TRUE
"Mb-1043_32","Brau-2015","MC",10.3977,1.92102880797517,TRUE
"Mb-1044_50","Brau-2015","MC",9.87054995039403,1.57190987815808,TRUE
"Mb-1056_31","Brau-2015","MC",9.89528500000001,1.92102880797517,TRUE
"Mb-1067_18","Brau-2015","MC",19.8256,1.92102880797517,TRUE
"Mb-1155_33","Brau-2015","MC",17.8233401488179,2.71430822242168,TRUE
"Mb-1162_20","Brau-2015","MC",13.0853,1.92102880797517,TRUE
"Mb-1261_15","Brau-2015","MC",10.9272,1.92102880797517,TRUE
"Mb-1353_14","Brau-2015","MC",9.70919250000001,1.36338901542959,TRUE
"Mb-140","Brau-2015","MC",9.55018500000001,1.92102880797517,TRUE
"Mb-142","Brau-2015","MC",9.188155,1.92102880797517,TRUE
"Mb-144","Brau-2015","MC",9.390725,1.92102880797517,TRUE
"Mb-146","Brau-2015","MC",11.88825,1.92102880797517,TRUE
"Mb-166","Brau-2015","MC",23.08625,1.92102880797517,TRUE
"Mb-177","Brau-2015","MC",9.632355,1.92102880797517,TRUE
"Mb-226","Brau-2015","MC",10.595615,1.92102880797517,TRUE
"Mb-272","Brau-2015","MC",8.45622,1.92102880797517,TRUE
"Mb-297","Brau-2015","MC",8.64859,1.92102880797517,TRUE
"Mb-353","Brau-2015","MC",8.481745,1.92102880797517,TRUE
"Mb-383_1","Brau-2015","MC",17.0777,1.92102880797517,TRUE
"Mb-391","Brau-2015","MC",10.263365,1.92102880797517,TRUE
"Mb-393_1","Brau-2015","MC",21.784,1.92102880797517,TRUE
"Mb-397","Brau-2015","MC",15.20595,1.92102880797517,TRUE
"Mb-399","Brau-2015","MC",11.4049401488179,2.71430822242168,TRUE
"Mb-401","Brau-2015","MC",15.2345,1.92102880797517,TRUE
"Mb-411","Brau-2015","MC",20.02275,1.92102880797517,TRUE
"Mb-416","Brau-2015","MC",28.1887598511821,2.71430822242168,TRUE
"Mb-425_1","Brau-2015","MC",16.03155,1.92102880797517,TRUE
"Mb-427_1","Brau-2015","MC",11.4543401488179,2.71430822242168,TRUE
"Mb-431_1","Brau-2015","MC",11.5318,1.92102880797517,TRUE
"Mb-485_1","Brau-2015","MC",10.8398,1.92102880797517,TRUE
"Mb-486","Brau-2015","MC",11.7279,1.92102880797517,TRUE
"Mb-488_15","Brau-2015","MC",12.7707,1.92102880797517,TRUE
"Mb-490_10","Brau-2015","MC",10.9914,1.36338901542959,TRUE
"Mb-494_1","Brau-2015","MC",10.036585,1.92102880797517,TRUE
"Mb-498_1","Brau-2015","MC",20.5092,1.92102880797517,TRUE
"Mb-502_1","Brau-2015","MC",19.2738,1.92102880797517,TRUE
"Mb-505_1","Brau-2015","MC",15.20525,1.92102880797517,TRUE
"Mb-508","Brau-2015","MC",10.8797401488179,2.71430822242168,TRUE
"Mb-628_1","Brau-2015","MC",18.73155,1.92102880797517,TRUE
"Mb-76","Brau-2015","MC",12.47425,1.92102880797517,TRUE
"Mb-770_18","Brau-2015","MC",13.8954,1.92102880797517,TRUE
"Mb-779_14","Brau-2015","MC",17.6412,1.92102880797517,TRUE
"Mb-787_13","Brau-2015","MC",11.2261401488179,2.71430822242168,TRUE
"Mb-810_11","Brau-2015","MC",9.528695,1.92102880797517,TRUE
"Mb-819_19","Brau-2015","MC",9.27979,1.36338901542959,TRUE
"Mb-884_1","Brau-2015","MC",9.605815,1.92102880797517,TRUE
"Mb-913_17","Brau-2015","MC",11.1259,1.92102880797517,TRUE
"Mb-94","Brau-2015","MC",6.85746014881793,2.71430822242168,TRUE
"Mb-956_19","Brau-2015","MC",10.823175,1.36338901542959,TRUE
"Mb-958_19","Brau-2015","MC",11.45476,1.92102880797517,TRUE
"Mb-961_16","Brau-2015","MC",11.7668,1.92102880797517,TRUE
"Mb-965_15","Brau-2015","MC",11.5776,1.92102880797517,TRUE
"Mb-969_18","Brau-2015","MC",14.1828,1.92102880797517,TRUE
"Mx-2470_5","Brau-2015","MC",20.9511,1.92102880797517,TRUE
"Mb-102","Brau-2015","MC",14.9060999999999,1.92102880797517,TRUE
"Mb-109","Brau-2015","MC",23.81785,1.92102880797517,TRUE
"Mb-110","Brau-2015","MC",30.1646,1.92102880797517,TRUE
"Mb-111","Brau-2015","MC",11.6771,1.92102880797517,TRUE
"Mb-113","Brau-2015","MC",12.3122,1.92102880797517,TRUE
"Mb-1147_12","Brau-2015","MC",14.021425,1.36338901542959,TRUE
"Mb-115","Brau-2015","MC",6.58549499999999,1.92102880797517,TRUE
"Mb-1153_20","Brau-2015","MC",31.484175,1.36338901542959,TRUE
"Mb-1156_13","Brau-2015","MC",36.50585,1.92102880797517,TRUE
"Mb-1182_16","Brau-2015","MC",31.6518,1.92102880797517,TRUE
"Mb-1205_12","Brau-2015","MC",11.47645,1.92102880797517,TRUE
"Mb-1231_18","Brau-2015","MC",33.8446,1.92102880797517,TRUE
"Mb-1238_1","Brau-2015","MC",15.2115,1.92102880797517,TRUE
"Mb-14","Brau-2015","MC",12.98685,1.92102880797517,TRUE
"Mb-167","Brau-2015","MC",25.64465,1.92102880797517,TRUE
"Mb-2","Brau-2015","MC",18.56125,1.92102880797517,TRUE
"Mb-221","Brau-2015","MC",15.683,1.92102880797517,TRUE
"Mb-229","Brau-2015","MC",6.85746014881792,2.71430822242168,TRUE
"Mb-255","Brau-2015","MC",8.25948014881792,2.71430822242168,TRUE
"Mb-3","Brau-2015","MC",21.6172598511821,2.71430822242168,TRUE
"Mb-306","Brau-2015","MC",13.82905,1.92102880797517,TRUE
"Mb-31","Brau-2015","MC",11.5107,1.92102880797517,TRUE
"Mb-35","Brau-2015","MC",14.75645,1.92102880797517,TRUE
"Mb-37","Brau-2015","MC",29.95105,1.92102880797517,TRUE
"Mb-434_1","Brau-2015","MC",7.1332,1.92102880797517,TRUE
"Mb-526_13","Brau-2015","MC",9.88334,1.92102880797517,TRUE
"Mb-527_1","Brau-2015","MC",9.054115,1.92102880797517,TRUE
"Mb-533_1","Brau-2015","MC",11.51299,1.92102880797517,TRUE
"Mb-539_1","Brau-2015","MC",6.88108,1.92102880797517,TRUE
"Mb-585_1","Brau-2015","MC",16.2539598511821,2.71430822242168,TRUE
"Mb-70","Brau-2015","MC",31.24335,1.92102880797517,TRUE
"Mb-74","Brau-2015","MC",28.6075,1.92102880797517,TRUE
"Mb-851_1","Brau-2015","MC",35.687459851182,2.71430822242168,TRUE
"Mb-86","Brau-2015","MC",15.7274,1.92102880797517,TRUE
"Mb-893_11","Brau-2015","MC",28.94645,1.92102880797517,TRUE
"Mb-9","Brau-2015","MC",11.765625,1.92102880797517,TRUE
"Mb-910_11","Brau-2015","MC",25.3397,1.92102880797517,TRUE
"Mb-914_13","Brau-2015","MC",28.3123,1.92102880797517,TRUE
"Mb-928_18","Brau-2015","MC",32.309159851182,2.71430822242168,TRUE
"Mb-930","Brau-2015","MC",28.04765,1.92102880797517,TRUE
"Mb-931_12","Brau-2015","MC",21.2636401488179,2.71430822242168,TRUE
"Mb-933_11","Brau-2015","MC",26.85575,1.92102880797517,TRUE
"Mb-935_13","Brau-2015","MC",14.156819950394,1.57190987815808,TRUE
"Mb-960_20","Brau-2015","MC",31.9331,1.36338901542959,TRUE
"Mb-974_19","Brau-2015","MC",18.42205,1.92102880797517,TRUE
"Mb-99","Brau-2015","MC",16.6081838024372,0.613352095720461,TRUE
"Mb-104","Brau-2015","MC",19.6368,1.92102880797517,TRUE
"Mb-1086_54","Brau-2015","MC",16.81855,1.92102880797517,TRUE
"Mb-1130_51","Brau-2015","MC",16.4441,1.92102880797517,TRUE
"Mb-1132_52","Brau-2015","MC",9.70238,1.92102880797517,TRUE
"Mb-147","Brau-2015","MC",9.26131,1.92102880797517,TRUE
"Mb-148","Brau-2015","MC",10.7521,1.92102880797517,TRUE
"Mb-1485_42","Brau-2015","MC",15.91165,1.92102880797517,TRUE
"Mb-1486_1","Brau-2015","MC",15.69285,1.92102880797517,TRUE
"Mb-149","Brau-2015","MC",21.4849,1.92102880797517,TRUE
"Mb-188","Brau-2015","MC",18.64405,1.92102880797517,TRUE
"Mb-307","Brau-2015","MC",16.84905,1.92102880797517,TRUE
"Mb-308","Brau-2015","MC",25.8815598511821,2.71430822242168,TRUE
"Mb-309","Brau-2015","MC",24.85475,1.92102880797517,TRUE
"Mb-310","Brau-2015","MC",22.17175,1.92102880797517,TRUE
"Mb-72","Brau-2015","MC",20.04125,1.92102880797517,TRUE
"Mx-1548_12","Brau-2015","MC",13.14495,1.92102880797517,TRUE
"Mx-1915_12","Brau-2015","MC",8.28812014881793,2.71430822242168,TRUE
"Mx-1932_13","Brau-2015","MC",12.07285,1.92102880797517,TRUE
"Mx-1933_11","Brau-2015","MC",14.752,1.92102880797517,TRUE
"Mx-1956_15","Brau-2015","MC",15.0237,1.92102880797517,TRUE
"Mx-2446_1","Brau-2015","MC",24.68965,1.92102880797517,TRUE
"Mx-437_90","Brau-2015","MC",8.666705,1.92102880797517,TRUE
"Mb-140","Brau-2016","DM",3.33444500000005,0.512631272329704,TRUE
"Mb-142","Brau-2016","DM",3.019565,0.512631272329706,TRUE
"Mb-144","Brau-2016","DM",3.02616,0.512631272329706,TRUE
"Mb-146","Brau-2016","DM",2.846575,0.512631272329706,TRUE
"Mb-166","Brau-2016","DM",0.881076000000004,0.512631272329706,TRUE
"Mb-177","Brau-2016","DM",1.7503734395726,0.724731543870567,TRUE
"Mb-226","Brau-2016","DM",4.0599834395726,0.724731543870567,TRUE
"Mb-272","Brau-2016","DM",1.580195,0.512631272329706,TRUE
"Mb-297","Brau-2016","DM",1.93846,0.512631272329706,TRUE
"Mb-494_1","Brau-2016","DM",2.7452734395726,0.724731543870567,TRUE
"Mb-498_1","Brau-2016","DM",0.382264439572604,0.724731543870567,TRUE
"Mb-76","Brau-2016","DM",3.9648,0.512631272329706,TRUE
"Mb-94","Brau-2016","DM",1.77917,0.512631272329706,TRUE
"Mb-102","Brau-2016","DM",2.84924343957256,0.724731543870562,TRUE
"Mb-109","Brau-2016","DM",2.6046365604274,0.724731543870567,TRUE
"Mb-110","Brau-2016","DM",3.71755,0.512631272329706,TRUE
"Mb-111","Brau-2016","DM",1.4213,0.512631272329706,TRUE
"Mb-113","Brau-2016","DM",1.83837,0.512631272329706,TRUE
"Mb-115","Brau-2016","DM",1.819265,0.512631272329706,TRUE
"Mb-1153_20","Brau-2016","DM",3.028775,0.363473195684216,TRUE
"Mb-1156_13","Brau-2016","DM",1.6433905,0.512631272329706,TRUE
"Mb-1182_16","Brau-2016","DM",1.0495934395726,0.724731543870567,TRUE
"Mb-1205_12","Brau-2016","DM",4.33159,0.512631272329706,TRUE
"Mb-1231_18","Brau-2016","DM",4.361605,0.512631272329706,TRUE
"Mb-1238_1","Brau-2016","DM",0.882075439572601,0.724731543870567,TRUE
"Mb-14","Brau-2016","DM",2.3363765604274,0.724731543870567,TRUE
"Mb-167","Brau-2016","DM",1.394325,0.512631272329706,TRUE
"Mb-2","Brau-2016","DM",2.57584,0.512631272329706,TRUE
"Mb-221","Brau-2016","DM",0.602951439572601,0.724731543870567,TRUE
"Mb-229","Brau-2016","DM",0.87387,0.512631272329706,TRUE
"Mb-255","Brau-2016","DM",1.4945434395726,0.724731543870567,TRUE
"Mb-3","Brau-2016","DM",2.1932965604274,0.724731543870567,TRUE
"Mb-31","Brau-2016","DM",2.348575,0.512631272329706,TRUE
"Mb-35","Brau-2016","DM",1.701475,0.512631272329706,TRUE
"Mb-37","Brau-2016","DM",4.407885,0.512631272329706,TRUE
"Mb-526_13","Brau-2016","DM",1.422285,0.512631272329706,TRUE
"Mb-527_1","Brau-2016","DM",1.4547785,0.512631272329706,TRUE
"Mb-70","Brau-2016","DM",2.173985,0.512631272329706,TRUE
"Mb-74","Brau-2016","DM",2.722975,0.512631272329706,TRUE
"Mb-86","Brau-2016","DM",3.4662,0.512631272329706,TRUE
"Mb-893_11","Brau-2016","DM",3.2588134395726,0.724731543870567,TRUE
"Mb-9","Brau-2016","DM",1.968355,0.512631272329706,TRUE
"Mb-910_11","Brau-2016","DM",2.016655,0.512631272329706,TRUE
"Mb-928_18","Brau-2016","DM",3.3466665604274,0.724731543870567,TRUE
"Mb-930","Brau-2016","DM",2.1181,0.512631272329706,TRUE
"Mb-931_12","Brau-2016","DM",2.536415,0.512631272329706,TRUE
"Mb-933_11","Brau-2016","DM",3.074875,0.512631272329706,TRUE
"Mb-960_20","Brau-2016","DM",1.681543,0.363473195684216,TRUE
"Mb-974_19","Brau-2016","DM",3.26517,0.512631272329706,TRUE
"Mb-99","Brau-2016","DM",3.22108808006106,0.196960697465772,TRUE
"Mb-104","Brau-2016","DM",5.46726,0.512631272329705,TRUE
"Mb-1086_54","Brau-2016","DM",5.46074,0.512631272329706,TRUE
"Mb-1130_51","Brau-2016","DM",4.358895,0.512631272329706,TRUE
"Mb-147","Brau-2016","DM",2.2033434395726,0.724731543870567,TRUE
"Mb-148","Brau-2016","DM",2.24885,0.512631272329706,TRUE
"Mb-1485_42","Brau-2016","DM",3.445435,0.512631272329706,TRUE
"Mb-1486_1","Brau-2016","DM",4.325635,0.512631272329706,TRUE
"Mb-149","Brau-2016","DM",3.003605,0.512631272329706,TRUE
"Mb-188","Brau-2016","DM",5.658745,0.512631272329706,TRUE
"Mb-307","Brau-2016","DM",4.7110165604274,0.724731543870567,TRUE
"Mb-308","Brau-2016","DM",3.4084065604274,0.724731543870567,TRUE
"Mb-309","Brau-2016","DM",4.79709,0.512631272329706,TRUE
"Mb-310","Brau-2016","DM",2.4206865604274,0.724731543870567,TRUE
"Mb-72","Brau-2016","DM",3.9508434395726,0.724731543870567,TRUE
"Mx-1548_12","Brau-2016","DM",1.161575,0.512631272329706,TRUE
"Mx-1915_12","Brau-2016","DM",2.31673,0.512631272329706,TRUE
"Mx-1932_13","Brau-2016","DM",3.044965,0.512631272329706,TRUE
"Mx-1933_11","Brau-2016","DM",3.1761,0.512631272329706,TRUE
"Mx-1956_15","Brau-2016","DM",2.40934,0.512631272329706,TRUE
"Mx-2446_1","Brau-2016","DM",3.2288965604274,0.724731543870567,TRUE
"Mb-140","Brau-2016","FW",4.54000000000009,0.842516907312951,TRUE
"Mb-142","Brau-2016","FW",4.03,0.842516907312956,TRUE
"Mb-144","Brau-2016","FW",4.36,0.842516907312956,TRUE
"Mb-146","Brau-2016","FW",3.85,0.842516907312956,TRUE
"Mb-166","Brau-2016","FW",1.58,0.842516907312956,TRUE
"Mb-177","Brau-2016","FW",2.39999936729546,1.19149883685043,TRUE
"Mb-226","Brau-2016","FW",5.83999936729546,1.19149883685043,TRUE
"Mb-272","Brau-2016","FW",2.4,0.842516907312956,TRUE
"Mb-297","Brau-2016","FW",2.83,0.842516907312956,TRUE
"Mb-494_1","Brau-2016","FW",3.17999936729546,1.19149883685043,TRUE
"Mb-498_1","Brau-2016","FW",0.599999367295459,1.19149883685043,TRUE
"Mb-76","Brau-2016","FW",5.31,0.842516907312956,TRUE
"Mb-94","Brau-2016","FW",2.52,0.842516907312956,TRUE
"Mb-102","Brau-2016","FW",4.79999999999998,0.842516907312954,TRUE
"Mb-109","Brau-2016","FW",5.16000063270455,1.19149883685043,TRUE
"Mb-110","Brau-2016","FW",7.29,0.842516907312956,TRUE
"Mb-111","Brau-2016","FW",2.05,0.842516907312956,TRUE
"Mb-113","Brau-2016","FW",2.6,0.842516907312956,TRUE
"Mb-115","Brau-2016","FW",2.68,0.842516907312956,TRUE
"Mb-1153_20","Brau-2016","FW",4.835,0.595749448568109,TRUE
"Mb-1156_13","Brau-2016","FW",2.78,0.842516907312956,TRUE
"Mb-1182_16","Brau-2016","FW",1.63999936729546,1.19149883685043,TRUE
"Mb-1205_12","Brau-2016","FW",5.11,0.842516907312956,TRUE
"Mb-1231_18","Brau-2016","FW",7.71,0.842516907312956,TRUE
"Mb-1238_1","Brau-2016","FW",1.51,0.842516907312956,TRUE
"Mb-14","Brau-2016","FW",3.50000063270455,1.19149883685043,TRUE
"Mb-167","Brau-2016","FW",3.07,0.842516907312956,TRUE
"Mb-2","Brau-2016","FW",3.84,0.842516907312956,TRUE
"Mb-221","Brau-2016","FW",0.89,0.842516907312956,TRUE
"Mb-229","Brau-2016","FW",1.21,0.842516907312956,TRUE
"Mb-255","Brau-2016","FW",2.33999936729546,1.19149883685043,TRUE
"Mb-3","Brau-2016","FW",3.30000063270455,1.19149883685043,TRUE
"Mb-31","Brau-2016","FW",3.28,0.842516907312956,TRUE
"Mb-35","Brau-2016","FW",2.34,0.842516907312956,TRUE
"Mb-37","Brau-2016","FW",7.67,0.842516907312956,TRUE
"Mb-526_13","Brau-2016","FW",1.63,0.842516907312956,TRUE
"Mb-527_1","Brau-2016","FW",1.66,0.842516907312956,TRUE
"Mb-70","Brau-2016","FW",4.08,0.842516907312956,TRUE
"Mb-74","Brau-2016","FW",4.68,0.842516907312956,TRUE
"Mb-86","Brau-2016","FW",5.11,0.842516907312956,TRUE
"Mb-893_11","Brau-2016","FW",3.85999936729546,1.19149883685043,TRUE
"Mb-9","Brau-2016","FW",2.82,0.842516907312956,TRUE
"Mb-910_11","Brau-2016","FW",2.67,0.842516907312956,TRUE
"Mb-928_18","Brau-2016","FW",5.58000063270455,1.19149883685043,TRUE
"Mb-930","Brau-2016","FW",3.57,0.842516907312956,TRUE
"Mb-931_12","Brau-2016","FW",3.62,0.842516907312956,TRUE
"Mb-933_11","Brau-2016","FW",4.5,0.842516907312956,TRUE
"Mb-960_20","Brau-2016","FW",2.49,0.595749448568109,TRUE
"Mb-974_19","Brau-2016","FW",4.44,0.842516907312956,TRUE
"Mb-99","Brau-2016","FW",4.36250007908807,0.297874816596351,TRUE
"Mb-104","Brau-2016","FW",9.15000000000003,0.842516907312958,TRUE
"Mb-1086_54","Brau-2016","FW",7.76,0.842516907312956,TRUE
"Mb-1130_51","Brau-2016","FW",6.06,0.842516907312956,TRUE
"Mb-147","Brau-2016","FW",3.55999936729546,1.19149883685043,TRUE
"Mb-148","Brau-2016","FW",3.65,0.842516907312956,TRUE
"Mb-1485_42","Brau-2016","FW",5.07,0.842516907312956,TRUE
"Mb-1486_1","Brau-2016","FW",5.36,0.842516907312956,TRUE
"Mb-149","Brau-2016","FW",4.82,0.842516907312956,TRUE
"Mb-188","Brau-2016","FW",9.13,0.842516907312956,TRUE
"Mb-307","Brau-2016","FW",6.70000063270455,1.19149883685043,TRUE
"Mb-308","Brau-2016","FW",5.52000063270455,1.19149883685043,TRUE
"Mb-309","Brau-2016","FW",8.09,0.842516907312956,TRUE
"Mb-310","Brau-2016","FW",3.88000063270455,1.19149883685043,TRUE
"Mb-72","Brau-2016","FW",5.69,0.842516907312956,TRUE
"Mx-1548_12","Brau-2016","FW",1.37,0.842516907312956,TRUE
"Mx-1915_12","Brau-2016","FW",2.77,0.842516907312956,TRUE
"Mx-1932_13","Brau-2016","FW",3.76,0.842516907312956,TRUE
"Mx-1933_11","Brau-2016","FW",3.97,0.842516907312956,TRUE
"Mx-1956_15","Brau-2016","FW",3,0.842516907312956,TRUE
"Mx-2446_1","Brau-2016","FW",5.22000063270455,1.19149883685043,TRUE
"Mb-140","Brau-2016","MC",26.5910499999998,4.04884614108179,TRUE
"Mb-142","Brau-2016","MC",25.05155,4.0488461410818,TRUE
"Mb-144","Brau-2016","MC",30.1153,4.0488461410818,TRUE
"Mb-146","Brau-2016","MC",26.0386,4.0488461410818,TRUE
"Mb-166","Brau-2016","MC",43.31755,4.0488461410818,TRUE
"Mb-177","Brau-2016","MC",26.33555,4.0488461410818,TRUE
"Mb-226","Brau-2016","MC",30.7901,4.0488461410818,TRUE
"Mb-272","Brau-2016","MC",34.32715,4.0488461410818,TRUE
"Mb-297","Brau-2016","MC",31.75295,4.0488461410818,TRUE
"Mb-353","Brau-2016","MC",22.42775,4.0488461410818,TRUE
"Mb-383_1","Brau-2016","MC",41.4572,4.0488461410818,TRUE
"Mb-391","Brau-2016","MC",26.59965,4.0488461410818,TRUE
"Mb-393_1","Brau-2016","MC",37.8268,4.0488461410818,TRUE
"Mb-397","Brau-2016","MC",40.6075,4.0488461410818,TRUE
"Mb-399","Brau-2016","MC",28.0716173980493,5.72485096633221,TRUE
"Mb-401","Brau-2016","MC",41.40275,4.0488461410818,TRUE
"Mb-494_1","Brau-2016","MC",13.1972173980493,5.72485096633221,TRUE
"Mb-498_1","Brau-2016","MC",33.3012173980493,5.72485096633221,TRUE
"Mb-76","Brau-2016","MC",25.35325,4.0488461410818,TRUE
"Mb-94","Brau-2016","MC",29.184,4.0488461410818,TRUE
"Mb-102","Brau-2016","MC",42.9831173980499,5.7248509663322,TRUE
"Mb-109","Brau-2016","MC",51.41655,4.0488461410818,TRUE
"Mb-110","Brau-2016","MC",48.9504,4.0488461410818,TRUE
"Mb-111","Brau-2016","MC",30.8267,4.0488461410818,TRUE
"Mb-113","Brau-2016","MC",29.3749,4.0488461410818,TRUE
"Mb-115","Brau-2016","MC",32.17175,4.0488461410818,TRUE
"Mb-1153_20","Brau-2016","MC",36.760675,2.86816814902111,TRUE
"Mb-1156_13","Brau-2016","MC",41.6773,4.0488461410818,TRUE
"Mb-1182_16","Brau-2016","MC",34.9780173980493,5.72485096633221,TRUE
"Mb-1205_12","Brau-2016","MC",15.2883,4.0488461410818,TRUE
"Mb-1231_18","Brau-2016","MC",43.35355,4.0488461410818,TRUE
"Mb-1238_1","Brau-2016","MC",16.7158173980493,5.72485096633221,TRUE
"Mb-14","Brau-2016","MC",31.93875,4.0488461410818,TRUE
"Mb-167","Brau-2016","MC",54.5376,4.0488461410818,TRUE
"Mb-2","Brau-2016","MC",31.78135,4.0488461410818,TRUE
"Mb-221","Brau-2016","MC",33.9892173980493,5.72485096633221,TRUE
"Mb-229","Brau-2016","MC",27.87195,4.0488461410818,TRUE
"Mb-255","Brau-2016","MC",35.4473173980493,5.72485096633221,TRUE
"Mb-3","Brau-2016","MC",33.9886826019507,5.72485096633221,TRUE
"Mb-306","Brau-2016","MC",34.5064,4.0488461410818,TRUE
"Mb-31","Brau-2016","MC",29.4598,4.0488461410818,TRUE
"Mb-35","Brau-2016","MC",27.4948,4.0488461410818,TRUE
"Mb-37","Brau-2016","MC",42.4516,4.0488461410818,TRUE
"Mb-526_13","Brau-2016","MC",12.73725,4.0488461410818,TRUE
"Mb-527_1","Brau-2016","MC",12.1358,4.0488461410818,TRUE
"Mb-70","Brau-2016","MC",46.78455,4.0488461410818,TRUE
"Mb-74","Brau-2016","MC",41.6811,4.0488461410818,TRUE
"Mb-86","Brau-2016","MC",31.81995,4.0488461410818,TRUE
"Mb-893_11","Brau-2016","MC",15.2042173980493,5.72485096633221,TRUE
"Mb-9","Brau-2016","MC",30.21165,4.0488461410818,TRUE
"Mb-910_11","Brau-2016","MC",24.50105,4.0488461410818,TRUE
"Mb-928_18","Brau-2016","MC",40.2457826019507,5.72485096633221,TRUE
"Mb-930","Brau-2016","MC",40.93555,4.0488461410818,TRUE
"Mb-931_12","Brau-2016","MC",29.72005,4.0488461410818,TRUE
"Mb-933_11","Brau-2016","MC",31.54075,4.0488461410818,TRUE
"Mb-960_20","Brau-2016","MC",33.3644,2.86816814902111,TRUE
"Mb-974_19","Brau-2016","MC",26.5688,4.0488461410818,TRUE
"Mb-99","Brau-2016","MC",24.9609290752438,1.44984537077267,TRUE
"Mb-104","Brau-2016","MC",40.25925,4.0488461410818,TRUE
"Mb-1086_54","Brau-2016","MC",29.5916,4.0488461410818,TRUE
"Mb-1130_51","Brau-2016","MC",28.0761,4.0488461410818,TRUE
"Mb-147","Brau-2016","MC",37.6973173980493,5.72485096633221,TRUE
"Mb-148","Brau-2016","MC",37.84105,4.0488461410818,TRUE
"Mb-1485_42","Brau-2016","MC",31.9752,4.0488461410818,TRUE
"Mb-1486_1","Brau-2016","MC",19.29875,4.0488461410818,TRUE
"Mb-149","Brau-2016","MC",37.0201,4.0488461410818,TRUE
"Mb-188","Brau-2016","MC",37.96155,4.0488461410818,TRUE
"Mb-307","Brau-2016","MC",29.9646,4.0488461410818,TRUE
"Mb-308","Brau-2016","MC",38.4790826019507,5.72485096633221,TRUE
"Mb-309","Brau-2016","MC",40.75755,4.0488461410818,TRUE
"Mb-310","Brau-2016","MC",38.1707,4.0488461410818,TRUE
"Mb-72","Brau-2016","MC",29.9798173980493,5.72485096633221,TRUE
"Mx-1548_12","Brau-2016","MC",15.353,4.0488461410818,TRUE
"Mx-1915_12","Brau-2016","MC",16.40175,4.0488461410818,TRUE
"Mx-1932_13","Brau-2016","MC",18.7768,4.0488461410818,TRUE
"Mx-1933_11","Brau-2016","MC",19.9932,4.0488461410818,TRUE
"Mx-1956_15","Brau-2016","MC",19.68865,4.0488461410818,TRUE
"Mx-2446_1","Brau-2016","MC",38.3886826019507,5.72485096633221,TRUE
