"split","scheme","rep","fold","overlap","target","model","Environment","n","PA","raw_scale_PA","RMSE","baseline_RMSE"
1,"CV1",1,1,NA,"Raw","M1","ABR33",25,NA,NA,1.80001872721794,1.48225303215285
1,"CV1",1,1,NA,"Raw","M1","JKI",25,NA,NA,0.939045104692897,0.829745335168255
2,"CV1",1,2,NA,"Raw","M1","ABR33",25,NA,NA,2.10542464889366,1.76191756401615
2,"CV1",1,2,NA,"Raw","M1","JKI",25,NA,NA,0.839998737697047,0.77624975689857
3,"CV1",1,3,NA,"Raw","M1","ABR33",25,NA,NA,1.11826231742935,1.08964524078103
3,"CV1",1,3,NA,"Raw","M1","JKI",25,NA,NA,0.495527391996115,0.480187416231375
4,"CV1",1,4,NA,"Raw","M1","ABR33",25,NA,NA,1.19211800462988,1.03494180514196
4,"CV1",1,4,NA,"Raw","M1","JKI",25,NA,NA,0.785899886070078,0.646589510516655
5,"CV1",1,5,NA,"Raw","M1","ABR33",25,NA,NA,1.07696198932324,1.07096981960168
5,"CV1",1,5,NA,"Raw","M1","JKI",24,NA,NA,0.842813609872657,0.686607575197042
6,"CV1",2,1,NA,"Raw","M1","ABR33",25,NA,NA,1.63752585409556,1.2601032485936
6,"CV1",2,1,NA,"Raw","M1","JKI",25,NA,NA,0.923013316678373,0.756288937292646
7,"CV1",2,2,NA,"Raw","M1","ABR33",25,NA,NA,1.33797028303741,1.28025132135606
7,"CV1",2,2,NA,"Raw","M1","JKI",24,NA,NA,0.71406862358723,0.703399810438457
8,"CV1",2,3,NA,"Raw","M1","ABR33",25,NA,NA,1.76731524413992,1.40108477606924
8,"CV1",2,3,NA,"Raw","M1","JKI",25,NA,NA,0.869430643483704,0.641936683887704
9,"CV1",2,4,NA,"Raw","M1","ABR33",25,NA,NA,1.58298974993484,1.40657758537646
9,"CV1",2,4,NA,"Raw","M1","JKI",25,NA,NA,0.652584551762918,0.535683185923316
10,"CV1",2,5,NA,"Raw","M1","ABR33",25,NA,NA,1.1106607149911,0.965877493683563
10,"CV1",2,5,NA,"Raw","M1","JKI",25,NA,NA,0.762244816642346,0.761828427912443
11,"CV1",3,1,NA,"Raw","M1","ABR33",25,NA,NA,1.18853009448818,0.969184583185379
11,"CV1",3,1,NA,"Raw","M1","JKI",24,NA,NA,0.645052005612368,0.598006659028884
12,"CV1",3,2,NA,"Raw","M1","ABR33",25,NA,NA,1.48886175616559,1.2381815440697
12,"CV1",3,2,NA,"Raw","M1","JKI",25,NA,NA,0.662183680982411,0.608106124582626
13,"CV1",3,3,NA,"Raw","M1","ABR33",25,NA,NA,1.8164529316374,1.49672896015435
13,"CV1",3,3,NA,"Raw","M1","JKI",25,NA,NA,0.981913401551622,0.81952637981212
14,"CV1",3,4,NA,"Raw","M1","ABR33",25,NA,NA,1.77520073821439,1.44508009669894
14,"CV1",3,4,NA,"Raw","M1","JKI",25,NA,NA,0.793340237101825,0.658837222267527
15,"CV1",3,5,NA,"Raw","M1","ABR33",25,NA,NA,1.2689074752814,1.24323476003848
15,"CV1",3,5,NA,"Raw","M1","JKI",25,NA,NA,0.847853927018023,0.76473516823892
16,"CV1",4,1,NA,"Raw","M1","ABR33",25,NA,NA,1.28597843095443,0.966500202979807
16,"CV1",4,1,NA,"Raw","M1","JKI",24,NA,NA,0.905683321173402,0.803704342281756
17,"CV1",4,2,NA,"Raw","M1","ABR33",25,NA,NA,1.73558003966061,1.5210022792005
17,"CV1",4,2,NA,"Raw","M1","JKI",25,NA,NA,0.67234066838201,0.654433056047194
18,"CV1",4,3,NA,"Raw","M1","ABR33",25,NA,NA,1.3729733917624,1.25061372333039
18,"CV1",4,3,NA,"Raw","M1","JKI",25,NA,NA,0.797394494539349,0.76135663234175
19,"CV1",4,4,NA,"Raw","M1","ABR33",25,NA,NA,1.50949778172844,1.43351260591279
19,"CV1",4,4,NA,"Raw","M1","JKI",25,NA,NA,0.818860493925668,0.635499747249152
20,"CV1",4,5,NA,"Raw","M1","ABR33",25,NA,NA,1.60224583173456,1.25881569026864
20,"CV1",4,5,NA,"Raw","M1","JKI",25,NA,NA,0.743976655273208,0.581388733976605
21,"CV1",5,1,NA,"Raw","M1","ABR33",25,NA,NA,1.25034517125205,1.02141501684334
21,"CV1",5,1,NA,"Raw","M1","JKI",25,NA,NA,0.693742415342998,0.603344315342954
22,"CV1",5,2,NA,"Raw","M1","ABR33",25,NA,NA,1.54941144071989,1.42417083765184
22,"CV1",5,2,NA,"Raw","M1","JKI",25,NA,NA,0.856788964085568,0.778671460767631
23,"CV1",5,3,NA,"Raw","M1","ABR33",25,NA,NA,1.62621316874095,1.18157609427813
23,"CV1",5,3,NA,"Raw","M1","JKI",25,NA,NA,0.846411842552769,0.725916466405116
24,"CV1",5,4,NA,"Raw","M1","ABR33",25,NA,NA,1.62486797070068,1.38575673433776
24,"CV1",5,4,NA,"Raw","M1","JKI",25,NA,NA,0.706507894965192,0.603696250813331
25,"CV1",5,5,NA,"Raw","M1","ABR33",25,NA,NA,1.47818747094674,1.36126208325937
25,"CV1",5,5,NA,"Raw","M1","JKI",24,NA,NA,0.814291581793804,0.682980627234509
26,"CV1",6,1,NA,"Raw","M1","ABR33",25,NA,NA,1.91266791299771,1.88215875587618
26,"CV1",6,1,NA,"Raw","M1","JKI",25,NA,NA,0.584109220603907,0.736792214411283
27,"CV1",6,2,NA,"Raw","M1","ABR33",25,NA,NA,1.47751662044213,1.1950797271579
27,"CV1",6,2,NA,"Raw","M1","JKI",25,NA,NA,0.832597021323741,0.623568585325949
28,"CV1",6,3,NA,"Raw","M1","ABR33",25,NA,NA,1.3078684381885,0.99199514746341
28,"CV1",6,3,NA,"Raw","M1","JKI",25,NA,NA,0.753074183164768,0.671423373302515
29,"CV1",6,4,NA,"Raw","M1","ABR33",25,NA,NA,1.25278894293956,1.0841682641455
29,"CV1",6,4,NA,"Raw","M1","JKI",24,NA,NA,0.854022129757718,0.739044503503075
30,"CV1",6,5,NA,"Raw","M1","ABR33",25,NA,NA,1.47811047864192,1.18140913718983
30,"CV1",6,5,NA,"Raw","M1","JKI",25,NA,NA,0.888912613601423,0.700765659884314
31,"CV1",7,1,NA,"Raw","M1","ABR33",25,NA,NA,1.75201811173309,1.41896780419265
31,"CV1",7,1,NA,"Raw","M1","JKI",25,NA,NA,1.11055321075425,0.867413312826206
32,"CV1",7,2,NA,"Raw","M1","ABR33",25,NA,NA,1.8377708134739,1.67005953587929
32,"CV1",7,2,NA,"Raw","M1","JKI",25,NA,NA,0.984427160593133,0.89126868174365
33,"CV1",7,3,NA,"Raw","M1","ABR33",25,NA,NA,0.984845324706639,0.753272871166342
33,"CV1",7,3,NA,"Raw","M1","JKI",24,NA,NA,0.473925836769123,0.516044451692375
34,"CV1",7,4,NA,"Raw","M1","ABR33",25,NA,NA,1.07516812534337,1.08228863445762
34,"CV1",7,4,NA,"Raw","M1","JKI",25,NA,NA,0.64933249070134,0.728394751192668
35,"CV1",7,5,NA,"Raw","M1","ABR33",25,NA,NA,1.71819252355615,1.4486053918676
35,"CV1",7,5,NA,"Raw","M1","JKI",25,NA,NA,0.500188654744505,0.526183927687917
36,"CV1",8,1,NA,"Raw","M1","ABR33",25,NA,NA,1.56329263879305,1.34837894437643
36,"CV1",8,1,NA,"Raw","M1","JKI",25,NA,NA,0.597089651360619,0.584046362201575
37,"CV1",8,2,NA,"Raw","M1","ABR33",25,NA,NA,1.46620466216609,1.09715244663186
37,"CV1",8,2,NA,"Raw","M1","JKI",25,NA,NA,0.911626940134838,0.792135826876971
38,"CV1",8,3,NA,"Raw","M1","ABR33",25,NA,NA,1.7269336538348,1.4546250366731
38,"CV1",8,3,NA,"Raw","M1","JKI",24,NA,NA,0.946754056759499,0.887964116791926
39,"CV1",8,4,NA,"Raw","M1","ABR33",25,NA,NA,1.7110537310871,1.43421330592639
39,"CV1",8,4,NA,"Raw","M1","JKI",25,NA,NA,0.578808210456815,0.491178692057793
40,"CV1",8,5,NA,"Raw","M1","ABR33",25,NA,NA,1.0542602879956,0.988493155928264
40,"CV1",8,5,NA,"Raw","M1","JKI",25,NA,NA,0.833369733063108,0.646297446583367
41,"CV1",9,1,NA,"Raw","M1","ABR33",25,NA,NA,1.55520827902498,1.20182385624291
41,"CV1",9,1,NA,"Raw","M1","JKI",25,NA,NA,1.00517104780951,0.866134815832057
42,"CV1",9,2,NA,"Raw","M1","ABR33",25,NA,NA,1.77670664952512,1.65803835421129
42,"CV1",9,2,NA,"Raw","M1","JKI",25,NA,NA,0.644795777195012,0.666349816359279
43,"CV1",9,3,NA,"Raw","M1","ABR33",25,NA,NA,1.34472611291404,0.951933796601701
43,"CV1",9,3,NA,"Raw","M1","JKI",24,NA,NA,0.76301464269966,0.647279188883663
44,"CV1",9,4,NA,"Raw","M1","ABR33",25,NA,NA,1.46436424044445,1.24462149095947
44,"CV1",9,4,NA,"Raw","M1","JKI",25,NA,NA,0.74720201070903,0.570298507568228
45,"CV1",9,5,NA,"Raw","M1","ABR33",25,NA,NA,1.35068275372516,1.29777774315042
45,"CV1",9,5,NA,"Raw","M1","JKI",25,NA,NA,0.73819756200902,0.749418073484912
46,"CV1",10,1,NA,"Raw","M1","ABR33",25,NA,NA,1.79215437461132,1.57403199682265
46,"CV1",10,1,NA,"Raw","M1","JKI",25,NA,NA,0.785621485582279,0.599157822386057
47,"CV1",10,2,NA,"Raw","M1","ABR33",25,NA,NA,1.77663399890453,1.43047759541359
47,"CV1",10,2,NA,"Raw","M1","JKI",25,NA,NA,0.995958956934059,0.85162629839621
48,"CV1",10,3,NA,"Raw","M1","ABR33",25,NA,NA,1.53964616463307,1.43146011349268
48,"CV1",10,3,NA,"Raw","M1","JKI",25,NA,NA,0.640530735031172,0.567668417152234
49,"CV1",10,4,NA,"Raw","M1","ABR33",25,NA,NA,1.3409468875063,0.88419027676078
49,"CV1",10,4,NA,"Raw","M1","JKI",24,NA,NA,0.839606264375046,0.797049562018072
50,"CV1",10,5,NA,"Raw","M1","ABR33",25,NA,NA,0.979553255172261,0.88785868142893
50,"CV1",10,5,NA,"Raw","M1","JKI",25,NA,NA,0.648919740592941,0.560301396911697
51,"CV2",1,1,NA,"Raw","M1","ABR33",25,0.652474714586111,0.652474714586111,1.57759248408022,1.66670343137493
51,"CV2",1,1,NA,"Raw","M1","JKI",20,0.390603927903273,0.390603927903273,0.555042299275959,0.586603036664273
52,"CV2",1,2,NA,"Raw","M1","ABR33",28,0.621338981135142,0.621338981135142,1.19476498069423,1.07495183705979
52,"CV2",1,2,NA,"Raw","M1","JKI",26,0.451446278387074,0.451446278387074,0.875508164405105,0.715955464648071
53,"CV2",1,3,NA,"Raw","M1","ABR33",24,0.268745933563088,0.268745933563088,1.50770792760517,1.28127190340351
53,"CV2",1,3,NA,"Raw","M1","JKI",30,0.590075442405971,0.590075442405971,0.754925194713433,0.770665130485128
54,"CV2",1,4,NA,"Raw","M1","ABR33",27,0.345497919211135,0.345497919211135,1.16221434020837,1.09758166419946
54,"CV2",1,4,NA,"Raw","M1","JKI",16,0.742182737456345,0.742182737456345,0.614906024188408,0.760225432992311
55,"CV2",1,5,NA,"Raw","M1","ABR33",20,0.616276798972173,0.616276798972173,1.46627626958308,1.23815995858731
55,"CV2",1,5,NA,"Raw","M1","JKI",32,0.584400660087936,0.584400660087936,0.514756102108432,0.582582667228245
56,"CV2",2,1,NA,"Raw","M1","ABR33",23,0.526252139693573,0.526252139693573,1.28653480980316,1.43445031560065
56,"CV2",2,1,NA,"Raw","M1","JKI",24,0.833931374515114,0.833931374515114,0.58387254213048,0.72121452764952
57,"CV2",2,2,NA,"Raw","M1","ABR33",31,0.400798157339297,0.400798157339297,1.46316007328276,1.24951297578381
57,"CV2",2,2,NA,"Raw","M1","JKI",23,0.42192280030067,0.42192280030067,0.872473529028231,0.76464993298475
58,"CV2",2,3,NA,"Raw","M1","ABR33",34,0.619852897241838,0.619852897241838,1.44549833307502,1.29351901299749
58,"CV2",2,3,NA,"Raw","M1","JKI",27,0.532771781865417,0.532771781865417,0.580845857699844,0.637953401566361
59,"CV2",2,4,NA,"Raw","M1","ABR33",15,0.770393556194179,0.770393556194179,1.58991414401994,1.45745098973458
59,"CV2",2,4,NA,"Raw","M1","JKI",28,0.233589424726315,0.233589424726315,0.889872461482656,0.631920343612157
60,"CV2",2,5,NA,"Raw","M1","ABR33",21,0.425240255743281,0.425240255743281,0.96902498091295,0.942447491670672
60,"CV2",2,5,NA,"Raw","M1","JKI",22,0.800831429802964,0.800831429802964,0.456756482947171,0.752811859780855
61,"CV2",3,1,NA,"Raw","M1","ABR33",27,0.341541022406734,0.341541022406734,0.90683833842447,0.799967034318994
61,"CV2",3,1,NA,"Raw","M1","JKI",24,0.588276710107447,0.588276710107447,0.660699057674914,0.83522179786916
62,"CV2",3,2,NA,"Raw","M1","ABR33",26,0.245391863740214,0.245391863740214,1.44735942812567,1.47341313518494
62,"CV2",3,2,NA,"Raw","M1","JKI",26,0.618806965697886,0.618806965697886,0.735170705862438,0.697656309599485
63,"CV2",3,3,NA,"Raw","M1","ABR33",22,0.582425149563038,0.582425149563038,1.19986847334995,0.96912046841436
63,"CV2",3,3,NA,"Raw","M1","JKI",31,0.747295400125534,0.747295400125534,0.610903667589951,0.671337488379802
64,"CV2",3,4,NA,"Raw","M1","ABR33",27,0.733397153185025,0.733397153185025,1.72800569617175,1.61618077191666
64,"CV2",3,4,NA,"Raw","M1","JKI",25,0.333217606304354,0.333217606304354,0.673486370267287,0.673540560029944
65,"CV2",3,5,NA,"Raw","M1","ABR33",22,0.687352554257864,0.687352554257864,1.49377923428862,1.43185038236387
65,"CV2",3,5,NA,"Raw","M1","JKI",18,0.438600436384325,0.438600436384325,1.05711330696566,0.506431949574181
66,"CV2",4,1,NA,"Raw","M1","ABR33",21,0.251955731201426,0.251955731201426,1.87221810568914,1.83576384328067
66,"CV2",4,1,NA,"Raw","M1","JKI",26,0.83942378395858,0.83942378395858,0.539168747604126,0.785450044762972
67,"CV2",4,2,NA,"Raw","M1","ABR33",24,0.607830455197488,0.607830455197488,1.20244850607646,1.07498225255545
67,"CV2",4,2,NA,"Raw","M1","JKI",35,0.479059146686279,0.479059146686279,0.642314369907,0.692298297137453
68,"CV2",4,3,NA,"Raw","M1","ABR33",27,0.651141161026432,0.651141161026432,1.52256150149598,1.48522018425431
68,"CV2",4,3,NA,"Raw","M1","JKI",18,0.509879895682077,0.509879895682077,0.741238737989323,0.577901298113283
69,"CV2",4,4,NA,"Raw","M1","ABR33",35,0.69573399058588,0.69573399058588,1.17638061089593,1.00251137264595
69,"CV2",4,4,NA,"Raw","M1","JKI",19,0.255426204248223,0.255426204248223,0.767222991250862,0.496891397386396
70,"CV2",4,5,NA,"Raw","M1","ABR33",17,0.485444862429675,0.485444862429675,0.949781881273234,0.88542714372795
70,"CV2",4,5,NA,"Raw","M1","JKI",26,0.513157476498185,0.513157476498185,0.710427776591434,0.796937991652654
71,"CV2",5,1,NA,"Raw","M1","ABR33",19,0.797945277400012,0.797945277400012,0.990764155219352,1.11581428916168
71,"CV2",5,1,NA,"Raw","M1","JKI",34,0.451716480523845,0.451716480523845,0.817162011767784,0.64318625845911
72,"CV2",5,2,NA,"Raw","M1","ABR33",35,0.369418039428737,0.369418039428737,1.51129914082022,1.43543628797971
72,"CV2",5,2,NA,"Raw","M1","JKI",27,0.663673203340831,0.663673203340831,0.616769389445171,0.685432430144226
73,"CV2",5,3,NA,"Raw","M1","ABR33",26,0.441718804075636,0.441718804075636,1.46736226927815,1.24324269908094
73,"CV2",5,3,NA,"Raw","M1","JKI",22,0.700253690346901,0.700253690346901,0.520522894525063,0.587372551832992
74,"CV2",5,4,NA,"Raw","M1","ABR33",21,0.858565967407467,0.858565967407467,1.09959077929152,0.976179068459325
74,"CV2",5,4,NA,"Raw","M1","JKI",26,0.434191728943099,0.434191728943099,0.759054268392165,0.723699463595777
75,"CV2",5,5,NA,"Raw","M1","ABR33",23,0.519435829901001,0.519435829901001,1.52912960666649,1.43286290458083
75,"CV2",5,5,NA,"Raw","M1","JKI",15,0.664994438451287,0.664994438451287,0.585591712011752,0.879661144174809
76,"CV2",6,1,NA,"Raw","M1","ABR33",23,0.362998619627488,0.362998619627488,1.05202114056819,0.853006373857909
76,"CV2",6,1,NA,"Raw","M1","JKI",25,0.44573991543694,0.44573991543694,0.741089123549653,0.826420488742042
77,"CV2",6,2,NA,"Raw","M1","ABR33",21,0.343814697870818,0.343814697870818,1.4081218046319,1.36885651326537
77,"CV2",6,2,NA,"Raw","M1","JKI",30,0.224090625659233,0.224090625659233,0.931847917827433,0.674674738950264
78,"CV2",6,3,NA,"Raw","M1","ABR33",29,0.53092259508086,0.53092259508086,1.52808967859933,1.41607567419629
78,"CV2",6,3,NA,"Raw","M1","JKI",20,0.68701831501843,0.68701831501843,0.645274758902772,0.665133940989757
79,"CV2",6,4,NA,"Raw","M1","ABR33",33,0.776376967336244,0.776376967336244,1.44287772282886,1.22319808904512
79,"CV2",6,4,NA,"Raw","M1","JKI",21,0.705865323593388,0.705865323593388,0.622636780616042,0.71707521258779
80,"CV2",6,5,NA,"Raw","M1","ABR33",18,0.378017447912272,0.378017447912272,1.47519456104725,1.54854892372153
80,"CV2",6,5,NA,"Raw","M1","JKI",28,0.797537902102714,0.797537902102714,0.389116164926135,0.570718567580402
81,"CV2",7,1,NA,"Raw","M1","ABR33",28,0.355630242109904,0.355630242109904,1.7090724172748,1.57129828914939
81,"CV2",7,1,NA,"Raw","M1","JKI",26,0.83847214010071,0.83847214010071,0.574165500029641,0.778932408900881
82,"CV2",7,2,NA,"Raw","M1","ABR33",22,0.833399293030011,0.833399293030011,1.60429003047056,1.59086046536781
82,"CV2",7,2,NA,"Raw","M1","JKI",25,0.0198392768536405,0.0198392768536405,0.913427519826847,0.567203603491786
83,"CV2",7,3,NA,"Raw","M1","ABR33",20,0.636675276667403,0.636675276667403,1.34436348824948,1.02983469463781
83,"CV2",7,3,NA,"Raw","M1","JKI",28,0.6564036312671,0.6564036312671,0.547263857190845,0.843965131801542
84,"CV2",7,4,NA,"Raw","M1","ABR33",29,0.343887210744947,0.343887210744947,1.19244041514708,1.19131541994609
84,"CV2",7,4,NA,"Raw","M1","JKI",22,0.678966653968631,0.678966653968631,0.6514567772831,0.705648611647472
85,"CV2",7,5,NA,"Raw","M1","ABR33",25,0.595470456563468,0.595470456563468,0.881644715456555,0.920931096740476
85,"CV2",7,5,NA,"Raw","M1","JKI",23,0.227249137579809,0.227249137579809,0.702561406298029,0.567766708033822
86,"CV2",8,1,NA,"Raw","M1","ABR33",21,0.553027841628346,0.553027841628346,1.61113593737596,1.42357015123868
86,"CV2",8,1,NA,"Raw","M1","JKI",23,0.619623215494417,0.619623215494417,0.52352721579136,0.662715938280659
87,"CV2",8,2,NA,"Raw","M1","ABR33",31,0.810045427809115,0.810045427809115,1.63833969500798,1.58000569088672
87,"CV2",8,2,NA,"Raw","M1","JKI",22,0.25698129858645,0.25698129858645,0.688453053502875,0.652911598544458
88,"CV2",8,3,NA,"Raw","M1","ABR33",26,0.365044168122372,0.365044168122372,0.855899623277262,0.925116116104419
88,"CV2",8,3,NA,"Raw","M1","JKI",23,0.488151440068678,0.488151440068678,0.798096914502775,0.770774622168993
89,"CV2",8,4,NA,"Raw","M1","ABR33",24,0.325945133074876,0.325945133074876,1.07569407616123,0.871976368651017
89,"CV2",8,4,NA,"Raw","M1","JKI",34,0.548138988856958,0.548138988856958,0.717198245674498,0.738155586224723
90,"CV2",8,5,NA,"Raw","M1","ABR33",22,0.399084950196073,0.399084950196073,1.66769773816014,1.67024107028734
90,"CV2",8,5,NA,"Raw","M1","JKI",22,0.746858117244986,0.746858117244986,0.511731328029885,0.607094704689363
91,"CV2",9,1,NA,"Raw","M1","ABR33",28,0.535028443446096,0.535028443446096,1.1041782178642,1.07749909711995
91,"CV2",9,1,NA,"Raw","M1","JKI",22,0.64024194603878,0.64024194603878,0.761435174023152,0.810229022328849
92,"CV2",9,2,NA,"Raw","M1","ABR33",16,0.460640964332445,0.460640964332445,1.86039523998002,1.75965157162654
92,"CV2",9,2,NA,"Raw","M1","JKI",34,0.312485979389875,0.312485979389875,0.873331665119125,0.563213519572306
93,"CV2",9,3,NA,"Raw","M1","ABR33",19,0.790170936176735,0.790170936176735,1.65502047516954,1.60128836881862
93,"CV2",9,3,NA,"Raw","M1","JKI",24,0.775163658069679,0.775163658069679,0.666929924683944,0.763099926300899
94,"CV2",9,4,NA,"Raw","M1","ABR33",33,0.54620848262987,0.54620848262987,1.51721678703661,1.36372135879402
94,"CV2",9,4,NA,"Raw","M1","JKI",27,0.503384942366866,0.503384942366866,0.739261309642371,0.815320864755832
95,"CV2",9,5,NA,"Raw","M1","ABR33",28,0.381145028810019,0.381145028810019,0.934937512283457,0.89732584826472
95,"CV2",9,5,NA,"Raw","M1","JKI",17,0.585269890566246,0.585269890566246,0.508537864366579,0.473601984906847
96,"CV2",10,1,NA,"Raw","M1","ABR33",16,0.697149429144908,0.697149429144908,1.68203704356472,1.51113828452935
96,"CV2",10,1,NA,"Raw","M1","JKI",31,0.393611215458362,0.393611215458362,0.690932465393419,0.68494517891395
97,"CV2",10,2,NA,"Raw","M1","ABR33",21,0.683865752406951,0.683865752406951,0.940095452842046,0.738194628565782
97,"CV2",10,2,NA,"Raw","M1","JKI",25,0.522779441765402,0.522779441765402,0.780428916176236,0.770504015629478
98,"CV2",10,3,NA,"Raw","M1","ABR33",31,0.613532012665577,0.613532012665577,1.17985145531785,1.02740907319283
98,"CV2",10,3,NA,"Raw","M1","JKI",22,0.806272177738494,0.806272177738494,0.548401908844258,0.764359625708577
99,"CV2",10,4,NA,"Raw","M1","ABR33",27,0.415916320687039,0.415916320687039,1.63475885463171,1.49490243404629
99,"CV2",10,4,NA,"Raw","M1","JKI",26,0.714327849806728,0.714327849806728,0.566504416505517,0.625274667630803
100,"CV2",10,5,NA,"Raw","M1","ABR33",29,0.378217200834555,0.378217200834555,1.43266179105869,1.50401758004472
100,"CV2",10,5,NA,"Raw","M1","JKI",20,0.19303049161217,0.19303049161217,0.93900703075027,0.57308562231578
101,"Sparse25",1,1,0,"Raw","M1","ABR33",100,0.25629229125434,0.25629229125434,1.61040596792118,1.39056324856236
101,"Sparse25",1,1,0,"Raw","M1","JKI",99,0.382356923208719,0.382356923208719,0.836254579917285,0.724203829049938
102,"Sparse25",2,1,0,"Raw","M1","ABR33",100,0.177577504625086,0.177577504625086,1.44091038271665,1.58658846554521
102,"Sparse25",2,1,0,"Raw","M1","JKI",99,0.405329814998375,0.405329814998375,0.742997372138879,0.715771809067451
103,"Sparse25",3,1,0,"Raw","M1","ABR33",100,0.203801670655856,0.203801670655856,1.63926761359684,1.39401558804519
103,"Sparse25",3,1,0,"Raw","M1","JKI",99,0.166516693497478,0.166516693497478,0.85761321933534,0.756693347802613
104,"Sparse25",4,1,0,"Raw","M1","ABR33",100,0.253698098252424,0.253698098252424,1.42885798069068,1.22418185893834
104,"Sparse25",4,1,0,"Raw","M1","JKI",99,0.180060132077767,0.180060132077767,0.781151318754207,0.707898053259274
105,"Sparse25",5,1,0,"Raw","M1","ABR33",100,0.305769613033562,0.305769613033562,1.34368990056839,1.2056203497742
105,"Sparse25",5,1,0,"Raw","M1","JKI",99,0.235198321196295,0.235198321196295,0.800793393571311,0.689821181066268
106,"Sparse25",6,1,0,"Raw","M1","ABR33",100,0.336941695210419,0.336941695210419,1.58780756878503,1.43968710636503
106,"Sparse25",6,1,0,"Raw","M1","JKI",99,0.255485595384863,0.255485595384863,0.748572057351044,0.648384216101665
107,"Sparse25",7,1,0,"Raw","M1","ABR33",100,0.162635893162784,0.162635893162784,1.45279930429932,1.23820124057753
107,"Sparse25",7,1,0,"Raw","M1","JKI",99,0.216911393499663,0.216911393499663,0.804961170414886,0.765861568949847
108,"Sparse25",8,1,0,"Raw","M1","ABR33",100,0.315284022240797,0.315284022240797,1.3985287417319,1.15977903119691
108,"Sparse25",8,1,0,"Raw","M1","JKI",99,0.295160664390115,0.295160664390115,0.744913714938026,0.700253782202279
109,"Sparse25",9,1,0,"Raw","M1","ABR33",100,0.0325962235953724,0.0325962235953724,1.55909167625127,1.34475900485051
109,"Sparse25",9,1,0,"Raw","M1","JKI",99,0.16867641286536,0.16867641286536,0.829403477603702,0.75421162994489
110,"Sparse25",10,1,0,"Raw","M1","ABR33",100,0.331215924941736,0.331215924941736,1.48136103742645,1.53210395420218
110,"Sparse25",10,1,0,"Raw","M1","JKI",99,0.253468727913282,0.253468727913282,0.763044482459215,0.690914636545052
111,"Sparse25",1,1,5,"Raw","M1","ABR33",100,0.0415108982142829,0.0415108982142829,1.4906859713253,1.36993366517419
111,"Sparse25",1,1,5,"Raw","M1","JKI",99,0.479759085593007,0.479759085593007,0.763413793614046,0.77650740726923
112,"Sparse25",2,1,5,"Raw","M1","ABR33",100,0.329945726534835,0.329945726534835,1.47936304256601,1.34203490259444
112,"Sparse25",2,1,5,"Raw","M1","JKI",99,0.318251282134358,0.318251282134358,0.740169568731077,0.70400080150171
113,"Sparse25",3,1,5,"Raw","M1","ABR33",100,0.228943025270195,0.228943025270195,1.46798023063822,1.39153562526462
113,"Sparse25",3,1,5,"Raw","M1","JKI",99,0.214805955214055,0.214805955214055,0.753341527010976,0.716634534389696
114,"Sparse25",4,1,5,"Raw","M1","ABR33",100,0.394923420056041,0.394923420056041,1.41725951589602,1.43941206582736
114,"Sparse25",4,1,5,"Raw","M1","JKI",99,0.332922008217294,0.332922008217294,0.705393125181751,0.657178540305232
115,"Sparse25",5,1,5,"Raw","M1","ABR33",100,0.341303293464781,0.341303293464781,1.43744255187704,1.21777759473883
115,"Sparse25",5,1,5,"Raw","M1","JKI",99,0.366604280392623,0.366604280392623,0.820502659523959,0.781716398341459
116,"Sparse25",6,1,5,"Raw","M1","ABR33",100,0.131397990900214,0.131397990900214,1.48717218853652,1.45282284858795
116,"Sparse25",6,1,5,"Raw","M1","JKI",99,0.403902259424825,0.403902259424825,0.700785630245425,0.735811915997745
117,"Sparse25",7,1,5,"Raw","M1","ABR33",100,0.332693984040932,0.332693984040932,1.54428722631273,1.35344513604783
117,"Sparse25",7,1,5,"Raw","M1","JKI",99,0.327180016629323,0.327180016629323,0.753966420179336,0.688509778995139
118,"Sparse25",8,1,5,"Raw","M1","ABR33",100,0.175532170935894,0.175532170935894,1.43214722150234,1.21165762114517
118,"Sparse25",8,1,5,"Raw","M1","JKI",99,0.364980479186971,0.364980479186971,0.728832432443776,0.700942880600964
119,"Sparse25",9,1,5,"Raw","M1","ABR33",100,0.151538601716226,0.151538601716226,1.5019489628756,1.41861421641549
119,"Sparse25",9,1,5,"Raw","M1","JKI",99,0.221085534147067,0.221085534147067,0.821727860700333,0.728835836878984
120,"Sparse25",10,1,5,"Raw","M1","ABR33",100,0.287570120285505,0.287570120285505,1.39881119927897,1.24638278016473
120,"Sparse25",10,1,5,"Raw","M1","JKI",99,0.269800092374156,0.269800092374156,0.77636465180284,0.794776443639502
121,"Sparse25",1,1,10,"Raw","M1","ABR33",100,0.240556565263947,0.240556565263947,1.42437293274121,1.50392381299934
121,"Sparse25",1,1,10,"Raw","M1","JKI",99,0.240915602145823,0.240915602145823,0.740635479824436,0.690104466404059
122,"Sparse25",2,1,10,"Raw","M1","ABR33",100,0.176892418990348,0.176892418990348,1.50634798259189,1.39469809248468
122,"Sparse25",2,1,10,"Raw","M1","JKI",99,0.0132247376049247,0.0132247376049247,0.843001448026251,0.865293529152213
123,"Sparse25",3,1,10,"Raw","M1","ABR33",100,0.208814307884192,0.208814307884192,1.53144149808276,1.3510939124733
123,"Sparse25",3,1,10,"Raw","M1","JKI",99,0.171779262792184,0.171779262792184,0.743469199145959,0.697374322203973
124,"Sparse25",4,1,10,"Raw","M1","ABR33",100,0.35574662296857,0.35574662296857,1.49412222361926,1.40926510388832
124,"Sparse25",4,1,10,"Raw","M1","JKI",99,0.186630726940722,0.186630726940722,0.774255814341839,0.681807899526474
125,"Sparse25",5,1,10,"Raw","M1","ABR33",100,0.131552413083703,0.131552413083703,1.48520358395295,1.26920157647531
125,"Sparse25",5,1,10,"Raw","M1","JKI",99,0.349629529111359,0.349629529111359,0.814141528575042,0.755790042562257
126,"Sparse25",6,1,10,"Raw","M1","ABR33",100,0.30953640527195,0.30953640527195,1.59176875596556,1.5367666835222
126,"Sparse25",6,1,10,"Raw","M1","JKI",99,0.226053939503938,0.226053939503938,0.879204106890302,0.76386377633294
127,"Sparse25",7,1,10,"Raw","M1","ABR33",100,0.141881228326566,0.141881228326566,1.4837849032498,1.27290499667962
127,"Sparse25",7,1,10,"Raw","M1","JKI",99,0.300613447038526,0.300613447038526,0.812171733869907,0.788112889762657
128,"Sparse25",8,1,10,"Raw","M1","ABR33",100,0.329365836803634,0.329365836803634,1.46885732106206,1.29352666039123
128,"Sparse25",8,1,10,"Raw","M1","JKI",99,0.250007509436076,0.250007509436076,0.806410086363056,0.759413736076824
129,"Sparse25",9,1,10,"Raw","M1","ABR33",100,0.154062924026662,0.154062924026662,1.4610266610336,1.41212706394315
129,"Sparse25",9,1,10,"Raw","M1","JKI",99,0.301808165686817,0.301808165686817,0.870375922641751,0.740597977554349
130,"Sparse25",10,1,10,"Raw","M1","ABR33",100,0.33627747682456,0.33627747682456,1.42972638458915,1.22663236000746
130,"Sparse25",10,1,10,"Raw","M1","JKI",99,0.202506200332094,0.202506200332094,0.747750441765362,0.738989528375964
131,"Sparse25",1,1,15,"Raw","M1","ABR33",100,0.188864067872761,0.188864067872761,1.5530292713501,1.33344467318959
131,"Sparse25",1,1,15,"Raw","M1","JKI",99,0.106112330480516,0.106112330480516,0.832158192193238,0.851862949409806
132,"Sparse25",2,1,15,"Raw","M1","ABR33",100,0.361155873189076,0.361155873189076,1.39145441069375,1.45665584457414
132,"Sparse25",2,1,15,"Raw","M1","JKI",99,0.0824739190646554,0.0824739190646554,0.745354617840296,0.712484322817666
133,"Sparse25",3,1,15,"Raw","M1","ABR33",100,0.202006177082071,0.202006177082071,1.53176052404449,1.30398403984197
133,"Sparse25",3,1,15,"Raw","M1","JKI",99,0.0853341332803755,0.0853341332803755,0.800334559819987,0.748379722022791
134,"Sparse25",4,1,15,"Raw","M1","ABR33",100,0.10528760404054,0.10528760404054,1.52501566774005,1.3020588694742
134,"Sparse25",4,1,15,"Raw","M1","JKI",99,0.164872543068965,0.164872543068965,0.827279601793474,0.712117810920328
135,"Sparse25",5,1,15,"Raw","M1","ABR33",100,0.0330947451226103,0.0330947451226103,1.58040588422894,1.36875165109941
135,"Sparse25",5,1,15,"Raw","M1","JKI",99,0.282326218523318,0.282326218523318,0.821941295577833,0.712976875517033
136,"Sparse25",6,1,15,"Raw","M1","ABR33",100,0.195344387135538,0.195344387135538,1.5145110632757,1.32144642431705
136,"Sparse25",6,1,15,"Raw","M1","JKI",99,0.125837644147725,0.125837644147725,0.814590300291265,0.705092909989502
137,"Sparse25",7,1,15,"Raw","M1","ABR33",100,0.246588556126932,0.246588556126932,1.55984716297434,1.40469831471734
137,"Sparse25",7,1,15,"Raw","M1","JKI",99,0.0199465560557462,0.0199465560557462,0.870484036234142,0.813718630397939
138,"Sparse25",8,1,15,"Raw","M1","ABR33",100,0.100641650501482,0.100641650501482,1.58981301393615,1.35260953574176
138,"Sparse25",8,1,15,"Raw","M1","JKI",99,0.155073588233478,0.155073588233478,0.830858142475341,0.727192968714682
139,"Sparse25",9,1,15,"Raw","M1","ABR33",100,0.114521380240528,0.114521380240528,1.51843833377286,1.30371702748398
139,"Sparse25",9,1,15,"Raw","M1","JKI",99,0.114649989874949,0.114649989874949,0.783876410609669,0.678761677823323
140,"Sparse25",10,1,15,"Raw","M1","ABR33",100,0.00986122078431786,0.00986122078431786,1.51562137832753,1.27876763268121
140,"Sparse25",10,1,15,"Raw","M1","JKI",99,0.207176316218842,0.207176316218842,0.821957340952423,0.694750378215929
141,"Sparse25",1,1,20,"Raw","M1","ABR33",100,-0.0145345491141249,-0.0145345491141249,1.56431173754817,1.3164626216248
141,"Sparse25",1,1,20,"Raw","M1","JKI",99,0.17611137651827,0.17611137651827,0.843904663899404,0.75727005695836
142,"Sparse25",2,1,20,"Raw","M1","ABR33",100,0.145845302880674,0.145845302880674,1.52701369458574,1.28417800451443
142,"Sparse25",2,1,20,"Raw","M1","JKI",99,-0.00956978082393869,-0.00956978082393869,0.912145679115643,0.79207412991906
143,"Sparse25",3,1,20,"Raw","M1","ABR33",100,0.0852752382986106,0.0852752382986106,1.48576152079274,1.36687057049877
143,"Sparse25",3,1,20,"Raw","M1","JKI",99,0.135464909185215,0.135464909185215,0.759997288719302,0.706993508482985
144,"Sparse25",4,1,20,"Raw","M1","ABR33",100,0.110197979630404,0.110197979630404,1.547433886489,1.48380823446897
144,"Sparse25",4,1,20,"Raw","M1","JKI",99,0.127827635199984,0.127827635199984,0.867936013414554,0.780584403334075
145,"Sparse25",5,1,20,"Raw","M1","ABR33",100,0.128275447801686,0.128275447801686,1.5686788472082,1.3777151323545
145,"Sparse25",5,1,20,"Raw","M1","JKI",99,0.10539858240603,0.10539858240603,0.83408717091112,0.750866135187357
146,"Sparse25",6,1,20,"Raw","M1","ABR33",100,0.0502608648789573,0.0502608648789573,1.47278268301982,1.2694877731619
146,"Sparse25",6,1,20,"Raw","M1","JKI",99,0.0799591236327094,0.0799591236327094,0.814866623684064,0.744011840148182
147,"Sparse25",7,1,20,"Raw","M1","ABR33",100,0.259832292639815,0.259832292639815,1.39205355263218,1.14332011519477
147,"Sparse25",7,1,20,"Raw","M1","JKI",99,-0.0113173240351534,-0.0113173240351534,0.789421157154946,0.679641041040298
148,"Sparse25",8,1,20,"Raw","M1","ABR33",100,0.0628895219962846,0.0628895219962846,1.51294944848898,1.27813075838621
148,"Sparse25",8,1,20,"Raw","M1","JKI",99,0.00621080134728782,0.00621080134728782,0.783259978040898,0.671581549450383
149,"Sparse25",9,1,20,"Raw","M1","ABR33",100,0.13611170211166,0.13611170211166,1.3917729988832,1.20347747232967
149,"Sparse25",9,1,20,"Raw","M1","JKI",99,-0.0284350638688034,-0.0284350638688034,0.83523619570959,0.676703227321545
150,"Sparse25",10,1,20,"Raw","M1","ABR33",100,0.123812379121988,0.123812379121988,1.41338300403376,1.40139828313175
150,"Sparse25",10,1,20,"Raw","M1","JKI",99,0.316590787320586,0.316590787320586,0.84790365788236,0.791691332022862
151,"Sparse25",1,1,25,"Raw","M1","ABR33",100,NA,NA,1.53753768368927,1.36054008863453
151,"Sparse25",1,1,25,"Raw","M1","JKI",99,NA,NA,0.80864899022358,0.684957332771178
152,"Sparse25",2,1,25,"Raw","M1","ABR33",100,NA,NA,1.48040909924935,1.4843125135506
152,"Sparse25",2,1,25,"Raw","M1","JKI",99,NA,NA,0.769342801925709,0.779989902735398
153,"Sparse25",3,1,25,"Raw","M1","ABR33",100,NA,NA,1.69280033097555,1.45023235334256
153,"Sparse25",3,1,25,"Raw","M1","JKI",99,NA,NA,0.849838991856774,0.693296313634155
154,"Sparse25",4,1,25,"Raw","M1","ABR33",100,NA,NA,1.65142692149002,1.41226501326867
154,"Sparse25",4,1,25,"Raw","M1","JKI",99,NA,NA,0.82578699563121,0.709826610567392
155,"Sparse25",5,1,25,"Raw","M1","ABR33",100,NA,NA,1.56805051298148,1.28372298708223
155,"Sparse25",5,1,25,"Raw","M1","JKI",99,NA,NA,0.775452793204976,0.673598397089302
156,"Sparse25",6,1,25,"Raw","M1","ABR33",100,NA,NA,1.47241560887899,1.31236128367881
156,"Sparse25",6,1,25,"Raw","M1","JKI",99,NA,NA,0.75181426789082,0.671727539431805
157,"Sparse25",7,1,25,"Raw","M1","ABR33",100,NA,NA,1.47424467297403,1.38697980472172
157,"Sparse25",7,1,25,"Raw","M1","JKI",99,NA,NA,0.746698198961724,0.772547563331593
158,"Sparse25",8,1,25,"Raw","M1","ABR33",100,NA,NA,1.5147704749039,1.28623883218167
158,"Sparse25",8,1,25,"Raw","M1","JKI",99,NA,NA,0.811479869149017,0.697343481050963
159,"Sparse25",9,1,25,"Raw","M1","ABR33",100,NA,NA,1.59522822178743,1.3892300658827
159,"Sparse25",9,1,25,"Raw","M1","JKI",99,NA,NA,0.879337009050543,0.813336128684358
160,"Sparse25",10,1,25,"Raw","M1","ABR33",100,NA,NA,1.57646291404972,1.29221977128557
160,"Sparse25",10,1,25,"Raw","M1","JKI",99,NA,NA,0.83523955642666,0.738935383994134
1,"CV1",1,1,NA,"Raw","M2","ABR33",25,0.369959098501753,0.369959098501753,1.72585370022372,1.48225303215285
1,"CV1",1,1,NA,"Raw","M2","JKI",25,0.0243904521869609,0.0243904521869609,0.994517935276458,0.829745335168255
2,"CV1",1,2,NA,"Raw","M2","ABR33",25,0.685283688802837,0.685283688802837,1.93768024326452,1.76191756401615
2,"CV1",1,2,NA,"Raw","M2","JKI",25,0.60004752765847,0.60004752765847,0.715846874522451,0.77624975689857
3,"CV1",1,3,NA,"Raw","M2","ABR33",25,0.367577680195577,0.367577680195577,1.03128713028039,1.08964524078103
3,"CV1",1,3,NA,"Raw","M2","JKI",25,0.1275728228649,0.1275728228649,0.535929121678379,0.480187416231375
4,"CV1",1,4,NA,"Raw","M2","ABR33",25,0.546443814174929,0.546443814174929,1.05462093558249,1.03494180514196
4,"CV1",1,4,NA,"Raw","M2","JKI",25,0.261210211686643,0.261210211686643,0.784132722669975,0.646589510516655
5,"CV1",1,5,NA,"Raw","M2","ABR33",25,0.484366743832169,0.484366743832169,0.971179640091628,1.07096981960168
5,"CV1",1,5,NA,"Raw","M2","JKI",24,0.456728677725204,0.456728677725204,0.750086024967669,0.686607575197042
6,"CV1",2,1,NA,"Raw","M2","ABR33",25,0.600775503569187,0.600775503569187,1.46728373467275,1.2601032485936
6,"CV1",2,1,NA,"Raw","M2","JKI",25,0.437504895417088,0.437504895417088,0.833931561235655,0.756288937292646
7,"CV1",2,2,NA,"Raw","M2","ABR33",25,0.491830998213924,0.491830998213924,1.20856368787081,1.28025132135606
7,"CV1",2,2,NA,"Raw","M2","JKI",24,0.381893384009177,0.381893384009177,0.664777604971991,0.703399810438457
8,"CV1",2,3,NA,"Raw","M2","ABR33",25,0.64650733019921,0.64650733019921,1.58824446462528,1.40108477606924
8,"CV1",2,3,NA,"Raw","M2","JKI",25,0.651205394034925,0.651205394034925,0.718000458382273,0.641936683887704
9,"CV1",2,4,NA,"Raw","M2","ABR33",25,0.441357180209469,0.441357180209469,1.47297266989093,1.40657758537646
9,"CV1",2,4,NA,"Raw","M2","JKI",25,0.196812954094141,0.196812954094141,0.661712098586815,0.535683185923316
10,"CV1",2,5,NA,"Raw","M2","ABR33",25,0.640199645541158,0.640199645541158,0.926383001079688,0.965877493683563
10,"CV1",2,5,NA,"Raw","M2","JKI",25,0.24416602416519,0.24416602416519,0.754473597088797,0.761828427912443
11,"CV1",3,1,NA,"Raw","M2","ABR33",25,0.386971759507025,0.386971759507025,1.04865028127337,0.969184583185379
11,"CV1",3,1,NA,"Raw","M2","JKI",24,0.3465135416651,0.3465135416651,0.5964694347303,0.598006659028884
12,"CV1",3,2,NA,"Raw","M2","ABR33",25,0.547384454704626,0.547384454704626,1.30218983437475,1.2381815440697
12,"CV1",3,2,NA,"Raw","M2","JKI",25,0.151085744660552,0.151085744660552,0.660151509093738,0.608106124582626
13,"CV1",3,3,NA,"Raw","M2","ABR33",25,0.729180825597802,0.729180825597802,1.61726848283782,1.49672896015435
13,"CV1",3,3,NA,"Raw","M2","JKI",25,0.673379527522596,0.673379527522596,0.811902224801281,0.81952637981212
14,"CV1",3,4,NA,"Raw","M2","ABR33",25,0.626864889534395,0.626864889534395,1.61671400888145,1.44508009669894
14,"CV1",3,4,NA,"Raw","M2","JKI",25,0.444544123780238,0.444544123780238,0.709571936192274,0.658837222267527
15,"CV1",3,5,NA,"Raw","M2","ABR33",25,0.494153874751471,0.494153874751471,1.14230605891924,1.24323476003848
15,"CV1",3,5,NA,"Raw","M2","JKI",25,0.179281701106707,0.179281701106707,0.856731520111678,0.76473516823892
16,"CV1",4,1,NA,"Raw","M2","ABR33",25,0.543862480044258,0.543862480044258,1.13803683958352,0.966500202979807
16,"CV1",4,1,NA,"Raw","M2","JKI",24,0.298578798547366,0.298578798547366,0.862661185131413,0.803704342281756
17,"CV1",4,2,NA,"Raw","M2","ABR33",25,0.633173105809368,0.633173105809368,1.55533523346405,1.5210022792005
17,"CV1",4,2,NA,"Raw","M2","JKI",25,0.384626293427186,0.384626293427186,0.622955870411135,0.654433056047194
18,"CV1",4,3,NA,"Raw","M2","ABR33",25,0.56038805191264,0.56038805191264,1.22441436294314,1.25061372333039
18,"CV1",4,3,NA,"Raw","M2","JKI",25,0.38720145062771,0.38720145062771,0.727402442621071,0.76135663234175
19,"CV1",4,4,NA,"Raw","M2","ABR33",25,0.379593395296031,0.379593395296031,1.40841702250355,1.43351260591279
19,"CV1",4,4,NA,"Raw","M2","JKI",25,0.22820774898639,0.22820774898639,0.811052723666322,0.635499747249152
20,"CV1",4,5,NA,"Raw","M2","ABR33",25,0.569816974524816,0.569816974524816,1.43833504250011,1.25881569026864
20,"CV1",4,5,NA,"Raw","M2","JKI",25,0.528554919467612,0.528554919467612,0.62752275507154,0.581388733976605
21,"CV1",5,1,NA,"Raw","M2","ABR33",25,0.513461111007349,0.513461111007349,1.11454951067233,1.02141501684334
21,"CV1",5,1,NA,"Raw","M2","JKI",25,0.204294838474745,0.204294838474745,0.701376619343355,0.603344315342954
22,"CV1",5,2,NA,"Raw","M2","ABR33",25,0.595807508003925,0.595807508003925,1.36023525356269,1.42417083765184
22,"CV1",5,2,NA,"Raw","M2","JKI",25,0.441491744041083,0.441491744041083,0.766501119180804,0.778671460767631
23,"CV1",5,3,NA,"Raw","M2","ABR33",25,0.652708754420149,0.652708754420149,1.43836072348639,1.18157609427813
23,"CV1",5,3,NA,"Raw","M2","JKI",25,0.419663630100214,0.419663630100214,0.766430277485847,0.725916466405116
24,"CV1",5,4,NA,"Raw","M2","ABR33",25,0.505328999634789,0.505328999634789,1.48725365358757,1.38575673433776
24,"CV1",5,4,NA,"Raw","M2","JKI",25,0.192954008041623,0.192954008041623,0.726718292048537,0.603696250813331
25,"CV1",5,5,NA,"Raw","M2","ABR33",25,0.47863173760155,0.47863173760155,1.37115090477219,1.36126208325937
25,"CV1",5,5,NA,"Raw","M2","JKI",24,0.531205893253604,0.531205893253604,0.702182589033593,0.682980627234509
26,"CV1",6,1,NA,"Raw","M2","ABR33",25,0.611267141245617,0.611267141245617,1.79213974372294,1.88215875587618
26,"CV1",6,1,NA,"Raw","M2","JKI",25,0.161997764198898,0.161997764198898,0.569321568395363,0.736792214411283
27,"CV1",6,2,NA,"Raw","M2","ABR33",25,0.49692279396823,0.49692279396823,1.35253666200672,1.1950797271579
27,"CV1",6,2,NA,"Raw","M2","JKI",25,0.40261797519281,0.40261797519281,0.763795930640119,0.623568585325949
28,"CV1",6,3,NA,"Raw","M2","ABR33",25,0.586404162636259,0.586404162636259,1.13793165704789,0.99199514746341
28,"CV1",6,3,NA,"Raw","M2","JKI",25,0.351536300151121,0.351536300151121,0.698124227990952,0.671423373302515
29,"CV1",6,4,NA,"Raw","M2","ABR33",25,0.486566059545922,0.486566059545922,1.1407090912249,1.0841682641455
29,"CV1",6,4,NA,"Raw","M2","JKI",24,0.287668423965575,0.287668423965575,0.838395916767152,0.739044503503075
30,"CV1",6,5,NA,"Raw","M2","ABR33",25,0.57934943398823,0.57934943398823,1.30749231711295,1.18140913718983
30,"CV1",6,5,NA,"Raw","M2","JKI",25,0.496602066146044,0.496602066146044,0.778755578822559,0.700765659884314
31,"CV1",7,1,NA,"Raw","M2","ABR33",25,0.510711778170053,0.510711778170053,1.63001477598403,1.41896780419265
31,"CV1",7,1,NA,"Raw","M2","JKI",25,0.451051571393454,0.451051571393454,1.01597107230755,0.867413312826206
32,"CV1",7,2,NA,"Raw","M2","ABR33",25,0.641307086275734,0.641307086275734,1.67110646454265,1.67005953587929
32,"CV1",7,2,NA,"Raw","M2","JKI",25,0.65018081914841,0.65018081914841,0.828269270507068,0.89126868174365
33,"CV1",7,3,NA,"Raw","M2","ABR33",25,0.608234373231101,0.608234373231101,0.83372980932965,0.753272871166342
33,"CV1",7,3,NA,"Raw","M2","JKI",24,0.020401864891572,0.020401864891572,0.567471124306062,0.516044451692375
34,"CV1",7,4,NA,"Raw","M2","ABR33",25,0.361497790142712,0.361497790142712,1.03180081707592,1.08228863445762
34,"CV1",7,4,NA,"Raw","M2","JKI",25,-0.0703184121270074,-0.0703184121270074,0.755780774213245,0.728394751192668
35,"CV1",7,5,NA,"Raw","M2","ABR33",25,0.698987401526235,0.698987401526235,1.50259594337914,1.4486053918676
35,"CV1",7,5,NA,"Raw","M2","JKI",25,0.243038124808132,0.243038124808132,0.523818486445501,0.526183927687917
36,"CV1",8,1,NA,"Raw","M2","ABR33",25,0.407955320506456,0.407955320506456,1.46791077611595,1.34837894437643
36,"CV1",8,1,NA,"Raw","M2","JKI",25,-0.162876435981116,-0.162876435981116,0.713274623830012,0.584046362201575
37,"CV1",8,2,NA,"Raw","M2","ABR33",25,0.751339537702333,0.751339537702333,1.25221630187702,1.09715244663186
37,"CV1",8,2,NA,"Raw","M2","JKI",25,0.726454957147935,0.726454957147935,0.777155894450943,0.792135826876971
38,"CV1",8,3,NA,"Raw","M2","ABR33",25,0.665841568717362,0.665841568717362,1.52979399473852,1.4546250366731
38,"CV1",8,3,NA,"Raw","M2","JKI",24,0.463856571427571,0.463856571427571,0.835140051696911,0.887964116791926
39,"CV1",8,4,NA,"Raw","M2","ABR33",25,0.481925570526308,0.481925570526308,1.57080510333317,1.43421330592639
39,"CV1",8,4,NA,"Raw","M2","JKI",25,0.119573442887183,0.119573442887183,0.636094376351595,0.491178692057793
40,"CV1",8,5,NA,"Raw","M2","ABR33",25,0.609603533808704,0.609603533808704,0.904376146725862,0.988493155928264
40,"CV1",8,5,NA,"Raw","M2","JKI",25,0.525853492939897,0.525853492939897,0.709921237318585,0.646297446583367
41,"CV1",9,1,NA,"Raw","M2","ABR33",25,0.730803997659488,0.730803997659488,1.36874061126486,1.20182385624291
41,"CV1",9,1,NA,"Raw","M2","JKI",25,0.64026571506445,0.64026571506445,0.860122918809404,0.866134815832057
42,"CV1",9,2,NA,"Raw","M2","ABR33",25,0.53429226154316,0.53429226154316,1.646328381572,1.65803835421129
42,"CV1",9,2,NA,"Raw","M2","JKI",25,0.450560231081403,0.450560231081403,0.576574440408123,0.666349816359279
43,"CV1",9,3,NA,"Raw","M2","ABR33",25,0.660828121418152,0.660828121418152,1.13134314026635,0.951933796601701
43,"CV1",9,3,NA,"Raw","M2","JKI",24,0.391863137000562,0.391863137000562,0.723914590430827,0.647279188883663
44,"CV1",9,4,NA,"Raw","M2","ABR33",25,0.529161530996635,0.529161530996635,1.31265671875355,1.24462149095947
44,"CV1",9,4,NA,"Raw","M2","JKI",25,0.157252202196903,0.157252202196903,0.768795332034734,0.570298507568228
45,"CV1",9,5,NA,"Raw","M2","ABR33",25,0.409297627420557,0.409297627420557,1.24237251802424,1.29777774315042
45,"CV1",9,5,NA,"Raw","M2","JKI",25,0.140303403704491,0.140303403704491,0.762257840559334,0.749418073484912
46,"CV1",10,1,NA,"Raw","M2","ABR33",25,0.601150639385615,0.601150639385615,1.61215236186104,1.57403199682265
46,"CV1",10,1,NA,"Raw","M2","JKI",25,0.487220976055019,0.487220976055019,0.686503339783153,0.599157822386057
47,"CV1",10,2,NA,"Raw","M2","ABR33",25,0.5661645448957,0.5661645448957,1.59761011800379,1.43047759541359
47,"CV1",10,2,NA,"Raw","M2","JKI",25,0.18809200155708,0.18809200155708,0.961423113471557,0.85162629839621
48,"CV1",10,3,NA,"Raw","M2","ABR33",25,0.409379210317246,0.409379210317246,1.43591289552668,1.43146011349268
48,"CV1",10,3,NA,"Raw","M2","JKI",25,0.243212006357509,0.243212006357509,0.668745849892689,0.567668417152234
49,"CV1",10,4,NA,"Raw","M2","ABR33",25,0.793952480952605,0.793952480952605,1.09049815799389,0.88419027676078
49,"CV1",10,4,NA,"Raw","M2","JKI",24,0.549193834013226,0.549193834013226,0.748959570889671,0.797049562018072
50,"CV1",10,5,NA,"Raw","M2","ABR33",25,0.498760719572948,0.498760719572948,0.84305336804478,0.88785868142893
50,"CV1",10,5,NA,"Raw","M2","JKI",25,0.478905215868192,0.478905215868192,0.566207292755786,0.560301396911697
51,"CV2",1,1,NA,"Raw","M2","ABR33",25,0.644622071726209,0.644622071726209,1.45740907617799,1.66670343137493
51,"CV2",1,1,NA,"Raw","M2","JKI",20,0.400883353853029,0.400883353853029,0.753797659208394,0.586603036664273
52,"CV2",1,2,NA,"Raw","M2","ABR33",28,0.725499582381553,0.725499582381553,1.06490124211961,1.07495183705979
52,"CV2",1,2,NA,"Raw","M2","JKI",26,0.496336673078658,0.496336673078658,0.991052487275901,0.715955464648071
53,"CV2",1,3,NA,"Raw","M2","ABR33",24,0.587128702311633,0.587128702311633,1.39266633560404,1.28127190340351
53,"CV2",1,3,NA,"Raw","M2","JKI",30,0.594575639480789,0.594575639480789,0.779866011990011,0.770665130485128
54,"CV2",1,4,NA,"Raw","M2","ABR33",27,0.533126340254219,0.533126340254219,1.0793084082415,1.09758166419946
54,"CV2",1,4,NA,"Raw","M2","JKI",16,0.72649593164121,0.72649593164121,0.617908179729435,0.760225432992311
55,"CV2",1,5,NA,"Raw","M2","ABR33",20,0.708959744764262,0.708959744764262,1.33335169694062,1.23815995858731
55,"CV2",1,5,NA,"Raw","M2","JKI",32,0.563705287501714,0.563705287501714,0.601153002922634,0.582582667228245
56,"CV2",2,1,NA,"Raw","M2","ABR33",23,0.544728359913304,0.544728359913304,1.21724645320908,1.43445031560065
56,"CV2",2,1,NA,"Raw","M2","JKI",24,0.763014532208736,0.763014532208736,0.598087978723902,0.72121452764952
57,"CV2",2,2,NA,"Raw","M2","ABR33",31,0.583432975998414,0.583432975998414,1.35756010513232,1.24951297578381
57,"CV2",2,2,NA,"Raw","M2","JKI",23,0.447338348526345,0.447338348526345,0.903568960545985,0.76464993298475
58,"CV2",2,3,NA,"Raw","M2","ABR33",34,0.72081611568226,0.72081611568226,1.30376481609407,1.29351901299749
58,"CV2",2,3,NA,"Raw","M2","JKI",27,0.524428929166632,0.524428929166632,0.676556268964448,0.637953401566361
59,"CV2",2,4,NA,"Raw","M2","ABR33",15,0.850686381054395,0.850686381054395,1.41244934100752,1.45745098973458
59,"CV2",2,4,NA,"Raw","M2","JKI",28,0.280924676482082,0.280924676482082,0.964772328355593,0.631920343612157
60,"CV2",2,5,NA,"Raw","M2","ABR33",21,0.568464078034413,0.568464078034413,0.881669482535504,0.942447491670672
60,"CV2",2,5,NA,"Raw","M2","JKI",22,0.790730669206673,0.790730669206673,0.583322714956301,0.752811859780855
61,"CV2",3,1,NA,"Raw","M2","ABR33",27,0.580194941161569,0.580194941161569,0.782054200861918,0.799967034318994
61,"CV2",3,1,NA,"Raw","M2","JKI",24,0.562613109191465,0.562613109191465,0.693309639775784,0.83522179786916
62,"CV2",3,2,NA,"Raw","M2","ABR33",26,0.344947389916829,0.344947389916829,1.39864036418218,1.47341313518494
62,"CV2",3,2,NA,"Raw","M2","JKI",26,0.622848830701066,0.622848830701066,0.825809521605071,0.697656309599485
63,"CV2",3,3,NA,"Raw","M2","ABR33",22,0.767476656725552,0.767476656725552,1.03900705010531,0.96912046841436
63,"CV2",3,3,NA,"Raw","M2","JKI",31,0.738780425102968,0.738780425102968,0.579391684329786,0.671337488379802
64,"CV2",3,4,NA,"Raw","M2","ABR33",27,0.799319121504267,0.799319121504267,1.58706738429728,1.61618077191666
64,"CV2",3,4,NA,"Raw","M2","JKI",25,0.36672629632067,0.36672629632067,0.732801500005567,0.673540560029944
65,"CV2",3,5,NA,"Raw","M2","ABR33",22,0.744086241276571,0.744086241276571,1.38529555503484,1.43185038236387
65,"CV2",3,5,NA,"Raw","M2","JKI",18,0.450908641700005,0.450908641700005,1.16054150260584,0.506431949574181
66,"CV2",4,1,NA,"Raw","M2","ABR33",21,0.372619586387034,0.372619586387034,1.79415615897323,1.83576384328067
66,"CV2",4,1,NA,"Raw","M2","JKI",26,0.808409823826789,0.808409823826789,0.569248588521349,0.785450044762972
67,"CV2",4,2,NA,"Raw","M2","ABR33",24,0.749519064250423,0.749519064250423,1.05364721130399,1.07498225255545
67,"CV2",4,2,NA,"Raw","M2","JKI",35,0.535595277654887,0.535595277654887,0.65463221513171,0.692298297137453
68,"CV2",4,3,NA,"Raw","M2","ABR33",27,0.719992478665138,0.719992478665138,1.41488977801967,1.48522018425431
68,"CV2",4,3,NA,"Raw","M2","JKI",18,0.507789581533657,0.507789581533657,0.898426443700586,0.577901298113283
69,"CV2",4,4,NA,"Raw","M2","ABR33",35,0.771269765932085,0.771269765932085,1.04359759332104,1.00251137264595
69,"CV2",4,4,NA,"Raw","M2","JKI",19,0.311487695774308,0.311487695774308,0.880943933632241,0.496891397386396
70,"CV2",4,5,NA,"Raw","M2","ABR33",17,0.593704524789698,0.593704524789698,0.819258970674306,0.88542714372795
70,"CV2",4,5,NA,"Raw","M2","JKI",26,0.527899370017811,0.527899370017811,0.764977450087724,0.796937991652654
71,"CV2",5,1,NA,"Raw","M2","ABR33",19,0.881304454401544,0.881304454401544,0.835319592413026,1.11581428916168
71,"CV2",5,1,NA,"Raw","M2","JKI",34,0.476978677314807,0.476978677314807,0.934265064399856,0.64318625845911
72,"CV2",5,2,NA,"Raw","M2","ABR33",35,0.502552614333771,0.502552614333771,1.42543450496954,1.43543628797971
72,"CV2",5,2,NA,"Raw","M2","JKI",27,0.642772957036979,0.642772957036979,0.683347367204546,0.685432430144226
73,"CV2",5,3,NA,"Raw","M2","ABR33",26,0.662259646645685,0.662259646645685,1.33065995678382,1.24324269908094
73,"CV2",5,3,NA,"Raw","M2","JKI",22,0.647829841115406,0.647829841115406,0.609903909966625,0.587372551832992
74,"CV2",5,4,NA,"Raw","M2","ABR33",21,0.888343541714284,0.888343541714284,0.935585742883804,0.976179068459325
74,"CV2",5,4,NA,"Raw","M2","JKI",26,0.478337943196656,0.478337943196656,0.802744315383467,0.723699463595777
75,"CV2",5,5,NA,"Raw","M2","ABR33",23,0.558473450487689,0.558473450487689,1.45106416999602,1.43286290458083
75,"CV2",5,5,NA,"Raw","M2","JKI",15,0.588920653819658,0.588920653819658,0.561577557536066,0.879661144174809
76,"CV2",6,1,NA,"Raw","M2","ABR33",23,0.549934539693447,0.549934539693447,0.940780406234136,0.853006373857909
76,"CV2",6,1,NA,"Raw","M2","JKI",25,0.433350712659973,0.433350712659973,0.845227299783435,0.826420488742042
77,"CV2",6,2,NA,"Raw","M2","ABR33",21,0.581228478269951,0.581228478269951,1.31674406714604,1.36885651326537
77,"CV2",6,2,NA,"Raw","M2","JKI",30,0.279645755356769,0.279645755356769,0.94495680712861,0.674674738950264
78,"CV2",6,3,NA,"Raw","M2","ABR33",29,0.650228927302323,0.650228927302323,1.39588403932981,1.41607567419629
78,"CV2",6,3,NA,"Raw","M2","JKI",20,0.642855200351941,0.642855200351941,0.672542691210938,0.665133940989757
79,"CV2",6,4,NA,"Raw","M2","ABR33",33,0.888799238703905,0.888799238703905,1.21941621286521,1.22319808904512
79,"CV2",6,4,NA,"Raw","M2","JKI",21,0.708991776433096,0.708991776433096,0.702973069435185,0.71707521258779
80,"CV2",6,5,NA,"Raw","M2","ABR33",18,0.382880206839331,0.382880206839331,1.43856101260475,1.54854892372153
80,"CV2",6,5,NA,"Raw","M2","JKI",28,0.756470488850403,0.756470488850403,0.452180784769902,0.570718567580402
81,"CV2",7,1,NA,"Raw","M2","ABR33",28,0.521808959055187,0.521808959055187,1.58712920752756,1.57129828914939
81,"CV2",7,1,NA,"Raw","M2","JKI",26,0.814736144085156,0.814736144085156,0.608229934914609,0.778932408900881
82,"CV2",7,2,NA,"Raw","M2","ABR33",22,0.84777229741932,0.84777229741932,1.47792632413413,1.59086046536781
82,"CV2",7,2,NA,"Raw","M2","JKI",25,0.125474800931083,0.125474800931083,0.967407299603764,0.567203603491786
83,"CV2",7,3,NA,"Raw","M2","ABR33",20,0.848511533144222,0.848511533144222,1.17350753225118,1.02983469463781
83,"CV2",7,3,NA,"Raw","M2","JKI",28,0.656660654115956,0.656660654115956,0.587106846912877,0.843965131801542
84,"CV2",7,4,NA,"Raw","M2","ABR33",29,0.503794437658455,0.503794437658455,1.10407145329968,1.19131541994609
84,"CV2",7,4,NA,"Raw","M2","JKI",22,0.678706157871743,0.678706157871743,0.699544986811572,0.705648611647472
85,"CV2",7,5,NA,"Raw","M2","ABR33",25,0.630593893015184,0.630593893015184,0.799613132431474,0.920931096740476
85,"CV2",7,5,NA,"Raw","M2","JKI",23,0.147110559056213,0.147110559056213,0.871889412963681,0.567766708033822
86,"CV2",8,1,NA,"Raw","M2","ABR33",21,0.730108726111843,0.730108726111843,1.48511724174084,1.42357015123868
86,"CV2",8,1,NA,"Raw","M2","JKI",23,0.521745963419948,0.521745963419948,0.627057703527225,0.662715938280659
87,"CV2",8,2,NA,"Raw","M2","ABR33",31,0.820795280469197,0.820795280469197,1.47974331950471,1.58000569088672
87,"CV2",8,2,NA,"Raw","M2","JKI",22,0.335728730445622,0.335728730445622,0.747588958008129,0.652911598544458
88,"CV2",8,3,NA,"Raw","M2","ABR33",26,0.477452743940372,0.477452743940372,0.789960611824109,0.925116116104419
88,"CV2",8,3,NA,"Raw","M2","JKI",23,0.540156351455433,0.540156351455433,0.869253444813117,0.770774622168993
89,"CV2",8,4,NA,"Raw","M2","ABR33",24,0.550375291404019,0.550375291404019,0.938490031228636,0.871976368651017
89,"CV2",8,4,NA,"Raw","M2","JKI",34,0.559684830817542,0.559684830817542,0.772518983199271,0.738155586224723
90,"CV2",8,5,NA,"Raw","M2","ABR33",22,0.5193190672518,0.5193190672518,1.57701921861988,1.67024107028734
90,"CV2",8,5,NA,"Raw","M2","JKI",22,0.727794235481392,0.727794235481392,0.649057967571246,0.607094704689363
91,"CV2",9,1,NA,"Raw","M2","ABR33",28,0.681946841309471,0.681946841309471,1.02042497466156,1.07749909711995
91,"CV2",9,1,NA,"Raw","M2","JKI",22,0.656244062200757,0.656244062200757,0.723267591646273,0.810229022328849
92,"CV2",9,2,NA,"Raw","M2","ABR33",16,0.532052385540196,0.532052385540196,1.76967963909555,1.75965157162654
92,"CV2",9,2,NA,"Raw","M2","JKI",34,0.342211519943571,0.342211519943571,0.968549397197088,0.563213519572306
93,"CV2",9,3,NA,"Raw","M2","ABR33",19,0.836345316500082,0.836345316500082,1.47393663189291,1.60128836881862
93,"CV2",9,3,NA,"Raw","M2","JKI",24,0.786857098910743,0.786857098910743,0.607914165886279,0.763099926300899
94,"CV2",9,4,NA,"Raw","M2","ABR33",33,0.663143599952145,0.663143599952145,1.3878834733609,1.36372135879402
94,"CV2",9,4,NA,"Raw","M2","JKI",27,0.474665359507296,0.474665359507296,0.862590129320037,0.815320864755832
95,"CV2",9,5,NA,"Raw","M2","ABR33",28,0.492568457895639,0.492568457895639,0.86065588422807,0.89732584826472
95,"CV2",9,5,NA,"Raw","M2","JKI",17,0.609586498369994,0.609586498369994,0.639427089916855,0.473601984906847
96,"CV2",10,1,NA,"Raw","M2","ABR33",16,0.719517624645173,0.719517624645173,1.5079877508437,1.51113828452935
96,"CV2",10,1,NA,"Raw","M2","JKI",31,0.351886595283547,0.351886595283547,0.791444175462686,0.68494517891395
97,"CV2",10,2,NA,"Raw","M2","ABR33",21,0.863051928136139,0.863051928136139,0.8006921114841,0.738194628565782
97,"CV2",10,2,NA,"Raw","M2","JKI",25,0.567356465552017,0.567356465552017,0.774893797229463,0.770504015629478
98,"CV2",10,3,NA,"Raw","M2","ABR33",31,0.68185482361527,0.68185482361527,1.04290814942003,1.02740907319283
98,"CV2",10,3,NA,"Raw","M2","JKI",22,0.789025414154985,0.789025414154985,0.508855132288512,0.764359625708577
99,"CV2",10,4,NA,"Raw","M2","ABR33",27,0.603716963581133,0.603716963581133,1.51966125074138,1.49490243404629
99,"CV2",10,4,NA,"Raw","M2","JKI",26,0.711706174074521,0.711706174074521,0.668574252924631,0.625274667630803
100,"CV2",10,5,NA,"Raw","M2","ABR33",29,0.49845456323268,0.49845456323268,1.37074513635647,1.50401758004472
100,"CV2",10,5,NA,"Raw","M2","JKI",20,0.236146767472945,0.236146767472945,1.00451772072442,0.57308562231578
101,"Sparse25",1,1,0,"Raw","M2","ABR33",100,0.504328888500158,0.504328888500158,1.54897139681825,1.39056324856236
101,"Sparse25",1,1,0,"Raw","M2","JKI",99,0.464594756333987,0.464594756333987,0.798940865524334,0.724203829049938
102,"Sparse25",2,1,0,"Raw","M2","ABR33",100,0.471484592950853,0.471484592950853,1.35431604986535,1.58658846554521
102,"Sparse25",2,1,0,"Raw","M2","JKI",99,0.41105256566187,0.41105256566187,0.748690073962969,0.715771809067451
103,"Sparse25",3,1,0,"Raw","M2","ABR33",100,0.41247765878841,0.41247765878841,1.55393764693026,1.39401558804519
103,"Sparse25",3,1,0,"Raw","M2","JKI",99,0.119333466260531,0.119333466260531,0.867801733760584,0.756693347802613
104,"Sparse25",4,1,0,"Raw","M2","ABR33",100,0.444959554684909,0.444959554684909,1.34255205805391,1.22418185893834
104,"Sparse25",4,1,0,"Raw","M2","JKI",99,0.229224303726772,0.229224303726772,0.818624236099966,0.707898053259274
105,"Sparse25",5,1,0,"Raw","M2","ABR33",100,0.475723636247781,0.475723636247781,1.24914111036283,1.2056203497742
105,"Sparse25",5,1,0,"Raw","M2","JKI",99,0.232337346145475,0.232337346145475,0.845689026294039,0.689821181066268
106,"Sparse25",6,1,0,"Raw","M2","ABR33",100,0.576027407648192,0.576027407648192,1.49843505304532,1.43968710636503
106,"Sparse25",6,1,0,"Raw","M2","JKI",99,0.356846113707429,0.356846113707429,0.713184873035259,0.648384216101665
107,"Sparse25",7,1,0,"Raw","M2","ABR33",100,0.41253070991176,0.41253070991176,1.35656696568711,1.23820124057753
107,"Sparse25",7,1,0,"Raw","M2","JKI",99,0.23076826362857,0.23076826362857,0.819266255033282,0.765861568949847
108,"Sparse25",8,1,0,"Raw","M2","ABR33",100,0.533977867261499,0.533977867261499,1.29082691430329,1.15977903119691
108,"Sparse25",8,1,0,"Raw","M2","JKI",99,0.316291675186135,0.316291675186135,0.777334057744679,0.700253782202279
109,"Sparse25",9,1,0,"Raw","M2","ABR33",100,0.331706926339935,0.331706926339935,1.50381102752069,1.34475900485051
109,"Sparse25",9,1,0,"Raw","M2","JKI",99,0.159941184008508,0.159941184008508,0.834374874721286,0.75421162994489
110,"Sparse25",10,1,0,"Raw","M2","ABR33",100,0.449455978530291,0.449455978530291,1.39363135440459,1.53210395420218
110,"Sparse25",10,1,0,"Raw","M2","JKI",99,0.208558015211539,0.208558015211539,0.861822866148543,0.690914636545052
111,"Sparse25",1,1,5,"Raw","M2","ABR33",100,0.303882170911171,0.303882170911171,1.44287001200292,1.36993366517419
111,"Sparse25",1,1,5,"Raw","M2","JKI",99,0.556604246091989,0.556604246091989,0.708936321062241,0.77650740726923
112,"Sparse25",2,1,5,"Raw","M2","ABR33",100,0.471899668658335,0.471899668658335,1.36685661335378,1.34203490259444
112,"Sparse25",2,1,5,"Raw","M2","JKI",99,0.294905925380415,0.294905925380415,0.784646619673793,0.70400080150171
113,"Sparse25",3,1,5,"Raw","M2","ABR33",100,0.394022239690296,0.394022239690296,1.3941865459243,1.39153562526462
113,"Sparse25",3,1,5,"Raw","M2","JKI",99,0.187946101643939,0.187946101643939,0.826965947827725,0.716634534389696
114,"Sparse25",4,1,5,"Raw","M2","ABR33",100,0.535129573936298,0.535129573936298,1.30667739698726,1.43941206582736
114,"Sparse25",4,1,5,"Raw","M2","JKI",99,0.27907785601144,0.27907785601144,0.760248646133108,0.657178540305232
115,"Sparse25",5,1,5,"Raw","M2","ABR33",100,0.626869481497924,0.626869481497924,1.37735689297822,1.21777759473883
115,"Sparse25",5,1,5,"Raw","M2","JKI",99,0.449455942065214,0.449455942065214,0.7888538270668,0.781716398341459
116,"Sparse25",6,1,5,"Raw","M2","ABR33",100,0.234410613329108,0.234410613329108,1.46743514778341,1.45282284858795
116,"Sparse25",6,1,5,"Raw","M2","JKI",99,0.455164789684076,0.455164789684076,0.679335259450944,0.735811915997745
117,"Sparse25",7,1,5,"Raw","M2","ABR33",100,0.553776495563043,0.553776495563043,1.4697663973512,1.35344513604783
117,"Sparse25",7,1,5,"Raw","M2","JKI",99,0.370943700646871,0.370943700646871,0.728048025391733,0.688509778995139
118,"Sparse25",8,1,5,"Raw","M2","ABR33",100,0.522086716561479,0.522086716561479,1.32349676163844,1.21165762114517
118,"Sparse25",8,1,5,"Raw","M2","JKI",99,0.406617916617693,0.406617916617693,0.715417064954511,0.700942880600964
119,"Sparse25",9,1,5,"Raw","M2","ABR33",100,0.394615810943798,0.394615810943798,1.42273340696437,1.41861421641549
119,"Sparse25",9,1,5,"Raw","M2","JKI",99,0.193348413684478,0.193348413684478,0.872914914791758,0.728835836878984
120,"Sparse25",10,1,5,"Raw","M2","ABR33",100,0.505987477475848,0.505987477475848,1.30172997444015,1.24638278016473
120,"Sparse25",10,1,5,"Raw","M2","JKI",99,0.33461179799309,0.33461179799309,0.790718873865987,0.794776443639502
121,"Sparse25",1,1,10,"Raw","M2","ABR33",100,0.455111982750124,0.455111982750124,1.33110488563404,1.50392381299934
121,"Sparse25",1,1,10,"Raw","M2","JKI",99,0.243204455898211,0.243204455898211,0.763558279119172,0.690104466404059
122,"Sparse25",2,1,10,"Raw","M2","ABR33",100,0.344301285173143,0.344301285173143,1.43953200802197,1.39469809248468
122,"Sparse25",2,1,10,"Raw","M2","JKI",99,0.012704068006218,0.012704068006218,0.965869323258932,0.865293529152213
123,"Sparse25",3,1,10,"Raw","M2","ABR33",100,0.425956178384179,0.425956178384179,1.43157489177129,1.3510939124733
123,"Sparse25",3,1,10,"Raw","M2","JKI",99,0.112277661283243,0.112277661283243,0.842862148353975,0.697374322203973
124,"Sparse25",4,1,10,"Raw","M2","ABR33",100,0.511677521902912,0.511677521902912,1.37445553562649,1.40926510388832
124,"Sparse25",4,1,10,"Raw","M2","JKI",99,0.184815487655625,0.184815487655625,0.829476511501004,0.681807899526474
125,"Sparse25",5,1,10,"Raw","M2","ABR33",100,0.436899718376004,0.436899718376004,1.41619444365608,1.26920157647531
125,"Sparse25",5,1,10,"Raw","M2","JKI",99,0.343696854385226,0.343696854385226,0.793331268517101,0.755790042562257
126,"Sparse25",6,1,10,"Raw","M2","ABR33",100,0.448064493965845,0.448064493965845,1.529188533249,1.5367666835222
126,"Sparse25",6,1,10,"Raw","M2","JKI",99,0.196688347879375,0.196688347879375,0.874931585581836,0.76386377633294
127,"Sparse25",7,1,10,"Raw","M2","ABR33",100,0.505008876110488,0.505008876110488,1.40829043027527,1.27290499667962
127,"Sparse25",7,1,10,"Raw","M2","JKI",99,0.409126247891439,0.409126247891439,0.767522661120261,0.788112889762657
128,"Sparse25",8,1,10,"Raw","M2","ABR33",100,0.502372749693594,0.502372749693594,1.40075201670578,1.29352666039123
128,"Sparse25",8,1,10,"Raw","M2","JKI",99,0.303496950851843,0.303496950851843,0.791604944514925,0.759413736076824
129,"Sparse25",9,1,10,"Raw","M2","ABR33",100,0.49437816980344,0.49437816980344,1.39259599002588,1.41212706394315
129,"Sparse25",9,1,10,"Raw","M2","JKI",99,0.362450833367131,0.362450833367131,0.863071791595051,0.740597977554349
130,"Sparse25",10,1,10,"Raw","M2","ABR33",100,0.517823837699256,0.517823837699256,1.30462245035713,1.22663236000746
130,"Sparse25",10,1,10,"Raw","M2","JKI",99,0.245475467374499,0.245475467374499,0.795908640327448,0.738989528375964
131,"Sparse25",1,1,15,"Raw","M2","ABR33",100,0.413051969961801,0.413051969961801,1.48001157755289,1.33344467318959
131,"Sparse25",1,1,15,"Raw","M2","JKI",99,0.0921473697653448,0.0921473697653448,0.854498717831643,0.851862949409806
132,"Sparse25",2,1,15,"Raw","M2","ABR33",100,0.440917208517414,0.440917208517414,1.31739988317114,1.45665584457414
132,"Sparse25",2,1,15,"Raw","M2","JKI",99,0.073669767079619,0.073669767079619,0.857009737224802,0.712484322817666
133,"Sparse25",3,1,15,"Raw","M2","ABR33",100,0.40983332268408,0.40983332268408,1.48533566076531,1.30398403984197
133,"Sparse25",3,1,15,"Raw","M2","JKI",99,0.193138705093967,0.193138705093967,0.787768603483315,0.748379722022791
134,"Sparse25",4,1,15,"Raw","M2","ABR33",100,0.445850189708976,0.445850189708976,1.43563082520896,1.3020588694742
134,"Sparse25",4,1,15,"Raw","M2","JKI",99,0.217994997149563,0.217994997149563,0.835999538970109,0.712117810920328
135,"Sparse25",5,1,15,"Raw","M2","ABR33",100,0.374803783655887,0.374803783655887,1.46712730464648,1.36875165109941
135,"Sparse25",5,1,15,"Raw","M2","JKI",99,0.21969294815184,0.21969294815184,0.869446134785637,0.712976875517033
136,"Sparse25",6,1,15,"Raw","M2","ABR33",100,0.396830784038956,0.396830784038956,1.4288468416317,1.32144642431705
136,"Sparse25",6,1,15,"Raw","M2","JKI",99,0.123542449196389,0.123542449196389,0.855566827267564,0.705092909989502
137,"Sparse25",7,1,15,"Raw","M2","ABR33",100,0.422616750983506,0.422616750983506,1.49335925205854,1.40469831471734
137,"Sparse25",7,1,15,"Raw","M2","JKI",99,0.0513304796347862,0.0513304796347862,0.886328112595177,0.813718630397939
138,"Sparse25",8,1,15,"Raw","M2","ABR33",100,0.495207732853276,0.495207732853276,1.52175265810169,1.35260953574176
138,"Sparse25",8,1,15,"Raw","M2","JKI",99,0.224572610701054,0.224572610701054,0.824879612663653,0.727192968714682
139,"Sparse25",9,1,15,"Raw","M2","ABR33",100,0.426028137519371,0.426028137519371,1.44880750243689,1.30371702748398
139,"Sparse25",9,1,15,"Raw","M2","JKI",99,0.235712086637548,0.235712086637548,0.778402907678794,0.678761677823323
140,"Sparse25",10,1,15,"Raw","M2","ABR33",100,0.428471318705813,0.428471318705813,1.45947953494463,1.27876763268121
140,"Sparse25",10,1,15,"Raw","M2","JKI",99,0.296635017794305,0.296635017794305,0.80606012099069,0.694750378215929
141,"Sparse25",1,1,20,"Raw","M2","ABR33",100,0.337293844679382,0.337293844679382,1.51532317746139,1.3164626216248
141,"Sparse25",1,1,20,"Raw","M2","JKI",99,0.152122978897856,0.152122978897856,0.853599888978554,0.75727005695836
142,"Sparse25",2,1,20,"Raw","M2","ABR33",100,0.398589897547459,0.398589897547459,1.47248642756008,1.28417800451443
142,"Sparse25",2,1,20,"Raw","M2","JKI",99,0.121695220788224,0.121695220788224,0.929661540434555,0.79207412991906
143,"Sparse25",3,1,20,"Raw","M2","ABR33",100,0.384869818051169,0.384869818051169,1.40821098604411,1.36687057049877
143,"Sparse25",3,1,20,"Raw","M2","JKI",99,0.114243532944863,0.114243532944863,0.828181097693644,0.706993508482985
144,"Sparse25",4,1,20,"Raw","M2","ABR33",100,0.397584525949355,0.397584525949355,1.50308959750879,1.48380823446897
144,"Sparse25",4,1,20,"Raw","M2","JKI",99,0.169350902073746,0.169350902073746,0.852709162455083,0.780584403334075
145,"Sparse25",5,1,20,"Raw","M2","ABR33",100,0.421133279968052,0.421133279968052,1.49412142523417,1.3777151323545
145,"Sparse25",5,1,20,"Raw","M2","JKI",99,0.13902121995261,0.13902121995261,0.840272761280097,0.750866135187357
146,"Sparse25",6,1,20,"Raw","M2","ABR33",100,0.362346256691294,0.362346256691294,1.39605821366432,1.2694877731619
146,"Sparse25",6,1,20,"Raw","M2","JKI",99,0.0625752607145803,0.0625752607145803,0.852872848972849,0.744011840148182
147,"Sparse25",7,1,20,"Raw","M2","ABR33",100,0.514173391474741,0.514173391474741,1.30885746723675,1.14332011519477
147,"Sparse25",7,1,20,"Raw","M2","JKI",99,0.138562611733691,0.138562611733691,0.785447094152334,0.679641041040298
148,"Sparse25",8,1,20,"Raw","M2","ABR33",100,0.480981814203735,0.480981814203735,1.45211845267946,1.27813075838621
148,"Sparse25",8,1,20,"Raw","M2","JKI",99,0.18241041373205,0.18241041373205,0.771265453657367,0.671581549450383
149,"Sparse25",9,1,20,"Raw","M2","ABR33",100,0.417955813169306,0.417955813169306,1.30847061047547,1.20347747232967
149,"Sparse25",9,1,20,"Raw","M2","JKI",99,0.147705730604564,0.147705730604564,0.859861363857468,0.676703227321545
150,"Sparse25",10,1,20,"Raw","M2","ABR33",100,0.427336003850972,0.427336003850972,1.33223156475266,1.40139828313175
150,"Sparse25",10,1,20,"Raw","M2","JKI",99,0.265663331422955,0.265663331422955,0.84041214837948,0.791691332022862
151,"Sparse25",1,1,25,"Raw","M2","ABR33",100,0.492611344666626,0.492611344666626,1.4845110644182,1.36054008863453
151,"Sparse25",1,1,25,"Raw","M2","JKI",99,0.293589364395842,0.293589364395842,0.784128392157304,0.684957332771178
152,"Sparse25",2,1,25,"Raw","M2","ABR33",100,0.471584391024671,0.471584391024671,1.42033899471569,1.4843125135506
152,"Sparse25",2,1,25,"Raw","M2","JKI",99,0.478056660084138,0.478056660084138,0.714996162663301,0.779989902735398
153,"Sparse25",3,1,25,"Raw","M2","ABR33",100,0.456105184056302,0.456105184056302,1.66457714102317,1.45023235334256
153,"Sparse25",3,1,25,"Raw","M2","JKI",99,0.376194655401248,0.376194655401248,0.832072530889123,0.693296313634155
154,"Sparse25",4,1,25,"Raw","M2","ABR33",100,0.3772453841552,0.3772453841552,1.59891540540642,1.41226501326867
154,"Sparse25",4,1,25,"Raw","M2","JKI",99,0.0201116099555397,0.0201116099555397,0.834612519019512,0.709826610567392
155,"Sparse25",5,1,25,"Raw","M2","ABR33",100,0.48001066277266,0.48001066277266,1.47773427338392,1.28372298708223
155,"Sparse25",5,1,25,"Raw","M2","JKI",99,0.153633284796531,0.153633284796531,0.76957939163178,0.673598397089302
156,"Sparse25",6,1,25,"Raw","M2","ABR33",100,0.504735229200158,0.504735229200158,1.3614316489574,1.31236128367881
156,"Sparse25",6,1,25,"Raw","M2","JKI",99,0.28389193633299,0.28389193633299,0.687562898348914,0.671727539431805
157,"Sparse25",7,1,25,"Raw","M2","ABR33",100,0.438210720762285,0.438210720762285,1.35987033525682,1.38697980472172
157,"Sparse25",7,1,25,"Raw","M2","JKI",99,0.150515774200553,0.150515774200553,0.839875600111792,0.772547563331593
158,"Sparse25",8,1,25,"Raw","M2","ABR33",100,0.421049780634988,0.421049780634988,1.45351721470885,1.28623883218167
158,"Sparse25",8,1,25,"Raw","M2","JKI",99,0.0482558824903232,0.0482558824903232,0.81789008311922,0.697343481050963
159,"Sparse25",9,1,25,"Raw","M2","ABR33",100,0.385120965396897,0.385120965396897,1.54494298693932,1.3892300658827
159,"Sparse25",9,1,25,"Raw","M2","JKI",99,0.14597151039148,0.14597151039148,0.854935169095919,0.813336128684358
160,"Sparse25",10,1,25,"Raw","M2","ABR33",100,0.388640223186698,0.388640223186698,1.5059655937245,1.29221977128557
160,"Sparse25",10,1,25,"Raw","M2","JKI",99,0.112802741459807,0.112802741459807,0.83831107758375,0.738935383994134
1,"CV1",1,1,NA,"Raw","M3","ABR33",25,0.331522805128071,0.331522805128071,1.72459360185394,1.48225303215285
1,"CV1",1,1,NA,"Raw","M3","JKI",25,0.391293574115587,0.391293574115587,0.907246381266514,0.829745335168255
2,"CV1",1,2,NA,"Raw","M3","ABR33",25,0.64940572335031,0.64940572335031,1.84421723512784,1.76191756401615
2,"CV1",1,2,NA,"Raw","M3","JKI",25,0.531548555926038,0.531548555926038,0.765440908517312,0.77624975689857
3,"CV1",1,3,NA,"Raw","M3","ABR33",25,0.320765765086317,0.320765765086317,1.06151979781703,1.08964524078103
3,"CV1",1,3,NA,"Raw","M3","JKI",25,0.414882169443205,0.414882169443205,0.426161213942274,0.480187416231375
4,"CV1",1,4,NA,"Raw","M3","ABR33",25,0.553819728418986,0.553819728418986,1.02196467226308,1.03494180514196
4,"CV1",1,4,NA,"Raw","M3","JKI",25,0.518189140543369,0.518189140543369,0.69716674774656,0.646589510516655
5,"CV1",1,5,NA,"Raw","M3","ABR33",25,0.462341353933163,0.462341353933163,0.979964442369108,1.07096981960168
5,"CV1",1,5,NA,"Raw","M3","JKI",24,0.597208206050054,0.597208206050054,0.722919702845409,0.686607575197042
6,"CV1",2,1,NA,"Raw","M3","ABR33",25,0.603468265155728,0.603468265155728,1.36785035037177,1.2601032485936
6,"CV1",2,1,NA,"Raw","M3","JKI",25,0.55623226656253,0.55623226656253,0.810867524241646,0.756288937292646
7,"CV1",2,2,NA,"Raw","M3","ABR33",25,0.428030789071789,0.428030789071789,1.21231506780932,1.28025132135606
7,"CV1",2,2,NA,"Raw","M3","JKI",24,0.768766827829582,0.768766827829582,0.579766458344164,0.703399810438457
8,"CV1",2,3,NA,"Raw","M3","ABR33",25,0.669462262785513,0.669462262785513,1.4824933866864,1.40108477606924
8,"CV1",2,3,NA,"Raw","M3","JKI",25,0.715414692036779,0.715414692036779,0.697301032592073,0.641936683887704
9,"CV1",2,4,NA,"Raw","M3","ABR33",25,0.41817270286994,0.41817270286994,1.44050723170498,1.40657758537646
9,"CV1",2,4,NA,"Raw","M3","JKI",25,0.585252277924535,0.585252277924535,0.570084550769934,0.535683185923316
10,"CV1",2,5,NA,"Raw","M3","ABR33",25,0.611151122365613,0.611151122365613,0.895404712499242,0.965877493683563
10,"CV1",2,5,NA,"Raw","M3","JKI",25,0.38165038151107,0.38165038151107,0.689754797484819,0.761828427912443
11,"CV1",3,1,NA,"Raw","M3","ABR33",25,0.423864799026418,0.423864799026418,1.00946064223258,0.969184583185379
11,"CV1",3,1,NA,"Raw","M3","JKI",24,0.67144949566655,0.67144949566655,0.509708508933593,0.598006659028884
12,"CV1",3,2,NA,"Raw","M3","ABR33",25,0.533683799507582,0.533683799507582,1.2342203935081,1.2381815440697
12,"CV1",3,2,NA,"Raw","M3","JKI",25,0.288478551058577,0.288478551058577,0.599144405345257,0.608106124582626
13,"CV1",3,3,NA,"Raw","M3","ABR33",25,0.675844154059386,0.675844154059386,1.50845431507902,1.49672896015435
13,"CV1",3,3,NA,"Raw","M3","JKI",25,0.742374461359081,0.742374461359081,0.81058821261396,0.81952637981212
14,"CV1",3,4,NA,"Raw","M3","ABR33",25,0.596275532340282,0.596275532340282,1.52554661209265,1.44508009669894
14,"CV1",3,4,NA,"Raw","M3","JKI",25,0.604779445608651,0.604779445608651,0.715400908160931,0.658837222267527
15,"CV1",3,5,NA,"Raw","M3","ABR33",25,0.468396768374826,0.468396768374826,1.13294317164126,1.24323476003848
15,"CV1",3,5,NA,"Raw","M3","JKI",25,0.533754012297985,0.533754012297985,0.748603380208447,0.76473516823892
16,"CV1",4,1,NA,"Raw","M3","ABR33",25,0.451184603785725,0.451184603785725,1.16918387016126,0.966500202979807
16,"CV1",4,1,NA,"Raw","M3","JKI",24,0.572361668397104,0.572361668397104,0.805224164766934,0.803704342281756
17,"CV1",4,2,NA,"Raw","M3","ABR33",25,0.660559627129683,0.660559627129683,1.4498426693603,1.5210022792005
17,"CV1",4,2,NA,"Raw","M3","JKI",25,0.414237567261496,0.414237567261496,0.613412739907101,0.654433056047194
18,"CV1",4,3,NA,"Raw","M3","ABR33",25,0.519712853514878,0.519712853514878,1.16837002322305,1.25061372333039
18,"CV1",4,3,NA,"Raw","M3","JKI",25,0.756945906346821,0.756945906346821,0.680329240032375,0.76135663234175
19,"CV1",4,4,NA,"Raw","M3","ABR33",25,0.407511595900471,0.407511595900471,1.36827207075543,1.43351260591279
19,"CV1",4,4,NA,"Raw","M3","JKI",25,0.543875364974735,0.543875364974735,0.741849935481711,0.635499747249152
20,"CV1",4,5,NA,"Raw","M3","ABR33",25,0.538944564068379,0.538944564068379,1.37770121740108,1.25881569026864
20,"CV1",4,5,NA,"Raw","M3","JKI",25,0.761076942314182,0.761076942314182,0.565593082496253,0.581388733976605
21,"CV1",5,1,NA,"Raw","M3","ABR33",25,0.537039906411114,0.537039906411114,1.06243041504017,1.02141501684334
21,"CV1",5,1,NA,"Raw","M3","JKI",25,0.507435570205358,0.507435570205358,0.627604928617958,0.603344315342954
22,"CV1",5,2,NA,"Raw","M3","ABR33",25,0.582294142361441,0.582294142361441,1.29218287142764,1.42417083765184
22,"CV1",5,2,NA,"Raw","M3","JKI",25,0.701031228948764,0.701031228948764,0.688694804763198,0.778671460767631
23,"CV1",5,3,NA,"Raw","M3","ABR33",25,0.589555850234204,0.589555850234204,1.36273296368205,1.18157609427813
23,"CV1",5,3,NA,"Raw","M3","JKI",25,0.51641075841578,0.51641075841578,0.744720081534117,0.725916466405116
24,"CV1",5,4,NA,"Raw","M3","ABR33",25,0.488138825035167,0.488138825035167,1.44358123544535,1.38575673433776
24,"CV1",5,4,NA,"Raw","M3","JKI",25,0.573287727453482,0.573287727453482,0.61821074274583,0.603696250813331
25,"CV1",5,5,NA,"Raw","M3","ABR33",25,0.493942724704273,0.493942724704273,1.29634606205668,1.36126208325937
25,"CV1",5,5,NA,"Raw","M3","JKI",24,0.489250169868336,0.489250169868336,0.737157859942978,0.682980627234509
26,"CV1",6,1,NA,"Raw","M3","ABR33",25,0.622047803239361,0.622047803239361,1.70759599889384,1.88215875587618
26,"CV1",6,1,NA,"Raw","M3","JKI",25,0.0983801942468193,0.0983801942468193,0.551977007470376,0.736792214411283
27,"CV1",6,2,NA,"Raw","M3","ABR33",25,0.468078844326969,0.468078844326969,1.31234881299529,1.1950797271579
27,"CV1",6,2,NA,"Raw","M3","JKI",25,0.789296007970379,0.789296007970379,0.682299948190097,0.623568585325949
28,"CV1",6,3,NA,"Raw","M3","ABR33",25,0.556233831626193,0.556233831626193,1.09039660014644,0.99199514746341
28,"CV1",6,3,NA,"Raw","M3","JKI",25,0.52170738473438,0.52170738473438,0.676543114993724,0.671423373302515
29,"CV1",6,4,NA,"Raw","M3","ABR33",25,0.433092010339668,0.433092010339668,1.17060791698046,1.0841682641455
29,"CV1",6,4,NA,"Raw","M3","JKI",24,0.592603906705623,0.592603906705623,0.735979270219689,0.739044503503075
30,"CV1",6,5,NA,"Raw","M3","ABR33",25,0.553373133182142,0.553373133182142,1.24166306599387,1.18140913718983
30,"CV1",6,5,NA,"Raw","M3","JKI",25,0.712185875525466,0.712185875525466,0.738311128155907,0.700765659884314
31,"CV1",7,1,NA,"Raw","M3","ABR33",25,0.537914102848339,0.537914102848339,1.52299589018445,1.41896780419265
31,"CV1",7,1,NA,"Raw","M3","JKI",25,0.838094407023506,0.838094407023506,0.946827833519211,0.867413312826206
32,"CV1",7,2,NA,"Raw","M3","ABR33",25,0.663060271764798,0.663060271764798,1.55499198580345,1.67005953587929
32,"CV1",7,2,NA,"Raw","M3","JKI",25,0.562994016871037,0.562994016871037,0.86932338489648,0.89126868174365
33,"CV1",7,3,NA,"Raw","M3","ABR33",25,0.572402102671409,0.572402102671409,0.836958863010908,0.753272871166342
33,"CV1",7,3,NA,"Raw","M3","JKI",24,0.26691482513097,0.26691482513097,0.439536705200093,0.516044451692375
34,"CV1",7,4,NA,"Raw","M3","ABR33",25,0.340341322744464,0.340341322744464,1.10134244182337,1.08228863445762
34,"CV1",7,4,NA,"Raw","M3","JKI",25,0.0216714449359745,0.0216714449359745,0.655353756736097,0.728394751192668
35,"CV1",7,5,NA,"Raw","M3","ABR33",25,0.681533725507874,0.681533725507874,1.4045080939881,1.4486053918676
35,"CV1",7,5,NA,"Raw","M3","JKI",25,0.344008188299057,0.344008188299057,0.464463529968223,0.526183927687917
36,"CV1",8,1,NA,"Raw","M3","ABR33",25,0.398488584453628,0.398488584453628,1.43404381801006,1.34837894437643
36,"CV1",8,1,NA,"Raw","M3","JKI",25,0.0108531756857681,0.0108531756857681,0.594605895527649,0.584046362201575
37,"CV1",8,2,NA,"Raw","M3","ABR33",25,0.6789233191926,0.6789233191926,1.13083731139089,1.09715244663186
37,"CV1",8,2,NA,"Raw","M3","JKI",25,0.596515269101676,0.596515269101676,0.811000024462229,0.792135826876971
38,"CV1",8,3,NA,"Raw","M3","ABR33",25,0.633792047682646,0.633792047682646,1.40610487384413,1.4546250366731
38,"CV1",8,3,NA,"Raw","M3","JKI",24,0.729984256353299,0.729984256353299,0.783222787503187,0.887964116791926
39,"CV1",8,4,NA,"Raw","M3","ABR33",25,0.451037028931844,0.451037028931844,1.52654119263405,1.43421330592639
39,"CV1",8,4,NA,"Raw","M3","JKI",25,0.332348980135729,0.332348980135729,0.547827204667427,0.491178692057793
40,"CV1",8,5,NA,"Raw","M3","ABR33",25,0.627956406617838,0.627956406617838,0.861489442441885,0.988493155928264
40,"CV1",8,5,NA,"Raw","M3","JKI",25,0.688428558467923,0.688428558467923,0.686358465110496,0.646297446583367
41,"CV1",9,1,NA,"Raw","M3","ABR33",25,0.672774735355596,0.672774735355596,1.25615507012344,1.20182385624291
41,"CV1",9,1,NA,"Raw","M3","JKI",25,0.634245796816263,0.634245796816263,0.895921969227841,0.866134815832057
42,"CV1",9,2,NA,"Raw","M3","ABR33",25,0.571211314271121,0.571211314271121,1.54347405636404,1.65803835421129
42,"CV1",9,2,NA,"Raw","M3","JKI",25,0.272005454097407,0.272005454097407,0.620889364293698,0.666349816359279
43,"CV1",9,3,NA,"Raw","M3","ABR33",25,0.624131825979946,0.624131825979946,1.06407270604239,0.951933796601701
43,"CV1",9,3,NA,"Raw","M3","JKI",24,0.580900793282946,0.580900793282946,0.648566023485251,0.647279188883663
44,"CV1",9,4,NA,"Raw","M3","ABR33",25,0.521946711674586,0.521946711674586,1.25332246920951,1.24462149095947
44,"CV1",9,4,NA,"Raw","M3","JKI",25,0.53905162694342,0.53905162694342,0.663194992445479,0.570298507568228
45,"CV1",9,5,NA,"Raw","M3","ABR33",25,0.425501649201129,0.425501649201129,1.21656392310286,1.29777774315042
45,"CV1",9,5,NA,"Raw","M3","JKI",25,0.41718667730649,0.41718667730649,0.662952207398719,0.749418073484912
46,"CV1",10,1,NA,"Raw","M3","ABR33",25,0.551622392365639,0.551622392365639,1.5385341426929,1.57403199682265
46,"CV1",10,1,NA,"Raw","M3","JKI",25,0.650013380457828,0.650013380457828,0.643702964512102,0.599157822386057
47,"CV1",10,2,NA,"Raw","M3","ABR33",25,0.546429163530311,0.546429163530311,1.50919229190027,1.43047759541359
47,"CV1",10,2,NA,"Raw","M3","JKI",25,0.581982488221945,0.581982488221945,0.888771029239778,0.85162629839621
48,"CV1",10,3,NA,"Raw","M3","ABR33",25,0.406355612002852,0.406355612002852,1.4082625345888,1.43146011349268
48,"CV1",10,3,NA,"Raw","M3","JKI",25,0.417253385964547,0.417253385964547,0.591192750771089,0.567668417152234
49,"CV1",10,4,NA,"Raw","M3","ABR33",25,0.75776301544216,0.75776301544216,0.942623788724851,0.88419027676078
49,"CV1",10,4,NA,"Raw","M3","JKI",24,0.685940664128458,0.685940664128458,0.730814610700799,0.797049562018072
50,"CV1",10,5,NA,"Raw","M3","ABR33",25,0.511073466379833,0.511073466379833,0.815282899966662,0.88785868142893
50,"CV1",10,5,NA,"Raw","M3","JKI",25,0.620293497105958,0.620293497105958,0.532599935658952,0.560301396911697
51,"CV2",1,1,NA,"Raw","M3","ABR33",25,0.601025575371685,0.601025575371685,1.45718654349374,1.66670343137493
51,"CV2",1,1,NA,"Raw","M3","JKI",20,0.379618269630583,0.379618269630583,0.552442718202621,0.586603036664273
52,"CV2",1,2,NA,"Raw","M3","ABR33",28,0.739599973447842,0.739599973447842,0.941232447281487,1.07495183705979
52,"CV2",1,2,NA,"Raw","M3","JKI",26,0.525640912713869,0.525640912713869,0.861982208229011,0.715955464648071
53,"CV2",1,3,NA,"Raw","M3","ABR33",24,0.689465563521237,0.689465563521237,1.24334154456189,1.28127190340351
53,"CV2",1,3,NA,"Raw","M3","JKI",30,0.638750623718888,0.638750623718888,0.71942002432599,0.770665130485128
54,"CV2",1,4,NA,"Raw","M3","ABR33",27,0.488031154228756,0.488031154228756,1.08222879462079,1.09758166419946
54,"CV2",1,4,NA,"Raw","M3","JKI",16,0.808119415671346,0.808119415671346,0.533820052180856,0.760225432992311
55,"CV2",1,5,NA,"Raw","M3","ABR33",20,0.753012465953695,0.753012465953695,1.20248393867119,1.23815995858731
55,"CV2",1,5,NA,"Raw","M3","JKI",32,0.642572494074347,0.642572494074347,0.50176981368292,0.582582667228245
56,"CV2",2,1,NA,"Raw","M3","ABR33",23,0.496491721146398,0.496491721146398,1.20557564698423,1.43445031560065
56,"CV2",2,1,NA,"Raw","M3","JKI",24,0.837697388443404,0.837697388443404,0.550865906662948,0.72121452764952
57,"CV2",2,2,NA,"Raw","M3","ABR33",31,0.602234441682781,0.602234441682781,1.2804815268492,1.24951297578381
57,"CV2",2,2,NA,"Raw","M3","JKI",23,0.476478314343307,0.476478314343307,0.826179454862556,0.76464993298475
58,"CV2",2,3,NA,"Raw","M3","ABR33",34,0.770631837048076,0.770631837048076,1.19047808275803,1.29351901299749
58,"CV2",2,3,NA,"Raw","M3","JKI",27,0.559046623284309,0.559046623284309,0.588988621127142,0.637953401566361
59,"CV2",2,4,NA,"Raw","M3","ABR33",15,0.873319683011312,0.873319683011312,1.26723659259735,1.45745098973458
59,"CV2",2,4,NA,"Raw","M3","JKI",28,0.280128310825771,0.280128310825771,0.878568258647225,0.631920343612157
60,"CV2",2,5,NA,"Raw","M3","ABR33",21,0.594425505198421,0.594425505198421,0.844278643187378,0.942447491670672
60,"CV2",2,5,NA,"Raw","M3","JKI",22,0.850700556771548,0.850700556771548,0.427329716860728,0.752811859780855
61,"CV2",3,1,NA,"Raw","M3","ABR33",27,0.605076525402438,0.605076525402438,0.727933820598831,0.799967034318994
61,"CV2",3,1,NA,"Raw","M3","JKI",24,0.573275025009938,0.573275025009938,0.670338878996542,0.83522179786916
62,"CV2",3,2,NA,"Raw","M3","ABR33",26,0.458784059011315,0.458784059011315,1.32566320002363,1.47341313518494
62,"CV2",3,2,NA,"Raw","M3","JKI",26,0.704915773915332,0.704915773915332,0.665262743657314,0.697656309599485
63,"CV2",3,3,NA,"Raw","M3","ABR33",22,0.668936000331837,0.668936000331837,0.984597542254564,0.96912046841436
63,"CV2",3,3,NA,"Raw","M3","JKI",31,0.743395497543115,0.743395497543115,0.5675364000979,0.671337488379802
64,"CV2",3,4,NA,"Raw","M3","ABR33",27,0.809358111483024,0.809358111483024,1.47040619117779,1.61618077191666
64,"CV2",3,4,NA,"Raw","M3","JKI",25,0.474260694297297,0.474260694297297,0.634861737732063,0.673540560029944
65,"CV2",3,5,NA,"Raw","M3","ABR33",22,0.746119920945324,0.746119920945324,1.33923901887196,1.43185038236387
65,"CV2",3,5,NA,"Raw","M3","JKI",18,0.412290130328223,0.412290130328223,0.940285859541388,0.506431949574181
66,"CV2",4,1,NA,"Raw","M3","ABR33",21,0.524735969468452,0.524735969468452,1.65745560858927,1.83576384328067
66,"CV2",4,1,NA,"Raw","M3","JKI",26,0.88126499814706,0.88126499814706,0.453587449464242,0.785450044762972
67,"CV2",4,2,NA,"Raw","M3","ABR33",24,0.749302410957699,0.749302410957699,0.943898806023997,1.07498225255545
67,"CV2",4,2,NA,"Raw","M3","JKI",35,0.468688200553644,0.468688200553644,0.673161527828597,0.692298297137453
68,"CV2",4,3,NA,"Raw","M3","ABR33",27,0.684029680707924,0.684029680707924,1.35824369454248,1.48522018425431
68,"CV2",4,3,NA,"Raw","M3","JKI",18,0.646134610411469,0.646134610411469,0.674479362536414,0.577901298113283
69,"CV2",4,4,NA,"Raw","M3","ABR33",35,0.773465271514478,0.773465271514478,0.944291306301488,1.00251137264595
69,"CV2",4,4,NA,"Raw","M3","JKI",19,0.396047537175963,0.396047537175963,0.711309539850435,0.496891397386396
70,"CV2",4,5,NA,"Raw","M3","ABR33",17,0.461999779860221,0.461999779860221,0.786914809031846,0.88542714372795
70,"CV2",4,5,NA,"Raw","M3","JKI",26,0.533761175213015,0.533761175213015,0.707004575037347,0.796937991652654
71,"CV2",5,1,NA,"Raw","M3","ABR33",19,0.779909773980292,0.779909773980292,0.829475682841143,1.11581428916168
71,"CV2",5,1,NA,"Raw","M3","JKI",34,0.50019345028869,0.50019345028869,0.79928213969298,0.64318625845911
72,"CV2",5,2,NA,"Raw","M3","ABR33",35,0.58967798218755,0.58967798218755,1.31991264083373,1.43543628797971
72,"CV2",5,2,NA,"Raw","M3","JKI",27,0.736951010612652,0.736951010612652,0.565063595912798,0.685432430144226
73,"CV2",5,3,NA,"Raw","M3","ABR33",26,0.745513653128595,0.745513653128595,1.17364528374881,1.24324269908094
73,"CV2",5,3,NA,"Raw","M3","JKI",22,0.762004578756616,0.762004578756616,0.477446969151431,0.587372551832992
74,"CV2",5,4,NA,"Raw","M3","ABR33",21,0.743497077164478,0.743497077164478,0.888490535317545,0.976179068459325
74,"CV2",5,4,NA,"Raw","M3","JKI",26,0.546265191504741,0.546265191504741,0.693429229009656,0.723699463595777
75,"CV2",5,5,NA,"Raw","M3","ABR33",23,0.543528956215065,0.543528956215065,1.40588224451278,1.43286290458083
75,"CV2",5,5,NA,"Raw","M3","JKI",15,0.566628233750825,0.566628233750825,0.577198096818343,0.879661144174809
76,"CV2",6,1,NA,"Raw","M3","ABR33",23,0.581645727348297,0.581645727348297,0.873990865347741,0.853006373857909
76,"CV2",6,1,NA,"Raw","M3","JKI",25,0.450799815802053,0.450799815802053,0.737448009894932,0.826420488742042
77,"CV2",6,2,NA,"Raw","M3","ABR33",21,0.607705490480752,0.607705490480752,1.20585163269981,1.36885651326537
77,"CV2",6,2,NA,"Raw","M3","JKI",30,0.295703228732052,0.295703228732052,0.87077999783481,0.674674738950264
78,"CV2",6,3,NA,"Raw","M3","ABR33",29,0.641347812542899,0.641347812542899,1.31598263972336,1.41607567419629
78,"CV2",6,3,NA,"Raw","M3","JKI",20,0.833562362563101,0.833562362563101,0.494926678843222,0.665133940989757
79,"CV2",6,4,NA,"Raw","M3","ABR33",33,0.794386533599839,0.794386533599839,1.14934710415729,1.22319808904512
79,"CV2",6,4,NA,"Raw","M3","JKI",21,0.747874886827415,0.747874886827415,0.601495181113073,0.71707521258779
80,"CV2",6,5,NA,"Raw","M3","ABR33",18,0.487253884267714,0.487253884267714,1.35466726714999,1.54854892372153
80,"CV2",6,5,NA,"Raw","M3","JKI",28,0.804672418544569,0.804672418544569,0.375854265029707,0.570718567580402
81,"CV2",7,1,NA,"Raw","M3","ABR33",28,0.590396654049388,0.590396654049388,1.49350720175151,1.57129828914939
81,"CV2",7,1,NA,"Raw","M3","JKI",26,0.848446338239842,0.848446338239842,0.541053671190972,0.778932408900881
82,"CV2",7,2,NA,"Raw","M3","ABR33",22,0.758470240384824,0.758470240384824,1.40432239259556,1.59086046536781
82,"CV2",7,2,NA,"Raw","M3","JKI",25,0.159113437301672,0.159113437301672,0.856748728026589,0.567203603491786
83,"CV2",7,3,NA,"Raw","M3","ABR33",20,0.839881699666341,0.839881699666341,0.981019670103477,1.02983469463781
83,"CV2",7,3,NA,"Raw","M3","JKI",28,0.647409220093247,0.647409220093247,0.557937302327237,0.843965131801542
84,"CV2",7,4,NA,"Raw","M3","ABR33",29,0.611582469951611,0.611582469951611,0.966308281416272,1.19131541994609
84,"CV2",7,4,NA,"Raw","M3","JKI",22,0.667697387377473,0.667697387377473,0.664631984240694,0.705648611647472
85,"CV2",7,5,NA,"Raw","M3","ABR33",25,0.592333108874072,0.592333108874072,0.829272043101367,0.920931096740476
85,"CV2",7,5,NA,"Raw","M3","JKI",23,0.307636555968393,0.307636555968393,0.63763036019728,0.567766708033822
86,"CV2",8,1,NA,"Raw","M3","ABR33",21,0.718217743057653,0.718217743057653,1.37437619648979,1.42357015123868
86,"CV2",8,1,NA,"Raw","M3","JKI",23,0.715882880873235,0.715882880873235,0.468614984152209,0.662715938280659
87,"CV2",8,2,NA,"Raw","M3","ABR33",31,0.624540193372285,0.624540193372285,1.496555041711,1.58000569088672
87,"CV2",8,2,NA,"Raw","M3","JKI",22,0.246235843542485,0.246235843542485,0.73933178248204,0.652911598544458
88,"CV2",8,3,NA,"Raw","M3","ABR33",26,0.532597092058488,0.532597092058488,0.808881522256277,0.925116116104419
88,"CV2",8,3,NA,"Raw","M3","JKI",23,0.528665328088309,0.528665328088309,0.773644402145655,0.770774622168993
89,"CV2",8,4,NA,"Raw","M3","ABR33",24,0.683669518428875,0.683669518428875,0.773196158932678,0.871976368651017
89,"CV2",8,4,NA,"Raw","M3","JKI",34,0.640338574029039,0.640338574029039,0.659414799472524,0.738155586224723
90,"CV2",8,5,NA,"Raw","M3","ABR33",22,0.616457854583473,0.616457854583473,1.44541479586707,1.67024107028734
90,"CV2",8,5,NA,"Raw","M3","JKI",22,0.793542291656014,0.793542291656014,0.48450653743601,0.607094704689363
91,"CV2",9,1,NA,"Raw","M3","ABR33",28,0.501290485628257,0.501290485628257,1.08945541951514,1.07749909711995
91,"CV2",9,1,NA,"Raw","M3","JKI",22,0.769885086310448,0.769885086310448,0.637392445890474,0.810229022328849
92,"CV2",9,2,NA,"Raw","M3","ABR33",16,0.601518094129651,0.601518094129651,1.66816601927924,1.75965157162654
92,"CV2",9,2,NA,"Raw","M3","JKI",34,0.380912796676593,0.380912796676593,0.836286705662367,0.563213519572306
93,"CV2",9,3,NA,"Raw","M3","ABR33",19,0.777546899477611,0.777546899477611,1.36500662859329,1.60128836881862
93,"CV2",9,3,NA,"Raw","M3","JKI",24,0.791840121600136,0.791840121600136,0.580238454415395,0.763099926300899
94,"CV2",9,4,NA,"Raw","M3","ABR33",33,0.74694694596251,0.74694694596251,1.24180454851829,1.36372135879402
94,"CV2",9,4,NA,"Raw","M3","JKI",27,0.526798960374925,0.526798960374925,0.746135175713802,0.815320864755832
95,"CV2",9,5,NA,"Raw","M3","ABR33",28,0.521550905022948,0.521550905022948,0.839053816203404,0.89732584826472
95,"CV2",9,5,NA,"Raw","M3","JKI",17,0.573826677188149,0.573826677188149,0.473102566954809,0.473601984906847
96,"CV2",10,1,NA,"Raw","M3","ABR33",16,0.552637249503941,0.552637249503941,1.6241504186721,1.51113828452935
96,"CV2",10,1,NA,"Raw","M3","JKI",31,0.533803854182971,0.533803854182971,0.62794926419907,0.68494517891395
97,"CV2",10,2,NA,"Raw","M3","ABR33",21,0.78557085795691,0.78557085795691,0.684691261193851,0.738194628565782
97,"CV2",10,2,NA,"Raw","M3","JKI",25,0.552870120701759,0.552870120701759,0.786547411332748,0.770504015629478
98,"CV2",10,3,NA,"Raw","M3","ABR33",31,0.568032705964113,0.568032705964113,1.02382910150072,1.02740907319283
98,"CV2",10,3,NA,"Raw","M3","JKI",22,0.80459316676396,0.80459316676396,0.492607414640559,0.764359625708577
99,"CV2",10,4,NA,"Raw","M3","ABR33",27,0.733816273095599,0.733816273095599,1.36299662212678,1.49490243404629
99,"CV2",10,4,NA,"Raw","M3","JKI",26,0.760497431454684,0.760497431454684,0.553170334293767,0.625274667630803
100,"CV2",10,5,NA,"Raw","M3","ABR33",29,0.524400315669343,0.524400315669343,1.31357136695777,1.50401758004472
100,"CV2",10,5,NA,"Raw","M3","JKI",20,0.328423352774621,0.328423352774621,0.818366442695594,0.57308562231578
101,"Sparse25",1,1,0,"Raw","M3","ABR33",100,0.531972868137165,0.531972868137165,1.49961144561375,1.39056324856236
101,"Sparse25",1,1,0,"Raw","M3","JKI",99,0.489296929883733,0.489296929883733,0.784161803059373,0.724203829049938
102,"Sparse25",2,1,0,"Raw","M3","ABR33",100,0.489309306623815,0.489309306623815,1.32221001084445,1.58658846554521
102,"Sparse25",2,1,0,"Raw","M3","JKI",99,0.476173528482286,0.476173528482286,0.708088192994189,0.715771809067451
103,"Sparse25",3,1,0,"Raw","M3","ABR33",100,0.378793278495565,0.378793278495565,1.52651808532848,1.39401558804519
103,"Sparse25",3,1,0,"Raw","M3","JKI",99,0.190237245677769,0.190237245677769,0.848516852537015,0.756693347802613
104,"Sparse25",4,1,0,"Raw","M3","ABR33",100,0.423929747562911,0.423929747562911,1.31510871959712,1.22418185893834
104,"Sparse25",4,1,0,"Raw","M3","JKI",99,0.323530442490416,0.323530442490416,0.750761705721239,0.707898053259274
105,"Sparse25",5,1,0,"Raw","M3","ABR33",100,0.418927065646242,0.418927065646242,1.2404060250182,1.2056203497742
105,"Sparse25",5,1,0,"Raw","M3","JKI",99,0.31634731430412,0.31634731430412,0.776289052368511,0.689821181066268
106,"Sparse25",6,1,0,"Raw","M3","ABR33",100,0.565831558268245,0.565831558268245,1.46798552663288,1.43968710636503
106,"Sparse25",6,1,0,"Raw","M3","JKI",99,0.430287618740173,0.430287618740173,0.706248545521386,0.648384216101665
107,"Sparse25",7,1,0,"Raw","M3","ABR33",100,0.37241076914335,0.37241076914335,1.33458484034417,1.23820124057753
107,"Sparse25",7,1,0,"Raw","M3","JKI",99,0.336739869899326,0.336739869899326,0.777832512205421,0.765861568949847
108,"Sparse25",8,1,0,"Raw","M3","ABR33",100,0.512173845870205,0.512173845870205,1.23536149750178,1.15977903119691
108,"Sparse25",8,1,0,"Raw","M3","JKI",99,0.376577561102885,0.376577561102885,0.726603115753982,0.700253782202279
109,"Sparse25",9,1,0,"Raw","M3","ABR33",100,0.355040174824356,0.355040174824356,1.46467595713278,1.34475900485051
109,"Sparse25",9,1,0,"Raw","M3","JKI",99,0.210646780709414,0.210646780709414,0.822036013971772,0.75421162994489
110,"Sparse25",10,1,0,"Raw","M3","ABR33",100,0.347739346600029,0.347739346600029,1.48892982672501,1.53210395420218
110,"Sparse25",10,1,0,"Raw","M3","JKI",99,0.312684716040441,0.312684716040441,0.748941176240175,0.690914636545052
111,"Sparse25",1,1,5,"Raw","M3","ABR33",100,0.428337367482997,0.428337367482997,1.39112005267867,1.36993366517419
111,"Sparse25",1,1,5,"Raw","M3","JKI",99,0.577699610447618,0.577699610447618,0.717733649749191,0.77650740726923
112,"Sparse25",2,1,5,"Raw","M3","ABR33",100,0.465625406037402,0.465625406037402,1.33616602940605,1.34203490259444
112,"Sparse25",2,1,5,"Raw","M3","JKI",99,0.361466634402863,0.361466634402863,0.726969260347951,0.70400080150171
113,"Sparse25",3,1,5,"Raw","M3","ABR33",100,0.376131296882523,0.376131296882523,1.42329140102354,1.39153562526462
113,"Sparse25",3,1,5,"Raw","M3","JKI",99,0.294759461896115,0.294759461896115,0.738755602635345,0.716634534389696
114,"Sparse25",4,1,5,"Raw","M3","ABR33",100,0.466761137794504,0.466761137794504,1.33124146473578,1.43941206582736
114,"Sparse25",4,1,5,"Raw","M3","JKI",99,0.403811901129258,0.403811901129258,0.682012957392307,0.657178540305232
115,"Sparse25",5,1,5,"Raw","M3","ABR33",100,0.594249763659379,0.594249763659379,1.31325515872832,1.21777759473883
115,"Sparse25",5,1,5,"Raw","M3","JKI",99,0.437865929926348,0.437865929926348,0.774259675273022,0.781716398341459
116,"Sparse25",6,1,5,"Raw","M3","ABR33",100,0.311662039302313,0.311662039302313,1.45749925657823,1.45282284858795
116,"Sparse25",6,1,5,"Raw","M3","JKI",99,0.463881850887808,0.463881850887808,0.677307913089688,0.735811915997745
117,"Sparse25",7,1,5,"Raw","M3","ABR33",100,0.52722549401323,0.52722549401323,1.4301460576715,1.35344513604783
117,"Sparse25",7,1,5,"Raw","M3","JKI",99,0.46301515514034,0.46301515514034,0.714547442979126,0.688509778995139
118,"Sparse25",8,1,5,"Raw","M3","ABR33",100,0.525368155031823,0.525368155031823,1.27980225516686,1.21165762114517
118,"Sparse25",8,1,5,"Raw","M3","JKI",99,0.470988141366127,0.470988141366127,0.687430574231383,0.700942880600964
119,"Sparse25",9,1,5,"Raw","M3","ABR33",100,0.350800732415402,0.350800732415402,1.45687936262678,1.41861421641549
119,"Sparse25",9,1,5,"Raw","M3","JKI",99,0.259774116530778,0.259774116530778,0.80017414011274,0.728835836878984
120,"Sparse25",10,1,5,"Raw","M3","ABR33",100,0.465287703017296,0.465287703017296,1.27070926846503,1.24638278016473
120,"Sparse25",10,1,5,"Raw","M3","JKI",99,0.432364970899042,0.432364970899042,0.728296631258418,0.794776443639502
121,"Sparse25",1,1,10,"Raw","M3","ABR33",100,0.41169043957594,0.41169043957594,1.32414714913753,1.50392381299934
121,"Sparse25",1,1,10,"Raw","M3","JKI",99,0.387742406880675,0.387742406880675,0.7064771849451,0.690104466404059
122,"Sparse25",2,1,10,"Raw","M3","ABR33",100,0.350865370101587,0.350865370101587,1.4298723993521,1.39469809248468
122,"Sparse25",2,1,10,"Raw","M3","JKI",99,0.0443811811348063,0.0443811811348063,0.887606107318028,0.865293529152213
123,"Sparse25",3,1,10,"Raw","M3","ABR33",100,0.41057384258261,0.41057384258261,1.41847839874379,1.3510939124733
123,"Sparse25",3,1,10,"Raw","M3","JKI",99,0.1450965809434,0.1450965809434,0.779852882378827,0.697374322203973
124,"Sparse25",4,1,10,"Raw","M3","ABR33",100,0.471989496285738,0.471989496285738,1.36704889479179,1.40926510388832
124,"Sparse25",4,1,10,"Raw","M3","JKI",99,0.232796430022013,0.232796430022013,0.770190102193241,0.681807899526474
125,"Sparse25",5,1,10,"Raw","M3","ABR33",100,0.45053056947509,0.45053056947509,1.36248194754489,1.26920157647531
125,"Sparse25",5,1,10,"Raw","M3","JKI",99,0.424752534410286,0.424752534410286,0.772461431310375,0.755790042562257
126,"Sparse25",6,1,10,"Raw","M3","ABR33",100,0.362934020586158,0.362934020586158,1.49549123743593,1.5367666835222
126,"Sparse25",6,1,10,"Raw","M3","JKI",99,0.250841724914178,0.250841724914178,0.867929528695297,0.76386377633294
127,"Sparse25",7,1,10,"Raw","M3","ABR33",100,0.544765409498214,0.544765409498214,1.35411163333868,1.27290499667962
127,"Sparse25",7,1,10,"Raw","M3","JKI",99,0.42588847264374,0.42588847264374,0.763520989160824,0.788112889762657
128,"Sparse25",8,1,10,"Raw","M3","ABR33",100,0.50322570068215,0.50322570068215,1.34937732773292,1.29352666039123
128,"Sparse25",8,1,10,"Raw","M3","JKI",99,0.335374631650386,0.335374631650386,0.780687544640128,0.759413736076824
129,"Sparse25",9,1,10,"Raw","M3","ABR33",100,0.483605322695142,0.483605322695142,1.32464064238751,1.41212706394315
129,"Sparse25",9,1,10,"Raw","M3","JKI",99,0.39720560849753,0.39720560849753,0.835795103890247,0.740597977554349
130,"Sparse25",10,1,10,"Raw","M3","ABR33",100,0.41804486541755,0.41804486541755,1.26973624252971,1.22663236000746
130,"Sparse25",10,1,10,"Raw","M3","JKI",99,0.364855300686742,0.364855300686742,0.708755528991877,0.738989528375964
131,"Sparse25",1,1,15,"Raw","M3","ABR33",100,0.400485201641978,0.400485201641978,1.44888313532335,1.33344467318959
131,"Sparse25",1,1,15,"Raw","M3","JKI",99,0.112699725427514,0.112699725427514,0.832899602315132,0.851862949409806
132,"Sparse25",2,1,15,"Raw","M3","ABR33",100,0.392925787935976,0.392925787935976,1.40045251855678,1.45665584457414
132,"Sparse25",2,1,15,"Raw","M3","JKI",99,0.0703056158065815,0.0703056158065815,0.779106428888571,0.712484322817666
133,"Sparse25",3,1,15,"Raw","M3","ABR33",100,0.418689727082775,0.418689727082775,1.43969794810494,1.30398403984197
133,"Sparse25",3,1,15,"Raw","M3","JKI",99,0.276297927025925,0.276297927025925,0.775124320262674,0.748379722022791
134,"Sparse25",4,1,15,"Raw","M3","ABR33",100,0.418353499808262,0.418353499808262,1.40916621255591,1.3020588694742
134,"Sparse25",4,1,15,"Raw","M3","JKI",99,0.274842534162377,0.274842534162377,0.801097955323249,0.712117810920328
135,"Sparse25",5,1,15,"Raw","M3","ABR33",100,0.371241723260407,0.371241723260407,1.45330557887713,1.36875165109941
135,"Sparse25",5,1,15,"Raw","M3","JKI",99,0.288278310518586,0.288278310518586,0.796712353242227,0.712976875517033
136,"Sparse25",6,1,15,"Raw","M3","ABR33",100,0.367216793292627,0.367216793292627,1.41489209913567,1.32144642431705
136,"Sparse25",6,1,15,"Raw","M3","JKI",99,0.199847682090271,0.199847682090271,0.803212622992325,0.705092909989502
137,"Sparse25",7,1,15,"Raw","M3","ABR33",100,0.416201142985101,0.416201142985101,1.46393886188762,1.40469831471734
137,"Sparse25",7,1,15,"Raw","M3","JKI",99,0.0503558552609449,0.0503558552609449,0.875188894974143,0.813718630397939
138,"Sparse25",8,1,15,"Raw","M3","ABR33",100,0.464285215012256,0.464285215012256,1.49110438740471,1.35260953574176
138,"Sparse25",8,1,15,"Raw","M3","JKI",99,0.33903141260528,0.33903141260528,0.798778407850934,0.727192968714682
139,"Sparse25",9,1,15,"Raw","M3","ABR33",100,0.425302472316073,0.425302472316073,1.39668331485813,1.30371702748398
139,"Sparse25",9,1,15,"Raw","M3","JKI",99,0.2280450488022,0.2280450488022,0.782840808335007,0.678761677823323
140,"Sparse25",10,1,15,"Raw","M3","ABR33",100,0.413050418574133,0.413050418574133,1.42478871889231,1.27876763268121
140,"Sparse25",10,1,15,"Raw","M3","JKI",99,0.313409140981983,0.313409140981983,0.811939015413658,0.694750378215929
141,"Sparse25",1,1,20,"Raw","M3","ABR33",100,0.369733128310381,0.369733128310381,1.47333609628561,1.3164626216248
141,"Sparse25",1,1,20,"Raw","M3","JKI",99,0.19921352728532,0.19921352728532,0.834137013012518,0.75727005695836
142,"Sparse25",2,1,20,"Raw","M3","ABR33",100,0.389340063603891,0.389340063603891,1.42408811427113,1.28417800451443
142,"Sparse25",2,1,20,"Raw","M3","JKI",99,0.088649370856916,0.088649370856916,0.890973897273286,0.79207412991906
143,"Sparse25",3,1,20,"Raw","M3","ABR33",100,0.373239374107842,0.373239374107842,1.41536183405735,1.36687057049877
143,"Sparse25",3,1,20,"Raw","M3","JKI",99,0.231942469951435,0.231942469951435,0.747173234396921,0.706993508482985
144,"Sparse25",4,1,20,"Raw","M3","ABR33",100,0.42048902350574,0.42048902350574,1.45180079925801,1.48380823446897
144,"Sparse25",4,1,20,"Raw","M3","JKI",99,0.138173871975445,0.138173871975445,0.867909494554499,0.780584403334075
145,"Sparse25",5,1,20,"Raw","M3","ABR33",100,0.39106675610681,0.39106675610681,1.46567127329179,1.3777151323545
145,"Sparse25",5,1,20,"Raw","M3","JKI",99,0.290030294137929,0.290030294137929,0.809513397551117,0.750866135187357
146,"Sparse25",6,1,20,"Raw","M3","ABR33",100,0.355779232882324,0.355779232882324,1.37900799964535,1.2694877731619
146,"Sparse25",6,1,20,"Raw","M3","JKI",99,0.150854360768891,0.150854360768891,0.811705380238268,0.744011840148182
147,"Sparse25",7,1,20,"Raw","M3","ABR33",100,0.488557376782983,0.488557376782983,1.25362424724366,1.14332011519477
147,"Sparse25",7,1,20,"Raw","M3","JKI",99,0.144425115526769,0.144425115526769,0.777090011120793,0.679641041040298
148,"Sparse25",8,1,20,"Raw","M3","ABR33",100,0.48716413456794,0.48716413456794,1.4034926678051,1.27813075838621
148,"Sparse25",8,1,20,"Raw","M3","JKI",99,0.328298452087293,0.328298452087293,0.759973825187077,0.671581549450383
149,"Sparse25",9,1,20,"Raw","M3","ABR33",100,0.400531940335255,0.400531940335255,1.27654300017414,1.20347747232967
149,"Sparse25",9,1,20,"Raw","M3","JKI",99,0.249202985629817,0.249202985629817,0.811058104750959,0.676703227321545
150,"Sparse25",10,1,20,"Raw","M3","ABR33",100,0.39382044537451,0.39382044537451,1.3798527989958,1.40139828313175
150,"Sparse25",10,1,20,"Raw","M3","JKI",99,0.426040286838708,0.426040286838708,0.79970108250484,0.791691332022862
151,"Sparse25",1,1,25,"Raw","M3","ABR33",100,0.458458605496467,0.458458605496467,1.43144567131181,1.36054008863453
151,"Sparse25",1,1,25,"Raw","M3","JKI",99,0.277934958724508,0.277934958724508,0.785762666252433,0.684957332771178
152,"Sparse25",2,1,25,"Raw","M3","ABR33",100,0.499110144879239,0.499110144879239,1.34523571320122,1.4843125135506
152,"Sparse25",2,1,25,"Raw","M3","JKI",99,0.399381095996229,0.399381095996229,0.726013302637716,0.779989902735398
153,"Sparse25",3,1,25,"Raw","M3","ABR33",100,0.450278163359467,0.450278163359467,1.64085535549639,1.45023235334256
153,"Sparse25",3,1,25,"Raw","M3","JKI",99,0.428074201281523,0.428074201281523,0.831122054448057,0.693296313634155
154,"Sparse25",4,1,25,"Raw","M3","ABR33",100,0.376381277733878,0.376381277733878,1.58098336781218,1.41226501326867
154,"Sparse25",4,1,25,"Raw","M3","JKI",99,0.101885425135463,0.101885425135463,0.822726286355481,0.709826610567392
155,"Sparse25",5,1,25,"Raw","M3","ABR33",100,0.458303103805383,0.458303103805383,1.42325495303856,1.28372298708223
155,"Sparse25",5,1,25,"Raw","M3","JKI",99,0.436711972583615,0.436711972583615,0.724595105112006,0.673598397089302
156,"Sparse25",6,1,25,"Raw","M3","ABR33",100,0.511736787564595,0.511736787564595,1.3058708193152,1.31236128367881
156,"Sparse25",6,1,25,"Raw","M3","JKI",99,0.550742822460943,0.550742822460943,0.672116349282761,0.671727539431805
157,"Sparse25",7,1,25,"Raw","M3","ABR33",100,0.446006781669446,0.446006781669446,1.34664760633992,1.38697980472172
157,"Sparse25",7,1,25,"Raw","M3","JKI",99,0.187527803591352,0.187527803591352,0.784733128813271,0.772547563331593
158,"Sparse25",8,1,25,"Raw","M3","ABR33",100,0.429543756477819,0.429543756477819,1.41491919612891,1.28623883218167
158,"Sparse25",8,1,25,"Raw","M3","JKI",99,0.109921069052353,0.109921069052353,0.809138726520152,0.697343481050963
159,"Sparse25",9,1,25,"Raw","M3","ABR33",100,0.38219463061011,0.38219463061011,1.4843476841795,1.3892300658827
159,"Sparse25",9,1,25,"Raw","M3","JKI",99,0.180560844606303,0.180560844606303,0.858752788840536,0.813336128684358
160,"Sparse25",10,1,25,"Raw","M3","ABR33",100,0.380009460309944,0.380009460309944,1.44224421517051,1.29221977128557
160,"Sparse25",10,1,25,"Raw","M3","JKI",99,0.303264335686235,0.303264335686235,0.818338409457473,0.738935383994134
1,"CV1",1,1,NA,"Group_adjusted","M1","ABR33",25,NA,0.612958916972857,1.48236200998843,1.48225303215285
1,"CV1",1,1,NA,"Group_adjusted","M1","JKI",25,NA,0.497141679957843,0.829871020798049,0.829745335168255
2,"CV1",1,2,NA,"Group_adjusted","M1","ABR33",25,NA,0.617428097920402,1.76138031358598,1.76191756401615
2,"CV1",1,2,NA,"Group_adjusted","M1","JKI",25,NA,0.397501297087071,0.775162504058626,0.77624975689857
3,"CV1",1,3,NA,"Group_adjusted","M1","ABR33",25,NA,0.387093789341921,1.08934367400116,1.08964524078103
3,"CV1",1,3,NA,"Group_adjusted","M1","JKI",25,NA,0.389552922043427,0.478020966166778,0.480187416231375
4,"CV1",1,4,NA,"Group_adjusted","M1","ABR33",25,NA,0.506049093565995,1.03446706470696,1.03494180514196
4,"CV1",1,4,NA,"Group_adjusted","M1","JKI",25,NA,0.591221305012842,0.645863535599071,0.646589510516655
5,"CV1",1,5,NA,"Group_adjusted","M1","ABR33",25,NA,0.547550204109497,1.07060681351972,1.07096981960168
5,"CV1",1,5,NA,"Group_adjusted","M1","JKI",24,NA,0.543363222310493,0.686693995620328,0.686607575197042
6,"CV1",2,1,NA,"Group_adjusted","M1","ABR33",25,NA,0.647372933994866,1.26014956102542,1.2601032485936
6,"CV1",2,1,NA,"Group_adjusted","M1","JKI",25,NA,0.595188111023343,0.755830355479712,0.756288937292646
7,"CV1",2,2,NA,"Group_adjusted","M1","ABR33",25,NA,0.36438862163618,1.280004726549,1.28025132135606
7,"CV1",2,2,NA,"Group_adjusted","M1","JKI",24,NA,0.303032621961837,0.703959405968715,0.703399810438457
8,"CV1",2,3,NA,"Group_adjusted","M1","ABR33",25,NA,0.650372155609837,1.40087582003256,1.40108477606924
8,"CV1",2,3,NA,"Group_adjusted","M1","JKI",25,NA,0.704344264467527,0.64508854341546,0.641936683887704
9,"CV1",2,4,NA,"Group_adjusted","M1","ABR33",25,NA,0.454942775747848,1.40661459622917,1.40657758537646
9,"CV1",2,4,NA,"Group_adjusted","M1","JKI",25,NA,0.563649888255595,0.535486359786098,0.535683185923316
10,"CV1",2,5,NA,"Group_adjusted","M1","ABR33",25,NA,0.530330007283504,0.965674240186174,0.965877493683563
10,"CV1",2,5,NA,"Group_adjusted","M1","JKI",25,NA,0.206736228307409,0.761755520526873,0.761828427912443
11,"CV1",3,1,NA,"Group_adjusted","M1","ABR33",25,NA,0.619987240178941,0.969261053386097,0.969184583185379
11,"CV1",3,1,NA,"Group_adjusted","M1","JKI",24,NA,0.498331671908658,0.597768133622864,0.598006659028884
12,"CV1",3,2,NA,"Group_adjusted","M1","ABR33",25,NA,0.496991250549621,1.23832690261296,1.2381815440697
12,"CV1",3,2,NA,"Group_adjusted","M1","JKI",25,NA,0.259468485135704,0.607232702941444,0.608106124582626
13,"CV1",3,3,NA,"Group_adjusted","M1","ABR33",25,NA,0.652442239532992,1.49605118751261,1.49672896015435
13,"CV1",3,3,NA,"Group_adjusted","M1","JKI",25,NA,0.650142038261233,0.820926462339039,0.81952637981212
14,"CV1",3,4,NA,"Group_adjusted","M1","ABR33",25,NA,0.568503515102652,1.44557921265781,1.44508009669894
14,"CV1",3,4,NA,"Group_adjusted","M1","JKI",25,NA,0.527894812074547,0.659834990828443,0.658837222267527
15,"CV1",3,5,NA,"Group_adjusted","M1","ABR33",25,NA,0.381804330552131,1.24274311723187,1.24323476003848
15,"CV1",3,5,NA,"Group_adjusted","M1","JKI",25,NA,0.434454234673109,0.764626899130809,0.76473516823892
16,"CV1",4,1,NA,"Group_adjusted","M1","ABR33",25,NA,0.684607967446862,0.96575291739151,0.966500202979807
16,"CV1",4,1,NA,"Group_adjusted","M1","JKI",24,NA,0.478572749136846,0.805269886794401,0.803704342281756
17,"CV1",4,2,NA,"Group_adjusted","M1","ABR33",25,NA,0.511196409848472,1.52054160321041,1.5210022792005
17,"CV1",4,2,NA,"Group_adjusted","M1","JKI",25,NA,0.316138615421634,0.654382237971018,0.654433056047194
18,"CV1",4,3,NA,"Group_adjusted","M1","ABR33",25,NA,0.459901310030671,1.25143132925765,1.25061372333039
18,"CV1",4,3,NA,"Group_adjusted","M1","JKI",25,NA,0.419739001283279,0.7603484393346,0.76135663234175
19,"CV1",4,4,NA,"Group_adjusted","M1","ABR33",25,NA,0.390484855407494,1.43376080943907,1.43351260591279
19,"CV1",4,4,NA,"Group_adjusted","M1","JKI",25,NA,0.667578836192908,0.635090401168591,0.635499747249152
20,"CV1",4,5,NA,"Group_adjusted","M1","ABR33",25,NA,0.651735900809534,1.2591549943572,1.25881569026864
20,"CV1",4,5,NA,"Group_adjusted","M1","JKI",25,NA,0.624610971389235,0.58237101498846,0.581388733976605
21,"CV1",5,1,NA,"Group_adjusted","M1","ABR33",25,NA,0.594878566243094,1.02186272206028,1.02141501684334
21,"CV1",5,1,NA,"Group_adjusted","M1","JKI",25,NA,0.498343697473727,0.603627179103066,0.603344315342954
22,"CV1",5,2,NA,"Group_adjusted","M1","ABR33",25,NA,0.426149773904098,1.42449093891154,1.42417083765184
22,"CV1",5,2,NA,"Group_adjusted","M1","JKI",25,NA,0.417238798483148,0.778957153591944,0.778671460767631
23,"CV1",5,3,NA,"Group_adjusted","M1","ABR33",25,NA,0.729955921122219,1.18074858656043,1.18157609427813
23,"CV1",5,3,NA,"Group_adjusted","M1","JKI",25,NA,0.499535635604163,0.725687675593908,0.725916466405116
24,"CV1",5,4,NA,"Group_adjusted","M1","ABR33",25,NA,0.518256137398955,1.38648353526662,1.38575673433776
24,"CV1",5,4,NA,"Group_adjusted","M1","JKI",25,NA,0.555558233327433,0.603630904911885,0.603696250813331
25,"CV1",5,5,NA,"Group_adjusted","M1","ABR33",25,NA,0.388591969780909,1.36122292261262,1.36126208325937
25,"CV1",5,5,NA,"Group_adjusted","M1","JKI",24,NA,0.56003779026313,0.683552836359663,0.682980627234509
26,"CV1",6,1,NA,"Group_adjusted","M1","ABR33",25,NA,0.275038067028873,1.88241053954741,1.88215875587618
26,"CV1",6,1,NA,"Group_adjusted","M1","JKI",25,NA,-0.142301850939428,0.736954090321364,0.736792214411283
27,"CV1",6,2,NA,"Group_adjusted","M1","ABR33",25,NA,0.612294329905436,1.1950054653447,1.1950797271579
27,"CV1",6,2,NA,"Group_adjusted","M1","JKI",25,NA,0.713388232157848,0.623671221910655,0.623568585325949
28,"CV1",6,3,NA,"Group_adjusted","M1","ABR33",25,NA,0.648172079206197,0.991902095023751,0.99199514746341
28,"CV1",6,3,NA,"Group_adjusted","M1","JKI",25,NA,0.447044366785786,0.673033130150695,0.671423373302515
29,"CV1",6,4,NA,"Group_adjusted","M1","ABR33",25,NA,0.540099014722781,1.08415623497431,1.0841682641455
29,"CV1",6,4,NA,"Group_adjusted","M1","JKI",24,NA,0.51221521578639,0.739298316844618,0.739044503503075
30,"CV1",6,5,NA,"Group_adjusted","M1","ABR33",25,NA,0.605128144610229,1.18174005400818,1.18140913718983
30,"CV1",6,5,NA,"Group_adjusted","M1","JKI",25,NA,0.742821666137845,0.700775700701791,0.700765659884314
31,"CV1",7,1,NA,"Group_adjusted","M1","ABR33",25,NA,0.584891406243274,1.41856078623312,1.41896780419265
31,"CV1",7,1,NA,"Group_adjusted","M1","JKI",25,NA,0.814343970208233,0.867396828612157,0.867413312826206
32,"CV1",7,2,NA,"Group_adjusted","M1","ABR33",25,NA,0.491001688509492,1.67164303604951,1.67005953587929
32,"CV1",7,2,NA,"Group_adjusted","M1","JKI",25,NA,0.518890532736611,0.892576590521819,0.89126868174365
33,"CV1",7,3,NA,"Group_adjusted","M1","ABR33",25,NA,0.684574638711311,0.75222262383255,0.753272871166342
33,"CV1",7,3,NA,"Group_adjusted","M1","JKI",24,NA,0.265207721391407,0.515509384450992,0.516044451692375
34,"CV1",7,4,NA,"Group_adjusted","M1","ABR33",25,NA,0.524899734247827,1.08451646486799,1.08228863445762
34,"CV1",7,4,NA,"Group_adjusted","M1","JKI",25,NA,0.151571562612561,0.728743551488867,0.728394751192668
35,"CV1",7,5,NA,"Group_adjusted","M1","ABR33",25,NA,0.556884953008304,1.44853197068977,1.4486053918676
35,"CV1",7,5,NA,"Group_adjusted","M1","JKI",25,NA,0.375035021354847,0.524856331176596,0.526183927687917
36,"CV1",8,1,NA,"Group_adjusted","M1","ABR33",25,NA,0.490297924793286,1.3481870342236,1.34837894437643
36,"CV1",8,1,NA,"Group_adjusted","M1","JKI",25,NA,0.497904594582811,0.58209945952364,0.584046362201575
37,"CV1",8,2,NA,"Group_adjusted","M1","ABR33",25,NA,0.632451570882353,1.09713724852289,1.09715244663186
37,"CV1",8,2,NA,"Group_adjusted","M1","JKI",25,NA,0.549526953443992,0.792480328392544,0.792135826876971
38,"CV1",8,3,NA,"Group_adjusted","M1","ABR33",25,NA,0.482465364797374,1.45447955908771,1.4546250366731
38,"CV1",8,3,NA,"Group_adjusted","M1","JKI",24,NA,0.345855530589637,0.888070104946486,0.887964116791926
39,"CV1",8,4,NA,"Group_adjusted","M1","ABR33",25,NA,0.572993995220442,1.43414473226256,1.43421330592639
39,"CV1",8,4,NA,"Group_adjusted","M1","JKI",25,NA,0.541268510515353,0.490902089082683,0.491178692057793
40,"CV1",8,5,NA,"Group_adjusted","M1","ABR33",25,NA,0.530907364750046,0.986977182471167,0.988493155928264
40,"CV1",8,5,NA,"Group_adjusted","M1","JKI",25,NA,0.69018084556519,0.646223488148349,0.646297446583367
41,"CV1",9,1,NA,"Group_adjusted","M1","ABR33",25,NA,0.653340118852854,1.20100742216242,1.20182385624291
41,"CV1",9,1,NA,"Group_adjusted","M1","JKI",25,NA,0.519506344224384,0.866296852995382,0.866134815832057
42,"CV1",9,2,NA,"Group_adjusted","M1","ABR33",25,NA,0.359416450528785,1.65838262714279,1.65803835421129
42,"CV1",9,2,NA,"Group_adjusted","M1","JKI",25,NA,0.326023292002553,0.666260219200291,0.666349816359279
43,"CV1",9,3,NA,"Group_adjusted","M1","ABR33",25,NA,0.721279280273499,0.951987115124794,0.951933796601701
43,"CV1",9,3,NA,"Group_adjusted","M1","JKI",24,NA,0.548698156782618,0.647845612375941,0.647279188883663
44,"CV1",9,4,NA,"Group_adjusted","M1","ABR33",25,NA,0.494499995231941,1.24444445765884,1.24462149095947
44,"CV1",9,4,NA,"Group_adjusted","M1","JKI",25,NA,0.744002299092568,0.569986883808645,0.570298507568228
45,"CV1",9,5,NA,"Group_adjusted","M1","ABR33",25,NA,0.443187775671659,1.29884850662398,1.29777774315042
45,"CV1",9,5,NA,"Group_adjusted","M1","JKI",25,NA,0.410318900384347,0.748860961268342,0.749418073484912
46,"CV1",10,1,NA,"Group_adjusted","M1","ABR33",25,NA,0.448726930552041,1.57412834405826,1.57403199682265
46,"CV1",10,1,NA,"Group_adjusted","M1","JKI",25,NA,0.657697932086091,0.597982911689844,0.599157822386057
47,"CV1",10,2,NA,"Group_adjusted","M1","ABR33",25,NA,0.608501052097925,1.43024928546611,1.43047759541359
47,"CV1",10,2,NA,"Group_adjusted","M1","JKI",25,NA,0.526826741230802,0.852577522896458,0.85162629839621
48,"CV1",10,3,NA,"Group_adjusted","M1","ABR33",25,NA,0.384756256236032,1.43146495835827,1.43146011349268
48,"CV1",10,3,NA,"Group_adjusted","M1","JKI",25,NA,0.46735676679442,0.565219793883499,0.567668417152234
49,"CV1",10,4,NA,"Group_adjusted","M1","ABR33",25,NA,0.744726450226587,0.88457158251536,0.88419027676078
49,"CV1",10,4,NA,"Group_adjusted","M1","JKI",24,NA,0.36120287133239,0.796302661168423,0.797049562018072
50,"CV1",10,5,NA,"Group_adjusted","M1","ABR33",25,NA,0.5366362058586,0.888259922519059,0.88785868142893
50,"CV1",10,5,NA,"Group_adjusted","M1","JKI",25,NA,0.51494823581367,0.559539915523623,0.560301396911697
51,"CV2",1,1,NA,"Group_adjusted","M1","ABR33",25,0.545854583403342,0.489710070161085,1.55120992036406,1.66670343137493
51,"CV2",1,1,NA,"Group_adjusted","M1","JKI",20,0.334561705247727,0.431154882335356,0.534599202102444,0.586603036664273
52,"CV2",1,2,NA,"Group_adjusted","M1","ABR33",28,0.584695286064835,0.717486229375245,0.948039003537706,1.07495183705979
52,"CV2",1,2,NA,"Group_adjusted","M1","JKI",26,0.25019742082193,0.531402753433021,0.782293751132536,0.715955464648071
53,"CV2",1,3,NA,"Group_adjusted","M1","ABR33",24,0.251742167213545,0.614619577659089,1.24521416612778,1.28127190340351
53,"CV2",1,3,NA,"Group_adjusted","M1","JKI",30,0.463399993307758,0.696294505342133,0.683509269805427,0.770665130485128
54,"CV2",1,4,NA,"Group_adjusted","M1","ABR33",27,0.234124472398069,0.533644393789793,1.0543940993713,1.09758166419946
54,"CV2",1,4,NA,"Group_adjusted","M1","JKI",16,0.652774828791543,0.781833362756677,0.596489082785923,0.760225432992311
55,"CV2",1,5,NA,"Group_adjusted","M1","ABR33",20,0.428059666022486,0.69383837505455,1.18128380711882,1.23815995858731
55,"CV2",1,5,NA,"Group_adjusted","M1","JKI",32,0.545859651612424,0.634326192113137,0.482744597102622,0.582582667228245
56,"CV2",2,1,NA,"Group_adjusted","M1","ABR33",23,0.567713415536964,0.320002483583664,1.35448469297851,1.43445031560065
56,"CV2",2,1,NA,"Group_adjusted","M1","JKI",24,0.818337924838398,0.802951986879291,0.565149239824913,0.72121452764952
57,"CV2",2,2,NA,"Group_adjusted","M1","ABR33",31,0.158831810312383,0.61513739429276,1.23600981040233,1.24951297578381
57,"CV2",2,2,NA,"Group_adjusted","M1","JKI",23,0.396111118977788,0.568710433430929,0.74654658014041,0.76464993298475
58,"CV2",2,3,NA,"Group_adjusted","M1","ABR33",34,0.562094607945278,0.682790816912774,1.1979769241732,1.29351901299749
58,"CV2",2,3,NA,"Group_adjusted","M1","JKI",27,0.384118110779754,0.55922018803342,0.576335023210652,0.637953401566361
59,"CV2",2,4,NA,"Group_adjusted","M1","ABR33",15,0.702838811887088,0.858675626159623,1.30242861672865,1.45745098973458
59,"CV2",2,4,NA,"Group_adjusted","M1","JKI",28,0.0594114774348481,0.349669515966597,0.793410973223502,0.631920343612157
60,"CV2",2,5,NA,"Group_adjusted","M1","ABR33",21,0.325443193186971,0.533702539702645,0.91034996539142,0.942447491670672
60,"CV2",2,5,NA,"Group_adjusted","M1","JKI",22,0.764545347133816,0.755571712057622,0.577823785098873,0.752811859780855
61,"CV2",3,1,NA,"Group_adjusted","M1","ABR33",27,0.319043202121435,0.634234069534332,0.765621365398563,0.799967034318994
61,"CV2",3,1,NA,"Group_adjusted","M1","JKI",24,0.530979232725731,0.4859285993344,0.714185349164425,0.83522179786916
62,"CV2",3,2,NA,"Group_adjusted","M1","ABR33",26,0.183873118401679,0.33804489254032,1.44879927151453,1.47341313518494
62,"CV2",3,2,NA,"Group_adjusted","M1","JKI",26,0.460432110639225,0.687111486546285,0.635227777962139,0.697656309599485
63,"CV2",3,3,NA,"Group_adjusted","M1","ABR33",22,0.392017642800784,0.727645555177168,0.912761649495082,0.96912046841436
63,"CV2",3,3,NA,"Group_adjusted","M1","JKI",31,0.605204289486255,0.811038402687633,0.543875534884753,0.671337488379802
64,"CV2",3,4,NA,"Group_adjusted","M1","ABR33",27,0.705528506523238,0.651585000872448,1.51191535381067,1.61618077191666
64,"CV2",3,4,NA,"Group_adjusted","M1","JKI",25,0.305939858792555,0.446705362785942,0.641796323155826,0.673540560029944
65,"CV2",3,5,NA,"Group_adjusted","M1","ABR33",22,0.597307261627879,0.753534384765996,1.27376519894273,1.43185038236387
65,"CV2",3,5,NA,"Group_adjusted","M1","JKI",18,0.403456070495732,0.470629856226207,0.800906837422448,0.506431949574181
66,"CV2",4,1,NA,"Group_adjusted","M1","ABR33",21,0.189521926412195,0.292733061908881,1.82227186700877,1.83576384328067
66,"CV2",4,1,NA,"Group_adjusted","M1","JKI",26,0.775925139289062,0.855033965245719,0.555144659717635,0.785450044762972
67,"CV2",4,2,NA,"Group_adjusted","M1","ABR33",24,0.563576171001682,0.709178908370396,0.972395615096546,1.07498225255545
67,"CV2",4,2,NA,"Group_adjusted","M1","JKI",35,0.333773504609721,0.490983808460261,0.647953766994627,0.692298297137453
68,"CV2",4,3,NA,"Group_adjusted","M1","ABR33",27,0.544614460140687,0.639598224668478,1.36552607937446,1.48522018425431
68,"CV2",4,3,NA,"Group_adjusted","M1","JKI",18,0.404278606874375,0.695169249549458,0.543698822042676,0.577901298113283
69,"CV2",4,4,NA,"Group_adjusted","M1","ABR33",35,0.521103774241587,0.757090729467404,0.915000331224007,1.00251137264595
69,"CV2",4,4,NA,"Group_adjusted","M1","JKI",19,0.304593875935492,0.46379716894606,0.604390876678635,0.496891397386396
70,"CV2",4,5,NA,"Group_adjusted","M1","ABR33",17,0.481386905247116,0.476884194498016,0.825014206813989,0.88542714372795
70,"CV2",4,5,NA,"Group_adjusted","M1","JKI",26,0.395057819010499,0.488316517848936,0.731697717677149,0.796937991652654
71,"CV2",5,1,NA,"Group_adjusted","M1","ABR33",19,0.799663414379929,0.697818121334143,0.911204485761096,1.11581428916168
71,"CV2",5,1,NA,"Group_adjusted","M1","JKI",34,0.207656402102817,0.513143014183706,0.722467122120247,0.64318625845911
72,"CV2",5,2,NA,"Group_adjusted","M1","ABR33",35,0.283750270288195,0.482303141738627,1.39302217464821,1.43543628797971
72,"CV2",5,2,NA,"Group_adjusted","M1","JKI",27,0.546523500682179,0.671884713611104,0.58894757837612,0.685432430144226
73,"CV2",5,3,NA,"Group_adjusted","M1","ABR33",26,0.365872514572135,0.68622592860884,1.18622838909662,1.24324269908094
73,"CV2",5,3,NA,"Group_adjusted","M1","JKI",22,0.63725327591458,0.797006971962127,0.454392365513397,0.587372551832992
74,"CV2",5,4,NA,"Group_adjusted","M1","ABR33",21,0.736144299280998,0.744388686770324,0.864451509930442,0.976179068459325
74,"CV2",5,4,NA,"Group_adjusted","M1","JKI",26,0.451703682313976,0.579854502906326,0.653815862945759,0.723699463595777
75,"CV2",5,5,NA,"Group_adjusted","M1","ABR33",23,0.322254779127536,0.531081494846006,1.37509927021985,1.43286290458083
75,"CV2",5,5,NA,"Group_adjusted","M1","JKI",15,0.681536601833424,0.263580539791682,0.703439864336593,0.879661144174809
76,"CV2",6,1,NA,"Group_adjusted","M1","ABR33",23,0.221929644025783,0.647284827313766,0.838659819260854,0.853006373857909
76,"CV2",6,1,NA,"Group_adjusted","M1","JKI",25,0.456818253370782,0.396368274137044,0.735161210926917,0.826420488742042
77,"CV2",6,2,NA,"Group_adjusted","M1","ABR33",21,0.39448849632974,0.484655321387094,1.30018279403866,1.36885651326537
77,"CV2",6,2,NA,"Group_adjusted","M1","JKI",30,-0.0468835151365714,0.274428979339381,0.865512785711302,0.674674738950264
78,"CV2",6,3,NA,"Group_adjusted","M1","ABR33",29,0.422892224081625,0.618383695978465,1.33318414656801,1.41607567419629
78,"CV2",6,3,NA,"Group_adjusted","M1","JKI",20,0.670614599651156,0.815434229780264,0.522284155343784,0.665133940989757
79,"CV2",6,4,NA,"Group_adjusted","M1","ABR33",33,0.705339580379412,0.772835890380496,1.11702336818086,1.22319808904512
79,"CV2",6,4,NA,"Group_adjusted","M1","JKI",21,0.607945523279812,0.72899383094594,0.6059496735449,0.71707521258779
80,"CV2",6,5,NA,"Group_adjusted","M1","ABR33",18,0.30122310126049,0.350203233308702,1.50591208238297,1.54854892372153
80,"CV2",6,5,NA,"Group_adjusted","M1","JKI",28,0.664691408652775,0.77423667049475,0.417157843750913,0.570718567580402
81,"CV2",7,1,NA,"Group_adjusted","M1","ABR33",28,0.231535550518446,0.511290391671779,1.53339865903022,1.57129828914939
81,"CV2",7,1,NA,"Group_adjusted","M1","JKI",26,0.729803503915613,0.823135055118105,0.577680626563375,0.778932408900881
82,"CV2",7,2,NA,"Group_adjusted","M1","ABR33",22,0.709834505138619,0.737667972247052,1.394186095716,1.59086046536781
82,"CV2",7,2,NA,"Group_adjusted","M1","JKI",25,-0.0347767993106354,0.370037721012677,0.717752746000029,0.567203603491786
83,"CV2",7,3,NA,"Group_adjusted","M1","ABR33",20,0.390912052375997,0.801036307843292,0.992648056983266,1.02983469463781
83,"CV2",7,3,NA,"Group_adjusted","M1","JKI",28,0.625480173108815,0.45997469846934,0.688533642297879,0.843965131801542
84,"CV2",7,4,NA,"Group_adjusted","M1","ABR33",29,0.448819456615069,0.378796660786866,1.12416299247818,1.19131541994609
84,"CV2",7,4,NA,"Group_adjusted","M1","JKI",22,0.420136662737107,0.654927759213275,0.642272684614742,0.705648611647472
85,"CV2",7,5,NA,"Group_adjusted","M1","ABR33",25,0.417204774775303,0.635796905793578,0.862259482803252,0.920931096740476
85,"CV2",7,5,NA,"Group_adjusted","M1","JKI",23,0.427872339313237,0.340077407608341,0.555553484248457,0.567766708033822
86,"CV2",8,1,NA,"Group_adjusted","M1","ABR33",21,0.45129277553751,0.585738250144806,1.37585623691822,1.42357015123868
86,"CV2",8,1,NA,"Group_adjusted","M1","JKI",23,0.628922772067224,0.591770832143097,0.540562985345356,0.662715938280659
87,"CV2",8,2,NA,"Group_adjusted","M1","ABR33",31,0.595456447996738,0.646716811320741,1.46701716465294,1.58000569088672
87,"CV2",8,2,NA,"Group_adjusted","M1","JKI",22,0.210751376633985,0.370421752619439,0.670752417895802,0.652911598544458
88,"CV2",8,3,NA,"Group_adjusted","M1","ABR33",26,0.128938544533116,0.553056216642927,0.924154682708843,0.925116116104419
88,"CV2",8,3,NA,"Group_adjusted","M1","JKI",23,0.394340977883429,0.532481861586329,0.736393612949985,0.770774622168993
89,"CV2",8,4,NA,"Group_adjusted","M1","ABR33",24,0.466546455985278,0.560210773946907,0.811155399883492,0.871976368651017
89,"CV2",8,4,NA,"Group_adjusted","M1","JKI",34,0.458302315480891,0.653005029301254,0.647647097337959,0.738155586224723
90,"CV2",8,5,NA,"Group_adjusted","M1","ABR33",22,0.436193812259978,0.429602904905469,1.5870113764857,1.67024107028734
90,"CV2",8,5,NA,"Group_adjusted","M1","JKI",22,0.57136007125606,0.76349670514524,0.493325687423209,0.607094704689363
91,"CV2",9,1,NA,"Group_adjusted","M1","ABR33",28,0.458585681403502,0.547230122056904,1.03383707685148,1.07749909711995
91,"CV2",9,1,NA,"Group_adjusted","M1","JKI",22,0.596809618701573,0.728644389030604,0.679248142257415,0.810229022328849
92,"CV2",9,2,NA,"Group_adjusted","M1","ABR33",16,0.291027045316866,0.569690274209818,1.67319807085484,1.75965157162654
92,"CV2",9,2,NA,"Group_adjusted","M1","JKI",34,0.129954565320416,0.392683177981825,0.775232582671401,0.563213519572306
93,"CV2",9,3,NA,"Group_adjusted","M1","ABR33",19,0.794087689611603,0.566593222814608,1.48390938211934,1.60128836881862
93,"CV2",9,3,NA,"Group_adjusted","M1","JKI",24,0.614074587499459,0.759255045862315,0.647001716273173,0.763099926300899
94,"CV2",9,4,NA,"Group_adjusted","M1","ABR33",33,0.397305829984734,0.64386925116897,1.31093903876592,1.36372135879402
94,"CV2",9,4,NA,"Group_adjusted","M1","JKI",27,0.475427448970909,0.491265006302446,0.728795624767461,0.815320864755832
95,"CV2",9,5,NA,"Group_adjusted","M1","ABR33",28,0.334060582658261,0.564424574688727,0.848752693541528,0.89732584826472
95,"CV2",9,5,NA,"Group_adjusted","M1","JKI",17,0.343246369586436,0.604542615118401,0.474021682570888,0.473601984906847
96,"CV2",10,1,NA,"Group_adjusted","M1","ABR33",16,0.48062086384498,0.68460526586959,1.41447321485455,1.51113828452935
96,"CV2",10,1,NA,"Group_adjusted","M1","JKI",31,0.416049294944425,0.559961926845399,0.618195845586496,0.68494517891395
97,"CV2",10,2,NA,"Group_adjusted","M1","ABR33",21,0.654837224706997,0.813326226557788,0.640651447891838,0.738194628565782
97,"CV2",10,2,NA,"Group_adjusted","M1","JKI",25,0.283407455243193,0.551393071717302,0.766598201204964,0.770504015629478
98,"CV2",10,3,NA,"Group_adjusted","M1","ABR33",31,0.425352064082315,0.633200002360847,0.971180578257888,1.02740907319283
98,"CV2",10,3,NA,"Group_adjusted","M1","JKI",22,0.670727199975436,0.636430214125162,0.623821893431861,0.764359625708577
99,"CV2",10,4,NA,"Group_adjusted","M1","ABR33",27,0.358538511800814,0.580357637259806,1.43584161769663,1.49490243404629
99,"CV2",10,4,NA,"Group_adjusted","M1","JKI",26,0.623343515346168,0.741444544018558,0.494847752632293,0.625274667630803
100,"CV2",10,5,NA,"Group_adjusted","M1","ABR33",29,0.43860082190498,0.410418895002108,1.39838157604533,1.50401758004472
100,"CV2",10,5,NA,"Group_adjusted","M1","JKI",20,0.156413869902257,0.348169086609114,0.736177878130864,0.57308562231578
101,"Sparse25",1,1,0,"Group_adjusted","M1","ABR33",100,0.278313626895768,0.535640680873267,1.37833489586391,1.39056324856236
101,"Sparse25",1,1,0,"Group_adjusted","M1","JKI",99,0.263244982588954,0.536979386017415,0.702974844016063,0.724203829049938
102,"Sparse25",2,1,0,"Group_adjusted","M1","ABR33",100,0.0194100750276365,0.469847838635199,1.57620920860814,1.58658846554521
102,"Sparse25",2,1,0,"Group_adjusted","M1","JKI",99,0.179772250268181,0.506547200147499,0.706522835389206,0.715771809067451
103,"Sparse25",3,1,0,"Group_adjusted","M1","ABR33",100,0.0811285876667477,0.514413819194202,1.3921425025929,1.39401558804519
103,"Sparse25",3,1,0,"Group_adjusted","M1","JKI",99,0.0268119602408465,0.481550358792544,0.759046739129056,0.756693347802613
104,"Sparse25",4,1,0,"Group_adjusted","M1","ABR33",100,0.154875646467321,0.557848864654958,1.21498084027545,1.22418185893834
104,"Sparse25",4,1,0,"Group_adjusted","M1","JKI",99,0.216862123340778,0.525180468464261,0.688968580560067,0.707898053259274
105,"Sparse25",5,1,0,"Group_adjusted","M1","ABR33",100,0.232667759508495,0.570967363484633,1.19126761544726,1.2056203497742
105,"Sparse25",5,1,0,"Group_adjusted","M1","JKI",99,0.226001268540059,0.546896805847422,0.673140917957974,0.689821181066268
106,"Sparse25",6,1,0,"Group_adjusted","M1","ABR33",100,0.286037038656008,0.531782806502932,1.41694716580487,1.43968710636503
106,"Sparse25",6,1,0,"Group_adjusted","M1","JKI",99,0.0805905322956647,0.536396965636622,0.646760659894766,0.648384216101665
107,"Sparse25",7,1,0,"Group_adjusted","M1","ABR33",100,0.116103146913888,0.545648158588252,1.23357397994691,1.23820124057753
107,"Sparse25",7,1,0,"Group_adjusted","M1","JKI",99,0.21566134782439,0.484501369837988,0.749622485770343,0.765861568949847
108,"Sparse25",8,1,0,"Group_adjusted","M1","ABR33",100,0.233691126978394,0.567199432830328,1.14460422487022,1.15977903119691
108,"Sparse25",8,1,0,"Group_adjusted","M1","JKI",99,0.204136705924065,0.492378487750905,0.692274398230184,0.700253782202279
109,"Sparse25",9,1,0,"Group_adjusted","M1","ABR33",100,0.00874482485316287,0.509921223545561,1.34586356311332,1.34475900485051
109,"Sparse25",9,1,0,"Group_adjusted","M1","JKI",99,0.106276879664808,0.489380552831735,0.75173356975201,0.75421162994489
110,"Sparse25",10,1,0,"Group_adjusted","M1","ABR33",100,0.214664835013774,0.414075499301036,1.523719080842,1.53210395420218
110,"Sparse25",10,1,0,"Group_adjusted","M1","JKI",99,0.132907096531473,0.492278476842976,0.690305813271738,0.690914636545052
111,"Sparse25",1,1,5,"Group_adjusted","M1","ABR33",100,-0.042633904999212,0.452484591938164,1.37243652918025,1.36993366517419
111,"Sparse25",1,1,5,"Group_adjusted","M1","JKI",99,0.436938246687641,0.5310062617392,0.729065755107802,0.77650740726923
112,"Sparse25",2,1,5,"Group_adjusted","M1","ABR33",100,0.224022204450448,0.523673479312846,1.32689984997656,1.34203490259444
112,"Sparse25",2,1,5,"Group_adjusted","M1","JKI",99,0.287144320888657,0.54704166822446,0.682308893885951,0.70400080150171
113,"Sparse25",3,1,5,"Group_adjusted","M1","ABR33",100,0.141026418648914,0.48576849050082,1.38475470345082,1.39153562526462
113,"Sparse25",3,1,5,"Group_adjusted","M1","JKI",99,-0.0742672680308609,0.440696822156517,0.728990501967427,0.716634534389696
114,"Sparse25",4,1,5,"Group_adjusted","M1","ABR33",100,0.247969269250019,0.536674709256948,1.414941825429,1.43941206582736
114,"Sparse25",4,1,5,"Group_adjusted","M1","JKI",99,0.193308091396661,0.520353284463108,0.64790662720442,0.657178540305232
115,"Sparse25",5,1,5,"Group_adjusted","M1","ABR33",100,0.385705611351647,0.554521810155953,1.19535134135995,1.21777759473883
115,"Sparse25",5,1,5,"Group_adjusted","M1","JKI",99,0.218192970921156,0.375391916943721,0.763844405523031,0.781716398341459
116,"Sparse25",6,1,5,"Group_adjusted","M1","ABR33",100,0.138184676279425,0.411010503187357,1.44459485809362,1.45282284858795
116,"Sparse25",6,1,5,"Group_adjusted","M1","JKI",99,0.172502670470249,0.501130305880965,0.70855278900704,0.735811915997745
117,"Sparse25",7,1,5,"Group_adjusted","M1","ABR33",100,0.257079283622006,0.584909604380682,1.34194685987092,1.35344513604783
117,"Sparse25",7,1,5,"Group_adjusted","M1","JKI",99,0.248876990997139,0.524209708375993,0.669384385665563,0.688509778995139
118,"Sparse25",8,1,5,"Group_adjusted","M1","ABR33",100,0.166220848324833,0.552472572819658,1.2003058390792,1.21165762114517
118,"Sparse25",8,1,5,"Group_adjusted","M1","JKI",99,0.269731197905465,0.524351800791,0.674845408342112,0.700942880600964
119,"Sparse25",9,1,5,"Group_adjusted","M1","ABR33",100,0.15786845146365,0.47198576735553,1.41317466771339,1.41861421641549
119,"Sparse25",9,1,5,"Group_adjusted","M1","JKI",99,0.154080705425914,0.528726835679345,0.720402587751491,0.728835836878984
120,"Sparse25",10,1,5,"Group_adjusted","M1","ABR33",100,0.167817928715195,0.536956073969423,1.23714511426226,1.24638278016473
120,"Sparse25",10,1,5,"Group_adjusted","M1","JKI",99,0.179941110210691,0.510892091829924,0.790265774423037,0.794776443639502
121,"Sparse25",1,1,10,"Group_adjusted","M1","ABR33",100,0.247277215495822,0.533698283414241,1.48762695949548,1.50392381299934
121,"Sparse25",1,1,10,"Group_adjusted","M1","JKI",99,0.24394615178417,0.498381280284654,0.67140097324074,0.690104466404059
122,"Sparse25",2,1,10,"Group_adjusted","M1","ABR33",100,0.0827521329028934,0.427440778727821,1.396455953978,1.39469809248468
122,"Sparse25",2,1,10,"Group_adjusted","M1","JKI",99,0.0587374758690379,0.0473888645191445,0.880682904006275,0.865293529152213
123,"Sparse25",3,1,10,"Group_adjusted","M1","ABR33",100,0.169421415071024,0.516402259542481,1.33850424219308,1.3510939124733
123,"Sparse25",3,1,10,"Group_adjusted","M1","JKI",99,0.0176272164253945,0.399882592040159,0.703410974780191,0.697374322203973
124,"Sparse25",4,1,10,"Group_adjusted","M1","ABR33",100,0.269255821314987,0.526929212579587,1.39220231749704,1.40926510388832
124,"Sparse25",4,1,10,"Group_adjusted","M1","JKI",99,0.183331135915695,0.520532075967983,0.67621258933288,0.681807899526474
125,"Sparse25",5,1,10,"Group_adjusted","M1","ABR33",100,0.0518338747595385,0.486058394804761,1.26820905416844,1.26920157647531
125,"Sparse25",5,1,10,"Group_adjusted","M1","JKI",99,0.140512338396798,0.517259951400401,0.743932372625785,0.755790042562257
126,"Sparse25",6,1,10,"Group_adjusted","M1","ABR33",100,0.315549343921338,0.322082685483325,1.52491359798185,1.5367666835222
126,"Sparse25",6,1,10,"Group_adjusted","M1","JKI",99,0.270902404989391,0.501166448726763,0.740647650462718,0.76386377633294
127,"Sparse25",7,1,10,"Group_adjusted","M1","ABR33",100,0.0812986139536688,0.55386656076943,1.27134884841655,1.27290499667962
127,"Sparse25",7,1,10,"Group_adjusted","M1","JKI",99,0.181291484672617,0.448103603122388,0.758968016896403,0.788112889762657
128,"Sparse25",8,1,10,"Group_adjusted","M1","ABR33",100,0.368372741866137,0.523346876210245,1.27384199735365,1.29352666039123
128,"Sparse25",8,1,10,"Group_adjusted","M1","JKI",99,0.142829018314541,0.492429443498412,0.745139424254428,0.759413736076824
129,"Sparse25",9,1,10,"Group_adjusted","M1","ABR33",100,0.171261184869284,0.505901430600988,1.40573806216364,1.41212706394315
129,"Sparse25",9,1,10,"Group_adjusted","M1","JKI",99,0.138455366437701,0.522400778324146,0.739522581862145,0.740597977554349
130,"Sparse25",10,1,10,"Group_adjusted","M1","ABR33",100,0.00723666449700398,0.523286857477036,1.23178822639707,1.22663236000746
130,"Sparse25",10,1,10,"Group_adjusted","M1","JKI",99,0.148741935429047,0.476233420265773,0.744165156996477,0.738989528375964
131,"Sparse25",1,1,15,"Group_adjusted","M1","ABR33",100,0.261643116438029,0.537114818023945,1.32149954603277,1.33344467318959
131,"Sparse25",1,1,15,"Group_adjusted","M1","JKI",99,0.0166512602573941,0.146916445037515,0.844462137753431,0.851862949409806
132,"Sparse25",2,1,15,"Group_adjusted","M1","ABR33",100,0.25375726883472,0.5191446057856,1.45299435231762,1.45665584457414
132,"Sparse25",2,1,15,"Group_adjusted","M1","JKI",99,-0.00262102968802665,0.479744059121128,0.725397616486813,0.712484322817666
133,"Sparse25",3,1,15,"Group_adjusted","M1","ABR33",100,0.227503407719508,0.597100656219126,1.29144635213584,1.30398403984197
133,"Sparse25",3,1,15,"Group_adjusted","M1","JKI",99,0.0329539436027046,0.511229790729128,0.740393790073559,0.748379722022791
134,"Sparse25",4,1,15,"Group_adjusted","M1","ABR33",100,0.103364927952723,0.537193224129516,1.29721288185375,1.3020588694742
134,"Sparse25",4,1,15,"Group_adjusted","M1","JKI",99,0.136786352410374,0.507775775122359,0.70678297074603,0.712117810920328
135,"Sparse25",5,1,15,"Group_adjusted","M1","ABR33",100,-0.0560196724319461,0.447060782544711,1.37476295167167,1.36875165109941
135,"Sparse25",5,1,15,"Group_adjusted","M1","JKI",99,0.166040132325447,0.434892288145438,0.726513306042428,0.712976875517033
136,"Sparse25",6,1,15,"Group_adjusted","M1","ABR33",100,0.120519745536023,0.503223703817495,1.31693432589758,1.32144642431705
136,"Sparse25",6,1,15,"Group_adjusted","M1","JKI",99,0.156298954399316,0.517747144506632,0.69550723844981,0.705092909989502
137,"Sparse25",7,1,15,"Group_adjusted","M1","ABR33",100,0.163620228471235,0.511124254008151,1.40035616581829,1.40469831471734
137,"Sparse25",7,1,15,"Group_adjusted","M1","JKI",99,0.0587562345041213,0.282680039394003,0.816309621706568,0.813718630397939
138,"Sparse25",8,1,15,"Group_adjusted","M1","ABR33",100,0.111957912027552,0.557515689045222,1.3503159639625,1.35260953574176
138,"Sparse25",8,1,15,"Group_adjusted","M1","JKI",99,0.230455563631437,0.506968313453198,0.720393438396186,0.727192968714682
139,"Sparse25",9,1,15,"Group_adjusted","M1","ABR33",100,0.0520922065489802,0.533042176408882,1.30379085684625,1.30371702748398
139,"Sparse25",9,1,15,"Group_adjusted","M1","JKI",99,0.133372601717738,0.516155032074546,0.702619105811166,0.678761677823323
140,"Sparse25",10,1,15,"Group_adjusted","M1","ABR33",100,0.0152442724536992,0.565151489666853,1.27897868271191,1.27876763268121
140,"Sparse25",10,1,15,"Group_adjusted","M1","JKI",99,0.184481234477863,0.541812568963793,0.683020441121461,0.694750378215929
141,"Sparse25",1,1,20,"Group_adjusted","M1","ABR33",100,-0.00255721691847813,0.53814238960185,1.31413003855658,1.3164626216248
141,"Sparse25",1,1,20,"Group_adjusted","M1","JKI",99,0.146107062808766,0.51052742716788,0.739794665753913,0.75727005695836
142,"Sparse25",2,1,20,"Group_adjusted","M1","ABR33",100,0.216351235040956,0.549815325076944,1.27993183082968,1.28417800451443
142,"Sparse25",2,1,20,"Group_adjusted","M1","JKI",99,-0.112557570019956,0.436164286110777,0.802884287436667,0.79207412991906
143,"Sparse25",3,1,20,"Group_adjusted","M1","ABR33",100,0.0835691216807206,0.490696851750285,1.362615807106,1.36687057049877
143,"Sparse25",3,1,20,"Group_adjusted","M1","JKI",99,0.0883313735356566,0.469417769370075,0.69262035730786,0.706993508482985
144,"Sparse25",4,1,20,"Group_adjusted","M1","ABR33",100,0.159817545005366,0.422308020487383,1.47930143400506,1.48380823446897
144,"Sparse25",4,1,20,"Group_adjusted","M1","JKI",99,0.0863125575249523,0.481340219530575,0.758921173353633,0.780584403334075
145,"Sparse25",5,1,20,"Group_adjusted","M1","ABR33",100,0.177806638807435,0.516843118394423,1.37349855131744,1.3777151323545
145,"Sparse25",5,1,20,"Group_adjusted","M1","JKI",99,0.183900718594372,0.509861922541789,0.746107281436946,0.750866135187357
146,"Sparse25",6,1,20,"Group_adjusted","M1","ABR33",100,0.057228096960206,0.521695373490895,1.26685328386853,1.2694877731619
146,"Sparse25",6,1,20,"Group_adjusted","M1","JKI",99,0.0882685363582737,0.432853875416322,0.742138068303928,0.744011840148182
147,"Sparse25",7,1,20,"Group_adjusted","M1","ABR33",100,0.28999941243133,0.595157035586665,1.13074545955086,1.14332011519477
147,"Sparse25",7,1,20,"Group_adjusted","M1","JKI",99,0.0105518859174052,0.466094664706767,0.688792381393771,0.679641041040298
148,"Sparse25",8,1,20,"Group_adjusted","M1","ABR33",100,0.0442459403476626,0.546808018699434,1.27699822206109,1.27813075838621
148,"Sparse25",8,1,20,"Group_adjusted","M1","JKI",99,0.0475920592740897,0.550747091624482,0.669383822812725,0.671581549450383
149,"Sparse25",9,1,20,"Group_adjusted","M1","ABR33",100,0.109244309277885,0.533367216814919,1.20025760586543,1.20347747232967
149,"Sparse25",9,1,20,"Group_adjusted","M1","JKI",99,-0.173871529126795,0.480273395508724,0.712131915591999,0.676703227321545
150,"Sparse25",10,1,20,"Group_adjusted","M1","ABR33",100,0.0790185681757363,0.485982699189773,1.3912549502677,1.40139828313175
150,"Sparse25",10,1,20,"Group_adjusted","M1","JKI",99,0.293896211904232,0.532410051489282,0.761302837372023,0.791691332022862
151,"Sparse25",1,1,25,"Group_adjusted","M1","ABR33",100,NA,0.499286788115962,1.36138205970191,1.36054008863453
151,"Sparse25",1,1,25,"Group_adjusted","M1","JKI",99,NA,0.500222385859001,0.685410140211979,0.684957332771178
152,"Sparse25",2,1,25,"Group_adjusted","M1","ABR33",100,NA,0.448949035581808,1.48385935453917,1.4843125135506
152,"Sparse25",2,1,25,"Group_adjusted","M1","JKI",99,NA,0.467299638179668,0.781273932840845,0.779989902735398
153,"Sparse25",3,1,25,"Group_adjusted","M1","ABR33",100,NA,0.511233861235875,1.4503672051423,1.45023235334256
153,"Sparse25",3,1,25,"Group_adjusted","M1","JKI",99,NA,0.514044284046531,0.694787953258368,0.693296313634155
154,"Sparse25",4,1,25,"Group_adjusted","M1","ABR33",100,NA,0.528727384005838,1.41120638720762,1.41226501326867
154,"Sparse25",4,1,25,"Group_adjusted","M1","JKI",99,NA,0.508122085846325,0.710284034290225,0.709826610567392
155,"Sparse25",5,1,25,"Group_adjusted","M1","ABR33",100,NA,0.541370186976073,1.28106573004968,1.28372298708223
155,"Sparse25",5,1,25,"Group_adjusted","M1","JKI",99,NA,0.461238166532981,0.671835487490176,0.673598397089302
156,"Sparse25",6,1,25,"Group_adjusted","M1","ABR33",100,NA,0.504953924275737,1.31207828908541,1.31236128367881
156,"Sparse25",6,1,25,"Group_adjusted","M1","JKI",99,NA,0.512708143020864,0.673913635945812,0.671727539431805
157,"Sparse25",7,1,25,"Group_adjusted","M1","ABR33",100,NA,0.442351875251032,1.38736121923752,1.38697980472172
157,"Sparse25",7,1,25,"Group_adjusted","M1","JKI",99,NA,0.427921120626078,0.772729330624051,0.772547563331593
158,"Sparse25",8,1,25,"Group_adjusted","M1","ABR33",100,NA,0.533732193679156,1.28666635392142,1.28623883218167
158,"Sparse25",8,1,25,"Group_adjusted","M1","JKI",99,NA,0.484285011744299,0.697726769266857,0.697343481050963
159,"Sparse25",9,1,25,"Group_adjusted","M1","ABR33",100,NA,0.508046155427772,1.38742827313651,1.3892300658827
159,"Sparse25",9,1,25,"Group_adjusted","M1","JKI",99,NA,0.378447006570481,0.81105934826152,0.813336128684358
160,"Sparse25",10,1,25,"Group_adjusted","M1","ABR33",100,NA,0.511474872142296,1.29170955598767,1.29221977128557
160,"Sparse25",10,1,25,"Group_adjusted","M1","JKI",99,NA,0.497569384618644,0.741572507093706,0.738935383994134
1,"CV1",1,1,NA,"Group_adjusted","M2","ABR33",25,0.368299265242082,0.638610436018372,1.46369942364917,1.48225303215285
1,"CV1",1,1,NA,"Group_adjusted","M2","JKI",25,0.466489868322817,0.554760730021313,0.807203918556823,0.829745335168255
2,"CV1",1,2,NA,"Group_adjusted","M2","ABR33",25,0.560140182424376,0.663493121919936,1.72941049357117,1.76191756401615
2,"CV1",1,2,NA,"Group_adjusted","M2","JKI",25,0.468809164041495,0.457551627092348,0.749069721892641,0.77624975689857
3,"CV1",1,3,NA,"Group_adjusted","M2","ABR33",25,0.317293954512461,0.40747411622475,1.05545546676832,1.08964524078103
3,"CV1",1,3,NA,"Group_adjusted","M2","JKI",25,0.21200854148709,0.393510363444913,0.456897193657266,0.480187416231375
4,"CV1",1,4,NA,"Group_adjusted","M2","ABR33",25,0.297807507037306,0.533691491619237,1.01066493971028,1.03494180514196
4,"CV1",1,4,NA,"Group_adjusted","M2","JKI",25,0.424710985670731,0.68461827926042,0.614157441096116,0.646589510516655
5,"CV1",1,5,NA,"Group_adjusted","M2","ABR33",25,-0.0421199772599857,0.531215996577023,1.08794037287212,1.07096981960168
5,"CV1",1,5,NA,"Group_adjusted","M2","JKI",24,0.58677447547603,0.648451385544364,0.623219528786039,0.686607575197042
6,"CV1",2,1,NA,"Group_adjusted","M2","ABR33",25,0.433056433168072,0.684653571245802,1.2163133855835,1.2601032485936
6,"CV1",2,1,NA,"Group_adjusted","M2","JKI",25,0.474122698138141,0.66795098188298,0.71135481649489,0.756288937292646
7,"CV1",2,2,NA,"Group_adjusted","M2","ABR33",25,0.388161294984811,0.39643420668701,1.24921376116882,1.28025132135606
7,"CV1",2,2,NA,"Group_adjusted","M2","JKI",24,0.567665250626804,0.401636235220233,0.665210570806364,0.703399810438457
8,"CV1",2,3,NA,"Group_adjusted","M2","ABR33",25,0.204081217827983,0.659005932709391,1.37569675519235,1.40108477606924
8,"CV1",2,3,NA,"Group_adjusted","M2","JKI",25,0.560682778681575,0.771176158197516,0.57956697272862,0.641936683887704
9,"CV1",2,4,NA,"Group_adjusted","M2","ABR33",25,0.183750347123818,0.471669839231466,1.39207330270436,1.40657758537646
9,"CV1",2,4,NA,"Group_adjusted","M2","JKI",25,0.3904489070394,0.633357995095397,0.505874697830725,0.535683185923316
10,"CV1",2,5,NA,"Group_adjusted","M2","ABR33",25,0.709006501267954,0.583713988361403,0.91805181417261,0.965877493683563
10,"CV1",2,5,NA,"Group_adjusted","M2","JKI",25,0.512562369389938,0.298044698102731,0.727457347282401,0.761828427912443
11,"CV1",3,1,NA,"Group_adjusted","M2","ABR33",25,0.107750962731007,0.61879970124382,0.953834690908072,0.969184583185379
11,"CV1",3,1,NA,"Group_adjusted","M2","JKI",24,0.586699358651324,0.594240884245739,0.537545497616102,0.598006659028884
12,"CV1",3,2,NA,"Group_adjusted","M2","ABR33",25,0.414529769537389,0.530507890412471,1.20871935372724,1.2381815440697
12,"CV1",3,2,NA,"Group_adjusted","M2","JKI",25,0.285906832836366,0.319154354640003,0.58879585882543,0.608106124582626
13,"CV1",3,3,NA,"Group_adjusted","M2","ABR33",25,0.423188606541211,0.673443714780677,1.44374146911261,1.49672896015435
13,"CV1",3,3,NA,"Group_adjusted","M2","JKI",25,0.432450602622435,0.6850077346624,0.768500471316321,0.81952637981212
14,"CV1",3,4,NA,"Group_adjusted","M2","ABR33",25,0.477330787417911,0.623696534582469,1.40320518137787,1.44508009669894
14,"CV1",3,4,NA,"Group_adjusted","M2","JKI",25,0.618287432601009,0.635435595756183,0.605341864463145,0.658837222267527
15,"CV1",3,5,NA,"Group_adjusted","M2","ABR33",25,0.471875298421397,0.430370811822905,1.19724540498334,1.24323476003848
15,"CV1",3,5,NA,"Group_adjusted","M2","JKI",25,0.503931803709971,0.526808730004442,0.719801195612547,0.76473516823892
16,"CV1",4,1,NA,"Group_adjusted","M2","ABR33",25,0.00517737246813206,0.679681162585542,0.968404655180218,0.966500202979807
16,"CV1",4,1,NA,"Group_adjusted","M2","JKI",24,0.159552576832745,0.495605842071457,0.800447134704551,0.803704342281756
17,"CV1",4,2,NA,"Group_adjusted","M2","ABR33",25,0.437245340278189,0.557037913194152,1.48664722025353,1.5210022792005
17,"CV1",4,2,NA,"Group_adjusted","M2","JKI",25,0.53056275972886,0.430524163857011,0.611161991860645,0.654433056047194
18,"CV1",4,3,NA,"Group_adjusted","M2","ABR33",25,0.630217833172538,0.503970824607927,1.2056823384628,1.25061372333039
18,"CV1",4,3,NA,"Group_adjusted","M2","JKI",25,0.690559946667808,0.518487595417793,0.718746233689688,0.76135663234175
19,"CV1",4,4,NA,"Group_adjusted","M2","ABR33",25,0.0205573742282519,0.385993857669823,1.43590858708688,1.43351260591279
19,"CV1",4,4,NA,"Group_adjusted","M2","JKI",25,0.460867520839484,0.744644603523751,0.595358546845955,0.635499747249152
20,"CV1",4,5,NA,"Group_adjusted","M2","ABR33",25,0.371779950781016,0.682146634864995,1.2083685925787,1.25881569026864
20,"CV1",4,5,NA,"Group_adjusted","M2","JKI",25,0.539395064160549,0.708633003057087,0.520183514990379,0.581388733976605
21,"CV1",5,1,NA,"Group_adjusted","M2","ABR33",25,-0.0281361167965537,0.582794870817104,1.01788311463981,1.02141501684334
21,"CV1",5,1,NA,"Group_adjusted","M2","JKI",25,0.252523055818825,0.544361126273261,0.589291725849855,0.603344315342954
22,"CV1",5,2,NA,"Group_adjusted","M2","ABR33",25,0.434684064944625,0.472400412476738,1.38640194344143,1.42417083765184
22,"CV1",5,2,NA,"Group_adjusted","M2","JKI",25,0.636565840806233,0.539329155895065,0.714709208831298,0.778671460767631
23,"CV1",5,3,NA,"Group_adjusted","M2","ABR33",25,0.268557449138101,0.748118799488319,1.15709376725396,1.18157609427813
23,"CV1",5,3,NA,"Group_adjusted","M2","JKI",25,0.119092651358225,0.509003242479987,0.720370726088984,0.725916466405116
24,"CV1",5,4,NA,"Group_adjusted","M2","ABR33",25,0.523436792009892,0.560024404429013,1.34522726209802,1.38575673433776
24,"CV1",5,4,NA,"Group_adjusted","M2","JKI",25,0.487227591769086,0.621922974976654,0.564061559521717,0.603696250813331
25,"CV1",5,5,NA,"Group_adjusted","M2","ABR33",25,0.30549126134794,0.42031972070205,1.33741001078327,1.36126208325937
25,"CV1",5,5,NA,"Group_adjusted","M2","JKI",24,0.562988845325837,0.666421985411498,0.640040812401954,0.682980627234509
26,"CV1",6,1,NA,"Group_adjusted","M2","ABR33",25,0.490647179617859,0.317413013397894,1.85092250632982,1.88215875587618
26,"CV1",6,1,NA,"Group_adjusted","M2","JKI",25,0.645353865679279,-0.0959998007985677,0.687404450697959,0.736792214411283
27,"CV1",6,2,NA,"Group_adjusted","M2","ABR33",25,0.102013349146083,0.620044018116632,1.18610958232934,1.1950797271579
27,"CV1",6,2,NA,"Group_adjusted","M2","JKI",25,0.471649338811009,0.779320913869673,0.587720754288243,0.623568585325949
28,"CV1",6,3,NA,"Group_adjusted","M2","ABR33",25,0.255343975383831,0.668470694162728,0.969374372330802,0.99199514746341
28,"CV1",6,3,NA,"Group_adjusted","M2","JKI",25,0.19107951681773,0.477464078674919,0.654849913417098,0.671423373302515
29,"CV1",6,4,NA,"Group_adjusted","M2","ABR33",25,0.423981612029546,0.577231973266586,1.06112628112547,1.0841682641455
29,"CV1",6,4,NA,"Group_adjusted","M2","JKI",24,0.481293687037532,0.578508498037587,0.71109963570945,0.739044503503075
30,"CV1",6,5,NA,"Group_adjusted","M2","ABR33",25,0.427025935172935,0.645604863847593,1.13826187787861,1.18140913718983
30,"CV1",6,5,NA,"Group_adjusted","M2","JKI",25,0.596814507788016,0.81952566020215,0.640854219470095,0.700765659884314
31,"CV1",7,1,NA,"Group_adjusted","M2","ABR33",25,0.562689266344328,0.626366974125967,1.3695219528614,1.41896780419265
31,"CV1",7,1,NA,"Group_adjusted","M2","JKI",25,0.689730241546119,0.885178949827564,0.808829507150808,0.867413312826206
32,"CV1",7,2,NA,"Group_adjusted","M2","ABR33",25,0.414496261334166,0.522320226657676,1.62611012859944,1.67005953587929
32,"CV1",7,2,NA,"Group_adjusted","M2","JKI",25,0.528433184798857,0.585079671858707,0.840423080416118,0.89126868174365
33,"CV1",7,3,NA,"Group_adjusted","M2","ABR33",25,0.250119680975837,0.695689521736209,0.732668042349558,0.753272871166342
33,"CV1",7,3,NA,"Group_adjusted","M2","JKI",24,0.52827624757802,0.336858398409257,0.469698632650453,0.516044451692375
34,"CV1",7,4,NA,"Group_adjusted","M2","ABR33",25,0.243499880320528,0.53449144763484,1.04145926250117,1.08228863445762
34,"CV1",7,4,NA,"Group_adjusted","M2","JKI",25,0.223838651524685,0.156940913745017,0.711274617789247,0.728394751192668
35,"CV1",7,5,NA,"Group_adjusted","M2","ABR33",25,0.275066682182713,0.582560017284651,1.42090702275844,1.4486053918676
35,"CV1",7,5,NA,"Group_adjusted","M2","JKI",25,0.0799565442833156,0.36969912045511,0.532096872648309,0.526183927687917
36,"CV1",8,1,NA,"Group_adjusted","M2","ABR33",25,0.137069062723793,0.50210788435228,1.3440904700556,1.34837894437643
36,"CV1",8,1,NA,"Group_adjusted","M2","JKI",25,0.316508293939118,0.510740862044859,0.535317932969707,0.584046362201575
37,"CV1",8,2,NA,"Group_adjusted","M2","ABR33",25,0.768141249176371,0.684558253680166,1.03705860771742,1.09715244663186
37,"CV1",8,2,NA,"Group_adjusted","M2","JKI",25,0.445240210875708,0.595185121864734,0.755795007533876,0.792135826876971
38,"CV1",8,3,NA,"Group_adjusted","M2","ABR33",25,0.598619929712465,0.528997060281361,1.41034705383985,1.4546250366731
38,"CV1",8,3,NA,"Group_adjusted","M2","JKI",24,0.620871605255276,0.427669477103358,0.843508423469681,0.887964116791926
39,"CV1",8,4,NA,"Group_adjusted","M2","ABR33",25,0.301029149572254,0.592410965700212,1.4090937925797,1.43421330592639
39,"CV1",8,4,NA,"Group_adjusted","M2","JKI",25,0.190094502827162,0.566669563412397,0.480484953305571,0.491178692057793
40,"CV1",8,5,NA,"Group_adjusted","M2","ABR33",25,0.0628270965894054,0.551020854339582,0.99961920128276,0.988493155928264
40,"CV1",8,5,NA,"Group_adjusted","M2","JKI",25,0.36600214190601,0.717510315366348,0.611746590808863,0.646297446583367
41,"CV1",9,1,NA,"Group_adjusted","M2","ABR33",25,0.671069928540773,0.709664595083355,1.13680185621186,1.20182385624291
41,"CV1",9,1,NA,"Group_adjusted","M2","JKI",25,0.514678805631504,0.603125019219317,0.82005810035036,0.866134815832057
42,"CV1",9,2,NA,"Group_adjusted","M2","ABR33",25,0.290577547512431,0.38430877560944,1.62951380331295,1.65803835421129
42,"CV1",9,2,NA,"Group_adjusted","M2","JKI",25,0.374769893078536,0.361079600046907,0.636560265345951,0.666349816359279
43,"CV1",9,3,NA,"Group_adjusted","M2","ABR33",25,0.50013624991854,0.750166972212969,0.908680291056585,0.951933796601701
43,"CV1",9,3,NA,"Group_adjusted","M2","JKI",24,0.537383281212083,0.628106483151724,0.603002946355401,0.647279188883663
44,"CV1",9,4,NA,"Group_adjusted","M2","ABR33",25,0.333580866927397,0.519652361030053,1.22546659016685,1.24462149095947
44,"CV1",9,4,NA,"Group_adjusted","M2","JKI",25,0.339537065658612,0.773048938249433,0.553330592775005,0.570298507568228
45,"CV1",9,5,NA,"Group_adjusted","M2","ABR33",25,0.390803819126491,0.471700097738938,1.25105298497316,1.29777774315042
45,"CV1",9,5,NA,"Group_adjusted","M2","JKI",25,0.435228155884275,0.470457953358658,0.693232830673364,0.749418073484912
46,"CV1",10,1,NA,"Group_adjusted","M2","ABR33",25,0.382256847727419,0.48485867736354,1.53793447637687,1.57403199682265
46,"CV1",10,1,NA,"Group_adjusted","M2","JKI",25,0.263566519310651,0.689693781269975,0.57874928102662,0.599157822386057
47,"CV1",10,2,NA,"Group_adjusted","M2","ABR33",25,0.647117276730687,0.648790143895019,1.37958534439725,1.43047759541359
47,"CV1",10,2,NA,"Group_adjusted","M2","JKI",25,0.464001786369851,0.581652047783645,0.813923257524633,0.85162629839621
48,"CV1",10,3,NA,"Group_adjusted","M2","ABR33",25,0.2708375775346,0.405274064869236,1.41338439157247,1.43146011349268
48,"CV1",10,3,NA,"Group_adjusted","M2","JKI",25,0.201243654256107,0.491320225980586,0.561336575230942,0.567668417152234
49,"CV1",10,4,NA,"Group_adjusted","M2","ABR33",25,0.617425907860974,0.780146340926045,0.840243555043291,0.88419027676078
49,"CV1",10,4,NA,"Group_adjusted","M2","JKI",24,0.541936412896304,0.457178760161735,0.75573837728673,0.797049562018072
50,"CV1",10,5,NA,"Group_adjusted","M2","ABR33",25,0.0240513487149546,0.52442420574376,0.89047839515727,0.88785868142893
50,"CV1",10,5,NA,"Group_adjusted","M2","JKI",25,0.475310486454927,0.625499025696663,0.504154032864854,0.560301396911697
51,"CV2",1,1,NA,"Group_adjusted","M2","ABR33",25,0.526023434554095,0.53633456824113,1.49878646382669,1.66670343137493
51,"CV2",1,1,NA,"Group_adjusted","M2","JKI",20,0.340236636988079,0.432326212230359,0.576596433468242,0.586603036664273
52,"CV2",1,2,NA,"Group_adjusted","M2","ABR33",28,0.589863240019697,0.747439040144248,0.91096708472612,1.07495183705979
52,"CV2",1,2,NA,"Group_adjusted","M2","JKI",26,0.287748404569697,0.523409516816024,0.865587986565348,0.715955464648071
53,"CV2",1,3,NA,"Group_adjusted","M2","ABR33",24,0.342689413212562,0.648797747786604,1.21593453065956,1.28127190340351
53,"CV2",1,3,NA,"Group_adjusted","M2","JKI",30,0.493396382745674,0.678331786801934,0.68621652850885,0.770665130485128
54,"CV2",1,4,NA,"Group_adjusted","M2","ABR33",27,0.307156633008855,0.555780978671611,1.02567664788656,1.09758166419946
54,"CV2",1,4,NA,"Group_adjusted","M2","JKI",16,0.657692335828818,0.776907821276163,0.581147619432423,0.760225432992311
55,"CV2",1,5,NA,"Group_adjusted","M2","ABR33",20,0.434982970592897,0.704294446634683,1.15944718869806,1.23815995858731
55,"CV2",1,5,NA,"Group_adjusted","M2","JKI",32,0.564523694071177,0.653277076517649,0.492663981155697,0.582582667228245
56,"CV2",2,1,NA,"Group_adjusted","M2","ABR33",23,0.536373962448247,0.366182380309543,1.31865294377356,1.43445031560065
56,"CV2",2,1,NA,"Group_adjusted","M2","JKI",24,0.845218594485526,0.872147158084882,0.474629698853273,0.72121452764952
57,"CV2",2,2,NA,"Group_adjusted","M2","ABR33",31,0.240226061351915,0.634979933381778,1.21419421847197,1.24951297578381
57,"CV2",2,2,NA,"Group_adjusted","M2","JKI",23,0.411445555851295,0.537476179399804,0.772254589467268,0.76464993298475
58,"CV2",2,3,NA,"Group_adjusted","M2","ABR33",34,0.589523659847934,0.734435312328613,1.13434963472326,1.29351901299749
58,"CV2",2,3,NA,"Group_adjusted","M2","JKI",27,0.397130015934342,0.566590481694409,0.600714215875834,0.637953401566361
59,"CV2",2,4,NA,"Group_adjusted","M2","ABR33",15,0.736515991226768,0.864607786878715,1.23417776171071,1.45745098973458
59,"CV2",2,4,NA,"Group_adjusted","M2","JKI",28,0.0557940670727284,0.304206142141638,0.863356962040876,0.631920343612157
60,"CV2",2,5,NA,"Group_adjusted","M2","ABR33",21,0.323702977534553,0.546380056966184,0.90866475634997,0.942447491670672
60,"CV2",2,5,NA,"Group_adjusted","M2","JKI",22,0.772118429679397,0.824923654019153,0.554045309801289,0.752811859780855
61,"CV2",3,1,NA,"Group_adjusted","M2","ABR33",27,0.36079866913136,0.639719524746457,0.74578980453053,0.799967034318994
61,"CV2",3,1,NA,"Group_adjusted","M2","JKI",24,0.572799765079055,0.554787714607449,0.682216415201643,0.83522179786916
62,"CV2",3,2,NA,"Group_adjusted","M2","ABR33",26,0.215834897000725,0.357097702731602,1.44051010108172,1.47341313518494
62,"CV2",3,2,NA,"Group_adjusted","M2","JKI",26,0.473046782357648,0.667788836407628,0.677756075141982,0.697656309599485
63,"CV2",3,3,NA,"Group_adjusted","M2","ABR33",22,0.51561242215541,0.762424187046823,0.86557729958485,0.96912046841436
63,"CV2",3,3,NA,"Group_adjusted","M2","JKI",31,0.619223323635456,0.784564389919105,0.532328245394039,0.671337488379802
64,"CV2",3,4,NA,"Group_adjusted","M2","ABR33",27,0.665048963088568,0.700612253135054,1.45929220605268,1.61618077191666
64,"CV2",3,4,NA,"Group_adjusted","M2","JKI",25,0.358458792464119,0.489610017611536,0.632588301473457,0.673540560029944
65,"CV2",3,5,NA,"Group_adjusted","M2","ABR33",22,0.608479877686447,0.771859901824493,1.22924921693436,1.43185038236387
65,"CV2",3,5,NA,"Group_adjusted","M2","JKI",18,0.430012035878396,0.453143262691177,0.905078613336316,0.506431949574181
66,"CV2",4,1,NA,"Group_adjusted","M2","ABR33",21,0.221031438190526,0.312773740897778,1.8069894215488,1.83576384328067
66,"CV2",4,1,NA,"Group_adjusted","M2","JKI",26,0.793457655635288,0.868434810777055,0.497848096009475,0.785450044762972
67,"CV2",4,2,NA,"Group_adjusted","M2","ABR33",24,0.56387948168617,0.739462222784036,0.938711356023906,1.07498225255545
67,"CV2",4,2,NA,"Group_adjusted","M2","JKI",35,0.3640555121324,0.484157284575119,0.670959443171436,0.692298297137453
68,"CV2",4,3,NA,"Group_adjusted","M2","ABR33",27,0.561393394021642,0.677080683607323,1.31712259021738,1.48522018425431
68,"CV2",4,3,NA,"Group_adjusted","M2","JKI",18,0.424861350073156,0.6688935744856,0.624666950816253,0.577901298113283
69,"CV2",4,4,NA,"Group_adjusted","M2","ABR33",35,0.522096107725149,0.771194005764297,0.887329673875929,1.00251137264595
69,"CV2",4,4,NA,"Group_adjusted","M2","JKI",19,0.339459730549913,0.441788142709282,0.67721618047945,0.496891397386396
70,"CV2",4,5,NA,"Group_adjusted","M2","ABR33",17,0.530423083891533,0.487851476988902,0.795315726052022,0.88542714372795
70,"CV2",4,5,NA,"Group_adjusted","M2","JKI",26,0.428617878195954,0.528359182625878,0.724600003747207,0.796937991652654
71,"CV2",5,1,NA,"Group_adjusted","M2","ABR33",19,0.82387199717192,0.766859239842119,0.812729982290072,1.11581428916168
71,"CV2",5,1,NA,"Group_adjusted","M2","JKI",34,0.213205532630873,0.458835070021999,0.825180561220743,0.64318625845911
72,"CV2",5,2,NA,"Group_adjusted","M2","ABR33",35,0.313670479036925,0.499620243850522,1.37770877649845,1.43543628797971
72,"CV2",5,2,NA,"Group_adjusted","M2","JKI",27,0.595331765060694,0.715515630520611,0.57389360287485,0.685432430144226
73,"CV2",5,3,NA,"Group_adjusted","M2","ABR33",26,0.411299104039371,0.720840769761415,1.1534116026259,1.24324269908094
73,"CV2",5,3,NA,"Group_adjusted","M2","JKI",22,0.643333101785165,0.785699029052279,0.451214282843839,0.587372551832992
74,"CV2",5,4,NA,"Group_adjusted","M2","ABR33",21,0.799915215192854,0.791928255181958,0.798082557010835,0.976179068459325
74,"CV2",5,4,NA,"Group_adjusted","M2","JKI",26,0.492404308916644,0.602579055861741,0.661393530914497,0.723699463595777
75,"CV2",5,5,NA,"Group_adjusted","M2","ABR33",23,0.338256783584195,0.548197467858919,1.35884126011959,1.43286290458083
75,"CV2",5,5,NA,"Group_adjusted","M2","JKI",15,0.722249663438489,0.431133631160607,0.637135891689232,0.879661144174809
76,"CV2",6,1,NA,"Group_adjusted","M2","ABR33",23,0.235388224097399,0.644156801844329,0.837239189042459,0.853006373857909
76,"CV2",6,1,NA,"Group_adjusted","M2","JKI",25,0.474090988932378,0.441873492515085,0.742262886625481,0.826420488742042
77,"CV2",6,2,NA,"Group_adjusted","M2","ABR33",21,0.490412089939734,0.518101343980578,1.26773051011469,1.36885651326537
77,"CV2",6,2,NA,"Group_adjusted","M2","JKI",30,-0.0558982833358816,0.236732157803439,0.893746920026704,0.674674738950264
78,"CV2",6,3,NA,"Group_adjusted","M2","ABR33",29,0.482647606466385,0.659098397710941,1.2762512426929,1.41607567419629
78,"CV2",6,3,NA,"Group_adjusted","M2","JKI",20,0.707430282628682,0.830310531175635,0.495403697621798,0.665133940989757
79,"CV2",6,4,NA,"Group_adjusted","M2","ABR33",33,0.736343496534056,0.824167591187109,1.04018873757782,1.22319808904512
79,"CV2",6,4,NA,"Group_adjusted","M2","JKI",21,0.634423314102318,0.753865149239282,0.628278561517022,0.71707521258779
80,"CV2",6,5,NA,"Group_adjusted","M2","ABR33",18,0.176809661391835,0.350662755826382,1.52077838659497,1.54854892372153
80,"CV2",6,5,NA,"Group_adjusted","M2","JKI",28,0.697696845618685,0.805882868397441,0.383367230143389,0.570718567580402
81,"CV2",7,1,NA,"Group_adjusted","M2","ABR33",28,0.323692918123652,0.545693449440577,1.49536984506502,1.57129828914939
81,"CV2",7,1,NA,"Group_adjusted","M2","JKI",26,0.715037255684023,0.827586299697203,0.56101108574357,0.778932408900881
82,"CV2",7,2,NA,"Group_adjusted","M2","ABR33",22,0.716478307875727,0.768967859391801,1.33704442656842,1.59086046536781
82,"CV2",7,2,NA,"Group_adjusted","M2","JKI",25,0.000592525656654763,0.283678292935214,0.778536899810976,0.567203603491786
83,"CV2",7,3,NA,"Group_adjusted","M2","ABR33",20,0.506914623959212,0.829755145171282,0.955299404015004,1.02983469463781
83,"CV2",7,3,NA,"Group_adjusted","M2","JKI",28,0.660005916056428,0.559248901396234,0.638155915056647,0.843965131801542
84,"CV2",7,4,NA,"Group_adjusted","M2","ABR33",29,0.48267357445289,0.423281633790421,1.09241018117803,1.19131541994609
84,"CV2",7,4,NA,"Group_adjusted","M2","JKI",22,0.438647286537142,0.657712079861059,0.651218778983282,0.705648611647472
85,"CV2",7,5,NA,"Group_adjusted","M2","ABR33",25,0.33654269835169,0.634118577972741,0.863520172951656,0.920931096740476
85,"CV2",7,5,NA,"Group_adjusted","M2","JKI",23,0.465235571404423,0.409468143340426,0.602706490750353,0.567766708033822
86,"CV2",8,1,NA,"Group_adjusted","M2","ABR33",21,0.557921322346956,0.624411646692412,1.34153616391961,1.42357015123868
86,"CV2",8,1,NA,"Group_adjusted","M2","JKI",23,0.661318767919138,0.639217587600078,0.516943258910865,0.662715938280659
87,"CV2",8,2,NA,"Group_adjusted","M2","ABR33",31,0.621925307208582,0.683972558760089,1.40913692029928,1.58000569088672
87,"CV2",8,2,NA,"Group_adjusted","M2","JKI",22,0.242118556417525,0.334677394508242,0.715933033976897,0.652911598544458
88,"CV2",8,3,NA,"Group_adjusted","M2","ABR33",26,0.0898347170744667,0.542698132315156,0.960160098796367,0.925116116104419
88,"CV2",8,3,NA,"Group_adjusted","M2","JKI",23,0.436205539982961,0.524025751849409,0.779752126013639,0.770774622168993
89,"CV2",8,4,NA,"Group_adjusted","M2","ABR33",24,0.486558522626131,0.597474683940117,0.780048989417283,0.871976368651017
89,"CV2",8,4,NA,"Group_adjusted","M2","JKI",34,0.497720149329129,0.641864894688067,0.659364205929866,0.738155586224723
90,"CV2",8,5,NA,"Group_adjusted","M2","ABR33",22,0.459081696383577,0.47513918348334,1.54734422629571,1.67024107028734
90,"CV2",8,5,NA,"Group_adjusted","M2","JKI",22,0.60119254317406,0.79405174319872,0.475677435235158,0.607094704689363
91,"CV2",9,1,NA,"Group_adjusted","M2","ABR33",28,0.588072780950336,0.599869188906742,0.996650661531924,1.07749909711995
91,"CV2",9,1,NA,"Group_adjusted","M2","JKI",22,0.670241110102952,0.774919703557033,0.61774865558955,0.810229022328849
92,"CV2",9,2,NA,"Group_adjusted","M2","ABR33",16,0.324570646931839,0.581359478594758,1.65218532782416,1.75965157162654
92,"CV2",9,2,NA,"Group_adjusted","M2","JKI",34,0.132173407724983,0.374347941237466,0.823183515035504,0.563213519572306
93,"CV2",9,3,NA,"Group_adjusted","M2","ABR33",19,0.841387563832623,0.642132753985647,1.39732201663097,1.60128836881862
93,"CV2",9,3,NA,"Group_adjusted","M2","JKI",24,0.639473237550049,0.77951656799041,0.597145533643035,0.763099926300899
94,"CV2",9,4,NA,"Group_adjusted","M2","ABR33",33,0.434180552220379,0.667313121915816,1.27243132595549,1.36372135879402
94,"CV2",9,4,NA,"Group_adjusted","M2","JKI",27,0.482323309610958,0.503076295750919,0.770650868069991,0.815320864755832
95,"CV2",9,5,NA,"Group_adjusted","M2","ABR33",28,0.277867272974773,0.547865439286844,0.86100739346715,0.89732584826472
95,"CV2",9,5,NA,"Group_adjusted","M2","JKI",17,0.374513049731587,0.591784688415225,0.519309400561494,0.473601984906847
96,"CV2",10,1,NA,"Group_adjusted","M2","ABR33",16,0.498758393240653,0.701470548597128,1.36239606691686,1.51113828452935
96,"CV2",10,1,NA,"Group_adjusted","M2","JKI",31,0.441388025795617,0.558054136120766,0.62836158266033,0.68494517891395
97,"CV2",10,2,NA,"Group_adjusted","M2","ABR33",21,0.701096293949178,0.834406371252745,0.610060562771678,0.738194628565782
97,"CV2",10,2,NA,"Group_adjusted","M2","JKI",25,0.287132982837736,0.522390961273402,0.801784591710421,0.770504015629478
98,"CV2",10,3,NA,"Group_adjusted","M2","ABR33",31,0.441679149854207,0.656958780226739,0.94012731420436,1.02740907319283
98,"CV2",10,3,NA,"Group_adjusted","M2","JKI",22,0.705787641851747,0.72626762162081,0.561065359796094,0.764359625708577
99,"CV2",10,4,NA,"Group_adjusted","M2","ABR33",27,0.433689169963295,0.622802600281726,1.3971158205326,1.49490243404629
99,"CV2",10,4,NA,"Group_adjusted","M2","JKI",26,0.635477397197401,0.756227810803403,0.526448347543795,0.625274667630803
100,"CV2",10,5,NA,"Group_adjusted","M2","ABR33",29,0.470454793938659,0.451277053318978,1.36366805934711,1.50401758004472
100,"CV2",10,5,NA,"Group_adjusted","M2","JKI",20,0.184667457543436,0.324982391585576,0.795391643737415,0.57308562231578
101,"Sparse25",1,1,0,"Group_adjusted","M2","ABR33",100,0.307069714148016,0.551861083613809,1.35902636254268,1.39056324856236
101,"Sparse25",1,1,0,"Group_adjusted","M2","JKI",99,0.308256318197797,0.559039782686607,0.69438518102869,0.724203829049938
102,"Sparse25",2,1,0,"Group_adjusted","M2","ABR33",100,0.0580852151069314,0.472791380645994,1.58596051103988,1.58658846554521
102,"Sparse25",2,1,0,"Group_adjusted","M2","JKI",99,0.182949714476881,0.50012188872381,0.713729842442636,0.715771809067451
103,"Sparse25",3,1,0,"Group_adjusted","M2","ABR33",100,0.111911807470092,0.5184272867109,1.38755148011841,1.39401558804519
103,"Sparse25",3,1,0,"Group_adjusted","M2","JKI",99,0.0375058039016886,0.470856893454389,0.767113736382904,0.756693347802613
104,"Sparse25",4,1,0,"Group_adjusted","M2","ABR33",100,0.222681363188377,0.569488258618107,1.20497583006666,1.22418185893834
104,"Sparse25",4,1,0,"Group_adjusted","M2","JKI",99,0.262430070097106,0.539736975363559,0.690113036027733,0.707898053259274
105,"Sparse25",5,1,0,"Group_adjusted","M2","ABR33",100,0.345193576867727,0.585404923793247,1.18059741490028,1.2056203497742
105,"Sparse25",5,1,0,"Group_adjusted","M2","JKI",99,0.249410703495868,0.5391168419315,0.681438988586634,0.689821181066268
106,"Sparse25",6,1,0,"Group_adjusted","M2","ABR33",100,0.350421994462413,0.556674418449416,1.39112060752513,1.43968710636503
106,"Sparse25",6,1,0,"Group_adjusted","M2","JKI",99,0.143204636918518,0.541416482918298,0.642298050868877,0.648384216101665
107,"Sparse25",7,1,0,"Group_adjusted","M2","ABR33",100,0.179140791812163,0.554594352373454,1.22011898604893,1.23820124057753
107,"Sparse25",7,1,0,"Group_adjusted","M2","JKI",99,0.301829455830034,0.515832951657954,0.73114559500334,0.765861568949847
108,"Sparse25",8,1,0,"Group_adjusted","M2","ABR33",100,0.376785332021189,0.584035895778153,1.1277582504443,1.15977903119691
108,"Sparse25",8,1,0,"Group_adjusted","M2","JKI",99,0.252296695437439,0.504941530196896,0.691244727278661,0.700253782202279
109,"Sparse25",9,1,0,"Group_adjusted","M2","ABR33",100,0.0277297718651604,0.508967049022484,1.34614817750168,1.34475900485051
109,"Sparse25",9,1,0,"Group_adjusted","M2","JKI",99,0.119250652570077,0.428017549429944,0.75500079932841,0.75421162994489
110,"Sparse25",10,1,0,"Group_adjusted","M2","ABR33",100,0.150731566891326,0.422857114604399,1.52190263703134,1.53210395420218
110,"Sparse25",10,1,0,"Group_adjusted","M2","JKI",99,0.155184655909978,0.464937354710774,0.702286024933636,0.690914636545052
111,"Sparse25",1,1,5,"Group_adjusted","M2","ABR33",100,-0.0136056090702153,0.452741753346495,1.37370900344241,1.36993366517419
111,"Sparse25",1,1,5,"Group_adjusted","M2","JKI",99,0.485136304049268,0.574258223181506,0.701274924962649,0.77650740726923
112,"Sparse25",2,1,5,"Group_adjusted","M2","ABR33",100,0.267218385308604,0.535572816302474,1.30728534021151,1.34203490259444
112,"Sparse25",2,1,5,"Group_adjusted","M2","JKI",99,0.342287311623306,0.575767993247651,0.66509690700575,0.70400080150171
113,"Sparse25",3,1,5,"Group_adjusted","M2","ABR33",100,0.239541220113741,0.49438827542191,1.37106512964794,1.39153562526462
113,"Sparse25",3,1,5,"Group_adjusted","M2","JKI",99,0.0359298762478129,0.44801847941492,0.723334141032036,0.716634534389696
114,"Sparse25",4,1,5,"Group_adjusted","M2","ABR33",100,0.296252707135117,0.548219596551043,1.39261973088452,1.43941206582736
114,"Sparse25",4,1,5,"Group_adjusted","M2","JKI",99,0.280849859913539,0.551032288402697,0.637691270423485,0.657178540305232
115,"Sparse25",5,1,5,"Group_adjusted","M2","ABR33",100,0.416274514218981,0.570191975197919,1.18000292500671,1.21777759473883
115,"Sparse25",5,1,5,"Group_adjusted","M2","JKI",99,0.225307975810009,0.37346379453431,0.764805388780068,0.781716398341459
116,"Sparse25",6,1,5,"Group_adjusted","M2","ABR33",100,0.168293524084535,0.411275097408917,1.43709923893772,1.45282284858795
116,"Sparse25",6,1,5,"Group_adjusted","M2","JKI",99,0.229606939049055,0.513745847524594,0.693115992163375,0.735811915997745
117,"Sparse25",7,1,5,"Group_adjusted","M2","ABR33",100,0.260947460741576,0.599358408305557,1.3315197306757,1.35344513604783
117,"Sparse25",7,1,5,"Group_adjusted","M2","JKI",99,0.298675666223879,0.549955997901643,0.657550196215824,0.688509778995139
118,"Sparse25",8,1,5,"Group_adjusted","M2","ABR33",100,0.269377691539345,0.565350461392903,1.18314644565007,1.21165762114517
118,"Sparse25",8,1,5,"Group_adjusted","M2","JKI",99,0.324784714995288,0.555480191102752,0.662317816859764,0.700942880600964
119,"Sparse25",9,1,5,"Group_adjusted","M2","ABR33",100,0.22045373762539,0.480797173983585,1.39944929903848,1.41861421641549
119,"Sparse25",9,1,5,"Group_adjusted","M2","JKI",99,0.177694976833574,0.492111134794233,0.716332031959292,0.728835836878984
120,"Sparse25",10,1,5,"Group_adjusted","M2","ABR33",100,0.238511337463201,0.551241692867702,1.22465424588601,1.24638278016473
120,"Sparse25",10,1,5,"Group_adjusted","M2","JKI",99,0.238597916490799,0.533509218708516,0.800449728400339,0.794776443639502
121,"Sparse25",1,1,10,"Group_adjusted","M2","ABR33",100,0.33320521380485,0.544944488634034,1.47272040705008,1.50392381299934
121,"Sparse25",1,1,10,"Group_adjusted","M2","JKI",99,0.336806938060453,0.533362133085785,0.654758839052105,0.690104466404059
122,"Sparse25",2,1,10,"Group_adjusted","M2","ABR33",100,0.114738020733332,0.433992794700556,1.39516207023569,1.39469809248468
122,"Sparse25",2,1,10,"Group_adjusted","M2","JKI",99,0.0702807827778181,0.0662965160028401,0.908667844299358,0.865293529152213
123,"Sparse25",3,1,10,"Group_adjusted","M2","ABR33",100,0.195346478164017,0.525467539992078,1.33706437439129,1.3510939124733
123,"Sparse25",3,1,10,"Group_adjusted","M2","JKI",99,0.034984168007758,0.385139121313453,0.717381421167898,0.697374322203973
124,"Sparse25",4,1,10,"Group_adjusted","M2","ABR33",100,0.290039972554909,0.544289815670363,1.38154241817678,1.40926510388832
124,"Sparse25",4,1,10,"Group_adjusted","M2","JKI",99,0.208225479416097,0.510732601408507,0.682357196183591,0.681807899526474
125,"Sparse25",5,1,10,"Group_adjusted","M2","ABR33",100,0.0844814653878883,0.488092296241923,1.26660420935378,1.26920157647531
125,"Sparse25",5,1,10,"Group_adjusted","M2","JKI",99,0.135400778720165,0.489815843321543,0.742721103029434,0.755790042562257
126,"Sparse25",6,1,10,"Group_adjusted","M2","ABR33",100,0.418250386346424,0.340923965224723,1.51131291066824,1.5367666835222
126,"Sparse25",6,1,10,"Group_adjusted","M2","JKI",99,0.310050747019739,0.519578005199541,0.727420698965436,0.76386377633294
127,"Sparse25",7,1,10,"Group_adjusted","M2","ABR33",100,0.203120006784133,0.568228267586386,1.26061196454977,1.27290499667962
127,"Sparse25",7,1,10,"Group_adjusted","M2","JKI",99,0.223599481271,0.459512705000472,0.754113942976251,0.788112889762657
128,"Sparse25",8,1,10,"Group_adjusted","M2","ABR33",100,0.325028596135154,0.531019935627816,1.26786027755075,1.29352666039123
128,"Sparse25",8,1,10,"Group_adjusted","M2","JKI",99,0.170096466795074,0.434245541419557,0.744912148702256,0.759413736076824
129,"Sparse25",9,1,10,"Group_adjusted","M2","ABR33",100,0.2642667174852,0.512408268517907,1.39659497613792,1.41212706394315
129,"Sparse25",9,1,10,"Group_adjusted","M2","JKI",99,0.191643841717456,0.530275417360187,0.730218370873344,0.740597977554349
130,"Sparse25",10,1,10,"Group_adjusted","M2","ABR33",100,0.0640596833489954,0.528519586887821,1.22820402447545,1.22663236000746
130,"Sparse25",10,1,10,"Group_adjusted","M2","JKI",99,0.177757984905209,0.483457573624909,0.763259267954145,0.738989528375964
131,"Sparse25",1,1,15,"Group_adjusted","M2","ABR33",100,0.295723871705227,0.547733704631569,1.31229710481305,1.33344467318959
131,"Sparse25",1,1,15,"Group_adjusted","M2","JKI",99,0.0252951751207953,0.126604980930888,0.849960268567572,0.851862949409806
132,"Sparse25",2,1,15,"Group_adjusted","M2","ABR33",100,0.290027819171793,0.529432538871619,1.43628163682474,1.45665584457414
132,"Sparse25",2,1,15,"Group_adjusted","M2","JKI",99,0.103662340272526,0.491233278935089,0.718543539979311,0.712484322817666
133,"Sparse25",3,1,15,"Group_adjusted","M2","ABR33",100,0.213289209333438,0.604821095366349,1.28574903481331,1.30398403984197
133,"Sparse25",3,1,15,"Group_adjusted","M2","JKI",99,0.100880143210898,0.480272333146539,0.734648791700351,0.748379722022791
134,"Sparse25",4,1,15,"Group_adjusted","M2","ABR33",100,0.223528706520375,0.549497029307944,1.28378818120232,1.3020588694742
134,"Sparse25",4,1,15,"Group_adjusted","M2","JKI",99,0.196338832193041,0.519282440657895,0.698940780628737,0.712117810920328
135,"Sparse25",5,1,15,"Group_adjusted","M2","ABR33",100,0.114714410597068,0.452608997005117,1.36299308010988,1.36875165109941
135,"Sparse25",5,1,15,"Group_adjusted","M2","JKI",99,0.265588338426231,0.467646407964569,0.717513174993449,0.712976875517033
136,"Sparse25",6,1,15,"Group_adjusted","M2","ABR33",100,0.13302077407854,0.506984506774785,1.31395937799767,1.32144642431705
136,"Sparse25",6,1,15,"Group_adjusted","M2","JKI",99,0.129547928447533,0.503526287860938,0.706582004819361,0.705092909989502
137,"Sparse25",7,1,15,"Group_adjusted","M2","ABR33",100,0.370441244127678,0.532439562200119,1.3856285684672,1.40469831471734
137,"Sparse25",7,1,15,"Group_adjusted","M2","JKI",99,0.0996623230110869,0.267114907230668,0.820413488750253,0.813718630397939
138,"Sparse25",8,1,15,"Group_adjusted","M2","ABR33",100,0.237628321282249,0.570778556535196,1.34244725185098,1.35260953574176
138,"Sparse25",8,1,15,"Group_adjusted","M2","JKI",99,0.28089321789279,0.52965315324017,0.710090845171946,0.727192968714682
139,"Sparse25",9,1,15,"Group_adjusted","M2","ABR33",100,0.170639409297363,0.547457442000386,1.28825027896223,1.30371702748398
139,"Sparse25",9,1,15,"Group_adjusted","M2","JKI",99,0.161994229242025,0.522760383914781,0.6996893769123,0.678761677823323
140,"Sparse25",10,1,15,"Group_adjusted","M2","ABR33",100,0.16565923198001,0.576621040943905,1.26705728132708,1.27876763268121
140,"Sparse25",10,1,15,"Group_adjusted","M2","JKI",99,0.260817318584581,0.564192901079404,0.670516164707243,0.694750378215929
141,"Sparse25",1,1,20,"Group_adjusted","M2","ABR33",100,0.0944920216302188,0.541209718184574,1.31232550170868,1.3164626216248
141,"Sparse25",1,1,20,"Group_adjusted","M2","JKI",99,0.164140393431645,0.498136299269553,0.73816435282176,0.75727005695836
142,"Sparse25",2,1,20,"Group_adjusted","M2","ABR33",100,0.253258974137867,0.555338958174976,1.27463571498475,1.28417800451443
142,"Sparse25",2,1,20,"Group_adjusted","M2","JKI",99,-0.039282969153998,0.432044666064744,0.805644049558537,0.79207412991906
143,"Sparse25",3,1,20,"Group_adjusted","M2","ABR33",100,0.427841869057064,0.501975808760055,1.34591450658615,1.36687057049877
143,"Sparse25",3,1,20,"Group_adjusted","M2","JKI",99,0.259089733955924,0.501431128908361,0.670984311601653,0.706993508482985
144,"Sparse25",4,1,20,"Group_adjusted","M2","ABR33",100,0.200533964699816,0.430590440521807,1.47324805945452,1.48380823446897
144,"Sparse25",4,1,20,"Group_adjusted","M2","JKI",99,0.14615444541244,0.492382665483735,0.747790875124286,0.780584403334075
145,"Sparse25",5,1,20,"Group_adjusted","M2","ABR33",100,0.281630076504679,0.532715393466193,1.36293553931961,1.3777151323545
145,"Sparse25",5,1,20,"Group_adjusted","M2","JKI",99,0.262902787280788,0.543546480737396,0.736569630652569,0.750866135187357
146,"Sparse25",6,1,20,"Group_adjusted","M2","ABR33",100,0.206417399468738,0.529419617331084,1.25759923475777,1.2694877731619
146,"Sparse25",6,1,20,"Group_adjusted","M2","JKI",99,0.217041580096585,0.467665908749337,0.733251946296062,0.744011840148182
147,"Sparse25",7,1,20,"Group_adjusted","M2","ABR33",100,0.440443687319709,0.617569523131872,1.10830601629215,1.14332011519477
147,"Sparse25",7,1,20,"Group_adjusted","M2","JKI",99,0.13019595139197,0.48439897283721,0.680664904430997,0.679641041040298
148,"Sparse25",8,1,20,"Group_adjusted","M2","ABR33",100,0.145550682102673,0.552448950859388,1.26879660381087,1.27813075838621
148,"Sparse25",8,1,20,"Group_adjusted","M2","JKI",99,0.235311497863062,0.589541015779389,0.656076600276485,0.671581549450383
149,"Sparse25",9,1,20,"Group_adjusted","M2","ABR33",100,0.35056510803872,0.551224859467306,1.17640374056547,1.20347747232967
149,"Sparse25",9,1,20,"Group_adjusted","M2","JKI",99,0.0082119105914965,0.501175773895595,0.708678836598842,0.676703227321545
150,"Sparse25",10,1,20,"Group_adjusted","M2","ABR33",100,0.267306959296959,0.497980625939397,1.37640683830611,1.40139828313175
150,"Sparse25",10,1,20,"Group_adjusted","M2","JKI",99,0.375796324519254,0.564700394900947,0.737063447094813,0.791691332022862
151,"Sparse25",1,1,25,"Group_adjusted","M2","ABR33",100,0.124702563817159,0.502029130586291,1.35506354694168,1.36054008863453
151,"Sparse25",1,1,25,"Group_adjusted","M2","JKI",99,0.232092115360287,0.518518086773624,0.675040842965087,0.684957332771178
152,"Sparse25",2,1,25,"Group_adjusted","M2","ABR33",100,0.0910718829596986,0.449683938617882,1.47987605217864,1.4843125135506
152,"Sparse25",2,1,25,"Group_adjusted","M2","JKI",99,0.26218954214346,0.486372173739196,0.764369141608815,0.779989902735398
153,"Sparse25",3,1,25,"Group_adjusted","M2","ABR33",100,0.160093635305671,0.515309844487571,1.44327819456352,1.45023235334256
153,"Sparse25",3,1,25,"Group_adjusted","M2","JKI",99,0.221074968249941,0.524270599749481,0.688193643162278,0.693296313634155
154,"Sparse25",4,1,25,"Group_adjusted","M2","ABR33",100,0.168344687459838,0.532860759517028,1.40376146026322,1.41226501326867
154,"Sparse25",4,1,25,"Group_adjusted","M2","JKI",99,-0.0395142157043642,0.506849786513006,0.710946372274795,0.709826610567392
155,"Sparse25",5,1,25,"Group_adjusted","M2","ABR33",100,0.374712596853368,0.560626408237159,1.27379241098174,1.28372298708223
155,"Sparse25",5,1,25,"Group_adjusted","M2","JKI",99,0.395021850371496,0.492117369937501,0.663024030447545,0.673598397089302
156,"Sparse25",6,1,25,"Group_adjusted","M2","ABR33",100,0.273725162646795,0.514324638533748,1.29680093801577,1.31236128367881
156,"Sparse25",6,1,25,"Group_adjusted","M2","JKI",99,0.407491735601419,0.542279068440907,0.639440894840414,0.671727539431805
157,"Sparse25",7,1,25,"Group_adjusted","M2","ABR33",100,0.186271015711922,0.451693729408915,1.37808165704876,1.38697980472172
157,"Sparse25",7,1,25,"Group_adjusted","M2","JKI",99,0.238838052958727,0.452387760488877,0.776468734129601,0.772547563331593
158,"Sparse25",8,1,25,"Group_adjusted","M2","ABR33",100,0.331563576897906,0.539914803358311,1.27917976716863,1.28623883218167
158,"Sparse25",8,1,25,"Group_adjusted","M2","JKI",99,0.238628602155057,0.495457322674008,0.692352010421402,0.697343481050963
159,"Sparse25",9,1,25,"Group_adjusted","M2","ABR33",100,0.214853682572324,0.515647017287596,1.37932074464127,1.3892300658827
159,"Sparse25",9,1,25,"Group_adjusted","M2","JKI",99,0.305024753095338,0.425555584666583,0.797415405275741,0.813336128684358
160,"Sparse25",10,1,25,"Group_adjusted","M2","ABR33",100,0.0498479876008221,0.51434264166132,1.29142163233373,1.29221977128557
160,"Sparse25",10,1,25,"Group_adjusted","M2","JKI",99,0.101085361083409,0.502792930729246,0.738370384757927,0.738935383994134
1,"CV1",1,1,NA,"Group_adjusted","M3","ABR33",25,0.255896895971754,0.658493626100915,1.45985337315241,1.48225303215285
1,"CV1",1,1,NA,"Group_adjusted","M3","JKI",25,0.442841098694412,0.557008101930103,0.795839099171888,0.829745335168255
2,"CV1",1,2,NA,"Group_adjusted","M3","ABR33",25,0.493791135799013,0.665426859883054,1.72954964113897,1.76191756401615
2,"CV1",1,2,NA,"Group_adjusted","M3","JKI",25,0.485528611802632,0.491163939825502,0.735880820650218,0.77624975689857
3,"CV1",1,3,NA,"Group_adjusted","M3","ABR33",25,0.323723812473114,0.413154220266326,1.04307425602634,1.08964524078103
3,"CV1",1,3,NA,"Group_adjusted","M3","JKI",25,0.221180428776976,0.41918888630592,0.45370006277109,0.480187416231375
4,"CV1",1,4,NA,"Group_adjusted","M3","ABR33",25,0.296098155070233,0.549944464674924,1.00056489316096,1.03494180514196
4,"CV1",1,4,NA,"Group_adjusted","M3","JKI",25,0.445816892547535,0.702198598167373,0.599262084644766,0.646589510516655
5,"CV1",1,5,NA,"Group_adjusted","M3","ABR33",25,-0.0919067500448343,0.519722065596438,1.11458978830352,1.07096981960168
5,"CV1",1,5,NA,"Group_adjusted","M3","JKI",24,0.500031924594654,0.644670724019059,0.624711195730786,0.686607575197042
6,"CV1",2,1,NA,"Group_adjusted","M3","ABR33",25,0.50599159862521,0.708121400665251,1.17838337760808,1.2601032485936
6,"CV1",2,1,NA,"Group_adjusted","M3","JKI",25,0.412805889016643,0.680859926271129,0.704359723889875,0.756288937292646
7,"CV1",2,2,NA,"Group_adjusted","M3","ABR33",25,0.244211433340972,0.396145766322365,1.24711590847153,1.28025132135606
7,"CV1",2,2,NA,"Group_adjusted","M3","JKI",24,0.667826127005375,0.473192119011043,0.638009591296538,0.703399810438457
8,"CV1",2,3,NA,"Group_adjusted","M3","ABR33",25,0.306704072300271,0.674236254420602,1.34953352221623,1.40108477606924
8,"CV1",2,3,NA,"Group_adjusted","M3","JKI",25,0.510090964441174,0.766389681287848,0.578678737809707,0.641936683887704
9,"CV1",2,4,NA,"Group_adjusted","M3","ABR33",25,0.170839555666383,0.47427181928781,1.38974221785432,1.40657758537646
9,"CV1",2,4,NA,"Group_adjusted","M3","JKI",25,0.438672878859211,0.657490457354056,0.495422685538974,0.535683185923316
10,"CV1",2,5,NA,"Group_adjusted","M3","ABR33",25,0.744045216067447,0.631012653136036,0.876371194207331,0.965877493683563
10,"CV1",2,5,NA,"Group_adjusted","M3","JKI",25,0.440863960899675,0.333601539783328,0.715024579681917,0.761828427912443
11,"CV1",3,1,NA,"Group_adjusted","M3","ABR33",25,0.157105981380191,0.630644976918259,0.948776702276738,0.969184583185379
11,"CV1",3,1,NA,"Group_adjusted","M3","JKI",24,0.600487306777963,0.60556308008868,0.530276750313974,0.598006659028884
12,"CV1",3,2,NA,"Group_adjusted","M3","ABR33",25,0.425092884305694,0.546828009757697,1.19343314291336,1.2381815440697
12,"CV1",3,2,NA,"Group_adjusted","M3","JKI",25,0.339461109578413,0.361217999092095,0.580074114135943,0.608106124582626
13,"CV1",3,3,NA,"Group_adjusted","M3","ABR33",25,0.440555423524342,0.691266093529796,1.41553992233243,1.49672896015435
13,"CV1",3,3,NA,"Group_adjusted","M3","JKI",25,0.502957551366594,0.695636909989376,0.743168395175628,0.81952637981212
14,"CV1",3,4,NA,"Group_adjusted","M3","ABR33",25,0.544126150392976,0.649333265448618,1.37363757485951,1.44508009669894
14,"CV1",3,4,NA,"Group_adjusted","M3","JKI",25,0.453560448356833,0.618330716849129,0.620694293504805,0.658837222267527
15,"CV1",3,5,NA,"Group_adjusted","M3","ABR33",25,0.533059685229309,0.459750274976278,1.17120446260958,1.24323476003848
15,"CV1",3,5,NA,"Group_adjusted","M3","JKI",25,0.522712117282588,0.559213454658859,0.702365907820667,0.76473516823892
16,"CV1",4,1,NA,"Group_adjusted","M3","ABR33",25,-0.0670144062771901,0.661397660906143,0.986071522688584,0.966500202979807
16,"CV1",4,1,NA,"Group_adjusted","M3","JKI",24,0.296273842223659,0.524934032753639,0.780834634833615,0.803704342281756
17,"CV1",4,2,NA,"Group_adjusted","M3","ABR33",25,0.486555133621412,0.594950998964789,1.4595493869951,1.5210022792005
17,"CV1",4,2,NA,"Group_adjusted","M3","JKI",25,0.413813184461994,0.431162043813857,0.61063866825137,0.654433056047194
18,"CV1",4,3,NA,"Group_adjusted","M3","ABR33",25,0.633535384304847,0.532761892026015,1.18047032307458,1.25061372333039
18,"CV1",4,3,NA,"Group_adjusted","M3","JKI",25,0.718966718667485,0.557761510300388,0.690085872638791,0.76135663234175
19,"CV1",4,4,NA,"Group_adjusted","M3","ABR33",25,0.152455578471425,0.406175228033652,1.41915682183009,1.43351260591279
19,"CV1",4,4,NA,"Group_adjusted","M3","JKI",25,0.453901223494851,0.769493464270944,0.590198242687517,0.635499747249152
20,"CV1",4,5,NA,"Group_adjusted","M3","ABR33",25,0.377759524821459,0.689438474721034,1.19273995023668,1.25881569026864
20,"CV1",4,5,NA,"Group_adjusted","M3","JKI",25,0.532376476244983,0.719411822888916,0.510757323731363,0.581388733976605
21,"CV1",5,1,NA,"Group_adjusted","M3","ABR33",25,0.160901010311911,0.605577812543767,0.995941701281701,1.02141501684334
21,"CV1",5,1,NA,"Group_adjusted","M3","JKI",25,0.31062710791409,0.561935934834599,0.58133359591048,0.603344315342954
22,"CV1",5,2,NA,"Group_adjusted","M3","ABR33",25,0.468360540832581,0.499205377674508,1.36214782118987,1.42417083765184
22,"CV1",5,2,NA,"Group_adjusted","M3","JKI",25,0.640519598313279,0.556082705590541,0.704176242775826,0.778671460767631
23,"CV1",5,3,NA,"Group_adjusted","M3","ABR33",25,0.216144658176789,0.746881901674919,1.15440506320088,1.18157609427813
23,"CV1",5,3,NA,"Group_adjusted","M3","JKI",25,0.258203004747542,0.544088600008836,0.701010040495814,0.725916466405116
24,"CV1",5,4,NA,"Group_adjusted","M3","ABR33",25,0.509887729307581,0.581144302167933,1.32108309412525,1.38575673433776
24,"CV1",5,4,NA,"Group_adjusted","M3","JKI",25,0.575893703247748,0.660172892389357,0.536298403786853,0.603696250813331
25,"CV1",5,5,NA,"Group_adjusted","M3","ABR33",25,0.360928324033531,0.444864722906318,1.31952154774477,1.36126208325937
25,"CV1",5,5,NA,"Group_adjusted","M3","JKI",24,0.435445148712248,0.641419665844239,0.64358544038627,0.682980627234509
26,"CV1",6,1,NA,"Group_adjusted","M3","ABR33",25,0.518885376648973,0.344512065945162,1.83193177668937,1.88215875587618
26,"CV1",6,1,NA,"Group_adjusted","M3","JKI",25,0.669513914412629,-0.0916097727680991,0.670361687269379,0.736792214411283
27,"CV1",6,2,NA,"Group_adjusted","M3","ABR33",25,0.180405765098569,0.633170005767586,1.16894497469299,1.1950797271579
27,"CV1",6,2,NA,"Group_adjusted","M3","JKI",25,0.476227250049938,0.78264463251666,0.578614783496077,0.623568585325949
28,"CV1",6,3,NA,"Group_adjusted","M3","ABR33",25,0.267085814096425,0.675717042289456,0.961134545456553,0.99199514746341
28,"CV1",6,3,NA,"Group_adjusted","M3","JKI",25,0.304682804359054,0.501289459673885,0.646122001271083,0.671423373302515
29,"CV1",6,4,NA,"Group_adjusted","M3","ABR33",25,0.382365661303821,0.592286442461138,1.05795925119417,1.0841682641455
29,"CV1",6,4,NA,"Group_adjusted","M3","JKI",24,0.457378171498191,0.613237719893656,0.688398250815362,0.739044503503075
30,"CV1",6,5,NA,"Group_adjusted","M3","ABR33",25,0.419341746046414,0.661766108342414,1.11758574737496,1.18140913718983
30,"CV1",6,5,NA,"Group_adjusted","M3","JKI",25,0.567150974845914,0.82512803497112,0.630103887843623,0.700765659884314
31,"CV1",7,1,NA,"Group_adjusted","M3","ABR33",25,0.625614786623388,0.667554440425233,1.31459829524216,1.41896780419265
31,"CV1",7,1,NA,"Group_adjusted","M3","JKI",25,0.732558173045292,0.890751810229534,0.785329931731572,0.867413312826206
32,"CV1",7,2,NA,"Group_adjusted","M3","ABR33",25,0.459000239465809,0.542335882734222,1.60294271209273,1.67005953587929
32,"CV1",7,2,NA,"Group_adjusted","M3","JKI",25,0.437745828543392,0.573931002840539,0.837409489471361,0.89126868174365
33,"CV1",7,3,NA,"Group_adjusted","M3","ABR33",25,0.237049292121096,0.697143040943867,0.730545931199787,0.753272871166342
33,"CV1",7,3,NA,"Group_adjusted","M3","JKI",24,0.603889833678143,0.355596782959586,0.450403948953337,0.516044451692375
34,"CV1",7,4,NA,"Group_adjusted","M3","ABR33",25,0.237527261220287,0.53965082136094,1.02660658092068,1.08228863445762
34,"CV1",7,4,NA,"Group_adjusted","M3","JKI",25,0.37403680220164,0.164168575702107,0.691743220100468,0.728394751192668
35,"CV1",7,5,NA,"Group_adjusted","M3","ABR33",25,0.353906956326073,0.599472319316265,1.40039025198039,1.4486053918676
35,"CV1",7,5,NA,"Group_adjusted","M3","JKI",25,0.0904691608944723,0.366017471944749,0.533689606354688,0.526183927687917
36,"CV1",8,1,NA,"Group_adjusted","M3","ABR33",25,0.17443857120483,0.511601397238997,1.33636963248334,1.34837894437643
36,"CV1",8,1,NA,"Group_adjusted","M3","JKI",25,0.268320085962311,0.493217452594352,0.532110168181135,0.584046362201575
37,"CV1",8,2,NA,"Group_adjusted","M3","ABR33",25,0.796688572368926,0.710729997025839,1.00468320409709,1.09715244663186
37,"CV1",8,2,NA,"Group_adjusted","M3","JKI",25,0.38747636903749,0.586932247506853,0.752529558437946,0.792135826876971
38,"CV1",8,3,NA,"Group_adjusted","M3","ABR33",25,0.512891169826552,0.567708409171813,1.37043731898887,1.4546250366731
38,"CV1",8,3,NA,"Group_adjusted","M3","JKI",24,0.702362816640455,0.486726517177289,0.807688866826723,0.887964116791926
39,"CV1",8,4,NA,"Group_adjusted","M3","ABR33",25,0.350408754731663,0.60279463310756,1.39205586386412,1.43421330592639
39,"CV1",8,4,NA,"Group_adjusted","M3","JKI",25,0.143780822927737,0.553874210199737,0.490466064251537,0.491178692057793
40,"CV1",8,5,NA,"Group_adjusted","M3","ABR33",25,0.112802853820351,0.566541927288541,0.993330766631133,0.988493155928264
40,"CV1",8,5,NA,"Group_adjusted","M3","JKI",25,0.413390794870006,0.732896944946173,0.607156082508339,0.646297446583367
41,"CV1",9,1,NA,"Group_adjusted","M3","ABR33",25,0.6612782539841,0.745640781015348,1.08825297135458,1.20182385624291
41,"CV1",9,1,NA,"Group_adjusted","M3","JKI",25,0.465775349599841,0.605232099612009,0.816561718088218,0.866134815832057
42,"CV1",9,2,NA,"Group_adjusted","M3","ABR33",25,0.3552557761288,0.403013544554041,1.6129826926514,1.65803835421129
42,"CV1",9,2,NA,"Group_adjusted","M3","JKI",25,0.340227511070075,0.355849339608703,0.636841432534294,0.666349816359279
43,"CV1",9,3,NA,"Group_adjusted","M3","ABR33",25,0.559070177734976,0.771208907261962,0.874193233403394,0.951933796601701
43,"CV1",9,3,NA,"Group_adjusted","M3","JKI",24,0.415450168533626,0.624377305782196,0.602098072057985,0.647279188883663
44,"CV1",9,4,NA,"Group_adjusted","M3","ABR33",25,0.396273013357931,0.546533375570522,1.2023909636362,1.24462149095947
44,"CV1",9,4,NA,"Group_adjusted","M3","JKI",25,0.287960507748538,0.759304911284378,0.5522046952179,0.570298507568228
45,"CV1",9,5,NA,"Group_adjusted","M3","ABR33",25,0.515352975872888,0.512050258419703,1.20600339853397,1.29777774315042
45,"CV1",9,5,NA,"Group_adjusted","M3","JKI",25,0.335120491611687,0.464597988069177,0.688830601926271,0.749418073484912
46,"CV1",10,1,NA,"Group_adjusted","M3","ABR33",25,0.269670885082189,0.483596602094722,1.53915785446789,1.57403199682265
46,"CV1",10,1,NA,"Group_adjusted","M3","JKI",25,0.338490961882027,0.704135566236146,0.564652992036565,0.599157822386057
47,"CV1",10,2,NA,"Group_adjusted","M3","ABR33",25,0.651810098461025,0.668995600888016,1.34255362986499,1.43047759541359
47,"CV1",10,2,NA,"Group_adjusted","M3","JKI",25,0.5510179029812,0.609329914463777,0.800451805508857,0.85162629839621
48,"CV1",10,3,NA,"Group_adjusted","M3","ABR33",25,0.444413743684091,0.43540741677673,1.38903746399464,1.43146011349268
48,"CV1",10,3,NA,"Group_adjusted","M3","JKI",25,0.183204562258439,0.489912438743149,0.56991343039831,0.567668417152234
49,"CV1",10,4,NA,"Group_adjusted","M3","ABR33",25,0.533667534842768,0.789376704487456,0.821699254976186,0.88419027676078
49,"CV1",10,4,NA,"Group_adjusted","M3","JKI",24,0.683213304513414,0.508058378191426,0.733262383317318,0.797049562018072
50,"CV1",10,5,NA,"Group_adjusted","M3","ABR33",25,0.0971853407585772,0.53007568811916,0.886142523580102,0.88785868142893
50,"CV1",10,5,NA,"Group_adjusted","M3","JKI",25,0.408355692461306,0.613878484916004,0.513861988515383,0.560301396911697
51,"CV2",1,1,NA,"Group_adjusted","M3","ABR33",25,0.531399472527777,0.534760901168098,1.5016261065822,1.66670343137493
51,"CV2",1,1,NA,"Group_adjusted","M3","JKI",20,0.385228686707088,0.409664241036665,0.542237007729103,0.586603036664273
52,"CV2",1,2,NA,"Group_adjusted","M3","ABR33",28,0.592614491281509,0.745612073141856,0.908231331348716,1.07495183705979
52,"CV2",1,2,NA,"Group_adjusted","M3","JKI",26,0.305349779846043,0.549034399598415,0.794313260556946,0.715955464648071
53,"CV2",1,3,NA,"Group_adjusted","M3","ABR33",24,0.410989603707409,0.663420834694727,1.19780346490034,1.28127190340351
53,"CV2",1,3,NA,"Group_adjusted","M3","JKI",30,0.496215021187591,0.692488853560152,0.677197506702374,0.770665130485128
54,"CV2",1,4,NA,"Group_adjusted","M3","ABR33",27,0.403970177493079,0.586562211180329,0.994793004313562,1.09758166419946
54,"CV2",1,4,NA,"Group_adjusted","M3","JKI",16,0.700310965033878,0.801214502794837,0.548023503827812,0.760225432992311
55,"CV2",1,5,NA,"Group_adjusted","M3","ABR33",20,0.610504458598916,0.743808149944577,1.10807304413909,1.23815995858731
55,"CV2",1,5,NA,"Group_adjusted","M3","JKI",32,0.565957202601165,0.662301032822707,0.482438623351927,0.582582667228245
56,"CV2",2,1,NA,"Group_adjusted","M3","ABR33",23,0.526866156355241,0.375489533339967,1.31335935374196,1.43445031560065
56,"CV2",2,1,NA,"Group_adjusted","M3","JKI",24,0.801863905601715,0.84873988000149,0.518966990525343,0.72121452764952
57,"CV2",2,2,NA,"Group_adjusted","M3","ABR33",31,0.310952809464668,0.65780666414781,1.19158516811362,1.24951297578381
57,"CV2",2,2,NA,"Group_adjusted","M3","JKI",23,0.41236765952371,0.556461892917012,0.755661380664353,0.76464993298475
58,"CV2",2,3,NA,"Group_adjusted","M3","ABR33",34,0.636002339863924,0.748400331698696,1.11406054244057,1.29351901299749
58,"CV2",2,3,NA,"Group_adjusted","M3","JKI",27,0.416042654822192,0.571790827570723,0.583603367438006,0.637953401566361
59,"CV2",2,4,NA,"Group_adjusted","M3","ABR33",15,0.775326685166748,0.874020574186365,1.21361869752786,1.45745098973458
59,"CV2",2,4,NA,"Group_adjusted","M3","JKI",28,0.0556892647282565,0.324481806358345,0.816264867806659,0.631920343612157
60,"CV2",2,5,NA,"Group_adjusted","M3","ABR33",21,0.307987459122614,0.544453997378407,0.917218380543516,0.942447491670672
60,"CV2",2,5,NA,"Group_adjusted","M3","JKI",22,0.776136022899273,0.809537766772359,0.528569377536901,0.752811859780855
61,"CV2",3,1,NA,"Group_adjusted","M3","ABR33",27,0.336436776181755,0.63593894725916,0.749533814603882,0.799967034318994
61,"CV2",3,1,NA,"Group_adjusted","M3","JKI",24,0.569859835783835,0.538832272898459,0.686284724736876,0.83522179786916
62,"CV2",3,2,NA,"Group_adjusted","M3","ABR33",26,0.286050778809193,0.38341954185511,1.41201732835306,1.47341313518494
62,"CV2",3,2,NA,"Group_adjusted","M3","JKI",26,0.521514498725262,0.705377365348173,0.627349619087399,0.697656309599485
63,"CV2",3,3,NA,"Group_adjusted","M3","ABR33",22,0.571318842189818,0.772758789336929,0.841285054415259,0.96912046841436
63,"CV2",3,3,NA,"Group_adjusted","M3","JKI",31,0.615363831250893,0.783641638694417,0.531137992541894,0.671337488379802
64,"CV2",3,4,NA,"Group_adjusted","M3","ABR33",27,0.627790815274426,0.703710374214551,1.44918961322125,1.61618077191666
64,"CV2",3,4,NA,"Group_adjusted","M3","JKI",25,0.32849931242771,0.478009944378151,0.640642703336106,0.673540560029944
65,"CV2",3,5,NA,"Group_adjusted","M3","ABR33",22,0.582778833968058,0.76397314016307,1.24148402041724,1.43185038236387
65,"CV2",3,5,NA,"Group_adjusted","M3","JKI",18,0.450716272965027,0.460727353203654,0.801309490658041,0.506431949574181
66,"CV2",4,1,NA,"Group_adjusted","M3","ABR33",21,0.359163716165483,0.35138053987796,1.76924123289029,1.83576384328067
66,"CV2",4,1,NA,"Group_adjusted","M3","JKI",26,0.821330532873417,0.884495363867389,0.480413785954185,0.785450044762972
67,"CV2",4,2,NA,"Group_adjusted","M3","ABR33",24,0.601384008841461,0.751252555883425,0.916898858920378,1.07498225255545
67,"CV2",4,2,NA,"Group_adjusted","M3","JKI",35,0.37430434422582,0.49641642255057,0.655432978021511,0.692298297137453
68,"CV2",4,3,NA,"Group_adjusted","M3","ABR33",27,0.6233160364903,0.696101879829601,1.29212896031269,1.48522018425431
68,"CV2",4,3,NA,"Group_adjusted","M3","JKI",18,0.438397772903747,0.695720279229509,0.580212458405238,0.577901298113283
69,"CV2",4,4,NA,"Group_adjusted","M3","ABR33",35,0.577880173567731,0.787948698295544,0.863182987738968,1.00251137264595
69,"CV2",4,4,NA,"Group_adjusted","M3","JKI",19,0.367781636293728,0.463298295529026,0.642774832828311,0.496891397386396
70,"CV2",4,5,NA,"Group_adjusted","M3","ABR33",17,0.604239588156139,0.536200213087879,0.764377095863985,0.88542714372795
70,"CV2",4,5,NA,"Group_adjusted","M3","JKI",26,0.446978197490303,0.527934449228893,0.713161004203624,0.796937991652654
71,"CV2",5,1,NA,"Group_adjusted","M3","ABR33",19,0.814714767359418,0.761974173936857,0.825672628096968,1.11581428916168
71,"CV2",5,1,NA,"Group_adjusted","M3","JKI",34,0.249125815283485,0.512443658656685,0.750820064857885,0.64318625845911
72,"CV2",5,2,NA,"Group_adjusted","M3","ABR33",35,0.374204620456897,0.518542824736482,1.36119165966744,1.43543628797971
72,"CV2",5,2,NA,"Group_adjusted","M3","JKI",27,0.631338600872452,0.729293660651859,0.554058538262755,0.685432430144226
73,"CV2",5,3,NA,"Group_adjusted","M3","ABR33",26,0.489694149043621,0.736635193809112,1.12769219188757,1.24324269908094
73,"CV2",5,3,NA,"Group_adjusted","M3","JKI",22,0.641929865799038,0.788499492012316,0.448100453201045,0.587372551832992
74,"CV2",5,4,NA,"Group_adjusted","M3","ABR33",21,0.827298236440786,0.810457849906115,0.767171069852407,0.976179068459325
74,"CV2",5,4,NA,"Group_adjusted","M3","JKI",26,0.484336717485001,0.599804710663038,0.652696740603456,0.723699463595777
75,"CV2",5,5,NA,"Group_adjusted","M3","ABR33",23,0.374205923980837,0.557545325088096,1.3544457817648,1.43286290458083
75,"CV2",5,5,NA,"Group_adjusted","M3","JKI",15,0.715627053554946,0.42551071346366,0.641990618561271,0.879661144174809
76,"CV2",6,1,NA,"Group_adjusted","M3","ABR33",23,0.343065369391171,0.674836788154902,0.796764008574087,0.853006373857909
76,"CV2",6,1,NA,"Group_adjusted","M3","JKI",25,0.465079224382286,0.422918830593405,0.7404222383964,0.826420488742042
77,"CV2",6,2,NA,"Group_adjusted","M3","ABR33",21,0.543792275689076,0.533830932962023,1.25200086921249,1.36885651326537
77,"CV2",6,2,NA,"Group_adjusted","M3","JKI",30,-0.0249819012903905,0.28877539544967,0.853680485829131,0.674674738950264
78,"CV2",6,3,NA,"Group_adjusted","M3","ABR33",29,0.507079257282595,0.667761899801962,1.25815419073491,1.41607567419629
78,"CV2",6,3,NA,"Group_adjusted","M3","JKI",20,0.767253624456742,0.861289447500691,0.449132874348815,0.665133940989757
79,"CV2",6,4,NA,"Group_adjusted","M3","ABR33",33,0.741324700682411,0.820769267160046,1.03235662802563,1.22319808904512
79,"CV2",6,4,NA,"Group_adjusted","M3","JKI",21,0.648102648153015,0.760365276921037,0.600335206514938,0.71707521258779
80,"CV2",6,5,NA,"Group_adjusted","M3","ABR33",18,0.200386242894699,0.374657477471666,1.51302101073083,1.54854892372153
80,"CV2",6,5,NA,"Group_adjusted","M3","JKI",28,0.700760098395772,0.803310195425401,0.38304814521509,0.570718567580402
81,"CV2",7,1,NA,"Group_adjusted","M3","ABR33",28,0.384659427619238,0.560215088301699,1.47985243071855,1.57129828914939
81,"CV2",7,1,NA,"Group_adjusted","M3","JKI",26,0.728760358675343,0.834150972023139,0.55418360399009,0.778932408900881
82,"CV2",7,2,NA,"Group_adjusted","M3","ABR33",22,0.747587448140136,0.774814133969134,1.31093818571747,1.59086046536781
82,"CV2",7,2,NA,"Group_adjusted","M3","JKI",25,0.0231182724908294,0.3414944972067,0.740442011808404,0.567203603491786
83,"CV2",7,3,NA,"Group_adjusted","M3","ABR33",20,0.655811177364121,0.854718085953716,0.898253349243435,1.02983469463781
83,"CV2",7,3,NA,"Group_adjusted","M3","JKI",28,0.68258692937857,0.547275680550605,0.632788776811259,0.843965131801542
84,"CV2",7,4,NA,"Group_adjusted","M3","ABR33",29,0.533150223979342,0.448670323655746,1.07364176773577,1.19131541994609
84,"CV2",7,4,NA,"Group_adjusted","M3","JKI",22,0.448102330409602,0.662556674425507,0.647182011768168,0.705648611647472
85,"CV2",7,5,NA,"Group_adjusted","M3","ABR33",25,0.255074018821787,0.622212118999455,0.890210621522993,0.920931096740476
85,"CV2",7,5,NA,"Group_adjusted","M3","JKI",23,0.428352647969317,0.341598120776681,0.5830468500999,0.567766708033822
86,"CV2",8,1,NA,"Group_adjusted","M3","ABR33",21,0.613194493806968,0.647645814784168,1.31953091427694,1.42357015123868
86,"CV2",8,1,NA,"Group_adjusted","M3","JKI",23,0.698069702729613,0.673671048871223,0.494557349864821,0.662715938280659
87,"CV2",8,2,NA,"Group_adjusted","M3","ABR33",31,0.680175683485713,0.689147310387059,1.40131029541494,1.58000569088672
87,"CV2",8,2,NA,"Group_adjusted","M3","JKI",22,0.284140969037231,0.375736370253933,0.681491846911731,0.652911598544458
88,"CV2",8,3,NA,"Group_adjusted","M3","ABR33",26,0.0667489266949537,0.534932307042185,0.981900105065629,0.925116116104419
88,"CV2",8,3,NA,"Group_adjusted","M3","JKI",23,0.434946730871448,0.542697775259314,0.747072790322063,0.770774622168993
89,"CV2",8,4,NA,"Group_adjusted","M3","ABR33",24,0.517695996185457,0.616230100683176,0.762767297637218,0.871976368651017
89,"CV2",8,4,NA,"Group_adjusted","M3","JKI",34,0.521567448363114,0.669010742727794,0.633549215243764,0.738155586224723
90,"CV2",8,5,NA,"Group_adjusted","M3","ABR33",22,0.528422389543812,0.510025519286184,1.51531686279352,1.67024107028734
90,"CV2",8,5,NA,"Group_adjusted","M3","JKI",22,0.594977888592217,0.788361367050875,0.475757081086175,0.607094704689363
91,"CV2",9,1,NA,"Group_adjusted","M3","ABR33",28,0.649303402133227,0.632032756075334,0.957850604639118,1.07749909711995
91,"CV2",9,1,NA,"Group_adjusted","M3","JKI",22,0.666271857449102,0.773956252727738,0.619906673871074,0.810229022328849
92,"CV2",9,2,NA,"Group_adjusted","M3","ABR33",16,0.374933096763505,0.602475507097728,1.6256474499947,1.75965157162654
92,"CV2",9,2,NA,"Group_adjusted","M3","JKI",34,0.148461551236382,0.404173929729762,0.781410941541586,0.563213519572306
93,"CV2",9,3,NA,"Group_adjusted","M3","ABR33",19,0.845774063691193,0.643634184298147,1.39971623671079,1.60128836881862
93,"CV2",9,3,NA,"Group_adjusted","M3","JKI",24,0.669870368991507,0.801003417223278,0.575631078073151,0.763099926300899
94,"CV2",9,4,NA,"Group_adjusted","M3","ABR33",33,0.503821732782184,0.68084038652565,1.24492014454954,1.36372135879402
94,"CV2",9,4,NA,"Group_adjusted","M3","JKI",27,0.502000041609051,0.513699615341675,0.73280641884938,0.815320864755832
95,"CV2",9,5,NA,"Group_adjusted","M3","ABR33",28,0.256441986123734,0.5378959322042,0.868906024507773,0.89732584826472
95,"CV2",9,5,NA,"Group_adjusted","M3","JKI",17,0.37750441763707,0.58471795547206,0.472661791326039,0.473601984906847
96,"CV2",10,1,NA,"Group_adjusted","M3","ABR33",16,0.317848516972659,0.657552549832264,1.42910125859673,1.51113828452935
96,"CV2",10,1,NA,"Group_adjusted","M3","JKI",31,0.45862559894622,0.58239155142793,0.6074562502312,0.68494517891395
97,"CV2",10,2,NA,"Group_adjusted","M3","ABR33",21,0.692244326821484,0.831467357145272,0.604302697578122,0.738194628565782
97,"CV2",10,2,NA,"Group_adjusted","M3","JKI",25,0.362399060167688,0.583165635128529,0.753791351668228,0.770504015629478
98,"CV2",10,3,NA,"Group_adjusted","M3","ABR33",31,0.435748577784564,0.65858896855748,0.936004331945457,1.02740907319283
98,"CV2",10,3,NA,"Group_adjusted","M3","JKI",22,0.744161035659672,0.73440495826534,0.547807238076309,0.764359625708577
99,"CV2",10,4,NA,"Group_adjusted","M3","ABR33",27,0.509467581470749,0.644203145201055,1.37597461663908,1.49490243404629
99,"CV2",10,4,NA,"Group_adjusted","M3","JKI",26,0.650311281113304,0.763645979752208,0.499741771533149,0.625274667630803
100,"CV2",10,5,NA,"Group_adjusted","M3","ABR33",29,0.516950527620896,0.46721135405929,1.35030586992858,1.50401758004472
100,"CV2",10,5,NA,"Group_adjusted","M3","JKI",20,0.215672978534855,0.360808209206075,0.742035643190739,0.57308562231578
101,"Sparse25",1,1,0,"Group_adjusted","M3","ABR33",100,0.294285975973431,0.551376344928787,1.35655997039521,1.39056324856236
101,"Sparse25",1,1,0,"Group_adjusted","M3","JKI",99,0.338402918776466,0.571246920160627,0.679849690864644,0.724203829049938
102,"Sparse25",2,1,0,"Group_adjusted","M3","ABR33",100,0.0872959504885308,0.475403466175889,1.5923356970012,1.58658846554521
102,"Sparse25",2,1,0,"Group_adjusted","M3","JKI",99,0.199581755830444,0.510352639975658,0.708480488122779,0.715771809067451
103,"Sparse25",3,1,0,"Group_adjusted","M3","ABR33",100,0.0787065000877587,0.514642196245839,1.38989277684831,1.39401558804519
103,"Sparse25",3,1,0,"Group_adjusted","M3","JKI",99,0.0569515558410207,0.480641391446228,0.762875139601032,0.756693347802613
104,"Sparse25",4,1,0,"Group_adjusted","M3","ABR33",100,0.253597298055878,0.572780631720722,1.20121512992863,1.22418185893834
104,"Sparse25",4,1,0,"Group_adjusted","M3","JKI",99,0.271399285882677,0.545394128011098,0.680747428321204,0.707898053259274
105,"Sparse25",5,1,0,"Group_adjusted","M3","ABR33",100,0.375680825779967,0.590569060264449,1.16467154262206,1.2056203497742
105,"Sparse25",5,1,0,"Group_adjusted","M3","JKI",99,0.235271859308431,0.53786364093031,0.679790627536204,0.689821181066268
106,"Sparse25",6,1,0,"Group_adjusted","M3","ABR33",100,0.365317598839269,0.556127546941742,1.3901774320274,1.43968710636503
106,"Sparse25",6,1,0,"Group_adjusted","M3","JKI",99,0.219524254540599,0.568577195759902,0.633296640751235,0.648384216101665
107,"Sparse25",7,1,0,"Group_adjusted","M3","ABR33",100,0.172704377980107,0.55546267459848,1.22043248088498,1.23820124057753
107,"Sparse25",7,1,0,"Group_adjusted","M3","JKI",99,0.308288901572604,0.516990948847272,0.729644832666034,0.765861568949847
108,"Sparse25",8,1,0,"Group_adjusted","M3","ABR33",100,0.409488721347144,0.58821555890956,1.12351126069206,1.15977903119691
108,"Sparse25",8,1,0,"Group_adjusted","M3","JKI",99,0.24600050190243,0.508196218384301,0.687685630654967,0.700253782202279
109,"Sparse25",9,1,0,"Group_adjusted","M3","ABR33",100,0.0362530471990665,0.509076176332629,1.34506696157633,1.34475900485051
109,"Sparse25",9,1,0,"Group_adjusted","M3","JKI",99,0.124004164707779,0.446083149986811,0.755158578911245,0.75421162994489
110,"Sparse25",10,1,0,"Group_adjusted","M3","ABR33",100,-0.0227816939209509,0.41723412749447,1.52750370347101,1.53210395420218
110,"Sparse25",10,1,0,"Group_adjusted","M3","JKI",99,0.166820462625768,0.486591283106702,0.691252861851825,0.690914636545052
111,"Sparse25",1,1,5,"Group_adjusted","M3","ABR33",100,0.13481542261338,0.468497736701141,1.357924150844,1.36993366517419
111,"Sparse25",1,1,5,"Group_adjusted","M3","JKI",99,0.489566897238347,0.563570589460713,0.707415897733149,0.77650740726923
112,"Sparse25",2,1,5,"Group_adjusted","M3","ABR33",100,0.309709495058782,0.537519555343364,1.29877960828792,1.34203490259444
112,"Sparse25",2,1,5,"Group_adjusted","M3","JKI",99,0.36109681504725,0.578005002913001,0.657637432684043,0.70400080150171
113,"Sparse25",3,1,5,"Group_adjusted","M3","ABR33",100,0.201030562642481,0.493799433997722,1.376897921983,1.39153562526462
113,"Sparse25",3,1,5,"Group_adjusted","M3","JKI",99,0.0518159694907265,0.455329556917147,0.717838836912027,0.716634534389696
114,"Sparse25",4,1,5,"Group_adjusted","M3","ABR33",100,0.307466498791427,0.549823503955095,1.40356449044759,1.43941206582736
114,"Sparse25",4,1,5,"Group_adjusted","M3","JKI",99,0.287857791059387,0.554216472507011,0.63477114791859,0.657178540305232
115,"Sparse25",5,1,5,"Group_adjusted","M3","ABR33",100,0.401798819539394,0.570637397492702,1.17641450816864,1.21777759473883
115,"Sparse25",5,1,5,"Group_adjusted","M3","JKI",99,0.27108374799642,0.404256709701756,0.755059384593959,0.781716398341459
116,"Sparse25",6,1,5,"Group_adjusted","M3","ABR33",100,0.276430409595869,0.419158950271385,1.42695760710853,1.45282284858795
116,"Sparse25",6,1,5,"Group_adjusted","M3","JKI",99,0.240020630335675,0.516668050080768,0.69532555200878,0.735811915997745
117,"Sparse25",7,1,5,"Group_adjusted","M3","ABR33",100,0.266992989396329,0.59804740201835,1.32710764129466,1.35344513604783
117,"Sparse25",7,1,5,"Group_adjusted","M3","JKI",99,0.358748052028471,0.560696032938179,0.649491122378048,0.688509778995139
118,"Sparse25",8,1,5,"Group_adjusted","M3","ABR33",100,0.273435006023037,0.569032602495658,1.18217071070677,1.21165762114517
118,"Sparse25",8,1,5,"Group_adjusted","M3","JKI",99,0.314539004009593,0.552677183729102,0.665095954040414,0.700942880600964
119,"Sparse25",9,1,5,"Group_adjusted","M3","ABR33",100,0.24334486915428,0.483051510099301,1.39850142265422,1.41861421641549
119,"Sparse25",9,1,5,"Group_adjusted","M3","JKI",99,0.176541451393816,0.516579031295669,0.715334212422939,0.728835836878984
120,"Sparse25",10,1,5,"Group_adjusted","M3","ABR33",100,0.219764491823146,0.554116393468202,1.22646236294062,1.24638278016473
120,"Sparse25",10,1,5,"Group_adjusted","M3","JKI",99,0.213730331824472,0.529455084967839,0.793589861308534,0.794776443639502
121,"Sparse25",1,1,10,"Group_adjusted","M3","ABR33",100,0.326657086415414,0.543932526707182,1.46899712063167,1.50392381299934
121,"Sparse25",1,1,10,"Group_adjusted","M3","JKI",99,0.368645464776178,0.536222222423638,0.649810051856438,0.690104466404059
122,"Sparse25",2,1,10,"Group_adjusted","M3","ABR33",100,0.0987008098746384,0.431665795973168,1.39381945446659,1.39469809248468
122,"Sparse25",2,1,10,"Group_adjusted","M3","JKI",99,0.0637688996253226,0.072388350445622,0.889584091288063,0.865293529152213
123,"Sparse25",3,1,10,"Group_adjusted","M3","ABR33",100,0.237943116381594,0.526831818042173,1.33052982314102,1.3510939124733
123,"Sparse25",3,1,10,"Group_adjusted","M3","JKI",99,0.0593446481416774,0.405389082945077,0.704477969131546,0.697374322203973
124,"Sparse25",4,1,10,"Group_adjusted","M3","ABR33",100,0.32884970549573,0.539246819469889,1.38313311395603,1.40926510388832
124,"Sparse25",4,1,10,"Group_adjusted","M3","JKI",99,0.223181918311382,0.525061783405161,0.673489774918086,0.681807899526474
125,"Sparse25",5,1,10,"Group_adjusted","M3","ABR33",100,0.081116574948918,0.495480851973898,1.2672454110267,1.26920157647531
125,"Sparse25",5,1,10,"Group_adjusted","M3","JKI",99,0.177036607063635,0.520210719721938,0.735665329331408,0.755790042562257
126,"Sparse25",6,1,10,"Group_adjusted","M3","ABR33",100,0.43546804743269,0.344790069306624,1.5085349694226,1.5367666835222
126,"Sparse25",6,1,10,"Group_adjusted","M3","JKI",99,0.303555874839385,0.516775260429462,0.731717298949429,0.76386377633294
127,"Sparse25",7,1,10,"Group_adjusted","M3","ABR33",100,0.169733500524134,0.567342914464148,1.2584684009991,1.27290499667962
127,"Sparse25",7,1,10,"Group_adjusted","M3","JKI",99,0.284145405791775,0.489882073096404,0.729490170903334,0.788112889762657
128,"Sparse25",8,1,10,"Group_adjusted","M3","ABR33",100,0.342635865139795,0.533139847895241,1.26579265098198,1.29352666039123
128,"Sparse25",8,1,10,"Group_adjusted","M3","JKI",99,0.18688082249196,0.465432311782531,0.738435889825107,0.759413736076824
129,"Sparse25",9,1,10,"Group_adjusted","M3","ABR33",100,0.345994323411561,0.520106814768885,1.38991083281325,1.41212706394315
129,"Sparse25",9,1,10,"Group_adjusted","M3","JKI",99,0.172118842955691,0.52274420116757,0.733014413843014,0.740597977554349
130,"Sparse25",10,1,10,"Group_adjusted","M3","ABR33",100,-0.0114980734383422,0.52731247983833,1.23390629749327,1.22663236000746
130,"Sparse25",10,1,10,"Group_adjusted","M3","JKI",99,0.210310660862111,0.493252311354095,0.746236069335239,0.738989528375964
131,"Sparse25",1,1,15,"Group_adjusted","M3","ABR33",100,0.304445600348634,0.551073941588822,1.31191549186849,1.33344467318959
131,"Sparse25",1,1,15,"Group_adjusted","M3","JKI",99,0.0151390194760412,0.130927033630898,0.842531488927007,0.851862949409806
132,"Sparse25",2,1,15,"Group_adjusted","M3","ABR33",100,0.312907303850868,0.53218779401352,1.4194919359708,1.45665584457414
132,"Sparse25",2,1,15,"Group_adjusted","M3","JKI",99,0.0892381277768404,0.479399810154963,0.71857868581389,0.712484322817666
133,"Sparse25",3,1,15,"Group_adjusted","M3","ABR33",100,0.202874353946486,0.593431355522112,1.28576709417896,1.30398403984197
133,"Sparse25",3,1,15,"Group_adjusted","M3","JKI",99,0.170406182211494,0.519273242043734,0.725036287013494,0.748379722022791
134,"Sparse25",4,1,15,"Group_adjusted","M3","ABR33",100,0.26941989292619,0.552810156203837,1.27953435247143,1.3020588694742
134,"Sparse25",4,1,15,"Group_adjusted","M3","JKI",99,0.216751959022574,0.531026712172719,0.692184580569823,0.712117810920328
135,"Sparse25",5,1,15,"Group_adjusted","M3","ABR33",100,0.15818286689242,0.458444502253913,1.3612475010176,1.36875165109941
135,"Sparse25",5,1,15,"Group_adjusted","M3","JKI",99,0.248764631447395,0.461770295276458,0.717378434869568,0.712976875517033
136,"Sparse25",6,1,15,"Group_adjusted","M3","ABR33",100,0.134546805298405,0.508470718489318,1.31255728848781,1.32144642431705
136,"Sparse25",6,1,15,"Group_adjusted","M3","JKI",99,0.16310091833001,0.515996934472747,0.698580484754641,0.705092909989502
137,"Sparse25",7,1,15,"Group_adjusted","M3","ABR33",100,0.391988026897335,0.534950786420292,1.38173755928947,1.40469831471734
137,"Sparse25",7,1,15,"Group_adjusted","M3","JKI",99,0.0859106511189378,0.269491314368929,0.819456544503977,0.813718630397939
138,"Sparse25",8,1,15,"Group_adjusted","M3","ABR33",100,0.252501296562108,0.5724913033416,1.33921337558641,1.35260953574176
138,"Sparse25",8,1,15,"Group_adjusted","M3","JKI",99,0.326121947845428,0.540536185581559,0.700969359644913,0.727192968714682
139,"Sparse25",9,1,15,"Group_adjusted","M3","ABR33",100,0.204244938791804,0.549550454166139,1.28341126889481,1.30371702748398
139,"Sparse25",9,1,15,"Group_adjusted","M3","JKI",99,0.132113188481784,0.514520141415749,0.706531882172015,0.678761677823323
140,"Sparse25",10,1,15,"Group_adjusted","M3","ABR33",100,0.164346914153187,0.574326904233046,1.26934958416792,1.27876763268121
140,"Sparse25",10,1,15,"Group_adjusted","M3","JKI",99,0.236849561119741,0.556145491145736,0.67778718092745,0.694750378215929
141,"Sparse25",1,1,20,"Group_adjusted","M3","ABR33",100,0.300232854386006,0.548330282724326,1.30431770288401,1.3164626216248
141,"Sparse25",1,1,20,"Group_adjusted","M3","JKI",99,0.190570298892532,0.524943883174181,0.731028143764849,0.75727005695836
142,"Sparse25",2,1,20,"Group_adjusted","M3","ABR33",100,0.219123561742845,0.557994142783852,1.27208686696076,1.28417800451443
142,"Sparse25",2,1,20,"Group_adjusted","M3","JKI",99,-0.0309036548596174,0.437995364563216,0.791703882153614,0.79207412991906
143,"Sparse25",3,1,20,"Group_adjusted","M3","ABR33",100,0.176701709066132,0.502961749516983,1.35311797584113,1.36687057049877
143,"Sparse25",3,1,20,"Group_adjusted","M3","JKI",99,0.299873809878971,0.509368723414659,0.667044346885784,0.706993508482985
144,"Sparse25",4,1,20,"Group_adjusted","M3","ABR33",100,0.188728629791416,0.430713069573508,1.47439338342179,1.48380823446897
144,"Sparse25",4,1,20,"Group_adjusted","M3","JKI",99,0.136836910299356,0.491350785474321,0.74995270295105,0.780584403334075
145,"Sparse25",5,1,20,"Group_adjusted","M3","ABR33",100,0.252814153738386,0.531483582387298,1.36553819269251,1.3777151323545
145,"Sparse25",5,1,20,"Group_adjusted","M3","JKI",99,0.292077561084121,0.569507055802785,0.72831507376336,0.750866135187357
146,"Sparse25",6,1,20,"Group_adjusted","M3","ABR33",100,0.0892604789693575,0.527930502194635,1.26221475647616,1.2694877731619
146,"Sparse25",6,1,20,"Group_adjusted","M3","JKI",99,0.253379817427481,0.479130418585915,0.732419579286682,0.744011840148182
147,"Sparse25",7,1,20,"Group_adjusted","M3","ABR33",100,0.540249052276628,0.63097400702292,1.09523489401832,1.14332011519477
147,"Sparse25",7,1,20,"Group_adjusted","M3","JKI",99,0.15816480087026,0.495846776750525,0.675888066449336,0.679641041040298
148,"Sparse25",8,1,20,"Group_adjusted","M3","ABR33",100,0.236572870823908,0.560521657433763,1.25916930312224,1.27813075838621
148,"Sparse25",8,1,20,"Group_adjusted","M3","JKI",99,0.248818593203042,0.592362138085512,0.654790516931244,0.671581549450383
149,"Sparse25",9,1,20,"Group_adjusted","M3","ABR33",100,0.340367078374737,0.555837880695245,1.17609699075462,1.20347747232967
149,"Sparse25",9,1,20,"Group_adjusted","M3","JKI",99,0.0319347390174773,0.513157341812611,0.694178985317006,0.676703227321545
150,"Sparse25",10,1,20,"Group_adjusted","M3","ABR33",100,0.368502624085681,0.504601195090438,1.36356856274693,1.40139828313175
150,"Sparse25",10,1,20,"Group_adjusted","M3","JKI",99,0.393250954923042,0.565451478396039,0.742061493714376,0.791691332022862
151,"Sparse25",1,1,25,"Group_adjusted","M3","ABR33",100,0.173645840319348,0.505859714870716,1.3497452702985,1.36054008863453
151,"Sparse25",1,1,25,"Group_adjusted","M3","JKI",99,0.210454008339223,0.519340787016672,0.673985555900161,0.684957332771178
152,"Sparse25",2,1,25,"Group_adjusted","M3","ABR33",100,0.18071200677211,0.45788399067934,1.47173120225455,1.4843125135506
152,"Sparse25",2,1,25,"Group_adjusted","M3","JKI",99,0.281539920830939,0.48638166009371,0.762967075089092,0.779989902735398
153,"Sparse25",3,1,25,"Group_adjusted","M3","ABR33",100,0.315765504308007,0.524861462961029,1.44070239022776,1.45023235334256
153,"Sparse25",3,1,25,"Group_adjusted","M3","JKI",99,0.169993814634941,0.524197240147544,0.689828205910745,0.693296313634155
154,"Sparse25",4,1,25,"Group_adjusted","M3","ABR33",100,0.152981727338114,0.536666606399341,1.4110518004044,1.41226501326867
154,"Sparse25",4,1,25,"Group_adjusted","M3","JKI",99,0.245411932116855,0.525552026786561,0.702700095239413,0.709826610567392
155,"Sparse25",5,1,25,"Group_adjusted","M3","ABR33",100,0.256144902738272,0.568314598793559,1.26035829268945,1.28372298708223
155,"Sparse25",5,1,25,"Group_adjusted","M3","JKI",99,0.352344164707724,0.510895725617831,0.648504812427714,0.673598397089302
156,"Sparse25",6,1,25,"Group_adjusted","M3","ABR33",100,0.34454284424694,0.520416776392706,1.28972700453775,1.31236128367881
156,"Sparse25",6,1,25,"Group_adjusted","M3","JKI",99,0.451733378518709,0.557577205097269,0.631576238091859,0.671727539431805
157,"Sparse25",7,1,25,"Group_adjusted","M3","ABR33",100,0.0747047337514831,0.446718061900548,1.38343223648051,1.38697980472172
157,"Sparse25",7,1,25,"Group_adjusted","M3","JKI",99,0.454049925638399,0.4651098436808,0.758856044522586,0.772547563331593
158,"Sparse25",8,1,25,"Group_adjusted","M3","ABR33",100,0.275791541075835,0.545280861730093,1.27435651987221,1.28623883218167
158,"Sparse25",8,1,25,"Group_adjusted","M3","JKI",99,0.400211426643583,0.51393188876628,0.686965740649444,0.697343481050963
159,"Sparse25",9,1,25,"Group_adjusted","M3","ABR33",100,0.304464506666075,0.527746700017358,1.37235208129407,1.3892300658827
159,"Sparse25",9,1,25,"Group_adjusted","M3","JKI",99,0.258793696493422,0.424913338176097,0.79209105918306,0.813336128684358
160,"Sparse25",10,1,25,"Group_adjusted","M3","ABR33",100,0.0821467363836986,0.517765695287239,1.28869742643875,1.29221977128557
160,"Sparse25",10,1,25,"Group_adjusted","M3","JKI",99,0.178571332582991,0.506636592234147,0.736556800596375,0.738935383994134
