"scheme","rep","overlap","target","model","Environment","n","PA_target","PA_raw","PA_within_pooled","RMSE_raw","RMSE_group_only"
"CV1",1,NA,"Group_adjusted","M1","ABR33",125,NA,NA,NA,1.31930651745148,1.31960866918946
"CV1",1,NA,"Group_adjusted","M1","JKI",124,NA,NA,NA,0.693851637054535,0.694487470561075
"CV1",1,NA,"Group_adjusted","M2","ABR33",125,0.23854150131551,0.50137789473952,-0.206078581451976,1.30017850895028,1.31960866918946
"CV1",1,NA,"Group_adjusted","M2","JKI",124,0.410445378010251,0.535190800663268,0.179528246108272,0.661665557914954,0.694487470561075
"CV1",1,NA,"Group_adjusted","M3","ABR33",125,0.182475073421775,0.50217025204687,-0.12350562796166,1.30030444415683,1.31960866918946
"CV1",1,NA,"Group_adjusted","M3","JKI",124,0.412835437229881,0.552958004164243,0.244800455980016,0.65292344466331,0.694487470561075
"CV1",1,NA,"Raw","M1","ABR33",125,NA,NA,NA,1.51686409704341,1.31960866918946
"CV1",1,NA,"Raw","M1","JKI",124,NA,NA,NA,0.794704119832536,0.694487470561075
"CV1",1,NA,"Raw","M2","ABR33",125,0.394684306683285,0.394684306683285,-0.0371209455998176,1.40371963553217,1.31960866918946
"CV1",1,NA,"Raw","M2","JKI",124,0.244165971737908,0.244165971737908,0.0860315879393172,0.770383061481668,0.694487470561075
"CV1",1,NA,"Raw","M3","ABR33",125,0.394462010858588,0.394462010858588,-0.0419044464999655,1.37890729802385,1.31960866918946
"CV1",1,NA,"Raw","M3","JKI",124,0.428709433362771,0.428709433362771,0.194012868805448,0.720992681509106,0.694487470561075
"CV1",2,NA,"Group_adjusted","M1","ABR33",125,NA,NA,NA,1.27278697665999,1.27289607031925
"CV1",2,NA,"Group_adjusted","M1","JKI",124,NA,NA,NA,0.685414338004692,0.684855637843154
"CV1",2,NA,"Group_adjusted","M2","ABR33",125,0.35123600652056,0.561058500848196,0.182595413562991,1.24202915013278,1.27289607031925
"CV1",2,NA,"Group_adjusted","M2","JKI",124,0.487198377539793,0.572203851269903,0.363485002324462,0.643176318483057,0.684855637843154
"CV1",2,NA,"Group_adjusted","M3","ABR33",125,0.377863770382092,0.580812712908185,0.289067919961083,1.22184582525736,1.27289607031925
"CV1",2,NA,"Group_adjusted","M3","JKI",124,0.484498791361576,0.594483031996815,0.398800751369279,0.631573412548,0.684855637843154
"CV1",2,NA,"Raw","M1","ABR33",125,NA,NA,NA,1.5056216221558,1.27289607031925
"CV1",2,NA,"Raw","M1","JKI",124,NA,NA,NA,0.791110543374241,0.684855637843154
"CV1",2,NA,"Raw","M2","ABR33",125,0.534701349564182,0.534701349564182,0.249621024666632,1.35380221421173,1.27289607031925
"CV1",2,NA,"Raw","M2","JKI",124,0.365709512475429,0.365709512475429,0.33512217519158,0.729879562354431,0.684855637843154
"CV1",2,NA,"Raw","M3","ABR33",125,0.516227851502603,0.516227851502603,0.262569017365158,1.2973295441004,1.27289607031925
"CV1",2,NA,"Raw","M3","JKI",124,0.596166173006833,0.596166173006833,0.410824332421812,0.676085884023436,0.684855637843154
"CV1",3,NA,"Group_adjusted","M1","ABR33",125,NA,NA,NA,1.29191326167817,1.2920138565021
"CV1",3,NA,"Group_adjusted","M1","JKI",124,NA,NA,NA,0.696437072221253,0.696131359646723
"CV1",3,NA,"Group_adjusted","M2","ABR33",125,0.416762815679773,0.549217537647406,0.0741385439603262,1.25360072304457,1.2920138565021
"CV1",3,NA,"Group_adjusted","M2","JKI",124,0.513031340029396,0.557005069092917,0.288734271861995,0.650561641253187,0.696131359646723
"CV1",3,NA,"Group_adjusted","M3","ABR33",125,0.442488168521699,0.570919090162328,0.215744694198384,1.23181274952053,1.2920138565021
"CV1",3,NA,"Group_adjusted","M3","JKI",124,0.498944386412907,0.575587070736729,0.337359508756816,0.64089626799294,0.696131359646723
"CV1",3,NA,"Raw","M1","ABR33",125,NA,NA,NA,1.52907018865143,1.2920138565021
"CV1",3,NA,"Raw","M1","JKI",124,NA,NA,NA,0.796961793213602,0.696131359646723
"CV1",3,NA,"Raw","M2","ABR33",125,0.502191730619651,0.502191730619651,0.157739470484813,1.36598319473567,1.2920138565021
"CV1",3,NA,"Raw","M2","JKI",124,0.353469044482467,0.353469044482467,0.273412923557616,0.734244622659436,0.696131359646723
"CV1",3,NA,"Raw","M3","ABR33",125,0.517729484412254,0.517729484412254,0.22709498079434,1.29835263965414,1.2920138565021
"CV1",3,NA,"Raw","M3","JKI",124,0.556819721375572,0.556819721375572,0.342291434713797,0.686512252706827,0.696131359646723
"CV1",4,NA,"Group_adjusted","M1","ABR33",125,NA,NA,NA,1.3001497755943,1.3000908117553
"CV1",4,NA,"Group_adjusted","M1","JKI",124,NA,NA,NA,0.691445844665313,0.691235799920813
"CV1",4,NA,"Group_adjusted","M2","ABR33",125,0.296254620060331,0.528073445095026,-0.0727027764233742,1.27464391584033,1.3000908117553
"CV1",4,NA,"Group_adjusted","M2","JKI",124,0.433318213568924,0.546785747157882,0.233779740391466,0.655350929161011,0.691235799920813
"CV1",4,NA,"Group_adjusted","M3","ABR33",125,0.315817678401407,0.543597289494294,0.059351433055286,1.25958455995875,1.3000908117553
"CV1",4,NA,"Group_adjusted","M3","JKI",124,0.473307240850668,0.573682726309081,0.328302028845213,0.641887922660006,0.691235799920813
"CV1",4,NA,"Raw","M1","ABR33",125,NA,NA,NA,1.509755595571,1.3000908117553
"CV1",4,NA,"Raw","M1","JKI",124,NA,NA,NA,0.790488506770439,0.691235799920813
"CV1",4,NA,"Raw","M2","ABR33",125,0.511409503860896,0.511409503860896,0.154927076487508,1.36131056505464,1.3000908117553
"CV1",4,NA,"Raw","M2","JKI",124,0.349084951406833,0.349084951406833,0.239932340702958,0.735504627930684,0.691235799920813
"CV1",4,NA,"Raw","M3","ABR33",125,0.495737108733541,0.495737108733541,0.160417016312149,1.31181952290298,1.3000908117553
"CV1",4,NA,"Raw","M3","JKI",124,0.571456806769446,0.571456806769446,0.35333493694985,0.685655214564757,0.691235799920813
"CV1",5,NA,"Group_adjusted","M1","ABR33",125,NA,NA,NA,1.28396335781465,1.28382471265377
"CV1",5,NA,"Group_adjusted","M1","JKI",124,NA,NA,NA,0.682542624104595,0.682376291784664
"CV1",5,NA,"Group_adjusted","M2","ABR33",125,0.314530050752704,0.546131326423169,0.0554940278534076,1.25661165788799,1.28382471265377
"CV1",5,NA,"Group_adjusted","M2","JKI",124,0.407435737892827,0.559404029308996,0.295061389678468,0.648888561117844,0.682376291784664
"CV1",5,NA,"Group_adjusted","M3","ABR33",125,0.350453907026617,0.564476723892149,0.173181946952622,1.23825645692759,1.28382471265377
"CV1",5,NA,"Group_adjusted","M3","JKI",124,0.440983005227798,0.583440288791229,0.362527165684005,0.63666186455759,0.682376291784664
"CV1",5,NA,"Raw","M1","ABR33",125,NA,NA,NA,1.51220648402038,1.28382471265377
"CV1",5,NA,"Raw","M1","JKI",124,NA,NA,NA,0.786411848009311,0.682376291784664
"CV1",5,NA,"Raw","M2","ABR33",125,0.513618521427557,0.513618521427557,0.190995045282198,1.3603911467964,1.28382471265377
"CV1",5,NA,"Raw","M2","JKI",124,0.355715948387347,0.355715948387347,0.266869984122534,0.733463660252723,0.682376291784664
"CV1",5,NA,"Raw","M3","ABR33",125,0.517160573310511,0.517160573310511,0.236013361375849,1.29768840530066,1.28382471265377
"CV1",5,NA,"Raw","M3","JKI",124,0.569060266012665,0.569060266012665,0.366554780945689,0.684895601427072,0.682376291784664
"CV1",6,NA,"Group_adjusted","M1","ABR33",125,NA,NA,NA,1.30593120529347,1.30582846374185
"CV1",6,NA,"Group_adjusted","M1","JKI",124,NA,NA,NA,0.695728155118962,0.695307096103581
"CV1",6,NA,"Group_adjusted","M2","ABR33",125,0.291814158527365,0.522207679861092,-0.100556400640922,1.28016294483088,1.30582846374185
"CV1",6,NA,"Group_adjusted","M2","JKI",124,0.440972634520273,0.542927970079034,0.217803317513469,0.657294566183956,0.695307096103581
"CV1",6,NA,"Group_adjusted","M3","ABR33",125,0.305948167044289,0.537031145461067,0.0251636690063104,1.2660538442497,1.30582846374185
"CV1",6,NA,"Group_adjusted","M3","JKI",124,0.463751605159136,0.570059368610425,0.308089065963875,0.64345665491435,0.695307096103581
"CV1",6,NA,"Raw","M1","ABR33",125,NA,NA,NA,1.50373963725946,1.30582846374185
"CV1",6,NA,"Raw","M1","JKI",124,NA,NA,NA,0.789531734902232,0.695307096103581
"CV1",6,NA,"Raw","M2","ABR33",125,0.490825727680941,0.490825727680941,0.116344627020651,1.36724263606193,1.30582846374185
"CV1",6,NA,"Raw","M2","JKI",124,0.35193997321346,0.35193997321346,0.233282871800126,0.734536880357104,0.695307096103581
"CV1",6,NA,"Raw","M3","ABR33",125,0.479510564577454,0.479510564577454,0.113595852230634,1.32205584698755,1.30582846374185
"CV1",6,NA,"Raw","M3","JKI",124,0.573964463239238,0.573964463239238,0.36814526108011,0.679928929401787,0.695307096103581
"CV1",7,NA,"Group_adjusted","M1","ABR33",125,NA,NA,NA,1.31506386557435,1.31451852560364
"CV1",7,NA,"Group_adjusted","M1","JKI",124,NA,NA,NA,0.725504758783317,0.725381428963313
"CV1",7,NA,"Group_adjusted","M2","ABR33",125,0.408163606235842,0.524622959524048,-0.0830962207258916,1.27751643063853,1.31451852560364
"CV1",7,NA,"Group_adjusted","M2","JKI",124,0.41962543635168,0.473308833233053,-0.0683207165026206,0.689984064042898,0.725381428963313
"CV1",7,NA,"Group_adjusted","M3","ABR33",125,0.431965554925382,0.550186727437874,0.0948270053062217,1.25270150503053,1.31451852560364
"CV1",7,NA,"Group_adjusted","M3","JKI",124,0.458865585783474,0.501522492605278,0.0540762542613082,0.677412088356519,0.725381428963313
"CV1",7,NA,"Raw","M1","ABR33",125,NA,NA,NA,1.51822668834746,1.31451852560364
"CV1",7,NA,"Raw","M1","JKI",124,NA,NA,NA,0.789276428672094,0.725381428963313
"CV1",7,NA,"Raw","M2","ABR33",125,0.469310526572419,0.469310526572419,0.111220632941545,1.37601292696728,1.31451852560364
"CV1",7,NA,"Raw","M2","JKI",124,0.272337933915085,0.272337933915085,0.122950069246605,0.761068874777445,0.725381428963313
"CV1",7,NA,"Raw","M3","ABR33",125,0.493366173172189,0.493366173172189,0.186803352230848,1.31328708636335,1.31451852560364
"CV1",7,NA,"Raw","M3","JKI",124,0.490465149706382,0.490465149706382,0.252817422784205,0.707518070213017,0.725381428963313
"CV1",8,NA,"Group_adjusted","M1","ABR33",125,NA,NA,NA,1.2781020523373,1.27842792462598
"CV1",8,NA,"Group_adjusted","M1","JKI",124,NA,NA,NA,0.693078726416466,0.693356620556432
"CV1",8,NA,"Group_adjusted","M2","ABR33",125,0.270491538707557,0.549342652239338,0.0774783061154478,1.25346977814941,1.27842792462598
"CV1",8,NA,"Group_adjusted","M2","JKI",124,0.398631378710074,0.54223105577791,0.212840975703351,0.657760322949785,0.693356620556432
"CV1",8,NA,"Group_adjusted","M3","ABR33",125,0.334419794881634,0.5698365726668,0.20305014433066,1.23271214162515,1.27842792462598
"CV1",8,NA,"Group_adjusted","M3","JKI",124,0.419456035228737,0.560625262713268,0.276049382303883,0.648339114006841,0.693356620556432
"CV1",8,NA,"Raw","M1","ABR33",125,NA,NA,NA,1.52414628275117,1.27842792462598
"CV1",8,NA,"Raw","M1","JKI",124,NA,NA,NA,0.787707128476121,0.693356620556432
"CV1",8,NA,"Raw","M2","ABR33",125,0.5018300634423,0.5018300634423,0.18013761898759,1.36736259032388,1.27842792462598
"CV1",8,NA,"Raw","M2","JKI",124,0.346810503132786,0.346810503132786,0.274216924515872,0.736559233461648,0.693356620556432
"CV1",8,NA,"Raw","M3","ABR33",125,0.522053269292711,0.522053269292711,0.239057153940498,1.29498244662252,1.27842792462598
"CV1",8,NA,"Raw","M3","JKI",124,0.537102254861902,0.537102254861902,0.323467104271425,0.691448371312545,0.693356620556432
"CV1",9,NA,"Group_adjusted","M1","ABR33",125,NA,NA,NA,1.29109106455114,1.2909654871419
"CV1",9,NA,"Group_adjusted","M1","JKI",124,NA,NA,NA,0.7075295622742,0.707575792131229
"CV1",9,NA,"Group_adjusted","M2","ABR33",125,0.431715168009647,0.550610892837983,0.0847202557757484,1.25221687431964,1.2909654871419
"CV1",9,NA,"Group_adjusted","M2","JKI",124,0.466415187820724,0.521338650800526,0.116167469966997,0.668037389843052,0.707575792131229
"CV1",9,NA,"Group_adjusted","M3","ABR33",125,0.491757473794786,0.581416388251158,0.280364496560868,1.22068912770556,1.2909654871419
"CV1",9,NA,"Group_adjusted","M3","JKI",124,0.409253213004118,0.525615067453083,0.142633023370999,0.665960814206597,0.707575792131229
"CV1",9,NA,"Raw","M1","ABR33",125,NA,NA,NA,1.50680816020292,1.2909654871419
"CV1",9,NA,"Raw","M1","JKI",124,NA,NA,NA,0.789073646111861,0.707575792131229
"CV1",9,NA,"Raw","M2","ABR33",125,0.541758923807509,0.541758923807509,0.252138124184038,1.35132101565495,1.2909654871419
"CV1",9,NA,"Raw","M2","JKI",124,0.325105662048621,0.325105662048621,0.200723764325543,0.744255289149075,0.707575792131229
"CV1",9,NA,"Raw","M3","ABR33",125,0.548297472681867,0.548297472681867,0.318464402151248,1.27619226117626,1.2909654871419
"CV1",9,NA,"Raw","M3","JKI",124,0.485041917317433,0.485041917317433,0.227774730234333,0.705869027460696,0.707575792131229
"CV1",10,NA,"Group_adjusted","M1","ABR33",125,NA,NA,NA,1.27624900107298,1.2761666363159
"CV1",10,NA,"Group_adjusted","M1","JKI",124,NA,NA,NA,0.684765726765273,0.685435907276499
"CV1",10,NA,"Group_adjusted","M2","ABR33",125,0.330248745376554,0.55663917080263,0.137904075698625,1.24620340382127,1.2761666363159
"CV1",10,NA,"Group_adjusted","M2","JKI",124,0.385453918958721,0.551756800444016,0.256612992612187,0.652999702687599,0.685435907276499
"CV1",10,NA,"Group_adjusted","M3","ABR33",125,0.343614908678858,0.57272655034872,0.23309529082753,1.2297414739806,1.2761666363159
"CV1",10,NA,"Group_adjusted","M3","JKI",124,0.395212353120092,0.566765805838075,0.295420105107448,0.645171009091878,0.685435907276499
"CV1",10,NA,"Raw","M1","ABR33",125,NA,NA,NA,1.51633895390198,1.2761666363159
"CV1",10,NA,"Raw","M1","JKI",124,NA,NA,NA,0.792766306478101,0.685435907276499
"CV1",10,NA,"Raw","M2","ABR33",125,0.547300327584254,0.547300327584254,0.251881448322703,1.3500492127698,1.2761666363159
"CV1",10,NA,"Raw","M2","JKI",124,0.343246281994565,0.343246281994565,0.230449585161841,0.738068502869561,0.685435907276499
"CV1",10,NA,"Raw","M3","ABR33",125,0.544426521346259,0.544426521346259,0.277498954016262,1.2791542410935,1.2761666363159
"CV1",10,NA,"Raw","M3","JKI",124,0.532628886953085,0.532628886953085,0.294021293623202,0.688348509285879,0.685435907276499
"CV2",1,NA,"Group_adjusted","M1","ABR33",124,0.440607777349957,0.599024280699928,0.320555655594373,1.20637180370969,1.28386137532548
"CV2",1,NA,"Group_adjusted","M1","JKI",124,0.43055791558028,0.608792781575684,0.405761426423571,0.627290562798283,0.684713078952785
"CV2",1,NA,"Group_adjusted","M2","ABR33",124,0.470780059340119,0.629576261872225,0.395630723669036,1.17146774736699,1.28386137532548
"CV2",1,NA,"Group_adjusted","M2","JKI",124,0.450642930902,0.603169428403786,0.434202286263869,0.656401847083806,0.684713078952785
"CV2",1,NA,"Group_adjusted","M3","ABR33",124,0.519028276369901,0.644534466377709,0.447755583574007,1.15415954412409,1.28386137532548
"CV2",1,NA,"Group_adjusted","M3","JKI",124,0.478778624733036,0.628096856777591,0.460307362083599,0.624084922225276,0.684713078952785
"CV2",1,NA,"Raw","M1","ABR33",124,0.508957728363215,0.508957728363215,0.410497358002386,1.3802018392427,1.28386137532548
"CV2",1,NA,"Raw","M1","JKI",124,0.53620165962886,0.53620165962886,0.424762566142131,0.682246600063202,0.684713078952785
"CV2",1,NA,"Raw","M2","ABR33",124,0.636238081574654,0.636238081574654,0.442605085555962,1.26494588533193,1.28386137532548
"CV2",1,NA,"Raw","M2","JKI",124,0.539409167313907,0.539409167313907,0.435146509912813,0.766327885674673,0.684713078952785
"CV2",1,NA,"Raw","M3","ABR33",124,0.6409672939363,0.6409672939363,0.453019161523326,1.18978976427471,1.28386137532548
"CV2",1,NA,"Raw","M3","JKI",124,0.599862492259993,0.599862492259993,0.461757736342403,0.657250606627655,0.684713078952785
"CV2",2,NA,"Group_adjusted","M1","ABR33",124,0.409589097742615,0.597085303860292,0.312688199897468,1.20883551256332,1.27989721328075
"CV2",2,NA,"Group_adjusted","M1","JKI",124,0.388005125450295,0.562511774439983,0.33922542483066,0.662496799993665,0.698899303876385
"CV2",2,NA,"Group_adjusted","M2","ABR33",124,0.468441815564002,0.632073704016359,0.40434258287332,1.16961614504092,1.27989721328075
"CV2",2,NA,"Group_adjusted","M2","JKI",124,0.440472655192849,0.581628084198099,0.406855524368228,0.674957780102136,0.698899303876385
"CV2",2,NA,"Group_adjusted","M3","ABR33",124,0.504130014937897,0.643681856017377,0.441833512252563,1.15579783924945,1.27989721328075
"CV2",2,NA,"Group_adjusted","M3","JKI",124,0.44237434303862,0.584699058091329,0.404110655611685,0.657438583070526,0.698899303876385
"CV2",2,NA,"Raw","M1","ABR33",124,0.532629667147186,0.532629667147186,0.420741706765121,1.37111132905649,1.27989721328075
"CV2",2,NA,"Raw","M1","JKI",124,0.49957500327623,0.49957500327623,0.404008122026039,0.704599754979954,0.698899303876385
"CV2",2,NA,"Raw","M2","ABR33",124,0.652158776708148,0.652158776708148,0.46664843775017,1.25484078582382,1.27989721328075
"CV2",2,NA,"Raw","M2","JKI",124,0.529964334576567,0.529964334576567,0.434701576165777,0.768689566224929,0.698899303876385
"CV2",2,NA,"Raw","M3","ABR33",124,0.65295231872014,0.65295231872014,0.462740843158927,1.17603924466446,1.27989721328075
"CV2",2,NA,"Raw","M3","JKI",124,0.553954994082473,0.553954994082473,0.425647943149676,0.683790942753777,0.698899303876385
"CV2",3,NA,"Group_adjusted","M1","ABR33",124,0.409150925126534,0.581490406062812,0.236494959447165,1.22521785102533,1.30141004983972
"CV2",3,NA,"Group_adjusted","M1","JKI",124,0.395848302207964,0.570572512384809,0.360223496585479,0.658360273341115,0.69169369006235
"CV2",3,NA,"Group_adjusted","M2","ABR33",124,0.456318234463881,0.611903119156688,0.334390479995507,1.19201912343916,1.30141004983972
"CV2",3,NA,"Group_adjusted","M2","JKI",124,0.438953099158392,0.581391015229682,0.412456170667096,0.675892670922402,0.69169369006235
"CV2",3,NA,"Group_adjusted","M3","ABR33",124,0.479886501505215,0.620946517899137,0.362893826311483,1.18181876877756,1.30141004983972
"CV2",3,NA,"Group_adjusted","M3","JKI",124,0.459012430352683,0.602420837794696,0.429972615375788,0.648199075426042,0.69169369006235
"CV2",3,NA,"Raw","M1","ABR33",124,0.453176748721264,0.453176748721264,0.351387325452187,1.38556825458678,1.30141004983972
"CV2",3,NA,"Raw","M1","JKI",124,0.477693220077592,0.477693220077592,0.369682977951683,0.738091622162929,0.69169369006235
"CV2",3,NA,"Raw","M2","ABR33",124,0.607421161305145,0.607421161305145,0.407452791233328,1.27428154527215,1.30141004983972
"CV2",3,NA,"Raw","M2","JKI",124,0.522510408692576,0.522510408692576,0.422554167184722,0.789764049599704,0.69169369006235
"CV2",3,NA,"Raw","M3","ABR33",124,0.624008781350171,0.624008781350171,0.397506914294185,1.20201888852783,1.30141004983972
"CV2",3,NA,"Raw","M3","JKI",124,0.574446403948911,0.574446403948911,0.436626157475121,0.68549001611756,0.69169369006235
"CV2",4,NA,"Group_adjusted","M1","ABR33",124,0.424383220395368,0.589621705416025,0.275780567220807,1.2169741262789,1.29068349442357
"CV2",4,NA,"Group_adjusted","M1","JKI",124,0.445107175543554,0.606404244931389,0.393565473472752,0.627904337913126,0.695784318921118
"CV2",4,NA,"Group_adjusted","M2","ABR33",124,0.44298401774005,0.61588285432824,0.346564905092188,1.18752926348059,1.29068349442357
"CV2",4,NA,"Group_adjusted","M2","JKI",124,0.473172125755848,0.611232634101698,0.43583030848679,0.645014672474079,0.695784318921118
"CV2",4,NA,"Group_adjusted","M3","ABR33",124,0.517187522194911,0.639552171472456,0.425281430227859,1.16050988458796,1.29068349442357
"CV2",4,NA,"Group_adjusted","M3","JKI",124,0.493003008666951,0.629190325469397,0.454074844559503,0.623269846489277,0.695784318921118
"CV2",4,NA,"Raw","M1","ABR33",124,0.503016015372863,0.503016015372863,0.402431999281061,1.37568917891441,1.29068349442357
"CV2",4,NA,"Raw","M1","JKI",124,0.548720920408478,0.548720920408478,0.446513783581278,0.67318672072264,0.695784318921118
"CV2",4,NA,"Raw","M2","ABR33",124,0.632895388257708,0.632895388257708,0.440511985056012,1.2630710844146,1.29068349442357
"CV2",4,NA,"Raw","M2","JKI",124,0.56164796698876,0.56164796698876,0.468507043696162,0.740059696997401,0.695784318921118
"CV2",4,NA,"Raw","M3","ABR33",124,0.655597483855565,0.655597483855565,0.463768574507339,1.17301419777048,1.29068349442357
"CV2",4,NA,"Raw","M3","JKI",124,0.615776466199149,0.615776466199149,0.482443270941989,0.647622923787397,0.695784318921118
"CV2",5,NA,"Group_adjusted","M1","ABR33",124,0.440438953787841,0.602570783049042,0.348902647813205,1.20302876262702,1.28009609604357
"CV2",5,NA,"Group_adjusted","M1","JKI",124,0.424309436234953,0.595077680004532,0.379556125806524,0.636212074531339,0.693081884266178
"CV2",5,NA,"Group_adjusted","M2","ABR33",124,0.473980793997315,0.63287477883917,0.414851109889891,1.1688712148563,1.28009609604357
"CV2",5,NA,"Group_adjusted","M2","JKI",124,0.450892250272347,0.596339218827582,0.41928385652643,0.65982413890269,0.693081884266178
"CV2",5,NA,"Group_adjusted","M3","ABR33",124,0.513998405049167,0.64414466684208,0.457884277515954,1.15500319773589,1.28009609604357
"CV2",5,NA,"Group_adjusted","M3","JKI",124,0.476909039301396,0.620394240610724,0.442607367912551,0.629460957829489,0.693081884266178
"CV2",5,NA,"Raw","M1","ABR33",124,0.521820530984942,0.521820530984942,0.426307204457587,1.37296490537944,1.28009609604357
"CV2",5,NA,"Raw","M1","JKI",124,0.52764060623572,0.52764060623572,0.417245282063463,0.690133993258385,0.693081884266178
"CV2",5,NA,"Raw","M2","ABR33",124,0.64516099724056,0.64516099724056,0.461321265604264,1.26114366790182,1.28009609604357
"CV2",5,NA,"Raw","M2","JKI",124,0.544971462847555,0.544971462847555,0.44406551070923,0.761754552537246,0.693081884266178
"CV2",5,NA,"Raw","M3","ABR33",124,0.655192823436234,0.655192823436234,0.4639861328205,1.17740610719855,1.28009609604357
"CV2",5,NA,"Raw","M3","JKI",124,0.603739551131087,0.603739551131087,0.464023567202239,0.652886369700608,0.693081884266178
"CV2",6,NA,"Group_adjusted","M1","ABR33",124,0.420553211131368,0.585189655080601,0.261308625396325,1.222162277509,1.2913369633403
"CV2",6,NA,"Group_adjusted","M1","JKI",124,0.37016523561485,0.557563940305726,0.329937526896928,0.660057366799243,0.692681786440934
"CV2",6,NA,"Group_adjusted","M2","ABR33",124,0.459922814199938,0.618156993809832,0.359366618279343,1.18608705851672,1.2913369633403
"CV2",6,NA,"Group_adjusted","M2","JKI",124,0.429089377015118,0.578783540732723,0.40111470135266,0.666299622020888,0.692681786440934
"CV2",6,NA,"Group_adjusted","M3","ABR33",124,0.494786643912361,0.630883914268111,0.400836100586968,1.17019665564605,1.2913369633403
"CV2",6,NA,"Group_adjusted","M3","JKI",124,0.449932414801066,0.59907473950706,0.418691279730979,0.643076774238523,0.692681786440934
"CV2",6,NA,"Raw","M1","ABR33",124,0.481879514911007,0.481879514911007,0.363515092142103,1.39897716160399,1.2913369633403
"CV2",6,NA,"Raw","M1","JKI",124,0.498376682310788,0.498376682310788,0.387487247012984,0.698436389956368,0.692681786440934
"CV2",6,NA,"Raw","M2","ABR33",124,0.643224494668368,0.643224494668368,0.447750980856813,1.26870963351554,1.2913369633403
"CV2",6,NA,"Raw","M2","JKI",124,0.534798007315708,0.534798007315708,0.436007274739046,0.750255262798575,0.692681786440934
"CV2",6,NA,"Raw","M3","ABR33",124,0.640203378938891,0.640203378938891,0.442662219696006,1.18781481940514,1.2913369633403
"CV2",6,NA,"Raw","M3","JKI",124,0.592389093685335,0.592389093685335,0.452435831524839,0.652511940195023,0.692681786440934
"CV2",7,NA,"Group_adjusted","M1","ABR33",124,0.443525836074101,0.589755623315632,0.275379347687162,1.21662590974302,1.29633972852386
"CV2",7,NA,"Group_adjusted","M1","JKI",124,0.434692420414839,0.585140280552668,0.357764686424843,0.641344591511106,0.707852404798095
"CV2",7,NA,"Group_adjusted","M2","ABR33",124,0.47816261278993,0.620152425226945,0.36453623293748,1.18267689530148,1.29633972852386
"CV2",7,NA,"Group_adjusted","M2","JKI",124,0.469094826441924,0.60053735426617,0.416132931049357,0.650208543466082,0.707852404798095
"CV2",7,NA,"Group_adjusted","M3","ABR33",124,0.523439287875346,0.634088596968565,0.416371300309476,1.16572286354522,1.29633972852386
"CV2",7,NA,"Group_adjusted","M3","JKI",124,0.483750919703245,0.611960881866391,0.426506498234564,0.634597630884623,0.707852404798095
"CV2",7,NA,"Raw","M1","ABR33",124,0.505704480659958,0.505704480659958,0.414367439288946,1.37730051203336,1.29633972852386
"CV2",7,NA,"Raw","M1","JKI",124,0.521329308293367,0.521329308293367,0.415856670296225,0.686889538527929,0.707852404798095
"CV2",7,NA,"Raw","M2","ABR33",124,0.639459596983345,0.639459596983345,0.453690886708793,1.26191878757855,1.29633972852386
"CV2",7,NA,"Raw","M2","JKI",124,0.541275012359853,0.541275012359853,0.441789202692286,0.756249703994138,0.707852404798095
"CV2",7,NA,"Raw","M3","ABR33",124,0.66017969922869,0.66017969922869,0.477924890190762,1.16868257019683,1.29633972852386
"CV2",7,NA,"Raw","M3","JKI",124,0.598244552745719,0.598244552745719,0.457207879040351,0.658365891581359,0.707852404798095
"CV2",8,NA,"Group_adjusted","M1","ABR33",124,0.405342247513593,0.537702542326909,0.059588534557099,1.26960491531879,1.33748719174994
"CV2",8,NA,"Group_adjusted","M1","JKI",124,0.440361135448021,0.604337422273136,0.388817249996307,0.626732813244474,0.694321129415335
"CV2",8,NA,"Group_adjusted","M2","ABR33",124,0.426801432603228,0.567506069713377,0.190852908863754,1.23978677910528,1.33748719174994
"CV2",8,NA,"Group_adjusted","M2","JKI",124,0.474052566557104,0.610658058605258,0.437371991665456,0.642366626998966,0.694321129415335
"CV2",8,NA,"Group_adjusted","M3","ABR33",124,0.454764836885691,0.578671848957047,0.226906244565368,1.22798391581143,1.33748719174994
"CV2",8,NA,"Group_adjusted","M3","JKI",124,0.496412118335275,0.631182138380535,0.458126875838871,0.617659186808016,0.694321129415335
"CV2",8,NA,"Raw","M1","ABR33",124,0.427781901261805,0.427781901261805,0.33344455497531,1.40770931927808,1.33748719174994
"CV2",8,NA,"Raw","M1","JKI",124,0.557463478078386,0.557463478078386,0.444560298395774,0.663756442187773,0.694321129415335
"CV2",8,NA,"Raw","M2","ABR33",124,0.602575310436829,0.602575310436829,0.395470246155431,1.28976418558933,1.33748719174994
"CV2",8,NA,"Raw","M2","JKI",124,0.56490304315757,0.56490304315757,0.469789575240622,0.742037396026641,0.694321129415335
"CV2",8,NA,"Raw","M3","ABR33",124,0.59863295138832,0.59863295138832,0.362068270418779,1.22612528714485,1.33748719174994
"CV2",8,NA,"Raw","M3","JKI",124,0.614249780652716,0.614249780652716,0.474495535000319,0.640003248799651,0.694321129415335
"CV2",9,NA,"Group_adjusted","M1","ABR33",124,0.367368177488334,0.558631483292232,0.143209431339866,1.24900395021154,1.31580091054614
"CV2",9,NA,"Group_adjusted","M1","JKI",124,0.343723441531927,0.525914297525029,0.294414989334559,0.688565591998499,0.701176894890475
"CV2",9,NA,"Group_adjusted","M2","ABR33",124,0.428661001933228,0.591211379448418,0.265915653310699,1.21407376654955,1.31580091054614
"CV2",9,NA,"Group_adjusted","M2","JKI",124,0.405845644120764,0.552687244619447,0.369907948149468,0.699152205356153,0.701176894890475
"CV2",9,NA,"Group_adjusted","M3","ABR33",124,0.474417788713601,0.606952550705865,0.318261827686282,1.19637272958697,1.31580091054614
"CV2",9,NA,"Group_adjusted","M3","JKI",124,0.430978616032647,0.573781658722277,0.391411759282558,0.668799376520691,0.701176894890475
"CV2",9,NA,"Raw","M1","ABR33",124,0.423041580386478,0.423041580386478,0.290152259186794,1.39699282117688,1.31580091054614
"CV2",9,NA,"Raw","M1","JKI",124,0.453332970423162,0.453332970423162,0.335931809118324,0.743327785582898,0.701176894890475
"CV2",9,NA,"Raw","M2","ABR33",124,0.583213940282139,0.583213940282139,0.361126993779959,1.2852974671924,1.31580091054614
"CV2",9,NA,"Raw","M2","JKI",124,0.50333800581286,0.50333800581286,0.393257629993393,0.799764980484807,0.701176894890475
"CV2",9,NA,"Raw","M3","ABR33",124,0.602533346846001,0.602533346846001,0.358279859079171,1.21734951416969,1.31580091054614
"CV2",9,NA,"Raw","M3","JKI",124,0.556150468665489,0.556150468665489,0.416044513531762,0.693479694844352,0.701176894890475
"CV2",10,NA,"Group_adjusted","M1","ABR33",124,0.43852410046979,0.594319767549844,0.305781141066838,1.21231179330008,1.29091311757908
"CV2",10,NA,"Group_adjusted","M1","JKI",124,0.38995817169907,0.57729194147728,0.358019339238764,0.649480195289757,0.689627547250211
"CV2",10,NA,"Group_adjusted","M2","ABR33",124,0.481694218408515,0.627026254930704,0.397838274330042,1.17618487992205,1.29091311757908
"CV2",10,NA,"Group_adjusted","M2","JKI",124,0.431473719155768,0.588323672599688,0.410812496335946,0.666573611870555,0.689627547250211
"CV2",10,NA,"Group_adjusted","M3","ABR33",124,0.485587400014898,0.626844788077266,0.398338410947818,1.17604123023442,1.29091311757908
"CV2",10,NA,"Group_adjusted","M3","JKI",124,0.46666849199753,0.617702972247413,0.44240473400292,0.633422587826887,0.689627547250211
"CV2",10,NA,"Raw","M1","ABR33",124,0.486350386670829,0.486350386670829,0.384472043937691,1.3873266818346,1.29091311757908
"CV2",10,NA,"Raw","M1","JKI",124,0.494138126216417,0.494138126216417,0.385878285592056,0.710638769968996,0.689627547250211
"CV2",10,NA,"Raw","M2","ABR33",124,0.635621203717578,0.635621203717578,0.440846160059056,1.27129411066277,1.29091311757908
"CV2",10,NA,"Raw","M2","JKI",124,0.537064295271697,0.537064295271697,0.436167778579857,0.761624140785875,0.689627547250211
"CV2",10,NA,"Raw","M3","ABR33",124,0.608196403625755,0.608196403625755,0.38603748056506,1.22060211720132,1.29091311757908
"CV2",10,NA,"Raw","M3","JKI",124,0.591545847451118,0.591545847451118,0.453159657119191,0.662225721644369,0.689627547250211
"Sparse25",1,0,"Group_adjusted","M1","ABR33",100,0.278313626895768,0.535640680873267,0.287286105417244,1.37833489586391,1.39056324856236
"Sparse25",1,0,"Group_adjusted","M1","JKI",99,0.263244982588954,0.536979386017415,0.267028961690825,0.702974844016063,0.724203829049938
"Sparse25",1,0,"Group_adjusted","M2","ABR33",100,0.307069714148016,0.551861083613809,0.315677698455344,1.35902636254268,1.39056324856236
"Sparse25",1,0,"Group_adjusted","M2","JKI",99,0.308256318197797,0.559039782686607,0.318031815986913,0.69438518102869,0.724203829049938
"Sparse25",1,0,"Group_adjusted","M3","ABR33",100,0.294285975973431,0.551376344928787,0.312876573681937,1.35655997039521,1.39056324856236
"Sparse25",1,0,"Group_adjusted","M3","JKI",99,0.338402918776466,0.571246920160627,0.350519448162411,0.679849690864644,0.724203829049938
"Sparse25",1,0,"Raw","M1","ABR33",100,0.25629229125434,0.25629229125434,0.250904653709646,1.61040596792118,1.39056324856236
"Sparse25",1,0,"Raw","M1","JKI",99,0.382356923208719,0.382356923208719,0.323005956914041,0.836254579917285,0.724203829049938
"Sparse25",1,0,"Raw","M2","ABR33",100,0.504328888500158,0.504328888500158,0.321488260540337,1.54897139681825,1.39056324856236
"Sparse25",1,0,"Raw","M2","JKI",99,0.464594756333987,0.464594756333987,0.37016259371304,0.798940865524334,0.724203829049938
"Sparse25",1,0,"Raw","M3","ABR33",100,0.531972868137165,0.531972868137165,0.312791643785952,1.49961144561375,1.39056324856236
"Sparse25",1,0,"Raw","M3","JKI",99,0.489296929883733,0.489296929883733,0.402617414391979,0.784161803059373,0.724203829049938
"Sparse25",1,5,"Group_adjusted","M1","ABR33",100,-0.042633904999212,0.452484591938164,-0.0243035941353891,1.37243652918025,1.36993366517419
"Sparse25",1,5,"Group_adjusted","M1","JKI",99,0.436938246687641,0.5310062617392,0.475024168932889,0.729065755107802,0.77650740726923
"Sparse25",1,5,"Group_adjusted","M2","ABR33",100,-0.0136056090702153,0.452741753346495,0.00494240509342744,1.37370900344241,1.36993366517419
"Sparse25",1,5,"Group_adjusted","M2","JKI",99,0.485136304049268,0.574258223181506,0.516190644916179,0.701274924962649,0.77650740726923
"Sparse25",1,5,"Group_adjusted","M3","ABR33",100,0.13481542261338,0.468497736701141,0.11390671899946,1.357924150844,1.36993366517419
"Sparse25",1,5,"Group_adjusted","M3","JKI",99,0.489566897238347,0.563570589460713,0.515391492773059,0.707415897733149,0.77650740726923
"Sparse25",1,5,"Raw","M1","ABR33",100,0.0415108982142829,0.0415108982142829,-0.0993701475163852,1.4906859713253,1.36993366517419
"Sparse25",1,5,"Raw","M1","JKI",99,0.479759085593007,0.479759085593007,0.411328062345925,0.763413793614046,0.77650740726923
"Sparse25",1,5,"Raw","M2","ABR33",100,0.303882170911171,0.303882170911171,-0.0534713053498551,1.44287001200292,1.36993366517419
"Sparse25",1,5,"Raw","M2","JKI",99,0.556604246091989,0.556604246091989,0.476922298330443,0.708936321062241,0.77650740726923
"Sparse25",1,5,"Raw","M3","ABR33",100,0.428337367482997,0.428337367482997,0.0367536869382732,1.39112005267867,1.36993366517419
"Sparse25",1,5,"Raw","M3","JKI",99,0.577699610447618,0.577699610447618,0.483881564436089,0.717733649749191,0.77650740726923
"Sparse25",1,10,"Group_adjusted","M1","ABR33",100,0.247277215495822,0.533698283414241,0.261300690792596,1.48762695949548,1.50392381299934
"Sparse25",1,10,"Group_adjusted","M1","JKI",99,0.24394615178417,0.498381280284654,0.246758186558084,0.67140097324074,0.690104466404059
"Sparse25",1,10,"Group_adjusted","M2","ABR33",100,0.33320521380485,0.544944488634034,0.358727300055196,1.47272040705008,1.50392381299934
"Sparse25",1,10,"Group_adjusted","M2","JKI",99,0.336806938060453,0.533362133085785,0.339974936395881,0.654758839052105,0.690104466404059
"Sparse25",1,10,"Group_adjusted","M3","ABR33",100,0.326657086415414,0.543932526707182,0.323294652572132,1.46899712063167,1.50392381299934
"Sparse25",1,10,"Group_adjusted","M3","JKI",99,0.368645464776178,0.536222222423638,0.364561400368727,0.649810051856438,0.690104466404059
"Sparse25",1,10,"Raw","M1","ABR33",100,0.240556565263947,0.240556565263947,0.116451131026992,1.42437293274121,1.50392381299934
"Sparse25",1,10,"Raw","M1","JKI",99,0.240915602145823,0.240915602145823,0.253489337056172,0.740635479824436,0.690104466404059
"Sparse25",1,10,"Raw","M2","ABR33",100,0.455111982750124,0.455111982750124,0.23298694518969,1.33110488563404,1.50392381299934
"Sparse25",1,10,"Raw","M2","JKI",99,0.243204455898211,0.243204455898211,0.354530179897528,0.763558279119172,0.690104466404059
"Sparse25",1,10,"Raw","M3","ABR33",100,0.41169043957594,0.41169043957594,0.23350894924524,1.32414714913753,1.50392381299934
"Sparse25",1,10,"Raw","M3","JKI",99,0.387742406880675,0.387742406880675,0.387068063734386,0.7064771849451,0.690104466404059
"Sparse25",1,15,"Group_adjusted","M1","ABR33",100,0.261643116438029,0.537114818023945,0.268420069268561,1.32149954603277,1.33344467318959
"Sparse25",1,15,"Group_adjusted","M1","JKI",99,0.0166512602573941,0.146916445037515,-0.00811375768932843,0.844462137753431,0.851862949409806
"Sparse25",1,15,"Group_adjusted","M2","ABR33",100,0.295723871705227,0.547733704631569,0.298767318653469,1.31229710481305,1.33344467318959
"Sparse25",1,15,"Group_adjusted","M2","JKI",99,0.0252951751207953,0.126604980930888,-0.00420411151737837,0.849960268567571,0.851862949409806
"Sparse25",1,15,"Group_adjusted","M3","ABR33",100,0.304445600348634,0.551073941588822,0.326154613525418,1.31191549186849,1.33344467318959
"Sparse25",1,15,"Group_adjusted","M3","JKI",99,0.0151390194760412,0.130927033630898,0.0340395602679425,0.842531488927007,0.851862949409806
"Sparse25",1,15,"Raw","M1","ABR33",100,0.188864067872761,0.188864067872761,0.283161516193282,1.5530292713501,1.33344467318959
"Sparse25",1,15,"Raw","M1","JKI",99,0.106112330480516,0.106112330480516,0.0164125113672231,0.832158192193238,0.851862949409806
"Sparse25",1,15,"Raw","M2","ABR33",100,0.413051969961801,0.413051969961801,0.258390562603151,1.48001157755289,1.33344467318959
"Sparse25",1,15,"Raw","M2","JKI",99,0.0921473697653448,0.0921473697653448,-0.00869659642490104,0.854498717831643,0.851862949409806
"Sparse25",1,15,"Raw","M3","ABR33",100,0.400485201641978,0.400485201641978,0.263402493951309,1.44888313532335,1.33344467318959
"Sparse25",1,15,"Raw","M3","JKI",99,0.112699725427514,0.112699725427514,0.0308799414321925,0.832899602315132,0.851862949409806
"Sparse25",1,20,"Group_adjusted","M1","ABR33",100,-0.00255721691847813,0.53814238960185,-0.00198248281290772,1.31413003855658,1.3164626216248
"Sparse25",1,20,"Group_adjusted","M1","JKI",99,0.146107062808766,0.51052742716788,0.150505464879758,0.739794665753912,0.75727005695836
"Sparse25",1,20,"Group_adjusted","M2","ABR33",100,0.0944920216302188,0.541209718184574,0.105965773518801,1.31232550170868,1.3164626216248
"Sparse25",1,20,"Group_adjusted","M2","JKI",99,0.164140393431645,0.498136299269553,0.171738331090343,0.73816435282176,0.75727005695836
"Sparse25",1,20,"Group_adjusted","M3","ABR33",100,0.300232854386006,0.548330282724326,0.300190574857912,1.30431770288401,1.3164626216248
"Sparse25",1,20,"Group_adjusted","M3","JKI",99,0.190570298892532,0.524943883174181,0.200822625429957,0.731028143764849,0.75727005695836
"Sparse25",1,20,"Raw","M1","ABR33",100,-0.0145345491141249,-0.0145345491141249,0.000407266774941504,1.56431173754817,1.3164626216248
"Sparse25",1,20,"Raw","M1","JKI",99,0.17611137651827,0.17611137651827,0.16869880703427,0.843904663899404,0.75727005695836
"Sparse25",1,20,"Raw","M2","ABR33",100,0.337293844679382,0.337293844679382,-0.0158359506967753,1.51532317746139,1.3164626216248
"Sparse25",1,20,"Raw","M2","JKI",99,0.152122978897856,0.152122978897856,0.139329929667975,0.853599888978554,0.75727005695836
"Sparse25",1,20,"Raw","M3","ABR33",100,0.369733128310381,0.369733128310381,0.0783087331283663,1.47333609628561,1.3164626216248
"Sparse25",1,20,"Raw","M3","JKI",99,0.19921352728532,0.19921352728532,0.162325212485038,0.834137013012518,0.75727005695836
"Sparse25",1,25,"Group_adjusted","M1","ABR33",100,NA,0.499286788115962,NA,1.36138205970191,1.36054008863453
"Sparse25",1,25,"Group_adjusted","M1","JKI",99,NA,0.500222385859001,NA,0.685410140211979,0.684957332771178
"Sparse25",1,25,"Group_adjusted","M2","ABR33",100,0.124702563817159,0.502029130586291,0.171872874474936,1.35506354694168,1.36054008863453
"Sparse25",1,25,"Group_adjusted","M2","JKI",99,0.232092115360287,0.518518086773624,0.323309654857961,0.675040842965087,0.684957332771178
"Sparse25",1,25,"Group_adjusted","M3","ABR33",100,0.173645840319348,0.505859714870716,0.193968226610153,1.3497452702985,1.36054008863453
"Sparse25",1,25,"Group_adjusted","M3","JKI",99,0.210454008339223,0.519340787016672,0.326759171467602,0.673985555900161,0.684957332771178
"Sparse25",1,25,"Raw","M1","ABR33",100,NA,NA,NA,1.53753768368927,1.36054008863453
"Sparse25",1,25,"Raw","M1","JKI",99,NA,NA,NA,0.80864899022358,0.684957332771178
"Sparse25",1,25,"Raw","M2","ABR33",100,0.492611344666626,0.492611344666626,0.227558396465514,1.4845110644182,1.36054008863453
"Sparse25",1,25,"Raw","M2","JKI",99,0.293589364395842,0.293589364395842,0.237789538356258,0.784128392157304,0.684957332771178
"Sparse25",1,25,"Raw","M3","ABR33",100,0.458458605496467,0.458458605496467,0.231389865585831,1.43144567131181,1.36054008863453
"Sparse25",1,25,"Raw","M3","JKI",99,0.277934958724508,0.277934958724508,0.31580020778806,0.785762666252433,0.684957332771178
"Sparse25",2,0,"Group_adjusted","M1","ABR33",100,0.0194100750276365,0.469847838635199,0.0373071314257659,1.57620920860814,1.58658846554521
"Sparse25",2,0,"Group_adjusted","M1","JKI",99,0.179772250268181,0.506547200147499,0.18238254492361,0.706522835389206,0.715771809067451
"Sparse25",2,0,"Group_adjusted","M2","ABR33",100,0.0580852151069314,0.472791380645994,0.0791973987958425,1.58596051103988,1.58658846554521
"Sparse25",2,0,"Group_adjusted","M2","JKI",99,0.182949714476881,0.50012188872381,0.18514462820444,0.713729842442636,0.715771809067451
"Sparse25",2,0,"Group_adjusted","M3","ABR33",100,0.0872959504885308,0.475403466175889,0.119194400879239,1.5923356970012,1.58658846554521
"Sparse25",2,0,"Group_adjusted","M3","JKI",99,0.199581755830444,0.510352639975658,0.202948185055463,0.708480488122779,0.715771809067451
"Sparse25",2,0,"Raw","M1","ABR33",100,0.177577504625086,0.177577504625086,0.0449629775112293,1.44091038271665,1.58658846554521
"Sparse25",2,0,"Raw","M1","JKI",99,0.405329814998375,0.405329814998375,0.298962721197663,0.742997372138879,0.715771809067451
"Sparse25",2,0,"Raw","M2","ABR33",100,0.471484592950853,0.471484592950853,0.126263032028871,1.35431604986535,1.58658846554521
"Sparse25",2,0,"Raw","M2","JKI",99,0.41105256566187,0.41105256566187,0.316517189453101,0.748690073962969,0.715771809067451
"Sparse25",2,0,"Raw","M3","ABR33",100,0.489309306623815,0.489309306623815,0.160333591362195,1.32221001084445,1.58658846554521
"Sparse25",2,0,"Raw","M3","JKI",99,0.476173528482286,0.476173528482286,0.336151038514142,0.708088192994189,0.715771809067451
"Sparse25",2,5,"Group_adjusted","M1","ABR33",100,0.224022204450448,0.523673479312846,0.231572337591396,1.32689984997656,1.34203490259444
"Sparse25",2,5,"Group_adjusted","M1","JKI",99,0.287144320888657,0.54704166822446,0.28510303398453,0.682308893885951,0.70400080150171
"Sparse25",2,5,"Group_adjusted","M2","ABR33",100,0.267218385308604,0.535572816302474,0.249145745068005,1.30728534021151,1.34203490259444
"Sparse25",2,5,"Group_adjusted","M2","JKI",99,0.342287311623306,0.575767993247651,0.331420557850485,0.66509690700575,0.70400080150171
"Sparse25",2,5,"Group_adjusted","M3","ABR33",100,0.309709495058782,0.537519555343364,0.264902211090011,1.29877960828792,1.34203490259444
"Sparse25",2,5,"Group_adjusted","M3","JKI",99,0.36109681504725,0.578005002913001,0.344618148395975,0.657637432684043,0.70400080150171
"Sparse25",2,5,"Raw","M1","ABR33",100,0.329945726534835,0.329945726534835,0.280372080942757,1.47936304256601,1.34203490259444
"Sparse25",2,5,"Raw","M1","JKI",99,0.318251282134358,0.318251282134358,0.272507723953481,0.740169568731077,0.70400080150171
"Sparse25",2,5,"Raw","M2","ABR33",100,0.471899668658335,0.471899668658335,0.266206648898211,1.36685661335378,1.34203490259444
"Sparse25",2,5,"Raw","M2","JKI",99,0.294905925380415,0.294905925380415,0.30809052111105,0.784646619673793,0.70400080150171
"Sparse25",2,5,"Raw","M3","ABR33",100,0.465625406037402,0.465625406037402,0.321357296401201,1.33616602940605,1.34203490259444
"Sparse25",2,5,"Raw","M3","JKI",99,0.361466634402863,0.361466634402863,0.325174348879448,0.726969260347951,0.70400080150171
"Sparse25",2,10,"Group_adjusted","M1","ABR33",100,0.0827521329028934,0.427440778727821,0.0774384091537949,1.396455953978,1.39469809248468
"Sparse25",2,10,"Group_adjusted","M1","JKI",99,0.0587374758690379,0.0473888645191445,0.0709557397882272,0.880682904006275,0.865293529152213
"Sparse25",2,10,"Group_adjusted","M2","ABR33",100,0.114738020733332,0.433992794700556,0.123620865865182,1.39516207023569,1.39469809248468
"Sparse25",2,10,"Group_adjusted","M2","JKI",99,0.0702807827778181,0.0662965160028401,0.0948761055249517,0.908667844299358,0.865293529152213
"Sparse25",2,10,"Group_adjusted","M3","ABR33",100,0.0987008098746384,0.431665795973168,0.0930279239469606,1.39381945446659,1.39469809248468
"Sparse25",2,10,"Group_adjusted","M3","JKI",99,0.0637688996253226,0.072388350445622,0.128963568451801,0.889584091288063,0.865293529152213
"Sparse25",2,10,"Raw","M1","ABR33",100,0.176892418990348,0.176892418990348,0.104830082092575,1.50634798259189,1.39469809248468
"Sparse25",2,10,"Raw","M1","JKI",99,0.0132247376049247,0.0132247376049247,0.00517533371021888,0.843001448026251,0.865293529152213
"Sparse25",2,10,"Raw","M2","ABR33",100,0.344301285173143,0.344301285173143,0.119822638434628,1.43953200802197,1.39469809248468
"Sparse25",2,10,"Raw","M2","JKI",99,0.012704068006218,0.012704068006218,0.0419251525329166,0.965869323258932,0.865293529152213
"Sparse25",2,10,"Raw","M3","ABR33",100,0.350865370101587,0.350865370101587,0.105749461624445,1.4298723993521,1.39469809248468
"Sparse25",2,10,"Raw","M3","JKI",99,0.0443811811348063,0.0443811811348063,0.0924498837493433,0.887606107318028,0.865293529152213
"Sparse25",2,15,"Group_adjusted","M1","ABR33",100,0.25375726883472,0.5191446057856,0.294550621287189,1.45299435231762,1.45665584457414
"Sparse25",2,15,"Group_adjusted","M1","JKI",99,-0.00262102968802665,0.479744059121128,0.0117080327899528,0.725397616486813,0.712484322817666
"Sparse25",2,15,"Group_adjusted","M2","ABR33",100,0.290027819171793,0.529432538871619,0.35066879677812,1.43628163682474,1.45665584457414
"Sparse25",2,15,"Group_adjusted","M2","JKI",99,0.103662340272526,0.491233278935089,0.122139371117121,0.718543539979311,0.712484322817666
"Sparse25",2,15,"Group_adjusted","M3","ABR33",100,0.312907303850868,0.53218779401352,0.360677370613876,1.4194919359708,1.45665584457414
"Sparse25",2,15,"Group_adjusted","M3","JKI",99,0.0892381277768404,0.479399810154963,0.111181994023255,0.71857868581389,0.712484322817666
"Sparse25",2,15,"Raw","M1","ABR33",100,0.361155873189076,0.361155873189076,0.331452275372987,1.39145441069375,1.45665584457414
"Sparse25",2,15,"Raw","M1","JKI",99,0.0824739190646554,0.0824739190646554,0.0533260739069167,0.745354617840296,0.712484322817666
"Sparse25",2,15,"Raw","M2","ABR33",100,0.440917208517414,0.440917208517414,0.362488929297862,1.31739988317114,1.45665584457414
"Sparse25",2,15,"Raw","M2","JKI",99,0.073669767079619,0.073669767079619,0.138698180871748,0.857009737224802,0.712484322817666
"Sparse25",2,15,"Raw","M3","ABR33",100,0.392925787935976,0.392925787935976,0.355130442975,1.40045251855678,1.45665584457414
"Sparse25",2,15,"Raw","M3","JKI",99,0.0703056158065815,0.0703056158065815,0.128210105129519,0.779106428888571,0.712484322817666
"Sparse25",2,20,"Group_adjusted","M1","ABR33",100,0.216351235040956,0.549815325076944,0.227589451561987,1.27993183082968,1.28417800451443
"Sparse25",2,20,"Group_adjusted","M1","JKI",99,-0.112557570019956,0.436164286110777,-0.115670899766444,0.802884287436667,0.79207412991906
"Sparse25",2,20,"Group_adjusted","M2","ABR33",100,0.253258974137867,0.555338958174976,0.272058756052331,1.27463571498475,1.28417800451443
"Sparse25",2,20,"Group_adjusted","M2","JKI",99,-0.039282969153998,0.432044666064744,-0.0524005326494693,0.805644049558537,0.79207412991906
"Sparse25",2,20,"Group_adjusted","M3","ABR33",100,0.219123561742845,0.557994142783852,0.28939018639706,1.27208686696076,1.28417800451443
"Sparse25",2,20,"Group_adjusted","M3","JKI",99,-0.0309036548596174,0.437995364563216,0.00669954556732137,0.791703882153614,0.79207412991906
"Sparse25",2,20,"Raw","M1","ABR33",100,0.145845302880674,0.145845302880674,0.0684734770841983,1.52701369458574,1.28417800451443
"Sparse25",2,20,"Raw","M1","JKI",99,-0.00956978082393869,-0.00956978082393869,-0.0436012144437929,0.912145679115643,0.79207412991906
"Sparse25",2,20,"Raw","M2","ABR33",100,0.398589897547459,0.398589897547459,0.0617071403266031,1.47248642756008,1.28417800451443
"Sparse25",2,20,"Raw","M2","JKI",99,0.121695220788224,0.121695220788224,-0.0636074676794056,0.929661540434555,0.79207412991906
"Sparse25",2,20,"Raw","M3","ABR33",100,0.389340063603891,0.389340063603891,0.117124295464055,1.42408811427113,1.28417800451443
"Sparse25",2,20,"Raw","M3","JKI",99,0.088649370856916,0.088649370856916,-0.00558332384486119,0.890973897273286,0.79207412991906
"Sparse25",2,25,"Group_adjusted","M1","ABR33",100,NA,0.448949035581808,NA,1.48385935453917,1.4843125135506
"Sparse25",2,25,"Group_adjusted","M1","JKI",99,NA,0.467299638179668,NA,0.781273932840845,0.779989902735398
"Sparse25",2,25,"Group_adjusted","M2","ABR33",100,0.0910718829596986,0.449683938617882,0.162452102294446,1.47987605217864,1.4843125135506
"Sparse25",2,25,"Group_adjusted","M2","JKI",99,0.26218954214346,0.486372173739196,0.407146791385917,0.764369141608815,0.779989902735398
"Sparse25",2,25,"Group_adjusted","M3","ABR33",100,0.18071200677211,0.45788399067934,0.211021951004523,1.47173120225455,1.4843125135506
"Sparse25",2,25,"Group_adjusted","M3","JKI",99,0.281539920830939,0.48638166009371,0.374887778058068,0.762967075089092,0.779989902735398
"Sparse25",2,25,"Raw","M1","ABR33",100,NA,NA,NA,1.48040909924935,1.4843125135506
"Sparse25",2,25,"Raw","M1","JKI",99,NA,NA,NA,0.769342801925709,0.779989902735398
"Sparse25",2,25,"Raw","M2","ABR33",100,0.471584391024671,0.471584391024671,0.142142252437094,1.42033899471569,1.4843125135506
"Sparse25",2,25,"Raw","M2","JKI",99,0.478056660084138,0.478056660084138,0.335468119197747,0.714996162663301,0.779989902735398
"Sparse25",2,25,"Raw","M3","ABR33",100,0.499110144879239,0.499110144879239,0.183070914433949,1.34523571320122,1.4843125135506
"Sparse25",2,25,"Raw","M3","JKI",99,0.399381095996229,0.399381095996229,0.312393182345296,0.726013302637716,0.779989902735398
"Sparse25",3,0,"Group_adjusted","M1","ABR33",100,0.0811285876667477,0.514413819194202,0.085290067806748,1.3921425025929,1.39401558804519
"Sparse25",3,0,"Group_adjusted","M1","JKI",99,0.0268119602408465,0.481550358792544,0.0267580937267044,0.759046739129056,0.756693347802613
"Sparse25",3,0,"Group_adjusted","M2","ABR33",100,0.111911807470092,0.5184272867109,0.117009466773316,1.38755148011841,1.39401558804519
"Sparse25",3,0,"Group_adjusted","M2","JKI",99,0.0375058039016886,0.470856893454389,0.0370851878386302,0.767113736382904,0.756693347802613
"Sparse25",3,0,"Group_adjusted","M3","ABR33",100,0.0787065000877587,0.514642196245839,0.107342998451929,1.38989277684831,1.39401558804519
"Sparse25",3,0,"Group_adjusted","M3","JKI",99,0.0569515558410207,0.480641391446228,0.0558678020544832,0.762875139601032,0.756693347802613
"Sparse25",3,0,"Raw","M1","ABR33",100,0.203801670655856,0.203801670655856,0.0510324958040136,1.63926761359684,1.39401558804519
"Sparse25",3,0,"Raw","M1","JKI",99,0.166516693497478,0.166516693497478,0.022460610760515,0.85761321933534,0.756693347802613
"Sparse25",3,0,"Raw","M2","ABR33",100,0.41247765878841,0.41247765878841,0.0887453572838038,1.55393764693026,1.39401558804519
"Sparse25",3,0,"Raw","M2","JKI",99,0.119333466260531,0.119333466260531,-0.0503491008306692,0.867801733760584,0.756693347802613
"Sparse25",3,0,"Raw","M3","ABR33",100,0.378793278495565,0.378793278495565,0.0726950747580012,1.52651808532848,1.39401558804519
"Sparse25",3,0,"Raw","M3","JKI",99,0.190237245677769,0.190237245677769,-0.033090525797421,0.848516852537015,0.756693347802613
"Sparse25",3,5,"Group_adjusted","M1","ABR33",100,0.141026418648914,0.48576849050082,0.143859724623109,1.38475470345082,1.39153562526462
"Sparse25",3,5,"Group_adjusted","M1","JKI",99,-0.0742672680308609,0.440696822156517,-0.0519787747372421,0.728990501967427,0.716634534389696
"Sparse25",3,5,"Group_adjusted","M2","ABR33",100,0.239541220113741,0.49438827542191,0.190242010740647,1.37106512964794,1.39153562526462
"Sparse25",3,5,"Group_adjusted","M2","JKI",99,0.0359298762478129,0.44801847941492,0.0323213427787367,0.723334141032037,0.716634534389696
"Sparse25",3,5,"Group_adjusted","M3","ABR33",100,0.201030562642481,0.493799433997722,0.212311103589494,1.376897921983,1.39153562526462
"Sparse25",3,5,"Group_adjusted","M3","JKI",99,0.0518159694907265,0.455329556917147,0.0473601274518721,0.717838836912027,0.716634534389696
"Sparse25",3,5,"Raw","M1","ABR33",100,0.228943025270195,0.228943025270195,0.119047750304351,1.46798023063822,1.39153562526462
"Sparse25",3,5,"Raw","M1","JKI",99,0.214805955214055,0.214805955214055,0.0658773303668424,0.753341527010976,0.716634534389696
"Sparse25",3,5,"Raw","M2","ABR33",100,0.394022239690296,0.394022239690296,0.117578597274948,1.3941865459243,1.39153562526462
"Sparse25",3,5,"Raw","M2","JKI",99,0.187946101643939,0.187946101643939,0.105827910681424,0.826965947827725,0.716634534389696
"Sparse25",3,5,"Raw","M3","ABR33",100,0.376131296882523,0.376131296882523,0.149246663608176,1.42329140102354,1.39153562526462
"Sparse25",3,5,"Raw","M3","JKI",99,0.294759461896115,0.294759461896115,0.110261170669688,0.738755602635345,0.716634534389696
"Sparse25",3,10,"Group_adjusted","M1","ABR33",100,0.169421415071024,0.516402259542481,0.176162354992849,1.33850424219308,1.3510939124733
"Sparse25",3,10,"Group_adjusted","M1","JKI",99,0.0176272164253945,0.399882592040159,0.02973521369145,0.703410974780191,0.697374322203973
"Sparse25",3,10,"Group_adjusted","M2","ABR33",100,0.195346478164017,0.525467539992078,0.200302676535837,1.33706437439129,1.3510939124733
"Sparse25",3,10,"Group_adjusted","M2","JKI",99,0.034984168007758,0.385139121313453,0.0365047951954036,0.717381421167898,0.697374322203973
"Sparse25",3,10,"Group_adjusted","M3","ABR33",100,0.237943116381594,0.526831818042173,0.241126199217998,1.33052982314102,1.3510939124733
"Sparse25",3,10,"Group_adjusted","M3","JKI",99,0.0593446481416774,0.405389082945077,0.0879809605518289,0.704477969131546,0.697374322203973
"Sparse25",3,10,"Raw","M1","ABR33",100,0.208814307884192,0.208814307884192,0.127569757233784,1.53144149808276,1.3510939124733
"Sparse25",3,10,"Raw","M1","JKI",99,0.171779262792184,0.171779262792184,0.0423236738137958,0.743469199145959,0.697374322203973
"Sparse25",3,10,"Raw","M2","ABR33",100,0.425956178384179,0.425956178384179,0.160614346312426,1.43157489177129,1.3510939124733
"Sparse25",3,10,"Raw","M2","JKI",99,0.112277661283243,0.112277661283243,-0.0288473757256777,0.842862148353975,0.697374322203973
"Sparse25",3,10,"Raw","M3","ABR33",100,0.41057384258261,0.41057384258261,0.167644131850121,1.41847839874379,1.3510939124733
"Sparse25",3,10,"Raw","M3","JKI",99,0.1450965809434,0.1450965809434,0.00329359995341011,0.779852882378827,0.697374322203973
"Sparse25",3,15,"Group_adjusted","M1","ABR33",100,0.227503407719508,0.597100656219126,0.24709750188499,1.29144635213584,1.30398403984197
"Sparse25",3,15,"Group_adjusted","M1","JKI",99,0.0329539436027046,0.511229790729128,0.0432863783371877,0.740393790073559,0.748379722022791
"Sparse25",3,15,"Group_adjusted","M2","ABR33",100,0.213289209333438,0.604821095366349,0.243306506067126,1.28574903481331,1.30398403984197
"Sparse25",3,15,"Group_adjusted","M2","JKI",99,0.100880143210898,0.480272333146539,0.0964592229753207,0.734648791700351,0.748379722022791
"Sparse25",3,15,"Group_adjusted","M3","ABR33",100,0.202874353946486,0.593431355522112,0.169346900843044,1.28576709417896,1.30398403984197
"Sparse25",3,15,"Group_adjusted","M3","JKI",99,0.170406182211494,0.519273242043734,0.15984784086161,0.725036287013494,0.748379722022791
"Sparse25",3,15,"Raw","M1","ABR33",100,0.202006177082071,0.202006177082071,0.240226804298658,1.53176052404449,1.30398403984197
"Sparse25",3,15,"Raw","M1","JKI",99,0.0853341332803755,0.0853341332803755,0.0403868514648446,0.800334559819987,0.748379722022791
"Sparse25",3,15,"Raw","M2","ABR33",100,0.40983332268408,0.40983332268408,0.195271187417613,1.48533566076531,1.30398403984197
"Sparse25",3,15,"Raw","M2","JKI",99,0.193138705093967,0.193138705093967,0.0917106363954166,0.787768603483315,0.748379722022791
"Sparse25",3,15,"Raw","M3","ABR33",100,0.418689727082775,0.418689727082775,0.124576932266091,1.43969794810494,1.30398403984197
"Sparse25",3,15,"Raw","M3","JKI",99,0.276297927025925,0.276297927025925,0.151275105102465,0.775124320262674,0.748379722022791
"Sparse25",3,20,"Group_adjusted","M1","ABR33",100,0.0835691216807206,0.490696851750285,0.0513729075646517,1.362615807106,1.36687057049877
"Sparse25",3,20,"Group_adjusted","M1","JKI",99,0.0883313735356566,0.469417769370075,0.0734765936561515,0.69262035730786,0.706993508482985
"Sparse25",3,20,"Group_adjusted","M2","ABR33",100,0.427841869057064,0.501975808760055,0.334167211550428,1.34591450658615,1.36687057049877
"Sparse25",3,20,"Group_adjusted","M2","JKI",99,0.259089733955924,0.501431128908361,0.220351038463107,0.670984311601653,0.706993508482985
"Sparse25",3,20,"Group_adjusted","M3","ABR33",100,0.176701709066132,0.502961749516983,0.344716900116104,1.35311797584113,1.36687057049877
"Sparse25",3,20,"Group_adjusted","M3","JKI",99,0.299873809878971,0.509368723414659,0.245958429533469,0.667044346885784,0.706993508482985
"Sparse25",3,20,"Raw","M1","ABR33",100,0.0852752382986106,0.0852752382986106,0.0573424646585123,1.48576152079274,1.36687057049877
"Sparse25",3,20,"Raw","M1","JKI",99,0.135464909185215,0.135464909185215,0.113237615992682,0.759997288719302,0.706993508482985
"Sparse25",3,20,"Raw","M2","ABR33",100,0.384869818051169,0.384869818051169,0.256238008127022,1.40821098604411,1.36687057049877
"Sparse25",3,20,"Raw","M2","JKI",99,0.114243532944863,0.114243532944863,0.189514092762665,0.828181097693644,0.706993508482985
"Sparse25",3,20,"Raw","M3","ABR33",100,0.373239374107842,0.373239374107842,0.213921489346887,1.41536183405735,1.36687057049877
"Sparse25",3,20,"Raw","M3","JKI",99,0.231942469951435,0.231942469951435,0.246080905228248,0.747173234396921,0.706993508482985
"Sparse25",3,25,"Group_adjusted","M1","ABR33",100,NA,0.511233861235875,NA,1.4503672051423,1.45023235334256
"Sparse25",3,25,"Group_adjusted","M1","JKI",99,NA,0.514044284046531,NA,0.694787953258368,0.693296313634155
"Sparse25",3,25,"Group_adjusted","M2","ABR33",100,0.160093635305671,0.515309844487571,0.200657329352492,1.44327819456352,1.45023235334256
"Sparse25",3,25,"Group_adjusted","M2","JKI",99,0.221074968249941,0.524270599749481,0.243482920460852,0.688193643162279,0.693296313634155
"Sparse25",3,25,"Group_adjusted","M3","ABR33",100,0.315765504308007,0.524861462961029,0.196425317436655,1.44070239022776,1.45023235334256
"Sparse25",3,25,"Group_adjusted","M3","JKI",99,0.169993814634941,0.524197240147544,0.155100257202612,0.689828205910745,0.693296313634155
"Sparse25",3,25,"Raw","M1","ABR33",100,NA,NA,NA,1.69280033097555,1.45023235334256
"Sparse25",3,25,"Raw","M1","JKI",99,NA,NA,NA,0.849838991856774,0.693296313634155
"Sparse25",3,25,"Raw","M2","ABR33",100,0.456105184056302,0.456105184056302,0.12372172609721,1.66457714102317,1.45023235334256
"Sparse25",3,25,"Raw","M2","JKI",99,0.376194655401248,0.376194655401248,0.325511131204701,0.832072530889123,0.693296313634155
"Sparse25",3,25,"Raw","M3","ABR33",100,0.450278163359467,0.450278163359467,0.121544625246917,1.64085535549639,1.45023235334256
"Sparse25",3,25,"Raw","M3","JKI",99,0.428074201281523,0.428074201281523,0.292101418374613,0.831122054448057,0.693296313634155
"Sparse25",4,0,"Group_adjusted","M1","ABR33",100,0.154875646467321,0.557848864654958,0.157885065298857,1.21498084027545,1.22418185893834
"Sparse25",4,0,"Group_adjusted","M1","JKI",99,0.216862123340778,0.525180468464261,0.219182833377463,0.688968580560067,0.707898053259274
"Sparse25",4,0,"Group_adjusted","M2","ABR33",100,0.222681363188377,0.569488258618107,0.239164915184242,1.20497583006666,1.22418185893834
"Sparse25",4,0,"Group_adjusted","M2","JKI",99,0.262430070097106,0.539736975363559,0.268260819335975,0.690113036027733,0.707898053259274
"Sparse25",4,0,"Group_adjusted","M3","ABR33",100,0.253597298055878,0.572780631720722,0.315519146979017,1.20121512992863,1.22418185893834
"Sparse25",4,0,"Group_adjusted","M3","JKI",99,0.271399285882677,0.545394128011098,0.273149390021671,0.680747428321204,0.707898053259274
"Sparse25",4,0,"Raw","M1","ABR33",100,0.253698098252424,0.253698098252424,0.137551170788484,1.42885798069068,1.22418185893834
"Sparse25",4,0,"Raw","M1","JKI",99,0.180060132077767,0.180060132077767,0.126060380973607,0.781151318754207,0.707898053259274
"Sparse25",4,0,"Raw","M2","ABR33",100,0.444959554684909,0.444959554684909,0.11042673251819,1.34255205805391,1.22418185893834
"Sparse25",4,0,"Raw","M2","JKI",99,0.229224303726772,0.229224303726772,0.161674212526834,0.818624236099966,0.707898053259274
"Sparse25",4,0,"Raw","M3","ABR33",100,0.423929747562911,0.423929747562911,0.18345475624513,1.31510871959712,1.22418185893834
"Sparse25",4,0,"Raw","M3","JKI",99,0.323530442490416,0.323530442490416,0.210141353183783,0.750761705721239,0.707898053259274
"Sparse25",4,5,"Group_adjusted","M1","ABR33",100,0.247969269250019,0.536674709256948,0.269021155000506,1.414941825429,1.43941206582736
"Sparse25",4,5,"Group_adjusted","M1","JKI",99,0.193308091396661,0.520353284463108,0.192298203049533,0.64790662720442,0.657178540305232
"Sparse25",4,5,"Group_adjusted","M2","ABR33",100,0.296252707135117,0.548219596551043,0.289247723868428,1.39261973088452,1.43941206582736
"Sparse25",4,5,"Group_adjusted","M2","JKI",99,0.280849859913539,0.551032288402697,0.272824211510705,0.637691270423485,0.657178540305232
"Sparse25",4,5,"Group_adjusted","M3","ABR33",100,0.307466498791427,0.549823503955095,0.320180593193329,1.40356449044759,1.43941206582736
"Sparse25",4,5,"Group_adjusted","M3","JKI",99,0.287857791059387,0.554216472507011,0.283687550494948,0.63477114791859,0.657178540305232
"Sparse25",4,5,"Raw","M1","ABR33",100,0.394923420056041,0.394923420056041,0.322854044747938,1.41725951589602,1.43941206582736
"Sparse25",4,5,"Raw","M1","JKI",99,0.332922008217294,0.332922008217294,0.229972799137263,0.705393125181751,0.657178540305232
"Sparse25",4,5,"Raw","M2","ABR33",100,0.535129573936298,0.535129573936298,0.368600662551409,1.30667739698726,1.43941206582736
"Sparse25",4,5,"Raw","M2","JKI",99,0.27907785601144,0.27907785601144,0.231591175568356,0.760248646133108,0.657178540305232
"Sparse25",4,5,"Raw","M3","ABR33",100,0.466761137794504,0.466761137794504,0.38419915844493,1.33124146473578,1.43941206582736
"Sparse25",4,5,"Raw","M3","JKI",99,0.403811901129258,0.403811901129258,0.248639173688345,0.682012957392307,0.657178540305232
"Sparse25",4,10,"Group_adjusted","M1","ABR33",100,0.269255821314987,0.526929212579587,0.283879340988301,1.39220231749704,1.40926510388832
"Sparse25",4,10,"Group_adjusted","M1","JKI",99,0.183331135915695,0.520532075967983,0.236444555935593,0.67621258933288,0.681807899526474
"Sparse25",4,10,"Group_adjusted","M2","ABR33",100,0.290039972554909,0.544289815670363,0.352290176851695,1.38154241817678,1.40926510388832
"Sparse25",4,10,"Group_adjusted","M2","JKI",99,0.208225479416097,0.510732601408507,0.302910648500249,0.682357196183591,0.681807899526474
"Sparse25",4,10,"Group_adjusted","M3","ABR33",100,0.32884970549573,0.539246819469889,0.363308470704927,1.38313311395603,1.40926510388832
"Sparse25",4,10,"Group_adjusted","M3","JKI",99,0.223181918311382,0.525061783405161,0.32611811275465,0.673489774918086,0.681807899526474
"Sparse25",4,10,"Raw","M1","ABR33",100,0.35574662296857,0.35574662296857,0.298014132968616,1.49412222361926,1.40926510388832
"Sparse25",4,10,"Raw","M1","JKI",99,0.186630726940722,0.186630726940722,0.123608359585699,0.774255814341839,0.681807899526474
"Sparse25",4,10,"Raw","M2","ABR33",100,0.511677521902912,0.511677521902912,0.371077666209899,1.37445553562649,1.40926510388832
"Sparse25",4,10,"Raw","M2","JKI",99,0.184815487655625,0.184815487655625,0.134680135678786,0.829476511501004,0.681807899526474
"Sparse25",4,10,"Raw","M3","ABR33",100,0.471989496285738,0.471989496285738,0.324772252614656,1.36704889479179,1.40926510388832
"Sparse25",4,10,"Raw","M3","JKI",99,0.232796430022013,0.232796430022013,0.156270968398132,0.770190102193241,0.681807899526474
"Sparse25",4,15,"Group_adjusted","M1","ABR33",100,0.103364927952723,0.537193224129516,0.106933114770043,1.29721288185375,1.3020588694742
"Sparse25",4,15,"Group_adjusted","M1","JKI",99,0.136786352410374,0.507775775122359,0.136048009323069,0.70678297074603,0.712117810920328
"Sparse25",4,15,"Group_adjusted","M2","ABR33",100,0.223528706520375,0.549497029307944,0.227706924930807,1.28378818120232,1.3020588694742
"Sparse25",4,15,"Group_adjusted","M2","JKI",99,0.196338832193041,0.519282440657895,0.194347780900374,0.698940780628737,0.712117810920328
"Sparse25",4,15,"Group_adjusted","M3","ABR33",100,0.26941989292619,0.552810156203837,0.265349086098071,1.27953435247143,1.3020588694742
"Sparse25",4,15,"Group_adjusted","M3","JKI",99,0.216751959022574,0.531026712172719,0.211732421940993,0.692184580569823,0.712117810920328
"Sparse25",4,15,"Raw","M1","ABR33",100,0.10528760404054,0.10528760404054,0.0325866234953037,1.52501566774005,1.3020588694742
"Sparse25",4,15,"Raw","M1","JKI",99,0.164872543068965,0.164872543068965,0.103725817038432,0.827279601793474,0.712117810920328
"Sparse25",4,15,"Raw","M2","ABR33",100,0.445850189708976,0.445850189708976,0.154307943356946,1.43563082520896,1.3020588694742
"Sparse25",4,15,"Raw","M2","JKI",99,0.217994997149563,0.217994997149563,0.114869344746208,0.835999538970109,0.712117810920328
"Sparse25",4,15,"Raw","M3","ABR33",100,0.418353499808262,0.418353499808262,0.175188526582575,1.40916621255591,1.3020588694742
"Sparse25",4,15,"Raw","M3","JKI",99,0.274842534162377,0.274842534162377,0.138768637532479,0.801097955323249,0.712117810920328
"Sparse25",4,20,"Group_adjusted","M1","ABR33",100,0.159817545005366,0.422308020487383,0.152189211810205,1.47930143400506,1.48380823446897
"Sparse25",4,20,"Group_adjusted","M1","JKI",99,0.0863125575249523,0.481340219530575,0.0479981943409966,0.758921173353633,0.780584403334075
"Sparse25",4,20,"Group_adjusted","M2","ABR33",100,0.200533964699816,0.430590440521807,0.20036786305246,1.47324805945452,1.48380823446897
"Sparse25",4,20,"Group_adjusted","M2","JKI",99,0.14615444541244,0.492382665483735,0.0567405268747696,0.747790875124286,0.780584403334075
"Sparse25",4,20,"Group_adjusted","M3","ABR33",100,0.188728629791416,0.430713069573508,0.237188945194105,1.47439338342179,1.48380823446897
"Sparse25",4,20,"Group_adjusted","M3","JKI",99,0.136836910299356,0.491350785474321,0.0483849013388274,0.74995270295105,0.780584403334075
"Sparse25",4,20,"Raw","M1","ABR33",100,0.110197979630404,0.110197979630404,0.0927093864297128,1.547433886489,1.48380823446897
"Sparse25",4,20,"Raw","M1","JKI",99,0.127827635199984,0.127827635199984,0.0343203935773788,0.867936013414554,0.780584403334075
"Sparse25",4,20,"Raw","M2","ABR33",100,0.397584525949355,0.397584525949355,0.0182894977800969,1.50308959750879,1.48380823446897
"Sparse25",4,20,"Raw","M2","JKI",99,0.169350902073746,0.169350902073746,-0.0762663579448234,0.852709162455083,0.780584403334075
"Sparse25",4,20,"Raw","M3","ABR33",100,0.42048902350574,0.42048902350574,0.0282328694486355,1.45180079925801,1.48380823446897
"Sparse25",4,20,"Raw","M3","JKI",99,0.138173871975445,0.138173871975445,-0.0880450054783044,0.867909494554499,0.780584403334075
"Sparse25",4,25,"Group_adjusted","M1","ABR33",100,NA,0.528727384005838,NA,1.41120638720762,1.41226501326867
"Sparse25",4,25,"Group_adjusted","M1","JKI",99,NA,0.508122085846325,NA,0.710284034290225,0.709826610567392
"Sparse25",4,25,"Group_adjusted","M2","ABR33",100,0.168344687459838,0.532860759517028,0.1395797532558,1.40376146026322,1.41226501326867
"Sparse25",4,25,"Group_adjusted","M2","JKI",99,-0.0395142157043642,0.506849786513006,0.0019606516994094,0.710946372274795,0.709826610567392
"Sparse25",4,25,"Group_adjusted","M3","ABR33",100,0.152981727338114,0.536666606399341,0.205321446540114,1.4110518004044,1.41226501326867
"Sparse25",4,25,"Group_adjusted","M3","JKI",99,0.245411932116855,0.525552026786561,0.330859209816344,0.702700095239413,0.709826610567392
"Sparse25",4,25,"Raw","M1","ABR33",100,NA,NA,NA,1.65142692149002,1.41226501326867
"Sparse25",4,25,"Raw","M1","JKI",99,NA,NA,NA,0.82578699563121,0.709826610567392
"Sparse25",4,25,"Raw","M2","ABR33",100,0.3772453841552,0.3772453841552,0.163268418915239,1.59891540540642,1.41226501326867
"Sparse25",4,25,"Raw","M2","JKI",99,0.0201116099555397,0.0201116099555397,-0.105274202651962,0.834612519019512,0.709826610567392
"Sparse25",4,25,"Raw","M3","ABR33",100,0.376381277733878,0.376381277733878,0.212193495419498,1.58098336781218,1.41226501326867
"Sparse25",4,25,"Raw","M3","JKI",99,0.101885425135463,0.101885425135463,0.293118844123073,0.822726286355481,0.709826610567392
"Sparse25",5,0,"Group_adjusted","M1","ABR33",100,0.232667759508495,0.570967363484633,0.251625010282131,1.19126761544726,1.2056203497742
"Sparse25",5,0,"Group_adjusted","M1","JKI",99,0.226001268540059,0.546896805847422,0.226203205022008,0.673140917957974,0.689821181066268
"Sparse25",5,0,"Group_adjusted","M2","ABR33",100,0.345193576867727,0.585404923793247,0.316883074075494,1.18059741490028,1.2056203497742
"Sparse25",5,0,"Group_adjusted","M2","JKI",99,0.249410703495868,0.5391168419315,0.24692658941853,0.681438988586634,0.689821181066268
"Sparse25",5,0,"Group_adjusted","M3","ABR33",100,0.375680825779967,0.590569060264449,0.386925874892251,1.16467154262206,1.2056203497742
"Sparse25",5,0,"Group_adjusted","M3","JKI",99,0.235271859308431,0.53786364093031,0.235331886135908,0.679790627536204,0.689821181066268
"Sparse25",5,0,"Raw","M1","ABR33",100,0.305769613033562,0.305769613033562,0.248225872328189,1.34368990056839,1.2056203497742
"Sparse25",5,0,"Raw","M1","JKI",99,0.235198321196295,0.235198321196295,0.218540864711288,0.800793393571311,0.689821181066268
"Sparse25",5,0,"Raw","M2","ABR33",100,0.475723636247781,0.475723636247781,0.38856279403109,1.24914111036283,1.2056203497742
"Sparse25",5,0,"Raw","M2","JKI",99,0.232337346145475,0.232337346145475,0.283904112014179,0.845689026294039,0.689821181066268
"Sparse25",5,0,"Raw","M3","ABR33",100,0.418927065646242,0.418927065646242,0.443072049315172,1.2404060250182,1.2056203497742
"Sparse25",5,0,"Raw","M3","JKI",99,0.31634731430412,0.31634731430412,0.283996368596735,0.776289052368511,0.689821181066268
"Sparse25",5,5,"Group_adjusted","M1","ABR33",100,0.385705611351647,0.554521810155953,0.389787534063671,1.19535134135995,1.21777759473883
"Sparse25",5,5,"Group_adjusted","M1","JKI",99,0.218192970921156,0.375391916943721,0.238069810901311,0.763844405523031,0.781716398341459
"Sparse25",5,5,"Group_adjusted","M2","ABR33",100,0.416274514218981,0.570191975197919,0.433843469304857,1.18000292500671,1.21777759473883
"Sparse25",5,5,"Group_adjusted","M2","JKI",99,0.225307975810009,0.37346379453431,0.259738034699035,0.764805388780068,0.781716398341459
"Sparse25",5,5,"Group_adjusted","M3","ABR33",100,0.401798819539394,0.570637397492702,0.427005837994911,1.17641450816864,1.21777759473883
"Sparse25",5,5,"Group_adjusted","M3","JKI",99,0.27108374799642,0.404256709701756,0.262023945896454,0.755059384593959,0.781716398341459
"Sparse25",5,5,"Raw","M1","ABR33",100,0.341303293464781,0.341303293464781,0.406829105844636,1.43744255187704,1.21777759473883
"Sparse25",5,5,"Raw","M1","JKI",99,0.366604280392623,0.366604280392623,0.255912890801273,0.820502659523959,0.781716398341459
"Sparse25",5,5,"Raw","M2","ABR33",100,0.626869481497924,0.626869481497924,0.471567395275913,1.37735689297822,1.21777759473883
"Sparse25",5,5,"Raw","M2","JKI",99,0.449455942065214,0.449455942065214,0.287519116638431,0.7888538270668,0.781716398341459
"Sparse25",5,5,"Raw","M3","ABR33",100,0.594249763659379,0.594249763659379,0.47736060114416,1.31325515872832,1.21777759473883
"Sparse25",5,5,"Raw","M3","JKI",99,0.437865929926348,0.437865929926348,0.303599407093585,0.774259675273022,0.781716398341459
"Sparse25",5,10,"Group_adjusted","M1","ABR33",100,0.0518338747595385,0.486058394804761,0.0529687623558995,1.26820905416844,1.26920157647531
"Sparse25",5,10,"Group_adjusted","M1","JKI",99,0.140512338396798,0.517259951400401,0.144512905319939,0.743932372625785,0.755790042562257
"Sparse25",5,10,"Group_adjusted","M2","ABR33",100,0.0844814653878883,0.488092296241923,0.056136429429646,1.26660420935378,1.26920157647531
"Sparse25",5,10,"Group_adjusted","M2","JKI",99,0.135400778720165,0.489815843321543,0.15050354380882,0.742721103029434,0.755790042562257
"Sparse25",5,10,"Group_adjusted","M3","ABR33",100,0.081116574948918,0.495480851973898,0.0959100364756863,1.2672454110267,1.26920157647531
"Sparse25",5,10,"Group_adjusted","M3","JKI",99,0.177036607063635,0.520210719721938,0.186877968564918,0.735665329331408,0.755790042562257
"Sparse25",5,10,"Raw","M1","ABR33",100,0.131552413083703,0.131552413083703,0.0286697459488899,1.48520358395295,1.26920157647531
"Sparse25",5,10,"Raw","M1","JKI",99,0.349629529111359,0.349629529111359,0.174041326741134,0.814141528575042,0.755790042562257
"Sparse25",5,10,"Raw","M2","ABR33",100,0.436899718376004,0.436899718376004,0.0823038894329426,1.41619444365608,1.26920157647531
"Sparse25",5,10,"Raw","M2","JKI",99,0.343696854385226,0.343696854385226,0.202964940098507,0.793331268517101,0.755790042562257
"Sparse25",5,10,"Raw","M3","ABR33",100,0.45053056947509,0.45053056947509,0.192368156803151,1.36248194754489,1.26920157647531
"Sparse25",5,10,"Raw","M3","JKI",99,0.424752534410286,0.424752534410286,0.232960342443292,0.772461431310375,0.755790042562257
"Sparse25",5,15,"Group_adjusted","M1","ABR33",100,-0.0560196724319461,0.447060782544711,-0.0832456899392759,1.37476295167167,1.36875165109941
"Sparse25",5,15,"Group_adjusted","M1","JKI",99,0.166040132325447,0.434892288145438,0.204732072243577,0.726513306042428,0.712976875517033
"Sparse25",5,15,"Group_adjusted","M2","ABR33",100,0.114714410597068,0.452608997005117,0.0729227347986945,1.36299308010988,1.36875165109941
"Sparse25",5,15,"Group_adjusted","M2","JKI",99,0.265588338426231,0.467646407964569,0.27718008541049,0.717513174993449,0.712976875517033
"Sparse25",5,15,"Group_adjusted","M3","ABR33",100,0.15818286689242,0.458444502253913,0.141761694532846,1.3612475010176,1.36875165109941
"Sparse25",5,15,"Group_adjusted","M3","JKI",99,0.248764631447395,0.461770295276458,0.293303704461549,0.717378434869568,0.712976875517033
"Sparse25",5,15,"Raw","M1","ABR33",100,0.0330947451226103,0.0330947451226103,-0.09148350306881,1.58040588422894,1.36875165109941
"Sparse25",5,15,"Raw","M1","JKI",99,0.282326218523318,0.282326218523318,0.244758680877134,0.821941295577833,0.712976875517033
"Sparse25",5,15,"Raw","M2","ABR33",100,0.374803783655887,0.374803783655887,0.125799851535882,1.46712730464648,1.36875165109941
"Sparse25",5,15,"Raw","M2","JKI",99,0.21969294815184,0.21969294815184,0.323357098647413,0.869446134785637,0.712976875517033
"Sparse25",5,15,"Raw","M3","ABR33",100,0.371241723260407,0.371241723260407,0.169609610103455,1.45330557887713,1.36875165109941
"Sparse25",5,15,"Raw","M3","JKI",99,0.288278310518586,0.288278310518586,0.334480893248098,0.796712353242227,0.712976875517033
"Sparse25",5,20,"Group_adjusted","M1","ABR33",100,0.177806638807435,0.516843118394423,0.172986011145033,1.37349855131744,1.3777151323545
"Sparse25",5,20,"Group_adjusted","M1","JKI",99,0.183900718594372,0.509861922541789,0.206691720410414,0.746107281436946,0.750866135187357
"Sparse25",5,20,"Group_adjusted","M2","ABR33",100,0.281630076504679,0.532715393466193,0.305086520757179,1.36293553931961,1.3777151323545
"Sparse25",5,20,"Group_adjusted","M2","JKI",99,0.262902787280788,0.543546480737396,0.293167269799506,0.736569630652569,0.750866135187357
"Sparse25",5,20,"Group_adjusted","M3","ABR33",100,0.252814153738386,0.531483582387298,0.269734266062934,1.36553819269251,1.3777151323545
"Sparse25",5,20,"Group_adjusted","M3","JKI",99,0.292077561084121,0.569507055802785,0.282713622798601,0.72831507376336,0.750866135187357
"Sparse25",5,20,"Raw","M1","ABR33",100,0.128275447801686,0.128275447801686,0.175039524962781,1.5686788472082,1.3777151323545
"Sparse25",5,20,"Raw","M1","JKI",99,0.10539858240603,0.10539858240603,0.14983468479302,0.83408717091112,0.750866135187357
"Sparse25",5,20,"Raw","M2","ABR33",100,0.421133279968052,0.421133279968052,0.296234472893774,1.49412142523417,1.3777151323545
"Sparse25",5,20,"Raw","M2","JKI",99,0.13902121995261,0.13902121995261,0.246593489377619,0.840272761280097,0.750866135187357
"Sparse25",5,20,"Raw","M3","ABR33",100,0.39106675610681,0.39106675610681,0.243097643541643,1.46567127329179,1.3777151323545
"Sparse25",5,20,"Raw","M3","JKI",99,0.290030294137929,0.290030294137929,0.249272682626444,0.809513397551117,0.750866135187357
"Sparse25",5,25,"Group_adjusted","M1","ABR33",100,NA,0.541370186976073,NA,1.28106573004968,1.28372298708223
"Sparse25",5,25,"Group_adjusted","M1","JKI",99,NA,0.461238166532981,NA,0.671835487490176,0.673598397089302
"Sparse25",5,25,"Group_adjusted","M2","ABR33",100,0.374712596853368,0.560626408237159,0.394380694093478,1.27379241098174,1.28372298708223
"Sparse25",5,25,"Group_adjusted","M2","JKI",99,0.395021850371496,0.492117369937501,0.354116097039866,0.663024030447545,0.673598397089302
"Sparse25",5,25,"Group_adjusted","M3","ABR33",100,0.256144902738272,0.568314598793559,0.271830923772851,1.26035829268945,1.28372298708223
"Sparse25",5,25,"Group_adjusted","M3","JKI",99,0.352344164707724,0.510895725617831,0.312067072256746,0.648504812427714,0.673598397089302
"Sparse25",5,25,"Raw","M1","ABR33",100,NA,NA,NA,1.56805051298148,1.28372298708223
"Sparse25",5,25,"Raw","M1","JKI",99,NA,NA,NA,0.775452793204976,0.673598397089302
"Sparse25",5,25,"Raw","M2","ABR33",100,0.48001066277266,0.48001066277266,0.352549862039304,1.47773427338392,1.28372298708223
"Sparse25",5,25,"Raw","M2","JKI",99,0.153633284796531,0.153633284796531,0.266814156058648,0.76957939163178,0.673598397089302
"Sparse25",5,25,"Raw","M3","ABR33",100,0.458303103805383,0.458303103805383,0.245621782929018,1.42325495303856,1.28372298708223
"Sparse25",5,25,"Raw","M3","JKI",99,0.436711972583615,0.436711972583615,0.313720106946359,0.724595105112006,0.673598397089302
"Sparse25",6,0,"Group_adjusted","M1","ABR33",100,0.286037038656008,0.531782806502932,0.289241573771129,1.41694716580487,1.43968710636503
"Sparse25",6,0,"Group_adjusted","M1","JKI",99,0.0805905322956647,0.536396965636622,0.079987309939822,0.646760659894766,0.648384216101665
"Sparse25",6,0,"Group_adjusted","M2","ABR33",100,0.350421994462413,0.556674418449416,0.35136612742226,1.39112060752513,1.43968710636503
"Sparse25",6,0,"Group_adjusted","M2","JKI",99,0.143204636918518,0.541416482918298,0.14634003469399,0.642298050868877,0.648384216101665
"Sparse25",6,0,"Group_adjusted","M3","ABR33",100,0.365317598839269,0.556127546941742,0.37137290536332,1.3901774320274,1.43968710636503
"Sparse25",6,0,"Group_adjusted","M3","JKI",99,0.219524254540599,0.568577195759902,0.224694391627913,0.633296640751235,0.648384216101665
"Sparse25",6,0,"Raw","M1","ABR33",100,0.336941695210419,0.336941695210419,0.291464973962728,1.58780756878503,1.43968710636503
"Sparse25",6,0,"Raw","M1","JKI",99,0.255485595384863,0.255485595384863,0.0700356105031027,0.748572057351044,0.648384216101665
"Sparse25",6,0,"Raw","M2","ABR33",100,0.576027407648192,0.576027407648192,0.395629741745732,1.49843505304532,1.43968710636503
"Sparse25",6,0,"Raw","M2","JKI",99,0.356846113707429,0.356846113707429,0.176083369825274,0.713184873035259,0.648384216101665
"Sparse25",6,0,"Raw","M3","ABR33",100,0.565831558268245,0.565831558268245,0.401347133814208,1.46798552663288,1.43968710636503
"Sparse25",6,0,"Raw","M3","JKI",99,0.430287618740173,0.430287618740173,0.215558914101513,0.706248545521386,0.648384216101665
"Sparse25",6,5,"Group_adjusted","M1","ABR33",100,0.138184676279425,0.411010503187357,0.105371797602001,1.44459485809362,1.45282284858795
"Sparse25",6,5,"Group_adjusted","M1","JKI",99,0.172502670470249,0.501130305880965,0.16339075215989,0.70855278900704,0.735811915997745
"Sparse25",6,5,"Group_adjusted","M2","ABR33",100,0.168293524084535,0.411275097408917,0.155602295825923,1.43709923893772,1.45282284858795
"Sparse25",6,5,"Group_adjusted","M2","JKI",99,0.229606939049055,0.513745847524594,0.218827489632203,0.693115992163375,0.735811915997745
"Sparse25",6,5,"Group_adjusted","M3","ABR33",100,0.276430409595869,0.419158950271385,0.151377905450435,1.42695760710853,1.45282284858795
"Sparse25",6,5,"Group_adjusted","M3","JKI",99,0.240020630335675,0.516668050080768,0.232356219746229,0.69532555200878,0.735811915997745
"Sparse25",6,5,"Raw","M1","ABR33",100,0.131397990900214,0.131397990900214,0.0438193382639774,1.48717218853652,1.45282284858795
"Sparse25",6,5,"Raw","M1","JKI",99,0.403902259424825,0.403902259424825,0.327401458893629,0.700785630245425,0.735811915997745
"Sparse25",6,5,"Raw","M2","ABR33",100,0.234410613329108,0.234410613329108,0.143343279958065,1.46743514778341,1.45282284858795
"Sparse25",6,5,"Raw","M2","JKI",99,0.455164789684076,0.455164789684076,0.352001331105087,0.679335259450944,0.735811915997745
"Sparse25",6,5,"Raw","M3","ABR33",100,0.311662039302313,0.311662039302313,0.147435945917231,1.45749925657823,1.45282284858795
"Sparse25",6,5,"Raw","M3","JKI",99,0.463881850887808,0.463881850887808,0.351670548643609,0.677307913089688,0.735811915997745
"Sparse25",6,10,"Group_adjusted","M1","ABR33",100,0.315549343921338,0.322082685483325,0.342283384860581,1.52491359798185,1.5367666835222
"Sparse25",6,10,"Group_adjusted","M1","JKI",99,0.270902404989391,0.501166448726763,0.277613718919012,0.740647650462718,0.76386377633294
"Sparse25",6,10,"Group_adjusted","M2","ABR33",100,0.418250386346424,0.340923965224723,0.38531046695391,1.51131291066824,1.5367666835222
"Sparse25",6,10,"Group_adjusted","M2","JKI",99,0.310050747019739,0.519578005199541,0.312993908562388,0.727420698965436,0.76386377633294
"Sparse25",6,10,"Group_adjusted","M3","ABR33",100,0.43546804743269,0.344790069306624,0.377033138108636,1.5085349694226,1.5367666835222
"Sparse25",6,10,"Group_adjusted","M3","JKI",99,0.303555874839385,0.516775260429462,0.295609320540726,0.731717298949428,0.76386377633294
"Sparse25",6,10,"Raw","M1","ABR33",100,0.30953640527195,0.30953640527195,0.313534590933543,1.59176875596556,1.5367666835222
"Sparse25",6,10,"Raw","M1","JKI",99,0.226053939503938,0.226053939503938,0.270851828814741,0.879204106890302,0.76386377633294
"Sparse25",6,10,"Raw","M2","ABR33",100,0.448064493965845,0.448064493965845,0.314943102535401,1.529188533249,1.5367666835222
"Sparse25",6,10,"Raw","M2","JKI",99,0.196688347879375,0.196688347879375,0.257991433040627,0.874931585581836,0.76386377633294
"Sparse25",6,10,"Raw","M3","ABR33",100,0.362934020586158,0.362934020586158,0.279402153017108,1.49549123743593,1.5367666835222
"Sparse25",6,10,"Raw","M3","JKI",99,0.250841724914178,0.250841724914178,0.203698407237727,0.867929528695297,0.76386377633294
"Sparse25",6,15,"Group_adjusted","M1","ABR33",100,0.120519745536023,0.503223703817495,0.100600625065577,1.31693432589758,1.32144642431705
"Sparse25",6,15,"Group_adjusted","M1","JKI",99,0.156298954399316,0.517747144506632,0.149404398280393,0.69550723844981,0.705092909989502
"Sparse25",6,15,"Group_adjusted","M2","ABR33",100,0.13302077407854,0.506984506774785,0.122762853728678,1.31395937799767,1.32144642431705
"Sparse25",6,15,"Group_adjusted","M2","JKI",99,0.129547928447533,0.503526287860938,0.124905912220815,0.706582004819361,0.705092909989502
"Sparse25",6,15,"Group_adjusted","M3","ABR33",100,0.134546805298405,0.508470718489318,0.090973252664065,1.31255728848781,1.32144642431705
"Sparse25",6,15,"Group_adjusted","M3","JKI",99,0.16310091833001,0.515996934472747,0.166472225082887,0.698580484754641,0.705092909989502
"Sparse25",6,15,"Raw","M1","ABR33",100,0.195344387135538,0.195344387135538,0.166349229308393,1.5145110632757,1.32144642431705
"Sparse25",6,15,"Raw","M1","JKI",99,0.125837644147725,0.125837644147725,0.153081587210217,0.814590300291265,0.705092909989502
"Sparse25",6,15,"Raw","M2","ABR33",100,0.396830784038956,0.396830784038956,0.165675350571371,1.4288468416317,1.32144642431705
"Sparse25",6,15,"Raw","M2","JKI",99,0.123542449196389,0.123542449196389,0.122920477509298,0.855566827267564,0.705092909989502
"Sparse25",6,15,"Raw","M3","ABR33",100,0.367216793292627,0.367216793292627,0.128178111811956,1.41489209913567,1.32144642431705
"Sparse25",6,15,"Raw","M3","JKI",99,0.199847682090271,0.199847682090271,0.165825543768503,0.803212622992325,0.705092909989502
"Sparse25",6,20,"Group_adjusted","M1","ABR33",100,0.057228096960206,0.521695373490895,0.0120967266833167,1.26685328386853,1.2694877731619
"Sparse25",6,20,"Group_adjusted","M1","JKI",99,0.0882685363582737,0.432853875416322,0.0188592757391394,0.742138068303928,0.744011840148182
"Sparse25",6,20,"Group_adjusted","M2","ABR33",100,0.206417399468738,0.529419617331084,0.171844215068778,1.25759923475777,1.2694877731619
"Sparse25",6,20,"Group_adjusted","M2","JKI",99,0.217041580096585,0.467665908749337,0.171403267620827,0.733251946296062,0.744011840148182
"Sparse25",6,20,"Group_adjusted","M3","ABR33",100,0.0892604789693575,0.527930502194635,0.212266029733313,1.26221475647616,1.2694877731619
"Sparse25",6,20,"Group_adjusted","M3","JKI",99,0.253379817427481,0.479130418585915,0.152512031808655,0.732419579286682,0.744011840148182
"Sparse25",6,20,"Raw","M1","ABR33",100,0.0502608648789573,0.0502608648789573,-0.0186956461222887,1.47278268301982,1.2694877731619
"Sparse25",6,20,"Raw","M1","JKI",99,0.0799591236327094,0.0799591236327094,-0.0347342964097959,0.814866623684064,0.744011840148182
"Sparse25",6,20,"Raw","M2","ABR33",100,0.362346256691294,0.362346256691294,0.0908669825608238,1.39605821366432,1.2694877731619
"Sparse25",6,20,"Raw","M2","JKI",99,0.0625752607145803,0.0625752607145803,0.0117007595387139,0.852872848972849,0.744011840148182
"Sparse25",6,20,"Raw","M3","ABR33",100,0.355779232882324,0.355779232882324,0.0908961745108504,1.37900799964535,1.2694877731619
"Sparse25",6,20,"Raw","M3","JKI",99,0.150854360768891,0.150854360768891,0.0169215445926129,0.811705380238268,0.744011840148182
"Sparse25",6,25,"Group_adjusted","M1","ABR33",100,NA,0.504953924275737,NA,1.31207828908541,1.31236128367881
"Sparse25",6,25,"Group_adjusted","M1","JKI",99,NA,0.512708143020864,NA,0.673913635945812,0.671727539431805
"Sparse25",6,25,"Group_adjusted","M2","ABR33",100,0.273725162646795,0.514324638533748,0.239507627856587,1.29680093801577,1.31236128367881
"Sparse25",6,25,"Group_adjusted","M2","JKI",99,0.407491735601419,0.542279068440907,0.430377487807729,0.639440894840414,0.671727539431805
"Sparse25",6,25,"Group_adjusted","M3","ABR33",100,0.34454284424694,0.520416776392706,0.3159993547237,1.28972700453775,1.31236128367881
"Sparse25",6,25,"Group_adjusted","M3","JKI",99,0.451733378518709,0.557577205097269,0.406938759722708,0.631576238091859,0.671727539431805
"Sparse25",6,25,"Raw","M1","ABR33",100,NA,NA,NA,1.47241560887899,1.31236128367881
"Sparse25",6,25,"Raw","M1","JKI",99,NA,NA,NA,0.75181426789082,0.671727539431805
"Sparse25",6,25,"Raw","M2","ABR33",100,0.504735229200158,0.504735229200158,0.262245661770622,1.3614316489574,1.31236128367881
"Sparse25",6,25,"Raw","M2","JKI",99,0.28389193633299,0.28389193633299,0.407027108210603,0.687562898348914,0.671727539431805
"Sparse25",6,25,"Raw","M3","ABR33",100,0.511736787564595,0.511736787564595,0.277182662262744,1.3058708193152,1.31236128367881
"Sparse25",6,25,"Raw","M3","JKI",99,0.550742822460943,0.550742822460943,0.401730751990039,0.672116349282761,0.671727539431805
"Sparse25",7,0,"Group_adjusted","M1","ABR33",100,0.116103146913888,0.545648158588252,0.117579452945331,1.23357397994691,1.23820124057753
"Sparse25",7,0,"Group_adjusted","M1","JKI",99,0.21566134782439,0.484501369837988,0.234609262516992,0.749622485770343,0.765861568949847
"Sparse25",7,0,"Group_adjusted","M2","ABR33",100,0.179140791812163,0.554594352373454,0.240805193155373,1.22011898604893,1.23820124057753
"Sparse25",7,0,"Group_adjusted","M2","JKI",99,0.301829455830034,0.515832951657954,0.296344932018946,0.73114559500334,0.765861568949847
"Sparse25",7,0,"Group_adjusted","M3","ABR33",100,0.172704377980107,0.55546267459848,0.252596188094313,1.22043248088498,1.23820124057753
"Sparse25",7,0,"Group_adjusted","M3","JKI",99,0.308288901572604,0.516990948847272,0.322637215387025,0.729644832666034,0.765861568949847
"Sparse25",7,0,"Raw","M1","ABR33",100,0.162635893162784,0.162635893162784,0.0675720407351312,1.45279930429932,1.23820124057753
"Sparse25",7,0,"Raw","M1","JKI",99,0.216911393499663,0.216911393499663,0.191564811524509,0.804961170414886,0.765861568949847
"Sparse25",7,0,"Raw","M2","ABR33",100,0.41253070991176,0.41253070991176,0.172724584553267,1.35656696568711,1.23820124057753
"Sparse25",7,0,"Raw","M2","JKI",99,0.23076826362857,0.23076826362857,0.226971294527255,0.819266255033282,0.765861568949847
"Sparse25",7,0,"Raw","M3","ABR33",100,0.37241076914335,0.37241076914335,0.208769367779863,1.33458484034417,1.23820124057753
"Sparse25",7,0,"Raw","M3","JKI",99,0.336739869899326,0.336739869899326,0.253724759714691,0.777832512205421,0.765861568949847
"Sparse25",7,5,"Group_adjusted","M1","ABR33",100,0.257079283622006,0.584909604380682,0.264783049514902,1.34194685987092,1.35344513604783
"Sparse25",7,5,"Group_adjusted","M1","JKI",99,0.248876990997139,0.524209708375993,0.260544511267488,0.669384385665563,0.688509778995139
"Sparse25",7,5,"Group_adjusted","M2","ABR33",100,0.260947460741576,0.599358408305557,0.262843986400668,1.3315197306757,1.35344513604783
"Sparse25",7,5,"Group_adjusted","M2","JKI",99,0.298675666223879,0.549955997901643,0.317459185522044,0.657550196215824,0.688509778995139
"Sparse25",7,5,"Group_adjusted","M3","ABR33",100,0.266992989396329,0.59804740201835,0.249963885053001,1.32710764129466,1.35344513604783
"Sparse25",7,5,"Group_adjusted","M3","JKI",99,0.358748052028471,0.560696032938179,0.367134542449321,0.649491122378048,0.688509778995139
"Sparse25",7,5,"Raw","M1","ABR33",100,0.332693984040932,0.332693984040932,0.250684826278198,1.54428722631273,1.35344513604783
"Sparse25",7,5,"Raw","M1","JKI",99,0.327180016629323,0.327180016629323,0.242421715549959,0.753966420179336,0.688509778995139
"Sparse25",7,5,"Raw","M2","ABR33",100,0.553776495563043,0.553776495563043,0.284793285419347,1.4697663973512,1.35344513604783
"Sparse25",7,5,"Raw","M2","JKI",99,0.370943700646871,0.370943700646871,0.30146199234707,0.728048025391733,0.688509778995139
"Sparse25",7,5,"Raw","M3","ABR33",100,0.52722549401323,0.52722549401323,0.254070482125952,1.4301460576715,1.35344513604783
"Sparse25",7,5,"Raw","M3","JKI",99,0.46301515514034,0.46301515514034,0.361606543435417,0.714547442979126,0.688509778995139
"Sparse25",7,10,"Group_adjusted","M1","ABR33",100,0.0812986139536688,0.55386656076943,0.0767734805441946,1.27134884841655,1.27290499667962
"Sparse25",7,10,"Group_adjusted","M1","JKI",99,0.181291484672617,0.448103603122388,0.154760427470122,0.758968016896403,0.788112889762657
"Sparse25",7,10,"Group_adjusted","M2","ABR33",100,0.203120006784133,0.568228267586386,0.213731600836698,1.26061196454977,1.27290499667962
"Sparse25",7,10,"Group_adjusted","M2","JKI",99,0.223599481271,0.459512705000472,0.200514388638278,0.754113942976251,0.788112889762657
"Sparse25",7,10,"Group_adjusted","M3","ABR33",100,0.169733500524134,0.567342914464148,0.242974407037028,1.2584684009991,1.27290499667962
"Sparse25",7,10,"Group_adjusted","M3","JKI",99,0.284145405791775,0.489882073096404,0.197032676552816,0.729490170903334,0.788112889762657
"Sparse25",7,10,"Raw","M1","ABR33",100,0.141881228326566,0.141881228326566,0.0705081346990108,1.4837849032498,1.27290499667962
"Sparse25",7,10,"Raw","M1","JKI",99,0.300613447038526,0.300613447038526,0.212237684884122,0.812171733869907,0.788112889762657
"Sparse25",7,10,"Raw","M2","ABR33",100,0.505008876110488,0.505008876110488,0.229475113073456,1.40829043027527,1.27290499667962
"Sparse25",7,10,"Raw","M2","JKI",99,0.409126247891439,0.409126247891439,0.261496429882075,0.767522661120261,0.788112889762657
"Sparse25",7,10,"Raw","M3","ABR33",100,0.544765409498214,0.544765409498214,0.256762693996885,1.35411163333868,1.27290499667962
"Sparse25",7,10,"Raw","M3","JKI",99,0.42588847264374,0.42588847264374,0.274171094000161,0.763520989160824,0.788112889762657
"Sparse25",7,15,"Group_adjusted","M1","ABR33",100,0.163620228471235,0.511124254008151,0.127163458527183,1.40035616581829,1.40469831471734
"Sparse25",7,15,"Group_adjusted","M1","JKI",99,0.0587562345041213,0.282680039394003,0.0655434038094105,0.816309621706568,0.813718630397939
"Sparse25",7,15,"Group_adjusted","M2","ABR33",100,0.370441244127678,0.532439562200119,0.273894135470453,1.3856285684672,1.40469831471734
"Sparse25",7,15,"Group_adjusted","M2","JKI",99,0.0996623230110869,0.267114907230668,0.094128045349109,0.820413488750253,0.813718630397939
"Sparse25",7,15,"Group_adjusted","M3","ABR33",100,0.391988026897335,0.534950786420292,0.283715024621003,1.38173755928947,1.40469831471734
"Sparse25",7,15,"Group_adjusted","M3","JKI",99,0.0859106511189378,0.269491314368929,0.083128532846351,0.819456544503977,0.813718630397939
"Sparse25",7,15,"Raw","M1","ABR33",100,0.246588556126932,0.246588556126932,0.173892368031427,1.55984716297434,1.40469831471734
"Sparse25",7,15,"Raw","M1","JKI",99,0.0199465560557462,0.0199465560557462,0.0163394005247976,0.870484036234142,0.813718630397939
"Sparse25",7,15,"Raw","M2","ABR33",100,0.422616750983506,0.422616750983506,0.216951520902917,1.49335925205854,1.40469831471734
"Sparse25",7,15,"Raw","M2","JKI",99,0.0513304796347862,0.0513304796347862,0.0463465873308513,0.886328112595177,0.813718630397939
"Sparse25",7,15,"Raw","M3","ABR33",100,0.416201142985101,0.416201142985101,0.220722934327988,1.46393886188762,1.40469831471734
"Sparse25",7,15,"Raw","M3","JKI",99,0.0503558552609449,0.0503558552609449,0.0449971609037235,0.875188894974143,0.813718630397939
"Sparse25",7,20,"Group_adjusted","M1","ABR33",100,0.28999941243133,0.595157035586665,0.305738835507951,1.13074545955086,1.14332011519477
"Sparse25",7,20,"Group_adjusted","M1","JKI",99,0.0105518859174052,0.466094664706767,-0.0113906729171274,0.688792381393771,0.679641041040298
"Sparse25",7,20,"Group_adjusted","M2","ABR33",100,0.440443687319709,0.617569523131872,0.479917339635888,1.10830601629215,1.14332011519477
"Sparse25",7,20,"Group_adjusted","M2","JKI",99,0.13019595139197,0.48439897283721,0.0983799601578868,0.680664904430997,0.679641041040298
"Sparse25",7,20,"Group_adjusted","M3","ABR33",100,0.540249052276628,0.63097400702292,0.534393148611461,1.09523489401832,1.14332011519477
"Sparse25",7,20,"Group_adjusted","M3","JKI",99,0.15816480087026,0.495846776750525,0.122657491798719,0.675888066449336,0.679641041040298
"Sparse25",7,20,"Raw","M1","ABR33",100,0.259832292639815,0.259832292639815,0.252782232135558,1.39205355263218,1.14332011519477
"Sparse25",7,20,"Raw","M1","JKI",99,-0.0113173240351534,-0.0113173240351534,0.02182358067962,0.789421157154946,0.679641041040298
"Sparse25",7,20,"Raw","M2","ABR33",100,0.514173391474741,0.514173391474741,0.386711956756703,1.30885746723675,1.14332011519477
"Sparse25",7,20,"Raw","M2","JKI",99,0.138562611733691,0.138562611733691,0.11470534581433,0.785447094152334,0.679641041040298
"Sparse25",7,20,"Raw","M3","ABR33",100,0.488557376782983,0.488557376782983,0.437470078775325,1.25362424724366,1.14332011519477
"Sparse25",7,20,"Raw","M3","JKI",99,0.144425115526769,0.144425115526769,0.13593409971643,0.777090011120793,0.679641041040298
"Sparse25",7,25,"Group_adjusted","M1","ABR33",100,NA,0.442351875251032,NA,1.38736121923752,1.38697980472172
"Sparse25",7,25,"Group_adjusted","M1","JKI",99,NA,0.427921120626078,NA,0.772729330624051,0.772547563331593
"Sparse25",7,25,"Group_adjusted","M2","ABR33",100,0.186271015711922,0.451693729408915,0.183644143898718,1.37808165704876,1.38697980472172
"Sparse25",7,25,"Group_adjusted","M2","JKI",99,0.238838052958727,0.452387760488877,0.414676269277126,0.776468734129601,0.772547563331593
"Sparse25",7,25,"Group_adjusted","M3","ABR33",100,0.0747047337514831,0.446718061900548,0.16016033609871,1.38343223648051,1.38697980472172
"Sparse25",7,25,"Group_adjusted","M3","JKI",99,0.454049925638399,0.4651098436808,0.380016815285782,0.758856044522586,0.772547563331593
"Sparse25",7,25,"Raw","M1","ABR33",100,NA,NA,NA,1.47424467297403,1.38697980472172
"Sparse25",7,25,"Raw","M1","JKI",99,NA,NA,NA,0.746698198961724,0.772547563331593
"Sparse25",7,25,"Raw","M2","ABR33",100,0.438210720762285,0.438210720762285,0.199338284975518,1.35987033525682,1.38697980472172
"Sparse25",7,25,"Raw","M2","JKI",99,0.150515774200553,0.150515774200553,0.374055834904759,0.839875600111792,0.772547563331593
"Sparse25",7,25,"Raw","M3","ABR33",100,0.446006781669446,0.446006781669446,0.166140994213634,1.34664760633992,1.38697980472172
"Sparse25",7,25,"Raw","M3","JKI",99,0.187527803591352,0.187527803591352,0.370286601160313,0.784733128813271,0.772547563331593
"Sparse25",8,0,"Group_adjusted","M1","ABR33",100,0.233691126978394,0.567199432830328,0.240820447694716,1.14460422487022,1.15977903119691
"Sparse25",8,0,"Group_adjusted","M1","JKI",99,0.204136705924065,0.492378487750905,0.208255237364085,0.692274398230184,0.700253782202279
"Sparse25",8,0,"Group_adjusted","M2","ABR33",100,0.376785332021189,0.584035895778153,0.345606320653034,1.1277582504443,1.15977903119691
"Sparse25",8,0,"Group_adjusted","M2","JKI",99,0.252296695437439,0.504941530196896,0.25043241559734,0.691244727278661,0.700253782202279
"Sparse25",8,0,"Group_adjusted","M3","ABR33",100,0.409488721347144,0.58821555890956,0.392642917504374,1.12351126069206,1.15977903119691
"Sparse25",8,0,"Group_adjusted","M3","JKI",99,0.24600050190243,0.508196218384301,0.256124024541098,0.687685630654967,0.700253782202279
"Sparse25",8,0,"Raw","M1","ABR33",100,0.315284022240797,0.315284022240797,0.165344225992882,1.3985287417319,1.15977903119691
"Sparse25",8,0,"Raw","M1","JKI",99,0.295160664390115,0.295160664390115,0.220543990614099,0.744913714938026,0.700253782202279
"Sparse25",8,0,"Raw","M2","ABR33",100,0.533977867261499,0.533977867261499,0.246241768332448,1.29082691430329,1.15977903119691
"Sparse25",8,0,"Raw","M2","JKI",99,0.316291675186135,0.316291675186135,0.258325241290036,0.777334057744679,0.700253782202279
"Sparse25",8,0,"Raw","M3","ABR33",100,0.512173845870205,0.512173845870205,0.307320519953166,1.23536149750178,1.15977903119691
"Sparse25",8,0,"Raw","M3","JKI",99,0.376577561102885,0.376577561102885,0.279475836334607,0.726603115753982,0.700253782202279
"Sparse25",8,5,"Group_adjusted","M1","ABR33",100,0.166220848324833,0.552472572819658,0.164051840607921,1.2003058390792,1.21165762114517
"Sparse25",8,5,"Group_adjusted","M1","JKI",99,0.269731197905465,0.524351800791,0.287002388117669,0.674845408342112,0.700942880600964
"Sparse25",8,5,"Group_adjusted","M2","ABR33",100,0.269377691539345,0.565350461392903,0.274188592164569,1.18314644565007,1.21165762114517
"Sparse25",8,5,"Group_adjusted","M2","JKI",99,0.324784714995288,0.555480191102752,0.343307021829551,0.662317816859764,0.700942880600964
"Sparse25",8,5,"Group_adjusted","M3","ABR33",100,0.273435006023037,0.569032602495658,0.288323621133232,1.18217071070677,1.21165762114517
"Sparse25",8,5,"Group_adjusted","M3","JKI",99,0.314539004009593,0.552677183729102,0.353026621215082,0.665095954040414,0.700942880600964
"Sparse25",8,5,"Raw","M1","ABR33",100,0.175532170935894,0.175532170935894,0.0796745382262153,1.43214722150234,1.21165762114517
"Sparse25",8,5,"Raw","M1","JKI",99,0.364980479186971,0.364980479186971,0.299031909868886,0.728832432443776,0.700942880600964
"Sparse25",8,5,"Raw","M2","ABR33",100,0.522086716561479,0.522086716561479,0.222121701297138,1.32349676163844,1.21165762114517
"Sparse25",8,5,"Raw","M2","JKI",99,0.406617916617693,0.406617916617693,0.360688799612141,0.715417064954511,0.700942880600964
"Sparse25",8,5,"Raw","M3","ABR33",100,0.525368155031823,0.525368155031823,0.255244431773468,1.27980225516686,1.21165762114517
"Sparse25",8,5,"Raw","M3","JKI",99,0.470988141366127,0.470988141366127,0.372639923140832,0.687430574231383,0.700942880600964
"Sparse25",8,10,"Group_adjusted","M1","ABR33",100,0.368372741866137,0.523346876210245,0.38062959507653,1.27384199735365,1.29352666039123
"Sparse25",8,10,"Group_adjusted","M1","JKI",99,0.142829018314541,0.492429443498412,0.137135454957735,0.745139424254428,0.759413736076824
"Sparse25",8,10,"Group_adjusted","M2","ABR33",100,0.325028596135154,0.531019935627816,0.342242880315854,1.26786027755075,1.29352666039123
"Sparse25",8,10,"Group_adjusted","M2","JKI",99,0.170096466795074,0.434245541419557,0.153086251536434,0.744912148702256,0.759413736076824
"Sparse25",8,10,"Group_adjusted","M3","ABR33",100,0.342635865139795,0.533139847895241,0.360520553651248,1.26579265098198,1.29352666039123
"Sparse25",8,10,"Group_adjusted","M3","JKI",99,0.18688082249196,0.465432311782531,0.167291339505053,0.738435889825107,0.759413736076824
"Sparse25",8,10,"Raw","M1","ABR33",100,0.329365836803634,0.329365836803634,0.368972389712335,1.46885732106206,1.29352666039123
"Sparse25",8,10,"Raw","M1","JKI",99,0.250007509436076,0.250007509436076,0.144644804174408,0.806410086363056,0.759413736076824
"Sparse25",8,10,"Raw","M2","ABR33",100,0.502372749693594,0.502372749693594,0.235068554058527,1.40075201670578,1.29352666039123
"Sparse25",8,10,"Raw","M2","JKI",99,0.303496950851843,0.303496950851843,0.143785076672776,0.791604944514925,0.759413736076824
"Sparse25",8,10,"Raw","M3","ABR33",100,0.50322570068215,0.50322570068215,0.249600990679495,1.34937732773292,1.29352666039123
"Sparse25",8,10,"Raw","M3","JKI",99,0.335374631650386,0.335374631650386,0.151273634520962,0.780687544640128,0.759413736076824
"Sparse25",8,15,"Group_adjusted","M1","ABR33",100,0.111957912027552,0.557515689045222,0.113698741071219,1.3503159639625,1.35260953574176
"Sparse25",8,15,"Group_adjusted","M1","JKI",99,0.230455563631437,0.506968313453198,0.220825504068259,0.720393438396186,0.727192968714682
"Sparse25",8,15,"Group_adjusted","M2","ABR33",100,0.237628321282249,0.570778556535196,0.260973880225231,1.34244725185098,1.35260953574176
"Sparse25",8,15,"Group_adjusted","M2","JKI",99,0.28089321789279,0.52965315324017,0.25988768585345,0.710090845171946,0.727192968714682
"Sparse25",8,15,"Group_adjusted","M3","ABR33",100,0.252501296562108,0.5724913033416,0.237042542575412,1.33921337558641,1.35260953574176
"Sparse25",8,15,"Group_adjusted","M3","JKI",99,0.326121947845428,0.540536185581559,0.287748834105803,0.700969359644913,0.727192968714682
"Sparse25",8,15,"Raw","M1","ABR33",100,0.100641650501482,0.100641650501482,0.0844426586711317,1.58981301393615,1.35260953574176
"Sparse25",8,15,"Raw","M1","JKI",99,0.155073588233478,0.155073588233478,0.114347302555241,0.830858142475341,0.727192968714682
"Sparse25",8,15,"Raw","M2","ABR33",100,0.495207732853276,0.495207732853276,0.23259343256396,1.52175265810169,1.35260953574176
"Sparse25",8,15,"Raw","M2","JKI",99,0.224572610701054,0.224572610701054,0.139437383371159,0.824879612663653,0.727192968714682
"Sparse25",8,15,"Raw","M3","ABR33",100,0.464285215012256,0.464285215012256,0.18155573807193,1.49110438740471,1.35260953574176
"Sparse25",8,15,"Raw","M3","JKI",99,0.33903141260528,0.33903141260528,0.178309606765575,0.798778407850934,0.727192968714682
"Sparse25",8,20,"Group_adjusted","M1","ABR33",100,0.0442459403476626,0.546808018699434,0.0436515046509998,1.27699822206109,1.27813075838621
"Sparse25",8,20,"Group_adjusted","M1","JKI",99,0.0475920592740897,0.550747091624482,0.0555922246611134,0.669383822812725,0.671581549450383
"Sparse25",8,20,"Group_adjusted","M2","ABR33",100,0.145550682102673,0.552448950859388,0.166079138606591,1.26879660381087,1.27813075838621
"Sparse25",8,20,"Group_adjusted","M2","JKI",99,0.235311497863062,0.589541015779389,0.244230729974505,0.656076600276485,0.671581549450383
"Sparse25",8,20,"Group_adjusted","M3","ABR33",100,0.236572870823908,0.560521657433763,0.236985260551699,1.25916930312224,1.27813075838621
"Sparse25",8,20,"Group_adjusted","M3","JKI",99,0.248818593203042,0.592362138085512,0.25210491799974,0.654790516931244,0.671581549450383
"Sparse25",8,20,"Raw","M1","ABR33",100,0.0628895219962846,0.0628895219962846,0.0343493578549508,1.51294944848898,1.27813075838621
"Sparse25",8,20,"Raw","M1","JKI",99,0.00621080134728782,0.00621080134728782,-0.00211023805413044,0.783259978040898,0.671581549450383
"Sparse25",8,20,"Raw","M2","ABR33",100,0.480981814203735,0.480981814203735,0.205982576019011,1.45211845267946,1.27813075838621
"Sparse25",8,20,"Raw","M2","JKI",99,0.18241041373205,0.18241041373205,0.164287321851694,0.771265453657367,0.671581549450383
"Sparse25",8,20,"Raw","M3","ABR33",100,0.48716413456794,0.48716413456794,0.289988757449653,1.4034926678051,1.27813075838621
"Sparse25",8,20,"Raw","M3","JKI",99,0.328298452087293,0.328298452087293,0.162281676990241,0.759973825187077,0.671581549450383
"Sparse25",8,25,"Group_adjusted","M1","ABR33",100,NA,0.533732193679156,NA,1.28666635392142,1.28623883218167
"Sparse25",8,25,"Group_adjusted","M1","JKI",99,NA,0.484285011744299,NA,0.697726769266857,0.697343481050963
"Sparse25",8,25,"Group_adjusted","M2","ABR33",100,0.331563576897906,0.539914803358311,0.361206970633141,1.27917976716863,1.28623883218167
"Sparse25",8,25,"Group_adjusted","M2","JKI",99,0.238628602155057,0.495457322674008,0.215815958696266,0.692352010421402,0.697343481050963
"Sparse25",8,25,"Group_adjusted","M3","ABR33",100,0.275791541075835,0.545280861730093,0.311169100983243,1.27435651987221,1.28623883218167
"Sparse25",8,25,"Group_adjusted","M3","JKI",99,0.400211426643583,0.51393188876628,0.335351292876032,0.686965740649444,0.697343481050963
"Sparse25",8,25,"Raw","M1","ABR33",100,NA,NA,NA,1.5147704749039,1.28623883218167
"Sparse25",8,25,"Raw","M1","JKI",99,NA,NA,NA,0.811479869149017,0.697343481050963
"Sparse25",8,25,"Raw","M2","ABR33",100,0.421049780634988,0.421049780634988,0.0872591526908742,1.45351721470885,1.28623883218167
"Sparse25",8,25,"Raw","M2","JKI",99,0.0482558824903232,0.0482558824903232,-0.11733159122433,0.81789008311922,0.697343481050963
"Sparse25",8,25,"Raw","M3","ABR33",100,0.429543756477819,0.429543756477819,0.0647820618398135,1.41491919612891,1.28623883218167
"Sparse25",8,25,"Raw","M3","JKI",99,0.109921069052353,0.109921069052353,-0.0445640189071465,0.809138726520152,0.697343481050963
"Sparse25",9,0,"Group_adjusted","M1","ABR33",100,0.00874482485316287,0.509921223545561,0.0139234276606282,1.34586356311332,1.34475900485051
"Sparse25",9,0,"Group_adjusted","M1","JKI",99,0.106276879664808,0.489380552831735,0.115773041623224,0.75173356975201,0.75421162994489
"Sparse25",9,0,"Group_adjusted","M2","ABR33",100,0.0277297718651604,0.508967049022484,0.0541098556871077,1.34614817750168,1.34475900485051
"Sparse25",9,0,"Group_adjusted","M2","JKI",99,0.119250652570077,0.428017549429944,0.148537143238705,0.75500079932841,0.75421162994489
"Sparse25",9,0,"Group_adjusted","M3","ABR33",100,0.0362530471990665,0.509076176332629,0.086304628707023,1.34506696157633,1.34475900485051
"Sparse25",9,0,"Group_adjusted","M3","JKI",99,0.124004164707779,0.446083149986811,0.140962426468625,0.755158578911245,0.75421162994489
"Sparse25",9,0,"Raw","M1","ABR33",100,0.0325962235953724,0.0325962235953724,0.00881120176059228,1.55909167625127,1.34475900485051
"Sparse25",9,0,"Raw","M1","JKI",99,0.16867641286536,0.16867641286536,0.088665474078746,0.829403477603702,0.75421162994489
"Sparse25",9,0,"Raw","M2","ABR33",100,0.331706926339935,0.331706926339935,0.0835272161355139,1.50381102752069,1.34475900485051
"Sparse25",9,0,"Raw","M2","JKI",99,0.159941184008508,0.159941184008508,0.10974238893831,0.834374874721286,0.75421162994489
"Sparse25",9,0,"Raw","M3","ABR33",100,0.355040174824356,0.355040174824356,0.11053410737696,1.46467595713278,1.34475900485051
"Sparse25",9,0,"Raw","M3","JKI",99,0.210646780709414,0.210646780709414,0.085641722741552,0.822036013971772,0.75421162994489
"Sparse25",9,5,"Group_adjusted","M1","ABR33",100,0.15786845146365,0.47198576735553,0.115549929835549,1.41317466771339,1.41861421641549
"Sparse25",9,5,"Group_adjusted","M1","JKI",99,0.154080705425914,0.528726835679345,0.135594413899051,0.720402587751491,0.728835836878984
"Sparse25",9,5,"Group_adjusted","M2","ABR33",100,0.22045373762539,0.480797173983585,0.175023014615918,1.39944929903848,1.41861421641549
"Sparse25",9,5,"Group_adjusted","M2","JKI",99,0.177694976833574,0.492111134794233,0.154587604991409,0.716332031959292,0.728835836878984
"Sparse25",9,5,"Group_adjusted","M3","ABR33",100,0.24334486915428,0.483051510099301,0.234362384484877,1.39850142265422,1.41861421641549
"Sparse25",9,5,"Group_adjusted","M3","JKI",99,0.176541451393816,0.516579031295669,0.161862929620989,0.715334212422939,0.728835836878984
"Sparse25",9,5,"Raw","M1","ABR33",100,0.151538601716226,0.151538601716226,0.129741298912344,1.5019489628756,1.41861421641549
"Sparse25",9,5,"Raw","M1","JKI",99,0.221085534147067,0.221085534147067,0.101461874864811,0.821727860700333,0.728835836878984
"Sparse25",9,5,"Raw","M2","ABR33",100,0.394615810943798,0.394615810943798,0.154393324988258,1.42273340696437,1.41861421641549
"Sparse25",9,5,"Raw","M2","JKI",99,0.193348413684478,0.193348413684478,0.0667420509533049,0.872914914791758,0.728835836878984
"Sparse25",9,5,"Raw","M3","ABR33",100,0.350800732415402,0.350800732415402,0.131579228429228,1.45687936262678,1.41861421641549
"Sparse25",9,5,"Raw","M3","JKI",99,0.259774116530778,0.259774116530778,0.0898227117742333,0.80017414011274,0.728835836878984
"Sparse25",9,10,"Group_adjusted","M1","ABR33",100,0.171261184869284,0.505901430600988,0.182520239033663,1.40573806216364,1.41212706394315
"Sparse25",9,10,"Group_adjusted","M1","JKI",99,0.138455366437701,0.522400778324146,0.120963551580764,0.739522581862145,0.740597977554349
"Sparse25",9,10,"Group_adjusted","M2","ABR33",100,0.2642667174852,0.512408268517907,0.287426117123197,1.39659497613792,1.41212706394315
"Sparse25",9,10,"Group_adjusted","M2","JKI",99,0.191643841717456,0.530275417360187,0.197837095572017,0.730218370873344,0.740597977554349
"Sparse25",9,10,"Group_adjusted","M3","ABR33",100,0.345994323411561,0.520106814768885,0.365648656578536,1.38991083281325,1.41212706394315
"Sparse25",9,10,"Group_adjusted","M3","JKI",99,0.172118842955691,0.52274420116757,0.211115289058189,0.733014413843014,0.740597977554349
"Sparse25",9,10,"Raw","M1","ABR33",100,0.154062924026662,0.154062924026662,0.182172221367637,1.4610266610336,1.41212706394315
"Sparse25",9,10,"Raw","M1","JKI",99,0.301808165686817,0.301808165686817,0.179327851831932,0.870375922641751,0.740597977554349
"Sparse25",9,10,"Raw","M2","ABR33",100,0.49437816980344,0.49437816980344,0.307915914555673,1.39259599002588,1.41212706394315
"Sparse25",9,10,"Raw","M2","JKI",99,0.362450833367131,0.362450833367131,0.207841872164686,0.863071791595051,0.740597977554349
"Sparse25",9,10,"Raw","M3","ABR33",100,0.483605322695142,0.483605322695142,0.361399336059455,1.32464064238751,1.41212706394315
"Sparse25",9,10,"Raw","M3","JKI",99,0.39720560849753,0.39720560849753,0.229259111371752,0.835795103890247,0.740597977554349
"Sparse25",9,15,"Group_adjusted","M1","ABR33",100,0.0520922065489802,0.533042176408882,0.00229517395462548,1.30379085684625,1.30371702748398
"Sparse25",9,15,"Group_adjusted","M1","JKI",99,0.133372601717738,0.516155032074546,0.17687791619339,0.702619105811166,0.678761677823323
"Sparse25",9,15,"Group_adjusted","M2","ABR33",100,0.170639409297363,0.547457442000386,0.109066417981152,1.28825027896223,1.30371702748398
"Sparse25",9,15,"Group_adjusted","M2","JKI",99,0.161994229242025,0.522760383914781,0.222264620878186,0.6996893769123,0.678761677823323
"Sparse25",9,15,"Group_adjusted","M3","ABR33",100,0.204244938791804,0.549550454166139,0.152083644855902,1.28341126889481,1.30371702748398
"Sparse25",9,15,"Group_adjusted","M3","JKI",99,0.132113188481784,0.514520141415749,0.223691982585982,0.706531882172015,0.678761677823323
"Sparse25",9,15,"Raw","M1","ABR33",100,0.114521380240528,0.114521380240528,-0.00143775982748721,1.51843833377286,1.30371702748398
"Sparse25",9,15,"Raw","M1","JKI",99,0.114649989874949,0.114649989874949,0.0151212908727585,0.783876410609669,0.678761677823323
"Sparse25",9,15,"Raw","M2","ABR33",100,0.426028137519371,0.426028137519371,0.0447483155887598,1.44880750243689,1.30371702748398
"Sparse25",9,15,"Raw","M2","JKI",99,0.235712086637548,0.235712086637548,0.00185154172096305,0.778402907678794,0.678761677823323
"Sparse25",9,15,"Raw","M3","ABR33",100,0.425302472316073,0.425302472316073,0.0409306704080999,1.39668331485813,1.30371702748398
"Sparse25",9,15,"Raw","M3","JKI",99,0.2280450488022,0.2280450488022,0.0309577562146601,0.782840808335007,0.678761677823323
"Sparse25",9,20,"Group_adjusted","M1","ABR33",100,0.109244309277885,0.533367216814919,0.141238290696228,1.20025760586543,1.20347747232967
"Sparse25",9,20,"Group_adjusted","M1","JKI",99,-0.173871529126795,0.480273395508724,-0.154097507643611,0.712131915591999,0.676703227321545
"Sparse25",9,20,"Group_adjusted","M2","ABR33",100,0.35056510803872,0.551224859467306,0.332867550130916,1.17640374056547,1.20347747232967
"Sparse25",9,20,"Group_adjusted","M2","JKI",99,0.0082119105914965,0.501175773895595,0.0583983426002509,0.708678836598842,0.676703227321545
"Sparse25",9,20,"Group_adjusted","M3","ABR33",100,0.340367078374737,0.555837880695245,0.417282682079129,1.17609699075462,1.20347747232967
"Sparse25",9,20,"Group_adjusted","M3","JKI",99,0.0319347390174773,0.513157341812611,0.0963509774859725,0.694178985317006,0.676703227321545
"Sparse25",9,20,"Raw","M1","ABR33",100,0.13611170211166,0.13611170211166,0.143193576023251,1.3917729988832,1.20347747232967
"Sparse25",9,20,"Raw","M1","JKI",99,-0.0284350638688034,-0.0284350638688034,-0.079718512769995,0.83523619570959,0.676703227321545
"Sparse25",9,20,"Raw","M2","ABR33",100,0.417955813169306,0.417955813169306,0.342504367151838,1.30847061047547,1.20347747232967
"Sparse25",9,20,"Raw","M2","JKI",99,0.147705730604564,0.147705730604564,0.116739936253652,0.859861363857468,0.676703227321545
"Sparse25",9,20,"Raw","M3","ABR33",100,0.400531940335255,0.400531940335255,0.372044574114432,1.27654300017414,1.20347747232967
"Sparse25",9,20,"Raw","M3","JKI",99,0.249202985629817,0.249202985629817,0.143491163966102,0.811058104750959,0.676703227321545
"Sparse25",9,25,"Group_adjusted","M1","ABR33",100,NA,0.508046155427772,NA,1.38742827313651,1.3892300658827
"Sparse25",9,25,"Group_adjusted","M1","JKI",99,NA,0.378447006570481,NA,0.81105934826152,0.813336128684358
"Sparse25",9,25,"Group_adjusted","M2","ABR33",100,0.214853682572324,0.515647017287596,0.168656396817794,1.37932074464127,1.3892300658827
"Sparse25",9,25,"Group_adjusted","M2","JKI",99,0.305024753095338,0.425555584666583,0.203952552483357,0.797415405275741,0.813336128684358
"Sparse25",9,25,"Group_adjusted","M3","ABR33",100,0.304464506666075,0.527746700017358,0.237205471310924,1.37235208129407,1.3892300658827
"Sparse25",9,25,"Group_adjusted","M3","JKI",99,0.258793696493422,0.424913338176097,0.211711653155985,0.79209105918306,0.813336128684358
"Sparse25",9,25,"Raw","M1","ABR33",100,NA,NA,NA,1.59522822178743,1.3892300658827
"Sparse25",9,25,"Raw","M1","JKI",99,NA,NA,NA,0.879337009050543,0.813336128684358
"Sparse25",9,25,"Raw","M2","ABR33",100,0.385120965396897,0.385120965396897,0.130313706846254,1.54494298693932,1.3892300658827
"Sparse25",9,25,"Raw","M2","JKI",99,0.14597151039148,0.14597151039148,0.100735453136099,0.854935169095919,0.813336128684358
"Sparse25",9,25,"Raw","M3","ABR33",100,0.38219463061011,0.38219463061011,0.16531829442588,1.4843476841795,1.3892300658827
"Sparse25",9,25,"Raw","M3","JKI",99,0.180560844606303,0.180560844606303,0.220831414837372,0.858752788840536,0.813336128684358
"Sparse25",10,0,"Group_adjusted","M1","ABR33",100,0.214664835013774,0.414075499301036,0.258240060670348,1.523719080842,1.53210395420218
"Sparse25",10,0,"Group_adjusted","M1","JKI",99,0.132907096531473,0.492278476842976,0.13467168200997,0.690305813271738,0.690914636545052
"Sparse25",10,0,"Group_adjusted","M2","ABR33",100,0.150731566891326,0.422857114604399,0.305096017372163,1.52190263703134,1.53210395420218
"Sparse25",10,0,"Group_adjusted","M2","JKI",99,0.155184655909978,0.464937354710774,0.139545130970671,0.702286024933636,0.690914636545052
"Sparse25",10,0,"Group_adjusted","M3","ABR33",100,-0.0227816939209509,0.41723412749447,0.342013313712455,1.52750370347101,1.53210395420218
"Sparse25",10,0,"Group_adjusted","M3","JKI",99,0.166820462625768,0.486591283106702,0.175945695375404,0.691252861851825,0.690914636545052
"Sparse25",10,0,"Raw","M1","ABR33",100,0.331215924941736,0.331215924941736,0.302099381441034,1.48136103742645,1.53210395420218
"Sparse25",10,0,"Raw","M1","JKI",99,0.253468727913282,0.253468727913282,0.20660180714884,0.763044482459215,0.690914636545052
"Sparse25",10,0,"Raw","M2","ABR33",100,0.449455978530291,0.449455978530291,0.336166244372116,1.39363135440459,1.53210395420218
"Sparse25",10,0,"Raw","M2","JKI",99,0.208558015211539,0.208558015211539,0.183238042622669,0.861822866148543,0.690914636545052
"Sparse25",10,0,"Raw","M3","ABR33",100,0.347739346600029,0.347739346600029,0.247229044168952,1.48892982672501,1.53210395420218
"Sparse25",10,0,"Raw","M3","JKI",99,0.312684716040441,0.312684716040441,0.220713112077193,0.748941176240175,0.690914636545052
"Sparse25",10,5,"Group_adjusted","M1","ABR33",100,0.167817928715195,0.536956073969423,0.209079856086802,1.23714511426226,1.24638278016473
"Sparse25",10,5,"Group_adjusted","M1","JKI",99,0.179941110210691,0.510892091829924,0.207037271452827,0.790265774423037,0.794776443639502
"Sparse25",10,5,"Group_adjusted","M2","ABR33",100,0.238511337463201,0.551241692867702,0.344167209027536,1.22465424588601,1.24638278016473
"Sparse25",10,5,"Group_adjusted","M2","JKI",99,0.238597916490799,0.533509218708516,0.256651100139931,0.800449728400339,0.794776443639502
"Sparse25",10,5,"Group_adjusted","M3","ABR33",100,0.219764491823146,0.554116393468202,0.381828732795688,1.22646236294062,1.24638278016473
"Sparse25",10,5,"Group_adjusted","M3","JKI",99,0.213730331824472,0.529455084967839,0.25390929502222,0.793589861308534,0.794776443639502
"Sparse25",10,5,"Raw","M1","ABR33",100,0.287570120285505,0.287570120285505,0.236620638910015,1.39881119927897,1.24638278016473
"Sparse25",10,5,"Raw","M1","JKI",99,0.269800092374156,0.269800092374156,0.173544813968677,0.77636465180284,0.794776443639502
"Sparse25",10,5,"Raw","M2","ABR33",100,0.505987477475848,0.505987477475848,0.323662656383248,1.30172997444015,1.24638278016473
"Sparse25",10,5,"Raw","M2","JKI",99,0.33461179799309,0.33461179799309,0.264794759863675,0.790718873865987,0.794776443639502
"Sparse25",10,5,"Raw","M3","ABR33",100,0.465287703017296,0.465287703017296,0.372490261079516,1.27070926846503,1.24638278016473
"Sparse25",10,5,"Raw","M3","JKI",99,0.432364970899042,0.432364970899042,0.293097533638599,0.728296631258418,0.794776443639502
"Sparse25",10,10,"Group_adjusted","M1","ABR33",100,0.00723666449700398,0.523286857477036,0.0495918729278503,1.23178822639707,1.22663236000746
"Sparse25",10,10,"Group_adjusted","M1","JKI",99,0.148741935429047,0.476233420265773,0.16169960267196,0.744165156996477,0.738989528375964
"Sparse25",10,10,"Group_adjusted","M2","ABR33",100,0.0640596833489954,0.528519586887821,0.142949169446323,1.22820402447545,1.22663236000746
"Sparse25",10,10,"Group_adjusted","M2","JKI",99,0.177757984905209,0.483457573624909,0.184199947035894,0.763259267954145,0.738989528375964
"Sparse25",10,10,"Group_adjusted","M3","ABR33",100,-0.0114980734383422,0.52731247983833,0.177540546107972,1.23390629749327,1.22663236000746
"Sparse25",10,10,"Group_adjusted","M3","JKI",99,0.210310660862111,0.493252311354095,0.209470428777364,0.746236069335239,0.738989528375964
"Sparse25",10,10,"Raw","M1","ABR33",100,0.33627747682456,0.33627747682456,0.196603922231833,1.42972638458915,1.22663236000746
"Sparse25",10,10,"Raw","M1","JKI",99,0.202506200332094,0.202506200332094,0.147584424214454,0.747750441765362,0.738989528375964
"Sparse25",10,10,"Raw","M2","ABR33",100,0.517823837699256,0.517823837699256,0.340208863394462,1.30462245035713,1.22663236000746
"Sparse25",10,10,"Raw","M2","JKI",99,0.245475467374499,0.245475467374499,0.191018182166169,0.795908640327448,0.738989528375964
"Sparse25",10,10,"Raw","M3","ABR33",100,0.41804486541755,0.41804486541755,0.279129723915546,1.26973624252971,1.22663236000746
"Sparse25",10,10,"Raw","M3","JKI",99,0.364855300686742,0.364855300686742,0.247997167449291,0.708755528991877,0.738989528375964
"Sparse25",10,15,"Group_adjusted","M1","ABR33",100,0.0152442724536992,0.565151489666853,0.0189480855636013,1.27897868271191,1.27876763268121
"Sparse25",10,15,"Group_adjusted","M1","JKI",99,0.184481234477863,0.541812568963793,0.185042374637567,0.683020441121461,0.694750378215929
"Sparse25",10,15,"Group_adjusted","M2","ABR33",100,0.16565923198001,0.576621040943905,0.176818728118605,1.26705728132708,1.27876763268121
"Sparse25",10,15,"Group_adjusted","M2","JKI",99,0.260817318584581,0.564192901079404,0.262765891506403,0.670516164707243,0.694750378215929
"Sparse25",10,15,"Group_adjusted","M3","ABR33",100,0.164346914153187,0.574326904233046,0.158345754028665,1.26934958416792,1.27876763268121
"Sparse25",10,15,"Group_adjusted","M3","JKI",99,0.236849561119741,0.556145491145736,0.238845230816081,0.67778718092745,0.694750378215929
"Sparse25",10,15,"Raw","M1","ABR33",100,0.00986122078431786,0.00986122078431786,0.0210734824358886,1.51562137832753,1.27876763268121
"Sparse25",10,15,"Raw","M1","JKI",99,0.207176316218842,0.207176316218842,0.151340615668947,0.821957340952423,0.694750378215929
"Sparse25",10,15,"Raw","M2","ABR33",100,0.428471318705813,0.428471318705813,0.164630337245473,1.45947953494463,1.27876763268121
"Sparse25",10,15,"Raw","M2","JKI",99,0.296635017794305,0.296635017794305,0.238452449380318,0.80606012099069,0.694750378215929
"Sparse25",10,15,"Raw","M3","ABR33",100,0.413050418574133,0.413050418574133,0.097956817047386,1.42478871889231,1.27876763268121
"Sparse25",10,15,"Raw","M3","JKI",99,0.313409140981983,0.313409140981983,0.22693499380364,0.811939015413658,0.694750378215929
"Sparse25",10,20,"Group_adjusted","M1","ABR33",100,0.0790185681757363,0.485982699189773,0.0966787057820692,1.3912549502677,1.40139828313175
"Sparse25",10,20,"Group_adjusted","M1","JKI",99,0.293896211904232,0.532410051489282,0.264256905297761,0.761302837372023,0.791691332022862
"Sparse25",10,20,"Group_adjusted","M2","ABR33",100,0.267306959296959,0.497980625939397,0.28561247547443,1.37640683830611,1.40139828313175
"Sparse25",10,20,"Group_adjusted","M2","JKI",99,0.375796324519254,0.564700394900947,0.364255762933308,0.737063447094813,0.791691332022862
"Sparse25",10,20,"Group_adjusted","M3","ABR33",100,0.368502624085681,0.504601195090438,0.35788436978317,1.36356856274693,1.40139828313175
"Sparse25",10,20,"Group_adjusted","M3","JKI",99,0.393250954923042,0.565451478396039,0.349619337421659,0.742061493714376,0.791691332022862
"Sparse25",10,20,"Raw","M1","ABR33",100,0.123812379121988,0.123812379121988,0.132423648983556,1.41338300403376,1.40139828313175
"Sparse25",10,20,"Raw","M1","JKI",99,0.316590787320586,0.316590787320586,0.226792462554964,0.84790365788236,0.791691332022862
"Sparse25",10,20,"Raw","M2","ABR33",100,0.427336003850972,0.427336003850972,0.2120165941217,1.33223156475266,1.40139828313175
"Sparse25",10,20,"Raw","M2","JKI",99,0.265663331422955,0.265663331422955,0.200432018387664,0.84041214837948,0.791691332022862
"Sparse25",10,20,"Raw","M3","ABR33",100,0.39382044537451,0.39382044537451,0.201046537005938,1.3798527989958,1.40139828313175
"Sparse25",10,20,"Raw","M3","JKI",99,0.426040286838708,0.426040286838708,0.231978770200486,0.79970108250484,0.791691332022862
"Sparse25",10,25,"Group_adjusted","M1","ABR33",100,NA,0.511474872142296,NA,1.29170955598767,1.29221977128557
"Sparse25",10,25,"Group_adjusted","M1","JKI",99,NA,0.497569384618644,NA,0.741572507093706,0.738935383994134
"Sparse25",10,25,"Group_adjusted","M2","ABR33",100,0.0498479876008221,0.51434264166132,0.232427140770984,1.29142163233373,1.29221977128557
"Sparse25",10,25,"Group_adjusted","M2","JKI",99,0.101085361083409,0.502792930729246,0.102776677384733,0.738370384757927,0.738935383994134
"Sparse25",10,25,"Group_adjusted","M3","ABR33",100,0.0821467363836986,0.517765695287239,0.250996489537874,1.28869742643875,1.29221977128557
"Sparse25",10,25,"Group_adjusted","M3","JKI",99,0.178571332582991,0.506636592234147,0.159994462966139,0.736556800596375,0.738935383994134
"Sparse25",10,25,"Raw","M1","ABR33",100,NA,NA,NA,1.57646291404972,1.29221977128557
"Sparse25",10,25,"Raw","M1","JKI",99,NA,NA,NA,0.83523955642666,0.738935383994134
"Sparse25",10,25,"Raw","M2","ABR33",100,0.388640223186698,0.388640223186698,0.0366260964546068,1.5059655937245,1.29221977128557
"Sparse25",10,25,"Raw","M2","JKI",99,0.112802741459807,0.112802741459807,-0.127296715227191,0.83831107758375,0.738935383994134
"Sparse25",10,25,"Raw","M3","ABR33",100,0.380009460309944,0.380009460309944,0.0483487862062226,1.44224421517051,1.29221977128557
"Sparse25",10,25,"Raw","M3","JKI",99,0.303264335686235,0.303264335686235,-0.0640356802615469,0.818338409457473,0.738935383994134
