"scheme","rep","overlap","target","model","Environment","PopGroup","n","PA","RMSE"
"CV1",1,NA,"Group_adjusted","M1","ABR33","M. sacchariflorus",56,NA,0.511305598950729
"CV1",1,NA,"Group_adjusted","M1","ABR33","M. sinensis",47,NA,1.68490392635919
"CV1",1,NA,"Group_adjusted","M1","ABR33","M. x gig",22,NA,1.77741616954688
"CV1",1,NA,"Group_adjusted","M1","JKI","M. sacchariflorus",56,NA,0.482172954160838
"CV1",1,NA,"Group_adjusted","M1","JKI","M. sinensis",46,NA,0.756770609063788
"CV1",1,NA,"Group_adjusted","M1","JKI","M. x gig",22,NA,0.961380837778321
"CV1",1,NA,"Group_adjusted","M2","ABR33","M. sacchariflorus",56,-0.155904264790733,0.512419385336622
"CV1",1,NA,"Group_adjusted","M2","ABR33","M. sinensis",47,-0.0108099838633752,1.64253582213825
"CV1",1,NA,"Group_adjusted","M2","ABR33","M. x gig",22,-0.451519068408332,1.78123388975712
"CV1",1,NA,"Group_adjusted","M2","JKI","M. sacchariflorus",56,-0.00620777715115162,0.470343282766032
"CV1",1,NA,"Group_adjusted","M2","JKI","M. sinensis",46,0.0191201583210043,0.731569676918041
"CV1",1,NA,"Group_adjusted","M2","JKI","M. x gig",22,0.491484619454891,0.886257521092922
"CV1",1,NA,"Group_adjusted","M3","ABR33","M. sacchariflorus",56,-0.0989738459468685,0.517883562080768
"CV1",1,NA,"Group_adjusted","M3","ABR33","M. sinensis",47,0.149566543048689,1.61639766947589
"CV1",1,NA,"Group_adjusted","M3","ABR33","M. x gig",22,-0.477093531196072,1.828197316573
"CV1",1,NA,"Group_adjusted","M3","JKI","M. sacchariflorus",56,0.0930889061653371,0.465046915254447
"CV1",1,NA,"Group_adjusted","M3","JKI","M. sinensis",46,0.0425656695599065,0.729061421894876
"CV1",1,NA,"Group_adjusted","M3","JKI","M. x gig",22,0.506565467307239,0.860783732800498
"CV1",1,NA,"Raw","M1","ABR33","M. sacchariflorus",56,NA,0.955828806895627
"CV1",1,NA,"Raw","M1","ABR33","M. sinensis",47,NA,1.6829574144634
"CV1",1,NA,"Raw","M1","ABR33","M. x gig",22,NA,2.16718557005409
"CV1",1,NA,"Raw","M1","JKI","M. sacchariflorus",56,NA,0.514203531960683
"CV1",1,NA,"Raw","M1","JKI","M. sinensis",46,NA,0.754545930771538
"CV1",1,NA,"Raw","M1","JKI","M. x gig",22,NA,1.3023834800163
"CV1",1,NA,"Raw","M2","ABR33","M. sacchariflorus",56,0.243308380985611,0.685050531430964
"CV1",1,NA,"Raw","M2","ABR33","M. sinensis",47,0.057420677548398,1.63456796091939
"CV1",1,NA,"Raw","M2","ABR33","M. x gig",22,-0.302206244033291,2.07197689194218
"CV1",1,NA,"Raw","M2","JKI","M. sacchariflorus",56,-0.0411832706766484,0.505419494503215
"CV1",1,NA,"Raw","M2","JKI","M. sinensis",46,0.0550116728842666,0.821462574562574
"CV1",1,NA,"Raw","M2","JKI","M. x gig",22,0.203629466294213,1.13311309167101
"CV1",1,NA,"Raw","M3","ABR33","M. sacchariflorus",56,0.164517523154396,0.543326503586422
"CV1",1,NA,"Raw","M3","ABR33","M. sinensis",47,0.139072042891142,1.62705368500668
"CV1",1,NA,"Raw","M3","ABR33","M. x gig",22,-0.403605480926927,2.0967343314063
"CV1",1,NA,"Raw","M3","JKI","M. sacchariflorus",56,0.030579299508163,0.481732996599818
"CV1",1,NA,"Raw","M3","JKI","M. sinensis",46,0.0867873739238342,0.732779676043218
"CV1",1,NA,"Raw","M3","JKI","M. x gig",22,0.357716636227289,1.10294652583183
"CV1",2,NA,"Group_adjusted","M1","ABR33","M. sacchariflorus",56,NA,0.497673676888628
"CV1",2,NA,"Group_adjusted","M1","ABR33","M. sinensis",47,NA,1.64794130853431
"CV1",2,NA,"Group_adjusted","M1","ABR33","M. x gig",22,NA,1.66501311596584
"CV1",2,NA,"Group_adjusted","M1","JKI","M. sacchariflorus",56,NA,0.471863577885049
"CV1",2,NA,"Group_adjusted","M1","JKI","M. sinensis",46,NA,0.733196223396213
"CV1",2,NA,"Group_adjusted","M1","JKI","M. x gig",22,NA,0.978335495355957
"CV1",2,NA,"Group_adjusted","M2","ABR33","M. sacchariflorus",56,0.0127741622309359,0.498295793886883
"CV1",2,NA,"Group_adjusted","M2","ABR33","M. sinensis",47,0.284792960274658,1.6097859985689
"CV1",2,NA,"Group_adjusted","M2","ABR33","M. x gig",22,0.143885998535338,1.61144357849901
"CV1",2,NA,"Group_adjusted","M2","JKI","M. sacchariflorus",56,0.0866957243978316,0.463257814999868
"CV1",2,NA,"Group_adjusted","M2","JKI","M. sinensis",46,0.355181608085227,0.701268148382703
"CV1",2,NA,"Group_adjusted","M2","JKI","M. x gig",22,0.545082865843747,0.870110144427544
"CV1",2,NA,"Group_adjusted","M3","ABR33","M. sacchariflorus",56,0.130190170236981,0.491570708433141
"CV1",2,NA,"Group_adjusted","M3","ABR33","M. sinensis",47,0.355619807073469,1.58209534674619
"CV1",2,NA,"Group_adjusted","M3","ABR33","M. x gig",22,0.255732467960772,1.58744014487499
"CV1",2,NA,"Group_adjusted","M3","JKI","M. sacchariflorus",56,0.194606096284785,0.454991841483044
"CV1",2,NA,"Group_adjusted","M3","JKI","M. sinensis",46,0.321087219200822,0.701650840812756
"CV1",2,NA,"Group_adjusted","M3","JKI","M. x gig",22,0.590258050202603,0.83181928756247
"CV1",2,NA,"Raw","M1","ABR33","M. sacchariflorus",56,NA,0.95373378393442
"CV1",2,NA,"Raw","M1","ABR33","M. sinensis",47,NA,1.66459435329589
"CV1",2,NA,"Raw","M1","ABR33","M. x gig",22,NA,2.15525687516832
"CV1",2,NA,"Raw","M1","JKI","M. sacchariflorus",56,NA,0.506360654467612
"CV1",2,NA,"Raw","M1","JKI","M. sinensis",46,NA,0.746528911937984
"CV1",2,NA,"Raw","M1","JKI","M. x gig",22,NA,1.3075240157949
"CV1",2,NA,"Raw","M2","ABR33","M. sacchariflorus",56,0.279195294994832,0.677911105578288
"CV1",2,NA,"Raw","M2","ABR33","M. sinensis",47,0.311171114454639,1.60157304438933
"CV1",2,NA,"Raw","M2","ABR33","M. x gig",22,0.238483192448692,1.94007143810215
"CV1",2,NA,"Raw","M2","JKI","M. sacchariflorus",56,0.052919675123511,0.495491590054277
"CV1",2,NA,"Raw","M2","JKI","M. sinensis",46,0.352214373889362,0.792285291387392
"CV1",2,NA,"Raw","M2","JKI","M. x gig",22,0.567837332780145,1.03208075939373
"CV1",2,NA,"Raw","M3","ABR33","M. sacchariflorus",56,0.271567666228214,0.526466252803819
"CV1",2,NA,"Raw","M3","ABR33","M. sinensis",47,0.313295870150555,1.59416142109782
"CV1",2,NA,"Raw","M3","ABR33","M. x gig",22,0.271027057751825,1.85151261594499
"CV1",2,NA,"Raw","M3","JKI","M. sacchariflorus",56,0.159602368897333,0.466615788227924
"CV1",2,NA,"Raw","M3","JKI","M. sinensis",46,0.316429385145468,0.703493336303069
"CV1",2,NA,"Raw","M3","JKI","M. x gig",22,0.619328425338658,0.993638733760084
"CV1",3,NA,"Group_adjusted","M1","ABR33","M. sacchariflorus",56,NA,0.521743538330043
"CV1",3,NA,"Group_adjusted","M1","ABR33","M. sinensis",47,NA,1.65724667381686
"CV1",3,NA,"Group_adjusted","M1","ABR33","M. x gig",22,NA,1.70962440417977
"CV1",3,NA,"Group_adjusted","M1","JKI","M. sacchariflorus",56,NA,0.473668278873146
"CV1",3,NA,"Group_adjusted","M1","JKI","M. sinensis",46,NA,0.749769327695146
"CV1",3,NA,"Group_adjusted","M1","JKI","M. x gig",22,NA,0.993609399209442
"CV1",3,NA,"Group_adjusted","M2","ABR33","M. sacchariflorus",56,-0.130972986522074,0.511106116210604
"CV1",3,NA,"Group_adjusted","M2","ABR33","M. sinensis",47,0.239505130803206,1.61243505568296
"CV1",3,NA,"Group_adjusted","M2","ABR33","M. x gig",22,-0.026841414944366,1.64611107428293
"CV1",3,NA,"Group_adjusted","M2","JKI","M. sacchariflorus",56,0.0923155125451808,0.46269299176215
"CV1",3,NA,"Group_adjusted","M2","JKI","M. sinensis",46,0.184632595848787,0.714955627927329
"CV1",3,NA,"Group_adjusted","M2","JKI","M. x gig",22,0.502079195032202,0.878490319965594
"CV1",3,NA,"Group_adjusted","M3","ABR33","M. sacchariflorus",56,-0.0234851716598502,0.506150817685283
"CV1",3,NA,"Group_adjusted","M3","ABR33","M. sinensis",47,0.355088020239876,1.58354283301462
"CV1",3,NA,"Group_adjusted","M3","ABR33","M. x gig",22,0.119505434492802,1.61619917952734
"CV1",3,NA,"Group_adjusted","M3","JKI","M. sacchariflorus",56,0.158073875018779,0.458736884989487
"CV1",3,NA,"Group_adjusted","M3","JKI","M. sinensis",46,0.178775838602564,0.715279715551643
"CV1",3,NA,"Group_adjusted","M3","JKI","M. x gig",22,0.577751128744397,0.842436626052588
"CV1",3,NA,"Raw","M1","ABR33","M. sacchariflorus",56,NA,0.991620948970543
"CV1",3,NA,"Raw","M1","ABR33","M. sinensis",47,NA,1.68271307297636
"CV1",3,NA,"Raw","M1","ABR33","M. x gig",22,NA,2.1753775307346
"CV1",3,NA,"Raw","M1","JKI","M. sacchariflorus",56,NA,0.512721100561017
"CV1",3,NA,"Raw","M1","JKI","M. sinensis",46,NA,0.75467687241316
"CV1",3,NA,"Raw","M1","JKI","M. x gig",22,NA,1.31145668680263
"CV1",3,NA,"Raw","M2","ABR33","M. sacchariflorus",56,0.134558699274404,0.696746663049808
"CV1",3,NA,"Raw","M2","ABR33","M. sinensis",47,0.236350239485888,1.61006652287965
"CV1",3,NA,"Raw","M2","ABR33","M. x gig",22,0.120951034905074,1.95650967237997
"CV1",3,NA,"Raw","M2","JKI","M. sacchariflorus",56,0.0305128861234587,0.498400360573403
"CV1",3,NA,"Raw","M2","JKI","M. sinensis",46,0.240171445006924,0.799062461639783
"CV1",3,NA,"Raw","M2","JKI","M. x gig",22,0.496833748113043,1.03503797635523
"CV1",3,NA,"Raw","M3","ABR33","M. sacchariflorus",56,0.171796708389869,0.549973045491668
"CV1",3,NA,"Raw","M3","ABR33","M. sinensis",47,0.336240830866581,1.58719428069368
"CV1",3,NA,"Raw","M3","ABR33","M. x gig",22,0.190495753901535,1.85098107020671
"CV1",3,NA,"Raw","M3","JKI","M. sacchariflorus",56,0.0969201579255159,0.475999021380433
"CV1",3,NA,"Raw","M3","JKI","M. sinensis",46,0.177823623499016,0.720860584457331
"CV1",3,NA,"Raw","M3","JKI","M. x gig",22,0.585393456604331,0.996572354173405
"CV1",4,NA,"Group_adjusted","M1","ABR33","M. sacchariflorus",56,NA,0.511294313268148
"CV1",4,NA,"Group_adjusted","M1","ABR33","M. sinensis",47,NA,1.68053453017932
"CV1",4,NA,"Group_adjusted","M1","ABR33","M. x gig",22,NA,1.7045637731698
"CV1",4,NA,"Group_adjusted","M1","JKI","M. sacchariflorus",56,NA,0.473202691814306
"CV1",4,NA,"Group_adjusted","M1","JKI","M. sinensis",46,NA,0.748538470382191
"CV1",4,NA,"Group_adjusted","M1","JKI","M. x gig",22,NA,0.976316252302429
"CV1",4,NA,"Group_adjusted","M2","ABR33","M. sacchariflorus",56,-0.00454287821908841,0.498414424983881
"CV1",4,NA,"Group_adjusted","M2","ABR33","M. sinensis",47,-0.0533654314481313,1.6520635557802
"CV1",4,NA,"Group_adjusted","M2","ABR33","M. x gig",22,-0.125224604214168,1.66379266625108
"CV1",4,NA,"Group_adjusted","M2","JKI","M. sacchariflorus",56,0.109856143181301,0.461582508622702
"CV1",4,NA,"Group_adjusted","M2","JKI","M. sinensis",46,0.0190287409478538,0.730272507270417
"CV1",4,NA,"Group_adjusted","M2","JKI","M. x gig",22,0.498198416598675,0.873684572592679
"CV1",4,NA,"Group_adjusted","M3","ABR33","M. sacchariflorus",56,0.0444961087324658,0.497843358380004
"CV1",4,NA,"Group_adjusted","M3","ABR33","M. sinensis",47,0.0991904315859938,1.62782035136357
"CV1",4,NA,"Group_adjusted","M3","ABR33","M. x gig",22,-0.014359348562828,1.65005663681071
"CV1",4,NA,"Group_adjusted","M3","JKI","M. sacchariflorus",56,0.188740723795186,0.455713438647248
"CV1",4,NA,"Group_adjusted","M3","JKI","M. sinensis",46,0.104675624144309,0.721943229011755
"CV1",4,NA,"Group_adjusted","M3","JKI","M. x gig",22,0.561032201341133,0.838977042771328
"CV1",4,NA,"Raw","M1","ABR33","M. sacchariflorus",56,NA,0.964070772450347
"CV1",4,NA,"Raw","M1","ABR33","M. sinensis",47,NA,1.67101571037328
"CV1",4,NA,"Raw","M1","ABR33","M. x gig",22,NA,2.14935754303427
"CV1",4,NA,"Raw","M1","JKI","M. sacchariflorus",56,NA,0.512921722015765
"CV1",4,NA,"Raw","M1","JKI","M. sinensis",46,NA,0.74733265539899
"CV1",4,NA,"Raw","M1","JKI","M. x gig",22,NA,1.29789848556718
"CV1",4,NA,"Raw","M2","ABR33","M. sacchariflorus",56,0.29533268120499,0.681077243312126
"CV1",4,NA,"Raw","M2","ABR33","M. sinensis",47,0.142549029309199,1.62171091363481
"CV1",4,NA,"Raw","M2","ABR33","M. x gig",22,0.144621485702186,1.93134224960307
"CV1",4,NA,"Raw","M2","JKI","M. sacchariflorus",56,0.0203490299609138,0.499951375979251
"CV1",4,NA,"Raw","M2","JKI","M. sinensis",46,0.17122932608487,0.808743194180339
"CV1",4,NA,"Raw","M2","JKI","M. x gig",22,0.525442058386018,1.0223774093741
"CV1",4,NA,"Raw","M3","ABR33","M. sacchariflorus",56,0.221605980941864,0.53995820613452
"CV1",4,NA,"Raw","M3","ABR33","M. sinensis",47,0.175275292275575,1.61959934440228
"CV1",4,NA,"Raw","M3","ABR33","M. x gig",22,0.140043536103061,1.85246689908587
"CV1",4,NA,"Raw","M3","JKI","M. sacchariflorus",56,0.108347737535312,0.475581393744127
"CV1",4,NA,"Raw","M3","JKI","M. sinensis",46,0.199358292110997,0.720370139209037
"CV1",4,NA,"Raw","M3","JKI","M. x gig",22,0.594874201200867,0.994493651075313
"CV1",5,NA,"Group_adjusted","M1","ABR33","M. sacchariflorus",56,NA,0.515237742202883
"CV1",5,NA,"Group_adjusted","M1","ABR33","M. sinensis",47,NA,1.6558245329399
"CV1",5,NA,"Group_adjusted","M1","ABR33","M. x gig",22,NA,1.68336030751606
"CV1",5,NA,"Group_adjusted","M1","JKI","M. sacchariflorus",56,NA,0.48187431042651
"CV1",5,NA,"Group_adjusted","M1","JKI","M. sinensis",46,NA,0.735016902276096
"CV1",5,NA,"Group_adjusted","M1","JKI","M. x gig",22,NA,0.951370713937432
"CV1",5,NA,"Group_adjusted","M2","ABR33","M. sacchariflorus",56,-0.138821705504152,0.514275684016373
"CV1",5,NA,"Group_adjusted","M2","ABR33","M. sinensis",47,0.166339870324458,1.61954847251294
"CV1",5,NA,"Group_adjusted","M2","ABR33","M. x gig",22,0.013442511825515,1.6417175808012
"CV1",5,NA,"Group_adjusted","M2","JKI","M. sacchariflorus",56,0.00603250372966088,0.470336322002207
"CV1",5,NA,"Group_adjusted","M2","JKI","M. sinensis",46,0.180667478271959,0.715295643032185
"CV1",5,NA,"Group_adjusted","M2","JKI","M. x gig",22,0.575494380103313,0.860419492963516
"CV1",5,NA,"Group_adjusted","M3","ABR33","M. sacchariflorus",56,-0.0522571820736056,0.512973910207091
"CV1",5,NA,"Group_adjusted","M3","ABR33","M. sinensis",47,0.317138027889613,1.59072819401236
"CV1",5,NA,"Group_adjusted","M3","ABR33","M. x gig",22,0.105430483250073,1.6236092764658
"CV1",5,NA,"Group_adjusted","M3","JKI","M. sacchariflorus",56,0.108905726436132,0.46387539778491
"CV1",5,NA,"Group_adjusted","M3","JKI","M. sinensis",46,0.24187333235512,0.709894963212312
"CV1",5,NA,"Group_adjusted","M3","JKI","M. x gig",22,0.612227279337697,0.826551209624607
"CV1",5,NA,"Raw","M1","ABR33","M. sacchariflorus",56,NA,0.970926850759824
"CV1",5,NA,"Raw","M1","ABR33","M. sinensis",47,NA,1.66701446441408
"CV1",5,NA,"Raw","M1","ABR33","M. x gig",22,NA,2.15791213867278
"CV1",5,NA,"Raw","M1","JKI","M. sacchariflorus",56,NA,0.510379054999351
"CV1",5,NA,"Raw","M1","JKI","M. sinensis",46,NA,0.742897261722026
"CV1",5,NA,"Raw","M1","JKI","M. x gig",22,NA,1.29180132102225
"CV1",5,NA,"Raw","M2","ABR33","M. sacchariflorus",56,0.0795344023446343,0.706821500417553
"CV1",5,NA,"Raw","M2","ABR33","M. sinensis",47,0.294926214722043,1.60563116500213
"CV1",5,NA,"Raw","M2","ABR33","M. x gig",22,0.236460046174991,1.93281683248576
"CV1",5,NA,"Raw","M2","JKI","M. sacchariflorus",56,-0.0208908129221119,0.510689345616825
"CV1",5,NA,"Raw","M2","JKI","M. sinensis",46,0.236700658289176,0.797769840015394
"CV1",5,NA,"Raw","M2","JKI","M. x gig",22,0.592856693943104,1.01862334971722
"CV1",5,NA,"Raw","M3","ABR33","M. sacchariflorus",56,0.126299207701453,0.564806806998455
"CV1",5,NA,"Raw","M3","ABR33","M. sinensis",47,0.359907172677361,1.58652401385152
"CV1",5,NA,"Raw","M3","ABR33","M. x gig",22,0.254467596260154,1.83814723706307
"CV1",5,NA,"Raw","M3","JKI","M. sacchariflorus",56,0.0528974983732225,0.483536583276723
"CV1",5,NA,"Raw","M3","JKI","M. sinensis",46,0.252436006338406,0.713647319336665
"CV1",5,NA,"Raw","M3","JKI","M. x gig",22,0.640979704684879,0.991910098454032
"CV1",6,NA,"Group_adjusted","M1","ABR33","M. sacchariflorus",56,NA,0.497851404581051
"CV1",6,NA,"Group_adjusted","M1","ABR33","M. sinensis",47,NA,1.71488362103651
"CV1",6,NA,"Group_adjusted","M1","ABR33","M. x gig",22,NA,1.66628721410553
"CV1",6,NA,"Group_adjusted","M1","JKI","M. sacchariflorus",56,NA,0.468434080577523
"CV1",6,NA,"Group_adjusted","M1","JKI","M. sinensis",46,NA,0.738020958284477
"CV1",6,NA,"Group_adjusted","M1","JKI","M. x gig",22,NA,1.01528133671582
"CV1",6,NA,"Group_adjusted","M2","ABR33","M. sacchariflorus",56,0.100025249447557,0.492094499167986
"CV1",6,NA,"Group_adjusted","M2","ABR33","M. sinensis",47,-0.192750409035063,1.6819100203644
"CV1",6,NA,"Group_adjusted","M2","ABR33","M. x gig",22,0.0456029342377117,1.62839508275954
"CV1",6,NA,"Group_adjusted","M2","JKI","M. sacchariflorus",56,0.156833680404104,0.458153119267125
"CV1",6,NA,"Group_adjusted","M2","JKI","M. sinensis",46,0.276800989455783,0.707275347849004
"CV1",6,NA,"Group_adjusted","M2","JKI","M. x gig",22,0.214052231018532,0.924585294339936
"CV1",6,NA,"Group_adjusted","M3","ABR33","M. sacchariflorus",56,0.0575187237707337,0.49984356390205
"CV1",6,NA,"Group_adjusted","M3","ABR33","M. sinensis",47,-0.0357769030663498,1.65818113137849
"CV1",6,NA,"Group_adjusted","M3","ABR33","M. x gig",22,0.135942944737239,1.61161638071372
"CV1",6,NA,"Group_adjusted","M3","JKI","M. sacchariflorus",56,0.174984428703571,0.457187250555356
"CV1",6,NA,"Group_adjusted","M3","JKI","M. sinensis",46,0.299473858055435,0.70629983785483
"CV1",6,NA,"Group_adjusted","M3","JKI","M. x gig",22,0.422558009853151,0.870941404918438
"CV1",6,NA,"Raw","M1","ABR33","M. sacchariflorus",56,NA,0.955371628599455
"CV1",6,NA,"Raw","M1","ABR33","M. sinensis",47,NA,1.67323220087751
"CV1",6,NA,"Raw","M1","ABR33","M. x gig",22,NA,2.13152498807785
"CV1",6,NA,"Raw","M1","JKI","M. sacchariflorus",56,NA,0.509572316145869
"CV1",6,NA,"Raw","M1","JKI","M. sinensis",46,NA,0.745074431828287
"CV1",6,NA,"Raw","M1","JKI","M. x gig",22,NA,1.30068604167249
"CV1",6,NA,"Raw","M2","ABR33","M. sacchariflorus",56,0.279850593960829,0.686285305783229
"CV1",6,NA,"Raw","M2","ABR33","M. sinensis",47,0.0237914395616776,1.63942765347854
"CV1",6,NA,"Raw","M2","ABR33","M. x gig",22,0.198165564365507,1.91846019699936
"CV1",6,NA,"Raw","M2","JKI","M. sacchariflorus",56,0.0514158745211224,0.495765304610699
"CV1",6,NA,"Raw","M2","JKI","M. sinensis",46,0.24481258046271,0.795954809581426
"CV1",6,NA,"Raw","M2","JKI","M. x gig",22,0.396587080266137,1.04439241039207
"CV1",6,NA,"Raw","M3","ABR33","M. sacchariflorus",56,0.178222222617012,0.554874787791161
"CV1",6,NA,"Raw","M3","ABR33","M. sinensis",47,0.060444804257937,1.64714599139122
"CV1",6,NA,"Raw","M3","ABR33","M. x gig",22,0.195534503984106,1.83057509636174
"CV1",6,NA,"Raw","M3","JKI","M. sacchariflorus",56,0.105722617438216,0.476367591127011
"CV1",6,NA,"Raw","M3","JKI","M. sinensis",46,0.302201185070361,0.707417449349632
"CV1",6,NA,"Raw","M3","JKI","M. x gig",22,0.575969995968069,0.990810964998346
"CV1",7,NA,"Group_adjusted","M1","ABR33","M. sacchariflorus",56,NA,0.499320580100079
"CV1",7,NA,"Group_adjusted","M1","ABR33","M. sinensis",47,NA,1.73467472804423
"CV1",7,NA,"Group_adjusted","M1","ABR33","M. x gig",22,NA,1.66220843803108
"CV1",7,NA,"Group_adjusted","M1","JKI","M. sacchariflorus",56,NA,0.473787124033102
"CV1",7,NA,"Group_adjusted","M1","JKI","M. sinensis",46,NA,0.761225326561845
"CV1",7,NA,"Group_adjusted","M1","JKI","M. x gig",22,NA,1.08800037485371
"CV1",7,NA,"Group_adjusted","M2","ABR33","M. sacchariflorus",56,-0.00867917571053069,0.499902473496293
"CV1",7,NA,"Group_adjusted","M2","ABR33","M. sinensis",47,-0.220639482271594,1.68997015087734
"CV1",7,NA,"Group_adjusted","M2","ABR33","M. x gig",22,0.269784423294501,1.59230438444991
"CV1",7,NA,"Group_adjusted","M2","JKI","M. sacchariflorus",56,0.0385406142081675,0.467784528101892
"CV1",7,NA,"Group_adjusted","M2","JKI","M. sinensis",46,-0.05638527531545,0.73923470586643
"CV1",7,NA,"Group_adjusted","M2","JKI","M. x gig",22,-0.138337126015611,0.991832439319558
"CV1",7,NA,"Group_adjusted","M3","ABR33","M. sacchariflorus",56,0.0907597896735615,0.494883527211532
"CV1",7,NA,"Group_adjusted","M3","ABR33","M. sinensis",47,-0.0629979531031028,1.66570791984849
"CV1",7,NA,"Group_adjusted","M3","ABR33","M. x gig",22,0.46167174361899,1.53796344072813
"CV1",7,NA,"Group_adjusted","M3","JKI","M. sacchariflorus",56,0.11448768532832,0.462813233602636
"CV1",7,NA,"Group_adjusted","M3","JKI","M. sinensis",46,-0.0800102590773316,0.741578980653482
"CV1",7,NA,"Group_adjusted","M3","JKI","M. x gig",22,0.130093589384388,0.944116045442255
"CV1",7,NA,"Raw","M1","ABR33","M. sacchariflorus",56,NA,0.964063544496928
"CV1",7,NA,"Raw","M1","ABR33","M. sinensis",47,NA,1.69020761951631
"CV1",7,NA,"Raw","M1","ABR33","M. x gig",22,NA,2.15120910177814
"CV1",7,NA,"Raw","M1","JKI","M. sacchariflorus",56,NA,0.497636238004891
"CV1",7,NA,"Raw","M1","JKI","M. sinensis",46,NA,0.749148838164418
"CV1",7,NA,"Raw","M1","JKI","M. x gig",22,NA,1.30666921191414
"CV1",7,NA,"Raw","M2","ABR33","M. sacchariflorus",56,0.250454532971534,0.679486888247733
"CV1",7,NA,"Raw","M2","ABR33","M. sinensis",47,-0.0601805349261245,1.65286363625219
"CV1",7,NA,"Raw","M2","ABR33","M. x gig",22,0.355925233489544,1.9355416829627
"CV1",7,NA,"Raw","M2","JKI","M. sacchariflorus",56,0.0741958312209992,0.492197672155359
"CV1",7,NA,"Raw","M2","JKI","M. sinensis",46,0.0178238975246873,0.827543725602287
"CV1",7,NA,"Raw","M2","JKI","M. x gig",22,0.27477462661385,1.1027941383463
"CV1",7,NA,"Raw","M3","ABR33","M. sacchariflorus",56,0.243916697878371,0.533932498357413
"CV1",7,NA,"Raw","M3","ABR33","M. sinensis",47,0.0224827522929182,1.65910575856527
"CV1",7,NA,"Raw","M3","ABR33","M. x gig",22,0.471634086048451,1.78697270841018
"CV1",7,NA,"Raw","M3","JKI","M. sacchariflorus",56,0.134848164923733,0.470994722398302
"CV1",7,NA,"Raw","M3","JKI","M. sinensis",46,0.00910387362982198,0.740794250652704
"CV1",7,NA,"Raw","M3","JKI","M. x gig",22,0.518946082309663,1.05325526647252
"CV1",8,NA,"Group_adjusted","M1","ABR33","M. sacchariflorus",56,NA,0.502125408115818
"CV1",8,NA,"Group_adjusted","M1","ABR33","M. sinensis",47,NA,1.64076182872878
"CV1",8,NA,"Group_adjusted","M1","ABR33","M. x gig",22,NA,1.69953416615134
"CV1",8,NA,"Group_adjusted","M1","JKI","M. sacchariflorus",56,NA,0.472802365673406
"CV1",8,NA,"Group_adjusted","M1","JKI","M. sinensis",46,NA,0.747620006052003
"CV1",8,NA,"Group_adjusted","M1","JKI","M. x gig",22,NA,0.984770617395307
"CV1",8,NA,"Group_adjusted","M2","ABR33","M. sacchariflorus",56,-0.0240105367006423,0.502960308457421
"CV1",8,NA,"Group_adjusted","M2","ABR33","M. sinensis",47,0.392683055582735,1.6006293285294
"CV1",8,NA,"Group_adjusted","M2","ABR33","M. x gig",22,-0.116245407544203,1.67626984349834
"CV1",8,NA,"Group_adjusted","M2","JKI","M. sacchariflorus",56,0.100690627200425,0.463082488429948
"CV1",8,NA,"Group_adjusted","M2","JKI","M. sinensis",46,0.0975361864549301,0.723197050372375
"CV1",8,NA,"Group_adjusted","M2","JKI","M. x gig",22,0.416721400286033,0.893940382740327
"CV1",8,NA,"Group_adjusted","M3","ABR33","M. sacchariflorus",56,0.000453253111738955,0.50641276464991
"CV1",8,NA,"Group_adjusted","M3","ABR33","M. sinensis",47,0.435283114365079,1.56997294521665
"CV1",8,NA,"Group_adjusted","M3","ABR33","M. x gig",22,0.0305219894967093,1.64785918949768
"CV1",8,NA,"Group_adjusted","M3","JKI","M. sacchariflorus",56,0.149657183709635,0.461274723331733
"CV1",8,NA,"Group_adjusted","M3","JKI","M. sinensis",46,0.0722933976451355,0.725688541293275
"CV1",8,NA,"Group_adjusted","M3","JKI","M. x gig",22,0.561800830147057,0.852337560723403
"CV1",8,NA,"Raw","M1","ABR33","M. sacchariflorus",56,NA,0.991814559283734
"CV1",8,NA,"Raw","M1","ABR33","M. sinensis",47,NA,1.67695924171296
"CV1",8,NA,"Raw","M1","ABR33","M. x gig",22,NA,2.16498704236513
"CV1",8,NA,"Raw","M1","JKI","M. sacchariflorus",56,NA,0.504363077613025
"CV1",8,NA,"Raw","M1","JKI","M. sinensis",46,NA,0.749645166005156
"CV1",8,NA,"Raw","M1","JKI","M. x gig",22,NA,1.29411099492092
"CV1",8,NA,"Raw","M2","ABR33","M. sacchariflorus",56,0.130202228353056,0.72046586540767
"CV1",8,NA,"Raw","M2","ABR33","M. sinensis",47,0.329946773923375,1.59713133440564
"CV1",8,NA,"Raw","M2","ABR33","M. x gig",22,0.108957068400366,1.96275707833247
"CV1",8,NA,"Raw","M2","JKI","M. sacchariflorus",56,0.110355648017404,0.48663357854333
"CV1",8,NA,"Raw","M2","JKI","M. sinensis",46,0.17324448079128,0.813497427508428
"CV1",8,NA,"Raw","M2","JKI","M. x gig",22,0.503731302430842,1.03504813565105
"CV1",8,NA,"Raw","M3","ABR33","M. sacchariflorus",56,0.15799437776814,0.557721631658488
"CV1",8,NA,"Raw","M3","ABR33","M. sinensis",47,0.383095717283888,1.57383477425605
"CV1",8,NA,"Raw","M3","ABR33","M. x gig",22,0.17576130521857,1.8560285504042
"CV1",8,NA,"Raw","M3","JKI","M. sacchariflorus",56,0.102019975425414,0.479326002812294
"CV1",8,NA,"Raw","M3","JKI","M. sinensis",46,0.103202042853997,0.732739439704787
"CV1",8,NA,"Raw","M3","JKI","M. x gig",22,0.618409702521128,0.993629437381286
"CV1",9,NA,"Group_adjusted","M1","ABR33","M. sacchariflorus",56,NA,0.497807551434146
"CV1",9,NA,"Group_adjusted","M1","ABR33","M. sinensis",47,NA,1.67104698107389
"CV1",9,NA,"Group_adjusted","M1","ABR33","M. x gig",22,NA,1.69550633961314
"CV1",9,NA,"Group_adjusted","M1","JKI","M. sacchariflorus",56,NA,0.473522563644898
"CV1",9,NA,"Group_adjusted","M1","JKI","M. sinensis",46,NA,0.768098731297055
"CV1",9,NA,"Group_adjusted","M1","JKI","M. x gig",22,NA,1.0085714261078
"CV1",9,NA,"Group_adjusted","M2","ABR33","M. sacchariflorus",56,0.0679160615051651,0.495041091452198
"CV1",9,NA,"Group_adjusted","M2","ABR33","M. sinensis",47,0.115173153634619,1.62451988623175
"CV1",9,NA,"Group_adjusted","M2","ABR33","M. x gig",22,0.0470389060368409,1.62713022444784
"CV1",9,NA,"Group_adjusted","M2","JKI","M. sacchariflorus",56,0.0536257841048742,0.466725619691666
"CV1",9,NA,"Group_adjusted","M2","JKI","M. sinensis",46,-0.0572949790430502,0.740963288019359
"CV1",9,NA,"Group_adjusted","M2","JKI","M. x gig",22,0.378047307220138,0.901617484987407
"CV1",9,NA,"Group_adjusted","M3","ABR33","M. sacchariflorus",56,0.135925655568032,0.491760613141445
"CV1",9,NA,"Group_adjusted","M3","ABR33","M. sinensis",47,0.297877609785966,1.58678546898958
"CV1",9,NA,"Group_adjusted","M3","ABR33","M. x gig",22,0.328890405855619,1.57215985511246
"CV1",9,NA,"Group_adjusted","M3","JKI","M. sacchariflorus",56,0.121290186743983,0.463188647306269
"CV1",9,NA,"Group_adjusted","M3","JKI","M. sinensis",46,-0.133558037659021,0.750132628791935
"CV1",9,NA,"Group_adjusted","M3","JKI","M. x gig",22,0.420535984934189,0.881524280794036
"CV1",9,NA,"Raw","M1","ABR33","M. sacchariflorus",56,NA,0.959817273526519
"CV1",9,NA,"Raw","M1","ABR33","M. sinensis",47,NA,1.67185772971241
"CV1",9,NA,"Raw","M1","ABR33","M. x gig",22,NA,2.1410363911672
"CV1",9,NA,"Raw","M1","JKI","M. sacchariflorus",56,NA,0.501702175519143
"CV1",9,NA,"Raw","M1","JKI","M. sinensis",46,NA,0.75381000127614
"CV1",9,NA,"Raw","M1","JKI","M. x gig",22,NA,1.29637559866464
"CV1",9,NA,"Raw","M2","ABR33","M. sacchariflorus",56,0.271718312714366,0.679660812431942
"CV1",9,NA,"Raw","M2","ABR33","M. sinensis",47,0.2396631380298,1.6075776253031
"CV1",9,NA,"Raw","M2","ABR33","M. x gig",22,0.350488988085838,1.91794887358026
"CV1",9,NA,"Raw","M2","JKI","M. sacchariflorus",56,0.030742511069365,0.504540598467345
"CV1",9,NA,"Raw","M2","JKI","M. sinensis",46,0.093214027881029,0.814085118342564
"CV1",9,NA,"Raw","M2","JKI","M. x gig",22,0.527756030060682,1.0432544631858
"CV1",9,NA,"Raw","M3","ABR33","M. sacchariflorus",56,0.244191610764373,0.533563513571155
"CV1",9,NA,"Raw","M3","ABR33","M. sinensis",47,0.336851753832563,1.57934743187351
"CV1",9,NA,"Raw","M3","ABR33","M. x gig",22,0.477571882263534,1.78894069786348
"CV1",9,NA,"Raw","M3","JKI","M. sacchariflorus",56,0.108346999847328,0.474783137455673
"CV1",9,NA,"Raw","M3","JKI","M. sinensis",46,-0.0727872774895718,0.753278167570863
"CV1",9,NA,"Raw","M3","JKI","M. x gig",22,0.574480651331805,1.02376268922836
"CV1",10,NA,"Group_adjusted","M1","ABR33","M. sacchariflorus",56,NA,0.507517509971575
"CV1",10,NA,"Group_adjusted","M1","ABR33","M. sinensis",47,NA,1.64544357138928
"CV1",10,NA,"Group_adjusted","M1","ABR33","M. x gig",22,NA,1.67773548837658
"CV1",10,NA,"Group_adjusted","M1","JKI","M. sacchariflorus",56,NA,0.473930645356889
"CV1",10,NA,"Group_adjusted","M1","JKI","M. sinensis",46,NA,0.738839838529164
"CV1",10,NA,"Group_adjusted","M1","JKI","M. x gig",22,NA,0.964253266818071
"CV1",10,NA,"Group_adjusted","M2","ABR33","M. sacchariflorus",56,0.0270119146469318,0.499062722681697
"CV1",10,NA,"Group_adjusted","M2","ABR33","M. sinensis",47,0.353789944755693,1.60756705747416
"CV1",10,NA,"Group_adjusted","M2","ABR33","M. x gig",22,0.0226783228602604,1.6337286844327
"CV1",10,NA,"Group_adjusted","M2","JKI","M. sacchariflorus",56,0.0259319207625897,0.468838544545353
"CV1",10,NA,"Group_adjusted","M2","JKI","M. sinensis",46,0.193453010694234,0.71472559551821
"CV1",10,NA,"Group_adjusted","M2","JKI","M. x gig",22,0.453274579016171,0.880780340676411
"CV1",10,NA,"Group_adjusted","M3","ABR33","M. sacchariflorus",56,0.0546033651142937,0.500981550119483
"CV1",10,NA,"Group_adjusted","M3","ABR33","M. sinensis",47,0.410723507307468,1.58156110597712
"CV1",10,NA,"Group_adjusted","M3","ABR33","M. x gig",22,0.124292388831874,1.61548220837914
"CV1",10,NA,"Group_adjusted","M3","JKI","M. sacchariflorus",56,0.108346220842901,0.46442868686565
"CV1",10,NA,"Group_adjusted","M3","JKI","M. sinensis",46,0.135252079474229,0.719358658702531
"CV1",10,NA,"Group_adjusted","M3","JKI","M. x gig",22,0.524169335503257,0.845621274491618
"CV1",10,NA,"Raw","M1","ABR33","M. sacchariflorus",56,NA,0.9770606572749
"CV1",10,NA,"Raw","M1","ABR33","M. sinensis",47,NA,1.67291905879194
"CV1",10,NA,"Raw","M1","ABR33","M. x gig",22,NA,2.15757947278805
"CV1",10,NA,"Raw","M1","JKI","M. sacchariflorus",56,NA,0.512559862352501
"CV1",10,NA,"Raw","M1","JKI","M. sinensis",46,NA,0.748580956316567
"CV1",10,NA,"Raw","M1","JKI","M. x gig",22,NA,1.30457166000809
"CV1",10,NA,"Raw","M2","ABR33","M. sacchariflorus",56,0.290753219532129,0.690765054195831
"CV1",10,NA,"Raw","M2","ABR33","M. sinensis",47,0.364705946177233,1.59940073937576
"CV1",10,NA,"Raw","M2","ABR33","M. x gig",22,0.23174227492691,1.91736639177291
"CV1",10,NA,"Raw","M2","JKI","M. sacchariflorus",56,0.0104412121309496,0.500294689779634
"CV1",10,NA,"Raw","M2","JKI","M. sinensis",46,0.197355038064635,0.810760549382494
"CV1",10,NA,"Raw","M2","JKI","M. x gig",22,0.444772818876869,1.02900181138327
"CV1",10,NA,"Raw","M3","ABR33","M. sacchariflorus",56,0.264734917482626,0.534852808614032
"CV1",10,NA,"Raw","M3","ABR33","M. sinensis",47,0.398560093088655,1.57992875108713
"CV1",10,NA,"Raw","M3","ABR33","M. x gig",22,0.252101418214308,1.79885628699783
"CV1",10,NA,"Raw","M3","JKI","M. sacchariflorus",56,0.0437916337893918,0.486083226344782
"CV1",10,NA,"Raw","M3","JKI","M. sinensis",46,0.161729620271976,0.725912855131709
"CV1",10,NA,"Raw","M3","JKI","M. x gig",22,0.530017853115264,0.983568474662397
"CV2",1,NA,"Group_adjusted","M1","ABR33","M. sacchariflorus",56,0.202094632760021,0.487027752909665
"CV2",1,NA,"Group_adjusted","M1","ABR33","M. sinensis",46,0.310612202171729,1.58727383636697
"CV2",1,NA,"Group_adjusted","M1","ABR33","M. x gig",22,0.413757367108355,1.52679323356478
"CV2",1,NA,"Group_adjusted","M1","JKI","M. sacchariflorus",56,0.24553453155682,0.451733843938117
"CV2",1,NA,"Group_adjusted","M1","JKI","M. sinensis",46,0.42601978916111,0.687399927330342
"CV2",1,NA,"Group_adjusted","M1","JKI","M. x gig",22,0.466320720295511,0.842878600526862
"CV2",1,NA,"Group_adjusted","M2","ABR33","M. sacchariflorus",56,0.235513807408374,0.486902068940315
"CV2",1,NA,"Group_adjusted","M2","ABR33","M. sinensis",46,0.414821474498142,1.53874003369994
"CV2",1,NA,"Group_adjusted","M2","ABR33","M. x gig",22,0.449859915080219,1.47676650338387
"CV2",1,NA,"Group_adjusted","M2","JKI","M. sacchariflorus",56,0.255453356037595,0.4553933973931
"CV2",1,NA,"Group_adjusted","M2","JKI","M. sinensis",46,0.437708463473662,0.753583119679032
"CV2",1,NA,"Group_adjusted","M2","JKI","M. x gig",22,0.526557793295261,0.844521857299059
"CV2",1,NA,"Group_adjusted","M3","ABR33","M. sacchariflorus",56,0.252406916357756,0.483949719755795
"CV2",1,NA,"Group_adjusted","M3","ABR33","M. sinensis",46,0.48062807925157,1.5130250286792
"CV2",1,NA,"Group_adjusted","M3","ABR33","M. x gig",22,0.495644378306428,1.45785613047123
"CV2",1,NA,"Group_adjusted","M3","JKI","M. sacchariflorus",56,0.325099886128089,0.44089373365221
"CV2",1,NA,"Group_adjusted","M3","JKI","M. sinensis",46,0.44791204195394,0.711391401188116
"CV2",1,NA,"Group_adjusted","M3","JKI","M. x gig",22,0.558755148233689,0.801433473449952
"CV2",1,NA,"Raw","M1","ABR33","M. sacchariflorus",56,0.204992255694108,0.906855666689561
"CV2",1,NA,"Raw","M1","ABR33","M. sinensis",46,0.412891443699139,1.59033450050326
"CV2",1,NA,"Raw","M1","ABR33","M. x gig",22,0.55780885947605,1.83178332658111
"CV2",1,NA,"Raw","M1","JKI","M. sacchariflorus",56,0.242895310204096,0.475292424555579
"CV2",1,NA,"Raw","M1","JKI","M. sinensis",46,0.434507112724975,0.770483906066939
"CV2",1,NA,"Raw","M1","JKI","M. x gig",22,0.510383894380083,0.89845422902884
"CV2",1,NA,"Raw","M2","ABR33","M. sacchariflorus",56,0.300374379212587,0.726544661443749
"CV2",1,NA,"Raw","M2","ABR33","M. sinensis",46,0.459767404986972,1.5322672636607
"CV2",1,NA,"Raw","M2","ABR33","M. x gig",22,0.507295867988767,1.66309660368614
"CV2",1,NA,"Raw","M2","JKI","M. sacchariflorus",56,0.203888378960111,0.586780318382927
"CV2",1,NA,"Raw","M2","JKI","M. sinensis",46,0.441801208898729,0.897790862057207
"CV2",1,NA,"Raw","M2","JKI","M. x gig",22,0.541317684414106,0.865009545163805
"CV2",1,NA,"Raw","M3","ABR33","M. sacchariflorus",56,0.299616753451748,0.525458659827623
"CV2",1,NA,"Raw","M3","ABR33","M. sinensis",46,0.488820628289738,1.49602173613302
"CV2",1,NA,"Raw","M3","ABR33","M. x gig",22,0.530531436273776,1.61133276465228
"CV2",1,NA,"Raw","M3","JKI","M. sacchariflorus",56,0.289764517760463,0.453721114086699
"CV2",1,NA,"Raw","M3","JKI","M. sinensis",46,0.443693186102378,0.764527317125163
"CV2",1,NA,"Raw","M3","JKI","M. x gig",22,0.579842261014204,0.829838544195644
"CV2",2,NA,"Group_adjusted","M1","ABR33","M. sacchariflorus",56,0.200620483117247,0.487114287169692
"CV2",2,NA,"Group_adjusted","M1","ABR33","M. sinensis",46,0.341323748836985,1.58192381079229
"CV2",2,NA,"Group_adjusted","M1","ABR33","M. x gig",22,0.34060261021752,1.54915248034703
"CV2",2,NA,"Group_adjusted","M1","JKI","M. sacchariflorus",56,0.233770287385511,0.455086370666215
"CV2",2,NA,"Group_adjusted","M1","JKI","M. sinensis",46,0.401114431033956,0.722392448714507
"CV2",2,NA,"Group_adjusted","M1","JKI","M. x gig",22,0.312251629482686,0.924930176115928
"CV2",2,NA,"Group_adjusted","M2","ABR33","M. sacchariflorus",56,0.225731803303189,0.48829917452752
"CV2",2,NA,"Group_adjusted","M2","ABR33","M. sinensis",46,0.46780635236505,1.52418483183632
"CV2",2,NA,"Group_adjusted","M2","ABR33","M. x gig",22,0.406404852155728,1.49871772081296
"CV2",2,NA,"Group_adjusted","M2","JKI","M. sacchariflorus",56,0.294855034038007,0.44827046780414
"CV2",2,NA,"Group_adjusted","M2","JKI","M. sinensis",46,0.428129894184759,0.782923163916772
"CV2",2,NA,"Group_adjusted","M2","JKI","M. x gig",22,0.459621942016448,0.880105216167317
"CV2",2,NA,"Group_adjusted","M3","ABR33","M. sacchariflorus",56,0.227128904921993,0.488515526755181
"CV2",2,NA,"Group_adjusted","M3","ABR33","M. sinensis",46,0.536997154106651,1.49435309945769
"CV2",2,NA,"Group_adjusted","M3","ABR33","M. x gig",22,0.401919635481254,1.50092792425314
"CV2",2,NA,"Group_adjusted","M3","JKI","M. sacchariflorus",56,0.335304532498133,0.439364174979842
"CV2",2,NA,"Group_adjusted","M3","JKI","M. sinensis",46,0.407012654592728,0.759078026052018
"CV2",2,NA,"Group_adjusted","M3","JKI","M. x gig",22,0.466939113006151,0.860245656185208
"CV2",2,NA,"Raw","M1","ABR33","M. sacchariflorus",56,0.277399765395591,0.873713128070742
"CV2",2,NA,"Raw","M1","ABR33","M. sinensis",46,0.392458812686861,1.60217058460714
"CV2",2,NA,"Raw","M1","ABR33","M. x gig",22,0.569011656236249,1.81264036744593
"CV2",2,NA,"Raw","M1","JKI","M. sacchariflorus",56,0.201665139100573,0.48246810624407
"CV2",2,NA,"Raw","M1","JKI","M. sinensis",46,0.427852344111033,0.804775862027828
"CV2",2,NA,"Raw","M1","JKI","M. x gig",22,0.49707231103639,0.922771562736512
"CV2",2,NA,"Raw","M2","ABR33","M. sacchariflorus",56,0.339321844240364,0.707650874096231
"CV2",2,NA,"Raw","M2","ABR33","M. sinensis",46,0.497910625496293,1.5243459784646
"CV2",2,NA,"Raw","M2","ABR33","M. x gig",22,0.503858905406908,1.65589075630792
"CV2",2,NA,"Raw","M2","JKI","M. sacchariflorus",56,0.227456970386033,0.5767420205303
"CV2",2,NA,"Raw","M2","JKI","M. sinensis",46,0.444337830111091,0.921533941134215
"CV2",2,NA,"Raw","M2","JKI","M. x gig",22,0.54319096803284,0.841478013201966
"CV2",2,NA,"Raw","M3","ABR33","M. sacchariflorus",56,0.314402426398339,0.515815610724473
"CV2",2,NA,"Raw","M3","ABR33","M. sinensis",46,0.533860716159872,1.47630892312364
"CV2",2,NA,"Raw","M3","ABR33","M. x gig",22,0.469923395910498,1.60034567943611
"CV2",2,NA,"Raw","M3","JKI","M. sacchariflorus",56,0.306262805860262,0.450288121981781
"CV2",2,NA,"Raw","M3","JKI","M. sinensis",46,0.404055707536766,0.813650651861975
"CV2",2,NA,"Raw","M3","JKI","M. x gig",22,0.552405112852758,0.857345294638947
"CV2",3,NA,"Group_adjusted","M1","ABR33","M. sacchariflorus",56,0.255828183397822,0.47821279133814
"CV2",3,NA,"Group_adjusted","M1","ABR33","M. sinensis",46,0.257631242716996,1.59943789797917
"CV2",3,NA,"Group_adjusted","M1","ABR33","M. x gig",22,0.209565126515151,1.59059619149863
"CV2",3,NA,"Group_adjusted","M1","JKI","M. sacchariflorus",56,0.227687733758994,0.457466541849596
"CV2",3,NA,"Group_adjusted","M1","JKI","M. sinensis",46,0.370624676499417,0.75127651675721
"CV2",3,NA,"Group_adjusted","M1","JKI","M. x gig",22,0.442615324757053,0.854500190425757
"CV2",3,NA,"Group_adjusted","M2","ABR33","M. sacchariflorus",56,0.279713420592331,0.4769958395274
"CV2",3,NA,"Group_adjusted","M2","ABR33","M. sinensis",46,0.362435393328907,1.55670889059033
"CV2",3,NA,"Group_adjusted","M2","ABR33","M. x gig",22,0.329845348134447,1.53708149198525
"CV2",3,NA,"Group_adjusted","M2","JKI","M. sacchariflorus",56,0.265765804856159,0.455119439335848
"CV2",3,NA,"Group_adjusted","M2","JKI","M. sinensis",46,0.404325321307649,0.812096387976076
"CV2",3,NA,"Group_adjusted","M2","JKI","M. x gig",22,0.536720347234388,0.817716318365006
"CV2",3,NA,"Group_adjusted","M3","ABR33","M. sacchariflorus",56,0.309136101775328,0.471774310506748
"CV2",3,NA,"Group_adjusted","M3","ABR33","M. sinensis",46,0.392380599386141,1.5435320302945
"CV2",3,NA,"Group_adjusted","M3","ABR33","M. x gig",22,0.354422449537344,1.52452208250539
"CV2",3,NA,"Group_adjusted","M3","JKI","M. sacchariflorus",56,0.312320569823319,0.445569735588216
"CV2",3,NA,"Group_adjusted","M3","JKI","M. sinensis",46,0.401103185320197,0.770689514505809
"CV2",3,NA,"Group_adjusted","M3","JKI","M. x gig",22,0.567016971219823,0.7879782027122
"CV2",3,NA,"Raw","M1","ABR33","M. sacchariflorus",56,0.274688916763306,0.897144351231274
"CV2",3,NA,"Raw","M1","ABR33","M. sinensis",46,0.358219968228121,1.60953105286818
"CV2",3,NA,"Raw","M1","ABR33","M. x gig",22,0.400600191054593,1.83173250318537
"CV2",3,NA,"Raw","M1","JKI","M. sacchariflorus",56,0.251586093492418,0.468984794183005
"CV2",3,NA,"Raw","M1","JKI","M. sinensis",46,0.358263478536035,0.895633018863207
"CV2",3,NA,"Raw","M1","JKI","M. x gig",22,0.484587977715721,0.91294522408369
"CV2",3,NA,"Raw","M2","ABR33","M. sacchariflorus",56,0.362706012425283,0.710111929814727
"CV2",3,NA,"Raw","M2","ABR33","M. sinensis",46,0.412146085866095,1.55550698108535
"CV2",3,NA,"Raw","M2","ABR33","M. x gig",22,0.445601272542458,1.67617254377524
"CV2",3,NA,"Raw","M2","JKI","M. sacchariflorus",56,0.257010451768521,0.569075134097665
"CV2",3,NA,"Raw","M2","JKI","M. sinensis",46,0.407328241447965,0.979004098178781
"CV2",3,NA,"Raw","M2","JKI","M. x gig",22,0.560589178120134,0.828967592401233
"CV2",3,NA,"Raw","M3","ABR33","M. sacchariflorus",56,0.382899129841816,0.498840968593244
"CV2",3,NA,"Raw","M3","ABR33","M. sinensis",46,0.404313782129738,1.52689028895788
"CV2",3,NA,"Raw","M3","ABR33","M. x gig",22,0.431843895557941,1.62343680424305
"CV2",3,NA,"Raw","M3","JKI","M. sacchariflorus",56,0.277507822331075,0.45860325984604
"CV2",3,NA,"Raw","M3","JKI","M. sinensis",46,0.395905173872292,0.839612814344363
"CV2",3,NA,"Raw","M3","JKI","M. x gig",22,0.602055048651907,0.79948106257555
"CV2",4,NA,"Group_adjusted","M1","ABR33","M. sacchariflorus",56,0.239133711583647,0.480537170059752
"CV2",4,NA,"Group_adjusted","M1","ABR33","M. sinensis",46,0.243171128714258,1.60418135771963
"CV2",4,NA,"Group_adjusted","M1","ABR33","M. x gig",22,0.367950920640538,1.54242478009844
"CV2",4,NA,"Group_adjusted","M1","JKI","M. sacchariflorus",56,0.272394743900982,0.446808785949417
"CV2",4,NA,"Group_adjusted","M1","JKI","M. sinensis",46,0.407067814126791,0.697020666835072
"CV2",4,NA,"Group_adjusted","M1","JKI","M. x gig",22,0.470067663351797,0.835584878764198
"CV2",4,NA,"Group_adjusted","M2","ABR33","M. sacchariflorus",56,0.261834914351957,0.480851648659703
"CV2",4,NA,"Group_adjusted","M2","ABR33","M. sinensis",46,0.327525297174323,1.56773627202326
"CV2",4,NA,"Group_adjusted","M2","ABR33","M. x gig",22,0.424043453356584,1.49028833536836
"CV2",4,NA,"Group_adjusted","M2","JKI","M. sacchariflorus",56,0.337256034870847,0.438104599004707
"CV2",4,NA,"Group_adjusted","M2","JKI","M. sinensis",46,0.408618049760344,0.771836064593776
"CV2",4,NA,"Group_adjusted","M2","JKI","M. x gig",22,0.573282189988466,0.781531984055277
"CV2",4,NA,"Group_adjusted","M3","ABR33","M. sacchariflorus",56,0.32141628823048,0.468802109476159
"CV2",4,NA,"Group_adjusted","M3","ABR33","M. sinensis",46,0.407011235030981,1.53701038671281
"CV2",4,NA,"Group_adjusted","M3","ABR33","M. x gig",22,0.509501559485973,1.44636298896747
"CV2",4,NA,"Group_adjusted","M3","JKI","M. sacchariflorus",56,0.355695086484051,0.434245215972516
"CV2",4,NA,"Group_adjusted","M3","JKI","M. sinensis",46,0.412322223653199,0.742353944429142
"CV2",4,NA,"Group_adjusted","M3","JKI","M. x gig",22,0.614867189851615,0.746498710366812
"CV2",4,NA,"Raw","M1","ABR33","M. sacchariflorus",56,0.239831439852471,0.891910040740008
"CV2",4,NA,"Raw","M1","ABR33","M. sinensis",46,0.391062645609705,1.60553012451084
"CV2",4,NA,"Raw","M1","ABR33","M. x gig",22,0.536048237814166,1.80339239200322
"CV2",4,NA,"Raw","M1","JKI","M. sacchariflorus",56,0.268688647850967,0.466602142287814
"CV2",4,NA,"Raw","M1","JKI","M. sinensis",46,0.43943881773119,0.770493959224434
"CV2",4,NA,"Raw","M1","JKI","M. x gig",22,0.556473337776085,0.87109591761129
"CV2",4,NA,"Raw","M2","ABR33","M. sacchariflorus",56,0.336565043428557,0.711606297138315
"CV2",4,NA,"Raw","M2","ABR33","M. sinensis",46,0.431791883444861,1.55030599144509
"CV2",4,NA,"Raw","M2","ABR33","M. x gig",22,0.527620702650664,1.63633606857541
"CV2",4,NA,"Raw","M2","JKI","M. sacchariflorus",56,0.284088605620133,0.562695341646563
"CV2",4,NA,"Raw","M2","JKI","M. sinensis",46,0.444934122475418,0.8889000197959
"CV2",4,NA,"Raw","M2","JKI","M. x gig",22,0.609295808143166,0.793029521844704
"CV2",4,NA,"Raw","M3","ABR33","M. sacchariflorus",56,0.35626376710623,0.503874006095499
"CV2",4,NA,"Raw","M3","ABR33","M. sinensis",46,0.453514539396988,1.50584691747428
"CV2",4,NA,"Raw","M3","ABR33","M. x gig",22,0.57494697285909,1.53878780863819
"CV2",4,NA,"Raw","M3","JKI","M. sacchariflorus",56,0.332965043168122,0.442004641258511
"CV2",4,NA,"Raw","M3","JKI","M. sinensis",46,0.432007446718035,0.785820025222501
"CV2",4,NA,"Raw","M3","JKI","M. x gig",22,0.650190445341491,0.7586261224175
"CV2",5,NA,"Group_adjusted","M1","ABR33","M. sacchariflorus",56,0.156043419611808,0.494605445766016
"CV2",5,NA,"Group_adjusted","M1","ABR33","M. sinensis",46,0.364057175672365,1.58201891625421
"CV2",5,NA,"Group_adjusted","M1","ABR33","M. x gig",22,0.452983963481759,1.51709808913203
"CV2",5,NA,"Group_adjusted","M1","JKI","M. sacchariflorus",56,0.178951998820058,0.466253229367835
"CV2",5,NA,"Group_adjusted","M1","JKI","M. sinensis",46,0.416625974111592,0.694177746447808
"CV2",5,NA,"Group_adjusted","M1","JKI","M. x gig",22,0.444516344805911,0.848806577227094
"CV2",5,NA,"Group_adjusted","M2","ABR33","M. sacchariflorus",56,0.205199982003485,0.491876836828913
"CV2",5,NA,"Group_adjusted","M2","ABR33","M. sinensis",46,0.457559081148202,1.53386485685563
"CV2",5,NA,"Group_adjusted","M2","ABR33","M. x gig",22,0.4640766108017,1.47156884856531
"CV2",5,NA,"Group_adjusted","M2","JKI","M. sacchariflorus",56,0.212061671257626,0.469755951463747
"CV2",5,NA,"Group_adjusted","M2","JKI","M. sinensis",46,0.425133137474093,0.768674723576892
"CV2",5,NA,"Group_adjusted","M2","JKI","M. x gig",22,0.538907679063922,0.810400127308758
"CV2",5,NA,"Group_adjusted","M3","ABR33","M. sacchariflorus",56,0.19804138429441,0.492363988434905
"CV2",5,NA,"Group_adjusted","M3","ABR33","M. sinensis",46,0.531917160242138,1.50653512917579
"CV2",5,NA,"Group_adjusted","M3","ABR33","M. x gig",22,0.47349988719582,1.46846479718295
"CV2",5,NA,"Group_adjusted","M3","JKI","M. sacchariflorus",56,0.210582581122141,0.467916669343726
"CV2",5,NA,"Group_adjusted","M3","JKI","M. sinensis",46,0.439479013185011,0.720650153720708
"CV2",5,NA,"Group_adjusted","M3","JKI","M. x gig",22,0.585944993186312,0.768142799392342
"CV2",5,NA,"Raw","M1","ABR33","M. sacchariflorus",56,0.222275644437621,0.89903124826831
"CV2",5,NA,"Raw","M1","ABR33","M. sinensis",46,0.446295822275618,1.58975492531151
"CV2",5,NA,"Raw","M1","ABR33","M. x gig",22,0.527021089533743,1.8118911601408
"CV2",5,NA,"Raw","M1","JKI","M. sacchariflorus",56,0.209362760176739,0.483313927909572
"CV2",5,NA,"Raw","M1","JKI","M. sinensis",46,0.42788993038901,0.78798143260229
"CV2",5,NA,"Raw","M1","JKI","M. x gig",22,0.519907563016615,0.889741572180668
"CV2",5,NA,"Raw","M2","ABR33","M. sacchariflorus",56,0.334280959399513,0.719225586699678
"CV2",5,NA,"Raw","M2","ABR33","M. sinensis",46,0.495984343766103,1.52921200429337
"CV2",5,NA,"Raw","M2","ABR33","M. x gig",22,0.497694127318986,1.66079718470619
"CV2",5,NA,"Raw","M2","JKI","M. sacchariflorus",56,0.219932146359467,0.583237864680805
"CV2",5,NA,"Raw","M2","JKI","M. sinensis",46,0.438328040848536,0.914767666072224
"CV2",5,NA,"Raw","M2","JKI","M. x gig",22,0.581685790579331,0.809359072940915
"CV2",5,NA,"Raw","M3","ABR33","M. sacchariflorus",56,0.262510082292463,0.536733373428646
"CV2",5,NA,"Raw","M3","ABR33","M. sinensis",46,0.544198376550178,1.47858153217394
"CV2",5,NA,"Raw","M3","ABR33","M. x gig",22,0.497390826075832,1.58403069801552
"CV2",5,NA,"Raw","M3","JKI","M. sacchariflorus",56,0.194318305212195,0.479011969760255
"CV2",5,NA,"Raw","M3","JKI","M. sinensis",46,0.445699703854627,0.768028657365733
"CV2",5,NA,"Raw","M3","JKI","M. x gig",22,0.632855197661558,0.764943516676887
"CV2",6,NA,"Group_adjusted","M1","ABR33","M. sacchariflorus",56,0.13132740602254,0.496477826351607
"CV2",6,NA,"Group_adjusted","M1","ABR33","M. sinensis",46,0.338585382133763,1.58669004440579
"CV2",6,NA,"Group_adjusted","M1","ABR33","M. x gig",22,0.217690354046469,1.58979732527783
"CV2",6,NA,"Group_adjusted","M1","JKI","M. sacchariflorus",56,0.228243692747434,0.453840077763883
"CV2",6,NA,"Group_adjusted","M1","JKI","M. sinensis",46,0.37466693208574,0.718952673938016
"CV2",6,NA,"Group_adjusted","M1","JKI","M. x gig",22,0.327486911874973,0.922258811061005
"CV2",6,NA,"Group_adjusted","M2","ABR33","M. sacchariflorus",56,0.207613099781489,0.490049028217366
"CV2",6,NA,"Group_adjusted","M2","ABR33","M. sinensis",46,0.436995235175081,1.53844847775037
"CV2",6,NA,"Group_adjusted","M2","ABR33","M. x gig",22,0.328676495578541,1.53920477437648
"CV2",6,NA,"Group_adjusted","M2","JKI","M. sacchariflorus",56,0.276183426221107,0.449952978388274
"CV2",6,NA,"Group_adjusted","M2","JKI","M. sinensis",46,0.424163405684751,0.756447299950135
"CV2",6,NA,"Group_adjusted","M2","JKI","M. x gig",22,0.44875583287411,0.889101616484309
"CV2",6,NA,"Group_adjusted","M3","ABR33","M. sacchariflorus",56,0.228067033681813,0.486813660595413
"CV2",6,NA,"Group_adjusted","M3","ABR33","M. sinensis",46,0.492459105812524,1.51407414575358
"CV2",6,NA,"Group_adjusted","M3","ABR33","M. x gig",22,0.354878764356031,1.52372182326373
"CV2",6,NA,"Group_adjusted","M3","JKI","M. sacchariflorus",56,0.316589214737328,0.441496104382878
"CV2",6,NA,"Group_adjusted","M3","JKI","M. sinensis",46,0.4095829875398,0.735917308284559
"CV2",6,NA,"Group_adjusted","M3","JKI","M. x gig",22,0.504519547578112,0.838072707699045
"CV2",6,NA,"Raw","M1","ABR33","M. sacchariflorus",56,0.155651726594357,0.912399003332816
"CV2",6,NA,"Raw","M1","ABR33","M. sinensis",46,0.384098166913213,1.60675350166503
"CV2",6,NA,"Raw","M1","ABR33","M. x gig",22,0.462383851864812,1.87459520515863
"CV2",6,NA,"Raw","M1","JKI","M. sacchariflorus",56,0.174058705161401,0.485432190442159
"CV2",6,NA,"Raw","M1","JKI","M. sinensis",46,0.411757049465881,0.78160751891416
"CV2",6,NA,"Raw","M1","JKI","M. x gig",22,0.476103827127583,0.933977296527937
"CV2",6,NA,"Raw","M2","ABR33","M. sacchariflorus",56,0.319426730068236,0.716284964439724
"CV2",6,NA,"Raw","M2","ABR33","M. sinensis",46,0.469748921278293,1.53692955342742
"CV2",6,NA,"Raw","M2","ABR33","M. x gig",22,0.490751785692908,1.68148726674232
"CV2",6,NA,"Raw","M2","JKI","M. sacchariflorus",56,0.2274320928206,0.572708115381252
"CV2",6,NA,"Raw","M2","JKI","M. sinensis",46,0.446579008691116,0.889066895802831
"CV2",6,NA,"Raw","M2","JKI","M. x gig",22,0.544887565958391,0.827634984781946
"CV2",6,NA,"Raw","M3","ABR33","M. sacchariflorus",56,0.344483539475491,0.50510933805185
"CV2",6,NA,"Raw","M3","ABR33","M. sinensis",46,0.500744567876488,1.49582884935644
"CV2",6,NA,"Raw","M3","ABR33","M. x gig",22,0.444220004883911,1.62003556684924
"CV2",6,NA,"Raw","M3","JKI","M. sacchariflorus",56,0.278002811354527,0.451700599202587
"CV2",6,NA,"Raw","M3","JKI","M. sinensis",46,0.421848121523961,0.769956365268594
"CV2",6,NA,"Raw","M3","JKI","M. x gig",22,0.602027973511036,0.800554524374079
"CV2",7,NA,"Group_adjusted","M1","ABR33","M. sacchariflorus",56,0.269630719374078,0.47574545846274
"CV2",7,NA,"Group_adjusted","M1","ABR33","M. sinensis",46,0.397883001643476,1.56852811112354
"CV2",7,NA,"Group_adjusted","M1","ABR33","M. x gig",22,0.131674153834318,1.61940726235938
"CV2",7,NA,"Group_adjusted","M1","JKI","M. sacchariflorus",56,0.255136537202865,0.449498437288781
"CV2",7,NA,"Group_adjusted","M1","JKI","M. sinensis",46,0.396487069462652,0.699598060792556
"CV2",7,NA,"Group_adjusted","M1","JKI","M. x gig",22,0.37287653120429,0.883566632614354
"CV2",7,NA,"Group_adjusted","M2","ABR33","M. sacchariflorus",56,0.297474840701309,0.472779068777034
"CV2",7,NA,"Group_adjusted","M2","ABR33","M. sinensis",46,0.486976483918147,1.52050444931619
"CV2",7,NA,"Group_adjusted","M2","ABR33","M. x gig",22,0.25492774995331,1.5750292727068
"CV2",7,NA,"Group_adjusted","M2","JKI","M. sacchariflorus",56,0.290527855329805,0.447349198576425
"CV2",7,NA,"Group_adjusted","M2","JKI","M. sinensis",46,0.423585312582339,0.751567876484582
"CV2",7,NA,"Group_adjusted","M2","JKI","M. x gig",22,0.500765071596264,0.832125780949718
"CV2",7,NA,"Group_adjusted","M3","ABR33","M. sacchariflorus",56,0.326407555743926,0.467527188025502
"CV2",7,NA,"Group_adjusted","M3","ABR33","M. sinensis",46,0.517563205568183,1.50585980173095
"CV2",7,NA,"Group_adjusted","M3","ABR33","M. x gig",22,0.32992737600972,1.53673219955712
"CV2",7,NA,"Group_adjusted","M3","JKI","M. sacchariflorus",56,0.315810553999616,0.442752264968846
"CV2",7,NA,"Group_adjusted","M3","JKI","M. sinensis",46,0.399087655084282,0.738362931726073
"CV2",7,NA,"Group_adjusted","M3","JKI","M. x gig",22,0.550896423874152,0.794315814805209
"CV2",7,NA,"Raw","M1","ABR33","M. sacchariflorus",56,0.30775575502412,0.899489693693628
"CV2",7,NA,"Raw","M1","ABR33","M. sinensis",46,0.447458302106986,1.58265386572012
"CV2",7,NA,"Raw","M1","ABR33","M. x gig",22,0.443726386278765,1.8425965529016
"CV2",7,NA,"Raw","M1","JKI","M. sacchariflorus",56,0.257412385861846,0.466432770392915
"CV2",7,NA,"Raw","M1","JKI","M. sinensis",46,0.424213667766623,0.781548115926433
"CV2",7,NA,"Raw","M1","JKI","M. x gig",22,0.505098975735222,0.910154853040146
"CV2",7,NA,"Raw","M2","ABR33","M. sacchariflorus",56,0.38046930173934,0.717055339699689
"CV2",7,NA,"Raw","M2","ABR33","M. sinensis",46,0.499236508809349,1.52277097028202
"CV2",7,NA,"Raw","M2","ABR33","M. x gig",22,0.458487980428385,1.67878155792894
"CV2",7,NA,"Raw","M2","JKI","M. sacchariflorus",56,0.240155186994123,0.5727146821265
"CV2",7,NA,"Raw","M2","JKI","M. sinensis",46,0.443641946686393,0.89480664217987
"CV2",7,NA,"Raw","M2","JKI","M. x gig",22,0.54932713663638,0.84525250660555
"CV2",7,NA,"Raw","M3","ABR33","M. sacchariflorus",56,0.367570069391924,0.507389422587896
"CV2",7,NA,"Raw","M3","ABR33","M. sinensis",46,0.526266794462389,1.48454033004276
"CV2",7,NA,"Raw","M3","ABR33","M. x gig",22,0.518651832195152,1.56040677550093
"CV2",7,NA,"Raw","M3","JKI","M. sacchariflorus",56,0.307414478766135,0.447277766900776
"CV2",7,NA,"Raw","M3","JKI","M. sinensis",46,0.420059442765319,0.778780441573506
"CV2",7,NA,"Raw","M3","JKI","M. x gig",22,0.594287692188358,0.815895851909411
"CV2",8,NA,"Group_adjusted","M1","ABR33","M. sacchariflorus",56,0.190040372808443,0.48877717711684
"CV2",8,NA,"Group_adjusted","M1","ABR33","M. sinensis",46,0.301583575551619,1.59196829458145
"CV2",8,NA,"Group_adjusted","M1","ABR33","M. x gig",22,-0.268564210744663,1.78269341579287
"CV2",8,NA,"Group_adjusted","M1","JKI","M. sacchariflorus",56,0.200510749086505,0.457097335583378
"CV2",8,NA,"Group_adjusted","M1","JKI","M. sinensis",46,0.409519062493583,0.687288088476808
"CV2",8,NA,"Group_adjusted","M1","JKI","M. x gig",22,0.4737823713717,0.833316093676255
"CV2",8,NA,"Group_adjusted","M2","ABR33","M. sacchariflorus",56,0.219115034657287,0.491649364228037
"CV2",8,NA,"Group_adjusted","M2","ABR33","M. sinensis",46,0.376397775994246,1.55288594350758
"CV2",8,NA,"Group_adjusted","M2","ABR33","M. x gig",22,-0.067761496235008,1.73380359369906
"CV2",8,NA,"Group_adjusted","M2","JKI","M. sacchariflorus",56,0.273615725579694,0.44954896687355
"CV2",8,NA,"Group_adjusted","M2","JKI","M. sinensis",46,0.439478716126173,0.748332009449725
"CV2",8,NA,"Group_adjusted","M2","JKI","M. x gig",22,0.548483253934785,0.80026727343064
"CV2",8,NA,"Group_adjusted","M3","ABR33","M. sacchariflorus",56,0.277459139856049,0.479094117722554
"CV2",8,NA,"Group_adjusted","M3","ABR33","M. sinensis",46,0.430811609687493,1.52716550163522
"CV2",8,NA,"Group_adjusted","M3","ABR33","M. x gig",22,-0.0974133800170421,1.74315005317727
"CV2",8,NA,"Group_adjusted","M3","JKI","M. sacchariflorus",56,0.289446583249429,0.446532643327885
"CV2",8,NA,"Group_adjusted","M3","JKI","M. sinensis",46,0.434875095968538,0.718308029397759
"CV2",8,NA,"Group_adjusted","M3","JKI","M. x gig",22,0.608885352186126,0.750938260635712
"CV2",8,NA,"Raw","M1","ABR33","M. sacchariflorus",56,0.218805287853774,0.919933457777962
"CV2",8,NA,"Raw","M1","ABR33","M. sinensis",46,0.455993343016327,1.58631300893581
"CV2",8,NA,"Raw","M1","ABR33","M. x gig",22,0.22017900853822,1.93741403816505
"CV2",8,NA,"Raw","M1","JKI","M. sacchariflorus",56,0.261617794637025,0.469787535408984
"CV2",8,NA,"Raw","M1","JKI","M. sinensis",46,0.466257949068446,0.735919614779808
"CV2",8,NA,"Raw","M1","JKI","M. x gig",22,0.514377245100913,0.888287744090406
"CV2",8,NA,"Raw","M2","ABR33","M. sacchariflorus",56,0.324976099115625,0.725970112140596
"CV2",8,NA,"Raw","M2","ABR33","M. sinensis",46,0.489594182426316,1.52919056480266
"CV2",8,NA,"Raw","M2","ABR33","M. x gig",22,0.311897789254259,1.77343587039187
"CV2",8,NA,"Raw","M2","JKI","M. sacchariflorus",56,0.269234073669438,0.570861451096332
"CV2",8,NA,"Raw","M2","JKI","M. sinensis",46,0.483109488020615,0.865629907288137
"CV2",8,NA,"Raw","M2","JKI","M. x gig",22,0.559314488808261,0.840964942820117
"CV2",8,NA,"Raw","M3","ABR33","M. sacchariflorus",56,0.328163395333393,0.516181021637959
"CV2",8,NA,"Raw","M3","ABR33","M. sinensis",46,0.486254872414625,1.49523718666844
"CV2",8,NA,"Raw","M3","ABR33","M. x gig",22,0.211788048911235,1.76654445139311
"CV2",8,NA,"Raw","M3","JKI","M. sacchariflorus",56,0.26878077039452,0.45672605685325
"CV2",8,NA,"Raw","M3","JKI","M. sinensis",46,0.455647425186364,0.745259920591606
"CV2",8,NA,"Raw","M3","JKI","M. x gig",22,0.612844836155636,0.785100482545553
"CV2",9,NA,"Group_adjusted","M1","ABR33","M. sacchariflorus",56,0.229488681059723,0.483614387370415
"CV2",9,NA,"Group_adjusted","M1","ABR33","M. sinensis",46,0.0024724434213718,1.6777542113914
"CV2",9,NA,"Group_adjusted","M1","ABR33","M. x gig",22,0.426098432661142,1.52047216998738
"CV2",9,NA,"Group_adjusted","M1","JKI","M. sacchariflorus",56,0.141332533833111,0.478717797366367
"CV2",9,NA,"Group_adjusted","M1","JKI","M. sinensis",46,0.358270474826539,0.75119108587206
"CV2",9,NA,"Group_adjusted","M1","JKI","M. x gig",22,0.279619320486584,0.953471842518922
"CV2",9,NA,"Group_adjusted","M2","ABR33","M. sacchariflorus",56,0.249883583585885,0.48481964268831
"CV2",9,NA,"Group_adjusted","M2","ABR33","M. sinensis",46,0.1593806706221,1.62930834396538
"CV2",9,NA,"Group_adjusted","M2","ABR33","M. x gig",22,0.462698154704775,1.46932896926105
"CV2",9,NA,"Group_adjusted","M2","JKI","M. sacchariflorus",56,0.19688321693594,0.475300270646984
"CV2",9,NA,"Group_adjusted","M2","JKI","M. sinensis",46,0.391754885438262,0.810608512172245
"CV2",9,NA,"Group_adjusted","M2","JKI","M. x gig",22,0.43975235453217,0.897875501790555
"CV2",9,NA,"Group_adjusted","M3","ABR33","M. sacchariflorus",56,0.298536110976043,0.474540389598815
"CV2",9,NA,"Group_adjusted","M3","ABR33","M. sinensis",46,0.22898101417494,1.60339584648274
"CV2",9,NA,"Group_adjusted","M3","ABR33","M. x gig",22,0.493433266169711,1.45557230519469
"CV2",9,NA,"Group_adjusted","M3","JKI","M. sacchariflorus",56,0.25511449360747,0.460362461933568
"CV2",9,NA,"Group_adjusted","M3","JKI","M. sinensis",46,0.401148811842976,0.765273167088896
"CV2",9,NA,"Group_adjusted","M3","JKI","M. x gig",22,0.463825635030802,0.87012075494265
"CV2",9,NA,"Raw","M1","ABR33","M. sacchariflorus",56,0.230952884222856,0.903529570006715
"CV2",9,NA,"Raw","M1","ABR33","M. sinensis",46,0.215833319208802,1.64764693596701
"CV2",9,NA,"Raw","M1","ABR33","M. x gig",22,0.482697673552906,1.80154593948054
"CV2",9,NA,"Raw","M1","JKI","M. sacchariflorus",56,0.0928821237309159,0.523969476287122
"CV2",9,NA,"Raw","M1","JKI","M. sinensis",46,0.383022860486928,0.83587473391881
"CV2",9,NA,"Raw","M1","JKI","M. x gig",22,0.401835572881101,0.977018690435742
"CV2",9,NA,"Raw","M2","ABR33","M. sacchariflorus",56,0.335633130643302,0.717314763147545
"CV2",9,NA,"Raw","M2","ABR33","M. sinensis",46,0.297392124139229,1.59497409607566
"CV2",9,NA,"Raw","M2","ABR33","M. x gig",22,0.502479239223945,1.63777971434963
"CV2",9,NA,"Raw","M2","JKI","M. sacchariflorus",56,0.113962497306079,0.628339951669692
"CV2",9,NA,"Raw","M2","JKI","M. sinensis",46,0.417408390999222,0.939652966600863
"CV2",9,NA,"Raw","M2","JKI","M. x gig",22,0.512061086698458,0.868341249774037
"CV2",9,NA,"Raw","M3","ABR33","M. sacchariflorus",56,0.39056524918854,0.497237590523629
"CV2",9,NA,"Raw","M3","ABR33","M. sinensis",46,0.264373591296618,1.59400695145537
"CV2",9,NA,"Raw","M3","ABR33","M. x gig",22,0.532762699073886,1.55264191705596
"CV2",9,NA,"Raw","M3","JKI","M. sacchariflorus",56,0.229289309180726,0.475659319120831
"CV2",9,NA,"Raw","M3","JKI","M. sinensis",46,0.410830533661364,0.814683569319157
"CV2",9,NA,"Raw","M3","JKI","M. x gig",22,0.537167331496517,0.864255277261513
"CV2",10,NA,"Group_adjusted","M1","ABR33","M. sacchariflorus",56,0.2777516458435,0.474712027448981
"CV2",10,NA,"Group_adjusted","M1","ABR33","M. sinensis",46,0.263102548216667,1.59811975597668
"CV2",10,NA,"Group_adjusted","M1","ABR33","M. x gig",22,0.483162720545995,1.53947615690582
"CV2",10,NA,"Group_adjusted","M1","JKI","M. sacchariflorus",56,0.185359129809027,0.46140639822984
"CV2",10,NA,"Group_adjusted","M1","JKI","M. sinensis",46,0.373965565880693,0.726409995699916
"CV2",10,NA,"Group_adjusted","M1","JKI","M. x gig",22,0.437843953441448,0.85576081029387
"CV2",10,NA,"Group_adjusted","M2","ABR33","M. sacchariflorus",56,0.294925866309159,0.47416405685778
"CV2",10,NA,"Group_adjusted","M2","ABR33","M. sinensis",46,0.378089783646079,1.55148130940859
"CV2",10,NA,"Group_adjusted","M2","ABR33","M. x gig",22,0.512544776275408,1.48057184102783
"CV2",10,NA,"Group_adjusted","M2","JKI","M. sacchariflorus",56,0.258440685815763,0.454111326897763
"CV2",10,NA,"Group_adjusted","M2","JKI","M. sinensis",46,0.407765656010819,0.782714919535238
"CV2",10,NA,"Group_adjusted","M2","JKI","M. x gig",22,0.51611802028335,0.835736147982552
"CV2",10,NA,"Group_adjusted","M3","ABR33","M. sacchariflorus",56,0.318105175342124,0.469738786915241
"CV2",10,NA,"Group_adjusted","M3","ABR33","M. sinensis",46,0.424175241777899,1.53121135373067
"CV2",10,NA,"Group_adjusted","M3","ABR33","M. x gig",22,0.411008362809468,1.52691634752505
"CV2",10,NA,"Group_adjusted","M3","JKI","M. sacchariflorus",56,0.309860063943631,0.443802973815609
"CV2",10,NA,"Group_adjusted","M3","JKI","M. sinensis",46,0.404870259580614,0.750351223435182
"CV2",10,NA,"Group_adjusted","M3","JKI","M. x gig",22,0.595710609462186,0.763447239473663
"CV2",10,NA,"Raw","M1","ABR33","M. sacchariflorus",56,0.287060350043025,0.903064532879325
"CV2",10,NA,"Raw","M1","ABR33","M. sinensis",46,0.360601730166514,1.59704339890178
"CV2",10,NA,"Raw","M1","ABR33","M. x gig",22,0.53745565577327,1.8545413386256
"CV2",10,NA,"Raw","M1","JKI","M. sacchariflorus",56,0.164923376427871,0.486408500507526
"CV2",10,NA,"Raw","M1","JKI","M. sinensis",46,0.40718186980026,0.812496010955979
"CV2",10,NA,"Raw","M1","JKI","M. x gig",22,0.479147544466993,0.929438125656168
"CV2",10,NA,"Raw","M2","ABR33","M. sacchariflorus",56,0.382585655324938,0.711708833930502
"CV2",10,NA,"Raw","M2","ABR33","M. sinensis",46,0.438400435167327,1.54143699825384
"CV2",10,NA,"Raw","M2","ABR33","M. x gig",22,0.501680836463348,1.68879276217273
"CV2",10,NA,"Raw","M2","JKI","M. sacchariflorus",56,0.216091204907029,0.577293801589546
"CV2",10,NA,"Raw","M2","JKI","M. sinensis",46,0.443360791710975,0.904988267592591
"CV2",10,NA,"Raw","M2","JKI","M. x gig",22,0.548223010843292,0.841850140862676
"CV2",10,NA,"Raw","M3","ABR33","M. sacchariflorus",56,0.371582626825708,0.502930644409011
"CV2",10,NA,"Raw","M3","ABR33","M. sinensis",46,0.444550709693119,1.51243347774338
"CV2",10,NA,"Raw","M3","ABR33","M. x gig",22,0.325652660719607,1.72358365242147
"CV2",10,NA,"Raw","M3","JKI","M. sacchariflorus",56,0.260555566237801,0.460281701374587
"CV2",10,NA,"Raw","M3","JKI","M. sinensis",46,0.421570482396603,0.795869366311999
"CV2",10,NA,"Raw","M3","JKI","M. x gig",22,0.618446958701094,0.779814444042609
"Sparse25",1,0,"Group_adjusted","M1","ABR33","M. sacchariflorus",43,0.324231736425118,0.550537307691369
"Sparse25",1,0,"Group_adjusted","M1","ABR33","M. sinensis",38,0.20840869427446,1.91605214341629
"Sparse25",1,0,"Group_adjusted","M1","ABR33","M. x gig",19,0.466993035374529,1.40375549731706
"Sparse25",1,0,"Group_adjusted","M1","JKI","M. sacchariflorus",44,0.241536877032216,0.467932840857586
"Sparse25",1,0,"Group_adjusted","M1","JKI","M. sinensis",36,0.17883057904103,0.828338865395308
"Sparse25",1,0,"Group_adjusted","M1","JKI","M. x gig",19,0.374353878133247,0.876226035816441
"Sparse25",1,0,"Group_adjusted","M2","ABR33","M. sacchariflorus",43,0.274418599153872,0.54085151689732
"Sparse25",1,0,"Group_adjusted","M2","ABR33","M. sinensis",38,0.280018083828284,1.89770537613763
"Sparse25",1,0,"Group_adjusted","M2","ABR33","M. x gig",19,0.483416151824994,1.36242881783696
"Sparse25",1,0,"Group_adjusted","M2","JKI","M. sacchariflorus",44,0.33701721356237,0.456345885250418
"Sparse25",1,0,"Group_adjusted","M2","JKI","M. sinensis",36,0.154194354523615,0.838655600803868
"Sparse25",1,0,"Group_adjusted","M2","JKI","M. x gig",19,0.474807891352968,0.835132590572923
"Sparse25",1,0,"Group_adjusted","M3","ABR33","M. sacchariflorus",43,0.269993521756031,0.531907261857224
"Sparse25",1,0,"Group_adjusted","M3","ABR33","M. sinensis",38,0.244641065649793,1.8999884919068
"Sparse25",1,0,"Group_adjusted","M3","ABR33","M. x gig",19,0.532368500042944,1.35104964413022
"Sparse25",1,0,"Group_adjusted","M3","JKI","M. sacchariflorus",44,0.327744845031848,0.453809726720913
"Sparse25",1,0,"Group_adjusted","M3","JKI","M. sinensis",36,0.207443789099358,0.819205903739964
"Sparse25",1,0,"Group_adjusted","M3","JKI","M. x gig",19,0.502405187349644,0.812284677922751
"Sparse25",1,0,"Raw","M1","ABR33","M. sacchariflorus",43,0.321920098370315,0.588723913085277
"Sparse25",1,0,"Raw","M1","ABR33","M. sinensis",38,0.268078497012178,1.94294722225708
"Sparse25",1,0,"Raw","M1","ABR33","M. x gig",19,0.307067962318103,2.30543349341296
"Sparse25",1,0,"Raw","M1","JKI","M. sacchariflorus",44,0.334972067788803,0.474763892039528
"Sparse25",1,0,"Raw","M1","JKI","M. sinensis",36,0.176753970273875,0.784649670811098
"Sparse25",1,0,"Raw","M1","JKI","M. x gig",19,0.455306622962495,1.39832444033206
"Sparse25",1,0,"Raw","M2","ABR33","M. sacchariflorus",43,0.367301089462579,0.5532928818879
"Sparse25",1,0,"Raw","M2","ABR33","M. sinensis",38,0.358133786434007,1.88830032348018
"Sparse25",1,0,"Raw","M2","ABR33","M. x gig",19,0.387961047517012,2.19175189490831
"Sparse25",1,0,"Raw","M2","JKI","M. sacchariflorus",44,0.358536714521833,0.501742417582506
"Sparse25",1,0,"Raw","M2","JKI","M. sinensis",36,0.164015709260546,0.773735413061117
"Sparse25",1,0,"Raw","M2","JKI","M. x gig",19,0.555083030496556,1.2683090810439
"Sparse25",1,0,"Raw","M3","ABR33","M. sacchariflorus",43,0.379547937741175,0.505330923793541
"Sparse25",1,0,"Raw","M3","ABR33","M. sinensis",38,0.239395982056543,1.8284848176491
"Sparse25",1,0,"Raw","M3","ABR33","M. x gig",19,0.527133499609855,2.13806899320125
"Sparse25",1,0,"Raw","M3","JKI","M. sacchariflorus",44,0.357549660187753,0.453808736348795
"Sparse25",1,0,"Raw","M3","JKI","M. sinensis",36,0.223667978869989,0.793145068232578
"Sparse25",1,0,"Raw","M3","JKI","M. x gig",19,0.585746536766095,1.23900961694433
"Sparse25",1,5,"Group_adjusted","M1","ABR33","M. sacchariflorus",46,0.00640957455981034,0.520227665681751
"Sparse25",1,5,"Group_adjusted","M1","ABR33","M. sinensis",37,0.0456422576845314,1.84184502295767
"Sparse25",1,5,"Group_adjusted","M1","ABR33","M. x gig",17,-0.226442256161579,1.72166753083414
"Sparse25",1,5,"Group_adjusted","M1","JKI","M. sacchariflorus",43,0.323467089774536,0.489260027218061
"Sparse25",1,5,"Group_adjusted","M1","JKI","M. sinensis",37,0.282750498217072,0.794439890132462
"Sparse25",1,5,"Group_adjusted","M1","JKI","M. x gig",19,0.712824970664833,0.999395191196233
"Sparse25",1,5,"Group_adjusted","M2","ABR33","M. sacchariflorus",46,0.00138612813523375,0.525327983896115
"Sparse25",1,5,"Group_adjusted","M2","ABR33","M. sinensis",37,0.126481813805218,1.83823467210435
"Sparse25",1,5,"Group_adjusted","M2","ABR33","M. x gig",17,-0.166956445199634,1.73181471946472
"Sparse25",1,5,"Group_adjusted","M2","JKI","M. sacchariflorus",43,0.332034693859062,0.485921686328852
"Sparse25",1,5,"Group_adjusted","M2","JKI","M. sinensis",37,0.3103936429083,0.788220602387104
"Sparse25",1,5,"Group_adjusted","M2","JKI","M. x gig",19,0.771975760707019,0.904547484576428
"Sparse25",1,5,"Group_adjusted","M3","ABR33","M. sacchariflorus",46,0.0599041586087195,0.52003344835189
"Sparse25",1,5,"Group_adjusted","M3","ABR33","M. sinensis",37,0.314123049489079,1.81142253815153
"Sparse25",1,5,"Group_adjusted","M3","ABR33","M. x gig",17,0.00244969672897929,1.72438377893904
"Sparse25",1,5,"Group_adjusted","M3","JKI","M. sacchariflorus",43,0.349803483552158,0.484190568262876
"Sparse25",1,5,"Group_adjusted","M3","JKI","M. sinensis",37,0.311112840657508,0.795353932249485
"Sparse25",1,5,"Group_adjusted","M3","JKI","M. x gig",19,0.769495296785787,0.919284468316364
"Sparse25",1,5,"Raw","M1","ABR33","M. sacchariflorus",46,0.0995686100188811,0.998216478443627
"Sparse25",1,5,"Raw","M1","ABR33","M. sinensis",37,0.120133185870877,1.75949154143914
"Sparse25",1,5,"Raw","M1","ABR33","M. x gig",17,-0.378154419473468,1.90716013466716
"Sparse25",1,5,"Raw","M1","JKI","M. sacchariflorus",43,0.12716389998963,0.446823489650819
"Sparse25",1,5,"Raw","M1","JKI","M. sinensis",37,0.273075943344008,0.757785108827826
"Sparse25",1,5,"Raw","M1","JKI","M. x gig",19,0.634652593539539,1.21103353958322
"Sparse25",1,5,"Raw","M2","ABR33","M. sacchariflorus",46,0.181877323740342,0.876450687207354
"Sparse25",1,5,"Raw","M2","ABR33","M. sinensis",37,0.16739210908964,1.74278325279108
"Sparse25",1,5,"Raw","M2","ABR33","M. x gig",17,-0.312636772862167,1.8860463124672
"Sparse25",1,5,"Raw","M2","JKI","M. sacchariflorus",43,0.187048878476247,0.478840533436393
"Sparse25",1,5,"Raw","M2","JKI","M. sinensis",37,0.281566026620025,0.74087126367139
"Sparse25",1,5,"Raw","M2","JKI","M. x gig",19,0.738425212152863,1.01535958140829
"Sparse25",1,5,"Raw","M3","ABR33","M. sacchariflorus",46,0.282155459764484,0.778117587405056
"Sparse25",1,5,"Raw","M3","ABR33","M. sinensis",37,0.249916620512554,1.71327238504267
"Sparse25",1,5,"Raw","M3","ABR33","M. x gig",17,-0.183777092878986,1.83212886790511
"Sparse25",1,5,"Raw","M3","JKI","M. sacchariflorus",43,0.218712052914771,0.459558611910347
"Sparse25",1,5,"Raw","M3","JKI","M. sinensis",37,0.27667848341563,0.75377614196985
"Sparse25",1,5,"Raw","M3","JKI","M. x gig",19,0.748979909697458,1.04868506812746
"Sparse25",1,10,"Group_adjusted","M1","ABR33","M. sacchariflorus",40,0.264341795753359,0.430689160380516
"Sparse25",1,10,"Group_adjusted","M1","ABR33","M. sinensis",40,0.358321854013315,1.59333716692269
"Sparse25",1,10,"Group_adjusted","M1","ABR33","M. x gig",20,0.00957591899667725,2.36996558885481
"Sparse25",1,10,"Group_adjusted","M1","JKI","M. sacchariflorus",46,0.187254112482019,0.459888993042289
"Sparse25",1,10,"Group_adjusted","M1","JKI","M. sinensis",37,0.352887797330869,0.694812445064942
"Sparse25",1,10,"Group_adjusted","M1","JKI","M. x gig",16,NA,1.03186615884681
"Sparse25",1,10,"Group_adjusted","M2","ABR33","M. sacchariflorus",40,0.421696304699706,0.415386967009607
"Sparse25",1,10,"Group_adjusted","M2","ABR33","M. sinensis",40,0.418036837107064,1.5792961163602
"Sparse25",1,10,"Group_adjusted","M2","ABR33","M. x gig",20,0.2418113146038,2.34756935481895
"Sparse25",1,10,"Group_adjusted","M2","JKI","M. sacchariflorus",46,0.25892659510728,0.448972475603605
"Sparse25",1,10,"Group_adjusted","M2","JKI","M. sinensis",37,0.391244942561415,0.679508651897453
"Sparse25",1,10,"Group_adjusted","M2","JKI","M. x gig",16,0.67953042976478,1.00267178207642
"Sparse25",1,10,"Group_adjusted","M3","ABR33","M. sacchariflorus",40,0.413294404716762,0.415377607993875
"Sparse25",1,10,"Group_adjusted","M3","ABR33","M. sinensis",40,0.365353239046797,1.58292239559914
"Sparse25",1,10,"Group_adjusted","M3","ABR33","M. x gig",20,0.236894008377566,2.33096524356255
"Sparse25",1,10,"Group_adjusted","M3","JKI","M. sacchariflorus",46,0.284810347062874,0.449153030864895
"Sparse25",1,10,"Group_adjusted","M3","JKI","M. sinensis",37,0.381935710378562,0.683299344030722
"Sparse25",1,10,"Group_adjusted","M3","JKI","M. x gig",16,0.657956011527063,0.976212803651285
"Sparse25",1,10,"Raw","M1","ABR33","M. sacchariflorus",40,0.275738400091372,0.907339668607861
"Sparse25",1,10,"Raw","M1","ABR33","M. sinensis",40,0.34437837362043,1.53490130530424
"Sparse25",1,10,"Raw","M1","ABR33","M. x gig",20,-0.24864142046534,1.94571752192367
"Sparse25",1,10,"Raw","M1","JKI","M. sacchariflorus",46,0.221881203201175,0.463661433472376
"Sparse25",1,10,"Raw","M1","JKI","M. sinensis",37,0.360936840148779,0.706281928230885
"Sparse25",1,10,"Raw","M1","JKI","M. x gig",16,NA,1.27376209364213
"Sparse25",1,10,"Raw","M2","ABR33","M. sacchariflorus",40,0.52771001399319,0.69027258044242
"Sparse25",1,10,"Raw","M2","ABR33","M. sinensis",40,0.344658291037724,1.51398119232688
"Sparse25",1,10,"Raw","M2","ABR33","M. x gig",20,8.04393080936306e-06,1.82262736474951
"Sparse25",1,10,"Raw","M2","JKI","M. sacchariflorus",46,0.297507718077182,0.476053336533307
"Sparse25",1,10,"Raw","M2","JKI","M. sinensis",37,0.404377801797408,0.837505292690976
"Sparse25",1,10,"Raw","M2","JKI","M. x gig",16,0.619021567601457,1.15493268758522
"Sparse25",1,10,"Raw","M3","ABR33","M. sacchariflorus",40,0.502358927307304,0.526557671273941
"Sparse25",1,10,"Raw","M3","ABR33","M. sinensis",40,0.345846024410556,1.58839735523055
"Sparse25",1,10,"Raw","M3","ABR33","M. x gig",20,0.0563259505250969,1.7794072283442
"Sparse25",1,10,"Raw","M3","JKI","M. sacchariflorus",46,0.293916304802295,0.442328914103261
"Sparse25",1,10,"Raw","M3","JKI","M. sinensis",37,0.376737048381477,0.726420727154124
"Sparse25",1,10,"Raw","M3","JKI","M. x gig",16,0.726236406696721,1.14256689184152
"Sparse25",1,15,"Group_adjusted","M1","ABR33","M. sacchariflorus",46,0.118587483781733,0.495583686884693
"Sparse25",1,15,"Group_adjusted","M1","ABR33","M. sinensis",38,0.310642612141909,1.75090762806454
"Sparse25",1,15,"Group_adjusted","M1","ABR33","M. x gig",16,0.246946004035909,1.71104157619416
"Sparse25",1,15,"Group_adjusted","M1","JKI","M. sacchariflorus",47,0.153129479377598,0.594081185047274
"Sparse25",1,15,"Group_adjusted","M1","JKI","M. sinensis",35,0.142618255221256,0.886152128492826
"Sparse25",1,15,"Group_adjusted","M1","JKI","M. x gig",17,-0.153095574217516,1.24915012827782
"Sparse25",1,15,"Group_adjusted","M2","ABR33","M. sacchariflorus",46,0.165008046663629,0.490647552489548
"Sparse25",1,15,"Group_adjusted","M2","ABR33","M. sinensis",38,0.363895144665875,1.73616405636085
"Sparse25",1,15,"Group_adjusted","M2","ABR33","M. x gig",16,0.17643811332242,1.70654007080392
"Sparse25",1,15,"Group_adjusted","M2","JKI","M. sacchariflorus",47,0.119991382758778,0.601653666279003
"Sparse25",1,15,"Group_adjusted","M2","JKI","M. sinensis",35,0.207521762909799,0.876102844394757
"Sparse25",1,15,"Group_adjusted","M2","JKI","M. x gig",17,-0.179371617717162,1.27516899140316
"Sparse25",1,15,"Group_adjusted","M3","ABR33","M. sacchariflorus",46,0.0979487419681067,0.494493873953071
"Sparse25",1,15,"Group_adjusted","M3","ABR33","M. sinensis",38,0.434547006187122,1.72814938548474
"Sparse25",1,15,"Group_adjusted","M3","ABR33","M. x gig",16,0.120105796208413,1.72077565417747
"Sparse25",1,15,"Group_adjusted","M3","JKI","M. sacchariflorus",47,0.038821292011331,0.56459436780588
"Sparse25",1,15,"Group_adjusted","M3","JKI","M. sinensis",35,0.260339503418291,0.890352059278132
"Sparse25",1,15,"Group_adjusted","M3","JKI","M. x gig",17,-0.132047461025015,1.27299079140337
"Sparse25",1,15,"Raw","M1","ABR33","M. sacchariflorus",46,0.127020948073799,1.02258703345318
"Sparse25",1,15,"Raw","M1","ABR33","M. sinensis",38,0.336388257788831,1.75647887709483
"Sparse25",1,15,"Raw","M1","ABR33","M. x gig",16,0.246946004035909,2.17730095166281
"Sparse25",1,15,"Raw","M1","JKI","M. sacchariflorus",47,0.102730688414782,0.592924648237983
"Sparse25",1,15,"Raw","M1","JKI","M. sinensis",35,0.164275869470374,0.80338570514511
"Sparse25",1,15,"Raw","M1","JKI","M. x gig",17,-0.134786153501642,1.31603090265327
"Sparse25",1,15,"Raw","M2","ABR33","M. sacchariflorus",46,0.207371813624931,0.814170172831107
"Sparse25",1,15,"Raw","M2","ABR33","M. sinensis",38,0.367441818963411,1.72880336136767
"Sparse25",1,15,"Raw","M2","ABR33","M. x gig",16,-0.0149135166125714,2.16475092919897
"Sparse25",1,15,"Raw","M2","JKI","M. sacchariflorus",47,0.0829179607535162,0.476668529502946
"Sparse25",1,15,"Raw","M2","JKI","M. sinensis",35,0.195574109111067,0.943646186956207
"Sparse25",1,15,"Raw","M2","JKI","M. x gig",17,-0.1889688688732,1.33815605599761
"Sparse25",1,15,"Raw","M3","ABR33","M. sacchariflorus",46,0.244629022109152,0.662636696677309
"Sparse25",1,15,"Raw","M3","ABR33","M. sinensis",38,0.457319937953663,1.72827108484536
"Sparse25",1,15,"Raw","M3","ABR33","M. x gig",16,-0.151224568360556,2.18267636941052
"Sparse25",1,15,"Raw","M3","JKI","M. sacchariflorus",47,0.0516247988666544,0.502743424602925
"Sparse25",1,15,"Raw","M3","JKI","M. sinensis",35,0.24040539876335,0.876202229796399
"Sparse25",1,15,"Raw","M3","JKI","M. x gig",17,-0.123401944304736,1.32684047863154
"Sparse25",1,20,"Group_adjusted","M1","ABR33","M. sacchariflorus",44,-0.0210899042984448,0.548282315738492
"Sparse25",1,20,"Group_adjusted","M1","ABR33","M. sinensis",37,0.0226194183126873,1.65630488361942
"Sparse25",1,20,"Group_adjusted","M1","ABR33","M. x gig",19,NA,1.74662056894006
"Sparse25",1,20,"Group_adjusted","M1","JKI","M. sacchariflorus",42,-0.174994657608645,0.459207312116607
"Sparse25",1,20,"Group_adjusted","M1","JKI","M. sinensis",37,0.236615437183786,0.751282101292176
"Sparse25",1,20,"Group_adjusted","M1","JKI","M. x gig",20,-0.00120301962531915,1.10548641392705
"Sparse25",1,20,"Group_adjusted","M2","ABR33","M. sacchariflorus",44,0.0257404547041633,0.555508896553295
"Sparse25",1,20,"Group_adjusted","M2","ABR33","M. sinensis",37,0.24568096857366,1.64880524988314
"Sparse25",1,20,"Group_adjusted","M2","ABR33","M. x gig",19,0.0446109638234851,1.74800913094293
"Sparse25",1,20,"Group_adjusted","M2","JKI","M. sacchariflorus",42,-0.0246596772330029,0.456571938976672
"Sparse25",1,20,"Group_adjusted","M2","JKI","M. sinensis",37,0.258753120408222,0.751704192427901
"Sparse25",1,20,"Group_adjusted","M2","JKI","M. x gig",20,0.0289049701977579,1.10184733830815
"Sparse25",1,20,"Group_adjusted","M3","ABR33","M. sacchariflorus",44,0.113808421545314,0.54571515505707
"Sparse25",1,20,"Group_adjusted","M3","ABR33","M. sinensis",37,0.376359653503402,1.64166909424756
"Sparse25",1,20,"Group_adjusted","M3","ABR33","M. x gig",19,0.439068376613553,1.73665106197601
"Sparse25",1,20,"Group_adjusted","M3","JKI","M. sacchariflorus",42,0.0837985348819296,0.454371568089917
"Sparse25",1,20,"Group_adjusted","M3","JKI","M. sinensis",37,0.248650030112956,0.751343543807423
"Sparse25",1,20,"Group_adjusted","M3","JKI","M. x gig",20,0.407576080986366,1.08045432945948
"Sparse25",1,20,"Raw","M1","ABR33","M. sacchariflorus",44,-0.0159204041058655,0.781568789241864
"Sparse25",1,20,"Raw","M1","ABR33","M. sinensis",37,0.0226194183126873,1.7316222730331
"Sparse25",1,20,"Raw","M1","ABR33","M. x gig",19,NA,2.37181532155802
"Sparse25",1,20,"Raw","M1","JKI","M. sacchariflorus",42,0.224772239517704,0.445358221680926
"Sparse25",1,20,"Raw","M1","JKI","M. sinensis",37,0.249627655999399,0.750097925356556
"Sparse25",1,20,"Raw","M1","JKI","M. x gig",20,-0.00120301962531914,1.43800125461142
"Sparse25",1,20,"Raw","M2","ABR33","M. sacchariflorus",44,0.13939276076179,0.645926884903829
"Sparse25",1,20,"Raw","M2","ABR33","M. sinensis",37,0.0956416729407552,1.6774296848111
"Sparse25",1,20,"Raw","M2","ABR33","M. x gig",19,-0.309963989358847,2.37479287262987
"Sparse25",1,20,"Raw","M2","JKI","M. sacchariflorus",42,0.274773907897166,0.456663014762697
"Sparse25",1,20,"Raw","M2","JKI","M. sinensis",37,0.258031577534638,0.797967979018597
"Sparse25",1,20,"Raw","M2","JKI","M. x gig",20,-0.134577370604821,1.41095819500121
"Sparse25",1,20,"Raw","M3","ABR33","M. sacchariflorus",44,0.362689817316133,0.541151854482024
"Sparse25",1,20,"Raw","M3","ABR33","M. sinensis",37,0.201082397266099,1.63957206061925
"Sparse25",1,20,"Raw","M3","ABR33","M. x gig",19,-0.209333147630237,2.34771399121472
"Sparse25",1,20,"Raw","M3","JKI","M. sacchariflorus",42,0.218034541241367,0.445745235406106
"Sparse25",1,20,"Raw","M3","JKI","M. sinensis",37,0.238741433927158,0.757730880403255
"Sparse25",1,20,"Raw","M3","JKI","M. x gig",20,0.00738741689589807,1.40167695355751
"Sparse25",1,25,"Group_adjusted","M1","ABR33","M. sacchariflorus",45,NA,0.520015899489149
"Sparse25",1,25,"Group_adjusted","M1","ABR33","M. sinensis",36,NA,1.81130107310956
"Sparse25",1,25,"Group_adjusted","M1","ABR33","M. x gig",19,NA,1.70229180429192
"Sparse25",1,25,"Group_adjusted","M1","JKI","M. sacchariflorus",45,NA,0.435739264293481
"Sparse25",1,25,"Group_adjusted","M1","JKI","M. sinensis",35,NA,0.8142085706159
"Sparse25",1,25,"Group_adjusted","M1","JKI","M. x gig",19,NA,0.881448607447912
"Sparse25",1,25,"Group_adjusted","M2","ABR33","M. sacchariflorus",45,0.120192962172431,0.507953126240566
"Sparse25",1,25,"Group_adjusted","M2","ABR33","M. sinensis",36,0.118536433686561,1.80872447363124
"Sparse25",1,25,"Group_adjusted","M2","ABR33","M. x gig",19,0.311322413793461,1.68952738050387
"Sparse25",1,25,"Group_adjusted","M2","JKI","M. sacchariflorus",45,0.170841142983491,0.434731814579469
"Sparse25",1,25,"Group_adjusted","M2","JKI","M. sinensis",35,0.0693438841024898,0.815593141526778
"Sparse25",1,25,"Group_adjusted","M2","JKI","M. x gig",19,0.603910916702743,0.837476755762186
"Sparse25",1,25,"Group_adjusted","M3","ABR33","M. sacchariflorus",45,0.131813876710456,0.505403293417463
"Sparse25",1,25,"Group_adjusted","M3","ABR33","M. sinensis",36,0.175582494495759,1.80258799810919
"Sparse25",1,25,"Group_adjusted","M3","ABR33","M. x gig",19,0.320631150317012,1.68133909337109
"Sparse25",1,25,"Group_adjusted","M3","JKI","M. sacchariflorus",45,0.200392125982223,0.436336780690817
"Sparse25",1,25,"Group_adjusted","M3","JKI","M. sinensis",35,0.0439356414957574,0.817247186736906
"Sparse25",1,25,"Group_adjusted","M3","JKI","M. x gig",19,0.622261520795739,0.828047872387729
"Sparse25",1,25,"Raw","M1","ABR33","M. sacchariflorus",45,NA,0.826080766672454
"Sparse25",1,25,"Raw","M1","ABR33","M. sinensis",36,NA,1.83689539884144
"Sparse25",1,25,"Raw","M1","ABR33","M. x gig",19,NA,2.10542081007232
"Sparse25",1,25,"Raw","M1","JKI","M. sacchariflorus",45,NA,0.437599659185409
"Sparse25",1,25,"Raw","M1","JKI","M. sinensis",35,NA,0.788010899912888
"Sparse25",1,25,"Raw","M1","JKI","M. x gig",19,NA,1.34529509047869
"Sparse25",1,25,"Raw","M2","ABR33","M. sacchariflorus",45,0.276136402135562,0.730098853301127
"Sparse25",1,25,"Raw","M2","ABR33","M. sinensis",36,0.165111904030904,1.8062466156385
"Sparse25",1,25,"Raw","M2","ABR33","M. x gig",19,0.410588117001944,2.038308752272
"Sparse25",1,25,"Raw","M2","JKI","M. sacchariflorus",45,0.158166070252236,0.433687586599472
"Sparse25",1,25,"Raw","M2","JKI","M. sinensis",35,0.122399343820986,0.784942536217413
"Sparse25",1,25,"Raw","M2","JKI","M. x gig",19,0.439299637622743,1.27408041549771
"Sparse25",1,25,"Raw","M3","ABR33","M. sacchariflorus",45,0.26910065495567,0.595131724249378
"Sparse25",1,25,"Raw","M3","ABR33","M. sinensis",36,0.199245759817598,1.7643368828913
"Sparse25",1,25,"Raw","M3","ABR33","M. x gig",19,0.398230846358927,2.01182876311016
"Sparse25",1,25,"Raw","M3","JKI","M. sacchariflorus",45,0.219966763101807,0.441562000920128
"Sparse25",1,25,"Raw","M3","JKI","M. sinensis",35,0.103195144379229,0.79204209821881
"Sparse25",1,25,"Raw","M3","JKI","M. x gig",19,0.558750353512321,1.2647931968073
"Sparse25",2,0,"Group_adjusted","M1","ABR33","M. sacchariflorus",45,0.153770461778097,0.500967450060428
"Sparse25",2,0,"Group_adjusted","M1","ABR33","M. sinensis",37,0.0520085800947373,1.55620319945176
"Sparse25",2,0,"Group_adjusted","M1","ABR33","M. x gig",18,-0.17432181784925,2.86302616545854
"Sparse25",2,0,"Group_adjusted","M1","JKI","M. sacchariflorus",44,0.0804199894890323,0.492955313761444
"Sparse25",2,0,"Group_adjusted","M1","JKI","M. sinensis",37,0.227201844570573,0.719013653930871
"Sparse25",2,0,"Group_adjusted","M1","JKI","M. x gig",18,0.358138347787555,1.04343919265096
"Sparse25",2,0,"Group_adjusted","M2","ABR33","M. sacchariflorus",45,0.182612957021503,0.500715281336579
"Sparse25",2,0,"Group_adjusted","M2","ABR33","M. sinensis",37,0.0763000163418728,1.55959817765908
"Sparse25",2,0,"Group_adjusted","M2","ABR33","M. x gig",18,0.0291903127143821,2.88913716426993
"Sparse25",2,0,"Group_adjusted","M2","JKI","M. sacchariflorus",44,0.0794187941656279,0.495773028551672
"Sparse25",2,0,"Group_adjusted","M2","JKI","M. sinensis",37,0.235110821357508,0.745261007692797
"Sparse25",2,0,"Group_adjusted","M2","JKI","M. x gig",18,0.387239237617038,1.02919877735783
"Sparse25",2,0,"Group_adjusted","M3","ABR33","M. sacchariflorus",45,0.208149811178888,0.501947738488356
"Sparse25",2,0,"Group_adjusted","M3","ABR33","M. sinensis",37,0.136093304105882,1.55476050379643
"Sparse25",2,0,"Group_adjusted","M3","ABR33","M. x gig",18,-0.00808534959069396,2.91334200945029
"Sparse25",2,0,"Group_adjusted","M3","JKI","M. sacchariflorus",44,0.101464496795693,0.492789501768372
"Sparse25",2,0,"Group_adjusted","M3","JKI","M. sinensis",37,0.240266947458763,0.73457976042196
"Sparse25",2,0,"Group_adjusted","M3","JKI","M. x gig",18,0.424006556316321,1.02853766757261
"Sparse25",2,0,"Raw","M1","ABR33","M. sacchariflorus",45,0.123223588371919,1.31595086716247
"Sparse25",2,0,"Raw","M1","ABR33","M. sinensis",37,0.0562560636550913,1.54996791392602
"Sparse25",2,0,"Raw","M1","ABR33","M. x gig",18,-0.00279794007469571,1.50565143747933
"Sparse25",2,0,"Raw","M1","JKI","M. sacchariflorus",44,0.160776796819968,0.514542042374429
"Sparse25",2,0,"Raw","M1","JKI","M. sinensis",37,0.234309547689151,0.726871000729567
"Sparse25",2,0,"Raw","M1","JKI","M. x gig",18,0.440583188093868,1.14150670665879
"Sparse25",2,0,"Raw","M2","ABR33","M. sacchariflorus",45,0.255160444344006,1.08893459408667
"Sparse25",2,0,"Raw","M2","ABR33","M. sinensis",37,0.124456065300128,1.58113246450411
"Sparse25",2,0,"Raw","M2","ABR33","M. x gig",18,0.0804130850963928,1.44448965097481
"Sparse25",2,0,"Raw","M2","JKI","M. sacchariflorus",44,0.159109368553146,0.519593168653498
"Sparse25",2,0,"Raw","M2","JKI","M. sinensis",37,0.22984241995406,0.850881357849508
"Sparse25",2,0,"Raw","M2","JKI","M. x gig",18,0.501374878847696,0.966844495944601
"Sparse25",2,0,"Raw","M3","ABR33","M. sacchariflorus",45,0.280766359587334,0.942684699051786
"Sparse25",2,0,"Raw","M3","ABR33","M. sinensis",37,0.19743938067705,1.62491977900846
"Sparse25",2,0,"Raw","M3","ABR33","M. x gig",18,0.0695497644092194,1.43645015251071
"Sparse25",2,0,"Raw","M3","JKI","M. sacchariflorus",44,0.16130159683827,0.496148558218426
"Sparse25",2,0,"Raw","M3","JKI","M. sinensis",37,0.229840065130206,0.788818424765003
"Sparse25",2,0,"Raw","M3","JKI","M. x gig",18,0.546141857354278,0.936412599241813
"Sparse25",2,5,"Group_adjusted","M1","ABR33","M. sacchariflorus",46,0.129800728189571,0.538628601879843
"Sparse25",2,5,"Group_adjusted","M1","ABR33","M. sinensis",36,0.23421336055372,1.75591679358575
"Sparse25",2,5,"Group_adjusted","M1","ABR33","M. x gig",18,0.381268410618786,1.69515632572814
"Sparse25",2,5,"Group_adjusted","M1","JKI","M. sacchariflorus",40,0.155891116649133,0.449903301028428
"Sparse25",2,5,"Group_adjusted","M1","JKI","M. sinensis",40,0.175040572749233,0.733348037290162
"Sparse25",2,5,"Group_adjusted","M1","JKI","M. x gig",19,0.45635281889262,0.931340411449138
"Sparse25",2,5,"Group_adjusted","M2","ABR33","M. sacchariflorus",46,0.107772282607457,0.542950319427457
"Sparse25",2,5,"Group_adjusted","M2","ABR33","M. sinensis",36,0.286993852137647,1.73610086504697
"Sparse25",2,5,"Group_adjusted","M2","ABR33","M. x gig",18,0.368945626231971,1.64710621852951
"Sparse25",2,5,"Group_adjusted","M2","JKI","M. sacchariflorus",40,0.161902723718543,0.448472797905759
"Sparse25",2,5,"Group_adjusted","M2","JKI","M. sinensis",40,0.183102380776606,0.740056050148104
"Sparse25",2,5,"Group_adjusted","M2","JKI","M. x gig",19,0.54448260341426,0.853494468956998
"Sparse25",2,5,"Group_adjusted","M3","ABR33","M. sacchariflorus",46,0.125435300254848,0.533314575808146
"Sparse25",2,5,"Group_adjusted","M3","ABR33","M. sinensis",36,0.288959204788662,1.72962954642461
"Sparse25",2,5,"Group_adjusted","M3","ABR33","M. x gig",18,0.382443852144718,1.63130932000987
"Sparse25",2,5,"Group_adjusted","M3","JKI","M. sacchariflorus",40,0.20752490094971,0.444731941384681
"Sparse25",2,5,"Group_adjusted","M3","JKI","M. sinensis",40,0.175942574273633,0.736132914122676
"Sparse25",2,5,"Group_adjusted","M3","JKI","M. x gig",19,0.563113325413762,0.834426548000654
"Sparse25",2,5,"Raw","M1","ABR33","M. sacchariflorus",46,0.128199741416857,1.13867000922127
"Sparse25",2,5,"Raw","M1","ABR33","M. sinensis",36,0.242138237704116,1.72609402095488
"Sparse25",2,5,"Raw","M1","ABR33","M. x gig",18,0.497123925352783,1.6988703558096
"Sparse25",2,5,"Raw","M1","JKI","M. sacchariflorus",40,0.0368048177644057,0.481623467708619
"Sparse25",2,5,"Raw","M1","JKI","M. sinensis",40,0.177316641076556,0.736838659425702
"Sparse25",2,5,"Raw","M1","JKI","M. x gig",19,0.489136450509885,1.10600164343177
"Sparse25",2,5,"Raw","M2","ABR33","M. sacchariflorus",46,0.287002541143966,0.809504208316724
"Sparse25",2,5,"Raw","M2","ABR33","M. sinensis",36,0.0880397159096202,1.75185255105733
"Sparse25",2,5,"Raw","M2","ABR33","M. x gig",18,0.528766951917804,1.60212515554675
"Sparse25",2,5,"Raw","M2","JKI","M. sacchariflorus",40,0.105152619448631,0.4940588794814
"Sparse25",2,5,"Raw","M2","JKI","M. sinensis",40,0.184593808850789,0.92296610307621
"Sparse25",2,5,"Raw","M2","JKI","M. x gig",19,0.499414170903621,0.949042101719897
"Sparse25",2,5,"Raw","M3","ABR33","M. sacchariflorus",46,0.379519179527607,0.655355990743456
"Sparse25",2,5,"Raw","M3","ABR33","M. sinensis",36,0.208801311942637,1.76366846115418
"Sparse25",2,5,"Raw","M3","ABR33","M. x gig",18,0.524915868338429,1.61242409142262
"Sparse25",2,5,"Raw","M3","JKI","M. sacchariflorus",40,0.178264066762797,0.450459606938424
"Sparse25",2,5,"Raw","M3","JKI","M. sinensis",40,0.171913883601808,0.787912006147918
"Sparse25",2,5,"Raw","M3","JKI","M. x gig",19,0.519500522171961,1.00972061709084
"Sparse25",2,10,"Group_adjusted","M1","ABR33","M. sacchariflorus",46,0.150266017014716,0.54402162315597
"Sparse25",2,10,"Group_adjusted","M1","ABR33","M. sinensis",37,0.0832403183874215,1.57137423426437
"Sparse25",2,10,"Group_adjusted","M1","ABR33","M. x gig",17,0.142249026949125,2.30132642712049
"Sparse25",2,10,"Group_adjusted","M1","JKI","M. sacchariflorus",41,0.0642405685986389,0.429607671293733
"Sparse25",2,10,"Group_adjusted","M1","JKI","M. sinensis",41,0.134434107679353,0.946956474608057
"Sparse25",2,10,"Group_adjusted","M1","JKI","M. x gig",17,-0.301761700206275,1.38163955046564
"Sparse25",2,10,"Group_adjusted","M2","ABR33","M. sacchariflorus",46,0.226725443108301,0.548087921584986
"Sparse25",2,10,"Group_adjusted","M2","ABR33","M. sinensis",37,0.0963975968447123,1.5659687172164
"Sparse25",2,10,"Group_adjusted","M2","ABR33","M. x gig",17,0.220124016519804,2.30211867060223
"Sparse25",2,10,"Group_adjusted","M2","JKI","M. sacchariflorus",41,0.0380319752496284,0.433827778220022
"Sparse25",2,10,"Group_adjusted","M2","JKI","M. sinensis",41,0.16021700993428,1.01254812637068
"Sparse25",2,10,"Group_adjusted","M2","JKI","M. x gig",17,-0.151790616330778,1.37177810010659
"Sparse25",2,10,"Group_adjusted","M3","ABR33","M. sacchariflorus",46,0.28413460670492,0.534775634217311
"Sparse25",2,10,"Group_adjusted","M3","ABR33","M. sinensis",37,0.0391607767699683,1.57851780496433
"Sparse25",2,10,"Group_adjusted","M3","ABR33","M. x gig",17,0.10897328057294,2.28710419386781
"Sparse25",2,10,"Group_adjusted","M3","JKI","M. sacchariflorus",41,0.114751974971358,0.431242699879604
"Sparse25",2,10,"Group_adjusted","M3","JKI","M. sinensis",41,0.17908912595833,0.980104559279692
"Sparse25",2,10,"Group_adjusted","M3","JKI","M. x gig",17,0.014228328543283,1.35765892679655
"Sparse25",2,10,"Raw","M1","ABR33","M. sacchariflorus",46,0.20276530504741,0.814103494624674
"Sparse25",2,10,"Raw","M1","ABR33","M. sinensis",37,0.129591531780324,1.57128141637324
"Sparse25",2,10,"Raw","M1","ABR33","M. x gig",17,0.0892182287088191,2.48609097555398
"Sparse25",2,10,"Raw","M1","JKI","M. sacchariflorus",41,-0.253937857013463,0.449697220161593
"Sparse25",2,10,"Raw","M1","JKI","M. sinensis",41,0.105259491580057,0.736948372280801
"Sparse25",2,10,"Raw","M1","JKI","M. x gig",17,-0.374309967321786,1.53002023196345
"Sparse25",2,10,"Raw","M2","ABR33","M. sacchariflorus",46,0.262155428517564,0.518550926462161
"Sparse25",2,10,"Raw","M2","ABR33","M. sinensis",37,0.143705877077971,1.53310714512248
"Sparse25",2,10,"Raw","M2","ABR33","M. x gig",17,0.0124565314328085,2.51922746231309
"Sparse25",2,10,"Raw","M2","JKI","M. sacchariflorus",41,-0.132623637413656,0.493137063942546
"Sparse25",2,10,"Raw","M2","JKI","M. sinensis",41,0.151956214534567,1.0858017617748
"Sparse25",2,10,"Raw","M2","JKI","M. x gig",17,-0.379668220963973,1.41523884065474
"Sparse25",2,10,"Raw","M3","ABR33","M. sacchariflorus",46,0.338058420610134,0.470372681625557
"Sparse25",2,10,"Raw","M3","ABR33","M. sinensis",37,0.13063385006759,1.55071507293348
"Sparse25",2,10,"Raw","M3","ABR33","M. x gig",17,-0.129531438588645,2.48881555712677
"Sparse25",2,10,"Raw","M3","JKI","M. sacchariflorus",41,-0.00224849060654289,0.456431787319281
"Sparse25",2,10,"Raw","M3","JKI","M. sinensis",41,0.178823737212596,0.909678464864532
"Sparse25",2,10,"Raw","M3","JKI","M. x gig",17,-0.231180202668891,1.44562169102622
"Sparse25",2,15,"Group_adjusted","M1","ABR33","M. sacchariflorus",41,-0.145388592445744,0.479258418063615
"Sparse25",2,15,"Group_adjusted","M1","ABR33","M. sinensis",41,0.238868221634891,1.83629198307774
"Sparse25",2,15,"Group_adjusted","M1","ABR33","M. x gig",18,0.544766962893458,1.87751796517921
"Sparse25",2,15,"Group_adjusted","M1","JKI","M. sacchariflorus",45,0.310143573302578,0.482614731500254
"Sparse25",2,15,"Group_adjusted","M1","JKI","M. sinensis",36,-0.0563255448414143,0.816646423336618
"Sparse25",2,15,"Group_adjusted","M1","JKI","M. x gig",18,-0.0462947957315985,0.988935868434594
"Sparse25",2,15,"Group_adjusted","M2","ABR33","M. sacchariflorus",41,-0.0960735808817655,0.482153397756185
"Sparse25",2,15,"Group_adjusted","M2","ABR33","M. sinensis",41,0.327301361308203,1.81772529854813
"Sparse25",2,15,"Group_adjusted","M2","ABR33","M. x gig",18,0.473276054586875,1.84526436633609
"Sparse25",2,15,"Group_adjusted","M2","JKI","M. sacchariflorus",45,0.37627283950426,0.473860995960639
"Sparse25",2,15,"Group_adjusted","M2","JKI","M. sinensis",36,0.0184618623173447,0.82859491903276
"Sparse25",2,15,"Group_adjusted","M2","JKI","M. x gig",18,0.445645955957577,0.951407807003477
"Sparse25",2,15,"Group_adjusted","M3","ABR33","M. sacchariflorus",41,-0.168612471817012,0.489881864507744
"Sparse25",2,15,"Group_adjusted","M3","ABR33","M. sinensis",41,0.392835799268674,1.79774608772635
"Sparse25",2,15,"Group_adjusted","M3","ABR33","M. x gig",18,0.408851565852013,1.8127457826786
"Sparse25",2,15,"Group_adjusted","M3","JKI","M. sacchariflorus",45,0.296825087228667,0.47816201235655
"Sparse25",2,15,"Group_adjusted","M3","JKI","M. sinensis",36,0.0352998743875541,0.8392888834785
"Sparse25",2,15,"Group_adjusted","M3","JKI","M. x gig",18,0.272558600396334,0.927116695659053
"Sparse25",2,15,"Raw","M1","ABR33","M. sacchariflorus",41,-0.159368319809068,1.14915827733529
"Sparse25",2,15,"Raw","M1","ABR33","M. sinensis",41,0.243957436543982,1.42463356310741
"Sparse25",2,15,"Raw","M1","ABR33","M. x gig",18,0.544766962893459,1.76790162415463
"Sparse25",2,15,"Raw","M1","JKI","M. sacchariflorus",45,0.175673340054895,0.556881492170095
"Sparse25",2,15,"Raw","M1","JKI","M. sinensis",36,-0.0084923079002373,0.791297234939658
"Sparse25",2,15,"Raw","M1","JKI","M. x gig",18,0.0462947957315985,1.01387827967509
"Sparse25",2,15,"Raw","M2","ABR33","M. sacchariflorus",41,0.254798279152908,0.822422707391889
"Sparse25",2,15,"Raw","M2","ABR33","M. sinensis",41,0.27592362220556,1.53588031400818
"Sparse25",2,15,"Raw","M2","ABR33","M. x gig",18,0.511083856336915,1.65171022185549
"Sparse25",2,15,"Raw","M2","JKI","M. sacchariflorus",45,0.319021291721917,0.495226007818209
"Sparse25",2,15,"Raw","M2","JKI","M. sinensis",36,0.0545456628664735,1.12013272330596
"Sparse25",2,15,"Raw","M2","JKI","M. x gig",18,0.170278846594299,0.957624488329913
"Sparse25",2,15,"Raw","M3","ABR33","M. sacchariflorus",41,0.246193208391164,0.592582969955806
"Sparse25",2,15,"Raw","M3","ABR33","M. sinensis",41,0.350568017720861,1.81518654761847
"Sparse25",2,15,"Raw","M3","ABR33","M. x gig",18,0.431541346962248,1.60966521254851
"Sparse25",2,15,"Raw","M3","JKI","M. sacchariflorus",45,0.357704843366525,0.472672429083278
"Sparse25",2,15,"Raw","M3","JKI","M. sinensis",36,0.0430777038440074,0.946675732854075
"Sparse25",2,15,"Raw","M3","JKI","M. x gig",18,0.17697996032217,0.993780459687624
"Sparse25",2,20,"Group_adjusted","M1","ABR33","M. sacchariflorus",45,0.0653126333076545,0.511816824799966
"Sparse25",2,20,"Group_adjusted","M1","ABR33","M. sinensis",36,0.348480546241165,1.60542226127057
"Sparse25",2,20,"Group_adjusted","M1","ABR33","M. x gig",19,0.251316646901132,1.76588736347354
"Sparse25",2,20,"Group_adjusted","M1","JKI","M. sacchariflorus",47,0.105512601446093,0.481300128616218
"Sparse25",2,20,"Group_adjusted","M1","JKI","M. sinensis",34,-0.2223186791899,0.877400284363583
"Sparse25",2,20,"Group_adjusted","M1","JKI","M. x gig",18,NA,1.21919578838152
"Sparse25",2,20,"Group_adjusted","M2","ABR33","M. sacchariflorus",45,0.13860358864495,0.511740672577606
"Sparse25",2,20,"Group_adjusted","M2","ABR33","M. sinensis",36,0.40894006336687,1.59582583193402
"Sparse25",2,20,"Group_adjusted","M2","ABR33","M. x gig",19,0.17991409703962,1.7622551981028
"Sparse25",2,20,"Group_adjusted","M2","JKI","M. sacchariflorus",47,0.136187779445573,0.480601418519957
"Sparse25",2,20,"Group_adjusted","M2","JKI","M. sinensis",34,-0.184916252978208,0.889895410048628
"Sparse25",2,20,"Group_adjusted","M2","JKI","M. x gig",18,0.400272448034951,1.21280546055023
"Sparse25",2,20,"Group_adjusted","M3","ABR33","M. sacchariflorus",45,0.255392164217492,0.514261838154794
"Sparse25",2,20,"Group_adjusted","M3","ABR33","M. sinensis",36,0.393670334664858,1.58946568661711
"Sparse25",2,20,"Group_adjusted","M3","ABR33","M. x gig",19,0.170124856052406,1.76171450446497
"Sparse25",2,20,"Group_adjusted","M3","JKI","M. sacchariflorus",47,0.223787703264583,0.473887858739332
"Sparse25",2,20,"Group_adjusted","M3","JKI","M. sinensis",34,-0.143015228124118,0.874417906925443
"Sparse25",2,20,"Group_adjusted","M3","JKI","M. x gig",18,0.415902056898001,1.19026854246528
"Sparse25",2,20,"Raw","M1","ABR33","M. sacchariflorus",45,0.0653126333076544,0.848033677569455
"Sparse25",2,20,"Raw","M1","ABR33","M. sinensis",36,0.346090885857884,1.65631457515827
"Sparse25",2,20,"Raw","M1","ABR33","M. x gig",19,-0.251316646901132,2.3175897760884
"Sparse25",2,20,"Raw","M1","JKI","M. sacchariflorus",47,0.107006023283974,0.491678077841592
"Sparse25",2,20,"Raw","M1","JKI","M. sinensis",34,-0.145394792382894,0.829247899369352
"Sparse25",2,20,"Raw","M1","JKI","M. x gig",18,NA,1.62663027564324
"Sparse25",2,20,"Raw","M2","ABR33","M. sacchariflorus",45,0.213507508679514,0.695334646492999
"Sparse25",2,20,"Raw","M2","ABR33","M. sinensis",36,0.306784729554193,1.6190057366033
"Sparse25",2,20,"Raw","M2","ABR33","M. x gig",19,-0.248742766709897,2.30219690332261
"Sparse25",2,20,"Raw","M2","JKI","M. sacchariflorus",47,0.0735296920661195,0.579142906531862
"Sparse25",2,20,"Raw","M2","JKI","M. sinensis",34,-0.123711625944958,0.812897671464524
"Sparse25",2,20,"Raw","M2","JKI","M. x gig",18,-0.133093237091307,1.62158003161078
"Sparse25",2,20,"Raw","M3","ABR33","M. sacchariflorus",45,0.273047411529641,0.527185584510655
"Sparse25",2,20,"Raw","M3","ABR33","M. sinensis",36,0.374694327821598,1.58583185493479
"Sparse25",2,20,"Raw","M3","ABR33","M. x gig",19,-0.221430215534688,2.2914145332556
"Sparse25",2,20,"Raw","M3","JKI","M. sacchariflorus",47,0.160777520039362,0.47731268080639
"Sparse25",2,20,"Raw","M3","JKI","M. sinensis",34,-0.117872226084193,0.846757389829392
"Sparse25",2,20,"Raw","M3","JKI","M. x gig",18,0.118561832391281,1.55463092929222
"Sparse25",2,25,"Group_adjusted","M1","ABR33","M. sacchariflorus",42,NA,0.45471504793804
"Sparse25",2,25,"Group_adjusted","M1","ABR33","M. sinensis",39,NA,1.71374291728462
"Sparse25",2,25,"Group_adjusted","M1","ABR33","M. x gig",19,NA,2.25901724309794
"Sparse25",2,25,"Group_adjusted","M1","JKI","M. sacchariflorus",42,NA,0.516030053212229
"Sparse25",2,25,"Group_adjusted","M1","JKI","M. sinensis",38,NA,0.770455987370934
"Sparse25",2,25,"Group_adjusted","M1","JKI","M. x gig",19,NA,1.18516176797407
"Sparse25",2,25,"Group_adjusted","M2","ABR33","M. sacchariflorus",42,0.125652739582567,0.450541402531093
"Sparse25",2,25,"Group_adjusted","M2","ABR33","M. sinensis",39,0.401263439257905,1.71218753897292
"Sparse25",2,25,"Group_adjusted","M2","ABR33","M. x gig",19,0.114596928929993,2.24951427597692
"Sparse25",2,25,"Group_adjusted","M2","JKI","M. sacchariflorus",42,0.196812605867031,0.510675161280616
"Sparse25",2,25,"Group_adjusted","M2","JKI","M. sinensis",38,0.49447764726779,0.770706458484548
"Sparse25",2,25,"Group_adjusted","M2","JKI","M. x gig",19,0.597297354874805,1.13130233079046
"Sparse25",2,25,"Group_adjusted","M3","ABR33","M. sacchariflorus",42,0.146772006907837,0.449983538886649
"Sparse25",2,25,"Group_adjusted","M3","ABR33","M. sinensis",39,0.30546398238658,1.70502898791185
"Sparse25",2,25,"Group_adjusted","M3","ABR33","M. x gig",19,0.272546703561921,2.23273569808429
"Sparse25",2,25,"Group_adjusted","M3","JKI","M. sacchariflorus",42,0.0725315722482669,0.514537258099774
"Sparse25",2,25,"Group_adjusted","M3","JKI","M. sinensis",38,0.393639202469551,0.769171077597384
"Sparse25",2,25,"Group_adjusted","M3","JKI","M. x gig",19,0.586718805596949,1.12457240199397
"Sparse25",2,25,"Raw","M1","ABR33","M. sacchariflorus",42,NA,0.829084641861179
"Sparse25",2,25,"Raw","M1","ABR33","M. sinensis",39,NA,1.71122214566432
"Sparse25",2,25,"Raw","M1","ABR33","M. x gig",19,NA,2.00115921210703
"Sparse25",2,25,"Raw","M1","JKI","M. sacchariflorus",42,NA,0.54632049079948
"Sparse25",2,25,"Raw","M1","JKI","M. sinensis",38,NA,0.764696103135257
"Sparse25",2,25,"Raw","M1","JKI","M. x gig",19,NA,1.12016178556294
"Sparse25",2,25,"Raw","M2","ABR33","M. sacchariflorus",42,0.27574329344873,0.74607706485511
"Sparse25",2,25,"Raw","M2","ABR33","M. sinensis",39,0.281278451898022,1.67973048198313
"Sparse25",2,25,"Raw","M2","ABR33","M. x gig",19,0.0965319478898463,1.89624975255804
"Sparse25",2,25,"Raw","M2","JKI","M. sacchariflorus",42,0.15344129169174,0.496798128441775
"Sparse25",2,25,"Raw","M2","JKI","M. sinensis",38,0.376865116045346,0.762904783865774
"Sparse25",2,25,"Raw","M2","JKI","M. x gig",19,0.515379099676638,0.97677985508248
"Sparse25",2,25,"Raw","M3","ABR33","M. sacchariflorus",42,0.297111715888379,0.596505327324674
"Sparse25",2,25,"Raw","M3","ABR33","M. sinensis",39,0.210021220528637,1.6337325309925
"Sparse25",2,25,"Raw","M3","ABR33","M. x gig",19,0.218724748873255,1.80536238737143
"Sparse25",2,25,"Raw","M3","JKI","M. sacchariflorus",42,0.0286310254161028,0.55129723746766
"Sparse25",2,25,"Raw","M3","JKI","M. sinensis",38,0.31345844318117,0.737999124202805
"Sparse25",2,25,"Raw","M3","JKI","M. x gig",19,0.498104766090374,0.992631015271813
"Sparse25",3,0,"Group_adjusted","M1","ABR33","M. sacchariflorus",47,0.346619401874593,0.542574664270821
"Sparse25",3,0,"Group_adjusted","M1","ABR33","M. sinensis",39,0.0988099579539992,1.80184201619157
"Sparse25",3,0,"Group_adjusted","M1","ABR33","M. x gig",14,0.0250195730716515,1.952125615009
"Sparse25",3,0,"Group_adjusted","M1","JKI","M. sacchariflorus",41,0.0610121983671487,0.546941246913212
"Sparse25",3,0,"Group_adjusted","M1","JKI","M. sinensis",40,0.184939624973461,0.799941106023231
"Sparse25",3,0,"Group_adjusted","M1","JKI","M. x gig",18,-0.0754295374892879,1.0322004141978
"Sparse25",3,0,"Group_adjusted","M2","ABR33","M. sacchariflorus",47,0.25370698700172,0.537586908679861
"Sparse25",3,0,"Group_adjusted","M2","ABR33","M. sinensis",39,0.254347756051034,1.78943628362547
"Sparse25",3,0,"Group_adjusted","M2","ABR33","M. x gig",14,-0.03573630867439,1.96515574662261
"Sparse25",3,0,"Group_adjusted","M2","JKI","M. sacchariflorus",41,0.0279079754674509,0.557119124250246
"Sparse25",3,0,"Group_adjusted","M2","JKI","M. sinensis",40,0.230779363607361,0.794697640062326
"Sparse25",3,0,"Group_adjusted","M2","JKI","M. x gig",18,-0.0707646843782927,1.06119589097871
"Sparse25",3,0,"Group_adjusted","M3","ABR33","M. sacchariflorus",47,0.101462085364621,0.540911689136143
"Sparse25",3,0,"Group_adjusted","M3","ABR33","M. sinensis",39,0.258871801736378,1.79144293556735
"Sparse25",3,0,"Group_adjusted","M3","ABR33","M. x gig",14,-0.0362194242967288,1.96881459700402
"Sparse25",3,0,"Group_adjusted","M3","JKI","M. sacchariflorus",41,0.045941779011297,0.554494502483821
"Sparse25",3,0,"Group_adjusted","M3","JKI","M. sinensis",40,0.253160163866912,0.794016937797152
"Sparse25",3,0,"Group_adjusted","M3","JKI","M. x gig",18,-0.0535059363142169,1.04857901727585
"Sparse25",3,0,"Raw","M1","ABR33","M. sacchariflorus",47,0.438695128150202,1.27168852279037
"Sparse25",3,0,"Raw","M1","ABR33","M. sinensis",39,0.110051676776722,1.77471528752152
"Sparse25",3,0,"Raw","M1","ABR33","M. x gig",14,-0.0572180895081458,2.23410035148638
"Sparse25",3,0,"Raw","M1","JKI","M. sacchariflorus",41,0.134980608200301,0.512600132154728
"Sparse25",3,0,"Raw","M1","JKI","M. sinensis",40,0.242437626445728,0.756509926159766
"Sparse25",3,0,"Raw","M1","JKI","M. x gig",18,-0.172455316711796,1.47477187527572
"Sparse25",3,0,"Raw","M2","ABR33","M. sacchariflorus",47,0.177476840066893,1.02461682124252
"Sparse25",3,0,"Raw","M2","ABR33","M. sinensis",39,0.248356336710832,1.76859939160837
"Sparse25",3,0,"Raw","M2","ABR33","M. x gig",14,-0.0582405345566219,2.23830212940964
"Sparse25",3,0,"Raw","M2","JKI","M. sacchariflorus",41,0.00662048907575633,0.602411775591018
"Sparse25",3,0,"Raw","M2","JKI","M. sinensis",40,0.268826458316366,0.759077342686243
"Sparse25",3,0,"Raw","M2","JKI","M. x gig",18,-0.255269733994275,1.4264966941833
"Sparse25",3,0,"Raw","M3","ABR33","M. sacchariflorus",47,0.13573713139404,0.857867181039389
"Sparse25",3,0,"Raw","M3","ABR33","M. sinensis",39,0.292361752328836,1.80098507054151
"Sparse25",3,0,"Raw","M3","ABR33","M. x gig",14,-0.0730983577147694,2.26681664802931
"Sparse25",3,0,"Raw","M3","JKI","M. sacchariflorus",41,0.0135966944987035,0.550645655023071
"Sparse25",3,0,"Raw","M3","JKI","M. sinensis",40,0.251197694181627,0.745593279072088
"Sparse25",3,0,"Raw","M3","JKI","M. x gig",18,-0.212823449973568,1.42614660322
"Sparse25",3,5,"Group_adjusted","M1","ABR33","M. sacchariflorus",41,0.0629454733272952,0.5608040608969
"Sparse25",3,5,"Group_adjusted","M1","ABR33","M. sinensis",42,0.0413448217754658,1.71043929732055
"Sparse25",3,5,"Group_adjusted","M1","ABR33","M. x gig",17,0.38130151019168,1.81472248918939
"Sparse25",3,5,"Group_adjusted","M1","JKI","M. sacchariflorus",43,0.0923984658684867,0.452275626043653
"Sparse25",3,5,"Group_adjusted","M1","JKI","M. sinensis",39,-0.356711420416953,0.803631876566638
"Sparse25",3,5,"Group_adjusted","M1","JKI","M. x gig",17,0.333581747290925,1.04679778128404
"Sparse25",3,5,"Group_adjusted","M2","ABR33","M. sacchariflorus",41,0.0931946785233683,0.54967292026281
"Sparse25",3,5,"Group_adjusted","M2","ABR33","M. sinensis",42,0.100486368105546,1.70072277847423
"Sparse25",3,5,"Group_adjusted","M2","ABR33","M. x gig",17,0.404124974599161,1.78409593477689
"Sparse25",3,5,"Group_adjusted","M2","JKI","M. sacchariflorus",43,0.154708680943234,0.450981129063228
"Sparse25",3,5,"Group_adjusted","M2","JKI","M. sinensis",39,-0.34878464967912,0.831488895352463
"Sparse25",3,5,"Group_adjusted","M2","JKI","M. x gig",17,0.500732532913848,0.972834761703252
"Sparse25",3,5,"Group_adjusted","M3","ABR33","M. sacchariflorus",41,0.126445083381637,0.555722684096881
"Sparse25",3,5,"Group_adjusted","M3","ABR33","M. sinensis",42,0.177099129477035,1.70664742183858
"Sparse25",3,5,"Group_adjusted","M3","ABR33","M. x gig",17,0.37835995364374,1.79200422212654
"Sparse25",3,5,"Group_adjusted","M3","JKI","M. sacchariflorus",43,0.1672865253874,0.446949215673262
"Sparse25",3,5,"Group_adjusted","M3","JKI","M. sinensis",39,-0.350516693989482,0.817546053441582
"Sparse25",3,5,"Group_adjusted","M3","JKI","M. x gig",17,0.513998243431091,0.980913490576455
"Sparse25",3,5,"Raw","M1","ABR33","M. sacchariflorus",41,0.121353702807507,0.924286185520443
"Sparse25",3,5,"Raw","M1","ABR33","M. sinensis",42,0.029478024989392,1.60415148275009
"Sparse25",3,5,"Raw","M1","ABR33","M. x gig",17,0.216295704878749,2.06356928856964
"Sparse25",3,5,"Raw","M1","JKI","M. sacchariflorus",43,0.0481638802602945,0.471053861429646
"Sparse25",3,5,"Raw","M1","JKI","M. sinensis",39,-0.103686710118664,0.777777945987043
"Sparse25",3,5,"Raw","M1","JKI","M. x gig",17,0.187644048527429,1.16444570359362
"Sparse25",3,5,"Raw","M2","ABR33","M. sacchariflorus",41,0.253649563317103,0.736066089663888
"Sparse25",3,5,"Raw","M2","ABR33","M. sinensis",42,0.00235444033757028,1.62022345563747
"Sparse25",3,5,"Raw","M2","ABR33","M. x gig",17,0.208884778654871,1.90829270354494
"Sparse25",3,5,"Raw","M2","JKI","M. sacchariflorus",43,0.129479649203545,0.546879379620128
"Sparse25",3,5,"Raw","M2","JKI","M. sinensis",39,-0.239493865531729,0.974805910494202
"Sparse25",3,5,"Raw","M2","JKI","M. x gig",17,0.353767350086794,1.02278356757839
"Sparse25",3,5,"Raw","M3","ABR33","M. sacchariflorus",41,0.339153807548935,0.555888103385326
"Sparse25",3,5,"Raw","M3","ABR33","M. sinensis",42,0.149614975588052,1.76322373064159
"Sparse25",3,5,"Raw","M3","ABR33","M. x gig",17,0.132477052571769,1.86815627069223
"Sparse25",3,5,"Raw","M3","JKI","M. sacchariflorus",43,0.145222959414688,0.451427492305713
"Sparse25",3,5,"Raw","M3","JKI","M. sinensis",39,-0.325530051487675,0.844798089307153
"Sparse25",3,5,"Raw","M3","JKI","M. x gig",17,0.442479742090391,1.01267624380669
"Sparse25",3,10,"Group_adjusted","M1","ABR33","M. sacchariflorus",43,0.0989695955226557,0.591617018034413
"Sparse25",3,10,"Group_adjusted","M1","ABR33","M. sinensis",40,0.229171436237611,1.71691503276404
"Sparse25",3,10,"Group_adjusted","M1","ABR33","M. x gig",17,0.103222101237755,1.64847543681751
"Sparse25",3,10,"Group_adjusted","M1","JKI","M. sacchariflorus",48,0.32741882389562,0.512365652730101
"Sparse25",3,10,"Group_adjusted","M1","JKI","M. sinensis",35,0.2014018413721,0.757363860527008
"Sparse25",3,10,"Group_adjusted","M1","JKI","M. x gig",16,-0.131196976915014,1.00954882747398
"Sparse25",3,10,"Group_adjusted","M2","ABR33","M. sacchariflorus",43,-0.00955222730979209,0.618459740968732
"Sparse25",3,10,"Group_adjusted","M2","ABR33","M. sinensis",40,0.2924763678269,1.70120036693851
"Sparse25",3,10,"Group_adjusted","M2","ABR33","M. x gig",17,0.0851364447247292,1.65500366422565
"Sparse25",3,10,"Group_adjusted","M2","JKI","M. sacchariflorus",48,0.22611424044937,0.500195752769591
"Sparse25",3,10,"Group_adjusted","M2","JKI","M. sinensis",35,0.272889294630577,0.760422533992645
"Sparse25",3,10,"Group_adjusted","M2","JKI","M. x gig",16,-0.135997323140499,1.08111895769089
"Sparse25",3,10,"Group_adjusted","M3","ABR33","M. sacchariflorus",43,0.0638921017849811,0.600276331575429
"Sparse25",3,10,"Group_adjusted","M3","ABR33","M. sinensis",40,0.364034125443373,1.69550968891022
"Sparse25",3,10,"Group_adjusted","M3","ABR33","M. x gig",17,0.0679831285392266,1.6547005207358
"Sparse25",3,10,"Group_adjusted","M3","JKI","M. sacchariflorus",48,0.31054319571575,0.494319073537754
"Sparse25",3,10,"Group_adjusted","M3","JKI","M. sinensis",35,0.310465258523202,0.770326529602109
"Sparse25",3,10,"Group_adjusted","M3","JKI","M. x gig",16,-0.0938238798934586,1.01964035885929
"Sparse25",3,10,"Raw","M1","ABR33","M. sacchariflorus",43,0.155508763234373,0.797770596899037
"Sparse25",3,10,"Raw","M1","ABR33","M. sinensis",40,0.218470398981804,1.76740039494248
"Sparse25",3,10,"Raw","M1","ABR33","M. x gig",17,0.00250874721273238,2.19914835355964
"Sparse25",3,10,"Raw","M1","JKI","M. sacchariflorus",48,0.0913621317099363,0.49605805580074
"Sparse25",3,10,"Raw","M1","JKI","M. sinensis",35,0.248109280479332,0.695336197642186
"Sparse25",3,10,"Raw","M1","JKI","M. x gig",16,-0.0676370154318067,1.27446388335698
"Sparse25",3,10,"Raw","M2","ABR33","M. sacchariflorus",43,0.201650301236806,0.5402704492576
"Sparse25",3,10,"Raw","M2","ABR33","M. sinensis",40,0.346154051140441,1.67548714110209
"Sparse25",3,10,"Raw","M2","ABR33","M. x gig",17,-0.102073203251443,2.17064666247584
"Sparse25",3,10,"Raw","M2","JKI","M. sacchariflorus",48,0.0354102183301294,0.534646109699374
"Sparse25",3,10,"Raw","M2","JKI","M. sinensis",35,0.295586288745132,0.896535309632062
"Sparse25",3,10,"Raw","M2","JKI","M. x gig",16,-0.183177386825025,1.33413053747709
"Sparse25",3,10,"Raw","M3","ABR33","M. sacchariflorus",43,0.241034851994507,0.515661760404679
"Sparse25",3,10,"Raw","M3","ABR33","M. sinensis",40,0.426174926725291,1.67036286889929
"Sparse25",3,10,"Raw","M3","ABR33","M. x gig",17,-0.155374608836684,2.14434425763378
"Sparse25",3,10,"Raw","M3","JKI","M. sacchariflorus",48,0.111604650315334,0.473094177035557
"Sparse25",3,10,"Raw","M3","JKI","M. sinensis",35,0.283915973282696,0.832460843412791
"Sparse25",3,10,"Raw","M3","JKI","M. x gig",16,-0.144706301576648,1.25526206245948
"Sparse25",3,15,"Group_adjusted","M1","ABR33","M. sacchariflorus",47,0.0318773012458535,0.541066683712794
"Sparse25",3,15,"Group_adjusted","M1","ABR33","M. sinensis",36,0.359092291861313,1.66031866009621
"Sparse25",3,15,"Group_adjusted","M1","ABR33","M. x gig",17,0.340907253797598,1.77870210103221
"Sparse25",3,15,"Group_adjusted","M1","JKI","M. sacchariflorus",45,0.0608772521366138,0.484716922357327
"Sparse25",3,15,"Group_adjusted","M1","JKI","M. sinensis",36,0.152529453297434,0.792550632203619
"Sparse25",3,15,"Group_adjusted","M1","JKI","M. x gig",18,-0.151540505385857,1.08229250104839
"Sparse25",3,15,"Group_adjusted","M2","ABR33","M. sacchariflorus",47,0.0810655179207482,0.550695092723229
"Sparse25",3,15,"Group_adjusted","M2","ABR33","M. sinensis",36,0.441365421310024,1.64144606868379
"Sparse25",3,15,"Group_adjusted","M2","ABR33","M. x gig",17,0.110718955515252,1.78334075098333
"Sparse25",3,15,"Group_adjusted","M2","JKI","M. sacchariflorus",45,0.197842111012654,0.475103076840558
"Sparse25",3,15,"Group_adjusted","M2","JKI","M. sinensis",36,0.184248536324995,0.775176538647968
"Sparse25",3,15,"Group_adjusted","M2","JKI","M. x gig",18,-0.0644447066925081,1.09649167489244
"Sparse25",3,15,"Group_adjusted","M3","ABR33","M. sacchariflorus",47,0.0110078314892644,0.525589419892645
"Sparse25",3,15,"Group_adjusted","M3","ABR33","M. sinensis",36,0.410046525441337,1.63778804970414
"Sparse25",3,15,"Group_adjusted","M3","ABR33","M. x gig",17,-0.0607417934396317,1.81126594987435
"Sparse25",3,15,"Group_adjusted","M3","JKI","M. sacchariflorus",45,0.235619976369502,0.486265340250455
"Sparse25",3,15,"Group_adjusted","M3","JKI","M. sinensis",36,0.208749839210621,0.75454798050909
"Sparse25",3,15,"Group_adjusted","M3","JKI","M. x gig",18,0.0713744326137475,1.07768577682542
"Sparse25",3,15,"Raw","M1","ABR33","M. sacchariflorus",47,0.0348382516775736,1.05444034012725
"Sparse25",3,15,"Raw","M1","ABR33","M. sinensis",36,0.366027379139842,1.66610052875307
"Sparse25",3,15,"Raw","M1","ABR33","M. x gig",17,0.340907253797598,2.20214156543365
"Sparse25",3,15,"Raw","M1","JKI","M. sacchariflorus",45,-0.0156097598320169,0.505899562527168
"Sparse25",3,15,"Raw","M1","JKI","M. sinensis",36,0.150621144867167,0.772409714841684
"Sparse25",3,15,"Raw","M1","JKI","M. x gig",18,-0.144312821775574,1.29995203313654
"Sparse25",3,15,"Raw","M2","ABR33","M. sacchariflorus",47,0.151164998318638,0.938041025612646
"Sparse25",3,15,"Raw","M2","ABR33","M. sinensis",36,0.432807492833712,1.63950124684319
"Sparse25",3,15,"Raw","M2","ABR33","M. x gig",17,-0.043225342619368,2.20292854470475
"Sparse25",3,15,"Raw","M2","JKI","M. sacchariflorus",45,0.108508465568116,0.443332360493521
"Sparse25",3,15,"Raw","M2","JKI","M. sinensis",36,0.178141495613071,0.798088469952217
"Sparse25",3,15,"Raw","M2","JKI","M. x gig",18,-0.0594709135935425,1.28372005635732
"Sparse25",3,15,"Raw","M3","ABR33","M. sacchariflorus",47,0.140560827058048,0.768377811730455
"Sparse25",3,15,"Raw","M3","ABR33","M. sinensis",36,0.391633915927104,1.62809273821261
"Sparse25",3,15,"Raw","M3","ABR33","M. x gig",17,-0.185382514336875,2.22418939328611
"Sparse25",3,15,"Raw","M3","JKI","M. sacchariflorus",45,0.162014857853386,0.473674511523624
"Sparse25",3,15,"Raw","M3","JKI","M. sinensis",36,0.2027716720383,0.750565781900251
"Sparse25",3,15,"Raw","M3","JKI","M. x gig",18,0.0757726686503307,1.27156618866568
"Sparse25",3,20,"Group_adjusted","M1","ABR33","M. sacchariflorus",45,0.153896059147215,0.526277419715838
"Sparse25",3,20,"Group_adjusted","M1","ABR33","M. sinensis",39,0.0340806143286096,1.8137393515925
"Sparse25",3,20,"Group_adjusted","M1","ABR33","M. x gig",16,NA,1.67541525225462
"Sparse25",3,20,"Group_adjusted","M1","JKI","M. sacchariflorus",44,0.249861130034893,0.467828683431397
"Sparse25",3,20,"Group_adjusted","M1","JKI","M. sinensis",39,0.066029084217507,0.8020600726547
"Sparse25",3,20,"Group_adjusted","M1","JKI","M. x gig",16,NA,0.893513330231811
"Sparse25",3,20,"Group_adjusted","M2","ABR33","M. sacchariflorus",45,0.123983751742463,0.52105108906175
"Sparse25",3,20,"Group_adjusted","M2","ABR33","M. sinensis",39,0.365390849726521,1.7935999346657
"Sparse25",3,20,"Group_adjusted","M2","ABR33","M. x gig",16,0.519210220270251,1.64826266339487
"Sparse25",3,20,"Group_adjusted","M2","JKI","M. sacchariflorus",44,0.3335610835751,0.460977583536125
"Sparse25",3,20,"Group_adjusted","M2","JKI","M. sinensis",39,0.0947042477009176,0.783033301982253
"Sparse25",3,20,"Group_adjusted","M2","JKI","M. x gig",16,0.80943200666618,0.840730899858103
"Sparse25",3,20,"Group_adjusted","M3","ABR33","M. sacchariflorus",45,0.0942963994718876,0.537525580616639
"Sparse25",3,20,"Group_adjusted","M3","ABR33","M. sinensis",39,0.310744592519442,1.80665277318088
"Sparse25",3,20,"Group_adjusted","M3","ABR33","M. x gig",16,0.584354253116584,1.6354477873395
"Sparse25",3,20,"Group_adjusted","M3","JKI","M. sacchariflorus",44,0.179443984626533,0.46710700073474
"Sparse25",3,20,"Group_adjusted","M3","JKI","M. sinensis",39,0.100208563932723,0.779271156487383
"Sparse25",3,20,"Group_adjusted","M3","JKI","M. x gig",16,0.772978770595731,0.82030010615643
"Sparse25",3,20,"Raw","M1","ABR33","M. sacchariflorus",45,0.177651871832988,1.29169337436652
"Sparse25",3,20,"Raw","M1","ABR33","M. sinensis",39,0.0340806143286096,1.59998540197131
"Sparse25",3,20,"Raw","M1","ABR33","M. x gig",16,NA,1.69243392947662
"Sparse25",3,20,"Raw","M1","JKI","M. sacchariflorus",44,0.21064648246569,0.552194779033991
"Sparse25",3,20,"Raw","M1","JKI","M. sinensis",39,0.0741971801047983,0.790567834587275
"Sparse25",3,20,"Raw","M1","JKI","M. x gig",16,NA,1.10087040021936
"Sparse25",3,20,"Raw","M2","ABR33","M. sacchariflorus",45,0.325184063817681,0.970297254648622
"Sparse25",3,20,"Raw","M2","ABR33","M. sinensis",39,0.283633577432863,1.70826216629285
"Sparse25",3,20,"Raw","M2","ABR33","M. x gig",16,0.251787421801926,1.62271258799461
"Sparse25",3,20,"Raw","M2","JKI","M. sacchariflorus",44,0.320622017103634,0.450921669643291
"Sparse25",3,20,"Raw","M2","JKI","M. sinensis",39,0.0790097338793615,1.04505398050789
"Sparse25",3,20,"Raw","M2","JKI","M. x gig",16,0.308442806829153,1.01126772442799
"Sparse25",3,20,"Raw","M3","ABR33","M. sacchariflorus",45,0.314262439707155,0.673755472751954
"Sparse25",3,20,"Raw","M3","ABR33","M. sinensis",39,0.237843290991188,1.89280543218065
"Sparse25",3,20,"Raw","M3","ABR33","M. x gig",16,0.232305517700535,1.58452553433127
"Sparse25",3,20,"Raw","M3","JKI","M. sacchariflorus",44,0.287581483546937,0.477889814250267
"Sparse25",3,20,"Raw","M3","JKI","M. sinensis",39,0.0996720354647255,0.86213857103031
"Sparse25",3,20,"Raw","M3","JKI","M. x gig",16,0.564980462890063,1.00721835350585
"Sparse25",3,25,"Group_adjusted","M1","ABR33","M. sacchariflorus",46,NA,0.506183100130155
"Sparse25",3,25,"Group_adjusted","M1","ABR33","M. sinensis",34,NA,2.01033672019084
"Sparse25",3,25,"Group_adjusted","M1","ABR33","M. x gig",20,NA,1.74872660792314
"Sparse25",3,25,"Group_adjusted","M1","JKI","M. sacchariflorus",46,NA,0.468524841778472
"Sparse25",3,25,"Group_adjusted","M1","JKI","M. sinensis",33,NA,0.736037211614197
"Sparse25",3,25,"Group_adjusted","M1","JKI","M. x gig",20,NA,0.995359477864976
"Sparse25",3,25,"Group_adjusted","M2","ABR33","M. sacchariflorus",46,0.246830365427628,0.500565224449706
"Sparse25",3,25,"Group_adjusted","M2","ABR33","M. sinensis",34,0.231307681257781,2.0014286949089
"Sparse25",3,25,"Group_adjusted","M2","ABR33","M. x gig",20,0.133643367390064,1.74047131206154
"Sparse25",3,25,"Group_adjusted","M2","JKI","M. sacchariflorus",46,0.290010490244692,0.463046155829992
"Sparse25",3,25,"Group_adjusted","M2","JKI","M. sinensis",33,0.226704791550571,0.728833848797646
"Sparse25",3,25,"Group_adjusted","M2","JKI","M. x gig",20,0.255410720042323,0.987292730010249
"Sparse25",3,25,"Group_adjusted","M3","ABR33","M. sacchariflorus",46,0.422553729884425,0.5054314379375
"Sparse25",3,25,"Group_adjusted","M3","ABR33","M. sinensis",34,0.165984853824827,1.99299715030597
"Sparse25",3,25,"Group_adjusted","M3","ABR33","M. x gig",20,0.180454703094005,1.74301254662005
"Sparse25",3,25,"Group_adjusted","M3","JKI","M. sacchariflorus",46,0.0914097597692919,0.471157575360586
"Sparse25",3,25,"Group_adjusted","M3","JKI","M. sinensis",33,0.232174517983795,0.723335827842995
"Sparse25",3,25,"Group_adjusted","M3","JKI","M. x gig",20,0.133883549758448,0.990778266335758
"Sparse25",3,25,"Raw","M1","ABR33","M. sacchariflorus",46,NA,0.613649601370739
"Sparse25",3,25,"Raw","M1","ABR33","M. sinensis",34,NA,2.04354407241679
"Sparse25",3,25,"Raw","M1","ABR33","M. x gig",20,NA,2.52238782648591
"Sparse25",3,25,"Raw","M1","JKI","M. sacchariflorus",46,NA,0.464682012143089
"Sparse25",3,25,"Raw","M1","JKI","M. sinensis",33,NA,0.717048825278016
"Sparse25",3,25,"Raw","M1","JKI","M. x gig",20,NA,1.49332525219103
"Sparse25",3,25,"Raw","M2","ABR33","M. sacchariflorus",46,0.262317140405763,0.562647310472028
"Sparse25",3,25,"Raw","M2","ABR33","M. sinensis",34,0.244312332340121,2.01368590480273
"Sparse25",3,25,"Raw","M2","ABR33","M. x gig",20,0.0416842865385849,2.49651499732828
"Sparse25",3,25,"Raw","M2","JKI","M. sacchariflorus",46,0.238956591436093,0.477027764631756
"Sparse25",3,25,"Raw","M2","JKI","M. sinensis",33,0.234646165002802,0.701469850716103
"Sparse25",3,25,"Raw","M2","JKI","M. x gig",20,0.415170747658167,1.44631590796239
"Sparse25",3,25,"Raw","M3","ABR33","M. sacchariflorus",46,0.394922396033388,0.493327091817005
"Sparse25",3,25,"Raw","M3","ABR33","M. sinensis",34,0.222064326701628,1.96532202364153
"Sparse25",3,25,"Raw","M3","ABR33","M. x gig",20,0.0340934958459435,2.51714970694449
"Sparse25",3,25,"Raw","M3","JKI","M. sacchariflorus",46,0.101816351984369,0.465856696611821
"Sparse25",3,25,"Raw","M3","JKI","M. sinensis",33,0.275396367345716,0.711268519360774
"Sparse25",3,25,"Raw","M3","JKI","M. x gig",20,0.387138766767845,1.44408784201141
"Sparse25",4,0,"Group_adjusted","M1","ABR33","M. sacchariflorus",45,0.0861557582479832,0.532906211237447
"Sparse25",4,0,"Group_adjusted","M1","ABR33","M. sinensis",36,0.275433626349194,1.50814002688121
"Sparse25",4,0,"Group_adjusted","M1","ABR33","M. x gig",19,0.0682368378201168,1.66949140711561
"Sparse25",4,0,"Group_adjusted","M1","JKI","M. sacchariflorus",45,-0.030417977014752,0.45173007969192
"Sparse25",4,0,"Group_adjusted","M1","JKI","M. sinensis",36,0.285249972059626,0.75257896865841
"Sparse25",4,0,"Group_adjusted","M1","JKI","M. x gig",18,0.229536891324726,0.983781991659818
"Sparse25",4,0,"Group_adjusted","M2","ABR33","M. sacchariflorus",45,0.0819576006775727,0.526481425325959
"Sparse25",4,0,"Group_adjusted","M2","ABR33","M. sinensis",36,0.429458486826677,1.48653533709258
"Sparse25",4,0,"Group_adjusted","M2","ABR33","M. x gig",19,0.08248302047749,1.67286566133481
"Sparse25",4,0,"Group_adjusted","M2","JKI","M. sacchariflorus",45,0.0404568911535676,0.451488296112894
"Sparse25",4,0,"Group_adjusted","M2","JKI","M. sinensis",36,0.333498049390889,0.763307355724545
"Sparse25",4,0,"Group_adjusted","M2","JKI","M. x gig",18,0.296387254279707,0.971868083281408
"Sparse25",4,0,"Group_adjusted","M3","ABR33","M. sacchariflorus",45,0.146219847422873,0.536140420480802
"Sparse25",4,0,"Group_adjusted","M3","ABR33","M. sinensis",36,0.490006918778743,1.48389000241368
"Sparse25",4,0,"Group_adjusted","M3","ABR33","M. x gig",19,0.178463702477446,1.65572723173342
"Sparse25",4,0,"Group_adjusted","M3","JKI","M. sacchariflorus",45,0.137490105488552,0.442975563822226
"Sparse25",4,0,"Group_adjusted","M3","JKI","M. sinensis",36,0.325903606352502,0.746083745062468
"Sparse25",4,0,"Group_adjusted","M3","JKI","M. x gig",18,0.299857448963819,0.972082070486186
"Sparse25",4,0,"Raw","M1","ABR33","M. sacchariflorus",45,0.131599195898781,0.970709878593515
"Sparse25",4,0,"Raw","M1","ABR33","M. sinensis",36,0.270404268394404,1.49082415418386
"Sparse25",4,0,"Raw","M1","ABR33","M. x gig",19,0.0528469495996512,2.0742656038027
"Sparse25",4,0,"Raw","M1","JKI","M. sacchariflorus",45,-0.147060354915904,0.494905408203571
"Sparse25",4,0,"Raw","M1","JKI","M. sinensis",36,0.271986364600188,0.767525963936614
"Sparse25",4,0,"Raw","M1","JKI","M. x gig",18,0.00865893113216549,1.25122539418219
"Sparse25",4,0,"Raw","M2","ABR33","M. sacchariflorus",45,0.184657311591508,0.759941768941718
"Sparse25",4,0,"Raw","M2","ABR33","M. sinensis",36,0.236167691420542,1.47595672176624
"Sparse25",4,0,"Raw","M2","ABR33","M. x gig",19,-0.0542419750850831,1.99779416393109
"Sparse25",4,0,"Raw","M2","JKI","M. sacchariflorus",45,-0.0836539416735867,0.50768906727516
"Sparse25",4,0,"Raw","M2","JKI","M. sinensis",36,0.33224205592735,0.915645042733704
"Sparse25",4,0,"Raw","M2","JKI","M. x gig",18,-0.0543076812678669,1.16816901965168
"Sparse25",4,0,"Raw","M3","ABR33","M. sacchariflorus",45,0.283323392351092,0.569816730811633
"Sparse25",4,0,"Raw","M3","ABR33","M. sinensis",36,0.387528518544688,1.50061037874605
"Sparse25",4,0,"Raw","M3","ABR33","M. x gig",19,-0.0417154832127422,2.01669427682174
"Sparse25",4,0,"Raw","M3","JKI","M. sacchariflorus",45,0.00788571713997265,0.462879662977877
"Sparse25",4,0,"Raw","M3","JKI","M. sinensis",36,0.334513645908813,0.784433599614949
"Sparse25",4,0,"Raw","M3","JKI","M. x gig",18,0.062772707873038,1.15486846128468
"Sparse25",4,5,"Group_adjusted","M1","ABR33","M. sacchariflorus",40,0.396220816617947,0.501257357459527
"Sparse25",4,5,"Group_adjusted","M1","ABR33","M. sinensis",41,0.155067954395022,1.67881432514753
"Sparse25",4,5,"Group_adjusted","M1","ABR33","M. x gig",19,0.445189947437393,1.98150076467044
"Sparse25",4,5,"Group_adjusted","M1","JKI","M. sacchariflorus",45,-0.0953346876078948,0.486080256047002
"Sparse25",4,5,"Group_adjusted","M1","JKI","M. sinensis",37,0.12306707411793,0.665396034446928
"Sparse25",4,5,"Group_adjusted","M1","JKI","M. x gig",17,0.405318728270256,0.92495998044711
"Sparse25",4,5,"Group_adjusted","M2","ABR33","M. sacchariflorus",40,0.398289135320637,0.491558707969124
"Sparse25",4,5,"Group_adjusted","M2","ABR33","M. sinensis",41,0.187216367793141,1.65240354501801
"Sparse25",4,5,"Group_adjusted","M2","ABR33","M. x gig",19,0.440294769856194,1.95105688566028
"Sparse25",4,5,"Group_adjusted","M2","JKI","M. sacchariflorus",45,0.0178737101457967,0.483473553226254
"Sparse25",4,5,"Group_adjusted","M2","JKI","M. sinensis",37,0.163475320026907,0.678430736288276
"Sparse25",4,5,"Group_adjusted","M2","JKI","M. x gig",17,0.51362268031482,0.864660397978117
"Sparse25",4,5,"Group_adjusted","M3","ABR33","M. sacchariflorus",40,0.417674536851232,0.490394363464218
"Sparse25",4,5,"Group_adjusted","M3","ABR33","M. sinensis",41,0.241960060284186,1.66935038567006
"Sparse25",4,5,"Group_adjusted","M3","ABR33","M. x gig",19,0.435482087197814,1.96179165560777
"Sparse25",4,5,"Group_adjusted","M3","JKI","M. sacchariflorus",45,0.0505589254475092,0.477065108354324
"Sparse25",4,5,"Group_adjusted","M3","JKI","M. sinensis",37,0.167252834267276,0.671791022000253
"Sparse25",4,5,"Group_adjusted","M3","JKI","M. x gig",17,0.516981353589052,0.872814540049219
"Sparse25",4,5,"Raw","M1","ABR33","M. sacchariflorus",40,0.240131001854083,1.03575464543654
"Sparse25",4,5,"Raw","M1","ABR33","M. sinensis",41,0.158601170016335,1.52816157048343
"Sparse25",4,5,"Raw","M1","ABR33","M. x gig",19,0.586951968882506,1.80939880845095
"Sparse25",4,5,"Raw","M1","JKI","M. sacchariflorus",45,-0.084403894980129,0.456285200740363
"Sparse25",4,5,"Raw","M1","JKI","M. sinensis",37,0.129220824625886,0.668487058640913
"Sparse25",4,5,"Raw","M1","JKI","M. x gig",17,0.457709087762381,1.17215651649001
"Sparse25",4,5,"Raw","M2","ABR33","M. sacchariflorus",40,0.495417123642693,0.784770854911322
"Sparse25",4,5,"Raw","M2","ABR33","M. sinensis",41,0.199397420819734,1.53171742538423
"Sparse25",4,5,"Raw","M2","ABR33","M. x gig",19,0.608646042698078,1.6208100812598
"Sparse25",4,5,"Raw","M2","JKI","M. sacchariflorus",45,-0.0356266865286786,0.571845040866902
"Sparse25",4,5,"Raw","M2","JKI","M. sinensis",37,0.14392897902715,0.805041312596112
"Sparse25",4,5,"Raw","M2","JKI","M. x gig",17,0.424171011644895,1.04389351924567
"Sparse25",4,5,"Raw","M3","ABR33","M. sacchariflorus",40,0.457601344999347,0.654561721820101
"Sparse25",4,5,"Raw","M3","ABR33","M. sinensis",41,0.270155321158116,1.66576212140365
"Sparse25",4,5,"Raw","M3","ABR33","M. x gig",19,0.564130812886936,1.56132603202114
"Sparse25",4,5,"Raw","M3","JKI","M. sacchariflorus",45,-0.0669541734215712,0.472562520224797
"Sparse25",4,5,"Raw","M3","JKI","M. sinensis",37,0.168273198885661,0.687288541498172
"Sparse25",4,5,"Raw","M3","JKI","M. x gig",17,0.433468569362303,1.04381400978592
"Sparse25",4,10,"Group_adjusted","M1","ABR33","M. sacchariflorus",46,0.26338976952383,0.479771361703312
"Sparse25",4,10,"Group_adjusted","M1","ABR33","M. sinensis",35,0.188807695809138,1.70270098257386
"Sparse25",4,10,"Group_adjusted","M1","ABR33","M. x gig",19,0.425200156814631,2.0744403339708
"Sparse25",4,10,"Group_adjusted","M1","JKI","M. sacchariflorus",47,0.141613857221224,0.496231279567669
"Sparse25",4,10,"Group_adjusted","M1","JKI","M. sinensis",36,0.332993527921529,0.736397344941899
"Sparse25",4,10,"Group_adjusted","M1","JKI","M. x gig",16,0.136664254158744,0.941190325190068
"Sparse25",4,10,"Group_adjusted","M2","ABR33","M. sacchariflorus",46,0.154314188513774,0.48362326490333
"Sparse25",4,10,"Group_adjusted","M2","ABR33","M. sinensis",35,0.267099280173955,1.69611140572326
"Sparse25",4,10,"Group_adjusted","M2","ABR33","M. x gig",19,0.501333724079673,2.04449390896304
"Sparse25",4,10,"Group_adjusted","M2","JKI","M. sacchariflorus",47,0.223152004233957,0.48824852600278
"Sparse25",4,10,"Group_adjusted","M2","JKI","M. sinensis",36,0.347174621204759,0.783206520201471
"Sparse25",4,10,"Group_adjusted","M2","JKI","M. x gig",16,0.360587105733096,0.894724237164288
"Sparse25",4,10,"Group_adjusted","M3","ABR33","M. sacchariflorus",46,0.163150985065305,0.477973982504
"Sparse25",4,10,"Group_adjusted","M3","ABR33","M. sinensis",35,0.323927619952365,1.68240444382071
"Sparse25",4,10,"Group_adjusted","M3","ABR33","M. x gig",19,0.461754933408746,2.07402020324459
"Sparse25",4,10,"Group_adjusted","M3","JKI","M. sacchariflorus",47,0.236156813700484,0.487410551827744
"Sparse25",4,10,"Group_adjusted","M3","JKI","M. sinensis",36,0.355111885309968,0.763891995047341
"Sparse25",4,10,"Group_adjusted","M3","JKI","M. x gig",16,0.40980415934698,0.892062174400674
"Sparse25",4,10,"Raw","M1","ABR33","M. sacchariflorus",46,0.225285159517093,1.15001885910689
"Sparse25",4,10,"Raw","M1","ABR33","M. sinensis",35,0.186815791066642,1.68767129455397
"Sparse25",4,10,"Raw","M1","ABR33","M. x gig",19,0.45691119725272,1.81680637463358
"Sparse25",4,10,"Raw","M1","JKI","M. sacchariflorus",47,-0.042101928313663,0.576803021905207
"Sparse25",4,10,"Raw","M1","JKI","M. sinensis",36,0.347701732218008,0.73529747433762
"Sparse25",4,10,"Raw","M1","JKI","M. x gig",16,-0.0445674451542014,1.23102873354052
"Sparse25",4,10,"Raw","M2","ABR33","M. sacchariflorus",46,0.308042572149343,0.827937867194836
"Sparse25",4,10,"Raw","M2","ABR33","M. sinensis",35,0.308991537895679,1.69604983346345
"Sparse25",4,10,"Raw","M2","ABR33","M. x gig",19,0.494271762896612,1.7274897284593
"Sparse25",4,10,"Raw","M2","JKI","M. sacchariflorus",47,-0.0472158791856942,0.542863969216159
"Sparse25",4,10,"Raw","M2","JKI","M. sinensis",36,0.362810058458939,0.936585951254029
"Sparse25",4,10,"Raw","M2","JKI","M. x gig",16,-0.0546224885990155,1.19072403542204
"Sparse25",4,10,"Raw","M3","ABR33","M. sacchariflorus",46,0.318938493542903,0.728074739916458
"Sparse25",4,10,"Raw","M3","ABR33","M. sinensis",35,0.375977204902275,1.71197978847358
"Sparse25",4,10,"Raw","M3","ABR33","M. x gig",19,0.329460712470795,1.77582271774864
"Sparse25",4,10,"Raw","M3","JKI","M. sacchariflorus",47,-0.0122305720344727,0.517729442155769
"Sparse25",4,10,"Raw","M3","JKI","M. sinensis",36,0.354985216666843,0.811830725594983
"Sparse25",4,10,"Raw","M3","JKI","M. x gig",16,-0.00445371608376362,1.1832566434285
"Sparse25",4,15,"Group_adjusted","M1","ABR33","M. sacchariflorus",45,0.247122338772011,0.509769203628072
"Sparse25",4,15,"Group_adjusted","M1","ABR33","M. sinensis",36,0.268641688467457,1.6667008589618
"Sparse25",4,15,"Group_adjusted","M1","ABR33","M. x gig",19,-0.198938956091052,1.72562901001172
"Sparse25",4,15,"Group_adjusted","M1","JKI","M. sacchariflorus",45,0.087695484841558,0.497775142281675
"Sparse25",4,15,"Group_adjusted","M1","JKI","M. sinensis",35,0.176299900980909,0.754333676674888
"Sparse25",4,15,"Group_adjusted","M1","JKI","M. x gig",19,0.124438372208502,0.983786859185291
"Sparse25",4,15,"Group_adjusted","M2","ABR33","M. sacchariflorus",45,0.23952996015501,0.507534271062807
"Sparse25",4,15,"Group_adjusted","M2","ABR33","M. sinensis",36,0.366781951510222,1.64666125351197
"Sparse25",4,15,"Group_adjusted","M2","ABR33","M. x gig",19,0.0291086356759448,1.71073783048498
"Sparse25",4,15,"Group_adjusted","M2","JKI","M. sacchariflorus",45,0.230116669876848,0.485951044146531
"Sparse25",4,15,"Group_adjusted","M2","JKI","M. sinensis",35,0.201517700863764,0.761300484488533
"Sparse25",4,15,"Group_adjusted","M2","JKI","M. x gig",19,0.262556483742299,0.958380748424368
"Sparse25",4,15,"Group_adjusted","M3","ABR33","M. sacchariflorus",45,0.189296439113809,0.511623126710886
"Sparse25",4,15,"Group_adjusted","M3","ABR33","M. sinensis",36,0.404719806637796,1.64205342108732
"Sparse25",4,15,"Group_adjusted","M3","ABR33","M. x gig",19,0.0878690350550064,1.6994345203121
"Sparse25",4,15,"Group_adjusted","M3","JKI","M. sacchariflorus",45,0.186303004611454,0.496412985655859
"Sparse25",4,15,"Group_adjusted","M3","JKI","M. sinensis",35,0.221096317518921,0.739165958831115
"Sparse25",4,15,"Group_adjusted","M3","JKI","M. x gig",19,0.309574257267418,0.952029563208019
"Sparse25",4,15,"Raw","M1","ABR33","M. sacchariflorus",45,0.221559226709278,0.906650867648894
"Sparse25",4,15,"Raw","M1","ABR33","M. sinensis",36,0.27438498310833,1.69950367984427
"Sparse25",4,15,"Raw","M1","ABR33","M. x gig",19,-0.237051834921395,2.19565729989342
"Sparse25",4,15,"Raw","M1","JKI","M. sacchariflorus",45,-0.14294538951542,0.515591156366212
"Sparse25",4,15,"Raw","M1","JKI","M. sinensis",35,0.213639825491443,0.733833242388983
"Sparse25",4,15,"Raw","M1","JKI","M. x gig",19,0.0598568167257441,1.39443119178898
"Sparse25",4,15,"Raw","M2","ABR33","M. sacchariflorus",45,0.442376647199404,0.681003841685741
"Sparse25",4,15,"Raw","M2","ABR33","M. sinensis",36,0.352788606181766,1.64089935697848
"Sparse25",4,15,"Raw","M2","ABR33","M. x gig",19,-0.19234897867092,2.15580344017902
"Sparse25",4,15,"Raw","M2","JKI","M. sacchariflorus",45,0.0286066213088532,0.548684894934789
"Sparse25",4,15,"Raw","M2","JKI","M. sinensis",35,0.220246953744202,0.7993100669529
"Sparse25",4,15,"Raw","M2","JKI","M. x gig",19,0.0133550408634837,1.32350744435909
"Sparse25",4,15,"Raw","M3","ABR33","M. sacchariflorus",45,0.38460202415598,0.539201797663024
"Sparse25",4,15,"Raw","M3","ABR33","M. sinensis",36,0.403103595407316,1.63089375809102
"Sparse25",4,15,"Raw","M3","ABR33","M. x gig",19,-0.187759983180203,2.17326319302868
"Sparse25",4,15,"Raw","M3","JKI","M. sacchariflorus",45,0.0202689480063388,0.50561107723979
"Sparse25",4,15,"Raw","M3","JKI","M. sinensis",35,0.228349956826511,0.740504856357676
"Sparse25",4,15,"Raw","M3","JKI","M. x gig",19,0.0645621189026706,1.31465344090371
"Sparse25",4,20,"Group_adjusted","M1","ABR33","M. sacchariflorus",43,-0.0231100573633061,0.529985465687344
"Sparse25",4,20,"Group_adjusted","M1","ABR33","M. sinensis",39,0.289655078988431,1.93733329568822
"Sparse25",4,20,"Group_adjusted","M1","ABR33","M. x gig",18,NA,1.83148519096638
"Sparse25",4,20,"Group_adjusted","M1","JKI","M. sacchariflorus",42,0.145150721148781,0.456251197479569
"Sparse25",4,20,"Group_adjusted","M1","JKI","M. sinensis",38,0.0594244656589166,0.84084982719177
"Sparse25",4,20,"Group_adjusted","M1","JKI","M. x gig",19,0.0106187093099177,1.06153207202599
"Sparse25",4,20,"Group_adjusted","M2","ABR33","M. sacchariflorus",43,-0.0186648209394455,0.536684899135849
"Sparse25",4,20,"Group_adjusted","M2","ABR33","M. sinensis",39,0.416344395235423,1.91532503861237
"Sparse25",4,20,"Group_adjusted","M2","ABR33","M. x gig",18,-0.221798161846055,1.84977979244178
"Sparse25",4,20,"Group_adjusted","M2","JKI","M. sacchariflorus",42,0.120280949572597,0.457612107482627
"Sparse25",4,20,"Group_adjusted","M2","JKI","M. sinensis",38,0.114773104992434,0.819858103003099
"Sparse25",4,20,"Group_adjusted","M2","JKI","M. x gig",19,-0.0422573596290527,1.05187549384057
"Sparse25",4,20,"Group_adjusted","M3","ABR33","M. sacchariflorus",43,0.144560546597207,0.528233020902375
"Sparse25",4,20,"Group_adjusted","M3","ABR33","M. sinensis",39,0.429455034529424,1.9207274004976
"Sparse25",4,20,"Group_adjusted","M3","ABR33","M. x gig",18,-0.122665002046456,1.84852393706054
"Sparse25",4,20,"Group_adjusted","M3","JKI","M. sacchariflorus",42,0.106445167389146,0.457675123680676
"Sparse25",4,20,"Group_adjusted","M3","JKI","M. sinensis",38,0.129946179886341,0.819316624903801
"Sparse25",4,20,"Group_adjusted","M3","JKI","M. x gig",19,-0.0949867285136479,1.06064163818827
"Sparse25",4,20,"Raw","M1","ABR33","M. sacchariflorus",43,-0.0166908025400101,0.755834283502422
"Sparse25",4,20,"Raw","M1","ABR33","M. sinensis",39,0.176928193761988,1.84678334627885
"Sparse25",4,20,"Raw","M1","ABR33","M. x gig",18,NA,2.13276226670124
"Sparse25",4,20,"Raw","M1","JKI","M. sacchariflorus",42,0.145150721148781,0.458831863922982
"Sparse25",4,20,"Raw","M1","JKI","M. sinensis",38,0.0494801139106736,0.776102801518784
"Sparse25",4,20,"Raw","M1","JKI","M. x gig",19,0.0106187093099177,1.50170267675532
"Sparse25",4,20,"Raw","M2","ABR33","M. sacchariflorus",43,0.126250816311446,0.666601747224709
"Sparse25",4,20,"Raw","M2","ABR33","M. sinensis",39,0.278508280730354,1.81116597806237
"Sparse25",4,20,"Raw","M2","ABR33","M. x gig",18,-0.331589217476931,2.09348033939831
"Sparse25",4,20,"Raw","M2","JKI","M. sacchariflorus",42,-0.0545462527972142,0.501741402204486
"Sparse25",4,20,"Raw","M2","JKI","M. sinensis",38,0.139693996254672,0.752485781943161
"Sparse25",4,20,"Raw","M2","JKI","M. x gig",19,-0.183142552688228,1.44902849530518
"Sparse25",4,20,"Raw","M3","ABR33","M. sacchariflorus",43,0.19529023489309,0.576693035238658
"Sparse25",4,20,"Raw","M3","ABR33","M. sinensis",39,0.421097997865067,1.75007913340434
"Sparse25",4,20,"Raw","M3","ABR33","M. x gig",18,-0.333137116344883,2.06859500456383
"Sparse25",4,20,"Raw","M3","JKI","M. sacchariflorus",42,-0.0794085517006922,0.473154934370976
"Sparse25",4,20,"Raw","M3","JKI","M. sinensis",38,0.1428894031299,0.788937155268262
"Sparse25",4,20,"Raw","M3","JKI","M. x gig",19,-0.198892943413929,1.47823895215749
"Sparse25",4,25,"Group_adjusted","M1","ABR33","M. sacchariflorus",43,NA,0.50822041383701
"Sparse25",4,25,"Group_adjusted","M1","ABR33","M. sinensis",38,NA,1.8648041791129
"Sparse25",4,25,"Group_adjusted","M1","ABR33","M. x gig",19,NA,1.71524384327871
"Sparse25",4,25,"Group_adjusted","M1","JKI","M. sacchariflorus",43,NA,0.452906741228511
"Sparse25",4,25,"Group_adjusted","M1","JKI","M. sinensis",37,NA,0.772204659222456
"Sparse25",4,25,"Group_adjusted","M1","JKI","M. x gig",19,NA,1.00164028648833
"Sparse25",4,25,"Group_adjusted","M2","ABR33","M. sacchariflorus",43,0.0959176175710792,0.505929210191931
"Sparse25",4,25,"Group_adjusted","M2","ABR33","M. sinensis",38,0.220744996113979,1.85124576233548
"Sparse25",4,25,"Group_adjusted","M2","ABR33","M. x gig",19,0.0199773342606853,1.7139972186977
"Sparse25",4,25,"Group_adjusted","M2","JKI","M. sacchariflorus",43,0.0161775964087544,0.452390224219716
"Sparse25",4,25,"Group_adjusted","M2","JKI","M. sinensis",37,-0.114059318009757,0.77528966177279
"Sparse25",4,25,"Group_adjusted","M2","JKI","M. x gig",19,0.19785679718489,0.99997479257734
"Sparse25",4,25,"Group_adjusted","M3","ABR33","M. sacchariflorus",43,-0.102758513137356,0.511711619926429
"Sparse25",4,25,"Group_adjusted","M3","ABR33","M. sinensis",38,0.348583780056641,1.85687211544803
"Sparse25",4,25,"Group_adjusted","M3","ABR33","M. x gig",19,0.0852919101906924,1.72937784217268
"Sparse25",4,25,"Group_adjusted","M3","JKI","M. sacchariflorus",43,0.31049659089078,0.444990605500332
"Sparse25",4,25,"Group_adjusted","M3","JKI","M. sinensis",37,-0.0894392664288523,0.774522519291495
"Sparse25",4,25,"Group_adjusted","M3","JKI","M. x gig",19,0.668775240358004,0.978034806395189
"Sparse25",4,25,"Raw","M1","ABR33","M. sacchariflorus",43,NA,0.667382191704857
"Sparse25",4,25,"Raw","M1","ABR33","M. sinensis",38,NA,1.91784591822707
"Sparse25",4,25,"Raw","M1","ABR33","M. x gig",19,NA,2.44733881712474
"Sparse25",4,25,"Raw","M1","JKI","M. sacchariflorus",43,NA,0.473776987420248
"Sparse25",4,25,"Raw","M1","JKI","M. sinensis",37,NA,0.773036542346044
"Sparse25",4,25,"Raw","M1","JKI","M. x gig",19,NA,1.37166532389484
"Sparse25",4,25,"Raw","M2","ABR33","M. sacchariflorus",43,0.409970202144379,0.586784046929409
"Sparse25",4,25,"Raw","M2","ABR33","M. sinensis",38,0.303281744021429,1.84307597774965
"Sparse25",4,25,"Raw","M2","ABR33","M. x gig",19,-0.0440498267611622,2.42535049915606
"Sparse25",4,25,"Raw","M2","JKI","M. sacchariflorus",43,-0.0176966822115454,0.452524674973733
"Sparse25",4,25,"Raw","M2","JKI","M. sinensis",37,-0.0841085091517093,0.81581502469189
"Sparse25",4,25,"Raw","M2","JKI","M. x gig",19,-0.173850390285693,1.36748414623235
"Sparse25",4,25,"Raw","M3","ABR33","M. sacchariflorus",43,0.299186885399253,0.524971775961477
"Sparse25",4,25,"Raw","M3","ABR33","M. sinensis",38,0.387306253105405,1.80614709890163
"Sparse25",4,25,"Raw","M3","ABR33","M. x gig",19,-0.0124157800054559,2.45097060453791
"Sparse25",4,25,"Raw","M3","JKI","M. sacchariflorus",43,0.303434941056882,0.449347859574742
"Sparse25",4,25,"Raw","M3","JKI","M. sinensis",37,-0.0119284902097552,0.786929984994478
"Sparse25",4,25,"Raw","M3","JKI","M. x gig",19,0.567141980027219,1.36528615823305
"Sparse25",5,0,"Group_adjusted","M1","ABR33","M. sacchariflorus",43,0.290884586250169,0.524900548117963
"Sparse25",5,0,"Group_adjusted","M1","ABR33","M. sinensis",37,0.291856705554492,1.5029023814882
"Sparse25",5,0,"Group_adjusted","M1","ABR33","M. x gig",20,0.234770963318818,1.52466376558978
"Sparse25",5,0,"Group_adjusted","M1","JKI","M. sacchariflorus",42,-0.0263811989064033,0.4860173393459
"Sparse25",5,0,"Group_adjusted","M1","JKI","M. sinensis",38,0.322630930087443,0.652007313626475
"Sparse25",5,0,"Group_adjusted","M1","JKI","M. x gig",19,0.188049753747421,0.994286217570568
"Sparse25",5,0,"Group_adjusted","M2","ABR33","M. sacchariflorus",43,0.268266189731093,0.508883203978463
"Sparse25",5,0,"Group_adjusted","M2","ABR33","M. sinensis",37,0.313420736045801,1.49593088530915
"Sparse25",5,0,"Group_adjusted","M2","ABR33","M. x gig",20,0.555004315376698,1.50742684309033
"Sparse25",5,0,"Group_adjusted","M2","JKI","M. sacchariflorus",42,0.0342722156935076,0.485167459941266
"Sparse25",5,0,"Group_adjusted","M2","JKI","M. sinensis",38,0.334595191875342,0.676859888989557
"Sparse25",5,0,"Group_adjusted","M2","JKI","M. x gig",19,0.219566127785171,0.991436575229498
"Sparse25",5,0,"Group_adjusted","M3","ABR33","M. sacchariflorus",43,0.335567101379303,0.516349343649664
"Sparse25",5,0,"Group_adjusted","M3","ABR33","M. sinensis",37,0.374835654643403,1.47382259102659
"Sparse25",5,0,"Group_adjusted","M3","ABR33","M. x gig",20,0.544939930492109,1.48006422824236
"Sparse25",5,0,"Group_adjusted","M3","JKI","M. sacchariflorus",42,-0.0449116948207047,0.489954037611767
"Sparse25",5,0,"Group_adjusted","M3","JKI","M. sinensis",38,0.347915005210451,0.661796414201189
"Sparse25",5,0,"Group_adjusted","M3","JKI","M. x gig",19,0.175575083136269,1.00063336227376
"Sparse25",5,0,"Raw","M1","ABR33","M. sacchariflorus",43,0.256302683726148,0.984308471576751
"Sparse25",5,0,"Raw","M1","ABR33","M. sinensis",37,0.288467696104139,1.3085857496533
"Sparse25",5,0,"Raw","M1","ABR33","M. x gig",20,0.183580297387718,1.94332784320281
"Sparse25",5,0,"Raw","M1","JKI","M. sacchariflorus",42,-0.0480356007027557,0.498035981727727
"Sparse25",5,0,"Raw","M1","JKI","M. sinensis",38,0.239910922282859,0.676521700951202
"Sparse25",5,0,"Raw","M1","JKI","M. x gig",19,0.371227397936659,1.37028927731465
"Sparse25",5,0,"Raw","M2","ABR33","M. sacchariflorus",43,0.396912542368223,0.761851272652213
"Sparse25",5,0,"Raw","M2","ABR33","M. sinensis",37,0.386787357342516,1.31210371332936
"Sparse25",5,0,"Raw","M2","ABR33","M. x gig",20,0.43317566008951,1.83545099487212
"Sparse25",5,0,"Raw","M2","JKI","M. sacchariflorus",42,0.0148881260313917,0.586407832141484
"Sparse25",5,0,"Raw","M2","JKI","M. sinensis",38,0.30618698613377,0.828899327017291
"Sparse25",5,0,"Raw","M2","JKI","M. x gig",19,0.42000333027838,1.26183394709163
"Sparse25",5,0,"Raw","M3","ABR33","M. sacchariflorus",43,0.412476603843568,0.542629048957586
"Sparse25",5,0,"Raw","M3","ABR33","M. sinensis",37,0.439896963678648,1.40340511313747
"Sparse25",5,0,"Raw","M3","ABR33","M. x gig",20,0.518035099294394,1.84832791620491
"Sparse25",5,0,"Raw","M3","JKI","M. sacchariflorus",42,-0.0771371391535603,0.509158456083854
"Sparse25",5,0,"Raw","M3","JKI","M. sinensis",38,0.348167630517759,0.694162171960911
"Sparse25",5,0,"Raw","M3","JKI","M. x gig",19,0.362145410829581,1.26617833594111
"Sparse25",5,5,"Group_adjusted","M1","ABR33","M. sacchariflorus",45,-0.085859044407923,0.490356351190576
"Sparse25",5,5,"Group_adjusted","M1","ABR33","M. sinensis",39,0.476056427779808,1.52594500147337
"Sparse25",5,5,"Group_adjusted","M1","ABR33","M. x gig",16,0.359068493650242,1.6057405685127
"Sparse25",5,5,"Group_adjusted","M1","JKI","M. sacchariflorus",48,0.049798013727017,0.524449621954619
"Sparse25",5,5,"Group_adjusted","M1","JKI","M. sinensis",31,0.185189640402232,0.815176889224101
"Sparse25",5,5,"Group_adjusted","M1","JKI","M. x gig",20,0.362927643371448,1.09453596651907
"Sparse25",5,5,"Group_adjusted","M2","ABR33","M. sacchariflorus",45,-0.0989647393231977,0.501979994233093
"Sparse25",5,5,"Group_adjusted","M2","ABR33","M. sinensis",39,0.515326613811451,1.4989642504077
"Sparse25",5,5,"Group_adjusted","M2","ABR33","M. x gig",16,0.420148559563375,1.58651652624872
"Sparse25",5,5,"Group_adjusted","M2","JKI","M. sacchariflorus",48,0.0446915738423387,0.53386531770497
"Sparse25",5,5,"Group_adjusted","M2","JKI","M. sinensis",31,0.188575442694581,0.831811911372827
"Sparse25",5,5,"Group_adjusted","M2","JKI","M. x gig",20,0.410191928746131,1.06719196346131
"Sparse25",5,5,"Group_adjusted","M3","ABR33","M. sacchariflorus",45,-0.0130977231873947,0.497365763762454
"Sparse25",5,5,"Group_adjusted","M3","ABR33","M. sinensis",39,0.515583561806718,1.50113520900112
"Sparse25",5,5,"Group_adjusted","M3","ABR33","M. x gig",16,0.371280878163579,1.56884647426899
"Sparse25",5,5,"Group_adjusted","M3","JKI","M. sacchariflorus",48,0.0914976987094281,0.511732859571157
"Sparse25",5,5,"Group_adjusted","M3","JKI","M. sinensis",31,0.159497148082279,0.820557824342476
"Sparse25",5,5,"Group_adjusted","M3","JKI","M. x gig",20,0.430572435102509,1.07235251613413
"Sparse25",5,5,"Raw","M1","ABR33","M. sacchariflorus",45,0.0251485682243977,1.21320624181543
"Sparse25",5,5,"Raw","M1","ABR33","M. sinensis",39,0.483795848243565,1.52830755323642
"Sparse25",5,5,"Raw","M1","ABR33","M. x gig",16,0.363772627160633,1.75529113588889
"Sparse25",5,5,"Raw","M1","JKI","M. sacchariflorus",48,0.089144024730494,0.473449422964916
"Sparse25",5,5,"Raw","M1","JKI","M. sinensis",31,0.1837832511009,0.761194064508767
"Sparse25",5,5,"Raw","M1","JKI","M. x gig",20,0.396870746610227,1.3770969319928
"Sparse25",5,5,"Raw","M2","ABR33","M. sacchariflorus",45,0.159005785942732,1.12901312229291
"Sparse25",5,5,"Raw","M2","ABR33","M. sinensis",39,0.539643643965841,1.49480438963346
"Sparse25",5,5,"Raw","M2","ABR33","M. x gig",16,0.468842482446368,1.68091969491592
"Sparse25",5,5,"Raw","M2","JKI","M. sacchariflorus",48,0.0708754264106648,0.509273278248343
"Sparse25",5,5,"Raw","M2","JKI","M. sinensis",31,0.201076070621588,0.757593119541256
"Sparse25",5,5,"Raw","M2","JKI","M. x gig",20,0.458498566402543,1.25230054811608
"Sparse25",5,5,"Raw","M3","ABR33","M. sacchariflorus",45,0.231512905287425,0.942938978143777
"Sparse25",5,5,"Raw","M3","ABR33","M. sinensis",39,0.564029334064181,1.50415116344024
"Sparse25",5,5,"Raw","M3","ABR33","M. x gig",16,0.444695268524213,1.66238771751209
"Sparse25",5,5,"Raw","M3","JKI","M. sacchariflorus",48,0.0993606312475539,0.472916381120065
"Sparse25",5,5,"Raw","M3","JKI","M. sinensis",31,0.199932538925323,0.771528427965946
"Sparse25",5,5,"Raw","M3","JKI","M. x gig",20,0.471618604250101,1.22801041304961
"Sparse25",5,10,"Group_adjusted","M1","ABR33","M. sacchariflorus",46,0.0644505786858691,0.444003982018133
"Sparse25",5,10,"Group_adjusted","M1","ABR33","M. sinensis",40,0.0938814721907072,1.64874445550515
"Sparse25",5,10,"Group_adjusted","M1","ABR33","M. x gig",14,-0.00590825335801024,1.75321481584374
"Sparse25",5,10,"Group_adjusted","M1","JKI","M. sacchariflorus",46,0.0287621373059582,0.489437514622357
"Sparse25",5,10,"Group_adjusted","M1","JKI","M. sinensis",34,0.00197016402720301,0.79669055330484
"Sparse25",5,10,"Group_adjusted","M1","JKI","M. x gig",19,0.249907013416861,1.08070410608474
"Sparse25",5,10,"Group_adjusted","M2","ABR33","M. sacchariflorus",46,0.0258553526242583,0.443918921927588
"Sparse25",5,10,"Group_adjusted","M2","ABR33","M. sinensis",40,0.074645942591046,1.64695879994763
"Sparse25",5,10,"Group_adjusted","M2","ABR33","M. x gig",14,0.0539545024511528,1.74979072914017
"Sparse25",5,10,"Group_adjusted","M2","JKI","M. sacchariflorus",46,-0.00612880580711981,0.48953247687056
"Sparse25",5,10,"Group_adjusted","M2","JKI","M. sinensis",34,-0.0012135788648843,0.799396596458515
"Sparse25",5,10,"Group_adjusted","M2","JKI","M. x gig",19,0.268956390469209,1.07265307368255
"Sparse25",5,10,"Group_adjusted","M3","ABR33","M. sacchariflorus",46,-0.0358752446410313,0.452912103978206
"Sparse25",5,10,"Group_adjusted","M3","ABR33","M. sinensis",40,0.152022900789029,1.64024252551614
"Sparse25",5,10,"Group_adjusted","M3","ABR33","M. x gig",14,0.057949738318303,1.76350544321695
"Sparse25",5,10,"Group_adjusted","M3","JKI","M. sacchariflorus",46,0.0133606380160239,0.485957242174759
"Sparse25",5,10,"Group_adjusted","M3","JKI","M. sinensis",34,0.0585984242398322,0.79528404495749
"Sparse25",5,10,"Group_adjusted","M3","JKI","M. x gig",19,0.325457609626631,1.05660408587477
"Sparse25",5,10,"Raw","M1","ABR33","M. sacchariflorus",46,0.137079820803747,1.22031348587098
"Sparse25",5,10,"Raw","M1","ABR33","M. sinensis",40,0.0772959015385335,1.64841461333094
"Sparse25",5,10,"Raw","M1","ABR33","M. x gig",14,-0.0550762201469377,1.760489966422
"Sparse25",5,10,"Raw","M1","JKI","M. sacchariflorus",46,0.415743006428391,0.446464989983668
"Sparse25",5,10,"Raw","M1","JKI","M. sinensis",34,0.00197016402720302,0.79703176669154
"Sparse25",5,10,"Raw","M1","JKI","M. x gig",19,0.168426709840606,1.35436454996126
"Sparse25",5,10,"Raw","M2","ABR33","M. sacchariflorus",46,0.426905584457031,1.0274453848638
"Sparse25",5,10,"Raw","M2","ABR33","M. sinensis",40,-0.0369402084960885,1.67151192723104
"Sparse25",5,10,"Raw","M2","ABR33","M. x gig",14,0.212563039365971,1.69543421410115
"Sparse25",5,10,"Raw","M2","JKI","M. sacchariflorus",46,0.417507155228734,0.461902842718729
"Sparse25",5,10,"Raw","M2","JKI","M. sinensis",34,0.0195799892757421,0.844589565555449
"Sparse25",5,10,"Raw","M2","JKI","M. x gig",19,0.23468525783182,1.21915649514904
"Sparse25",5,10,"Raw","M3","ABR33","M. sacchariflorus",46,0.355413909141591,0.798794443161636
"Sparse25",5,10,"Raw","M3","ABR33","M. sinensis",40,0.146031023095648,1.72287992448109
"Sparse25",5,10,"Raw","M3","ABR33","M. x gig",14,0.264725266318337,1.63776325037231
"Sparse25",5,10,"Raw","M3","JKI","M. sacchariflorus",46,0.375617590974589,0.445316198891912
"Sparse25",5,10,"Raw","M3","JKI","M. sinensis",34,0.0644206551126728,0.807813523044
"Sparse25",5,10,"Raw","M3","JKI","M. x gig",19,0.294510340314208,1.20882148891338
"Sparse25",5,15,"Group_adjusted","M1","ABR33","M. sacchariflorus",48,0.242635157110906,0.470524754596255
"Sparse25",5,15,"Group_adjusted","M1","ABR33","M. sinensis",39,-0.0944520571298191,1.92082391952378
"Sparse25",5,15,"Group_adjusted","M1","ABR33","M. x gig",13,-0.355652059153939,1.62852955196516
"Sparse25",5,15,"Group_adjusted","M1","JKI","M. sacchariflorus",46,0.16517062491037,0.469523960013537
"Sparse25",5,15,"Group_adjusted","M1","JKI","M. sinensis",39,-0.052696802385046,0.845333351328857
"Sparse25",5,15,"Group_adjusted","M1","JKI","M. x gig",14,0.600142822461206,1.0086964652707
"Sparse25",5,15,"Group_adjusted","M2","ABR33","M. sacchariflorus",48,0.166619511848738,0.47135559589206
"Sparse25",5,15,"Group_adjusted","M2","ABR33","M. sinensis",39,2.67541823401291e-05,1.90509432774783
"Sparse25",5,15,"Group_adjusted","M2","ABR33","M. x gig",13,0.22216495213157,1.60682605066635
"Sparse25",5,15,"Group_adjusted","M2","JKI","M. sacchariflorus",46,0.2296331884049,0.465968983367006
"Sparse25",5,15,"Group_adjusted","M2","JKI","M. sinensis",39,0.0153644503114087,0.849072226187269
"Sparse25",5,15,"Group_adjusted","M2","JKI","M. x gig",14,0.66928792434129,0.958563732415903
"Sparse25",5,15,"Group_adjusted","M3","ABR33","M. sacchariflorus",48,0.144274873519308,0.472787765959526
"Sparse25",5,15,"Group_adjusted","M3","ABR33","M. sinensis",39,0.0768915376590587,1.90720571436434
"Sparse25",5,15,"Group_adjusted","M3","ABR33","M. x gig",13,0.271136183828582,1.58624391917711
"Sparse25",5,15,"Group_adjusted","M3","JKI","M. sacchariflorus",46,0.255167958313152,0.461685295297285
"Sparse25",5,15,"Group_adjusted","M3","JKI","M. sinensis",39,0.0212448654306807,0.859326044897891
"Sparse25",5,15,"Group_adjusted","M3","JKI","M. x gig",14,0.691997917186231,0.939007413233664
"Sparse25",5,15,"Raw","M1","ABR33","M. sacchariflorus",48,0.159924898979739,1.44412462273121
"Sparse25",5,15,"Raw","M1","ABR33","M. sinensis",39,-0.0478135201192154,1.63287944152641
"Sparse25",5,15,"Raw","M1","ABR33","M. x gig",13,-0.355652059153939,1.87450415785804
"Sparse25",5,15,"Raw","M1","JKI","M. sacchariflorus",46,0.235905671836952,0.685737639431056
"Sparse25",5,15,"Raw","M1","JKI","M. sinensis",39,0.0243206376779673,0.949550071933414
"Sparse25",5,15,"Raw","M1","JKI","M. x gig",14,0.570954098993947,0.848870365035847
"Sparse25",5,15,"Raw","M2","ABR33","M. sacchariflorus",48,0.293932841283802,1.08495110435898
"Sparse25",5,15,"Raw","M2","ABR33","M. sinensis",39,0.174677874658495,1.70820391782796
"Sparse25",5,15,"Raw","M2","ABR33","M. x gig",13,-0.0138445249521233,1.85936468241391
"Sparse25",5,15,"Raw","M2","JKI","M. sacchariflorus",46,0.363177899283966,0.489212952347625
"Sparse25",5,15,"Raw","M2","JKI","M. sinensis",39,0.0866552622494925,1.19227905903155
"Sparse25",5,15,"Raw","M2","JKI","M. x gig",14,0.641071854778585,0.774086020147008
"Sparse25",5,15,"Raw","M3","ABR33","M. sacchariflorus",48,0.280912908536189,0.826751905712271
"Sparse25",5,15,"Raw","M3","ABR33","M. sinensis",39,0.206475332083099,1.86430298262441
"Sparse25",5,15,"Raw","M3","ABR33","M. x gig",13,0.127592470905183,1.81556122869707
"Sparse25",5,15,"Raw","M3","JKI","M. sacchariflorus",46,0.379009718912834,0.515459688886655
"Sparse25",5,15,"Raw","M3","JKI","M. sinensis",39,0.0539460217737148,1.03913346460246
"Sparse25",5,15,"Raw","M3","JKI","M. x gig",14,0.678756090267043,0.77947010820393
"Sparse25",5,20,"Group_adjusted","M1","ABR33","M. sacchariflorus",46,0.264849151313516,0.502731492372933
"Sparse25",5,20,"Group_adjusted","M1","ABR33","M. sinensis",39,0.192693688634551,1.69000024307241
"Sparse25",5,20,"Group_adjusted","M1","ABR33","M. x gig",15,NA,2.09182381584145
"Sparse25",5,20,"Group_adjusted","M1","JKI","M. sacchariflorus",44,NA,0.514436542675309
"Sparse25",5,20,"Group_adjusted","M1","JKI","M. sinensis",39,0.191570842819895,0.734093705873846
"Sparse25",5,20,"Group_adjusted","M1","JKI","M. x gig",16,0.455963727276784,1.18452797010617
"Sparse25",5,20,"Group_adjusted","M2","ABR33","M. sacchariflorus",46,0.172335623039867,0.499115810888497
"Sparse25",5,20,"Group_adjusted","M2","ABR33","M. sinensis",39,0.348501782116116,1.67436927864196
"Sparse25",5,20,"Group_adjusted","M2","ABR33","M. x gig",15,0.28956345358927,2.0810730950109
"Sparse25",5,20,"Group_adjusted","M2","JKI","M. sacchariflorus",44,0.356207779074632,0.506570873098901
"Sparse25",5,20,"Group_adjusted","M2","JKI","M. sinensis",39,0.209959429563828,0.729856681901544
"Sparse25",5,20,"Group_adjusted","M2","JKI","M. x gig",16,0.648362581129358,1.16310438089874
"Sparse25",5,20,"Group_adjusted","M3","ABR33","M. sacchariflorus",46,0.210938524329977,0.500651178389313
"Sparse25",5,20,"Group_adjusted","M3","ABR33","M. sinensis",39,0.279811955818394,1.67756326843452
"Sparse25",5,20,"Group_adjusted","M3","ABR33","M. x gig",15,0.286450924084104,2.08462561937508
"Sparse25",5,20,"Group_adjusted","M3","JKI","M. sacchariflorus",44,0.224576789352239,0.496263640977314
"Sparse25",5,20,"Group_adjusted","M3","JKI","M. sinensis",39,0.209826402926945,0.727034585566501
"Sparse25",5,20,"Group_adjusted","M3","JKI","M. x gig",16,0.578386987027586,1.14736205883787
"Sparse25",5,20,"Raw","M1","ABR33","M. sacchariflorus",46,0.280252198965265,0.89990854845031
"Sparse25",5,20,"Raw","M1","ABR33","M. sinensis",39,0.193118287768927,1.72495151027522
"Sparse25",5,20,"Raw","M1","ABR33","M. x gig",15,NA,2.48703375626755
"Sparse25",5,20,"Raw","M1","JKI","M. sacchariflorus",44,NA,0.497172047930653
"Sparse25",5,20,"Raw","M1","JKI","M. sinensis",39,0.153910198508366,0.734619794446432
"Sparse25",5,20,"Raw","M1","JKI","M. x gig",16,0.455963727276784,1.51969433635411
"Sparse25",5,20,"Raw","M2","ABR33","M. sacchariflorus",46,0.314629665870376,0.703303037480551
"Sparse25",5,20,"Raw","M2","ABR33","M. sinensis",39,0.345728326700369,1.67408409969786
"Sparse25",5,20,"Raw","M2","ABR33","M. x gig",15,0.165214843490095,2.46558878048012
"Sparse25",5,20,"Raw","M2","JKI","M. sacchariflorus",44,0.296434621780708,0.510147052196116
"Sparse25",5,20,"Raw","M2","JKI","M. sinensis",39,0.195389846009927,0.78688306326457
"Sparse25",5,20,"Raw","M2","JKI","M. x gig",16,0.58688517062222,1.46416697973397
"Sparse25",5,20,"Raw","M3","ABR33","M. sacchariflorus",46,0.311273477109137,0.567762610530979
"Sparse25",5,20,"Raw","M3","ABR33","M. sinensis",39,0.287961121276415,1.6724407001871
"Sparse25",5,20,"Raw","M3","ABR33","M. x gig",15,0.160989597678266,2.46178348136803
"Sparse25",5,20,"Raw","M3","JKI","M. sacchariflorus",44,0.270389315288436,0.487161708177401
"Sparse25",5,20,"Raw","M3","JKI","M. sinensis",39,0.222205540963603,0.730521441531183
"Sparse25",5,20,"Raw","M3","JKI","M. x gig",16,0.460422834962825,1.44958427961897
"Sparse25",5,25,"Group_adjusted","M1","ABR33","M. sacchariflorus",47,NA,0.543483858517777
"Sparse25",5,25,"Group_adjusted","M1","ABR33","M. sinensis",38,NA,1.72929188736473
"Sparse25",5,25,"Group_adjusted","M1","ABR33","M. x gig",15,NA,1.56190509647467
"Sparse25",5,25,"Group_adjusted","M1","JKI","M. sacchariflorus",47,NA,0.458220458960158
"Sparse25",5,25,"Group_adjusted","M1","JKI","M. sinensis",37,NA,0.767660196890757
"Sparse25",5,25,"Group_adjusted","M1","JKI","M. x gig",15,NA,0.931391333345549
"Sparse25",5,25,"Group_adjusted","M2","ABR33","M. sacchariflorus",47,0.235109932247101,0.569064574763331
"Sparse25",5,25,"Group_adjusted","M2","ABR33","M. sinensis",38,0.282021732874896,1.72146241073408
"Sparse25",5,25,"Group_adjusted","M2","ABR33","M. x gig",15,0.691111265434441,1.5149046611589
"Sparse25",5,25,"Group_adjusted","M2","JKI","M. sacchariflorus",47,0.144591281467153,0.456548951611718
"Sparse25",5,25,"Group_adjusted","M2","JKI","M. sinensis",37,0.278615855306574,0.760320759374928
"Sparse25",5,25,"Group_adjusted","M2","JKI","M. x gig",15,0.57191330820304,0.906815155396654
"Sparse25",5,25,"Group_adjusted","M3","ABR33","M. sacchariflorus",47,0.12267802267225,0.560702548949042
"Sparse25",5,25,"Group_adjusted","M3","ABR33","M. sinensis",38,0.222625366196175,1.69871265923834
"Sparse25",5,25,"Group_adjusted","M3","ABR33","M. x gig",15,0.447018784424647,1.51482361286611
"Sparse25",5,25,"Group_adjusted","M3","JKI","M. sacchariflorus",47,0.129170229358652,0.456579403426349
"Sparse25",5,25,"Group_adjusted","M3","JKI","M. sinensis",37,0.192084419660982,0.737397795869197
"Sparse25",5,25,"Group_adjusted","M3","JKI","M. x gig",15,0.555264943077132,0.883873803572969
"Sparse25",5,25,"Raw","M1","ABR33","M. sacchariflorus",47,NA,1.35058573120648
"Sparse25",5,25,"Raw","M1","ABR33","M. sinensis",38,NA,1.68327743639643
"Sparse25",5,25,"Raw","M1","ABR33","M. x gig",15,NA,1.87040680872273
"Sparse25",5,25,"Raw","M1","JKI","M. sacchariflorus",47,NA,0.600525176226521
"Sparse25",5,25,"Raw","M1","JKI","M. sinensis",37,NA,0.818746053964318
"Sparse25",5,25,"Raw","M1","JKI","M. x gig",15,NA,1.08869875783164
"Sparse25",5,25,"Raw","M2","ABR33","M. sacchariflorus",47,0.32306491341165,1.12975434504656
"Sparse25",5,25,"Raw","M2","ABR33","M. sinensis",38,0.309809659968829,1.70636285707896
"Sparse25",5,25,"Raw","M2","ABR33","M. x gig",15,0.610396024038168,1.78396616757002
"Sparse25",5,25,"Raw","M2","JKI","M. sacchariflorus",47,0.0833908014123523,0.485248016916073
"Sparse25",5,25,"Raw","M2","JKI","M. sinensis",37,0.256246014542016,0.93306264059939
"Sparse25",5,25,"Raw","M2","JKI","M. x gig",15,0.486602652093211,1.01172092998937
"Sparse25",5,25,"Raw","M3","ABR33","M. sacchariflorus",47,0.257642190537836,0.943817699279109
"Sparse25",5,25,"Raw","M3","ABR33","M. sinensis",38,0.248997382272651,1.72286617350592
"Sparse25",5,25,"Raw","M3","ABR33","M. x gig",15,0.375513273837428,1.78706595365807
"Sparse25",5,25,"Raw","M3","JKI","M. sacchariflorus",47,0.0649638850567441,0.528174316390004
"Sparse25",5,25,"Raw","M3","JKI","M. sinensis",37,0.23407348720961,0.812115326559694
"Sparse25",5,25,"Raw","M3","JKI","M. x gig",15,0.614892608296184,0.981991487920628
"Sparse25",6,0,"Group_adjusted","M1","ABR33","M. sacchariflorus",44,0.157843202898958,0.580048613672726
"Sparse25",6,0,"Group_adjusted","M1","ABR33","M. sinensis",39,0.144055851483285,1.86418256537231
"Sparse25",6,0,"Group_adjusted","M1","ABR33","M. x gig",17,0.562283521001953,1.72248037430841
"Sparse25",6,0,"Group_adjusted","M1","JKI","M. sacchariflorus",43,0.340682439753365,0.44929795683073
"Sparse25",6,0,"Group_adjusted","M1","JKI","M. sinensis",39,0.272169538547553,0.672176576463102
"Sparse25",6,0,"Group_adjusted","M1","JKI","M. x gig",17,-0.302978675749418,0.942782209182126
"Sparse25",6,0,"Group_adjusted","M2","ABR33","M. sacchariflorus",44,0.180888101581991,0.571351659444
"Sparse25",6,0,"Group_adjusted","M2","ABR33","M. sinensis",39,0.213261396360602,1.84236730954715
"Sparse25",6,0,"Group_adjusted","M2","ABR33","M. x gig",17,0.615013960685094,1.65884084289393
"Sparse25",6,0,"Group_adjusted","M2","JKI","M. sacchariflorus",43,0.362682638380167,0.445272018128452
"Sparse25",6,0,"Group_adjusted","M2","JKI","M. sinensis",39,0.308796091122348,0.658436273626458
"Sparse25",6,0,"Group_adjusted","M2","JKI","M. x gig",17,-0.141463082250847,0.952045747253444
"Sparse25",6,0,"Group_adjusted","M3","ABR33","M. sacchariflorus",44,0.218906299228437,0.564251559145164
"Sparse25",6,0,"Group_adjusted","M3","ABR33","M. sinensis",39,0.217844992022004,1.84282966385862
"Sparse25",6,0,"Group_adjusted","M3","ABR33","M. x gig",17,0.655787790290416,1.65930161520967
"Sparse25",6,0,"Group_adjusted","M3","JKI","M. sacchariflorus",43,0.427316219997142,0.438260475042965
"Sparse25",6,0,"Group_adjusted","M3","JKI","M. sinensis",39,0.32343093928858,0.66124671201672
"Sparse25",6,0,"Group_adjusted","M3","JKI","M. x gig",17,0.03391742766914,0.920155071335616
"Sparse25",6,0,"Raw","M1","ABR33","M. sacchariflorus",44,0.108383497807043,0.703115261917085
"Sparse25",6,0,"Raw","M1","ABR33","M. sinensis",39,0.169161285950364,1.84184878441879
"Sparse25",6,0,"Raw","M1","ABR33","M. x gig",17,0.525260240255008,2.40167943150787
"Sparse25",6,0,"Raw","M1","JKI","M. sacchariflorus",43,0.149565482007479,0.45787875801557
"Sparse25",6,0,"Raw","M1","JKI","M. sinensis",39,0.271229609459571,0.666908804935783
"Sparse25",6,0,"Raw","M1","JKI","M. x gig",17,-0.175468845297933,1.30867351828653
"Sparse25",6,0,"Raw","M2","ABR33","M. sacchariflorus",44,0.322815375523156,0.594232233893031
"Sparse25",6,0,"Raw","M2","ABR33","M. sinensis",39,0.275820173723818,1.77079039163394
"Sparse25",6,0,"Raw","M2","ABR33","M. x gig",17,0.611746079775242,2.25833865645919
"Sparse25",6,0,"Raw","M2","JKI","M. sacchariflorus",43,0.204328916222816,0.453506056593828
"Sparse25",6,0,"Raw","M2","JKI","M. sinensis",39,0.313299929635039,0.686144837789271
"Sparse25",6,0,"Raw","M2","JKI","M. x gig",17,0.03265255677798,1.16694487712303
"Sparse25",6,0,"Raw","M3","ABR33","M. sacchariflorus",44,0.368232392068712,0.537705395947406
"Sparse25",6,0,"Raw","M3","ABR33","M. sinensis",39,0.273263065664532,1.73213318999571
"Sparse25",6,0,"Raw","M3","ABR33","M. x gig",17,0.626243067330365,2.24611335458932
"Sparse25",6,0,"Raw","M3","JKI","M. sacchariflorus",43,0.256056740736198,0.444383135389514
"Sparse25",6,0,"Raw","M3","JKI","M. sinensis",39,0.308349087655801,0.654603450372515
"Sparse25",6,0,"Raw","M3","JKI","M. x gig",17,0.115393627184846,1.19254321492572
"Sparse25",6,5,"Group_adjusted","M1","ABR33","M. sacchariflorus",47,0.284935392304088,0.494224633738743
"Sparse25",6,5,"Group_adjusted","M1","ABR33","M. sinensis",35,0.325916491523367,2.02260427127885
"Sparse25",6,5,"Group_adjusted","M1","ABR33","M. x gig",18,-0.401197935228127,1.73241680259245
"Sparse25",6,5,"Group_adjusted","M1","JKI","M. sacchariflorus",45,0.0911059748191982,0.442420324697431
"Sparse25",6,5,"Group_adjusted","M1","JKI","M. sinensis",36,0.161516280803307,0.735084541859505
"Sparse25",6,5,"Group_adjusted","M1","JKI","M. x gig",18,0.222179954323689,1.0914306550707
"Sparse25",6,5,"Group_adjusted","M2","ABR33","M. sacchariflorus",47,0.298845407191938,0.50824758083589
"Sparse25",6,5,"Group_adjusted","M2","ABR33","M. sinensis",35,0.382418457420524,2.01128314962798
"Sparse25",6,5,"Group_adjusted","M2","ABR33","M. x gig",18,-0.178551725799287,1.71270565862137
"Sparse25",6,5,"Group_adjusted","M2","JKI","M. sacchariflorus",45,0.159516163400119,0.435141947250363
"Sparse25",6,5,"Group_adjusted","M2","JKI","M. sinensis",36,0.177117890454074,0.735804228912976
"Sparse25",6,5,"Group_adjusted","M2","JKI","M. x gig",18,0.297003907325472,1.04214527300414
"Sparse25",6,5,"Group_adjusted","M3","ABR33","M. sacchariflorus",47,0.29730992061075,0.493067014019924
"Sparse25",6,5,"Group_adjusted","M3","ABR33","M. sinensis",35,0.365387391329218,2.00781850613263
"Sparse25",6,5,"Group_adjusted","M3","ABR33","M. x gig",18,-0.112415715110206,1.68486171702286
"Sparse25",6,5,"Group_adjusted","M3","JKI","M. sacchariflorus",45,0.199235213643583,0.440384242719061
"Sparse25",6,5,"Group_adjusted","M3","JKI","M. sinensis",36,0.154456002811803,0.735925674557118
"Sparse25",6,5,"Group_adjusted","M3","JKI","M. x gig",18,0.321039443643557,1.04456116526843
"Sparse25",6,5,"Raw","M1","ABR33","M. sacchariflorus",47,0.239490356587338,0.938501629109655
"Sparse25",6,5,"Raw","M1","ABR33","M. sinensis",35,0.181576907197086,1.85188478177526
"Sparse25",6,5,"Raw","M1","ABR33","M. x gig",18,-0.154020744808247,1.82177414738006
"Sparse25",6,5,"Raw","M1","JKI","M. sacchariflorus",45,0.200561858996215,0.46130631997585
"Sparse25",6,5,"Raw","M1","JKI","M. sinensis",36,0.186278712203077,0.739262523135125
"Sparse25",6,5,"Raw","M1","JKI","M. x gig",18,0.491539812965238,1.03731662920405
"Sparse25",6,5,"Raw","M2","ABR33","M. sacchariflorus",47,0.345029356930131,0.8998508055146
"Sparse25",6,5,"Raw","M2","ABR33","M. sinensis",35,0.289441643672754,1.85857953795669
"Sparse25",6,5,"Raw","M2","ABR33","M. x gig",18,0.00935610921495209,1.76977848018096
"Sparse25",6,5,"Raw","M2","JKI","M. sacchariflorus",45,0.234885927547448,0.433700823676701
"Sparse25",6,5,"Raw","M2","JKI","M. sinensis",36,0.181677220734859,0.732054757852729
"Sparse25",6,5,"Raw","M2","JKI","M. x gig",18,0.525124211716873,0.998088584695162
"Sparse25",6,5,"Raw","M3","ABR33","M. sacchariflorus",47,0.362209098460114,0.84354328828997
"Sparse25",6,5,"Raw","M3","ABR33","M. sinensis",35,0.269904064897409,1.86173345447656
"Sparse25",6,5,"Raw","M3","ABR33","M. x gig",18,0.0205890133808409,1.79001923059518
"Sparse25",6,5,"Raw","M3","JKI","M. sacchariflorus",45,0.262402055164747,0.44060902737754
"Sparse25",6,5,"Raw","M3","JKI","M. sinensis",36,0.150777201240146,0.736912369601148
"Sparse25",6,5,"Raw","M3","JKI","M. x gig",18,0.530443383600643,0.975542198870804
"Sparse25",6,10,"Group_adjusted","M1","ABR33","M. sacchariflorus",42,0.493022759447335,0.466432593966701
"Sparse25",6,10,"Group_adjusted","M1","ABR33","M. sinensis",39,0.382551333062736,1.82420474248385
"Sparse25",6,10,"Group_adjusted","M1","ABR33","M. x gig",19,0.219157829732177,2.21973753848541
"Sparse25",6,10,"Group_adjusted","M1","JKI","M. sacchariflorus",44,0.223081441268627,0.49914120247666
"Sparse25",6,10,"Group_adjusted","M1","JKI","M. sinensis",35,0.481581486556696,0.811133094638606
"Sparse25",6,10,"Group_adjusted","M1","JKI","M. x gig",20,0.126991879215825,1.00790124785108
"Sparse25",6,10,"Group_adjusted","M2","ABR33","M. sacchariflorus",42,0.505059182775365,0.451371880802786
"Sparse25",6,10,"Group_adjusted","M2","ABR33","M. sinensis",39,0.456852733328988,1.80227783541565
"Sparse25",6,10,"Group_adjusted","M2","ABR33","M. x gig",19,0.218476625851941,2.21442311377174
"Sparse25",6,10,"Group_adjusted","M2","JKI","M. sacchariflorus",44,0.208699185355012,0.498656953683862
"Sparse25",6,10,"Group_adjusted","M2","JKI","M. sinensis",35,0.555978388066667,0.786519236631686
"Sparse25",6,10,"Group_adjusted","M2","JKI","M. x gig",20,0.145617079656049,0.994799559992465
"Sparse25",6,10,"Group_adjusted","M3","ABR33","M. sacchariflorus",42,0.479003306012829,0.455741733563322
"Sparse25",6,10,"Group_adjusted","M3","ABR33","M. sinensis",39,0.454719374873392,1.80731935369397
"Sparse25",6,10,"Group_adjusted","M3","ABR33","M. x gig",19,0.238152523156079,2.19394653571542
"Sparse25",6,10,"Group_adjusted","M3","JKI","M. sacchariflorus",44,0.148611327091458,0.502341288152862
"Sparse25",6,10,"Group_adjusted","M3","JKI","M. sinensis",35,0.573446527341562,0.790640128092911
"Sparse25",6,10,"Group_adjusted","M3","JKI","M. x gig",20,0.142658698334421,1.00058580483811
"Sparse25",6,10,"Raw","M1","ABR33","M. sacchariflorus",42,0.547278763245216,0.903925691908269
"Sparse25",6,10,"Raw","M1","ABR33","M. sinensis",39,0.357985698702392,1.74282026670208
"Sparse25",6,10,"Raw","M1","ABR33","M. x gig",19,0.211459144084884,2.30098229453014
"Sparse25",6,10,"Raw","M1","JKI","M. sacchariflorus",44,0.0651216662790005,0.512826651039752
"Sparse25",6,10,"Raw","M1","JKI","M. sinensis",35,0.468172121712958,0.747287685900105
"Sparse25",6,10,"Raw","M1","JKI","M. x gig",20,0.069595360181023,1.50681806543697
"Sparse25",6,10,"Raw","M2","ABR33","M. sacchariflorus",42,0.569867180170505,0.724895243971075
"Sparse25",6,10,"Raw","M2","ABR33","M. sinensis",39,0.409381376138079,1.70388709339553
"Sparse25",6,10,"Raw","M2","ABR33","M. x gig",19,0.107132603766184,2.2774162223742
"Sparse25",6,10,"Raw","M2","JKI","M. sacchariflorus",44,0.120174466675393,0.56656454900116
"Sparse25",6,10,"Raw","M2","JKI","M. sinensis",35,0.533482421246652,0.709619106815396
"Sparse25",6,10,"Raw","M2","JKI","M. x gig",20,-0.094801599993309,1.48385731960285
"Sparse25",6,10,"Raw","M3","ABR33","M. sacchariflorus",42,0.448520231408292,0.538585635984091
"Sparse25",6,10,"Raw","M3","ABR33","M. sinensis",39,0.509201869908729,1.73654274715322
"Sparse25",6,10,"Raw","M3","ABR33","M. x gig",19,0.0523403246784088,2.22259483089053
"Sparse25",6,10,"Raw","M3","JKI","M. sacchariflorus",44,0.0265959219547757,0.512228126015181
"Sparse25",6,10,"Raw","M3","JKI","M. sinensis",35,0.590498774149512,0.748905222082056
"Sparse25",6,10,"Raw","M3","JKI","M. x gig",20,-0.0812093934637528,1.47312901959767
"Sparse25",6,15,"Group_adjusted","M1","ABR33","M. sacchariflorus",43,0.0776241408818127,0.502590352387508
"Sparse25",6,15,"Group_adjusted","M1","ABR33","M. sinensis",38,0.200821711437679,1.69624975930032
"Sparse25",6,15,"Group_adjusted","M1","ABR33","M. x gig",19,0.271053369410528,1.67385349368439
"Sparse25",6,15,"Group_adjusted","M1","JKI","M. sacchariflorus",43,0.271431698843917,0.461775021271358
"Sparse25",6,15,"Group_adjusted","M1","JKI","M. sinensis",37,0.295867294259596,0.693738582945607
"Sparse25",6,15,"Group_adjusted","M1","JKI","M. x gig",19,-0.149139950852339,1.0491359110932
"Sparse25",6,15,"Group_adjusted","M2","ABR33","M. sacchariflorus",43,0.130873574285835,0.491856437531773
"Sparse25",6,15,"Group_adjusted","M2","ABR33","M. sinensis",38,0.314887607673226,1.69228413434846
"Sparse25",6,15,"Group_adjusted","M2","ABR33","M. x gig",19,-0.329104908306474,1.67679006876947
"Sparse25",6,15,"Group_adjusted","M2","JKI","M. sacchariflorus",43,0.19259549351686,0.462337799534521
"Sparse25",6,15,"Group_adjusted","M2","JKI","M. sinensis",37,0.321547790592243,0.689758582747801
"Sparse25",6,15,"Group_adjusted","M2","JKI","M. x gig",19,-0.244885253531523,1.09139363043676
"Sparse25",6,15,"Group_adjusted","M3","ABR33","M. sacchariflorus",43,0.0492268312624887,0.496140514813175
"Sparse25",6,15,"Group_adjusted","M3","ABR33","M. sinensis",38,0.321964568334919,1.68528382538101
"Sparse25",6,15,"Group_adjusted","M3","ABR33","M. x gig",19,-0.284565137599106,1.68224601067041
"Sparse25",6,15,"Group_adjusted","M3","JKI","M. sacchariflorus",43,0.209730323959439,0.463111236917389
"Sparse25",6,15,"Group_adjusted","M3","JKI","M. sinensis",37,0.345856982746316,0.68737078614889
"Sparse25",6,15,"Group_adjusted","M3","JKI","M. x gig",19,-0.181272081680929,1.0664611868377
"Sparse25",6,15,"Raw","M1","ABR33","M. sacchariflorus",43,0.0541581720329979,0.814962562008075
"Sparse25",6,15,"Raw","M1","ABR33","M. sinensis",38,0.1932616770509,1.68408926633869
"Sparse25",6,15,"Raw","M1","ABR33","M. x gig",19,0.271053369410528,2.21289726830238
"Sparse25",6,15,"Raw","M1","JKI","M. sacchariflorus",43,0.0194132999212718,0.488210124584228
"Sparse25",6,15,"Raw","M1","JKI","M. sinensis",37,0.292888888235251,0.702401868959015
"Sparse25",6,15,"Raw","M1","JKI","M. x gig",19,-0.149139950852339,1.39903229157078
"Sparse25",6,15,"Raw","M2","ABR33","M. sacchariflorus",43,0.229591490625326,0.61414935365775
"Sparse25",6,15,"Raw","M2","ABR33","M. sinensis",38,0.287982758413201,1.62624389666262
"Sparse25",6,15,"Raw","M2","ABR33","M. x gig",19,-0.040781670670851,2.1453031219992
"Sparse25",6,15,"Raw","M2","JKI","M. sacchariflorus",43,0.0263700464638422,0.51752586698557
"Sparse25",6,15,"Raw","M2","JKI","M. sinensis",37,0.323843535823526,0.845477879842612
"Sparse25",6,15,"Raw","M2","JKI","M. x gig",19,-0.336162951885951,1.34754806048395
"Sparse25",6,15,"Raw","M3","ABR33","M. sacchariflorus",43,0.155956077664098,0.500650300094499
"Sparse25",6,15,"Raw","M3","ABR33","M. sinensis",38,0.354893405741819,1.65178714770704
"Sparse25",6,15,"Raw","M3","ABR33","M. x gig",19,-0.131105549330348,2.12423056584787
"Sparse25",6,15,"Raw","M3","JKI","M. sacchariflorus",43,0.0575195359419998,0.48040439526286
"Sparse25",6,15,"Raw","M3","JKI","M. sinensis",37,0.358615483188453,0.725184442181623
"Sparse25",6,15,"Raw","M3","JKI","M. x gig",19,-0.226682493658254,1.3472775513188
"Sparse25",6,20,"Group_adjusted","M1","ABR33","M. sacchariflorus",46,-0.15281354313567,0.569087011795436
"Sparse25",6,20,"Group_adjusted","M1","ABR33","M. sinensis",37,0.135398754086351,1.57184087002234
"Sparse25",6,20,"Group_adjusted","M1","ABR33","M. x gig",17,-0.10008920777169,1.78521485571686
"Sparse25",6,20,"Group_adjusted","M1","JKI","M. sacchariflorus",45,-0.087498423171227,0.507989150611988
"Sparse25",6,20,"Group_adjusted","M1","JKI","M. sinensis",37,0.0848449479531325,0.674351563857923
"Sparse25",6,20,"Group_adjusted","M1","JKI","M. x gig",17,-0.177341481966036,1.23878467926321
"Sparse25",6,20,"Group_adjusted","M2","ABR33","M. sacchariflorus",46,-0.150518844216496,0.561525059243047
"Sparse25",6,20,"Group_adjusted","M2","ABR33","M. sinensis",37,0.327166666850666,1.56094585962923
"Sparse25",6,20,"Group_adjusted","M2","ABR33","M. x gig",17,0.0270550731052769,1.7739766287572
"Sparse25",6,20,"Group_adjusted","M2","JKI","M. sacchariflorus",45,-0.00989304944099738,0.5074781927019
"Sparse25",6,20,"Group_adjusted","M2","JKI","M. sinensis",37,0.170482883387432,0.664736374104676
"Sparse25",6,20,"Group_adjusted","M2","JKI","M. x gig",17,0.416419477684693,1.21968639879154
"Sparse25",6,20,"Group_adjusted","M3","ABR33","M. sacchariflorus",46,-0.102056681865455,0.585536190183555
"Sparse25",6,20,"Group_adjusted","M3","ABR33","M. sinensis",37,0.292332826833083,1.56547820451002
"Sparse25",6,20,"Group_adjusted","M3","ABR33","M. x gig",17,0.162034388623836,1.76353044705107
"Sparse25",6,20,"Group_adjusted","M3","JKI","M. sacchariflorus",45,0.0757803687880423,0.506379826375477
"Sparse25",6,20,"Group_adjusted","M3","JKI","M. sinensis",37,0.178124382230223,0.658771907574658
"Sparse25",6,20,"Group_adjusted","M3","JKI","M. x gig",17,0.199708075878326,1.22501394991263
"Sparse25",6,20,"Raw","M1","ABR33","M. sacchariflorus",46,-0.208206466659252,0.935650586312632
"Sparse25",6,20,"Raw","M1","ABR33","M. sinensis",37,0.135398754086351,1.56638318712902
"Sparse25",6,20,"Raw","M1","ABR33","M. x gig",17,-0.10008920777169,2.24731169525305
"Sparse25",6,20,"Raw","M1","JKI","M. sacchariflorus",45,0.0289481112787752,0.49221923876608
"Sparse25",6,20,"Raw","M1","JKI","M. sinensis",37,0.0608868502111662,0.649259427869758
"Sparse25",6,20,"Raw","M1","JKI","M. x gig",17,-0.177341481966036,1.51923481119781
"Sparse25",6,20,"Raw","M2","ABR33","M. sacchariflorus",46,0.136555223680137,0.689316699549944
"Sparse25",6,20,"Raw","M2","ABR33","M. sinensis",37,0.23993135448034,1.54147029123153
"Sparse25",6,20,"Raw","M2","ABR33","M. x gig",17,-0.113622981646143,2.23769542236211
"Sparse25",6,20,"Raw","M2","JKI","M. sacchariflorus",45,0.0300754535012835,0.557931428077096
"Sparse25",6,20,"Raw","M2","JKI","M. sinensis",37,0.146726782709354,0.737476677483696
"Sparse25",6,20,"Raw","M2","JKI","M. x gig",17,-0.170092412463938,1.49273973503847
"Sparse25",6,20,"Raw","M3","ABR33","M. sacchariflorus",46,0.193238044575036,0.506591405848946
"Sparse25",6,20,"Raw","M3","ABR33","M. sinensis",37,0.179784073615821,1.58727081706793
"Sparse25",6,20,"Raw","M3","ABR33","M. x gig",17,-0.050381730949923,2.23793816828364
"Sparse25",6,20,"Raw","M3","JKI","M. sacchariflorus",45,0.0264370823431561,0.50473149452449
"Sparse25",6,20,"Raw","M3","JKI","M. sinensis",37,0.162902836463525,0.661892622461199
"Sparse25",6,20,"Raw","M3","JKI","M. x gig",17,-0.150669311106176,1.48629036669684
"Sparse25",6,25,"Group_adjusted","M1","ABR33","M. sacchariflorus",48,NA,0.553987438983501
"Sparse25",6,25,"Group_adjusted","M1","ABR33","M. sinensis",35,NA,1.63623026103668
"Sparse25",6,25,"Group_adjusted","M1","ABR33","M. x gig",17,NA,1.93603464293311
"Sparse25",6,25,"Group_adjusted","M1","JKI","M. sacchariflorus",48,NA,0.470211507407973
"Sparse25",6,25,"Group_adjusted","M1","JKI","M. sinensis",34,NA,0.674732327966929
"Sparse25",6,25,"Group_adjusted","M1","JKI","M. x gig",17,NA,1.05356782163627
"Sparse25",6,25,"Group_adjusted","M2","ABR33","M. sacchariflorus",48,-0.271797543676207,0.578496701035928
"Sparse25",6,25,"Group_adjusted","M2","ABR33","M. sinensis",35,0.375810646471368,1.62100104471251
"Sparse25",6,25,"Group_adjusted","M2","ABR33","M. x gig",17,0.335236399246178,1.88083380994953
"Sparse25",6,25,"Group_adjusted","M2","JKI","M. sacchariflorus",48,0.0887394034231021,0.459449070997827
"Sparse25",6,25,"Group_adjusted","M2","JKI","M. sinensis",34,0.289388151216989,0.652830284727701
"Sparse25",6,25,"Group_adjusted","M2","JKI","M. x gig",17,0.737627218291489,0.96578906035488
"Sparse25",6,25,"Group_adjusted","M3","ABR33","M. sacchariflorus",48,-0.156403387204637,0.562320343920992
"Sparse25",6,25,"Group_adjusted","M3","ABR33","M. sinensis",35,0.440750233031419,1.60824626702002
"Sparse25",6,25,"Group_adjusted","M3","ABR33","M. x gig",17,0.352939010964388,1.88860067345178
"Sparse25",6,25,"Group_adjusted","M3","JKI","M. sacchariflorus",48,0.00777081847134166,0.467773088676015
"Sparse25",6,25,"Group_adjusted","M3","JKI","M. sinensis",34,0.426684100402376,0.628175929547936
"Sparse25",6,25,"Group_adjusted","M3","JKI","M. x gig",17,0.633449333845015,0.957030829930971
"Sparse25",6,25,"Raw","M1","ABR33","M. sacchariflorus",48,NA,1.23266960863839
"Sparse25",6,25,"Raw","M1","ABR33","M. sinensis",35,NA,1.63667059233181
"Sparse25",6,25,"Raw","M1","ABR33","M. x gig",17,NA,1.7169026674081
"Sparse25",6,25,"Raw","M1","JKI","M. sacchariflorus",48,NA,0.64185692489448
"Sparse25",6,25,"Raw","M1","JKI","M. sinensis",34,NA,0.751041939848961
"Sparse25",6,25,"Raw","M1","JKI","M. x gig",17,NA,1.00011804671854
"Sparse25",6,25,"Raw","M2","ABR33","M. sacchariflorus",48,0.227229724796876,0.973107519415096
"Sparse25",6,25,"Raw","M2","ABR33","M. sinensis",35,0.371213822190548,1.62311426395246
"Sparse25",6,25,"Raw","M2","ABR33","M. x gig",17,0.266390832338675,1.67488508412218
"Sparse25",6,25,"Raw","M2","JKI","M. sacchariflorus",48,0.263415883047036,0.470814493796809
"Sparse25",6,25,"Raw","M2","JKI","M. sinensis",34,0.187801945665427,0.799059182769044
"Sparse25",6,25,"Raw","M2","JKI","M. x gig",17,0.637073780044478,0.9220405675264
"Sparse25",6,25,"Raw","M3","ABR33","M. sacchariflorus",48,0.310644259895557,0.831239825965868
"Sparse25",6,25,"Raw","M3","ABR33","M. sinensis",35,0.451539358242147,1.6240003305992
"Sparse25",6,25,"Raw","M3","ABR33","M. x gig",17,0.230375675275298,1.627983215955
"Sparse25",6,25,"Raw","M3","JKI","M. sacchariflorus",48,0.170912845749147,0.550206104581472
"Sparse25",6,25,"Raw","M3","JKI","M. sinensis",34,0.361477058658628,0.697656069786956
"Sparse25",6,25,"Raw","M3","JKI","M. x gig",17,0.555910125975346,0.895833434862139
"Sparse25",7,0,"Group_adjusted","M1","ABR33","M. sacchariflorus",47,0.237489255361041,0.543987422267182
"Sparse25",7,0,"Group_adjusted","M1","ABR33","M. sinensis",33,0.267402856271998,1.59263201062721
"Sparse25",7,0,"Group_adjusted","M1","ABR33","M. x gig",20,-0.055712034204482,1.65164154352055
"Sparse25",7,0,"Group_adjusted","M1","JKI","M. sacchariflorus",41,0.135713419929503,0.487255395992091
"Sparse25",7,0,"Group_adjusted","M1","JKI","M. sinensis",39,0.323404408532444,0.831381163731715
"Sparse25",7,0,"Group_adjusted","M1","JKI","M. x gig",19,0.130010509318866,0.998439088390906
"Sparse25",7,0,"Group_adjusted","M2","ABR33","M. sacchariflorus",47,0.277765169541694,0.560177686977169
"Sparse25",7,0,"Group_adjusted","M2","ABR33","M. sinensis",33,0.432000508781009,1.56326133304989
"Sparse25",7,0,"Group_adjusted","M2","ABR33","M. x gig",20,0.0978254377426702,1.63516881753566
"Sparse25",7,0,"Group_adjusted","M2","JKI","M. sacchariflorus",41,0.283168270291115,0.478858883234937
"Sparse25",7,0,"Group_adjusted","M2","JKI","M. sinensis",39,0.340482851037227,0.818178193637072
"Sparse25",7,0,"Group_adjusted","M2","JKI","M. x gig",19,0.360614023793366,0.957355691772833
"Sparse25",7,0,"Group_adjusted","M3","ABR33","M. sacchariflorus",47,0.234517978880515,0.561743995402093
"Sparse25",7,0,"Group_adjusted","M3","ABR33","M. sinensis",33,0.425344848898148,1.5714087776027
"Sparse25",7,0,"Group_adjusted","M3","ABR33","M. x gig",20,0.165195920772766,1.6221383131798
"Sparse25",7,0,"Group_adjusted","M3","JKI","M. sacchariflorus",41,0.29215685712861,0.47740018156631
"Sparse25",7,0,"Group_adjusted","M3","JKI","M. sinensis",39,0.351446188961412,0.823115992188158
"Sparse25",7,0,"Group_adjusted","M3","JKI","M. x gig",19,0.425832025939475,0.944183044441536
"Sparse25",7,0,"Raw","M1","ABR33","M. sacchariflorus",47,0.23104697382356,1.13292604438957
"Sparse25",7,0,"Raw","M1","ABR33","M. sinensis",33,0.3015828536328,1.46350014791569
"Sparse25",7,0,"Raw","M1","ABR33","M. x gig",20,-0.119310038929531,2.00070733096189
"Sparse25",7,0,"Raw","M1","JKI","M. sacchariflorus",41,-0.03591522657451,0.507429186767939
"Sparse25",7,0,"Raw","M1","JKI","M. sinensis",39,0.367557204212407,0.694490635450777
"Sparse25",7,0,"Raw","M1","JKI","M. x gig",19,-0.0845840169601862,1.35298994574254
"Sparse25",7,0,"Raw","M2","ABR33","M. sacchariflorus",47,0.292938400376006,0.821162409372032
"Sparse25",7,0,"Raw","M2","ABR33","M. sinensis",33,0.38025235189489,1.45064057509691
"Sparse25",7,0,"Raw","M2","ABR33","M. x gig",20,-0.044043355305093,2.03581819719849
"Sparse25",7,0,"Raw","M2","JKI","M. sacchariflorus",41,0.0237183907807358,0.531503765580629
"Sparse25",7,0,"Raw","M2","JKI","M. sinensis",39,0.376993524045141,0.78910132772012
"Sparse25",7,0,"Raw","M2","JKI","M. x gig",19,-0.00970381574516802,1.26868395944548
"Sparse25",7,0,"Raw","M3","ABR33","M. sacchariflorus",47,0.355018824761417,0.557738969846334
"Sparse25",7,0,"Raw","M3","ABR33","M. sinensis",33,0.428791382820191,1.54225549417406
"Sparse25",7,0,"Raw","M3","ABR33","M. x gig",20,0.0545620837859385,2.06154109407995
"Sparse25",7,0,"Raw","M3","JKI","M. sacchariflorus",41,0.0518253668184953,0.490997735015856
"Sparse25",7,0,"Raw","M3","JKI","M. sinensis",39,0.375288437070157,0.699800115399406
"Sparse25",7,0,"Raw","M3","JKI","M. x gig",19,0.102027220874727,1.275559745468
"Sparse25",7,5,"Group_adjusted","M1","ABR33","M. sacchariflorus",45,0.386653231421044,0.428582104519475
"Sparse25",7,5,"Group_adjusted","M1","ABR33","M. sinensis",40,0.0518637980120817,1.69278826651187
"Sparse25",7,5,"Group_adjusted","M1","ABR33","M. x gig",15,0.535516664701478,1.95269275528241
"Sparse25",7,5,"Group_adjusted","M1","JKI","M. sacchariflorus",42,0.151074611467568,0.482122245117852
"Sparse25",7,5,"Group_adjusted","M1","JKI","M. sinensis",40,0.306593667270297,0.717530850186352
"Sparse25",7,5,"Group_adjusted","M1","JKI","M. x gig",17,0.255985541142807,0.907578912296609
"Sparse25",7,5,"Group_adjusted","M2","ABR33","M. sacchariflorus",45,0.405736167124207,0.424955614011491
"Sparse25",7,5,"Group_adjusted","M2","ABR33","M. sinensis",40,0.110307838703203,1.69066694871001
"Sparse25",7,5,"Group_adjusted","M2","ABR33","M. x gig",15,0.464191721422815,1.91195994963036
"Sparse25",7,5,"Group_adjusted","M2","JKI","M. sacchariflorus",42,0.1997484441419,0.477422501448704
"Sparse25",7,5,"Group_adjusted","M2","JKI","M. sinensis",40,0.332659966510016,0.707428852618849
"Sparse25",7,5,"Group_adjusted","M2","JKI","M. x gig",17,0.362589456256559,0.881625378882928
"Sparse25",7,5,"Group_adjusted","M3","ABR33","M. sacchariflorus",45,0.451641904579678,0.435174290225313
"Sparse25",7,5,"Group_adjusted","M3","ABR33","M. sinensis",40,0.296506687344012,1.6726529784198
"Sparse25",7,5,"Group_adjusted","M3","ABR33","M. x gig",15,0.206442849010582,1.92680737456745
"Sparse25",7,5,"Group_adjusted","M3","JKI","M. sacchariflorus",42,0.257853177297739,0.473038002240336
"Sparse25",7,5,"Group_adjusted","M3","JKI","M. sinensis",40,0.322645005662843,0.710042888141125
"Sparse25",7,5,"Group_adjusted","M3","JKI","M. x gig",17,0.50981740339967,0.847052640946378
"Sparse25",7,5,"Raw","M1","ABR33","M. sacchariflorus",45,0.299229901585482,0.871679506480371
"Sparse25",7,5,"Raw","M1","ABR33","M. sinensis",40,0.089918321097675,1.7217131765985
"Sparse25",7,5,"Raw","M1","ABR33","M. x gig",15,0.465505190484502,2.39051348661811
"Sparse25",7,5,"Raw","M1","JKI","M. sacchariflorus",42,0.115976315171291,0.498502858609182
"Sparse25",7,5,"Raw","M1","JKI","M. sinensis",40,0.321484007932342,0.725576280227872
"Sparse25",7,5,"Raw","M1","JKI","M. x gig",17,0.219250574749886,1.20738948280333
"Sparse25",7,5,"Raw","M2","ABR33","M. sacchariflorus",45,0.536638431025176,0.727229113539256
"Sparse25",7,5,"Raw","M2","ABR33","M. sinensis",40,0.178724041321847,1.6874576127145
"Sparse25",7,5,"Raw","M2","ABR33","M. x gig",15,0.413005378324647,2.28505288383573
"Sparse25",7,5,"Raw","M2","JKI","M. sacchariflorus",42,0.173716542051827,0.479831412674633
"Sparse25",7,5,"Raw","M2","JKI","M. sinensis",40,0.326194637086853,0.754457520227264
"Sparse25",7,5,"Raw","M2","JKI","M. x gig",17,0.342115512170922,1.08565754145891
"Sparse25",7,5,"Raw","M3","ABR33","M. sacchariflorus",45,0.605351577377038,0.644311677368668
"Sparse25",7,5,"Raw","M3","ABR33","M. sinensis",40,0.322020760772293,1.65180034048428
"Sparse25",7,5,"Raw","M3","ABR33","M. x gig",15,0.132223940893262,2.26145691745625
"Sparse25",7,5,"Raw","M3","JKI","M. sacchariflorus",42,0.223324571736529,0.474378554642666
"Sparse25",7,5,"Raw","M3","JKI","M. sinensis",40,0.303692989654348,0.727887986379274
"Sparse25",7,5,"Raw","M3","JKI","M. x gig",17,0.518699856853248,1.0820166194091
"Sparse25",7,10,"Group_adjusted","M1","ABR33","M. sacchariflorus",44,0.222200177535933,0.489947505032258
"Sparse25",7,10,"Group_adjusted","M1","ABR33","M. sinensis",40,0.230157268956877,1.62887118344974
"Sparse25",7,10,"Group_adjusted","M1","ABR33","M. x gig",16,-0.267252818485629,1.67596613196402
"Sparse25",7,10,"Group_adjusted","M1","JKI","M. sacchariflorus",43,0.00519278685279335,0.503483247508897
"Sparse25",7,10,"Group_adjusted","M1","JKI","M. sinensis",39,0.120909800597704,0.847306881223444
"Sparse25",7,10,"Group_adjusted","M1","JKI","M. x gig",17,0.276393840075798,1.03263461353695
"Sparse25",7,10,"Group_adjusted","M2","ABR33","M. sacchariflorus",44,0.276486550259351,0.487023075113154
"Sparse25",7,10,"Group_adjusted","M2","ABR33","M. sinensis",40,0.263425866392957,1.62573170431141
"Sparse25",7,10,"Group_adjusted","M2","ABR33","M. x gig",16,0.120305897933173,1.63473401142956
"Sparse25",7,10,"Group_adjusted","M2","JKI","M. sacchariflorus",43,0.109916281727484,0.499473575829504
"Sparse25",7,10,"Group_adjusted","M2","JKI","M. sinensis",39,0.113742148140654,0.872210626223458
"Sparse25",7,10,"Group_adjusted","M2","JKI","M. x gig",17,0.405003276573577,0.967209956518594
"Sparse25",7,10,"Group_adjusted","M3","ABR33","M. sacchariflorus",44,0.204605987747494,0.481156757728181
"Sparse25",7,10,"Group_adjusted","M3","ABR33","M. sinensis",40,0.275336528885649,1.63376285433359
"Sparse25",7,10,"Group_adjusted","M3","ABR33","M. x gig",16,0.235326639349664,1.60896917195807
"Sparse25",7,10,"Group_adjusted","M3","JKI","M. sacchariflorus",43,0.0978197056975697,0.497525434833365
"Sparse25",7,10,"Group_adjusted","M3","JKI","M. sinensis",39,0.10333759006001,0.827027849417219
"Sparse25",7,10,"Group_adjusted","M3","JKI","M. x gig",17,0.410155371923786,0.950682434238819
"Sparse25",7,10,"Raw","M1","ABR33","M. sacchariflorus",44,0.235217094209898,0.827592128525184
"Sparse25",7,10,"Raw","M1","ABR33","M. sinensis",40,0.225821678509742,1.64184795567614
"Sparse25",7,10,"Raw","M1","ABR33","M. x gig",16,-0.185601745885319,2.26659424241836
"Sparse25",7,10,"Raw","M1","JKI","M. sacchariflorus",43,0.0483899587416747,0.505141240790366
"Sparse25",7,10,"Raw","M1","JKI","M. sinensis",39,0.115985209804052,0.744906903054413
"Sparse25",7,10,"Raw","M1","JKI","M. x gig",17,0.413712543750545,1.38669930123107
"Sparse25",7,10,"Raw","M2","ABR33","M. sacchariflorus",44,0.41511652708693,0.705603212206585
"Sparse25",7,10,"Raw","M2","ABR33","M. sinensis",40,0.259182697758434,1.61039385574193
"Sparse25",7,10,"Raw","M2","ABR33","M. x gig",16,0.135674268229589,2.13141560178737
"Sparse25",7,10,"Raw","M2","JKI","M. sacchariflorus",43,0.106802913776351,0.523779678695287
"Sparse25",7,10,"Raw","M2","JKI","M. sinensis",39,0.115217366064589,0.772491294515332
"Sparse25",7,10,"Raw","M2","JKI","M. x gig",17,0.533023169758602,1.16946950683267
"Sparse25",7,10,"Raw","M3","ABR33","M. sacchariflorus",44,0.345742963393612,0.626262526882507
"Sparse25",7,10,"Raw","M3","ABR33","M. sinensis",40,0.301593343767701,1.56454390663551
"Sparse25",7,10,"Raw","M3","ABR33","M. x gig",16,0.215883772060154,2.06447506961974
"Sparse25",7,10,"Raw","M3","JKI","M. sacchariflorus",43,0.0832322562262071,0.503138617311783
"Sparse25",7,10,"Raw","M3","JKI","M. sinensis",39,0.138991092811384,0.758741519458514
"Sparse25",7,10,"Raw","M3","JKI","M. x gig",17,0.536607075524345,1.19745373516074
"Sparse25",7,15,"Group_adjusted","M1","ABR33","M. sacchariflorus",43,-0.0261189859923727,0.568224433174404
"Sparse25",7,15,"Group_adjusted","M1","ABR33","M. sinensis",38,0.190047528491066,1.59262517408739
"Sparse25",7,15,"Group_adjusted","M1","ABR33","M. x gig",19,0.192345624462149,2.12541827365449
"Sparse25",7,15,"Group_adjusted","M1","JKI","M. sacchariflorus",41,0.0506875231255438,0.490699905969385
"Sparse25",7,15,"Group_adjusted","M1","JKI","M. sinensis",39,0.0949407349453247,0.828585683700554
"Sparse25",7,15,"Group_adjusted","M1","JKI","M. x gig",19,-0.164191579749655,1.24227975851745
"Sparse25",7,15,"Group_adjusted","M2","ABR33","M. sacchariflorus",43,0.0287426704317018,0.566823613234149
"Sparse25",7,15,"Group_adjusted","M2","ABR33","M. sinensis",38,0.372708598384004,1.57881229031399
"Sparse25",7,15,"Group_adjusted","M2","ABR33","M. x gig",19,0.311842674963433,2.09586801742865
"Sparse25",7,15,"Group_adjusted","M2","JKI","M. sacchariflorus",41,0.0454276246168562,0.491678319153403
"Sparse25",7,15,"Group_adjusted","M2","JKI","M. sinensis",39,0.133820194688782,0.853074416717261
"Sparse25",7,15,"Group_adjusted","M2","JKI","M. x gig",19,0.0507056422446371,1.22133227840973
"Sparse25",7,15,"Group_adjusted","M3","ABR33","M. sacchariflorus",43,0.159143738863043,0.553623596839071
"Sparse25",7,15,"Group_adjusted","M3","ABR33","M. sinensis",38,0.310476786583528,1.5787582807443
"Sparse25",7,15,"Group_adjusted","M3","ABR33","M. x gig",19,0.344608901913164,2.09040734625675
"Sparse25",7,15,"Group_adjusted","M3","JKI","M. sacchariflorus",41,-0.020847893772828,0.494391889936629
"Sparse25",7,15,"Group_adjusted","M3","JKI","M. sinensis",39,0.125593741764995,0.833552634218698
"Sparse25",7,15,"Group_adjusted","M3","JKI","M. x gig",19,0.0097522078091905,1.24309560677252
"Sparse25",7,15,"Raw","M1","ABR33","M. sacchariflorus",43,0.00512027575477852,0.895198406994861
"Sparse25",7,15,"Raw","M1","ABR33","M. sinensis",38,0.246683048968242,1.64617106360302
"Sparse25",7,15,"Raw","M1","ABR33","M. x gig",19,0.192345624462149,2.36061500260931
"Sparse25",7,15,"Raw","M1","JKI","M. sacchariflorus",41,-0.164337469771107,0.503125879419042
"Sparse25",7,15,"Raw","M1","JKI","M. sinensis",39,0.0594428401499897,0.789861096673334
"Sparse25",7,15,"Raw","M1","JKI","M. x gig",19,-0.164191579749655,1.45650266183722
"Sparse25",7,15,"Raw","M2","ABR33","M. sacchariflorus",43,0.0562808510694313,0.752869636316193
"Sparse25",7,15,"Raw","M2","ABR33","M. sinensis",38,0.362449340540839,1.58979386377712
"Sparse25",7,15,"Raw","M2","ABR33","M. x gig",19,0.130767495410435,2.32374864817513
"Sparse25",7,15,"Raw","M2","JKI","M. sacchariflorus",41,-0.105319516670028,0.505775211085994
"Sparse25",7,15,"Raw","M2","JKI","M. sinensis",39,0.118573854116651,0.877140172618973
"Sparse25",7,15,"Raw","M2","JKI","M. x gig",19,-0.423069316818117,1.40072167959205
"Sparse25",7,15,"Raw","M3","ABR33","M. sacchariflorus",43,0.190692846427006,0.666693146644302
"Sparse25",7,15,"Raw","M3","ABR33","M. sinensis",38,0.333976032954709,1.57451916921864
"Sparse25",7,15,"Raw","M3","ABR33","M. x gig",19,0.114001568712618,2.30551816834526
"Sparse25",7,15,"Raw","M3","JKI","M. sacchariflorus",41,-0.168761667596682,0.502025852155287
"Sparse25",7,15,"Raw","M3","JKI","M. sinensis",39,0.12102160757308,0.819666200711273
"Sparse25",7,15,"Raw","M3","JKI","M. x gig",19,-0.39305114929043,1.43809306920564
"Sparse25",7,20,"Group_adjusted","M1","ABR33","M. sacchariflorus",44,0.0741094267620392,0.518797625346628
"Sparse25",7,20,"Group_adjusted","M1","ABR33","M. sinensis",38,0.44938910573699,1.42623203423043
"Sparse25",7,20,"Group_adjusted","M1","ABR33","M. x gig",18,0.0577132007148474,1.46664108869634
"Sparse25",7,20,"Group_adjusted","M1","JKI","M. sacchariflorus",43,0.109315375394888,0.430058272806564
"Sparse25",7,20,"Group_adjusted","M1","JKI","M. sinensis",38,0.0467959990311938,0.795408779274001
"Sparse25",7,20,"Group_adjusted","M1","JKI","M. x gig",18,-0.167819682836731,0.912096171037642
"Sparse25",7,20,"Group_adjusted","M2","ABR33","M. sacchariflorus",44,0.12967608822476,0.51558405865737
"Sparse25",7,20,"Group_adjusted","M2","ABR33","M. sinensis",38,0.543517532492844,1.40776830045191
"Sparse25",7,20,"Group_adjusted","M2","ABR33","M. x gig",18,0.656933970924299,1.41085076170238
"Sparse25",7,20,"Group_adjusted","M2","JKI","M. sacchariflorus",43,0.159956744908123,0.42456463365871
"Sparse25",7,20,"Group_adjusted","M2","JKI","M. sinensis",38,0.0924812559144741,0.797134042134128
"Sparse25",7,20,"Group_adjusted","M2","JKI","M. x gig",18,0.120261831887631,0.880975914249041
"Sparse25",7,20,"Group_adjusted","M3","ABR33","M. sacchariflorus",44,0.244149489892288,0.508204855518983
"Sparse25",7,20,"Group_adjusted","M3","ABR33","M. sinensis",38,0.601531244961188,1.38569283638359
"Sparse25",7,20,"Group_adjusted","M3","ABR33","M. x gig",18,0.574348040502022,1.40681822645869
"Sparse25",7,20,"Group_adjusted","M3","JKI","M. sacchariflorus",43,0.328051288438296,0.413809595446892
"Sparse25",7,20,"Group_adjusted","M3","JKI","M. sinensis",38,0.0770877240139542,0.800581695170161
"Sparse25",7,20,"Group_adjusted","M3","JKI","M. x gig",18,0.2071579276514,0.86625031149287
"Sparse25",7,20,"Raw","M1","ABR33","M. sacchariflorus",44,0.0777069340668939,0.997398799892917
"Sparse25",7,20,"Raw","M1","ABR33","M. sinensis",38,0.439038079978636,1.43111462576694
"Sparse25",7,20,"Raw","M1","ABR33","M. x gig",18,0.0577132007148474,2.0025335688013
"Sparse25",7,20,"Raw","M1","JKI","M. sacchariflorus",43,0.109315375394888,0.436747305087646
"Sparse25",7,20,"Raw","M1","JKI","M. sinensis",38,0.0449457171729963,0.7582619112717
"Sparse25",7,20,"Raw","M1","JKI","M. x gig",18,-0.167819682836731,1.32591047997256
"Sparse25",7,20,"Raw","M2","ABR33","M. sacchariflorus",44,0.204736565088598,0.829186220779656
"Sparse25",7,20,"Raw","M2","ABR33","M. sinensis",38,0.472887981678521,1.40342972832918
"Sparse25",7,20,"Raw","M2","ABR33","M. x gig",18,0.50962708705422,1.91794488045545
"Sparse25",7,20,"Raw","M2","JKI","M. sacchariflorus",43,0.151285617226123,0.421195835479562
"Sparse25",7,20,"Raw","M2","JKI","M. sinensis",38,0.0806893628169475,0.823985128834549
"Sparse25",7,20,"Raw","M2","JKI","M. x gig",18,0.265569850990321,1.23933617644677
"Sparse25",7,20,"Raw","M3","ABR33","M. sacchariflorus",44,0.284156723056221,0.653253700000276
"Sparse25",7,20,"Raw","M3","ABR33","M. sinensis",38,0.563007357850835,1.39594404321242
"Sparse25",7,20,"Raw","M3","ABR33","M. x gig",18,0.442913948613157,1.89049856080428
"Sparse25",7,20,"Raw","M3","JKI","M. sacchariflorus",43,0.279970341601299,0.41875983050391
"Sparse25",7,20,"Raw","M3","JKI","M. sinensis",38,0.0662222105022986,0.769810049848133
"Sparse25",7,20,"Raw","M3","JKI","M. x gig",18,0.33717179981493,1.28503054334901
"Sparse25",7,25,"Group_adjusted","M1","ABR33","M. sacchariflorus",41,NA,0.463411633494576
"Sparse25",7,25,"Group_adjusted","M1","ABR33","M. sinensis",42,NA,1.75473251576574
"Sparse25",7,25,"Group_adjusted","M1","ABR33","M. x gig",17,NA,1.78804412961802
"Sparse25",7,25,"Group_adjusted","M1","JKI","M. sacchariflorus",41,NA,0.447067503895692
"Sparse25",7,25,"Group_adjusted","M1","JKI","M. sinensis",41,NA,0.875760240869902
"Sparse25",7,25,"Group_adjusted","M1","JKI","M. x gig",17,NA,1.07029714864098
"Sparse25",7,25,"Group_adjusted","M2","ABR33","M. sacchariflorus",41,-0.00515440671015372,0.460291349571025
"Sparse25",7,25,"Group_adjusted","M2","ABR33","M. sinensis",42,0.379426738750758,1.72665459463809
"Sparse25",7,25,"Group_adjusted","M2","ABR33","M. x gig",17,0.0666238724404949,1.81510324479606
"Sparse25",7,25,"Group_adjusted","M2","JKI","M. sacchariflorus",41,0.236444414417589,0.442053181188515
"Sparse25",7,25,"Group_adjusted","M2","JKI","M. sinensis",41,0.272531918933765,0.898751815186488
"Sparse25",7,25,"Group_adjusted","M2","JKI","M. x gig",17,0.607809451065859,1.04480975923022
"Sparse25",7,25,"Group_adjusted","M3","ABR33","M. sacchariflorus",41,0.152520341193993,0.455273535777586
"Sparse25",7,25,"Group_adjusted","M3","ABR33","M. sinensis",42,0.257716715642117,1.74274745800141
"Sparse25",7,25,"Group_adjusted","M3","ABR33","M. x gig",17,0.0901377227999725,1.80406658456479
"Sparse25",7,25,"Group_adjusted","M3","JKI","M. sacchariflorus",41,0.351692636594954,0.439798263871957
"Sparse25",7,25,"Group_adjusted","M3","JKI","M. sinensis",41,0.0898023489965374,0.870259549542896
"Sparse25",7,25,"Group_adjusted","M3","JKI","M. x gig",17,0.627014134040982,1.02980995045765
"Sparse25",7,25,"Raw","M1","ABR33","M. sacchariflorus",41,NA,0.866059330234848
"Sparse25",7,25,"Raw","M1","ABR33","M. sinensis",42,NA,1.73911853306597
"Sparse25",7,25,"Raw","M1","ABR33","M. x gig",17,NA,1.87172347206624
"Sparse25",7,25,"Raw","M1","JKI","M. sacchariflorus",41,NA,0.581563962561759
"Sparse25",7,25,"Raw","M1","JKI","M. sinensis",41,NA,0.742481193289575
"Sparse25",7,25,"Raw","M1","JKI","M. x gig",17,NA,1.04962089151628
"Sparse25",7,25,"Raw","M2","ABR33","M. sacchariflorus",41,0.362963606657797,0.673665968016908
"Sparse25",7,25,"Raw","M2","ABR33","M. sinensis",42,0.294221843398642,1.67844651097837
"Sparse25",7,25,"Raw","M2","ABR33","M. x gig",17,0.0816865962604629,1.68026959648935
"Sparse25",7,25,"Raw","M2","JKI","M. sacchariflorus",41,0.203533131229808,0.459549526426992
"Sparse25",7,25,"Raw","M2","JKI","M. sinensis",41,0.233835310912964,1.09004677941931
"Sparse25",7,25,"Raw","M2","JKI","M. x gig",17,0.659640291909406,0.856079080034033
"Sparse25",7,25,"Raw","M3","ABR33","M. sacchariflorus",41,0.415561407006386,0.622632708227987
"Sparse25",7,25,"Raw","M3","ABR33","M. sinensis",42,0.193552921349538,1.68489634376589
"Sparse25",7,25,"Raw","M3","ABR33","M. x gig",17,0.0986789907490675,1.64886177415598
"Sparse25",7,25,"Raw","M3","JKI","M. sacchariflorus",41,0.335293125328802,0.479365963846372
"Sparse25",7,25,"Raw","M3","JKI","M. sinensis",41,0.0877505022826709,0.96644957869594
"Sparse25",7,25,"Raw","M3","JKI","M. x gig",17,0.624085287044411,0.882787201343723
"Sparse25",8,0,"Group_adjusted","M1","ABR33","M. sacchariflorus",47,0.216407692550044,0.519408194454247
"Sparse25",8,0,"Group_adjusted","M1","ABR33","M. sinensis",37,0.548030459270449,1.44714111273289
"Sparse25",8,0,"Group_adjusted","M1","ABR33","M. x gig",16,-0.212738748208497,1.59777091496203
"Sparse25",8,0,"Group_adjusted","M1","JKI","M. sacchariflorus",44,-0.0445463486897478,0.450434251352914
"Sparse25",8,0,"Group_adjusted","M1","JKI","M. sinensis",39,0.186416128594928,0.741803413344126
"Sparse25",8,0,"Group_adjusted","M1","JKI","M. x gig",16,0.331876583508693,1.03251258749284
"Sparse25",8,0,"Group_adjusted","M2","ABR33","M. sacchariflorus",47,0.268215419992178,0.499552418631549
"Sparse25",8,0,"Group_adjusted","M2","ABR33","M. sinensis",37,0.592769711710836,1.42464887527268
"Sparse25",8,0,"Group_adjusted","M2","ABR33","M. x gig",16,0.0236953927416404,1.58821422111025
"Sparse25",8,0,"Group_adjusted","M2","JKI","M. sacchariflorus",44,0.00911139030772652,0.451181504442115
"Sparse25",8,0,"Group_adjusted","M2","JKI","M. sinensis",39,0.210536703394056,0.760937029277517
"Sparse25",8,0,"Group_adjusted","M2","JKI","M. x gig",16,0.410160844479122,0.992637827008608
"Sparse25",8,0,"Group_adjusted","M3","ABR33","M. sacchariflorus",47,0.250792358923535,0.502904334690867
"Sparse25",8,0,"Group_adjusted","M3","ABR33","M. sinensis",37,0.580746307037486,1.42541811365064
"Sparse25",8,0,"Group_adjusted","M3","ABR33","M. x gig",16,0.203240782352599,1.56452136359718
"Sparse25",8,0,"Group_adjusted","M3","JKI","M. sacchariflorus",44,0.0544392081707606,0.4471936868872
"Sparse25",8,0,"Group_adjusted","M3","JKI","M. sinensis",39,0.210179202231758,0.753620319511108
"Sparse25",8,0,"Group_adjusted","M3","JKI","M. x gig",16,0.421987412453381,0.9959048888782
"Sparse25",8,0,"Raw","M1","ABR33","M. sacchariflorus",47,0.189777357412708,1.27695376089287
"Sparse25",8,0,"Raw","M1","ABR33","M. sinensis",37,0.477676204019753,1.38847372810351
"Sparse25",8,0,"Raw","M1","ABR33","M. x gig",16,-0.169054614761902,1.72515864542271
"Sparse25",8,0,"Raw","M1","JKI","M. sacchariflorus",44,0.0682372914599376,0.527774912834012
"Sparse25",8,0,"Raw","M1","JKI","M. sinensis",39,0.163093488296412,0.794994523093033
"Sparse25",8,0,"Raw","M1","JKI","M. x gig",16,0.389005797973343,1.06154582656202
"Sparse25",8,0,"Raw","M2","ABR33","M. sacchariflorus",47,0.376209680261744,1.01488059341002
"Sparse25",8,0,"Raw","M2","ABR33","M. sinensis",37,0.406121349932471,1.42034181396216
"Sparse25",8,0,"Raw","M2","ABR33","M. x gig",16,-0.00193307165913564,1.65021792211471
"Sparse25",8,0,"Raw","M2","JKI","M. sacchariflorus",44,0.0573617922597888,0.472204892145375
"Sparse25",8,0,"Raw","M2","JKI","M. sinensis",39,0.215181231820619,0.950942517014296
"Sparse25",8,0,"Raw","M2","JKI","M. x gig",16,0.429734930965343,0.959889059097196
"Sparse25",8,0,"Raw","M3","ABR33","M. sacchariflorus",47,0.371840633479461,0.78572547862762
"Sparse25",8,0,"Raw","M3","ABR33","M. sinensis",37,0.49306709128152,1.48156855981084
"Sparse25",8,0,"Raw","M3","ABR33","M. x gig",16,0.109225308643086,1.62747869497401
"Sparse25",8,0,"Raw","M3","JKI","M. sacchariflorus",44,0.0557622904566547,0.467857005315495
"Sparse25",8,0,"Raw","M3","JKI","M. sinensis",39,0.225811498296414,0.851851875773677
"Sparse25",8,0,"Raw","M3","JKI","M. x gig",16,0.476219135832781,0.946562061350427
"Sparse25",8,5,"Group_adjusted","M1","ABR33","M. sacchariflorus",46,0.226682990522365,0.468128992730211
"Sparse25",8,5,"Group_adjusted","M1","ABR33","M. sinensis",37,0.248839139053655,1.58596010353036
"Sparse25",8,5,"Group_adjusted","M1","ABR33","M. x gig",17,-0.0846856072647757,1.55161741810319
"Sparse25",8,5,"Group_adjusted","M1","JKI","M. sacchariflorus",44,0.0540352592359387,0.458366879280088
"Sparse25",8,5,"Group_adjusted","M1","JKI","M. sinensis",38,0.203262503804968,0.701509948961023
"Sparse25",8,5,"Group_adjusted","M1","JKI","M. x gig",17,0.515488506099337,1.00414996663233
"Sparse25",8,5,"Group_adjusted","M2","ABR33","M. sacchariflorus",46,0.240370223339095,0.464792990397777
"Sparse25",8,5,"Group_adjusted","M2","ABR33","M. sinensis",37,0.376979729139895,1.56299350257851
"Sparse25",8,5,"Group_adjusted","M2","ABR33","M. x gig",17,0.1614980998311,1.52733819954056
"Sparse25",8,5,"Group_adjusted","M2","JKI","M. sacchariflorus",44,0.139757714733262,0.453278649877629
"Sparse25",8,5,"Group_adjusted","M2","JKI","M. sinensis",38,0.238435824122915,0.707124899611996
"Sparse25",8,5,"Group_adjusted","M2","JKI","M. x gig",17,0.5913997795788,0.951362581606446
"Sparse25",8,5,"Group_adjusted","M3","ABR33","M. sacchariflorus",46,0.30707082522734,0.45774495712954
"Sparse25",8,5,"Group_adjusted","M3","ABR33","M. sinensis",37,0.436720634032128,1.5534836529639
"Sparse25",8,5,"Group_adjusted","M3","ABR33","M. x gig",17,0.113892158152325,1.5496078137342
"Sparse25",8,5,"Group_adjusted","M3","JKI","M. sacchariflorus",44,0.0711885586683605,0.462316509564515
"Sparse25",8,5,"Group_adjusted","M3","JKI","M. sinensis",38,0.24858345896058,0.700626571225132
"Sparse25",8,5,"Group_adjusted","M3","JKI","M. x gig",17,0.611015554647101,0.962079648520593
"Sparse25",8,5,"Raw","M1","ABR33","M. sacchariflorus",46,0.213486983001259,1.1637894735898
"Sparse25",8,5,"Raw","M1","ABR33","M. sinensis",37,0.243820035769714,1.57648651916052
"Sparse25",8,5,"Raw","M1","ABR33","M. x gig",17,-0.246811880471731,1.72942412466611
"Sparse25",8,5,"Raw","M1","JKI","M. sacchariflorus",44,-0.0168383040584719,0.491315905583958
"Sparse25",8,5,"Raw","M1","JKI","M. sinensis",38,0.182343037009171,0.72202031850895
"Sparse25",8,5,"Raw","M1","JKI","M. x gig",17,0.592547743617541,1.14165385119668
"Sparse25",8,5,"Raw","M2","ABR33","M. sacchariflorus",46,0.359750697259715,0.918373032593555
"Sparse25",8,5,"Raw","M2","ABR33","M. sinensis",37,0.343750916349431,1.55845176677727
"Sparse25",8,5,"Raw","M2","ABR33","M. x gig",17,-0.0420758415724238,1.65392566726484
"Sparse25",8,5,"Raw","M2","JKI","M. sacchariflorus",44,0.0158213844641079,0.49368397424022
"Sparse25",8,5,"Raw","M2","JKI","M. sinensis",38,0.250399786860828,0.794943167635518
"Sparse25",8,5,"Raw","M2","JKI","M. x gig",17,0.652437156156167,0.968108211992323
"Sparse25",8,5,"Raw","M3","ABR33","M. sacchariflorus",46,0.411541993483766,0.784623144252411
"Sparse25",8,5,"Raw","M3","ABR33","M. sinensis",37,0.434968589885998,1.57080305459191
"Sparse25",8,5,"Raw","M3","ABR33","M. x gig",17,-0.0137787200248855,1.61200675955583
"Sparse25",8,5,"Raw","M3","JKI","M. sacchariflorus",44,-0.0217522409162644,0.478205919249178
"Sparse25",8,5,"Raw","M3","JKI","M. sinensis",38,0.269198945638705,0.741529357026242
"Sparse25",8,5,"Raw","M3","JKI","M. x gig",17,0.644984370833209,0.964873020380717
"Sparse25",8,10,"Group_adjusted","M1","ABR33","M. sacchariflorus",47,0.348100966706062,0.505331647750075
"Sparse25",8,10,"Group_adjusted","M1","ABR33","M. sinensis",36,0.461358724030482,1.63975204319573
"Sparse25",8,10,"Group_adjusted","M1","ABR33","M. x gig",17,0.05282349508451,1.77348272284712
"Sparse25",8,10,"Group_adjusted","M1","JKI","M. sacchariflorus",45,0.207483649612999,0.461196478733697
"Sparse25",8,10,"Group_adjusted","M1","JKI","M. sinensis",36,0.148994041123131,0.747997062666857
"Sparse25",8,10,"Group_adjusted","M1","JKI","M. x gig",18,0.201326700337047,1.18449377253442
"Sparse25",8,10,"Group_adjusted","M2","ABR33","M. sacchariflorus",47,0.260636806375782,0.507202210879317
"Sparse25",8,10,"Group_adjusted","M2","ABR33","M. sinensis",36,0.445816318029053,1.61906170838718
"Sparse25",8,10,"Group_adjusted","M2","ABR33","M. x gig",17,-0.0347466033163539,1.78699611722914
"Sparse25",8,10,"Group_adjusted","M2","JKI","M. sacchariflorus",45,0.165542357933613,0.460248298846609
"Sparse25",8,10,"Group_adjusted","M2","JKI","M. sinensis",36,0.169831574807728,0.776106444998747
"Sparse25",8,10,"Group_adjusted","M2","JKI","M. x gig",18,0.223296964834137,1.14789543585118
"Sparse25",8,10,"Group_adjusted","M3","ABR33","M. sacchariflorus",47,0.20271187813759,0.505578529914464
"Sparse25",8,10,"Group_adjusted","M3","ABR33","M. sinensis",36,0.44131187645812,1.61556620453174
"Sparse25",8,10,"Group_adjusted","M3","ABR33","M. x gig",17,0.150440310305134,1.78634526960535
"Sparse25",8,10,"Group_adjusted","M3","JKI","M. sacchariflorus",45,0.182601766060055,0.459080335810611
"Sparse25",8,10,"Group_adjusted","M3","JKI","M. sinensis",36,0.174245672269062,0.762685228369105
"Sparse25",8,10,"Group_adjusted","M3","JKI","M. x gig",18,0.268040095776136,1.14403548748938
"Sparse25",8,10,"Raw","M1","ABR33","M. sacchariflorus",47,0.332307348988883,1.09965189006859
"Sparse25",8,10,"Raw","M1","ABR33","M. sinensis",36,0.452707841457513,1.63530198655667
"Sparse25",8,10,"Raw","M1","ABR33","M. x gig",17,0.0166036276929292,1.91968929309929
"Sparse25",8,10,"Raw","M1","JKI","M. sacchariflorus",45,0.141952704141545,0.461547461685178
"Sparse25",8,10,"Raw","M1","JKI","M. sinensis",36,0.144970056914466,0.745996668437791
"Sparse25",8,10,"Raw","M1","JKI","M. x gig",18,0.152996431172943,1.38962136696431
"Sparse25",8,10,"Raw","M2","ABR33","M. sacchariflorus",47,0.372087868358435,0.933133649636984
"Sparse25",8,10,"Raw","M2","ABR33","M. sinensis",36,0.43435753137099,1.60673578876438
"Sparse25",8,10,"Raw","M2","ABR33","M. x gig",17,-0.312349223821466,1.91508439123338
"Sparse25",8,10,"Raw","M2","JKI","M. sacchariflorus",45,0.112188982265611,0.465098000623766
"Sparse25",8,10,"Raw","M2","JKI","M. sinensis",36,0.172793568525281,0.797689526782059
"Sparse25",8,10,"Raw","M2","JKI","M. x gig",18,0.123748517503207,1.27792941794783
"Sparse25",8,10,"Raw","M3","ABR33","M. sacchariflorus",47,0.3586391485286,0.804199537079611
"Sparse25",8,10,"Raw","M3","ABR33","M. sinensis",36,0.498778281368911,1.59289732028574
"Sparse25",8,10,"Raw","M3","ABR33","M. x gig",17,-0.23296752465594,1.88401473310216
"Sparse25",8,10,"Raw","M3","JKI","M. sacchariflorus",45,0.110948612423125,0.45927127917842
"Sparse25",8,10,"Raw","M3","JKI","M. sinensis",36,0.168149255348236,0.763721956899562
"Sparse25",8,10,"Raw","M3","JKI","M. x gig",18,0.153416257943497,1.28772435263251
"Sparse25",8,15,"Group_adjusted","M1","ABR33","M. sacchariflorus",48,0.0864232148225267,0.497231912467736
"Sparse25",8,15,"Group_adjusted","M1","ABR33","M. sinensis",36,0.153548748859769,1.78641124951364
"Sparse25",8,15,"Group_adjusted","M1","ABR33","M. x gig",16,NA,1.86383802907357
"Sparse25",8,15,"Group_adjusted","M1","JKI","M. sacchariflorus",47,-0.179582535329985,0.523654281022697
"Sparse25",8,15,"Group_adjusted","M1","JKI","M. sinensis",34,0.297262960602739,0.768791752752287
"Sparse25",8,15,"Group_adjusted","M1","JKI","M. x gig",18,0.30478308482071,1.0108925981356
"Sparse25",8,15,"Group_adjusted","M2","ABR33","M. sacchariflorus",48,0.250051344873581,0.502367223101059
"Sparse25",8,15,"Group_adjusted","M2","ABR33","M. sinensis",36,0.331137470354005,1.77429435906044
"Sparse25",8,15,"Group_adjusted","M2","ABR33","M. x gig",16,0.31732009717711,1.85017279088721
"Sparse25",8,15,"Group_adjusted","M2","JKI","M. sacchariflorus",47,-0.163116411701485,0.526641263996527
"Sparse25",8,15,"Group_adjusted","M2","JKI","M. sinensis",34,0.336854301058465,0.75217784023524
"Sparse25",8,15,"Group_adjusted","M2","JKI","M. x gig",18,0.365827266885452,0.990144286156487
"Sparse25",8,15,"Group_adjusted","M3","ABR33","M. sacchariflorus",48,0.265105353679257,0.502401891763558
"Sparse25",8,15,"Group_adjusted","M3","ABR33","M. sinensis",36,0.322310247867468,1.77324672316322
"Sparse25",8,15,"Group_adjusted","M3","ABR33","M. x gig",16,0.151726370782498,1.83771490122147
"Sparse25",8,15,"Group_adjusted","M3","JKI","M. sacchariflorus",47,-0.17419148177489,0.51129806471848
"Sparse25",8,15,"Group_adjusted","M3","JKI","M. sinensis",34,0.371600651162131,0.749065056427719
"Sparse25",8,15,"Group_adjusted","M3","JKI","M. x gig",18,0.389406288355153,0.979798455998145
"Sparse25",8,15,"Raw","M1","ABR33","M. sacchariflorus",48,-0.00937792266206573,1.09645751730366
"Sparse25",8,15,"Raw","M1","ABR33","M. sinensis",36,0.147427955236716,1.79182505013745
"Sparse25",8,15,"Raw","M1","ABR33","M. x gig",16,NA,2.22852380188645
"Sparse25",8,15,"Raw","M1","JKI","M. sacchariflorus",47,-0.292460088965834,0.506742443822981
"Sparse25",8,15,"Raw","M1","JKI","M. sinensis",34,0.311465821081863,0.764890189810316
"Sparse25",8,15,"Raw","M1","JKI","M. x gig",18,0.162225321133747,1.42168191569502
"Sparse25",8,15,"Raw","M2","ABR33","M. sacchariflorus",48,0.303336167174833,0.938110551937446
"Sparse25",8,15,"Raw","M2","ABR33","M. sinensis",36,0.366404873259389,1.76688836734525
"Sparse25",8,15,"Raw","M2","ABR33","M. x gig",16,0.0483440183668226,2.19292107673606
"Sparse25",8,15,"Raw","M2","JKI","M. sacchariflorus",47,-0.214252653447915,0.535230639463826
"Sparse25",8,15,"Raw","M2","JKI","M. sinensis",34,0.341478187472023,0.76361361045825
"Sparse25",8,15,"Raw","M2","JKI","M. x gig",18,0.168579869521586,1.37583185822704
"Sparse25",8,15,"Raw","M3","ABR33","M. sacchariflorus",48,0.28872582651788,0.84300995371214
"Sparse25",8,15,"Raw","M3","ABR33","M. sinensis",36,0.338296133552932,1.76847257907337
"Sparse25",8,15,"Raw","M3","ABR33","M. x gig",16,0.0407475130637237,2.17424473106967
"Sparse25",8,15,"Raw","M3","JKI","M. sacchariflorus",47,-0.224192199040217,0.5135354137285
"Sparse25",8,15,"Raw","M3","JKI","M. sinensis",34,0.366555282091885,0.751187476097978
"Sparse25",8,15,"Raw","M3","JKI","M. x gig",18,0.215421566547342,1.32468577241409
"Sparse25",8,20,"Group_adjusted","M1","ABR33","M. sacchariflorus",47,0.187133766653936,0.525797119071222
"Sparse25",8,20,"Group_adjusted","M1","ABR33","M. sinensis",34,-0.01138193730435,1.74182502685612
"Sparse25",8,20,"Group_adjusted","M1","ABR33","M. x gig",19,0.0893087614476691,1.57152712860037
"Sparse25",8,20,"Group_adjusted","M1","JKI","M. sacchariflorus",47,0.201665143141614,0.44648624021252
"Sparse25",8,20,"Group_adjusted","M1","JKI","M. sinensis",35,0.0482161701748716,0.754252511336603
"Sparse25",8,20,"Group_adjusted","M1","JKI","M. x gig",17,NA,0.941792955116527
"Sparse25",8,20,"Group_adjusted","M2","ABR33","M. sacchariflorus",47,0.168379213961225,0.516246506092785
"Sparse25",8,20,"Group_adjusted","M2","ABR33","M. sinensis",34,0.078532624915119,1.73849421040527
"Sparse25",8,20,"Group_adjusted","M2","ABR33","M. x gig",19,0.285026690782712,1.55086018118094
"Sparse25",8,20,"Group_adjusted","M2","JKI","M. sacchariflorus",47,0.324862907255278,0.443464655817529
"Sparse25",8,20,"Group_adjusted","M2","JKI","M. sinensis",35,0.0987243115337243,0.751155776096761
"Sparse25",8,20,"Group_adjusted","M2","JKI","M. x gig",17,0.600806627609951,0.895147923818818
"Sparse25",8,20,"Group_adjusted","M3","ABR33","M. sacchariflorus",47,0.129088799863836,0.515671036985809
"Sparse25",8,20,"Group_adjusted","M3","ABR33","M. sinensis",34,0.252269414800833,1.72230333834505
"Sparse25",8,20,"Group_adjusted","M3","ABR33","M. x gig",19,0.297581734970424,1.54234055719595
"Sparse25",8,20,"Group_adjusted","M3","JKI","M. sacchariflorus",47,0.244407060268665,0.444182315161696
"Sparse25",8,20,"Group_adjusted","M3","JKI","M. sinensis",35,0.104901289233831,0.748352028497052
"Sparse25",8,20,"Group_adjusted","M3","JKI","M. x gig",17,0.50344105526862,0.893513628323093
"Sparse25",8,20,"Raw","M1","ABR33","M. sacchariflorus",47,0.230456038185862,0.915879762636616
"Sparse25",8,20,"Raw","M1","ABR33","M. sinensis",34,-0.01138193730435,1.76762101350844
"Sparse25",8,20,"Raw","M1","ABR33","M. x gig",19,0.0761580135439551,2.09314502722933
"Sparse25",8,20,"Raw","M1","JKI","M. sacchariflorus",47,-0.201299977485157,0.477801116393424
"Sparse25",8,20,"Raw","M1","JKI","M. sinensis",35,0.065047828941609,0.755880946904127
"Sparse25",8,20,"Raw","M1","JKI","M. x gig",17,NA,1.32861824065364
"Sparse25",8,20,"Raw","M2","ABR33","M. sacchariflorus",47,0.441753644091154,0.774073325461085
"Sparse25",8,20,"Raw","M2","ABR33","M. sinensis",34,0.0439099455084423,1.74114647729975
"Sparse25",8,20,"Raw","M2","ABR33","M. x gig",19,0.358966634225692,2.04719059171364
"Sparse25",8,20,"Raw","M2","JKI","M. sacchariflorus",47,0.0461522025823825,0.449835211375404
"Sparse25",8,20,"Raw","M2","JKI","M. sinensis",35,0.0926559827182142,0.785150583165089
"Sparse25",8,20,"Raw","M2","JKI","M. x gig",17,0.473654812839332,1.27886688228958
"Sparse25",8,20,"Raw","M3","ABR33","M. sacchariflorus",47,0.411885071395127,0.649979025885945
"Sparse25",8,20,"Raw","M3","ABR33","M. sinensis",34,0.211028085692708,1.70967851222236
"Sparse25",8,20,"Raw","M3","ABR33","M. x gig",19,0.390488270831498,2.02277723935102
"Sparse25",8,20,"Raw","M3","JKI","M. sacchariflorus",47,0.0135784117111419,0.458584619626604
"Sparse25",8,20,"Raw","M3","JKI","M. sinensis",35,0.0687004753878684,0.757922053674337
"Sparse25",8,20,"Raw","M3","JKI","M. x gig",17,0.458891899875791,1.26464977233972
"Sparse25",8,25,"Group_adjusted","M1","ABR33","M. sacchariflorus",45,NA,0.532656506561047
"Sparse25",8,25,"Group_adjusted","M1","ABR33","M. sinensis",36,NA,1.6436210008404
"Sparse25",8,25,"Group_adjusted","M1","ABR33","M. x gig",19,NA,1.70956839587986
"Sparse25",8,25,"Group_adjusted","M1","JKI","M. sacchariflorus",45,NA,0.456883423521566
"Sparse25",8,25,"Group_adjusted","M1","JKI","M. sinensis",35,NA,0.725619444243587
"Sparse25",8,25,"Group_adjusted","M1","JKI","M. x gig",19,NA,1.03551933993875
"Sparse25",8,25,"Group_adjusted","M2","ABR33","M. sacchariflorus",45,0.177041381960211,0.528780806981438
"Sparse25",8,25,"Group_adjusted","M2","ABR33","M. sinensis",36,0.38169453699342,1.63308662144819
"Sparse25",8,25,"Group_adjusted","M2","ABR33","M. x gig",19,0.396614577768978,1.70195997567839
"Sparse25",8,25,"Group_adjusted","M2","JKI","M. sacchariflorus",45,0.118064178917867,0.451954815591807
"Sparse25",8,25,"Group_adjusted","M2","JKI","M. sinensis",35,0.254016134834705,0.721697764668229
"Sparse25",8,25,"Group_adjusted","M2","JKI","M. x gig",19,0.222866534577463,1.02685696009778
"Sparse25",8,25,"Group_adjusted","M3","ABR33","M. sacchariflorus",45,0.0779352607821476,0.533663993539724
"Sparse25",8,25,"Group_adjusted","M3","ABR33","M. sinensis",36,0.384215715029588,1.62012269592735
"Sparse25",8,25,"Group_adjusted","M3","ABR33","M. x gig",19,0.273334018230775,1.70278202037177
"Sparse25",8,25,"Group_adjusted","M3","JKI","M. sacchariflorus",45,0.216150067331075,0.451667192101313
"Sparse25",8,25,"Group_adjusted","M3","JKI","M. sinensis",35,0.335592546480162,0.708429824231303
"Sparse25",8,25,"Group_adjusted","M3","JKI","M. x gig",19,0.49550193427367,1.02532603389139
"Sparse25",8,25,"Raw","M1","ABR33","M. sacchariflorus",45,NA,0.830401333352458
"Sparse25",8,25,"Raw","M1","ABR33","M. sinensis",36,NA,1.68324102772137
"Sparse25",8,25,"Raw","M1","ABR33","M. x gig",19,NA,2.2527604055094
"Sparse25",8,25,"Raw","M1","JKI","M. sacchariflorus",45,NA,0.42785709650232
"Sparse25",8,25,"Raw","M1","JKI","M. sinensis",35,NA,0.700158897031034
"Sparse25",8,25,"Raw","M1","JKI","M. x gig",19,NA,1.44724593463319
"Sparse25",8,25,"Raw","M2","ABR33","M. sacchariflorus",45,0.260091433382629,0.695436018194522
"Sparse25",8,25,"Raw","M2","ABR33","M. sinensis",36,0.279280602543807,1.62748199229562
"Sparse25",8,25,"Raw","M2","ABR33","M. x gig",19,-0.135185191936702,2.22609769473425
"Sparse25",8,25,"Raw","M2","JKI","M. sacchariflorus",45,0.0420404497925924,0.445081425237524
"Sparse25",8,25,"Raw","M2","JKI","M. sinensis",35,0.224406125997429,0.736949256849175
"Sparse25",8,25,"Raw","M2","JKI","M. x gig",19,-0.459098138490919,1.41983673984253
"Sparse25",8,25,"Raw","M3","ABR33","M. sacchariflorus",45,0.222652179747779,0.614604823780698
"Sparse25",8,25,"Raw","M3","ABR33","M. sinensis",36,0.287482861209903,1.59801332084093
"Sparse25",8,25,"Raw","M3","ABR33","M. x gig",19,-0.179787579418006,2.19173204140007
"Sparse25",8,25,"Raw","M3","JKI","M. sacchariflorus",45,0.107536012230622,0.432970924616479
"Sparse25",8,25,"Raw","M3","JKI","M. sinensis",35,0.286419769418381,0.705148108315697
"Sparse25",8,25,"Raw","M3","JKI","M. x gig",19,-0.382149649120751,1.43227433261013
"Sparse25",9,0,"Group_adjusted","M1","ABR33","M. sacchariflorus",45,-0.0721413493262638,0.502380416769861
"Sparse25",9,0,"Group_adjusted","M1","ABR33","M. sinensis",38,-0.00507828909415514,1.71943375875484
"Sparse25",9,0,"Group_adjusted","M1","ABR33","M. x gig",17,0.210095574248717,1.83803453499759
"Sparse25",9,0,"Group_adjusted","M1","JKI","M. sacchariflorus",41,0.248291210025097,0.460845911541237
"Sparse25",9,0,"Group_adjusted","M1","JKI","M. sinensis",39,0.174334867978608,0.698912847604809
"Sparse25",9,0,"Group_adjusted","M1","JKI","M. x gig",19,-0.0140362376173336,1.21800112208113
"Sparse25",9,0,"Group_adjusted","M2","ABR33","M. sacchariflorus",45,-0.0938085528884834,0.510585105088166
"Sparse25",9,0,"Group_adjusted","M2","ABR33","M. sinensis",38,0.0504731366713567,1.7169401718978
"Sparse25",9,0,"Group_adjusted","M2","ABR33","M. x gig",17,0.222889663504425,1.83848634675696
"Sparse25",9,0,"Group_adjusted","M2","JKI","M. sacchariflorus",41,0.255221072945298,0.461007495614519
"Sparse25",9,0,"Group_adjusted","M2","JKI","M. sinensis",39,0.185156534500822,0.704109402886608
"Sparse25",9,0,"Group_adjusted","M2","JKI","M. x gig",19,0.0632616587454525,1.22224810432605
"Sparse25",9,0,"Group_adjusted","M3","ABR33","M. sacchariflorus",45,-0.0548682495693701,0.506188869260109
"Sparse25",9,0,"Group_adjusted","M3","ABR33","M. sinensis",38,0.072078658662682,1.71912123095533
"Sparse25",9,0,"Group_adjusted","M3","ABR33","M. x gig",17,0.245755967963246,1.8324835886542
"Sparse25",9,0,"Group_adjusted","M3","JKI","M. sacchariflorus",41,0.283223465647538,0.453269307939384
"Sparse25",9,0,"Group_adjusted","M3","JKI","M. sinensis",39,0.172505694847778,0.703946376943554
"Sparse25",9,0,"Group_adjusted","M3","JKI","M. x gig",19,0.0447434556806395,1.22917448125158
"Sparse25",9,0,"Raw","M1","ABR33","M. sacchariflorus",45,-0.0721268401620231,1.02066982758488
"Sparse25",9,0,"Raw","M1","ABR33","M. sinensis",38,-0.00407735940003165,1.71240970009685
"Sparse25",9,0,"Raw","M1","ABR33","M. x gig",17,0.140654043614236,2.23301418366642
"Sparse25",9,0,"Raw","M1","JKI","M. sacchariflorus",41,0.186854746590693,0.4507281126543
"Sparse25",9,0,"Raw","M1","JKI","M. sinensis",39,0.199206515492197,0.695723198582632
"Sparse25",9,0,"Raw","M1","JKI","M. x gig",19,-0.116144620079387,1.46712238307801
"Sparse25",9,0,"Raw","M2","ABR33","M. sacchariflorus",45,-0.030287194816643,0.862540513937487
"Sparse25",9,0,"Raw","M2","ABR33","M. sinensis",38,0.106269084095746,1.69092685730731
"Sparse25",9,0,"Raw","M2","ABR33","M. x gig",17,0.129629788483398,2.22307360405816
"Sparse25",9,0,"Raw","M2","JKI","M. sacchariflorus",41,0.236789719181983,0.453647985788015
"Sparse25",9,0,"Raw","M2","JKI","M. sinensis",39,0.21275248552202,0.763615430425959
"Sparse25",9,0,"Raw","M2","JKI","M. x gig",19,-0.0804381156378077,1.40942453601796
"Sparse25",9,0,"Raw","M3","ABR33","M. sacchariflorus",45,0.130601295013312,0.675863628585649
"Sparse25",9,0,"Raw","M3","ABR33","M. sinensis",38,0.120055094153778,1.71175851179191
"Sparse25",9,0,"Raw","M3","ABR33","M. x gig",17,0.120860036110556,2.20464067017416
"Sparse25",9,0,"Raw","M3","JKI","M. sacchariflorus",41,0.248778397919094,0.442592894514366
"Sparse25",9,0,"Raw","M3","JKI","M. sinensis",39,0.171250690383741,0.704876649908613
"Sparse25",9,0,"Raw","M3","JKI","M. x gig",19,-0.0975097707498407,1.44167223381419
"Sparse25",9,5,"Group_adjusted","M1","ABR33","M. sacchariflorus",43,0.0448303409741588,0.451155007038283
"Sparse25",9,5,"Group_adjusted","M1","ABR33","M. sinensis",41,0.204678620169741,1.86914702778045
"Sparse25",9,5,"Group_adjusted","M1","ABR33","M. x gig",16,0.0209830174948394,1.72684453810719
"Sparse25",9,5,"Group_adjusted","M1","JKI","M. sacchariflorus",44,0.229826657835193,0.432279336434648
"Sparse25",9,5,"Group_adjusted","M1","JKI","M. sinensis",37,0.146845393101207,0.695263712267942
"Sparse25",9,5,"Group_adjusted","M1","JKI","M. x gig",18,0.0750819018140648,1.18489193068451
"Sparse25",9,5,"Group_adjusted","M2","ABR33","M. sacchariflorus",43,0.0386829701520531,0.457369625137343
"Sparse25",9,5,"Group_adjusted","M2","ABR33","M. sinensis",41,0.288229793255675,1.84378717707965
"Sparse25",9,5,"Group_adjusted","M2","ABR33","M. x gig",16,0.111332708651645,1.72244732951231
"Sparse25",9,5,"Group_adjusted","M2","JKI","M. sacchariflorus",44,0.234145359423564,0.427460220820466
"Sparse25",9,5,"Group_adjusted","M2","JKI","M. sinensis",37,0.147273042997274,0.709143309565289
"Sparse25",9,5,"Group_adjusted","M2","JKI","M. x gig",18,0.131197012098371,1.15838803718899
"Sparse25",9,5,"Group_adjusted","M3","ABR33","M. sacchariflorus",43,-0.0301582485503302,0.460944030061028
"Sparse25",9,5,"Group_adjusted","M3","ABR33","M. sinensis",41,0.442333674729911,1.83717751882923
"Sparse25",9,5,"Group_adjusted","M3","ABR33","M. x gig",16,-0.0789890656126295,1.73313963846562
"Sparse25",9,5,"Group_adjusted","M3","JKI","M. sacchariflorus",44,0.247184919736307,0.425981789674159
"Sparse25",9,5,"Group_adjusted","M3","JKI","M. sinensis",37,0.157862753645407,0.699142144920613
"Sparse25",9,5,"Group_adjusted","M3","JKI","M. x gig",18,0.129693984755735,1.16877782389128
"Sparse25",9,5,"Raw","M1","ABR33","M. sacchariflorus",43,0.0500693960031724,1.14868346614376
"Sparse25",9,5,"Raw","M1","ABR33","M. sinensis",41,0.204940111976285,1.58557857306968
"Sparse25",9,5,"Raw","M1","ABR33","M. x gig",16,0.105833963781352,2.02748710707933
"Sparse25",9,5,"Raw","M1","JKI","M. sacchariflorus",44,0.0794806789280466,0.468346092817346
"Sparse25",9,5,"Raw","M1","JKI","M. sinensis",37,0.252486094951046,0.676979305511098
"Sparse25",9,5,"Raw","M1","JKI","M. x gig",18,-0.034041395895009,1.49517706138033
"Sparse25",9,5,"Raw","M2","ABR33","M. sacchariflorus",43,0.0885520916833469,0.872140028925776
"Sparse25",9,5,"Raw","M2","ABR33","M. sinensis",41,0.269408289952924,1.61353609315651
"Sparse25",9,5,"Raw","M2","ABR33","M. x gig",16,-0.117705718261311,1.98378699014387
"Sparse25",9,5,"Raw","M2","JKI","M. sacchariflorus",44,0.107993079016396,0.588661795016038
"Sparse25",9,5,"Raw","M2","JKI","M. sinensis",37,0.219354130095493,0.815931151930882
"Sparse25",9,5,"Raw","M2","JKI","M. x gig",18,-0.0988960942857938,1.4054763991149
"Sparse25",9,5,"Raw","M3","ABR33","M. sacchariflorus",43,0.130902605222878,0.6143332698493
"Sparse25",9,5,"Raw","M3","ABR33","M. sinensis",41,0.416520370180976,1.79749347667608
"Sparse25",9,5,"Raw","M3","ABR33","M. x gig",16,-0.302762217567305,1.99297237533046
"Sparse25",9,5,"Raw","M3","JKI","M. sacchariflorus",44,0.168967811782182,0.445518912467583
"Sparse25",9,5,"Raw","M3","JKI","M. sinensis",37,0.170728253649509,0.699667322438656
"Sparse25",9,5,"Raw","M3","JKI","M. x gig",18,-0.0332986417697792,1.42480764663984
"Sparse25",9,10,"Group_adjusted","M1","ABR33","M. sacchariflorus",45,0.261374859308044,0.462579418528597
"Sparse25",9,10,"Group_adjusted","M1","ABR33","M. sinensis",36,0.215061768673098,1.65328937326603
"Sparse25",9,10,"Group_adjusted","M1","ABR33","M. x gig",19,NA,2.17134078816123
"Sparse25",9,10,"Group_adjusted","M1","JKI","M. sacchariflorus",47,0.108111903187938,0.477002835475884
"Sparse25",9,10,"Group_adjusted","M1","JKI","M. sinensis",31,-0.0866015413356755,0.812725695592471
"Sparse25",9,10,"Group_adjusted","M1","JKI","M. x gig",21,0.41830614434674,1.04590508486126
"Sparse25",9,10,"Group_adjusted","M2","ABR33","M. sacchariflorus",45,0.196331731940902,0.459509288345394
"Sparse25",9,10,"Group_adjusted","M2","ABR33","M. sinensis",36,0.307969849376439,1.63562013420896
"Sparse25",9,10,"Group_adjusted","M2","ABR33","M. x gig",19,0.48406390705441,2.1671827615896
"Sparse25",9,10,"Group_adjusted","M2","JKI","M. sacchariflorus",47,0.15775381001186,0.473201796559758
"Sparse25",9,10,"Group_adjusted","M2","JKI","M. sinensis",31,-0.0245985152115698,0.820756274829637
"Sparse25",9,10,"Group_adjusted","M2","JKI","M. x gig",21,0.55034694315565,1.00904396316337
"Sparse25",9,10,"Group_adjusted","M3","ABR33","M. sacchariflorus",45,0.19626225392234,0.462056861361725
"Sparse25",9,10,"Group_adjusted","M3","ABR33","M. sinensis",36,0.357211580420887,1.62914610062038
"Sparse25",9,10,"Group_adjusted","M3","ABR33","M. x gig",19,0.554976735727108,2.15247293837444
"Sparse25",9,10,"Group_adjusted","M3","JKI","M. sacchariflorus",47,0.15450826075985,0.474259978706258
"Sparse25",9,10,"Group_adjusted","M3","JKI","M. sinensis",31,-0.0284274409139154,0.828123711331808
"Sparse25",9,10,"Group_adjusted","M3","JKI","M. x gig",21,0.618807869994401,1.0086032032086
"Sparse25",9,10,"Raw","M1","ABR33","M. sacchariflorus",45,0.264125843713101,1.00619404382153
"Sparse25",9,10,"Raw","M1","ABR33","M. sinensis",36,0.214625219308144,1.66704481933598
"Sparse25",9,10,"Raw","M1","ABR33","M. x gig",19,NA,1.88979693332401
"Sparse25",9,10,"Raw","M1","JKI","M. sacchariflorus",47,0.00585130612655311,0.499855665773458
"Sparse25",9,10,"Raw","M1","JKI","M. sinensis",31,-0.096493965375705,0.812436483682517
"Sparse25",9,10,"Raw","M1","JKI","M. x gig",21,0.390515785632822,1.42750212932355
"Sparse25",9,10,"Raw","M2","ABR33","M. sacchariflorus",45,0.363332781118276,0.860317774146027
"Sparse25",9,10,"Raw","M2","ABR33","M. sinensis",36,0.312676836655928,1.63618033523451
"Sparse25",9,10,"Raw","M2","ABR33","M. x gig",19,0.336403752269023,1.83891643812762
"Sparse25",9,10,"Raw","M2","JKI","M. sacchariflorus",47,0.0725505757628588,0.572674292073309
"Sparse25",9,10,"Raw","M2","JKI","M. sinensis",31,-0.0043655352693675,0.796363835604288
"Sparse25",9,10,"Raw","M2","JKI","M. x gig",21,0.38293401032004,1.35699980705291
"Sparse25",9,10,"Raw","M3","ABR33","M. sacchariflorus",45,0.40389554342961,0.657664146842895
"Sparse25",9,10,"Raw","M3","ABR33","M. sinensis",36,0.36536998691675,1.6327562393208
"Sparse25",9,10,"Raw","M3","ABR33","M. x gig",19,0.391061358270544,1.77751514259723
"Sparse25",9,10,"Raw","M3","JKI","M. sacchariflorus",47,0.0791537962598303,0.494755288364057
"Sparse25",9,10,"Raw","M3","JKI","M. sinensis",31,-0.0115249421838264,0.823571082527492
"Sparse25",9,10,"Raw","M3","JKI","M. x gig",21,0.426302056015845,1.32063569764258
"Sparse25",9,15,"Group_adjusted","M1","ABR33","M. sacchariflorus",46,-0.153439065007511,0.529263112702699
"Sparse25",9,15,"Group_adjusted","M1","ABR33","M. sinensis",37,0.25513304982952,1.63680098033984
"Sparse25",9,15,"Group_adjusted","M1","ABR33","M. x gig",17,-0.22573482245123,1.84668574134914
"Sparse25",9,15,"Group_adjusted","M1","JKI","M. sacchariflorus",47,0.15514055824397,0.501535676040876
"Sparse25",9,15,"Group_adjusted","M1","JKI","M. sinensis",36,0.217885719014796,0.774295443855308
"Sparse25",9,15,"Group_adjusted","M1","JKI","M. x gig",16,0.344703972369599,0.983240685363667
"Sparse25",9,15,"Group_adjusted","M2","ABR33","M. sacchariflorus",46,0.0368053243261095,0.51774624817946
"Sparse25",9,15,"Group_adjusted","M2","ABR33","M. sinensis",37,0.406523257080136,1.61491294001618
"Sparse25",9,15,"Group_adjusted","M2","ABR33","M. x gig",17,-0.192284402630618,1.83325719798965
"Sparse25",9,15,"Group_adjusted","M2","JKI","M. sacchariflorus",47,0.272597615602469,0.494055625366249
"Sparse25",9,15,"Group_adjusted","M2","JKI","M. sinensis",36,0.239509505253077,0.786496163846591
"Sparse25",9,15,"Group_adjusted","M2","JKI","M. x gig",16,0.496601873197026,0.959359755919936
"Sparse25",9,15,"Group_adjusted","M3","ABR33","M. sacchariflorus",46,0.136320853482215,0.51953086459678
"Sparse25",9,15,"Group_adjusted","M3","ABR33","M. sinensis",37,0.440579200808419,1.61017955862688
"Sparse25",9,15,"Group_adjusted","M3","ABR33","M. x gig",17,-0.236644218282727,1.82094655441363
"Sparse25",9,15,"Group_adjusted","M3","JKI","M. sacchariflorus",47,0.396430512280294,0.488855532415824
"Sparse25",9,15,"Group_adjusted","M3","JKI","M. sinensis",36,0.215460672489579,0.801400754561528
"Sparse25",9,15,"Group_adjusted","M3","JKI","M. x gig",16,0.472431087554917,0.970397510986025
"Sparse25",9,15,"Raw","M1","ABR33","M. sacchariflorus",46,-0.156751119067537,0.934325344926365
"Sparse25",9,15,"Raw","M1","ABR33","M. sinensis",37,0.258206065135608,1.66414523435434
"Sparse25",9,15,"Raw","M1","ABR33","M. x gig",17,-0.216174508972233,2.27443753720873
"Sparse25",9,15,"Raw","M1","JKI","M. sacchariflorus",47,-0.148376966568173,0.497846596218369
"Sparse25",9,15,"Raw","M1","JKI","M. sinensis",36,0.199924189349821,0.659467179539979
"Sparse25",9,15,"Raw","M1","JKI","M. x gig",16,-0.136956323688898,1.44755099054516
"Sparse25",9,15,"Raw","M2","ABR33","M. sacchariflorus",46,0.192136892498869,0.782400888603182
"Sparse25",9,15,"Raw","M2","ABR33","M. sinensis",37,0.368261786552045,1.62042006075163
"Sparse25",9,15,"Raw","M2","ABR33","M. x gig",17,-0.323766166008436,2.23069761678144
"Sparse25",9,15,"Raw","M2","JKI","M. sacchariflorus",47,-0.0896070995089245,0.537097251602239
"Sparse25",9,15,"Raw","M2","JKI","M. sinensis",36,0.241539223133562,0.642867833073008
"Sparse25",9,15,"Raw","M2","JKI","M. x gig",16,-0.496261955818617,1.40421017038716
"Sparse25",9,15,"Raw","M3","ABR33","M. sacchariflorus",46,0.198888900604949,0.605156137320598
"Sparse25",9,15,"Raw","M3","ABR33","M. sinensis",37,0.42302594720853,1.60836795772742
"Sparse25",9,15,"Raw","M3","ABR33","M. x gig",17,-0.388163014091775,2.20311583418441
"Sparse25",9,15,"Raw","M3","JKI","M. sacchariflorus",47,-0.0962546858537039,0.495619204121274
"Sparse25",9,15,"Raw","M3","JKI","M. sinensis",36,0.226284951424296,0.693872809934226
"Sparse25",9,15,"Raw","M3","JKI","M. x gig",16,-0.368100292704839,1.40964507170423
"Sparse25",9,20,"Group_adjusted","M1","ABR33","M. sacchariflorus",45,0.0657550247146115,0.547191809543708
"Sparse25",9,20,"Group_adjusted","M1","ABR33","M. sinensis",37,0.185880997135841,1.55688391203199
"Sparse25",9,20,"Group_adjusted","M1","ABR33","M. x gig",18,NA,1.50746557965544
"Sparse25",9,20,"Group_adjusted","M1","JKI","M. sacchariflorus",46,0.241705881284145,0.491920720165357
"Sparse25",9,20,"Group_adjusted","M1","JKI","M. sinensis",34,-0.109288066371532,0.806022491517084
"Sparse25",9,20,"Group_adjusted","M1","JKI","M. x gig",19,-0.411773900383844,0.945511339137446
"Sparse25",9,20,"Group_adjusted","M2","ABR33","M. sacchariflorus",45,0.0408117615399199,0.541545804071367
"Sparse25",9,20,"Group_adjusted","M2","ABR33","M. sinensis",37,0.318364428667037,1.52974013941208
"Sparse25",9,20,"Group_adjusted","M2","ABR33","M. x gig",18,0.469023722920598,1.46460956862344
"Sparse25",9,20,"Group_adjusted","M2","JKI","M. sacchariflorus",46,0.337612010300601,0.482699075178296
"Sparse25",9,20,"Group_adjusted","M2","JKI","M. sinensis",34,0.0068571959806892,0.817504274565409
"Sparse25",9,20,"Group_adjusted","M2","JKI","M. x gig",19,0.0307693726256011,0.925651044200674
"Sparse25",9,20,"Group_adjusted","M3","ABR33","M. sacchariflorus",45,0.151989979386663,0.549251598704071
"Sparse25",9,20,"Group_adjusted","M3","ABR33","M. sinensis",37,0.432503497859079,1.53099447377068
"Sparse25",9,20,"Group_adjusted","M3","ABR33","M. x gig",18,0.498474906169377,1.4533295663779
"Sparse25",9,20,"Group_adjusted","M3","JKI","M. sacchariflorus",46,0.348738883672034,0.477941211469101
"Sparse25",9,20,"Group_adjusted","M3","JKI","M. sinensis",34,0.00932957187130319,0.806893991133
"Sparse25",9,20,"Group_adjusted","M3","JKI","M. x gig",19,0.118535371407663,0.890364620397947
"Sparse25",9,20,"Raw","M1","ABR33","M. sacchariflorus",45,0.0657550247146115,1.03657831971907
"Sparse25",9,20,"Raw","M1","ABR33","M. sinensis",37,0.190219871633008,1.42085679280068
"Sparse25",9,20,"Raw","M1","ABR33","M. x gig",18,NA,1.98121864170124
"Sparse25",9,20,"Raw","M1","JKI","M. sacchariflorus",46,-0.0493091017585763,0.501280341106412
"Sparse25",9,20,"Raw","M1","JKI","M. sinensis",34,-0.110400784987712,0.751601950481457
"Sparse25",9,20,"Raw","M1","JKI","M. x gig",19,-0.411773900383844,1.4197585587059
"Sparse25",9,20,"Raw","M2","ABR33","M. sacchariflorus",45,0.177791093858748,0.799690107273316
"Sparse25",9,20,"Raw","M2","ABR33","M. sinensis",37,0.320798074547886,1.41231316037675
"Sparse25",9,20,"Raw","M2","ABR33","M. x gig",18,0.470564134175542,1.95264192360282
"Sparse25",9,20,"Raw","M2","JKI","M. sacchariflorus",46,0.0731261352986357,0.602312423287775
"Sparse25",9,20,"Raw","M2","JKI","M. sinensis",34,0.0149163251359026,0.739093054383704
"Sparse25",9,20,"Raw","M2","JKI","M. x gig",19,0.342294316700881,1.41302424339048
"Sparse25",9,20,"Raw","M3","ABR33","M. sacchariflorus",45,0.229231794163656,0.557752715750421
"Sparse25",9,20,"Raw","M3","ABR33","M. sinensis",37,0.468340238915485,1.50302980340316
"Sparse25",9,20,"Raw","M3","ABR33","M. x gig",18,0.395441083207153,1.90570184163318
"Sparse25",9,20,"Raw","M3","JKI","M. sacchariflorus",46,0.122106142605491,0.487912251010571
"Sparse25",9,20,"Raw","M3","JKI","M. sinensis",34,0.00576361544315639,0.768637277612503
"Sparse25",9,20,"Raw","M3","JKI","M. x gig",19,0.453390767303155,1.33939723106614
"Sparse25",9,25,"Group_adjusted","M1","ABR33","M. sacchariflorus",42,NA,0.505086842719372
"Sparse25",9,25,"Group_adjusted","M1","ABR33","M. sinensis",39,NA,1.61602705893814
"Sparse25",9,25,"Group_adjusted","M1","ABR33","M. x gig",19,NA,2.05106894301947
"Sparse25",9,25,"Group_adjusted","M1","JKI","M. sacchariflorus",42,NA,0.411642951666898
"Sparse25",9,25,"Group_adjusted","M1","JKI","M. sinensis",38,NA,0.79998198172387
"Sparse25",9,25,"Group_adjusted","M1","JKI","M. x gig",19,NA,1.33156236383972
"Sparse25",9,25,"Group_adjusted","M2","ABR33","M. sacchariflorus",42,0.166166652500896,0.501358815084664
"Sparse25",9,25,"Group_adjusted","M2","ABR33","M. sinensis",39,0.254850560028365,1.60720986130213
"Sparse25",9,25,"Group_adjusted","M2","ABR33","M. x gig",19,0.0540940197105187,2.0384928112123
"Sparse25",9,25,"Group_adjusted","M2","JKI","M. sacchariflorus",42,0.101307575158816,0.409898730542552
"Sparse25",9,25,"Group_adjusted","M2","JKI","M. sinensis",38,-0.0659106348677615,0.794199085404207
"Sparse25",9,25,"Group_adjusted","M2","JKI","M. x gig",19,0.627283727701424,1.29626925610543
"Sparse25",9,25,"Group_adjusted","M3","ABR33","M. sacchariflorus",42,0.193718155104299,0.498725695254891
"Sparse25",9,25,"Group_adjusted","M3","ABR33","M. sinensis",39,0.338593905766721,1.60045383032754
"Sparse25",9,25,"Group_adjusted","M3","ABR33","M. x gig",19,0.132065179834658,2.02603878545652
"Sparse25",9,25,"Group_adjusted","M3","JKI","M. sacchariflorus",42,0.10879901759365,0.411085569179447
"Sparse25",9,25,"Group_adjusted","M3","JKI","M. sinensis",38,-0.0998012584129262,0.793670709941027
"Sparse25",9,25,"Group_adjusted","M3","JKI","M. x gig",19,0.57510332601247,1.2789608944016
"Sparse25",9,25,"Raw","M1","ABR33","M. sacchariflorus",42,NA,0.735666338384347
"Sparse25",9,25,"Raw","M1","ABR33","M. sinensis",39,NA,1.71870218980172
"Sparse25",9,25,"Raw","M1","ABR33","M. x gig",19,NA,2.47663978753292
"Sparse25",9,25,"Raw","M1","JKI","M. sacchariflorus",42,NA,0.418989637998016
"Sparse25",9,25,"Raw","M1","JKI","M. sinensis",38,NA,0.747215928934352
"Sparse25",9,25,"Raw","M1","JKI","M. x gig",19,NA,1.58878179384145
"Sparse25",9,25,"Raw","M2","ABR33","M. sacchariflorus",42,0.257100600049199,0.654011758752218
"Sparse25",9,25,"Raw","M2","ABR33","M. sinensis",39,0.262827524018547,1.66045777462555
"Sparse25",9,25,"Raw","M2","ABR33","M. x gig",19,-0.123317255115625,2.44079888208992
"Sparse25",9,25,"Raw","M2","JKI","M. sacchariflorus",42,0.0838947778478432,0.44651402593563
"Sparse25",9,25,"Raw","M2","JKI","M. sinensis",38,-0.0520763187668106,0.722105777173452
"Sparse25",9,25,"Raw","M2","JKI","M. x gig",19,0.323475924988283,1.52474610478544
"Sparse25",9,25,"Raw","M3","ABR33","M. sacchariflorus",42,0.276725504538239,0.540803564537881
"Sparse25",9,25,"Raw","M3","ABR33","M. sinensis",39,0.334998504117265,1.5972306720244
"Sparse25",9,25,"Raw","M3","ABR33","M. x gig",19,-0.104662720262383,2.39022616171545
"Sparse25",9,25,"Raw","M3","JKI","M. sacchariflorus",42,0.0952451995454159,0.408429415870551
"Sparse25",9,25,"Raw","M3","JKI","M. sinensis",38,-0.0357384516561678,0.767368305072684
"Sparse25",9,25,"Raw","M3","JKI","M. x gig",19,0.479779737193308,1.51528197484343
"Sparse25",10,0,"Group_adjusted","M1","ABR33","M. sacchariflorus",44,0.117040426472169,0.464009211750804
"Sparse25",10,0,"Group_adjusted","M1","ABR33","M. sinensis",40,0.265613110159874,2.11288766373028
"Sparse25",10,0,"Group_adjusted","M1","ABR33","M. x gig",16,0.277989467275869,1.66070038712045
"Sparse25",10,0,"Group_adjusted","M1","JKI","M. sacchariflorus",46,0.18428364906136,0.541718677838281
"Sparse25",10,0,"Group_adjusted","M1","JKI","M. sinensis",36,0.134804173015672,0.694245878557775
"Sparse25",10,0,"Group_adjusted","M1","JKI","M. x gig",17,0.124945991184938,0.979957545280017
"Sparse25",10,0,"Group_adjusted","M2","ABR33","M. sacchariflorus",44,0.119701373058902,0.455785261739446
"Sparse25",10,0,"Group_adjusted","M2","ABR33","M. sinensis",40,0.356853065754692,2.11285877432757
"Sparse25",10,0,"Group_adjusted","M2","ABR33","M. x gig",16,0.245655458217144,1.65664017362977
"Sparse25",10,0,"Group_adjusted","M2","JKI","M. sacchariflorus",46,0.128978814111266,0.532842777493973
"Sparse25",10,0,"Group_adjusted","M2","JKI","M. sinensis",36,0.1573526188515,0.721802155042265
"Sparse25",10,0,"Group_adjusted","M2","JKI","M. x gig",17,0.133662827667066,1.00032448293704
"Sparse25",10,0,"Group_adjusted","M3","ABR33","M. sacchariflorus",44,0.224623875627069,0.441624153983854
"Sparse25",10,0,"Group_adjusted","M3","ABR33","M. sinensis",40,0.42124995771189,2.11814111477059
"Sparse25",10,0,"Group_adjusted","M3","ABR33","M. x gig",16,0.188544569921275,1.6823436372308
"Sparse25",10,0,"Group_adjusted","M3","JKI","M. sacchariflorus",46,0.144627408464737,0.542677324520963
"Sparse25",10,0,"Group_adjusted","M3","JKI","M. sinensis",36,0.177178371940168,0.704931830599462
"Sparse25",10,0,"Group_adjusted","M3","JKI","M. x gig",17,0.215056072972334,0.966158015362237
"Sparse25",10,0,"Raw","M1","ABR33","M. sacchariflorus",44,0.110700411017605,1.34890177190192
"Sparse25",10,0,"Raw","M1","ABR33","M. sinensis",40,0.290349236045174,1.42811200191875
"Sparse25",10,0,"Raw","M1","ABR33","M. x gig",16,0.361997570574703,1.90071225381725
"Sparse25",10,0,"Raw","M1","JKI","M. sacchariflorus",46,0.380036425174972,0.502040142691019
"Sparse25",10,0,"Raw","M1","JKI","M. sinensis",36,0.214704675629425,0.717599578127644
"Sparse25",10,0,"Raw","M1","JKI","M. x gig",17,0.058393255023583,1.27208129021885
"Sparse25",10,0,"Raw","M2","ABR33","M. sacchariflorus",44,0.330054108829048,1.01021288960395
"Sparse25",10,0,"Raw","M2","ABR33","M. sinensis",40,0.395295065719858,1.53562187366514
"Sparse25",10,0,"Raw","M2","ABR33","M. x gig",16,0.234264215241529,1.85391696855331
"Sparse25",10,0,"Raw","M2","JKI","M. sacchariflorus",46,0.323143609963886,0.495278927126824
"Sparse25",10,0,"Raw","M2","JKI","M. sinensis",36,0.220802363448333,0.985039436029667
"Sparse25",10,0,"Raw","M2","JKI","M. x gig",17,0.0570005835778324,1.2676141050774
"Sparse25",10,0,"Raw","M3","ABR33","M. sacchariflorus",44,0.304373260831788,0.615822620086478
"Sparse25",10,0,"Raw","M3","ABR33","M. sinensis",40,0.393322739910338,1.91690826729076
"Sparse25",10,0,"Raw","M3","ABR33","M. x gig",16,-0.0181452500225696,1.90432502328223
"Sparse25",10,0,"Raw","M3","JKI","M. sacchariflorus",46,0.294224480243536,0.507828316690815
"Sparse25",10,0,"Raw","M3","JKI","M. sinensis",36,0.21472148310612,0.721836391705656
"Sparse25",10,0,"Raw","M3","JKI","M. x gig",17,0.214450201780003,1.21048687692552
"Sparse25",10,5,"Group_adjusted","M1","ABR33","M. sacchariflorus",43,0.210678725580194,0.498995998340188
"Sparse25",10,5,"Group_adjusted","M1","ABR33","M. sinensis",40,0.264229871400951,1.49165328345398
"Sparse25",10,5,"Group_adjusted","M1","ABR33","M. x gig",17,0.315171020303388,1.7714193607732
"Sparse25",10,5,"Group_adjusted","M1","JKI","M. sacchariflorus",39,0.391703438433379,0.483262083541928
"Sparse25",10,5,"Group_adjusted","M1","JKI","M. sinensis",40,0.113247888769979,0.784003532271628
"Sparse25",10,5,"Group_adjusted","M1","JKI","M. x gig",20,0.385221465836679,1.1860200350218
"Sparse25",10,5,"Group_adjusted","M2","ABR33","M. sacchariflorus",43,0.227320501317517,0.507411894689873
"Sparse25",10,5,"Group_adjusted","M2","ABR33","M. sinensis",40,0.390385016842866,1.47601294220326
"Sparse25",10,5,"Group_adjusted","M2","ABR33","M. x gig",17,0.598401315759525,1.74494497211524
"Sparse25",10,5,"Group_adjusted","M2","JKI","M. sacchariflorus",39,0.426062689144636,0.485554572492166
"Sparse25",10,5,"Group_adjusted","M2","JKI","M. sinensis",40,0.148283519461072,0.797653390680978
"Sparse25",10,5,"Group_adjusted","M2","JKI","M. x gig",20,0.472755275067644,1.19971774312696
"Sparse25",10,5,"Group_adjusted","M3","ABR33","M. sacchariflorus",43,0.285378977778334,0.506766072044878
"Sparse25",10,5,"Group_adjusted","M3","ABR33","M. sinensis",40,0.392794926527738,1.48226231941204
"Sparse25",10,5,"Group_adjusted","M3","ABR33","M. x gig",17,0.577983526558518,1.74041948632877
"Sparse25",10,5,"Group_adjusted","M3","JKI","M. sacchariflorus",39,0.461464073811602,0.471639795322123
"Sparse25",10,5,"Group_adjusted","M3","JKI","M. sinensis",40,0.143404320987239,0.78631100842893
"Sparse25",10,5,"Group_adjusted","M3","JKI","M. x gig",20,0.468988453186202,1.20295432343479
"Sparse25",10,5,"Raw","M1","ABR33","M. sacchariflorus",43,0.211916812271234,1.03759663122011
"Sparse25",10,5,"Raw","M1","ABR33","M. sinensis",40,0.242765376503678,1.46883009465447
"Sparse25",10,5,"Raw","M1","ABR33","M. x gig",17,0.315171020303388,1.9262079811379
"Sparse25",10,5,"Raw","M1","JKI","M. sacchariflorus",39,0.0506397757387058,0.487143373806717
"Sparse25",10,5,"Raw","M1","JKI","M. sinensis",40,0.0892067828889294,0.779360296132197
"Sparse25",10,5,"Raw","M1","JKI","M. x gig",20,0.351663841455846,1.14281075287484
"Sparse25",10,5,"Raw","M2","ABR33","M. sacchariflorus",43,0.235855973498106,0.814602186544034
"Sparse25",10,5,"Raw","M2","ABR33","M. sinensis",40,0.307365175476056,1.44140370109742
"Sparse25",10,5,"Raw","M2","ABR33","M. x gig",17,0.411909241531579,1.84407650080948
"Sparse25",10,5,"Raw","M2","JKI","M. sacchariflorus",39,0.147009346587695,0.444175102126184
"Sparse25",10,5,"Raw","M2","JKI","M. sinensis",40,0.15253024664972,0.95330930989773
"Sparse25",10,5,"Raw","M2","JKI","M. x gig",20,0.471043177485845,0.944777287650128
"Sparse25",10,5,"Raw","M3","ABR33","M. sacchariflorus",43,0.320462028778718,0.618458825292968
"Sparse25",10,5,"Raw","M3","ABR33","M. sinensis",40,0.361131601928261,1.50893918466375
"Sparse25",10,5,"Raw","M3","ABR33","M. x gig",17,0.480600595164916,1.78139369227129
"Sparse25",10,5,"Raw","M3","JKI","M. sacchariflorus",39,0.265493386211892,0.461088283893747
"Sparse25",10,5,"Raw","M3","JKI","M. sinensis",40,0.171961119493627,0.777188727046004
"Sparse25",10,5,"Raw","M3","JKI","M. x gig",20,0.478273522468589,1.00146881661435
"Sparse25",10,10,"Group_adjusted","M1","ABR33","M. sacchariflorus",48,0.0243297500622185,0.616978890029141
"Sparse25",10,10,"Group_adjusted","M1","ABR33","M. sinensis",35,-0.142520437003078,1.56127600412774
"Sparse25",10,10,"Group_adjusted","M1","ABR33","M. x gig",17,0.28861544309872,1.68283733085754
"Sparse25",10,10,"Group_adjusted","M1","JKI","M. sacchariflorus",45,0.0814014594438991,0.514132192372926
"Sparse25",10,10,"Group_adjusted","M1","JKI","M. sinensis",37,0.160070581258195,0.681324874599903
"Sparse25",10,10,"Group_adjusted","M1","JKI","M. x gig",17,0.26815065777178,1.23082773838048
"Sparse25",10,10,"Group_adjusted","M2","ABR33","M. sacchariflorus",48,0.112777945472914,0.618088063970276
"Sparse25",10,10,"Group_adjusted","M2","ABR33","M. sinensis",35,-0.00560738227358076,1.56386469686798
"Sparse25",10,10,"Group_adjusted","M2","ABR33","M. x gig",17,0.329417988603083,1.66119000380198
"Sparse25",10,10,"Group_adjusted","M2","JKI","M. sacchariflorus",45,0.0087221168443623,0.524545428457509
"Sparse25",10,10,"Group_adjusted","M2","JKI","M. sinensis",37,0.184980997525104,0.71686323568087
"Sparse25",10,10,"Group_adjusted","M2","JKI","M. x gig",17,0.300821635970345,1.24329290613665
"Sparse25",10,10,"Group_adjusted","M3","ABR33","M. sacchariflorus",48,0.130629772191499,0.661125388099212
"Sparse25",10,10,"Group_adjusted","M3","ABR33","M. sinensis",35,0.117808689737863,1.54774860650647
"Sparse25",10,10,"Group_adjusted","M3","ABR33","M. x gig",17,0.273190992808418,1.67031008928901
"Sparse25",10,10,"Group_adjusted","M3","JKI","M. sacchariflorus",45,0.0518785316909746,0.516196190032149
"Sparse25",10,10,"Group_adjusted","M3","JKI","M. sinensis",37,0.215514330426739,0.690632663230658
"Sparse25",10,10,"Group_adjusted","M3","JKI","M. x gig",17,0.324263376387377,1.22453610556304
"Sparse25",10,10,"Raw","M1","ABR33","M. sacchariflorus",48,-0.137239344184398,1.29628025746953
"Sparse25",10,10,"Raw","M1","ABR33","M. sinensis",35,-0.0728234366912037,1.36994582057568
"Sparse25",10,10,"Raw","M1","ABR33","M. x gig",17,0.436774146714957,1.84819480924489
"Sparse25",10,10,"Raw","M1","JKI","M. sacchariflorus",45,0.0499506173268276,0.625041835485952
"Sparse25",10,10,"Raw","M1","JKI","M. sinensis",37,0.192913673152281,0.769094773333666
"Sparse25",10,10,"Raw","M1","JKI","M. x gig",17,0.14226315044702,0.966732299595058
"Sparse25",10,10,"Raw","M2","ABR33","M. sacchariflorus",48,0.313466924731197,0.978446788800238
"Sparse25",10,10,"Raw","M2","ABR33","M. sinensis",35,0.218816537561295,1.42113798874438
"Sparse25",10,10,"Raw","M2","ABR33","M. x gig",17,0.463764930164503,1.77504967125367
"Sparse25",10,10,"Raw","M2","JKI","M. sacchariflorus",45,0.0460627263734267,0.501338436478444
"Sparse25",10,10,"Raw","M2","JKI","M. sinensis",37,0.211076899456973,1.01068587500759
"Sparse25",10,10,"Raw","M2","JKI","M. x gig",17,0.264264169267334,0.894699944844687
"Sparse25",10,10,"Raw","M3","ABR33","M. sacchariflorus",48,0.2635158399695,0.593988158942481
"Sparse25",10,10,"Raw","M3","ABR33","M. sinensis",35,0.243570772105042,1.55999362285362
"Sparse25",10,10,"Raw","M3","ABR33","M. x gig",17,0.353923546954684,1.86472291207728
"Sparse25",10,10,"Raw","M3","JKI","M. sacchariflorus",45,0.069258314735832,0.582640728783544
"Sparse25",10,10,"Raw","M3","JKI","M. sinensis",37,0.219242887299948,0.773414499611725
"Sparse25",10,10,"Raw","M3","JKI","M. x gig",17,0.4233405446638,0.851388353232457
"Sparse25",10,15,"Group_adjusted","M1","ABR33","M. sacchariflorus",48,-0.141729534707356,0.524823595445651
"Sparse25",10,15,"Group_adjusted","M1","ABR33","M. sinensis",35,0.119779903376976,1.69137334789057
"Sparse25",10,15,"Group_adjusted","M1","ABR33","M. x gig",17,NA,1.71895151542661
"Sparse25",10,15,"Group_adjusted","M1","JKI","M. sacchariflorus",46,0.0561485506265289,0.460005507342341
"Sparse25",10,15,"Group_adjusted","M1","JKI","M. sinensis",33,-0.0506077683508152,0.752274979934098
"Sparse25",10,15,"Group_adjusted","M1","JKI","M. x gig",20,0.326357119495423,0.942763491139554
"Sparse25",10,15,"Group_adjusted","M2","ABR33","M. sacchariflorus",48,-0.157504527518654,0.52753998892245
"Sparse25",10,15,"Group_adjusted","M2","ABR33","M. sinensis",35,0.379511204520241,1.66960000297992
"Sparse25",10,15,"Group_adjusted","M2","ABR33","M. x gig",17,0.30265797625051,1.70846240386837
"Sparse25",10,15,"Group_adjusted","M2","JKI","M. sacchariflorus",46,0.181548008048948,0.454339320381908
"Sparse25",10,15,"Group_adjusted","M2","JKI","M. sinensis",33,0.0864180198816205,0.741303808174242
"Sparse25",10,15,"Group_adjusted","M2","JKI","M. x gig",20,0.391325288875407,0.918682553108339
"Sparse25",10,15,"Group_adjusted","M3","ABR33","M. sacchariflorus",48,-0.178707361789771,0.537407436628282
"Sparse25",10,15,"Group_adjusted","M3","ABR33","M. sinensis",35,0.34820562650399,1.66846842180733
"Sparse25",10,15,"Group_adjusted","M3","ABR33","M. x gig",17,0.191416072835747,1.71206053926009
"Sparse25",10,15,"Group_adjusted","M3","JKI","M. sacchariflorus",46,0.072786235091636,0.461462372068087
"Sparse25",10,15,"Group_adjusted","M3","JKI","M. sinensis",33,0.00925283252964337,0.749207985217599
"Sparse25",10,15,"Group_adjusted","M3","JKI","M. x gig",20,0.391197400359013,0.926316600120502
"Sparse25",10,15,"Raw","M1","ABR33","M. sacchariflorus",48,-0.150742741861973,0.933250517224574
"Sparse25",10,15,"Raw","M1","ABR33","M. sinensis",35,0.12847594378976,1.71011031898675
"Sparse25",10,15,"Raw","M1","ABR33","M. x gig",17,NA,2.24326701482293
"Sparse25",10,15,"Raw","M1","JKI","M. sacchariflorus",46,-0.182678924257211,0.479858669226978
"Sparse25",10,15,"Raw","M1","JKI","M. sinensis",33,-0.0654902452416624,0.752703166631089
"Sparse25",10,15,"Raw","M1","JKI","M. x gig",20,0.352945328068188,1.37107741447125
"Sparse25",10,15,"Raw","M2","ABR33","M. sacchariflorus",48,-0.00137948750307635,0.795452669570865
"Sparse25",10,15,"Raw","M2","ABR33","M. sinensis",35,0.421272253615396,1.66647117727448
"Sparse25",10,15,"Raw","M2","ABR33","M. x gig",17,-0.0466000340893324,2.24180700815573
"Sparse25",10,15,"Raw","M2","JKI","M. sacchariflorus",46,0.0134815035026465,0.488014250930513
"Sparse25",10,15,"Raw","M2","JKI","M. sinensis",33,0.0969883605124705,0.746756750302547
"Sparse25",10,15,"Raw","M2","JKI","M. x gig",20,0.379284441939007,1.32223274939291
"Sparse25",10,15,"Raw","M3","ABR33","M. sacchariflorus",48,0.0350166518600417,0.651542359798487
"Sparse25",10,15,"Raw","M3","ABR33","M. sinensis",35,0.354538176496308,1.65493044255226
"Sparse25",10,15,"Raw","M3","ABR33","M. x gig",17,-0.116271107201768,2.25920489620855
"Sparse25",10,15,"Raw","M3","JKI","M. sacchariflorus",46,-0.0727554346535406,0.47143853071939
"Sparse25",10,15,"Raw","M3","JKI","M. sinensis",33,0.0246439124845868,0.745234533397848
"Sparse25",10,15,"Raw","M3","JKI","M. x gig",20,0.381919594274625,1.35488367450155
"Sparse25",10,20,"Group_adjusted","M1","ABR33","M. sacchariflorus",41,-0.0185415656847591,0.520211764155647
"Sparse25",10,20,"Group_adjusted","M1","ABR33","M. sinensis",43,0.132017592824115,1.75494662640919
"Sparse25",10,20,"Group_adjusted","M1","ABR33","M. x gig",16,NA,1.7683075021719
"Sparse25",10,20,"Group_adjusted","M1","JKI","M. sacchariflorus",43,0.219613447738537,0.480307905636941
"Sparse25",10,20,"Group_adjusted","M1","JKI","M. sinensis",39,NA,0.847123155589439
"Sparse25",10,20,"Group_adjusted","M1","JKI","M. x gig",17,0.432469682961667,1.07022857918122
"Sparse25",10,20,"Group_adjusted","M2","ABR33","M. sacchariflorus",41,0.192477216251686,0.510824413314675
"Sparse25",10,20,"Group_adjusted","M2","ABR33","M. sinensis",43,0.273511407239741,1.73458935991556
"Sparse25",10,20,"Group_adjusted","M2","ABR33","M. x gig",16,0.463654035754202,1.75664031212505
"Sparse25",10,20,"Group_adjusted","M2","JKI","M. sacchariflorus",43,0.171882794029574,0.473714122233782
"Sparse25",10,20,"Group_adjusted","M2","JKI","M. sinensis",39,0.292377865431322,0.839786507018748
"Sparse25",10,20,"Group_adjusted","M2","JKI","M. x gig",17,0.559029294770904,0.98903274997421
"Sparse25",10,20,"Group_adjusted","M3","ABR33","M. sacchariflorus",41,0.158716276933308,0.509544560326631
"Sparse25",10,20,"Group_adjusted","M3","ABR33","M. sinensis",43,0.363301111445269,1.71715180667119
"Sparse25",10,20,"Group_adjusted","M3","ABR33","M. x gig",16,0.550245955975527,1.74098780233822
"Sparse25",10,20,"Group_adjusted","M3","JKI","M. sacchariflorus",43,0.163713666656168,0.479721213489715
"Sparse25",10,20,"Group_adjusted","M3","JKI","M. sinensis",39,0.378884725512122,0.833932897426844
"Sparse25",10,20,"Group_adjusted","M3","JKI","M. x gig",17,0.518245486120056,1.0145081894834
"Sparse25",10,20,"Raw","M1","ABR33","M. sacchariflorus",41,-0.0179857263047278,1.04488145595692
"Sparse25",10,20,"Raw","M1","ABR33","M. sinensis",43,0.174317275504253,1.56593258166008
"Sparse25",10,20,"Raw","M1","ABR33","M. x gig",16,NA,1.75997257629455
"Sparse25",10,20,"Raw","M1","JKI","M. sacchariflorus",43,0.00166223766949641,0.492369803403661
"Sparse25",10,20,"Raw","M1","JKI","M. sinensis",39,NA,0.757439685402938
"Sparse25",10,20,"Raw","M1","JKI","M. x gig",17,0.432469682961667,1.50246533650938
"Sparse25",10,20,"Raw","M2","ABR33","M. sacchariflorus",41,0.281394246664471,0.823999075892575
"Sparse25",10,20,"Raw","M2","ABR33","M. sinensis",43,0.316876319488015,1.56416351618082
"Sparse25",10,20,"Raw","M2","ABR33","M. x gig",16,0.0168106797311364,1.66662116875525
"Sparse25",10,20,"Raw","M2","JKI","M. sacchariflorus",43,-0.0750574628787541,0.629523298153623
"Sparse25",10,20,"Raw","M2","JKI","M. sinensis",39,0.251526342443631,0.744882528940902
"Sparse25",10,20,"Raw","M2","JKI","M. x gig",17,0.37000100590779,1.35566206909305
"Sparse25",10,20,"Raw","M3","ABR33","M. sacchariflorus",41,0.262700289899636,0.586286620726734
"Sparse25",10,20,"Raw","M3","ABR33","M. sinensis",43,0.360621161983062,1.78444019697912
"Sparse25",10,20,"Raw","M3","ABR33","M. x gig",16,0.0719545121754891,1.5689289640688
"Sparse25",10,20,"Raw","M3","JKI","M. sacchariflorus",43,-0.0375128304318653,0.49875827961957
"Sparse25",10,20,"Raw","M3","JKI","M. sinensis",39,0.366206814774855,0.738441121667038
"Sparse25",10,20,"Raw","M3","JKI","M. x gig",17,0.392340577216656,1.35797149051694
"Sparse25",10,25,"Group_adjusted","M1","ABR33","M. sacchariflorus",49,NA,0.502983830688392
"Sparse25",10,25,"Group_adjusted","M1","ABR33","M. sinensis",36,NA,1.71792806685792
"Sparse25",10,25,"Group_adjusted","M1","ABR33","M. x gig",15,NA,1.79273994016397
"Sparse25",10,25,"Group_adjusted","M1","JKI","M. sacchariflorus",49,NA,0.476240650753868
"Sparse25",10,25,"Group_adjusted","M1","JKI","M. sinensis",35,NA,0.808382022766477
"Sparse25",10,25,"Group_adjusted","M1","JKI","M. x gig",15,NA,1.16783970117859
"Sparse25",10,25,"Group_adjusted","M2","ABR33","M. sacchariflorus",49,-0.195450344390586,0.506419881936885
"Sparse25",10,25,"Group_adjusted","M2","ABR33","M. sinensis",36,0.42495540234329,1.7146208334513
"Sparse25",10,25,"Group_adjusted","M2","ABR33","M. x gig",15,-0.178442375839522,1.79579330309356
"Sparse25",10,25,"Group_adjusted","M2","JKI","M. sacchariflorus",49,-0.156990373435429,0.479935712622631
"Sparse25",10,25,"Group_adjusted","M2","JKI","M. sinensis",35,0.230592241457466,0.798930078962998
"Sparse25",10,25,"Group_adjusted","M2","JKI","M. x gig",15,0.0113621032402542,1.16467995809655
"Sparse25",10,25,"Group_adjusted","M3","ABR33","M. sacchariflorus",49,0.0802847759161066,0.509022074496871
"Sparse25",10,25,"Group_adjusted","M3","ABR33","M. sinensis",36,0.376553388156278,1.70752056498144
"Sparse25",10,25,"Group_adjusted","M3","ABR33","M. x gig",15,-0.104724115222841,1.79657975559142
"Sparse25",10,25,"Group_adjusted","M3","JKI","M. sacchariflorus",49,0.236771719858758,0.473324379470655
"Sparse25",10,25,"Group_adjusted","M3","JKI","M. sinensis",35,0.14095699362772,0.802854354748716
"Sparse25",10,25,"Group_adjusted","M3","JKI","M. x gig",15,0.170796030815764,1.15963168478171
"Sparse25",10,25,"Raw","M1","ABR33","M. sacchariflorus",49,NA,1.29567172526944
"Sparse25",10,25,"Raw","M1","ABR33","M. sinensis",36,NA,1.68944576982161
"Sparse25",10,25,"Raw","M1","ABR33","M. x gig",15,NA,2.05769877685224
"Sparse25",10,25,"Raw","M1","JKI","M. sacchariflorus",49,NA,0.501885188387818
"Sparse25",10,25,"Raw","M1","JKI","M. sinensis",35,NA,0.809679925598623
"Sparse25",10,25,"Raw","M1","JKI","M. x gig",15,NA,1.50059949807671
"Sparse25",10,25,"Raw","M2","ABR33","M. sacchariflorus",49,0.0489896851660686,1.09766304564423
"Sparse25",10,25,"Raw","M2","ABR33","M. sinensis",36,0.429113985971867,1.70334308020487
"Sparse25",10,25,"Raw","M2","ABR33","M. x gig",15,-0.371446095406888,2.05434981866246
"Sparse25",10,25,"Raw","M2","JKI","M. sacchariflorus",49,-0.167599139079217,0.486829894717653
"Sparse25",10,25,"Raw","M2","JKI","M. sinensis",35,0.335407716106353,0.834957957802311
"Sparse25",10,25,"Raw","M2","JKI","M. x gig",15,-0.479466348648368,1.49577625663298
"Sparse25",10,25,"Raw","M3","ABR33","M. sacchariflorus",49,0.135872113789701,0.830700677723128
"Sparse25",10,25,"Raw","M3","ABR33","M. sinensis",36,0.344312770372866,1.74500891677808
"Sparse25",10,25,"Raw","M3","ABR33","M. x gig",15,-0.382789651040954,2.07479637763816
"Sparse25",10,25,"Raw","M3","JKI","M. sacchariflorus",49,-0.140726575398747,0.494998392574521
"Sparse25",10,25,"Raw","M3","JKI","M. sinensis",35,0.330697783092543,0.799669708745122
"Sparse25",10,25,"Raw","M3","JKI","M. x gig",15,-0.25193546405395,1.45854820409591
