"trait","CV","rep","Genotype","Environment","PopGroup","fold","observed"
"DM","Overlap0",1,"Mb-102","ABR33","M. sinensis",1,TRUE
"DM","Overlap0",1,"Mb-1037_52","ABR33","M. sacchariflorus",1,TRUE
"DM","Overlap0",1,"Mb-104","ABR33","M. x gig",1,TRUE
"DM","Overlap0",1,"Mb-1040_17","ABR33","M. sacchariflorus",0,TRUE
"DM","Overlap0",1,"Mb-1043_32","ABR33","M. sacchariflorus",0,TRUE
"DM","Overlap0",1,"Mb-1044_50","ABR33","M. sacchariflorus",0,TRUE
"DM","Overlap0",1,"Mb-1056_31","ABR33","M. sacchariflorus",0,TRUE
"DM","Overlap0",1,"Mb-1067_18","ABR33","M. sacchariflorus",1,TRUE
"DM","Overlap0",1,"Mb-1086_54","ABR33","M. x gig",0,TRUE
"DM","Overlap0",1,"Mb-109","ABR33","M. sinensis",1,TRUE
"DM","Overlap0",1,"Mb-110","ABR33","M. sinensis",0,TRUE
"DM","Overlap0",1,"Mb-111","ABR33","M. sinensis",1,TRUE
"DM","Overlap0",1,"Mb-113","ABR33","M. sinensis",1,TRUE
"DM","Overlap0",1,"Mb-1130_51","ABR33","M. x gig",1,TRUE
"DM","Overlap0",1,"Mb-1132_52","ABR33","M. x gig",1,TRUE
"DM","Overlap0",1,"Mb-1139_19","ABR33","M. sinensis",1,TRUE
"DM","Overlap0",1,"Mb-1147_12","ABR33","M. sinensis",0,TRUE
"DM","Overlap0",1,"Mb-115","ABR33","M. sinensis",1,TRUE
"DM","Overlap0",1,"Mb-1153_20","ABR33","M. sinensis",1,TRUE
"DM","Overlap0",1,"Mb-1155_33","ABR33","M. sacchariflorus",0,TRUE
"DM","Overlap0",1,"Mb-1156_13","ABR33","M. sinensis",1,TRUE
"DM","Overlap0",1,"Mb-1162_20","ABR33","M. sacchariflorus",1,TRUE
"DM","Overlap0",1,"Mb-1182_16","ABR33","M. sinensis",1,TRUE
"DM","Overlap0",1,"Mb-1205_12","ABR33","M. sinensis",1,TRUE
"DM","Overlap0",1,"Mb-1231_18","ABR33","M. sinensis",1,TRUE
"DM","Overlap0",1,"Mb-1238_1","ABR33","M. sinensis",1,TRUE
"DM","Overlap0",1,"Mb-1261_15","ABR33","M. sacchariflorus",1,TRUE
"DM","Overlap0",1,"Mb-1353_14","ABR33","M. sacchariflorus",1,TRUE
"DM","Overlap0",1,"Mb-14","ABR33","M. sinensis",1,TRUE
"DM","Overlap0",1,"Mb-140","ABR33","M. sacchariflorus",0,TRUE
"DM","Overlap0",1,"Mb-142","ABR33","M. sacchariflorus",1,TRUE
"DM","Overlap0",1,"Mb-144","ABR33","M. sacchariflorus",0,TRUE
"DM","Overlap0",1,"Mb-146","ABR33","M. sacchariflorus",1,TRUE
"DM","Overlap0",1,"Mb-147","ABR33","M. x gig",0,TRUE
"DM","Overlap0",1,"Mb-148","ABR33","M. x gig",1,TRUE
"DM","Overlap0",1,"Mb-1485_42","ABR33","M. x gig",1,TRUE
"DM","Overlap0",1,"Mb-1486_1","ABR33","M. x gig",1,TRUE
"DM","Overlap0",1,"Mb-149","ABR33","M. x gig",1,TRUE
"DM","Overlap0",1,"Mb-166","ABR33","M. sacchariflorus",1,TRUE
"DM","Overlap0",1,"Mb-167","ABR33","M. sinensis",1,TRUE
"DM","Overlap0",1,"Mb-177","ABR33","M. sacchariflorus",1,TRUE
"DM","Overlap0",1,"Mb-188","ABR33","M. x gig",1,TRUE
"DM","Overlap0",1,"Mb-2","ABR33","M. sinensis",1,TRUE
"DM","Overlap0",1,"Mb-221","ABR33","M. sinensis",0,TRUE
"DM","Overlap0",1,"Mb-226","ABR33","M. sacchariflorus",1,TRUE
"DM","Overlap0",1,"Mb-229","ABR33","M. sinensis",0,TRUE
"DM","Overlap0",1,"Mb-255","ABR33","M. sinensis",1,TRUE
"DM","Overlap0",1,"Mb-272","ABR33","M. sacchariflorus",1,TRUE
"DM","Overlap0",1,"Mb-297","ABR33","M. sacchariflorus",1,TRUE
"DM","Overlap0",1,"Mb-3","ABR33","M. sinensis",1,TRUE
"DM","Overlap0",1,"Mb-306","ABR33","M. sinensis",0,TRUE
"DM","Overlap0",1,"Mb-307","ABR33","M. x gig",1,TRUE
"DM","Overlap0",1,"Mb-308","ABR33","M. x gig",0,TRUE
"DM","Overlap0",1,"Mb-309","ABR33","M. x gig",1,TRUE
"DM","Overlap0",1,"Mb-31","ABR33","M. sinensis",1,TRUE
"DM","Overlap0",1,"Mb-310","ABR33","M. x gig",1,TRUE
"DM","Overlap0",1,"Mb-35","ABR33","M. sinensis",1,TRUE
"DM","Overlap0",1,"Mb-353","ABR33","M. sacchariflorus",0,TRUE
"DM","Overlap0",1,"Mb-37","ABR33","M. sinensis",1,TRUE
"DM","Overlap0",1,"Mb-383_1","ABR33","M. sacchariflorus",1,TRUE
"DM","Overlap0",1,"Mb-391","ABR33","M. sacchariflorus",1,TRUE
"DM","Overlap0",1,"Mb-393_1","ABR33","M. sacchariflorus",1,TRUE
"DM","Overlap0",1,"Mb-397","ABR33","M. sacchariflorus",0,TRUE
"DM","Overlap0",1,"Mb-399","ABR33","M. sacchariflorus",0,TRUE
"DM","Overlap0",1,"Mb-401","ABR33","M. sacchariflorus",1,TRUE
"DM","Overlap0",1,"Mb-411","ABR33","M. sacchariflorus",0,TRUE
"DM","Overlap0",1,"Mb-416","ABR33","M. sacchariflorus",0,TRUE
"DM","Overlap0",1,"Mb-425_1","ABR33","M. sacchariflorus",1,TRUE
"DM","Overlap0",1,"Mb-427_1","ABR33","M. sacchariflorus",1,TRUE
"DM","Overlap0",1,"Mb-431_1","ABR33","M. sacchariflorus",1,TRUE
"DM","Overlap0",1,"Mb-434_1","ABR33","M. sinensis",1,TRUE
"DM","Overlap0",1,"Mb-485_1","ABR33","M. sacchariflorus",1,TRUE
"DM","Overlap0",1,"Mb-486","ABR33","M. sacchariflorus",1,TRUE
"DM","Overlap0",1,"Mb-488_15","ABR33","M. sacchariflorus",1,TRUE
"DM","Overlap0",1,"Mb-490_10","ABR33","M. sacchariflorus",1,TRUE
"DM","Overlap0",1,"Mb-494_1","ABR33","M. sacchariflorus",1,TRUE
"DM","Overlap0",1,"Mb-498_1","ABR33","M. sacchariflorus",0,TRUE
"DM","Overlap0",1,"Mb-502_1","ABR33","M. sacchariflorus",1,TRUE
"DM","Overlap0",1,"Mb-505_1","ABR33","M. sacchariflorus",1,TRUE
"DM","Overlap0",1,"Mb-508","ABR33","M. sacchariflorus",1,TRUE
"DM","Overlap0",1,"Mb-526_13","ABR33","M. sinensis",1,TRUE
"DM","Overlap0",1,"Mb-527_1","ABR33","M. sinensis",1,TRUE
"DM","Overlap0",1,"Mb-533_1","ABR33","M. sinensis",1,TRUE
"DM","Overlap0",1,"Mb-539_1","ABR33","M. sinensis",1,TRUE
"DM","Overlap0",1,"Mb-585_1","ABR33","M. sinensis",0,TRUE
"DM","Overlap0",1,"Mb-628_1","ABR33","M. sacchariflorus",1,TRUE
"DM","Overlap0",1,"Mb-70","ABR33","M. sinensis",1,TRUE
"DM","Overlap0",1,"Mb-72","ABR33","M. x gig",1,TRUE
"DM","Overlap0",1,"Mb-74","ABR33","M. sinensis",1,TRUE
"DM","Overlap0",1,"Mb-76","ABR33","M. sacchariflorus",1,TRUE
"DM","Overlap0",1,"Mb-770_18","ABR33","M. sacchariflorus",1,TRUE
"DM","Overlap0",1,"Mb-779_14","ABR33","M. sacchariflorus",1,TRUE
"DM","Overlap0",1,"Mb-787_13","ABR33","M. sacchariflorus",1,TRUE
"DM","Overlap0",1,"Mb-810_11","ABR33","M. sacchariflorus",1,TRUE
"DM","Overlap0",1,"Mb-819_19","ABR33","M. sacchariflorus",1,TRUE
"DM","Overlap0",1,"Mb-851_1","ABR33","M. sinensis",1,TRUE
"DM","Overlap0",1,"Mb-86","ABR33","M. sinensis",1,TRUE
"DM","Overlap0",1,"Mb-884_1","ABR33","M. sacchariflorus",1,TRUE
"DM","Overlap0",1,"Mb-893_11","ABR33","M. sinensis",1,TRUE
"DM","Overlap0",1,"Mb-9","ABR33","M. sinensis",0,TRUE
"DM","Overlap0",1,"Mb-910_11","ABR33","M. sinensis",1,TRUE
"DM","Overlap0",1,"Mb-913_17","ABR33","M. sacchariflorus",1,TRUE
"DM","Overlap0",1,"Mb-914_13","ABR33","M. sinensis",0,TRUE
"DM","Overlap0",1,"Mb-928_18","ABR33","M. sinensis",0,TRUE
"DM","Overlap0",1,"Mb-930","ABR33","M. sinensis",1,TRUE
"DM","Overlap0",1,"Mb-931_12","ABR33","M. sinensis",1,TRUE
"DM","Overlap0",1,"Mb-933_11","ABR33","M. sinensis",1,TRUE
"DM","Overlap0",1,"Mb-935_13","ABR33","M. sinensis",1,TRUE
"DM","Overlap0",1,"Mb-94","ABR33","M. sacchariflorus",1,TRUE
"DM","Overlap0",1,"Mb-956_19","ABR33","M. sacchariflorus",1,TRUE
"DM","Overlap0",1,"Mb-958_19","ABR33","M. sacchariflorus",1,TRUE
"DM","Overlap0",1,"Mb-960_20","ABR33","M. sinensis",1,TRUE
"DM","Overlap0",1,"Mb-961_16","ABR33","M. sacchariflorus",1,TRUE
"DM","Overlap0",1,"Mb-965_15","ABR33","M. sacchariflorus",1,TRUE
"DM","Overlap0",1,"Mb-969_18","ABR33","M. sacchariflorus",1,TRUE
"DM","Overlap0",1,"Mb-974_19","ABR33","M. sinensis",1,TRUE
"DM","Overlap0",1,"Mb-99","ABR33","M. sinensis",1,TRUE
"DM","Overlap0",1,"Mx-1548_12","ABR33","M. x gig",1,TRUE
"DM","Overlap0",1,"Mx-1915_12","ABR33","M. x gig",1,TRUE
"DM","Overlap0",1,"Mx-1932_13","ABR33","M. x gig",1,TRUE
"DM","Overlap0",1,"Mx-1933_11","ABR33","M. x gig",1,TRUE
"DM","Overlap0",1,"Mx-1956_15","ABR33","M. x gig",1,TRUE
"DM","Overlap0",1,"Mx-2446_1","ABR33","M. x gig",1,TRUE
"DM","Overlap0",1,"Mx-2470_5","ABR33","M. sacchariflorus",1,TRUE
"DM","Overlap0",1,"Mx-437_90","ABR33","M. x gig",1,TRUE
"DM","Overlap0",1,"Mb-102","JKI","M. sinensis",0,TRUE
"DM","Overlap0",1,"Mb-1037_52","JKI","M. sacchariflorus",1,TRUE
"DM","Overlap0",1,"Mb-104","JKI","M. x gig",1,TRUE
"DM","Overlap0",1,"Mb-1040_17","JKI","M. sacchariflorus",1,TRUE
"DM","Overlap0",1,"Mb-1043_32","JKI","M. sacchariflorus",1,TRUE
"DM","Overlap0",1,"Mb-1044_50","JKI","M. sacchariflorus",1,TRUE
"DM","Overlap0",1,"Mb-1056_31","JKI","M. sacchariflorus",1,TRUE
"DM","Overlap0",1,"Mb-1067_18","JKI","M. sacchariflorus",1,TRUE
"DM","Overlap0",1,"Mb-1086_54","JKI","M. x gig",1,TRUE
"DM","Overlap0",1,"Mb-109","JKI","M. sinensis",1,TRUE
"DM","Overlap0",1,"Mb-110","JKI","M. sinensis",1,TRUE
"DM","Overlap0",1,"Mb-111","JKI","M. sinensis",0,TRUE
"DM","Overlap0",1,"Mb-113","JKI","M. sinensis",1,TRUE
"DM","Overlap0",1,"Mb-1130_51","JKI","M. x gig",1,TRUE
"DM","Overlap0",1,"Mb-1132_52","JKI","M. x gig",1,TRUE
"DM","Overlap0",1,"Mb-1139_19","JKI","M. sinensis",1,FALSE
"DM","Overlap0",1,"Mb-1147_12","JKI","M. sinensis",1,TRUE
"DM","Overlap0",1,"Mb-115","JKI","M. sinensis",1,TRUE
"DM","Overlap0",1,"Mb-1153_20","JKI","M. sinensis",1,TRUE
"DM","Overlap0",1,"Mb-1155_33","JKI","M. sacchariflorus",1,TRUE
"DM","Overlap0",1,"Mb-1156_13","JKI","M. sinensis",1,TRUE
"DM","Overlap0",1,"Mb-1162_20","JKI","M. sacchariflorus",1,TRUE
"DM","Overlap0",1,"Mb-1182_16","JKI","M. sinensis",0,TRUE
"DM","Overlap0",1,"Mb-1205_12","JKI","M. sinensis",1,TRUE
"DM","Overlap0",1,"Mb-1231_18","JKI","M. sinensis",1,TRUE
"DM","Overlap0",1,"Mb-1238_1","JKI","M. sinensis",1,TRUE
"DM","Overlap0",1,"Mb-1261_15","JKI","M. sacchariflorus",1,TRUE
"DM","Overlap0",1,"Mb-1353_14","JKI","M. sacchariflorus",0,TRUE
"DM","Overlap0",1,"Mb-14","JKI","M. sinensis",1,TRUE
"DM","Overlap0",1,"Mb-140","JKI","M. sacchariflorus",1,TRUE
"DM","Overlap0",1,"Mb-142","JKI","M. sacchariflorus",0,TRUE
"DM","Overlap0",1,"Mb-144","JKI","M. sacchariflorus",1,TRUE
"DM","Overlap0",1,"Mb-146","JKI","M. sacchariflorus",1,TRUE
"DM","Overlap0",1,"Mb-147","JKI","M. x gig",1,TRUE
"DM","Overlap0",1,"Mb-148","JKI","M. x gig",1,TRUE
"DM","Overlap0",1,"Mb-1485_42","JKI","M. x gig",1,TRUE
"DM","Overlap0",1,"Mb-1486_1","JKI","M. x gig",1,TRUE
"DM","Overlap0",1,"Mb-149","JKI","M. x gig",1,TRUE
"DM","Overlap0",1,"Mb-166","JKI","M. sacchariflorus",1,TRUE
"DM","Overlap0",1,"Mb-167","JKI","M. sinensis",0,TRUE
"DM","Overlap0",1,"Mb-177","JKI","M. sacchariflorus",1,TRUE
"DM","Overlap0",1,"Mb-188","JKI","M. x gig",0,TRUE
"DM","Overlap0",1,"Mb-2","JKI","M. sinensis",0,TRUE
"DM","Overlap0",1,"Mb-221","JKI","M. sinensis",1,TRUE
"DM","Overlap0",1,"Mb-226","JKI","M. sacchariflorus",1,TRUE
"DM","Overlap0",1,"Mb-229","JKI","M. sinensis",1,TRUE
"DM","Overlap0",1,"Mb-255","JKI","M. sinensis",0,TRUE
"DM","Overlap0",1,"Mb-272","JKI","M. sacchariflorus",1,TRUE
"DM","Overlap0",1,"Mb-297","JKI","M. sacchariflorus",1,TRUE
"DM","Overlap0",1,"Mb-3","JKI","M. sinensis",1,TRUE
"DM","Overlap0",1,"Mb-306","JKI","M. sinensis",1,TRUE
"DM","Overlap0",1,"Mb-307","JKI","M. x gig",1,TRUE
"DM","Overlap0",1,"Mb-308","JKI","M. x gig",1,TRUE
"DM","Overlap0",1,"Mb-309","JKI","M. x gig",1,TRUE
"DM","Overlap0",1,"Mb-31","JKI","M. sinensis",1,TRUE
"DM","Overlap0",1,"Mb-310","JKI","M. x gig",1,TRUE
"DM","Overlap0",1,"Mb-35","JKI","M. sinensis",1,TRUE
"DM","Overlap0",1,"Mb-353","JKI","M. sacchariflorus",1,TRUE
"DM","Overlap0",1,"Mb-37","JKI","M. sinensis",1,TRUE
"DM","Overlap0",1,"Mb-383_1","JKI","M. sacchariflorus",1,TRUE
"DM","Overlap0",1,"Mb-391","JKI","M. sacchariflorus",1,TRUE
"DM","Overlap0",1,"Mb-393_1","JKI","M. sacchariflorus",0,TRUE
"DM","Overlap0",1,"Mb-397","JKI","M. sacchariflorus",1,TRUE
"DM","Overlap0",1,"Mb-399","JKI","M. sacchariflorus",1,TRUE
"DM","Overlap0",1,"Mb-401","JKI","M. sacchariflorus",1,TRUE
"DM","Overlap0",1,"Mb-411","JKI","M. sacchariflorus",1,TRUE
"DM","Overlap0",1,"Mb-416","JKI","M. sacchariflorus",1,TRUE
"DM","Overlap0",1,"Mb-425_1","JKI","M. sacchariflorus",0,TRUE
"DM","Overlap0",1,"Mb-427_1","JKI","M. sacchariflorus",1,TRUE
"DM","Overlap0",1,"Mb-431_1","JKI","M. sacchariflorus",0,TRUE
"DM","Overlap0",1,"Mb-434_1","JKI","M. sinensis",1,TRUE
"DM","Overlap0",1,"Mb-485_1","JKI","M. sacchariflorus",1,TRUE
"DM","Overlap0",1,"Mb-486","JKI","M. sacchariflorus",1,TRUE
"DM","Overlap0",1,"Mb-488_15","JKI","M. sacchariflorus",0,TRUE
"DM","Overlap0",1,"Mb-490_10","JKI","M. sacchariflorus",1,TRUE
"DM","Overlap0",1,"Mb-494_1","JKI","M. sacchariflorus",0,TRUE
"DM","Overlap0",1,"Mb-498_1","JKI","M. sacchariflorus",1,TRUE
"DM","Overlap0",1,"Mb-502_1","JKI","M. sacchariflorus",0,TRUE
"DM","Overlap0",1,"Mb-505_1","JKI","M. sacchariflorus",1,TRUE
"DM","Overlap0",1,"Mb-508","JKI","M. sacchariflorus",1,TRUE
"DM","Overlap0",1,"Mb-526_13","JKI","M. sinensis",0,TRUE
"DM","Overlap0",1,"Mb-527_1","JKI","M. sinensis",1,TRUE
"DM","Overlap0",1,"Mb-533_1","JKI","M. sinensis",1,TRUE
"DM","Overlap0",1,"Mb-539_1","JKI","M. sinensis",0,TRUE
"DM","Overlap0",1,"Mb-585_1","JKI","M. sinensis",1,TRUE
"DM","Overlap0",1,"Mb-628_1","JKI","M. sacchariflorus",0,TRUE
"DM","Overlap0",1,"Mb-70","JKI","M. sinensis",0,TRUE
"DM","Overlap0",1,"Mb-72","JKI","M. x gig",0,TRUE
"DM","Overlap0",1,"Mb-74","JKI","M. sinensis",0,TRUE
"DM","Overlap0",1,"Mb-76","JKI","M. sacchariflorus",0,TRUE
"DM","Overlap0",1,"Mb-770_18","JKI","M. sacchariflorus",1,TRUE
"DM","Overlap0",1,"Mb-779_14","JKI","M. sacchariflorus",1,TRUE
"DM","Overlap0",1,"Mb-787_13","JKI","M. sacchariflorus",1,TRUE
"DM","Overlap0",1,"Mb-810_11","JKI","M. sacchariflorus",1,TRUE
"DM","Overlap0",1,"Mb-819_19","JKI","M. sacchariflorus",1,TRUE
"DM","Overlap0",1,"Mb-851_1","JKI","M. sinensis",1,TRUE
"DM","Overlap0",1,"Mb-86","JKI","M. sinensis",1,TRUE
"DM","Overlap0",1,"Mb-884_1","JKI","M. sacchariflorus",1,TRUE
"DM","Overlap0",1,"Mb-893_11","JKI","M. sinensis",1,TRUE
"DM","Overlap0",1,"Mb-9","JKI","M. sinensis",1,TRUE
"DM","Overlap0",1,"Mb-910_11","JKI","M. sinensis",1,TRUE
"DM","Overlap0",1,"Mb-913_17","JKI","M. sacchariflorus",1,TRUE
"DM","Overlap0",1,"Mb-914_13","JKI","M. sinensis",1,TRUE
"DM","Overlap0",1,"Mb-928_18","JKI","M. sinensis",1,TRUE
"DM","Overlap0",1,"Mb-930","JKI","M. sinensis",1,TRUE
"DM","Overlap0",1,"Mb-931_12","JKI","M. sinensis",1,TRUE
"DM","Overlap0",1,"Mb-933_11","JKI","M. sinensis",1,TRUE
"DM","Overlap0",1,"Mb-935_13","JKI","M. sinensis",1,TRUE
"DM","Overlap0",1,"Mb-94","JKI","M. sacchariflorus",0,TRUE
"DM","Overlap0",1,"Mb-956_19","JKI","M. sacchariflorus",1,TRUE
"DM","Overlap0",1,"Mb-958_19","JKI","M. sacchariflorus",1,TRUE
"DM","Overlap0",1,"Mb-960_20","JKI","M. sinensis",1,TRUE
"DM","Overlap0",1,"Mb-961_16","JKI","M. sacchariflorus",1,TRUE
"DM","Overlap0",1,"Mb-965_15","JKI","M. sacchariflorus",1,TRUE
"DM","Overlap0",1,"Mb-969_18","JKI","M. sacchariflorus",0,TRUE
"DM","Overlap0",1,"Mb-974_19","JKI","M. sinensis",1,TRUE
"DM","Overlap0",1,"Mb-99","JKI","M. sinensis",1,TRUE
"DM","Overlap0",1,"Mx-1548_12","JKI","M. x gig",0,TRUE
"DM","Overlap0",1,"Mx-1915_12","JKI","M. x gig",1,TRUE
"DM","Overlap0",1,"Mx-1932_13","JKI","M. x gig",1,TRUE
"DM","Overlap0",1,"Mx-1933_11","JKI","M. x gig",1,TRUE
"DM","Overlap0",1,"Mx-1956_15","JKI","M. x gig",1,TRUE
"DM","Overlap0",1,"Mx-2446_1","JKI","M. x gig",1,TRUE
"DM","Overlap0",1,"Mx-2470_5","JKI","M. sacchariflorus",1,TRUE
"DM","Overlap0",1,"Mx-437_90","JKI","M. x gig",1,TRUE
"DM","Overlap0",2,"Mb-102","ABR33","M. sinensis",1,TRUE
"DM","Overlap0",2,"Mb-1037_52","ABR33","M. sacchariflorus",1,TRUE
"DM","Overlap0",2,"Mb-104","ABR33","M. x gig",1,TRUE
"DM","Overlap0",2,"Mb-1040_17","ABR33","M. sacchariflorus",1,TRUE
"DM","Overlap0",2,"Mb-1043_32","ABR33","M. sacchariflorus",0,TRUE
"DM","Overlap0",2,"Mb-1044_50","ABR33","M. sacchariflorus",1,TRUE
"DM","Overlap0",2,"Mb-1056_31","ABR33","M. sacchariflorus",0,TRUE
"DM","Overlap0",2,"Mb-1067_18","ABR33","M. sacchariflorus",1,TRUE
"DM","Overlap0",2,"Mb-1086_54","ABR33","M. x gig",1,TRUE
"DM","Overlap0",2,"Mb-109","ABR33","M. sinensis",0,TRUE
"DM","Overlap0",2,"Mb-110","ABR33","M. sinensis",1,TRUE
"DM","Overlap0",2,"Mb-111","ABR33","M. sinensis",1,TRUE
"DM","Overlap0",2,"Mb-113","ABR33","M. sinensis",1,TRUE
"DM","Overlap0",2,"Mb-1130_51","ABR33","M. x gig",1,TRUE
"DM","Overlap0",2,"Mb-1132_52","ABR33","M. x gig",1,TRUE
"DM","Overlap0",2,"Mb-1139_19","ABR33","M. sinensis",1,TRUE
"DM","Overlap0",2,"Mb-1147_12","ABR33","M. sinensis",1,TRUE
"DM","Overlap0",2,"Mb-115","ABR33","M. sinensis",0,TRUE
"DM","Overlap0",2,"Mb-1153_20","ABR33","M. sinensis",1,TRUE
"DM","Overlap0",2,"Mb-1155_33","ABR33","M. sacchariflorus",1,TRUE
"DM","Overlap0",2,"Mb-1156_13","ABR33","M. sinensis",1,TRUE
"DM","Overlap0",2,"Mb-1162_20","ABR33","M. sacchariflorus",1,TRUE
"DM","Overlap0",2,"Mb-1182_16","ABR33","M. sinensis",0,TRUE
"DM","Overlap0",2,"Mb-1205_12","ABR33","M. sinensis",1,TRUE
"DM","Overlap0",2,"Mb-1231_18","ABR33","M. sinensis",0,TRUE
"DM","Overlap0",2,"Mb-1238_1","ABR33","M. sinensis",1,TRUE
"DM","Overlap0",2,"Mb-1261_15","ABR33","M. sacchariflorus",1,TRUE
"DM","Overlap0",2,"Mb-1353_14","ABR33","M. sacchariflorus",0,TRUE
"DM","Overlap0",2,"Mb-14","ABR33","M. sinensis",1,TRUE
"DM","Overlap0",2,"Mb-140","ABR33","M. sacchariflorus",0,TRUE
"DM","Overlap0",2,"Mb-142","ABR33","M. sacchariflorus",0,TRUE
"DM","Overlap0",2,"Mb-144","ABR33","M. sacchariflorus",1,TRUE
"DM","Overlap0",2,"Mb-146","ABR33","M. sacchariflorus",1,TRUE
"DM","Overlap0",2,"Mb-147","ABR33","M. x gig",1,TRUE
"DM","Overlap0",2,"Mb-148","ABR33","M. x gig",1,TRUE
"DM","Overlap0",2,"Mb-1485_42","ABR33","M. x gig",0,TRUE
"DM","Overlap0",2,"Mb-1486_1","ABR33","M. x gig",1,TRUE
"DM","Overlap0",2,"Mb-149","ABR33","M. x gig",1,TRUE
"DM","Overlap0",2,"Mb-166","ABR33","M. sacchariflorus",1,TRUE
"DM","Overlap0",2,"Mb-167","ABR33","M. sinensis",1,TRUE
"DM","Overlap0",2,"Mb-177","ABR33","M. sacchariflorus",1,TRUE
"DM","Overlap0",2,"Mb-188","ABR33","M. x gig",0,TRUE
"DM","Overlap0",2,"Mb-2","ABR33","M. sinensis",1,TRUE
"DM","Overlap0",2,"Mb-221","ABR33","M. sinensis",1,TRUE
"DM","Overlap0",2,"Mb-226","ABR33","M. sacchariflorus",1,TRUE
"DM","Overlap0",2,"Mb-229","ABR33","M. sinensis",1,TRUE
"DM","Overlap0",2,"Mb-255","ABR33","M. sinensis",1,TRUE
"DM","Overlap0",2,"Mb-272","ABR33","M. sacchariflorus",1,TRUE
"DM","Overlap0",2,"Mb-297","ABR33","M. sacchariflorus",1,TRUE
"DM","Overlap0",2,"Mb-3","ABR33","M. sinensis",0,TRUE
"DM","Overlap0",2,"Mb-306","ABR33","M. sinensis",1,TRUE
"DM","Overlap0",2,"Mb-307","ABR33","M. x gig",0,TRUE
"DM","Overlap0",2,"Mb-308","ABR33","M. x gig",1,TRUE
"DM","Overlap0",2,"Mb-309","ABR33","M. x gig",1,TRUE
"DM","Overlap0",2,"Mb-31","ABR33","M. sinensis",1,TRUE
"DM","Overlap0",2,"Mb-310","ABR33","M. x gig",0,TRUE
"DM","Overlap0",2,"Mb-35","ABR33","M. sinensis",1,TRUE
"DM","Overlap0",2,"Mb-353","ABR33","M. sacchariflorus",1,TRUE
"DM","Overlap0",2,"Mb-37","ABR33","M. sinensis",1,TRUE
"DM","Overlap0",2,"Mb-383_1","ABR33","M. sacchariflorus",1,TRUE
"DM","Overlap0",2,"Mb-391","ABR33","M. sacchariflorus",1,TRUE
"DM","Overlap0",2,"Mb-393_1","ABR33","M. sacchariflorus",1,TRUE
"DM","Overlap0",2,"Mb-397","ABR33","M. sacchariflorus",1,TRUE
"DM","Overlap0",2,"Mb-399","ABR33","M. sacchariflorus",1,TRUE
"DM","Overlap0",2,"Mb-401","ABR33","M. sacchariflorus",0,TRUE
"DM","Overlap0",2,"Mb-411","ABR33","M. sacchariflorus",1,TRUE
"DM","Overlap0",2,"Mb-416","ABR33","M. sacchariflorus",1,TRUE
"DM","Overlap0",2,"Mb-425_1","ABR33","M. sacchariflorus",1,TRUE
"DM","Overlap0",2,"Mb-427_1","ABR33","M. sacchariflorus",1,TRUE
"DM","Overlap0",2,"Mb-431_1","ABR33","M. sacchariflorus",1,TRUE
"DM","Overlap0",2,"Mb-434_1","ABR33","M. sinensis",1,TRUE
"DM","Overlap0",2,"Mb-485_1","ABR33","M. sacchariflorus",1,TRUE
"DM","Overlap0",2,"Mb-486","ABR33","M. sacchariflorus",1,TRUE
"DM","Overlap0",2,"Mb-488_15","ABR33","M. sacchariflorus",1,TRUE
"DM","Overlap0",2,"Mb-490_10","ABR33","M. sacchariflorus",1,TRUE
"DM","Overlap0",2,"Mb-494_1","ABR33","M. sacchariflorus",1,TRUE
"DM","Overlap0",2,"Mb-498_1","ABR33","M. sacchariflorus",0,TRUE
"DM","Overlap0",2,"Mb-502_1","ABR33","M. sacchariflorus",1,TRUE
"DM","Overlap0",2,"Mb-505_1","ABR33","M. sacchariflorus",0,TRUE
"DM","Overlap0",2,"Mb-508","ABR33","M. sacchariflorus",1,TRUE
"DM","Overlap0",2,"Mb-526_13","ABR33","M. sinensis",1,TRUE
"DM","Overlap0",2,"Mb-527_1","ABR33","M. sinensis",0,TRUE
"DM","Overlap0",2,"Mb-533_1","ABR33","M. sinensis",1,TRUE
"DM","Overlap0",2,"Mb-539_1","ABR33","M. sinensis",1,TRUE
"DM","Overlap0",2,"Mb-585_1","ABR33","M. sinensis",0,TRUE
"DM","Overlap0",2,"Mb-628_1","ABR33","M. sacchariflorus",1,TRUE
"DM","Overlap0",2,"Mb-70","ABR33","M. sinensis",0,TRUE
"DM","Overlap0",2,"Mb-72","ABR33","M. x gig",1,TRUE
"DM","Overlap0",2,"Mb-74","ABR33","M. sinensis",1,TRUE
"DM","Overlap0",2,"Mb-76","ABR33","M. sacchariflorus",1,TRUE
"DM","Overlap0",2,"Mb-770_18","ABR33","M. sacchariflorus",1,TRUE
"DM","Overlap0",2,"Mb-779_14","ABR33","M. sacchariflorus",1,TRUE
"DM","Overlap0",2,"Mb-787_13","ABR33","M. sacchariflorus",0,TRUE
"DM","Overlap0",2,"Mb-810_11","ABR33","M. sacchariflorus",1,TRUE
"DM","Overlap0",2,"Mb-819_19","ABR33","M. sacchariflorus",1,TRUE
"DM","Overlap0",2,"Mb-851_1","ABR33","M. sinensis",1,TRUE
"DM","Overlap0",2,"Mb-86","ABR33","M. sinensis",1,TRUE
"DM","Overlap0",2,"Mb-884_1","ABR33","M. sacchariflorus",1,TRUE
"DM","Overlap0",2,"Mb-893_11","ABR33","M. sinensis",1,TRUE
"DM","Overlap0",2,"Mb-9","ABR33","M. sinensis",1,TRUE
"DM","Overlap0",2,"Mb-910_11","ABR33","M. sinensis",0,TRUE
"DM","Overlap0",2,"Mb-913_17","ABR33","M. sacchariflorus",0,TRUE
"DM","Overlap0",2,"Mb-914_13","ABR33","M. sinensis",0,TRUE
"DM","Overlap0",2,"Mb-928_18","ABR33","M. sinensis",1,TRUE
"DM","Overlap0",2,"Mb-930","ABR33","M. sinensis",1,TRUE
"DM","Overlap0",2,"Mb-931_12","ABR33","M. sinensis",1,TRUE
"DM","Overlap0",2,"Mb-933_11","ABR33","M. sinensis",1,TRUE
"DM","Overlap0",2,"Mb-935_13","ABR33","M. sinensis",1,TRUE
"DM","Overlap0",2,"Mb-94","ABR33","M. sacchariflorus",1,TRUE
"DM","Overlap0",2,"Mb-956_19","ABR33","M. sacchariflorus",1,TRUE
"DM","Overlap0",2,"Mb-958_19","ABR33","M. sacchariflorus",0,TRUE
"DM","Overlap0",2,"Mb-960_20","ABR33","M. sinensis",1,TRUE
"DM","Overlap0",2,"Mb-961_16","ABR33","M. sacchariflorus",1,TRUE
"DM","Overlap0",2,"Mb-965_15","ABR33","M. sacchariflorus",1,TRUE
"DM","Overlap0",2,"Mb-969_18","ABR33","M. sacchariflorus",1,TRUE
"DM","Overlap0",2,"Mb-974_19","ABR33","M. sinensis",1,TRUE
"DM","Overlap0",2,"Mb-99","ABR33","M. sinensis",1,TRUE
"DM","Overlap0",2,"Mx-1548_12","ABR33","M. x gig",1,TRUE
"DM","Overlap0",2,"Mx-1915_12","ABR33","M. x gig",1,TRUE
"DM","Overlap0",2,"Mx-1932_13","ABR33","M. x gig",1,TRUE
"DM","Overlap0",2,"Mx-1933_11","ABR33","M. x gig",1,TRUE
"DM","Overlap0",2,"Mx-1956_15","ABR33","M. x gig",1,TRUE
"DM","Overlap0",2,"Mx-2446_1","ABR33","M. x gig",1,TRUE
"DM","Overlap0",2,"Mx-2470_5","ABR33","M. sacchariflorus",1,TRUE
"DM","Overlap0",2,"Mx-437_90","ABR33","M. x gig",1,TRUE
"DM","Overlap0",2,"Mb-102","JKI","M. sinensis",1,TRUE
"DM","Overlap0",2,"Mb-1037_52","JKI","M. sacchariflorus",1,TRUE
"DM","Overlap0",2,"Mb-104","JKI","M. x gig",1,TRUE
"DM","Overlap0",2,"Mb-1040_17","JKI","M. sacchariflorus",0,TRUE
"DM","Overlap0",2,"Mb-1043_32","JKI","M. sacchariflorus",1,TRUE
"DM","Overlap0",2,"Mb-1044_50","JKI","M. sacchariflorus",1,TRUE
"DM","Overlap0",2,"Mb-1056_31","JKI","M. sacchariflorus",1,TRUE
"DM","Overlap0",2,"Mb-1067_18","JKI","M. sacchariflorus",1,TRUE
"DM","Overlap0",2,"Mb-1086_54","JKI","M. x gig",1,TRUE
"DM","Overlap0",2,"Mb-109","JKI","M. sinensis",1,TRUE
"DM","Overlap0",2,"Mb-110","JKI","M. sinensis",0,TRUE
"DM","Overlap0",2,"Mb-111","JKI","M. sinensis",1,TRUE
"DM","Overlap0",2,"Mb-113","JKI","M. sinensis",1,TRUE
"DM","Overlap0",2,"Mb-1130_51","JKI","M. x gig",0,TRUE
"DM","Overlap0",2,"Mb-1132_52","JKI","M. x gig",1,TRUE
"DM","Overlap0",2,"Mb-1139_19","JKI","M. sinensis",1,FALSE
"DM","Overlap0",2,"Mb-1147_12","JKI","M. sinensis",1,TRUE
"DM","Overlap0",2,"Mb-115","JKI","M. sinensis",1,TRUE
"DM","Overlap0",2,"Mb-1153_20","JKI","M. sinensis",1,TRUE
"DM","Overlap0",2,"Mb-1155_33","JKI","M. sacchariflorus",1,TRUE
"DM","Overlap0",2,"Mb-1156_13","JKI","M. sinensis",1,TRUE
"DM","Overlap0",2,"Mb-1162_20","JKI","M. sacchariflorus",1,TRUE
"DM","Overlap0",2,"Mb-1182_16","JKI","M. sinensis",1,TRUE
"DM","Overlap0",2,"Mb-1205_12","JKI","M. sinensis",0,TRUE
"DM","Overlap0",2,"Mb-1231_18","JKI","M. sinensis",1,TRUE
"DM","Overlap0",2,"Mb-1238_1","JKI","M. sinensis",1,TRUE
"DM","Overlap0",2,"Mb-1261_15","JKI","M. sacchariflorus",1,TRUE
"DM","Overlap0",2,"Mb-1353_14","JKI","M. sacchariflorus",1,TRUE
"DM","Overlap0",2,"Mb-14","JKI","M. sinensis",1,TRUE
"DM","Overlap0",2,"Mb-140","JKI","M. sacchariflorus",1,TRUE
"DM","Overlap0",2,"Mb-142","JKI","M. sacchariflorus",1,TRUE
"DM","Overlap0",2,"Mb-144","JKI","M. sacchariflorus",1,TRUE
"DM","Overlap0",2,"Mb-146","JKI","M. sacchariflorus",1,TRUE
"DM","Overlap0",2,"Mb-147","JKI","M. x gig",1,TRUE
"DM","Overlap0",2,"Mb-148","JKI","M. x gig",1,TRUE
"DM","Overlap0",2,"Mb-1485_42","JKI","M. x gig",1,TRUE
"DM","Overlap0",2,"Mb-1486_1","JKI","M. x gig",0,TRUE
"DM","Overlap0",2,"Mb-149","JKI","M. x gig",0,TRUE
"DM","Overlap0",2,"Mb-166","JKI","M. sacchariflorus",0,TRUE
"DM","Overlap0",2,"Mb-167","JKI","M. sinensis",1,TRUE
"DM","Overlap0",2,"Mb-177","JKI","M. sacchariflorus",0,TRUE
"DM","Overlap0",2,"Mb-188","JKI","M. x gig",1,TRUE
"DM","Overlap0",2,"Mb-2","JKI","M. sinensis",0,TRUE
"DM","Overlap0",2,"Mb-221","JKI","M. sinensis",0,TRUE
"DM","Overlap0",2,"Mb-226","JKI","M. sacchariflorus",1,TRUE
"DM","Overlap0",2,"Mb-229","JKI","M. sinensis",1,TRUE
"DM","Overlap0",2,"Mb-255","JKI","M. sinensis",0,TRUE
"DM","Overlap0",2,"Mb-272","JKI","M. sacchariflorus",1,TRUE
"DM","Overlap0",2,"Mb-297","JKI","M. sacchariflorus",1,TRUE
"DM","Overlap0",2,"Mb-3","JKI","M. sinensis",1,TRUE
"DM","Overlap0",2,"Mb-306","JKI","M. sinensis",1,TRUE
"DM","Overlap0",2,"Mb-307","JKI","M. x gig",1,TRUE
"DM","Overlap0",2,"Mb-308","JKI","M. x gig",0,TRUE
"DM","Overlap0",2,"Mb-309","JKI","M. x gig",1,TRUE
"DM","Overlap0",2,"Mb-31","JKI","M. sinensis",1,TRUE
"DM","Overlap0",2,"Mb-310","JKI","M. x gig",1,TRUE
"DM","Overlap0",2,"Mb-35","JKI","M. sinensis",1,TRUE
"DM","Overlap0",2,"Mb-353","JKI","M. sacchariflorus",0,TRUE
"DM","Overlap0",2,"Mb-37","JKI","M. sinensis",1,TRUE
"DM","Overlap0",2,"Mb-383_1","JKI","M. sacchariflorus",1,TRUE
"DM","Overlap0",2,"Mb-391","JKI","M. sacchariflorus",0,TRUE
"DM","Overlap0",2,"Mb-393_1","JKI","M. sacchariflorus",1,TRUE
"DM","Overlap0",2,"Mb-397","JKI","M. sacchariflorus",0,TRUE
"DM","Overlap0",2,"Mb-399","JKI","M. sacchariflorus",1,TRUE
"DM","Overlap0",2,"Mb-401","JKI","M. sacchariflorus",1,TRUE
"DM","Overlap0",2,"Mb-411","JKI","M. sacchariflorus",1,TRUE
"DM","Overlap0",2,"Mb-416","JKI","M. sacchariflorus",1,TRUE
"DM","Overlap0",2,"Mb-425_1","JKI","M. sacchariflorus",1,TRUE
"DM","Overlap0",2,"Mb-427_1","JKI","M. sacchariflorus",1,TRUE
"DM","Overlap0",2,"Mb-431_1","JKI","M. sacchariflorus",1,TRUE
"DM","Overlap0",2,"Mb-434_1","JKI","M. sinensis",1,TRUE
"DM","Overlap0",2,"Mb-485_1","JKI","M. sacchariflorus",1,TRUE
"DM","Overlap0",2,"Mb-486","JKI","M. sacchariflorus",1,TRUE
"DM","Overlap0",2,"Mb-488_15","JKI","M. sacchariflorus",1,TRUE
"DM","Overlap0",2,"Mb-490_10","JKI","M. sacchariflorus",0,TRUE
"DM","Overlap0",2,"Mb-494_1","JKI","M. sacchariflorus",1,TRUE
"DM","Overlap0",2,"Mb-498_1","JKI","M. sacchariflorus",1,TRUE
"DM","Overlap0",2,"Mb-502_1","JKI","M. sacchariflorus",1,TRUE
"DM","Overlap0",2,"Mb-505_1","JKI","M. sacchariflorus",1,TRUE
"DM","Overlap0",2,"Mb-508","JKI","M. sacchariflorus",1,TRUE
"DM","Overlap0",2,"Mb-526_13","JKI","M. sinensis",1,TRUE
"DM","Overlap0",2,"Mb-527_1","JKI","M. sinensis",1,TRUE
"DM","Overlap0",2,"Mb-533_1","JKI","M. sinensis",1,TRUE
"DM","Overlap0",2,"Mb-539_1","JKI","M. sinensis",1,TRUE
"DM","Overlap0",2,"Mb-585_1","JKI","M. sinensis",1,TRUE
"DM","Overlap0",2,"Mb-628_1","JKI","M. sacchariflorus",0,TRUE
"DM","Overlap0",2,"Mb-70","JKI","M. sinensis",1,TRUE
"DM","Overlap0",2,"Mb-72","JKI","M. x gig",1,TRUE
"DM","Overlap0",2,"Mb-74","JKI","M. sinensis",0,TRUE
"DM","Overlap0",2,"Mb-76","JKI","M. sacchariflorus",1,TRUE
"DM","Overlap0",2,"Mb-770_18","JKI","M. sacchariflorus",0,TRUE
"DM","Overlap0",2,"Mb-779_14","JKI","M. sacchariflorus",1,TRUE
"DM","Overlap0",2,"Mb-787_13","JKI","M. sacchariflorus",1,TRUE
"DM","Overlap0",2,"Mb-810_11","JKI","M. sacchariflorus",1,TRUE
"DM","Overlap0",2,"Mb-819_19","JKI","M. sacchariflorus",1,TRUE
"DM","Overlap0",2,"Mb-851_1","JKI","M. sinensis",1,TRUE
"DM","Overlap0",2,"Mb-86","JKI","M. sinensis",0,TRUE
"DM","Overlap0",2,"Mb-884_1","JKI","M. sacchariflorus",0,TRUE
"DM","Overlap0",2,"Mb-893_11","JKI","M. sinensis",1,TRUE
"DM","Overlap0",2,"Mb-9","JKI","M. sinensis",1,TRUE
"DM","Overlap0",2,"Mb-910_11","JKI","M. sinensis",1,TRUE
"DM","Overlap0",2,"Mb-913_17","JKI","M. sacchariflorus",1,TRUE
"DM","Overlap0",2,"Mb-914_13","JKI","M. sinensis",1,TRUE
"DM","Overlap0",2,"Mb-928_18","JKI","M. sinensis",1,TRUE
"DM","Overlap0",2,"Mb-930","JKI","M. sinensis",1,TRUE
"DM","Overlap0",2,"Mb-931_12","JKI","M. sinensis",1,TRUE
"DM","Overlap0",2,"Mb-933_11","JKI","M. sinensis",1,TRUE
"DM","Overlap0",2,"Mb-935_13","JKI","M. sinensis",1,TRUE
"DM","Overlap0",2,"Mb-94","JKI","M. sacchariflorus",1,TRUE
"DM","Overlap0",2,"Mb-956_19","JKI","M. sacchariflorus",1,TRUE
"DM","Overlap0",2,"Mb-958_19","JKI","M. sacchariflorus",1,TRUE
"DM","Overlap0",2,"Mb-960_20","JKI","M. sinensis",0,TRUE
"DM","Overlap0",2,"Mb-961_16","JKI","M. sacchariflorus",0,TRUE
"DM","Overlap0",2,"Mb-965_15","JKI","M. sacchariflorus",1,TRUE
"DM","Overlap0",2,"Mb-969_18","JKI","M. sacchariflorus",1,TRUE
"DM","Overlap0",2,"Mb-974_19","JKI","M. sinensis",0,TRUE
"DM","Overlap0",2,"Mb-99","JKI","M. sinensis",1,TRUE
"DM","Overlap0",2,"Mx-1548_12","JKI","M. x gig",1,TRUE
"DM","Overlap0",2,"Mx-1915_12","JKI","M. x gig",1,TRUE
"DM","Overlap0",2,"Mx-1932_13","JKI","M. x gig",1,TRUE
"DM","Overlap0",2,"Mx-1933_11","JKI","M. x gig",1,TRUE
"DM","Overlap0",2,"Mx-1956_15","JKI","M. x gig",1,TRUE
"DM","Overlap0",2,"Mx-2446_1","JKI","M. x gig",1,TRUE
"DM","Overlap0",2,"Mx-2470_5","JKI","M. sacchariflorus",0,TRUE
"DM","Overlap0",2,"Mx-437_90","JKI","M. x gig",1,TRUE
"DM","Overlap0",3,"Mb-102","ABR33","M. sinensis",1,TRUE
"DM","Overlap0",3,"Mb-1037_52","ABR33","M. sacchariflorus",1,TRUE
"DM","Overlap0",3,"Mb-104","ABR33","M. x gig",1,TRUE
"DM","Overlap0",3,"Mb-1040_17","ABR33","M. sacchariflorus",1,TRUE
"DM","Overlap0",3,"Mb-1043_32","ABR33","M. sacchariflorus",1,TRUE
"DM","Overlap0",3,"Mb-1044_50","ABR33","M. sacchariflorus",1,TRUE
"DM","Overlap0",3,"Mb-1056_31","ABR33","M. sacchariflorus",1,TRUE
"DM","Overlap0",3,"Mb-1067_18","ABR33","M. sacchariflorus",1,TRUE
"DM","Overlap0",3,"Mb-1086_54","ABR33","M. x gig",1,TRUE
"DM","Overlap0",3,"Mb-109","ABR33","M. sinensis",1,TRUE
"DM","Overlap0",3,"Mb-110","ABR33","M. sinensis",1,TRUE
"DM","Overlap0",3,"Mb-111","ABR33","M. sinensis",1,TRUE
"DM","Overlap0",3,"Mb-113","ABR33","M. sinensis",1,TRUE
"DM","Overlap0",3,"Mb-1130_51","ABR33","M. x gig",1,TRUE
"DM","Overlap0",3,"Mb-1132_52","ABR33","M. x gig",1,TRUE
"DM","Overlap0",3,"Mb-1139_19","ABR33","M. sinensis",1,TRUE
"DM","Overlap0",3,"Mb-1147_12","ABR33","M. sinensis",0,TRUE
"DM","Overlap0",3,"Mb-115","ABR33","M. sinensis",1,TRUE
"DM","Overlap0",3,"Mb-1153_20","ABR33","M. sinensis",1,TRUE
"DM","Overlap0",3,"Mb-1155_33","ABR33","M. sacchariflorus",1,TRUE
"DM","Overlap0",3,"Mb-1156_13","ABR33","M. sinensis",1,TRUE
"DM","Overlap0",3,"Mb-1162_20","ABR33","M. sacchariflorus",1,TRUE
"DM","Overlap0",3,"Mb-1182_16","ABR33","M. sinensis",1,TRUE
"DM","Overlap0",3,"Mb-1205_12","ABR33","M. sinensis",1,TRUE
"DM","Overlap0",3,"Mb-1231_18","ABR33","M. sinensis",1,TRUE
"DM","Overlap0",3,"Mb-1238_1","ABR33","M. sinensis",1,TRUE
"DM","Overlap0",3,"Mb-1261_15","ABR33","M. sacchariflorus",1,TRUE
"DM","Overlap0",3,"Mb-1353_14","ABR33","M. sacchariflorus",1,TRUE
"DM","Overlap0",3,"Mb-14","ABR33","M. sinensis",1,TRUE
"DM","Overlap0",3,"Mb-140","ABR33","M. sacchariflorus",1,TRUE
"DM","Overlap0",3,"Mb-142","ABR33","M. sacchariflorus",1,TRUE
"DM","Overlap0",3,"Mb-144","ABR33","M. sacchariflorus",1,TRUE
"DM","Overlap0",3,"Mb-146","ABR33","M. sacchariflorus",1,TRUE
"DM","Overlap0",3,"Mb-147","ABR33","M. x gig",0,TRUE
"DM","Overlap0",3,"Mb-148","ABR33","M. x gig",0,TRUE
"DM","Overlap0",3,"Mb-1485_42","ABR33","M. x gig",1,TRUE
"DM","Overlap0",3,"Mb-1486_1","ABR33","M. x gig",1,TRUE
"DM","Overlap0",3,"Mb-149","ABR33","M. x gig",1,TRUE
"DM","Overlap0",3,"Mb-166","ABR33","M. sacchariflorus",1,TRUE
"DM","Overlap0",3,"Mb-167","ABR33","M. sinensis",1,TRUE
"DM","Overlap0",3,"Mb-177","ABR33","M. sacchariflorus",1,TRUE
"DM","Overlap0",3,"Mb-188","ABR33","M. x gig",1,TRUE
"DM","Overlap0",3,"Mb-2","ABR33","M. sinensis",1,TRUE
"DM","Overlap0",3,"Mb-221","ABR33","M. sinensis",1,TRUE
"DM","Overlap0",3,"Mb-226","ABR33","M. sacchariflorus",1,TRUE
"DM","Overlap0",3,"Mb-229","ABR33","M. sinensis",1,TRUE
"DM","Overlap0",3,"Mb-255","ABR33","M. sinensis",1,TRUE
"DM","Overlap0",3,"Mb-272","ABR33","M. sacchariflorus",0,TRUE
"DM","Overlap0",3,"Mb-297","ABR33","M. sacchariflorus",1,TRUE
"DM","Overlap0",3,"Mb-3","ABR33","M. sinensis",1,TRUE
"DM","Overlap0",3,"Mb-306","ABR33","M. sinensis",0,TRUE
"DM","Overlap0",3,"Mb-307","ABR33","M. x gig",1,TRUE
"DM","Overlap0",3,"Mb-308","ABR33","M. x gig",1,TRUE
"DM","Overlap0",3,"Mb-309","ABR33","M. x gig",0,TRUE
"DM","Overlap0",3,"Mb-31","ABR33","M. sinensis",1,TRUE
"DM","Overlap0",3,"Mb-310","ABR33","M. x gig",1,TRUE
"DM","Overlap0",3,"Mb-35","ABR33","M. sinensis",1,TRUE
"DM","Overlap0",3,"Mb-353","ABR33","M. sacchariflorus",1,TRUE
"DM","Overlap0",3,"Mb-37","ABR33","M. sinensis",0,TRUE
"DM","Overlap0",3,"Mb-383_1","ABR33","M. sacchariflorus",1,TRUE
"DM","Overlap0",3,"Mb-391","ABR33","M. sacchariflorus",1,TRUE
"DM","Overlap0",3,"Mb-393_1","ABR33","M. sacchariflorus",1,TRUE
"DM","Overlap0",3,"Mb-397","ABR33","M. sacchariflorus",1,TRUE
"DM","Overlap0",3,"Mb-399","ABR33","M. sacchariflorus",1,TRUE
"DM","Overlap0",3,"Mb-401","ABR33","M. sacchariflorus",1,TRUE
"DM","Overlap0",3,"Mb-411","ABR33","M. sacchariflorus",1,TRUE
"DM","Overlap0",3,"Mb-416","ABR33","M. sacchariflorus",1,TRUE
"DM","Overlap0",3,"Mb-425_1","ABR33","M. sacchariflorus",0,TRUE
"DM","Overlap0",3,"Mb-427_1","ABR33","M. sacchariflorus",1,TRUE
"DM","Overlap0",3,"Mb-431_1","ABR33","M. sacchariflorus",1,TRUE
"DM","Overlap0",3,"Mb-434_1","ABR33","M. sinensis",0,TRUE
"DM","Overlap0",3,"Mb-485_1","ABR33","M. sacchariflorus",1,TRUE
"DM","Overlap0",3,"Mb-486","ABR33","M. sacchariflorus",0,TRUE
"DM","Overlap0",3,"Mb-488_15","ABR33","M. sacchariflorus",1,TRUE
"DM","Overlap0",3,"Mb-490_10","ABR33","M. sacchariflorus",1,TRUE
"DM","Overlap0",3,"Mb-494_1","ABR33","M. sacchariflorus",1,TRUE
"DM","Overlap0",3,"Mb-498_1","ABR33","M. sacchariflorus",1,TRUE
"DM","Overlap0",3,"Mb-502_1","ABR33","M. sacchariflorus",1,TRUE
"DM","Overlap0",3,"Mb-505_1","ABR33","M. sacchariflorus",1,TRUE
"DM","Overlap0",3,"Mb-508","ABR33","M. sacchariflorus",0,TRUE
"DM","Overlap0",3,"Mb-526_13","ABR33","M. sinensis",1,TRUE
"DM","Overlap0",3,"Mb-527_1","ABR33","M. sinensis",1,TRUE
"DM","Overlap0",3,"Mb-533_1","ABR33","M. sinensis",1,TRUE
"DM","Overlap0",3,"Mb-539_1","ABR33","M. sinensis",1,TRUE
"DM","Overlap0",3,"Mb-585_1","ABR33","M. sinensis",1,TRUE
"DM","Overlap0",3,"Mb-628_1","ABR33","M. sacchariflorus",1,TRUE
"DM","Overlap0",3,"Mb-70","ABR33","M. sinensis",1,TRUE
"DM","Overlap0",3,"Mb-72","ABR33","M. x gig",1,TRUE
"DM","Overlap0",3,"Mb-74","ABR33","M. sinensis",1,TRUE
"DM","Overlap0",3,"Mb-76","ABR33","M. sacchariflorus",1,TRUE
"DM","Overlap0",3,"Mb-770_18","ABR33","M. sacchariflorus",1,TRUE
"DM","Overlap0",3,"Mb-779_14","ABR33","M. sacchariflorus",1,TRUE
"DM","Overlap0",3,"Mb-787_13","ABR33","M. sacchariflorus",0,TRUE
"DM","Overlap0",3,"Mb-810_11","ABR33","M. sacchariflorus",1,TRUE
"DM","Overlap0",3,"Mb-819_19","ABR33","M. sacchariflorus",1,TRUE
"DM","Overlap0",3,"Mb-851_1","ABR33","M. sinensis",1,TRUE
"DM","Overlap0",3,"Mb-86","ABR33","M. sinensis",1,TRUE
"DM","Overlap0",3,"Mb-884_1","ABR33","M. sacchariflorus",1,TRUE
"DM","Overlap0",3,"Mb-893_11","ABR33","M. sinensis",1,TRUE
"DM","Overlap0",3,"Mb-9","ABR33","M. sinensis",1,TRUE
"DM","Overlap0",3,"Mb-910_11","ABR33","M. sinensis",1,TRUE
"DM","Overlap0",3,"Mb-913_17","ABR33","M. sacchariflorus",0,TRUE
"DM","Overlap0",3,"Mb-914_13","ABR33","M. sinensis",1,TRUE
"DM","Overlap0",3,"Mb-928_18","ABR33","M. sinensis",0,TRUE
"DM","Overlap0",3,"Mb-930","ABR33","M. sinensis",0,TRUE
"DM","Overlap0",3,"Mb-931_12","ABR33","M. sinensis",1,TRUE
"DM","Overlap0",3,"Mb-933_11","ABR33","M. sinensis",1,TRUE
"DM","Overlap0",3,"Mb-935_13","ABR33","M. sinensis",0,TRUE
"DM","Overlap0",3,"Mb-94","ABR33","M. sacchariflorus",1,TRUE
"DM","Overlap0",3,"Mb-956_19","ABR33","M. sacchariflorus",0,TRUE
"DM","Overlap0",3,"Mb-958_19","ABR33","M. sacchariflorus",0,TRUE
"DM","Overlap0",3,"Mb-960_20","ABR33","M. sinensis",1,TRUE
"DM","Overlap0",3,"Mb-961_16","ABR33","M. sacchariflorus",1,TRUE
"DM","Overlap0",3,"Mb-965_15","ABR33","M. sacchariflorus",1,TRUE
"DM","Overlap0",3,"Mb-969_18","ABR33","M. sacchariflorus",1,TRUE
"DM","Overlap0",3,"Mb-974_19","ABR33","M. sinensis",1,TRUE
"DM","Overlap0",3,"Mb-99","ABR33","M. sinensis",0,TRUE
"DM","Overlap0",3,"Mx-1548_12","ABR33","M. x gig",1,TRUE
"DM","Overlap0",3,"Mx-1915_12","ABR33","M. x gig",1,TRUE
"DM","Overlap0",3,"Mx-1932_13","ABR33","M. x gig",0,TRUE
"DM","Overlap0",3,"Mx-1933_11","ABR33","M. x gig",0,TRUE
"DM","Overlap0",3,"Mx-1956_15","ABR33","M. x gig",0,TRUE
"DM","Overlap0",3,"Mx-2446_1","ABR33","M. x gig",0,TRUE
"DM","Overlap0",3,"Mx-2470_5","ABR33","M. sacchariflorus",0,TRUE
"DM","Overlap0",3,"Mx-437_90","ABR33","M. x gig",0,TRUE
"DM","Overlap0",3,"Mb-102","JKI","M. sinensis",1,TRUE
"DM","Overlap0",3,"Mb-1037_52","JKI","M. sacchariflorus",0,TRUE
"DM","Overlap0",3,"Mb-104","JKI","M. x gig",1,TRUE
"DM","Overlap0",3,"Mb-1040_17","JKI","M. sacchariflorus",0,TRUE
"DM","Overlap0",3,"Mb-1043_32","JKI","M. sacchariflorus",0,TRUE
"DM","Overlap0",3,"Mb-1044_50","JKI","M. sacchariflorus",0,TRUE
"DM","Overlap0",3,"Mb-1056_31","JKI","M. sacchariflorus",1,TRUE
"DM","Overlap0",3,"Mb-1067_18","JKI","M. sacchariflorus",1,TRUE
"DM","Overlap0",3,"Mb-1086_54","JKI","M. x gig",1,TRUE
"DM","Overlap0",3,"Mb-109","JKI","M. sinensis",0,TRUE
"DM","Overlap0",3,"Mb-110","JKI","M. sinensis",1,TRUE
"DM","Overlap0",3,"Mb-111","JKI","M. sinensis",1,TRUE
"DM","Overlap0",3,"Mb-113","JKI","M. sinensis",1,TRUE
"DM","Overlap0",3,"Mb-1130_51","JKI","M. x gig",1,TRUE
"DM","Overlap0",3,"Mb-1132_52","JKI","M. x gig",0,TRUE
"DM","Overlap0",3,"Mb-1139_19","JKI","M. sinensis",1,FALSE
"DM","Overlap0",3,"Mb-1147_12","JKI","M. sinensis",1,TRUE
"DM","Overlap0",3,"Mb-115","JKI","M. sinensis",1,TRUE
"DM","Overlap0",3,"Mb-1153_20","JKI","M. sinensis",1,TRUE
"DM","Overlap0",3,"Mb-1155_33","JKI","M. sacchariflorus",0,TRUE
"DM","Overlap0",3,"Mb-1156_13","JKI","M. sinensis",1,TRUE
"DM","Overlap0",3,"Mb-1162_20","JKI","M. sacchariflorus",1,TRUE
"DM","Overlap0",3,"Mb-1182_16","JKI","M. sinensis",1,TRUE
"DM","Overlap0",3,"Mb-1205_12","JKI","M. sinensis",1,TRUE
"DM","Overlap0",3,"Mb-1231_18","JKI","M. sinensis",1,TRUE
"DM","Overlap0",3,"Mb-1238_1","JKI","M. sinensis",1,TRUE
"DM","Overlap0",3,"Mb-1261_15","JKI","M. sacchariflorus",1,TRUE
"DM","Overlap0",3,"Mb-1353_14","JKI","M. sacchariflorus",0,TRUE
"DM","Overlap0",3,"Mb-14","JKI","M. sinensis",1,TRUE
"DM","Overlap0",3,"Mb-140","JKI","M. sacchariflorus",1,TRUE
"DM","Overlap0",3,"Mb-142","JKI","M. sacchariflorus",1,TRUE
"DM","Overlap0",3,"Mb-144","JKI","M. sacchariflorus",1,TRUE
"DM","Overlap0",3,"Mb-146","JKI","M. sacchariflorus",1,TRUE
"DM","Overlap0",3,"Mb-147","JKI","M. x gig",1,TRUE
"DM","Overlap0",3,"Mb-148","JKI","M. x gig",1,TRUE
"DM","Overlap0",3,"Mb-1485_42","JKI","M. x gig",1,TRUE
"DM","Overlap0",3,"Mb-1486_1","JKI","M. x gig",0,TRUE
"DM","Overlap0",3,"Mb-149","JKI","M. x gig",1,TRUE
"DM","Overlap0",3,"Mb-166","JKI","M. sacchariflorus",1,TRUE
"DM","Overlap0",3,"Mb-167","JKI","M. sinensis",0,TRUE
"DM","Overlap0",3,"Mb-177","JKI","M. sacchariflorus",1,TRUE
"DM","Overlap0",3,"Mb-188","JKI","M. x gig",1,TRUE
"DM","Overlap0",3,"Mb-2","JKI","M. sinensis",1,TRUE
"DM","Overlap0",3,"Mb-221","JKI","M. sinensis",1,TRUE
"DM","Overlap0",3,"Mb-226","JKI","M. sacchariflorus",1,TRUE
"DM","Overlap0",3,"Mb-229","JKI","M. sinensis",1,TRUE
"DM","Overlap0",3,"Mb-255","JKI","M. sinensis",1,TRUE
"DM","Overlap0",3,"Mb-272","JKI","M. sacchariflorus",1,TRUE
"DM","Overlap0",3,"Mb-297","JKI","M. sacchariflorus",1,TRUE
"DM","Overlap0",3,"Mb-3","JKI","M. sinensis",1,TRUE
"DM","Overlap0",3,"Mb-306","JKI","M. sinensis",1,TRUE
"DM","Overlap0",3,"Mb-307","JKI","M. x gig",1,TRUE
"DM","Overlap0",3,"Mb-308","JKI","M. x gig",0,TRUE
"DM","Overlap0",3,"Mb-309","JKI","M. x gig",1,TRUE
"DM","Overlap0",3,"Mb-31","JKI","M. sinensis",1,TRUE
"DM","Overlap0",3,"Mb-310","JKI","M. x gig",0,TRUE
"DM","Overlap0",3,"Mb-35","JKI","M. sinensis",1,TRUE
"DM","Overlap0",3,"Mb-353","JKI","M. sacchariflorus",0,TRUE
"DM","Overlap0",3,"Mb-37","JKI","M. sinensis",1,TRUE
"DM","Overlap0",3,"Mb-383_1","JKI","M. sacchariflorus",1,TRUE
"DM","Overlap0",3,"Mb-391","JKI","M. sacchariflorus",0,TRUE
"DM","Overlap0",3,"Mb-393_1","JKI","M. sacchariflorus",0,TRUE
"DM","Overlap0",3,"Mb-397","JKI","M. sacchariflorus",1,TRUE
"DM","Overlap0",3,"Mb-399","JKI","M. sacchariflorus",0,TRUE
"DM","Overlap0",3,"Mb-401","JKI","M. sacchariflorus",1,TRUE
"DM","Overlap0",3,"Mb-411","JKI","M. sacchariflorus",1,TRUE
"DM","Overlap0",3,"Mb-416","JKI","M. sacchariflorus",0,TRUE
"DM","Overlap0",3,"Mb-425_1","JKI","M. sacchariflorus",1,TRUE
"DM","Overlap0",3,"Mb-427_1","JKI","M. sacchariflorus",0,TRUE
"DM","Overlap0",3,"Mb-431_1","JKI","M. sacchariflorus",1,TRUE
"DM","Overlap0",3,"Mb-434_1","JKI","M. sinensis",1,TRUE
"DM","Overlap0",3,"Mb-485_1","JKI","M. sacchariflorus",1,TRUE
"DM","Overlap0",3,"Mb-486","JKI","M. sacchariflorus",1,TRUE
"DM","Overlap0",3,"Mb-488_15","JKI","M. sacchariflorus",0,TRUE
"DM","Overlap0",3,"Mb-490_10","JKI","M. sacchariflorus",1,TRUE
"DM","Overlap0",3,"Mb-494_1","JKI","M. sacchariflorus",1,TRUE
"DM","Overlap0",3,"Mb-498_1","JKI","M. sacchariflorus",1,TRUE
"DM","Overlap0",3,"Mb-502_1","JKI","M. sacchariflorus",1,TRUE
"DM","Overlap0",3,"Mb-505_1","JKI","M. sacchariflorus",1,TRUE
"DM","Overlap0",3,"Mb-508","JKI","M. sacchariflorus",1,TRUE
"DM","Overlap0",3,"Mb-526_13","JKI","M. sinensis",0,TRUE
"DM","Overlap0",3,"Mb-527_1","JKI","M. sinensis",0,TRUE
"DM","Overlap0",3,"Mb-533_1","JKI","M. sinensis",1,TRUE
"DM","Overlap0",3,"Mb-539_1","JKI","M. sinensis",1,TRUE
"DM","Overlap0",3,"Mb-585_1","JKI","M. sinensis",1,TRUE
"DM","Overlap0",3,"Mb-628_1","JKI","M. sacchariflorus",0,TRUE
"DM","Overlap0",3,"Mb-70","JKI","M. sinensis",1,TRUE
"DM","Overlap0",3,"Mb-72","JKI","M. x gig",1,TRUE
"DM","Overlap0",3,"Mb-74","JKI","M. sinensis",0,TRUE
"DM","Overlap0",3,"Mb-76","JKI","M. sacchariflorus",1,TRUE
"DM","Overlap0",3,"Mb-770_18","JKI","M. sacchariflorus",1,TRUE
"DM","Overlap0",3,"Mb-779_14","JKI","M. sacchariflorus",1,TRUE
"DM","Overlap0",3,"Mb-787_13","JKI","M. sacchariflorus",1,TRUE
"DM","Overlap0",3,"Mb-810_11","JKI","M. sacchariflorus",1,TRUE
"DM","Overlap0",3,"Mb-819_19","JKI","M. sacchariflorus",1,TRUE
"DM","Overlap0",3,"Mb-851_1","JKI","M. sinensis",1,TRUE
"DM","Overlap0",3,"Mb-86","JKI","M. sinensis",1,TRUE
"DM","Overlap0",3,"Mb-884_1","JKI","M. sacchariflorus",0,TRUE
"DM","Overlap0",3,"Mb-893_11","JKI","M. sinensis",1,TRUE
"DM","Overlap0",3,"Mb-9","JKI","M. sinensis",1,TRUE
"DM","Overlap0",3,"Mb-910_11","JKI","M. sinensis",1,TRUE
"DM","Overlap0",3,"Mb-913_17","JKI","M. sacchariflorus",1,TRUE
"DM","Overlap0",3,"Mb-914_13","JKI","M. sinensis",1,TRUE
"DM","Overlap0",3,"Mb-928_18","JKI","M. sinensis",1,TRUE
"DM","Overlap0",3,"Mb-930","JKI","M. sinensis",1,TRUE
"DM","Overlap0",3,"Mb-931_12","JKI","M. sinensis",1,TRUE
"DM","Overlap0",3,"Mb-933_11","JKI","M. sinensis",0,TRUE
"DM","Overlap0",3,"Mb-935_13","JKI","M. sinensis",1,TRUE
"DM","Overlap0",3,"Mb-94","JKI","M. sacchariflorus",1,TRUE
"DM","Overlap0",3,"Mb-956_19","JKI","M. sacchariflorus",1,TRUE
"DM","Overlap0",3,"Mb-958_19","JKI","M. sacchariflorus",1,TRUE
"DM","Overlap0",3,"Mb-960_20","JKI","M. sinensis",1,TRUE
"DM","Overlap0",3,"Mb-961_16","JKI","M. sacchariflorus",1,TRUE
"DM","Overlap0",3,"Mb-965_15","JKI","M. sacchariflorus",1,TRUE
"DM","Overlap0",3,"Mb-969_18","JKI","M. sacchariflorus",1,TRUE
"DM","Overlap0",3,"Mb-974_19","JKI","M. sinensis",1,TRUE
"DM","Overlap0",3,"Mb-99","JKI","M. sinensis",1,TRUE
"DM","Overlap0",3,"Mx-1548_12","JKI","M. x gig",1,TRUE
"DM","Overlap0",3,"Mx-1915_12","JKI","M. x gig",1,TRUE
"DM","Overlap0",3,"Mx-1932_13","JKI","M. x gig",1,TRUE
"DM","Overlap0",3,"Mx-1933_11","JKI","M. x gig",1,TRUE
"DM","Overlap0",3,"Mx-1956_15","JKI","M. x gig",1,TRUE
"DM","Overlap0",3,"Mx-2446_1","JKI","M. x gig",1,TRUE
"DM","Overlap0",3,"Mx-2470_5","JKI","M. sacchariflorus",1,TRUE
"DM","Overlap0",3,"Mx-437_90","JKI","M. x gig",1,TRUE
"DM","Overlap0",4,"Mb-102","ABR33","M. sinensis",1,TRUE
"DM","Overlap0",4,"Mb-1037_52","ABR33","M. sacchariflorus",1,TRUE
"DM","Overlap0",4,"Mb-104","ABR33","M. x gig",1,TRUE
"DM","Overlap0",4,"Mb-1040_17","ABR33","M. sacchariflorus",1,TRUE
"DM","Overlap0",4,"Mb-1043_32","ABR33","M. sacchariflorus",1,TRUE
"DM","Overlap0",4,"Mb-1044_50","ABR33","M. sacchariflorus",0,TRUE
"DM","Overlap0",4,"Mb-1056_31","ABR33","M. sacchariflorus",1,TRUE
"DM","Overlap0",4,"Mb-1067_18","ABR33","M. sacchariflorus",1,TRUE
"DM","Overlap0",4,"Mb-1086_54","ABR33","M. x gig",1,TRUE
"DM","Overlap0",4,"Mb-109","ABR33","M. sinensis",1,TRUE
"DM","Overlap0",4,"Mb-110","ABR33","M. sinensis",1,TRUE
"DM","Overlap0",4,"Mb-111","ABR33","M. sinensis",1,TRUE
"DM","Overlap0",4,"Mb-113","ABR33","M. sinensis",1,TRUE
"DM","Overlap0",4,"Mb-1130_51","ABR33","M. x gig",1,TRUE
"DM","Overlap0",4,"Mb-1132_52","ABR33","M. x gig",0,TRUE
"DM","Overlap0",4,"Mb-1139_19","ABR33","M. sinensis",1,TRUE
"DM","Overlap0",4,"Mb-1147_12","ABR33","M. sinensis",1,TRUE
"DM","Overlap0",4,"Mb-115","ABR33","M. sinensis",0,TRUE
"DM","Overlap0",4,"Mb-1153_20","ABR33","M. sinensis",0,TRUE
"DM","Overlap0",4,"Mb-1155_33","ABR33","M. sacchariflorus",1,TRUE
"DM","Overlap0",4,"Mb-1156_13","ABR33","M. sinensis",1,TRUE
"DM","Overlap0",4,"Mb-1162_20","ABR33","M. sacchariflorus",1,TRUE
"DM","Overlap0",4,"Mb-1182_16","ABR33","M. sinensis",1,TRUE
"DM","Overlap0",4,"Mb-1205_12","ABR33","M. sinensis",0,TRUE
"DM","Overlap0",4,"Mb-1231_18","ABR33","M. sinensis",1,TRUE
"DM","Overlap0",4,"Mb-1238_1","ABR33","M. sinensis",1,TRUE
"DM","Overlap0",4,"Mb-1261_15","ABR33","M. sacchariflorus",1,TRUE
"DM","Overlap0",4,"Mb-1353_14","ABR33","M. sacchariflorus",0,TRUE
"DM","Overlap0",4,"Mb-14","ABR33","M. sinensis",1,TRUE
"DM","Overlap0",4,"Mb-140","ABR33","M. sacchariflorus",1,TRUE
"DM","Overlap0",4,"Mb-142","ABR33","M. sacchariflorus",1,TRUE
"DM","Overlap0",4,"Mb-144","ABR33","M. sacchariflorus",1,TRUE
"DM","Overlap0",4,"Mb-146","ABR33","M. sacchariflorus",1,TRUE
"DM","Overlap0",4,"Mb-147","ABR33","M. x gig",1,TRUE
"DM","Overlap0",4,"Mb-148","ABR33","M. x gig",0,TRUE
"DM","Overlap0",4,"Mb-1485_42","ABR33","M. x gig",0,TRUE
"DM","Overlap0",4,"Mb-1486_1","ABR33","M. x gig",1,TRUE
"DM","Overlap0",4,"Mb-149","ABR33","M. x gig",1,TRUE
"DM","Overlap0",4,"Mb-166","ABR33","M. sacchariflorus",1,TRUE
"DM","Overlap0",4,"Mb-167","ABR33","M. sinensis",1,TRUE
"DM","Overlap0",4,"Mb-177","ABR33","M. sacchariflorus",1,TRUE
"DM","Overlap0",4,"Mb-188","ABR33","M. x gig",1,TRUE
"DM","Overlap0",4,"Mb-2","ABR33","M. sinensis",1,TRUE
"DM","Overlap0",4,"Mb-221","ABR33","M. sinensis",1,TRUE
"DM","Overlap0",4,"Mb-226","ABR33","M. sacchariflorus",1,TRUE
"DM","Overlap0",4,"Mb-229","ABR33","M. sinensis",0,TRUE
"DM","Overlap0",4,"Mb-255","ABR33","M. sinensis",1,TRUE
"DM","Overlap0",4,"Mb-272","ABR33","M. sacchariflorus",1,TRUE
"DM","Overlap0",4,"Mb-297","ABR33","M. sacchariflorus",1,TRUE
"DM","Overlap0",4,"Mb-3","ABR33","M. sinensis",1,TRUE
"DM","Overlap0",4,"Mb-306","ABR33","M. sinensis",0,TRUE
"DM","Overlap0",4,"Mb-307","ABR33","M. x gig",1,TRUE
"DM","Overlap0",4,"Mb-308","ABR33","M. x gig",1,TRUE
"DM","Overlap0",4,"Mb-309","ABR33","M. x gig",1,TRUE
"DM","Overlap0",4,"Mb-31","ABR33","M. sinensis",1,TRUE
"DM","Overlap0",4,"Mb-310","ABR33","M. x gig",1,TRUE
"DM","Overlap0",4,"Mb-35","ABR33","M. sinensis",1,TRUE
"DM","Overlap0",4,"Mb-353","ABR33","M. sacchariflorus",0,TRUE
"DM","Overlap0",4,"Mb-37","ABR33","M. sinensis",1,TRUE
"DM","Overlap0",4,"Mb-383_1","ABR33","M. sacchariflorus",1,TRUE
"DM","Overlap0",4,"Mb-391","ABR33","M. sacchariflorus",1,TRUE
"DM","Overlap0",4,"Mb-393_1","ABR33","M. sacchariflorus",1,TRUE
"DM","Overlap0",4,"Mb-397","ABR33","M. sacchariflorus",1,TRUE
"DM","Overlap0",4,"Mb-399","ABR33","M. sacchariflorus",1,TRUE
"DM","Overlap0",4,"Mb-401","ABR33","M. sacchariflorus",1,TRUE
"DM","Overlap0",4,"Mb-411","ABR33","M. sacchariflorus",0,TRUE
"DM","Overlap0",4,"Mb-416","ABR33","M. sacchariflorus",1,TRUE
"DM","Overlap0",4,"Mb-425_1","ABR33","M. sacchariflorus",0,TRUE
"DM","Overlap0",4,"Mb-427_1","ABR33","M. sacchariflorus",1,TRUE
"DM","Overlap0",4,"Mb-431_1","ABR33","M. sacchariflorus",1,TRUE
"DM","Overlap0",4,"Mb-434_1","ABR33","M. sinensis",1,TRUE
"DM","Overlap0",4,"Mb-485_1","ABR33","M. sacchariflorus",1,TRUE
"DM","Overlap0",4,"Mb-486","ABR33","M. sacchariflorus",0,TRUE
"DM","Overlap0",4,"Mb-488_15","ABR33","M. sacchariflorus",1,TRUE
"DM","Overlap0",4,"Mb-490_10","ABR33","M. sacchariflorus",0,TRUE
"DM","Overlap0",4,"Mb-494_1","ABR33","M. sacchariflorus",1,TRUE
"DM","Overlap0",4,"Mb-498_1","ABR33","M. sacchariflorus",1,TRUE
"DM","Overlap0",4,"Mb-502_1","ABR33","M. sacchariflorus",1,TRUE
"DM","Overlap0",4,"Mb-505_1","ABR33","M. sacchariflorus",1,TRUE
"DM","Overlap0",4,"Mb-508","ABR33","M. sacchariflorus",1,TRUE
"DM","Overlap0",4,"Mb-526_13","ABR33","M. sinensis",0,TRUE
"DM","Overlap0",4,"Mb-527_1","ABR33","M. sinensis",1,TRUE
"DM","Overlap0",4,"Mb-533_1","ABR33","M. sinensis",1,TRUE
"DM","Overlap0",4,"Mb-539_1","ABR33","M. sinensis",1,TRUE
"DM","Overlap0",4,"Mb-585_1","ABR33","M. sinensis",0,TRUE
"DM","Overlap0",4,"Mb-628_1","ABR33","M. sacchariflorus",0,TRUE
"DM","Overlap0",4,"Mb-70","ABR33","M. sinensis",1,TRUE
"DM","Overlap0",4,"Mb-72","ABR33","M. x gig",1,TRUE
"DM","Overlap0",4,"Mb-74","ABR33","M. sinensis",1,TRUE
"DM","Overlap0",4,"Mb-76","ABR33","M. sacchariflorus",1,TRUE
"DM","Overlap0",4,"Mb-770_18","ABR33","M. sacchariflorus",1,TRUE
"DM","Overlap0",4,"Mb-779_14","ABR33","M. sacchariflorus",0,TRUE
"DM","Overlap0",4,"Mb-787_13","ABR33","M. sacchariflorus",1,TRUE
"DM","Overlap0",4,"Mb-810_11","ABR33","M. sacchariflorus",0,TRUE
"DM","Overlap0",4,"Mb-819_19","ABR33","M. sacchariflorus",1,TRUE
"DM","Overlap0",4,"Mb-851_1","ABR33","M. sinensis",0,TRUE
"DM","Overlap0",4,"Mb-86","ABR33","M. sinensis",1,TRUE
"DM","Overlap0",4,"Mb-884_1","ABR33","M. sacchariflorus",1,TRUE
"DM","Overlap0",4,"Mb-893_11","ABR33","M. sinensis",0,TRUE
"DM","Overlap0",4,"Mb-9","ABR33","M. sinensis",1,TRUE
"DM","Overlap0",4,"Mb-910_11","ABR33","M. sinensis",1,TRUE
"DM","Overlap0",4,"Mb-913_17","ABR33","M. sacchariflorus",1,TRUE
"DM","Overlap0",4,"Mb-914_13","ABR33","M. sinensis",1,TRUE
"DM","Overlap0",4,"Mb-928_18","ABR33","M. sinensis",1,TRUE
"DM","Overlap0",4,"Mb-930","ABR33","M. sinensis",1,TRUE
"DM","Overlap0",4,"Mb-931_12","ABR33","M. sinensis",1,TRUE
"DM","Overlap0",4,"Mb-933_11","ABR33","M. sinensis",1,TRUE
"DM","Overlap0",4,"Mb-935_13","ABR33","M. sinensis",0,TRUE
"DM","Overlap0",4,"Mb-94","ABR33","M. sacchariflorus",1,TRUE
"DM","Overlap0",4,"Mb-956_19","ABR33","M. sacchariflorus",0,TRUE
"DM","Overlap0",4,"Mb-958_19","ABR33","M. sacchariflorus",1,TRUE
"DM","Overlap0",4,"Mb-960_20","ABR33","M. sinensis",1,TRUE
"DM","Overlap0",4,"Mb-961_16","ABR33","M. sacchariflorus",1,TRUE
"DM","Overlap0",4,"Mb-965_15","ABR33","M. sacchariflorus",1,TRUE
"DM","Overlap0",4,"Mb-969_18","ABR33","M. sacchariflorus",1,TRUE
"DM","Overlap0",4,"Mb-974_19","ABR33","M. sinensis",1,TRUE
"DM","Overlap0",4,"Mb-99","ABR33","M. sinensis",0,TRUE
"DM","Overlap0",4,"Mx-1548_12","ABR33","M. x gig",1,TRUE
"DM","Overlap0",4,"Mx-1915_12","ABR33","M. x gig",1,TRUE
"DM","Overlap0",4,"Mx-1932_13","ABR33","M. x gig",1,TRUE
"DM","Overlap0",4,"Mx-1933_11","ABR33","M. x gig",1,TRUE
"DM","Overlap0",4,"Mx-1956_15","ABR33","M. x gig",1,TRUE
"DM","Overlap0",4,"Mx-2446_1","ABR33","M. x gig",1,TRUE
"DM","Overlap0",4,"Mx-2470_5","ABR33","M. sacchariflorus",1,TRUE
"DM","Overlap0",4,"Mx-437_90","ABR33","M. x gig",1,TRUE
"DM","Overlap0",4,"Mb-102","JKI","M. sinensis",1,TRUE
"DM","Overlap0",4,"Mb-1037_52","JKI","M. sacchariflorus",0,TRUE
"DM","Overlap0",4,"Mb-104","JKI","M. x gig",1,TRUE
"DM","Overlap0",4,"Mb-1040_17","JKI","M. sacchariflorus",1,TRUE
"DM","Overlap0",4,"Mb-1043_32","JKI","M. sacchariflorus",1,TRUE
"DM","Overlap0",4,"Mb-1044_50","JKI","M. sacchariflorus",1,TRUE
"DM","Overlap0",4,"Mb-1056_31","JKI","M. sacchariflorus",0,TRUE
"DM","Overlap0",4,"Mb-1067_18","JKI","M. sacchariflorus",0,TRUE
"DM","Overlap0",4,"Mb-1086_54","JKI","M. x gig",1,TRUE
"DM","Overlap0",4,"Mb-109","JKI","M. sinensis",1,TRUE
"DM","Overlap0",4,"Mb-110","JKI","M. sinensis",1,TRUE
"DM","Overlap0",4,"Mb-111","JKI","M. sinensis",1,TRUE
"DM","Overlap0",4,"Mb-113","JKI","M. sinensis",1,TRUE
"DM","Overlap0",4,"Mb-1130_51","JKI","M. x gig",1,TRUE
"DM","Overlap0",4,"Mb-1132_52","JKI","M. x gig",1,TRUE
"DM","Overlap0",4,"Mb-1139_19","JKI","M. sinensis",1,FALSE
"DM","Overlap0",4,"Mb-1147_12","JKI","M. sinensis",1,TRUE
"DM","Overlap0",4,"Mb-115","JKI","M. sinensis",1,TRUE
"DM","Overlap0",4,"Mb-1153_20","JKI","M. sinensis",1,TRUE
"DM","Overlap0",4,"Mb-1155_33","JKI","M. sacchariflorus",1,TRUE
"DM","Overlap0",4,"Mb-1156_13","JKI","M. sinensis",0,TRUE
"DM","Overlap0",4,"Mb-1162_20","JKI","M. sacchariflorus",1,TRUE
"DM","Overlap0",4,"Mb-1182_16","JKI","M. sinensis",0,TRUE
"DM","Overlap0",4,"Mb-1205_12","JKI","M. sinensis",1,TRUE
"DM","Overlap0",4,"Mb-1231_18","JKI","M. sinensis",1,TRUE
"DM","Overlap0",4,"Mb-1238_1","JKI","M. sinensis",1,TRUE
"DM","Overlap0",4,"Mb-1261_15","JKI","M. sacchariflorus",1,TRUE
"DM","Overlap0",4,"Mb-1353_14","JKI","M. sacchariflorus",1,TRUE
"DM","Overlap0",4,"Mb-14","JKI","M. sinensis",0,TRUE
"DM","Overlap0",4,"Mb-140","JKI","M. sacchariflorus",1,TRUE
"DM","Overlap0",4,"Mb-142","JKI","M. sacchariflorus",1,TRUE
"DM","Overlap0",4,"Mb-144","JKI","M. sacchariflorus",1,TRUE
"DM","Overlap0",4,"Mb-146","JKI","M. sacchariflorus",1,TRUE
"DM","Overlap0",4,"Mb-147","JKI","M. x gig",1,TRUE
"DM","Overlap0",4,"Mb-148","JKI","M. x gig",1,TRUE
"DM","Overlap0",4,"Mb-1485_42","JKI","M. x gig",1,TRUE
"DM","Overlap0",4,"Mb-1486_1","JKI","M. x gig",1,TRUE
"DM","Overlap0",4,"Mb-149","JKI","M. x gig",1,TRUE
"DM","Overlap0",4,"Mb-166","JKI","M. sacchariflorus",1,TRUE
"DM","Overlap0",4,"Mb-167","JKI","M. sinensis",0,TRUE
"DM","Overlap0",4,"Mb-177","JKI","M. sacchariflorus",1,TRUE
"DM","Overlap0",4,"Mb-188","JKI","M. x gig",0,TRUE
"DM","Overlap0",4,"Mb-2","JKI","M. sinensis",1,TRUE
"DM","Overlap0",4,"Mb-221","JKI","M. sinensis",1,TRUE
"DM","Overlap0",4,"Mb-226","JKI","M. sacchariflorus",0,TRUE
"DM","Overlap0",4,"Mb-229","JKI","M. sinensis",1,TRUE
"DM","Overlap0",4,"Mb-255","JKI","M. sinensis",1,TRUE
"DM","Overlap0",4,"Mb-272","JKI","M. sacchariflorus",1,TRUE
"DM","Overlap0",4,"Mb-297","JKI","M. sacchariflorus",1,TRUE
"DM","Overlap0",4,"Mb-3","JKI","M. sinensis",1,TRUE
"DM","Overlap0",4,"Mb-306","JKI","M. sinensis",1,TRUE
"DM","Overlap0",4,"Mb-307","JKI","M. x gig",1,TRUE
"DM","Overlap0",4,"Mb-308","JKI","M. x gig",0,TRUE
"DM","Overlap0",4,"Mb-309","JKI","M. x gig",1,TRUE
"DM","Overlap0",4,"Mb-31","JKI","M. sinensis",1,TRUE
"DM","Overlap0",4,"Mb-310","JKI","M. x gig",0,TRUE
"DM","Overlap0",4,"Mb-35","JKI","M. sinensis",1,TRUE
"DM","Overlap0",4,"Mb-353","JKI","M. sacchariflorus",1,TRUE
"DM","Overlap0",4,"Mb-37","JKI","M. sinensis",1,TRUE
"DM","Overlap0",4,"Mb-383_1","JKI","M. sacchariflorus",0,TRUE
"DM","Overlap0",4,"Mb-391","JKI","M. sacchariflorus",0,TRUE
"DM","Overlap0",4,"Mb-393_1","JKI","M. sacchariflorus",1,TRUE
"DM","Overlap0",4,"Mb-397","JKI","M. sacchariflorus",1,TRUE
"DM","Overlap0",4,"Mb-399","JKI","M. sacchariflorus",0,TRUE
"DM","Overlap0",4,"Mb-401","JKI","M. sacchariflorus",1,TRUE
"DM","Overlap0",4,"Mb-411","JKI","M. sacchariflorus",1,TRUE
"DM","Overlap0",4,"Mb-416","JKI","M. sacchariflorus",1,TRUE
"DM","Overlap0",4,"Mb-425_1","JKI","M. sacchariflorus",1,TRUE
"DM","Overlap0",4,"Mb-427_1","JKI","M. sacchariflorus",0,TRUE
"DM","Overlap0",4,"Mb-431_1","JKI","M. sacchariflorus",0,TRUE
"DM","Overlap0",4,"Mb-434_1","JKI","M. sinensis",0,TRUE
"DM","Overlap0",4,"Mb-485_1","JKI","M. sacchariflorus",1,TRUE
"DM","Overlap0",4,"Mb-486","JKI","M. sacchariflorus",1,TRUE
"DM","Overlap0",4,"Mb-488_15","JKI","M. sacchariflorus",1,TRUE
"DM","Overlap0",4,"Mb-490_10","JKI","M. sacchariflorus",1,TRUE
"DM","Overlap0",4,"Mb-494_1","JKI","M. sacchariflorus",1,TRUE
"DM","Overlap0",4,"Mb-498_1","JKI","M. sacchariflorus",1,TRUE
"DM","Overlap0",4,"Mb-502_1","JKI","M. sacchariflorus",1,TRUE
"DM","Overlap0",4,"Mb-505_1","JKI","M. sacchariflorus",1,TRUE
"DM","Overlap0",4,"Mb-508","JKI","M. sacchariflorus",1,TRUE
"DM","Overlap0",4,"Mb-526_13","JKI","M. sinensis",1,TRUE
"DM","Overlap0",4,"Mb-527_1","JKI","M. sinensis",0,TRUE
"DM","Overlap0",4,"Mb-533_1","JKI","M. sinensis",0,TRUE
"DM","Overlap0",4,"Mb-539_1","JKI","M. sinensis",1,TRUE
"DM","Overlap0",4,"Mb-585_1","JKI","M. sinensis",1,TRUE
"DM","Overlap0",4,"Mb-628_1","JKI","M. sacchariflorus",1,TRUE
"DM","Overlap0",4,"Mb-70","JKI","M. sinensis",1,TRUE
"DM","Overlap0",4,"Mb-72","JKI","M. x gig",0,TRUE
"DM","Overlap0",4,"Mb-74","JKI","M. sinensis",1,TRUE
"DM","Overlap0",4,"Mb-76","JKI","M. sacchariflorus",1,TRUE
"DM","Overlap0",4,"Mb-770_18","JKI","M. sacchariflorus",0,TRUE
"DM","Overlap0",4,"Mb-779_14","JKI","M. sacchariflorus",1,TRUE
"DM","Overlap0",4,"Mb-787_13","JKI","M. sacchariflorus",1,TRUE
"DM","Overlap0",4,"Mb-810_11","JKI","M. sacchariflorus",1,TRUE
"DM","Overlap0",4,"Mb-819_19","JKI","M. sacchariflorus",1,TRUE
"DM","Overlap0",4,"Mb-851_1","JKI","M. sinensis",1,TRUE
"DM","Overlap0",4,"Mb-86","JKI","M. sinensis",0,TRUE
"DM","Overlap0",4,"Mb-884_1","JKI","M. sacchariflorus",1,TRUE
"DM","Overlap0",4,"Mb-893_11","JKI","M. sinensis",1,TRUE
"DM","Overlap0",4,"Mb-9","JKI","M. sinensis",1,TRUE
"DM","Overlap0",4,"Mb-910_11","JKI","M. sinensis",1,TRUE
"DM","Overlap0",4,"Mb-913_17","JKI","M. sacchariflorus",1,TRUE
"DM","Overlap0",4,"Mb-914_13","JKI","M. sinensis",1,TRUE
"DM","Overlap0",4,"Mb-928_18","JKI","M. sinensis",0,TRUE
"DM","Overlap0",4,"Mb-930","JKI","M. sinensis",1,TRUE
"DM","Overlap0",4,"Mb-931_12","JKI","M. sinensis",1,TRUE
"DM","Overlap0",4,"Mb-933_11","JKI","M. sinensis",0,TRUE
"DM","Overlap0",4,"Mb-935_13","JKI","M. sinensis",1,TRUE
"DM","Overlap0",4,"Mb-94","JKI","M. sacchariflorus",1,TRUE
"DM","Overlap0",4,"Mb-956_19","JKI","M. sacchariflorus",1,TRUE
"DM","Overlap0",4,"Mb-958_19","JKI","M. sacchariflorus",1,TRUE
"DM","Overlap0",4,"Mb-960_20","JKI","M. sinensis",1,TRUE
"DM","Overlap0",4,"Mb-961_16","JKI","M. sacchariflorus",1,TRUE
"DM","Overlap0",4,"Mb-965_15","JKI","M. sacchariflorus",0,TRUE
"DM","Overlap0",4,"Mb-969_18","JKI","M. sacchariflorus",1,TRUE
"DM","Overlap0",4,"Mb-974_19","JKI","M. sinensis",1,TRUE
"DM","Overlap0",4,"Mb-99","JKI","M. sinensis",1,TRUE
"DM","Overlap0",4,"Mx-1548_12","JKI","M. x gig",1,TRUE
"DM","Overlap0",4,"Mx-1915_12","JKI","M. x gig",1,TRUE
"DM","Overlap0",4,"Mx-1932_13","JKI","M. x gig",1,TRUE
"DM","Overlap0",4,"Mx-1933_11","JKI","M. x gig",1,TRUE
"DM","Overlap0",4,"Mx-1956_15","JKI","M. x gig",1,TRUE
"DM","Overlap0",4,"Mx-2446_1","JKI","M. x gig",1,TRUE
"DM","Overlap0",4,"Mx-2470_5","JKI","M. sacchariflorus",1,TRUE
"DM","Overlap0",4,"Mx-437_90","JKI","M. x gig",1,TRUE
"DM","Overlap0",5,"Mb-102","ABR33","M. sinensis",1,TRUE
"DM","Overlap0",5,"Mb-1037_52","ABR33","M. sacchariflorus",1,TRUE
"DM","Overlap0",5,"Mb-104","ABR33","M. x gig",1,TRUE
"DM","Overlap0",5,"Mb-1040_17","ABR33","M. sacchariflorus",1,TRUE
"DM","Overlap0",5,"Mb-1043_32","ABR33","M. sacchariflorus",1,TRUE
"DM","Overlap0",5,"Mb-1044_50","ABR33","M. sacchariflorus",1,TRUE
"DM","Overlap0",5,"Mb-1056_31","ABR33","M. sacchariflorus",1,TRUE
"DM","Overlap0",5,"Mb-1067_18","ABR33","M. sacchariflorus",1,TRUE
"DM","Overlap0",5,"Mb-1086_54","ABR33","M. x gig",1,TRUE
"DM","Overlap0",5,"Mb-109","ABR33","M. sinensis",1,TRUE
"DM","Overlap0",5,"Mb-110","ABR33","M. sinensis",1,TRUE
"DM","Overlap0",5,"Mb-111","ABR33","M. sinensis",1,TRUE
"DM","Overlap0",5,"Mb-113","ABR33","M. sinensis",1,TRUE
"DM","Overlap0",5,"Mb-1130_51","ABR33","M. x gig",1,TRUE
"DM","Overlap0",5,"Mb-1132_52","ABR33","M. x gig",1,TRUE
"DM","Overlap0",5,"Mb-1139_19","ABR33","M. sinensis",1,TRUE
"DM","Overlap0",5,"Mb-1147_12","ABR33","M. sinensis",0,TRUE
"DM","Overlap0",5,"Mb-115","ABR33","M. sinensis",1,TRUE
"DM","Overlap0",5,"Mb-1153_20","ABR33","M. sinensis",1,TRUE
"DM","Overlap0",5,"Mb-1155_33","ABR33","M. sacchariflorus",1,TRUE
"DM","Overlap0",5,"Mb-1156_13","ABR33","M. sinensis",0,TRUE
"DM","Overlap0",5,"Mb-1162_20","ABR33","M. sacchariflorus",1,TRUE
"DM","Overlap0",5,"Mb-1182_16","ABR33","M. sinensis",1,TRUE
"DM","Overlap0",5,"Mb-1205_12","ABR33","M. sinensis",1,TRUE
"DM","Overlap0",5,"Mb-1231_18","ABR33","M. sinensis",1,TRUE
"DM","Overlap0",5,"Mb-1238_1","ABR33","M. sinensis",1,TRUE
"DM","Overlap0",5,"Mb-1261_15","ABR33","M. sacchariflorus",1,TRUE
"DM","Overlap0",5,"Mb-1353_14","ABR33","M. sacchariflorus",1,TRUE
"DM","Overlap0",5,"Mb-14","ABR33","M. sinensis",1,TRUE
"DM","Overlap0",5,"Mb-140","ABR33","M. sacchariflorus",1,TRUE
"DM","Overlap0",5,"Mb-142","ABR33","M. sacchariflorus",1,TRUE
"DM","Overlap0",5,"Mb-144","ABR33","M. sacchariflorus",1,TRUE
"DM","Overlap0",5,"Mb-146","ABR33","M. sacchariflorus",0,TRUE
"DM","Overlap0",5,"Mb-147","ABR33","M. x gig",1,TRUE
"DM","Overlap0",5,"Mb-148","ABR33","M. x gig",1,TRUE
"DM","Overlap0",5,"Mb-1485_42","ABR33","M. x gig",1,TRUE
"DM","Overlap0",5,"Mb-1486_1","ABR33","M. x gig",1,TRUE
"DM","Overlap0",5,"Mb-149","ABR33","M. x gig",1,TRUE
"DM","Overlap0",5,"Mb-166","ABR33","M. sacchariflorus",0,TRUE
"DM","Overlap0",5,"Mb-167","ABR33","M. sinensis",1,TRUE
"DM","Overlap0",5,"Mb-177","ABR33","M. sacchariflorus",1,TRUE
"DM","Overlap0",5,"Mb-188","ABR33","M. x gig",1,TRUE
"DM","Overlap0",5,"Mb-2","ABR33","M. sinensis",1,TRUE
"DM","Overlap0",5,"Mb-221","ABR33","M. sinensis",1,TRUE
"DM","Overlap0",5,"Mb-226","ABR33","M. sacchariflorus",1,TRUE
"DM","Overlap0",5,"Mb-229","ABR33","M. sinensis",0,TRUE
"DM","Overlap0",5,"Mb-255","ABR33","M. sinensis",0,TRUE
"DM","Overlap0",5,"Mb-272","ABR33","M. sacchariflorus",1,TRUE
"DM","Overlap0",5,"Mb-297","ABR33","M. sacchariflorus",0,TRUE
"DM","Overlap0",5,"Mb-3","ABR33","M. sinensis",1,TRUE
"DM","Overlap0",5,"Mb-306","ABR33","M. sinensis",1,TRUE
"DM","Overlap0",5,"Mb-307","ABR33","M. x gig",0,TRUE
"DM","Overlap0",5,"Mb-308","ABR33","M. x gig",0,TRUE
"DM","Overlap0",5,"Mb-309","ABR33","M. x gig",1,TRUE
"DM","Overlap0",5,"Mb-31","ABR33","M. sinensis",1,TRUE
"DM","Overlap0",5,"Mb-310","ABR33","M. x gig",1,TRUE
"DM","Overlap0",5,"Mb-35","ABR33","M. sinensis",1,TRUE
"DM","Overlap0",5,"Mb-353","ABR33","M. sacchariflorus",0,TRUE
"DM","Overlap0",5,"Mb-37","ABR33","M. sinensis",1,TRUE
"DM","Overlap0",5,"Mb-383_1","ABR33","M. sacchariflorus",0,TRUE
"DM","Overlap0",5,"Mb-391","ABR33","M. sacchariflorus",1,TRUE
"DM","Overlap0",5,"Mb-393_1","ABR33","M. sacchariflorus",0,TRUE
"DM","Overlap0",5,"Mb-397","ABR33","M. sacchariflorus",1,TRUE
"DM","Overlap0",5,"Mb-399","ABR33","M. sacchariflorus",1,TRUE
"DM","Overlap0",5,"Mb-401","ABR33","M. sacchariflorus",1,TRUE
"DM","Overlap0",5,"Mb-411","ABR33","M. sacchariflorus",1,TRUE
"DM","Overlap0",5,"Mb-416","ABR33","M. sacchariflorus",1,TRUE
"DM","Overlap0",5,"Mb-425_1","ABR33","M. sacchariflorus",1,TRUE
"DM","Overlap0",5,"Mb-427_1","ABR33","M. sacchariflorus",0,TRUE
"DM","Overlap0",5,"Mb-431_1","ABR33","M. sacchariflorus",1,TRUE
"DM","Overlap0",5,"Mb-434_1","ABR33","M. sinensis",1,TRUE
"DM","Overlap0",5,"Mb-485_1","ABR33","M. sacchariflorus",0,TRUE
"DM","Overlap0",5,"Mb-486","ABR33","M. sacchariflorus",0,TRUE
"DM","Overlap0",5,"Mb-488_15","ABR33","M. sacchariflorus",1,TRUE
"DM","Overlap0",5,"Mb-490_10","ABR33","M. sacchariflorus",0,TRUE
"DM","Overlap0",5,"Mb-494_1","ABR33","M. sacchariflorus",1,TRUE
"DM","Overlap0",5,"Mb-498_1","ABR33","M. sacchariflorus",1,TRUE
"DM","Overlap0",5,"Mb-502_1","ABR33","M. sacchariflorus",1,TRUE
"DM","Overlap0",5,"Mb-505_1","ABR33","M. sacchariflorus",1,TRUE
"DM","Overlap0",5,"Mb-508","ABR33","M. sacchariflorus",1,TRUE
"DM","Overlap0",5,"Mb-526_13","ABR33","M. sinensis",1,TRUE
"DM","Overlap0",5,"Mb-527_1","ABR33","M. sinensis",0,TRUE
"DM","Overlap0",5,"Mb-533_1","ABR33","M. sinensis",1,TRUE
"DM","Overlap0",5,"Mb-539_1","ABR33","M. sinensis",0,TRUE
"DM","Overlap0",5,"Mb-585_1","ABR33","M. sinensis",1,TRUE
"DM","Overlap0",5,"Mb-628_1","ABR33","M. sacchariflorus",1,TRUE
"DM","Overlap0",5,"Mb-70","ABR33","M. sinensis",1,TRUE
"DM","Overlap0",5,"Mb-72","ABR33","M. x gig",1,TRUE
"DM","Overlap0",5,"Mb-74","ABR33","M. sinensis",1,TRUE
"DM","Overlap0",5,"Mb-76","ABR33","M. sacchariflorus",0,TRUE
"DM","Overlap0",5,"Mb-770_18","ABR33","M. sacchariflorus",0,TRUE
"DM","Overlap0",5,"Mb-779_14","ABR33","M. sacchariflorus",1,TRUE
"DM","Overlap0",5,"Mb-787_13","ABR33","M. sacchariflorus",1,TRUE
"DM","Overlap0",5,"Mb-810_11","ABR33","M. sacchariflorus",1,TRUE
"DM","Overlap0",5,"Mb-819_19","ABR33","M. sacchariflorus",1,TRUE
"DM","Overlap0",5,"Mb-851_1","ABR33","M. sinensis",1,TRUE
"DM","Overlap0",5,"Mb-86","ABR33","M. sinensis",0,TRUE
"DM","Overlap0",5,"Mb-884_1","ABR33","M. sacchariflorus",1,TRUE
"DM","Overlap0",5,"Mb-893_11","ABR33","M. sinensis",0,TRUE
"DM","Overlap0",5,"Mb-9","ABR33","M. sinensis",0,TRUE
"DM","Overlap0",5,"Mb-910_11","ABR33","M. sinensis",0,TRUE
"DM","Overlap0",5,"Mb-913_17","ABR33","M. sacchariflorus",1,TRUE
"DM","Overlap0",5,"Mb-914_13","ABR33","M. sinensis",1,TRUE
"DM","Overlap0",5,"Mb-928_18","ABR33","M. sinensis",1,TRUE
"DM","Overlap0",5,"Mb-930","ABR33","M. sinensis",1,TRUE
"DM","Overlap0",5,"Mb-931_12","ABR33","M. sinensis",1,TRUE
"DM","Overlap0",5,"Mb-933_11","ABR33","M. sinensis",1,TRUE
"DM","Overlap0",5,"Mb-935_13","ABR33","M. sinensis",1,TRUE
"DM","Overlap0",5,"Mb-94","ABR33","M. sacchariflorus",1,TRUE
"DM","Overlap0",5,"Mb-956_19","ABR33","M. sacchariflorus",1,TRUE
"DM","Overlap0",5,"Mb-958_19","ABR33","M. sacchariflorus",1,TRUE
"DM","Overlap0",5,"Mb-960_20","ABR33","M. sinensis",1,TRUE
"DM","Overlap0",5,"Mb-961_16","ABR33","M. sacchariflorus",0,TRUE
"DM","Overlap0",5,"Mb-965_15","ABR33","M. sacchariflorus",1,TRUE
"DM","Overlap0",5,"Mb-969_18","ABR33","M. sacchariflorus",1,TRUE
"DM","Overlap0",5,"Mb-974_19","ABR33","M. sinensis",1,TRUE
"DM","Overlap0",5,"Mb-99","ABR33","M. sinensis",1,TRUE
"DM","Overlap0",5,"Mx-1548_12","ABR33","M. x gig",1,TRUE
"DM","Overlap0",5,"Mx-1915_12","ABR33","M. x gig",1,TRUE
"DM","Overlap0",5,"Mx-1932_13","ABR33","M. x gig",1,TRUE
"DM","Overlap0",5,"Mx-1933_11","ABR33","M. x gig",1,TRUE
"DM","Overlap0",5,"Mx-1956_15","ABR33","M. x gig",1,TRUE
"DM","Overlap0",5,"Mx-2446_1","ABR33","M. x gig",1,TRUE
"DM","Overlap0",5,"Mx-2470_5","ABR33","M. sacchariflorus",1,TRUE
"DM","Overlap0",5,"Mx-437_90","ABR33","M. x gig",1,TRUE
"DM","Overlap0",5,"Mb-102","JKI","M. sinensis",1,TRUE
"DM","Overlap0",5,"Mb-1037_52","JKI","M. sacchariflorus",1,TRUE
"DM","Overlap0",5,"Mb-104","JKI","M. x gig",1,TRUE
"DM","Overlap0",5,"Mb-1040_17","JKI","M. sacchariflorus",0,TRUE
"DM","Overlap0",5,"Mb-1043_32","JKI","M. sacchariflorus",0,TRUE
"DM","Overlap0",5,"Mb-1044_50","JKI","M. sacchariflorus",0,TRUE
"DM","Overlap0",5,"Mb-1056_31","JKI","M. sacchariflorus",0,TRUE
"DM","Overlap0",5,"Mb-1067_18","JKI","M. sacchariflorus",0,TRUE
"DM","Overlap0",5,"Mb-1086_54","JKI","M. x gig",1,TRUE
"DM","Overlap0",5,"Mb-109","JKI","M. sinensis",1,TRUE
"DM","Overlap0",5,"Mb-110","JKI","M. sinensis",0,TRUE
"DM","Overlap0",5,"Mb-111","JKI","M. sinensis",1,TRUE
"DM","Overlap0",5,"Mb-113","JKI","M. sinensis",1,TRUE
"DM","Overlap0",5,"Mb-1130_51","JKI","M. x gig",0,TRUE
"DM","Overlap0",5,"Mb-1132_52","JKI","M. x gig",1,TRUE
"DM","Overlap0",5,"Mb-1139_19","JKI","M. sinensis",1,FALSE
"DM","Overlap0",5,"Mb-1147_12","JKI","M. sinensis",1,TRUE
"DM","Overlap0",5,"Mb-115","JKI","M. sinensis",1,TRUE
"DM","Overlap0",5,"Mb-1153_20","JKI","M. sinensis",0,TRUE
"DM","Overlap0",5,"Mb-1155_33","JKI","M. sacchariflorus",1,TRUE
"DM","Overlap0",5,"Mb-1156_13","JKI","M. sinensis",1,TRUE
"DM","Overlap0",5,"Mb-1162_20","JKI","M. sacchariflorus",1,TRUE
"DM","Overlap0",5,"Mb-1182_16","JKI","M. sinensis",1,TRUE
"DM","Overlap0",5,"Mb-1205_12","JKI","M. sinensis",1,TRUE
"DM","Overlap0",5,"Mb-1231_18","JKI","M. sinensis",1,TRUE
"DM","Overlap0",5,"Mb-1238_1","JKI","M. sinensis",0,TRUE
"DM","Overlap0",5,"Mb-1261_15","JKI","M. sacchariflorus",1,TRUE
"DM","Overlap0",5,"Mb-1353_14","JKI","M. sacchariflorus",0,TRUE
"DM","Overlap0",5,"Mb-14","JKI","M. sinensis",1,TRUE
"DM","Overlap0",5,"Mb-140","JKI","M. sacchariflorus",0,TRUE
"DM","Overlap0",5,"Mb-142","JKI","M. sacchariflorus",1,TRUE
"DM","Overlap0",5,"Mb-144","JKI","M. sacchariflorus",1,TRUE
"DM","Overlap0",5,"Mb-146","JKI","M. sacchariflorus",1,TRUE
"DM","Overlap0",5,"Mb-147","JKI","M. x gig",1,TRUE
"DM","Overlap0",5,"Mb-148","JKI","M. x gig",1,TRUE
"DM","Overlap0",5,"Mb-1485_42","JKI","M. x gig",1,TRUE
"DM","Overlap0",5,"Mb-1486_1","JKI","M. x gig",0,TRUE
"DM","Overlap0",5,"Mb-149","JKI","M. x gig",1,TRUE
"DM","Overlap0",5,"Mb-166","JKI","M. sacchariflorus",1,TRUE
"DM","Overlap0",5,"Mb-167","JKI","M. sinensis",0,TRUE
"DM","Overlap0",5,"Mb-177","JKI","M. sacchariflorus",1,TRUE
"DM","Overlap0",5,"Mb-188","JKI","M. x gig",1,TRUE
"DM","Overlap0",5,"Mb-2","JKI","M. sinensis",1,TRUE
"DM","Overlap0",5,"Mb-221","JKI","M. sinensis",1,TRUE
"DM","Overlap0",5,"Mb-226","JKI","M. sacchariflorus",1,TRUE
"DM","Overlap0",5,"Mb-229","JKI","M. sinensis",1,TRUE
"DM","Overlap0",5,"Mb-255","JKI","M. sinensis",1,TRUE
"DM","Overlap0",5,"Mb-272","JKI","M. sacchariflorus",1,TRUE
"DM","Overlap0",5,"Mb-297","JKI","M. sacchariflorus",1,TRUE
"DM","Overlap0",5,"Mb-3","JKI","M. sinensis",1,TRUE
"DM","Overlap0",5,"Mb-306","JKI","M. sinensis",1,TRUE
"DM","Overlap0",5,"Mb-307","JKI","M. x gig",1,TRUE
"DM","Overlap0",5,"Mb-308","JKI","M. x gig",1,TRUE
"DM","Overlap0",5,"Mb-309","JKI","M. x gig",1,TRUE
"DM","Overlap0",5,"Mb-31","JKI","M. sinensis",1,TRUE
"DM","Overlap0",5,"Mb-310","JKI","M. x gig",1,TRUE
"DM","Overlap0",5,"Mb-35","JKI","M. sinensis",0,TRUE
"DM","Overlap0",5,"Mb-353","JKI","M. sacchariflorus",1,TRUE
"DM","Overlap0",5,"Mb-37","JKI","M. sinensis",1,TRUE
"DM","Overlap0",5,"Mb-383_1","JKI","M. sacchariflorus",1,TRUE
"DM","Overlap0",5,"Mb-391","JKI","M. sacchariflorus",1,TRUE
"DM","Overlap0",5,"Mb-393_1","JKI","M. sacchariflorus",1,TRUE
"DM","Overlap0",5,"Mb-397","JKI","M. sacchariflorus",1,TRUE
"DM","Overlap0",5,"Mb-399","JKI","M. sacchariflorus",1,TRUE
"DM","Overlap0",5,"Mb-401","JKI","M. sacchariflorus",1,TRUE
"DM","Overlap0",5,"Mb-411","JKI","M. sacchariflorus",1,TRUE
"DM","Overlap0",5,"Mb-416","JKI","M. sacchariflorus",0,TRUE
"DM","Overlap0",5,"Mb-425_1","JKI","M. sacchariflorus",1,TRUE
"DM","Overlap0",5,"Mb-427_1","JKI","M. sacchariflorus",1,TRUE
"DM","Overlap0",5,"Mb-431_1","JKI","M. sacchariflorus",1,TRUE
"DM","Overlap0",5,"Mb-434_1","JKI","M. sinensis",0,TRUE
"DM","Overlap0",5,"Mb-485_1","JKI","M. sacchariflorus",1,TRUE
"DM","Overlap0",5,"Mb-486","JKI","M. sacchariflorus",1,TRUE
"DM","Overlap0",5,"Mb-488_15","JKI","M. sacchariflorus",0,TRUE
"DM","Overlap0",5,"Mb-490_10","JKI","M. sacchariflorus",1,TRUE
"DM","Overlap0",5,"Mb-494_1","JKI","M. sacchariflorus",1,TRUE
"DM","Overlap0",5,"Mb-498_1","JKI","M. sacchariflorus",1,TRUE
"DM","Overlap0",5,"Mb-502_1","JKI","M. sacchariflorus",1,TRUE
"DM","Overlap0",5,"Mb-505_1","JKI","M. sacchariflorus",1,TRUE
"DM","Overlap0",5,"Mb-508","JKI","M. sacchariflorus",1,TRUE
"DM","Overlap0",5,"Mb-526_13","JKI","M. sinensis",1,TRUE
"DM","Overlap0",5,"Mb-527_1","JKI","M. sinensis",1,TRUE
"DM","Overlap0",5,"Mb-533_1","JKI","M. sinensis",0,TRUE
"DM","Overlap0",5,"Mb-539_1","JKI","M. sinensis",1,TRUE
"DM","Overlap0",5,"Mb-585_1","JKI","M. sinensis",1,TRUE
"DM","Overlap0",5,"Mb-628_1","JKI","M. sacchariflorus",0,TRUE
"DM","Overlap0",5,"Mb-70","JKI","M. sinensis",1,TRUE
"DM","Overlap0",5,"Mb-72","JKI","M. x gig",1,TRUE
"DM","Overlap0",5,"Mb-74","JKI","M. sinensis",0,TRUE
"DM","Overlap0",5,"Mb-76","JKI","M. sacchariflorus",1,TRUE
"DM","Overlap0",5,"Mb-770_18","JKI","M. sacchariflorus",1,TRUE
"DM","Overlap0",5,"Mb-779_14","JKI","M. sacchariflorus",1,TRUE
"DM","Overlap0",5,"Mb-787_13","JKI","M. sacchariflorus",1,TRUE
"DM","Overlap0",5,"Mb-810_11","JKI","M. sacchariflorus",1,TRUE
"DM","Overlap0",5,"Mb-819_19","JKI","M. sacchariflorus",0,TRUE
"DM","Overlap0",5,"Mb-851_1","JKI","M. sinensis",1,TRUE
"DM","Overlap0",5,"Mb-86","JKI","M. sinensis",1,TRUE
"DM","Overlap0",5,"Mb-884_1","JKI","M. sacchariflorus",1,TRUE
"DM","Overlap0",5,"Mb-893_11","JKI","M. sinensis",1,TRUE
"DM","Overlap0",5,"Mb-9","JKI","M. sinensis",1,TRUE
"DM","Overlap0",5,"Mb-910_11","JKI","M. sinensis",1,TRUE
"DM","Overlap0",5,"Mb-913_17","JKI","M. sacchariflorus",0,TRUE
"DM","Overlap0",5,"Mb-914_13","JKI","M. sinensis",1,TRUE
"DM","Overlap0",5,"Mb-928_18","JKI","M. sinensis",1,TRUE
"DM","Overlap0",5,"Mb-930","JKI","M. sinensis",1,TRUE
"DM","Overlap0",5,"Mb-931_12","JKI","M. sinensis",1,TRUE
"DM","Overlap0",5,"Mb-933_11","JKI","M. sinensis",1,TRUE
"DM","Overlap0",5,"Mb-935_13","JKI","M. sinensis",1,TRUE
"DM","Overlap0",5,"Mb-94","JKI","M. sacchariflorus",1,TRUE
"DM","Overlap0",5,"Mb-956_19","JKI","M. sacchariflorus",1,TRUE
"DM","Overlap0",5,"Mb-958_19","JKI","M. sacchariflorus",1,TRUE
"DM","Overlap0",5,"Mb-960_20","JKI","M. sinensis",1,TRUE
"DM","Overlap0",5,"Mb-961_16","JKI","M. sacchariflorus",1,TRUE
"DM","Overlap0",5,"Mb-965_15","JKI","M. sacchariflorus",0,TRUE
"DM","Overlap0",5,"Mb-969_18","JKI","M. sacchariflorus",1,TRUE
"DM","Overlap0",5,"Mb-974_19","JKI","M. sinensis",1,TRUE
"DM","Overlap0",5,"Mb-99","JKI","M. sinensis",1,TRUE
"DM","Overlap0",5,"Mx-1548_12","JKI","M. x gig",1,TRUE
"DM","Overlap0",5,"Mx-1915_12","JKI","M. x gig",1,TRUE
"DM","Overlap0",5,"Mx-1932_13","JKI","M. x gig",0,TRUE
"DM","Overlap0",5,"Mx-1933_11","JKI","M. x gig",1,TRUE
"DM","Overlap0",5,"Mx-1956_15","JKI","M. x gig",1,TRUE
"DM","Overlap0",5,"Mx-2446_1","JKI","M. x gig",1,TRUE
"DM","Overlap0",5,"Mx-2470_5","JKI","M. sacchariflorus",0,TRUE
"DM","Overlap0",5,"Mx-437_90","JKI","M. x gig",1,TRUE
"DM","Overlap0",6,"Mb-102","ABR33","M. sinensis",1,TRUE
"DM","Overlap0",6,"Mb-1037_52","ABR33","M. sacchariflorus",1,TRUE
"DM","Overlap0",6,"Mb-104","ABR33","M. x gig",1,TRUE
"DM","Overlap0",6,"Mb-1040_17","ABR33","M. sacchariflorus",1,TRUE
"DM","Overlap0",6,"Mb-1043_32","ABR33","M. sacchariflorus",0,TRUE
"DM","Overlap0",6,"Mb-1044_50","ABR33","M. sacchariflorus",0,TRUE
"DM","Overlap0",6,"Mb-1056_31","ABR33","M. sacchariflorus",1,TRUE
"DM","Overlap0",6,"Mb-1067_18","ABR33","M. sacchariflorus",1,TRUE
"DM","Overlap0",6,"Mb-1086_54","ABR33","M. x gig",1,TRUE
"DM","Overlap0",6,"Mb-109","ABR33","M. sinensis",1,TRUE
"DM","Overlap0",6,"Mb-110","ABR33","M. sinensis",1,TRUE
"DM","Overlap0",6,"Mb-111","ABR33","M. sinensis",1,TRUE
"DM","Overlap0",6,"Mb-113","ABR33","M. sinensis",1,TRUE
"DM","Overlap0",6,"Mb-1130_51","ABR33","M. x gig",0,TRUE
"DM","Overlap0",6,"Mb-1132_52","ABR33","M. x gig",1,TRUE
"DM","Overlap0",6,"Mb-1139_19","ABR33","M. sinensis",1,TRUE
"DM","Overlap0",6,"Mb-1147_12","ABR33","M. sinensis",1,TRUE
"DM","Overlap0",6,"Mb-115","ABR33","M. sinensis",1,TRUE
"DM","Overlap0",6,"Mb-1153_20","ABR33","M. sinensis",1,TRUE
"DM","Overlap0",6,"Mb-1155_33","ABR33","M. sacchariflorus",0,TRUE
"DM","Overlap0",6,"Mb-1156_13","ABR33","M. sinensis",1,TRUE
"DM","Overlap0",6,"Mb-1162_20","ABR33","M. sacchariflorus",1,TRUE
"DM","Overlap0",6,"Mb-1182_16","ABR33","M. sinensis",1,TRUE
"DM","Overlap0",6,"Mb-1205_12","ABR33","M. sinensis",1,TRUE
"DM","Overlap0",6,"Mb-1231_18","ABR33","M. sinensis",1,TRUE
"DM","Overlap0",6,"Mb-1238_1","ABR33","M. sinensis",1,TRUE
"DM","Overlap0",6,"Mb-1261_15","ABR33","M. sacchariflorus",1,TRUE
"DM","Overlap0",6,"Mb-1353_14","ABR33","M. sacchariflorus",1,TRUE
"DM","Overlap0",6,"Mb-14","ABR33","M. sinensis",1,TRUE
"DM","Overlap0",6,"Mb-140","ABR33","M. sacchariflorus",1,TRUE
"DM","Overlap0",6,"Mb-142","ABR33","M. sacchariflorus",1,TRUE
"DM","Overlap0",6,"Mb-144","ABR33","M. sacchariflorus",1,TRUE
"DM","Overlap0",6,"Mb-146","ABR33","M. sacchariflorus",1,TRUE
"DM","Overlap0",6,"Mb-147","ABR33","M. x gig",1,TRUE
"DM","Overlap0",6,"Mb-148","ABR33","M. x gig",1,TRUE
"DM","Overlap0",6,"Mb-1485_42","ABR33","M. x gig",1,TRUE
"DM","Overlap0",6,"Mb-1486_1","ABR33","M. x gig",1,TRUE
"DM","Overlap0",6,"Mb-149","ABR33","M. x gig",0,TRUE
"DM","Overlap0",6,"Mb-166","ABR33","M. sacchariflorus",1,TRUE
"DM","Overlap0",6,"Mb-167","ABR33","M. sinensis",1,TRUE
"DM","Overlap0",6,"Mb-177","ABR33","M. sacchariflorus",1,TRUE
"DM","Overlap0",6,"Mb-188","ABR33","M. x gig",1,TRUE
"DM","Overlap0",6,"Mb-2","ABR33","M. sinensis",1,TRUE
"DM","Overlap0",6,"Mb-221","ABR33","M. sinensis",1,TRUE
"DM","Overlap0",6,"Mb-226","ABR33","M. sacchariflorus",0,TRUE
"DM","Overlap0",6,"Mb-229","ABR33","M. sinensis",1,TRUE
"DM","Overlap0",6,"Mb-255","ABR33","M. sinensis",1,TRUE
"DM","Overlap0",6,"Mb-272","ABR33","M. sacchariflorus",1,TRUE
"DM","Overlap0",6,"Mb-297","ABR33","M. sacchariflorus",0,TRUE
"DM","Overlap0",6,"Mb-3","ABR33","M. sinensis",0,TRUE
"DM","Overlap0",6,"Mb-306","ABR33","M. sinensis",1,TRUE
"DM","Overlap0",6,"Mb-307","ABR33","M. x gig",1,TRUE
"DM","Overlap0",6,"Mb-308","ABR33","M. x gig",1,TRUE
"DM","Overlap0",6,"Mb-309","ABR33","M. x gig",0,TRUE
"DM","Overlap0",6,"Mb-31","ABR33","M. sinensis",0,TRUE
"DM","Overlap0",6,"Mb-310","ABR33","M. x gig",0,TRUE
"DM","Overlap0",6,"Mb-35","ABR33","M. sinensis",1,TRUE
"DM","Overlap0",6,"Mb-353","ABR33","M. sacchariflorus",1,TRUE
"DM","Overlap0",6,"Mb-37","ABR33","M. sinensis",1,TRUE
"DM","Overlap0",6,"Mb-383_1","ABR33","M. sacchariflorus",1,TRUE
"DM","Overlap0",6,"Mb-391","ABR33","M. sacchariflorus",1,TRUE
"DM","Overlap0",6,"Mb-393_1","ABR33","M. sacchariflorus",1,TRUE
"DM","Overlap0",6,"Mb-397","ABR33","M. sacchariflorus",1,TRUE
"DM","Overlap0",6,"Mb-399","ABR33","M. sacchariflorus",1,TRUE
"DM","Overlap0",6,"Mb-401","ABR33","M. sacchariflorus",1,TRUE
"DM","Overlap0",6,"Mb-411","ABR33","M. sacchariflorus",0,TRUE
"DM","Overlap0",6,"Mb-416","ABR33","M. sacchariflorus",1,TRUE
"DM","Overlap0",6,"Mb-425_1","ABR33","M. sacchariflorus",1,TRUE
"DM","Overlap0",6,"Mb-427_1","ABR33","M. sacchariflorus",1,TRUE
"DM","Overlap0",6,"Mb-431_1","ABR33","M. sacchariflorus",0,TRUE
"DM","Overlap0",6,"Mb-434_1","ABR33","M. sinensis",1,TRUE
"DM","Overlap0",6,"Mb-485_1","ABR33","M. sacchariflorus",1,TRUE
"DM","Overlap0",6,"Mb-486","ABR33","M. sacchariflorus",0,TRUE
"DM","Overlap0",6,"Mb-488_15","ABR33","M. sacchariflorus",1,TRUE
"DM","Overlap0",6,"Mb-490_10","ABR33","M. sacchariflorus",1,TRUE
"DM","Overlap0",6,"Mb-494_1","ABR33","M. sacchariflorus",0,TRUE
"DM","Overlap0",6,"Mb-498_1","ABR33","M. sacchariflorus",1,TRUE
"DM","Overlap0",6,"Mb-502_1","ABR33","M. sacchariflorus",1,TRUE
"DM","Overlap0",6,"Mb-505_1","ABR33","M. sacchariflorus",1,TRUE
"DM","Overlap0",6,"Mb-508","ABR33","M. sacchariflorus",1,TRUE
"DM","Overlap0",6,"Mb-526_13","ABR33","M. sinensis",0,TRUE
"DM","Overlap0",6,"Mb-527_1","ABR33","M. sinensis",1,TRUE
"DM","Overlap0",6,"Mb-533_1","ABR33","M. sinensis",0,TRUE
"DM","Overlap0",6,"Mb-539_1","ABR33","M. sinensis",1,TRUE
"DM","Overlap0",6,"Mb-585_1","ABR33","M. sinensis",0,TRUE
"DM","Overlap0",6,"Mb-628_1","ABR33","M. sacchariflorus",1,TRUE
"DM","Overlap0",6,"Mb-70","ABR33","M. sinensis",0,TRUE
"DM","Overlap0",6,"Mb-72","ABR33","M. x gig",1,TRUE
"DM","Overlap0",6,"Mb-74","ABR33","M. sinensis",1,TRUE
"DM","Overlap0",6,"Mb-76","ABR33","M. sacchariflorus",1,TRUE
"DM","Overlap0",6,"Mb-770_18","ABR33","M. sacchariflorus",1,TRUE
"DM","Overlap0",6,"Mb-779_14","ABR33","M. sacchariflorus",1,TRUE
"DM","Overlap0",6,"Mb-787_13","ABR33","M. sacchariflorus",0,TRUE
"DM","Overlap0",6,"Mb-810_11","ABR33","M. sacchariflorus",1,TRUE
"DM","Overlap0",6,"Mb-819_19","ABR33","M. sacchariflorus",1,TRUE
"DM","Overlap0",6,"Mb-851_1","ABR33","M. sinensis",1,TRUE
"DM","Overlap0",6,"Mb-86","ABR33","M. sinensis",1,TRUE
"DM","Overlap0",6,"Mb-884_1","ABR33","M. sacchariflorus",0,TRUE
"DM","Overlap0",6,"Mb-893_11","ABR33","M. sinensis",1,TRUE
"DM","Overlap0",6,"Mb-9","ABR33","M. sinensis",1,TRUE
"DM","Overlap0",6,"Mb-910_11","ABR33","M. sinensis",1,TRUE
"DM","Overlap0",6,"Mb-913_17","ABR33","M. sacchariflorus",1,TRUE
"DM","Overlap0",6,"Mb-914_13","ABR33","M. sinensis",1,TRUE
"DM","Overlap0",6,"Mb-928_18","ABR33","M. sinensis",0,TRUE
"DM","Overlap0",6,"Mb-930","ABR33","M. sinensis",1,TRUE
"DM","Overlap0",6,"Mb-931_12","ABR33","M. sinensis",1,TRUE
"DM","Overlap0",6,"Mb-933_11","ABR33","M. sinensis",1,TRUE
"DM","Overlap0",6,"Mb-935_13","ABR33","M. sinensis",1,TRUE
"DM","Overlap0",6,"Mb-94","ABR33","M. sacchariflorus",1,TRUE
"DM","Overlap0",6,"Mb-956_19","ABR33","M. sacchariflorus",1,TRUE
"DM","Overlap0",6,"Mb-958_19","ABR33","M. sacchariflorus",0,TRUE
"DM","Overlap0",6,"Mb-960_20","ABR33","M. sinensis",1,TRUE
"DM","Overlap0",6,"Mb-961_16","ABR33","M. sacchariflorus",1,TRUE
"DM","Overlap0",6,"Mb-965_15","ABR33","M. sacchariflorus",1,TRUE
"DM","Overlap0",6,"Mb-969_18","ABR33","M. sacchariflorus",1,TRUE
"DM","Overlap0",6,"Mb-974_19","ABR33","M. sinensis",0,TRUE
"DM","Overlap0",6,"Mb-99","ABR33","M. sinensis",1,TRUE
"DM","Overlap0",6,"Mx-1548_12","ABR33","M. x gig",1,TRUE
"DM","Overlap0",6,"Mx-1915_12","ABR33","M. x gig",1,TRUE
"DM","Overlap0",6,"Mx-1932_13","ABR33","M. x gig",1,TRUE
"DM","Overlap0",6,"Mx-1933_11","ABR33","M. x gig",0,TRUE
"DM","Overlap0",6,"Mx-1956_15","ABR33","M. x gig",1,TRUE
"DM","Overlap0",6,"Mx-2446_1","ABR33","M. x gig",1,TRUE
"DM","Overlap0",6,"Mx-2470_5","ABR33","M. sacchariflorus",1,TRUE
"DM","Overlap0",6,"Mx-437_90","ABR33","M. x gig",1,TRUE
"DM","Overlap0",6,"Mb-102","JKI","M. sinensis",1,TRUE
"DM","Overlap0",6,"Mb-1037_52","JKI","M. sacchariflorus",1,TRUE
"DM","Overlap0",6,"Mb-104","JKI","M. x gig",1,TRUE
"DM","Overlap0",6,"Mb-1040_17","JKI","M. sacchariflorus",1,TRUE
"DM","Overlap0",6,"Mb-1043_32","JKI","M. sacchariflorus",1,TRUE
"DM","Overlap0",6,"Mb-1044_50","JKI","M. sacchariflorus",1,TRUE
"DM","Overlap0",6,"Mb-1056_31","JKI","M. sacchariflorus",1,TRUE
"DM","Overlap0",6,"Mb-1067_18","JKI","M. sacchariflorus",0,TRUE
"DM","Overlap0",6,"Mb-1086_54","JKI","M. x gig",0,TRUE
"DM","Overlap0",6,"Mb-109","JKI","M. sinensis",1,TRUE
"DM","Overlap0",6,"Mb-110","JKI","M. sinensis",1,TRUE
"DM","Overlap0",6,"Mb-111","JKI","M. sinensis",1,TRUE
"DM","Overlap0",6,"Mb-113","JKI","M. sinensis",1,TRUE
"DM","Overlap0",6,"Mb-1130_51","JKI","M. x gig",1,TRUE
"DM","Overlap0",6,"Mb-1132_52","JKI","M. x gig",0,TRUE
"DM","Overlap0",6,"Mb-1139_19","JKI","M. sinensis",1,FALSE
"DM","Overlap0",6,"Mb-1147_12","JKI","M. sinensis",1,TRUE
"DM","Overlap0",6,"Mb-115","JKI","M. sinensis",0,TRUE
"DM","Overlap0",6,"Mb-1153_20","JKI","M. sinensis",1,TRUE
"DM","Overlap0",6,"Mb-1155_33","JKI","M. sacchariflorus",1,TRUE
"DM","Overlap0",6,"Mb-1156_13","JKI","M. sinensis",1,TRUE
"DM","Overlap0",6,"Mb-1162_20","JKI","M. sacchariflorus",1,TRUE
"DM","Overlap0",6,"Mb-1182_16","JKI","M. sinensis",1,TRUE
"DM","Overlap0",6,"Mb-1205_12","JKI","M. sinensis",1,TRUE
"DM","Overlap0",6,"Mb-1231_18","JKI","M. sinensis",1,TRUE
"DM","Overlap0",6,"Mb-1238_1","JKI","M. sinensis",1,TRUE
"DM","Overlap0",6,"Mb-1261_15","JKI","M. sacchariflorus",0,TRUE
"DM","Overlap0",6,"Mb-1353_14","JKI","M. sacchariflorus",1,TRUE
"DM","Overlap0",6,"Mb-14","JKI","M. sinensis",1,TRUE
"DM","Overlap0",6,"Mb-140","JKI","M. sacchariflorus",1,TRUE
"DM","Overlap0",6,"Mb-142","JKI","M. sacchariflorus",1,TRUE
"DM","Overlap0",6,"Mb-144","JKI","M. sacchariflorus",0,TRUE
"DM","Overlap0",6,"Mb-146","JKI","M. sacchariflorus",1,TRUE
"DM","Overlap0",6,"Mb-147","JKI","M. x gig",1,TRUE
"DM","Overlap0",6,"Mb-148","JKI","M. x gig",1,TRUE
"DM","Overlap0",6,"Mb-1485_42","JKI","M. x gig",1,TRUE
"DM","Overlap0",6,"Mb-1486_1","JKI","M. x gig",0,TRUE
"DM","Overlap0",6,"Mb-149","JKI","M. x gig",1,TRUE
"DM","Overlap0",6,"Mb-166","JKI","M. sacchariflorus",1,TRUE
"DM","Overlap0",6,"Mb-167","JKI","M. sinensis",1,TRUE
"DM","Overlap0",6,"Mb-177","JKI","M. sacchariflorus",1,TRUE
"DM","Overlap0",6,"Mb-188","JKI","M. x gig",1,TRUE
"DM","Overlap0",6,"Mb-2","JKI","M. sinensis",1,TRUE
"DM","Overlap0",6,"Mb-221","JKI","M. sinensis",0,TRUE
"DM","Overlap0",6,"Mb-226","JKI","M. sacchariflorus",1,TRUE
"DM","Overlap0",6,"Mb-229","JKI","M. sinensis",1,TRUE
"DM","Overlap0",6,"Mb-255","JKI","M. sinensis",1,TRUE
"DM","Overlap0",6,"Mb-272","JKI","M. sacchariflorus",1,TRUE
"DM","Overlap0",6,"Mb-297","JKI","M. sacchariflorus",1,TRUE
"DM","Overlap0",6,"Mb-3","JKI","M. sinensis",1,TRUE
"DM","Overlap0",6,"Mb-306","JKI","M. sinensis",1,TRUE
"DM","Overlap0",6,"Mb-307","JKI","M. x gig",1,TRUE
"DM","Overlap0",6,"Mb-308","JKI","M. x gig",1,TRUE
"DM","Overlap0",6,"Mb-309","JKI","M. x gig",1,TRUE
"DM","Overlap0",6,"Mb-31","JKI","M. sinensis",1,TRUE
"DM","Overlap0",6,"Mb-310","JKI","M. x gig",1,TRUE
"DM","Overlap0",6,"Mb-35","JKI","M. sinensis",1,TRUE
"DM","Overlap0",6,"Mb-353","JKI","M. sacchariflorus",1,TRUE
"DM","Overlap0",6,"Mb-37","JKI","M. sinensis",0,TRUE
"DM","Overlap0",6,"Mb-383_1","JKI","M. sacchariflorus",1,TRUE
"DM","Overlap0",6,"Mb-391","JKI","M. sacchariflorus",1,TRUE
"DM","Overlap0",6,"Mb-393_1","JKI","M. sacchariflorus",1,TRUE
"DM","Overlap0",6,"Mb-397","JKI","M. sacchariflorus",1,TRUE
"DM","Overlap0",6,"Mb-399","JKI","M. sacchariflorus",1,TRUE
"DM","Overlap0",6,"Mb-401","JKI","M. sacchariflorus",0,TRUE
"DM","Overlap0",6,"Mb-411","JKI","M. sacchariflorus",1,TRUE
"DM","Overlap0",6,"Mb-416","JKI","M. sacchariflorus",0,TRUE
"DM","Overlap0",6,"Mb-425_1","JKI","M. sacchariflorus",1,TRUE
"DM","Overlap0",6,"Mb-427_1","JKI","M. sacchariflorus",1,TRUE
"DM","Overlap0",6,"Mb-431_1","JKI","M. sacchariflorus",1,TRUE
"DM","Overlap0",6,"Mb-434_1","JKI","M. sinensis",0,TRUE
"DM","Overlap0",6,"Mb-485_1","JKI","M. sacchariflorus",1,TRUE
"DM","Overlap0",6,"Mb-486","JKI","M. sacchariflorus",1,TRUE
"DM","Overlap0",6,"Mb-488_15","JKI","M. sacchariflorus",0,TRUE
"DM","Overlap0",6,"Mb-490_10","JKI","M. sacchariflorus",1,TRUE
"DM","Overlap0",6,"Mb-494_1","JKI","M. sacchariflorus",1,TRUE
"DM","Overlap0",6,"Mb-498_1","JKI","M. sacchariflorus",0,TRUE
"DM","Overlap0",6,"Mb-502_1","JKI","M. sacchariflorus",0,TRUE
"DM","Overlap0",6,"Mb-505_1","JKI","M. sacchariflorus",1,TRUE
"DM","Overlap0",6,"Mb-508","JKI","M. sacchariflorus",1,TRUE
"DM","Overlap0",6,"Mb-526_13","JKI","M. sinensis",1,TRUE
"DM","Overlap0",6,"Mb-527_1","JKI","M. sinensis",1,TRUE
"DM","Overlap0",6,"Mb-533_1","JKI","M. sinensis",1,TRUE
"DM","Overlap0",6,"Mb-539_1","JKI","M. sinensis",1,TRUE
"DM","Overlap0",6,"Mb-585_1","JKI","M. sinensis",1,TRUE
"DM","Overlap0",6,"Mb-628_1","JKI","M. sacchariflorus",1,TRUE
"DM","Overlap0",6,"Mb-70","JKI","M. sinensis",1,TRUE
"DM","Overlap0",6,"Mb-72","JKI","M. x gig",0,TRUE
"DM","Overlap0",6,"Mb-74","JKI","M. sinensis",1,TRUE
"DM","Overlap0",6,"Mb-76","JKI","M. sacchariflorus",0,TRUE
"DM","Overlap0",6,"Mb-770_18","JKI","M. sacchariflorus",1,TRUE
"DM","Overlap0",6,"Mb-779_14","JKI","M. sacchariflorus",1,TRUE
"DM","Overlap0",6,"Mb-787_13","JKI","M. sacchariflorus",1,TRUE
"DM","Overlap0",6,"Mb-810_11","JKI","M. sacchariflorus",1,TRUE
"DM","Overlap0",6,"Mb-819_19","JKI","M. sacchariflorus",0,TRUE
"DM","Overlap0",6,"Mb-851_1","JKI","M. sinensis",1,TRUE
"DM","Overlap0",6,"Mb-86","JKI","M. sinensis",1,TRUE
"DM","Overlap0",6,"Mb-884_1","JKI","M. sacchariflorus",1,TRUE
"DM","Overlap0",6,"Mb-893_11","JKI","M. sinensis",1,TRUE
"DM","Overlap0",6,"Mb-9","JKI","M. sinensis",0,TRUE
"DM","Overlap0",6,"Mb-910_11","JKI","M. sinensis",1,TRUE
"DM","Overlap0",6,"Mb-913_17","JKI","M. sacchariflorus",1,TRUE
"DM","Overlap0",6,"Mb-914_13","JKI","M. sinensis",0,TRUE
"DM","Overlap0",6,"Mb-928_18","JKI","M. sinensis",1,TRUE
"DM","Overlap0",6,"Mb-930","JKI","M. sinensis",1,TRUE
"DM","Overlap0",6,"Mb-931_12","JKI","M. sinensis",1,TRUE
"DM","Overlap0",6,"Mb-933_11","JKI","M. sinensis",1,TRUE
"DM","Overlap0",6,"Mb-935_13","JKI","M. sinensis",1,TRUE
"DM","Overlap0",6,"Mb-94","JKI","M. sacchariflorus",1,TRUE
"DM","Overlap0",6,"Mb-956_19","JKI","M. sacchariflorus",0,TRUE
"DM","Overlap0",6,"Mb-958_19","JKI","M. sacchariflorus",1,TRUE
"DM","Overlap0",6,"Mb-960_20","JKI","M. sinensis",0,TRUE
"DM","Overlap0",6,"Mb-961_16","JKI","M. sacchariflorus",0,TRUE
"DM","Overlap0",6,"Mb-965_15","JKI","M. sacchariflorus",1,TRUE
"DM","Overlap0",6,"Mb-969_18","JKI","M. sacchariflorus",1,TRUE
"DM","Overlap0",6,"Mb-974_19","JKI","M. sinensis",1,TRUE
"DM","Overlap0",6,"Mb-99","JKI","M. sinensis",1,TRUE
"DM","Overlap0",6,"Mx-1548_12","JKI","M. x gig",1,TRUE
"DM","Overlap0",6,"Mx-1915_12","JKI","M. x gig",0,TRUE
"DM","Overlap0",6,"Mx-1932_13","JKI","M. x gig",1,TRUE
"DM","Overlap0",6,"Mx-1933_11","JKI","M. x gig",1,TRUE
"DM","Overlap0",6,"Mx-1956_15","JKI","M. x gig",1,TRUE
"DM","Overlap0",6,"Mx-2446_1","JKI","M. x gig",1,TRUE
"DM","Overlap0",6,"Mx-2470_5","JKI","M. sacchariflorus",0,TRUE
"DM","Overlap0",6,"Mx-437_90","JKI","M. x gig",1,TRUE
"DM","Overlap0",7,"Mb-102","ABR33","M. sinensis",0,TRUE
"DM","Overlap0",7,"Mb-1037_52","ABR33","M. sacchariflorus",0,TRUE
"DM","Overlap0",7,"Mb-104","ABR33","M. x gig",1,TRUE
"DM","Overlap0",7,"Mb-1040_17","ABR33","M. sacchariflorus",1,TRUE
"DM","Overlap0",7,"Mb-1043_32","ABR33","M. sacchariflorus",1,TRUE
"DM","Overlap0",7,"Mb-1044_50","ABR33","M. sacchariflorus",0,TRUE
"DM","Overlap0",7,"Mb-1056_31","ABR33","M. sacchariflorus",1,TRUE
"DM","Overlap0",7,"Mb-1067_18","ABR33","M. sacchariflorus",1,TRUE
"DM","Overlap0",7,"Mb-1086_54","ABR33","M. x gig",1,TRUE
"DM","Overlap0",7,"Mb-109","ABR33","M. sinensis",1,TRUE
"DM","Overlap0",7,"Mb-110","ABR33","M. sinensis",0,TRUE
"DM","Overlap0",7,"Mb-111","ABR33","M. sinensis",1,TRUE
"DM","Overlap0",7,"Mb-113","ABR33","M. sinensis",1,TRUE
"DM","Overlap0",7,"Mb-1130_51","ABR33","M. x gig",1,TRUE
"DM","Overlap0",7,"Mb-1132_52","ABR33","M. x gig",0,TRUE
"DM","Overlap0",7,"Mb-1139_19","ABR33","M. sinensis",1,TRUE
"DM","Overlap0",7,"Mb-1147_12","ABR33","M. sinensis",1,TRUE
"DM","Overlap0",7,"Mb-115","ABR33","M. sinensis",1,TRUE
"DM","Overlap0",7,"Mb-1153_20","ABR33","M. sinensis",0,TRUE
"DM","Overlap0",7,"Mb-1155_33","ABR33","M. sacchariflorus",1,TRUE
"DM","Overlap0",7,"Mb-1156_13","ABR33","M. sinensis",0,TRUE
"DM","Overlap0",7,"Mb-1162_20","ABR33","M. sacchariflorus",1,TRUE
"DM","Overlap0",7,"Mb-1182_16","ABR33","M. sinensis",0,TRUE
"DM","Overlap0",7,"Mb-1205_12","ABR33","M. sinensis",0,TRUE
"DM","Overlap0",7,"Mb-1231_18","ABR33","M. sinensis",0,TRUE
"DM","Overlap0",7,"Mb-1238_1","ABR33","M. sinensis",1,TRUE
"DM","Overlap0",7,"Mb-1261_15","ABR33","M. sacchariflorus",1,TRUE
"DM","Overlap0",7,"Mb-1353_14","ABR33","M. sacchariflorus",1,TRUE
"DM","Overlap0",7,"Mb-14","ABR33","M. sinensis",1,TRUE
"DM","Overlap0",7,"Mb-140","ABR33","M. sacchariflorus",1,TRUE
"DM","Overlap0",7,"Mb-142","ABR33","M. sacchariflorus",0,TRUE
"DM","Overlap0",7,"Mb-144","ABR33","M. sacchariflorus",1,TRUE
"DM","Overlap0",7,"Mb-146","ABR33","M. sacchariflorus",1,TRUE
"DM","Overlap0",7,"Mb-147","ABR33","M. x gig",1,TRUE
"DM","Overlap0",7,"Mb-148","ABR33","M. x gig",1,TRUE
"DM","Overlap0",7,"Mb-1485_42","ABR33","M. x gig",1,TRUE
"DM","Overlap0",7,"Mb-1486_1","ABR33","M. x gig",1,TRUE
"DM","Overlap0",7,"Mb-149","ABR33","M. x gig",1,TRUE
"DM","Overlap0",7,"Mb-166","ABR33","M. sacchariflorus",1,TRUE
"DM","Overlap0",7,"Mb-167","ABR33","M. sinensis",1,TRUE
"DM","Overlap0",7,"Mb-177","ABR33","M. sacchariflorus",1,TRUE
"DM","Overlap0",7,"Mb-188","ABR33","M. x gig",1,TRUE
"DM","Overlap0",7,"Mb-2","ABR33","M. sinensis",1,TRUE
"DM","Overlap0",7,"Mb-221","ABR33","M. sinensis",0,TRUE
"DM","Overlap0",7,"Mb-226","ABR33","M. sacchariflorus",0,TRUE
"DM","Overlap0",7,"Mb-229","ABR33","M. sinensis",1,TRUE
"DM","Overlap0",7,"Mb-255","ABR33","M. sinensis",1,TRUE
"DM","Overlap0",7,"Mb-272","ABR33","M. sacchariflorus",1,TRUE
"DM","Overlap0",7,"Mb-297","ABR33","M. sacchariflorus",1,TRUE
"DM","Overlap0",7,"Mb-3","ABR33","M. sinensis",1,TRUE
"DM","Overlap0",7,"Mb-306","ABR33","M. sinensis",1,TRUE
"DM","Overlap0",7,"Mb-307","ABR33","M. x gig",1,TRUE
"DM","Overlap0",7,"Mb-308","ABR33","M. x gig",1,TRUE
"DM","Overlap0",7,"Mb-309","ABR33","M. x gig",1,TRUE
"DM","Overlap0",7,"Mb-31","ABR33","M. sinensis",1,TRUE
"DM","Overlap0",7,"Mb-310","ABR33","M. x gig",0,TRUE
"DM","Overlap0",7,"Mb-35","ABR33","M. sinensis",0,TRUE
"DM","Overlap0",7,"Mb-353","ABR33","M. sacchariflorus",1,TRUE
"DM","Overlap0",7,"Mb-37","ABR33","M. sinensis",1,TRUE
"DM","Overlap0",7,"Mb-383_1","ABR33","M. sacchariflorus",1,TRUE
"DM","Overlap0",7,"Mb-391","ABR33","M. sacchariflorus",1,TRUE
"DM","Overlap0",7,"Mb-393_1","ABR33","M. sacchariflorus",1,TRUE
"DM","Overlap0",7,"Mb-397","ABR33","M. sacchariflorus",1,TRUE
"DM","Overlap0",7,"Mb-399","ABR33","M. sacchariflorus",1,TRUE
"DM","Overlap0",7,"Mb-401","ABR33","M. sacchariflorus",1,TRUE
"DM","Overlap0",7,"Mb-411","ABR33","M. sacchariflorus",1,TRUE
"DM","Overlap0",7,"Mb-416","ABR33","M. sacchariflorus",1,TRUE
"DM","Overlap0",7,"Mb-425_1","ABR33","M. sacchariflorus",1,TRUE
"DM","Overlap0",7,"Mb-427_1","ABR33","M. sacchariflorus",1,TRUE
"DM","Overlap0",7,"Mb-431_1","ABR33","M. sacchariflorus",1,TRUE
"DM","Overlap0",7,"Mb-434_1","ABR33","M. sinensis",1,TRUE
"DM","Overlap0",7,"Mb-485_1","ABR33","M. sacchariflorus",1,TRUE
"DM","Overlap0",7,"Mb-486","ABR33","M. sacchariflorus",0,TRUE
"DM","Overlap0",7,"Mb-488_15","ABR33","M. sacchariflorus",1,TRUE
"DM","Overlap0",7,"Mb-490_10","ABR33","M. sacchariflorus",1,TRUE
"DM","Overlap0",7,"Mb-494_1","ABR33","M. sacchariflorus",1,TRUE
"DM","Overlap0",7,"Mb-498_1","ABR33","M. sacchariflorus",1,TRUE
"DM","Overlap0",7,"Mb-502_1","ABR33","M. sacchariflorus",1,TRUE
"DM","Overlap0",7,"Mb-505_1","ABR33","M. sacchariflorus",1,TRUE
"DM","Overlap0",7,"Mb-508","ABR33","M. sacchariflorus",0,TRUE
"DM","Overlap0",7,"Mb-526_13","ABR33","M. sinensis",1,TRUE
"DM","Overlap0",7,"Mb-527_1","ABR33","M. sinensis",1,TRUE
"DM","Overlap0",7,"Mb-533_1","ABR33","M. sinensis",1,TRUE
"DM","Overlap0",7,"Mb-539_1","ABR33","M. sinensis",0,TRUE
"DM","Overlap0",7,"Mb-585_1","ABR33","M. sinensis",1,TRUE
"DM","Overlap0",7,"Mb-628_1","ABR33","M. sacchariflorus",1,TRUE
"DM","Overlap0",7,"Mb-70","ABR33","M. sinensis",1,TRUE
"DM","Overlap0",7,"Mb-72","ABR33","M. x gig",1,TRUE
"DM","Overlap0",7,"Mb-74","ABR33","M. sinensis",0,TRUE
"DM","Overlap0",7,"Mb-76","ABR33","M. sacchariflorus",0,TRUE
"DM","Overlap0",7,"Mb-770_18","ABR33","M. sacchariflorus",1,TRUE
"DM","Overlap0",7,"Mb-779_14","ABR33","M. sacchariflorus",1,TRUE
"DM","Overlap0",7,"Mb-787_13","ABR33","M. sacchariflorus",1,TRUE
"DM","Overlap0",7,"Mb-810_11","ABR33","M. sacchariflorus",1,TRUE
"DM","Overlap0",7,"Mb-819_19","ABR33","M. sacchariflorus",0,TRUE
"DM","Overlap0",7,"Mb-851_1","ABR33","M. sinensis",1,TRUE
"DM","Overlap0",7,"Mb-86","ABR33","M. sinensis",0,TRUE
"DM","Overlap0",7,"Mb-884_1","ABR33","M. sacchariflorus",1,TRUE
"DM","Overlap0",7,"Mb-893_11","ABR33","M. sinensis",1,TRUE
"DM","Overlap0",7,"Mb-9","ABR33","M. sinensis",1,TRUE
"DM","Overlap0",7,"Mb-910_11","ABR33","M. sinensis",1,TRUE
"DM","Overlap0",7,"Mb-913_17","ABR33","M. sacchariflorus",1,TRUE
"DM","Overlap0",7,"Mb-914_13","ABR33","M. sinensis",0,TRUE
"DM","Overlap0",7,"Mb-928_18","ABR33","M. sinensis",1,TRUE
"DM","Overlap0",7,"Mb-930","ABR33","M. sinensis",1,TRUE
"DM","Overlap0",7,"Mb-931_12","ABR33","M. sinensis",1,TRUE
"DM","Overlap0",7,"Mb-933_11","ABR33","M. sinensis",1,TRUE
"DM","Overlap0",7,"Mb-935_13","ABR33","M. sinensis",1,TRUE
"DM","Overlap0",7,"Mb-94","ABR33","M. sacchariflorus",1,TRUE
"DM","Overlap0",7,"Mb-956_19","ABR33","M. sacchariflorus",1,TRUE
"DM","Overlap0",7,"Mb-958_19","ABR33","M. sacchariflorus",0,TRUE
"DM","Overlap0",7,"Mb-960_20","ABR33","M. sinensis",1,TRUE
"DM","Overlap0",7,"Mb-961_16","ABR33","M. sacchariflorus",1,TRUE
"DM","Overlap0",7,"Mb-965_15","ABR33","M. sacchariflorus",1,TRUE
"DM","Overlap0",7,"Mb-969_18","ABR33","M. sacchariflorus",1,TRUE
"DM","Overlap0",7,"Mb-974_19","ABR33","M. sinensis",0,TRUE
"DM","Overlap0",7,"Mb-99","ABR33","M. sinensis",1,TRUE
"DM","Overlap0",7,"Mx-1548_12","ABR33","M. x gig",1,TRUE
"DM","Overlap0",7,"Mx-1915_12","ABR33","M. x gig",1,TRUE
"DM","Overlap0",7,"Mx-1932_13","ABR33","M. x gig",1,TRUE
"DM","Overlap0",7,"Mx-1933_11","ABR33","M. x gig",1,TRUE
"DM","Overlap0",7,"Mx-1956_15","ABR33","M. x gig",1,TRUE
"DM","Overlap0",7,"Mx-2446_1","ABR33","M. x gig",1,TRUE
"DM","Overlap0",7,"Mx-2470_5","ABR33","M. sacchariflorus",1,TRUE
"DM","Overlap0",7,"Mx-437_90","ABR33","M. x gig",1,TRUE
"DM","Overlap0",7,"Mb-102","JKI","M. sinensis",1,TRUE
"DM","Overlap0",7,"Mb-1037_52","JKI","M. sacchariflorus",1,TRUE
"DM","Overlap0",7,"Mb-104","JKI","M. x gig",1,TRUE
"DM","Overlap0",7,"Mb-1040_17","JKI","M. sacchariflorus",1,TRUE
"DM","Overlap0",7,"Mb-1043_32","JKI","M. sacchariflorus",0,TRUE
"DM","Overlap0",7,"Mb-1044_50","JKI","M. sacchariflorus",1,TRUE
"DM","Overlap0",7,"Mb-1056_31","JKI","M. sacchariflorus",1,TRUE
"DM","Overlap0",7,"Mb-1067_18","JKI","M. sacchariflorus",0,TRUE
"DM","Overlap0",7,"Mb-1086_54","JKI","M. x gig",1,TRUE
"DM","Overlap0",7,"Mb-109","JKI","M. sinensis",1,TRUE
"DM","Overlap0",7,"Mb-110","JKI","M. sinensis",1,TRUE
"DM","Overlap0",7,"Mb-111","JKI","M. sinensis",0,TRUE
"DM","Overlap0",7,"Mb-113","JKI","M. sinensis",1,TRUE
"DM","Overlap0",7,"Mb-1130_51","JKI","M. x gig",1,TRUE
"DM","Overlap0",7,"Mb-1132_52","JKI","M. x gig",1,TRUE
"DM","Overlap0",7,"Mb-1139_19","JKI","M. sinensis",1,FALSE
"DM","Overlap0",7,"Mb-1147_12","JKI","M. sinensis",1,TRUE
"DM","Overlap0",7,"Mb-115","JKI","M. sinensis",1,TRUE
"DM","Overlap0",7,"Mb-1153_20","JKI","M. sinensis",1,TRUE
"DM","Overlap0",7,"Mb-1155_33","JKI","M. sacchariflorus",1,TRUE
"DM","Overlap0",7,"Mb-1156_13","JKI","M. sinensis",1,TRUE
"DM","Overlap0",7,"Mb-1162_20","JKI","M. sacchariflorus",0,TRUE
"DM","Overlap0",7,"Mb-1182_16","JKI","M. sinensis",1,TRUE
"DM","Overlap0",7,"Mb-1205_12","JKI","M. sinensis",1,TRUE
"DM","Overlap0",7,"Mb-1231_18","JKI","M. sinensis",1,TRUE
"DM","Overlap0",7,"Mb-1238_1","JKI","M. sinensis",0,TRUE
"DM","Overlap0",7,"Mb-1261_15","JKI","M. sacchariflorus",1,TRUE
"DM","Overlap0",7,"Mb-1353_14","JKI","M. sacchariflorus",0,TRUE
"DM","Overlap0",7,"Mb-14","JKI","M. sinensis",1,TRUE
"DM","Overlap0",7,"Mb-140","JKI","M. sacchariflorus",0,TRUE
"DM","Overlap0",7,"Mb-142","JKI","M. sacchariflorus",1,TRUE
"DM","Overlap0",7,"Mb-144","JKI","M. sacchariflorus",1,TRUE
"DM","Overlap0",7,"Mb-146","JKI","M. sacchariflorus",1,TRUE
"DM","Overlap0",7,"Mb-147","JKI","M. x gig",0,TRUE
"DM","Overlap0",7,"Mb-148","JKI","M. x gig",1,TRUE
"DM","Overlap0",7,"Mb-1485_42","JKI","M. x gig",0,TRUE
"DM","Overlap0",7,"Mb-1486_1","JKI","M. x gig",1,TRUE
"DM","Overlap0",7,"Mb-149","JKI","M. x gig",1,TRUE
"DM","Overlap0",7,"Mb-166","JKI","M. sacchariflorus",1,TRUE
"DM","Overlap0",7,"Mb-167","JKI","M. sinensis",0,TRUE
"DM","Overlap0",7,"Mb-177","JKI","M. sacchariflorus",1,TRUE
"DM","Overlap0",7,"Mb-188","JKI","M. x gig",1,TRUE
"DM","Overlap0",7,"Mb-2","JKI","M. sinensis",1,TRUE
"DM","Overlap0",7,"Mb-221","JKI","M. sinensis",1,TRUE
"DM","Overlap0",7,"Mb-226","JKI","M. sacchariflorus",1,TRUE
"DM","Overlap0",7,"Mb-229","JKI","M. sinensis",1,TRUE
"DM","Overlap0",7,"Mb-255","JKI","M. sinensis",1,TRUE
"DM","Overlap0",7,"Mb-272","JKI","M. sacchariflorus",1,TRUE
"DM","Overlap0",7,"Mb-297","JKI","M. sacchariflorus",1,TRUE
"DM","Overlap0",7,"Mb-3","JKI","M. sinensis",1,TRUE
"DM","Overlap0",7,"Mb-306","JKI","M. sinensis",1,TRUE
"DM","Overlap0",7,"Mb-307","JKI","M. x gig",1,TRUE
"DM","Overlap0",7,"Mb-308","JKI","M. x gig",1,TRUE
"DM","Overlap0",7,"Mb-309","JKI","M. x gig",0,TRUE
"DM","Overlap0",7,"Mb-31","JKI","M. sinensis",0,TRUE
"DM","Overlap0",7,"Mb-310","JKI","M. x gig",1,TRUE
"DM","Overlap0",7,"Mb-35","JKI","M. sinensis",1,TRUE
"DM","Overlap0",7,"Mb-353","JKI","M. sacchariflorus",0,TRUE
"DM","Overlap0",7,"Mb-37","JKI","M. sinensis",1,TRUE
"DM","Overlap0",7,"Mb-383_1","JKI","M. sacchariflorus",1,TRUE
"DM","Overlap0",7,"Mb-391","JKI","M. sacchariflorus",0,TRUE
"DM","Overlap0",7,"Mb-393_1","JKI","M. sacchariflorus",1,TRUE
"DM","Overlap0",7,"Mb-397","JKI","M. sacchariflorus",0,TRUE
"DM","Overlap0",7,"Mb-399","JKI","M. sacchariflorus",1,TRUE
"DM","Overlap0",7,"Mb-401","JKI","M. sacchariflorus",0,TRUE
"DM","Overlap0",7,"Mb-411","JKI","M. sacchariflorus",1,TRUE
"DM","Overlap0",7,"Mb-416","JKI","M. sacchariflorus",0,TRUE
"DM","Overlap0",7,"Mb-425_1","JKI","M. sacchariflorus",1,TRUE
"DM","Overlap0",7,"Mb-427_1","JKI","M. sacchariflorus",1,TRUE
"DM","Overlap0",7,"Mb-431_1","JKI","M. sacchariflorus",0,TRUE
"DM","Overlap0",7,"Mb-434_1","JKI","M. sinensis",1,TRUE
"DM","Overlap0",7,"Mb-485_1","JKI","M. sacchariflorus",1,TRUE
"DM","Overlap0",7,"Mb-486","JKI","M. sacchariflorus",1,TRUE
"DM","Overlap0",7,"Mb-488_15","JKI","M. sacchariflorus",1,TRUE
"DM","Overlap0",7,"Mb-490_10","JKI","M. sacchariflorus",1,TRUE
"DM","Overlap0",7,"Mb-494_1","JKI","M. sacchariflorus",1,TRUE
"DM","Overlap0",7,"Mb-498_1","JKI","M. sacchariflorus",1,TRUE
"DM","Overlap0",7,"Mb-502_1","JKI","M. sacchariflorus",1,TRUE
"DM","Overlap0",7,"Mb-505_1","JKI","M. sacchariflorus",1,TRUE
"DM","Overlap0",7,"Mb-508","JKI","M. sacchariflorus",1,TRUE
"DM","Overlap0",7,"Mb-526_13","JKI","M. sinensis",1,TRUE
"DM","Overlap0",7,"Mb-527_1","JKI","M. sinensis",1,TRUE
"DM","Overlap0",7,"Mb-533_1","JKI","M. sinensis",0,TRUE
"DM","Overlap0",7,"Mb-539_1","JKI","M. sinensis",1,TRUE
"DM","Overlap0",7,"Mb-585_1","JKI","M. sinensis",1,TRUE
"DM","Overlap0",7,"Mb-628_1","JKI","M. sacchariflorus",0,TRUE
"DM","Overlap0",7,"Mb-70","JKI","M. sinensis",1,TRUE
"DM","Overlap0",7,"Mb-72","JKI","M. x gig",1,TRUE
"DM","Overlap0",7,"Mb-74","JKI","M. sinensis",1,TRUE
"DM","Overlap0",7,"Mb-76","JKI","M. sacchariflorus",1,TRUE
"DM","Overlap0",7,"Mb-770_18","JKI","M. sacchariflorus",1,TRUE
"DM","Overlap0",7,"Mb-779_14","JKI","M. sacchariflorus",1,TRUE
"DM","Overlap0",7,"Mb-787_13","JKI","M. sacchariflorus",1,TRUE
"DM","Overlap0",7,"Mb-810_11","JKI","M. sacchariflorus",1,TRUE
"DM","Overlap0",7,"Mb-819_19","JKI","M. sacchariflorus",1,TRUE
"DM","Overlap0",7,"Mb-851_1","JKI","M. sinensis",1,TRUE
"DM","Overlap0",7,"Mb-86","JKI","M. sinensis",1,TRUE
"DM","Overlap0",7,"Mb-884_1","JKI","M. sacchariflorus",0,TRUE
"DM","Overlap0",7,"Mb-893_11","JKI","M. sinensis",1,TRUE
"DM","Overlap0",7,"Mb-9","JKI","M. sinensis",1,TRUE
"DM","Overlap0",7,"Mb-910_11","JKI","M. sinensis",1,TRUE
"DM","Overlap0",7,"Mb-913_17","JKI","M. sacchariflorus",1,TRUE
"DM","Overlap0",7,"Mb-914_13","JKI","M. sinensis",1,TRUE
"DM","Overlap0",7,"Mb-928_18","JKI","M. sinensis",1,TRUE
"DM","Overlap0",7,"Mb-930","JKI","M. sinensis",1,TRUE
"DM","Overlap0",7,"Mb-931_12","JKI","M. sinensis",0,TRUE
"DM","Overlap0",7,"Mb-933_11","JKI","M. sinensis",1,TRUE
"DM","Overlap0",7,"Mb-935_13","JKI","M. sinensis",1,TRUE
"DM","Overlap0",7,"Mb-94","JKI","M. sacchariflorus",1,TRUE
"DM","Overlap0",7,"Mb-956_19","JKI","M. sacchariflorus",1,TRUE
"DM","Overlap0",7,"Mb-958_19","JKI","M. sacchariflorus",1,TRUE
"DM","Overlap0",7,"Mb-960_20","JKI","M. sinensis",0,TRUE
"DM","Overlap0",7,"Mb-961_16","JKI","M. sacchariflorus",0,TRUE
"DM","Overlap0",7,"Mb-965_15","JKI","M. sacchariflorus",0,TRUE
"DM","Overlap0",7,"Mb-969_18","JKI","M. sacchariflorus",1,TRUE
"DM","Overlap0",7,"Mb-974_19","JKI","M. sinensis",1,TRUE
"DM","Overlap0",7,"Mb-99","JKI","M. sinensis",1,TRUE
"DM","Overlap0",7,"Mx-1548_12","JKI","M. x gig",1,TRUE
"DM","Overlap0",7,"Mx-1915_12","JKI","M. x gig",1,TRUE
"DM","Overlap0",7,"Mx-1932_13","JKI","M. x gig",1,TRUE
"DM","Overlap0",7,"Mx-1933_11","JKI","M. x gig",1,TRUE
"DM","Overlap0",7,"Mx-1956_15","JKI","M. x gig",1,TRUE
"DM","Overlap0",7,"Mx-2446_1","JKI","M. x gig",1,TRUE
"DM","Overlap0",7,"Mx-2470_5","JKI","M. sacchariflorus",1,TRUE
"DM","Overlap0",7,"Mx-437_90","JKI","M. x gig",1,TRUE
"DM","Overlap0",8,"Mb-102","ABR33","M. sinensis",0,TRUE
"DM","Overlap0",8,"Mb-1037_52","ABR33","M. sacchariflorus",1,TRUE
"DM","Overlap0",8,"Mb-104","ABR33","M. x gig",1,TRUE
"DM","Overlap0",8,"Mb-1040_17","ABR33","M. sacchariflorus",1,TRUE
"DM","Overlap0",8,"Mb-1043_32","ABR33","M. sacchariflorus",0,TRUE
"DM","Overlap0",8,"Mb-1044_50","ABR33","M. sacchariflorus",1,TRUE
"DM","Overlap0",8,"Mb-1056_31","ABR33","M. sacchariflorus",0,TRUE
"DM","Overlap0",8,"Mb-1067_18","ABR33","M. sacchariflorus",0,TRUE
"DM","Overlap0",8,"Mb-1086_54","ABR33","M. x gig",0,TRUE
"DM","Overlap0",8,"Mb-109","ABR33","M. sinensis",1,TRUE
"DM","Overlap0",8,"Mb-110","ABR33","M. sinensis",1,TRUE
"DM","Overlap0",8,"Mb-111","ABR33","M. sinensis",1,TRUE
"DM","Overlap0",8,"Mb-113","ABR33","M. sinensis",1,TRUE
"DM","Overlap0",8,"Mb-1130_51","ABR33","M. x gig",1,TRUE
"DM","Overlap0",8,"Mb-1132_52","ABR33","M. x gig",1,TRUE
"DM","Overlap0",8,"Mb-1139_19","ABR33","M. sinensis",1,TRUE
"DM","Overlap0",8,"Mb-1147_12","ABR33","M. sinensis",0,TRUE
"DM","Overlap0",8,"Mb-115","ABR33","M. sinensis",0,TRUE
"DM","Overlap0",8,"Mb-1153_20","ABR33","M. sinensis",1,TRUE
"DM","Overlap0",8,"Mb-1155_33","ABR33","M. sacchariflorus",1,TRUE
"DM","Overlap0",8,"Mb-1156_13","ABR33","M. sinensis",1,TRUE
"DM","Overlap0",8,"Mb-1162_20","ABR33","M. sacchariflorus",1,TRUE
"DM","Overlap0",8,"Mb-1182_16","ABR33","M. sinensis",1,TRUE
"DM","Overlap0",8,"Mb-1205_12","ABR33","M. sinensis",1,TRUE
"DM","Overlap0",8,"Mb-1231_18","ABR33","M. sinensis",1,TRUE
"DM","Overlap0",8,"Mb-1238_1","ABR33","M. sinensis",0,TRUE
"DM","Overlap0",8,"Mb-1261_15","ABR33","M. sacchariflorus",1,TRUE
"DM","Overlap0",8,"Mb-1353_14","ABR33","M. sacchariflorus",1,TRUE
"DM","Overlap0",8,"Mb-14","ABR33","M. sinensis",1,TRUE
"DM","Overlap0",8,"Mb-140","ABR33","M. sacchariflorus",1,TRUE
"DM","Overlap0",8,"Mb-142","ABR33","M. sacchariflorus",0,TRUE
"DM","Overlap0",8,"Mb-144","ABR33","M. sacchariflorus",1,TRUE
"DM","Overlap0",8,"Mb-146","ABR33","M. sacchariflorus",1,TRUE
"DM","Overlap0",8,"Mb-147","ABR33","M. x gig",1,TRUE
"DM","Overlap0",8,"Mb-148","ABR33","M. x gig",1,TRUE
"DM","Overlap0",8,"Mb-1485_42","ABR33","M. x gig",0,TRUE
"DM","Overlap0",8,"Mb-1486_1","ABR33","M. x gig",1,TRUE
"DM","Overlap0",8,"Mb-149","ABR33","M. x gig",1,TRUE
"DM","Overlap0",8,"Mb-166","ABR33","M. sacchariflorus",1,TRUE
"DM","Overlap0",8,"Mb-167","ABR33","M. sinensis",1,TRUE
"DM","Overlap0",8,"Mb-177","ABR33","M. sacchariflorus",1,TRUE
"DM","Overlap0",8,"Mb-188","ABR33","M. x gig",1,TRUE
"DM","Overlap0",8,"Mb-2","ABR33","M. sinensis",1,TRUE
"DM","Overlap0",8,"Mb-221","ABR33","M. sinensis",1,TRUE
"DM","Overlap0",8,"Mb-226","ABR33","M. sacchariflorus",1,TRUE
"DM","Overlap0",8,"Mb-229","ABR33","M. sinensis",1,TRUE
"DM","Overlap0",8,"Mb-255","ABR33","M. sinensis",1,TRUE
"DM","Overlap0",8,"Mb-272","ABR33","M. sacchariflorus",1,TRUE
"DM","Overlap0",8,"Mb-297","ABR33","M. sacchariflorus",1,TRUE
"DM","Overlap0",8,"Mb-3","ABR33","M. sinensis",1,TRUE
"DM","Overlap0",8,"Mb-306","ABR33","M. sinensis",1,TRUE
"DM","Overlap0",8,"Mb-307","ABR33","M. x gig",1,TRUE
"DM","Overlap0",8,"Mb-308","ABR33","M. x gig",0,TRUE
"DM","Overlap0",8,"Mb-309","ABR33","M. x gig",1,TRUE
"DM","Overlap0",8,"Mb-31","ABR33","M. sinensis",1,TRUE
"DM","Overlap0",8,"Mb-310","ABR33","M. x gig",1,TRUE
"DM","Overlap0",8,"Mb-35","ABR33","M. sinensis",0,TRUE
"DM","Overlap0",8,"Mb-353","ABR33","M. sacchariflorus",1,TRUE
"DM","Overlap0",8,"Mb-37","ABR33","M. sinensis",1,TRUE
"DM","Overlap0",8,"Mb-383_1","ABR33","M. sacchariflorus",1,TRUE
"DM","Overlap0",8,"Mb-391","ABR33","M. sacchariflorus",1,TRUE
"DM","Overlap0",8,"Mb-393_1","ABR33","M. sacchariflorus",1,TRUE
"DM","Overlap0",8,"Mb-397","ABR33","M. sacchariflorus",1,TRUE
"DM","Overlap0",8,"Mb-399","ABR33","M. sacchariflorus",1,TRUE
"DM","Overlap0",8,"Mb-401","ABR33","M. sacchariflorus",1,TRUE
"DM","Overlap0",8,"Mb-411","ABR33","M. sacchariflorus",1,TRUE
"DM","Overlap0",8,"Mb-416","ABR33","M. sacchariflorus",1,TRUE
"DM","Overlap0",8,"Mb-425_1","ABR33","M. sacchariflorus",1,TRUE
"DM","Overlap0",8,"Mb-427_1","ABR33","M. sacchariflorus",1,TRUE
"DM","Overlap0",8,"Mb-431_1","ABR33","M. sacchariflorus",1,TRUE
"DM","Overlap0",8,"Mb-434_1","ABR33","M. sinensis",1,TRUE
"DM","Overlap0",8,"Mb-485_1","ABR33","M. sacchariflorus",1,TRUE
"DM","Overlap0",8,"Mb-486","ABR33","M. sacchariflorus",1,TRUE
"DM","Overlap0",8,"Mb-488_15","ABR33","M. sacchariflorus",1,TRUE
"DM","Overlap0",8,"Mb-490_10","ABR33","M. sacchariflorus",1,TRUE
"DM","Overlap0",8,"Mb-494_1","ABR33","M. sacchariflorus",0,TRUE
"DM","Overlap0",8,"Mb-498_1","ABR33","M. sacchariflorus",1,TRUE
"DM","Overlap0",8,"Mb-502_1","ABR33","M. sacchariflorus",1,TRUE
"DM","Overlap0",8,"Mb-505_1","ABR33","M. sacchariflorus",0,TRUE
"DM","Overlap0",8,"Mb-508","ABR33","M. sacchariflorus",1,TRUE
"DM","Overlap0",8,"Mb-526_13","ABR33","M. sinensis",1,TRUE
"DM","Overlap0",8,"Mb-527_1","ABR33","M. sinensis",1,TRUE
"DM","Overlap0",8,"Mb-533_1","ABR33","M. sinensis",1,TRUE
"DM","Overlap0",8,"Mb-539_1","ABR33","M. sinensis",1,TRUE
"DM","Overlap0",8,"Mb-585_1","ABR33","M. sinensis",1,TRUE
"DM","Overlap0",8,"Mb-628_1","ABR33","M. sacchariflorus",0,TRUE
"DM","Overlap0",8,"Mb-70","ABR33","M. sinensis",1,TRUE
"DM","Overlap0",8,"Mb-72","ABR33","M. x gig",1,TRUE
"DM","Overlap0",8,"Mb-74","ABR33","M. sinensis",0,TRUE
"DM","Overlap0",8,"Mb-76","ABR33","M. sacchariflorus",0,TRUE
"DM","Overlap0",8,"Mb-770_18","ABR33","M. sacchariflorus",0,TRUE
"DM","Overlap0",8,"Mb-779_14","ABR33","M. sacchariflorus",1,TRUE
"DM","Overlap0",8,"Mb-787_13","ABR33","M. sacchariflorus",1,TRUE
"DM","Overlap0",8,"Mb-810_11","ABR33","M. sacchariflorus",1,TRUE
"DM","Overlap0",8,"Mb-819_19","ABR33","M. sacchariflorus",1,TRUE
"DM","Overlap0",8,"Mb-851_1","ABR33","M. sinensis",1,TRUE
"DM","Overlap0",8,"Mb-86","ABR33","M. sinensis",1,TRUE
"DM","Overlap0",8,"Mb-884_1","ABR33","M. sacchariflorus",1,TRUE
"DM","Overlap0",8,"Mb-893_11","ABR33","M. sinensis",0,TRUE
"DM","Overlap0",8,"Mb-9","ABR33","M. sinensis",0,TRUE
"DM","Overlap0",8,"Mb-910_11","ABR33","M. sinensis",0,TRUE
"DM","Overlap0",8,"Mb-913_17","ABR33","M. sacchariflorus",1,TRUE
"DM","Overlap0",8,"Mb-914_13","ABR33","M. sinensis",1,TRUE
"DM","Overlap0",8,"Mb-928_18","ABR33","M. sinensis",1,TRUE
"DM","Overlap0",8,"Mb-930","ABR33","M. sinensis",1,TRUE
"DM","Overlap0",8,"Mb-931_12","ABR33","M. sinensis",1,TRUE
"DM","Overlap0",8,"Mb-933_11","ABR33","M. sinensis",0,TRUE
"DM","Overlap0",8,"Mb-935_13","ABR33","M. sinensis",1,TRUE
"DM","Overlap0",8,"Mb-94","ABR33","M. sacchariflorus",1,TRUE
"DM","Overlap0",8,"Mb-956_19","ABR33","M. sacchariflorus",1,TRUE
"DM","Overlap0",8,"Mb-958_19","ABR33","M. sacchariflorus",1,TRUE
"DM","Overlap0",8,"Mb-960_20","ABR33","M. sinensis",1,TRUE
"DM","Overlap0",8,"Mb-961_16","ABR33","M. sacchariflorus",1,TRUE
"DM","Overlap0",8,"Mb-965_15","ABR33","M. sacchariflorus",1,TRUE
"DM","Overlap0",8,"Mb-969_18","ABR33","M. sacchariflorus",1,TRUE
"DM","Overlap0",8,"Mb-974_19","ABR33","M. sinensis",1,TRUE
"DM","Overlap0",8,"Mb-99","ABR33","M. sinensis",1,TRUE
"DM","Overlap0",8,"Mx-1548_12","ABR33","M. x gig",1,TRUE
"DM","Overlap0",8,"Mx-1915_12","ABR33","M. x gig",0,TRUE
"DM","Overlap0",8,"Mx-1932_13","ABR33","M. x gig",0,TRUE
"DM","Overlap0",8,"Mx-1933_11","ABR33","M. x gig",1,TRUE
"DM","Overlap0",8,"Mx-1956_15","ABR33","M. x gig",1,TRUE
"DM","Overlap0",8,"Mx-2446_1","ABR33","M. x gig",1,TRUE
"DM","Overlap0",8,"Mx-2470_5","ABR33","M. sacchariflorus",1,TRUE
"DM","Overlap0",8,"Mx-437_90","ABR33","M. x gig",0,TRUE
"DM","Overlap0",8,"Mb-102","JKI","M. sinensis",1,TRUE
"DM","Overlap0",8,"Mb-1037_52","JKI","M. sacchariflorus",1,TRUE
"DM","Overlap0",8,"Mb-104","JKI","M. x gig",0,TRUE
"DM","Overlap0",8,"Mb-1040_17","JKI","M. sacchariflorus",1,TRUE
"DM","Overlap0",8,"Mb-1043_32","JKI","M. sacchariflorus",1,TRUE
"DM","Overlap0",8,"Mb-1044_50","JKI","M. sacchariflorus",1,TRUE
"DM","Overlap0",8,"Mb-1056_31","JKI","M. sacchariflorus",1,TRUE
"DM","Overlap0",8,"Mb-1067_18","JKI","M. sacchariflorus",1,TRUE
"DM","Overlap0",8,"Mb-1086_54","JKI","M. x gig",1,TRUE
"DM","Overlap0",8,"Mb-109","JKI","M. sinensis",1,TRUE
"DM","Overlap0",8,"Mb-110","JKI","M. sinensis",1,TRUE
"DM","Overlap0",8,"Mb-111","JKI","M. sinensis",0,TRUE
"DM","Overlap0",8,"Mb-113","JKI","M. sinensis",1,TRUE
"DM","Overlap0",8,"Mb-1130_51","JKI","M. x gig",0,TRUE
"DM","Overlap0",8,"Mb-1132_52","JKI","M. x gig",1,TRUE
"DM","Overlap0",8,"Mb-1139_19","JKI","M. sinensis",1,FALSE
"DM","Overlap0",8,"Mb-1147_12","JKI","M. sinensis",1,TRUE
"DM","Overlap0",8,"Mb-115","JKI","M. sinensis",1,TRUE
"DM","Overlap0",8,"Mb-1153_20","JKI","M. sinensis",0,TRUE
"DM","Overlap0",8,"Mb-1155_33","JKI","M. sacchariflorus",0,TRUE
"DM","Overlap0",8,"Mb-1156_13","JKI","M. sinensis",0,TRUE
"DM","Overlap0",8,"Mb-1162_20","JKI","M. sacchariflorus",1,TRUE
"DM","Overlap0",8,"Mb-1182_16","JKI","M. sinensis",1,TRUE
"DM","Overlap0",8,"Mb-1205_12","JKI","M. sinensis",0,TRUE
"DM","Overlap0",8,"Mb-1231_18","JKI","M. sinensis",1,TRUE
"DM","Overlap0",8,"Mb-1238_1","JKI","M. sinensis",1,TRUE
"DM","Overlap0",8,"Mb-1261_15","JKI","M. sacchariflorus",1,TRUE
"DM","Overlap0",8,"Mb-1353_14","JKI","M. sacchariflorus",1,TRUE
"DM","Overlap0",8,"Mb-14","JKI","M. sinensis",1,TRUE
"DM","Overlap0",8,"Mb-140","JKI","M. sacchariflorus",1,TRUE
"DM","Overlap0",8,"Mb-142","JKI","M. sacchariflorus",1,TRUE
"DM","Overlap0",8,"Mb-144","JKI","M. sacchariflorus",1,TRUE
"DM","Overlap0",8,"Mb-146","JKI","M. sacchariflorus",1,TRUE
"DM","Overlap0",8,"Mb-147","JKI","M. x gig",1,TRUE
"DM","Overlap0",8,"Mb-148","JKI","M. x gig",1,TRUE
"DM","Overlap0",8,"Mb-1485_42","JKI","M. x gig",1,TRUE
"DM","Overlap0",8,"Mb-1486_1","JKI","M. x gig",0,TRUE
"DM","Overlap0",8,"Mb-149","JKI","M. x gig",1,TRUE
"DM","Overlap0",8,"Mb-166","JKI","M. sacchariflorus",1,TRUE
"DM","Overlap0",8,"Mb-167","JKI","M. sinensis",1,TRUE
"DM","Overlap0",8,"Mb-177","JKI","M. sacchariflorus",0,TRUE
"DM","Overlap0",8,"Mb-188","JKI","M. x gig",1,TRUE
"DM","Overlap0",8,"Mb-2","JKI","M. sinensis",1,TRUE
"DM","Overlap0",8,"Mb-221","JKI","M. sinensis",1,TRUE
"DM","Overlap0",8,"Mb-226","JKI","M. sacchariflorus",0,TRUE
"DM","Overlap0",8,"Mb-229","JKI","M. sinensis",1,TRUE
"DM","Overlap0",8,"Mb-255","JKI","M. sinensis",1,TRUE
"DM","Overlap0",8,"Mb-272","JKI","M. sacchariflorus",1,TRUE
"DM","Overlap0",8,"Mb-297","JKI","M. sacchariflorus",1,TRUE
"DM","Overlap0",8,"Mb-3","JKI","M. sinensis",1,TRUE
"DM","Overlap0",8,"Mb-306","JKI","M. sinensis",1,TRUE
"DM","Overlap0",8,"Mb-307","JKI","M. x gig",1,TRUE
"DM","Overlap0",8,"Mb-308","JKI","M. x gig",1,TRUE
"DM","Overlap0",8,"Mb-309","JKI","M. x gig",0,TRUE
"DM","Overlap0",8,"Mb-31","JKI","M. sinensis",1,TRUE
"DM","Overlap0",8,"Mb-310","JKI","M. x gig",1,TRUE
"DM","Overlap0",8,"Mb-35","JKI","M. sinensis",1,TRUE
"DM","Overlap0",8,"Mb-353","JKI","M. sacchariflorus",1,TRUE
"DM","Overlap0",8,"Mb-37","JKI","M. sinensis",1,TRUE
"DM","Overlap0",8,"Mb-383_1","JKI","M. sacchariflorus",1,TRUE
"DM","Overlap0",8,"Mb-391","JKI","M. sacchariflorus",1,TRUE
"DM","Overlap0",8,"Mb-393_1","JKI","M. sacchariflorus",1,TRUE
"DM","Overlap0",8,"Mb-397","JKI","M. sacchariflorus",1,TRUE
"DM","Overlap0",8,"Mb-399","JKI","M. sacchariflorus",1,TRUE
"DM","Overlap0",8,"Mb-401","JKI","M. sacchariflorus",1,TRUE
"DM","Overlap0",8,"Mb-411","JKI","M. sacchariflorus",0,TRUE
"DM","Overlap0",8,"Mb-416","JKI","M. sacchariflorus",1,TRUE
"DM","Overlap0",8,"Mb-425_1","JKI","M. sacchariflorus",0,TRUE
"DM","Overlap0",8,"Mb-427_1","JKI","M. sacchariflorus",1,TRUE
"DM","Overlap0",8,"Mb-431_1","JKI","M. sacchariflorus",0,TRUE
"DM","Overlap0",8,"Mb-434_1","JKI","M. sinensis",1,TRUE
"DM","Overlap0",8,"Mb-485_1","JKI","M. sacchariflorus",1,TRUE
"DM","Overlap0",8,"Mb-486","JKI","M. sacchariflorus",1,TRUE
"DM","Overlap0",8,"Mb-488_15","JKI","M. sacchariflorus",1,TRUE
"DM","Overlap0",8,"Mb-490_10","JKI","M. sacchariflorus",1,TRUE
"DM","Overlap0",8,"Mb-494_1","JKI","M. sacchariflorus",1,TRUE
"DM","Overlap0",8,"Mb-498_1","JKI","M. sacchariflorus",1,TRUE
"DM","Overlap0",8,"Mb-502_1","JKI","M. sacchariflorus",1,TRUE
"DM","Overlap0",8,"Mb-505_1","JKI","M. sacchariflorus",1,TRUE
"DM","Overlap0",8,"Mb-508","JKI","M. sacchariflorus",0,TRUE
"DM","Overlap0",8,"Mb-526_13","JKI","M. sinensis",1,TRUE
"DM","Overlap0",8,"Mb-527_1","JKI","M. sinensis",1,TRUE
"DM","Overlap0",8,"Mb-533_1","JKI","M. sinensis",1,TRUE
"DM","Overlap0",8,"Mb-539_1","JKI","M. sinensis",0,TRUE
"DM","Overlap0",8,"Mb-585_1","JKI","M. sinensis",1,TRUE
"DM","Overlap0",8,"Mb-628_1","JKI","M. sacchariflorus",1,TRUE
"DM","Overlap0",8,"Mb-70","JKI","M. sinensis",1,TRUE
"DM","Overlap0",8,"Mb-72","JKI","M. x gig",0,TRUE
"DM","Overlap0",8,"Mb-74","JKI","M. sinensis",1,TRUE
"DM","Overlap0",8,"Mb-76","JKI","M. sacchariflorus",1,TRUE
"DM","Overlap0",8,"Mb-770_18","JKI","M. sacchariflorus",1,TRUE
"DM","Overlap0",8,"Mb-779_14","JKI","M. sacchariflorus",1,TRUE
"DM","Overlap0",8,"Mb-787_13","JKI","M. sacchariflorus",1,TRUE
"DM","Overlap0",8,"Mb-810_11","JKI","M. sacchariflorus",0,TRUE
"DM","Overlap0",8,"Mb-819_19","JKI","M. sacchariflorus",1,TRUE
"DM","Overlap0",8,"Mb-851_1","JKI","M. sinensis",1,TRUE
"DM","Overlap0",8,"Mb-86","JKI","M. sinensis",0,TRUE
"DM","Overlap0",8,"Mb-884_1","JKI","M. sacchariflorus",0,TRUE
"DM","Overlap0",8,"Mb-893_11","JKI","M. sinensis",1,TRUE
"DM","Overlap0",8,"Mb-9","JKI","M. sinensis",1,TRUE
"DM","Overlap0",8,"Mb-910_11","JKI","M. sinensis",1,TRUE
"DM","Overlap0",8,"Mb-913_17","JKI","M. sacchariflorus",1,TRUE
"DM","Overlap0",8,"Mb-914_13","JKI","M. sinensis",1,TRUE
"DM","Overlap0",8,"Mb-928_18","JKI","M. sinensis",1,TRUE
"DM","Overlap0",8,"Mb-930","JKI","M. sinensis",1,TRUE
"DM","Overlap0",8,"Mb-931_12","JKI","M. sinensis",1,TRUE
"DM","Overlap0",8,"Mb-933_11","JKI","M. sinensis",1,TRUE
"DM","Overlap0",8,"Mb-935_13","JKI","M. sinensis",0,TRUE
"DM","Overlap0",8,"Mb-94","JKI","M. sacchariflorus",1,TRUE
"DM","Overlap0",8,"Mb-956_19","JKI","M. sacchariflorus",1,TRUE
"DM","Overlap0",8,"Mb-958_19","JKI","M. sacchariflorus",1,TRUE
"DM","Overlap0",8,"Mb-960_20","JKI","M. sinensis",1,TRUE
"DM","Overlap0",8,"Mb-961_16","JKI","M. sacchariflorus",0,TRUE
"DM","Overlap0",8,"Mb-965_15","JKI","M. sacchariflorus",0,TRUE
"DM","Overlap0",8,"Mb-969_18","JKI","M. sacchariflorus",0,TRUE
"DM","Overlap0",8,"Mb-974_19","JKI","M. sinensis",1,TRUE
"DM","Overlap0",8,"Mb-99","JKI","M. sinensis",1,TRUE
"DM","Overlap0",8,"Mx-1548_12","JKI","M. x gig",1,TRUE
"DM","Overlap0",8,"Mx-1915_12","JKI","M. x gig",1,TRUE
"DM","Overlap0",8,"Mx-1932_13","JKI","M. x gig",1,TRUE
"DM","Overlap0",8,"Mx-1933_11","JKI","M. x gig",1,TRUE
"DM","Overlap0",8,"Mx-1956_15","JKI","M. x gig",1,TRUE
"DM","Overlap0",8,"Mx-2446_1","JKI","M. x gig",0,TRUE
"DM","Overlap0",8,"Mx-2470_5","JKI","M. sacchariflorus",1,TRUE
"DM","Overlap0",8,"Mx-437_90","JKI","M. x gig",1,TRUE
"DM","Overlap0",9,"Mb-102","ABR33","M. sinensis",1,TRUE
"DM","Overlap0",9,"Mb-1037_52","ABR33","M. sacchariflorus",1,TRUE
"DM","Overlap0",9,"Mb-104","ABR33","M. x gig",0,TRUE
"DM","Overlap0",9,"Mb-1040_17","ABR33","M. sacchariflorus",0,TRUE
"DM","Overlap0",9,"Mb-1043_32","ABR33","M. sacchariflorus",1,TRUE
"DM","Overlap0",9,"Mb-1044_50","ABR33","M. sacchariflorus",1,TRUE
"DM","Overlap0",9,"Mb-1056_31","ABR33","M. sacchariflorus",1,TRUE
"DM","Overlap0",9,"Mb-1067_18","ABR33","M. sacchariflorus",1,TRUE
"DM","Overlap0",9,"Mb-1086_54","ABR33","M. x gig",1,TRUE
"DM","Overlap0",9,"Mb-109","ABR33","M. sinensis",1,TRUE
"DM","Overlap0",9,"Mb-110","ABR33","M. sinensis",1,TRUE
"DM","Overlap0",9,"Mb-111","ABR33","M. sinensis",1,TRUE
"DM","Overlap0",9,"Mb-113","ABR33","M. sinensis",1,TRUE
"DM","Overlap0",9,"Mb-1130_51","ABR33","M. x gig",1,TRUE
"DM","Overlap0",9,"Mb-1132_52","ABR33","M. x gig",0,TRUE
"DM","Overlap0",9,"Mb-1139_19","ABR33","M. sinensis",1,TRUE
"DM","Overlap0",9,"Mb-1147_12","ABR33","M. sinensis",0,TRUE
"DM","Overlap0",9,"Mb-115","ABR33","M. sinensis",1,TRUE
"DM","Overlap0",9,"Mb-1153_20","ABR33","M. sinensis",1,TRUE
"DM","Overlap0",9,"Mb-1155_33","ABR33","M. sacchariflorus",1,TRUE
"DM","Overlap0",9,"Mb-1156_13","ABR33","M. sinensis",0,TRUE
"DM","Overlap0",9,"Mb-1162_20","ABR33","M. sacchariflorus",1,TRUE
"DM","Overlap0",9,"Mb-1182_16","ABR33","M. sinensis",1,TRUE
"DM","Overlap0",9,"Mb-1205_12","ABR33","M. sinensis",1,TRUE
"DM","Overlap0",9,"Mb-1231_18","ABR33","M. sinensis",1,TRUE
"DM","Overlap0",9,"Mb-1238_1","ABR33","M. sinensis",1,TRUE
"DM","Overlap0",9,"Mb-1261_15","ABR33","M. sacchariflorus",1,TRUE
"DM","Overlap0",9,"Mb-1353_14","ABR33","M. sacchariflorus",0,TRUE
"DM","Overlap0",9,"Mb-14","ABR33","M. sinensis",1,TRUE
"DM","Overlap0",9,"Mb-140","ABR33","M. sacchariflorus",1,TRUE
"DM","Overlap0",9,"Mb-142","ABR33","M. sacchariflorus",1,TRUE
"DM","Overlap0",9,"Mb-144","ABR33","M. sacchariflorus",1,TRUE
"DM","Overlap0",9,"Mb-146","ABR33","M. sacchariflorus",1,TRUE
"DM","Overlap0",9,"Mb-147","ABR33","M. x gig",0,TRUE
"DM","Overlap0",9,"Mb-148","ABR33","M. x gig",1,TRUE
"DM","Overlap0",9,"Mb-1485_42","ABR33","M. x gig",1,TRUE
"DM","Overlap0",9,"Mb-1486_1","ABR33","M. x gig",1,TRUE
"DM","Overlap0",9,"Mb-149","ABR33","M. x gig",1,TRUE
"DM","Overlap0",9,"Mb-166","ABR33","M. sacchariflorus",1,TRUE
"DM","Overlap0",9,"Mb-167","ABR33","M. sinensis",1,TRUE
"DM","Overlap0",9,"Mb-177","ABR33","M. sacchariflorus",0,TRUE
"DM","Overlap0",9,"Mb-188","ABR33","M. x gig",1,TRUE
"DM","Overlap0",9,"Mb-2","ABR33","M. sinensis",1,TRUE
"DM","Overlap0",9,"Mb-221","ABR33","M. sinensis",1,TRUE
"DM","Overlap0",9,"Mb-226","ABR33","M. sacchariflorus",1,TRUE
"DM","Overlap0",9,"Mb-229","ABR33","M. sinensis",1,TRUE
"DM","Overlap0",9,"Mb-255","ABR33","M. sinensis",0,TRUE
"DM","Overlap0",9,"Mb-272","ABR33","M. sacchariflorus",1,TRUE
"DM","Overlap0",9,"Mb-297","ABR33","M. sacchariflorus",1,TRUE
"DM","Overlap0",9,"Mb-3","ABR33","M. sinensis",0,TRUE
"DM","Overlap0",9,"Mb-306","ABR33","M. sinensis",0,TRUE
"DM","Overlap0",9,"Mb-307","ABR33","M. x gig",1,TRUE
"DM","Overlap0",9,"Mb-308","ABR33","M. x gig",1,TRUE
"DM","Overlap0",9,"Mb-309","ABR33","M. x gig",1,TRUE
"DM","Overlap0",9,"Mb-31","ABR33","M. sinensis",1,TRUE
"DM","Overlap0",9,"Mb-310","ABR33","M. x gig",0,TRUE
"DM","Overlap0",9,"Mb-35","ABR33","M. sinensis",1,TRUE
"DM","Overlap0",9,"Mb-353","ABR33","M. sacchariflorus",1,TRUE
"DM","Overlap0",9,"Mb-37","ABR33","M. sinensis",0,TRUE
"DM","Overlap0",9,"Mb-383_1","ABR33","M. sacchariflorus",1,TRUE
"DM","Overlap0",9,"Mb-391","ABR33","M. sacchariflorus",1,TRUE
"DM","Overlap0",9,"Mb-393_1","ABR33","M. sacchariflorus",1,TRUE
"DM","Overlap0",9,"Mb-397","ABR33","M. sacchariflorus",1,TRUE
"DM","Overlap0",9,"Mb-399","ABR33","M. sacchariflorus",0,TRUE
"DM","Overlap0",9,"Mb-401","ABR33","M. sacchariflorus",1,TRUE
"DM","Overlap0",9,"Mb-411","ABR33","M. sacchariflorus",1,TRUE
"DM","Overlap0",9,"Mb-416","ABR33","M. sacchariflorus",1,TRUE
"DM","Overlap0",9,"Mb-425_1","ABR33","M. sacchariflorus",0,TRUE
"DM","Overlap0",9,"Mb-427_1","ABR33","M. sacchariflorus",1,TRUE
"DM","Overlap0",9,"Mb-431_1","ABR33","M. sacchariflorus",1,TRUE
"DM","Overlap0",9,"Mb-434_1","ABR33","M. sinensis",1,TRUE
"DM","Overlap0",9,"Mb-485_1","ABR33","M. sacchariflorus",1,TRUE
"DM","Overlap0",9,"Mb-486","ABR33","M. sacchariflorus",1,TRUE
"DM","Overlap0",9,"Mb-488_15","ABR33","M. sacchariflorus",1,TRUE
"DM","Overlap0",9,"Mb-490_10","ABR33","M. sacchariflorus",1,TRUE
"DM","Overlap0",9,"Mb-494_1","ABR33","M. sacchariflorus",1,TRUE
"DM","Overlap0",9,"Mb-498_1","ABR33","M. sacchariflorus",1,TRUE
"DM","Overlap0",9,"Mb-502_1","ABR33","M. sacchariflorus",1,TRUE
"DM","Overlap0",9,"Mb-505_1","ABR33","M. sacchariflorus",0,TRUE
"DM","Overlap0",9,"Mb-508","ABR33","M. sacchariflorus",1,TRUE
"DM","Overlap0",9,"Mb-526_13","ABR33","M. sinensis",1,TRUE
"DM","Overlap0",9,"Mb-527_1","ABR33","M. sinensis",1,TRUE
"DM","Overlap0",9,"Mb-533_1","ABR33","M. sinensis",1,TRUE
"DM","Overlap0",9,"Mb-539_1","ABR33","M. sinensis",1,TRUE
"DM","Overlap0",9,"Mb-585_1","ABR33","M. sinensis",0,TRUE
"DM","Overlap0",9,"Mb-628_1","ABR33","M. sacchariflorus",1,TRUE
"DM","Overlap0",9,"Mb-70","ABR33","M. sinensis",1,TRUE
"DM","Overlap0",9,"Mb-72","ABR33","M. x gig",1,TRUE
"DM","Overlap0",9,"Mb-74","ABR33","M. sinensis",1,TRUE
"DM","Overlap0",9,"Mb-76","ABR33","M. sacchariflorus",0,TRUE
"DM","Overlap0",9,"Mb-770_18","ABR33","M. sacchariflorus",1,TRUE
"DM","Overlap0",9,"Mb-779_14","ABR33","M. sacchariflorus",1,TRUE
"DM","Overlap0",9,"Mb-787_13","ABR33","M. sacchariflorus",1,TRUE
"DM","Overlap0",9,"Mb-810_11","ABR33","M. sacchariflorus",1,TRUE
"DM","Overlap0",9,"Mb-819_19","ABR33","M. sacchariflorus",0,TRUE
"DM","Overlap0",9,"Mb-851_1","ABR33","M. sinensis",1,TRUE
"DM","Overlap0",9,"Mb-86","ABR33","M. sinensis",1,TRUE
"DM","Overlap0",9,"Mb-884_1","ABR33","M. sacchariflorus",1,TRUE
"DM","Overlap0",9,"Mb-893_11","ABR33","M. sinensis",1,TRUE
"DM","Overlap0",9,"Mb-9","ABR33","M. sinensis",1,TRUE
"DM","Overlap0",9,"Mb-910_11","ABR33","M. sinensis",1,TRUE
"DM","Overlap0",9,"Mb-913_17","ABR33","M. sacchariflorus",1,TRUE
"DM","Overlap0",9,"Mb-914_13","ABR33","M. sinensis",1,TRUE
"DM","Overlap0",9,"Mb-928_18","ABR33","M. sinensis",1,TRUE
"DM","Overlap0",9,"Mb-930","ABR33","M. sinensis",1,TRUE
"DM","Overlap0",9,"Mb-931_12","ABR33","M. sinensis",1,TRUE
"DM","Overlap0",9,"Mb-933_11","ABR33","M. sinensis",1,TRUE
"DM","Overlap0",9,"Mb-935_13","ABR33","M. sinensis",0,TRUE
"DM","Overlap0",9,"Mb-94","ABR33","M. sacchariflorus",0,TRUE
"DM","Overlap0",9,"Mb-956_19","ABR33","M. sacchariflorus",0,TRUE
"DM","Overlap0",9,"Mb-958_19","ABR33","M. sacchariflorus",1,TRUE
"DM","Overlap0",9,"Mb-960_20","ABR33","M. sinensis",1,TRUE
"DM","Overlap0",9,"Mb-961_16","ABR33","M. sacchariflorus",1,TRUE
"DM","Overlap0",9,"Mb-965_15","ABR33","M. sacchariflorus",1,TRUE
"DM","Overlap0",9,"Mb-969_18","ABR33","M. sacchariflorus",0,TRUE
"DM","Overlap0",9,"Mb-974_19","ABR33","M. sinensis",0,TRUE
"DM","Overlap0",9,"Mb-99","ABR33","M. sinensis",1,TRUE
"DM","Overlap0",9,"Mx-1548_12","ABR33","M. x gig",1,TRUE
"DM","Overlap0",9,"Mx-1915_12","ABR33","M. x gig",1,TRUE
"DM","Overlap0",9,"Mx-1932_13","ABR33","M. x gig",1,TRUE
"DM","Overlap0",9,"Mx-1933_11","ABR33","M. x gig",1,TRUE
"DM","Overlap0",9,"Mx-1956_15","ABR33","M. x gig",1,TRUE
"DM","Overlap0",9,"Mx-2446_1","ABR33","M. x gig",1,TRUE
"DM","Overlap0",9,"Mx-2470_5","ABR33","M. sacchariflorus",1,TRUE
"DM","Overlap0",9,"Mx-437_90","ABR33","M. x gig",0,TRUE
"DM","Overlap0",9,"Mb-102","JKI","M. sinensis",1,TRUE
"DM","Overlap0",9,"Mb-1037_52","JKI","M. sacchariflorus",1,TRUE
"DM","Overlap0",9,"Mb-104","JKI","M. x gig",1,TRUE
"DM","Overlap0",9,"Mb-1040_17","JKI","M. sacchariflorus",1,TRUE
"DM","Overlap0",9,"Mb-1043_32","JKI","M. sacchariflorus",1,TRUE
"DM","Overlap0",9,"Mb-1044_50","JKI","M. sacchariflorus",1,TRUE
"DM","Overlap0",9,"Mb-1056_31","JKI","M. sacchariflorus",1,TRUE
"DM","Overlap0",9,"Mb-1067_18","JKI","M. sacchariflorus",0,TRUE
"DM","Overlap0",9,"Mb-1086_54","JKI","M. x gig",1,TRUE
"DM","Overlap0",9,"Mb-109","JKI","M. sinensis",1,TRUE
"DM","Overlap0",9,"Mb-110","JKI","M. sinensis",0,TRUE
"DM","Overlap0",9,"Mb-111","JKI","M. sinensis",1,TRUE
"DM","Overlap0",9,"Mb-113","JKI","M. sinensis",1,TRUE
"DM","Overlap0",9,"Mb-1130_51","JKI","M. x gig",1,TRUE
"DM","Overlap0",9,"Mb-1132_52","JKI","M. x gig",1,TRUE
"DM","Overlap0",9,"Mb-1139_19","JKI","M. sinensis",1,FALSE
"DM","Overlap0",9,"Mb-1147_12","JKI","M. sinensis",1,TRUE
"DM","Overlap0",9,"Mb-115","JKI","M. sinensis",0,TRUE
"DM","Overlap0",9,"Mb-1153_20","JKI","M. sinensis",1,TRUE
"DM","Overlap0",9,"Mb-1155_33","JKI","M. sacchariflorus",1,TRUE
"DM","Overlap0",9,"Mb-1156_13","JKI","M. sinensis",1,TRUE
"DM","Overlap0",9,"Mb-1162_20","JKI","M. sacchariflorus",1,TRUE
"DM","Overlap0",9,"Mb-1182_16","JKI","M. sinensis",1,TRUE
"DM","Overlap0",9,"Mb-1205_12","JKI","M. sinensis",1,TRUE
"DM","Overlap0",9,"Mb-1231_18","JKI","M. sinensis",1,TRUE
"DM","Overlap0",9,"Mb-1238_1","JKI","M. sinensis",1,TRUE
"DM","Overlap0",9,"Mb-1261_15","JKI","M. sacchariflorus",0,TRUE
"DM","Overlap0",9,"Mb-1353_14","JKI","M. sacchariflorus",1,TRUE
"DM","Overlap0",9,"Mb-14","JKI","M. sinensis",1,TRUE
"DM","Overlap0",9,"Mb-140","JKI","M. sacchariflorus",1,TRUE
"DM","Overlap0",9,"Mb-142","JKI","M. sacchariflorus",0,TRUE
"DM","Overlap0",9,"Mb-144","JKI","M. sacchariflorus",1,TRUE
"DM","Overlap0",9,"Mb-146","JKI","M. sacchariflorus",1,TRUE
"DM","Overlap0",9,"Mb-147","JKI","M. x gig",1,TRUE
"DM","Overlap0",9,"Mb-148","JKI","M. x gig",1,TRUE
"DM","Overlap0",9,"Mb-1485_42","JKI","M. x gig",1,TRUE
"DM","Overlap0",9,"Mb-1486_1","JKI","M. x gig",1,TRUE
"DM","Overlap0",9,"Mb-149","JKI","M. x gig",1,TRUE
"DM","Overlap0",9,"Mb-166","JKI","M. sacchariflorus",0,TRUE
"DM","Overlap0",9,"Mb-167","JKI","M. sinensis",0,TRUE
"DM","Overlap0",9,"Mb-177","JKI","M. sacchariflorus",1,TRUE
"DM","Overlap0",9,"Mb-188","JKI","M. x gig",1,TRUE
"DM","Overlap0",9,"Mb-2","JKI","M. sinensis",1,TRUE
"DM","Overlap0",9,"Mb-221","JKI","M. sinensis",1,TRUE
"DM","Overlap0",9,"Mb-226","JKI","M. sacchariflorus",0,TRUE
"DM","Overlap0",9,"Mb-229","JKI","M. sinensis",1,TRUE
"DM","Overlap0",9,"Mb-255","JKI","M. sinensis",1,TRUE
"DM","Overlap0",9,"Mb-272","JKI","M. sacchariflorus",1,TRUE
"DM","Overlap0",9,"Mb-297","JKI","M. sacchariflorus",1,TRUE
"DM","Overlap0",9,"Mb-3","JKI","M. sinensis",1,TRUE
"DM","Overlap0",9,"Mb-306","JKI","M. sinensis",1,TRUE
"DM","Overlap0",9,"Mb-307","JKI","M. x gig",1,TRUE
"DM","Overlap0",9,"Mb-308","JKI","M. x gig",1,TRUE
"DM","Overlap0",9,"Mb-309","JKI","M. x gig",1,TRUE
"DM","Overlap0",9,"Mb-31","JKI","M. sinensis",1,TRUE
"DM","Overlap0",9,"Mb-310","JKI","M. x gig",1,TRUE
"DM","Overlap0",9,"Mb-35","JKI","M. sinensis",1,TRUE
"DM","Overlap0",9,"Mb-353","JKI","M. sacchariflorus",1,TRUE
"DM","Overlap0",9,"Mb-37","JKI","M. sinensis",1,TRUE
"DM","Overlap0",9,"Mb-383_1","JKI","M. sacchariflorus",1,TRUE
"DM","Overlap0",9,"Mb-391","JKI","M. sacchariflorus",0,TRUE
"DM","Overlap0",9,"Mb-393_1","JKI","M. sacchariflorus",1,TRUE
"DM","Overlap0",9,"Mb-397","JKI","M. sacchariflorus",0,TRUE
"DM","Overlap0",9,"Mb-399","JKI","M. sacchariflorus",1,TRUE
"DM","Overlap0",9,"Mb-401","JKI","M. sacchariflorus",1,TRUE
"DM","Overlap0",9,"Mb-411","JKI","M. sacchariflorus",0,TRUE
"DM","Overlap0",9,"Mb-416","JKI","M. sacchariflorus",0,TRUE
"DM","Overlap0",9,"Mb-425_1","JKI","M. sacchariflorus",1,TRUE
"DM","Overlap0",9,"Mb-427_1","JKI","M. sacchariflorus",1,TRUE
"DM","Overlap0",9,"Mb-431_1","JKI","M. sacchariflorus",0,TRUE
"DM","Overlap0",9,"Mb-434_1","JKI","M. sinensis",1,TRUE
"DM","Overlap0",9,"Mb-485_1","JKI","M. sacchariflorus",1,TRUE
"DM","Overlap0",9,"Mb-486","JKI","M. sacchariflorus",1,TRUE
"DM","Overlap0",9,"Mb-488_15","JKI","M. sacchariflorus",1,TRUE
"DM","Overlap0",9,"Mb-490_10","JKI","M. sacchariflorus",0,TRUE
"DM","Overlap0",9,"Mb-494_1","JKI","M. sacchariflorus",1,TRUE
"DM","Overlap0",9,"Mb-498_1","JKI","M. sacchariflorus",1,TRUE
"DM","Overlap0",9,"Mb-502_1","JKI","M. sacchariflorus",1,TRUE
"DM","Overlap0",9,"Mb-505_1","JKI","M. sacchariflorus",1,TRUE
"DM","Overlap0",9,"Mb-508","JKI","M. sacchariflorus",1,TRUE
"DM","Overlap0",9,"Mb-526_13","JKI","M. sinensis",0,TRUE
"DM","Overlap0",9,"Mb-527_1","JKI","M. sinensis",1,TRUE
"DM","Overlap0",9,"Mb-533_1","JKI","M. sinensis",0,TRUE
"DM","Overlap0",9,"Mb-539_1","JKI","M. sinensis",1,TRUE
"DM","Overlap0",9,"Mb-585_1","JKI","M. sinensis",1,TRUE
"DM","Overlap0",9,"Mb-628_1","JKI","M. sacchariflorus",1,TRUE
"DM","Overlap0",9,"Mb-70","JKI","M. sinensis",1,TRUE
"DM","Overlap0",9,"Mb-72","JKI","M. x gig",1,TRUE
"DM","Overlap0",9,"Mb-74","JKI","M. sinensis",1,TRUE
"DM","Overlap0",9,"Mb-76","JKI","M. sacchariflorus",1,TRUE
"DM","Overlap0",9,"Mb-770_18","JKI","M. sacchariflorus",0,TRUE
"DM","Overlap0",9,"Mb-779_14","JKI","M. sacchariflorus",0,TRUE
"DM","Overlap0",9,"Mb-787_13","JKI","M. sacchariflorus",1,TRUE
"DM","Overlap0",9,"Mb-810_11","JKI","M. sacchariflorus",1,TRUE
"DM","Overlap0",9,"Mb-819_19","JKI","M. sacchariflorus",1,TRUE
"DM","Overlap0",9,"Mb-851_1","JKI","M. sinensis",1,TRUE
"DM","Overlap0",9,"Mb-86","JKI","M. sinensis",1,TRUE
"DM","Overlap0",9,"Mb-884_1","JKI","M. sacchariflorus",0,TRUE
"DM","Overlap0",9,"Mb-893_11","JKI","M. sinensis",1,TRUE
"DM","Overlap0",9,"Mb-9","JKI","M. sinensis",1,TRUE
"DM","Overlap0",9,"Mb-910_11","JKI","M. sinensis",1,TRUE
"DM","Overlap0",9,"Mb-913_17","JKI","M. sacchariflorus",1,TRUE
"DM","Overlap0",9,"Mb-914_13","JKI","M. sinensis",1,TRUE
"DM","Overlap0",9,"Mb-928_18","JKI","M. sinensis",1,TRUE
"DM","Overlap0",9,"Mb-930","JKI","M. sinensis",1,TRUE
"DM","Overlap0",9,"Mb-931_12","JKI","M. sinensis",1,TRUE
"DM","Overlap0",9,"Mb-933_11","JKI","M. sinensis",0,TRUE
"DM","Overlap0",9,"Mb-935_13","JKI","M. sinensis",1,TRUE
"DM","Overlap0",9,"Mb-94","JKI","M. sacchariflorus",1,TRUE
"DM","Overlap0",9,"Mb-956_19","JKI","M. sacchariflorus",1,TRUE
"DM","Overlap0",9,"Mb-958_19","JKI","M. sacchariflorus",1,TRUE
"DM","Overlap0",9,"Mb-960_20","JKI","M. sinensis",1,TRUE
"DM","Overlap0",9,"Mb-961_16","JKI","M. sacchariflorus",0,TRUE
"DM","Overlap0",9,"Mb-965_15","JKI","M. sacchariflorus",1,TRUE
"DM","Overlap0",9,"Mb-969_18","JKI","M. sacchariflorus",1,TRUE
"DM","Overlap0",9,"Mb-974_19","JKI","M. sinensis",1,TRUE
"DM","Overlap0",9,"Mb-99","JKI","M. sinensis",0,TRUE
"DM","Overlap0",9,"Mx-1548_12","JKI","M. x gig",1,TRUE
"DM","Overlap0",9,"Mx-1915_12","JKI","M. x gig",0,TRUE
"DM","Overlap0",9,"Mx-1932_13","JKI","M. x gig",0,TRUE
"DM","Overlap0",9,"Mx-1933_11","JKI","M. x gig",1,TRUE
"DM","Overlap0",9,"Mx-1956_15","JKI","M. x gig",1,TRUE
"DM","Overlap0",9,"Mx-2446_1","JKI","M. x gig",0,TRUE
"DM","Overlap0",9,"Mx-2470_5","JKI","M. sacchariflorus",1,TRUE
"DM","Overlap0",9,"Mx-437_90","JKI","M. x gig",1,TRUE
"DM","Overlap0",10,"Mb-102","ABR33","M. sinensis",1,TRUE
"DM","Overlap0",10,"Mb-1037_52","ABR33","M. sacchariflorus",1,TRUE
"DM","Overlap0",10,"Mb-104","ABR33","M. x gig",0,TRUE
"DM","Overlap0",10,"Mb-1040_17","ABR33","M. sacchariflorus",1,TRUE
"DM","Overlap0",10,"Mb-1043_32","ABR33","M. sacchariflorus",1,TRUE
"DM","Overlap0",10,"Mb-1044_50","ABR33","M. sacchariflorus",1,TRUE
"DM","Overlap0",10,"Mb-1056_31","ABR33","M. sacchariflorus",1,TRUE
"DM","Overlap0",10,"Mb-1067_18","ABR33","M. sacchariflorus",0,TRUE
"DM","Overlap0",10,"Mb-1086_54","ABR33","M. x gig",1,TRUE
"DM","Overlap0",10,"Mb-109","ABR33","M. sinensis",1,TRUE
"DM","Overlap0",10,"Mb-110","ABR33","M. sinensis",1,TRUE
"DM","Overlap0",10,"Mb-111","ABR33","M. sinensis",1,TRUE
"DM","Overlap0",10,"Mb-113","ABR33","M. sinensis",1,TRUE
"DM","Overlap0",10,"Mb-1130_51","ABR33","M. x gig",1,TRUE
"DM","Overlap0",10,"Mb-1132_52","ABR33","M. x gig",1,TRUE
"DM","Overlap0",10,"Mb-1139_19","ABR33","M. sinensis",1,TRUE
"DM","Overlap0",10,"Mb-1147_12","ABR33","M. sinensis",1,TRUE
"DM","Overlap0",10,"Mb-115","ABR33","M. sinensis",1,TRUE
"DM","Overlap0",10,"Mb-1153_20","ABR33","M. sinensis",0,TRUE
"DM","Overlap0",10,"Mb-1155_33","ABR33","M. sacchariflorus",1,TRUE
"DM","Overlap0",10,"Mb-1156_13","ABR33","M. sinensis",1,TRUE
"DM","Overlap0",10,"Mb-1162_20","ABR33","M. sacchariflorus",1,TRUE
"DM","Overlap0",10,"Mb-1182_16","ABR33","M. sinensis",1,TRUE
"DM","Overlap0",10,"Mb-1205_12","ABR33","M. sinensis",1,TRUE
"DM","Overlap0",10,"Mb-1231_18","ABR33","M. sinensis",1,TRUE
"DM","Overlap0",10,"Mb-1238_1","ABR33","M. sinensis",1,TRUE
"DM","Overlap0",10,"Mb-1261_15","ABR33","M. sacchariflorus",1,TRUE
"DM","Overlap0",10,"Mb-1353_14","ABR33","M. sacchariflorus",1,TRUE
"DM","Overlap0",10,"Mb-14","ABR33","M. sinensis",1,TRUE
"DM","Overlap0",10,"Mb-140","ABR33","M. sacchariflorus",1,TRUE
"DM","Overlap0",10,"Mb-142","ABR33","M. sacchariflorus",1,TRUE
"DM","Overlap0",10,"Mb-144","ABR33","M. sacchariflorus",1,TRUE
"DM","Overlap0",10,"Mb-146","ABR33","M. sacchariflorus",1,TRUE
"DM","Overlap0",10,"Mb-147","ABR33","M. x gig",0,TRUE
"DM","Overlap0",10,"Mb-148","ABR33","M. x gig",1,TRUE
"DM","Overlap0",10,"Mb-1485_42","ABR33","M. x gig",0,TRUE
"DM","Overlap0",10,"Mb-1486_1","ABR33","M. x gig",0,TRUE
"DM","Overlap0",10,"Mb-149","ABR33","M. x gig",1,TRUE
"DM","Overlap0",10,"Mb-166","ABR33","M. sacchariflorus",0,TRUE
"DM","Overlap0",10,"Mb-167","ABR33","M. sinensis",1,TRUE
"DM","Overlap0",10,"Mb-177","ABR33","M. sacchariflorus",1,TRUE
"DM","Overlap0",10,"Mb-188","ABR33","M. x gig",1,TRUE
"DM","Overlap0",10,"Mb-2","ABR33","M. sinensis",1,TRUE
"DM","Overlap0",10,"Mb-221","ABR33","M. sinensis",1,TRUE
"DM","Overlap0",10,"Mb-226","ABR33","M. sacchariflorus",1,TRUE
"DM","Overlap0",10,"Mb-229","ABR33","M. sinensis",1,TRUE
"DM","Overlap0",10,"Mb-255","ABR33","M. sinensis",1,TRUE
"DM","Overlap0",10,"Mb-272","ABR33","M. sacchariflorus",1,TRUE
"DM","Overlap0",10,"Mb-297","ABR33","M. sacchariflorus",1,TRUE
"DM","Overlap0",10,"Mb-3","ABR33","M. sinensis",1,TRUE
"DM","Overlap0",10,"Mb-306","ABR33","M. sinensis",0,TRUE
"DM","Overlap0",10,"Mb-307","ABR33","M. x gig",1,TRUE
"DM","Overlap0",10,"Mb-308","ABR33","M. x gig",1,TRUE
"DM","Overlap0",10,"Mb-309","ABR33","M. x gig",1,TRUE
"DM","Overlap0",10,"Mb-31","ABR33","M. sinensis",1,TRUE
"DM","Overlap0",10,"Mb-310","ABR33","M. x gig",1,TRUE
"DM","Overlap0",10,"Mb-35","ABR33","M. sinensis",1,TRUE
"DM","Overlap0",10,"Mb-353","ABR33","M. sacchariflorus",1,TRUE
"DM","Overlap0",10,"Mb-37","ABR33","M. sinensis",1,TRUE
"DM","Overlap0",10,"Mb-383_1","ABR33","M. sacchariflorus",1,TRUE
"DM","Overlap0",10,"Mb-391","ABR33","M. sacchariflorus",1,TRUE
"DM","Overlap0",10,"Mb-393_1","ABR33","M. sacchariflorus",1,TRUE
"DM","Overlap0",10,"Mb-397","ABR33","M. sacchariflorus",1,TRUE
"DM","Overlap0",10,"Mb-399","ABR33","M. sacchariflorus",1,TRUE
"DM","Overlap0",10,"Mb-401","ABR33","M. sacchariflorus",1,TRUE
"DM","Overlap0",10,"Mb-411","ABR33","M. sacchariflorus",1,TRUE
"DM","Overlap0",10,"Mb-416","ABR33","M. sacchariflorus",1,TRUE
"DM","Overlap0",10,"Mb-425_1","ABR33","M. sacchariflorus",0,TRUE
"DM","Overlap0",10,"Mb-427_1","ABR33","M. sacchariflorus",1,TRUE
"DM","Overlap0",10,"Mb-431_1","ABR33","M. sacchariflorus",1,TRUE
"DM","Overlap0",10,"Mb-434_1","ABR33","M. sinensis",1,TRUE
"DM","Overlap0",10,"Mb-485_1","ABR33","M. sacchariflorus",1,TRUE
"DM","Overlap0",10,"Mb-486","ABR33","M. sacchariflorus",1,TRUE
"DM","Overlap0",10,"Mb-488_15","ABR33","M. sacchariflorus",1,TRUE
"DM","Overlap0",10,"Mb-490_10","ABR33","M. sacchariflorus",1,TRUE
"DM","Overlap0",10,"Mb-494_1","ABR33","M. sacchariflorus",0,TRUE
"DM","Overlap0",10,"Mb-498_1","ABR33","M. sacchariflorus",0,TRUE
"DM","Overlap0",10,"Mb-502_1","ABR33","M. sacchariflorus",1,TRUE
"DM","Overlap0",10,"Mb-505_1","ABR33","M. sacchariflorus",1,TRUE
"DM","Overlap0",10,"Mb-508","ABR33","M. sacchariflorus",0,TRUE
"DM","Overlap0",10,"Mb-526_13","ABR33","M. sinensis",1,TRUE
"DM","Overlap0",10,"Mb-527_1","ABR33","M. sinensis",1,TRUE
"DM","Overlap0",10,"Mb-533_1","ABR33","M. sinensis",1,TRUE
"DM","Overlap0",10,"Mb-539_1","ABR33","M. sinensis",1,TRUE
"DM","Overlap0",10,"Mb-585_1","ABR33","M. sinensis",1,TRUE
"DM","Overlap0",10,"Mb-628_1","ABR33","M. sacchariflorus",0,TRUE
"DM","Overlap0",10,"Mb-70","ABR33","M. sinensis",1,TRUE
"DM","Overlap0",10,"Mb-72","ABR33","M. x gig",1,TRUE
"DM","Overlap0",10,"Mb-74","ABR33","M. sinensis",1,TRUE
"DM","Overlap0",10,"Mb-76","ABR33","M. sacchariflorus",1,TRUE
"DM","Overlap0",10,"Mb-770_18","ABR33","M. sacchariflorus",1,TRUE
"DM","Overlap0",10,"Mb-779_14","ABR33","M. sacchariflorus",1,TRUE
"DM","Overlap0",10,"Mb-787_13","ABR33","M. sacchariflorus",1,TRUE
"DM","Overlap0",10,"Mb-810_11","ABR33","M. sacchariflorus",0,TRUE
"DM","Overlap0",10,"Mb-819_19","ABR33","M. sacchariflorus",1,TRUE
"DM","Overlap0",10,"Mb-851_1","ABR33","M. sinensis",0,TRUE
"DM","Overlap0",10,"Mb-86","ABR33","M. sinensis",1,TRUE
"DM","Overlap0",10,"Mb-884_1","ABR33","M. sacchariflorus",1,TRUE
"DM","Overlap0",10,"Mb-893_11","ABR33","M. sinensis",0,TRUE
"DM","Overlap0",10,"Mb-9","ABR33","M. sinensis",1,TRUE
"DM","Overlap0",10,"Mb-910_11","ABR33","M. sinensis",1,TRUE
"DM","Overlap0",10,"Mb-913_17","ABR33","M. sacchariflorus",1,TRUE
"DM","Overlap0",10,"Mb-914_13","ABR33","M. sinensis",0,TRUE
"DM","Overlap0",10,"Mb-928_18","ABR33","M. sinensis",0,TRUE
"DM","Overlap0",10,"Mb-930","ABR33","M. sinensis",1,TRUE
"DM","Overlap0",10,"Mb-931_12","ABR33","M. sinensis",1,TRUE
"DM","Overlap0",10,"Mb-933_11","ABR33","M. sinensis",0,TRUE
"DM","Overlap0",10,"Mb-935_13","ABR33","M. sinensis",1,TRUE
"DM","Overlap0",10,"Mb-94","ABR33","M. sacchariflorus",0,TRUE
"DM","Overlap0",10,"Mb-956_19","ABR33","M. sacchariflorus",1,TRUE
"DM","Overlap0",10,"Mb-958_19","ABR33","M. sacchariflorus",0,TRUE
"DM","Overlap0",10,"Mb-960_20","ABR33","M. sinensis",1,TRUE
"DM","Overlap0",10,"Mb-961_16","ABR33","M. sacchariflorus",0,TRUE
"DM","Overlap0",10,"Mb-965_15","ABR33","M. sacchariflorus",1,TRUE
"DM","Overlap0",10,"Mb-969_18","ABR33","M. sacchariflorus",1,TRUE
"DM","Overlap0",10,"Mb-974_19","ABR33","M. sinensis",1,TRUE
"DM","Overlap0",10,"Mb-99","ABR33","M. sinensis",1,TRUE
"DM","Overlap0",10,"Mx-1548_12","ABR33","M. x gig",1,TRUE
"DM","Overlap0",10,"Mx-1915_12","ABR33","M. x gig",0,TRUE
"DM","Overlap0",10,"Mx-1932_13","ABR33","M. x gig",1,TRUE
"DM","Overlap0",10,"Mx-1933_11","ABR33","M. x gig",0,TRUE
"DM","Overlap0",10,"Mx-1956_15","ABR33","M. x gig",1,TRUE
"DM","Overlap0",10,"Mx-2446_1","ABR33","M. x gig",1,TRUE
"DM","Overlap0",10,"Mx-2470_5","ABR33","M. sacchariflorus",0,TRUE
"DM","Overlap0",10,"Mx-437_90","ABR33","M. x gig",1,TRUE
"DM","Overlap0",10,"Mb-102","JKI","M. sinensis",0,TRUE
"DM","Overlap0",10,"Mb-1037_52","JKI","M. sacchariflorus",1,TRUE
"DM","Overlap0",10,"Mb-104","JKI","M. x gig",1,TRUE
"DM","Overlap0",10,"Mb-1040_17","JKI","M. sacchariflorus",1,TRUE
"DM","Overlap0",10,"Mb-1043_32","JKI","M. sacchariflorus",1,TRUE
"DM","Overlap0",10,"Mb-1044_50","JKI","M. sacchariflorus",1,TRUE
"DM","Overlap0",10,"Mb-1056_31","JKI","M. sacchariflorus",1,TRUE
"DM","Overlap0",10,"Mb-1067_18","JKI","M. sacchariflorus",1,TRUE
"DM","Overlap0",10,"Mb-1086_54","JKI","M. x gig",1,TRUE
"DM","Overlap0",10,"Mb-109","JKI","M. sinensis",1,TRUE
"DM","Overlap0",10,"Mb-110","JKI","M. sinensis",1,TRUE
"DM","Overlap0",10,"Mb-111","JKI","M. sinensis",1,TRUE
"DM","Overlap0",10,"Mb-113","JKI","M. sinensis",0,TRUE
"DM","Overlap0",10,"Mb-1130_51","JKI","M. x gig",0,TRUE
"DM","Overlap0",10,"Mb-1132_52","JKI","M. x gig",0,TRUE
"DM","Overlap0",10,"Mb-1139_19","JKI","M. sinensis",1,FALSE
"DM","Overlap0",10,"Mb-1147_12","JKI","M. sinensis",1,TRUE
"DM","Overlap0",10,"Mb-115","JKI","M. sinensis",0,TRUE
"DM","Overlap0",10,"Mb-1153_20","JKI","M. sinensis",1,TRUE
"DM","Overlap0",10,"Mb-1155_33","JKI","M. sacchariflorus",1,TRUE
"DM","Overlap0",10,"Mb-1156_13","JKI","M. sinensis",1,TRUE
"DM","Overlap0",10,"Mb-1162_20","JKI","M. sacchariflorus",1,TRUE
"DM","Overlap0",10,"Mb-1182_16","JKI","M. sinensis",1,TRUE
"DM","Overlap0",10,"Mb-1205_12","JKI","M. sinensis",1,TRUE
"DM","Overlap0",10,"Mb-1231_18","JKI","M. sinensis",0,TRUE
"DM","Overlap0",10,"Mb-1238_1","JKI","M. sinensis",1,TRUE
"DM","Overlap0",10,"Mb-1261_15","JKI","M. sacchariflorus",0,TRUE
"DM","Overlap0",10,"Mb-1353_14","JKI","M. sacchariflorus",0,TRUE
"DM","Overlap0",10,"Mb-14","JKI","M. sinensis",1,TRUE
"DM","Overlap0",10,"Mb-140","JKI","M. sacchariflorus",1,TRUE
"DM","Overlap0",10,"Mb-142","JKI","M. sacchariflorus",0,TRUE
"DM","Overlap0",10,"Mb-144","JKI","M. sacchariflorus",1,TRUE
"DM","Overlap0",10,"Mb-146","JKI","M. sacchariflorus",1,TRUE
"DM","Overlap0",10,"Mb-147","JKI","M. x gig",1,TRUE
"DM","Overlap0",10,"Mb-148","JKI","M. x gig",1,TRUE
"DM","Overlap0",10,"Mb-1485_42","JKI","M. x gig",1,TRUE
"DM","Overlap0",10,"Mb-1486_1","JKI","M. x gig",1,TRUE
"DM","Overlap0",10,"Mb-149","JKI","M. x gig",1,TRUE
"DM","Overlap0",10,"Mb-166","JKI","M. sacchariflorus",1,TRUE
"DM","Overlap0",10,"Mb-167","JKI","M. sinensis",1,TRUE
"DM","Overlap0",10,"Mb-177","JKI","M. sacchariflorus",1,TRUE
"DM","Overlap0",10,"Mb-188","JKI","M. x gig",0,TRUE
"DM","Overlap0",10,"Mb-2","JKI","M. sinensis",1,TRUE
"DM","Overlap0",10,"Mb-221","JKI","M. sinensis",1,TRUE
"DM","Overlap0",10,"Mb-226","JKI","M. sacchariflorus",1,TRUE
"DM","Overlap0",10,"Mb-229","JKI","M. sinensis",0,TRUE
"DM","Overlap0",10,"Mb-255","JKI","M. sinensis",1,TRUE
"DM","Overlap0",10,"Mb-272","JKI","M. sacchariflorus",1,TRUE
"DM","Overlap0",10,"Mb-297","JKI","M. sacchariflorus",1,TRUE
"DM","Overlap0",10,"Mb-3","JKI","M. sinensis",1,TRUE
"DM","Overlap0",10,"Mb-306","JKI","M. sinensis",1,TRUE
"DM","Overlap0",10,"Mb-307","JKI","M. x gig",1,TRUE
"DM","Overlap0",10,"Mb-308","JKI","M. x gig",1,TRUE
"DM","Overlap0",10,"Mb-309","JKI","M. x gig",1,TRUE
"DM","Overlap0",10,"Mb-31","JKI","M. sinensis",1,TRUE
"DM","Overlap0",10,"Mb-310","JKI","M. x gig",0,TRUE
"DM","Overlap0",10,"Mb-35","JKI","M. sinensis",1,TRUE
"DM","Overlap0",10,"Mb-353","JKI","M. sacchariflorus",1,TRUE
"DM","Overlap0",10,"Mb-37","JKI","M. sinensis",1,TRUE
"DM","Overlap0",10,"Mb-383_1","JKI","M. sacchariflorus",1,TRUE
"DM","Overlap0",10,"Mb-391","JKI","M. sacchariflorus",1,TRUE
"DM","Overlap0",10,"Mb-393_1","JKI","M. sacchariflorus",1,TRUE
"DM","Overlap0",10,"Mb-397","JKI","M. sacchariflorus",1,TRUE
"DM","Overlap0",10,"Mb-399","JKI","M. sacchariflorus",0,TRUE
"DM","Overlap0",10,"Mb-401","JKI","M. sacchariflorus",0,TRUE
"DM","Overlap0",10,"Mb-411","JKI","M. sacchariflorus",1,TRUE
"DM","Overlap0",10,"Mb-416","JKI","M. sacchariflorus",1,TRUE
"DM","Overlap0",10,"Mb-425_1","JKI","M. sacchariflorus",1,TRUE
"DM","Overlap0",10,"Mb-427_1","JKI","M. sacchariflorus",0,TRUE
"DM","Overlap0",10,"Mb-431_1","JKI","M. sacchariflorus",1,TRUE
"DM","Overlap0",10,"Mb-434_1","JKI","M. sinensis",0,TRUE
"DM","Overlap0",10,"Mb-485_1","JKI","M. sacchariflorus",0,TRUE
"DM","Overlap0",10,"Mb-486","JKI","M. sacchariflorus",0,TRUE
"DM","Overlap0",10,"Mb-488_15","JKI","M. sacchariflorus",1,TRUE
"DM","Overlap0",10,"Mb-490_10","JKI","M. sacchariflorus",1,TRUE
"DM","Overlap0",10,"Mb-494_1","JKI","M. sacchariflorus",1,TRUE
"DM","Overlap0",10,"Mb-498_1","JKI","M. sacchariflorus",1,TRUE
"DM","Overlap0",10,"Mb-502_1","JKI","M. sacchariflorus",1,TRUE
"DM","Overlap0",10,"Mb-505_1","JKI","M. sacchariflorus",0,TRUE
"DM","Overlap0",10,"Mb-508","JKI","M. sacchariflorus",1,TRUE
"DM","Overlap0",10,"Mb-526_13","JKI","M. sinensis",0,TRUE
"DM","Overlap0",10,"Mb-527_1","JKI","M. sinensis",1,TRUE
"DM","Overlap0",10,"Mb-533_1","JKI","M. sinensis",1,TRUE
"DM","Overlap0",10,"Mb-539_1","JKI","M. sinensis",1,TRUE
"DM","Overlap0",10,"Mb-585_1","JKI","M. sinensis",0,TRUE
"DM","Overlap0",10,"Mb-628_1","JKI","M. sacchariflorus",1,TRUE
"DM","Overlap0",10,"Mb-70","JKI","M. sinensis",0,TRUE
"DM","Overlap0",10,"Mb-72","JKI","M. x gig",1,TRUE
"DM","Overlap0",10,"Mb-74","JKI","M. sinensis",1,TRUE
"DM","Overlap0",10,"Mb-76","JKI","M. sacchariflorus",1,TRUE
"DM","Overlap0",10,"Mb-770_18","JKI","M. sacchariflorus",1,TRUE
"DM","Overlap0",10,"Mb-779_14","JKI","M. sacchariflorus",1,TRUE
"DM","Overlap0",10,"Mb-787_13","JKI","M. sacchariflorus",1,TRUE
"DM","Overlap0",10,"Mb-810_11","JKI","M. sacchariflorus",1,TRUE
"DM","Overlap0",10,"Mb-819_19","JKI","M. sacchariflorus",1,TRUE
"DM","Overlap0",10,"Mb-851_1","JKI","M. sinensis",1,TRUE
"DM","Overlap0",10,"Mb-86","JKI","M. sinensis",1,TRUE
"DM","Overlap0",10,"Mb-884_1","JKI","M. sacchariflorus",1,TRUE
"DM","Overlap0",10,"Mb-893_11","JKI","M. sinensis",1,TRUE
"DM","Overlap0",10,"Mb-9","JKI","M. sinensis",1,TRUE
"DM","Overlap0",10,"Mb-910_11","JKI","M. sinensis",1,TRUE
"DM","Overlap0",10,"Mb-913_17","JKI","M. sacchariflorus",1,TRUE
"DM","Overlap0",10,"Mb-914_13","JKI","M. sinensis",1,TRUE
"DM","Overlap0",10,"Mb-928_18","JKI","M. sinensis",1,TRUE
"DM","Overlap0",10,"Mb-930","JKI","M. sinensis",1,TRUE
"DM","Overlap0",10,"Mb-931_12","JKI","M. sinensis",1,TRUE
"DM","Overlap0",10,"Mb-933_11","JKI","M. sinensis",1,TRUE
"DM","Overlap0",10,"Mb-935_13","JKI","M. sinensis",1,TRUE
"DM","Overlap0",10,"Mb-94","JKI","M. sacchariflorus",1,TRUE
"DM","Overlap0",10,"Mb-956_19","JKI","M. sacchariflorus",1,TRUE
"DM","Overlap0",10,"Mb-958_19","JKI","M. sacchariflorus",1,TRUE
"DM","Overlap0",10,"Mb-960_20","JKI","M. sinensis",1,TRUE
"DM","Overlap0",10,"Mb-961_16","JKI","M. sacchariflorus",1,TRUE
"DM","Overlap0",10,"Mb-965_15","JKI","M. sacchariflorus",1,TRUE
"DM","Overlap0",10,"Mb-969_18","JKI","M. sacchariflorus",0,TRUE
"DM","Overlap0",10,"Mb-974_19","JKI","M. sinensis",1,TRUE
"DM","Overlap0",10,"Mb-99","JKI","M. sinensis",0,TRUE
"DM","Overlap0",10,"Mx-1548_12","JKI","M. x gig",1,TRUE
"DM","Overlap0",10,"Mx-1915_12","JKI","M. x gig",1,TRUE
"DM","Overlap0",10,"Mx-1932_13","JKI","M. x gig",1,TRUE
"DM","Overlap0",10,"Mx-1933_11","JKI","M. x gig",1,TRUE
"DM","Overlap0",10,"Mx-1956_15","JKI","M. x gig",1,TRUE
"DM","Overlap0",10,"Mx-2446_1","JKI","M. x gig",0,TRUE
"DM","Overlap0",10,"Mx-2470_5","JKI","M. sacchariflorus",1,TRUE
"DM","Overlap0",10,"Mx-437_90","JKI","M. x gig",1,TRUE
"DM","Overlap5",1,"Mb-102","ABR33","M. sinensis",1,TRUE
"DM","Overlap5",1,"Mb-1037_52","ABR33","M. sacchariflorus",1,TRUE
"DM","Overlap5",1,"Mb-104","ABR33","M. x gig",1,TRUE
"DM","Overlap5",1,"Mb-1040_17","ABR33","M. sacchariflorus",1,TRUE
"DM","Overlap5",1,"Mb-1043_32","ABR33","M. sacchariflorus",1,TRUE
"DM","Overlap5",1,"Mb-1044_50","ABR33","M. sacchariflorus",0,TRUE
"DM","Overlap5",1,"Mb-1056_31","ABR33","M. sacchariflorus",0,TRUE
"DM","Overlap5",1,"Mb-1067_18","ABR33","M. sacchariflorus",1,TRUE
"DM","Overlap5",1,"Mb-1086_54","ABR33","M. x gig",1,TRUE
"DM","Overlap5",1,"Mb-109","ABR33","M. sinensis",1,TRUE
"DM","Overlap5",1,"Mb-110","ABR33","M. sinensis",0,TRUE
"DM","Overlap5",1,"Mb-111","ABR33","M. sinensis",1,TRUE
"DM","Overlap5",1,"Mb-113","ABR33","M. sinensis",0,TRUE
"DM","Overlap5",1,"Mb-1130_51","ABR33","M. x gig",1,TRUE
"DM","Overlap5",1,"Mb-1132_52","ABR33","M. x gig",1,TRUE
"DM","Overlap5",1,"Mb-1139_19","ABR33","M. sinensis",1,TRUE
"DM","Overlap5",1,"Mb-1147_12","ABR33","M. sinensis",1,TRUE
"DM","Overlap5",1,"Mb-115","ABR33","M. sinensis",1,TRUE
"DM","Overlap5",1,"Mb-1153_20","ABR33","M. sinensis",1,TRUE
"DM","Overlap5",1,"Mb-1155_33","ABR33","M. sacchariflorus",1,TRUE
"DM","Overlap5",1,"Mb-1156_13","ABR33","M. sinensis",1,TRUE
"DM","Overlap5",1,"Mb-1162_20","ABR33","M. sacchariflorus",0,TRUE
"DM","Overlap5",1,"Mb-1182_16","ABR33","M. sinensis",1,TRUE
"DM","Overlap5",1,"Mb-1205_12","ABR33","M. sinensis",1,TRUE
"DM","Overlap5",1,"Mb-1231_18","ABR33","M. sinensis",0,TRUE
"DM","Overlap5",1,"Mb-1238_1","ABR33","M. sinensis",0,TRUE
"DM","Overlap5",1,"Mb-1261_15","ABR33","M. sacchariflorus",1,TRUE
"DM","Overlap5",1,"Mb-1353_14","ABR33","M. sacchariflorus",1,TRUE
"DM","Overlap5",1,"Mb-14","ABR33","M. sinensis",1,TRUE
"DM","Overlap5",1,"Mb-140","ABR33","M. sacchariflorus",1,TRUE
"DM","Overlap5",1,"Mb-142","ABR33","M. sacchariflorus",0,TRUE
"DM","Overlap5",1,"Mb-144","ABR33","M. sacchariflorus",1,TRUE
"DM","Overlap5",1,"Mb-146","ABR33","M. sacchariflorus",1,TRUE
"DM","Overlap5",1,"Mb-147","ABR33","M. x gig",1,TRUE
"DM","Overlap5",1,"Mb-148","ABR33","M. x gig",1,TRUE
"DM","Overlap5",1,"Mb-1485_42","ABR33","M. x gig",1,TRUE
"DM","Overlap5",1,"Mb-1486_1","ABR33","M. x gig",1,TRUE
"DM","Overlap5",1,"Mb-149","ABR33","M. x gig",1,TRUE
"DM","Overlap5",1,"Mb-166","ABR33","M. sacchariflorus",0,TRUE
"DM","Overlap5",1,"Mb-167","ABR33","M. sinensis",1,TRUE
"DM","Overlap5",1,"Mb-177","ABR33","M. sacchariflorus",1,TRUE
"DM","Overlap5",1,"Mb-188","ABR33","M. x gig",0,TRUE
"DM","Overlap5",1,"Mb-2","ABR33","M. sinensis",1,TRUE
"DM","Overlap5",1,"Mb-221","ABR33","M. sinensis",1,TRUE
"DM","Overlap5",1,"Mb-226","ABR33","M. sacchariflorus",1,TRUE
"DM","Overlap5",1,"Mb-229","ABR33","M. sinensis",1,TRUE
"DM","Overlap5",1,"Mb-255","ABR33","M. sinensis",1,TRUE
"DM","Overlap5",1,"Mb-272","ABR33","M. sacchariflorus",1,TRUE
"DM","Overlap5",1,"Mb-297","ABR33","M. sacchariflorus",1,TRUE
"DM","Overlap5",1,"Mb-3","ABR33","M. sinensis",1,TRUE
"DM","Overlap5",1,"Mb-306","ABR33","M. sinensis",0,TRUE
"DM","Overlap5",1,"Mb-307","ABR33","M. x gig",0,TRUE
"DM","Overlap5",1,"Mb-308","ABR33","M. x gig",1,TRUE
"DM","Overlap5",1,"Mb-309","ABR33","M. x gig",1,TRUE
"DM","Overlap5",1,"Mb-31","ABR33","M. sinensis",1,TRUE
"DM","Overlap5",1,"Mb-310","ABR33","M. x gig",0,TRUE
"DM","Overlap5",1,"Mb-35","ABR33","M. sinensis",0,TRUE
"DM","Overlap5",1,"Mb-353","ABR33","M. sacchariflorus",1,TRUE
"DM","Overlap5",1,"Mb-37","ABR33","M. sinensis",1,TRUE
"DM","Overlap5",1,"Mb-383_1","ABR33","M. sacchariflorus",1,TRUE
"DM","Overlap5",1,"Mb-391","ABR33","M. sacchariflorus",1,TRUE
"DM","Overlap5",1,"Mb-393_1","ABR33","M. sacchariflorus",0,TRUE
"DM","Overlap5",1,"Mb-397","ABR33","M. sacchariflorus",1,TRUE
"DM","Overlap5",1,"Mb-399","ABR33","M. sacchariflorus",1,TRUE
"DM","Overlap5",1,"Mb-401","ABR33","M. sacchariflorus",1,TRUE
"DM","Overlap5",1,"Mb-411","ABR33","M. sacchariflorus",1,TRUE
"DM","Overlap5",1,"Mb-416","ABR33","M. sacchariflorus",1,TRUE
"DM","Overlap5",1,"Mb-425_1","ABR33","M. sacchariflorus",1,TRUE
"DM","Overlap5",1,"Mb-427_1","ABR33","M. sacchariflorus",1,TRUE
"DM","Overlap5",1,"Mb-431_1","ABR33","M. sacchariflorus",1,TRUE
"DM","Overlap5",1,"Mb-434_1","ABR33","M. sinensis",1,TRUE
"DM","Overlap5",1,"Mb-485_1","ABR33","M. sacchariflorus",1,TRUE
"DM","Overlap5",1,"Mb-486","ABR33","M. sacchariflorus",1,TRUE
"DM","Overlap5",1,"Mb-488_15","ABR33","M. sacchariflorus",1,TRUE
"DM","Overlap5",1,"Mb-490_10","ABR33","M. sacchariflorus",1,TRUE
"DM","Overlap5",1,"Mb-494_1","ABR33","M. sacchariflorus",1,TRUE
"DM","Overlap5",1,"Mb-498_1","ABR33","M. sacchariflorus",1,TRUE
"DM","Overlap5",1,"Mb-502_1","ABR33","M. sacchariflorus",0,TRUE
"DM","Overlap5",1,"Mb-505_1","ABR33","M. sacchariflorus",0,TRUE
"DM","Overlap5",1,"Mb-508","ABR33","M. sacchariflorus",1,TRUE
"DM","Overlap5",1,"Mb-526_13","ABR33","M. sinensis",1,TRUE
"DM","Overlap5",1,"Mb-527_1","ABR33","M. sinensis",0,TRUE
"DM","Overlap5",1,"Mb-533_1","ABR33","M. sinensis",1,TRUE
"DM","Overlap5",1,"Mb-539_1","ABR33","M. sinensis",0,TRUE
"DM","Overlap5",1,"Mb-585_1","ABR33","M. sinensis",0,TRUE
"DM","Overlap5",1,"Mb-628_1","ABR33","M. sacchariflorus",1,TRUE
"DM","Overlap5",1,"Mb-70","ABR33","M. sinensis",1,TRUE
"DM","Overlap5",1,"Mb-72","ABR33","M. x gig",1,TRUE
"DM","Overlap5",1,"Mb-74","ABR33","M. sinensis",1,TRUE
"DM","Overlap5",1,"Mb-76","ABR33","M. sacchariflorus",1,TRUE
"DM","Overlap5",1,"Mb-770_18","ABR33","M. sacchariflorus",1,TRUE
"DM","Overlap5",1,"Mb-779_14","ABR33","M. sacchariflorus",1,TRUE
"DM","Overlap5",1,"Mb-787_13","ABR33","M. sacchariflorus",1,TRUE
"DM","Overlap5",1,"Mb-810_11","ABR33","M. sacchariflorus",0,TRUE
"DM","Overlap5",1,"Mb-819_19","ABR33","M. sacchariflorus",1,TRUE
"DM","Overlap5",1,"Mb-851_1","ABR33","M. sinensis",1,TRUE
"DM","Overlap5",1,"Mb-86","ABR33","M. sinensis",1,TRUE
"DM","Overlap5",1,"Mb-884_1","ABR33","M. sacchariflorus",1,TRUE
"DM","Overlap5",1,"Mb-893_11","ABR33","M. sinensis",1,TRUE
"DM","Overlap5",1,"Mb-9","ABR33","M. sinensis",1,TRUE
"DM","Overlap5",1,"Mb-910_11","ABR33","M. sinensis",1,TRUE
"DM","Overlap5",1,"Mb-913_17","ABR33","M. sacchariflorus",1,TRUE
"DM","Overlap5",1,"Mb-914_13","ABR33","M. sinensis",1,TRUE
"DM","Overlap5",1,"Mb-928_18","ABR33","M. sinensis",1,TRUE
"DM","Overlap5",1,"Mb-930","ABR33","M. sinensis",1,TRUE
"DM","Overlap5",1,"Mb-931_12","ABR33","M. sinensis",1,TRUE
"DM","Overlap5",1,"Mb-933_11","ABR33","M. sinensis",1,TRUE
"DM","Overlap5",1,"Mb-935_13","ABR33","M. sinensis",1,TRUE
"DM","Overlap5",1,"Mb-94","ABR33","M. sacchariflorus",1,TRUE
"DM","Overlap5",1,"Mb-956_19","ABR33","M. sacchariflorus",1,TRUE
"DM","Overlap5",1,"Mb-958_19","ABR33","M. sacchariflorus",1,TRUE
"DM","Overlap5",1,"Mb-960_20","ABR33","M. sinensis",0,TRUE
"DM","Overlap5",1,"Mb-961_16","ABR33","M. sacchariflorus",1,TRUE
"DM","Overlap5",1,"Mb-965_15","ABR33","M. sacchariflorus",0,TRUE
"DM","Overlap5",1,"Mb-969_18","ABR33","M. sacchariflorus",1,TRUE
"DM","Overlap5",1,"Mb-974_19","ABR33","M. sinensis",1,TRUE
"DM","Overlap5",1,"Mb-99","ABR33","M. sinensis",1,TRUE
"DM","Overlap5",1,"Mx-1548_12","ABR33","M. x gig",0,TRUE
"DM","Overlap5",1,"Mx-1915_12","ABR33","M. x gig",0,TRUE
"DM","Overlap5",1,"Mx-1932_13","ABR33","M. x gig",1,TRUE
"DM","Overlap5",1,"Mx-1933_11","ABR33","M. x gig",1,TRUE
"DM","Overlap5",1,"Mx-1956_15","ABR33","M. x gig",1,TRUE
"DM","Overlap5",1,"Mx-2446_1","ABR33","M. x gig",1,TRUE
"DM","Overlap5",1,"Mx-2470_5","ABR33","M. sacchariflorus",1,TRUE
"DM","Overlap5",1,"Mx-437_90","ABR33","M. x gig",1,TRUE
"DM","Overlap5",1,"Mb-102","JKI","M. sinensis",1,TRUE
"DM","Overlap5",1,"Mb-1037_52","JKI","M. sacchariflorus",1,TRUE
"DM","Overlap5",1,"Mb-104","JKI","M. x gig",1,TRUE
"DM","Overlap5",1,"Mb-1040_17","JKI","M. sacchariflorus",1,TRUE
"DM","Overlap5",1,"Mb-1043_32","JKI","M. sacchariflorus",1,TRUE
"DM","Overlap5",1,"Mb-1044_50","JKI","M. sacchariflorus",1,TRUE
"DM","Overlap5",1,"Mb-1056_31","JKI","M. sacchariflorus",1,TRUE
"DM","Overlap5",1,"Mb-1067_18","JKI","M. sacchariflorus",1,TRUE
"DM","Overlap5",1,"Mb-1086_54","JKI","M. x gig",1,TRUE
"DM","Overlap5",1,"Mb-109","JKI","M. sinensis",1,TRUE
"DM","Overlap5",1,"Mb-110","JKI","M. sinensis",1,TRUE
"DM","Overlap5",1,"Mb-111","JKI","M. sinensis",1,TRUE
"DM","Overlap5",1,"Mb-113","JKI","M. sinensis",1,TRUE
"DM","Overlap5",1,"Mb-1130_51","JKI","M. x gig",1,TRUE
"DM","Overlap5",1,"Mb-1132_52","JKI","M. x gig",1,TRUE
"DM","Overlap5",1,"Mb-1139_19","JKI","M. sinensis",1,FALSE
"DM","Overlap5",1,"Mb-1147_12","JKI","M. sinensis",1,TRUE
"DM","Overlap5",1,"Mb-115","JKI","M. sinensis",0,TRUE
"DM","Overlap5",1,"Mb-1153_20","JKI","M. sinensis",1,TRUE
"DM","Overlap5",1,"Mb-1155_33","JKI","M. sacchariflorus",0,TRUE
"DM","Overlap5",1,"Mb-1156_13","JKI","M. sinensis",1,TRUE
"DM","Overlap5",1,"Mb-1162_20","JKI","M. sacchariflorus",1,TRUE
"DM","Overlap5",1,"Mb-1182_16","JKI","M. sinensis",1,TRUE
"DM","Overlap5",1,"Mb-1205_12","JKI","M. sinensis",1,TRUE
"DM","Overlap5",1,"Mb-1231_18","JKI","M. sinensis",1,TRUE
"DM","Overlap5",1,"Mb-1238_1","JKI","M. sinensis",1,TRUE
"DM","Overlap5",1,"Mb-1261_15","JKI","M. sacchariflorus",1,TRUE
"DM","Overlap5",1,"Mb-1353_14","JKI","M. sacchariflorus",1,TRUE
"DM","Overlap5",1,"Mb-14","JKI","M. sinensis",1,TRUE
"DM","Overlap5",1,"Mb-140","JKI","M. sacchariflorus",1,TRUE
"DM","Overlap5",1,"Mb-142","JKI","M. sacchariflorus",1,TRUE
"DM","Overlap5",1,"Mb-144","JKI","M. sacchariflorus",1,TRUE
"DM","Overlap5",1,"Mb-146","JKI","M. sacchariflorus",1,TRUE
"DM","Overlap5",1,"Mb-147","JKI","M. x gig",1,TRUE
"DM","Overlap5",1,"Mb-148","JKI","M. x gig",1,TRUE
"DM","Overlap5",1,"Mb-1485_42","JKI","M. x gig",1,TRUE
"DM","Overlap5",1,"Mb-1486_1","JKI","M. x gig",1,TRUE
"DM","Overlap5",1,"Mb-149","JKI","M. x gig",1,TRUE
"DM","Overlap5",1,"Mb-166","JKI","M. sacchariflorus",1,TRUE
"DM","Overlap5",1,"Mb-167","JKI","M. sinensis",1,TRUE
"DM","Overlap5",1,"Mb-177","JKI","M. sacchariflorus",1,TRUE
"DM","Overlap5",1,"Mb-188","JKI","M. x gig",1,TRUE
"DM","Overlap5",1,"Mb-2","JKI","M. sinensis",0,TRUE
"DM","Overlap5",1,"Mb-221","JKI","M. sinensis",1,TRUE
"DM","Overlap5",1,"Mb-226","JKI","M. sacchariflorus",1,TRUE
"DM","Overlap5",1,"Mb-229","JKI","M. sinensis",1,TRUE
"DM","Overlap5",1,"Mb-255","JKI","M. sinensis",1,TRUE
"DM","Overlap5",1,"Mb-272","JKI","M. sacchariflorus",1,TRUE
"DM","Overlap5",1,"Mb-297","JKI","M. sacchariflorus",0,TRUE
"DM","Overlap5",1,"Mb-3","JKI","M. sinensis",1,TRUE
"DM","Overlap5",1,"Mb-306","JKI","M. sinensis",1,TRUE
"DM","Overlap5",1,"Mb-307","JKI","M. x gig",1,TRUE
"DM","Overlap5",1,"Mb-308","JKI","M. x gig",0,TRUE
"DM","Overlap5",1,"Mb-309","JKI","M. x gig",0,TRUE
"DM","Overlap5",1,"Mb-31","JKI","M. sinensis",1,TRUE
"DM","Overlap5",1,"Mb-310","JKI","M. x gig",0,TRUE
"DM","Overlap5",1,"Mb-35","JKI","M. sinensis",1,TRUE
"DM","Overlap5",1,"Mb-353","JKI","M. sacchariflorus",1,TRUE
"DM","Overlap5",1,"Mb-37","JKI","M. sinensis",1,TRUE
"DM","Overlap5",1,"Mb-383_1","JKI","M. sacchariflorus",1,TRUE
"DM","Overlap5",1,"Mb-391","JKI","M. sacchariflorus",0,TRUE
"DM","Overlap5",1,"Mb-393_1","JKI","M. sacchariflorus",0,TRUE
"DM","Overlap5",1,"Mb-397","JKI","M. sacchariflorus",1,TRUE
"DM","Overlap5",1,"Mb-399","JKI","M. sacchariflorus",0,TRUE
"DM","Overlap5",1,"Mb-401","JKI","M. sacchariflorus",1,TRUE
"DM","Overlap5",1,"Mb-411","JKI","M. sacchariflorus",0,TRUE
"DM","Overlap5",1,"Mb-416","JKI","M. sacchariflorus",1,TRUE
"DM","Overlap5",1,"Mb-425_1","JKI","M. sacchariflorus",0,TRUE
"DM","Overlap5",1,"Mb-427_1","JKI","M. sacchariflorus",1,TRUE
"DM","Overlap5",1,"Mb-431_1","JKI","M. sacchariflorus",1,TRUE
"DM","Overlap5",1,"Mb-434_1","JKI","M. sinensis",0,TRUE
"DM","Overlap5",1,"Mb-485_1","JKI","M. sacchariflorus",1,TRUE
"DM","Overlap5",1,"Mb-486","JKI","M. sacchariflorus",1,TRUE
"DM","Overlap5",1,"Mb-488_15","JKI","M. sacchariflorus",1,TRUE
"DM","Overlap5",1,"Mb-490_10","JKI","M. sacchariflorus",1,TRUE
"DM","Overlap5",1,"Mb-494_1","JKI","M. sacchariflorus",0,TRUE
"DM","Overlap5",1,"Mb-498_1","JKI","M. sacchariflorus",0,TRUE
"DM","Overlap5",1,"Mb-502_1","JKI","M. sacchariflorus",1,TRUE
"DM","Overlap5",1,"Mb-505_1","JKI","M. sacchariflorus",0,TRUE
"DM","Overlap5",1,"Mb-508","JKI","M. sacchariflorus",1,TRUE
"DM","Overlap5",1,"Mb-526_13","JKI","M. sinensis",1,TRUE
"DM","Overlap5",1,"Mb-527_1","JKI","M. sinensis",1,TRUE
"DM","Overlap5",1,"Mb-533_1","JKI","M. sinensis",1,TRUE
"DM","Overlap5",1,"Mb-539_1","JKI","M. sinensis",0,TRUE
"DM","Overlap5",1,"Mb-585_1","JKI","M. sinensis",1,TRUE
"DM","Overlap5",1,"Mb-628_1","JKI","M. sacchariflorus",0,TRUE
"DM","Overlap5",1,"Mb-70","JKI","M. sinensis",1,TRUE
"DM","Overlap5",1,"Mb-72","JKI","M. x gig",1,TRUE
"DM","Overlap5",1,"Mb-74","JKI","M. sinensis",0,TRUE
"DM","Overlap5",1,"Mb-76","JKI","M. sacchariflorus",1,TRUE
"DM","Overlap5",1,"Mb-770_18","JKI","M. sacchariflorus",1,TRUE
"DM","Overlap5",1,"Mb-779_14","JKI","M. sacchariflorus",0,TRUE
"DM","Overlap5",1,"Mb-787_13","JKI","M. sacchariflorus",1,TRUE
"DM","Overlap5",1,"Mb-810_11","JKI","M. sacchariflorus",1,TRUE
"DM","Overlap5",1,"Mb-819_19","JKI","M. sacchariflorus",1,TRUE
"DM","Overlap5",1,"Mb-851_1","JKI","M. sinensis",0,TRUE
"DM","Overlap5",1,"Mb-86","JKI","M. sinensis",1,TRUE
"DM","Overlap5",1,"Mb-884_1","JKI","M. sacchariflorus",0,TRUE
"DM","Overlap5",1,"Mb-893_11","JKI","M. sinensis",1,TRUE
"DM","Overlap5",1,"Mb-9","JKI","M. sinensis",1,TRUE
"DM","Overlap5",1,"Mb-910_11","JKI","M. sinensis",1,TRUE
"DM","Overlap5",1,"Mb-913_17","JKI","M. sacchariflorus",1,TRUE
"DM","Overlap5",1,"Mb-914_13","JKI","M. sinensis",1,TRUE
"DM","Overlap5",1,"Mb-928_18","JKI","M. sinensis",1,TRUE
"DM","Overlap5",1,"Mb-930","JKI","M. sinensis",1,TRUE
"DM","Overlap5",1,"Mb-931_12","JKI","M. sinensis",1,TRUE
"DM","Overlap5",1,"Mb-933_11","JKI","M. sinensis",1,TRUE
"DM","Overlap5",1,"Mb-935_13","JKI","M. sinensis",0,TRUE
"DM","Overlap5",1,"Mb-94","JKI","M. sacchariflorus",1,TRUE
"DM","Overlap5",1,"Mb-956_19","JKI","M. sacchariflorus",1,TRUE
"DM","Overlap5",1,"Mb-958_19","JKI","M. sacchariflorus",1,TRUE
"DM","Overlap5",1,"Mb-960_20","JKI","M. sinensis",0,TRUE
"DM","Overlap5",1,"Mb-961_16","JKI","M. sacchariflorus",1,TRUE
"DM","Overlap5",1,"Mb-965_15","JKI","M. sacchariflorus",1,TRUE
"DM","Overlap5",1,"Mb-969_18","JKI","M. sacchariflorus",1,TRUE
"DM","Overlap5",1,"Mb-974_19","JKI","M. sinensis",1,TRUE
"DM","Overlap5",1,"Mb-99","JKI","M. sinensis",0,TRUE
"DM","Overlap5",1,"Mx-1548_12","JKI","M. x gig",1,TRUE
"DM","Overlap5",1,"Mx-1915_12","JKI","M. x gig",1,TRUE
"DM","Overlap5",1,"Mx-1932_13","JKI","M. x gig",1,TRUE
"DM","Overlap5",1,"Mx-1933_11","JKI","M. x gig",1,TRUE
"DM","Overlap5",1,"Mx-1956_15","JKI","M. x gig",1,TRUE
"DM","Overlap5",1,"Mx-2446_1","JKI","M. x gig",1,TRUE
"DM","Overlap5",1,"Mx-2470_5","JKI","M. sacchariflorus",1,TRUE
"DM","Overlap5",1,"Mx-437_90","JKI","M. x gig",1,TRUE
"DM","Overlap5",2,"Mb-102","ABR33","M. sinensis",1,TRUE
"DM","Overlap5",2,"Mb-1037_52","ABR33","M. sacchariflorus",1,TRUE
"DM","Overlap5",2,"Mb-104","ABR33","M. x gig",1,TRUE
"DM","Overlap5",2,"Mb-1040_17","ABR33","M. sacchariflorus",1,TRUE
"DM","Overlap5",2,"Mb-1043_32","ABR33","M. sacchariflorus",1,TRUE
"DM","Overlap5",2,"Mb-1044_50","ABR33","M. sacchariflorus",1,TRUE
"DM","Overlap5",2,"Mb-1056_31","ABR33","M. sacchariflorus",1,TRUE
"DM","Overlap5",2,"Mb-1067_18","ABR33","M. sacchariflorus",0,TRUE
"DM","Overlap5",2,"Mb-1086_54","ABR33","M. x gig",0,TRUE
"DM","Overlap5",2,"Mb-109","ABR33","M. sinensis",1,TRUE
"DM","Overlap5",2,"Mb-110","ABR33","M. sinensis",1,TRUE
"DM","Overlap5",2,"Mb-111","ABR33","M. sinensis",1,TRUE
"DM","Overlap5",2,"Mb-113","ABR33","M. sinensis",0,TRUE
"DM","Overlap5",2,"Mb-1130_51","ABR33","M. x gig",1,TRUE
"DM","Overlap5",2,"Mb-1132_52","ABR33","M. x gig",1,TRUE
"DM","Overlap5",2,"Mb-1139_19","ABR33","M. sinensis",1,TRUE
"DM","Overlap5",2,"Mb-1147_12","ABR33","M. sinensis",1,TRUE
"DM","Overlap5",2,"Mb-115","ABR33","M. sinensis",0,TRUE
"DM","Overlap5",2,"Mb-1153_20","ABR33","M. sinensis",1,TRUE
"DM","Overlap5",2,"Mb-1155_33","ABR33","M. sacchariflorus",0,TRUE
"DM","Overlap5",2,"Mb-1156_13","ABR33","M. sinensis",1,TRUE
"DM","Overlap5",2,"Mb-1162_20","ABR33","M. sacchariflorus",1,TRUE
"DM","Overlap5",2,"Mb-1182_16","ABR33","M. sinensis",0,TRUE
"DM","Overlap5",2,"Mb-1205_12","ABR33","M. sinensis",1,TRUE
"DM","Overlap5",2,"Mb-1231_18","ABR33","M. sinensis",1,TRUE
"DM","Overlap5",2,"Mb-1238_1","ABR33","M. sinensis",1,TRUE
"DM","Overlap5",2,"Mb-1261_15","ABR33","M. sacchariflorus",1,TRUE
"DM","Overlap5",2,"Mb-1353_14","ABR33","M. sacchariflorus",1,TRUE
"DM","Overlap5",2,"Mb-14","ABR33","M. sinensis",1,TRUE
"DM","Overlap5",2,"Mb-140","ABR33","M. sacchariflorus",1,TRUE
"DM","Overlap5",2,"Mb-142","ABR33","M. sacchariflorus",1,TRUE
"DM","Overlap5",2,"Mb-144","ABR33","M. sacchariflorus",1,TRUE
"DM","Overlap5",2,"Mb-146","ABR33","M. sacchariflorus",1,TRUE
"DM","Overlap5",2,"Mb-147","ABR33","M. x gig",0,TRUE
"DM","Overlap5",2,"Mb-148","ABR33","M. x gig",1,TRUE
"DM","Overlap5",2,"Mb-1485_42","ABR33","M. x gig",1,TRUE
"DM","Overlap5",2,"Mb-1486_1","ABR33","M. x gig",0,TRUE
"DM","Overlap5",2,"Mb-149","ABR33","M. x gig",1,TRUE
"DM","Overlap5",2,"Mb-166","ABR33","M. sacchariflorus",1,TRUE
"DM","Overlap5",2,"Mb-167","ABR33","M. sinensis",0,TRUE
"DM","Overlap5",2,"Mb-177","ABR33","M. sacchariflorus",1,TRUE
"DM","Overlap5",2,"Mb-188","ABR33","M. x gig",1,TRUE
"DM","Overlap5",2,"Mb-2","ABR33","M. sinensis",1,TRUE
"DM","Overlap5",2,"Mb-221","ABR33","M. sinensis",1,TRUE
"DM","Overlap5",2,"Mb-226","ABR33","M. sacchariflorus",0,TRUE
"DM","Overlap5",2,"Mb-229","ABR33","M. sinensis",1,TRUE
"DM","Overlap5",2,"Mb-255","ABR33","M. sinensis",1,TRUE
"DM","Overlap5",2,"Mb-272","ABR33","M. sacchariflorus",1,TRUE
"DM","Overlap5",2,"Mb-297","ABR33","M. sacchariflorus",1,TRUE
"DM","Overlap5",2,"Mb-3","ABR33","M. sinensis",1,TRUE
"DM","Overlap5",2,"Mb-306","ABR33","M. sinensis",1,TRUE
"DM","Overlap5",2,"Mb-307","ABR33","M. x gig",1,TRUE
"DM","Overlap5",2,"Mb-308","ABR33","M. x gig",1,TRUE
"DM","Overlap5",2,"Mb-309","ABR33","M. x gig",1,TRUE
"DM","Overlap5",2,"Mb-31","ABR33","M. sinensis",0,TRUE
"DM","Overlap5",2,"Mb-310","ABR33","M. x gig",1,TRUE
"DM","Overlap5",2,"Mb-35","ABR33","M. sinensis",1,TRUE
"DM","Overlap5",2,"Mb-353","ABR33","M. sacchariflorus",1,TRUE
"DM","Overlap5",2,"Mb-37","ABR33","M. sinensis",0,TRUE
"DM","Overlap5",2,"Mb-383_1","ABR33","M. sacchariflorus",1,TRUE
"DM","Overlap5",2,"Mb-391","ABR33","M. sacchariflorus",1,TRUE
"DM","Overlap5",2,"Mb-393_1","ABR33","M. sacchariflorus",1,TRUE
"DM","Overlap5",2,"Mb-397","ABR33","M. sacchariflorus",0,TRUE
"DM","Overlap5",2,"Mb-399","ABR33","M. sacchariflorus",0,TRUE
"DM","Overlap5",2,"Mb-401","ABR33","M. sacchariflorus",1,TRUE
"DM","Overlap5",2,"Mb-411","ABR33","M. sacchariflorus",1,TRUE
"DM","Overlap5",2,"Mb-416","ABR33","M. sacchariflorus",1,TRUE
"DM","Overlap5",2,"Mb-425_1","ABR33","M. sacchariflorus",0,TRUE
"DM","Overlap5",2,"Mb-427_1","ABR33","M. sacchariflorus",1,TRUE
"DM","Overlap5",2,"Mb-431_1","ABR33","M. sacchariflorus",1,TRUE
"DM","Overlap5",2,"Mb-434_1","ABR33","M. sinensis",1,TRUE
"DM","Overlap5",2,"Mb-485_1","ABR33","M. sacchariflorus",1,TRUE
"DM","Overlap5",2,"Mb-486","ABR33","M. sacchariflorus",0,TRUE
"DM","Overlap5",2,"Mb-488_15","ABR33","M. sacchariflorus",1,TRUE
"DM","Overlap5",2,"Mb-490_10","ABR33","M. sacchariflorus",1,TRUE
"DM","Overlap5",2,"Mb-494_1","ABR33","M. sacchariflorus",0,TRUE
"DM","Overlap5",2,"Mb-498_1","ABR33","M. sacchariflorus",1,TRUE
"DM","Overlap5",2,"Mb-502_1","ABR33","M. sacchariflorus",1,TRUE
"DM","Overlap5",2,"Mb-505_1","ABR33","M. sacchariflorus",1,TRUE
"DM","Overlap5",2,"Mb-508","ABR33","M. sacchariflorus",1,TRUE
"DM","Overlap5",2,"Mb-526_13","ABR33","M. sinensis",1,TRUE
"DM","Overlap5",2,"Mb-527_1","ABR33","M. sinensis",1,TRUE
"DM","Overlap5",2,"Mb-533_1","ABR33","M. sinensis",1,TRUE
"DM","Overlap5",2,"Mb-539_1","ABR33","M. sinensis",1,TRUE
"DM","Overlap5",2,"Mb-585_1","ABR33","M. sinensis",1,TRUE
"DM","Overlap5",2,"Mb-628_1","ABR33","M. sacchariflorus",1,TRUE
"DM","Overlap5",2,"Mb-70","ABR33","M. sinensis",1,TRUE
"DM","Overlap5",2,"Mb-72","ABR33","M. x gig",1,TRUE
"DM","Overlap5",2,"Mb-74","ABR33","M. sinensis",1,TRUE
"DM","Overlap5",2,"Mb-76","ABR33","M. sacchariflorus",1,TRUE
"DM","Overlap5",2,"Mb-770_18","ABR33","M. sacchariflorus",1,TRUE
"DM","Overlap5",2,"Mb-779_14","ABR33","M. sacchariflorus",1,TRUE
"DM","Overlap5",2,"Mb-787_13","ABR33","M. sacchariflorus",1,TRUE
"DM","Overlap5",2,"Mb-810_11","ABR33","M. sacchariflorus",0,TRUE
"DM","Overlap5",2,"Mb-819_19","ABR33","M. sacchariflorus",1,TRUE
"DM","Overlap5",2,"Mb-851_1","ABR33","M. sinensis",0,TRUE
"DM","Overlap5",2,"Mb-86","ABR33","M. sinensis",1,TRUE
"DM","Overlap5",2,"Mb-884_1","ABR33","M. sacchariflorus",1,TRUE
"DM","Overlap5",2,"Mb-893_11","ABR33","M. sinensis",1,TRUE
"DM","Overlap5",2,"Mb-9","ABR33","M. sinensis",1,TRUE
"DM","Overlap5",2,"Mb-910_11","ABR33","M. sinensis",1,TRUE
"DM","Overlap5",2,"Mb-913_17","ABR33","M. sacchariflorus",1,TRUE
"DM","Overlap5",2,"Mb-914_13","ABR33","M. sinensis",1,TRUE
"DM","Overlap5",2,"Mb-928_18","ABR33","M. sinensis",0,TRUE
"DM","Overlap5",2,"Mb-930","ABR33","M. sinensis",1,TRUE
"DM","Overlap5",2,"Mb-931_12","ABR33","M. sinensis",1,TRUE
"DM","Overlap5",2,"Mb-933_11","ABR33","M. sinensis",1,TRUE
"DM","Overlap5",2,"Mb-935_13","ABR33","M. sinensis",0,TRUE
"DM","Overlap5",2,"Mb-94","ABR33","M. sacchariflorus",0,TRUE
"DM","Overlap5",2,"Mb-956_19","ABR33","M. sacchariflorus",1,TRUE
"DM","Overlap5",2,"Mb-958_19","ABR33","M. sacchariflorus",1,TRUE
"DM","Overlap5",2,"Mb-960_20","ABR33","M. sinensis",0,TRUE
"DM","Overlap5",2,"Mb-961_16","ABR33","M. sacchariflorus",1,TRUE
"DM","Overlap5",2,"Mb-965_15","ABR33","M. sacchariflorus",1,TRUE
"DM","Overlap5",2,"Mb-969_18","ABR33","M. sacchariflorus",1,TRUE
"DM","Overlap5",2,"Mb-974_19","ABR33","M. sinensis",0,TRUE
"DM","Overlap5",2,"Mb-99","ABR33","M. sinensis",1,TRUE
"DM","Overlap5",2,"Mx-1548_12","ABR33","M. x gig",1,TRUE
"DM","Overlap5",2,"Mx-1915_12","ABR33","M. x gig",1,TRUE
"DM","Overlap5",2,"Mx-1932_13","ABR33","M. x gig",0,TRUE
"DM","Overlap5",2,"Mx-1933_11","ABR33","M. x gig",1,TRUE
"DM","Overlap5",2,"Mx-1956_15","ABR33","M. x gig",1,TRUE
"DM","Overlap5",2,"Mx-2446_1","ABR33","M. x gig",1,TRUE
"DM","Overlap5",2,"Mx-2470_5","ABR33","M. sacchariflorus",1,TRUE
"DM","Overlap5",2,"Mx-437_90","ABR33","M. x gig",1,TRUE
"DM","Overlap5",2,"Mb-102","JKI","M. sinensis",1,TRUE
"DM","Overlap5",2,"Mb-1037_52","JKI","M. sacchariflorus",0,TRUE
"DM","Overlap5",2,"Mb-104","JKI","M. x gig",1,TRUE
"DM","Overlap5",2,"Mb-1040_17","JKI","M. sacchariflorus",1,TRUE
"DM","Overlap5",2,"Mb-1043_32","JKI","M. sacchariflorus",0,TRUE
"DM","Overlap5",2,"Mb-1044_50","JKI","M. sacchariflorus",1,TRUE
"DM","Overlap5",2,"Mb-1056_31","JKI","M. sacchariflorus",1,TRUE
"DM","Overlap5",2,"Mb-1067_18","JKI","M. sacchariflorus",1,TRUE
"DM","Overlap5",2,"Mb-1086_54","JKI","M. x gig",1,TRUE
"DM","Overlap5",2,"Mb-109","JKI","M. sinensis",1,TRUE
"DM","Overlap5",2,"Mb-110","JKI","M. sinensis",1,TRUE
"DM","Overlap5",2,"Mb-111","JKI","M. sinensis",1,TRUE
"DM","Overlap5",2,"Mb-113","JKI","M. sinensis",1,TRUE
"DM","Overlap5",2,"Mb-1130_51","JKI","M. x gig",1,TRUE
"DM","Overlap5",2,"Mb-1132_52","JKI","M. x gig",1,TRUE
"DM","Overlap5",2,"Mb-1139_19","JKI","M. sinensis",1,FALSE
"DM","Overlap5",2,"Mb-1147_12","JKI","M. sinensis",1,TRUE
"DM","Overlap5",2,"Mb-115","JKI","M. sinensis",1,TRUE
"DM","Overlap5",2,"Mb-1153_20","JKI","M. sinensis",1,TRUE
"DM","Overlap5",2,"Mb-1155_33","JKI","M. sacchariflorus",1,TRUE
"DM","Overlap5",2,"Mb-1156_13","JKI","M. sinensis",1,TRUE
"DM","Overlap5",2,"Mb-1162_20","JKI","M. sacchariflorus",1,TRUE
"DM","Overlap5",2,"Mb-1182_16","JKI","M. sinensis",1,TRUE
"DM","Overlap5",2,"Mb-1205_12","JKI","M. sinensis",1,TRUE
"DM","Overlap5",2,"Mb-1231_18","JKI","M. sinensis",1,TRUE
"DM","Overlap5",2,"Mb-1238_1","JKI","M. sinensis",1,TRUE
"DM","Overlap5",2,"Mb-1261_15","JKI","M. sacchariflorus",0,TRUE
"DM","Overlap5",2,"Mb-1353_14","JKI","M. sacchariflorus",1,TRUE
"DM","Overlap5",2,"Mb-14","JKI","M. sinensis",1,TRUE
"DM","Overlap5",2,"Mb-140","JKI","M. sacchariflorus",1,TRUE
"DM","Overlap5",2,"Mb-142","JKI","M. sacchariflorus",1,TRUE
"DM","Overlap5",2,"Mb-144","JKI","M. sacchariflorus",1,TRUE
"DM","Overlap5",2,"Mb-146","JKI","M. sacchariflorus",0,TRUE
"DM","Overlap5",2,"Mb-147","JKI","M. x gig",1,TRUE
"DM","Overlap5",2,"Mb-148","JKI","M. x gig",1,TRUE
"DM","Overlap5",2,"Mb-1485_42","JKI","M. x gig",1,TRUE
"DM","Overlap5",2,"Mb-1486_1","JKI","M. x gig",0,TRUE
"DM","Overlap5",2,"Mb-149","JKI","M. x gig",1,TRUE
"DM","Overlap5",2,"Mb-166","JKI","M. sacchariflorus",1,TRUE
"DM","Overlap5",2,"Mb-167","JKI","M. sinensis",1,TRUE
"DM","Overlap5",2,"Mb-177","JKI","M. sacchariflorus",0,TRUE
"DM","Overlap5",2,"Mb-188","JKI","M. x gig",1,TRUE
"DM","Overlap5",2,"Mb-2","JKI","M. sinensis",1,TRUE
"DM","Overlap5",2,"Mb-221","JKI","M. sinensis",1,TRUE
"DM","Overlap5",2,"Mb-226","JKI","M. sacchariflorus",1,TRUE
"DM","Overlap5",2,"Mb-229","JKI","M. sinensis",1,TRUE
"DM","Overlap5",2,"Mb-255","JKI","M. sinensis",1,TRUE
"DM","Overlap5",2,"Mb-272","JKI","M. sacchariflorus",1,TRUE
"DM","Overlap5",2,"Mb-297","JKI","M. sacchariflorus",1,TRUE
"DM","Overlap5",2,"Mb-3","JKI","M. sinensis",1,TRUE
"DM","Overlap5",2,"Mb-306","JKI","M. sinensis",1,TRUE
"DM","Overlap5",2,"Mb-307","JKI","M. x gig",0,TRUE
"DM","Overlap5",2,"Mb-308","JKI","M. x gig",1,TRUE
"DM","Overlap5",2,"Mb-309","JKI","M. x gig",1,TRUE
"DM","Overlap5",2,"Mb-31","JKI","M. sinensis",1,TRUE
"DM","Overlap5",2,"Mb-310","JKI","M. x gig",1,TRUE
"DM","Overlap5",2,"Mb-35","JKI","M. sinensis",1,TRUE
"DM","Overlap5",2,"Mb-353","JKI","M. sacchariflorus",0,TRUE
"DM","Overlap5",2,"Mb-37","JKI","M. sinensis",1,TRUE
"DM","Overlap5",2,"Mb-383_1","JKI","M. sacchariflorus",1,TRUE
"DM","Overlap5",2,"Mb-391","JKI","M. sacchariflorus",1,TRUE
"DM","Overlap5",2,"Mb-393_1","JKI","M. sacchariflorus",1,TRUE
"DM","Overlap5",2,"Mb-397","JKI","M. sacchariflorus",0,TRUE
"DM","Overlap5",2,"Mb-399","JKI","M. sacchariflorus",1,TRUE
"DM","Overlap5",2,"Mb-401","JKI","M. sacchariflorus",1,TRUE
"DM","Overlap5",2,"Mb-411","JKI","M. sacchariflorus",1,TRUE
"DM","Overlap5",2,"Mb-416","JKI","M. sacchariflorus",1,TRUE
"DM","Overlap5",2,"Mb-425_1","JKI","M. sacchariflorus",1,TRUE
"DM","Overlap5",2,"Mb-427_1","JKI","M. sacchariflorus",0,TRUE
"DM","Overlap5",2,"Mb-431_1","JKI","M. sacchariflorus",1,TRUE
"DM","Overlap5",2,"Mb-434_1","JKI","M. sinensis",1,TRUE
"DM","Overlap5",2,"Mb-485_1","JKI","M. sacchariflorus",1,TRUE
"DM","Overlap5",2,"Mb-486","JKI","M. sacchariflorus",1,TRUE
"DM","Overlap5",2,"Mb-488_15","JKI","M. sacchariflorus",1,TRUE
"DM","Overlap5",2,"Mb-490_10","JKI","M. sacchariflorus",1,TRUE
"DM","Overlap5",2,"Mb-494_1","JKI","M. sacchariflorus",1,TRUE
"DM","Overlap5",2,"Mb-498_1","JKI","M. sacchariflorus",0,TRUE
"DM","Overlap5",2,"Mb-502_1","JKI","M. sacchariflorus",0,TRUE
"DM","Overlap5",2,"Mb-505_1","JKI","M. sacchariflorus",0,TRUE
"DM","Overlap5",2,"Mb-508","JKI","M. sacchariflorus",1,TRUE
"DM","Overlap5",2,"Mb-526_13","JKI","M. sinensis",1,TRUE
"DM","Overlap5",2,"Mb-527_1","JKI","M. sinensis",1,TRUE
"DM","Overlap5",2,"Mb-533_1","JKI","M. sinensis",1,TRUE
"DM","Overlap5",2,"Mb-539_1","JKI","M. sinensis",0,TRUE
"DM","Overlap5",2,"Mb-585_1","JKI","M. sinensis",1,TRUE
"DM","Overlap5",2,"Mb-628_1","JKI","M. sacchariflorus",1,TRUE
"DM","Overlap5",2,"Mb-70","JKI","M. sinensis",1,TRUE
"DM","Overlap5",2,"Mb-72","JKI","M. x gig",1,TRUE
"DM","Overlap5",2,"Mb-74","JKI","M. sinensis",1,TRUE
"DM","Overlap5",2,"Mb-76","JKI","M. sacchariflorus",1,TRUE
"DM","Overlap5",2,"Mb-770_18","JKI","M. sacchariflorus",0,TRUE
"DM","Overlap5",2,"Mb-779_14","JKI","M. sacchariflorus",1,TRUE
"DM","Overlap5",2,"Mb-787_13","JKI","M. sacchariflorus",0,TRUE
"DM","Overlap5",2,"Mb-810_11","JKI","M. sacchariflorus",1,TRUE
"DM","Overlap5",2,"Mb-819_19","JKI","M. sacchariflorus",1,TRUE
"DM","Overlap5",2,"Mb-851_1","JKI","M. sinensis",0,TRUE
"DM","Overlap5",2,"Mb-86","JKI","M. sinensis",0,TRUE
"DM","Overlap5",2,"Mb-884_1","JKI","M. sacchariflorus",1,TRUE
"DM","Overlap5",2,"Mb-893_11","JKI","M. sinensis",1,TRUE
"DM","Overlap5",2,"Mb-9","JKI","M. sinensis",1,TRUE
"DM","Overlap5",2,"Mb-910_11","JKI","M. sinensis",0,TRUE
"DM","Overlap5",2,"Mb-913_17","JKI","M. sacchariflorus",1,TRUE
"DM","Overlap5",2,"Mb-914_13","JKI","M. sinensis",1,TRUE
"DM","Overlap5",2,"Mb-928_18","JKI","M. sinensis",0,TRUE
"DM","Overlap5",2,"Mb-930","JKI","M. sinensis",1,TRUE
"DM","Overlap5",2,"Mb-931_12","JKI","M. sinensis",1,TRUE
"DM","Overlap5",2,"Mb-933_11","JKI","M. sinensis",0,TRUE
"DM","Overlap5",2,"Mb-935_13","JKI","M. sinensis",1,TRUE
"DM","Overlap5",2,"Mb-94","JKI","M. sacchariflorus",0,TRUE
"DM","Overlap5",2,"Mb-956_19","JKI","M. sacchariflorus",1,TRUE
"DM","Overlap5",2,"Mb-958_19","JKI","M. sacchariflorus",0,TRUE
"DM","Overlap5",2,"Mb-960_20","JKI","M. sinensis",1,TRUE
"DM","Overlap5",2,"Mb-961_16","JKI","M. sacchariflorus",1,TRUE
"DM","Overlap5",2,"Mb-965_15","JKI","M. sacchariflorus",1,TRUE
"DM","Overlap5",2,"Mb-969_18","JKI","M. sacchariflorus",1,TRUE
"DM","Overlap5",2,"Mb-974_19","JKI","M. sinensis",1,TRUE
"DM","Overlap5",2,"Mb-99","JKI","M. sinensis",1,TRUE
"DM","Overlap5",2,"Mx-1548_12","JKI","M. x gig",1,TRUE
"DM","Overlap5",2,"Mx-1915_12","JKI","M. x gig",1,TRUE
"DM","Overlap5",2,"Mx-1932_13","JKI","M. x gig",1,TRUE
"DM","Overlap5",2,"Mx-1933_11","JKI","M. x gig",1,TRUE
"DM","Overlap5",2,"Mx-1956_15","JKI","M. x gig",0,TRUE
"DM","Overlap5",2,"Mx-2446_1","JKI","M. x gig",1,TRUE
"DM","Overlap5",2,"Mx-2470_5","JKI","M. sacchariflorus",0,TRUE
"DM","Overlap5",2,"Mx-437_90","JKI","M. x gig",1,TRUE
"DM","Overlap5",3,"Mb-102","ABR33","M. sinensis",1,TRUE
"DM","Overlap5",3,"Mb-1037_52","ABR33","M. sacchariflorus",0,TRUE
"DM","Overlap5",3,"Mb-104","ABR33","M. x gig",1,TRUE
"DM","Overlap5",3,"Mb-1040_17","ABR33","M. sacchariflorus",0,TRUE
"DM","Overlap5",3,"Mb-1043_32","ABR33","M. sacchariflorus",1,TRUE
"DM","Overlap5",3,"Mb-1044_50","ABR33","M. sacchariflorus",1,TRUE
"DM","Overlap5",3,"Mb-1056_31","ABR33","M. sacchariflorus",0,TRUE
"DM","Overlap5",3,"Mb-1067_18","ABR33","M. sacchariflorus",1,TRUE
"DM","Overlap5",3,"Mb-1086_54","ABR33","M. x gig",1,TRUE
"DM","Overlap5",3,"Mb-109","ABR33","M. sinensis",1,TRUE
"DM","Overlap5",3,"Mb-110","ABR33","M. sinensis",0,TRUE
"DM","Overlap5",3,"Mb-111","ABR33","M. sinensis",1,TRUE
"DM","Overlap5",3,"Mb-113","ABR33","M. sinensis",1,TRUE
"DM","Overlap5",3,"Mb-1130_51","ABR33","M. x gig",0,TRUE
"DM","Overlap5",3,"Mb-1132_52","ABR33","M. x gig",1,TRUE
"DM","Overlap5",3,"Mb-1139_19","ABR33","M. sinensis",1,TRUE
"DM","Overlap5",3,"Mb-1147_12","ABR33","M. sinensis",1,TRUE
"DM","Overlap5",3,"Mb-115","ABR33","M. sinensis",1,TRUE
"DM","Overlap5",3,"Mb-1153_20","ABR33","M. sinensis",0,TRUE
"DM","Overlap5",3,"Mb-1155_33","ABR33","M. sacchariflorus",1,TRUE
"DM","Overlap5",3,"Mb-1156_13","ABR33","M. sinensis",1,TRUE
"DM","Overlap5",3,"Mb-1162_20","ABR33","M. sacchariflorus",0,TRUE
"DM","Overlap5",3,"Mb-1182_16","ABR33","M. sinensis",1,TRUE
"DM","Overlap5",3,"Mb-1205_12","ABR33","M. sinensis",1,TRUE
"DM","Overlap5",3,"Mb-1231_18","ABR33","M. sinensis",1,TRUE
"DM","Overlap5",3,"Mb-1238_1","ABR33","M. sinensis",1,TRUE
"DM","Overlap5",3,"Mb-1261_15","ABR33","M. sacchariflorus",1,TRUE
"DM","Overlap5",3,"Mb-1353_14","ABR33","M. sacchariflorus",1,TRUE
"DM","Overlap5",3,"Mb-14","ABR33","M. sinensis",1,TRUE
"DM","Overlap5",3,"Mb-140","ABR33","M. sacchariflorus",1,TRUE
"DM","Overlap5",3,"Mb-142","ABR33","M. sacchariflorus",0,TRUE
"DM","Overlap5",3,"Mb-144","ABR33","M. sacchariflorus",1,TRUE
"DM","Overlap5",3,"Mb-146","ABR33","M. sacchariflorus",1,TRUE
"DM","Overlap5",3,"Mb-147","ABR33","M. x gig",1,TRUE
"DM","Overlap5",3,"Mb-148","ABR33","M. x gig",1,TRUE
"DM","Overlap5",3,"Mb-1485_42","ABR33","M. x gig",1,TRUE
"DM","Overlap5",3,"Mb-1486_1","ABR33","M. x gig",1,TRUE
"DM","Overlap5",3,"Mb-149","ABR33","M. x gig",1,TRUE
"DM","Overlap5",3,"Mb-166","ABR33","M. sacchariflorus",1,TRUE
"DM","Overlap5",3,"Mb-167","ABR33","M. sinensis",1,TRUE
"DM","Overlap5",3,"Mb-177","ABR33","M. sacchariflorus",1,TRUE
"DM","Overlap5",3,"Mb-188","ABR33","M. x gig",0,TRUE
"DM","Overlap5",3,"Mb-2","ABR33","M. sinensis",1,TRUE
"DM","Overlap5",3,"Mb-221","ABR33","M. sinensis",1,TRUE
"DM","Overlap5",3,"Mb-226","ABR33","M. sacchariflorus",1,TRUE
"DM","Overlap5",3,"Mb-229","ABR33","M. sinensis",1,TRUE
"DM","Overlap5",3,"Mb-255","ABR33","M. sinensis",1,TRUE
"DM","Overlap5",3,"Mb-272","ABR33","M. sacchariflorus",1,TRUE
"DM","Overlap5",3,"Mb-297","ABR33","M. sacchariflorus",1,TRUE
"DM","Overlap5",3,"Mb-3","ABR33","M. sinensis",1,TRUE
"DM","Overlap5",3,"Mb-306","ABR33","M. sinensis",1,TRUE
"DM","Overlap5",3,"Mb-307","ABR33","M. x gig",1,TRUE
"DM","Overlap5",3,"Mb-308","ABR33","M. x gig",1,TRUE
"DM","Overlap5",3,"Mb-309","ABR33","M. x gig",1,TRUE
"DM","Overlap5",3,"Mb-31","ABR33","M. sinensis",1,TRUE
"DM","Overlap5",3,"Mb-310","ABR33","M. x gig",0,TRUE
"DM","Overlap5",3,"Mb-35","ABR33","M. sinensis",1,TRUE
"DM","Overlap5",3,"Mb-353","ABR33","M. sacchariflorus",0,TRUE
"DM","Overlap5",3,"Mb-37","ABR33","M. sinensis",0,TRUE
"DM","Overlap5",3,"Mb-383_1","ABR33","M. sacchariflorus",0,TRUE
"DM","Overlap5",3,"Mb-391","ABR33","M. sacchariflorus",1,TRUE
"DM","Overlap5",3,"Mb-393_1","ABR33","M. sacchariflorus",1,TRUE
"DM","Overlap5",3,"Mb-397","ABR33","M. sacchariflorus",1,TRUE
"DM","Overlap5",3,"Mb-399","ABR33","M. sacchariflorus",0,TRUE
"DM","Overlap5",3,"Mb-401","ABR33","M. sacchariflorus",1,TRUE
"DM","Overlap5",3,"Mb-411","ABR33","M. sacchariflorus",1,TRUE
"DM","Overlap5",3,"Mb-416","ABR33","M. sacchariflorus",1,TRUE
"DM","Overlap5",3,"Mb-425_1","ABR33","M. sacchariflorus",0,TRUE
"DM","Overlap5",3,"Mb-427_1","ABR33","M. sacchariflorus",1,TRUE
"DM","Overlap5",3,"Mb-431_1","ABR33","M. sacchariflorus",1,TRUE
"DM","Overlap5",3,"Mb-434_1","ABR33","M. sinensis",1,TRUE
"DM","Overlap5",3,"Mb-485_1","ABR33","M. sacchariflorus",1,TRUE
"DM","Overlap5",3,"Mb-486","ABR33","M. sacchariflorus",1,TRUE
"DM","Overlap5",3,"Mb-488_15","ABR33","M. sacchariflorus",1,TRUE
"DM","Overlap5",3,"Mb-490_10","ABR33","M. sacchariflorus",1,TRUE
"DM","Overlap5",3,"Mb-494_1","ABR33","M. sacchariflorus",0,TRUE
"DM","Overlap5",3,"Mb-498_1","ABR33","M. sacchariflorus",1,TRUE
"DM","Overlap5",3,"Mb-502_1","ABR33","M. sacchariflorus",1,TRUE
"DM","Overlap5",3,"Mb-505_1","ABR33","M. sacchariflorus",1,TRUE
"DM","Overlap5",3,"Mb-508","ABR33","M. sacchariflorus",1,TRUE
"DM","Overlap5",3,"Mb-526_13","ABR33","M. sinensis",1,TRUE
"DM","Overlap5",3,"Mb-527_1","ABR33","M. sinensis",1,TRUE
"DM","Overlap5",3,"Mb-533_1","ABR33","M. sinensis",1,TRUE
"DM","Overlap5",3,"Mb-539_1","ABR33","M. sinensis",1,TRUE
"DM","Overlap5",3,"Mb-585_1","ABR33","M. sinensis",0,TRUE
"DM","Overlap5",3,"Mb-628_1","ABR33","M. sacchariflorus",1,TRUE
"DM","Overlap5",3,"Mb-70","ABR33","M. sinensis",1,TRUE
"DM","Overlap5",3,"Mb-72","ABR33","M. x gig",1,TRUE
"DM","Overlap5",3,"Mb-74","ABR33","M. sinensis",1,TRUE
"DM","Overlap5",3,"Mb-76","ABR33","M. sacchariflorus",0,TRUE
"DM","Overlap5",3,"Mb-770_18","ABR33","M. sacchariflorus",1,TRUE
"DM","Overlap5",3,"Mb-779_14","ABR33","M. sacchariflorus",0,TRUE
"DM","Overlap5",3,"Mb-787_13","ABR33","M. sacchariflorus",0,TRUE
"DM","Overlap5",3,"Mb-810_11","ABR33","M. sacchariflorus",0,TRUE
"DM","Overlap5",3,"Mb-819_19","ABR33","M. sacchariflorus",0,TRUE
"DM","Overlap5",3,"Mb-851_1","ABR33","M. sinensis",1,TRUE
"DM","Overlap5",3,"Mb-86","ABR33","M. sinensis",1,TRUE
"DM","Overlap5",3,"Mb-884_1","ABR33","M. sacchariflorus",1,TRUE
"DM","Overlap5",3,"Mb-893_11","ABR33","M. sinensis",1,TRUE
"DM","Overlap5",3,"Mb-9","ABR33","M. sinensis",1,TRUE
"DM","Overlap5",3,"Mb-910_11","ABR33","M. sinensis",1,TRUE
"DM","Overlap5",3,"Mb-913_17","ABR33","M. sacchariflorus",1,TRUE
"DM","Overlap5",3,"Mb-914_13","ABR33","M. sinensis",1,TRUE
"DM","Overlap5",3,"Mb-928_18","ABR33","M. sinensis",1,TRUE
"DM","Overlap5",3,"Mb-930","ABR33","M. sinensis",1,TRUE
"DM","Overlap5",3,"Mb-931_12","ABR33","M. sinensis",1,TRUE
"DM","Overlap5",3,"Mb-933_11","ABR33","M. sinensis",1,TRUE
"DM","Overlap5",3,"Mb-935_13","ABR33","M. sinensis",1,TRUE
"DM","Overlap5",3,"Mb-94","ABR33","M. sacchariflorus",1,TRUE
"DM","Overlap5",3,"Mb-956_19","ABR33","M. sacchariflorus",1,TRUE
"DM","Overlap5",3,"Mb-958_19","ABR33","M. sacchariflorus",1,TRUE
"DM","Overlap5",3,"Mb-960_20","ABR33","M. sinensis",0,TRUE
"DM","Overlap5",3,"Mb-961_16","ABR33","M. sacchariflorus",1,TRUE
"DM","Overlap5",3,"Mb-965_15","ABR33","M. sacchariflorus",1,TRUE
"DM","Overlap5",3,"Mb-969_18","ABR33","M. sacchariflorus",1,TRUE
"DM","Overlap5",3,"Mb-974_19","ABR33","M. sinensis",1,TRUE
"DM","Overlap5",3,"Mb-99","ABR33","M. sinensis",1,TRUE
"DM","Overlap5",3,"Mx-1548_12","ABR33","M. x gig",1,TRUE
"DM","Overlap5",3,"Mx-1915_12","ABR33","M. x gig",1,TRUE
"DM","Overlap5",3,"Mx-1932_13","ABR33","M. x gig",0,TRUE
"DM","Overlap5",3,"Mx-1933_11","ABR33","M. x gig",1,TRUE
"DM","Overlap5",3,"Mx-1956_15","ABR33","M. x gig",0,TRUE
"DM","Overlap5",3,"Mx-2446_1","ABR33","M. x gig",1,TRUE
"DM","Overlap5",3,"Mx-2470_5","ABR33","M. sacchariflorus",1,TRUE
"DM","Overlap5",3,"Mx-437_90","ABR33","M. x gig",1,TRUE
"DM","Overlap5",3,"Mb-102","JKI","M. sinensis",1,TRUE
"DM","Overlap5",3,"Mb-1037_52","JKI","M. sacchariflorus",0,TRUE
"DM","Overlap5",3,"Mb-104","JKI","M. x gig",1,TRUE
"DM","Overlap5",3,"Mb-1040_17","JKI","M. sacchariflorus",1,TRUE
"DM","Overlap5",3,"Mb-1043_32","JKI","M. sacchariflorus",1,TRUE
"DM","Overlap5",3,"Mb-1044_50","JKI","M. sacchariflorus",1,TRUE
"DM","Overlap5",3,"Mb-1056_31","JKI","M. sacchariflorus",1,TRUE
"DM","Overlap5",3,"Mb-1067_18","JKI","M. sacchariflorus",0,TRUE
"DM","Overlap5",3,"Mb-1086_54","JKI","M. x gig",1,TRUE
"DM","Overlap5",3,"Mb-109","JKI","M. sinensis",1,TRUE
"DM","Overlap5",3,"Mb-110","JKI","M. sinensis",1,TRUE
"DM","Overlap5",3,"Mb-111","JKI","M. sinensis",1,TRUE
"DM","Overlap5",3,"Mb-113","JKI","M. sinensis",0,TRUE
"DM","Overlap5",3,"Mb-1130_51","JKI","M. x gig",0,TRUE
"DM","Overlap5",3,"Mb-1132_52","JKI","M. x gig",1,TRUE
"DM","Overlap5",3,"Mb-1139_19","JKI","M. sinensis",1,FALSE
"DM","Overlap5",3,"Mb-1147_12","JKI","M. sinensis",1,TRUE
"DM","Overlap5",3,"Mb-115","JKI","M. sinensis",1,TRUE
"DM","Overlap5",3,"Mb-1153_20","JKI","M. sinensis",0,TRUE
"DM","Overlap5",3,"Mb-1155_33","JKI","M. sacchariflorus",1,TRUE
"DM","Overlap5",3,"Mb-1156_13","JKI","M. sinensis",1,TRUE
"DM","Overlap5",3,"Mb-1162_20","JKI","M. sacchariflorus",1,TRUE
"DM","Overlap5",3,"Mb-1182_16","JKI","M. sinensis",1,TRUE
"DM","Overlap5",3,"Mb-1205_12","JKI","M. sinensis",1,TRUE
"DM","Overlap5",3,"Mb-1231_18","JKI","M. sinensis",1,TRUE
"DM","Overlap5",3,"Mb-1238_1","JKI","M. sinensis",1,TRUE
"DM","Overlap5",3,"Mb-1261_15","JKI","M. sacchariflorus",1,TRUE
"DM","Overlap5",3,"Mb-1353_14","JKI","M. sacchariflorus",1,TRUE
"DM","Overlap5",3,"Mb-14","JKI","M. sinensis",1,TRUE
"DM","Overlap5",3,"Mb-140","JKI","M. sacchariflorus",1,TRUE
"DM","Overlap5",3,"Mb-142","JKI","M. sacchariflorus",1,TRUE
"DM","Overlap5",3,"Mb-144","JKI","M. sacchariflorus",1,TRUE
"DM","Overlap5",3,"Mb-146","JKI","M. sacchariflorus",0,TRUE
"DM","Overlap5",3,"Mb-147","JKI","M. x gig",1,TRUE
"DM","Overlap5",3,"Mb-148","JKI","M. x gig",1,TRUE
"DM","Overlap5",3,"Mb-1485_42","JKI","M. x gig",1,TRUE
"DM","Overlap5",3,"Mb-1486_1","JKI","M. x gig",1,TRUE
"DM","Overlap5",3,"Mb-149","JKI","M. x gig",0,TRUE
"DM","Overlap5",3,"Mb-166","JKI","M. sacchariflorus",0,TRUE
"DM","Overlap5",3,"Mb-167","JKI","M. sinensis",1,TRUE
"DM","Overlap5",3,"Mb-177","JKI","M. sacchariflorus",1,TRUE
"DM","Overlap5",3,"Mb-188","JKI","M. x gig",1,TRUE
"DM","Overlap5",3,"Mb-2","JKI","M. sinensis",1,TRUE
"DM","Overlap5",3,"Mb-221","JKI","M. sinensis",1,TRUE
"DM","Overlap5",3,"Mb-226","JKI","M. sacchariflorus",0,TRUE
"DM","Overlap5",3,"Mb-229","JKI","M. sinensis",1,TRUE
"DM","Overlap5",3,"Mb-255","JKI","M. sinensis",1,TRUE
"DM","Overlap5",3,"Mb-272","JKI","M. sacchariflorus",0,TRUE
"DM","Overlap5",3,"Mb-297","JKI","M. sacchariflorus",1,TRUE
"DM","Overlap5",3,"Mb-3","JKI","M. sinensis",0,TRUE
"DM","Overlap5",3,"Mb-306","JKI","M. sinensis",1,TRUE
"DM","Overlap5",3,"Mb-307","JKI","M. x gig",0,TRUE
"DM","Overlap5",3,"Mb-308","JKI","M. x gig",0,TRUE
"DM","Overlap5",3,"Mb-309","JKI","M. x gig",1,TRUE
"DM","Overlap5",3,"Mb-31","JKI","M. sinensis",1,TRUE
"DM","Overlap5",3,"Mb-310","JKI","M. x gig",1,TRUE
"DM","Overlap5",3,"Mb-35","JKI","M. sinensis",1,TRUE
"DM","Overlap5",3,"Mb-353","JKI","M. sacchariflorus",1,TRUE
"DM","Overlap5",3,"Mb-37","JKI","M. sinensis",1,TRUE
"DM","Overlap5",3,"Mb-383_1","JKI","M. sacchariflorus",1,TRUE
"DM","Overlap5",3,"Mb-391","JKI","M. sacchariflorus",1,TRUE
"DM","Overlap5",3,"Mb-393_1","JKI","M. sacchariflorus",1,TRUE
"DM","Overlap5",3,"Mb-397","JKI","M. sacchariflorus",0,TRUE
"DM","Overlap5",3,"Mb-399","JKI","M. sacchariflorus",1,TRUE
"DM","Overlap5",3,"Mb-401","JKI","M. sacchariflorus",1,TRUE
"DM","Overlap5",3,"Mb-411","JKI","M. sacchariflorus",1,TRUE
"DM","Overlap5",3,"Mb-416","JKI","M. sacchariflorus",1,TRUE
"DM","Overlap5",3,"Mb-425_1","JKI","M. sacchariflorus",1,TRUE
"DM","Overlap5",3,"Mb-427_1","JKI","M. sacchariflorus",1,TRUE
"DM","Overlap5",3,"Mb-431_1","JKI","M. sacchariflorus",1,TRUE
"DM","Overlap5",3,"Mb-434_1","JKI","M. sinensis",1,TRUE
"DM","Overlap5",3,"Mb-485_1","JKI","M. sacchariflorus",1,TRUE
"DM","Overlap5",3,"Mb-486","JKI","M. sacchariflorus",1,TRUE
"DM","Overlap5",3,"Mb-488_15","JKI","M. sacchariflorus",1,TRUE
"DM","Overlap5",3,"Mb-490_10","JKI","M. sacchariflorus",0,TRUE
"DM","Overlap5",3,"Mb-494_1","JKI","M. sacchariflorus",1,TRUE
"DM","Overlap5",3,"Mb-498_1","JKI","M. sacchariflorus",1,TRUE
"DM","Overlap5",3,"Mb-502_1","JKI","M. sacchariflorus",0,TRUE
"DM","Overlap5",3,"Mb-505_1","JKI","M. sacchariflorus",0,TRUE
"DM","Overlap5",3,"Mb-508","JKI","M. sacchariflorus",1,TRUE
"DM","Overlap5",3,"Mb-526_13","JKI","M. sinensis",1,TRUE
"DM","Overlap5",3,"Mb-527_1","JKI","M. sinensis",1,TRUE
"DM","Overlap5",3,"Mb-533_1","JKI","M. sinensis",1,TRUE
"DM","Overlap5",3,"Mb-539_1","JKI","M. sinensis",1,TRUE
"DM","Overlap5",3,"Mb-585_1","JKI","M. sinensis",1,TRUE
"DM","Overlap5",3,"Mb-628_1","JKI","M. sacchariflorus",0,TRUE
"DM","Overlap5",3,"Mb-70","JKI","M. sinensis",1,TRUE
"DM","Overlap5",3,"Mb-72","JKI","M. x gig",1,TRUE
"DM","Overlap5",3,"Mb-74","JKI","M. sinensis",1,TRUE
"DM","Overlap5",3,"Mb-76","JKI","M. sacchariflorus",1,TRUE
"DM","Overlap5",3,"Mb-770_18","JKI","M. sacchariflorus",1,TRUE
"DM","Overlap5",3,"Mb-779_14","JKI","M. sacchariflorus",1,TRUE
"DM","Overlap5",3,"Mb-787_13","JKI","M. sacchariflorus",0,TRUE
"DM","Overlap5",3,"Mb-810_11","JKI","M. sacchariflorus",1,TRUE
"DM","Overlap5",3,"Mb-819_19","JKI","M. sacchariflorus",1,TRUE
"DM","Overlap5",3,"Mb-851_1","JKI","M. sinensis",1,TRUE
"DM","Overlap5",3,"Mb-86","JKI","M. sinensis",1,TRUE
"DM","Overlap5",3,"Mb-884_1","JKI","M. sacchariflorus",1,TRUE
"DM","Overlap5",3,"Mb-893_11","JKI","M. sinensis",0,TRUE
"DM","Overlap5",3,"Mb-9","JKI","M. sinensis",0,TRUE
"DM","Overlap5",3,"Mb-910_11","JKI","M. sinensis",1,TRUE
"DM","Overlap5",3,"Mb-913_17","JKI","M. sacchariflorus",1,TRUE
"DM","Overlap5",3,"Mb-914_13","JKI","M. sinensis",0,TRUE
"DM","Overlap5",3,"Mb-928_18","JKI","M. sinensis",1,TRUE
"DM","Overlap5",3,"Mb-930","JKI","M. sinensis",1,TRUE
"DM","Overlap5",3,"Mb-931_12","JKI","M. sinensis",1,TRUE
"DM","Overlap5",3,"Mb-933_11","JKI","M. sinensis",1,TRUE
"DM","Overlap5",3,"Mb-935_13","JKI","M. sinensis",1,TRUE
"DM","Overlap5",3,"Mb-94","JKI","M. sacchariflorus",0,TRUE
"DM","Overlap5",3,"Mb-956_19","JKI","M. sacchariflorus",1,TRUE
"DM","Overlap5",3,"Mb-958_19","JKI","M. sacchariflorus",1,TRUE
"DM","Overlap5",3,"Mb-960_20","JKI","M. sinensis",1,TRUE
"DM","Overlap5",3,"Mb-961_16","JKI","M. sacchariflorus",1,TRUE
"DM","Overlap5",3,"Mb-965_15","JKI","M. sacchariflorus",1,TRUE
"DM","Overlap5",3,"Mb-969_18","JKI","M. sacchariflorus",1,TRUE
"DM","Overlap5",3,"Mb-974_19","JKI","M. sinensis",0,TRUE
"DM","Overlap5",3,"Mb-99","JKI","M. sinensis",1,TRUE
"DM","Overlap5",3,"Mx-1548_12","JKI","M. x gig",1,TRUE
"DM","Overlap5",3,"Mx-1915_12","JKI","M. x gig",1,TRUE
"DM","Overlap5",3,"Mx-1932_13","JKI","M. x gig",0,TRUE
"DM","Overlap5",3,"Mx-1933_11","JKI","M. x gig",1,TRUE
"DM","Overlap5",3,"Mx-1956_15","JKI","M. x gig",1,TRUE
"DM","Overlap5",3,"Mx-2446_1","JKI","M. x gig",1,TRUE
"DM","Overlap5",3,"Mx-2470_5","JKI","M. sacchariflorus",1,TRUE
"DM","Overlap5",3,"Mx-437_90","JKI","M. x gig",1,TRUE
"DM","Overlap5",4,"Mb-102","ABR33","M. sinensis",1,TRUE
"DM","Overlap5",4,"Mb-1037_52","ABR33","M. sacchariflorus",1,TRUE
"DM","Overlap5",4,"Mb-104","ABR33","M. x gig",1,TRUE
"DM","Overlap5",4,"Mb-1040_17","ABR33","M. sacchariflorus",1,TRUE
"DM","Overlap5",4,"Mb-1043_32","ABR33","M. sacchariflorus",0,TRUE
"DM","Overlap5",4,"Mb-1044_50","ABR33","M. sacchariflorus",1,TRUE
"DM","Overlap5",4,"Mb-1056_31","ABR33","M. sacchariflorus",1,TRUE
"DM","Overlap5",4,"Mb-1067_18","ABR33","M. sacchariflorus",0,TRUE
"DM","Overlap5",4,"Mb-1086_54","ABR33","M. x gig",0,TRUE
"DM","Overlap5",4,"Mb-109","ABR33","M. sinensis",1,TRUE
"DM","Overlap5",4,"Mb-110","ABR33","M. sinensis",1,TRUE
"DM","Overlap5",4,"Mb-111","ABR33","M. sinensis",1,TRUE
"DM","Overlap5",4,"Mb-113","ABR33","M. sinensis",1,TRUE
"DM","Overlap5",4,"Mb-1130_51","ABR33","M. x gig",1,TRUE
"DM","Overlap5",4,"Mb-1132_52","ABR33","M. x gig",1,TRUE
"DM","Overlap5",4,"Mb-1139_19","ABR33","M. sinensis",1,TRUE
"DM","Overlap5",4,"Mb-1147_12","ABR33","M. sinensis",1,TRUE
"DM","Overlap5",4,"Mb-115","ABR33","M. sinensis",1,TRUE
"DM","Overlap5",4,"Mb-1153_20","ABR33","M. sinensis",0,TRUE
"DM","Overlap5",4,"Mb-1155_33","ABR33","M. sacchariflorus",1,TRUE
"DM","Overlap5",4,"Mb-1156_13","ABR33","M. sinensis",0,TRUE
"DM","Overlap5",4,"Mb-1162_20","ABR33","M. sacchariflorus",1,TRUE
"DM","Overlap5",4,"Mb-1182_16","ABR33","M. sinensis",1,TRUE
"DM","Overlap5",4,"Mb-1205_12","ABR33","M. sinensis",1,TRUE
"DM","Overlap5",4,"Mb-1231_18","ABR33","M. sinensis",1,TRUE
"DM","Overlap5",4,"Mb-1238_1","ABR33","M. sinensis",1,TRUE
"DM","Overlap5",4,"Mb-1261_15","ABR33","M. sacchariflorus",0,TRUE
"DM","Overlap5",4,"Mb-1353_14","ABR33","M. sacchariflorus",1,TRUE
"DM","Overlap5",4,"Mb-14","ABR33","M. sinensis",0,TRUE
"DM","Overlap5",4,"Mb-140","ABR33","M. sacchariflorus",0,TRUE
"DM","Overlap5",4,"Mb-142","ABR33","M. sacchariflorus",0,TRUE
"DM","Overlap5",4,"Mb-144","ABR33","M. sacchariflorus",1,TRUE
"DM","Overlap5",4,"Mb-146","ABR33","M. sacchariflorus",0,TRUE
"DM","Overlap5",4,"Mb-147","ABR33","M. x gig",1,TRUE
"DM","Overlap5",4,"Mb-148","ABR33","M. x gig",1,TRUE
"DM","Overlap5",4,"Mb-1485_42","ABR33","M. x gig",1,TRUE
"DM","Overlap5",4,"Mb-1486_1","ABR33","M. x gig",1,TRUE
"DM","Overlap5",4,"Mb-149","ABR33","M. x gig",1,TRUE
"DM","Overlap5",4,"Mb-166","ABR33","M. sacchariflorus",0,TRUE
"DM","Overlap5",4,"Mb-167","ABR33","M. sinensis",0,TRUE
"DM","Overlap5",4,"Mb-177","ABR33","M. sacchariflorus",1,TRUE
"DM","Overlap5",4,"Mb-188","ABR33","M. x gig",1,TRUE
"DM","Overlap5",4,"Mb-2","ABR33","M. sinensis",1,TRUE
"DM","Overlap5",4,"Mb-221","ABR33","M. sinensis",1,TRUE
"DM","Overlap5",4,"Mb-226","ABR33","M. sacchariflorus",1,TRUE
"DM","Overlap5",4,"Mb-229","ABR33","M. sinensis",1,TRUE
"DM","Overlap5",4,"Mb-255","ABR33","M. sinensis",1,TRUE
"DM","Overlap5",4,"Mb-272","ABR33","M. sacchariflorus",1,TRUE
"DM","Overlap5",4,"Mb-297","ABR33","M. sacchariflorus",1,TRUE
"DM","Overlap5",4,"Mb-3","ABR33","M. sinensis",1,TRUE
"DM","Overlap5",4,"Mb-306","ABR33","M. sinensis",1,TRUE
"DM","Overlap5",4,"Mb-307","ABR33","M. x gig",1,TRUE
"DM","Overlap5",4,"Mb-308","ABR33","M. x gig",1,TRUE
"DM","Overlap5",4,"Mb-309","ABR33","M. x gig",1,TRUE
"DM","Overlap5",4,"Mb-31","ABR33","M. sinensis",1,TRUE
"DM","Overlap5",4,"Mb-310","ABR33","M. x gig",1,TRUE
"DM","Overlap5",4,"Mb-35","ABR33","M. sinensis",1,TRUE
"DM","Overlap5",4,"Mb-353","ABR33","M. sacchariflorus",0,TRUE
"DM","Overlap5",4,"Mb-37","ABR33","M. sinensis",1,TRUE
"DM","Overlap5",4,"Mb-383_1","ABR33","M. sacchariflorus",1,TRUE
"DM","Overlap5",4,"Mb-391","ABR33","M. sacchariflorus",1,TRUE
"DM","Overlap5",4,"Mb-393_1","ABR33","M. sacchariflorus",1,TRUE
"DM","Overlap5",4,"Mb-397","ABR33","M. sacchariflorus",1,TRUE
"DM","Overlap5",4,"Mb-399","ABR33","M. sacchariflorus",1,TRUE
"DM","Overlap5",4,"Mb-401","ABR33","M. sacchariflorus",0,TRUE
"DM","Overlap5",4,"Mb-411","ABR33","M. sacchariflorus",0,TRUE
"DM","Overlap5",4,"Mb-416","ABR33","M. sacchariflorus",1,TRUE
"DM","Overlap5",4,"Mb-425_1","ABR33","M. sacchariflorus",1,TRUE
"DM","Overlap5",4,"Mb-427_1","ABR33","M. sacchariflorus",1,TRUE
"DM","Overlap5",4,"Mb-431_1","ABR33","M. sacchariflorus",1,TRUE
"DM","Overlap5",4,"Mb-434_1","ABR33","M. sinensis",0,TRUE
"DM","Overlap5",4,"Mb-485_1","ABR33","M. sacchariflorus",1,TRUE
"DM","Overlap5",4,"Mb-486","ABR33","M. sacchariflorus",0,TRUE
"DM","Overlap5",4,"Mb-488_15","ABR33","M. sacchariflorus",1,TRUE
"DM","Overlap5",4,"Mb-490_10","ABR33","M. sacchariflorus",1,TRUE
"DM","Overlap5",4,"Mb-494_1","ABR33","M. sacchariflorus",0,TRUE
"DM","Overlap5",4,"Mb-498_1","ABR33","M. sacchariflorus",1,TRUE
"DM","Overlap5",4,"Mb-502_1","ABR33","M. sacchariflorus",1,TRUE
"DM","Overlap5",4,"Mb-505_1","ABR33","M. sacchariflorus",1,TRUE
"DM","Overlap5",4,"Mb-508","ABR33","M. sacchariflorus",1,TRUE
"DM","Overlap5",4,"Mb-526_13","ABR33","M. sinensis",1,TRUE
"DM","Overlap5",4,"Mb-527_1","ABR33","M. sinensis",1,TRUE
"DM","Overlap5",4,"Mb-533_1","ABR33","M. sinensis",0,TRUE
"DM","Overlap5",4,"Mb-539_1","ABR33","M. sinensis",1,TRUE
"DM","Overlap5",4,"Mb-585_1","ABR33","M. sinensis",1,TRUE
"DM","Overlap5",4,"Mb-628_1","ABR33","M. sacchariflorus",1,TRUE
"DM","Overlap5",4,"Mb-70","ABR33","M. sinensis",1,TRUE
"DM","Overlap5",4,"Mb-72","ABR33","M. x gig",1,TRUE
"DM","Overlap5",4,"Mb-74","ABR33","M. sinensis",1,TRUE
"DM","Overlap5",4,"Mb-76","ABR33","M. sacchariflorus",1,TRUE
"DM","Overlap5",4,"Mb-770_18","ABR33","M. sacchariflorus",0,TRUE
"DM","Overlap5",4,"Mb-779_14","ABR33","M. sacchariflorus",1,TRUE
"DM","Overlap5",4,"Mb-787_13","ABR33","M. sacchariflorus",1,TRUE
"DM","Overlap5",4,"Mb-810_11","ABR33","M. sacchariflorus",1,TRUE
"DM","Overlap5",4,"Mb-819_19","ABR33","M. sacchariflorus",0,TRUE
"DM","Overlap5",4,"Mb-851_1","ABR33","M. sinensis",1,TRUE
"DM","Overlap5",4,"Mb-86","ABR33","M. sinensis",1,TRUE
"DM","Overlap5",4,"Mb-884_1","ABR33","M. sacchariflorus",1,TRUE
"DM","Overlap5",4,"Mb-893_11","ABR33","M. sinensis",1,TRUE
"DM","Overlap5",4,"Mb-9","ABR33","M. sinensis",1,TRUE
"DM","Overlap5",4,"Mb-910_11","ABR33","M. sinensis",1,TRUE
"DM","Overlap5",4,"Mb-913_17","ABR33","M. sacchariflorus",0,TRUE
"DM","Overlap5",4,"Mb-914_13","ABR33","M. sinensis",1,TRUE
"DM","Overlap5",4,"Mb-928_18","ABR33","M. sinensis",1,TRUE
"DM","Overlap5",4,"Mb-930","ABR33","M. sinensis",1,TRUE
"DM","Overlap5",4,"Mb-931_12","ABR33","M. sinensis",1,TRUE
"DM","Overlap5",4,"Mb-933_11","ABR33","M. sinensis",1,TRUE
"DM","Overlap5",4,"Mb-935_13","ABR33","M. sinensis",1,TRUE
"DM","Overlap5",4,"Mb-94","ABR33","M. sacchariflorus",1,TRUE
"DM","Overlap5",4,"Mb-956_19","ABR33","M. sacchariflorus",1,TRUE
"DM","Overlap5",4,"Mb-958_19","ABR33","M. sacchariflorus",1,TRUE
"DM","Overlap5",4,"Mb-960_20","ABR33","M. sinensis",1,TRUE
"DM","Overlap5",4,"Mb-961_16","ABR33","M. sacchariflorus",1,TRUE
"DM","Overlap5",4,"Mb-965_15","ABR33","M. sacchariflorus",0,TRUE
"DM","Overlap5",4,"Mb-969_18","ABR33","M. sacchariflorus",1,TRUE
"DM","Overlap5",4,"Mb-974_19","ABR33","M. sinensis",1,TRUE
"DM","Overlap5",4,"Mb-99","ABR33","M. sinensis",1,TRUE
"DM","Overlap5",4,"Mx-1548_12","ABR33","M. x gig",1,TRUE
"DM","Overlap5",4,"Mx-1915_12","ABR33","M. x gig",1,TRUE
"DM","Overlap5",4,"Mx-1932_13","ABR33","M. x gig",0,TRUE
"DM","Overlap5",4,"Mx-1933_11","ABR33","M. x gig",1,TRUE
"DM","Overlap5",4,"Mx-1956_15","ABR33","M. x gig",1,TRUE
"DM","Overlap5",4,"Mx-2446_1","ABR33","M. x gig",1,TRUE
"DM","Overlap5",4,"Mx-2470_5","ABR33","M. sacchariflorus",1,TRUE
"DM","Overlap5",4,"Mx-437_90","ABR33","M. x gig",0,TRUE
"DM","Overlap5",4,"Mb-102","JKI","M. sinensis",1,TRUE
"DM","Overlap5",4,"Mb-1037_52","JKI","M. sacchariflorus",1,TRUE
"DM","Overlap5",4,"Mb-104","JKI","M. x gig",1,TRUE
"DM","Overlap5",4,"Mb-1040_17","JKI","M. sacchariflorus",1,TRUE
"DM","Overlap5",4,"Mb-1043_32","JKI","M. sacchariflorus",1,TRUE
"DM","Overlap5",4,"Mb-1044_50","JKI","M. sacchariflorus",1,TRUE
"DM","Overlap5",4,"Mb-1056_31","JKI","M. sacchariflorus",1,TRUE
"DM","Overlap5",4,"Mb-1067_18","JKI","M. sacchariflorus",1,TRUE
"DM","Overlap5",4,"Mb-1086_54","JKI","M. x gig",1,TRUE
"DM","Overlap5",4,"Mb-109","JKI","M. sinensis",1,TRUE
"DM","Overlap5",4,"Mb-110","JKI","M. sinensis",1,TRUE
"DM","Overlap5",4,"Mb-111","JKI","M. sinensis",1,TRUE
"DM","Overlap5",4,"Mb-113","JKI","M. sinensis",1,TRUE
"DM","Overlap5",4,"Mb-1130_51","JKI","M. x gig",1,TRUE
"DM","Overlap5",4,"Mb-1132_52","JKI","M. x gig",1,TRUE
"DM","Overlap5",4,"Mb-1139_19","JKI","M. sinensis",1,FALSE
"DM","Overlap5",4,"Mb-1147_12","JKI","M. sinensis",1,TRUE
"DM","Overlap5",4,"Mb-115","JKI","M. sinensis",1,TRUE
"DM","Overlap5",4,"Mb-1153_20","JKI","M. sinensis",0,TRUE
"DM","Overlap5",4,"Mb-1155_33","JKI","M. sacchariflorus",0,TRUE
"DM","Overlap5",4,"Mb-1156_13","JKI","M. sinensis",1,TRUE
"DM","Overlap5",4,"Mb-1162_20","JKI","M. sacchariflorus",0,TRUE
"DM","Overlap5",4,"Mb-1182_16","JKI","M. sinensis",1,TRUE
"DM","Overlap5",4,"Mb-1205_12","JKI","M. sinensis",1,TRUE
"DM","Overlap5",4,"Mb-1231_18","JKI","M. sinensis",1,TRUE
"DM","Overlap5",4,"Mb-1238_1","JKI","M. sinensis",0,TRUE
"DM","Overlap5",4,"Mb-1261_15","JKI","M. sacchariflorus",1,TRUE
"DM","Overlap5",4,"Mb-1353_14","JKI","M. sacchariflorus",1,TRUE
"DM","Overlap5",4,"Mb-14","JKI","M. sinensis",1,TRUE
"DM","Overlap5",4,"Mb-140","JKI","M. sacchariflorus",0,TRUE
"DM","Overlap5",4,"Mb-142","JKI","M. sacchariflorus",0,TRUE
"DM","Overlap5",4,"Mb-144","JKI","M. sacchariflorus",1,TRUE
"DM","Overlap5",4,"Mb-146","JKI","M. sacchariflorus",1,TRUE
"DM","Overlap5",4,"Mb-147","JKI","M. x gig",1,TRUE
"DM","Overlap5",4,"Mb-148","JKI","M. x gig",1,TRUE
"DM","Overlap5",4,"Mb-1485_42","JKI","M. x gig",1,TRUE
"DM","Overlap5",4,"Mb-1486_1","JKI","M. x gig",0,TRUE
"DM","Overlap5",4,"Mb-149","JKI","M. x gig",1,TRUE
"DM","Overlap5",4,"Mb-166","JKI","M. sacchariflorus",1,TRUE
"DM","Overlap5",4,"Mb-167","JKI","M. sinensis",1,TRUE
"DM","Overlap5",4,"Mb-177","JKI","M. sacchariflorus",1,TRUE
"DM","Overlap5",4,"Mb-188","JKI","M. x gig",1,TRUE
"DM","Overlap5",4,"Mb-2","JKI","M. sinensis",1,TRUE
"DM","Overlap5",4,"Mb-221","JKI","M. sinensis",0,TRUE
"DM","Overlap5",4,"Mb-226","JKI","M. sacchariflorus",1,TRUE
"DM","Overlap5",4,"Mb-229","JKI","M. sinensis",1,TRUE
"DM","Overlap5",4,"Mb-255","JKI","M. sinensis",1,TRUE
"DM","Overlap5",4,"Mb-272","JKI","M. sacchariflorus",1,TRUE
"DM","Overlap5",4,"Mb-297","JKI","M. sacchariflorus",1,TRUE
"DM","Overlap5",4,"Mb-3","JKI","M. sinensis",0,TRUE
"DM","Overlap5",4,"Mb-306","JKI","M. sinensis",1,TRUE
"DM","Overlap5",4,"Mb-307","JKI","M. x gig",0,TRUE
"DM","Overlap5",4,"Mb-308","JKI","M. x gig",1,TRUE
"DM","Overlap5",4,"Mb-309","JKI","M. x gig",1,TRUE
"DM","Overlap5",4,"Mb-31","JKI","M. sinensis",0,TRUE
"DM","Overlap5",4,"Mb-310","JKI","M. x gig",1,TRUE
"DM","Overlap5",4,"Mb-35","JKI","M. sinensis",1,TRUE
"DM","Overlap5",4,"Mb-353","JKI","M. sacchariflorus",1,TRUE
"DM","Overlap5",4,"Mb-37","JKI","M. sinensis",0,TRUE
"DM","Overlap5",4,"Mb-383_1","JKI","M. sacchariflorus",1,TRUE
"DM","Overlap5",4,"Mb-391","JKI","M. sacchariflorus",1,TRUE
"DM","Overlap5",4,"Mb-393_1","JKI","M. sacchariflorus",1,TRUE
"DM","Overlap5",4,"Mb-397","JKI","M. sacchariflorus",1,TRUE
"DM","Overlap5",4,"Mb-399","JKI","M. sacchariflorus",1,TRUE
"DM","Overlap5",4,"Mb-401","JKI","M. sacchariflorus",1,TRUE
"DM","Overlap5",4,"Mb-411","JKI","M. sacchariflorus",1,TRUE
"DM","Overlap5",4,"Mb-416","JKI","M. sacchariflorus",1,TRUE
"DM","Overlap5",4,"Mb-425_1","JKI","M. sacchariflorus",1,TRUE
"DM","Overlap5",4,"Mb-427_1","JKI","M. sacchariflorus",1,TRUE
"DM","Overlap5",4,"Mb-431_1","JKI","M. sacchariflorus",1,TRUE
"DM","Overlap5",4,"Mb-434_1","JKI","M. sinensis",1,TRUE
"DM","Overlap5",4,"Mb-485_1","JKI","M. sacchariflorus",1,TRUE
"DM","Overlap5",4,"Mb-486","JKI","M. sacchariflorus",1,TRUE
"DM","Overlap5",4,"Mb-488_15","JKI","M. sacchariflorus",0,TRUE
"DM","Overlap5",4,"Mb-490_10","JKI","M. sacchariflorus",1,TRUE
"DM","Overlap5",4,"Mb-494_1","JKI","M. sacchariflorus",0,TRUE
"DM","Overlap5",4,"Mb-498_1","JKI","M. sacchariflorus",0,TRUE
"DM","Overlap5",4,"Mb-502_1","JKI","M. sacchariflorus",1,TRUE
"DM","Overlap5",4,"Mb-505_1","JKI","M. sacchariflorus",1,TRUE
"DM","Overlap5",4,"Mb-508","JKI","M. sacchariflorus",0,TRUE
"DM","Overlap5",4,"Mb-526_13","JKI","M. sinensis",1,TRUE
"DM","Overlap5",4,"Mb-527_1","JKI","M. sinensis",1,TRUE
"DM","Overlap5",4,"Mb-533_1","JKI","M. sinensis",1,TRUE
"DM","Overlap5",4,"Mb-539_1","JKI","M. sinensis",1,TRUE
"DM","Overlap5",4,"Mb-585_1","JKI","M. sinensis",0,TRUE
"DM","Overlap5",4,"Mb-628_1","JKI","M. sacchariflorus",1,TRUE
"DM","Overlap5",4,"Mb-70","JKI","M. sinensis",1,TRUE
"DM","Overlap5",4,"Mb-72","JKI","M. x gig",0,TRUE
"DM","Overlap5",4,"Mb-74","JKI","M. sinensis",0,TRUE
"DM","Overlap5",4,"Mb-76","JKI","M. sacchariflorus",1,TRUE
"DM","Overlap5",4,"Mb-770_18","JKI","M. sacchariflorus",1,TRUE
"DM","Overlap5",4,"Mb-779_14","JKI","M. sacchariflorus",1,TRUE
"DM","Overlap5",4,"Mb-787_13","JKI","M. sacchariflorus",1,TRUE
"DM","Overlap5",4,"Mb-810_11","JKI","M. sacchariflorus",1,TRUE
"DM","Overlap5",4,"Mb-819_19","JKI","M. sacchariflorus",0,TRUE
"DM","Overlap5",4,"Mb-851_1","JKI","M. sinensis",1,TRUE
"DM","Overlap5",4,"Mb-86","JKI","M. sinensis",1,TRUE
"DM","Overlap5",4,"Mb-884_1","JKI","M. sacchariflorus",1,TRUE
"DM","Overlap5",4,"Mb-893_11","JKI","M. sinensis",0,TRUE
"DM","Overlap5",4,"Mb-9","JKI","M. sinensis",1,TRUE
"DM","Overlap5",4,"Mb-910_11","JKI","M. sinensis",1,TRUE
"DM","Overlap5",4,"Mb-913_17","JKI","M. sacchariflorus",1,TRUE
"DM","Overlap5",4,"Mb-914_13","JKI","M. sinensis",1,TRUE
"DM","Overlap5",4,"Mb-928_18","JKI","M. sinensis",1,TRUE
"DM","Overlap5",4,"Mb-930","JKI","M. sinensis",1,TRUE
"DM","Overlap5",4,"Mb-931_12","JKI","M. sinensis",1,TRUE
"DM","Overlap5",4,"Mb-933_11","JKI","M. sinensis",1,TRUE
"DM","Overlap5",4,"Mb-935_13","JKI","M. sinensis",1,TRUE
"DM","Overlap5",4,"Mb-94","JKI","M. sacchariflorus",1,TRUE
"DM","Overlap5",4,"Mb-956_19","JKI","M. sacchariflorus",0,TRUE
"DM","Overlap5",4,"Mb-958_19","JKI","M. sacchariflorus",1,TRUE
"DM","Overlap5",4,"Mb-960_20","JKI","M. sinensis",1,TRUE
"DM","Overlap5",4,"Mb-961_16","JKI","M. sacchariflorus",1,TRUE
"DM","Overlap5",4,"Mb-965_15","JKI","M. sacchariflorus",1,TRUE
"DM","Overlap5",4,"Mb-969_18","JKI","M. sacchariflorus",0,TRUE
"DM","Overlap5",4,"Mb-974_19","JKI","M. sinensis",1,TRUE
"DM","Overlap5",4,"Mb-99","JKI","M. sinensis",1,TRUE
"DM","Overlap5",4,"Mx-1548_12","JKI","M. x gig",1,TRUE
"DM","Overlap5",4,"Mx-1915_12","JKI","M. x gig",1,TRUE
"DM","Overlap5",4,"Mx-1932_13","JKI","M. x gig",1,TRUE
"DM","Overlap5",4,"Mx-1933_11","JKI","M. x gig",0,TRUE
"DM","Overlap5",4,"Mx-1956_15","JKI","M. x gig",1,TRUE
"DM","Overlap5",4,"Mx-2446_1","JKI","M. x gig",0,TRUE
"DM","Overlap5",4,"Mx-2470_5","JKI","M. sacchariflorus",1,TRUE
"DM","Overlap5",4,"Mx-437_90","JKI","M. x gig",1,TRUE
"DM","Overlap5",5,"Mb-102","ABR33","M. sinensis",1,TRUE
"DM","Overlap5",5,"Mb-1037_52","ABR33","M. sacchariflorus",1,TRUE
"DM","Overlap5",5,"Mb-104","ABR33","M. x gig",1,TRUE
"DM","Overlap5",5,"Mb-1040_17","ABR33","M. sacchariflorus",1,TRUE
"DM","Overlap5",5,"Mb-1043_32","ABR33","M. sacchariflorus",1,TRUE
"DM","Overlap5",5,"Mb-1044_50","ABR33","M. sacchariflorus",1,TRUE
"DM","Overlap5",5,"Mb-1056_31","ABR33","M. sacchariflorus",1,TRUE
"DM","Overlap5",5,"Mb-1067_18","ABR33","M. sacchariflorus",1,TRUE
"DM","Overlap5",5,"Mb-1086_54","ABR33","M. x gig",1,TRUE
"DM","Overlap5",5,"Mb-109","ABR33","M. sinensis",0,TRUE
"DM","Overlap5",5,"Mb-110","ABR33","M. sinensis",1,TRUE
"DM","Overlap5",5,"Mb-111","ABR33","M. sinensis",0,TRUE
"DM","Overlap5",5,"Mb-113","ABR33","M. sinensis",1,TRUE
"DM","Overlap5",5,"Mb-1130_51","ABR33","M. x gig",1,TRUE
"DM","Overlap5",5,"Mb-1132_52","ABR33","M. x gig",0,TRUE
"DM","Overlap5",5,"Mb-1139_19","ABR33","M. sinensis",1,TRUE
"DM","Overlap5",5,"Mb-1147_12","ABR33","M. sinensis",1,TRUE
"DM","Overlap5",5,"Mb-115","ABR33","M. sinensis",1,TRUE
"DM","Overlap5",5,"Mb-1153_20","ABR33","M. sinensis",1,TRUE
"DM","Overlap5",5,"Mb-1155_33","ABR33","M. sacchariflorus",1,TRUE
"DM","Overlap5",5,"Mb-1156_13","ABR33","M. sinensis",1,TRUE
"DM","Overlap5",5,"Mb-1162_20","ABR33","M. sacchariflorus",1,TRUE
"DM","Overlap5",5,"Mb-1182_16","ABR33","M. sinensis",1,TRUE
"DM","Overlap5",5,"Mb-1205_12","ABR33","M. sinensis",1,TRUE
"DM","Overlap5",5,"Mb-1231_18","ABR33","M. sinensis",1,TRUE
"DM","Overlap5",5,"Mb-1238_1","ABR33","M. sinensis",1,TRUE
"DM","Overlap5",5,"Mb-1261_15","ABR33","M. sacchariflorus",1,TRUE
"DM","Overlap5",5,"Mb-1353_14","ABR33","M. sacchariflorus",1,TRUE
"DM","Overlap5",5,"Mb-14","ABR33","M. sinensis",1,TRUE
"DM","Overlap5",5,"Mb-140","ABR33","M. sacchariflorus",1,TRUE
"DM","Overlap5",5,"Mb-142","ABR33","M. sacchariflorus",1,TRUE
"DM","Overlap5",5,"Mb-144","ABR33","M. sacchariflorus",1,TRUE
"DM","Overlap5",5,"Mb-146","ABR33","M. sacchariflorus",1,TRUE
"DM","Overlap5",5,"Mb-147","ABR33","M. x gig",1,TRUE
"DM","Overlap5",5,"Mb-148","ABR33","M. x gig",0,TRUE
"DM","Overlap5",5,"Mb-1485_42","ABR33","M. x gig",1,TRUE
"DM","Overlap5",5,"Mb-1486_1","ABR33","M. x gig",1,TRUE
"DM","Overlap5",5,"Mb-149","ABR33","M. x gig",1,TRUE
"DM","Overlap5",5,"Mb-166","ABR33","M. sacchariflorus",1,TRUE
"DM","Overlap5",5,"Mb-167","ABR33","M. sinensis",1,TRUE
"DM","Overlap5",5,"Mb-177","ABR33","M. sacchariflorus",1,TRUE
"DM","Overlap5",5,"Mb-188","ABR33","M. x gig",0,TRUE
"DM","Overlap5",5,"Mb-2","ABR33","M. sinensis",1,TRUE
"DM","Overlap5",5,"Mb-221","ABR33","M. sinensis",1,TRUE
"DM","Overlap5",5,"Mb-226","ABR33","M. sacchariflorus",1,TRUE
"DM","Overlap5",5,"Mb-229","ABR33","M. sinensis",1,TRUE
"DM","Overlap5",5,"Mb-255","ABR33","M. sinensis",1,TRUE
"DM","Overlap5",5,"Mb-272","ABR33","M. sacchariflorus",0,TRUE
"DM","Overlap5",5,"Mb-297","ABR33","M. sacchariflorus",0,TRUE
"DM","Overlap5",5,"Mb-3","ABR33","M. sinensis",1,TRUE
"DM","Overlap5",5,"Mb-306","ABR33","M. sinensis",1,TRUE
"DM","Overlap5",5,"Mb-307","ABR33","M. x gig",0,TRUE
"DM","Overlap5",5,"Mb-308","ABR33","M. x gig",0,TRUE
"DM","Overlap5",5,"Mb-309","ABR33","M. x gig",1,TRUE
"DM","Overlap5",5,"Mb-31","ABR33","M. sinensis",1,TRUE
"DM","Overlap5",5,"Mb-310","ABR33","M. x gig",1,TRUE
"DM","Overlap5",5,"Mb-35","ABR33","M. sinensis",1,TRUE
"DM","Overlap5",5,"Mb-353","ABR33","M. sacchariflorus",1,TRUE
"DM","Overlap5",5,"Mb-37","ABR33","M. sinensis",1,TRUE
"DM","Overlap5",5,"Mb-383_1","ABR33","M. sacchariflorus",0,TRUE
"DM","Overlap5",5,"Mb-391","ABR33","M. sacchariflorus",1,TRUE
"DM","Overlap5",5,"Mb-393_1","ABR33","M. sacchariflorus",1,TRUE
"DM","Overlap5",5,"Mb-397","ABR33","M. sacchariflorus",1,TRUE
"DM","Overlap5",5,"Mb-399","ABR33","M. sacchariflorus",1,TRUE
"DM","Overlap5",5,"Mb-401","ABR33","M. sacchariflorus",1,TRUE
"DM","Overlap5",5,"Mb-411","ABR33","M. sacchariflorus",0,TRUE
"DM","Overlap5",5,"Mb-416","ABR33","M. sacchariflorus",0,TRUE
"DM","Overlap5",5,"Mb-425_1","ABR33","M. sacchariflorus",1,TRUE
"DM","Overlap5",5,"Mb-427_1","ABR33","M. sacchariflorus",1,TRUE
"DM","Overlap5",5,"Mb-431_1","ABR33","M. sacchariflorus",1,TRUE
"DM","Overlap5",5,"Mb-434_1","ABR33","M. sinensis",0,TRUE
"DM","Overlap5",5,"Mb-485_1","ABR33","M. sacchariflorus",1,TRUE
"DM","Overlap5",5,"Mb-486","ABR33","M. sacchariflorus",1,TRUE
"DM","Overlap5",5,"Mb-488_15","ABR33","M. sacchariflorus",0,TRUE
"DM","Overlap5",5,"Mb-490_10","ABR33","M. sacchariflorus",0,TRUE
"DM","Overlap5",5,"Mb-494_1","ABR33","M. sacchariflorus",1,TRUE
"DM","Overlap5",5,"Mb-498_1","ABR33","M. sacchariflorus",1,TRUE
"DM","Overlap5",5,"Mb-502_1","ABR33","M. sacchariflorus",1,TRUE
"DM","Overlap5",5,"Mb-505_1","ABR33","M. sacchariflorus",1,TRUE
"DM","Overlap5",5,"Mb-508","ABR33","M. sacchariflorus",0,TRUE
"DM","Overlap5",5,"Mb-526_13","ABR33","M. sinensis",1,TRUE
"DM","Overlap5",5,"Mb-527_1","ABR33","M. sinensis",0,TRUE
"DM","Overlap5",5,"Mb-533_1","ABR33","M. sinensis",1,TRUE
"DM","Overlap5",5,"Mb-539_1","ABR33","M. sinensis",0,TRUE
"DM","Overlap5",5,"Mb-585_1","ABR33","M. sinensis",1,TRUE
"DM","Overlap5",5,"Mb-628_1","ABR33","M. sacchariflorus",1,TRUE
"DM","Overlap5",5,"Mb-70","ABR33","M. sinensis",1,TRUE
"DM","Overlap5",5,"Mb-72","ABR33","M. x gig",1,TRUE
"DM","Overlap5",5,"Mb-74","ABR33","M. sinensis",1,TRUE
"DM","Overlap5",5,"Mb-76","ABR33","M. sacchariflorus",1,TRUE
"DM","Overlap5",5,"Mb-770_18","ABR33","M. sacchariflorus",1,TRUE
"DM","Overlap5",5,"Mb-779_14","ABR33","M. sacchariflorus",1,TRUE
"DM","Overlap5",5,"Mb-787_13","ABR33","M. sacchariflorus",0,TRUE
"DM","Overlap5",5,"Mb-810_11","ABR33","M. sacchariflorus",1,TRUE
"DM","Overlap5",5,"Mb-819_19","ABR33","M. sacchariflorus",1,TRUE
"DM","Overlap5",5,"Mb-851_1","ABR33","M. sinensis",1,TRUE
"DM","Overlap5",5,"Mb-86","ABR33","M. sinensis",1,TRUE
"DM","Overlap5",5,"Mb-884_1","ABR33","M. sacchariflorus",1,TRUE
"DM","Overlap5",5,"Mb-893_11","ABR33","M. sinensis",1,TRUE
"DM","Overlap5",5,"Mb-9","ABR33","M. sinensis",0,TRUE
"DM","Overlap5",5,"Mb-910_11","ABR33","M. sinensis",0,TRUE
"DM","Overlap5",5,"Mb-913_17","ABR33","M. sacchariflorus",0,TRUE
"DM","Overlap5",5,"Mb-914_13","ABR33","M. sinensis",1,TRUE
"DM","Overlap5",5,"Mb-928_18","ABR33","M. sinensis",1,TRUE
"DM","Overlap5",5,"Mb-930","ABR33","M. sinensis",1,TRUE
"DM","Overlap5",5,"Mb-931_12","ABR33","M. sinensis",1,TRUE
"DM","Overlap5",5,"Mb-933_11","ABR33","M. sinensis",0,TRUE
"DM","Overlap5",5,"Mb-935_13","ABR33","M. sinensis",1,TRUE
"DM","Overlap5",5,"Mb-94","ABR33","M. sacchariflorus",1,TRUE
"DM","Overlap5",5,"Mb-956_19","ABR33","M. sacchariflorus",1,TRUE
"DM","Overlap5",5,"Mb-958_19","ABR33","M. sacchariflorus",1,TRUE
"DM","Overlap5",5,"Mb-960_20","ABR33","M. sinensis",1,TRUE
"DM","Overlap5",5,"Mb-961_16","ABR33","M. sacchariflorus",1,TRUE
"DM","Overlap5",5,"Mb-965_15","ABR33","M. sacchariflorus",1,TRUE
"DM","Overlap5",5,"Mb-969_18","ABR33","M. sacchariflorus",1,TRUE
"DM","Overlap5",5,"Mb-974_19","ABR33","M. sinensis",1,TRUE
"DM","Overlap5",5,"Mb-99","ABR33","M. sinensis",1,TRUE
"DM","Overlap5",5,"Mx-1548_12","ABR33","M. x gig",1,TRUE
"DM","Overlap5",5,"Mx-1915_12","ABR33","M. x gig",1,TRUE
"DM","Overlap5",5,"Mx-1932_13","ABR33","M. x gig",1,TRUE
"DM","Overlap5",5,"Mx-1933_11","ABR33","M. x gig",1,TRUE
"DM","Overlap5",5,"Mx-1956_15","ABR33","M. x gig",1,TRUE
"DM","Overlap5",5,"Mx-2446_1","ABR33","M. x gig",0,TRUE
"DM","Overlap5",5,"Mx-2470_5","ABR33","M. sacchariflorus",0,TRUE
"DM","Overlap5",5,"Mx-437_90","ABR33","M. x gig",1,TRUE
"DM","Overlap5",5,"Mb-102","JKI","M. sinensis",1,TRUE
"DM","Overlap5",5,"Mb-1037_52","JKI","M. sacchariflorus",1,TRUE
"DM","Overlap5",5,"Mb-104","JKI","M. x gig",1,TRUE
"DM","Overlap5",5,"Mb-1040_17","JKI","M. sacchariflorus",1,TRUE
"DM","Overlap5",5,"Mb-1043_32","JKI","M. sacchariflorus",1,TRUE
"DM","Overlap5",5,"Mb-1044_50","JKI","M. sacchariflorus",1,TRUE
"DM","Overlap5",5,"Mb-1056_31","JKI","M. sacchariflorus",1,TRUE
"DM","Overlap5",5,"Mb-1067_18","JKI","M. sacchariflorus",1,TRUE
"DM","Overlap5",5,"Mb-1086_54","JKI","M. x gig",1,TRUE
"DM","Overlap5",5,"Mb-109","JKI","M. sinensis",1,TRUE
"DM","Overlap5",5,"Mb-110","JKI","M. sinensis",1,TRUE
"DM","Overlap5",5,"Mb-111","JKI","M. sinensis",0,TRUE
"DM","Overlap5",5,"Mb-113","JKI","M. sinensis",1,TRUE
"DM","Overlap5",5,"Mb-1130_51","JKI","M. x gig",1,TRUE
"DM","Overlap5",5,"Mb-1132_52","JKI","M. x gig",1,TRUE
"DM","Overlap5",5,"Mb-1139_19","JKI","M. sinensis",1,FALSE
"DM","Overlap5",5,"Mb-1147_12","JKI","M. sinensis",0,TRUE
"DM","Overlap5",5,"Mb-115","JKI","M. sinensis",0,TRUE
"DM","Overlap5",5,"Mb-1153_20","JKI","M. sinensis",0,TRUE
"DM","Overlap5",5,"Mb-1155_33","JKI","M. sacchariflorus",1,TRUE
"DM","Overlap5",5,"Mb-1156_13","JKI","M. sinensis",0,TRUE
"DM","Overlap5",5,"Mb-1162_20","JKI","M. sacchariflorus",1,TRUE
"DM","Overlap5",5,"Mb-1182_16","JKI","M. sinensis",1,TRUE
"DM","Overlap5",5,"Mb-1205_12","JKI","M. sinensis",1,TRUE
"DM","Overlap5",5,"Mb-1231_18","JKI","M. sinensis",1,TRUE
"DM","Overlap5",5,"Mb-1238_1","JKI","M. sinensis",1,TRUE
"DM","Overlap5",5,"Mb-1261_15","JKI","M. sacchariflorus",1,TRUE
"DM","Overlap5",5,"Mb-1353_14","JKI","M. sacchariflorus",1,TRUE
"DM","Overlap5",5,"Mb-14","JKI","M. sinensis",1,TRUE
"DM","Overlap5",5,"Mb-140","JKI","M. sacchariflorus",1,TRUE
"DM","Overlap5",5,"Mb-142","JKI","M. sacchariflorus",1,TRUE
"DM","Overlap5",5,"Mb-144","JKI","M. sacchariflorus",1,TRUE
"DM","Overlap5",5,"Mb-146","JKI","M. sacchariflorus",1,TRUE
"DM","Overlap5",5,"Mb-147","JKI","M. x gig",1,TRUE
"DM","Overlap5",5,"Mb-148","JKI","M. x gig",1,TRUE
"DM","Overlap5",5,"Mb-1485_42","JKI","M. x gig",0,TRUE
"DM","Overlap5",5,"Mb-1486_1","JKI","M. x gig",1,TRUE
"DM","Overlap5",5,"Mb-149","JKI","M. x gig",1,TRUE
"DM","Overlap5",5,"Mb-166","JKI","M. sacchariflorus",0,TRUE
"DM","Overlap5",5,"Mb-167","JKI","M. sinensis",1,TRUE
"DM","Overlap5",5,"Mb-177","JKI","M. sacchariflorus",1,TRUE
"DM","Overlap5",5,"Mb-188","JKI","M. x gig",1,TRUE
"DM","Overlap5",5,"Mb-2","JKI","M. sinensis",1,TRUE
"DM","Overlap5",5,"Mb-221","JKI","M. sinensis",0,TRUE
"DM","Overlap5",5,"Mb-226","JKI","M. sacchariflorus",1,TRUE
"DM","Overlap5",5,"Mb-229","JKI","M. sinensis",0,TRUE
"DM","Overlap5",5,"Mb-255","JKI","M. sinensis",0,TRUE
"DM","Overlap5",5,"Mb-272","JKI","M. sacchariflorus",1,TRUE
"DM","Overlap5",5,"Mb-297","JKI","M. sacchariflorus",1,TRUE
"DM","Overlap5",5,"Mb-3","JKI","M. sinensis",0,TRUE
"DM","Overlap5",5,"Mb-306","JKI","M. sinensis",1,TRUE
"DM","Overlap5",5,"Mb-307","JKI","M. x gig",1,TRUE
"DM","Overlap5",5,"Mb-308","JKI","M. x gig",1,TRUE
"DM","Overlap5",5,"Mb-309","JKI","M. x gig",1,TRUE
"DM","Overlap5",5,"Mb-31","JKI","M. sinensis",1,TRUE
"DM","Overlap5",5,"Mb-310","JKI","M. x gig",1,TRUE
"DM","Overlap5",5,"Mb-35","JKI","M. sinensis",1,TRUE
"DM","Overlap5",5,"Mb-353","JKI","M. sacchariflorus",1,TRUE
"DM","Overlap5",5,"Mb-37","JKI","M. sinensis",1,TRUE
"DM","Overlap5",5,"Mb-383_1","JKI","M. sacchariflorus",1,TRUE
"DM","Overlap5",5,"Mb-391","JKI","M. sacchariflorus",1,TRUE
"DM","Overlap5",5,"Mb-393_1","JKI","M. sacchariflorus",1,TRUE
"DM","Overlap5",5,"Mb-397","JKI","M. sacchariflorus",0,TRUE
"DM","Overlap5",5,"Mb-399","JKI","M. sacchariflorus",1,TRUE
"DM","Overlap5",5,"Mb-401","JKI","M. sacchariflorus",1,TRUE
"DM","Overlap5",5,"Mb-411","JKI","M. sacchariflorus",1,TRUE
"DM","Overlap5",5,"Mb-416","JKI","M. sacchariflorus",1,TRUE
"DM","Overlap5",5,"Mb-425_1","JKI","M. sacchariflorus",1,TRUE
"DM","Overlap5",5,"Mb-427_1","JKI","M. sacchariflorus",1,TRUE
"DM","Overlap5",5,"Mb-431_1","JKI","M. sacchariflorus",1,TRUE
"DM","Overlap5",5,"Mb-434_1","JKI","M. sinensis",0,TRUE
"DM","Overlap5",5,"Mb-485_1","JKI","M. sacchariflorus",0,TRUE
"DM","Overlap5",5,"Mb-486","JKI","M. sacchariflorus",1,TRUE
"DM","Overlap5",5,"Mb-488_15","JKI","M. sacchariflorus",0,TRUE
"DM","Overlap5",5,"Mb-490_10","JKI","M. sacchariflorus",1,TRUE
"DM","Overlap5",5,"Mb-494_1","JKI","M. sacchariflorus",1,TRUE
"DM","Overlap5",5,"Mb-498_1","JKI","M. sacchariflorus",1,TRUE
"DM","Overlap5",5,"Mb-502_1","JKI","M. sacchariflorus",1,TRUE
"DM","Overlap5",5,"Mb-505_1","JKI","M. sacchariflorus",1,TRUE
"DM","Overlap5",5,"Mb-508","JKI","M. sacchariflorus",1,TRUE
"DM","Overlap5",5,"Mb-526_13","JKI","M. sinensis",1,TRUE
"DM","Overlap5",5,"Mb-527_1","JKI","M. sinensis",1,TRUE
"DM","Overlap5",5,"Mb-533_1","JKI","M. sinensis",1,TRUE
"DM","Overlap5",5,"Mb-539_1","JKI","M. sinensis",1,TRUE
"DM","Overlap5",5,"Mb-585_1","JKI","M. sinensis",1,TRUE
"DM","Overlap5",5,"Mb-628_1","JKI","M. sacchariflorus",1,TRUE
"DM","Overlap5",5,"Mb-70","JKI","M. sinensis",0,TRUE
"DM","Overlap5",5,"Mb-72","JKI","M. x gig",1,TRUE
"DM","Overlap5",5,"Mb-74","JKI","M. sinensis",0,TRUE
"DM","Overlap5",5,"Mb-76","JKI","M. sacchariflorus",1,TRUE
"DM","Overlap5",5,"Mb-770_18","JKI","M. sacchariflorus",0,TRUE
"DM","Overlap5",5,"Mb-779_14","JKI","M. sacchariflorus",1,TRUE
"DM","Overlap5",5,"Mb-787_13","JKI","M. sacchariflorus",1,TRUE
"DM","Overlap5",5,"Mb-810_11","JKI","M. sacchariflorus",1,TRUE
"DM","Overlap5",5,"Mb-819_19","JKI","M. sacchariflorus",1,TRUE
"DM","Overlap5",5,"Mb-851_1","JKI","M. sinensis",1,TRUE
"DM","Overlap5",5,"Mb-86","JKI","M. sinensis",1,TRUE
"DM","Overlap5",5,"Mb-884_1","JKI","M. sacchariflorus",1,TRUE
"DM","Overlap5",5,"Mb-893_11","JKI","M. sinensis",1,TRUE
"DM","Overlap5",5,"Mb-9","JKI","M. sinensis",0,TRUE
"DM","Overlap5",5,"Mb-910_11","JKI","M. sinensis",1,TRUE
"DM","Overlap5",5,"Mb-913_17","JKI","M. sacchariflorus",1,TRUE
"DM","Overlap5",5,"Mb-914_13","JKI","M. sinensis",1,TRUE
"DM","Overlap5",5,"Mb-928_18","JKI","M. sinensis",1,TRUE
"DM","Overlap5",5,"Mb-930","JKI","M. sinensis",1,TRUE
"DM","Overlap5",5,"Mb-931_12","JKI","M. sinensis",1,TRUE
"DM","Overlap5",5,"Mb-933_11","JKI","M. sinensis",0,TRUE
"DM","Overlap5",5,"Mb-935_13","JKI","M. sinensis",1,TRUE
"DM","Overlap5",5,"Mb-94","JKI","M. sacchariflorus",1,TRUE
"DM","Overlap5",5,"Mb-956_19","JKI","M. sacchariflorus",0,TRUE
"DM","Overlap5",5,"Mb-958_19","JKI","M. sacchariflorus",0,TRUE
"DM","Overlap5",5,"Mb-960_20","JKI","M. sinensis",0,TRUE
"DM","Overlap5",5,"Mb-961_16","JKI","M. sacchariflorus",1,TRUE
"DM","Overlap5",5,"Mb-965_15","JKI","M. sacchariflorus",1,TRUE
"DM","Overlap5",5,"Mb-969_18","JKI","M. sacchariflorus",0,TRUE
"DM","Overlap5",5,"Mb-974_19","JKI","M. sinensis",1,TRUE
"DM","Overlap5",5,"Mb-99","JKI","M. sinensis",1,TRUE
"DM","Overlap5",5,"Mx-1548_12","JKI","M. x gig",1,TRUE
"DM","Overlap5",5,"Mx-1915_12","JKI","M. x gig",0,TRUE
"DM","Overlap5",5,"Mx-1932_13","JKI","M. x gig",1,TRUE
"DM","Overlap5",5,"Mx-1933_11","JKI","M. x gig",1,TRUE
"DM","Overlap5",5,"Mx-1956_15","JKI","M. x gig",1,TRUE
"DM","Overlap5",5,"Mx-2446_1","JKI","M. x gig",1,TRUE
"DM","Overlap5",5,"Mx-2470_5","JKI","M. sacchariflorus",1,TRUE
"DM","Overlap5",5,"Mx-437_90","JKI","M. x gig",1,TRUE
"DM","Overlap5",6,"Mb-102","ABR33","M. sinensis",1,TRUE
"DM","Overlap5",6,"Mb-1037_52","ABR33","M. sacchariflorus",1,TRUE
"DM","Overlap5",6,"Mb-104","ABR33","M. x gig",1,TRUE
"DM","Overlap5",6,"Mb-1040_17","ABR33","M. sacchariflorus",1,TRUE
"DM","Overlap5",6,"Mb-1043_32","ABR33","M. sacchariflorus",1,TRUE
"DM","Overlap5",6,"Mb-1044_50","ABR33","M. sacchariflorus",1,TRUE
"DM","Overlap5",6,"Mb-1056_31","ABR33","M. sacchariflorus",1,TRUE
"DM","Overlap5",6,"Mb-1067_18","ABR33","M. sacchariflorus",0,TRUE
"DM","Overlap5",6,"Mb-1086_54","ABR33","M. x gig",0,TRUE
"DM","Overlap5",6,"Mb-109","ABR33","M. sinensis",1,TRUE
"DM","Overlap5",6,"Mb-110","ABR33","M. sinensis",1,TRUE
"DM","Overlap5",6,"Mb-111","ABR33","M. sinensis",0,TRUE
"DM","Overlap5",6,"Mb-113","ABR33","M. sinensis",1,TRUE
"DM","Overlap5",6,"Mb-1130_51","ABR33","M. x gig",1,TRUE
"DM","Overlap5",6,"Mb-1132_52","ABR33","M. x gig",0,TRUE
"DM","Overlap5",6,"Mb-1139_19","ABR33","M. sinensis",1,TRUE
"DM","Overlap5",6,"Mb-1147_12","ABR33","M. sinensis",1,TRUE
"DM","Overlap5",6,"Mb-115","ABR33","M. sinensis",1,TRUE
"DM","Overlap5",6,"Mb-1153_20","ABR33","M. sinensis",1,TRUE
"DM","Overlap5",6,"Mb-1155_33","ABR33","M. sacchariflorus",0,TRUE
"DM","Overlap5",6,"Mb-1156_13","ABR33","M. sinensis",1,TRUE
"DM","Overlap5",6,"Mb-1162_20","ABR33","M. sacchariflorus",1,TRUE
"DM","Overlap5",6,"Mb-1182_16","ABR33","M. sinensis",1,TRUE
"DM","Overlap5",6,"Mb-1205_12","ABR33","M. sinensis",1,TRUE
"DM","Overlap5",6,"Mb-1231_18","ABR33","M. sinensis",1,TRUE
"DM","Overlap5",6,"Mb-1238_1","ABR33","M. sinensis",1,TRUE
"DM","Overlap5",6,"Mb-1261_15","ABR33","M. sacchariflorus",1,TRUE
"DM","Overlap5",6,"Mb-1353_14","ABR33","M. sacchariflorus",1,TRUE
"DM","Overlap5",6,"Mb-14","ABR33","M. sinensis",0,TRUE
"DM","Overlap5",6,"Mb-140","ABR33","M. sacchariflorus",0,TRUE
"DM","Overlap5",6,"Mb-142","ABR33","M. sacchariflorus",1,TRUE
"DM","Overlap5",6,"Mb-144","ABR33","M. sacchariflorus",1,TRUE
"DM","Overlap5",6,"Mb-146","ABR33","M. sacchariflorus",1,TRUE
"DM","Overlap5",6,"Mb-147","ABR33","M. x gig",1,TRUE
"DM","Overlap5",6,"Mb-148","ABR33","M. x gig",1,TRUE
"DM","Overlap5",6,"Mb-1485_42","ABR33","M. x gig",1,TRUE
"DM","Overlap5",6,"Mb-1486_1","ABR33","M. x gig",1,TRUE
"DM","Overlap5",6,"Mb-149","ABR33","M. x gig",1,TRUE
"DM","Overlap5",6,"Mb-166","ABR33","M. sacchariflorus",1,TRUE
"DM","Overlap5",6,"Mb-167","ABR33","M. sinensis",0,TRUE
"DM","Overlap5",6,"Mb-177","ABR33","M. sacchariflorus",1,TRUE
"DM","Overlap5",6,"Mb-188","ABR33","M. x gig",1,TRUE
"DM","Overlap5",6,"Mb-2","ABR33","M. sinensis",1,TRUE
"DM","Overlap5",6,"Mb-221","ABR33","M. sinensis",0,TRUE
"DM","Overlap5",6,"Mb-226","ABR33","M. sacchariflorus",1,TRUE
"DM","Overlap5",6,"Mb-229","ABR33","M. sinensis",1,TRUE
"DM","Overlap5",6,"Mb-255","ABR33","M. sinensis",1,TRUE
"DM","Overlap5",6,"Mb-272","ABR33","M. sacchariflorus",0,TRUE
"DM","Overlap5",6,"Mb-297","ABR33","M. sacchariflorus",0,TRUE
"DM","Overlap5",6,"Mb-3","ABR33","M. sinensis",0,TRUE
"DM","Overlap5",6,"Mb-306","ABR33","M. sinensis",1,TRUE
"DM","Overlap5",6,"Mb-307","ABR33","M. x gig",0,TRUE
"DM","Overlap5",6,"Mb-308","ABR33","M. x gig",1,TRUE
"DM","Overlap5",6,"Mb-309","ABR33","M. x gig",0,TRUE
"DM","Overlap5",6,"Mb-31","ABR33","M. sinensis",1,TRUE
"DM","Overlap5",6,"Mb-310","ABR33","M. x gig",1,TRUE
"DM","Overlap5",6,"Mb-35","ABR33","M. sinensis",1,TRUE
"DM","Overlap5",6,"Mb-353","ABR33","M. sacchariflorus",1,TRUE
"DM","Overlap5",6,"Mb-37","ABR33","M. sinensis",1,TRUE
"DM","Overlap5",6,"Mb-383_1","ABR33","M. sacchariflorus",1,TRUE
"DM","Overlap5",6,"Mb-391","ABR33","M. sacchariflorus",1,TRUE
"DM","Overlap5",6,"Mb-393_1","ABR33","M. sacchariflorus",1,TRUE
"DM","Overlap5",6,"Mb-397","ABR33","M. sacchariflorus",1,TRUE
"DM","Overlap5",6,"Mb-399","ABR33","M. sacchariflorus",1,TRUE
"DM","Overlap5",6,"Mb-401","ABR33","M. sacchariflorus",0,TRUE
"DM","Overlap5",6,"Mb-411","ABR33","M. sacchariflorus",1,TRUE
"DM","Overlap5",6,"Mb-416","ABR33","M. sacchariflorus",1,TRUE
"DM","Overlap5",6,"Mb-425_1","ABR33","M. sacchariflorus",1,TRUE
"DM","Overlap5",6,"Mb-427_1","ABR33","M. sacchariflorus",1,TRUE
"DM","Overlap5",6,"Mb-431_1","ABR33","M. sacchariflorus",1,TRUE
"DM","Overlap5",6,"Mb-434_1","ABR33","M. sinensis",0,TRUE
"DM","Overlap5",6,"Mb-485_1","ABR33","M. sacchariflorus",1,TRUE
"DM","Overlap5",6,"Mb-486","ABR33","M. sacchariflorus",1,TRUE
"DM","Overlap5",6,"Mb-488_15","ABR33","M. sacchariflorus",1,TRUE
"DM","Overlap5",6,"Mb-490_10","ABR33","M. sacchariflorus",1,TRUE
"DM","Overlap5",6,"Mb-494_1","ABR33","M. sacchariflorus",1,TRUE
"DM","Overlap5",6,"Mb-498_1","ABR33","M. sacchariflorus",1,TRUE
"DM","Overlap5",6,"Mb-502_1","ABR33","M. sacchariflorus",1,TRUE
"DM","Overlap5",6,"Mb-505_1","ABR33","M. sacchariflorus",1,TRUE
"DM","Overlap5",6,"Mb-508","ABR33","M. sacchariflorus",1,TRUE
"DM","Overlap5",6,"Mb-526_13","ABR33","M. sinensis",0,TRUE
"DM","Overlap5",6,"Mb-527_1","ABR33","M. sinensis",0,TRUE
"DM","Overlap5",6,"Mb-533_1","ABR33","M. sinensis",1,TRUE
"DM","Overlap5",6,"Mb-539_1","ABR33","M. sinensis",1,TRUE
"DM","Overlap5",6,"Mb-585_1","ABR33","M. sinensis",1,TRUE
"DM","Overlap5",6,"Mb-628_1","ABR33","M. sacchariflorus",1,TRUE
"DM","Overlap5",6,"Mb-70","ABR33","M. sinensis",1,TRUE
"DM","Overlap5",6,"Mb-72","ABR33","M. x gig",1,TRUE
"DM","Overlap5",6,"Mb-74","ABR33","M. sinensis",0,TRUE
"DM","Overlap5",6,"Mb-76","ABR33","M. sacchariflorus",1,TRUE
"DM","Overlap5",6,"Mb-770_18","ABR33","M. sacchariflorus",1,TRUE
"DM","Overlap5",6,"Mb-779_14","ABR33","M. sacchariflorus",1,TRUE
"DM","Overlap5",6,"Mb-787_13","ABR33","M. sacchariflorus",1,TRUE
"DM","Overlap5",6,"Mb-810_11","ABR33","M. sacchariflorus",1,TRUE
"DM","Overlap5",6,"Mb-819_19","ABR33","M. sacchariflorus",1,TRUE
"DM","Overlap5",6,"Mb-851_1","ABR33","M. sinensis",1,TRUE
"DM","Overlap5",6,"Mb-86","ABR33","M. sinensis",1,TRUE
"DM","Overlap5",6,"Mb-884_1","ABR33","M. sacchariflorus",1,TRUE
"DM","Overlap5",6,"Mb-893_11","ABR33","M. sinensis",1,TRUE
"DM","Overlap5",6,"Mb-9","ABR33","M. sinensis",0,TRUE
"DM","Overlap5",6,"Mb-910_11","ABR33","M. sinensis",1,TRUE
"DM","Overlap5",6,"Mb-913_17","ABR33","M. sacchariflorus",0,TRUE
"DM","Overlap5",6,"Mb-914_13","ABR33","M. sinensis",1,TRUE
"DM","Overlap5",6,"Mb-928_18","ABR33","M. sinensis",0,TRUE
"DM","Overlap5",6,"Mb-930","ABR33","M. sinensis",1,TRUE
"DM","Overlap5",6,"Mb-931_12","ABR33","M. sinensis",0,TRUE
"DM","Overlap5",6,"Mb-933_11","ABR33","M. sinensis",1,TRUE
"DM","Overlap5",6,"Mb-935_13","ABR33","M. sinensis",1,TRUE
"DM","Overlap5",6,"Mb-94","ABR33","M. sacchariflorus",1,TRUE
"DM","Overlap5",6,"Mb-956_19","ABR33","M. sacchariflorus",1,TRUE
"DM","Overlap5",6,"Mb-958_19","ABR33","M. sacchariflorus",0,TRUE
"DM","Overlap5",6,"Mb-960_20","ABR33","M. sinensis",1,TRUE
"DM","Overlap5",6,"Mb-961_16","ABR33","M. sacchariflorus",0,TRUE
"DM","Overlap5",6,"Mb-965_15","ABR33","M. sacchariflorus",1,TRUE
"DM","Overlap5",6,"Mb-969_18","ABR33","M. sacchariflorus",1,TRUE
"DM","Overlap5",6,"Mb-974_19","ABR33","M. sinensis",1,TRUE
"DM","Overlap5",6,"Mb-99","ABR33","M. sinensis",1,TRUE
"DM","Overlap5",6,"Mx-1548_12","ABR33","M. x gig",1,TRUE
"DM","Overlap5",6,"Mx-1915_12","ABR33","M. x gig",1,TRUE
"DM","Overlap5",6,"Mx-1932_13","ABR33","M. x gig",1,TRUE
"DM","Overlap5",6,"Mx-1933_11","ABR33","M. x gig",1,TRUE
"DM","Overlap5",6,"Mx-1956_15","ABR33","M. x gig",1,TRUE
"DM","Overlap5",6,"Mx-2446_1","ABR33","M. x gig",1,TRUE
"DM","Overlap5",6,"Mx-2470_5","ABR33","M. sacchariflorus",1,TRUE
"DM","Overlap5",6,"Mx-437_90","ABR33","M. x gig",1,TRUE
"DM","Overlap5",6,"Mb-102","JKI","M. sinensis",0,TRUE
"DM","Overlap5",6,"Mb-1037_52","JKI","M. sacchariflorus",1,TRUE
"DM","Overlap5",6,"Mb-104","JKI","M. x gig",1,TRUE
"DM","Overlap5",6,"Mb-1040_17","JKI","M. sacchariflorus",1,TRUE
"DM","Overlap5",6,"Mb-1043_32","JKI","M. sacchariflorus",0,TRUE
"DM","Overlap5",6,"Mb-1044_50","JKI","M. sacchariflorus",1,TRUE
"DM","Overlap5",6,"Mb-1056_31","JKI","M. sacchariflorus",1,TRUE
"DM","Overlap5",6,"Mb-1067_18","JKI","M. sacchariflorus",1,TRUE
"DM","Overlap5",6,"Mb-1086_54","JKI","M. x gig",1,TRUE
"DM","Overlap5",6,"Mb-109","JKI","M. sinensis",1,TRUE
"DM","Overlap5",6,"Mb-110","JKI","M. sinensis",1,TRUE
"DM","Overlap5",6,"Mb-111","JKI","M. sinensis",1,TRUE
"DM","Overlap5",6,"Mb-113","JKI","M. sinensis",0,TRUE
"DM","Overlap5",6,"Mb-1130_51","JKI","M. x gig",1,TRUE
"DM","Overlap5",6,"Mb-1132_52","JKI","M. x gig",1,TRUE
"DM","Overlap5",6,"Mb-1139_19","JKI","M. sinensis",1,FALSE
"DM","Overlap5",6,"Mb-1147_12","JKI","M. sinensis",1,TRUE
"DM","Overlap5",6,"Mb-115","JKI","M. sinensis",1,TRUE
"DM","Overlap5",6,"Mb-1153_20","JKI","M. sinensis",1,TRUE
"DM","Overlap5",6,"Mb-1155_33","JKI","M. sacchariflorus",1,TRUE
"DM","Overlap5",6,"Mb-1156_13","JKI","M. sinensis",0,TRUE
"DM","Overlap5",6,"Mb-1162_20","JKI","M. sacchariflorus",0,TRUE
"DM","Overlap5",6,"Mb-1182_16","JKI","M. sinensis",0,TRUE
"DM","Overlap5",6,"Mb-1205_12","JKI","M. sinensis",1,TRUE
"DM","Overlap5",6,"Mb-1231_18","JKI","M. sinensis",1,TRUE
"DM","Overlap5",6,"Mb-1238_1","JKI","M. sinensis",1,TRUE
"DM","Overlap5",6,"Mb-1261_15","JKI","M. sacchariflorus",1,TRUE
"DM","Overlap5",6,"Mb-1353_14","JKI","M. sacchariflorus",1,TRUE
"DM","Overlap5",6,"Mb-14","JKI","M. sinensis",1,TRUE
"DM","Overlap5",6,"Mb-140","JKI","M. sacchariflorus",1,TRUE
"DM","Overlap5",6,"Mb-142","JKI","M. sacchariflorus",1,TRUE
"DM","Overlap5",6,"Mb-144","JKI","M. sacchariflorus",1,TRUE
"DM","Overlap5",6,"Mb-146","JKI","M. sacchariflorus",1,TRUE
"DM","Overlap5",6,"Mb-147","JKI","M. x gig",1,TRUE
"DM","Overlap5",6,"Mb-148","JKI","M. x gig",1,TRUE
"DM","Overlap5",6,"Mb-1485_42","JKI","M. x gig",1,TRUE
"DM","Overlap5",6,"Mb-1486_1","JKI","M. x gig",1,TRUE
"DM","Overlap5",6,"Mb-149","JKI","M. x gig",1,TRUE
"DM","Overlap5",6,"Mb-166","JKI","M. sacchariflorus",1,TRUE
"DM","Overlap5",6,"Mb-167","JKI","M. sinensis",1,TRUE
"DM","Overlap5",6,"Mb-177","JKI","M. sacchariflorus",1,TRUE
"DM","Overlap5",6,"Mb-188","JKI","M. x gig",1,TRUE
"DM","Overlap5",6,"Mb-2","JKI","M. sinensis",1,TRUE
"DM","Overlap5",6,"Mb-221","JKI","M. sinensis",0,TRUE
"DM","Overlap5",6,"Mb-226","JKI","M. sacchariflorus",0,TRUE
"DM","Overlap5",6,"Mb-229","JKI","M. sinensis",1,TRUE
"DM","Overlap5",6,"Mb-255","JKI","M. sinensis",1,TRUE
"DM","Overlap5",6,"Mb-272","JKI","M. sacchariflorus",1,TRUE
"DM","Overlap5",6,"Mb-297","JKI","M. sacchariflorus",1,TRUE
"DM","Overlap5",6,"Mb-3","JKI","M. sinensis",1,TRUE
"DM","Overlap5",6,"Mb-306","JKI","M. sinensis",1,TRUE
"DM","Overlap5",6,"Mb-307","JKI","M. x gig",0,TRUE
"DM","Overlap5",6,"Mb-308","JKI","M. x gig",0,TRUE
"DM","Overlap5",6,"Mb-309","JKI","M. x gig",1,TRUE
"DM","Overlap5",6,"Mb-31","JKI","M. sinensis",1,TRUE
"DM","Overlap5",6,"Mb-310","JKI","M. x gig",1,TRUE
"DM","Overlap5",6,"Mb-35","JKI","M. sinensis",1,TRUE
"DM","Overlap5",6,"Mb-353","JKI","M. sacchariflorus",1,TRUE
"DM","Overlap5",6,"Mb-37","JKI","M. sinensis",1,TRUE
"DM","Overlap5",6,"Mb-383_1","JKI","M. sacchariflorus",1,TRUE
"DM","Overlap5",6,"Mb-391","JKI","M. sacchariflorus",0,TRUE
"DM","Overlap5",6,"Mb-393_1","JKI","M. sacchariflorus",1,TRUE
"DM","Overlap5",6,"Mb-397","JKI","M. sacchariflorus",1,TRUE
"DM","Overlap5",6,"Mb-399","JKI","M. sacchariflorus",1,TRUE
"DM","Overlap5",6,"Mb-401","JKI","M. sacchariflorus",1,TRUE
"DM","Overlap5",6,"Mb-411","JKI","M. sacchariflorus",0,TRUE
"DM","Overlap5",6,"Mb-416","JKI","M. sacchariflorus",0,TRUE
"DM","Overlap5",6,"Mb-425_1","JKI","M. sacchariflorus",1,TRUE
"DM","Overlap5",6,"Mb-427_1","JKI","M. sacchariflorus",1,TRUE
"DM","Overlap5",6,"Mb-431_1","JKI","M. sacchariflorus",1,TRUE
"DM","Overlap5",6,"Mb-434_1","JKI","M. sinensis",1,TRUE
"DM","Overlap5",6,"Mb-485_1","JKI","M. sacchariflorus",1,TRUE
"DM","Overlap5",6,"Mb-486","JKI","M. sacchariflorus",0,TRUE
"DM","Overlap5",6,"Mb-488_15","JKI","M. sacchariflorus",0,TRUE
"DM","Overlap5",6,"Mb-490_10","JKI","M. sacchariflorus",1,TRUE
"DM","Overlap5",6,"Mb-494_1","JKI","M. sacchariflorus",1,TRUE
"DM","Overlap5",6,"Mb-498_1","JKI","M. sacchariflorus",0,TRUE
"DM","Overlap5",6,"Mb-502_1","JKI","M. sacchariflorus",1,TRUE
"DM","Overlap5",6,"Mb-505_1","JKI","M. sacchariflorus",1,TRUE
"DM","Overlap5",6,"Mb-508","JKI","M. sacchariflorus",1,TRUE
"DM","Overlap5",6,"Mb-526_13","JKI","M. sinensis",1,TRUE
"DM","Overlap5",6,"Mb-527_1","JKI","M. sinensis",1,TRUE
"DM","Overlap5",6,"Mb-533_1","JKI","M. sinensis",1,TRUE
"DM","Overlap5",6,"Mb-539_1","JKI","M. sinensis",1,TRUE
"DM","Overlap5",6,"Mb-585_1","JKI","M. sinensis",1,TRUE
"DM","Overlap5",6,"Mb-628_1","JKI","M. sacchariflorus",1,TRUE
"DM","Overlap5",6,"Mb-70","JKI","M. sinensis",1,TRUE
"DM","Overlap5",6,"Mb-72","JKI","M. x gig",1,TRUE
"DM","Overlap5",6,"Mb-74","JKI","M. sinensis",1,TRUE
"DM","Overlap5",6,"Mb-76","JKI","M. sacchariflorus",1,TRUE
"DM","Overlap5",6,"Mb-770_18","JKI","M. sacchariflorus",1,TRUE
"DM","Overlap5",6,"Mb-779_14","JKI","M. sacchariflorus",1,TRUE
"DM","Overlap5",6,"Mb-787_13","JKI","M. sacchariflorus",1,TRUE
"DM","Overlap5",6,"Mb-810_11","JKI","M. sacchariflorus",1,TRUE
"DM","Overlap5",6,"Mb-819_19","JKI","M. sacchariflorus",1,TRUE
"DM","Overlap5",6,"Mb-851_1","JKI","M. sinensis",1,TRUE
"DM","Overlap5",6,"Mb-86","JKI","M. sinensis",1,TRUE
"DM","Overlap5",6,"Mb-884_1","JKI","M. sacchariflorus",1,TRUE
"DM","Overlap5",6,"Mb-893_11","JKI","M. sinensis",1,TRUE
"DM","Overlap5",6,"Mb-9","JKI","M. sinensis",0,TRUE
"DM","Overlap5",6,"Mb-910_11","JKI","M. sinensis",0,TRUE
"DM","Overlap5",6,"Mb-913_17","JKI","M. sacchariflorus",1,TRUE
"DM","Overlap5",6,"Mb-914_13","JKI","M. sinensis",1,TRUE
"DM","Overlap5",6,"Mb-928_18","JKI","M. sinensis",0,TRUE
"DM","Overlap5",6,"Mb-930","JKI","M. sinensis",1,TRUE
"DM","Overlap5",6,"Mb-931_12","JKI","M. sinensis",0,TRUE
"DM","Overlap5",6,"Mb-933_11","JKI","M. sinensis",1,TRUE
"DM","Overlap5",6,"Mb-935_13","JKI","M. sinensis",1,TRUE
"DM","Overlap5",6,"Mb-94","JKI","M. sacchariflorus",1,TRUE
"DM","Overlap5",6,"Mb-956_19","JKI","M. sacchariflorus",1,TRUE
"DM","Overlap5",6,"Mb-958_19","JKI","M. sacchariflorus",1,TRUE
"DM","Overlap5",6,"Mb-960_20","JKI","M. sinensis",1,TRUE
"DM","Overlap5",6,"Mb-961_16","JKI","M. sacchariflorus",1,TRUE
"DM","Overlap5",6,"Mb-965_15","JKI","M. sacchariflorus",1,TRUE
"DM","Overlap5",6,"Mb-969_18","JKI","M. sacchariflorus",0,TRUE
"DM","Overlap5",6,"Mb-974_19","JKI","M. sinensis",0,TRUE
"DM","Overlap5",6,"Mb-99","JKI","M. sinensis",1,TRUE
"DM","Overlap5",6,"Mx-1548_12","JKI","M. x gig",1,TRUE
"DM","Overlap5",6,"Mx-1915_12","JKI","M. x gig",1,TRUE
"DM","Overlap5",6,"Mx-1932_13","JKI","M. x gig",1,TRUE
"DM","Overlap5",6,"Mx-1933_11","JKI","M. x gig",1,TRUE
"DM","Overlap5",6,"Mx-1956_15","JKI","M. x gig",1,TRUE
"DM","Overlap5",6,"Mx-2446_1","JKI","M. x gig",0,TRUE
"DM","Overlap5",6,"Mx-2470_5","JKI","M. sacchariflorus",0,TRUE
"DM","Overlap5",6,"Mx-437_90","JKI","M. x gig",0,TRUE
"DM","Overlap5",7,"Mb-102","ABR33","M. sinensis",1,TRUE
"DM","Overlap5",7,"Mb-1037_52","ABR33","M. sacchariflorus",1,TRUE
"DM","Overlap5",7,"Mb-104","ABR33","M. x gig",1,TRUE
"DM","Overlap5",7,"Mb-1040_17","ABR33","M. sacchariflorus",1,TRUE
"DM","Overlap5",7,"Mb-1043_32","ABR33","M. sacchariflorus",1,TRUE
"DM","Overlap5",7,"Mb-1044_50","ABR33","M. sacchariflorus",1,TRUE
"DM","Overlap5",7,"Mb-1056_31","ABR33","M. sacchariflorus",0,TRUE
"DM","Overlap5",7,"Mb-1067_18","ABR33","M. sacchariflorus",1,TRUE
"DM","Overlap5",7,"Mb-1086_54","ABR33","M. x gig",1,TRUE
"DM","Overlap5",7,"Mb-109","ABR33","M. sinensis",1,TRUE
"DM","Overlap5",7,"Mb-110","ABR33","M. sinensis",1,TRUE
"DM","Overlap5",7,"Mb-111","ABR33","M. sinensis",1,TRUE
"DM","Overlap5",7,"Mb-113","ABR33","M. sinensis",1,TRUE
"DM","Overlap5",7,"Mb-1130_51","ABR33","M. x gig",1,TRUE
"DM","Overlap5",7,"Mb-1132_52","ABR33","M. x gig",1,TRUE
"DM","Overlap5",7,"Mb-1139_19","ABR33","M. sinensis",1,TRUE
"DM","Overlap5",7,"Mb-1147_12","ABR33","M. sinensis",1,TRUE
"DM","Overlap5",7,"Mb-115","ABR33","M. sinensis",1,TRUE
"DM","Overlap5",7,"Mb-1153_20","ABR33","M. sinensis",1,TRUE
"DM","Overlap5",7,"Mb-1155_33","ABR33","M. sacchariflorus",1,TRUE
"DM","Overlap5",7,"Mb-1156_13","ABR33","M. sinensis",1,TRUE
"DM","Overlap5",7,"Mb-1162_20","ABR33","M. sacchariflorus",1,TRUE
"DM","Overlap5",7,"Mb-1182_16","ABR33","M. sinensis",1,TRUE
"DM","Overlap5",7,"Mb-1205_12","ABR33","M. sinensis",1,TRUE
"DM","Overlap5",7,"Mb-1231_18","ABR33","M. sinensis",0,TRUE
"DM","Overlap5",7,"Mb-1238_1","ABR33","M. sinensis",1,TRUE
"DM","Overlap5",7,"Mb-1261_15","ABR33","M. sacchariflorus",1,TRUE
"DM","Overlap5",7,"Mb-1353_14","ABR33","M. sacchariflorus",1,TRUE
"DM","Overlap5",7,"Mb-14","ABR33","M. sinensis",1,TRUE
"DM","Overlap5",7,"Mb-140","ABR33","M. sacchariflorus",1,TRUE
"DM","Overlap5",7,"Mb-142","ABR33","M. sacchariflorus",1,TRUE
"DM","Overlap5",7,"Mb-144","ABR33","M. sacchariflorus",1,TRUE
"DM","Overlap5",7,"Mb-146","ABR33","M. sacchariflorus",0,TRUE
"DM","Overlap5",7,"Mb-147","ABR33","M. x gig",1,TRUE
"DM","Overlap5",7,"Mb-148","ABR33","M. x gig",1,TRUE
"DM","Overlap5",7,"Mb-1485_42","ABR33","M. x gig",1,TRUE
"DM","Overlap5",7,"Mb-1486_1","ABR33","M. x gig",1,TRUE
"DM","Overlap5",7,"Mb-149","ABR33","M. x gig",1,TRUE
"DM","Overlap5",7,"Mb-166","ABR33","M. sacchariflorus",0,TRUE
"DM","Overlap5",7,"Mb-167","ABR33","M. sinensis",1,TRUE
"DM","Overlap5",7,"Mb-177","ABR33","M. sacchariflorus",1,TRUE
"DM","Overlap5",7,"Mb-188","ABR33","M. x gig",0,TRUE
"DM","Overlap5",7,"Mb-2","ABR33","M. sinensis",1,TRUE
"DM","Overlap5",7,"Mb-221","ABR33","M. sinensis",1,TRUE
"DM","Overlap5",7,"Mb-226","ABR33","M. sacchariflorus",1,TRUE
"DM","Overlap5",7,"Mb-229","ABR33","M. sinensis",1,TRUE
"DM","Overlap5",7,"Mb-255","ABR33","M. sinensis",1,TRUE
"DM","Overlap5",7,"Mb-272","ABR33","M. sacchariflorus",1,TRUE
"DM","Overlap5",7,"Mb-297","ABR33","M. sacchariflorus",1,TRUE
"DM","Overlap5",7,"Mb-3","ABR33","M. sinensis",1,TRUE
"DM","Overlap5",7,"Mb-306","ABR33","M. sinensis",1,TRUE
"DM","Overlap5",7,"Mb-307","ABR33","M. x gig",1,TRUE
"DM","Overlap5",7,"Mb-308","ABR33","M. x gig",0,TRUE
"DM","Overlap5",7,"Mb-309","ABR33","M. x gig",0,TRUE
"DM","Overlap5",7,"Mb-31","ABR33","M. sinensis",0,TRUE
"DM","Overlap5",7,"Mb-310","ABR33","M. x gig",1,TRUE
"DM","Overlap5",7,"Mb-35","ABR33","M. sinensis",1,TRUE
"DM","Overlap5",7,"Mb-353","ABR33","M. sacchariflorus",1,TRUE
"DM","Overlap5",7,"Mb-37","ABR33","M. sinensis",1,TRUE
"DM","Overlap5",7,"Mb-383_1","ABR33","M. sacchariflorus",1,TRUE
"DM","Overlap5",7,"Mb-391","ABR33","M. sacchariflorus",0,TRUE
"DM","Overlap5",7,"Mb-393_1","ABR33","M. sacchariflorus",1,TRUE
"DM","Overlap5",7,"Mb-397","ABR33","M. sacchariflorus",1,TRUE
"DM","Overlap5",7,"Mb-399","ABR33","M. sacchariflorus",0,TRUE
"DM","Overlap5",7,"Mb-401","ABR33","M. sacchariflorus",1,TRUE
"DM","Overlap5",7,"Mb-411","ABR33","M. sacchariflorus",1,TRUE
"DM","Overlap5",7,"Mb-416","ABR33","M. sacchariflorus",1,TRUE
"DM","Overlap5",7,"Mb-425_1","ABR33","M. sacchariflorus",1,TRUE
"DM","Overlap5",7,"Mb-427_1","ABR33","M. sacchariflorus",1,TRUE
"DM","Overlap5",7,"Mb-431_1","ABR33","M. sacchariflorus",1,TRUE
"DM","Overlap5",7,"Mb-434_1","ABR33","M. sinensis",1,TRUE
"DM","Overlap5",7,"Mb-485_1","ABR33","M. sacchariflorus",1,TRUE
"DM","Overlap5",7,"Mb-486","ABR33","M. sacchariflorus",1,TRUE
"DM","Overlap5",7,"Mb-488_15","ABR33","M. sacchariflorus",0,TRUE
"DM","Overlap5",7,"Mb-490_10","ABR33","M. sacchariflorus",1,TRUE
"DM","Overlap5",7,"Mb-494_1","ABR33","M. sacchariflorus",1,TRUE
"DM","Overlap5",7,"Mb-498_1","ABR33","M. sacchariflorus",1,TRUE
"DM","Overlap5",7,"Mb-502_1","ABR33","M. sacchariflorus",0,TRUE
"DM","Overlap5",7,"Mb-505_1","ABR33","M. sacchariflorus",1,TRUE
"DM","Overlap5",7,"Mb-508","ABR33","M. sacchariflorus",1,TRUE
"DM","Overlap5",7,"Mb-526_13","ABR33","M. sinensis",1,TRUE
"DM","Overlap5",7,"Mb-527_1","ABR33","M. sinensis",1,TRUE
"DM","Overlap5",7,"Mb-533_1","ABR33","M. sinensis",0,TRUE
"DM","Overlap5",7,"Mb-539_1","ABR33","M. sinensis",1,TRUE
"DM","Overlap5",7,"Mb-585_1","ABR33","M. sinensis",1,TRUE
"DM","Overlap5",7,"Mb-628_1","ABR33","M. sacchariflorus",1,TRUE
"DM","Overlap5",7,"Mb-70","ABR33","M. sinensis",0,TRUE
"DM","Overlap5",7,"Mb-72","ABR33","M. x gig",0,TRUE
"DM","Overlap5",7,"Mb-74","ABR33","M. sinensis",0,TRUE
"DM","Overlap5",7,"Mb-76","ABR33","M. sacchariflorus",0,TRUE
"DM","Overlap5",7,"Mb-770_18","ABR33","M. sacchariflorus",1,TRUE
"DM","Overlap5",7,"Mb-779_14","ABR33","M. sacchariflorus",1,TRUE
"DM","Overlap5",7,"Mb-787_13","ABR33","M. sacchariflorus",1,TRUE
"DM","Overlap5",7,"Mb-810_11","ABR33","M. sacchariflorus",1,TRUE
"DM","Overlap5",7,"Mb-819_19","ABR33","M. sacchariflorus",1,TRUE
"DM","Overlap5",7,"Mb-851_1","ABR33","M. sinensis",1,TRUE
"DM","Overlap5",7,"Mb-86","ABR33","M. sinensis",0,TRUE
"DM","Overlap5",7,"Mb-884_1","ABR33","M. sacchariflorus",0,TRUE
"DM","Overlap5",7,"Mb-893_11","ABR33","M. sinensis",1,TRUE
"DM","Overlap5",7,"Mb-9","ABR33","M. sinensis",1,TRUE
"DM","Overlap5",7,"Mb-910_11","ABR33","M. sinensis",1,TRUE
"DM","Overlap5",7,"Mb-913_17","ABR33","M. sacchariflorus",1,TRUE
"DM","Overlap5",7,"Mb-914_13","ABR33","M. sinensis",1,TRUE
"DM","Overlap5",7,"Mb-928_18","ABR33","M. sinensis",1,TRUE
"DM","Overlap5",7,"Mb-930","ABR33","M. sinensis",0,TRUE
"DM","Overlap5",7,"Mb-931_12","ABR33","M. sinensis",1,TRUE
"DM","Overlap5",7,"Mb-933_11","ABR33","M. sinensis",1,TRUE
"DM","Overlap5",7,"Mb-935_13","ABR33","M. sinensis",1,TRUE
"DM","Overlap5",7,"Mb-94","ABR33","M. sacchariflorus",1,TRUE
"DM","Overlap5",7,"Mb-956_19","ABR33","M. sacchariflorus",1,TRUE
"DM","Overlap5",7,"Mb-958_19","ABR33","M. sacchariflorus",1,TRUE
"DM","Overlap5",7,"Mb-960_20","ABR33","M. sinensis",1,TRUE
"DM","Overlap5",7,"Mb-961_16","ABR33","M. sacchariflorus",1,TRUE
"DM","Overlap5",7,"Mb-965_15","ABR33","M. sacchariflorus",1,TRUE
"DM","Overlap5",7,"Mb-969_18","ABR33","M. sacchariflorus",0,TRUE
"DM","Overlap5",7,"Mb-974_19","ABR33","M. sinensis",1,TRUE
"DM","Overlap5",7,"Mb-99","ABR33","M. sinensis",1,TRUE
"DM","Overlap5",7,"Mx-1548_12","ABR33","M. x gig",1,TRUE
"DM","Overlap5",7,"Mx-1915_12","ABR33","M. x gig",0,TRUE
"DM","Overlap5",7,"Mx-1932_13","ABR33","M. x gig",1,TRUE
"DM","Overlap5",7,"Mx-1933_11","ABR33","M. x gig",0,TRUE
"DM","Overlap5",7,"Mx-1956_15","ABR33","M. x gig",0,TRUE
"DM","Overlap5",7,"Mx-2446_1","ABR33","M. x gig",1,TRUE
"DM","Overlap5",7,"Mx-2470_5","ABR33","M. sacchariflorus",0,TRUE
"DM","Overlap5",7,"Mx-437_90","ABR33","M. x gig",1,TRUE
"DM","Overlap5",7,"Mb-102","JKI","M. sinensis",1,TRUE
"DM","Overlap5",7,"Mb-1037_52","JKI","M. sacchariflorus",1,TRUE
"DM","Overlap5",7,"Mb-104","JKI","M. x gig",1,TRUE
"DM","Overlap5",7,"Mb-1040_17","JKI","M. sacchariflorus",1,TRUE
"DM","Overlap5",7,"Mb-1043_32","JKI","M. sacchariflorus",0,TRUE
"DM","Overlap5",7,"Mb-1044_50","JKI","M. sacchariflorus",1,TRUE
"DM","Overlap5",7,"Mb-1056_31","JKI","M. sacchariflorus",0,TRUE
"DM","Overlap5",7,"Mb-1067_18","JKI","M. sacchariflorus",1,TRUE
"DM","Overlap5",7,"Mb-1086_54","JKI","M. x gig",0,TRUE
"DM","Overlap5",7,"Mb-109","JKI","M. sinensis",1,TRUE
"DM","Overlap5",7,"Mb-110","JKI","M. sinensis",1,TRUE
"DM","Overlap5",7,"Mb-111","JKI","M. sinensis",1,TRUE
"DM","Overlap5",7,"Mb-113","JKI","M. sinensis",1,TRUE
"DM","Overlap5",7,"Mb-1130_51","JKI","M. x gig",0,TRUE
"DM","Overlap5",7,"Mb-1132_52","JKI","M. x gig",0,TRUE
"DM","Overlap5",7,"Mb-1139_19","JKI","M. sinensis",1,FALSE
"DM","Overlap5",7,"Mb-1147_12","JKI","M. sinensis",1,TRUE
"DM","Overlap5",7,"Mb-115","JKI","M. sinensis",1,TRUE
"DM","Overlap5",7,"Mb-1153_20","JKI","M. sinensis",1,TRUE
"DM","Overlap5",7,"Mb-1155_33","JKI","M. sacchariflorus",0,TRUE
"DM","Overlap5",7,"Mb-1156_13","JKI","M. sinensis",1,TRUE
"DM","Overlap5",7,"Mb-1162_20","JKI","M. sacchariflorus",0,TRUE
"DM","Overlap5",7,"Mb-1182_16","JKI","M. sinensis",1,TRUE
"DM","Overlap5",7,"Mb-1205_12","JKI","M. sinensis",1,TRUE
"DM","Overlap5",7,"Mb-1231_18","JKI","M. sinensis",1,TRUE
"DM","Overlap5",7,"Mb-1238_1","JKI","M. sinensis",1,TRUE
"DM","Overlap5",7,"Mb-1261_15","JKI","M. sacchariflorus",1,TRUE
"DM","Overlap5",7,"Mb-1353_14","JKI","M. sacchariflorus",1,TRUE
"DM","Overlap5",7,"Mb-14","JKI","M. sinensis",0,TRUE
"DM","Overlap5",7,"Mb-140","JKI","M. sacchariflorus",1,TRUE
"DM","Overlap5",7,"Mb-142","JKI","M. sacchariflorus",0,TRUE
"DM","Overlap5",7,"Mb-144","JKI","M. sacchariflorus",0,TRUE
"DM","Overlap5",7,"Mb-146","JKI","M. sacchariflorus",1,TRUE
"DM","Overlap5",7,"Mb-147","JKI","M. x gig",1,TRUE
"DM","Overlap5",7,"Mb-148","JKI","M. x gig",1,TRUE
"DM","Overlap5",7,"Mb-1485_42","JKI","M. x gig",1,TRUE
"DM","Overlap5",7,"Mb-1486_1","JKI","M. x gig",1,TRUE
"DM","Overlap5",7,"Mb-149","JKI","M. x gig",1,TRUE
"DM","Overlap5",7,"Mb-166","JKI","M. sacchariflorus",1,TRUE
"DM","Overlap5",7,"Mb-167","JKI","M. sinensis",1,TRUE
"DM","Overlap5",7,"Mb-177","JKI","M. sacchariflorus",0,TRUE
"DM","Overlap5",7,"Mb-188","JKI","M. x gig",1,TRUE
"DM","Overlap5",7,"Mb-2","JKI","M. sinensis",1,TRUE
"DM","Overlap5",7,"Mb-221","JKI","M. sinensis",0,TRUE
"DM","Overlap5",7,"Mb-226","JKI","M. sacchariflorus",1,TRUE
"DM","Overlap5",7,"Mb-229","JKI","M. sinensis",1,TRUE
"DM","Overlap5",7,"Mb-255","JKI","M. sinensis",1,TRUE
"DM","Overlap5",7,"Mb-272","JKI","M. sacchariflorus",1,TRUE
"DM","Overlap5",7,"Mb-297","JKI","M. sacchariflorus",0,TRUE
"DM","Overlap5",7,"Mb-3","JKI","M. sinensis",0,TRUE
"DM","Overlap5",7,"Mb-306","JKI","M. sinensis",1,TRUE
"DM","Overlap5",7,"Mb-307","JKI","M. x gig",1,TRUE
"DM","Overlap5",7,"Mb-308","JKI","M. x gig",0,TRUE
"DM","Overlap5",7,"Mb-309","JKI","M. x gig",1,TRUE
"DM","Overlap5",7,"Mb-31","JKI","M. sinensis",1,TRUE
"DM","Overlap5",7,"Mb-310","JKI","M. x gig",1,TRUE
"DM","Overlap5",7,"Mb-35","JKI","M. sinensis",1,TRUE
"DM","Overlap5",7,"Mb-353","JKI","M. sacchariflorus",1,TRUE
"DM","Overlap5",7,"Mb-37","JKI","M. sinensis",1,TRUE
"DM","Overlap5",7,"Mb-383_1","JKI","M. sacchariflorus",1,TRUE
"DM","Overlap5",7,"Mb-391","JKI","M. sacchariflorus",1,TRUE
"DM","Overlap5",7,"Mb-393_1","JKI","M. sacchariflorus",1,TRUE
"DM","Overlap5",7,"Mb-397","JKI","M. sacchariflorus",1,TRUE
"DM","Overlap5",7,"Mb-399","JKI","M. sacchariflorus",1,TRUE
"DM","Overlap5",7,"Mb-401","JKI","M. sacchariflorus",1,TRUE
"DM","Overlap5",7,"Mb-411","JKI","M. sacchariflorus",1,TRUE
"DM","Overlap5",7,"Mb-416","JKI","M. sacchariflorus",0,TRUE
"DM","Overlap5",7,"Mb-425_1","JKI","M. sacchariflorus",1,TRUE
"DM","Overlap5",7,"Mb-427_1","JKI","M. sacchariflorus",0,TRUE
"DM","Overlap5",7,"Mb-431_1","JKI","M. sacchariflorus",1,TRUE
"DM","Overlap5",7,"Mb-434_1","JKI","M. sinensis",1,TRUE
"DM","Overlap5",7,"Mb-485_1","JKI","M. sacchariflorus",1,TRUE
"DM","Overlap5",7,"Mb-486","JKI","M. sacchariflorus",1,TRUE
"DM","Overlap5",7,"Mb-488_15","JKI","M. sacchariflorus",0,TRUE
"DM","Overlap5",7,"Mb-490_10","JKI","M. sacchariflorus",1,TRUE
"DM","Overlap5",7,"Mb-494_1","JKI","M. sacchariflorus",1,TRUE
"DM","Overlap5",7,"Mb-498_1","JKI","M. sacchariflorus",1,TRUE
"DM","Overlap5",7,"Mb-502_1","JKI","M. sacchariflorus",1,TRUE
"DM","Overlap5",7,"Mb-505_1","JKI","M. sacchariflorus",1,TRUE
"DM","Overlap5",7,"Mb-508","JKI","M. sacchariflorus",1,TRUE
"DM","Overlap5",7,"Mb-526_13","JKI","M. sinensis",1,TRUE
"DM","Overlap5",7,"Mb-527_1","JKI","M. sinensis",1,TRUE
"DM","Overlap5",7,"Mb-533_1","JKI","M. sinensis",1,TRUE
"DM","Overlap5",7,"Mb-539_1","JKI","M. sinensis",1,TRUE
"DM","Overlap5",7,"Mb-585_1","JKI","M. sinensis",0,TRUE
"DM","Overlap5",7,"Mb-628_1","JKI","M. sacchariflorus",1,TRUE
"DM","Overlap5",7,"Mb-70","JKI","M. sinensis",1,TRUE
"DM","Overlap5",7,"Mb-72","JKI","M. x gig",0,TRUE
"DM","Overlap5",7,"Mb-74","JKI","M. sinensis",1,TRUE
"DM","Overlap5",7,"Mb-76","JKI","M. sacchariflorus",0,TRUE
"DM","Overlap5",7,"Mb-770_18","JKI","M. sacchariflorus",1,TRUE
"DM","Overlap5",7,"Mb-779_14","JKI","M. sacchariflorus",1,TRUE
"DM","Overlap5",7,"Mb-787_13","JKI","M. sacchariflorus",1,TRUE
"DM","Overlap5",7,"Mb-810_11","JKI","M. sacchariflorus",0,TRUE
"DM","Overlap5",7,"Mb-819_19","JKI","M. sacchariflorus",1,TRUE
"DM","Overlap5",7,"Mb-851_1","JKI","M. sinensis",1,TRUE
"DM","Overlap5",7,"Mb-86","JKI","M. sinensis",1,TRUE
"DM","Overlap5",7,"Mb-884_1","JKI","M. sacchariflorus",1,TRUE
"DM","Overlap5",7,"Mb-893_11","JKI","M. sinensis",1,TRUE
"DM","Overlap5",7,"Mb-9","JKI","M. sinensis",1,TRUE
"DM","Overlap5",7,"Mb-910_11","JKI","M. sinensis",1,TRUE
"DM","Overlap5",7,"Mb-913_17","JKI","M. sacchariflorus",1,TRUE
"DM","Overlap5",7,"Mb-914_13","JKI","M. sinensis",0,TRUE
"DM","Overlap5",7,"Mb-928_18","JKI","M. sinensis",1,TRUE
"DM","Overlap5",7,"Mb-930","JKI","M. sinensis",1,TRUE
"DM","Overlap5",7,"Mb-931_12","JKI","M. sinensis",1,TRUE
"DM","Overlap5",7,"Mb-933_11","JKI","M. sinensis",1,TRUE
"DM","Overlap5",7,"Mb-935_13","JKI","M. sinensis",1,TRUE
"DM","Overlap5",7,"Mb-94","JKI","M. sacchariflorus",1,TRUE
"DM","Overlap5",7,"Mb-956_19","JKI","M. sacchariflorus",0,TRUE
"DM","Overlap5",7,"Mb-958_19","JKI","M. sacchariflorus",1,TRUE
"DM","Overlap5",7,"Mb-960_20","JKI","M. sinensis",0,TRUE
"DM","Overlap5",7,"Mb-961_16","JKI","M. sacchariflorus",1,TRUE
"DM","Overlap5",7,"Mb-965_15","JKI","M. sacchariflorus",1,TRUE
"DM","Overlap5",7,"Mb-969_18","JKI","M. sacchariflorus",1,TRUE
"DM","Overlap5",7,"Mb-974_19","JKI","M. sinensis",1,TRUE
"DM","Overlap5",7,"Mb-99","JKI","M. sinensis",1,TRUE
"DM","Overlap5",7,"Mx-1548_12","JKI","M. x gig",1,TRUE
"DM","Overlap5",7,"Mx-1915_12","JKI","M. x gig",1,TRUE
"DM","Overlap5",7,"Mx-1932_13","JKI","M. x gig",1,TRUE
"DM","Overlap5",7,"Mx-1933_11","JKI","M. x gig",1,TRUE
"DM","Overlap5",7,"Mx-1956_15","JKI","M. x gig",1,TRUE
"DM","Overlap5",7,"Mx-2446_1","JKI","M. x gig",1,TRUE
"DM","Overlap5",7,"Mx-2470_5","JKI","M. sacchariflorus",1,TRUE
"DM","Overlap5",7,"Mx-437_90","JKI","M. x gig",1,TRUE
"DM","Overlap5",8,"Mb-102","ABR33","M. sinensis",1,TRUE
"DM","Overlap5",8,"Mb-1037_52","ABR33","M. sacchariflorus",1,TRUE
"DM","Overlap5",8,"Mb-104","ABR33","M. x gig",1,TRUE
"DM","Overlap5",8,"Mb-1040_17","ABR33","M. sacchariflorus",1,TRUE
"DM","Overlap5",8,"Mb-1043_32","ABR33","M. sacchariflorus",1,TRUE
"DM","Overlap5",8,"Mb-1044_50","ABR33","M. sacchariflorus",1,TRUE
"DM","Overlap5",8,"Mb-1056_31","ABR33","M. sacchariflorus",0,TRUE
"DM","Overlap5",8,"Mb-1067_18","ABR33","M. sacchariflorus",0,TRUE
"DM","Overlap5",8,"Mb-1086_54","ABR33","M. x gig",1,TRUE
"DM","Overlap5",8,"Mb-109","ABR33","M. sinensis",1,TRUE
"DM","Overlap5",8,"Mb-110","ABR33","M. sinensis",1,TRUE
"DM","Overlap5",8,"Mb-111","ABR33","M. sinensis",1,TRUE
"DM","Overlap5",8,"Mb-113","ABR33","M. sinensis",1,TRUE
"DM","Overlap5",8,"Mb-1130_51","ABR33","M. x gig",1,TRUE
"DM","Overlap5",8,"Mb-1132_52","ABR33","M. x gig",1,TRUE
"DM","Overlap5",8,"Mb-1139_19","ABR33","M. sinensis",1,TRUE
"DM","Overlap5",8,"Mb-1147_12","ABR33","M. sinensis",1,TRUE
"DM","Overlap5",8,"Mb-115","ABR33","M. sinensis",0,TRUE
"DM","Overlap5",8,"Mb-1153_20","ABR33","M. sinensis",1,TRUE
"DM","Overlap5",8,"Mb-1155_33","ABR33","M. sacchariflorus",1,TRUE
"DM","Overlap5",8,"Mb-1156_13","ABR33","M. sinensis",1,TRUE
"DM","Overlap5",8,"Mb-1162_20","ABR33","M. sacchariflorus",1,TRUE
"DM","Overlap5",8,"Mb-1182_16","ABR33","M. sinensis",1,TRUE
"DM","Overlap5",8,"Mb-1205_12","ABR33","M. sinensis",0,TRUE
"DM","Overlap5",8,"Mb-1231_18","ABR33","M. sinensis",1,TRUE
"DM","Overlap5",8,"Mb-1238_1","ABR33","M. sinensis",1,TRUE
"DM","Overlap5",8,"Mb-1261_15","ABR33","M. sacchariflorus",1,TRUE
"DM","Overlap5",8,"Mb-1353_14","ABR33","M. sacchariflorus",1,TRUE
"DM","Overlap5",8,"Mb-14","ABR33","M. sinensis",1,TRUE
"DM","Overlap5",8,"Mb-140","ABR33","M. sacchariflorus",1,TRUE
"DM","Overlap5",8,"Mb-142","ABR33","M. sacchariflorus",1,TRUE
"DM","Overlap5",8,"Mb-144","ABR33","M. sacchariflorus",1,TRUE
"DM","Overlap5",8,"Mb-146","ABR33","M. sacchariflorus",1,TRUE
"DM","Overlap5",8,"Mb-147","ABR33","M. x gig",0,TRUE
"DM","Overlap5",8,"Mb-148","ABR33","M. x gig",1,TRUE
"DM","Overlap5",8,"Mb-1485_42","ABR33","M. x gig",1,TRUE
"DM","Overlap5",8,"Mb-1486_1","ABR33","M. x gig",0,TRUE
"DM","Overlap5",8,"Mb-149","ABR33","M. x gig",1,TRUE
"DM","Overlap5",8,"Mb-166","ABR33","M. sacchariflorus",1,TRUE
"DM","Overlap5",8,"Mb-167","ABR33","M. sinensis",1,TRUE
"DM","Overlap5",8,"Mb-177","ABR33","M. sacchariflorus",1,TRUE
"DM","Overlap5",8,"Mb-188","ABR33","M. x gig",0,TRUE
"DM","Overlap5",8,"Mb-2","ABR33","M. sinensis",1,TRUE
"DM","Overlap5",8,"Mb-221","ABR33","M. sinensis",0,TRUE
"DM","Overlap5",8,"Mb-226","ABR33","M. sacchariflorus",0,TRUE
"DM","Overlap5",8,"Mb-229","ABR33","M. sinensis",1,TRUE
"DM","Overlap5",8,"Mb-255","ABR33","M. sinensis",0,TRUE
"DM","Overlap5",8,"Mb-272","ABR33","M. sacchariflorus",0,TRUE
"DM","Overlap5",8,"Mb-297","ABR33","M. sacchariflorus",1,TRUE
"DM","Overlap5",8,"Mb-3","ABR33","M. sinensis",1,TRUE
"DM","Overlap5",8,"Mb-306","ABR33","M. sinensis",1,TRUE
"DM","Overlap5",8,"Mb-307","ABR33","M. x gig",0,TRUE
"DM","Overlap5",8,"Mb-308","ABR33","M. x gig",0,TRUE
"DM","Overlap5",8,"Mb-309","ABR33","M. x gig",1,TRUE
"DM","Overlap5",8,"Mb-31","ABR33","M. sinensis",1,TRUE
"DM","Overlap5",8,"Mb-310","ABR33","M. x gig",1,TRUE
"DM","Overlap5",8,"Mb-35","ABR33","M. sinensis",1,TRUE
"DM","Overlap5",8,"Mb-353","ABR33","M. sacchariflorus",1,TRUE
"DM","Overlap5",8,"Mb-37","ABR33","M. sinensis",1,TRUE
"DM","Overlap5",8,"Mb-383_1","ABR33","M. sacchariflorus",0,TRUE
"DM","Overlap5",8,"Mb-391","ABR33","M. sacchariflorus",0,TRUE
"DM","Overlap5",8,"Mb-393_1","ABR33","M. sacchariflorus",1,TRUE
"DM","Overlap5",8,"Mb-397","ABR33","M. sacchariflorus",1,TRUE
"DM","Overlap5",8,"Mb-399","ABR33","M. sacchariflorus",1,TRUE
"DM","Overlap5",8,"Mb-401","ABR33","M. sacchariflorus",1,TRUE
"DM","Overlap5",8,"Mb-411","ABR33","M. sacchariflorus",1,TRUE
"DM","Overlap5",8,"Mb-416","ABR33","M. sacchariflorus",1,TRUE
"DM","Overlap5",8,"Mb-425_1","ABR33","M. sacchariflorus",1,TRUE
"DM","Overlap5",8,"Mb-427_1","ABR33","M. sacchariflorus",1,TRUE
"DM","Overlap5",8,"Mb-431_1","ABR33","M. sacchariflorus",1,TRUE
"DM","Overlap5",8,"Mb-434_1","ABR33","M. sinensis",1,TRUE
"DM","Overlap5",8,"Mb-485_1","ABR33","M. sacchariflorus",1,TRUE
"DM","Overlap5",8,"Mb-486","ABR33","M. sacchariflorus",1,TRUE
"DM","Overlap5",8,"Mb-488_15","ABR33","M. sacchariflorus",0,TRUE
"DM","Overlap5",8,"Mb-490_10","ABR33","M. sacchariflorus",1,TRUE
"DM","Overlap5",8,"Mb-494_1","ABR33","M. sacchariflorus",1,TRUE
"DM","Overlap5",8,"Mb-498_1","ABR33","M. sacchariflorus",1,TRUE
"DM","Overlap5",8,"Mb-502_1","ABR33","M. sacchariflorus",1,TRUE
"DM","Overlap5",8,"Mb-505_1","ABR33","M. sacchariflorus",1,TRUE
"DM","Overlap5",8,"Mb-508","ABR33","M. sacchariflorus",1,TRUE
"DM","Overlap5",8,"Mb-526_13","ABR33","M. sinensis",1,TRUE
"DM","Overlap5",8,"Mb-527_1","ABR33","M. sinensis",0,TRUE
"DM","Overlap5",8,"Mb-533_1","ABR33","M. sinensis",1,TRUE
"DM","Overlap5",8,"Mb-539_1","ABR33","M. sinensis",1,TRUE
"DM","Overlap5",8,"Mb-585_1","ABR33","M. sinensis",1,TRUE
"DM","Overlap5",8,"Mb-628_1","ABR33","M. sacchariflorus",1,TRUE
"DM","Overlap5",8,"Mb-70","ABR33","M. sinensis",1,TRUE
"DM","Overlap5",8,"Mb-72","ABR33","M. x gig",1,TRUE
"DM","Overlap5",8,"Mb-74","ABR33","M. sinensis",1,TRUE
"DM","Overlap5",8,"Mb-76","ABR33","M. sacchariflorus",1,TRUE
"DM","Overlap5",8,"Mb-770_18","ABR33","M. sacchariflorus",1,TRUE
"DM","Overlap5",8,"Mb-779_14","ABR33","M. sacchariflorus",0,TRUE
"DM","Overlap5",8,"Mb-787_13","ABR33","M. sacchariflorus",1,TRUE
"DM","Overlap5",8,"Mb-810_11","ABR33","M. sacchariflorus",1,TRUE
"DM","Overlap5",8,"Mb-819_19","ABR33","M. sacchariflorus",1,TRUE
"DM","Overlap5",8,"Mb-851_1","ABR33","M. sinensis",1,TRUE
"DM","Overlap5",8,"Mb-86","ABR33","M. sinensis",0,TRUE
"DM","Overlap5",8,"Mb-884_1","ABR33","M. sacchariflorus",0,TRUE
"DM","Overlap5",8,"Mb-893_11","ABR33","M. sinensis",0,TRUE
"DM","Overlap5",8,"Mb-9","ABR33","M. sinensis",0,TRUE
"DM","Overlap5",8,"Mb-910_11","ABR33","M. sinensis",1,TRUE
"DM","Overlap5",8,"Mb-913_17","ABR33","M. sacchariflorus",1,TRUE
"DM","Overlap5",8,"Mb-914_13","ABR33","M. sinensis",1,TRUE
"DM","Overlap5",8,"Mb-928_18","ABR33","M. sinensis",0,TRUE
"DM","Overlap5",8,"Mb-930","ABR33","M. sinensis",1,TRUE
"DM","Overlap5",8,"Mb-931_12","ABR33","M. sinensis",0,TRUE
"DM","Overlap5",8,"Mb-933_11","ABR33","M. sinensis",1,TRUE
"DM","Overlap5",8,"Mb-935_13","ABR33","M. sinensis",1,TRUE
"DM","Overlap5",8,"Mb-94","ABR33","M. sacchariflorus",1,TRUE
"DM","Overlap5",8,"Mb-956_19","ABR33","M. sacchariflorus",1,TRUE
"DM","Overlap5",8,"Mb-958_19","ABR33","M. sacchariflorus",1,TRUE
"DM","Overlap5",8,"Mb-960_20","ABR33","M. sinensis",1,TRUE
"DM","Overlap5",8,"Mb-961_16","ABR33","M. sacchariflorus",0,TRUE
"DM","Overlap5",8,"Mb-965_15","ABR33","M. sacchariflorus",1,TRUE
"DM","Overlap5",8,"Mb-969_18","ABR33","M. sacchariflorus",1,TRUE
"DM","Overlap5",8,"Mb-974_19","ABR33","M. sinensis",1,TRUE
"DM","Overlap5",8,"Mb-99","ABR33","M. sinensis",1,TRUE
"DM","Overlap5",8,"Mx-1548_12","ABR33","M. x gig",1,TRUE
"DM","Overlap5",8,"Mx-1915_12","ABR33","M. x gig",1,TRUE
"DM","Overlap5",8,"Mx-1932_13","ABR33","M. x gig",1,TRUE
"DM","Overlap5",8,"Mx-1933_11","ABR33","M. x gig",1,TRUE
"DM","Overlap5",8,"Mx-1956_15","ABR33","M. x gig",1,TRUE
"DM","Overlap5",8,"Mx-2446_1","ABR33","M. x gig",1,TRUE
"DM","Overlap5",8,"Mx-2470_5","ABR33","M. sacchariflorus",1,TRUE
"DM","Overlap5",8,"Mx-437_90","ABR33","M. x gig",1,TRUE
"DM","Overlap5",8,"Mb-102","JKI","M. sinensis",1,TRUE
"DM","Overlap5",8,"Mb-1037_52","JKI","M. sacchariflorus",0,TRUE
"DM","Overlap5",8,"Mb-104","JKI","M. x gig",0,TRUE
"DM","Overlap5",8,"Mb-1040_17","JKI","M. sacchariflorus",1,TRUE
"DM","Overlap5",8,"Mb-1043_32","JKI","M. sacchariflorus",1,TRUE
"DM","Overlap5",8,"Mb-1044_50","JKI","M. sacchariflorus",1,TRUE
"DM","Overlap5",8,"Mb-1056_31","JKI","M. sacchariflorus",1,TRUE
"DM","Overlap5",8,"Mb-1067_18","JKI","M. sacchariflorus",1,TRUE
"DM","Overlap5",8,"Mb-1086_54","JKI","M. x gig",1,TRUE
"DM","Overlap5",8,"Mb-109","JKI","M. sinensis",1,TRUE
"DM","Overlap5",8,"Mb-110","JKI","M. sinensis",1,TRUE
"DM","Overlap5",8,"Mb-111","JKI","M. sinensis",1,TRUE
"DM","Overlap5",8,"Mb-113","JKI","M. sinensis",1,TRUE
"DM","Overlap5",8,"Mb-1130_51","JKI","M. x gig",1,TRUE
"DM","Overlap5",8,"Mb-1132_52","JKI","M. x gig",1,TRUE
"DM","Overlap5",8,"Mb-1139_19","JKI","M. sinensis",1,FALSE
"DM","Overlap5",8,"Mb-1147_12","JKI","M. sinensis",1,TRUE
"DM","Overlap5",8,"Mb-115","JKI","M. sinensis",1,TRUE
"DM","Overlap5",8,"Mb-1153_20","JKI","M. sinensis",1,TRUE
"DM","Overlap5",8,"Mb-1155_33","JKI","M. sacchariflorus",1,TRUE
"DM","Overlap5",8,"Mb-1156_13","JKI","M. sinensis",1,TRUE
"DM","Overlap5",8,"Mb-1162_20","JKI","M. sacchariflorus",1,TRUE
"DM","Overlap5",8,"Mb-1182_16","JKI","M. sinensis",1,TRUE
"DM","Overlap5",8,"Mb-1205_12","JKI","M. sinensis",1,TRUE
"DM","Overlap5",8,"Mb-1231_18","JKI","M. sinensis",1,TRUE
"DM","Overlap5",8,"Mb-1238_1","JKI","M. sinensis",0,TRUE
"DM","Overlap5",8,"Mb-1261_15","JKI","M. sacchariflorus",1,TRUE
"DM","Overlap5",8,"Mb-1353_14","JKI","M. sacchariflorus",1,TRUE
"DM","Overlap5",8,"Mb-14","JKI","M. sinensis",0,TRUE
"DM","Overlap5",8,"Mb-140","JKI","M. sacchariflorus",0,TRUE
"DM","Overlap5",8,"Mb-142","JKI","M. sacchariflorus",1,TRUE
"DM","Overlap5",8,"Mb-144","JKI","M. sacchariflorus",0,TRUE
"DM","Overlap5",8,"Mb-146","JKI","M. sacchariflorus",1,TRUE
"DM","Overlap5",8,"Mb-147","JKI","M. x gig",1,TRUE
"DM","Overlap5",8,"Mb-148","JKI","M. x gig",1,TRUE
"DM","Overlap5",8,"Mb-1485_42","JKI","M. x gig",1,TRUE
"DM","Overlap5",8,"Mb-1486_1","JKI","M. x gig",0,TRUE
"DM","Overlap5",8,"Mb-149","JKI","M. x gig",1,TRUE
"DM","Overlap5",8,"Mb-166","JKI","M. sacchariflorus",0,TRUE
"DM","Overlap5",8,"Mb-167","JKI","M. sinensis",1,TRUE
"DM","Overlap5",8,"Mb-177","JKI","M. sacchariflorus",0,TRUE
"DM","Overlap5",8,"Mb-188","JKI","M. x gig",1,TRUE
"DM","Overlap5",8,"Mb-2","JKI","M. sinensis",1,TRUE
"DM","Overlap5",8,"Mb-221","JKI","M. sinensis",1,TRUE
"DM","Overlap5",8,"Mb-226","JKI","M. sacchariflorus",1,TRUE
"DM","Overlap5",8,"Mb-229","JKI","M. sinensis",1,TRUE
"DM","Overlap5",8,"Mb-255","JKI","M. sinensis",1,TRUE
"DM","Overlap5",8,"Mb-272","JKI","M. sacchariflorus",1,TRUE
"DM","Overlap5",8,"Mb-297","JKI","M. sacchariflorus",1,TRUE
"DM","Overlap5",8,"Mb-3","JKI","M. sinensis",1,TRUE
"DM","Overlap5",8,"Mb-306","JKI","M. sinensis",1,TRUE
"DM","Overlap5",8,"Mb-307","JKI","M. x gig",1,TRUE
"DM","Overlap5",8,"Mb-308","JKI","M. x gig",0,TRUE
"DM","Overlap5",8,"Mb-309","JKI","M. x gig",1,TRUE
"DM","Overlap5",8,"Mb-31","JKI","M. sinensis",1,TRUE
"DM","Overlap5",8,"Mb-310","JKI","M. x gig",1,TRUE
"DM","Overlap5",8,"Mb-35","JKI","M. sinensis",0,TRUE
"DM","Overlap5",8,"Mb-353","JKI","M. sacchariflorus",0,TRUE
"DM","Overlap5",8,"Mb-37","JKI","M. sinensis",1,TRUE
"DM","Overlap5",8,"Mb-383_1","JKI","M. sacchariflorus",1,TRUE
"DM","Overlap5",8,"Mb-391","JKI","M. sacchariflorus",1,TRUE
"DM","Overlap5",8,"Mb-393_1","JKI","M. sacchariflorus",1,TRUE
"DM","Overlap5",8,"Mb-397","JKI","M. sacchariflorus",1,TRUE
"DM","Overlap5",8,"Mb-399","JKI","M. sacchariflorus",0,TRUE
"DM","Overlap5",8,"Mb-401","JKI","M. sacchariflorus",1,TRUE
"DM","Overlap5",8,"Mb-411","JKI","M. sacchariflorus",1,TRUE
"DM","Overlap5",8,"Mb-416","JKI","M. sacchariflorus",1,TRUE
"DM","Overlap5",8,"Mb-425_1","JKI","M. sacchariflorus",1,TRUE
"DM","Overlap5",8,"Mb-427_1","JKI","M. sacchariflorus",1,TRUE
"DM","Overlap5",8,"Mb-431_1","JKI","M. sacchariflorus",1,TRUE
"DM","Overlap5",8,"Mb-434_1","JKI","M. sinensis",1,TRUE
"DM","Overlap5",8,"Mb-485_1","JKI","M. sacchariflorus",1,TRUE
"DM","Overlap5",8,"Mb-486","JKI","M. sacchariflorus",1,TRUE
"DM","Overlap5",8,"Mb-488_15","JKI","M. sacchariflorus",1,TRUE
"DM","Overlap5",8,"Mb-490_10","JKI","M. sacchariflorus",1,TRUE
"DM","Overlap5",8,"Mb-494_1","JKI","M. sacchariflorus",1,TRUE
"DM","Overlap5",8,"Mb-498_1","JKI","M. sacchariflorus",1,TRUE
"DM","Overlap5",8,"Mb-502_1","JKI","M. sacchariflorus",1,TRUE
"DM","Overlap5",8,"Mb-505_1","JKI","M. sacchariflorus",1,TRUE
"DM","Overlap5",8,"Mb-508","JKI","M. sacchariflorus",0,TRUE
"DM","Overlap5",8,"Mb-526_13","JKI","M. sinensis",0,TRUE
"DM","Overlap5",8,"Mb-527_1","JKI","M. sinensis",1,TRUE
"DM","Overlap5",8,"Mb-533_1","JKI","M. sinensis",1,TRUE
"DM","Overlap5",8,"Mb-539_1","JKI","M. sinensis",1,TRUE
"DM","Overlap5",8,"Mb-585_1","JKI","M. sinensis",1,TRUE
"DM","Overlap5",8,"Mb-628_1","JKI","M. sacchariflorus",1,TRUE
"DM","Overlap5",8,"Mb-70","JKI","M. sinensis",1,TRUE
"DM","Overlap5",8,"Mb-72","JKI","M. x gig",0,TRUE
"DM","Overlap5",8,"Mb-74","JKI","M. sinensis",1,TRUE
"DM","Overlap5",8,"Mb-76","JKI","M. sacchariflorus",1,TRUE
"DM","Overlap5",8,"Mb-770_18","JKI","M. sacchariflorus",1,TRUE
"DM","Overlap5",8,"Mb-779_14","JKI","M. sacchariflorus",1,TRUE
"DM","Overlap5",8,"Mb-787_13","JKI","M. sacchariflorus",1,TRUE
"DM","Overlap5",8,"Mb-810_11","JKI","M. sacchariflorus",1,TRUE
"DM","Overlap5",8,"Mb-819_19","JKI","M. sacchariflorus",1,TRUE
"DM","Overlap5",8,"Mb-851_1","JKI","M. sinensis",1,TRUE
"DM","Overlap5",8,"Mb-86","JKI","M. sinensis",0,TRUE
"DM","Overlap5",8,"Mb-884_1","JKI","M. sacchariflorus",1,TRUE
"DM","Overlap5",8,"Mb-893_11","JKI","M. sinensis",1,TRUE
"DM","Overlap5",8,"Mb-9","JKI","M. sinensis",1,TRUE
"DM","Overlap5",8,"Mb-910_11","JKI","M. sinensis",0,TRUE
"DM","Overlap5",8,"Mb-913_17","JKI","M. sacchariflorus",1,TRUE
"DM","Overlap5",8,"Mb-914_13","JKI","M. sinensis",1,TRUE
"DM","Overlap5",8,"Mb-928_18","JKI","M. sinensis",0,TRUE
"DM","Overlap5",8,"Mb-930","JKI","M. sinensis",1,TRUE
"DM","Overlap5",8,"Mb-931_12","JKI","M. sinensis",1,TRUE
"DM","Overlap5",8,"Mb-933_11","JKI","M. sinensis",1,TRUE
"DM","Overlap5",8,"Mb-935_13","JKI","M. sinensis",1,TRUE
"DM","Overlap5",8,"Mb-94","JKI","M. sacchariflorus",0,TRUE
"DM","Overlap5",8,"Mb-956_19","JKI","M. sacchariflorus",1,TRUE
"DM","Overlap5",8,"Mb-958_19","JKI","M. sacchariflorus",0,TRUE
"DM","Overlap5",8,"Mb-960_20","JKI","M. sinensis",1,TRUE
"DM","Overlap5",8,"Mb-961_16","JKI","M. sacchariflorus",0,TRUE
"DM","Overlap5",8,"Mb-965_15","JKI","M. sacchariflorus",0,TRUE
"DM","Overlap5",8,"Mb-969_18","JKI","M. sacchariflorus",1,TRUE
"DM","Overlap5",8,"Mb-974_19","JKI","M. sinensis",1,TRUE
"DM","Overlap5",8,"Mb-99","JKI","M. sinensis",0,TRUE
"DM","Overlap5",8,"Mx-1548_12","JKI","M. x gig",1,TRUE
"DM","Overlap5",8,"Mx-1915_12","JKI","M. x gig",1,TRUE
"DM","Overlap5",8,"Mx-1932_13","JKI","M. x gig",1,TRUE
"DM","Overlap5",8,"Mx-1933_11","JKI","M. x gig",1,TRUE
"DM","Overlap5",8,"Mx-1956_15","JKI","M. x gig",1,TRUE
"DM","Overlap5",8,"Mx-2446_1","JKI","M. x gig",1,TRUE
"DM","Overlap5",8,"Mx-2470_5","JKI","M. sacchariflorus",1,TRUE
"DM","Overlap5",8,"Mx-437_90","JKI","M. x gig",0,TRUE
"DM","Overlap5",9,"Mb-102","ABR33","M. sinensis",1,TRUE
"DM","Overlap5",9,"Mb-1037_52","ABR33","M. sacchariflorus",1,TRUE
"DM","Overlap5",9,"Mb-104","ABR33","M. x gig",1,TRUE
"DM","Overlap5",9,"Mb-1040_17","ABR33","M. sacchariflorus",1,TRUE
"DM","Overlap5",9,"Mb-1043_32","ABR33","M. sacchariflorus",1,TRUE
"DM","Overlap5",9,"Mb-1044_50","ABR33","M. sacchariflorus",0,TRUE
"DM","Overlap5",9,"Mb-1056_31","ABR33","M. sacchariflorus",0,TRUE
"DM","Overlap5",9,"Mb-1067_18","ABR33","M. sacchariflorus",0,TRUE
"DM","Overlap5",9,"Mb-1086_54","ABR33","M. x gig",1,TRUE
"DM","Overlap5",9,"Mb-109","ABR33","M. sinensis",0,TRUE
"DM","Overlap5",9,"Mb-110","ABR33","M. sinensis",1,TRUE
"DM","Overlap5",9,"Mb-111","ABR33","M. sinensis",1,TRUE
"DM","Overlap5",9,"Mb-113","ABR33","M. sinensis",1,TRUE
"DM","Overlap5",9,"Mb-1130_51","ABR33","M. x gig",1,TRUE
"DM","Overlap5",9,"Mb-1132_52","ABR33","M. x gig",1,TRUE
"DM","Overlap5",9,"Mb-1139_19","ABR33","M. sinensis",1,TRUE
"DM","Overlap5",9,"Mb-1147_12","ABR33","M. sinensis",1,TRUE
"DM","Overlap5",9,"Mb-115","ABR33","M. sinensis",1,TRUE
"DM","Overlap5",9,"Mb-1153_20","ABR33","M. sinensis",0,TRUE
"DM","Overlap5",9,"Mb-1155_33","ABR33","M. sacchariflorus",0,TRUE
"DM","Overlap5",9,"Mb-1156_13","ABR33","M. sinensis",1,TRUE
"DM","Overlap5",9,"Mb-1162_20","ABR33","M. sacchariflorus",1,TRUE
"DM","Overlap5",9,"Mb-1182_16","ABR33","M. sinensis",1,TRUE
"DM","Overlap5",9,"Mb-1205_12","ABR33","M. sinensis",1,TRUE
"DM","Overlap5",9,"Mb-1231_18","ABR33","M. sinensis",0,TRUE
"DM","Overlap5",9,"Mb-1238_1","ABR33","M. sinensis",1,TRUE
"DM","Overlap5",9,"Mb-1261_15","ABR33","M. sacchariflorus",1,TRUE
"DM","Overlap5",9,"Mb-1353_14","ABR33","M. sacchariflorus",1,TRUE
"DM","Overlap5",9,"Mb-14","ABR33","M. sinensis",0,TRUE
"DM","Overlap5",9,"Mb-140","ABR33","M. sacchariflorus",1,TRUE
"DM","Overlap5",9,"Mb-142","ABR33","M. sacchariflorus",1,TRUE
"DM","Overlap5",9,"Mb-144","ABR33","M. sacchariflorus",1,TRUE
"DM","Overlap5",9,"Mb-146","ABR33","M. sacchariflorus",1,TRUE
"DM","Overlap5",9,"Mb-147","ABR33","M. x gig",0,TRUE
"DM","Overlap5",9,"Mb-148","ABR33","M. x gig",1,TRUE
"DM","Overlap5",9,"Mb-1485_42","ABR33","M. x gig",0,TRUE
"DM","Overlap5",9,"Mb-1486_1","ABR33","M. x gig",1,TRUE
"DM","Overlap5",9,"Mb-149","ABR33","M. x gig",1,TRUE
"DM","Overlap5",9,"Mb-166","ABR33","M. sacchariflorus",1,TRUE
"DM","Overlap5",9,"Mb-167","ABR33","M. sinensis",1,TRUE
"DM","Overlap5",9,"Mb-177","ABR33","M. sacchariflorus",0,TRUE
"DM","Overlap5",9,"Mb-188","ABR33","M. x gig",1,TRUE
"DM","Overlap5",9,"Mb-2","ABR33","M. sinensis",1,TRUE
"DM","Overlap5",9,"Mb-221","ABR33","M. sinensis",1,TRUE
"DM","Overlap5",9,"Mb-226","ABR33","M. sacchariflorus",0,TRUE
"DM","Overlap5",9,"Mb-229","ABR33","M. sinensis",1,TRUE
"DM","Overlap5",9,"Mb-255","ABR33","M. sinensis",1,TRUE
"DM","Overlap5",9,"Mb-272","ABR33","M. sacchariflorus",1,TRUE
"DM","Overlap5",9,"Mb-297","ABR33","M. sacchariflorus",1,TRUE
"DM","Overlap5",9,"Mb-3","ABR33","M. sinensis",1,TRUE
"DM","Overlap5",9,"Mb-306","ABR33","M. sinensis",1,TRUE
"DM","Overlap5",9,"Mb-307","ABR33","M. x gig",1,TRUE
"DM","Overlap5",9,"Mb-308","ABR33","M. x gig",1,TRUE
"DM","Overlap5",9,"Mb-309","ABR33","M. x gig",1,TRUE
"DM","Overlap5",9,"Mb-31","ABR33","M. sinensis",1,TRUE
"DM","Overlap5",9,"Mb-310","ABR33","M. x gig",1,TRUE
"DM","Overlap5",9,"Mb-35","ABR33","M. sinensis",1,TRUE
"DM","Overlap5",9,"Mb-353","ABR33","M. sacchariflorus",1,TRUE
"DM","Overlap5",9,"Mb-37","ABR33","M. sinensis",1,TRUE
"DM","Overlap5",9,"Mb-383_1","ABR33","M. sacchariflorus",1,TRUE
"DM","Overlap5",9,"Mb-391","ABR33","M. sacchariflorus",1,TRUE
"DM","Overlap5",9,"Mb-393_1","ABR33","M. sacchariflorus",0,TRUE
"DM","Overlap5",9,"Mb-397","ABR33","M. sacchariflorus",1,TRUE
"DM","Overlap5",9,"Mb-399","ABR33","M. sacchariflorus",1,TRUE
"DM","Overlap5",9,"Mb-401","ABR33","M. sacchariflorus",1,TRUE
"DM","Overlap5",9,"Mb-411","ABR33","M. sacchariflorus",1,TRUE
"DM","Overlap5",9,"Mb-416","ABR33","M. sacchariflorus",0,TRUE
"DM","Overlap5",9,"Mb-425_1","ABR33","M. sacchariflorus",1,TRUE
"DM","Overlap5",9,"Mb-427_1","ABR33","M. sacchariflorus",1,TRUE
"DM","Overlap5",9,"Mb-431_1","ABR33","M. sacchariflorus",1,TRUE
"DM","Overlap5",9,"Mb-434_1","ABR33","M. sinensis",1,TRUE
"DM","Overlap5",9,"Mb-485_1","ABR33","M. sacchariflorus",1,TRUE
"DM","Overlap5",9,"Mb-486","ABR33","M. sacchariflorus",1,TRUE
"DM","Overlap5",9,"Mb-488_15","ABR33","M. sacchariflorus",0,TRUE
"DM","Overlap5",9,"Mb-490_10","ABR33","M. sacchariflorus",1,TRUE
"DM","Overlap5",9,"Mb-494_1","ABR33","M. sacchariflorus",1,TRUE
"DM","Overlap5",9,"Mb-498_1","ABR33","M. sacchariflorus",1,TRUE
"DM","Overlap5",9,"Mb-502_1","ABR33","M. sacchariflorus",1,TRUE
"DM","Overlap5",9,"Mb-505_1","ABR33","M. sacchariflorus",1,TRUE
"DM","Overlap5",9,"Mb-508","ABR33","M. sacchariflorus",1,TRUE
"DM","Overlap5",9,"Mb-526_13","ABR33","M. sinensis",1,TRUE
"DM","Overlap5",9,"Mb-527_1","ABR33","M. sinensis",1,TRUE
"DM","Overlap5",9,"Mb-533_1","ABR33","M. sinensis",1,TRUE
"DM","Overlap5",9,"Mb-539_1","ABR33","M. sinensis",1,TRUE
"DM","Overlap5",9,"Mb-585_1","ABR33","M. sinensis",1,TRUE
"DM","Overlap5",9,"Mb-628_1","ABR33","M. sacchariflorus",1,TRUE
"DM","Overlap5",9,"Mb-70","ABR33","M. sinensis",1,TRUE
"DM","Overlap5",9,"Mb-72","ABR33","M. x gig",0,TRUE
"DM","Overlap5",9,"Mb-74","ABR33","M. sinensis",1,TRUE
"DM","Overlap5",9,"Mb-76","ABR33","M. sacchariflorus",0,TRUE
"DM","Overlap5",9,"Mb-770_18","ABR33","M. sacchariflorus",1,TRUE
"DM","Overlap5",9,"Mb-779_14","ABR33","M. sacchariflorus",1,TRUE
"DM","Overlap5",9,"Mb-787_13","ABR33","M. sacchariflorus",1,TRUE
"DM","Overlap5",9,"Mb-810_11","ABR33","M. sacchariflorus",0,TRUE
"DM","Overlap5",9,"Mb-819_19","ABR33","M. sacchariflorus",1,TRUE
"DM","Overlap5",9,"Mb-851_1","ABR33","M. sinensis",1,TRUE
"DM","Overlap5",9,"Mb-86","ABR33","M. sinensis",1,TRUE
"DM","Overlap5",9,"Mb-884_1","ABR33","M. sacchariflorus",1,TRUE
"DM","Overlap5",9,"Mb-893_11","ABR33","M. sinensis",1,TRUE
"DM","Overlap5",9,"Mb-9","ABR33","M. sinensis",1,TRUE
"DM","Overlap5",9,"Mb-910_11","ABR33","M. sinensis",1,TRUE
"DM","Overlap5",9,"Mb-913_17","ABR33","M. sacchariflorus",1,TRUE
"DM","Overlap5",9,"Mb-914_13","ABR33","M. sinensis",1,TRUE
"DM","Overlap5",9,"Mb-928_18","ABR33","M. sinensis",1,TRUE
"DM","Overlap5",9,"Mb-930","ABR33","M. sinensis",0,TRUE
"DM","Overlap5",9,"Mb-931_12","ABR33","M. sinensis",1,TRUE
"DM","Overlap5",9,"Mb-933_11","ABR33","M. sinensis",1,TRUE
"DM","Overlap5",9,"Mb-935_13","ABR33","M. sinensis",1,TRUE
"DM","Overlap5",9,"Mb-94","ABR33","M. sacchariflorus",1,TRUE
"DM","Overlap5",9,"Mb-956_19","ABR33","M. sacchariflorus",1,TRUE
"DM","Overlap5",9,"Mb-958_19","ABR33","M. sacchariflorus",0,TRUE
"DM","Overlap5",9,"Mb-960_20","ABR33","M. sinensis",1,TRUE
"DM","Overlap5",9,"Mb-961_16","ABR33","M. sacchariflorus",1,TRUE
"DM","Overlap5",9,"Mb-965_15","ABR33","M. sacchariflorus",1,TRUE
"DM","Overlap5",9,"Mb-969_18","ABR33","M. sacchariflorus",1,TRUE
"DM","Overlap5",9,"Mb-974_19","ABR33","M. sinensis",1,TRUE
"DM","Overlap5",9,"Mb-99","ABR33","M. sinensis",0,TRUE
"DM","Overlap5",9,"Mx-1548_12","ABR33","M. x gig",1,TRUE
"DM","Overlap5",9,"Mx-1915_12","ABR33","M. x gig",1,TRUE
"DM","Overlap5",9,"Mx-1932_13","ABR33","M. x gig",1,TRUE
"DM","Overlap5",9,"Mx-1933_11","ABR33","M. x gig",1,TRUE
"DM","Overlap5",9,"Mx-1956_15","ABR33","M. x gig",0,TRUE
"DM","Overlap5",9,"Mx-2446_1","ABR33","M. x gig",0,TRUE
"DM","Overlap5",9,"Mx-2470_5","ABR33","M. sacchariflorus",0,TRUE
"DM","Overlap5",9,"Mx-437_90","ABR33","M. x gig",0,TRUE
"DM","Overlap5",9,"Mb-102","JKI","M. sinensis",1,TRUE
"DM","Overlap5",9,"Mb-1037_52","JKI","M. sacchariflorus",1,TRUE
"DM","Overlap5",9,"Mb-104","JKI","M. x gig",1,TRUE
"DM","Overlap5",9,"Mb-1040_17","JKI","M. sacchariflorus",1,TRUE
"DM","Overlap5",9,"Mb-1043_32","JKI","M. sacchariflorus",1,TRUE
"DM","Overlap5",9,"Mb-1044_50","JKI","M. sacchariflorus",0,TRUE
"DM","Overlap5",9,"Mb-1056_31","JKI","M. sacchariflorus",1,TRUE
"DM","Overlap5",9,"Mb-1067_18","JKI","M. sacchariflorus",0,TRUE
"DM","Overlap5",9,"Mb-1086_54","JKI","M. x gig",1,TRUE
"DM","Overlap5",9,"Mb-109","JKI","M. sinensis",1,TRUE
"DM","Overlap5",9,"Mb-110","JKI","M. sinensis",1,TRUE
"DM","Overlap5",9,"Mb-111","JKI","M. sinensis",1,TRUE
"DM","Overlap5",9,"Mb-113","JKI","M. sinensis",1,TRUE
"DM","Overlap5",9,"Mb-1130_51","JKI","M. x gig",0,TRUE
"DM","Overlap5",9,"Mb-1132_52","JKI","M. x gig",1,TRUE
"DM","Overlap5",9,"Mb-1139_19","JKI","M. sinensis",1,FALSE
"DM","Overlap5",9,"Mb-1147_12","JKI","M. sinensis",0,TRUE
"DM","Overlap5",9,"Mb-115","JKI","M. sinensis",1,TRUE
"DM","Overlap5",9,"Mb-1153_20","JKI","M. sinensis",1,TRUE
"DM","Overlap5",9,"Mb-1155_33","JKI","M. sacchariflorus",1,TRUE
"DM","Overlap5",9,"Mb-1156_13","JKI","M. sinensis",1,TRUE
"DM","Overlap5",9,"Mb-1162_20","JKI","M. sacchariflorus",0,TRUE
"DM","Overlap5",9,"Mb-1182_16","JKI","M. sinensis",0,TRUE
"DM","Overlap5",9,"Mb-1205_12","JKI","M. sinensis",1,TRUE
"DM","Overlap5",9,"Mb-1231_18","JKI","M. sinensis",0,TRUE
"DM","Overlap5",9,"Mb-1238_1","JKI","M. sinensis",0,TRUE
"DM","Overlap5",9,"Mb-1261_15","JKI","M. sacchariflorus",1,TRUE
"DM","Overlap5",9,"Mb-1353_14","JKI","M. sacchariflorus",0,TRUE
"DM","Overlap5",9,"Mb-14","JKI","M. sinensis",1,TRUE
"DM","Overlap5",9,"Mb-140","JKI","M. sacchariflorus",1,TRUE
"DM","Overlap5",9,"Mb-142","JKI","M. sacchariflorus",0,TRUE
"DM","Overlap5",9,"Mb-144","JKI","M. sacchariflorus",1,TRUE
"DM","Overlap5",9,"Mb-146","JKI","M. sacchariflorus",1,TRUE
"DM","Overlap5",9,"Mb-147","JKI","M. x gig",1,TRUE
"DM","Overlap5",9,"Mb-148","JKI","M. x gig",1,TRUE
"DM","Overlap5",9,"Mb-1485_42","JKI","M. x gig",1,TRUE
"DM","Overlap5",9,"Mb-1486_1","JKI","M. x gig",1,TRUE
"DM","Overlap5",9,"Mb-149","JKI","M. x gig",1,TRUE
"DM","Overlap5",9,"Mb-166","JKI","M. sacchariflorus",1,TRUE
"DM","Overlap5",9,"Mb-167","JKI","M. sinensis",1,TRUE
"DM","Overlap5",9,"Mb-177","JKI","M. sacchariflorus",1,TRUE
"DM","Overlap5",9,"Mb-188","JKI","M. x gig",1,TRUE
"DM","Overlap5",9,"Mb-2","JKI","M. sinensis",1,TRUE
"DM","Overlap5",9,"Mb-221","JKI","M. sinensis",1,TRUE
"DM","Overlap5",9,"Mb-226","JKI","M. sacchariflorus",1,TRUE
"DM","Overlap5",9,"Mb-229","JKI","M. sinensis",1,TRUE
"DM","Overlap5",9,"Mb-255","JKI","M. sinensis",1,TRUE
"DM","Overlap5",9,"Mb-272","JKI","M. sacchariflorus",1,TRUE
"DM","Overlap5",9,"Mb-297","JKI","M. sacchariflorus",1,TRUE
"DM","Overlap5",9,"Mb-3","JKI","M. sinensis",0,TRUE
"DM","Overlap5",9,"Mb-306","JKI","M. sinensis",1,TRUE
"DM","Overlap5",9,"Mb-307","JKI","M. x gig",1,TRUE
"DM","Overlap5",9,"Mb-308","JKI","M. x gig",1,TRUE
"DM","Overlap5",9,"Mb-309","JKI","M. x gig",1,TRUE
"DM","Overlap5",9,"Mb-31","JKI","M. sinensis",0,TRUE
"DM","Overlap5",9,"Mb-310","JKI","M. x gig",0,TRUE
"DM","Overlap5",9,"Mb-35","JKI","M. sinensis",1,TRUE
"DM","Overlap5",9,"Mb-353","JKI","M. sacchariflorus",1,TRUE
"DM","Overlap5",9,"Mb-37","JKI","M. sinensis",1,TRUE
"DM","Overlap5",9,"Mb-383_1","JKI","M. sacchariflorus",1,TRUE
"DM","Overlap5",9,"Mb-391","JKI","M. sacchariflorus",1,TRUE
"DM","Overlap5",9,"Mb-393_1","JKI","M. sacchariflorus",1,TRUE
"DM","Overlap5",9,"Mb-397","JKI","M. sacchariflorus",0,TRUE
"DM","Overlap5",9,"Mb-399","JKI","M. sacchariflorus",0,TRUE
"DM","Overlap5",9,"Mb-401","JKI","M. sacchariflorus",1,TRUE
"DM","Overlap5",9,"Mb-411","JKI","M. sacchariflorus",1,TRUE
"DM","Overlap5",9,"Mb-416","JKI","M. sacchariflorus",1,TRUE
"DM","Overlap5",9,"Mb-425_1","JKI","M. sacchariflorus",1,TRUE
"DM","Overlap5",9,"Mb-427_1","JKI","M. sacchariflorus",0,TRUE
"DM","Overlap5",9,"Mb-431_1","JKI","M. sacchariflorus",1,TRUE
"DM","Overlap5",9,"Mb-434_1","JKI","M. sinensis",1,TRUE
"DM","Overlap5",9,"Mb-485_1","JKI","M. sacchariflorus",1,TRUE
"DM","Overlap5",9,"Mb-486","JKI","M. sacchariflorus",1,TRUE
"DM","Overlap5",9,"Mb-488_15","JKI","M. sacchariflorus",1,TRUE
"DM","Overlap5",9,"Mb-490_10","JKI","M. sacchariflorus",1,TRUE
"DM","Overlap5",9,"Mb-494_1","JKI","M. sacchariflorus",1,TRUE
"DM","Overlap5",9,"Mb-498_1","JKI","M. sacchariflorus",0,TRUE
"DM","Overlap5",9,"Mb-502_1","JKI","M. sacchariflorus",1,TRUE
"DM","Overlap5",9,"Mb-505_1","JKI","M. sacchariflorus",1,TRUE
"DM","Overlap5",9,"Mb-508","JKI","M. sacchariflorus",1,TRUE
"DM","Overlap5",9,"Mb-526_13","JKI","M. sinensis",0,TRUE
"DM","Overlap5",9,"Mb-527_1","JKI","M. sinensis",1,TRUE
"DM","Overlap5",9,"Mb-533_1","JKI","M. sinensis",1,TRUE
"DM","Overlap5",9,"Mb-539_1","JKI","M. sinensis",1,TRUE
"DM","Overlap5",9,"Mb-585_1","JKI","M. sinensis",0,TRUE
"DM","Overlap5",9,"Mb-628_1","JKI","M. sacchariflorus",1,TRUE
"DM","Overlap5",9,"Mb-70","JKI","M. sinensis",1,TRUE
"DM","Overlap5",9,"Mb-72","JKI","M. x gig",0,TRUE
"DM","Overlap5",9,"Mb-74","JKI","M. sinensis",0,TRUE
"DM","Overlap5",9,"Mb-76","JKI","M. sacchariflorus",1,TRUE
"DM","Overlap5",9,"Mb-770_18","JKI","M. sacchariflorus",1,TRUE
"DM","Overlap5",9,"Mb-779_14","JKI","M. sacchariflorus",0,TRUE
"DM","Overlap5",9,"Mb-787_13","JKI","M. sacchariflorus",1,TRUE
"DM","Overlap5",9,"Mb-810_11","JKI","M. sacchariflorus",1,TRUE
"DM","Overlap5",9,"Mb-819_19","JKI","M. sacchariflorus",0,TRUE
"DM","Overlap5",9,"Mb-851_1","JKI","M. sinensis",1,TRUE
"DM","Overlap5",9,"Mb-86","JKI","M. sinensis",1,TRUE
"DM","Overlap5",9,"Mb-884_1","JKI","M. sacchariflorus",0,TRUE
"DM","Overlap5",9,"Mb-893_11","JKI","M. sinensis",1,TRUE
"DM","Overlap5",9,"Mb-9","JKI","M. sinensis",1,TRUE
"DM","Overlap5",9,"Mb-910_11","JKI","M. sinensis",1,TRUE
"DM","Overlap5",9,"Mb-913_17","JKI","M. sacchariflorus",1,TRUE
"DM","Overlap5",9,"Mb-914_13","JKI","M. sinensis",1,TRUE
"DM","Overlap5",9,"Mb-928_18","JKI","M. sinensis",1,TRUE
"DM","Overlap5",9,"Mb-930","JKI","M. sinensis",1,TRUE
"DM","Overlap5",9,"Mb-931_12","JKI","M. sinensis",1,TRUE
"DM","Overlap5",9,"Mb-933_11","JKI","M. sinensis",1,TRUE
"DM","Overlap5",9,"Mb-935_13","JKI","M. sinensis",1,TRUE
"DM","Overlap5",9,"Mb-94","JKI","M. sacchariflorus",1,TRUE
"DM","Overlap5",9,"Mb-956_19","JKI","M. sacchariflorus",1,TRUE
"DM","Overlap5",9,"Mb-958_19","JKI","M. sacchariflorus",1,TRUE
"DM","Overlap5",9,"Mb-960_20","JKI","M. sinensis",1,TRUE
"DM","Overlap5",9,"Mb-961_16","JKI","M. sacchariflorus",1,TRUE
"DM","Overlap5",9,"Mb-965_15","JKI","M. sacchariflorus",1,TRUE
"DM","Overlap5",9,"Mb-969_18","JKI","M. sacchariflorus",1,TRUE
"DM","Overlap5",9,"Mb-974_19","JKI","M. sinensis",1,TRUE
"DM","Overlap5",9,"Mb-99","JKI","M. sinensis",1,TRUE
"DM","Overlap5",9,"Mx-1548_12","JKI","M. x gig",1,TRUE
"DM","Overlap5",9,"Mx-1915_12","JKI","M. x gig",1,TRUE
"DM","Overlap5",9,"Mx-1932_13","JKI","M. x gig",1,TRUE
"DM","Overlap5",9,"Mx-1933_11","JKI","M. x gig",1,TRUE
"DM","Overlap5",9,"Mx-1956_15","JKI","M. x gig",0,TRUE
"DM","Overlap5",9,"Mx-2446_1","JKI","M. x gig",1,TRUE
"DM","Overlap5",9,"Mx-2470_5","JKI","M. sacchariflorus",1,TRUE
"DM","Overlap5",9,"Mx-437_90","JKI","M. x gig",1,TRUE
"DM","Overlap5",10,"Mb-102","ABR33","M. sinensis",1,TRUE
"DM","Overlap5",10,"Mb-1037_52","ABR33","M. sacchariflorus",1,TRUE
"DM","Overlap5",10,"Mb-104","ABR33","M. x gig",1,TRUE
"DM","Overlap5",10,"Mb-1040_17","ABR33","M. sacchariflorus",1,TRUE
"DM","Overlap5",10,"Mb-1043_32","ABR33","M. sacchariflorus",1,TRUE
"DM","Overlap5",10,"Mb-1044_50","ABR33","M. sacchariflorus",1,TRUE
"DM","Overlap5",10,"Mb-1056_31","ABR33","M. sacchariflorus",1,TRUE
"DM","Overlap5",10,"Mb-1067_18","ABR33","M. sacchariflorus",1,TRUE
"DM","Overlap5",10,"Mb-1086_54","ABR33","M. x gig",1,TRUE
"DM","Overlap5",10,"Mb-109","ABR33","M. sinensis",1,TRUE
"DM","Overlap5",10,"Mb-110","ABR33","M. sinensis",1,TRUE
"DM","Overlap5",10,"Mb-111","ABR33","M. sinensis",1,TRUE
"DM","Overlap5",10,"Mb-113","ABR33","M. sinensis",1,TRUE
"DM","Overlap5",10,"Mb-1130_51","ABR33","M. x gig",0,TRUE
"DM","Overlap5",10,"Mb-1132_52","ABR33","M. x gig",1,TRUE
"DM","Overlap5",10,"Mb-1139_19","ABR33","M. sinensis",1,TRUE
"DM","Overlap5",10,"Mb-1147_12","ABR33","M. sinensis",1,TRUE
"DM","Overlap5",10,"Mb-115","ABR33","M. sinensis",1,TRUE
"DM","Overlap5",10,"Mb-1153_20","ABR33","M. sinensis",1,TRUE
"DM","Overlap5",10,"Mb-1155_33","ABR33","M. sacchariflorus",0,TRUE
"DM","Overlap5",10,"Mb-1156_13","ABR33","M. sinensis",0,TRUE
"DM","Overlap5",10,"Mb-1162_20","ABR33","M. sacchariflorus",1,TRUE
"DM","Overlap5",10,"Mb-1182_16","ABR33","M. sinensis",1,TRUE
"DM","Overlap5",10,"Mb-1205_12","ABR33","M. sinensis",1,TRUE
"DM","Overlap5",10,"Mb-1231_18","ABR33","M. sinensis",1,TRUE
"DM","Overlap5",10,"Mb-1238_1","ABR33","M. sinensis",1,TRUE
"DM","Overlap5",10,"Mb-1261_15","ABR33","M. sacchariflorus",1,TRUE
"DM","Overlap5",10,"Mb-1353_14","ABR33","M. sacchariflorus",0,TRUE
"DM","Overlap5",10,"Mb-14","ABR33","M. sinensis",1,TRUE
"DM","Overlap5",10,"Mb-140","ABR33","M. sacchariflorus",1,TRUE
"DM","Overlap5",10,"Mb-142","ABR33","M. sacchariflorus",0,TRUE
"DM","Overlap5",10,"Mb-144","ABR33","M. sacchariflorus",0,TRUE
"DM","Overlap5",10,"Mb-146","ABR33","M. sacchariflorus",1,TRUE
"DM","Overlap5",10,"Mb-147","ABR33","M. x gig",1,TRUE
"DM","Overlap5",10,"Mb-148","ABR33","M. x gig",1,TRUE
"DM","Overlap5",10,"Mb-1485_42","ABR33","M. x gig",1,TRUE
"DM","Overlap5",10,"Mb-1486_1","ABR33","M. x gig",1,TRUE
"DM","Overlap5",10,"Mb-149","ABR33","M. x gig",0,TRUE
"DM","Overlap5",10,"Mb-166","ABR33","M. sacchariflorus",1,TRUE
"DM","Overlap5",10,"Mb-167","ABR33","M. sinensis",1,TRUE
"DM","Overlap5",10,"Mb-177","ABR33","M. sacchariflorus",0,TRUE
"DM","Overlap5",10,"Mb-188","ABR33","M. x gig",1,TRUE
"DM","Overlap5",10,"Mb-2","ABR33","M. sinensis",1,TRUE
"DM","Overlap5",10,"Mb-221","ABR33","M. sinensis",1,TRUE
"DM","Overlap5",10,"Mb-226","ABR33","M. sacchariflorus",0,TRUE
"DM","Overlap5",10,"Mb-229","ABR33","M. sinensis",1,TRUE
"DM","Overlap5",10,"Mb-255","ABR33","M. sinensis",0,TRUE
"DM","Overlap5",10,"Mb-272","ABR33","M. sacchariflorus",1,TRUE
"DM","Overlap5",10,"Mb-297","ABR33","M. sacchariflorus",1,TRUE
"DM","Overlap5",10,"Mb-3","ABR33","M. sinensis",1,TRUE
"DM","Overlap5",10,"Mb-306","ABR33","M. sinensis",1,TRUE
"DM","Overlap5",10,"Mb-307","ABR33","M. x gig",0,TRUE
"DM","Overlap5",10,"Mb-308","ABR33","M. x gig",1,TRUE
"DM","Overlap5",10,"Mb-309","ABR33","M. x gig",1,TRUE
"DM","Overlap5",10,"Mb-31","ABR33","M. sinensis",0,TRUE
"DM","Overlap5",10,"Mb-310","ABR33","M. x gig",1,TRUE
"DM","Overlap5",10,"Mb-35","ABR33","M. sinensis",1,TRUE
"DM","Overlap5",10,"Mb-353","ABR33","M. sacchariflorus",1,TRUE
"DM","Overlap5",10,"Mb-37","ABR33","M. sinensis",1,TRUE
"DM","Overlap5",10,"Mb-383_1","ABR33","M. sacchariflorus",1,TRUE
"DM","Overlap5",10,"Mb-391","ABR33","M. sacchariflorus",0,TRUE
"DM","Overlap5",10,"Mb-393_1","ABR33","M. sacchariflorus",1,TRUE
"DM","Overlap5",10,"Mb-397","ABR33","M. sacchariflorus",1,TRUE
"DM","Overlap5",10,"Mb-399","ABR33","M. sacchariflorus",1,TRUE
"DM","Overlap5",10,"Mb-401","ABR33","M. sacchariflorus",1,TRUE
"DM","Overlap5",10,"Mb-411","ABR33","M. sacchariflorus",1,TRUE
"DM","Overlap5",10,"Mb-416","ABR33","M. sacchariflorus",0,TRUE
"DM","Overlap5",10,"Mb-425_1","ABR33","M. sacchariflorus",1,TRUE
"DM","Overlap5",10,"Mb-427_1","ABR33","M. sacchariflorus",1,TRUE
"DM","Overlap5",10,"Mb-431_1","ABR33","M. sacchariflorus",1,TRUE
"DM","Overlap5",10,"Mb-434_1","ABR33","M. sinensis",0,TRUE
"DM","Overlap5",10,"Mb-485_1","ABR33","M. sacchariflorus",1,TRUE
"DM","Overlap5",10,"Mb-486","ABR33","M. sacchariflorus",0,TRUE
"DM","Overlap5",10,"Mb-488_15","ABR33","M. sacchariflorus",1,TRUE
"DM","Overlap5",10,"Mb-490_10","ABR33","M. sacchariflorus",1,TRUE
"DM","Overlap5",10,"Mb-494_1","ABR33","M. sacchariflorus",1,TRUE
"DM","Overlap5",10,"Mb-498_1","ABR33","M. sacchariflorus",1,TRUE
"DM","Overlap5",10,"Mb-502_1","ABR33","M. sacchariflorus",1,TRUE
"DM","Overlap5",10,"Mb-505_1","ABR33","M. sacchariflorus",1,TRUE
"DM","Overlap5",10,"Mb-508","ABR33","M. sacchariflorus",1,TRUE
"DM","Overlap5",10,"Mb-526_13","ABR33","M. sinensis",0,TRUE
"DM","Overlap5",10,"Mb-527_1","ABR33","M. sinensis",1,TRUE
"DM","Overlap5",10,"Mb-533_1","ABR33","M. sinensis",1,TRUE
"DM","Overlap5",10,"Mb-539_1","ABR33","M. sinensis",1,TRUE
"DM","Overlap5",10,"Mb-585_1","ABR33","M. sinensis",1,TRUE
"DM","Overlap5",10,"Mb-628_1","ABR33","M. sacchariflorus",1,TRUE
"DM","Overlap5",10,"Mb-70","ABR33","M. sinensis",0,TRUE
"DM","Overlap5",10,"Mb-72","ABR33","M. x gig",0,TRUE
"DM","Overlap5",10,"Mb-74","ABR33","M. sinensis",1,TRUE
"DM","Overlap5",10,"Mb-76","ABR33","M. sacchariflorus",1,TRUE
"DM","Overlap5",10,"Mb-770_18","ABR33","M. sacchariflorus",1,TRUE
"DM","Overlap5",10,"Mb-779_14","ABR33","M. sacchariflorus",0,TRUE
"DM","Overlap5",10,"Mb-787_13","ABR33","M. sacchariflorus",1,TRUE
"DM","Overlap5",10,"Mb-810_11","ABR33","M. sacchariflorus",1,TRUE
"DM","Overlap5",10,"Mb-819_19","ABR33","M. sacchariflorus",1,TRUE
"DM","Overlap5",10,"Mb-851_1","ABR33","M. sinensis",1,TRUE
"DM","Overlap5",10,"Mb-86","ABR33","M. sinensis",1,TRUE
"DM","Overlap5",10,"Mb-884_1","ABR33","M. sacchariflorus",1,TRUE
"DM","Overlap5",10,"Mb-893_11","ABR33","M. sinensis",0,TRUE
"DM","Overlap5",10,"Mb-9","ABR33","M. sinensis",1,TRUE
"DM","Overlap5",10,"Mb-910_11","ABR33","M. sinensis",1,TRUE
"DM","Overlap5",10,"Mb-913_17","ABR33","M. sacchariflorus",1,TRUE
"DM","Overlap5",10,"Mb-914_13","ABR33","M. sinensis",1,TRUE
"DM","Overlap5",10,"Mb-928_18","ABR33","M. sinensis",1,TRUE
"DM","Overlap5",10,"Mb-930","ABR33","M. sinensis",1,TRUE
"DM","Overlap5",10,"Mb-931_12","ABR33","M. sinensis",1,TRUE
"DM","Overlap5",10,"Mb-933_11","ABR33","M. sinensis",1,TRUE
"DM","Overlap5",10,"Mb-935_13","ABR33","M. sinensis",1,TRUE
"DM","Overlap5",10,"Mb-94","ABR33","M. sacchariflorus",0,TRUE
"DM","Overlap5",10,"Mb-956_19","ABR33","M. sacchariflorus",1,TRUE
"DM","Overlap5",10,"Mb-958_19","ABR33","M. sacchariflorus",0,TRUE
"DM","Overlap5",10,"Mb-960_20","ABR33","M. sinensis",1,TRUE
"DM","Overlap5",10,"Mb-961_16","ABR33","M. sacchariflorus",1,TRUE
"DM","Overlap5",10,"Mb-965_15","ABR33","M. sacchariflorus",0,TRUE
"DM","Overlap5",10,"Mb-969_18","ABR33","M. sacchariflorus",1,TRUE
"DM","Overlap5",10,"Mb-974_19","ABR33","M. sinensis",1,TRUE
"DM","Overlap5",10,"Mb-99","ABR33","M. sinensis",1,TRUE
"DM","Overlap5",10,"Mx-1548_12","ABR33","M. x gig",1,TRUE
"DM","Overlap5",10,"Mx-1915_12","ABR33","M. x gig",1,TRUE
"DM","Overlap5",10,"Mx-1932_13","ABR33","M. x gig",1,TRUE
"DM","Overlap5",10,"Mx-1933_11","ABR33","M. x gig",1,TRUE
"DM","Overlap5",10,"Mx-1956_15","ABR33","M. x gig",1,TRUE
"DM","Overlap5",10,"Mx-2446_1","ABR33","M. x gig",0,TRUE
"DM","Overlap5",10,"Mx-2470_5","ABR33","M. sacchariflorus",1,TRUE
"DM","Overlap5",10,"Mx-437_90","ABR33","M. x gig",1,TRUE
"DM","Overlap5",10,"Mb-102","JKI","M. sinensis",1,TRUE
"DM","Overlap5",10,"Mb-1037_52","JKI","M. sacchariflorus",1,TRUE
"DM","Overlap5",10,"Mb-104","JKI","M. x gig",1,TRUE
"DM","Overlap5",10,"Mb-1040_17","JKI","M. sacchariflorus",1,TRUE
"DM","Overlap5",10,"Mb-1043_32","JKI","M. sacchariflorus",1,TRUE
"DM","Overlap5",10,"Mb-1044_50","JKI","M. sacchariflorus",1,TRUE
"DM","Overlap5",10,"Mb-1056_31","JKI","M. sacchariflorus",0,TRUE
"DM","Overlap5",10,"Mb-1067_18","JKI","M. sacchariflorus",0,TRUE
"DM","Overlap5",10,"Mb-1086_54","JKI","M. x gig",1,TRUE
"DM","Overlap5",10,"Mb-109","JKI","M. sinensis",1,TRUE
"DM","Overlap5",10,"Mb-110","JKI","M. sinensis",1,TRUE
"DM","Overlap5",10,"Mb-111","JKI","M. sinensis",1,TRUE
"DM","Overlap5",10,"Mb-113","JKI","M. sinensis",1,TRUE
"DM","Overlap5",10,"Mb-1130_51","JKI","M. x gig",1,TRUE
"DM","Overlap5",10,"Mb-1132_52","JKI","M. x gig",1,TRUE
"DM","Overlap5",10,"Mb-1139_19","JKI","M. sinensis",1,FALSE
"DM","Overlap5",10,"Mb-1147_12","JKI","M. sinensis",1,TRUE
"DM","Overlap5",10,"Mb-115","JKI","M. sinensis",1,TRUE
"DM","Overlap5",10,"Mb-1153_20","JKI","M. sinensis",1,TRUE
"DM","Overlap5",10,"Mb-1155_33","JKI","M. sacchariflorus",1,TRUE
"DM","Overlap5",10,"Mb-1156_13","JKI","M. sinensis",1,TRUE
"DM","Overlap5",10,"Mb-1162_20","JKI","M. sacchariflorus",1,TRUE
"DM","Overlap5",10,"Mb-1182_16","JKI","M. sinensis",1,TRUE
"DM","Overlap5",10,"Mb-1205_12","JKI","M. sinensis",1,TRUE
"DM","Overlap5",10,"Mb-1231_18","JKI","M. sinensis",1,TRUE
"DM","Overlap5",10,"Mb-1238_1","JKI","M. sinensis",1,TRUE
"DM","Overlap5",10,"Mb-1261_15","JKI","M. sacchariflorus",1,TRUE
"DM","Overlap5",10,"Mb-1353_14","JKI","M. sacchariflorus",1,TRUE
"DM","Overlap5",10,"Mb-14","JKI","M. sinensis",1,TRUE
"DM","Overlap5",10,"Mb-140","JKI","M. sacchariflorus",0,TRUE
"DM","Overlap5",10,"Mb-142","JKI","M. sacchariflorus",1,TRUE
"DM","Overlap5",10,"Mb-144","JKI","M. sacchariflorus",1,TRUE
"DM","Overlap5",10,"Mb-146","JKI","M. sacchariflorus",0,TRUE
"DM","Overlap5",10,"Mb-147","JKI","M. x gig",1,TRUE
"DM","Overlap5",10,"Mb-148","JKI","M. x gig",1,TRUE
"DM","Overlap5",10,"Mb-1485_42","JKI","M. x gig",1,TRUE
"DM","Overlap5",10,"Mb-1486_1","JKI","M. x gig",1,TRUE
"DM","Overlap5",10,"Mb-149","JKI","M. x gig",0,TRUE
"DM","Overlap5",10,"Mb-166","JKI","M. sacchariflorus",1,TRUE
"DM","Overlap5",10,"Mb-167","JKI","M. sinensis",1,TRUE
"DM","Overlap5",10,"Mb-177","JKI","M. sacchariflorus",0,TRUE
"DM","Overlap5",10,"Mb-188","JKI","M. x gig",0,TRUE
"DM","Overlap5",10,"Mb-2","JKI","M. sinensis",1,TRUE
"DM","Overlap5",10,"Mb-221","JKI","M. sinensis",1,TRUE
"DM","Overlap5",10,"Mb-226","JKI","M. sacchariflorus",1,TRUE
"DM","Overlap5",10,"Mb-229","JKI","M. sinensis",1,TRUE
"DM","Overlap5",10,"Mb-255","JKI","M. sinensis",1,TRUE
"DM","Overlap5",10,"Mb-272","JKI","M. sacchariflorus",1,TRUE
"DM","Overlap5",10,"Mb-297","JKI","M. sacchariflorus",1,TRUE
"DM","Overlap5",10,"Mb-3","JKI","M. sinensis",1,TRUE
"DM","Overlap5",10,"Mb-306","JKI","M. sinensis",1,TRUE
"DM","Overlap5",10,"Mb-307","JKI","M. x gig",1,TRUE
"DM","Overlap5",10,"Mb-308","JKI","M. x gig",1,TRUE
"DM","Overlap5",10,"Mb-309","JKI","M. x gig",1,TRUE
"DM","Overlap5",10,"Mb-31","JKI","M. sinensis",1,TRUE
"DM","Overlap5",10,"Mb-310","JKI","M. x gig",1,TRUE
"DM","Overlap5",10,"Mb-35","JKI","M. sinensis",1,TRUE
"DM","Overlap5",10,"Mb-353","JKI","M. sacchariflorus",0,TRUE
"DM","Overlap5",10,"Mb-37","JKI","M. sinensis",1,TRUE
"DM","Overlap5",10,"Mb-383_1","JKI","M. sacchariflorus",1,TRUE
"DM","Overlap5",10,"Mb-391","JKI","M. sacchariflorus",1,TRUE
"DM","Overlap5",10,"Mb-393_1","JKI","M. sacchariflorus",0,TRUE
"DM","Overlap5",10,"Mb-397","JKI","M. sacchariflorus",0,TRUE
"DM","Overlap5",10,"Mb-399","JKI","M. sacchariflorus",1,TRUE
"DM","Overlap5",10,"Mb-401","JKI","M. sacchariflorus",1,TRUE
"DM","Overlap5",10,"Mb-411","JKI","M. sacchariflorus",1,TRUE
"DM","Overlap5",10,"Mb-416","JKI","M. sacchariflorus",1,TRUE
"DM","Overlap5",10,"Mb-425_1","JKI","M. sacchariflorus",0,TRUE
"DM","Overlap5",10,"Mb-427_1","JKI","M. sacchariflorus",1,TRUE
"DM","Overlap5",10,"Mb-431_1","JKI","M. sacchariflorus",0,TRUE
"DM","Overlap5",10,"Mb-434_1","JKI","M. sinensis",0,TRUE
"DM","Overlap5",10,"Mb-485_1","JKI","M. sacchariflorus",0,TRUE
"DM","Overlap5",10,"Mb-486","JKI","M. sacchariflorus",1,TRUE
"DM","Overlap5",10,"Mb-488_15","JKI","M. sacchariflorus",0,TRUE
"DM","Overlap5",10,"Mb-490_10","JKI","M. sacchariflorus",1,TRUE
"DM","Overlap5",10,"Mb-494_1","JKI","M. sacchariflorus",1,TRUE
"DM","Overlap5",10,"Mb-498_1","JKI","M. sacchariflorus",1,TRUE
"DM","Overlap5",10,"Mb-502_1","JKI","M. sacchariflorus",0,TRUE
"DM","Overlap5",10,"Mb-505_1","JKI","M. sacchariflorus",0,TRUE
"DM","Overlap5",10,"Mb-508","JKI","M. sacchariflorus",1,TRUE
"DM","Overlap5",10,"Mb-526_13","JKI","M. sinensis",1,TRUE
"DM","Overlap5",10,"Mb-527_1","JKI","M. sinensis",1,TRUE
"DM","Overlap5",10,"Mb-533_1","JKI","M. sinensis",1,TRUE
"DM","Overlap5",10,"Mb-539_1","JKI","M. sinensis",0,TRUE
"DM","Overlap5",10,"Mb-585_1","JKI","M. sinensis",0,TRUE
"DM","Overlap5",10,"Mb-628_1","JKI","M. sacchariflorus",1,TRUE
"DM","Overlap5",10,"Mb-70","JKI","M. sinensis",1,TRUE
"DM","Overlap5",10,"Mb-72","JKI","M. x gig",1,TRUE
"DM","Overlap5",10,"Mb-74","JKI","M. sinensis",1,TRUE
"DM","Overlap5",10,"Mb-76","JKI","M. sacchariflorus",1,TRUE
"DM","Overlap5",10,"Mb-770_18","JKI","M. sacchariflorus",0,TRUE
"DM","Overlap5",10,"Mb-779_14","JKI","M. sacchariflorus",0,TRUE
"DM","Overlap5",10,"Mb-787_13","JKI","M. sacchariflorus",1,TRUE
"DM","Overlap5",10,"Mb-810_11","JKI","M. sacchariflorus",1,TRUE
"DM","Overlap5",10,"Mb-819_19","JKI","M. sacchariflorus",1,TRUE
"DM","Overlap5",10,"Mb-851_1","JKI","M. sinensis",0,TRUE
"DM","Overlap5",10,"Mb-86","JKI","M. sinensis",1,TRUE
"DM","Overlap5",10,"Mb-884_1","JKI","M. sacchariflorus",1,TRUE
"DM","Overlap5",10,"Mb-893_11","JKI","M. sinensis",1,TRUE
"DM","Overlap5",10,"Mb-9","JKI","M. sinensis",1,TRUE
"DM","Overlap5",10,"Mb-910_11","JKI","M. sinensis",0,TRUE
"DM","Overlap5",10,"Mb-913_17","JKI","M. sacchariflorus",1,TRUE
"DM","Overlap5",10,"Mb-914_13","JKI","M. sinensis",0,TRUE
"DM","Overlap5",10,"Mb-928_18","JKI","M. sinensis",1,TRUE
"DM","Overlap5",10,"Mb-930","JKI","M. sinensis",1,TRUE
"DM","Overlap5",10,"Mb-931_12","JKI","M. sinensis",1,TRUE
"DM","Overlap5",10,"Mb-933_11","JKI","M. sinensis",1,TRUE
"DM","Overlap5",10,"Mb-935_13","JKI","M. sinensis",1,TRUE
"DM","Overlap5",10,"Mb-94","JKI","M. sacchariflorus",1,TRUE
"DM","Overlap5",10,"Mb-956_19","JKI","M. sacchariflorus",1,TRUE
"DM","Overlap5",10,"Mb-958_19","JKI","M. sacchariflorus",1,TRUE
"DM","Overlap5",10,"Mb-960_20","JKI","M. sinensis",1,TRUE
"DM","Overlap5",10,"Mb-961_16","JKI","M. sacchariflorus",1,TRUE
"DM","Overlap5",10,"Mb-965_15","JKI","M. sacchariflorus",0,TRUE
"DM","Overlap5",10,"Mb-969_18","JKI","M. sacchariflorus",1,TRUE
"DM","Overlap5",10,"Mb-974_19","JKI","M. sinensis",1,TRUE
"DM","Overlap5",10,"Mb-99","JKI","M. sinensis",1,TRUE
"DM","Overlap5",10,"Mx-1548_12","JKI","M. x gig",1,TRUE
"DM","Overlap5",10,"Mx-1915_12","JKI","M. x gig",1,TRUE
"DM","Overlap5",10,"Mx-1932_13","JKI","M. x gig",1,TRUE
"DM","Overlap5",10,"Mx-1933_11","JKI","M. x gig",1,TRUE
"DM","Overlap5",10,"Mx-1956_15","JKI","M. x gig",1,TRUE
"DM","Overlap5",10,"Mx-2446_1","JKI","M. x gig",1,TRUE
"DM","Overlap5",10,"Mx-2470_5","JKI","M. sacchariflorus",1,TRUE
"DM","Overlap5",10,"Mx-437_90","JKI","M. x gig",1,TRUE
"DM","Overlap10",1,"Mb-102","ABR33","M. sinensis",1,TRUE
"DM","Overlap10",1,"Mb-1037_52","ABR33","M. sacchariflorus",1,TRUE
"DM","Overlap10",1,"Mb-104","ABR33","M. x gig",1,TRUE
"DM","Overlap10",1,"Mb-1040_17","ABR33","M. sacchariflorus",1,TRUE
"DM","Overlap10",1,"Mb-1043_32","ABR33","M. sacchariflorus",1,TRUE
"DM","Overlap10",1,"Mb-1044_50","ABR33","M. sacchariflorus",1,TRUE
"DM","Overlap10",1,"Mb-1056_31","ABR33","M. sacchariflorus",0,TRUE
"DM","Overlap10",1,"Mb-1067_18","ABR33","M. sacchariflorus",0,TRUE
"DM","Overlap10",1,"Mb-1086_54","ABR33","M. x gig",0,TRUE
"DM","Overlap10",1,"Mb-109","ABR33","M. sinensis",1,TRUE
"DM","Overlap10",1,"Mb-110","ABR33","M. sinensis",1,TRUE
"DM","Overlap10",1,"Mb-111","ABR33","M. sinensis",0,TRUE
"DM","Overlap10",1,"Mb-113","ABR33","M. sinensis",1,TRUE
"DM","Overlap10",1,"Mb-1130_51","ABR33","M. x gig",1,TRUE
"DM","Overlap10",1,"Mb-1132_52","ABR33","M. x gig",1,TRUE
"DM","Overlap10",1,"Mb-1139_19","ABR33","M. sinensis",1,TRUE
"DM","Overlap10",1,"Mb-1147_12","ABR33","M. sinensis",1,TRUE
"DM","Overlap10",1,"Mb-115","ABR33","M. sinensis",1,TRUE
"DM","Overlap10",1,"Mb-1153_20","ABR33","M. sinensis",1,TRUE
"DM","Overlap10",1,"Mb-1155_33","ABR33","M. sacchariflorus",1,TRUE
"DM","Overlap10",1,"Mb-1156_13","ABR33","M. sinensis",0,TRUE
"DM","Overlap10",1,"Mb-1162_20","ABR33","M. sacchariflorus",0,TRUE
"DM","Overlap10",1,"Mb-1182_16","ABR33","M. sinensis",0,TRUE
"DM","Overlap10",1,"Mb-1205_12","ABR33","M. sinensis",1,TRUE
"DM","Overlap10",1,"Mb-1231_18","ABR33","M. sinensis",0,TRUE
"DM","Overlap10",1,"Mb-1238_1","ABR33","M. sinensis",0,TRUE
"DM","Overlap10",1,"Mb-1261_15","ABR33","M. sacchariflorus",1,TRUE
"DM","Overlap10",1,"Mb-1353_14","ABR33","M. sacchariflorus",1,TRUE
"DM","Overlap10",1,"Mb-14","ABR33","M. sinensis",1,TRUE
"DM","Overlap10",1,"Mb-140","ABR33","M. sacchariflorus",1,TRUE
"DM","Overlap10",1,"Mb-142","ABR33","M. sacchariflorus",1,TRUE
"DM","Overlap10",1,"Mb-144","ABR33","M. sacchariflorus",1,TRUE
"DM","Overlap10",1,"Mb-146","ABR33","M. sacchariflorus",1,TRUE
"DM","Overlap10",1,"Mb-147","ABR33","M. x gig",1,TRUE
"DM","Overlap10",1,"Mb-148","ABR33","M. x gig",0,TRUE
"DM","Overlap10",1,"Mb-1485_42","ABR33","M. x gig",1,TRUE
"DM","Overlap10",1,"Mb-1486_1","ABR33","M. x gig",1,TRUE
"DM","Overlap10",1,"Mb-149","ABR33","M. x gig",1,TRUE
"DM","Overlap10",1,"Mb-166","ABR33","M. sacchariflorus",1,TRUE
"DM","Overlap10",1,"Mb-167","ABR33","M. sinensis",0,TRUE
"DM","Overlap10",1,"Mb-177","ABR33","M. sacchariflorus",1,TRUE
"DM","Overlap10",1,"Mb-188","ABR33","M. x gig",1,TRUE
"DM","Overlap10",1,"Mb-2","ABR33","M. sinensis",1,TRUE
"DM","Overlap10",1,"Mb-221","ABR33","M. sinensis",1,TRUE
"DM","Overlap10",1,"Mb-226","ABR33","M. sacchariflorus",1,TRUE
"DM","Overlap10",1,"Mb-229","ABR33","M. sinensis",1,TRUE
"DM","Overlap10",1,"Mb-255","ABR33","M. sinensis",0,TRUE
"DM","Overlap10",1,"Mb-272","ABR33","M. sacchariflorus",1,TRUE
"DM","Overlap10",1,"Mb-297","ABR33","M. sacchariflorus",0,TRUE
"DM","Overlap10",1,"Mb-3","ABR33","M. sinensis",1,TRUE
"DM","Overlap10",1,"Mb-306","ABR33","M. sinensis",1,TRUE
"DM","Overlap10",1,"Mb-307","ABR33","M. x gig",1,TRUE
"DM","Overlap10",1,"Mb-308","ABR33","M. x gig",1,TRUE
"DM","Overlap10",1,"Mb-309","ABR33","M. x gig",1,TRUE
"DM","Overlap10",1,"Mb-31","ABR33","M. sinensis",1,TRUE
"DM","Overlap10",1,"Mb-310","ABR33","M. x gig",1,TRUE
"DM","Overlap10",1,"Mb-35","ABR33","M. sinensis",1,TRUE
"DM","Overlap10",1,"Mb-353","ABR33","M. sacchariflorus",0,TRUE
"DM","Overlap10",1,"Mb-37","ABR33","M. sinensis",1,TRUE
"DM","Overlap10",1,"Mb-383_1","ABR33","M. sacchariflorus",1,TRUE
"DM","Overlap10",1,"Mb-391","ABR33","M. sacchariflorus",1,TRUE
"DM","Overlap10",1,"Mb-393_1","ABR33","M. sacchariflorus",1,TRUE
"DM","Overlap10",1,"Mb-397","ABR33","M. sacchariflorus",0,TRUE
"DM","Overlap10",1,"Mb-399","ABR33","M. sacchariflorus",1,TRUE
"DM","Overlap10",1,"Mb-401","ABR33","M. sacchariflorus",1,TRUE
"DM","Overlap10",1,"Mb-411","ABR33","M. sacchariflorus",1,TRUE
"DM","Overlap10",1,"Mb-416","ABR33","M. sacchariflorus",1,TRUE
"DM","Overlap10",1,"Mb-425_1","ABR33","M. sacchariflorus",1,TRUE
"DM","Overlap10",1,"Mb-427_1","ABR33","M. sacchariflorus",1,TRUE
"DM","Overlap10",1,"Mb-431_1","ABR33","M. sacchariflorus",1,TRUE
"DM","Overlap10",1,"Mb-434_1","ABR33","M. sinensis",1,TRUE
"DM","Overlap10",1,"Mb-485_1","ABR33","M. sacchariflorus",1,TRUE
"DM","Overlap10",1,"Mb-486","ABR33","M. sacchariflorus",1,TRUE
"DM","Overlap10",1,"Mb-488_15","ABR33","M. sacchariflorus",1,TRUE
"DM","Overlap10",1,"Mb-490_10","ABR33","M. sacchariflorus",0,TRUE
"DM","Overlap10",1,"Mb-494_1","ABR33","M. sacchariflorus",1,TRUE
"DM","Overlap10",1,"Mb-498_1","ABR33","M. sacchariflorus",1,TRUE
"DM","Overlap10",1,"Mb-502_1","ABR33","M. sacchariflorus",1,TRUE
"DM","Overlap10",1,"Mb-505_1","ABR33","M. sacchariflorus",0,TRUE
"DM","Overlap10",1,"Mb-508","ABR33","M. sacchariflorus",0,TRUE
"DM","Overlap10",1,"Mb-526_13","ABR33","M. sinensis",1,TRUE
"DM","Overlap10",1,"Mb-527_1","ABR33","M. sinensis",1,TRUE
"DM","Overlap10",1,"Mb-533_1","ABR33","M. sinensis",1,TRUE
"DM","Overlap10",1,"Mb-539_1","ABR33","M. sinensis",1,TRUE
"DM","Overlap10",1,"Mb-585_1","ABR33","M. sinensis",1,TRUE
"DM","Overlap10",1,"Mb-628_1","ABR33","M. sacchariflorus",0,TRUE
"DM","Overlap10",1,"Mb-70","ABR33","M. sinensis",1,TRUE
"DM","Overlap10",1,"Mb-72","ABR33","M. x gig",1,TRUE
"DM","Overlap10",1,"Mb-74","ABR33","M. sinensis",1,TRUE
"DM","Overlap10",1,"Mb-76","ABR33","M. sacchariflorus",0,TRUE
"DM","Overlap10",1,"Mb-770_18","ABR33","M. sacchariflorus",0,TRUE
"DM","Overlap10",1,"Mb-779_14","ABR33","M. sacchariflorus",1,TRUE
"DM","Overlap10",1,"Mb-787_13","ABR33","M. sacchariflorus",0,TRUE
"DM","Overlap10",1,"Mb-810_11","ABR33","M. sacchariflorus",1,TRUE
"DM","Overlap10",1,"Mb-819_19","ABR33","M. sacchariflorus",0,TRUE
"DM","Overlap10",1,"Mb-851_1","ABR33","M. sinensis",1,TRUE
"DM","Overlap10",1,"Mb-86","ABR33","M. sinensis",1,TRUE
"DM","Overlap10",1,"Mb-884_1","ABR33","M. sacchariflorus",1,TRUE
"DM","Overlap10",1,"Mb-893_11","ABR33","M. sinensis",1,TRUE
"DM","Overlap10",1,"Mb-9","ABR33","M. sinensis",1,TRUE
"DM","Overlap10",1,"Mb-910_11","ABR33","M. sinensis",1,TRUE
"DM","Overlap10",1,"Mb-913_17","ABR33","M. sacchariflorus",1,TRUE
"DM","Overlap10",1,"Mb-914_13","ABR33","M. sinensis",1,TRUE
"DM","Overlap10",1,"Mb-928_18","ABR33","M. sinensis",1,TRUE
"DM","Overlap10",1,"Mb-930","ABR33","M. sinensis",1,TRUE
"DM","Overlap10",1,"Mb-931_12","ABR33","M. sinensis",1,TRUE
"DM","Overlap10",1,"Mb-933_11","ABR33","M. sinensis",1,TRUE
"DM","Overlap10",1,"Mb-935_13","ABR33","M. sinensis",1,TRUE
"DM","Overlap10",1,"Mb-94","ABR33","M. sacchariflorus",1,TRUE
"DM","Overlap10",1,"Mb-956_19","ABR33","M. sacchariflorus",1,TRUE
"DM","Overlap10",1,"Mb-958_19","ABR33","M. sacchariflorus",1,TRUE
"DM","Overlap10",1,"Mb-960_20","ABR33","M. sinensis",1,TRUE
"DM","Overlap10",1,"Mb-961_16","ABR33","M. sacchariflorus",0,TRUE
"DM","Overlap10",1,"Mb-965_15","ABR33","M. sacchariflorus",1,TRUE
"DM","Overlap10",1,"Mb-969_18","ABR33","M. sacchariflorus",1,TRUE
"DM","Overlap10",1,"Mb-974_19","ABR33","M. sinensis",1,TRUE
"DM","Overlap10",1,"Mb-99","ABR33","M. sinensis",1,TRUE
"DM","Overlap10",1,"Mx-1548_12","ABR33","M. x gig",1,TRUE
"DM","Overlap10",1,"Mx-1915_12","ABR33","M. x gig",1,TRUE
"DM","Overlap10",1,"Mx-1932_13","ABR33","M. x gig",1,TRUE
"DM","Overlap10",1,"Mx-1933_11","ABR33","M. x gig",1,TRUE
"DM","Overlap10",1,"Mx-1956_15","ABR33","M. x gig",1,TRUE
"DM","Overlap10",1,"Mx-2446_1","ABR33","M. x gig",1,TRUE
"DM","Overlap10",1,"Mx-2470_5","ABR33","M. sacchariflorus",0,TRUE
"DM","Overlap10",1,"Mx-437_90","ABR33","M. x gig",1,TRUE
"DM","Overlap10",1,"Mb-102","JKI","M. sinensis",1,TRUE
"DM","Overlap10",1,"Mb-1037_52","JKI","M. sacchariflorus",1,TRUE
"DM","Overlap10",1,"Mb-104","JKI","M. x gig",1,TRUE
"DM","Overlap10",1,"Mb-1040_17","JKI","M. sacchariflorus",1,TRUE
"DM","Overlap10",1,"Mb-1043_32","JKI","M. sacchariflorus",1,TRUE
"DM","Overlap10",1,"Mb-1044_50","JKI","M. sacchariflorus",0,TRUE
"DM","Overlap10",1,"Mb-1056_31","JKI","M. sacchariflorus",0,TRUE
"DM","Overlap10",1,"Mb-1067_18","JKI","M. sacchariflorus",1,TRUE
"DM","Overlap10",1,"Mb-1086_54","JKI","M. x gig",0,TRUE
"DM","Overlap10",1,"Mb-109","JKI","M. sinensis",0,TRUE
"DM","Overlap10",1,"Mb-110","JKI","M. sinensis",1,TRUE
"DM","Overlap10",1,"Mb-111","JKI","M. sinensis",0,TRUE
"DM","Overlap10",1,"Mb-113","JKI","M. sinensis",1,TRUE
"DM","Overlap10",1,"Mb-1130_51","JKI","M. x gig",1,TRUE
"DM","Overlap10",1,"Mb-1132_52","JKI","M. x gig",1,TRUE
"DM","Overlap10",1,"Mb-1139_19","JKI","M. sinensis",1,FALSE
"DM","Overlap10",1,"Mb-1147_12","JKI","M. sinensis",0,TRUE
"DM","Overlap10",1,"Mb-115","JKI","M. sinensis",1,TRUE
"DM","Overlap10",1,"Mb-1153_20","JKI","M. sinensis",0,TRUE
"DM","Overlap10",1,"Mb-1155_33","JKI","M. sacchariflorus",1,TRUE
"DM","Overlap10",1,"Mb-1156_13","JKI","M. sinensis",1,TRUE
"DM","Overlap10",1,"Mb-1162_20","JKI","M. sacchariflorus",1,TRUE
"DM","Overlap10",1,"Mb-1182_16","JKI","M. sinensis",0,TRUE
"DM","Overlap10",1,"Mb-1205_12","JKI","M. sinensis",0,TRUE
"DM","Overlap10",1,"Mb-1231_18","JKI","M. sinensis",1,TRUE
"DM","Overlap10",1,"Mb-1238_1","JKI","M. sinensis",1,TRUE
"DM","Overlap10",1,"Mb-1261_15","JKI","M. sacchariflorus",1,TRUE
"DM","Overlap10",1,"Mb-1353_14","JKI","M. sacchariflorus",1,TRUE
"DM","Overlap10",1,"Mb-14","JKI","M. sinensis",1,TRUE
"DM","Overlap10",1,"Mb-140","JKI","M. sacchariflorus",0,TRUE
"DM","Overlap10",1,"Mb-142","JKI","M. sacchariflorus",1,TRUE
"DM","Overlap10",1,"Mb-144","JKI","M. sacchariflorus",1,TRUE
"DM","Overlap10",1,"Mb-146","JKI","M. sacchariflorus",1,TRUE
"DM","Overlap10",1,"Mb-147","JKI","M. x gig",1,TRUE
"DM","Overlap10",1,"Mb-148","JKI","M. x gig",0,TRUE
"DM","Overlap10",1,"Mb-1485_42","JKI","M. x gig",1,TRUE
"DM","Overlap10",1,"Mb-1486_1","JKI","M. x gig",1,TRUE
"DM","Overlap10",1,"Mb-149","JKI","M. x gig",0,TRUE
"DM","Overlap10",1,"Mb-166","JKI","M. sacchariflorus",1,TRUE
"DM","Overlap10",1,"Mb-167","JKI","M. sinensis",1,TRUE
"DM","Overlap10",1,"Mb-177","JKI","M. sacchariflorus",1,TRUE
"DM","Overlap10",1,"Mb-188","JKI","M. x gig",1,TRUE
"DM","Overlap10",1,"Mb-2","JKI","M. sinensis",1,TRUE
"DM","Overlap10",1,"Mb-221","JKI","M. sinensis",1,TRUE
"DM","Overlap10",1,"Mb-226","JKI","M. sacchariflorus",1,TRUE
"DM","Overlap10",1,"Mb-229","JKI","M. sinensis",1,TRUE
"DM","Overlap10",1,"Mb-255","JKI","M. sinensis",0,TRUE
"DM","Overlap10",1,"Mb-272","JKI","M. sacchariflorus",1,TRUE
"DM","Overlap10",1,"Mb-297","JKI","M. sacchariflorus",1,TRUE
"DM","Overlap10",1,"Mb-3","JKI","M. sinensis",1,TRUE
"DM","Overlap10",1,"Mb-306","JKI","M. sinensis",1,TRUE
"DM","Overlap10",1,"Mb-307","JKI","M. x gig",1,TRUE
"DM","Overlap10",1,"Mb-308","JKI","M. x gig",0,TRUE
"DM","Overlap10",1,"Mb-309","JKI","M. x gig",1,TRUE
"DM","Overlap10",1,"Mb-31","JKI","M. sinensis",1,TRUE
"DM","Overlap10",1,"Mb-310","JKI","M. x gig",1,TRUE
"DM","Overlap10",1,"Mb-35","JKI","M. sinensis",1,TRUE
"DM","Overlap10",1,"Mb-353","JKI","M. sacchariflorus",1,TRUE
"DM","Overlap10",1,"Mb-37","JKI","M. sinensis",1,TRUE
"DM","Overlap10",1,"Mb-383_1","JKI","M. sacchariflorus",1,TRUE
"DM","Overlap10",1,"Mb-391","JKI","M. sacchariflorus",1,TRUE
"DM","Overlap10",1,"Mb-393_1","JKI","M. sacchariflorus",1,TRUE
"DM","Overlap10",1,"Mb-397","JKI","M. sacchariflorus",0,TRUE
"DM","Overlap10",1,"Mb-399","JKI","M. sacchariflorus",1,TRUE
"DM","Overlap10",1,"Mb-401","JKI","M. sacchariflorus",1,TRUE
"DM","Overlap10",1,"Mb-411","JKI","M. sacchariflorus",1,TRUE
"DM","Overlap10",1,"Mb-416","JKI","M. sacchariflorus",1,TRUE
"DM","Overlap10",1,"Mb-425_1","JKI","M. sacchariflorus",0,TRUE
"DM","Overlap10",1,"Mb-427_1","JKI","M. sacchariflorus",1,TRUE
"DM","Overlap10",1,"Mb-431_1","JKI","M. sacchariflorus",1,TRUE
"DM","Overlap10",1,"Mb-434_1","JKI","M. sinensis",1,TRUE
"DM","Overlap10",1,"Mb-485_1","JKI","M. sacchariflorus",1,TRUE
"DM","Overlap10",1,"Mb-486","JKI","M. sacchariflorus",1,TRUE
"DM","Overlap10",1,"Mb-488_15","JKI","M. sacchariflorus",1,TRUE
"DM","Overlap10",1,"Mb-490_10","JKI","M. sacchariflorus",0,TRUE
"DM","Overlap10",1,"Mb-494_1","JKI","M. sacchariflorus",1,TRUE
"DM","Overlap10",1,"Mb-498_1","JKI","M. sacchariflorus",1,TRUE
"DM","Overlap10",1,"Mb-502_1","JKI","M. sacchariflorus",1,TRUE
"DM","Overlap10",1,"Mb-505_1","JKI","M. sacchariflorus",1,TRUE
"DM","Overlap10",1,"Mb-508","JKI","M. sacchariflorus",1,TRUE
"DM","Overlap10",1,"Mb-526_13","JKI","M. sinensis",1,TRUE
"DM","Overlap10",1,"Mb-527_1","JKI","M. sinensis",1,TRUE
"DM","Overlap10",1,"Mb-533_1","JKI","M. sinensis",1,TRUE
"DM","Overlap10",1,"Mb-539_1","JKI","M. sinensis",0,TRUE
"DM","Overlap10",1,"Mb-585_1","JKI","M. sinensis",1,TRUE
"DM","Overlap10",1,"Mb-628_1","JKI","M. sacchariflorus",1,TRUE
"DM","Overlap10",1,"Mb-70","JKI","M. sinensis",1,TRUE
"DM","Overlap10",1,"Mb-72","JKI","M. x gig",0,TRUE
"DM","Overlap10",1,"Mb-74","JKI","M. sinensis",1,TRUE
"DM","Overlap10",1,"Mb-76","JKI","M. sacchariflorus",1,TRUE
"DM","Overlap10",1,"Mb-770_18","JKI","M. sacchariflorus",0,TRUE
"DM","Overlap10",1,"Mb-779_14","JKI","M. sacchariflorus",1,TRUE
"DM","Overlap10",1,"Mb-787_13","JKI","M. sacchariflorus",1,TRUE
"DM","Overlap10",1,"Mb-810_11","JKI","M. sacchariflorus",0,TRUE
"DM","Overlap10",1,"Mb-819_19","JKI","M. sacchariflorus",1,TRUE
"DM","Overlap10",1,"Mb-851_1","JKI","M. sinensis",1,TRUE
"DM","Overlap10",1,"Mb-86","JKI","M. sinensis",1,TRUE
"DM","Overlap10",1,"Mb-884_1","JKI","M. sacchariflorus",1,TRUE
"DM","Overlap10",1,"Mb-893_11","JKI","M. sinensis",1,TRUE
"DM","Overlap10",1,"Mb-9","JKI","M. sinensis",1,TRUE
"DM","Overlap10",1,"Mb-910_11","JKI","M. sinensis",1,TRUE
"DM","Overlap10",1,"Mb-913_17","JKI","M. sacchariflorus",1,TRUE
"DM","Overlap10",1,"Mb-914_13","JKI","M. sinensis",1,TRUE
"DM","Overlap10",1,"Mb-928_18","JKI","M. sinensis",1,TRUE
"DM","Overlap10",1,"Mb-930","JKI","M. sinensis",1,TRUE
"DM","Overlap10",1,"Mb-931_12","JKI","M. sinensis",1,TRUE
"DM","Overlap10",1,"Mb-933_11","JKI","M. sinensis",1,TRUE
"DM","Overlap10",1,"Mb-935_13","JKI","M. sinensis",1,TRUE
"DM","Overlap10",1,"Mb-94","JKI","M. sacchariflorus",0,TRUE
"DM","Overlap10",1,"Mb-956_19","JKI","M. sacchariflorus",1,TRUE
"DM","Overlap10",1,"Mb-958_19","JKI","M. sacchariflorus",1,TRUE
"DM","Overlap10",1,"Mb-960_20","JKI","M. sinensis",1,TRUE
"DM","Overlap10",1,"Mb-961_16","JKI","M. sacchariflorus",0,TRUE
"DM","Overlap10",1,"Mb-965_15","JKI","M. sacchariflorus",1,TRUE
"DM","Overlap10",1,"Mb-969_18","JKI","M. sacchariflorus",1,TRUE
"DM","Overlap10",1,"Mb-974_19","JKI","M. sinensis",1,TRUE
"DM","Overlap10",1,"Mb-99","JKI","M. sinensis",0,TRUE
"DM","Overlap10",1,"Mx-1548_12","JKI","M. x gig",1,TRUE
"DM","Overlap10",1,"Mx-1915_12","JKI","M. x gig",1,TRUE
"DM","Overlap10",1,"Mx-1932_13","JKI","M. x gig",1,TRUE
"DM","Overlap10",1,"Mx-1933_11","JKI","M. x gig",1,TRUE
"DM","Overlap10",1,"Mx-1956_15","JKI","M. x gig",1,TRUE
"DM","Overlap10",1,"Mx-2446_1","JKI","M. x gig",1,TRUE
"DM","Overlap10",1,"Mx-2470_5","JKI","M. sacchariflorus",1,TRUE
"DM","Overlap10",1,"Mx-437_90","JKI","M. x gig",0,TRUE
"DM","Overlap10",2,"Mb-102","ABR33","M. sinensis",1,TRUE
"DM","Overlap10",2,"Mb-1037_52","ABR33","M. sacchariflorus",1,TRUE
"DM","Overlap10",2,"Mb-104","ABR33","M. x gig",0,TRUE
"DM","Overlap10",2,"Mb-1040_17","ABR33","M. sacchariflorus",1,TRUE
"DM","Overlap10",2,"Mb-1043_32","ABR33","M. sacchariflorus",0,TRUE
"DM","Overlap10",2,"Mb-1044_50","ABR33","M. sacchariflorus",1,TRUE
"DM","Overlap10",2,"Mb-1056_31","ABR33","M. sacchariflorus",1,TRUE
"DM","Overlap10",2,"Mb-1067_18","ABR33","M. sacchariflorus",1,TRUE
"DM","Overlap10",2,"Mb-1086_54","ABR33","M. x gig",1,TRUE
"DM","Overlap10",2,"Mb-109","ABR33","M. sinensis",1,TRUE
"DM","Overlap10",2,"Mb-110","ABR33","M. sinensis",1,TRUE
"DM","Overlap10",2,"Mb-111","ABR33","M. sinensis",1,TRUE
"DM","Overlap10",2,"Mb-113","ABR33","M. sinensis",1,TRUE
"DM","Overlap10",2,"Mb-1130_51","ABR33","M. x gig",1,TRUE
"DM","Overlap10",2,"Mb-1132_52","ABR33","M. x gig",0,TRUE
"DM","Overlap10",2,"Mb-1139_19","ABR33","M. sinensis",1,TRUE
"DM","Overlap10",2,"Mb-1147_12","ABR33","M. sinensis",1,TRUE
"DM","Overlap10",2,"Mb-115","ABR33","M. sinensis",0,TRUE
"DM","Overlap10",2,"Mb-1153_20","ABR33","M. sinensis",1,TRUE
"DM","Overlap10",2,"Mb-1155_33","ABR33","M. sacchariflorus",1,TRUE
"DM","Overlap10",2,"Mb-1156_13","ABR33","M. sinensis",1,TRUE
"DM","Overlap10",2,"Mb-1162_20","ABR33","M. sacchariflorus",0,TRUE
"DM","Overlap10",2,"Mb-1182_16","ABR33","M. sinensis",0,TRUE
"DM","Overlap10",2,"Mb-1205_12","ABR33","M. sinensis",1,TRUE
"DM","Overlap10",2,"Mb-1231_18","ABR33","M. sinensis",1,TRUE
"DM","Overlap10",2,"Mb-1238_1","ABR33","M. sinensis",1,TRUE
"DM","Overlap10",2,"Mb-1261_15","ABR33","M. sacchariflorus",1,TRUE
"DM","Overlap10",2,"Mb-1353_14","ABR33","M. sacchariflorus",1,TRUE
"DM","Overlap10",2,"Mb-14","ABR33","M. sinensis",1,TRUE
"DM","Overlap10",2,"Mb-140","ABR33","M. sacchariflorus",0,TRUE
"DM","Overlap10",2,"Mb-142","ABR33","M. sacchariflorus",1,TRUE
"DM","Overlap10",2,"Mb-144","ABR33","M. sacchariflorus",1,TRUE
"DM","Overlap10",2,"Mb-146","ABR33","M. sacchariflorus",0,TRUE
"DM","Overlap10",2,"Mb-147","ABR33","M. x gig",1,TRUE
"DM","Overlap10",2,"Mb-148","ABR33","M. x gig",1,TRUE
"DM","Overlap10",2,"Mb-1485_42","ABR33","M. x gig",1,TRUE
"DM","Overlap10",2,"Mb-1486_1","ABR33","M. x gig",1,TRUE
"DM","Overlap10",2,"Mb-149","ABR33","M. x gig",1,TRUE
"DM","Overlap10",2,"Mb-166","ABR33","M. sacchariflorus",1,TRUE
"DM","Overlap10",2,"Mb-167","ABR33","M. sinensis",0,TRUE
"DM","Overlap10",2,"Mb-177","ABR33","M. sacchariflorus",1,TRUE
"DM","Overlap10",2,"Mb-188","ABR33","M. x gig",1,TRUE
"DM","Overlap10",2,"Mb-2","ABR33","M. sinensis",0,TRUE
"DM","Overlap10",2,"Mb-221","ABR33","M. sinensis",1,TRUE
"DM","Overlap10",2,"Mb-226","ABR33","M. sacchariflorus",1,TRUE
"DM","Overlap10",2,"Mb-229","ABR33","M. sinensis",1,TRUE
"DM","Overlap10",2,"Mb-255","ABR33","M. sinensis",1,TRUE
"DM","Overlap10",2,"Mb-272","ABR33","M. sacchariflorus",1,TRUE
"DM","Overlap10",2,"Mb-297","ABR33","M. sacchariflorus",1,TRUE
"DM","Overlap10",2,"Mb-3","ABR33","M. sinensis",0,TRUE
"DM","Overlap10",2,"Mb-306","ABR33","M. sinensis",1,TRUE
"DM","Overlap10",2,"Mb-307","ABR33","M. x gig",1,TRUE
"DM","Overlap10",2,"Mb-308","ABR33","M. x gig",1,TRUE
"DM","Overlap10",2,"Mb-309","ABR33","M. x gig",1,TRUE
"DM","Overlap10",2,"Mb-31","ABR33","M. sinensis",1,TRUE
"DM","Overlap10",2,"Mb-310","ABR33","M. x gig",1,TRUE
"DM","Overlap10",2,"Mb-35","ABR33","M. sinensis",1,TRUE
"DM","Overlap10",2,"Mb-353","ABR33","M. sacchariflorus",1,TRUE
"DM","Overlap10",2,"Mb-37","ABR33","M. sinensis",0,TRUE
"DM","Overlap10",2,"Mb-383_1","ABR33","M. sacchariflorus",1,TRUE
"DM","Overlap10",2,"Mb-391","ABR33","M. sacchariflorus",1,TRUE
"DM","Overlap10",2,"Mb-393_1","ABR33","M. sacchariflorus",1,TRUE
"DM","Overlap10",2,"Mb-397","ABR33","M. sacchariflorus",1,TRUE
"DM","Overlap10",2,"Mb-399","ABR33","M. sacchariflorus",0,TRUE
"DM","Overlap10",2,"Mb-401","ABR33","M. sacchariflorus",0,TRUE
"DM","Overlap10",2,"Mb-411","ABR33","M. sacchariflorus",1,TRUE
"DM","Overlap10",2,"Mb-416","ABR33","M. sacchariflorus",1,TRUE
"DM","Overlap10",2,"Mb-425_1","ABR33","M. sacchariflorus",1,TRUE
"DM","Overlap10",2,"Mb-427_1","ABR33","M. sacchariflorus",1,TRUE
"DM","Overlap10",2,"Mb-431_1","ABR33","M. sacchariflorus",1,TRUE
"DM","Overlap10",2,"Mb-434_1","ABR33","M. sinensis",1,TRUE
"DM","Overlap10",2,"Mb-485_1","ABR33","M. sacchariflorus",0,TRUE
"DM","Overlap10",2,"Mb-486","ABR33","M. sacchariflorus",1,TRUE
"DM","Overlap10",2,"Mb-488_15","ABR33","M. sacchariflorus",1,TRUE
"DM","Overlap10",2,"Mb-490_10","ABR33","M. sacchariflorus",1,TRUE
"DM","Overlap10",2,"Mb-494_1","ABR33","M. sacchariflorus",1,TRUE
"DM","Overlap10",2,"Mb-498_1","ABR33","M. sacchariflorus",1,TRUE
"DM","Overlap10",2,"Mb-502_1","ABR33","M. sacchariflorus",1,TRUE
"DM","Overlap10",2,"Mb-505_1","ABR33","M. sacchariflorus",1,TRUE
"DM","Overlap10",2,"Mb-508","ABR33","M. sacchariflorus",1,TRUE
"DM","Overlap10",2,"Mb-526_13","ABR33","M. sinensis",0,TRUE
"DM","Overlap10",2,"Mb-527_1","ABR33","M. sinensis",1,TRUE
"DM","Overlap10",2,"Mb-533_1","ABR33","M. sinensis",0,TRUE
"DM","Overlap10",2,"Mb-539_1","ABR33","M. sinensis",1,TRUE
"DM","Overlap10",2,"Mb-585_1","ABR33","M. sinensis",1,TRUE
"DM","Overlap10",2,"Mb-628_1","ABR33","M. sacchariflorus",1,TRUE
"DM","Overlap10",2,"Mb-70","ABR33","M. sinensis",1,TRUE
"DM","Overlap10",2,"Mb-72","ABR33","M. x gig",0,TRUE
"DM","Overlap10",2,"Mb-74","ABR33","M. sinensis",1,TRUE
"DM","Overlap10",2,"Mb-76","ABR33","M. sacchariflorus",0,TRUE
"DM","Overlap10",2,"Mb-770_18","ABR33","M. sacchariflorus",1,TRUE
"DM","Overlap10",2,"Mb-779_14","ABR33","M. sacchariflorus",0,TRUE
"DM","Overlap10",2,"Mb-787_13","ABR33","M. sacchariflorus",1,TRUE
"DM","Overlap10",2,"Mb-810_11","ABR33","M. sacchariflorus",1,TRUE
"DM","Overlap10",2,"Mb-819_19","ABR33","M. sacchariflorus",1,TRUE
"DM","Overlap10",2,"Mb-851_1","ABR33","M. sinensis",1,TRUE
"DM","Overlap10",2,"Mb-86","ABR33","M. sinensis",1,TRUE
"DM","Overlap10",2,"Mb-884_1","ABR33","M. sacchariflorus",0,TRUE
"DM","Overlap10",2,"Mb-893_11","ABR33","M. sinensis",0,TRUE
"DM","Overlap10",2,"Mb-9","ABR33","M. sinensis",1,TRUE
"DM","Overlap10",2,"Mb-910_11","ABR33","M. sinensis",1,TRUE
"DM","Overlap10",2,"Mb-913_17","ABR33","M. sacchariflorus",1,TRUE
"DM","Overlap10",2,"Mb-914_13","ABR33","M. sinensis",1,TRUE
"DM","Overlap10",2,"Mb-928_18","ABR33","M. sinensis",1,TRUE
"DM","Overlap10",2,"Mb-930","ABR33","M. sinensis",1,TRUE
"DM","Overlap10",2,"Mb-931_12","ABR33","M. sinensis",1,TRUE
"DM","Overlap10",2,"Mb-933_11","ABR33","M. sinensis",1,TRUE
"DM","Overlap10",2,"Mb-935_13","ABR33","M. sinensis",1,TRUE
"DM","Overlap10",2,"Mb-94","ABR33","M. sacchariflorus",1,TRUE
"DM","Overlap10",2,"Mb-956_19","ABR33","M. sacchariflorus",1,TRUE
"DM","Overlap10",2,"Mb-958_19","ABR33","M. sacchariflorus",1,TRUE
"DM","Overlap10",2,"Mb-960_20","ABR33","M. sinensis",1,TRUE
"DM","Overlap10",2,"Mb-961_16","ABR33","M. sacchariflorus",1,TRUE
"DM","Overlap10",2,"Mb-965_15","ABR33","M. sacchariflorus",1,TRUE
"DM","Overlap10",2,"Mb-969_18","ABR33","M. sacchariflorus",1,TRUE
"DM","Overlap10",2,"Mb-974_19","ABR33","M. sinensis",1,TRUE
"DM","Overlap10",2,"Mb-99","ABR33","M. sinensis",0,TRUE
"DM","Overlap10",2,"Mx-1548_12","ABR33","M. x gig",1,TRUE
"DM","Overlap10",2,"Mx-1915_12","ABR33","M. x gig",0,TRUE
"DM","Overlap10",2,"Mx-1932_13","ABR33","M. x gig",1,TRUE
"DM","Overlap10",2,"Mx-1933_11","ABR33","M. x gig",0,TRUE
"DM","Overlap10",2,"Mx-1956_15","ABR33","M. x gig",1,TRUE
"DM","Overlap10",2,"Mx-2446_1","ABR33","M. x gig",1,TRUE
"DM","Overlap10",2,"Mx-2470_5","ABR33","M. sacchariflorus",1,TRUE
"DM","Overlap10",2,"Mx-437_90","ABR33","M. x gig",1,TRUE
"DM","Overlap10",2,"Mb-102","JKI","M. sinensis",1,TRUE
"DM","Overlap10",2,"Mb-1037_52","JKI","M. sacchariflorus",1,TRUE
"DM","Overlap10",2,"Mb-104","JKI","M. x gig",1,TRUE
"DM","Overlap10",2,"Mb-1040_17","JKI","M. sacchariflorus",1,TRUE
"DM","Overlap10",2,"Mb-1043_32","JKI","M. sacchariflorus",0,TRUE
"DM","Overlap10",2,"Mb-1044_50","JKI","M. sacchariflorus",0,TRUE
"DM","Overlap10",2,"Mb-1056_31","JKI","M. sacchariflorus",1,TRUE
"DM","Overlap10",2,"Mb-1067_18","JKI","M. sacchariflorus",1,TRUE
"DM","Overlap10",2,"Mb-1086_54","JKI","M. x gig",1,TRUE
"DM","Overlap10",2,"Mb-109","JKI","M. sinensis",1,TRUE
"DM","Overlap10",2,"Mb-110","JKI","M. sinensis",1,TRUE
"DM","Overlap10",2,"Mb-111","JKI","M. sinensis",1,TRUE
"DM","Overlap10",2,"Mb-113","JKI","M. sinensis",1,TRUE
"DM","Overlap10",2,"Mb-1130_51","JKI","M. x gig",1,TRUE
"DM","Overlap10",2,"Mb-1132_52","JKI","M. x gig",0,TRUE
"DM","Overlap10",2,"Mb-1139_19","JKI","M. sinensis",1,FALSE
"DM","Overlap10",2,"Mb-1147_12","JKI","M. sinensis",1,TRUE
"DM","Overlap10",2,"Mb-115","JKI","M. sinensis",1,TRUE
"DM","Overlap10",2,"Mb-1153_20","JKI","M. sinensis",1,TRUE
"DM","Overlap10",2,"Mb-1155_33","JKI","M. sacchariflorus",1,TRUE
"DM","Overlap10",2,"Mb-1156_13","JKI","M. sinensis",1,TRUE
"DM","Overlap10",2,"Mb-1162_20","JKI","M. sacchariflorus",1,TRUE
"DM","Overlap10",2,"Mb-1182_16","JKI","M. sinensis",1,TRUE
"DM","Overlap10",2,"Mb-1205_12","JKI","M. sinensis",1,TRUE
"DM","Overlap10",2,"Mb-1231_18","JKI","M. sinensis",1,TRUE
"DM","Overlap10",2,"Mb-1238_1","JKI","M. sinensis",1,TRUE
"DM","Overlap10",2,"Mb-1261_15","JKI","M. sacchariflorus",1,TRUE
"DM","Overlap10",2,"Mb-1353_14","JKI","M. sacchariflorus",1,TRUE
"DM","Overlap10",2,"Mb-14","JKI","M. sinensis",1,TRUE
"DM","Overlap10",2,"Mb-140","JKI","M. sacchariflorus",0,TRUE
"DM","Overlap10",2,"Mb-142","JKI","M. sacchariflorus",1,TRUE
"DM","Overlap10",2,"Mb-144","JKI","M. sacchariflorus",1,TRUE
"DM","Overlap10",2,"Mb-146","JKI","M. sacchariflorus",0,TRUE
"DM","Overlap10",2,"Mb-147","JKI","M. x gig",1,TRUE
"DM","Overlap10",2,"Mb-148","JKI","M. x gig",0,TRUE
"DM","Overlap10",2,"Mb-1485_42","JKI","M. x gig",1,TRUE
"DM","Overlap10",2,"Mb-1486_1","JKI","M. x gig",1,TRUE
"DM","Overlap10",2,"Mb-149","JKI","M. x gig",1,TRUE
"DM","Overlap10",2,"Mb-166","JKI","M. sacchariflorus",0,TRUE
"DM","Overlap10",2,"Mb-167","JKI","M. sinensis",1,TRUE
"DM","Overlap10",2,"Mb-177","JKI","M. sacchariflorus",1,TRUE
"DM","Overlap10",2,"Mb-188","JKI","M. x gig",1,TRUE
"DM","Overlap10",2,"Mb-2","JKI","M. sinensis",0,TRUE
"DM","Overlap10",2,"Mb-221","JKI","M. sinensis",1,TRUE
"DM","Overlap10",2,"Mb-226","JKI","M. sacchariflorus",0,TRUE
"DM","Overlap10",2,"Mb-229","JKI","M. sinensis",1,TRUE
"DM","Overlap10",2,"Mb-255","JKI","M. sinensis",1,TRUE
"DM","Overlap10",2,"Mb-272","JKI","M. sacchariflorus",1,TRUE
"DM","Overlap10",2,"Mb-297","JKI","M. sacchariflorus",1,TRUE
"DM","Overlap10",2,"Mb-3","JKI","M. sinensis",1,TRUE
"DM","Overlap10",2,"Mb-306","JKI","M. sinensis",1,TRUE
"DM","Overlap10",2,"Mb-307","JKI","M. x gig",1,TRUE
"DM","Overlap10",2,"Mb-308","JKI","M. x gig",1,TRUE
"DM","Overlap10",2,"Mb-309","JKI","M. x gig",1,TRUE
"DM","Overlap10",2,"Mb-31","JKI","M. sinensis",1,TRUE
"DM","Overlap10",2,"Mb-310","JKI","M. x gig",0,TRUE
"DM","Overlap10",2,"Mb-35","JKI","M. sinensis",1,TRUE
"DM","Overlap10",2,"Mb-353","JKI","M. sacchariflorus",0,TRUE
"DM","Overlap10",2,"Mb-37","JKI","M. sinensis",0,TRUE
"DM","Overlap10",2,"Mb-383_1","JKI","M. sacchariflorus",1,TRUE
"DM","Overlap10",2,"Mb-391","JKI","M. sacchariflorus",1,TRUE
"DM","Overlap10",2,"Mb-393_1","JKI","M. sacchariflorus",1,TRUE
"DM","Overlap10",2,"Mb-397","JKI","M. sacchariflorus",1,TRUE
"DM","Overlap10",2,"Mb-399","JKI","M. sacchariflorus",1,TRUE
"DM","Overlap10",2,"Mb-401","JKI","M. sacchariflorus",0,TRUE
"DM","Overlap10",2,"Mb-411","JKI","M. sacchariflorus",1,TRUE
"DM","Overlap10",2,"Mb-416","JKI","M. sacchariflorus",1,TRUE
"DM","Overlap10",2,"Mb-425_1","JKI","M. sacchariflorus",1,TRUE
"DM","Overlap10",2,"Mb-427_1","JKI","M. sacchariflorus",1,TRUE
"DM","Overlap10",2,"Mb-431_1","JKI","M. sacchariflorus",1,TRUE
"DM","Overlap10",2,"Mb-434_1","JKI","M. sinensis",0,TRUE
"DM","Overlap10",2,"Mb-485_1","JKI","M. sacchariflorus",0,TRUE
"DM","Overlap10",2,"Mb-486","JKI","M. sacchariflorus",1,TRUE
"DM","Overlap10",2,"Mb-488_15","JKI","M. sacchariflorus",1,TRUE
"DM","Overlap10",2,"Mb-490_10","JKI","M. sacchariflorus",1,TRUE
"DM","Overlap10",2,"Mb-494_1","JKI","M. sacchariflorus",1,TRUE
"DM","Overlap10",2,"Mb-498_1","JKI","M. sacchariflorus",0,TRUE
"DM","Overlap10",2,"Mb-502_1","JKI","M. sacchariflorus",0,TRUE
"DM","Overlap10",2,"Mb-505_1","JKI","M. sacchariflorus",1,TRUE
"DM","Overlap10",2,"Mb-508","JKI","M. sacchariflorus",1,TRUE
"DM","Overlap10",2,"Mb-526_13","JKI","M. sinensis",1,TRUE
"DM","Overlap10",2,"Mb-527_1","JKI","M. sinensis",1,TRUE
"DM","Overlap10",2,"Mb-533_1","JKI","M. sinensis",1,TRUE
"DM","Overlap10",2,"Mb-539_1","JKI","M. sinensis",1,TRUE
"DM","Overlap10",2,"Mb-585_1","JKI","M. sinensis",1,TRUE
"DM","Overlap10",2,"Mb-628_1","JKI","M. sacchariflorus",1,TRUE
"DM","Overlap10",2,"Mb-70","JKI","M. sinensis",1,TRUE
"DM","Overlap10",2,"Mb-72","JKI","M. x gig",0,TRUE
"DM","Overlap10",2,"Mb-74","JKI","M. sinensis",1,TRUE
"DM","Overlap10",2,"Mb-76","JKI","M. sacchariflorus",1,TRUE
"DM","Overlap10",2,"Mb-770_18","JKI","M. sacchariflorus",1,TRUE
"DM","Overlap10",2,"Mb-779_14","JKI","M. sacchariflorus",1,TRUE
"DM","Overlap10",2,"Mb-787_13","JKI","M. sacchariflorus",1,TRUE
"DM","Overlap10",2,"Mb-810_11","JKI","M. sacchariflorus",0,TRUE
"DM","Overlap10",2,"Mb-819_19","JKI","M. sacchariflorus",0,TRUE
"DM","Overlap10",2,"Mb-851_1","JKI","M. sinensis",1,TRUE
"DM","Overlap10",2,"Mb-86","JKI","M. sinensis",1,TRUE
"DM","Overlap10",2,"Mb-884_1","JKI","M. sacchariflorus",0,TRUE
"DM","Overlap10",2,"Mb-893_11","JKI","M. sinensis",1,TRUE
"DM","Overlap10",2,"Mb-9","JKI","M. sinensis",1,TRUE
"DM","Overlap10",2,"Mb-910_11","JKI","M. sinensis",1,TRUE
"DM","Overlap10",2,"Mb-913_17","JKI","M. sacchariflorus",1,TRUE
"DM","Overlap10",2,"Mb-914_13","JKI","M. sinensis",1,TRUE
"DM","Overlap10",2,"Mb-928_18","JKI","M. sinensis",0,TRUE
"DM","Overlap10",2,"Mb-930","JKI","M. sinensis",1,TRUE
"DM","Overlap10",2,"Mb-931_12","JKI","M. sinensis",0,TRUE
"DM","Overlap10",2,"Mb-933_11","JKI","M. sinensis",1,TRUE
"DM","Overlap10",2,"Mb-935_13","JKI","M. sinensis",1,TRUE
"DM","Overlap10",2,"Mb-94","JKI","M. sacchariflorus",0,TRUE
"DM","Overlap10",2,"Mb-956_19","JKI","M. sacchariflorus",1,TRUE
"DM","Overlap10",2,"Mb-958_19","JKI","M. sacchariflorus",1,TRUE
"DM","Overlap10",2,"Mb-960_20","JKI","M. sinensis",1,TRUE
"DM","Overlap10",2,"Mb-961_16","JKI","M. sacchariflorus",1,TRUE
"DM","Overlap10",2,"Mb-965_15","JKI","M. sacchariflorus",1,TRUE
"DM","Overlap10",2,"Mb-969_18","JKI","M. sacchariflorus",1,TRUE
"DM","Overlap10",2,"Mb-974_19","JKI","M. sinensis",1,TRUE
"DM","Overlap10",2,"Mb-99","JKI","M. sinensis",1,TRUE
"DM","Overlap10",2,"Mx-1548_12","JKI","M. x gig",1,TRUE
"DM","Overlap10",2,"Mx-1915_12","JKI","M. x gig",1,TRUE
"DM","Overlap10",2,"Mx-1932_13","JKI","M. x gig",1,TRUE
"DM","Overlap10",2,"Mx-1933_11","JKI","M. x gig",1,TRUE
"DM","Overlap10",2,"Mx-1956_15","JKI","M. x gig",0,TRUE
"DM","Overlap10",2,"Mx-2446_1","JKI","M. x gig",1,TRUE
"DM","Overlap10",2,"Mx-2470_5","JKI","M. sacchariflorus",1,TRUE
"DM","Overlap10",2,"Mx-437_90","JKI","M. x gig",1,TRUE
"DM","Overlap10",3,"Mb-102","ABR33","M. sinensis",1,TRUE
"DM","Overlap10",3,"Mb-1037_52","ABR33","M. sacchariflorus",1,TRUE
"DM","Overlap10",3,"Mb-104","ABR33","M. x gig",1,TRUE
"DM","Overlap10",3,"Mb-1040_17","ABR33","M. sacchariflorus",1,TRUE
"DM","Overlap10",3,"Mb-1043_32","ABR33","M. sacchariflorus",1,TRUE
"DM","Overlap10",3,"Mb-1044_50","ABR33","M. sacchariflorus",0,TRUE
"DM","Overlap10",3,"Mb-1056_31","ABR33","M. sacchariflorus",1,TRUE
"DM","Overlap10",3,"Mb-1067_18","ABR33","M. sacchariflorus",1,TRUE
"DM","Overlap10",3,"Mb-1086_54","ABR33","M. x gig",1,TRUE
"DM","Overlap10",3,"Mb-109","ABR33","M. sinensis",1,TRUE
"DM","Overlap10",3,"Mb-110","ABR33","M. sinensis",1,TRUE
"DM","Overlap10",3,"Mb-111","ABR33","M. sinensis",1,TRUE
"DM","Overlap10",3,"Mb-113","ABR33","M. sinensis",1,TRUE
"DM","Overlap10",3,"Mb-1130_51","ABR33","M. x gig",1,TRUE
"DM","Overlap10",3,"Mb-1132_52","ABR33","M. x gig",1,TRUE
"DM","Overlap10",3,"Mb-1139_19","ABR33","M. sinensis",1,TRUE
"DM","Overlap10",3,"Mb-1147_12","ABR33","M. sinensis",1,TRUE
"DM","Overlap10",3,"Mb-115","ABR33","M. sinensis",1,TRUE
"DM","Overlap10",3,"Mb-1153_20","ABR33","M. sinensis",1,TRUE
"DM","Overlap10",3,"Mb-1155_33","ABR33","M. sacchariflorus",1,TRUE
"DM","Overlap10",3,"Mb-1156_13","ABR33","M. sinensis",1,TRUE
"DM","Overlap10",3,"Mb-1162_20","ABR33","M. sacchariflorus",1,TRUE
"DM","Overlap10",3,"Mb-1182_16","ABR33","M. sinensis",1,TRUE
"DM","Overlap10",3,"Mb-1205_12","ABR33","M. sinensis",1,TRUE
"DM","Overlap10",3,"Mb-1231_18","ABR33","M. sinensis",1,TRUE
"DM","Overlap10",3,"Mb-1238_1","ABR33","M. sinensis",1,TRUE
"DM","Overlap10",3,"Mb-1261_15","ABR33","M. sacchariflorus",0,TRUE
"DM","Overlap10",3,"Mb-1353_14","ABR33","M. sacchariflorus",1,TRUE
"DM","Overlap10",3,"Mb-14","ABR33","M. sinensis",0,TRUE
"DM","Overlap10",3,"Mb-140","ABR33","M. sacchariflorus",0,TRUE
"DM","Overlap10",3,"Mb-142","ABR33","M. sacchariflorus",1,TRUE
"DM","Overlap10",3,"Mb-144","ABR33","M. sacchariflorus",1,TRUE
"DM","Overlap10",3,"Mb-146","ABR33","M. sacchariflorus",1,TRUE
"DM","Overlap10",3,"Mb-147","ABR33","M. x gig",1,TRUE
"DM","Overlap10",3,"Mb-148","ABR33","M. x gig",1,TRUE
"DM","Overlap10",3,"Mb-1485_42","ABR33","M. x gig",0,TRUE
"DM","Overlap10",3,"Mb-1486_1","ABR33","M. x gig",1,TRUE
"DM","Overlap10",3,"Mb-149","ABR33","M. x gig",1,TRUE
"DM","Overlap10",3,"Mb-166","ABR33","M. sacchariflorus",1,TRUE
"DM","Overlap10",3,"Mb-167","ABR33","M. sinensis",1,TRUE
"DM","Overlap10",3,"Mb-177","ABR33","M. sacchariflorus",1,TRUE
"DM","Overlap10",3,"Mb-188","ABR33","M. x gig",1,TRUE
"DM","Overlap10",3,"Mb-2","ABR33","M. sinensis",1,TRUE
"DM","Overlap10",3,"Mb-221","ABR33","M. sinensis",1,TRUE
"DM","Overlap10",3,"Mb-226","ABR33","M. sacchariflorus",1,TRUE
"DM","Overlap10",3,"Mb-229","ABR33","M. sinensis",1,TRUE
"DM","Overlap10",3,"Mb-255","ABR33","M. sinensis",0,TRUE
"DM","Overlap10",3,"Mb-272","ABR33","M. sacchariflorus",1,TRUE
"DM","Overlap10",3,"Mb-297","ABR33","M. sacchariflorus",1,TRUE
"DM","Overlap10",3,"Mb-3","ABR33","M. sinensis",1,TRUE
"DM","Overlap10",3,"Mb-306","ABR33","M. sinensis",1,TRUE
"DM","Overlap10",3,"Mb-307","ABR33","M. x gig",1,TRUE
"DM","Overlap10",3,"Mb-308","ABR33","M. x gig",0,TRUE
"DM","Overlap10",3,"Mb-309","ABR33","M. x gig",1,TRUE
"DM","Overlap10",3,"Mb-31","ABR33","M. sinensis",1,TRUE
"DM","Overlap10",3,"Mb-310","ABR33","M. x gig",1,TRUE
"DM","Overlap10",3,"Mb-35","ABR33","M. sinensis",1,TRUE
"DM","Overlap10",3,"Mb-353","ABR33","M. sacchariflorus",1,TRUE
"DM","Overlap10",3,"Mb-37","ABR33","M. sinensis",0,TRUE
"DM","Overlap10",3,"Mb-383_1","ABR33","M. sacchariflorus",1,TRUE
"DM","Overlap10",3,"Mb-391","ABR33","M. sacchariflorus",0,TRUE
"DM","Overlap10",3,"Mb-393_1","ABR33","M. sacchariflorus",0,TRUE
"DM","Overlap10",3,"Mb-397","ABR33","M. sacchariflorus",0,TRUE
"DM","Overlap10",3,"Mb-399","ABR33","M. sacchariflorus",1,TRUE
"DM","Overlap10",3,"Mb-401","ABR33","M. sacchariflorus",1,TRUE
"DM","Overlap10",3,"Mb-411","ABR33","M. sacchariflorus",1,TRUE
"DM","Overlap10",3,"Mb-416","ABR33","M. sacchariflorus",1,TRUE
"DM","Overlap10",3,"Mb-425_1","ABR33","M. sacchariflorus",0,TRUE
"DM","Overlap10",3,"Mb-427_1","ABR33","M. sacchariflorus",1,TRUE
"DM","Overlap10",3,"Mb-431_1","ABR33","M. sacchariflorus",1,TRUE
"DM","Overlap10",3,"Mb-434_1","ABR33","M. sinensis",1,TRUE
"DM","Overlap10",3,"Mb-485_1","ABR33","M. sacchariflorus",1,TRUE
"DM","Overlap10",3,"Mb-486","ABR33","M. sacchariflorus",1,TRUE
"DM","Overlap10",3,"Mb-488_15","ABR33","M. sacchariflorus",1,TRUE
"DM","Overlap10",3,"Mb-490_10","ABR33","M. sacchariflorus",1,TRUE
"DM","Overlap10",3,"Mb-494_1","ABR33","M. sacchariflorus",1,TRUE
"DM","Overlap10",3,"Mb-498_1","ABR33","M. sacchariflorus",1,TRUE
"DM","Overlap10",3,"Mb-502_1","ABR33","M. sacchariflorus",0,TRUE
"DM","Overlap10",3,"Mb-505_1","ABR33","M. sacchariflorus",1,TRUE
"DM","Overlap10",3,"Mb-508","ABR33","M. sacchariflorus",1,TRUE
"DM","Overlap10",3,"Mb-526_13","ABR33","M. sinensis",1,TRUE
"DM","Overlap10",3,"Mb-527_1","ABR33","M. sinensis",1,TRUE
"DM","Overlap10",3,"Mb-533_1","ABR33","M. sinensis",1,TRUE
"DM","Overlap10",3,"Mb-539_1","ABR33","M. sinensis",1,TRUE
"DM","Overlap10",3,"Mb-585_1","ABR33","M. sinensis",1,TRUE
"DM","Overlap10",3,"Mb-628_1","ABR33","M. sacchariflorus",1,TRUE
"DM","Overlap10",3,"Mb-70","ABR33","M. sinensis",1,TRUE
"DM","Overlap10",3,"Mb-72","ABR33","M. x gig",1,TRUE
"DM","Overlap10",3,"Mb-74","ABR33","M. sinensis",1,TRUE
"DM","Overlap10",3,"Mb-76","ABR33","M. sacchariflorus",1,TRUE
"DM","Overlap10",3,"Mb-770_18","ABR33","M. sacchariflorus",0,TRUE
"DM","Overlap10",3,"Mb-779_14","ABR33","M. sacchariflorus",1,TRUE
"DM","Overlap10",3,"Mb-787_13","ABR33","M. sacchariflorus",1,TRUE
"DM","Overlap10",3,"Mb-810_11","ABR33","M. sacchariflorus",0,TRUE
"DM","Overlap10",3,"Mb-819_19","ABR33","M. sacchariflorus",0,TRUE
"DM","Overlap10",3,"Mb-851_1","ABR33","M. sinensis",1,TRUE
"DM","Overlap10",3,"Mb-86","ABR33","M. sinensis",1,TRUE
"DM","Overlap10",3,"Mb-884_1","ABR33","M. sacchariflorus",0,TRUE
"DM","Overlap10",3,"Mb-893_11","ABR33","M. sinensis",1,TRUE
"DM","Overlap10",3,"Mb-9","ABR33","M. sinensis",1,TRUE
"DM","Overlap10",3,"Mb-910_11","ABR33","M. sinensis",1,TRUE
"DM","Overlap10",3,"Mb-913_17","ABR33","M. sacchariflorus",1,TRUE
"DM","Overlap10",3,"Mb-914_13","ABR33","M. sinensis",0,TRUE
"DM","Overlap10",3,"Mb-928_18","ABR33","M. sinensis",0,TRUE
"DM","Overlap10",3,"Mb-930","ABR33","M. sinensis",1,TRUE
"DM","Overlap10",3,"Mb-931_12","ABR33","M. sinensis",1,TRUE
"DM","Overlap10",3,"Mb-933_11","ABR33","M. sinensis",1,TRUE
"DM","Overlap10",3,"Mb-935_13","ABR33","M. sinensis",0,TRUE
"DM","Overlap10",3,"Mb-94","ABR33","M. sacchariflorus",0,TRUE
"DM","Overlap10",3,"Mb-956_19","ABR33","M. sacchariflorus",1,TRUE
"DM","Overlap10",3,"Mb-958_19","ABR33","M. sacchariflorus",1,TRUE
"DM","Overlap10",3,"Mb-960_20","ABR33","M. sinensis",0,TRUE
"DM","Overlap10",3,"Mb-961_16","ABR33","M. sacchariflorus",1,TRUE
"DM","Overlap10",3,"Mb-965_15","ABR33","M. sacchariflorus",1,TRUE
"DM","Overlap10",3,"Mb-969_18","ABR33","M. sacchariflorus",1,TRUE
"DM","Overlap10",3,"Mb-974_19","ABR33","M. sinensis",1,TRUE
"DM","Overlap10",3,"Mb-99","ABR33","M. sinensis",1,TRUE
"DM","Overlap10",3,"Mx-1548_12","ABR33","M. x gig",1,TRUE
"DM","Overlap10",3,"Mx-1915_12","ABR33","M. x gig",1,TRUE
"DM","Overlap10",3,"Mx-1932_13","ABR33","M. x gig",0,TRUE
"DM","Overlap10",3,"Mx-1933_11","ABR33","M. x gig",1,TRUE
"DM","Overlap10",3,"Mx-1956_15","ABR33","M. x gig",0,TRUE
"DM","Overlap10",3,"Mx-2446_1","ABR33","M. x gig",0,TRUE
"DM","Overlap10",3,"Mx-2470_5","ABR33","M. sacchariflorus",1,TRUE
"DM","Overlap10",3,"Mx-437_90","ABR33","M. x gig",1,TRUE
"DM","Overlap10",3,"Mb-102","JKI","M. sinensis",1,TRUE
"DM","Overlap10",3,"Mb-1037_52","JKI","M. sacchariflorus",1,TRUE
"DM","Overlap10",3,"Mb-104","JKI","M. x gig",1,TRUE
"DM","Overlap10",3,"Mb-1040_17","JKI","M. sacchariflorus",1,TRUE
"DM","Overlap10",3,"Mb-1043_32","JKI","M. sacchariflorus",1,TRUE
"DM","Overlap10",3,"Mb-1044_50","JKI","M. sacchariflorus",0,TRUE
"DM","Overlap10",3,"Mb-1056_31","JKI","M. sacchariflorus",1,TRUE
"DM","Overlap10",3,"Mb-1067_18","JKI","M. sacchariflorus",0,TRUE
"DM","Overlap10",3,"Mb-1086_54","JKI","M. x gig",1,TRUE
"DM","Overlap10",3,"Mb-109","JKI","M. sinensis",1,TRUE
"DM","Overlap10",3,"Mb-110","JKI","M. sinensis",0,TRUE
"DM","Overlap10",3,"Mb-111","JKI","M. sinensis",0,TRUE
"DM","Overlap10",3,"Mb-113","JKI","M. sinensis",1,TRUE
"DM","Overlap10",3,"Mb-1130_51","JKI","M. x gig",1,TRUE
"DM","Overlap10",3,"Mb-1132_52","JKI","M. x gig",1,TRUE
"DM","Overlap10",3,"Mb-1139_19","JKI","M. sinensis",1,FALSE
"DM","Overlap10",3,"Mb-1147_12","JKI","M. sinensis",1,TRUE
"DM","Overlap10",3,"Mb-115","JKI","M. sinensis",1,TRUE
"DM","Overlap10",3,"Mb-1153_20","JKI","M. sinensis",0,TRUE
"DM","Overlap10",3,"Mb-1155_33","JKI","M. sacchariflorus",0,TRUE
"DM","Overlap10",3,"Mb-1156_13","JKI","M. sinensis",1,TRUE
"DM","Overlap10",3,"Mb-1162_20","JKI","M. sacchariflorus",1,TRUE
"DM","Overlap10",3,"Mb-1182_16","JKI","M. sinensis",1,TRUE
"DM","Overlap10",3,"Mb-1205_12","JKI","M. sinensis",0,TRUE
"DM","Overlap10",3,"Mb-1231_18","JKI","M. sinensis",1,TRUE
"DM","Overlap10",3,"Mb-1238_1","JKI","M. sinensis",1,TRUE
"DM","Overlap10",3,"Mb-1261_15","JKI","M. sacchariflorus",1,TRUE
"DM","Overlap10",3,"Mb-1353_14","JKI","M. sacchariflorus",1,TRUE
"DM","Overlap10",3,"Mb-14","JKI","M. sinensis",1,TRUE
"DM","Overlap10",3,"Mb-140","JKI","M. sacchariflorus",1,TRUE
"DM","Overlap10",3,"Mb-142","JKI","M. sacchariflorus",1,TRUE
"DM","Overlap10",3,"Mb-144","JKI","M. sacchariflorus",1,TRUE
"DM","Overlap10",3,"Mb-146","JKI","M. sacchariflorus",1,TRUE
"DM","Overlap10",3,"Mb-147","JKI","M. x gig",1,TRUE
"DM","Overlap10",3,"Mb-148","JKI","M. x gig",1,TRUE
"DM","Overlap10",3,"Mb-1485_42","JKI","M. x gig",1,TRUE
"DM","Overlap10",3,"Mb-1486_1","JKI","M. x gig",0,TRUE
"DM","Overlap10",3,"Mb-149","JKI","M. x gig",0,TRUE
"DM","Overlap10",3,"Mb-166","JKI","M. sacchariflorus",1,TRUE
"DM","Overlap10",3,"Mb-167","JKI","M. sinensis",1,TRUE
"DM","Overlap10",3,"Mb-177","JKI","M. sacchariflorus",1,TRUE
"DM","Overlap10",3,"Mb-188","JKI","M. x gig",1,TRUE
"DM","Overlap10",3,"Mb-2","JKI","M. sinensis",1,TRUE
"DM","Overlap10",3,"Mb-221","JKI","M. sinensis",1,TRUE
"DM","Overlap10",3,"Mb-226","JKI","M. sacchariflorus",1,TRUE
"DM","Overlap10",3,"Mb-229","JKI","M. sinensis",1,TRUE
"DM","Overlap10",3,"Mb-255","JKI","M. sinensis",0,TRUE
"DM","Overlap10",3,"Mb-272","JKI","M. sacchariflorus",1,TRUE
"DM","Overlap10",3,"Mb-297","JKI","M. sacchariflorus",1,TRUE
"DM","Overlap10",3,"Mb-3","JKI","M. sinensis",1,TRUE
"DM","Overlap10",3,"Mb-306","JKI","M. sinensis",0,TRUE
"DM","Overlap10",3,"Mb-307","JKI","M. x gig",1,TRUE
"DM","Overlap10",3,"Mb-308","JKI","M. x gig",1,TRUE
"DM","Overlap10",3,"Mb-309","JKI","M. x gig",0,TRUE
"DM","Overlap10",3,"Mb-31","JKI","M. sinensis",1,TRUE
"DM","Overlap10",3,"Mb-310","JKI","M. x gig",1,TRUE
"DM","Overlap10",3,"Mb-35","JKI","M. sinensis",0,TRUE
"DM","Overlap10",3,"Mb-353","JKI","M. sacchariflorus",1,TRUE
"DM","Overlap10",3,"Mb-37","JKI","M. sinensis",0,TRUE
"DM","Overlap10",3,"Mb-383_1","JKI","M. sacchariflorus",1,TRUE
"DM","Overlap10",3,"Mb-391","JKI","M. sacchariflorus",0,TRUE
"DM","Overlap10",3,"Mb-393_1","JKI","M. sacchariflorus",1,TRUE
"DM","Overlap10",3,"Mb-397","JKI","M. sacchariflorus",0,TRUE
"DM","Overlap10",3,"Mb-399","JKI","M. sacchariflorus",1,TRUE
"DM","Overlap10",3,"Mb-401","JKI","M. sacchariflorus",1,TRUE
"DM","Overlap10",3,"Mb-411","JKI","M. sacchariflorus",1,TRUE
"DM","Overlap10",3,"Mb-416","JKI","M. sacchariflorus",0,TRUE
"DM","Overlap10",3,"Mb-425_1","JKI","M. sacchariflorus",1,TRUE
"DM","Overlap10",3,"Mb-427_1","JKI","M. sacchariflorus",1,TRUE
"DM","Overlap10",3,"Mb-431_1","JKI","M. sacchariflorus",1,TRUE
"DM","Overlap10",3,"Mb-434_1","JKI","M. sinensis",1,TRUE
"DM","Overlap10",3,"Mb-485_1","JKI","M. sacchariflorus",1,TRUE
"DM","Overlap10",3,"Mb-486","JKI","M. sacchariflorus",1,TRUE
"DM","Overlap10",3,"Mb-488_15","JKI","M. sacchariflorus",1,TRUE
"DM","Overlap10",3,"Mb-490_10","JKI","M. sacchariflorus",1,TRUE
"DM","Overlap10",3,"Mb-494_1","JKI","M. sacchariflorus",1,TRUE
"DM","Overlap10",3,"Mb-498_1","JKI","M. sacchariflorus",1,TRUE
"DM","Overlap10",3,"Mb-502_1","JKI","M. sacchariflorus",1,TRUE
"DM","Overlap10",3,"Mb-505_1","JKI","M. sacchariflorus",1,TRUE
"DM","Overlap10",3,"Mb-508","JKI","M. sacchariflorus",1,TRUE
"DM","Overlap10",3,"Mb-526_13","JKI","M. sinensis",1,TRUE
"DM","Overlap10",3,"Mb-527_1","JKI","M. sinensis",0,TRUE
"DM","Overlap10",3,"Mb-533_1","JKI","M. sinensis",1,TRUE
"DM","Overlap10",3,"Mb-539_1","JKI","M. sinensis",1,TRUE
"DM","Overlap10",3,"Mb-585_1","JKI","M. sinensis",1,TRUE
"DM","Overlap10",3,"Mb-628_1","JKI","M. sacchariflorus",1,TRUE
"DM","Overlap10",3,"Mb-70","JKI","M. sinensis",0,TRUE
"DM","Overlap10",3,"Mb-72","JKI","M. x gig",1,TRUE
"DM","Overlap10",3,"Mb-74","JKI","M. sinensis",1,TRUE
"DM","Overlap10",3,"Mb-76","JKI","M. sacchariflorus",1,TRUE
"DM","Overlap10",3,"Mb-770_18","JKI","M. sacchariflorus",1,TRUE
"DM","Overlap10",3,"Mb-779_14","JKI","M. sacchariflorus",1,TRUE
"DM","Overlap10",3,"Mb-787_13","JKI","M. sacchariflorus",1,TRUE
"DM","Overlap10",3,"Mb-810_11","JKI","M. sacchariflorus",0,TRUE
"DM","Overlap10",3,"Mb-819_19","JKI","M. sacchariflorus",0,TRUE
"DM","Overlap10",3,"Mb-851_1","JKI","M. sinensis",1,TRUE
"DM","Overlap10",3,"Mb-86","JKI","M. sinensis",1,TRUE
"DM","Overlap10",3,"Mb-884_1","JKI","M. sacchariflorus",1,TRUE
"DM","Overlap10",3,"Mb-893_11","JKI","M. sinensis",1,TRUE
"DM","Overlap10",3,"Mb-9","JKI","M. sinensis",1,TRUE
"DM","Overlap10",3,"Mb-910_11","JKI","M. sinensis",1,TRUE
"DM","Overlap10",3,"Mb-913_17","JKI","M. sacchariflorus",1,TRUE
"DM","Overlap10",3,"Mb-914_13","JKI","M. sinensis",0,TRUE
"DM","Overlap10",3,"Mb-928_18","JKI","M. sinensis",1,TRUE
"DM","Overlap10",3,"Mb-930","JKI","M. sinensis",1,TRUE
"DM","Overlap10",3,"Mb-931_12","JKI","M. sinensis",1,TRUE
"DM","Overlap10",3,"Mb-933_11","JKI","M. sinensis",1,TRUE
"DM","Overlap10",3,"Mb-935_13","JKI","M. sinensis",1,TRUE
"DM","Overlap10",3,"Mb-94","JKI","M. sacchariflorus",1,TRUE
"DM","Overlap10",3,"Mb-956_19","JKI","M. sacchariflorus",1,TRUE
"DM","Overlap10",3,"Mb-958_19","JKI","M. sacchariflorus",1,TRUE
"DM","Overlap10",3,"Mb-960_20","JKI","M. sinensis",1,TRUE
"DM","Overlap10",3,"Mb-961_16","JKI","M. sacchariflorus",1,TRUE
"DM","Overlap10",3,"Mb-965_15","JKI","M. sacchariflorus",1,TRUE
"DM","Overlap10",3,"Mb-969_18","JKI","M. sacchariflorus",1,TRUE
"DM","Overlap10",3,"Mb-974_19","JKI","M. sinensis",1,TRUE
"DM","Overlap10",3,"Mb-99","JKI","M. sinensis",1,TRUE
"DM","Overlap10",3,"Mx-1548_12","JKI","M. x gig",0,TRUE
"DM","Overlap10",3,"Mx-1915_12","JKI","M. x gig",1,TRUE
"DM","Overlap10",3,"Mx-1932_13","JKI","M. x gig",0,TRUE
"DM","Overlap10",3,"Mx-1933_11","JKI","M. x gig",1,TRUE
"DM","Overlap10",3,"Mx-1956_15","JKI","M. x gig",0,TRUE
"DM","Overlap10",3,"Mx-2446_1","JKI","M. x gig",1,TRUE
"DM","Overlap10",3,"Mx-2470_5","JKI","M. sacchariflorus",1,TRUE
"DM","Overlap10",3,"Mx-437_90","JKI","M. x gig",1,TRUE
"DM","Overlap10",4,"Mb-102","ABR33","M. sinensis",1,TRUE
"DM","Overlap10",4,"Mb-1037_52","ABR33","M. sacchariflorus",1,TRUE
"DM","Overlap10",4,"Mb-104","ABR33","M. x gig",1,TRUE
"DM","Overlap10",4,"Mb-1040_17","ABR33","M. sacchariflorus",1,TRUE
"DM","Overlap10",4,"Mb-1043_32","ABR33","M. sacchariflorus",1,TRUE
"DM","Overlap10",4,"Mb-1044_50","ABR33","M. sacchariflorus",1,TRUE
"DM","Overlap10",4,"Mb-1056_31","ABR33","M. sacchariflorus",0,TRUE
"DM","Overlap10",4,"Mb-1067_18","ABR33","M. sacchariflorus",1,TRUE
"DM","Overlap10",4,"Mb-1086_54","ABR33","M. x gig",1,TRUE
"DM","Overlap10",4,"Mb-109","ABR33","M. sinensis",0,TRUE
"DM","Overlap10",4,"Mb-110","ABR33","M. sinensis",1,TRUE
"DM","Overlap10",4,"Mb-111","ABR33","M. sinensis",1,TRUE
"DM","Overlap10",4,"Mb-113","ABR33","M. sinensis",1,TRUE
"DM","Overlap10",4,"Mb-1130_51","ABR33","M. x gig",1,TRUE
"DM","Overlap10",4,"Mb-1132_52","ABR33","M. x gig",1,TRUE
"DM","Overlap10",4,"Mb-1139_19","ABR33","M. sinensis",1,TRUE
"DM","Overlap10",4,"Mb-1147_12","ABR33","M. sinensis",1,TRUE
"DM","Overlap10",4,"Mb-115","ABR33","M. sinensis",1,TRUE
"DM","Overlap10",4,"Mb-1153_20","ABR33","M. sinensis",1,TRUE
"DM","Overlap10",4,"Mb-1155_33","ABR33","M. sacchariflorus",1,TRUE
"DM","Overlap10",4,"Mb-1156_13","ABR33","M. sinensis",1,TRUE
"DM","Overlap10",4,"Mb-1162_20","ABR33","M. sacchariflorus",1,TRUE
"DM","Overlap10",4,"Mb-1182_16","ABR33","M. sinensis",0,TRUE
"DM","Overlap10",4,"Mb-1205_12","ABR33","M. sinensis",1,TRUE
"DM","Overlap10",4,"Mb-1231_18","ABR33","M. sinensis",0,TRUE
"DM","Overlap10",4,"Mb-1238_1","ABR33","M. sinensis",1,TRUE
"DM","Overlap10",4,"Mb-1261_15","ABR33","M. sacchariflorus",1,TRUE
"DM","Overlap10",4,"Mb-1353_14","ABR33","M. sacchariflorus",1,TRUE
"DM","Overlap10",4,"Mb-14","ABR33","M. sinensis",1,TRUE
"DM","Overlap10",4,"Mb-140","ABR33","M. sacchariflorus",1,TRUE
"DM","Overlap10",4,"Mb-142","ABR33","M. sacchariflorus",1,TRUE
"DM","Overlap10",4,"Mb-144","ABR33","M. sacchariflorus",1,TRUE
"DM","Overlap10",4,"Mb-146","ABR33","M. sacchariflorus",1,TRUE
"DM","Overlap10",4,"Mb-147","ABR33","M. x gig",1,TRUE
"DM","Overlap10",4,"Mb-148","ABR33","M. x gig",0,TRUE
"DM","Overlap10",4,"Mb-1485_42","ABR33","M. x gig",0,TRUE
"DM","Overlap10",4,"Mb-1486_1","ABR33","M. x gig",1,TRUE
"DM","Overlap10",4,"Mb-149","ABR33","M. x gig",1,TRUE
"DM","Overlap10",4,"Mb-166","ABR33","M. sacchariflorus",1,TRUE
"DM","Overlap10",4,"Mb-167","ABR33","M. sinensis",1,TRUE
"DM","Overlap10",4,"Mb-177","ABR33","M. sacchariflorus",1,TRUE
"DM","Overlap10",4,"Mb-188","ABR33","M. x gig",1,TRUE
"DM","Overlap10",4,"Mb-2","ABR33","M. sinensis",0,TRUE
"DM","Overlap10",4,"Mb-221","ABR33","M. sinensis",1,TRUE
"DM","Overlap10",4,"Mb-226","ABR33","M. sacchariflorus",0,TRUE
"DM","Overlap10",4,"Mb-229","ABR33","M. sinensis",1,TRUE
"DM","Overlap10",4,"Mb-255","ABR33","M. sinensis",1,TRUE
"DM","Overlap10",4,"Mb-272","ABR33","M. sacchariflorus",1,TRUE
"DM","Overlap10",4,"Mb-297","ABR33","M. sacchariflorus",1,TRUE
"DM","Overlap10",4,"Mb-3","ABR33","M. sinensis",0,TRUE
"DM","Overlap10",4,"Mb-306","ABR33","M. sinensis",1,TRUE
"DM","Overlap10",4,"Mb-307","ABR33","M. x gig",1,TRUE
"DM","Overlap10",4,"Mb-308","ABR33","M. x gig",1,TRUE
"DM","Overlap10",4,"Mb-309","ABR33","M. x gig",1,TRUE
"DM","Overlap10",4,"Mb-31","ABR33","M. sinensis",1,TRUE
"DM","Overlap10",4,"Mb-310","ABR33","M. x gig",1,TRUE
"DM","Overlap10",4,"Mb-35","ABR33","M. sinensis",1,TRUE
"DM","Overlap10",4,"Mb-353","ABR33","M. sacchariflorus",1,TRUE
"DM","Overlap10",4,"Mb-37","ABR33","M. sinensis",1,TRUE
"DM","Overlap10",4,"Mb-383_1","ABR33","M. sacchariflorus",1,TRUE
"DM","Overlap10",4,"Mb-391","ABR33","M. sacchariflorus",0,TRUE
"DM","Overlap10",4,"Mb-393_1","ABR33","M. sacchariflorus",1,TRUE
"DM","Overlap10",4,"Mb-397","ABR33","M. sacchariflorus",1,TRUE
"DM","Overlap10",4,"Mb-399","ABR33","M. sacchariflorus",0,TRUE
"DM","Overlap10",4,"Mb-401","ABR33","M. sacchariflorus",1,TRUE
"DM","Overlap10",4,"Mb-411","ABR33","M. sacchariflorus",0,TRUE
"DM","Overlap10",4,"Mb-416","ABR33","M. sacchariflorus",1,TRUE
"DM","Overlap10",4,"Mb-425_1","ABR33","M. sacchariflorus",1,TRUE
"DM","Overlap10",4,"Mb-427_1","ABR33","M. sacchariflorus",1,TRUE
"DM","Overlap10",4,"Mb-431_1","ABR33","M. sacchariflorus",1,TRUE
"DM","Overlap10",4,"Mb-434_1","ABR33","M. sinensis",1,TRUE
"DM","Overlap10",4,"Mb-485_1","ABR33","M. sacchariflorus",1,TRUE
"DM","Overlap10",4,"Mb-486","ABR33","M. sacchariflorus",1,TRUE
"DM","Overlap10",4,"Mb-488_15","ABR33","M. sacchariflorus",0,TRUE
"DM","Overlap10",4,"Mb-490_10","ABR33","M. sacchariflorus",1,TRUE
"DM","Overlap10",4,"Mb-494_1","ABR33","M. sacchariflorus",1,TRUE
"DM","Overlap10",4,"Mb-498_1","ABR33","M. sacchariflorus",1,TRUE
"DM","Overlap10",4,"Mb-502_1","ABR33","M. sacchariflorus",1,TRUE
"DM","Overlap10",4,"Mb-505_1","ABR33","M. sacchariflorus",1,TRUE
"DM","Overlap10",4,"Mb-508","ABR33","M. sacchariflorus",1,TRUE
"DM","Overlap10",4,"Mb-526_13","ABR33","M. sinensis",1,TRUE
"DM","Overlap10",4,"Mb-527_1","ABR33","M. sinensis",0,TRUE
"DM","Overlap10",4,"Mb-533_1","ABR33","M. sinensis",0,TRUE
"DM","Overlap10",4,"Mb-539_1","ABR33","M. sinensis",1,TRUE
"DM","Overlap10",4,"Mb-585_1","ABR33","M. sinensis",1,TRUE
"DM","Overlap10",4,"Mb-628_1","ABR33","M. sacchariflorus",1,TRUE
"DM","Overlap10",4,"Mb-70","ABR33","M. sinensis",1,TRUE
"DM","Overlap10",4,"Mb-72","ABR33","M. x gig",1,TRUE
"DM","Overlap10",4,"Mb-74","ABR33","M. sinensis",1,TRUE
"DM","Overlap10",4,"Mb-76","ABR33","M. sacchariflorus",0,TRUE
"DM","Overlap10",4,"Mb-770_18","ABR33","M. sacchariflorus",1,TRUE
"DM","Overlap10",4,"Mb-779_14","ABR33","M. sacchariflorus",1,TRUE
"DM","Overlap10",4,"Mb-787_13","ABR33","M. sacchariflorus",0,TRUE
"DM","Overlap10",4,"Mb-810_11","ABR33","M. sacchariflorus",1,TRUE
"DM","Overlap10",4,"Mb-819_19","ABR33","M. sacchariflorus",1,TRUE
"DM","Overlap10",4,"Mb-851_1","ABR33","M. sinensis",0,TRUE
"DM","Overlap10",4,"Mb-86","ABR33","M. sinensis",0,TRUE
"DM","Overlap10",4,"Mb-884_1","ABR33","M. sacchariflorus",0,TRUE
"DM","Overlap10",4,"Mb-893_11","ABR33","M. sinensis",1,TRUE
"DM","Overlap10",4,"Mb-9","ABR33","M. sinensis",0,TRUE
"DM","Overlap10",4,"Mb-910_11","ABR33","M. sinensis",1,TRUE
"DM","Overlap10",4,"Mb-913_17","ABR33","M. sacchariflorus",1,TRUE
"DM","Overlap10",4,"Mb-914_13","ABR33","M. sinensis",1,TRUE
"DM","Overlap10",4,"Mb-928_18","ABR33","M. sinensis",1,TRUE
"DM","Overlap10",4,"Mb-930","ABR33","M. sinensis",1,TRUE
"DM","Overlap10",4,"Mb-931_12","ABR33","M. sinensis",1,TRUE
"DM","Overlap10",4,"Mb-933_11","ABR33","M. sinensis",1,TRUE
"DM","Overlap10",4,"Mb-935_13","ABR33","M. sinensis",1,TRUE
"DM","Overlap10",4,"Mb-94","ABR33","M. sacchariflorus",1,TRUE
"DM","Overlap10",4,"Mb-956_19","ABR33","M. sacchariflorus",1,TRUE
"DM","Overlap10",4,"Mb-958_19","ABR33","M. sacchariflorus",1,TRUE
"DM","Overlap10",4,"Mb-960_20","ABR33","M. sinensis",0,TRUE
"DM","Overlap10",4,"Mb-961_16","ABR33","M. sacchariflorus",0,TRUE
"DM","Overlap10",4,"Mb-965_15","ABR33","M. sacchariflorus",1,TRUE
"DM","Overlap10",4,"Mb-969_18","ABR33","M. sacchariflorus",1,TRUE
"DM","Overlap10",4,"Mb-974_19","ABR33","M. sinensis",0,TRUE
"DM","Overlap10",4,"Mb-99","ABR33","M. sinensis",1,TRUE
"DM","Overlap10",4,"Mx-1548_12","ABR33","M. x gig",1,TRUE
"DM","Overlap10",4,"Mx-1915_12","ABR33","M. x gig",1,TRUE
"DM","Overlap10",4,"Mx-1932_13","ABR33","M. x gig",1,TRUE
"DM","Overlap10",4,"Mx-1933_11","ABR33","M. x gig",1,TRUE
"DM","Overlap10",4,"Mx-1956_15","ABR33","M. x gig",1,TRUE
"DM","Overlap10",4,"Mx-2446_1","ABR33","M. x gig",0,TRUE
"DM","Overlap10",4,"Mx-2470_5","ABR33","M. sacchariflorus",1,TRUE
"DM","Overlap10",4,"Mx-437_90","ABR33","M. x gig",1,TRUE
"DM","Overlap10",4,"Mb-102","JKI","M. sinensis",1,TRUE
"DM","Overlap10",4,"Mb-1037_52","JKI","M. sacchariflorus",1,TRUE
"DM","Overlap10",4,"Mb-104","JKI","M. x gig",1,TRUE
"DM","Overlap10",4,"Mb-1040_17","JKI","M. sacchariflorus",1,TRUE
"DM","Overlap10",4,"Mb-1043_32","JKI","M. sacchariflorus",1,TRUE
"DM","Overlap10",4,"Mb-1044_50","JKI","M. sacchariflorus",1,TRUE
"DM","Overlap10",4,"Mb-1056_31","JKI","M. sacchariflorus",1,TRUE
"DM","Overlap10",4,"Mb-1067_18","JKI","M. sacchariflorus",1,TRUE
"DM","Overlap10",4,"Mb-1086_54","JKI","M. x gig",1,TRUE
"DM","Overlap10",4,"Mb-109","JKI","M. sinensis",1,TRUE
"DM","Overlap10",4,"Mb-110","JKI","M. sinensis",0,TRUE
"DM","Overlap10",4,"Mb-111","JKI","M. sinensis",1,TRUE
"DM","Overlap10",4,"Mb-113","JKI","M. sinensis",1,TRUE
"DM","Overlap10",4,"Mb-1130_51","JKI","M. x gig",1,TRUE
"DM","Overlap10",4,"Mb-1132_52","JKI","M. x gig",1,TRUE
"DM","Overlap10",4,"Mb-1139_19","JKI","M. sinensis",1,FALSE
"DM","Overlap10",4,"Mb-1147_12","JKI","M. sinensis",1,TRUE
"DM","Overlap10",4,"Mb-115","JKI","M. sinensis",1,TRUE
"DM","Overlap10",4,"Mb-1153_20","JKI","M. sinensis",0,TRUE
"DM","Overlap10",4,"Mb-1155_33","JKI","M. sacchariflorus",1,TRUE
"DM","Overlap10",4,"Mb-1156_13","JKI","M. sinensis",1,TRUE
"DM","Overlap10",4,"Mb-1162_20","JKI","M. sacchariflorus",1,TRUE
"DM","Overlap10",4,"Mb-1182_16","JKI","M. sinensis",1,TRUE
"DM","Overlap10",4,"Mb-1205_12","JKI","M. sinensis",1,TRUE
"DM","Overlap10",4,"Mb-1231_18","JKI","M. sinensis",1,TRUE
"DM","Overlap10",4,"Mb-1238_1","JKI","M. sinensis",1,TRUE
"DM","Overlap10",4,"Mb-1261_15","JKI","M. sacchariflorus",1,TRUE
"DM","Overlap10",4,"Mb-1353_14","JKI","M. sacchariflorus",0,TRUE
"DM","Overlap10",4,"Mb-14","JKI","M. sinensis",1,TRUE
"DM","Overlap10",4,"Mb-140","JKI","M. sacchariflorus",1,TRUE
"DM","Overlap10",4,"Mb-142","JKI","M. sacchariflorus",1,TRUE
"DM","Overlap10",4,"Mb-144","JKI","M. sacchariflorus",1,TRUE
"DM","Overlap10",4,"Mb-146","JKI","M. sacchariflorus",1,TRUE
"DM","Overlap10",4,"Mb-147","JKI","M. x gig",1,TRUE
"DM","Overlap10",4,"Mb-148","JKI","M. x gig",1,TRUE
"DM","Overlap10",4,"Mb-1485_42","JKI","M. x gig",1,TRUE
"DM","Overlap10",4,"Mb-1486_1","JKI","M. x gig",1,TRUE
"DM","Overlap10",4,"Mb-149","JKI","M. x gig",1,TRUE
"DM","Overlap10",4,"Mb-166","JKI","M. sacchariflorus",1,TRUE
"DM","Overlap10",4,"Mb-167","JKI","M. sinensis",1,TRUE
"DM","Overlap10",4,"Mb-177","JKI","M. sacchariflorus",0,TRUE
"DM","Overlap10",4,"Mb-188","JKI","M. x gig",1,TRUE
"DM","Overlap10",4,"Mb-2","JKI","M. sinensis",1,TRUE
"DM","Overlap10",4,"Mb-221","JKI","M. sinensis",1,TRUE
"DM","Overlap10",4,"Mb-226","JKI","M. sacchariflorus",1,TRUE
"DM","Overlap10",4,"Mb-229","JKI","M. sinensis",1,TRUE
"DM","Overlap10",4,"Mb-255","JKI","M. sinensis",0,TRUE
"DM","Overlap10",4,"Mb-272","JKI","M. sacchariflorus",1,TRUE
"DM","Overlap10",4,"Mb-297","JKI","M. sacchariflorus",1,TRUE
"DM","Overlap10",4,"Mb-3","JKI","M. sinensis",0,TRUE
"DM","Overlap10",4,"Mb-306","JKI","M. sinensis",1,TRUE
"DM","Overlap10",4,"Mb-307","JKI","M. x gig",0,TRUE
"DM","Overlap10",4,"Mb-308","JKI","M. x gig",1,TRUE
"DM","Overlap10",4,"Mb-309","JKI","M. x gig",1,TRUE
"DM","Overlap10",4,"Mb-31","JKI","M. sinensis",1,TRUE
"DM","Overlap10",4,"Mb-310","JKI","M. x gig",1,TRUE
"DM","Overlap10",4,"Mb-35","JKI","M. sinensis",1,TRUE
"DM","Overlap10",4,"Mb-353","JKI","M. sacchariflorus",0,TRUE
"DM","Overlap10",4,"Mb-37","JKI","M. sinensis",1,TRUE
"DM","Overlap10",4,"Mb-383_1","JKI","M. sacchariflorus",1,TRUE
"DM","Overlap10",4,"Mb-391","JKI","M. sacchariflorus",0,TRUE
"DM","Overlap10",4,"Mb-393_1","JKI","M. sacchariflorus",1,TRUE
"DM","Overlap10",4,"Mb-397","JKI","M. sacchariflorus",1,TRUE
"DM","Overlap10",4,"Mb-399","JKI","M. sacchariflorus",1,TRUE
"DM","Overlap10",4,"Mb-401","JKI","M. sacchariflorus",1,TRUE
"DM","Overlap10",4,"Mb-411","JKI","M. sacchariflorus",0,TRUE
"DM","Overlap10",4,"Mb-416","JKI","M. sacchariflorus",0,TRUE
"DM","Overlap10",4,"Mb-425_1","JKI","M. sacchariflorus",1,TRUE
"DM","Overlap10",4,"Mb-427_1","JKI","M. sacchariflorus",1,TRUE
"DM","Overlap10",4,"Mb-431_1","JKI","M. sacchariflorus",1,TRUE
"DM","Overlap10",4,"Mb-434_1","JKI","M. sinensis",1,TRUE
"DM","Overlap10",4,"Mb-485_1","JKI","M. sacchariflorus",1,TRUE
"DM","Overlap10",4,"Mb-486","JKI","M. sacchariflorus",1,TRUE
"DM","Overlap10",4,"Mb-488_15","JKI","M. sacchariflorus",1,TRUE
"DM","Overlap10",4,"Mb-490_10","JKI","M. sacchariflorus",1,TRUE
"DM","Overlap10",4,"Mb-494_1","JKI","M. sacchariflorus",1,TRUE
"DM","Overlap10",4,"Mb-498_1","JKI","M. sacchariflorus",1,TRUE
"DM","Overlap10",4,"Mb-502_1","JKI","M. sacchariflorus",1,TRUE
"DM","Overlap10",4,"Mb-505_1","JKI","M. sacchariflorus",1,TRUE
"DM","Overlap10",4,"Mb-508","JKI","M. sacchariflorus",1,TRUE
"DM","Overlap10",4,"Mb-526_13","JKI","M. sinensis",1,TRUE
"DM","Overlap10",4,"Mb-527_1","JKI","M. sinensis",0,TRUE
"DM","Overlap10",4,"Mb-533_1","JKI","M. sinensis",0,TRUE
"DM","Overlap10",4,"Mb-539_1","JKI","M. sinensis",1,TRUE
"DM","Overlap10",4,"Mb-585_1","JKI","M. sinensis",1,TRUE
"DM","Overlap10",4,"Mb-628_1","JKI","M. sacchariflorus",1,TRUE
"DM","Overlap10",4,"Mb-70","JKI","M. sinensis",0,TRUE
"DM","Overlap10",4,"Mb-72","JKI","M. x gig",1,TRUE
"DM","Overlap10",4,"Mb-74","JKI","M. sinensis",1,TRUE
"DM","Overlap10",4,"Mb-76","JKI","M. sacchariflorus",1,TRUE
"DM","Overlap10",4,"Mb-770_18","JKI","M. sacchariflorus",1,TRUE
"DM","Overlap10",4,"Mb-779_14","JKI","M. sacchariflorus",1,TRUE
"DM","Overlap10",4,"Mb-787_13","JKI","M. sacchariflorus",0,TRUE
"DM","Overlap10",4,"Mb-810_11","JKI","M. sacchariflorus",0,TRUE
"DM","Overlap10",4,"Mb-819_19","JKI","M. sacchariflorus",1,TRUE
"DM","Overlap10",4,"Mb-851_1","JKI","M. sinensis",1,TRUE
"DM","Overlap10",4,"Mb-86","JKI","M. sinensis",1,TRUE
"DM","Overlap10",4,"Mb-884_1","JKI","M. sacchariflorus",1,TRUE
"DM","Overlap10",4,"Mb-893_11","JKI","M. sinensis",1,TRUE
"DM","Overlap10",4,"Mb-9","JKI","M. sinensis",0,TRUE
"DM","Overlap10",4,"Mb-910_11","JKI","M. sinensis",1,TRUE
"DM","Overlap10",4,"Mb-913_17","JKI","M. sacchariflorus",1,TRUE
"DM","Overlap10",4,"Mb-914_13","JKI","M. sinensis",1,TRUE
"DM","Overlap10",4,"Mb-928_18","JKI","M. sinensis",0,TRUE
"DM","Overlap10",4,"Mb-930","JKI","M. sinensis",1,TRUE
"DM","Overlap10",4,"Mb-931_12","JKI","M. sinensis",1,TRUE
"DM","Overlap10",4,"Mb-933_11","JKI","M. sinensis",1,TRUE
"DM","Overlap10",4,"Mb-935_13","JKI","M. sinensis",1,TRUE
"DM","Overlap10",4,"Mb-94","JKI","M. sacchariflorus",1,TRUE
"DM","Overlap10",4,"Mb-956_19","JKI","M. sacchariflorus",1,TRUE
"DM","Overlap10",4,"Mb-958_19","JKI","M. sacchariflorus",1,TRUE
"DM","Overlap10",4,"Mb-960_20","JKI","M. sinensis",0,TRUE
"DM","Overlap10",4,"Mb-961_16","JKI","M. sacchariflorus",0,TRUE
"DM","Overlap10",4,"Mb-965_15","JKI","M. sacchariflorus",1,TRUE
"DM","Overlap10",4,"Mb-969_18","JKI","M. sacchariflorus",1,TRUE
"DM","Overlap10",4,"Mb-974_19","JKI","M. sinensis",1,TRUE
"DM","Overlap10",4,"Mb-99","JKI","M. sinensis",1,TRUE
"DM","Overlap10",4,"Mx-1548_12","JKI","M. x gig",1,TRUE
"DM","Overlap10",4,"Mx-1915_12","JKI","M. x gig",0,TRUE
"DM","Overlap10",4,"Mx-1932_13","JKI","M. x gig",0,TRUE
"DM","Overlap10",4,"Mx-1933_11","JKI","M. x gig",1,TRUE
"DM","Overlap10",4,"Mx-1956_15","JKI","M. x gig",0,TRUE
"DM","Overlap10",4,"Mx-2446_1","JKI","M. x gig",0,TRUE
"DM","Overlap10",4,"Mx-2470_5","JKI","M. sacchariflorus",1,TRUE
"DM","Overlap10",4,"Mx-437_90","JKI","M. x gig",0,TRUE
"DM","Overlap10",5,"Mb-102","ABR33","M. sinensis",0,TRUE
"DM","Overlap10",5,"Mb-1037_52","ABR33","M. sacchariflorus",1,TRUE
"DM","Overlap10",5,"Mb-104","ABR33","M. x gig",0,TRUE
"DM","Overlap10",5,"Mb-1040_17","ABR33","M. sacchariflorus",1,TRUE
"DM","Overlap10",5,"Mb-1043_32","ABR33","M. sacchariflorus",1,TRUE
"DM","Overlap10",5,"Mb-1044_50","ABR33","M. sacchariflorus",0,TRUE
"DM","Overlap10",5,"Mb-1056_31","ABR33","M. sacchariflorus",1,TRUE
"DM","Overlap10",5,"Mb-1067_18","ABR33","M. sacchariflorus",1,TRUE
"DM","Overlap10",5,"Mb-1086_54","ABR33","M. x gig",1,TRUE
"DM","Overlap10",5,"Mb-109","ABR33","M. sinensis",1,TRUE
"DM","Overlap10",5,"Mb-110","ABR33","M. sinensis",1,TRUE
"DM","Overlap10",5,"Mb-111","ABR33","M. sinensis",1,TRUE
"DM","Overlap10",5,"Mb-113","ABR33","M. sinensis",1,TRUE
"DM","Overlap10",5,"Mb-1130_51","ABR33","M. x gig",0,TRUE
"DM","Overlap10",5,"Mb-1132_52","ABR33","M. x gig",1,TRUE
"DM","Overlap10",5,"Mb-1139_19","ABR33","M. sinensis",1,TRUE
"DM","Overlap10",5,"Mb-1147_12","ABR33","M. sinensis",1,TRUE
"DM","Overlap10",5,"Mb-115","ABR33","M. sinensis",1,TRUE
"DM","Overlap10",5,"Mb-1153_20","ABR33","M. sinensis",1,TRUE
"DM","Overlap10",5,"Mb-1155_33","ABR33","M. sacchariflorus",1,TRUE
"DM","Overlap10",5,"Mb-1156_13","ABR33","M. sinensis",0,TRUE
"DM","Overlap10",5,"Mb-1162_20","ABR33","M. sacchariflorus",1,TRUE
"DM","Overlap10",5,"Mb-1182_16","ABR33","M. sinensis",1,TRUE
"DM","Overlap10",5,"Mb-1205_12","ABR33","M. sinensis",1,TRUE
"DM","Overlap10",5,"Mb-1231_18","ABR33","M. sinensis",1,TRUE
"DM","Overlap10",5,"Mb-1238_1","ABR33","M. sinensis",1,TRUE
"DM","Overlap10",5,"Mb-1261_15","ABR33","M. sacchariflorus",1,TRUE
"DM","Overlap10",5,"Mb-1353_14","ABR33","M. sacchariflorus",1,TRUE
"DM","Overlap10",5,"Mb-14","ABR33","M. sinensis",1,TRUE
"DM","Overlap10",5,"Mb-140","ABR33","M. sacchariflorus",1,TRUE
"DM","Overlap10",5,"Mb-142","ABR33","M. sacchariflorus",1,TRUE
"DM","Overlap10",5,"Mb-144","ABR33","M. sacchariflorus",1,TRUE
"DM","Overlap10",5,"Mb-146","ABR33","M. sacchariflorus",1,TRUE
"DM","Overlap10",5,"Mb-147","ABR33","M. x gig",1,TRUE
"DM","Overlap10",5,"Mb-148","ABR33","M. x gig",1,TRUE
"DM","Overlap10",5,"Mb-1485_42","ABR33","M. x gig",0,TRUE
"DM","Overlap10",5,"Mb-1486_1","ABR33","M. x gig",1,TRUE
"DM","Overlap10",5,"Mb-149","ABR33","M. x gig",1,TRUE
"DM","Overlap10",5,"Mb-166","ABR33","M. sacchariflorus",0,TRUE
"DM","Overlap10",5,"Mb-167","ABR33","M. sinensis",0,TRUE
"DM","Overlap10",5,"Mb-177","ABR33","M. sacchariflorus",1,TRUE
"DM","Overlap10",5,"Mb-188","ABR33","M. x gig",1,TRUE
"DM","Overlap10",5,"Mb-2","ABR33","M. sinensis",1,TRUE
"DM","Overlap10",5,"Mb-221","ABR33","M. sinensis",0,TRUE
"DM","Overlap10",5,"Mb-226","ABR33","M. sacchariflorus",1,TRUE
"DM","Overlap10",5,"Mb-229","ABR33","M. sinensis",1,TRUE
"DM","Overlap10",5,"Mb-255","ABR33","M. sinensis",1,TRUE
"DM","Overlap10",5,"Mb-272","ABR33","M. sacchariflorus",1,TRUE
"DM","Overlap10",5,"Mb-297","ABR33","M. sacchariflorus",1,TRUE
"DM","Overlap10",5,"Mb-3","ABR33","M. sinensis",1,TRUE
"DM","Overlap10",5,"Mb-306","ABR33","M. sinensis",1,TRUE
"DM","Overlap10",5,"Mb-307","ABR33","M. x gig",0,TRUE
"DM","Overlap10",5,"Mb-308","ABR33","M. x gig",1,TRUE
"DM","Overlap10",5,"Mb-309","ABR33","M. x gig",1,TRUE
"DM","Overlap10",5,"Mb-31","ABR33","M. sinensis",1,TRUE
"DM","Overlap10",5,"Mb-310","ABR33","M. x gig",0,TRUE
"DM","Overlap10",5,"Mb-35","ABR33","M. sinensis",1,TRUE
"DM","Overlap10",5,"Mb-353","ABR33","M. sacchariflorus",0,TRUE
"DM","Overlap10",5,"Mb-37","ABR33","M. sinensis",1,TRUE
"DM","Overlap10",5,"Mb-383_1","ABR33","M. sacchariflorus",1,TRUE
"DM","Overlap10",5,"Mb-391","ABR33","M. sacchariflorus",0,TRUE
"DM","Overlap10",5,"Mb-393_1","ABR33","M. sacchariflorus",1,TRUE
"DM","Overlap10",5,"Mb-397","ABR33","M. sacchariflorus",1,TRUE
"DM","Overlap10",5,"Mb-399","ABR33","M. sacchariflorus",1,TRUE
"DM","Overlap10",5,"Mb-401","ABR33","M. sacchariflorus",1,TRUE
"DM","Overlap10",5,"Mb-411","ABR33","M. sacchariflorus",1,TRUE
"DM","Overlap10",5,"Mb-416","ABR33","M. sacchariflorus",0,TRUE
"DM","Overlap10",5,"Mb-425_1","ABR33","M. sacchariflorus",1,TRUE
"DM","Overlap10",5,"Mb-427_1","ABR33","M. sacchariflorus",1,TRUE
"DM","Overlap10",5,"Mb-431_1","ABR33","M. sacchariflorus",1,TRUE
"DM","Overlap10",5,"Mb-434_1","ABR33","M. sinensis",1,TRUE
"DM","Overlap10",5,"Mb-485_1","ABR33","M. sacchariflorus",1,TRUE
"DM","Overlap10",5,"Mb-486","ABR33","M. sacchariflorus",1,TRUE
"DM","Overlap10",5,"Mb-488_15","ABR33","M. sacchariflorus",1,TRUE
"DM","Overlap10",5,"Mb-490_10","ABR33","M. sacchariflorus",1,TRUE
"DM","Overlap10",5,"Mb-494_1","ABR33","M. sacchariflorus",1,TRUE
"DM","Overlap10",5,"Mb-498_1","ABR33","M. sacchariflorus",0,TRUE
"DM","Overlap10",5,"Mb-502_1","ABR33","M. sacchariflorus",1,TRUE
"DM","Overlap10",5,"Mb-505_1","ABR33","M. sacchariflorus",1,TRUE
"DM","Overlap10",5,"Mb-508","ABR33","M. sacchariflorus",1,TRUE
"DM","Overlap10",5,"Mb-526_13","ABR33","M. sinensis",1,TRUE
"DM","Overlap10",5,"Mb-527_1","ABR33","M. sinensis",1,TRUE
"DM","Overlap10",5,"Mb-533_1","ABR33","M. sinensis",1,TRUE
"DM","Overlap10",5,"Mb-539_1","ABR33","M. sinensis",1,TRUE
"DM","Overlap10",5,"Mb-585_1","ABR33","M. sinensis",0,TRUE
"DM","Overlap10",5,"Mb-628_1","ABR33","M. sacchariflorus",1,TRUE
"DM","Overlap10",5,"Mb-70","ABR33","M. sinensis",0,TRUE
"DM","Overlap10",5,"Mb-72","ABR33","M. x gig",0,TRUE
"DM","Overlap10",5,"Mb-74","ABR33","M. sinensis",1,TRUE
"DM","Overlap10",5,"Mb-76","ABR33","M. sacchariflorus",1,TRUE
"DM","Overlap10",5,"Mb-770_18","ABR33","M. sacchariflorus",1,TRUE
"DM","Overlap10",5,"Mb-779_14","ABR33","M. sacchariflorus",1,TRUE
"DM","Overlap10",5,"Mb-787_13","ABR33","M. sacchariflorus",1,TRUE
"DM","Overlap10",5,"Mb-810_11","ABR33","M. sacchariflorus",0,TRUE
"DM","Overlap10",5,"Mb-819_19","ABR33","M. sacchariflorus",1,TRUE
"DM","Overlap10",5,"Mb-851_1","ABR33","M. sinensis",1,TRUE
"DM","Overlap10",5,"Mb-86","ABR33","M. sinensis",1,TRUE
"DM","Overlap10",5,"Mb-884_1","ABR33","M. sacchariflorus",1,TRUE
"DM","Overlap10",5,"Mb-893_11","ABR33","M. sinensis",1,TRUE
"DM","Overlap10",5,"Mb-9","ABR33","M. sinensis",1,TRUE
"DM","Overlap10",5,"Mb-910_11","ABR33","M. sinensis",1,TRUE
"DM","Overlap10",5,"Mb-913_17","ABR33","M. sacchariflorus",0,TRUE
"DM","Overlap10",5,"Mb-914_13","ABR33","M. sinensis",1,TRUE
"DM","Overlap10",5,"Mb-928_18","ABR33","M. sinensis",1,TRUE
"DM","Overlap10",5,"Mb-930","ABR33","M. sinensis",0,TRUE
"DM","Overlap10",5,"Mb-931_12","ABR33","M. sinensis",1,TRUE
"DM","Overlap10",5,"Mb-933_11","ABR33","M. sinensis",1,TRUE
"DM","Overlap10",5,"Mb-935_13","ABR33","M. sinensis",1,TRUE
"DM","Overlap10",5,"Mb-94","ABR33","M. sacchariflorus",0,TRUE
"DM","Overlap10",5,"Mb-956_19","ABR33","M. sacchariflorus",1,TRUE
"DM","Overlap10",5,"Mb-958_19","ABR33","M. sacchariflorus",1,TRUE
"DM","Overlap10",5,"Mb-960_20","ABR33","M. sinensis",1,TRUE
"DM","Overlap10",5,"Mb-961_16","ABR33","M. sacchariflorus",1,TRUE
"DM","Overlap10",5,"Mb-965_15","ABR33","M. sacchariflorus",1,TRUE
"DM","Overlap10",5,"Mb-969_18","ABR33","M. sacchariflorus",1,TRUE
"DM","Overlap10",5,"Mb-974_19","ABR33","M. sinensis",1,TRUE
"DM","Overlap10",5,"Mb-99","ABR33","M. sinensis",1,TRUE
"DM","Overlap10",5,"Mx-1548_12","ABR33","M. x gig",1,TRUE
"DM","Overlap10",5,"Mx-1915_12","ABR33","M. x gig",0,TRUE
"DM","Overlap10",5,"Mx-1932_13","ABR33","M. x gig",1,TRUE
"DM","Overlap10",5,"Mx-1933_11","ABR33","M. x gig",1,TRUE
"DM","Overlap10",5,"Mx-1956_15","ABR33","M. x gig",1,TRUE
"DM","Overlap10",5,"Mx-2446_1","ABR33","M. x gig",0,TRUE
"DM","Overlap10",5,"Mx-2470_5","ABR33","M. sacchariflorus",0,TRUE
"DM","Overlap10",5,"Mx-437_90","ABR33","M. x gig",1,TRUE
"DM","Overlap10",5,"Mb-102","JKI","M. sinensis",0,TRUE
"DM","Overlap10",5,"Mb-1037_52","JKI","M. sacchariflorus",1,TRUE
"DM","Overlap10",5,"Mb-104","JKI","M. x gig",1,TRUE
"DM","Overlap10",5,"Mb-1040_17","JKI","M. sacchariflorus",1,TRUE
"DM","Overlap10",5,"Mb-1043_32","JKI","M. sacchariflorus",1,TRUE
"DM","Overlap10",5,"Mb-1044_50","JKI","M. sacchariflorus",1,TRUE
"DM","Overlap10",5,"Mb-1056_31","JKI","M. sacchariflorus",1,TRUE
"DM","Overlap10",5,"Mb-1067_18","JKI","M. sacchariflorus",1,TRUE
"DM","Overlap10",5,"Mb-1086_54","JKI","M. x gig",1,TRUE
"DM","Overlap10",5,"Mb-109","JKI","M. sinensis",1,TRUE
"DM","Overlap10",5,"Mb-110","JKI","M. sinensis",1,TRUE
"DM","Overlap10",5,"Mb-111","JKI","M. sinensis",1,TRUE
"DM","Overlap10",5,"Mb-113","JKI","M. sinensis",1,TRUE
"DM","Overlap10",5,"Mb-1130_51","JKI","M. x gig",1,TRUE
"DM","Overlap10",5,"Mb-1132_52","JKI","M. x gig",1,TRUE
"DM","Overlap10",5,"Mb-1139_19","JKI","M. sinensis",1,FALSE
"DM","Overlap10",5,"Mb-1147_12","JKI","M. sinensis",1,TRUE
"DM","Overlap10",5,"Mb-115","JKI","M. sinensis",1,TRUE
"DM","Overlap10",5,"Mb-1153_20","JKI","M. sinensis",1,TRUE
"DM","Overlap10",5,"Mb-1155_33","JKI","M. sacchariflorus",1,TRUE
"DM","Overlap10",5,"Mb-1156_13","JKI","M. sinensis",0,TRUE
"DM","Overlap10",5,"Mb-1162_20","JKI","M. sacchariflorus",1,TRUE
"DM","Overlap10",5,"Mb-1182_16","JKI","M. sinensis",0,TRUE
"DM","Overlap10",5,"Mb-1205_12","JKI","M. sinensis",1,TRUE
"DM","Overlap10",5,"Mb-1231_18","JKI","M. sinensis",1,TRUE
"DM","Overlap10",5,"Mb-1238_1","JKI","M. sinensis",1,TRUE
"DM","Overlap10",5,"Mb-1261_15","JKI","M. sacchariflorus",0,TRUE
"DM","Overlap10",5,"Mb-1353_14","JKI","M. sacchariflorus",1,TRUE
"DM","Overlap10",5,"Mb-14","JKI","M. sinensis",1,TRUE
"DM","Overlap10",5,"Mb-140","JKI","M. sacchariflorus",1,TRUE
"DM","Overlap10",5,"Mb-142","JKI","M. sacchariflorus",1,TRUE
"DM","Overlap10",5,"Mb-144","JKI","M. sacchariflorus",1,TRUE
"DM","Overlap10",5,"Mb-146","JKI","M. sacchariflorus",1,TRUE
"DM","Overlap10",5,"Mb-147","JKI","M. x gig",1,TRUE
"DM","Overlap10",5,"Mb-148","JKI","M. x gig",1,TRUE
"DM","Overlap10",5,"Mb-1485_42","JKI","M. x gig",1,TRUE
"DM","Overlap10",5,"Mb-1486_1","JKI","M. x gig",1,TRUE
"DM","Overlap10",5,"Mb-149","JKI","M. x gig",0,TRUE
"DM","Overlap10",5,"Mb-166","JKI","M. sacchariflorus",1,TRUE
"DM","Overlap10",5,"Mb-167","JKI","M. sinensis",1,TRUE
"DM","Overlap10",5,"Mb-177","JKI","M. sacchariflorus",1,TRUE
"DM","Overlap10",5,"Mb-188","JKI","M. x gig",1,TRUE
"DM","Overlap10",5,"Mb-2","JKI","M. sinensis",0,TRUE
"DM","Overlap10",5,"Mb-221","JKI","M. sinensis",0,TRUE
"DM","Overlap10",5,"Mb-226","JKI","M. sacchariflorus",1,TRUE
"DM","Overlap10",5,"Mb-229","JKI","M. sinensis",1,TRUE
"DM","Overlap10",5,"Mb-255","JKI","M. sinensis",1,TRUE
"DM","Overlap10",5,"Mb-272","JKI","M. sacchariflorus",1,TRUE
"DM","Overlap10",5,"Mb-297","JKI","M. sacchariflorus",0,TRUE
"DM","Overlap10",5,"Mb-3","JKI","M. sinensis",1,TRUE
"DM","Overlap10",5,"Mb-306","JKI","M. sinensis",1,TRUE
"DM","Overlap10",5,"Mb-307","JKI","M. x gig",1,TRUE
"DM","Overlap10",5,"Mb-308","JKI","M. x gig",1,TRUE
"DM","Overlap10",5,"Mb-309","JKI","M. x gig",1,TRUE
"DM","Overlap10",5,"Mb-31","JKI","M. sinensis",1,TRUE
"DM","Overlap10",5,"Mb-310","JKI","M. x gig",1,TRUE
"DM","Overlap10",5,"Mb-35","JKI","M. sinensis",1,TRUE
"DM","Overlap10",5,"Mb-353","JKI","M. sacchariflorus",1,TRUE
"DM","Overlap10",5,"Mb-37","JKI","M. sinensis",1,TRUE
"DM","Overlap10",5,"Mb-383_1","JKI","M. sacchariflorus",1,TRUE
"DM","Overlap10",5,"Mb-391","JKI","M. sacchariflorus",0,TRUE
"DM","Overlap10",5,"Mb-393_1","JKI","M. sacchariflorus",1,TRUE
"DM","Overlap10",5,"Mb-397","JKI","M. sacchariflorus",1,TRUE
"DM","Overlap10",5,"Mb-399","JKI","M. sacchariflorus",0,TRUE
"DM","Overlap10",5,"Mb-401","JKI","M. sacchariflorus",1,TRUE
"DM","Overlap10",5,"Mb-411","JKI","M. sacchariflorus",1,TRUE
"DM","Overlap10",5,"Mb-416","JKI","M. sacchariflorus",0,TRUE
"DM","Overlap10",5,"Mb-425_1","JKI","M. sacchariflorus",1,TRUE
"DM","Overlap10",5,"Mb-427_1","JKI","M. sacchariflorus",0,TRUE
"DM","Overlap10",5,"Mb-431_1","JKI","M. sacchariflorus",1,TRUE
"DM","Overlap10",5,"Mb-434_1","JKI","M. sinensis",1,TRUE
"DM","Overlap10",5,"Mb-485_1","JKI","M. sacchariflorus",1,TRUE
"DM","Overlap10",5,"Mb-486","JKI","M. sacchariflorus",1,TRUE
"DM","Overlap10",5,"Mb-488_15","JKI","M. sacchariflorus",1,TRUE
"DM","Overlap10",5,"Mb-490_10","JKI","M. sacchariflorus",1,TRUE
"DM","Overlap10",5,"Mb-494_1","JKI","M. sacchariflorus",1,TRUE
"DM","Overlap10",5,"Mb-498_1","JKI","M. sacchariflorus",1,TRUE
"DM","Overlap10",5,"Mb-502_1","JKI","M. sacchariflorus",1,TRUE
"DM","Overlap10",5,"Mb-505_1","JKI","M. sacchariflorus",1,TRUE
"DM","Overlap10",5,"Mb-508","JKI","M. sacchariflorus",1,TRUE
"DM","Overlap10",5,"Mb-526_13","JKI","M. sinensis",1,TRUE
"DM","Overlap10",5,"Mb-527_1","JKI","M. sinensis",0,TRUE
"DM","Overlap10",5,"Mb-533_1","JKI","M. sinensis",1,TRUE
"DM","Overlap10",5,"Mb-539_1","JKI","M. sinensis",1,TRUE
"DM","Overlap10",5,"Mb-585_1","JKI","M. sinensis",0,TRUE
"DM","Overlap10",5,"Mb-628_1","JKI","M. sacchariflorus",1,TRUE
"DM","Overlap10",5,"Mb-70","JKI","M. sinensis",0,TRUE
"DM","Overlap10",5,"Mb-72","JKI","M. x gig",1,TRUE
"DM","Overlap10",5,"Mb-74","JKI","M. sinensis",1,TRUE
"DM","Overlap10",5,"Mb-76","JKI","M. sacchariflorus",1,TRUE
"DM","Overlap10",5,"Mb-770_18","JKI","M. sacchariflorus",0,TRUE
"DM","Overlap10",5,"Mb-779_14","JKI","M. sacchariflorus",1,TRUE
"DM","Overlap10",5,"Mb-787_13","JKI","M. sacchariflorus",1,TRUE
"DM","Overlap10",5,"Mb-810_11","JKI","M. sacchariflorus",0,TRUE
"DM","Overlap10",5,"Mb-819_19","JKI","M. sacchariflorus",0,TRUE
"DM","Overlap10",5,"Mb-851_1","JKI","M. sinensis",1,TRUE
"DM","Overlap10",5,"Mb-86","JKI","M. sinensis",1,TRUE
"DM","Overlap10",5,"Mb-884_1","JKI","M. sacchariflorus",1,TRUE
"DM","Overlap10",5,"Mb-893_11","JKI","M. sinensis",0,TRUE
"DM","Overlap10",5,"Mb-9","JKI","M. sinensis",1,TRUE
"DM","Overlap10",5,"Mb-910_11","JKI","M. sinensis",1,TRUE
"DM","Overlap10",5,"Mb-913_17","JKI","M. sacchariflorus",1,TRUE
"DM","Overlap10",5,"Mb-914_13","JKI","M. sinensis",1,TRUE
"DM","Overlap10",5,"Mb-928_18","JKI","M. sinensis",1,TRUE
"DM","Overlap10",5,"Mb-930","JKI","M. sinensis",0,TRUE
"DM","Overlap10",5,"Mb-931_12","JKI","M. sinensis",1,TRUE
"DM","Overlap10",5,"Mb-933_11","JKI","M. sinensis",0,TRUE
"DM","Overlap10",5,"Mb-935_13","JKI","M. sinensis",1,TRUE
"DM","Overlap10",5,"Mb-94","JKI","M. sacchariflorus",0,TRUE
"DM","Overlap10",5,"Mb-956_19","JKI","M. sacchariflorus",1,TRUE
"DM","Overlap10",5,"Mb-958_19","JKI","M. sacchariflorus",1,TRUE
"DM","Overlap10",5,"Mb-960_20","JKI","M. sinensis",1,TRUE
"DM","Overlap10",5,"Mb-961_16","JKI","M. sacchariflorus",1,TRUE
"DM","Overlap10",5,"Mb-965_15","JKI","M. sacchariflorus",1,TRUE
"DM","Overlap10",5,"Mb-969_18","JKI","M. sacchariflorus",1,TRUE
"DM","Overlap10",5,"Mb-974_19","JKI","M. sinensis",1,TRUE
"DM","Overlap10",5,"Mb-99","JKI","M. sinensis",0,TRUE
"DM","Overlap10",5,"Mx-1548_12","JKI","M. x gig",1,TRUE
"DM","Overlap10",5,"Mx-1915_12","JKI","M. x gig",1,TRUE
"DM","Overlap10",5,"Mx-1932_13","JKI","M. x gig",0,TRUE
"DM","Overlap10",5,"Mx-1933_11","JKI","M. x gig",1,TRUE
"DM","Overlap10",5,"Mx-1956_15","JKI","M. x gig",0,TRUE
"DM","Overlap10",5,"Mx-2446_1","JKI","M. x gig",1,TRUE
"DM","Overlap10",5,"Mx-2470_5","JKI","M. sacchariflorus",1,TRUE
"DM","Overlap10",5,"Mx-437_90","JKI","M. x gig",1,TRUE
"DM","Overlap10",6,"Mb-102","ABR33","M. sinensis",1,TRUE
"DM","Overlap10",6,"Mb-1037_52","ABR33","M. sacchariflorus",1,TRUE
"DM","Overlap10",6,"Mb-104","ABR33","M. x gig",1,TRUE
"DM","Overlap10",6,"Mb-1040_17","ABR33","M. sacchariflorus",1,TRUE
"DM","Overlap10",6,"Mb-1043_32","ABR33","M. sacchariflorus",0,TRUE
"DM","Overlap10",6,"Mb-1044_50","ABR33","M. sacchariflorus",1,TRUE
"DM","Overlap10",6,"Mb-1056_31","ABR33","M. sacchariflorus",1,TRUE
"DM","Overlap10",6,"Mb-1067_18","ABR33","M. sacchariflorus",1,TRUE
"DM","Overlap10",6,"Mb-1086_54","ABR33","M. x gig",1,TRUE
"DM","Overlap10",6,"Mb-109","ABR33","M. sinensis",1,TRUE
"DM","Overlap10",6,"Mb-110","ABR33","M. sinensis",1,TRUE
"DM","Overlap10",6,"Mb-111","ABR33","M. sinensis",1,TRUE
"DM","Overlap10",6,"Mb-113","ABR33","M. sinensis",1,TRUE
"DM","Overlap10",6,"Mb-1130_51","ABR33","M. x gig",1,TRUE
"DM","Overlap10",6,"Mb-1132_52","ABR33","M. x gig",1,TRUE
"DM","Overlap10",6,"Mb-1139_19","ABR33","M. sinensis",1,TRUE
"DM","Overlap10",6,"Mb-1147_12","ABR33","M. sinensis",1,TRUE
"DM","Overlap10",6,"Mb-115","ABR33","M. sinensis",1,TRUE
"DM","Overlap10",6,"Mb-1153_20","ABR33","M. sinensis",1,TRUE
"DM","Overlap10",6,"Mb-1155_33","ABR33","M. sacchariflorus",1,TRUE
"DM","Overlap10",6,"Mb-1156_13","ABR33","M. sinensis",1,TRUE
"DM","Overlap10",6,"Mb-1162_20","ABR33","M. sacchariflorus",0,TRUE
"DM","Overlap10",6,"Mb-1182_16","ABR33","M. sinensis",1,TRUE
"DM","Overlap10",6,"Mb-1205_12","ABR33","M. sinensis",0,TRUE
"DM","Overlap10",6,"Mb-1231_18","ABR33","M. sinensis",0,TRUE
"DM","Overlap10",6,"Mb-1238_1","ABR33","M. sinensis",1,TRUE
"DM","Overlap10",6,"Mb-1261_15","ABR33","M. sacchariflorus",0,TRUE
"DM","Overlap10",6,"Mb-1353_14","ABR33","M. sacchariflorus",0,TRUE
"DM","Overlap10",6,"Mb-14","ABR33","M. sinensis",1,TRUE
"DM","Overlap10",6,"Mb-140","ABR33","M. sacchariflorus",0,TRUE
"DM","Overlap10",6,"Mb-142","ABR33","M. sacchariflorus",1,TRUE
"DM","Overlap10",6,"Mb-144","ABR33","M. sacchariflorus",1,TRUE
"DM","Overlap10",6,"Mb-146","ABR33","M. sacchariflorus",1,TRUE
"DM","Overlap10",6,"Mb-147","ABR33","M. x gig",0,TRUE
"DM","Overlap10",6,"Mb-148","ABR33","M. x gig",0,TRUE
"DM","Overlap10",6,"Mb-1485_42","ABR33","M. x gig",1,TRUE
"DM","Overlap10",6,"Mb-1486_1","ABR33","M. x gig",1,TRUE
"DM","Overlap10",6,"Mb-149","ABR33","M. x gig",1,TRUE
"DM","Overlap10",6,"Mb-166","ABR33","M. sacchariflorus",1,TRUE
"DM","Overlap10",6,"Mb-167","ABR33","M. sinensis",1,TRUE
"DM","Overlap10",6,"Mb-177","ABR33","M. sacchariflorus",1,TRUE
"DM","Overlap10",6,"Mb-188","ABR33","M. x gig",1,TRUE
"DM","Overlap10",6,"Mb-2","ABR33","M. sinensis",0,TRUE
"DM","Overlap10",6,"Mb-221","ABR33","M. sinensis",1,TRUE
"DM","Overlap10",6,"Mb-226","ABR33","M. sacchariflorus",1,TRUE
"DM","Overlap10",6,"Mb-229","ABR33","M. sinensis",1,TRUE
"DM","Overlap10",6,"Mb-255","ABR33","M. sinensis",1,TRUE
"DM","Overlap10",6,"Mb-272","ABR33","M. sacchariflorus",1,TRUE
"DM","Overlap10",6,"Mb-297","ABR33","M. sacchariflorus",1,TRUE
"DM","Overlap10",6,"Mb-3","ABR33","M. sinensis",1,TRUE
"DM","Overlap10",6,"Mb-306","ABR33","M. sinensis",1,TRUE
"DM","Overlap10",6,"Mb-307","ABR33","M. x gig",1,TRUE
"DM","Overlap10",6,"Mb-308","ABR33","M. x gig",1,TRUE
"DM","Overlap10",6,"Mb-309","ABR33","M. x gig",1,TRUE
"DM","Overlap10",6,"Mb-31","ABR33","M. sinensis",0,TRUE
"DM","Overlap10",6,"Mb-310","ABR33","M. x gig",1,TRUE
"DM","Overlap10",6,"Mb-35","ABR33","M. sinensis",1,TRUE
"DM","Overlap10",6,"Mb-353","ABR33","M. sacchariflorus",0,TRUE
"DM","Overlap10",6,"Mb-37","ABR33","M. sinensis",1,TRUE
"DM","Overlap10",6,"Mb-383_1","ABR33","M. sacchariflorus",1,TRUE
"DM","Overlap10",6,"Mb-391","ABR33","M. sacchariflorus",1,TRUE
"DM","Overlap10",6,"Mb-393_1","ABR33","M. sacchariflorus",0,TRUE
"DM","Overlap10",6,"Mb-397","ABR33","M. sacchariflorus",1,TRUE
"DM","Overlap10",6,"Mb-399","ABR33","M. sacchariflorus",1,TRUE
"DM","Overlap10",6,"Mb-401","ABR33","M. sacchariflorus",1,TRUE
"DM","Overlap10",6,"Mb-411","ABR33","M. sacchariflorus",1,TRUE
"DM","Overlap10",6,"Mb-416","ABR33","M. sacchariflorus",1,TRUE
"DM","Overlap10",6,"Mb-425_1","ABR33","M. sacchariflorus",1,TRUE
"DM","Overlap10",6,"Mb-427_1","ABR33","M. sacchariflorus",0,TRUE
"DM","Overlap10",6,"Mb-431_1","ABR33","M. sacchariflorus",1,TRUE
"DM","Overlap10",6,"Mb-434_1","ABR33","M. sinensis",1,TRUE
"DM","Overlap10",6,"Mb-485_1","ABR33","M. sacchariflorus",1,TRUE
"DM","Overlap10",6,"Mb-486","ABR33","M. sacchariflorus",1,TRUE
"DM","Overlap10",6,"Mb-488_15","ABR33","M. sacchariflorus",1,TRUE
"DM","Overlap10",6,"Mb-490_10","ABR33","M. sacchariflorus",1,TRUE
"DM","Overlap10",6,"Mb-494_1","ABR33","M. sacchariflorus",1,TRUE
"DM","Overlap10",6,"Mb-498_1","ABR33","M. sacchariflorus",1,TRUE
"DM","Overlap10",6,"Mb-502_1","ABR33","M. sacchariflorus",1,TRUE
"DM","Overlap10",6,"Mb-505_1","ABR33","M. sacchariflorus",1,TRUE
"DM","Overlap10",6,"Mb-508","ABR33","M. sacchariflorus",1,TRUE
"DM","Overlap10",6,"Mb-526_13","ABR33","M. sinensis",1,TRUE
"DM","Overlap10",6,"Mb-527_1","ABR33","M. sinensis",1,TRUE
"DM","Overlap10",6,"Mb-533_1","ABR33","M. sinensis",1,TRUE
"DM","Overlap10",6,"Mb-539_1","ABR33","M. sinensis",1,TRUE
"DM","Overlap10",6,"Mb-585_1","ABR33","M. sinensis",0,TRUE
"DM","Overlap10",6,"Mb-628_1","ABR33","M. sacchariflorus",1,TRUE
"DM","Overlap10",6,"Mb-70","ABR33","M. sinensis",1,TRUE
"DM","Overlap10",6,"Mb-72","ABR33","M. x gig",1,TRUE
"DM","Overlap10",6,"Mb-74","ABR33","M. sinensis",1,TRUE
"DM","Overlap10",6,"Mb-76","ABR33","M. sacchariflorus",0,TRUE
"DM","Overlap10",6,"Mb-770_18","ABR33","M. sacchariflorus",1,TRUE
"DM","Overlap10",6,"Mb-779_14","ABR33","M. sacchariflorus",1,TRUE
"DM","Overlap10",6,"Mb-787_13","ABR33","M. sacchariflorus",1,TRUE
"DM","Overlap10",6,"Mb-810_11","ABR33","M. sacchariflorus",0,TRUE
"DM","Overlap10",6,"Mb-819_19","ABR33","M. sacchariflorus",0,TRUE
"DM","Overlap10",6,"Mb-851_1","ABR33","M. sinensis",1,TRUE
"DM","Overlap10",6,"Mb-86","ABR33","M. sinensis",0,TRUE
"DM","Overlap10",6,"Mb-884_1","ABR33","M. sacchariflorus",1,TRUE
"DM","Overlap10",6,"Mb-893_11","ABR33","M. sinensis",1,TRUE
"DM","Overlap10",6,"Mb-9","ABR33","M. sinensis",1,TRUE
"DM","Overlap10",6,"Mb-910_11","ABR33","M. sinensis",1,TRUE
"DM","Overlap10",6,"Mb-913_17","ABR33","M. sacchariflorus",1,TRUE
"DM","Overlap10",6,"Mb-914_13","ABR33","M. sinensis",1,TRUE
"DM","Overlap10",6,"Mb-928_18","ABR33","M. sinensis",0,TRUE
"DM","Overlap10",6,"Mb-930","ABR33","M. sinensis",1,TRUE
"DM","Overlap10",6,"Mb-931_12","ABR33","M. sinensis",0,TRUE
"DM","Overlap10",6,"Mb-933_11","ABR33","M. sinensis",1,TRUE
"DM","Overlap10",6,"Mb-935_13","ABR33","M. sinensis",1,TRUE
"DM","Overlap10",6,"Mb-94","ABR33","M. sacchariflorus",1,TRUE
"DM","Overlap10",6,"Mb-956_19","ABR33","M. sacchariflorus",0,TRUE
"DM","Overlap10",6,"Mb-958_19","ABR33","M. sacchariflorus",1,TRUE
"DM","Overlap10",6,"Mb-960_20","ABR33","M. sinensis",1,TRUE
"DM","Overlap10",6,"Mb-961_16","ABR33","M. sacchariflorus",0,TRUE
"DM","Overlap10",6,"Mb-965_15","ABR33","M. sacchariflorus",1,TRUE
"DM","Overlap10",6,"Mb-969_18","ABR33","M. sacchariflorus",0,TRUE
"DM","Overlap10",6,"Mb-974_19","ABR33","M. sinensis",1,TRUE
"DM","Overlap10",6,"Mb-99","ABR33","M. sinensis",1,TRUE
"DM","Overlap10",6,"Mx-1548_12","ABR33","M. x gig",0,TRUE
"DM","Overlap10",6,"Mx-1915_12","ABR33","M. x gig",1,TRUE
"DM","Overlap10",6,"Mx-1932_13","ABR33","M. x gig",1,TRUE
"DM","Overlap10",6,"Mx-1933_11","ABR33","M. x gig",1,TRUE
"DM","Overlap10",6,"Mx-1956_15","ABR33","M. x gig",1,TRUE
"DM","Overlap10",6,"Mx-2446_1","ABR33","M. x gig",1,TRUE
"DM","Overlap10",6,"Mx-2470_5","ABR33","M. sacchariflorus",1,TRUE
"DM","Overlap10",6,"Mx-437_90","ABR33","M. x gig",1,TRUE
"DM","Overlap10",6,"Mb-102","JKI","M. sinensis",1,TRUE
"DM","Overlap10",6,"Mb-1037_52","JKI","M. sacchariflorus",1,TRUE
"DM","Overlap10",6,"Mb-104","JKI","M. x gig",1,TRUE
"DM","Overlap10",6,"Mb-1040_17","JKI","M. sacchariflorus",1,TRUE
"DM","Overlap10",6,"Mb-1043_32","JKI","M. sacchariflorus",0,TRUE
"DM","Overlap10",6,"Mb-1044_50","JKI","M. sacchariflorus",1,TRUE
"DM","Overlap10",6,"Mb-1056_31","JKI","M. sacchariflorus",1,TRUE
"DM","Overlap10",6,"Mb-1067_18","JKI","M. sacchariflorus",1,TRUE
"DM","Overlap10",6,"Mb-1086_54","JKI","M. x gig",1,TRUE
"DM","Overlap10",6,"Mb-109","JKI","M. sinensis",1,TRUE
"DM","Overlap10",6,"Mb-110","JKI","M. sinensis",1,TRUE
"DM","Overlap10",6,"Mb-111","JKI","M. sinensis",1,TRUE
"DM","Overlap10",6,"Mb-113","JKI","M. sinensis",1,TRUE
"DM","Overlap10",6,"Mb-1130_51","JKI","M. x gig",1,TRUE
"DM","Overlap10",6,"Mb-1132_52","JKI","M. x gig",1,TRUE
"DM","Overlap10",6,"Mb-1139_19","JKI","M. sinensis",1,FALSE
"DM","Overlap10",6,"Mb-1147_12","JKI","M. sinensis",1,TRUE
"DM","Overlap10",6,"Mb-115","JKI","M. sinensis",1,TRUE
"DM","Overlap10",6,"Mb-1153_20","JKI","M. sinensis",1,TRUE
"DM","Overlap10",6,"Mb-1155_33","JKI","M. sacchariflorus",1,TRUE
"DM","Overlap10",6,"Mb-1156_13","JKI","M. sinensis",1,TRUE
"DM","Overlap10",6,"Mb-1162_20","JKI","M. sacchariflorus",1,TRUE
"DM","Overlap10",6,"Mb-1182_16","JKI","M. sinensis",1,TRUE
"DM","Overlap10",6,"Mb-1205_12","JKI","M. sinensis",1,TRUE
"DM","Overlap10",6,"Mb-1231_18","JKI","M. sinensis",1,TRUE
"DM","Overlap10",6,"Mb-1238_1","JKI","M. sinensis",1,TRUE
"DM","Overlap10",6,"Mb-1261_15","JKI","M. sacchariflorus",1,TRUE
"DM","Overlap10",6,"Mb-1353_14","JKI","M. sacchariflorus",0,TRUE
"DM","Overlap10",6,"Mb-14","JKI","M. sinensis",1,TRUE
"DM","Overlap10",6,"Mb-140","JKI","M. sacchariflorus",1,TRUE
"DM","Overlap10",6,"Mb-142","JKI","M. sacchariflorus",0,TRUE
"DM","Overlap10",6,"Mb-144","JKI","M. sacchariflorus",1,TRUE
"DM","Overlap10",6,"Mb-146","JKI","M. sacchariflorus",1,TRUE
"DM","Overlap10",6,"Mb-147","JKI","M. x gig",1,TRUE
"DM","Overlap10",6,"Mb-148","JKI","M. x gig",1,TRUE
"DM","Overlap10",6,"Mb-1485_42","JKI","M. x gig",1,TRUE
"DM","Overlap10",6,"Mb-1486_1","JKI","M. x gig",0,TRUE
"DM","Overlap10",6,"Mb-149","JKI","M. x gig",1,TRUE
"DM","Overlap10",6,"Mb-166","JKI","M. sacchariflorus",1,TRUE
"DM","Overlap10",6,"Mb-167","JKI","M. sinensis",0,TRUE
"DM","Overlap10",6,"Mb-177","JKI","M. sacchariflorus",1,TRUE
"DM","Overlap10",6,"Mb-188","JKI","M. x gig",1,TRUE
"DM","Overlap10",6,"Mb-2","JKI","M. sinensis",1,TRUE
"DM","Overlap10",6,"Mb-221","JKI","M. sinensis",1,TRUE
"DM","Overlap10",6,"Mb-226","JKI","M. sacchariflorus",1,TRUE
"DM","Overlap10",6,"Mb-229","JKI","M. sinensis",1,TRUE
"DM","Overlap10",6,"Mb-255","JKI","M. sinensis",0,TRUE
"DM","Overlap10",6,"Mb-272","JKI","M. sacchariflorus",1,TRUE
"DM","Overlap10",6,"Mb-297","JKI","M. sacchariflorus",1,TRUE
"DM","Overlap10",6,"Mb-3","JKI","M. sinensis",1,TRUE
"DM","Overlap10",6,"Mb-306","JKI","M. sinensis",1,TRUE
"DM","Overlap10",6,"Mb-307","JKI","M. x gig",1,TRUE
"DM","Overlap10",6,"Mb-308","JKI","M. x gig",1,TRUE
"DM","Overlap10",6,"Mb-309","JKI","M. x gig",1,TRUE
"DM","Overlap10",6,"Mb-31","JKI","M. sinensis",0,TRUE
"DM","Overlap10",6,"Mb-310","JKI","M. x gig",1,TRUE
"DM","Overlap10",6,"Mb-35","JKI","M. sinensis",0,TRUE
"DM","Overlap10",6,"Mb-353","JKI","M. sacchariflorus",1,TRUE
"DM","Overlap10",6,"Mb-37","JKI","M. sinensis",1,TRUE
"DM","Overlap10",6,"Mb-383_1","JKI","M. sacchariflorus",1,TRUE
"DM","Overlap10",6,"Mb-391","JKI","M. sacchariflorus",0,TRUE
"DM","Overlap10",6,"Mb-393_1","JKI","M. sacchariflorus",0,TRUE
"DM","Overlap10",6,"Mb-397","JKI","M. sacchariflorus",1,TRUE
"DM","Overlap10",6,"Mb-399","JKI","M. sacchariflorus",1,TRUE
"DM","Overlap10",6,"Mb-401","JKI","M. sacchariflorus",1,TRUE
"DM","Overlap10",6,"Mb-411","JKI","M. sacchariflorus",1,TRUE
"DM","Overlap10",6,"Mb-416","JKI","M. sacchariflorus",1,TRUE
"DM","Overlap10",6,"Mb-425_1","JKI","M. sacchariflorus",1,TRUE
"DM","Overlap10",6,"Mb-427_1","JKI","M. sacchariflorus",1,TRUE
"DM","Overlap10",6,"Mb-431_1","JKI","M. sacchariflorus",1,TRUE
"DM","Overlap10",6,"Mb-434_1","JKI","M. sinensis",0,TRUE
"DM","Overlap10",6,"Mb-485_1","JKI","M. sacchariflorus",1,TRUE
"DM","Overlap10",6,"Mb-486","JKI","M. sacchariflorus",1,TRUE
"DM","Overlap10",6,"Mb-488_15","JKI","M. sacchariflorus",0,TRUE
"DM","Overlap10",6,"Mb-490_10","JKI","M. sacchariflorus",1,TRUE
"DM","Overlap10",6,"Mb-494_1","JKI","M. sacchariflorus",1,TRUE
"DM","Overlap10",6,"Mb-498_1","JKI","M. sacchariflorus",1,TRUE
"DM","Overlap10",6,"Mb-502_1","JKI","M. sacchariflorus",1,TRUE
"DM","Overlap10",6,"Mb-505_1","JKI","M. sacchariflorus",1,TRUE
"DM","Overlap10",6,"Mb-508","JKI","M. sacchariflorus",1,TRUE
"DM","Overlap10",6,"Mb-526_13","JKI","M. sinensis",0,TRUE
"DM","Overlap10",6,"Mb-527_1","JKI","M. sinensis",1,TRUE
"DM","Overlap10",6,"Mb-533_1","JKI","M. sinensis",1,TRUE
"DM","Overlap10",6,"Mb-539_1","JKI","M. sinensis",0,TRUE
"DM","Overlap10",6,"Mb-585_1","JKI","M. sinensis",0,TRUE
"DM","Overlap10",6,"Mb-628_1","JKI","M. sacchariflorus",0,TRUE
"DM","Overlap10",6,"Mb-70","JKI","M. sinensis",1,TRUE
"DM","Overlap10",6,"Mb-72","JKI","M. x gig",1,TRUE
"DM","Overlap10",6,"Mb-74","JKI","M. sinensis",1,TRUE
"DM","Overlap10",6,"Mb-76","JKI","M. sacchariflorus",0,TRUE
"DM","Overlap10",6,"Mb-770_18","JKI","M. sacchariflorus",1,TRUE
"DM","Overlap10",6,"Mb-779_14","JKI","M. sacchariflorus",1,TRUE
"DM","Overlap10",6,"Mb-787_13","JKI","M. sacchariflorus",1,TRUE
"DM","Overlap10",6,"Mb-810_11","JKI","M. sacchariflorus",0,TRUE
"DM","Overlap10",6,"Mb-819_19","JKI","M. sacchariflorus",0,TRUE
"DM","Overlap10",6,"Mb-851_1","JKI","M. sinensis",1,TRUE
"DM","Overlap10",6,"Mb-86","JKI","M. sinensis",1,TRUE
"DM","Overlap10",6,"Mb-884_1","JKI","M. sacchariflorus",1,TRUE
"DM","Overlap10",6,"Mb-893_11","JKI","M. sinensis",1,TRUE
"DM","Overlap10",6,"Mb-9","JKI","M. sinensis",1,TRUE
"DM","Overlap10",6,"Mb-910_11","JKI","M. sinensis",0,TRUE
"DM","Overlap10",6,"Mb-913_17","JKI","M. sacchariflorus",1,TRUE
"DM","Overlap10",6,"Mb-914_13","JKI","M. sinensis",1,TRUE
"DM","Overlap10",6,"Mb-928_18","JKI","M. sinensis",1,TRUE
"DM","Overlap10",6,"Mb-930","JKI","M. sinensis",1,TRUE
"DM","Overlap10",6,"Mb-931_12","JKI","M. sinensis",0,TRUE
"DM","Overlap10",6,"Mb-933_11","JKI","M. sinensis",1,TRUE
"DM","Overlap10",6,"Mb-935_13","JKI","M. sinensis",1,TRUE
"DM","Overlap10",6,"Mb-94","JKI","M. sacchariflorus",1,TRUE
"DM","Overlap10",6,"Mb-956_19","JKI","M. sacchariflorus",1,TRUE
"DM","Overlap10",6,"Mb-958_19","JKI","M. sacchariflorus",1,TRUE
"DM","Overlap10",6,"Mb-960_20","JKI","M. sinensis",0,TRUE
"DM","Overlap10",6,"Mb-961_16","JKI","M. sacchariflorus",0,TRUE
"DM","Overlap10",6,"Mb-965_15","JKI","M. sacchariflorus",1,TRUE
"DM","Overlap10",6,"Mb-969_18","JKI","M. sacchariflorus",1,TRUE
"DM","Overlap10",6,"Mb-974_19","JKI","M. sinensis",1,TRUE
"DM","Overlap10",6,"Mb-99","JKI","M. sinensis",1,TRUE
"DM","Overlap10",6,"Mx-1548_12","JKI","M. x gig",1,TRUE
"DM","Overlap10",6,"Mx-1915_12","JKI","M. x gig",1,TRUE
"DM","Overlap10",6,"Mx-1932_13","JKI","M. x gig",1,TRUE
"DM","Overlap10",6,"Mx-1933_11","JKI","M. x gig",1,TRUE
"DM","Overlap10",6,"Mx-1956_15","JKI","M. x gig",0,TRUE
"DM","Overlap10",6,"Mx-2446_1","JKI","M. x gig",1,TRUE
"DM","Overlap10",6,"Mx-2470_5","JKI","M. sacchariflorus",0,TRUE
"DM","Overlap10",6,"Mx-437_90","JKI","M. x gig",1,TRUE
"DM","Overlap10",7,"Mb-102","ABR33","M. sinensis",1,TRUE
"DM","Overlap10",7,"Mb-1037_52","ABR33","M. sacchariflorus",1,TRUE
"DM","Overlap10",7,"Mb-104","ABR33","M. x gig",1,TRUE
"DM","Overlap10",7,"Mb-1040_17","ABR33","M. sacchariflorus",1,TRUE
"DM","Overlap10",7,"Mb-1043_32","ABR33","M. sacchariflorus",1,TRUE
"DM","Overlap10",7,"Mb-1044_50","ABR33","M. sacchariflorus",1,TRUE
"DM","Overlap10",7,"Mb-1056_31","ABR33","M. sacchariflorus",1,TRUE
"DM","Overlap10",7,"Mb-1067_18","ABR33","M. sacchariflorus",0,TRUE
"DM","Overlap10",7,"Mb-1086_54","ABR33","M. x gig",1,TRUE
"DM","Overlap10",7,"Mb-109","ABR33","M. sinensis",1,TRUE
"DM","Overlap10",7,"Mb-110","ABR33","M. sinensis",1,TRUE
"DM","Overlap10",7,"Mb-111","ABR33","M. sinensis",0,TRUE
"DM","Overlap10",7,"Mb-113","ABR33","M. sinensis",1,TRUE
"DM","Overlap10",7,"Mb-1130_51","ABR33","M. x gig",0,TRUE
"DM","Overlap10",7,"Mb-1132_52","ABR33","M. x gig",1,TRUE
"DM","Overlap10",7,"Mb-1139_19","ABR33","M. sinensis",1,TRUE
"DM","Overlap10",7,"Mb-1147_12","ABR33","M. sinensis",1,TRUE
"DM","Overlap10",7,"Mb-115","ABR33","M. sinensis",1,TRUE
"DM","Overlap10",7,"Mb-1153_20","ABR33","M. sinensis",1,TRUE
"DM","Overlap10",7,"Mb-1155_33","ABR33","M. sacchariflorus",1,TRUE
"DM","Overlap10",7,"Mb-1156_13","ABR33","M. sinensis",1,TRUE
"DM","Overlap10",7,"Mb-1162_20","ABR33","M. sacchariflorus",1,TRUE
"DM","Overlap10",7,"Mb-1182_16","ABR33","M. sinensis",1,TRUE
"DM","Overlap10",7,"Mb-1205_12","ABR33","M. sinensis",1,TRUE
"DM","Overlap10",7,"Mb-1231_18","ABR33","M. sinensis",1,TRUE
"DM","Overlap10",7,"Mb-1238_1","ABR33","M. sinensis",1,TRUE
"DM","Overlap10",7,"Mb-1261_15","ABR33","M. sacchariflorus",1,TRUE
"DM","Overlap10",7,"Mb-1353_14","ABR33","M. sacchariflorus",1,TRUE
"DM","Overlap10",7,"Mb-14","ABR33","M. sinensis",1,TRUE
"DM","Overlap10",7,"Mb-140","ABR33","M. sacchariflorus",1,TRUE
"DM","Overlap10",7,"Mb-142","ABR33","M. sacchariflorus",1,TRUE
"DM","Overlap10",7,"Mb-144","ABR33","M. sacchariflorus",0,TRUE
"DM","Overlap10",7,"Mb-146","ABR33","M. sacchariflorus",1,TRUE
"DM","Overlap10",7,"Mb-147","ABR33","M. x gig",1,TRUE
"DM","Overlap10",7,"Mb-148","ABR33","M. x gig",1,TRUE
"DM","Overlap10",7,"Mb-1485_42","ABR33","M. x gig",1,TRUE
"DM","Overlap10",7,"Mb-1486_1","ABR33","M. x gig",1,TRUE
"DM","Overlap10",7,"Mb-149","ABR33","M. x gig",1,TRUE
"DM","Overlap10",7,"Mb-166","ABR33","M. sacchariflorus",1,TRUE
"DM","Overlap10",7,"Mb-167","ABR33","M. sinensis",1,TRUE
"DM","Overlap10",7,"Mb-177","ABR33","M. sacchariflorus",1,TRUE
"DM","Overlap10",7,"Mb-188","ABR33","M. x gig",1,TRUE
"DM","Overlap10",7,"Mb-2","ABR33","M. sinensis",1,TRUE
"DM","Overlap10",7,"Mb-221","ABR33","M. sinensis",1,TRUE
"DM","Overlap10",7,"Mb-226","ABR33","M. sacchariflorus",1,TRUE
"DM","Overlap10",7,"Mb-229","ABR33","M. sinensis",1,TRUE
"DM","Overlap10",7,"Mb-255","ABR33","M. sinensis",1,TRUE
"DM","Overlap10",7,"Mb-272","ABR33","M. sacchariflorus",1,TRUE
"DM","Overlap10",7,"Mb-297","ABR33","M. sacchariflorus",1,TRUE
"DM","Overlap10",7,"Mb-3","ABR33","M. sinensis",0,TRUE
"DM","Overlap10",7,"Mb-306","ABR33","M. sinensis",0,TRUE
"DM","Overlap10",7,"Mb-307","ABR33","M. x gig",0,TRUE
"DM","Overlap10",7,"Mb-308","ABR33","M. x gig",1,TRUE
"DM","Overlap10",7,"Mb-309","ABR33","M. x gig",0,TRUE
"DM","Overlap10",7,"Mb-31","ABR33","M. sinensis",1,TRUE
"DM","Overlap10",7,"Mb-310","ABR33","M. x gig",1,TRUE
"DM","Overlap10",7,"Mb-35","ABR33","M. sinensis",0,TRUE
"DM","Overlap10",7,"Mb-353","ABR33","M. sacchariflorus",1,TRUE
"DM","Overlap10",7,"Mb-37","ABR33","M. sinensis",1,TRUE
"DM","Overlap10",7,"Mb-383_1","ABR33","M. sacchariflorus",1,TRUE
"DM","Overlap10",7,"Mb-391","ABR33","M. sacchariflorus",1,TRUE
"DM","Overlap10",7,"Mb-393_1","ABR33","M. sacchariflorus",0,TRUE
"DM","Overlap10",7,"Mb-397","ABR33","M. sacchariflorus",1,TRUE
"DM","Overlap10",7,"Mb-399","ABR33","M. sacchariflorus",1,TRUE
"DM","Overlap10",7,"Mb-401","ABR33","M. sacchariflorus",1,TRUE
"DM","Overlap10",7,"Mb-411","ABR33","M. sacchariflorus",0,TRUE
"DM","Overlap10",7,"Mb-416","ABR33","M. sacchariflorus",0,TRUE
"DM","Overlap10",7,"Mb-425_1","ABR33","M. sacchariflorus",1,TRUE
"DM","Overlap10",7,"Mb-427_1","ABR33","M. sacchariflorus",1,TRUE
"DM","Overlap10",7,"Mb-431_1","ABR33","M. sacchariflorus",1,TRUE
"DM","Overlap10",7,"Mb-434_1","ABR33","M. sinensis",1,TRUE
"DM","Overlap10",7,"Mb-485_1","ABR33","M. sacchariflorus",1,TRUE
"DM","Overlap10",7,"Mb-486","ABR33","M. sacchariflorus",1,TRUE
"DM","Overlap10",7,"Mb-488_15","ABR33","M. sacchariflorus",1,TRUE
"DM","Overlap10",7,"Mb-490_10","ABR33","M. sacchariflorus",1,TRUE
"DM","Overlap10",7,"Mb-494_1","ABR33","M. sacchariflorus",0,TRUE
"DM","Overlap10",7,"Mb-498_1","ABR33","M. sacchariflorus",1,TRUE
"DM","Overlap10",7,"Mb-502_1","ABR33","M. sacchariflorus",1,TRUE
"DM","Overlap10",7,"Mb-505_1","ABR33","M. sacchariflorus",1,TRUE
"DM","Overlap10",7,"Mb-508","ABR33","M. sacchariflorus",1,TRUE
"DM","Overlap10",7,"Mb-526_13","ABR33","M. sinensis",1,TRUE
"DM","Overlap10",7,"Mb-527_1","ABR33","M. sinensis",0,TRUE
"DM","Overlap10",7,"Mb-533_1","ABR33","M. sinensis",1,TRUE
"DM","Overlap10",7,"Mb-539_1","ABR33","M. sinensis",1,TRUE
"DM","Overlap10",7,"Mb-585_1","ABR33","M. sinensis",1,TRUE
"DM","Overlap10",7,"Mb-628_1","ABR33","M. sacchariflorus",1,TRUE
"DM","Overlap10",7,"Mb-70","ABR33","M. sinensis",1,TRUE
"DM","Overlap10",7,"Mb-72","ABR33","M. x gig",1,TRUE
"DM","Overlap10",7,"Mb-74","ABR33","M. sinensis",0,TRUE
"DM","Overlap10",7,"Mb-76","ABR33","M. sacchariflorus",0,TRUE
"DM","Overlap10",7,"Mb-770_18","ABR33","M. sacchariflorus",0,TRUE
"DM","Overlap10",7,"Mb-779_14","ABR33","M. sacchariflorus",1,TRUE
"DM","Overlap10",7,"Mb-787_13","ABR33","M. sacchariflorus",1,TRUE
"DM","Overlap10",7,"Mb-810_11","ABR33","M. sacchariflorus",1,TRUE
"DM","Overlap10",7,"Mb-819_19","ABR33","M. sacchariflorus",1,TRUE
"DM","Overlap10",7,"Mb-851_1","ABR33","M. sinensis",1,TRUE
"DM","Overlap10",7,"Mb-86","ABR33","M. sinensis",1,TRUE
"DM","Overlap10",7,"Mb-884_1","ABR33","M. sacchariflorus",0,TRUE
"DM","Overlap10",7,"Mb-893_11","ABR33","M. sinensis",1,TRUE
"DM","Overlap10",7,"Mb-9","ABR33","M. sinensis",1,TRUE
"DM","Overlap10",7,"Mb-910_11","ABR33","M. sinensis",0,TRUE
"DM","Overlap10",7,"Mb-913_17","ABR33","M. sacchariflorus",1,TRUE
"DM","Overlap10",7,"Mb-914_13","ABR33","M. sinensis",1,TRUE
"DM","Overlap10",7,"Mb-928_18","ABR33","M. sinensis",1,TRUE
"DM","Overlap10",7,"Mb-930","ABR33","M. sinensis",1,TRUE
"DM","Overlap10",7,"Mb-931_12","ABR33","M. sinensis",1,TRUE
"DM","Overlap10",7,"Mb-933_11","ABR33","M. sinensis",1,TRUE
"DM","Overlap10",7,"Mb-935_13","ABR33","M. sinensis",1,TRUE
"DM","Overlap10",7,"Mb-94","ABR33","M. sacchariflorus",0,TRUE
"DM","Overlap10",7,"Mb-956_19","ABR33","M. sacchariflorus",1,TRUE
"DM","Overlap10",7,"Mb-958_19","ABR33","M. sacchariflorus",0,TRUE
"DM","Overlap10",7,"Mb-960_20","ABR33","M. sinensis",1,TRUE
"DM","Overlap10",7,"Mb-961_16","ABR33","M. sacchariflorus",1,TRUE
"DM","Overlap10",7,"Mb-965_15","ABR33","M. sacchariflorus",1,TRUE
"DM","Overlap10",7,"Mb-969_18","ABR33","M. sacchariflorus",0,TRUE
"DM","Overlap10",7,"Mb-974_19","ABR33","M. sinensis",1,TRUE
"DM","Overlap10",7,"Mb-99","ABR33","M. sinensis",1,TRUE
"DM","Overlap10",7,"Mx-1548_12","ABR33","M. x gig",0,TRUE
"DM","Overlap10",7,"Mx-1915_12","ABR33","M. x gig",0,TRUE
"DM","Overlap10",7,"Mx-1932_13","ABR33","M. x gig",1,TRUE
"DM","Overlap10",7,"Mx-1933_11","ABR33","M. x gig",1,TRUE
"DM","Overlap10",7,"Mx-1956_15","ABR33","M. x gig",1,TRUE
"DM","Overlap10",7,"Mx-2446_1","ABR33","M. x gig",1,TRUE
"DM","Overlap10",7,"Mx-2470_5","ABR33","M. sacchariflorus",1,TRUE
"DM","Overlap10",7,"Mx-437_90","ABR33","M. x gig",0,TRUE
"DM","Overlap10",7,"Mb-102","JKI","M. sinensis",1,TRUE
"DM","Overlap10",7,"Mb-1037_52","JKI","M. sacchariflorus",0,TRUE
"DM","Overlap10",7,"Mb-104","JKI","M. x gig",0,TRUE
"DM","Overlap10",7,"Mb-1040_17","JKI","M. sacchariflorus",1,TRUE
"DM","Overlap10",7,"Mb-1043_32","JKI","M. sacchariflorus",1,TRUE
"DM","Overlap10",7,"Mb-1044_50","JKI","M. sacchariflorus",1,TRUE
"DM","Overlap10",7,"Mb-1056_31","JKI","M. sacchariflorus",1,TRUE
"DM","Overlap10",7,"Mb-1067_18","JKI","M. sacchariflorus",1,TRUE
"DM","Overlap10",7,"Mb-1086_54","JKI","M. x gig",1,TRUE
"DM","Overlap10",7,"Mb-109","JKI","M. sinensis",1,TRUE
"DM","Overlap10",7,"Mb-110","JKI","M. sinensis",1,TRUE
"DM","Overlap10",7,"Mb-111","JKI","M. sinensis",1,TRUE
"DM","Overlap10",7,"Mb-113","JKI","M. sinensis",1,TRUE
"DM","Overlap10",7,"Mb-1130_51","JKI","M. x gig",0,TRUE
"DM","Overlap10",7,"Mb-1132_52","JKI","M. x gig",1,TRUE
"DM","Overlap10",7,"Mb-1139_19","JKI","M. sinensis",1,FALSE
"DM","Overlap10",7,"Mb-1147_12","JKI","M. sinensis",1,TRUE
"DM","Overlap10",7,"Mb-115","JKI","M. sinensis",1,TRUE
"DM","Overlap10",7,"Mb-1153_20","JKI","M. sinensis",1,TRUE
"DM","Overlap10",7,"Mb-1155_33","JKI","M. sacchariflorus",1,TRUE
"DM","Overlap10",7,"Mb-1156_13","JKI","M. sinensis",1,TRUE
"DM","Overlap10",7,"Mb-1162_20","JKI","M. sacchariflorus",1,TRUE
"DM","Overlap10",7,"Mb-1182_16","JKI","M. sinensis",1,TRUE
"DM","Overlap10",7,"Mb-1205_12","JKI","M. sinensis",1,TRUE
"DM","Overlap10",7,"Mb-1231_18","JKI","M. sinensis",1,TRUE
"DM","Overlap10",7,"Mb-1238_1","JKI","M. sinensis",1,TRUE
"DM","Overlap10",7,"Mb-1261_15","JKI","M. sacchariflorus",0,TRUE
"DM","Overlap10",7,"Mb-1353_14","JKI","M. sacchariflorus",1,TRUE
"DM","Overlap10",7,"Mb-14","JKI","M. sinensis",1,TRUE
"DM","Overlap10",7,"Mb-140","JKI","M. sacchariflorus",0,TRUE
"DM","Overlap10",7,"Mb-142","JKI","M. sacchariflorus",1,TRUE
"DM","Overlap10",7,"Mb-144","JKI","M. sacchariflorus",0,TRUE
"DM","Overlap10",7,"Mb-146","JKI","M. sacchariflorus",1,TRUE
"DM","Overlap10",7,"Mb-147","JKI","M. x gig",1,TRUE
"DM","Overlap10",7,"Mb-148","JKI","M. x gig",1,TRUE
"DM","Overlap10",7,"Mb-1485_42","JKI","M. x gig",1,TRUE
"DM","Overlap10",7,"Mb-1486_1","JKI","M. x gig",1,TRUE
"DM","Overlap10",7,"Mb-149","JKI","M. x gig",1,TRUE
"DM","Overlap10",7,"Mb-166","JKI","M. sacchariflorus",1,TRUE
"DM","Overlap10",7,"Mb-167","JKI","M. sinensis",1,TRUE
"DM","Overlap10",7,"Mb-177","JKI","M. sacchariflorus",0,TRUE
"DM","Overlap10",7,"Mb-188","JKI","M. x gig",1,TRUE
"DM","Overlap10",7,"Mb-2","JKI","M. sinensis",1,TRUE
"DM","Overlap10",7,"Mb-221","JKI","M. sinensis",0,TRUE
"DM","Overlap10",7,"Mb-226","JKI","M. sacchariflorus",1,TRUE
"DM","Overlap10",7,"Mb-229","JKI","M. sinensis",0,TRUE
"DM","Overlap10",7,"Mb-255","JKI","M. sinensis",1,TRUE
"DM","Overlap10",7,"Mb-272","JKI","M. sacchariflorus",1,TRUE
"DM","Overlap10",7,"Mb-297","JKI","M. sacchariflorus",1,TRUE
"DM","Overlap10",7,"Mb-3","JKI","M. sinensis",0,TRUE
"DM","Overlap10",7,"Mb-306","JKI","M. sinensis",1,TRUE
"DM","Overlap10",7,"Mb-307","JKI","M. x gig",1,TRUE
"DM","Overlap10",7,"Mb-308","JKI","M. x gig",1,TRUE
"DM","Overlap10",7,"Mb-309","JKI","M. x gig",1,TRUE
"DM","Overlap10",7,"Mb-31","JKI","M. sinensis",1,TRUE
"DM","Overlap10",7,"Mb-310","JKI","M. x gig",1,TRUE
"DM","Overlap10",7,"Mb-35","JKI","M. sinensis",1,TRUE
"DM","Overlap10",7,"Mb-353","JKI","M. sacchariflorus",0,TRUE
"DM","Overlap10",7,"Mb-37","JKI","M. sinensis",1,TRUE
"DM","Overlap10",7,"Mb-383_1","JKI","M. sacchariflorus",1,TRUE
"DM","Overlap10",7,"Mb-391","JKI","M. sacchariflorus",1,TRUE
"DM","Overlap10",7,"Mb-393_1","JKI","M. sacchariflorus",0,TRUE
"DM","Overlap10",7,"Mb-397","JKI","M. sacchariflorus",1,TRUE
"DM","Overlap10",7,"Mb-399","JKI","M. sacchariflorus",1,TRUE
"DM","Overlap10",7,"Mb-401","JKI","M. sacchariflorus",0,TRUE
"DM","Overlap10",7,"Mb-411","JKI","M. sacchariflorus",1,TRUE
"DM","Overlap10",7,"Mb-416","JKI","M. sacchariflorus",1,TRUE
"DM","Overlap10",7,"Mb-425_1","JKI","M. sacchariflorus",0,TRUE
"DM","Overlap10",7,"Mb-427_1","JKI","M. sacchariflorus",1,TRUE
"DM","Overlap10",7,"Mb-431_1","JKI","M. sacchariflorus",1,TRUE
"DM","Overlap10",7,"Mb-434_1","JKI","M. sinensis",1,TRUE
"DM","Overlap10",7,"Mb-485_1","JKI","M. sacchariflorus",1,TRUE
"DM","Overlap10",7,"Mb-486","JKI","M. sacchariflorus",1,TRUE
"DM","Overlap10",7,"Mb-488_15","JKI","M. sacchariflorus",1,TRUE
"DM","Overlap10",7,"Mb-490_10","JKI","M. sacchariflorus",1,TRUE
"DM","Overlap10",7,"Mb-494_1","JKI","M. sacchariflorus",1,TRUE
"DM","Overlap10",7,"Mb-498_1","JKI","M. sacchariflorus",1,TRUE
"DM","Overlap10",7,"Mb-502_1","JKI","M. sacchariflorus",1,TRUE
"DM","Overlap10",7,"Mb-505_1","JKI","M. sacchariflorus",1,TRUE
"DM","Overlap10",7,"Mb-508","JKI","M. sacchariflorus",0,TRUE
"DM","Overlap10",7,"Mb-526_13","JKI","M. sinensis",1,TRUE
"DM","Overlap10",7,"Mb-527_1","JKI","M. sinensis",0,TRUE
"DM","Overlap10",7,"Mb-533_1","JKI","M. sinensis",1,TRUE
"DM","Overlap10",7,"Mb-539_1","JKI","M. sinensis",1,TRUE
"DM","Overlap10",7,"Mb-585_1","JKI","M. sinensis",1,TRUE
"DM","Overlap10",7,"Mb-628_1","JKI","M. sacchariflorus",1,TRUE
"DM","Overlap10",7,"Mb-70","JKI","M. sinensis",1,TRUE
"DM","Overlap10",7,"Mb-72","JKI","M. x gig",1,TRUE
"DM","Overlap10",7,"Mb-74","JKI","M. sinensis",0,TRUE
"DM","Overlap10",7,"Mb-76","JKI","M. sacchariflorus",1,TRUE
"DM","Overlap10",7,"Mb-770_18","JKI","M. sacchariflorus",1,TRUE
"DM","Overlap10",7,"Mb-779_14","JKI","M. sacchariflorus",1,TRUE
"DM","Overlap10",7,"Mb-787_13","JKI","M. sacchariflorus",1,TRUE
"DM","Overlap10",7,"Mb-810_11","JKI","M. sacchariflorus",1,TRUE
"DM","Overlap10",7,"Mb-819_19","JKI","M. sacchariflorus",1,TRUE
"DM","Overlap10",7,"Mb-851_1","JKI","M. sinensis",1,TRUE
"DM","Overlap10",7,"Mb-86","JKI","M. sinensis",1,TRUE
"DM","Overlap10",7,"Mb-884_1","JKI","M. sacchariflorus",1,TRUE
"DM","Overlap10",7,"Mb-893_11","JKI","M. sinensis",1,TRUE
"DM","Overlap10",7,"Mb-9","JKI","M. sinensis",1,TRUE
"DM","Overlap10",7,"Mb-910_11","JKI","M. sinensis",1,TRUE
"DM","Overlap10",7,"Mb-913_17","JKI","M. sacchariflorus",1,TRUE
"DM","Overlap10",7,"Mb-914_13","JKI","M. sinensis",1,TRUE
"DM","Overlap10",7,"Mb-928_18","JKI","M. sinensis",1,TRUE
"DM","Overlap10",7,"Mb-930","JKI","M. sinensis",1,TRUE
"DM","Overlap10",7,"Mb-931_12","JKI","M. sinensis",1,TRUE
"DM","Overlap10",7,"Mb-933_11","JKI","M. sinensis",1,TRUE
"DM","Overlap10",7,"Mb-935_13","JKI","M. sinensis",0,TRUE
"DM","Overlap10",7,"Mb-94","JKI","M. sacchariflorus",1,TRUE
"DM","Overlap10",7,"Mb-956_19","JKI","M. sacchariflorus",0,TRUE
"DM","Overlap10",7,"Mb-958_19","JKI","M. sacchariflorus",0,TRUE
"DM","Overlap10",7,"Mb-960_20","JKI","M. sinensis",1,TRUE
"DM","Overlap10",7,"Mb-961_16","JKI","M. sacchariflorus",1,TRUE
"DM","Overlap10",7,"Mb-965_15","JKI","M. sacchariflorus",1,TRUE
"DM","Overlap10",7,"Mb-969_18","JKI","M. sacchariflorus",0,TRUE
"DM","Overlap10",7,"Mb-974_19","JKI","M. sinensis",0,TRUE
"DM","Overlap10",7,"Mb-99","JKI","M. sinensis",1,TRUE
"DM","Overlap10",7,"Mx-1548_12","JKI","M. x gig",0,TRUE
"DM","Overlap10",7,"Mx-1915_12","JKI","M. x gig",0,TRUE
"DM","Overlap10",7,"Mx-1932_13","JKI","M. x gig",1,TRUE
"DM","Overlap10",7,"Mx-1933_11","JKI","M. x gig",1,TRUE
"DM","Overlap10",7,"Mx-1956_15","JKI","M. x gig",1,TRUE
"DM","Overlap10",7,"Mx-2446_1","JKI","M. x gig",0,TRUE
"DM","Overlap10",7,"Mx-2470_5","JKI","M. sacchariflorus",1,TRUE
"DM","Overlap10",7,"Mx-437_90","JKI","M. x gig",1,TRUE
"DM","Overlap10",8,"Mb-102","ABR33","M. sinensis",0,TRUE
"DM","Overlap10",8,"Mb-1037_52","ABR33","M. sacchariflorus",1,TRUE
"DM","Overlap10",8,"Mb-104","ABR33","M. x gig",1,TRUE
"DM","Overlap10",8,"Mb-1040_17","ABR33","M. sacchariflorus",1,TRUE
"DM","Overlap10",8,"Mb-1043_32","ABR33","M. sacchariflorus",1,TRUE
"DM","Overlap10",8,"Mb-1044_50","ABR33","M. sacchariflorus",1,TRUE
"DM","Overlap10",8,"Mb-1056_31","ABR33","M. sacchariflorus",1,TRUE
"DM","Overlap10",8,"Mb-1067_18","ABR33","M. sacchariflorus",1,TRUE
"DM","Overlap10",8,"Mb-1086_54","ABR33","M. x gig",1,TRUE
"DM","Overlap10",8,"Mb-109","ABR33","M. sinensis",1,TRUE
"DM","Overlap10",8,"Mb-110","ABR33","M. sinensis",1,TRUE
"DM","Overlap10",8,"Mb-111","ABR33","M. sinensis",1,TRUE
"DM","Overlap10",8,"Mb-113","ABR33","M. sinensis",1,TRUE
"DM","Overlap10",8,"Mb-1130_51","ABR33","M. x gig",0,TRUE
"DM","Overlap10",8,"Mb-1132_52","ABR33","M. x gig",1,TRUE
"DM","Overlap10",8,"Mb-1139_19","ABR33","M. sinensis",1,TRUE
"DM","Overlap10",8,"Mb-1147_12","ABR33","M. sinensis",1,TRUE
"DM","Overlap10",8,"Mb-115","ABR33","M. sinensis",1,TRUE
"DM","Overlap10",8,"Mb-1153_20","ABR33","M. sinensis",1,TRUE
"DM","Overlap10",8,"Mb-1155_33","ABR33","M. sacchariflorus",1,TRUE
"DM","Overlap10",8,"Mb-1156_13","ABR33","M. sinensis",1,TRUE
"DM","Overlap10",8,"Mb-1162_20","ABR33","M. sacchariflorus",1,TRUE
"DM","Overlap10",8,"Mb-1182_16","ABR33","M. sinensis",1,TRUE
"DM","Overlap10",8,"Mb-1205_12","ABR33","M. sinensis",1,TRUE
"DM","Overlap10",8,"Mb-1231_18","ABR33","M. sinensis",1,TRUE
"DM","Overlap10",8,"Mb-1238_1","ABR33","M. sinensis",1,TRUE
"DM","Overlap10",8,"Mb-1261_15","ABR33","M. sacchariflorus",1,TRUE
"DM","Overlap10",8,"Mb-1353_14","ABR33","M. sacchariflorus",1,TRUE
"DM","Overlap10",8,"Mb-14","ABR33","M. sinensis",1,TRUE
"DM","Overlap10",8,"Mb-140","ABR33","M. sacchariflorus",1,TRUE
"DM","Overlap10",8,"Mb-142","ABR33","M. sacchariflorus",1,TRUE
"DM","Overlap10",8,"Mb-144","ABR33","M. sacchariflorus",1,TRUE
"DM","Overlap10",8,"Mb-146","ABR33","M. sacchariflorus",1,TRUE
"DM","Overlap10",8,"Mb-147","ABR33","M. x gig",1,TRUE
"DM","Overlap10",8,"Mb-148","ABR33","M. x gig",1,TRUE
"DM","Overlap10",8,"Mb-1485_42","ABR33","M. x gig",1,TRUE
"DM","Overlap10",8,"Mb-1486_1","ABR33","M. x gig",0,TRUE
"DM","Overlap10",8,"Mb-149","ABR33","M. x gig",1,TRUE
"DM","Overlap10",8,"Mb-166","ABR33","M. sacchariflorus",0,TRUE
"DM","Overlap10",8,"Mb-167","ABR33","M. sinensis",1,TRUE
"DM","Overlap10",8,"Mb-177","ABR33","M. sacchariflorus",1,TRUE
"DM","Overlap10",8,"Mb-188","ABR33","M. x gig",0,TRUE
"DM","Overlap10",8,"Mb-2","ABR33","M. sinensis",0,TRUE
"DM","Overlap10",8,"Mb-221","ABR33","M. sinensis",1,TRUE
"DM","Overlap10",8,"Mb-226","ABR33","M. sacchariflorus",1,TRUE
"DM","Overlap10",8,"Mb-229","ABR33","M. sinensis",0,TRUE
"DM","Overlap10",8,"Mb-255","ABR33","M. sinensis",1,TRUE
"DM","Overlap10",8,"Mb-272","ABR33","M. sacchariflorus",0,TRUE
"DM","Overlap10",8,"Mb-297","ABR33","M. sacchariflorus",1,TRUE
"DM","Overlap10",8,"Mb-3","ABR33","M. sinensis",1,TRUE
"DM","Overlap10",8,"Mb-306","ABR33","M. sinensis",1,TRUE
"DM","Overlap10",8,"Mb-307","ABR33","M. x gig",1,TRUE
"DM","Overlap10",8,"Mb-308","ABR33","M. x gig",1,TRUE
"DM","Overlap10",8,"Mb-309","ABR33","M. x gig",1,TRUE
"DM","Overlap10",8,"Mb-31","ABR33","M. sinensis",1,TRUE
"DM","Overlap10",8,"Mb-310","ABR33","M. x gig",1,TRUE
"DM","Overlap10",8,"Mb-35","ABR33","M. sinensis",1,TRUE
"DM","Overlap10",8,"Mb-353","ABR33","M. sacchariflorus",1,TRUE
"DM","Overlap10",8,"Mb-37","ABR33","M. sinensis",0,TRUE
"DM","Overlap10",8,"Mb-383_1","ABR33","M. sacchariflorus",0,TRUE
"DM","Overlap10",8,"Mb-391","ABR33","M. sacchariflorus",1,TRUE
"DM","Overlap10",8,"Mb-393_1","ABR33","M. sacchariflorus",1,TRUE
"DM","Overlap10",8,"Mb-397","ABR33","M. sacchariflorus",1,TRUE
"DM","Overlap10",8,"Mb-399","ABR33","M. sacchariflorus",1,TRUE
"DM","Overlap10",8,"Mb-401","ABR33","M. sacchariflorus",1,TRUE
"DM","Overlap10",8,"Mb-411","ABR33","M. sacchariflorus",0,TRUE
"DM","Overlap10",8,"Mb-416","ABR33","M. sacchariflorus",1,TRUE
"DM","Overlap10",8,"Mb-425_1","ABR33","M. sacchariflorus",1,TRUE
"DM","Overlap10",8,"Mb-427_1","ABR33","M. sacchariflorus",1,TRUE
"DM","Overlap10",8,"Mb-431_1","ABR33","M. sacchariflorus",1,TRUE
"DM","Overlap10",8,"Mb-434_1","ABR33","M. sinensis",1,TRUE
"DM","Overlap10",8,"Mb-485_1","ABR33","M. sacchariflorus",1,TRUE
"DM","Overlap10",8,"Mb-486","ABR33","M. sacchariflorus",1,TRUE
"DM","Overlap10",8,"Mb-488_15","ABR33","M. sacchariflorus",0,TRUE
"DM","Overlap10",8,"Mb-490_10","ABR33","M. sacchariflorus",1,TRUE
"DM","Overlap10",8,"Mb-494_1","ABR33","M. sacchariflorus",1,TRUE
"DM","Overlap10",8,"Mb-498_1","ABR33","M. sacchariflorus",0,TRUE
"DM","Overlap10",8,"Mb-502_1","ABR33","M. sacchariflorus",1,TRUE
"DM","Overlap10",8,"Mb-505_1","ABR33","M. sacchariflorus",1,TRUE
"DM","Overlap10",8,"Mb-508","ABR33","M. sacchariflorus",1,TRUE
"DM","Overlap10",8,"Mb-526_13","ABR33","M. sinensis",1,TRUE
"DM","Overlap10",8,"Mb-527_1","ABR33","M. sinensis",1,TRUE
"DM","Overlap10",8,"Mb-533_1","ABR33","M. sinensis",1,TRUE
"DM","Overlap10",8,"Mb-539_1","ABR33","M. sinensis",1,TRUE
"DM","Overlap10",8,"Mb-585_1","ABR33","M. sinensis",0,TRUE
"DM","Overlap10",8,"Mb-628_1","ABR33","M. sacchariflorus",1,TRUE
"DM","Overlap10",8,"Mb-70","ABR33","M. sinensis",0,TRUE
"DM","Overlap10",8,"Mb-72","ABR33","M. x gig",1,TRUE
"DM","Overlap10",8,"Mb-74","ABR33","M. sinensis",1,TRUE
"DM","Overlap10",8,"Mb-76","ABR33","M. sacchariflorus",1,TRUE
"DM","Overlap10",8,"Mb-770_18","ABR33","M. sacchariflorus",1,TRUE
"DM","Overlap10",8,"Mb-779_14","ABR33","M. sacchariflorus",0,TRUE
"DM","Overlap10",8,"Mb-787_13","ABR33","M. sacchariflorus",1,TRUE
"DM","Overlap10",8,"Mb-810_11","ABR33","M. sacchariflorus",1,TRUE
"DM","Overlap10",8,"Mb-819_19","ABR33","M. sacchariflorus",1,TRUE
"DM","Overlap10",8,"Mb-851_1","ABR33","M. sinensis",1,TRUE
"DM","Overlap10",8,"Mb-86","ABR33","M. sinensis",1,TRUE
"DM","Overlap10",8,"Mb-884_1","ABR33","M. sacchariflorus",1,TRUE
"DM","Overlap10",8,"Mb-893_11","ABR33","M. sinensis",1,TRUE
"DM","Overlap10",8,"Mb-9","ABR33","M. sinensis",0,TRUE
"DM","Overlap10",8,"Mb-910_11","ABR33","M. sinensis",0,TRUE
"DM","Overlap10",8,"Mb-913_17","ABR33","M. sacchariflorus",1,TRUE
"DM","Overlap10",8,"Mb-914_13","ABR33","M. sinensis",0,TRUE
"DM","Overlap10",8,"Mb-928_18","ABR33","M. sinensis",1,TRUE
"DM","Overlap10",8,"Mb-930","ABR33","M. sinensis",1,TRUE
"DM","Overlap10",8,"Mb-931_12","ABR33","M. sinensis",1,TRUE
"DM","Overlap10",8,"Mb-933_11","ABR33","M. sinensis",1,TRUE
"DM","Overlap10",8,"Mb-935_13","ABR33","M. sinensis",0,TRUE
"DM","Overlap10",8,"Mb-94","ABR33","M. sacchariflorus",0,TRUE
"DM","Overlap10",8,"Mb-956_19","ABR33","M. sacchariflorus",1,TRUE
"DM","Overlap10",8,"Mb-958_19","ABR33","M. sacchariflorus",1,TRUE
"DM","Overlap10",8,"Mb-960_20","ABR33","M. sinensis",1,TRUE
"DM","Overlap10",8,"Mb-961_16","ABR33","M. sacchariflorus",1,TRUE
"DM","Overlap10",8,"Mb-965_15","ABR33","M. sacchariflorus",0,TRUE
"DM","Overlap10",8,"Mb-969_18","ABR33","M. sacchariflorus",1,TRUE
"DM","Overlap10",8,"Mb-974_19","ABR33","M. sinensis",1,TRUE
"DM","Overlap10",8,"Mb-99","ABR33","M. sinensis",0,TRUE
"DM","Overlap10",8,"Mx-1548_12","ABR33","M. x gig",0,TRUE
"DM","Overlap10",8,"Mx-1915_12","ABR33","M. x gig",1,TRUE
"DM","Overlap10",8,"Mx-1932_13","ABR33","M. x gig",1,TRUE
"DM","Overlap10",8,"Mx-1933_11","ABR33","M. x gig",1,TRUE
"DM","Overlap10",8,"Mx-1956_15","ABR33","M. x gig",1,TRUE
"DM","Overlap10",8,"Mx-2446_1","ABR33","M. x gig",0,TRUE
"DM","Overlap10",8,"Mx-2470_5","ABR33","M. sacchariflorus",1,TRUE
"DM","Overlap10",8,"Mx-437_90","ABR33","M. x gig",1,TRUE
"DM","Overlap10",8,"Mb-102","JKI","M. sinensis",0,TRUE
"DM","Overlap10",8,"Mb-1037_52","JKI","M. sacchariflorus",0,TRUE
"DM","Overlap10",8,"Mb-104","JKI","M. x gig",1,TRUE
"DM","Overlap10",8,"Mb-1040_17","JKI","M. sacchariflorus",1,TRUE
"DM","Overlap10",8,"Mb-1043_32","JKI","M. sacchariflorus",1,TRUE
"DM","Overlap10",8,"Mb-1044_50","JKI","M. sacchariflorus",1,TRUE
"DM","Overlap10",8,"Mb-1056_31","JKI","M. sacchariflorus",1,TRUE
"DM","Overlap10",8,"Mb-1067_18","JKI","M. sacchariflorus",1,TRUE
"DM","Overlap10",8,"Mb-1086_54","JKI","M. x gig",1,TRUE
"DM","Overlap10",8,"Mb-109","JKI","M. sinensis",1,TRUE
"DM","Overlap10",8,"Mb-110","JKI","M. sinensis",1,TRUE
"DM","Overlap10",8,"Mb-111","JKI","M. sinensis",1,TRUE
"DM","Overlap10",8,"Mb-113","JKI","M. sinensis",0,TRUE
"DM","Overlap10",8,"Mb-1130_51","JKI","M. x gig",1,TRUE
"DM","Overlap10",8,"Mb-1132_52","JKI","M. x gig",1,TRUE
"DM","Overlap10",8,"Mb-1139_19","JKI","M. sinensis",1,FALSE
"DM","Overlap10",8,"Mb-1147_12","JKI","M. sinensis",1,TRUE
"DM","Overlap10",8,"Mb-115","JKI","M. sinensis",1,TRUE
"DM","Overlap10",8,"Mb-1153_20","JKI","M. sinensis",0,TRUE
"DM","Overlap10",8,"Mb-1155_33","JKI","M. sacchariflorus",1,TRUE
"DM","Overlap10",8,"Mb-1156_13","JKI","M. sinensis",0,TRUE
"DM","Overlap10",8,"Mb-1162_20","JKI","M. sacchariflorus",1,TRUE
"DM","Overlap10",8,"Mb-1182_16","JKI","M. sinensis",1,TRUE
"DM","Overlap10",8,"Mb-1205_12","JKI","M. sinensis",1,TRUE
"DM","Overlap10",8,"Mb-1231_18","JKI","M. sinensis",1,TRUE
"DM","Overlap10",8,"Mb-1238_1","JKI","M. sinensis",1,TRUE
"DM","Overlap10",8,"Mb-1261_15","JKI","M. sacchariflorus",0,TRUE
"DM","Overlap10",8,"Mb-1353_14","JKI","M. sacchariflorus",1,TRUE
"DM","Overlap10",8,"Mb-14","JKI","M. sinensis",1,TRUE
"DM","Overlap10",8,"Mb-140","JKI","M. sacchariflorus",1,TRUE
"DM","Overlap10",8,"Mb-142","JKI","M. sacchariflorus",1,TRUE
"DM","Overlap10",8,"Mb-144","JKI","M. sacchariflorus",1,TRUE
"DM","Overlap10",8,"Mb-146","JKI","M. sacchariflorus",1,TRUE
"DM","Overlap10",8,"Mb-147","JKI","M. x gig",1,TRUE
"DM","Overlap10",8,"Mb-148","JKI","M. x gig",0,TRUE
"DM","Overlap10",8,"Mb-1485_42","JKI","M. x gig",1,TRUE
"DM","Overlap10",8,"Mb-1486_1","JKI","M. x gig",0,TRUE
"DM","Overlap10",8,"Mb-149","JKI","M. x gig",1,TRUE
"DM","Overlap10",8,"Mb-166","JKI","M. sacchariflorus",0,TRUE
"DM","Overlap10",8,"Mb-167","JKI","M. sinensis",1,TRUE
"DM","Overlap10",8,"Mb-177","JKI","M. sacchariflorus",1,TRUE
"DM","Overlap10",8,"Mb-188","JKI","M. x gig",1,TRUE
"DM","Overlap10",8,"Mb-2","JKI","M. sinensis",1,TRUE
"DM","Overlap10",8,"Mb-221","JKI","M. sinensis",1,TRUE
"DM","Overlap10",8,"Mb-226","JKI","M. sacchariflorus",1,TRUE
"DM","Overlap10",8,"Mb-229","JKI","M. sinensis",1,TRUE
"DM","Overlap10",8,"Mb-255","JKI","M. sinensis",1,TRUE
"DM","Overlap10",8,"Mb-272","JKI","M. sacchariflorus",1,TRUE
"DM","Overlap10",8,"Mb-297","JKI","M. sacchariflorus",1,TRUE
"DM","Overlap10",8,"Mb-3","JKI","M. sinensis",1,TRUE
"DM","Overlap10",8,"Mb-306","JKI","M. sinensis",1,TRUE
"DM","Overlap10",8,"Mb-307","JKI","M. x gig",1,TRUE
"DM","Overlap10",8,"Mb-308","JKI","M. x gig",1,TRUE
"DM","Overlap10",8,"Mb-309","JKI","M. x gig",1,TRUE
"DM","Overlap10",8,"Mb-31","JKI","M. sinensis",1,TRUE
"DM","Overlap10",8,"Mb-310","JKI","M. x gig",1,TRUE
"DM","Overlap10",8,"Mb-35","JKI","M. sinensis",0,TRUE
"DM","Overlap10",8,"Mb-353","JKI","M. sacchariflorus",1,TRUE
"DM","Overlap10",8,"Mb-37","JKI","M. sinensis",1,TRUE
"DM","Overlap10",8,"Mb-383_1","JKI","M. sacchariflorus",1,TRUE
"DM","Overlap10",8,"Mb-391","JKI","M. sacchariflorus",1,TRUE
"DM","Overlap10",8,"Mb-393_1","JKI","M. sacchariflorus",0,TRUE
"DM","Overlap10",8,"Mb-397","JKI","M. sacchariflorus",1,TRUE
"DM","Overlap10",8,"Mb-399","JKI","M. sacchariflorus",0,TRUE
"DM","Overlap10",8,"Mb-401","JKI","M. sacchariflorus",1,TRUE
"DM","Overlap10",8,"Mb-411","JKI","M. sacchariflorus",0,TRUE
"DM","Overlap10",8,"Mb-416","JKI","M. sacchariflorus",1,TRUE
"DM","Overlap10",8,"Mb-425_1","JKI","M. sacchariflorus",1,TRUE
"DM","Overlap10",8,"Mb-427_1","JKI","M. sacchariflorus",1,TRUE
"DM","Overlap10",8,"Mb-431_1","JKI","M. sacchariflorus",1,TRUE
"DM","Overlap10",8,"Mb-434_1","JKI","M. sinensis",1,TRUE
"DM","Overlap10",8,"Mb-485_1","JKI","M. sacchariflorus",1,TRUE
"DM","Overlap10",8,"Mb-486","JKI","M. sacchariflorus",1,TRUE
"DM","Overlap10",8,"Mb-488_15","JKI","M. sacchariflorus",0,TRUE
"DM","Overlap10",8,"Mb-490_10","JKI","M. sacchariflorus",1,TRUE
"DM","Overlap10",8,"Mb-494_1","JKI","M. sacchariflorus",1,TRUE
"DM","Overlap10",8,"Mb-498_1","JKI","M. sacchariflorus",1,TRUE
"DM","Overlap10",8,"Mb-502_1","JKI","M. sacchariflorus",1,TRUE
"DM","Overlap10",8,"Mb-505_1","JKI","M. sacchariflorus",1,TRUE
"DM","Overlap10",8,"Mb-508","JKI","M. sacchariflorus",1,TRUE
"DM","Overlap10",8,"Mb-526_13","JKI","M. sinensis",1,TRUE
"DM","Overlap10",8,"Mb-527_1","JKI","M. sinensis",1,TRUE
"DM","Overlap10",8,"Mb-533_1","JKI","M. sinensis",1,TRUE
"DM","Overlap10",8,"Mb-539_1","JKI","M. sinensis",0,TRUE
"DM","Overlap10",8,"Mb-585_1","JKI","M. sinensis",1,TRUE
"DM","Overlap10",8,"Mb-628_1","JKI","M. sacchariflorus",0,TRUE
"DM","Overlap10",8,"Mb-70","JKI","M. sinensis",1,TRUE
"DM","Overlap10",8,"Mb-72","JKI","M. x gig",1,TRUE
"DM","Overlap10",8,"Mb-74","JKI","M. sinensis",1,TRUE
"DM","Overlap10",8,"Mb-76","JKI","M. sacchariflorus",1,TRUE
"DM","Overlap10",8,"Mb-770_18","JKI","M. sacchariflorus",1,TRUE
"DM","Overlap10",8,"Mb-779_14","JKI","M. sacchariflorus",0,TRUE
"DM","Overlap10",8,"Mb-787_13","JKI","M. sacchariflorus",1,TRUE
"DM","Overlap10",8,"Mb-810_11","JKI","M. sacchariflorus",1,TRUE
"DM","Overlap10",8,"Mb-819_19","JKI","M. sacchariflorus",1,TRUE
"DM","Overlap10",8,"Mb-851_1","JKI","M. sinensis",1,TRUE
"DM","Overlap10",8,"Mb-86","JKI","M. sinensis",1,TRUE
"DM","Overlap10",8,"Mb-884_1","JKI","M. sacchariflorus",1,TRUE
"DM","Overlap10",8,"Mb-893_11","JKI","M. sinensis",1,TRUE
"DM","Overlap10",8,"Mb-9","JKI","M. sinensis",0,TRUE
"DM","Overlap10",8,"Mb-910_11","JKI","M. sinensis",1,TRUE
"DM","Overlap10",8,"Mb-913_17","JKI","M. sacchariflorus",1,TRUE
"DM","Overlap10",8,"Mb-914_13","JKI","M. sinensis",1,TRUE
"DM","Overlap10",8,"Mb-928_18","JKI","M. sinensis",1,TRUE
"DM","Overlap10",8,"Mb-930","JKI","M. sinensis",0,TRUE
"DM","Overlap10",8,"Mb-931_12","JKI","M. sinensis",0,TRUE
"DM","Overlap10",8,"Mb-933_11","JKI","M. sinensis",1,TRUE
"DM","Overlap10",8,"Mb-935_13","JKI","M. sinensis",1,TRUE
"DM","Overlap10",8,"Mb-94","JKI","M. sacchariflorus",0,TRUE
"DM","Overlap10",8,"Mb-956_19","JKI","M. sacchariflorus",1,TRUE
"DM","Overlap10",8,"Mb-958_19","JKI","M. sacchariflorus",1,TRUE
"DM","Overlap10",8,"Mb-960_20","JKI","M. sinensis",1,TRUE
"DM","Overlap10",8,"Mb-961_16","JKI","M. sacchariflorus",1,TRUE
"DM","Overlap10",8,"Mb-965_15","JKI","M. sacchariflorus",1,TRUE
"DM","Overlap10",8,"Mb-969_18","JKI","M. sacchariflorus",1,TRUE
"DM","Overlap10",8,"Mb-974_19","JKI","M. sinensis",1,TRUE
"DM","Overlap10",8,"Mb-99","JKI","M. sinensis",0,TRUE
"DM","Overlap10",8,"Mx-1548_12","JKI","M. x gig",0,TRUE
"DM","Overlap10",8,"Mx-1915_12","JKI","M. x gig",1,TRUE
"DM","Overlap10",8,"Mx-1932_13","JKI","M. x gig",1,TRUE
"DM","Overlap10",8,"Mx-1933_11","JKI","M. x gig",1,TRUE
"DM","Overlap10",8,"Mx-1956_15","JKI","M. x gig",0,TRUE
"DM","Overlap10",8,"Mx-2446_1","JKI","M. x gig",1,TRUE
"DM","Overlap10",8,"Mx-2470_5","JKI","M. sacchariflorus",0,TRUE
"DM","Overlap10",8,"Mx-437_90","JKI","M. x gig",1,TRUE
"DM","Overlap10",9,"Mb-102","ABR33","M. sinensis",1,TRUE
"DM","Overlap10",9,"Mb-1037_52","ABR33","M. sacchariflorus",1,TRUE
"DM","Overlap10",9,"Mb-104","ABR33","M. x gig",1,TRUE
"DM","Overlap10",9,"Mb-1040_17","ABR33","M. sacchariflorus",1,TRUE
"DM","Overlap10",9,"Mb-1043_32","ABR33","M. sacchariflorus",0,TRUE
"DM","Overlap10",9,"Mb-1044_50","ABR33","M. sacchariflorus",1,TRUE
"DM","Overlap10",9,"Mb-1056_31","ABR33","M. sacchariflorus",1,TRUE
"DM","Overlap10",9,"Mb-1067_18","ABR33","M. sacchariflorus",1,TRUE
"DM","Overlap10",9,"Mb-1086_54","ABR33","M. x gig",1,TRUE
"DM","Overlap10",9,"Mb-109","ABR33","M. sinensis",1,TRUE
"DM","Overlap10",9,"Mb-110","ABR33","M. sinensis",0,TRUE
"DM","Overlap10",9,"Mb-111","ABR33","M. sinensis",0,TRUE
"DM","Overlap10",9,"Mb-113","ABR33","M. sinensis",0,TRUE
"DM","Overlap10",9,"Mb-1130_51","ABR33","M. x gig",1,TRUE
"DM","Overlap10",9,"Mb-1132_52","ABR33","M. x gig",1,TRUE
"DM","Overlap10",9,"Mb-1139_19","ABR33","M. sinensis",1,TRUE
"DM","Overlap10",9,"Mb-1147_12","ABR33","M. sinensis",0,TRUE
"DM","Overlap10",9,"Mb-115","ABR33","M. sinensis",1,TRUE
"DM","Overlap10",9,"Mb-1153_20","ABR33","M. sinensis",1,TRUE
"DM","Overlap10",9,"Mb-1155_33","ABR33","M. sacchariflorus",1,TRUE
"DM","Overlap10",9,"Mb-1156_13","ABR33","M. sinensis",1,TRUE
"DM","Overlap10",9,"Mb-1162_20","ABR33","M. sacchariflorus",1,TRUE
"DM","Overlap10",9,"Mb-1182_16","ABR33","M. sinensis",0,TRUE
"DM","Overlap10",9,"Mb-1205_12","ABR33","M. sinensis",1,TRUE
"DM","Overlap10",9,"Mb-1231_18","ABR33","M. sinensis",1,TRUE
"DM","Overlap10",9,"Mb-1238_1","ABR33","M. sinensis",1,TRUE
"DM","Overlap10",9,"Mb-1261_15","ABR33","M. sacchariflorus",1,TRUE
"DM","Overlap10",9,"Mb-1353_14","ABR33","M. sacchariflorus",0,TRUE
"DM","Overlap10",9,"Mb-14","ABR33","M. sinensis",1,TRUE
"DM","Overlap10",9,"Mb-140","ABR33","M. sacchariflorus",1,TRUE
"DM","Overlap10",9,"Mb-142","ABR33","M. sacchariflorus",1,TRUE
"DM","Overlap10",9,"Mb-144","ABR33","M. sacchariflorus",1,TRUE
"DM","Overlap10",9,"Mb-146","ABR33","M. sacchariflorus",0,TRUE
"DM","Overlap10",9,"Mb-147","ABR33","M. x gig",1,TRUE
"DM","Overlap10",9,"Mb-148","ABR33","M. x gig",1,TRUE
"DM","Overlap10",9,"Mb-1485_42","ABR33","M. x gig",1,TRUE
"DM","Overlap10",9,"Mb-1486_1","ABR33","M. x gig",0,TRUE
"DM","Overlap10",9,"Mb-149","ABR33","M. x gig",1,TRUE
"DM","Overlap10",9,"Mb-166","ABR33","M. sacchariflorus",1,TRUE
"DM","Overlap10",9,"Mb-167","ABR33","M. sinensis",1,TRUE
"DM","Overlap10",9,"Mb-177","ABR33","M. sacchariflorus",1,TRUE
"DM","Overlap10",9,"Mb-188","ABR33","M. x gig",1,TRUE
"DM","Overlap10",9,"Mb-2","ABR33","M. sinensis",1,TRUE
"DM","Overlap10",9,"Mb-221","ABR33","M. sinensis",1,TRUE
"DM","Overlap10",9,"Mb-226","ABR33","M. sacchariflorus",1,TRUE
"DM","Overlap10",9,"Mb-229","ABR33","M. sinensis",0,TRUE
"DM","Overlap10",9,"Mb-255","ABR33","M. sinensis",1,TRUE
"DM","Overlap10",9,"Mb-272","ABR33","M. sacchariflorus",1,TRUE
"DM","Overlap10",9,"Mb-297","ABR33","M. sacchariflorus",1,TRUE
"DM","Overlap10",9,"Mb-3","ABR33","M. sinensis",1,TRUE
"DM","Overlap10",9,"Mb-306","ABR33","M. sinensis",1,TRUE
"DM","Overlap10",9,"Mb-307","ABR33","M. x gig",0,TRUE
"DM","Overlap10",9,"Mb-308","ABR33","M. x gig",1,TRUE
"DM","Overlap10",9,"Mb-309","ABR33","M. x gig",1,TRUE
"DM","Overlap10",9,"Mb-31","ABR33","M. sinensis",1,TRUE
"DM","Overlap10",9,"Mb-310","ABR33","M. x gig",1,TRUE
"DM","Overlap10",9,"Mb-35","ABR33","M. sinensis",1,TRUE
"DM","Overlap10",9,"Mb-353","ABR33","M. sacchariflorus",1,TRUE
"DM","Overlap10",9,"Mb-37","ABR33","M. sinensis",1,TRUE
"DM","Overlap10",9,"Mb-383_1","ABR33","M. sacchariflorus",1,TRUE
"DM","Overlap10",9,"Mb-391","ABR33","M. sacchariflorus",0,TRUE
"DM","Overlap10",9,"Mb-393_1","ABR33","M. sacchariflorus",1,TRUE
"DM","Overlap10",9,"Mb-397","ABR33","M. sacchariflorus",1,TRUE
"DM","Overlap10",9,"Mb-399","ABR33","M. sacchariflorus",0,TRUE
"DM","Overlap10",9,"Mb-401","ABR33","M. sacchariflorus",1,TRUE
"DM","Overlap10",9,"Mb-411","ABR33","M. sacchariflorus",0,TRUE
"DM","Overlap10",9,"Mb-416","ABR33","M. sacchariflorus",1,TRUE
"DM","Overlap10",9,"Mb-425_1","ABR33","M. sacchariflorus",1,TRUE
"DM","Overlap10",9,"Mb-427_1","ABR33","M. sacchariflorus",0,TRUE
"DM","Overlap10",9,"Mb-431_1","ABR33","M. sacchariflorus",1,TRUE
"DM","Overlap10",9,"Mb-434_1","ABR33","M. sinensis",1,TRUE
"DM","Overlap10",9,"Mb-485_1","ABR33","M. sacchariflorus",1,TRUE
"DM","Overlap10",9,"Mb-486","ABR33","M. sacchariflorus",1,TRUE
"DM","Overlap10",9,"Mb-488_15","ABR33","M. sacchariflorus",1,TRUE
"DM","Overlap10",9,"Mb-490_10","ABR33","M. sacchariflorus",1,TRUE
"DM","Overlap10",9,"Mb-494_1","ABR33","M. sacchariflorus",1,TRUE
"DM","Overlap10",9,"Mb-498_1","ABR33","M. sacchariflorus",1,TRUE
"DM","Overlap10",9,"Mb-502_1","ABR33","M. sacchariflorus",1,TRUE
"DM","Overlap10",9,"Mb-505_1","ABR33","M. sacchariflorus",1,TRUE
"DM","Overlap10",9,"Mb-508","ABR33","M. sacchariflorus",1,TRUE
"DM","Overlap10",9,"Mb-526_13","ABR33","M. sinensis",0,TRUE
"DM","Overlap10",9,"Mb-527_1","ABR33","M. sinensis",1,TRUE
"DM","Overlap10",9,"Mb-533_1","ABR33","M. sinensis",1,TRUE
"DM","Overlap10",9,"Mb-539_1","ABR33","M. sinensis",1,TRUE
"DM","Overlap10",9,"Mb-585_1","ABR33","M. sinensis",0,TRUE
"DM","Overlap10",9,"Mb-628_1","ABR33","M. sacchariflorus",1,TRUE
"DM","Overlap10",9,"Mb-70","ABR33","M. sinensis",1,TRUE
"DM","Overlap10",9,"Mb-72","ABR33","M. x gig",1,TRUE
"DM","Overlap10",9,"Mb-74","ABR33","M. sinensis",1,TRUE
"DM","Overlap10",9,"Mb-76","ABR33","M. sacchariflorus",0,TRUE
"DM","Overlap10",9,"Mb-770_18","ABR33","M. sacchariflorus",0,TRUE
"DM","Overlap10",9,"Mb-779_14","ABR33","M. sacchariflorus",1,TRUE
"DM","Overlap10",9,"Mb-787_13","ABR33","M. sacchariflorus",1,TRUE
"DM","Overlap10",9,"Mb-810_11","ABR33","M. sacchariflorus",0,TRUE
"DM","Overlap10",9,"Mb-819_19","ABR33","M. sacchariflorus",1,TRUE
"DM","Overlap10",9,"Mb-851_1","ABR33","M. sinensis",1,TRUE
"DM","Overlap10",9,"Mb-86","ABR33","M. sinensis",1,TRUE
"DM","Overlap10",9,"Mb-884_1","ABR33","M. sacchariflorus",1,TRUE
"DM","Overlap10",9,"Mb-893_11","ABR33","M. sinensis",1,TRUE
"DM","Overlap10",9,"Mb-9","ABR33","M. sinensis",1,TRUE
"DM","Overlap10",9,"Mb-910_11","ABR33","M. sinensis",1,TRUE
"DM","Overlap10",9,"Mb-913_17","ABR33","M. sacchariflorus",1,TRUE
"DM","Overlap10",9,"Mb-914_13","ABR33","M. sinensis",1,TRUE
"DM","Overlap10",9,"Mb-928_18","ABR33","M. sinensis",1,TRUE
"DM","Overlap10",9,"Mb-930","ABR33","M. sinensis",1,TRUE
"DM","Overlap10",9,"Mb-931_12","ABR33","M. sinensis",0,TRUE
"DM","Overlap10",9,"Mb-933_11","ABR33","M. sinensis",0,TRUE
"DM","Overlap10",9,"Mb-935_13","ABR33","M. sinensis",0,TRUE
"DM","Overlap10",9,"Mb-94","ABR33","M. sacchariflorus",1,TRUE
"DM","Overlap10",9,"Mb-956_19","ABR33","M. sacchariflorus",1,TRUE
"DM","Overlap10",9,"Mb-958_19","ABR33","M. sacchariflorus",1,TRUE
"DM","Overlap10",9,"Mb-960_20","ABR33","M. sinensis",1,TRUE
"DM","Overlap10",9,"Mb-961_16","ABR33","M. sacchariflorus",1,TRUE
"DM","Overlap10",9,"Mb-965_15","ABR33","M. sacchariflorus",1,TRUE
"DM","Overlap10",9,"Mb-969_18","ABR33","M. sacchariflorus",1,TRUE
"DM","Overlap10",9,"Mb-974_19","ABR33","M. sinensis",1,TRUE
"DM","Overlap10",9,"Mb-99","ABR33","M. sinensis",1,TRUE
"DM","Overlap10",9,"Mx-1548_12","ABR33","M. x gig",1,TRUE
"DM","Overlap10",9,"Mx-1915_12","ABR33","M. x gig",1,TRUE
"DM","Overlap10",9,"Mx-1932_13","ABR33","M. x gig",1,TRUE
"DM","Overlap10",9,"Mx-1933_11","ABR33","M. x gig",0,TRUE
"DM","Overlap10",9,"Mx-1956_15","ABR33","M. x gig",1,TRUE
"DM","Overlap10",9,"Mx-2446_1","ABR33","M. x gig",1,TRUE
"DM","Overlap10",9,"Mx-2470_5","ABR33","M. sacchariflorus",0,TRUE
"DM","Overlap10",9,"Mx-437_90","ABR33","M. x gig",1,TRUE
"DM","Overlap10",9,"Mb-102","JKI","M. sinensis",1,TRUE
"DM","Overlap10",9,"Mb-1037_52","JKI","M. sacchariflorus",1,TRUE
"DM","Overlap10",9,"Mb-104","JKI","M. x gig",1,TRUE
"DM","Overlap10",9,"Mb-1040_17","JKI","M. sacchariflorus",0,TRUE
"DM","Overlap10",9,"Mb-1043_32","JKI","M. sacchariflorus",1,TRUE
"DM","Overlap10",9,"Mb-1044_50","JKI","M. sacchariflorus",1,TRUE
"DM","Overlap10",9,"Mb-1056_31","JKI","M. sacchariflorus",1,TRUE
"DM","Overlap10",9,"Mb-1067_18","JKI","M. sacchariflorus",1,TRUE
"DM","Overlap10",9,"Mb-1086_54","JKI","M. x gig",1,TRUE
"DM","Overlap10",9,"Mb-109","JKI","M. sinensis",1,TRUE
"DM","Overlap10",9,"Mb-110","JKI","M. sinensis",1,TRUE
"DM","Overlap10",9,"Mb-111","JKI","M. sinensis",0,TRUE
"DM","Overlap10",9,"Mb-113","JKI","M. sinensis",1,TRUE
"DM","Overlap10",9,"Mb-1130_51","JKI","M. x gig",1,TRUE
"DM","Overlap10",9,"Mb-1132_52","JKI","M. x gig",1,TRUE
"DM","Overlap10",9,"Mb-1139_19","JKI","M. sinensis",1,FALSE
"DM","Overlap10",9,"Mb-1147_12","JKI","M. sinensis",1,TRUE
"DM","Overlap10",9,"Mb-115","JKI","M. sinensis",1,TRUE
"DM","Overlap10",9,"Mb-1153_20","JKI","M. sinensis",1,TRUE
"DM","Overlap10",9,"Mb-1155_33","JKI","M. sacchariflorus",0,TRUE
"DM","Overlap10",9,"Mb-1156_13","JKI","M. sinensis",1,TRUE
"DM","Overlap10",9,"Mb-1162_20","JKI","M. sacchariflorus",1,TRUE
"DM","Overlap10",9,"Mb-1182_16","JKI","M. sinensis",0,TRUE
"DM","Overlap10",9,"Mb-1205_12","JKI","M. sinensis",1,TRUE
"DM","Overlap10",9,"Mb-1231_18","JKI","M. sinensis",1,TRUE
"DM","Overlap10",9,"Mb-1238_1","JKI","M. sinensis",0,TRUE
"DM","Overlap10",9,"Mb-1261_15","JKI","M. sacchariflorus",1,TRUE
"DM","Overlap10",9,"Mb-1353_14","JKI","M. sacchariflorus",1,TRUE
"DM","Overlap10",9,"Mb-14","JKI","M. sinensis",0,TRUE
"DM","Overlap10",9,"Mb-140","JKI","M. sacchariflorus",1,TRUE
"DM","Overlap10",9,"Mb-142","JKI","M. sacchariflorus",1,TRUE
"DM","Overlap10",9,"Mb-144","JKI","M. sacchariflorus",0,TRUE
"DM","Overlap10",9,"Mb-146","JKI","M. sacchariflorus",1,TRUE
"DM","Overlap10",9,"Mb-147","JKI","M. x gig",1,TRUE
"DM","Overlap10",9,"Mb-148","JKI","M. x gig",1,TRUE
"DM","Overlap10",9,"Mb-1485_42","JKI","M. x gig",1,TRUE
"DM","Overlap10",9,"Mb-1486_1","JKI","M. x gig",1,TRUE
"DM","Overlap10",9,"Mb-149","JKI","M. x gig",1,TRUE
"DM","Overlap10",9,"Mb-166","JKI","M. sacchariflorus",1,TRUE
"DM","Overlap10",9,"Mb-167","JKI","M. sinensis",1,TRUE
"DM","Overlap10",9,"Mb-177","JKI","M. sacchariflorus",1,TRUE
"DM","Overlap10",9,"Mb-188","JKI","M. x gig",1,TRUE
"DM","Overlap10",9,"Mb-2","JKI","M. sinensis",0,TRUE
"DM","Overlap10",9,"Mb-221","JKI","M. sinensis",1,TRUE
"DM","Overlap10",9,"Mb-226","JKI","M. sacchariflorus",1,TRUE
"DM","Overlap10",9,"Mb-229","JKI","M. sinensis",1,TRUE
"DM","Overlap10",9,"Mb-255","JKI","M. sinensis",1,TRUE
"DM","Overlap10",9,"Mb-272","JKI","M. sacchariflorus",1,TRUE
"DM","Overlap10",9,"Mb-297","JKI","M. sacchariflorus",1,TRUE
"DM","Overlap10",9,"Mb-3","JKI","M. sinensis",1,TRUE
"DM","Overlap10",9,"Mb-306","JKI","M. sinensis",1,TRUE
"DM","Overlap10",9,"Mb-307","JKI","M. x gig",1,TRUE
"DM","Overlap10",9,"Mb-308","JKI","M. x gig",1,TRUE
"DM","Overlap10",9,"Mb-309","JKI","M. x gig",1,TRUE
"DM","Overlap10",9,"Mb-31","JKI","M. sinensis",0,TRUE
"DM","Overlap10",9,"Mb-310","JKI","M. x gig",1,TRUE
"DM","Overlap10",9,"Mb-35","JKI","M. sinensis",0,TRUE
"DM","Overlap10",9,"Mb-353","JKI","M. sacchariflorus",1,TRUE
"DM","Overlap10",9,"Mb-37","JKI","M. sinensis",1,TRUE
"DM","Overlap10",9,"Mb-383_1","JKI","M. sacchariflorus",0,TRUE
"DM","Overlap10",9,"Mb-391","JKI","M. sacchariflorus",1,TRUE
"DM","Overlap10",9,"Mb-393_1","JKI","M. sacchariflorus",1,TRUE
"DM","Overlap10",9,"Mb-397","JKI","M. sacchariflorus",1,TRUE
"DM","Overlap10",9,"Mb-399","JKI","M. sacchariflorus",1,TRUE
"DM","Overlap10",9,"Mb-401","JKI","M. sacchariflorus",1,TRUE
"DM","Overlap10",9,"Mb-411","JKI","M. sacchariflorus",0,TRUE
"DM","Overlap10",9,"Mb-416","JKI","M. sacchariflorus",1,TRUE
"DM","Overlap10",9,"Mb-425_1","JKI","M. sacchariflorus",1,TRUE
"DM","Overlap10",9,"Mb-427_1","JKI","M. sacchariflorus",0,TRUE
"DM","Overlap10",9,"Mb-431_1","JKI","M. sacchariflorus",1,TRUE
"DM","Overlap10",9,"Mb-434_1","JKI","M. sinensis",1,TRUE
"DM","Overlap10",9,"Mb-485_1","JKI","M. sacchariflorus",0,TRUE
"DM","Overlap10",9,"Mb-486","JKI","M. sacchariflorus",1,TRUE
"DM","Overlap10",9,"Mb-488_15","JKI","M. sacchariflorus",1,TRUE
"DM","Overlap10",9,"Mb-490_10","JKI","M. sacchariflorus",1,TRUE
"DM","Overlap10",9,"Mb-494_1","JKI","M. sacchariflorus",0,TRUE
"DM","Overlap10",9,"Mb-498_1","JKI","M. sacchariflorus",1,TRUE
"DM","Overlap10",9,"Mb-502_1","JKI","M. sacchariflorus",1,TRUE
"DM","Overlap10",9,"Mb-505_1","JKI","M. sacchariflorus",1,TRUE
"DM","Overlap10",9,"Mb-508","JKI","M. sacchariflorus",1,TRUE
"DM","Overlap10",9,"Mb-526_13","JKI","M. sinensis",0,TRUE
"DM","Overlap10",9,"Mb-527_1","JKI","M. sinensis",1,TRUE
"DM","Overlap10",9,"Mb-533_1","JKI","M. sinensis",1,TRUE
"DM","Overlap10",9,"Mb-539_1","JKI","M. sinensis",1,TRUE
"DM","Overlap10",9,"Mb-585_1","JKI","M. sinensis",1,TRUE
"DM","Overlap10",9,"Mb-628_1","JKI","M. sacchariflorus",1,TRUE
"DM","Overlap10",9,"Mb-70","JKI","M. sinensis",1,TRUE
"DM","Overlap10",9,"Mb-72","JKI","M. x gig",1,TRUE
"DM","Overlap10",9,"Mb-74","JKI","M. sinensis",1,TRUE
"DM","Overlap10",9,"Mb-76","JKI","M. sacchariflorus",0,TRUE
"DM","Overlap10",9,"Mb-770_18","JKI","M. sacchariflorus",1,TRUE
"DM","Overlap10",9,"Mb-779_14","JKI","M. sacchariflorus",1,TRUE
"DM","Overlap10",9,"Mb-787_13","JKI","M. sacchariflorus",1,TRUE
"DM","Overlap10",9,"Mb-810_11","JKI","M. sacchariflorus",1,TRUE
"DM","Overlap10",9,"Mb-819_19","JKI","M. sacchariflorus",1,TRUE
"DM","Overlap10",9,"Mb-851_1","JKI","M. sinensis",1,TRUE
"DM","Overlap10",9,"Mb-86","JKI","M. sinensis",0,TRUE
"DM","Overlap10",9,"Mb-884_1","JKI","M. sacchariflorus",1,TRUE
"DM","Overlap10",9,"Mb-893_11","JKI","M. sinensis",0,TRUE
"DM","Overlap10",9,"Mb-9","JKI","M. sinensis",1,TRUE
"DM","Overlap10",9,"Mb-910_11","JKI","M. sinensis",1,TRUE
"DM","Overlap10",9,"Mb-913_17","JKI","M. sacchariflorus",1,TRUE
"DM","Overlap10",9,"Mb-914_13","JKI","M. sinensis",1,TRUE
"DM","Overlap10",9,"Mb-928_18","JKI","M. sinensis",0,TRUE
"DM","Overlap10",9,"Mb-930","JKI","M. sinensis",1,TRUE
"DM","Overlap10",9,"Mb-931_12","JKI","M. sinensis",0,TRUE
"DM","Overlap10",9,"Mb-933_11","JKI","M. sinensis",0,TRUE
"DM","Overlap10",9,"Mb-935_13","JKI","M. sinensis",0,TRUE
"DM","Overlap10",9,"Mb-94","JKI","M. sacchariflorus",1,TRUE
"DM","Overlap10",9,"Mb-956_19","JKI","M. sacchariflorus",1,TRUE
"DM","Overlap10",9,"Mb-958_19","JKI","M. sacchariflorus",1,TRUE
"DM","Overlap10",9,"Mb-960_20","JKI","M. sinensis",1,TRUE
"DM","Overlap10",9,"Mb-961_16","JKI","M. sacchariflorus",1,TRUE
"DM","Overlap10",9,"Mb-965_15","JKI","M. sacchariflorus",1,TRUE
"DM","Overlap10",9,"Mb-969_18","JKI","M. sacchariflorus",1,TRUE
"DM","Overlap10",9,"Mb-974_19","JKI","M. sinensis",0,TRUE
"DM","Overlap10",9,"Mb-99","JKI","M. sinensis",1,TRUE
"DM","Overlap10",9,"Mx-1548_12","JKI","M. x gig",1,TRUE
"DM","Overlap10",9,"Mx-1915_12","JKI","M. x gig",1,TRUE
"DM","Overlap10",9,"Mx-1932_13","JKI","M. x gig",1,TRUE
"DM","Overlap10",9,"Mx-1933_11","JKI","M. x gig",0,TRUE
"DM","Overlap10",9,"Mx-1956_15","JKI","M. x gig",1,TRUE
"DM","Overlap10",9,"Mx-2446_1","JKI","M. x gig",1,TRUE
"DM","Overlap10",9,"Mx-2470_5","JKI","M. sacchariflorus",1,TRUE
"DM","Overlap10",9,"Mx-437_90","JKI","M. x gig",1,TRUE
"DM","Overlap10",10,"Mb-102","ABR33","M. sinensis",1,TRUE
"DM","Overlap10",10,"Mb-1037_52","ABR33","M. sacchariflorus",1,TRUE
"DM","Overlap10",10,"Mb-104","ABR33","M. x gig",1,TRUE
"DM","Overlap10",10,"Mb-1040_17","ABR33","M. sacchariflorus",1,TRUE
"DM","Overlap10",10,"Mb-1043_32","ABR33","M. sacchariflorus",1,TRUE
"DM","Overlap10",10,"Mb-1044_50","ABR33","M. sacchariflorus",1,TRUE
"DM","Overlap10",10,"Mb-1056_31","ABR33","M. sacchariflorus",1,TRUE
"DM","Overlap10",10,"Mb-1067_18","ABR33","M. sacchariflorus",1,TRUE
"DM","Overlap10",10,"Mb-1086_54","ABR33","M. x gig",1,TRUE
"DM","Overlap10",10,"Mb-109","ABR33","M. sinensis",1,TRUE
"DM","Overlap10",10,"Mb-110","ABR33","M. sinensis",1,TRUE
"DM","Overlap10",10,"Mb-111","ABR33","M. sinensis",1,TRUE
"DM","Overlap10",10,"Mb-113","ABR33","M. sinensis",1,TRUE
"DM","Overlap10",10,"Mb-1130_51","ABR33","M. x gig",1,TRUE
"DM","Overlap10",10,"Mb-1132_52","ABR33","M. x gig",0,TRUE
"DM","Overlap10",10,"Mb-1139_19","ABR33","M. sinensis",1,TRUE
"DM","Overlap10",10,"Mb-1147_12","ABR33","M. sinensis",1,TRUE
"DM","Overlap10",10,"Mb-115","ABR33","M. sinensis",1,TRUE
"DM","Overlap10",10,"Mb-1153_20","ABR33","M. sinensis",0,TRUE
"DM","Overlap10",10,"Mb-1155_33","ABR33","M. sacchariflorus",1,TRUE
"DM","Overlap10",10,"Mb-1156_13","ABR33","M. sinensis",1,TRUE
"DM","Overlap10",10,"Mb-1162_20","ABR33","M. sacchariflorus",1,TRUE
"DM","Overlap10",10,"Mb-1182_16","ABR33","M. sinensis",1,TRUE
"DM","Overlap10",10,"Mb-1205_12","ABR33","M. sinensis",0,TRUE
"DM","Overlap10",10,"Mb-1231_18","ABR33","M. sinensis",1,TRUE
"DM","Overlap10",10,"Mb-1238_1","ABR33","M. sinensis",0,TRUE
"DM","Overlap10",10,"Mb-1261_15","ABR33","M. sacchariflorus",1,TRUE
"DM","Overlap10",10,"Mb-1353_14","ABR33","M. sacchariflorus",1,TRUE
"DM","Overlap10",10,"Mb-14","ABR33","M. sinensis",1,TRUE
"DM","Overlap10",10,"Mb-140","ABR33","M. sacchariflorus",1,TRUE
"DM","Overlap10",10,"Mb-142","ABR33","M. sacchariflorus",1,TRUE
"DM","Overlap10",10,"Mb-144","ABR33","M. sacchariflorus",1,TRUE
"DM","Overlap10",10,"Mb-146","ABR33","M. sacchariflorus",1,TRUE
"DM","Overlap10",10,"Mb-147","ABR33","M. x gig",1,TRUE
"DM","Overlap10",10,"Mb-148","ABR33","M. x gig",1,TRUE
"DM","Overlap10",10,"Mb-1485_42","ABR33","M. x gig",1,TRUE
"DM","Overlap10",10,"Mb-1486_1","ABR33","M. x gig",0,TRUE
"DM","Overlap10",10,"Mb-149","ABR33","M. x gig",0,TRUE
"DM","Overlap10",10,"Mb-166","ABR33","M. sacchariflorus",1,TRUE
"DM","Overlap10",10,"Mb-167","ABR33","M. sinensis",1,TRUE
"DM","Overlap10",10,"Mb-177","ABR33","M. sacchariflorus",1,TRUE
"DM","Overlap10",10,"Mb-188","ABR33","M. x gig",1,TRUE
"DM","Overlap10",10,"Mb-2","ABR33","M. sinensis",0,TRUE
"DM","Overlap10",10,"Mb-221","ABR33","M. sinensis",0,TRUE
"DM","Overlap10",10,"Mb-226","ABR33","M. sacchariflorus",1,TRUE
"DM","Overlap10",10,"Mb-229","ABR33","M. sinensis",1,TRUE
"DM","Overlap10",10,"Mb-255","ABR33","M. sinensis",1,TRUE
"DM","Overlap10",10,"Mb-272","ABR33","M. sacchariflorus",1,TRUE
"DM","Overlap10",10,"Mb-297","ABR33","M. sacchariflorus",0,TRUE
"DM","Overlap10",10,"Mb-3","ABR33","M. sinensis",1,TRUE
"DM","Overlap10",10,"Mb-306","ABR33","M. sinensis",1,TRUE
"DM","Overlap10",10,"Mb-307","ABR33","M. x gig",1,TRUE
"DM","Overlap10",10,"Mb-308","ABR33","M. x gig",1,TRUE
"DM","Overlap10",10,"Mb-309","ABR33","M. x gig",1,TRUE
"DM","Overlap10",10,"Mb-31","ABR33","M. sinensis",1,TRUE
"DM","Overlap10",10,"Mb-310","ABR33","M. x gig",1,TRUE
"DM","Overlap10",10,"Mb-35","ABR33","M. sinensis",1,TRUE
"DM","Overlap10",10,"Mb-353","ABR33","M. sacchariflorus",0,TRUE
"DM","Overlap10",10,"Mb-37","ABR33","M. sinensis",0,TRUE
"DM","Overlap10",10,"Mb-383_1","ABR33","M. sacchariflorus",1,TRUE
"DM","Overlap10",10,"Mb-391","ABR33","M. sacchariflorus",0,TRUE
"DM","Overlap10",10,"Mb-393_1","ABR33","M. sacchariflorus",1,TRUE
"DM","Overlap10",10,"Mb-397","ABR33","M. sacchariflorus",0,TRUE
"DM","Overlap10",10,"Mb-399","ABR33","M. sacchariflorus",1,TRUE
"DM","Overlap10",10,"Mb-401","ABR33","M. sacchariflorus",1,TRUE
"DM","Overlap10",10,"Mb-411","ABR33","M. sacchariflorus",1,TRUE
"DM","Overlap10",10,"Mb-416","ABR33","M. sacchariflorus",0,TRUE
"DM","Overlap10",10,"Mb-425_1","ABR33","M. sacchariflorus",0,TRUE
"DM","Overlap10",10,"Mb-427_1","ABR33","M. sacchariflorus",1,TRUE
"DM","Overlap10",10,"Mb-431_1","ABR33","M. sacchariflorus",1,TRUE
"DM","Overlap10",10,"Mb-434_1","ABR33","M. sinensis",1,TRUE
"DM","Overlap10",10,"Mb-485_1","ABR33","M. sacchariflorus",1,TRUE
"DM","Overlap10",10,"Mb-486","ABR33","M. sacchariflorus",1,TRUE
"DM","Overlap10",10,"Mb-488_15","ABR33","M. sacchariflorus",1,TRUE
"DM","Overlap10",10,"Mb-490_10","ABR33","M. sacchariflorus",1,TRUE
"DM","Overlap10",10,"Mb-494_1","ABR33","M. sacchariflorus",1,TRUE
"DM","Overlap10",10,"Mb-498_1","ABR33","M. sacchariflorus",1,TRUE
"DM","Overlap10",10,"Mb-502_1","ABR33","M. sacchariflorus",1,TRUE
"DM","Overlap10",10,"Mb-505_1","ABR33","M. sacchariflorus",1,TRUE
"DM","Overlap10",10,"Mb-508","ABR33","M. sacchariflorus",1,TRUE
"DM","Overlap10",10,"Mb-526_13","ABR33","M. sinensis",1,TRUE
"DM","Overlap10",10,"Mb-527_1","ABR33","M. sinensis",1,TRUE
"DM","Overlap10",10,"Mb-533_1","ABR33","M. sinensis",0,TRUE
"DM","Overlap10",10,"Mb-539_1","ABR33","M. sinensis",1,TRUE
"DM","Overlap10",10,"Mb-585_1","ABR33","M. sinensis",1,TRUE
"DM","Overlap10",10,"Mb-628_1","ABR33","M. sacchariflorus",1,TRUE
"DM","Overlap10",10,"Mb-70","ABR33","M. sinensis",0,TRUE
"DM","Overlap10",10,"Mb-72","ABR33","M. x gig",0,TRUE
"DM","Overlap10",10,"Mb-74","ABR33","M. sinensis",1,TRUE
"DM","Overlap10",10,"Mb-76","ABR33","M. sacchariflorus",1,TRUE
"DM","Overlap10",10,"Mb-770_18","ABR33","M. sacchariflorus",1,TRUE
"DM","Overlap10",10,"Mb-779_14","ABR33","M. sacchariflorus",1,TRUE
"DM","Overlap10",10,"Mb-787_13","ABR33","M. sacchariflorus",1,TRUE
"DM","Overlap10",10,"Mb-810_11","ABR33","M. sacchariflorus",0,TRUE
"DM","Overlap10",10,"Mb-819_19","ABR33","M. sacchariflorus",1,TRUE
"DM","Overlap10",10,"Mb-851_1","ABR33","M. sinensis",1,TRUE
"DM","Overlap10",10,"Mb-86","ABR33","M. sinensis",1,TRUE
"DM","Overlap10",10,"Mb-884_1","ABR33","M. sacchariflorus",1,TRUE
"DM","Overlap10",10,"Mb-893_11","ABR33","M. sinensis",0,TRUE
"DM","Overlap10",10,"Mb-9","ABR33","M. sinensis",0,TRUE
"DM","Overlap10",10,"Mb-910_11","ABR33","M. sinensis",0,TRUE
"DM","Overlap10",10,"Mb-913_17","ABR33","M. sacchariflorus",1,TRUE
"DM","Overlap10",10,"Mb-914_13","ABR33","M. sinensis",1,TRUE
"DM","Overlap10",10,"Mb-928_18","ABR33","M. sinensis",1,TRUE
"DM","Overlap10",10,"Mb-930","ABR33","M. sinensis",1,TRUE
"DM","Overlap10",10,"Mb-931_12","ABR33","M. sinensis",1,TRUE
"DM","Overlap10",10,"Mb-933_11","ABR33","M. sinensis",1,TRUE
"DM","Overlap10",10,"Mb-935_13","ABR33","M. sinensis",0,TRUE
"DM","Overlap10",10,"Mb-94","ABR33","M. sacchariflorus",1,TRUE
"DM","Overlap10",10,"Mb-956_19","ABR33","M. sacchariflorus",1,TRUE
"DM","Overlap10",10,"Mb-958_19","ABR33","M. sacchariflorus",1,TRUE
"DM","Overlap10",10,"Mb-960_20","ABR33","M. sinensis",1,TRUE
"DM","Overlap10",10,"Mb-961_16","ABR33","M. sacchariflorus",1,TRUE
"DM","Overlap10",10,"Mb-965_15","ABR33","M. sacchariflorus",0,TRUE
"DM","Overlap10",10,"Mb-969_18","ABR33","M. sacchariflorus",1,TRUE
"DM","Overlap10",10,"Mb-974_19","ABR33","M. sinensis",1,TRUE
"DM","Overlap10",10,"Mb-99","ABR33","M. sinensis",1,TRUE
"DM","Overlap10",10,"Mx-1548_12","ABR33","M. x gig",1,TRUE
"DM","Overlap10",10,"Mx-1915_12","ABR33","M. x gig",1,TRUE
"DM","Overlap10",10,"Mx-1932_13","ABR33","M. x gig",1,TRUE
"DM","Overlap10",10,"Mx-1933_11","ABR33","M. x gig",1,TRUE
"DM","Overlap10",10,"Mx-1956_15","ABR33","M. x gig",1,TRUE
"DM","Overlap10",10,"Mx-2446_1","ABR33","M. x gig",0,TRUE
"DM","Overlap10",10,"Mx-2470_5","ABR33","M. sacchariflorus",1,TRUE
"DM","Overlap10",10,"Mx-437_90","ABR33","M. x gig",1,TRUE
"DM","Overlap10",10,"Mb-102","JKI","M. sinensis",1,TRUE
"DM","Overlap10",10,"Mb-1037_52","JKI","M. sacchariflorus",1,TRUE
"DM","Overlap10",10,"Mb-104","JKI","M. x gig",1,TRUE
"DM","Overlap10",10,"Mb-1040_17","JKI","M. sacchariflorus",1,TRUE
"DM","Overlap10",10,"Mb-1043_32","JKI","M. sacchariflorus",1,TRUE
"DM","Overlap10",10,"Mb-1044_50","JKI","M. sacchariflorus",1,TRUE
"DM","Overlap10",10,"Mb-1056_31","JKI","M. sacchariflorus",1,TRUE
"DM","Overlap10",10,"Mb-1067_18","JKI","M. sacchariflorus",1,TRUE
"DM","Overlap10",10,"Mb-1086_54","JKI","M. x gig",0,TRUE
"DM","Overlap10",10,"Mb-109","JKI","M. sinensis",1,TRUE
"DM","Overlap10",10,"Mb-110","JKI","M. sinensis",0,TRUE
"DM","Overlap10",10,"Mb-111","JKI","M. sinensis",1,TRUE
"DM","Overlap10",10,"Mb-113","JKI","M. sinensis",1,TRUE
"DM","Overlap10",10,"Mb-1130_51","JKI","M. x gig",1,TRUE
"DM","Overlap10",10,"Mb-1132_52","JKI","M. x gig",1,TRUE
"DM","Overlap10",10,"Mb-1139_19","JKI","M. sinensis",1,FALSE
"DM","Overlap10",10,"Mb-1147_12","JKI","M. sinensis",1,TRUE
"DM","Overlap10",10,"Mb-115","JKI","M. sinensis",0,TRUE
"DM","Overlap10",10,"Mb-1153_20","JKI","M. sinensis",1,TRUE
"DM","Overlap10",10,"Mb-1155_33","JKI","M. sacchariflorus",1,TRUE
"DM","Overlap10",10,"Mb-1156_13","JKI","M. sinensis",1,TRUE
"DM","Overlap10",10,"Mb-1162_20","JKI","M. sacchariflorus",1,TRUE
"DM","Overlap10",10,"Mb-1182_16","JKI","M. sinensis",1,TRUE
"DM","Overlap10",10,"Mb-1205_12","JKI","M. sinensis",0,TRUE
"DM","Overlap10",10,"Mb-1231_18","JKI","M. sinensis",1,TRUE
"DM","Overlap10",10,"Mb-1238_1","JKI","M. sinensis",0,TRUE
"DM","Overlap10",10,"Mb-1261_15","JKI","M. sacchariflorus",1,TRUE
"DM","Overlap10",10,"Mb-1353_14","JKI","M. sacchariflorus",1,TRUE
"DM","Overlap10",10,"Mb-14","JKI","M. sinensis",0,TRUE
"DM","Overlap10",10,"Mb-140","JKI","M. sacchariflorus",1,TRUE
"DM","Overlap10",10,"Mb-142","JKI","M. sacchariflorus",1,TRUE
"DM","Overlap10",10,"Mb-144","JKI","M. sacchariflorus",0,TRUE
"DM","Overlap10",10,"Mb-146","JKI","M. sacchariflorus",1,TRUE
"DM","Overlap10",10,"Mb-147","JKI","M. x gig",1,TRUE
"DM","Overlap10",10,"Mb-148","JKI","M. x gig",1,TRUE
"DM","Overlap10",10,"Mb-1485_42","JKI","M. x gig",1,TRUE
"DM","Overlap10",10,"Mb-1486_1","JKI","M. x gig",1,TRUE
"DM","Overlap10",10,"Mb-149","JKI","M. x gig",0,TRUE
"DM","Overlap10",10,"Mb-166","JKI","M. sacchariflorus",1,TRUE
"DM","Overlap10",10,"Mb-167","JKI","M. sinensis",1,TRUE
"DM","Overlap10",10,"Mb-177","JKI","M. sacchariflorus",0,TRUE
"DM","Overlap10",10,"Mb-188","JKI","M. x gig",0,TRUE
"DM","Overlap10",10,"Mb-2","JKI","M. sinensis",1,TRUE
"DM","Overlap10",10,"Mb-221","JKI","M. sinensis",0,TRUE
"DM","Overlap10",10,"Mb-226","JKI","M. sacchariflorus",0,TRUE
"DM","Overlap10",10,"Mb-229","JKI","M. sinensis",1,TRUE
"DM","Overlap10",10,"Mb-255","JKI","M. sinensis",1,TRUE
"DM","Overlap10",10,"Mb-272","JKI","M. sacchariflorus",1,TRUE
"DM","Overlap10",10,"Mb-297","JKI","M. sacchariflorus",0,TRUE
"DM","Overlap10",10,"Mb-3","JKI","M. sinensis",1,TRUE
"DM","Overlap10",10,"Mb-306","JKI","M. sinensis",1,TRUE
"DM","Overlap10",10,"Mb-307","JKI","M. x gig",1,TRUE
"DM","Overlap10",10,"Mb-308","JKI","M. x gig",0,TRUE
"DM","Overlap10",10,"Mb-309","JKI","M. x gig",1,TRUE
"DM","Overlap10",10,"Mb-31","JKI","M. sinensis",1,TRUE
"DM","Overlap10",10,"Mb-310","JKI","M. x gig",0,TRUE
"DM","Overlap10",10,"Mb-35","JKI","M. sinensis",1,TRUE
"DM","Overlap10",10,"Mb-353","JKI","M. sacchariflorus",0,TRUE
"DM","Overlap10",10,"Mb-37","JKI","M. sinensis",1,TRUE
"DM","Overlap10",10,"Mb-383_1","JKI","M. sacchariflorus",1,TRUE
"DM","Overlap10",10,"Mb-391","JKI","M. sacchariflorus",1,TRUE
"DM","Overlap10",10,"Mb-393_1","JKI","M. sacchariflorus",1,TRUE
"DM","Overlap10",10,"Mb-397","JKI","M. sacchariflorus",1,TRUE
"DM","Overlap10",10,"Mb-399","JKI","M. sacchariflorus",1,TRUE
"DM","Overlap10",10,"Mb-401","JKI","M. sacchariflorus",1,TRUE
"DM","Overlap10",10,"Mb-411","JKI","M. sacchariflorus",1,TRUE
"DM","Overlap10",10,"Mb-416","JKI","M. sacchariflorus",0,TRUE
"DM","Overlap10",10,"Mb-425_1","JKI","M. sacchariflorus",1,TRUE
"DM","Overlap10",10,"Mb-427_1","JKI","M. sacchariflorus",1,TRUE
"DM","Overlap10",10,"Mb-431_1","JKI","M. sacchariflorus",1,TRUE
"DM","Overlap10",10,"Mb-434_1","JKI","M. sinensis",1,TRUE
"DM","Overlap10",10,"Mb-485_1","JKI","M. sacchariflorus",1,TRUE
"DM","Overlap10",10,"Mb-486","JKI","M. sacchariflorus",1,TRUE
"DM","Overlap10",10,"Mb-488_15","JKI","M. sacchariflorus",1,TRUE
"DM","Overlap10",10,"Mb-490_10","JKI","M. sacchariflorus",1,TRUE
"DM","Overlap10",10,"Mb-494_1","JKI","M. sacchariflorus",1,TRUE
"DM","Overlap10",10,"Mb-498_1","JKI","M. sacchariflorus",1,TRUE
"DM","Overlap10",10,"Mb-502_1","JKI","M. sacchariflorus",1,TRUE
"DM","Overlap10",10,"Mb-505_1","JKI","M. sacchariflorus",1,TRUE
"DM","Overlap10",10,"Mb-508","JKI","M. sacchariflorus",1,TRUE
"DM","Overlap10",10,"Mb-526_13","JKI","M. sinensis",1,TRUE
"DM","Overlap10",10,"Mb-527_1","JKI","M. sinensis",1,TRUE
"DM","Overlap10",10,"Mb-533_1","JKI","M. sinensis",0,TRUE
"DM","Overlap10",10,"Mb-539_1","JKI","M. sinensis",1,TRUE
"DM","Overlap10",10,"Mb-585_1","JKI","M. sinensis",1,TRUE
"DM","Overlap10",10,"Mb-628_1","JKI","M. sacchariflorus",1,TRUE
"DM","Overlap10",10,"Mb-70","JKI","M. sinensis",1,TRUE
"DM","Overlap10",10,"Mb-72","JKI","M. x gig",1,TRUE
"DM","Overlap10",10,"Mb-74","JKI","M. sinensis",1,TRUE
"DM","Overlap10",10,"Mb-76","JKI","M. sacchariflorus",1,TRUE
"DM","Overlap10",10,"Mb-770_18","JKI","M. sacchariflorus",1,TRUE
"DM","Overlap10",10,"Mb-779_14","JKI","M. sacchariflorus",1,TRUE
"DM","Overlap10",10,"Mb-787_13","JKI","M. sacchariflorus",1,TRUE
"DM","Overlap10",10,"Mb-810_11","JKI","M. sacchariflorus",1,TRUE
"DM","Overlap10",10,"Mb-819_19","JKI","M. sacchariflorus",0,TRUE
"DM","Overlap10",10,"Mb-851_1","JKI","M. sinensis",1,TRUE
"DM","Overlap10",10,"Mb-86","JKI","M. sinensis",1,TRUE
"DM","Overlap10",10,"Mb-884_1","JKI","M. sacchariflorus",1,TRUE
"DM","Overlap10",10,"Mb-893_11","JKI","M. sinensis",1,TRUE
"DM","Overlap10",10,"Mb-9","JKI","M. sinensis",1,TRUE
"DM","Overlap10",10,"Mb-910_11","JKI","M. sinensis",0,TRUE
"DM","Overlap10",10,"Mb-913_17","JKI","M. sacchariflorus",1,TRUE
"DM","Overlap10",10,"Mb-914_13","JKI","M. sinensis",1,TRUE
"DM","Overlap10",10,"Mb-928_18","JKI","M. sinensis",1,TRUE
"DM","Overlap10",10,"Mb-930","JKI","M. sinensis",1,TRUE
"DM","Overlap10",10,"Mb-931_12","JKI","M. sinensis",1,TRUE
"DM","Overlap10",10,"Mb-933_11","JKI","M. sinensis",1,TRUE
"DM","Overlap10",10,"Mb-935_13","JKI","M. sinensis",1,TRUE
"DM","Overlap10",10,"Mb-94","JKI","M. sacchariflorus",1,TRUE
"DM","Overlap10",10,"Mb-956_19","JKI","M. sacchariflorus",0,TRUE
"DM","Overlap10",10,"Mb-958_19","JKI","M. sacchariflorus",0,TRUE
"DM","Overlap10",10,"Mb-960_20","JKI","M. sinensis",1,TRUE
"DM","Overlap10",10,"Mb-961_16","JKI","M. sacchariflorus",1,TRUE
"DM","Overlap10",10,"Mb-965_15","JKI","M. sacchariflorus",0,TRUE
"DM","Overlap10",10,"Mb-969_18","JKI","M. sacchariflorus",1,TRUE
"DM","Overlap10",10,"Mb-974_19","JKI","M. sinensis",1,TRUE
"DM","Overlap10",10,"Mb-99","JKI","M. sinensis",0,TRUE
"DM","Overlap10",10,"Mx-1548_12","JKI","M. x gig",1,TRUE
"DM","Overlap10",10,"Mx-1915_12","JKI","M. x gig",1,TRUE
"DM","Overlap10",10,"Mx-1932_13","JKI","M. x gig",1,TRUE
"DM","Overlap10",10,"Mx-1933_11","JKI","M. x gig",1,TRUE
"DM","Overlap10",10,"Mx-1956_15","JKI","M. x gig",1,TRUE
"DM","Overlap10",10,"Mx-2446_1","JKI","M. x gig",1,TRUE
"DM","Overlap10",10,"Mx-2470_5","JKI","M. sacchariflorus",0,TRUE
"DM","Overlap10",10,"Mx-437_90","JKI","M. x gig",1,TRUE
"DM","Overlap15",1,"Mb-102","ABR33","M. sinensis",1,TRUE
"DM","Overlap15",1,"Mb-1037_52","ABR33","M. sacchariflorus",1,TRUE
"DM","Overlap15",1,"Mb-104","ABR33","M. x gig",1,TRUE
"DM","Overlap15",1,"Mb-1040_17","ABR33","M. sacchariflorus",1,TRUE
"DM","Overlap15",1,"Mb-1043_32","ABR33","M. sacchariflorus",1,TRUE
"DM","Overlap15",1,"Mb-1044_50","ABR33","M. sacchariflorus",1,TRUE
"DM","Overlap15",1,"Mb-1056_31","ABR33","M. sacchariflorus",1,TRUE
"DM","Overlap15",1,"Mb-1067_18","ABR33","M. sacchariflorus",1,TRUE
"DM","Overlap15",1,"Mb-1086_54","ABR33","M. x gig",1,TRUE
"DM","Overlap15",1,"Mb-109","ABR33","M. sinensis",1,TRUE
"DM","Overlap15",1,"Mb-110","ABR33","M. sinensis",1,TRUE
"DM","Overlap15",1,"Mb-111","ABR33","M. sinensis",1,TRUE
"DM","Overlap15",1,"Mb-113","ABR33","M. sinensis",1,TRUE
"DM","Overlap15",1,"Mb-1130_51","ABR33","M. x gig",1,TRUE
"DM","Overlap15",1,"Mb-1132_52","ABR33","M. x gig",1,TRUE
"DM","Overlap15",1,"Mb-1139_19","ABR33","M. sinensis",1,TRUE
"DM","Overlap15",1,"Mb-1147_12","ABR33","M. sinensis",1,TRUE
"DM","Overlap15",1,"Mb-115","ABR33","M. sinensis",1,TRUE
"DM","Overlap15",1,"Mb-1153_20","ABR33","M. sinensis",1,TRUE
"DM","Overlap15",1,"Mb-1155_33","ABR33","M. sacchariflorus",1,TRUE
"DM","Overlap15",1,"Mb-1156_13","ABR33","M. sinensis",1,TRUE
"DM","Overlap15",1,"Mb-1162_20","ABR33","M. sacchariflorus",1,TRUE
"DM","Overlap15",1,"Mb-1182_16","ABR33","M. sinensis",1,TRUE
"DM","Overlap15",1,"Mb-1205_12","ABR33","M. sinensis",1,TRUE
"DM","Overlap15",1,"Mb-1231_18","ABR33","M. sinensis",1,TRUE
"DM","Overlap15",1,"Mb-1238_1","ABR33","M. sinensis",1,TRUE
"DM","Overlap15",1,"Mb-1261_15","ABR33","M. sacchariflorus",0,TRUE
"DM","Overlap15",1,"Mb-1353_14","ABR33","M. sacchariflorus",1,TRUE
"DM","Overlap15",1,"Mb-14","ABR33","M. sinensis",0,TRUE
"DM","Overlap15",1,"Mb-140","ABR33","M. sacchariflorus",0,TRUE
"DM","Overlap15",1,"Mb-142","ABR33","M. sacchariflorus",1,TRUE
"DM","Overlap15",1,"Mb-144","ABR33","M. sacchariflorus",1,TRUE
"DM","Overlap15",1,"Mb-146","ABR33","M. sacchariflorus",1,TRUE
"DM","Overlap15",1,"Mb-147","ABR33","M. x gig",1,TRUE
"DM","Overlap15",1,"Mb-148","ABR33","M. x gig",1,TRUE
"DM","Overlap15",1,"Mb-1485_42","ABR33","M. x gig",1,TRUE
"DM","Overlap15",1,"Mb-1486_1","ABR33","M. x gig",0,TRUE
"DM","Overlap15",1,"Mb-149","ABR33","M. x gig",0,TRUE
"DM","Overlap15",1,"Mb-166","ABR33","M. sacchariflorus",1,TRUE
"DM","Overlap15",1,"Mb-167","ABR33","M. sinensis",0,TRUE
"DM","Overlap15",1,"Mb-177","ABR33","M. sacchariflorus",1,TRUE
"DM","Overlap15",1,"Mb-188","ABR33","M. x gig",1,TRUE
"DM","Overlap15",1,"Mb-2","ABR33","M. sinensis",1,TRUE
"DM","Overlap15",1,"Mb-221","ABR33","M. sinensis",1,TRUE
"DM","Overlap15",1,"Mb-226","ABR33","M. sacchariflorus",1,TRUE
"DM","Overlap15",1,"Mb-229","ABR33","M. sinensis",1,TRUE
"DM","Overlap15",1,"Mb-255","ABR33","M. sinensis",1,TRUE
"DM","Overlap15",1,"Mb-272","ABR33","M. sacchariflorus",1,TRUE
"DM","Overlap15",1,"Mb-297","ABR33","M. sacchariflorus",1,TRUE
"DM","Overlap15",1,"Mb-3","ABR33","M. sinensis",1,TRUE
"DM","Overlap15",1,"Mb-306","ABR33","M. sinensis",1,TRUE
"DM","Overlap15",1,"Mb-307","ABR33","M. x gig",1,TRUE
"DM","Overlap15",1,"Mb-308","ABR33","M. x gig",0,TRUE
"DM","Overlap15",1,"Mb-309","ABR33","M. x gig",1,TRUE
"DM","Overlap15",1,"Mb-31","ABR33","M. sinensis",1,TRUE
"DM","Overlap15",1,"Mb-310","ABR33","M. x gig",1,TRUE
"DM","Overlap15",1,"Mb-35","ABR33","M. sinensis",1,TRUE
"DM","Overlap15",1,"Mb-353","ABR33","M. sacchariflorus",0,TRUE
"DM","Overlap15",1,"Mb-37","ABR33","M. sinensis",0,TRUE
"DM","Overlap15",1,"Mb-383_1","ABR33","M. sacchariflorus",1,TRUE
"DM","Overlap15",1,"Mb-391","ABR33","M. sacchariflorus",1,TRUE
"DM","Overlap15",1,"Mb-393_1","ABR33","M. sacchariflorus",1,TRUE
"DM","Overlap15",1,"Mb-397","ABR33","M. sacchariflorus",1,TRUE
"DM","Overlap15",1,"Mb-399","ABR33","M. sacchariflorus",0,TRUE
"DM","Overlap15",1,"Mb-401","ABR33","M. sacchariflorus",1,TRUE
"DM","Overlap15",1,"Mb-411","ABR33","M. sacchariflorus",1,TRUE
"DM","Overlap15",1,"Mb-416","ABR33","M. sacchariflorus",1,TRUE
"DM","Overlap15",1,"Mb-425_1","ABR33","M. sacchariflorus",0,TRUE
"DM","Overlap15",1,"Mb-427_1","ABR33","M. sacchariflorus",1,TRUE
"DM","Overlap15",1,"Mb-431_1","ABR33","M. sacchariflorus",1,TRUE
"DM","Overlap15",1,"Mb-434_1","ABR33","M. sinensis",1,TRUE
"DM","Overlap15",1,"Mb-485_1","ABR33","M. sacchariflorus",0,TRUE
"DM","Overlap15",1,"Mb-486","ABR33","M. sacchariflorus",1,TRUE
"DM","Overlap15",1,"Mb-488_15","ABR33","M. sacchariflorus",1,TRUE
"DM","Overlap15",1,"Mb-490_10","ABR33","M. sacchariflorus",1,TRUE
"DM","Overlap15",1,"Mb-494_1","ABR33","M. sacchariflorus",1,TRUE
"DM","Overlap15",1,"Mb-498_1","ABR33","M. sacchariflorus",1,TRUE
"DM","Overlap15",1,"Mb-502_1","ABR33","M. sacchariflorus",1,TRUE
"DM","Overlap15",1,"Mb-505_1","ABR33","M. sacchariflorus",1,TRUE
"DM","Overlap15",1,"Mb-508","ABR33","M. sacchariflorus",1,TRUE
"DM","Overlap15",1,"Mb-526_13","ABR33","M. sinensis",1,TRUE
"DM","Overlap15",1,"Mb-527_1","ABR33","M. sinensis",1,TRUE
"DM","Overlap15",1,"Mb-533_1","ABR33","M. sinensis",1,TRUE
"DM","Overlap15",1,"Mb-539_1","ABR33","M. sinensis",1,TRUE
"DM","Overlap15",1,"Mb-585_1","ABR33","M. sinensis",1,TRUE
"DM","Overlap15",1,"Mb-628_1","ABR33","M. sacchariflorus",1,TRUE
"DM","Overlap15",1,"Mb-70","ABR33","M. sinensis",1,TRUE
"DM","Overlap15",1,"Mb-72","ABR33","M. x gig",1,TRUE
"DM","Overlap15",1,"Mb-74","ABR33","M. sinensis",1,TRUE
"DM","Overlap15",1,"Mb-76","ABR33","M. sacchariflorus",1,TRUE
"DM","Overlap15",1,"Mb-770_18","ABR33","M. sacchariflorus",0,TRUE
"DM","Overlap15",1,"Mb-779_14","ABR33","M. sacchariflorus",1,TRUE
"DM","Overlap15",1,"Mb-787_13","ABR33","M. sacchariflorus",1,TRUE
"DM","Overlap15",1,"Mb-810_11","ABR33","M. sacchariflorus",0,TRUE
"DM","Overlap15",1,"Mb-819_19","ABR33","M. sacchariflorus",1,TRUE
"DM","Overlap15",1,"Mb-851_1","ABR33","M. sinensis",1,TRUE
"DM","Overlap15",1,"Mb-86","ABR33","M. sinensis",0,TRUE
"DM","Overlap15",1,"Mb-884_1","ABR33","M. sacchariflorus",1,TRUE
"DM","Overlap15",1,"Mb-893_11","ABR33","M. sinensis",1,TRUE
"DM","Overlap15",1,"Mb-9","ABR33","M. sinensis",0,TRUE
"DM","Overlap15",1,"Mb-910_11","ABR33","M. sinensis",1,TRUE
"DM","Overlap15",1,"Mb-913_17","ABR33","M. sacchariflorus",1,TRUE
"DM","Overlap15",1,"Mb-914_13","ABR33","M. sinensis",1,TRUE
"DM","Overlap15",1,"Mb-928_18","ABR33","M. sinensis",0,TRUE
"DM","Overlap15",1,"Mb-930","ABR33","M. sinensis",1,TRUE
"DM","Overlap15",1,"Mb-931_12","ABR33","M. sinensis",0,TRUE
"DM","Overlap15",1,"Mb-933_11","ABR33","M. sinensis",1,TRUE
"DM","Overlap15",1,"Mb-935_13","ABR33","M. sinensis",1,TRUE
"DM","Overlap15",1,"Mb-94","ABR33","M. sacchariflorus",0,TRUE
"DM","Overlap15",1,"Mb-956_19","ABR33","M. sacchariflorus",1,TRUE
"DM","Overlap15",1,"Mb-958_19","ABR33","M. sacchariflorus",1,TRUE
"DM","Overlap15",1,"Mb-960_20","ABR33","M. sinensis",0,TRUE
"DM","Overlap15",1,"Mb-961_16","ABR33","M. sacchariflorus",0,TRUE
"DM","Overlap15",1,"Mb-965_15","ABR33","M. sacchariflorus",1,TRUE
"DM","Overlap15",1,"Mb-969_18","ABR33","M. sacchariflorus",1,TRUE
"DM","Overlap15",1,"Mb-974_19","ABR33","M. sinensis",1,TRUE
"DM","Overlap15",1,"Mb-99","ABR33","M. sinensis",0,TRUE
"DM","Overlap15",1,"Mx-1548_12","ABR33","M. x gig",0,TRUE
"DM","Overlap15",1,"Mx-1915_12","ABR33","M. x gig",1,TRUE
"DM","Overlap15",1,"Mx-1932_13","ABR33","M. x gig",1,TRUE
"DM","Overlap15",1,"Mx-1933_11","ABR33","M. x gig",0,TRUE
"DM","Overlap15",1,"Mx-1956_15","ABR33","M. x gig",1,TRUE
"DM","Overlap15",1,"Mx-2446_1","ABR33","M. x gig",0,TRUE
"DM","Overlap15",1,"Mx-2470_5","ABR33","M. sacchariflorus",1,TRUE
"DM","Overlap15",1,"Mx-437_90","ABR33","M. x gig",1,TRUE
"DM","Overlap15",1,"Mb-102","JKI","M. sinensis",1,TRUE
"DM","Overlap15",1,"Mb-1037_52","JKI","M. sacchariflorus",1,TRUE
"DM","Overlap15",1,"Mb-104","JKI","M. x gig",1,TRUE
"DM","Overlap15",1,"Mb-1040_17","JKI","M. sacchariflorus",1,TRUE
"DM","Overlap15",1,"Mb-1043_32","JKI","M. sacchariflorus",1,TRUE
"DM","Overlap15",1,"Mb-1044_50","JKI","M. sacchariflorus",1,TRUE
"DM","Overlap15",1,"Mb-1056_31","JKI","M. sacchariflorus",1,TRUE
"DM","Overlap15",1,"Mb-1067_18","JKI","M. sacchariflorus",1,TRUE
"DM","Overlap15",1,"Mb-1086_54","JKI","M. x gig",1,TRUE
"DM","Overlap15",1,"Mb-109","JKI","M. sinensis",1,TRUE
"DM","Overlap15",1,"Mb-110","JKI","M. sinensis",1,TRUE
"DM","Overlap15",1,"Mb-111","JKI","M. sinensis",1,TRUE
"DM","Overlap15",1,"Mb-113","JKI","M. sinensis",1,TRUE
"DM","Overlap15",1,"Mb-1130_51","JKI","M. x gig",1,TRUE
"DM","Overlap15",1,"Mb-1132_52","JKI","M. x gig",0,TRUE
"DM","Overlap15",1,"Mb-1139_19","JKI","M. sinensis",1,FALSE
"DM","Overlap15",1,"Mb-1147_12","JKI","M. sinensis",1,TRUE
"DM","Overlap15",1,"Mb-115","JKI","M. sinensis",1,TRUE
"DM","Overlap15",1,"Mb-1153_20","JKI","M. sinensis",0,TRUE
"DM","Overlap15",1,"Mb-1155_33","JKI","M. sacchariflorus",1,TRUE
"DM","Overlap15",1,"Mb-1156_13","JKI","M. sinensis",1,TRUE
"DM","Overlap15",1,"Mb-1162_20","JKI","M. sacchariflorus",1,TRUE
"DM","Overlap15",1,"Mb-1182_16","JKI","M. sinensis",1,TRUE
"DM","Overlap15",1,"Mb-1205_12","JKI","M. sinensis",1,TRUE
"DM","Overlap15",1,"Mb-1231_18","JKI","M. sinensis",1,TRUE
"DM","Overlap15",1,"Mb-1238_1","JKI","M. sinensis",1,TRUE
"DM","Overlap15",1,"Mb-1261_15","JKI","M. sacchariflorus",0,TRUE
"DM","Overlap15",1,"Mb-1353_14","JKI","M. sacchariflorus",1,TRUE
"DM","Overlap15",1,"Mb-14","JKI","M. sinensis",0,TRUE
"DM","Overlap15",1,"Mb-140","JKI","M. sacchariflorus",0,TRUE
"DM","Overlap15",1,"Mb-142","JKI","M. sacchariflorus",1,TRUE
"DM","Overlap15",1,"Mb-144","JKI","M. sacchariflorus",1,TRUE
"DM","Overlap15",1,"Mb-146","JKI","M. sacchariflorus",1,TRUE
"DM","Overlap15",1,"Mb-147","JKI","M. x gig",1,TRUE
"DM","Overlap15",1,"Mb-148","JKI","M. x gig",1,TRUE
"DM","Overlap15",1,"Mb-1485_42","JKI","M. x gig",1,TRUE
"DM","Overlap15",1,"Mb-1486_1","JKI","M. x gig",0,TRUE
"DM","Overlap15",1,"Mb-149","JKI","M. x gig",0,TRUE
"DM","Overlap15",1,"Mb-166","JKI","M. sacchariflorus",1,TRUE
"DM","Overlap15",1,"Mb-167","JKI","M. sinensis",1,TRUE
"DM","Overlap15",1,"Mb-177","JKI","M. sacchariflorus",1,TRUE
"DM","Overlap15",1,"Mb-188","JKI","M. x gig",1,TRUE
"DM","Overlap15",1,"Mb-2","JKI","M. sinensis",1,TRUE
"DM","Overlap15",1,"Mb-221","JKI","M. sinensis",1,TRUE
"DM","Overlap15",1,"Mb-226","JKI","M. sacchariflorus",1,TRUE
"DM","Overlap15",1,"Mb-229","JKI","M. sinensis",1,TRUE
"DM","Overlap15",1,"Mb-255","JKI","M. sinensis",0,TRUE
"DM","Overlap15",1,"Mb-272","JKI","M. sacchariflorus",1,TRUE
"DM","Overlap15",1,"Mb-297","JKI","M. sacchariflorus",1,TRUE
"DM","Overlap15",1,"Mb-3","JKI","M. sinensis",1,TRUE
"DM","Overlap15",1,"Mb-306","JKI","M. sinensis",0,TRUE
"DM","Overlap15",1,"Mb-307","JKI","M. x gig",1,TRUE
"DM","Overlap15",1,"Mb-308","JKI","M. x gig",1,TRUE
"DM","Overlap15",1,"Mb-309","JKI","M. x gig",1,TRUE
"DM","Overlap15",1,"Mb-31","JKI","M. sinensis",1,TRUE
"DM","Overlap15",1,"Mb-310","JKI","M. x gig",1,TRUE
"DM","Overlap15",1,"Mb-35","JKI","M. sinensis",1,TRUE
"DM","Overlap15",1,"Mb-353","JKI","M. sacchariflorus",1,TRUE
"DM","Overlap15",1,"Mb-37","JKI","M. sinensis",0,TRUE
"DM","Overlap15",1,"Mb-383_1","JKI","M. sacchariflorus",1,TRUE
"DM","Overlap15",1,"Mb-391","JKI","M. sacchariflorus",1,TRUE
"DM","Overlap15",1,"Mb-393_1","JKI","M. sacchariflorus",1,TRUE
"DM","Overlap15",1,"Mb-397","JKI","M. sacchariflorus",1,TRUE
"DM","Overlap15",1,"Mb-399","JKI","M. sacchariflorus",0,TRUE
"DM","Overlap15",1,"Mb-401","JKI","M. sacchariflorus",1,TRUE
"DM","Overlap15",1,"Mb-411","JKI","M. sacchariflorus",1,TRUE
"DM","Overlap15",1,"Mb-416","JKI","M. sacchariflorus",0,TRUE
"DM","Overlap15",1,"Mb-425_1","JKI","M. sacchariflorus",1,TRUE
"DM","Overlap15",1,"Mb-427_1","JKI","M. sacchariflorus",1,TRUE
"DM","Overlap15",1,"Mb-431_1","JKI","M. sacchariflorus",1,TRUE
"DM","Overlap15",1,"Mb-434_1","JKI","M. sinensis",1,TRUE
"DM","Overlap15",1,"Mb-485_1","JKI","M. sacchariflorus",0,TRUE
"DM","Overlap15",1,"Mb-486","JKI","M. sacchariflorus",0,TRUE
"DM","Overlap15",1,"Mb-488_15","JKI","M. sacchariflorus",1,TRUE
"DM","Overlap15",1,"Mb-490_10","JKI","M. sacchariflorus",1,TRUE
"DM","Overlap15",1,"Mb-494_1","JKI","M. sacchariflorus",1,TRUE
"DM","Overlap15",1,"Mb-498_1","JKI","M. sacchariflorus",1,TRUE
"DM","Overlap15",1,"Mb-502_1","JKI","M. sacchariflorus",1,TRUE
"DM","Overlap15",1,"Mb-505_1","JKI","M. sacchariflorus",1,TRUE
"DM","Overlap15",1,"Mb-508","JKI","M. sacchariflorus",1,TRUE
"DM","Overlap15",1,"Mb-526_13","JKI","M. sinensis",1,TRUE
"DM","Overlap15",1,"Mb-527_1","JKI","M. sinensis",1,TRUE
"DM","Overlap15",1,"Mb-533_1","JKI","M. sinensis",1,TRUE
"DM","Overlap15",1,"Mb-539_1","JKI","M. sinensis",1,TRUE
"DM","Overlap15",1,"Mb-585_1","JKI","M. sinensis",0,TRUE
"DM","Overlap15",1,"Mb-628_1","JKI","M. sacchariflorus",1,TRUE
"DM","Overlap15",1,"Mb-70","JKI","M. sinensis",1,TRUE
"DM","Overlap15",1,"Mb-72","JKI","M. x gig",1,TRUE
"DM","Overlap15",1,"Mb-74","JKI","M. sinensis",0,TRUE
"DM","Overlap15",1,"Mb-76","JKI","M. sacchariflorus",0,TRUE
"DM","Overlap15",1,"Mb-770_18","JKI","M. sacchariflorus",1,TRUE
"DM","Overlap15",1,"Mb-779_14","JKI","M. sacchariflorus",1,TRUE
"DM","Overlap15",1,"Mb-787_13","JKI","M. sacchariflorus",1,TRUE
"DM","Overlap15",1,"Mb-810_11","JKI","M. sacchariflorus",1,TRUE
"DM","Overlap15",1,"Mb-819_19","JKI","M. sacchariflorus",1,TRUE
"DM","Overlap15",1,"Mb-851_1","JKI","M. sinensis",1,TRUE
"DM","Overlap15",1,"Mb-86","JKI","M. sinensis",1,TRUE
"DM","Overlap15",1,"Mb-884_1","JKI","M. sacchariflorus",1,TRUE
"DM","Overlap15",1,"Mb-893_11","JKI","M. sinensis",1,TRUE
"DM","Overlap15",1,"Mb-9","JKI","M. sinensis",1,TRUE
"DM","Overlap15",1,"Mb-910_11","JKI","M. sinensis",1,TRUE
"DM","Overlap15",1,"Mb-913_17","JKI","M. sacchariflorus",1,TRUE
"DM","Overlap15",1,"Mb-914_13","JKI","M. sinensis",1,TRUE
"DM","Overlap15",1,"Mb-928_18","JKI","M. sinensis",0,TRUE
"DM","Overlap15",1,"Mb-930","JKI","M. sinensis",1,TRUE
"DM","Overlap15",1,"Mb-931_12","JKI","M. sinensis",0,TRUE
"DM","Overlap15",1,"Mb-933_11","JKI","M. sinensis",1,TRUE
"DM","Overlap15",1,"Mb-935_13","JKI","M. sinensis",1,TRUE
"DM","Overlap15",1,"Mb-94","JKI","M. sacchariflorus",1,TRUE
"DM","Overlap15",1,"Mb-956_19","JKI","M. sacchariflorus",1,TRUE
"DM","Overlap15",1,"Mb-958_19","JKI","M. sacchariflorus",1,TRUE
"DM","Overlap15",1,"Mb-960_20","JKI","M. sinensis",0,TRUE
"DM","Overlap15",1,"Mb-961_16","JKI","M. sacchariflorus",0,TRUE
"DM","Overlap15",1,"Mb-965_15","JKI","M. sacchariflorus",0,TRUE
"DM","Overlap15",1,"Mb-969_18","JKI","M. sacchariflorus",1,TRUE
"DM","Overlap15",1,"Mb-974_19","JKI","M. sinensis",1,TRUE
"DM","Overlap15",1,"Mb-99","JKI","M. sinensis",0,TRUE
"DM","Overlap15",1,"Mx-1548_12","JKI","M. x gig",0,TRUE
"DM","Overlap15",1,"Mx-1915_12","JKI","M. x gig",1,TRUE
"DM","Overlap15",1,"Mx-1932_13","JKI","M. x gig",1,TRUE
"DM","Overlap15",1,"Mx-1933_11","JKI","M. x gig",0,TRUE
"DM","Overlap15",1,"Mx-1956_15","JKI","M. x gig",1,TRUE
"DM","Overlap15",1,"Mx-2446_1","JKI","M. x gig",1,TRUE
"DM","Overlap15",1,"Mx-2470_5","JKI","M. sacchariflorus",1,TRUE
"DM","Overlap15",1,"Mx-437_90","JKI","M. x gig",1,TRUE
"DM","Overlap15",2,"Mb-102","ABR33","M. sinensis",1,TRUE
"DM","Overlap15",2,"Mb-1037_52","ABR33","M. sacchariflorus",0,TRUE
"DM","Overlap15",2,"Mb-104","ABR33","M. x gig",1,TRUE
"DM","Overlap15",2,"Mb-1040_17","ABR33","M. sacchariflorus",1,TRUE
"DM","Overlap15",2,"Mb-1043_32","ABR33","M. sacchariflorus",1,TRUE
"DM","Overlap15",2,"Mb-1044_50","ABR33","M. sacchariflorus",1,TRUE
"DM","Overlap15",2,"Mb-1056_31","ABR33","M. sacchariflorus",0,TRUE
"DM","Overlap15",2,"Mb-1067_18","ABR33","M. sacchariflorus",1,TRUE
"DM","Overlap15",2,"Mb-1086_54","ABR33","M. x gig",1,TRUE
"DM","Overlap15",2,"Mb-109","ABR33","M. sinensis",1,TRUE
"DM","Overlap15",2,"Mb-110","ABR33","M. sinensis",0,TRUE
"DM","Overlap15",2,"Mb-111","ABR33","M. sinensis",1,TRUE
"DM","Overlap15",2,"Mb-113","ABR33","M. sinensis",1,TRUE
"DM","Overlap15",2,"Mb-1130_51","ABR33","M. x gig",1,TRUE
"DM","Overlap15",2,"Mb-1132_52","ABR33","M. x gig",0,TRUE
"DM","Overlap15",2,"Mb-1139_19","ABR33","M. sinensis",1,TRUE
"DM","Overlap15",2,"Mb-1147_12","ABR33","M. sinensis",1,TRUE
"DM","Overlap15",2,"Mb-115","ABR33","M. sinensis",1,TRUE
"DM","Overlap15",2,"Mb-1153_20","ABR33","M. sinensis",1,TRUE
"DM","Overlap15",2,"Mb-1155_33","ABR33","M. sacchariflorus",0,TRUE
"DM","Overlap15",2,"Mb-1156_13","ABR33","M. sinensis",1,TRUE
"DM","Overlap15",2,"Mb-1162_20","ABR33","M. sacchariflorus",1,TRUE
"DM","Overlap15",2,"Mb-1182_16","ABR33","M. sinensis",1,TRUE
"DM","Overlap15",2,"Mb-1205_12","ABR33","M. sinensis",1,TRUE
"DM","Overlap15",2,"Mb-1231_18","ABR33","M. sinensis",1,TRUE
"DM","Overlap15",2,"Mb-1238_1","ABR33","M. sinensis",1,TRUE
"DM","Overlap15",2,"Mb-1261_15","ABR33","M. sacchariflorus",1,TRUE
"DM","Overlap15",2,"Mb-1353_14","ABR33","M. sacchariflorus",1,TRUE
"DM","Overlap15",2,"Mb-14","ABR33","M. sinensis",1,TRUE
"DM","Overlap15",2,"Mb-140","ABR33","M. sacchariflorus",1,TRUE
"DM","Overlap15",2,"Mb-142","ABR33","M. sacchariflorus",1,TRUE
"DM","Overlap15",2,"Mb-144","ABR33","M. sacchariflorus",0,TRUE
"DM","Overlap15",2,"Mb-146","ABR33","M. sacchariflorus",1,TRUE
"DM","Overlap15",2,"Mb-147","ABR33","M. x gig",1,TRUE
"DM","Overlap15",2,"Mb-148","ABR33","M. x gig",1,TRUE
"DM","Overlap15",2,"Mb-1485_42","ABR33","M. x gig",1,TRUE
"DM","Overlap15",2,"Mb-1486_1","ABR33","M. x gig",1,TRUE
"DM","Overlap15",2,"Mb-149","ABR33","M. x gig",1,TRUE
"DM","Overlap15",2,"Mb-166","ABR33","M. sacchariflorus",1,TRUE
"DM","Overlap15",2,"Mb-167","ABR33","M. sinensis",1,TRUE
"DM","Overlap15",2,"Mb-177","ABR33","M. sacchariflorus",1,TRUE
"DM","Overlap15",2,"Mb-188","ABR33","M. x gig",1,TRUE
"DM","Overlap15",2,"Mb-2","ABR33","M. sinensis",1,TRUE
"DM","Overlap15",2,"Mb-221","ABR33","M. sinensis",1,TRUE
"DM","Overlap15",2,"Mb-226","ABR33","M. sacchariflorus",0,TRUE
"DM","Overlap15",2,"Mb-229","ABR33","M. sinensis",1,TRUE
"DM","Overlap15",2,"Mb-255","ABR33","M. sinensis",1,TRUE
"DM","Overlap15",2,"Mb-272","ABR33","M. sacchariflorus",0,TRUE
"DM","Overlap15",2,"Mb-297","ABR33","M. sacchariflorus",1,TRUE
"DM","Overlap15",2,"Mb-3","ABR33","M. sinensis",1,TRUE
"DM","Overlap15",2,"Mb-306","ABR33","M. sinensis",0,TRUE
"DM","Overlap15",2,"Mb-307","ABR33","M. x gig",0,TRUE
"DM","Overlap15",2,"Mb-308","ABR33","M. x gig",1,TRUE
"DM","Overlap15",2,"Mb-309","ABR33","M. x gig",1,TRUE
"DM","Overlap15",2,"Mb-31","ABR33","M. sinensis",1,TRUE
"DM","Overlap15",2,"Mb-310","ABR33","M. x gig",0,TRUE
"DM","Overlap15",2,"Mb-35","ABR33","M. sinensis",1,TRUE
"DM","Overlap15",2,"Mb-353","ABR33","M. sacchariflorus",0,TRUE
"DM","Overlap15",2,"Mb-37","ABR33","M. sinensis",1,TRUE
"DM","Overlap15",2,"Mb-383_1","ABR33","M. sacchariflorus",1,TRUE
"DM","Overlap15",2,"Mb-391","ABR33","M. sacchariflorus",1,TRUE
"DM","Overlap15",2,"Mb-393_1","ABR33","M. sacchariflorus",1,TRUE
"DM","Overlap15",2,"Mb-397","ABR33","M. sacchariflorus",1,TRUE
"DM","Overlap15",2,"Mb-399","ABR33","M. sacchariflorus",0,TRUE
"DM","Overlap15",2,"Mb-401","ABR33","M. sacchariflorus",1,TRUE
"DM","Overlap15",2,"Mb-411","ABR33","M. sacchariflorus",1,TRUE
"DM","Overlap15",2,"Mb-416","ABR33","M. sacchariflorus",1,TRUE
"DM","Overlap15",2,"Mb-425_1","ABR33","M. sacchariflorus",1,TRUE
"DM","Overlap15",2,"Mb-427_1","ABR33","M. sacchariflorus",1,TRUE
"DM","Overlap15",2,"Mb-431_1","ABR33","M. sacchariflorus",1,TRUE
"DM","Overlap15",2,"Mb-434_1","ABR33","M. sinensis",1,TRUE
"DM","Overlap15",2,"Mb-485_1","ABR33","M. sacchariflorus",1,TRUE
"DM","Overlap15",2,"Mb-486","ABR33","M. sacchariflorus",1,TRUE
"DM","Overlap15",2,"Mb-488_15","ABR33","M. sacchariflorus",1,TRUE
"DM","Overlap15",2,"Mb-490_10","ABR33","M. sacchariflorus",0,TRUE
"DM","Overlap15",2,"Mb-494_1","ABR33","M. sacchariflorus",0,TRUE
"DM","Overlap15",2,"Mb-498_1","ABR33","M. sacchariflorus",1,TRUE
"DM","Overlap15",2,"Mb-502_1","ABR33","M. sacchariflorus",1,TRUE
"DM","Overlap15",2,"Mb-505_1","ABR33","M. sacchariflorus",0,TRUE
"DM","Overlap15",2,"Mb-508","ABR33","M. sacchariflorus",0,TRUE
"DM","Overlap15",2,"Mb-526_13","ABR33","M. sinensis",1,TRUE
"DM","Overlap15",2,"Mb-527_1","ABR33","M. sinensis",1,TRUE
"DM","Overlap15",2,"Mb-533_1","ABR33","M. sinensis",1,TRUE
"DM","Overlap15",2,"Mb-539_1","ABR33","M. sinensis",1,TRUE
"DM","Overlap15",2,"Mb-585_1","ABR33","M. sinensis",0,TRUE
"DM","Overlap15",2,"Mb-628_1","ABR33","M. sacchariflorus",0,TRUE
"DM","Overlap15",2,"Mb-70","ABR33","M. sinensis",1,TRUE
"DM","Overlap15",2,"Mb-72","ABR33","M. x gig",1,TRUE
"DM","Overlap15",2,"Mb-74","ABR33","M. sinensis",1,TRUE
"DM","Overlap15",2,"Mb-76","ABR33","M. sacchariflorus",1,TRUE
"DM","Overlap15",2,"Mb-770_18","ABR33","M. sacchariflorus",0,TRUE
"DM","Overlap15",2,"Mb-779_14","ABR33","M. sacchariflorus",1,TRUE
"DM","Overlap15",2,"Mb-787_13","ABR33","M. sacchariflorus",1,TRUE
"DM","Overlap15",2,"Mb-810_11","ABR33","M. sacchariflorus",1,TRUE
"DM","Overlap15",2,"Mb-819_19","ABR33","M. sacchariflorus",1,TRUE
"DM","Overlap15",2,"Mb-851_1","ABR33","M. sinensis",1,TRUE
"DM","Overlap15",2,"Mb-86","ABR33","M. sinensis",1,TRUE
"DM","Overlap15",2,"Mb-884_1","ABR33","M. sacchariflorus",1,TRUE
"DM","Overlap15",2,"Mb-893_11","ABR33","M. sinensis",0,TRUE
"DM","Overlap15",2,"Mb-9","ABR33","M. sinensis",1,TRUE
"DM","Overlap15",2,"Mb-910_11","ABR33","M. sinensis",0,TRUE
"DM","Overlap15",2,"Mb-913_17","ABR33","M. sacchariflorus",1,TRUE
"DM","Overlap15",2,"Mb-914_13","ABR33","M. sinensis",1,TRUE
"DM","Overlap15",2,"Mb-928_18","ABR33","M. sinensis",1,TRUE
"DM","Overlap15",2,"Mb-930","ABR33","M. sinensis",1,TRUE
"DM","Overlap15",2,"Mb-931_12","ABR33","M. sinensis",1,TRUE
"DM","Overlap15",2,"Mb-933_11","ABR33","M. sinensis",1,TRUE
"DM","Overlap15",2,"Mb-935_13","ABR33","M. sinensis",1,TRUE
"DM","Overlap15",2,"Mb-94","ABR33","M. sacchariflorus",1,TRUE
"DM","Overlap15",2,"Mb-956_19","ABR33","M. sacchariflorus",1,TRUE
"DM","Overlap15",2,"Mb-958_19","ABR33","M. sacchariflorus",1,TRUE
"DM","Overlap15",2,"Mb-960_20","ABR33","M. sinensis",1,TRUE
"DM","Overlap15",2,"Mb-961_16","ABR33","M. sacchariflorus",1,TRUE
"DM","Overlap15",2,"Mb-965_15","ABR33","M. sacchariflorus",1,TRUE
"DM","Overlap15",2,"Mb-969_18","ABR33","M. sacchariflorus",1,TRUE
"DM","Overlap15",2,"Mb-974_19","ABR33","M. sinensis",1,TRUE
"DM","Overlap15",2,"Mb-99","ABR33","M. sinensis",0,TRUE
"DM","Overlap15",2,"Mx-1548_12","ABR33","M. x gig",1,TRUE
"DM","Overlap15",2,"Mx-1915_12","ABR33","M. x gig",1,TRUE
"DM","Overlap15",2,"Mx-1932_13","ABR33","M. x gig",1,TRUE
"DM","Overlap15",2,"Mx-1933_11","ABR33","M. x gig",1,TRUE
"DM","Overlap15",2,"Mx-1956_15","ABR33","M. x gig",1,TRUE
"DM","Overlap15",2,"Mx-2446_1","ABR33","M. x gig",1,TRUE
"DM","Overlap15",2,"Mx-2470_5","ABR33","M. sacchariflorus",0,TRUE
"DM","Overlap15",2,"Mx-437_90","ABR33","M. x gig",0,TRUE
"DM","Overlap15",2,"Mb-102","JKI","M. sinensis",0,TRUE
"DM","Overlap15",2,"Mb-1037_52","JKI","M. sacchariflorus",0,TRUE
"DM","Overlap15",2,"Mb-104","JKI","M. x gig",1,TRUE
"DM","Overlap15",2,"Mb-1040_17","JKI","M. sacchariflorus",1,TRUE
"DM","Overlap15",2,"Mb-1043_32","JKI","M. sacchariflorus",1,TRUE
"DM","Overlap15",2,"Mb-1044_50","JKI","M. sacchariflorus",1,TRUE
"DM","Overlap15",2,"Mb-1056_31","JKI","M. sacchariflorus",0,TRUE
"DM","Overlap15",2,"Mb-1067_18","JKI","M. sacchariflorus",0,TRUE
"DM","Overlap15",2,"Mb-1086_54","JKI","M. x gig",0,TRUE
"DM","Overlap15",2,"Mb-109","JKI","M. sinensis",1,TRUE
"DM","Overlap15",2,"Mb-110","JKI","M. sinensis",0,TRUE
"DM","Overlap15",2,"Mb-111","JKI","M. sinensis",1,TRUE
"DM","Overlap15",2,"Mb-113","JKI","M. sinensis",1,TRUE
"DM","Overlap15",2,"Mb-1130_51","JKI","M. x gig",1,TRUE
"DM","Overlap15",2,"Mb-1132_52","JKI","M. x gig",0,TRUE
"DM","Overlap15",2,"Mb-1139_19","JKI","M. sinensis",1,FALSE
"DM","Overlap15",2,"Mb-1147_12","JKI","M. sinensis",1,TRUE
"DM","Overlap15",2,"Mb-115","JKI","M. sinensis",1,TRUE
"DM","Overlap15",2,"Mb-1153_20","JKI","M. sinensis",1,TRUE
"DM","Overlap15",2,"Mb-1155_33","JKI","M. sacchariflorus",1,TRUE
"DM","Overlap15",2,"Mb-1156_13","JKI","M. sinensis",1,TRUE
"DM","Overlap15",2,"Mb-1162_20","JKI","M. sacchariflorus",1,TRUE
"DM","Overlap15",2,"Mb-1182_16","JKI","M. sinensis",1,TRUE
"DM","Overlap15",2,"Mb-1205_12","JKI","M. sinensis",1,TRUE
"DM","Overlap15",2,"Mb-1231_18","JKI","M. sinensis",0,TRUE
"DM","Overlap15",2,"Mb-1238_1","JKI","M. sinensis",0,TRUE
"DM","Overlap15",2,"Mb-1261_15","JKI","M. sacchariflorus",1,TRUE
"DM","Overlap15",2,"Mb-1353_14","JKI","M. sacchariflorus",1,TRUE
"DM","Overlap15",2,"Mb-14","JKI","M. sinensis",1,TRUE
"DM","Overlap15",2,"Mb-140","JKI","M. sacchariflorus",1,TRUE
"DM","Overlap15",2,"Mb-142","JKI","M. sacchariflorus",1,TRUE
"DM","Overlap15",2,"Mb-144","JKI","M. sacchariflorus",1,TRUE
"DM","Overlap15",2,"Mb-146","JKI","M. sacchariflorus",1,TRUE
"DM","Overlap15",2,"Mb-147","JKI","M. x gig",1,TRUE
"DM","Overlap15",2,"Mb-148","JKI","M. x gig",1,TRUE
"DM","Overlap15",2,"Mb-1485_42","JKI","M. x gig",1,TRUE
"DM","Overlap15",2,"Mb-1486_1","JKI","M. x gig",1,TRUE
"DM","Overlap15",2,"Mb-149","JKI","M. x gig",1,TRUE
"DM","Overlap15",2,"Mb-166","JKI","M. sacchariflorus",1,TRUE
"DM","Overlap15",2,"Mb-167","JKI","M. sinensis",1,TRUE
"DM","Overlap15",2,"Mb-177","JKI","M. sacchariflorus",0,TRUE
"DM","Overlap15",2,"Mb-188","JKI","M. x gig",1,TRUE
"DM","Overlap15",2,"Mb-2","JKI","M. sinensis",1,TRUE
"DM","Overlap15",2,"Mb-221","JKI","M. sinensis",1,TRUE
"DM","Overlap15",2,"Mb-226","JKI","M. sacchariflorus",1,TRUE
"DM","Overlap15",2,"Mb-229","JKI","M. sinensis",1,TRUE
"DM","Overlap15",2,"Mb-255","JKI","M. sinensis",1,TRUE
"DM","Overlap15",2,"Mb-272","JKI","M. sacchariflorus",1,TRUE
"DM","Overlap15",2,"Mb-297","JKI","M. sacchariflorus",1,TRUE
"DM","Overlap15",2,"Mb-3","JKI","M. sinensis",0,TRUE
"DM","Overlap15",2,"Mb-306","JKI","M. sinensis",0,TRUE
"DM","Overlap15",2,"Mb-307","JKI","M. x gig",0,TRUE
"DM","Overlap15",2,"Mb-308","JKI","M. x gig",1,TRUE
"DM","Overlap15",2,"Mb-309","JKI","M. x gig",1,TRUE
"DM","Overlap15",2,"Mb-31","JKI","M. sinensis",1,TRUE
"DM","Overlap15",2,"Mb-310","JKI","M. x gig",0,TRUE
"DM","Overlap15",2,"Mb-35","JKI","M. sinensis",1,TRUE
"DM","Overlap15",2,"Mb-353","JKI","M. sacchariflorus",1,TRUE
"DM","Overlap15",2,"Mb-37","JKI","M. sinensis",1,TRUE
"DM","Overlap15",2,"Mb-383_1","JKI","M. sacchariflorus",0,TRUE
"DM","Overlap15",2,"Mb-391","JKI","M. sacchariflorus",1,TRUE
"DM","Overlap15",2,"Mb-393_1","JKI","M. sacchariflorus",1,TRUE
"DM","Overlap15",2,"Mb-397","JKI","M. sacchariflorus",1,TRUE
"DM","Overlap15",2,"Mb-399","JKI","M. sacchariflorus",0,TRUE
"DM","Overlap15",2,"Mb-401","JKI","M. sacchariflorus",1,TRUE
"DM","Overlap15",2,"Mb-411","JKI","M. sacchariflorus",1,TRUE
"DM","Overlap15",2,"Mb-416","JKI","M. sacchariflorus",1,TRUE
"DM","Overlap15",2,"Mb-425_1","JKI","M. sacchariflorus",1,TRUE
"DM","Overlap15",2,"Mb-427_1","JKI","M. sacchariflorus",1,TRUE
"DM","Overlap15",2,"Mb-431_1","JKI","M. sacchariflorus",1,TRUE
"DM","Overlap15",2,"Mb-434_1","JKI","M. sinensis",1,TRUE
"DM","Overlap15",2,"Mb-485_1","JKI","M. sacchariflorus",1,TRUE
"DM","Overlap15",2,"Mb-486","JKI","M. sacchariflorus",1,TRUE
"DM","Overlap15",2,"Mb-488_15","JKI","M. sacchariflorus",1,TRUE
"DM","Overlap15",2,"Mb-490_10","JKI","M. sacchariflorus",0,TRUE
"DM","Overlap15",2,"Mb-494_1","JKI","M. sacchariflorus",0,TRUE
"DM","Overlap15",2,"Mb-498_1","JKI","M. sacchariflorus",1,TRUE
"DM","Overlap15",2,"Mb-502_1","JKI","M. sacchariflorus",1,TRUE
"DM","Overlap15",2,"Mb-505_1","JKI","M. sacchariflorus",1,TRUE
"DM","Overlap15",2,"Mb-508","JKI","M. sacchariflorus",1,TRUE
"DM","Overlap15",2,"Mb-526_13","JKI","M. sinensis",1,TRUE
"DM","Overlap15",2,"Mb-527_1","JKI","M. sinensis",1,TRUE
"DM","Overlap15",2,"Mb-533_1","JKI","M. sinensis",1,TRUE
"DM","Overlap15",2,"Mb-539_1","JKI","M. sinensis",1,TRUE
"DM","Overlap15",2,"Mb-585_1","JKI","M. sinensis",0,TRUE
"DM","Overlap15",2,"Mb-628_1","JKI","M. sacchariflorus",0,TRUE
"DM","Overlap15",2,"Mb-70","JKI","M. sinensis",1,TRUE
"DM","Overlap15",2,"Mb-72","JKI","M. x gig",1,TRUE
"DM","Overlap15",2,"Mb-74","JKI","M. sinensis",1,TRUE
"DM","Overlap15",2,"Mb-76","JKI","M. sacchariflorus",1,TRUE
"DM","Overlap15",2,"Mb-770_18","JKI","M. sacchariflorus",0,TRUE
"DM","Overlap15",2,"Mb-779_14","JKI","M. sacchariflorus",1,TRUE
"DM","Overlap15",2,"Mb-787_13","JKI","M. sacchariflorus",1,TRUE
"DM","Overlap15",2,"Mb-810_11","JKI","M. sacchariflorus",1,TRUE
"DM","Overlap15",2,"Mb-819_19","JKI","M. sacchariflorus",1,TRUE
"DM","Overlap15",2,"Mb-851_1","JKI","M. sinensis",1,TRUE
"DM","Overlap15",2,"Mb-86","JKI","M. sinensis",1,TRUE
"DM","Overlap15",2,"Mb-884_1","JKI","M. sacchariflorus",1,TRUE
"DM","Overlap15",2,"Mb-893_11","JKI","M. sinensis",1,TRUE
"DM","Overlap15",2,"Mb-9","JKI","M. sinensis",1,TRUE
"DM","Overlap15",2,"Mb-910_11","JKI","M. sinensis",0,TRUE
"DM","Overlap15",2,"Mb-913_17","JKI","M. sacchariflorus",1,TRUE
"DM","Overlap15",2,"Mb-914_13","JKI","M. sinensis",1,TRUE
"DM","Overlap15",2,"Mb-928_18","JKI","M. sinensis",1,TRUE
"DM","Overlap15",2,"Mb-930","JKI","M. sinensis",0,TRUE
"DM","Overlap15",2,"Mb-931_12","JKI","M. sinensis",0,TRUE
"DM","Overlap15",2,"Mb-933_11","JKI","M. sinensis",1,TRUE
"DM","Overlap15",2,"Mb-935_13","JKI","M. sinensis",1,TRUE
"DM","Overlap15",2,"Mb-94","JKI","M. sacchariflorus",1,TRUE
"DM","Overlap15",2,"Mb-956_19","JKI","M. sacchariflorus",1,TRUE
"DM","Overlap15",2,"Mb-958_19","JKI","M. sacchariflorus",1,TRUE
"DM","Overlap15",2,"Mb-960_20","JKI","M. sinensis",1,TRUE
"DM","Overlap15",2,"Mb-961_16","JKI","M. sacchariflorus",1,TRUE
"DM","Overlap15",2,"Mb-965_15","JKI","M. sacchariflorus",1,TRUE
"DM","Overlap15",2,"Mb-969_18","JKI","M. sacchariflorus",1,TRUE
"DM","Overlap15",2,"Mb-974_19","JKI","M. sinensis",1,TRUE
"DM","Overlap15",2,"Mb-99","JKI","M. sinensis",1,TRUE
"DM","Overlap15",2,"Mx-1548_12","JKI","M. x gig",1,TRUE
"DM","Overlap15",2,"Mx-1915_12","JKI","M. x gig",1,TRUE
"DM","Overlap15",2,"Mx-1932_13","JKI","M. x gig",1,TRUE
"DM","Overlap15",2,"Mx-1933_11","JKI","M. x gig",1,TRUE
"DM","Overlap15",2,"Mx-1956_15","JKI","M. x gig",1,TRUE
"DM","Overlap15",2,"Mx-2446_1","JKI","M. x gig",1,TRUE
"DM","Overlap15",2,"Mx-2470_5","JKI","M. sacchariflorus",0,TRUE
"DM","Overlap15",2,"Mx-437_90","JKI","M. x gig",1,TRUE
"DM","Overlap15",3,"Mb-102","ABR33","M. sinensis",1,TRUE
"DM","Overlap15",3,"Mb-1037_52","ABR33","M. sacchariflorus",1,TRUE
"DM","Overlap15",3,"Mb-104","ABR33","M. x gig",1,TRUE
"DM","Overlap15",3,"Mb-1040_17","ABR33","M. sacchariflorus",1,TRUE
"DM","Overlap15",3,"Mb-1043_32","ABR33","M. sacchariflorus",1,TRUE
"DM","Overlap15",3,"Mb-1044_50","ABR33","M. sacchariflorus",1,TRUE
"DM","Overlap15",3,"Mb-1056_31","ABR33","M. sacchariflorus",1,TRUE
"DM","Overlap15",3,"Mb-1067_18","ABR33","M. sacchariflorus",1,TRUE
"DM","Overlap15",3,"Mb-1086_54","ABR33","M. x gig",1,TRUE
"DM","Overlap15",3,"Mb-109","ABR33","M. sinensis",0,TRUE
"DM","Overlap15",3,"Mb-110","ABR33","M. sinensis",1,TRUE
"DM","Overlap15",3,"Mb-111","ABR33","M. sinensis",1,TRUE
"DM","Overlap15",3,"Mb-113","ABR33","M. sinensis",1,TRUE
"DM","Overlap15",3,"Mb-1130_51","ABR33","M. x gig",0,TRUE
"DM","Overlap15",3,"Mb-1132_52","ABR33","M. x gig",0,TRUE
"DM","Overlap15",3,"Mb-1139_19","ABR33","M. sinensis",1,TRUE
"DM","Overlap15",3,"Mb-1147_12","ABR33","M. sinensis",1,TRUE
"DM","Overlap15",3,"Mb-115","ABR33","M. sinensis",1,TRUE
"DM","Overlap15",3,"Mb-1153_20","ABR33","M. sinensis",1,TRUE
"DM","Overlap15",3,"Mb-1155_33","ABR33","M. sacchariflorus",1,TRUE
"DM","Overlap15",3,"Mb-1156_13","ABR33","M. sinensis",1,TRUE
"DM","Overlap15",3,"Mb-1162_20","ABR33","M. sacchariflorus",1,TRUE
"DM","Overlap15",3,"Mb-1182_16","ABR33","M. sinensis",0,TRUE
"DM","Overlap15",3,"Mb-1205_12","ABR33","M. sinensis",1,TRUE
"DM","Overlap15",3,"Mb-1231_18","ABR33","M. sinensis",1,TRUE
"DM","Overlap15",3,"Mb-1238_1","ABR33","M. sinensis",1,TRUE
"DM","Overlap15",3,"Mb-1261_15","ABR33","M. sacchariflorus",0,TRUE
"DM","Overlap15",3,"Mb-1353_14","ABR33","M. sacchariflorus",0,TRUE
"DM","Overlap15",3,"Mb-14","ABR33","M. sinensis",1,TRUE
"DM","Overlap15",3,"Mb-140","ABR33","M. sacchariflorus",1,TRUE
"DM","Overlap15",3,"Mb-142","ABR33","M. sacchariflorus",1,TRUE
"DM","Overlap15",3,"Mb-144","ABR33","M. sacchariflorus",1,TRUE
"DM","Overlap15",3,"Mb-146","ABR33","M. sacchariflorus",1,TRUE
"DM","Overlap15",3,"Mb-147","ABR33","M. x gig",1,TRUE
"DM","Overlap15",3,"Mb-148","ABR33","M. x gig",1,TRUE
"DM","Overlap15",3,"Mb-1485_42","ABR33","M. x gig",1,TRUE
"DM","Overlap15",3,"Mb-1486_1","ABR33","M. x gig",1,TRUE
"DM","Overlap15",3,"Mb-149","ABR33","M. x gig",1,TRUE
"DM","Overlap15",3,"Mb-166","ABR33","M. sacchariflorus",1,TRUE
"DM","Overlap15",3,"Mb-167","ABR33","M. sinensis",1,TRUE
"DM","Overlap15",3,"Mb-177","ABR33","M. sacchariflorus",1,TRUE
"DM","Overlap15",3,"Mb-188","ABR33","M. x gig",0,TRUE
"DM","Overlap15",3,"Mb-2","ABR33","M. sinensis",1,TRUE
"DM","Overlap15",3,"Mb-221","ABR33","M. sinensis",0,TRUE
"DM","Overlap15",3,"Mb-226","ABR33","M. sacchariflorus",1,TRUE
"DM","Overlap15",3,"Mb-229","ABR33","M. sinensis",1,TRUE
"DM","Overlap15",3,"Mb-255","ABR33","M. sinensis",1,TRUE
"DM","Overlap15",3,"Mb-272","ABR33","M. sacchariflorus",1,TRUE
"DM","Overlap15",3,"Mb-297","ABR33","M. sacchariflorus",1,TRUE
"DM","Overlap15",3,"Mb-3","ABR33","M. sinensis",1,TRUE
"DM","Overlap15",3,"Mb-306","ABR33","M. sinensis",0,TRUE
"DM","Overlap15",3,"Mb-307","ABR33","M. x gig",1,TRUE
"DM","Overlap15",3,"Mb-308","ABR33","M. x gig",0,TRUE
"DM","Overlap15",3,"Mb-309","ABR33","M. x gig",1,TRUE
"DM","Overlap15",3,"Mb-31","ABR33","M. sinensis",1,TRUE
"DM","Overlap15",3,"Mb-310","ABR33","M. x gig",1,TRUE
"DM","Overlap15",3,"Mb-35","ABR33","M. sinensis",1,TRUE
"DM","Overlap15",3,"Mb-353","ABR33","M. sacchariflorus",1,TRUE
"DM","Overlap15",3,"Mb-37","ABR33","M. sinensis",1,TRUE
"DM","Overlap15",3,"Mb-383_1","ABR33","M. sacchariflorus",1,TRUE
"DM","Overlap15",3,"Mb-391","ABR33","M. sacchariflorus",1,TRUE
"DM","Overlap15",3,"Mb-393_1","ABR33","M. sacchariflorus",1,TRUE
"DM","Overlap15",3,"Mb-397","ABR33","M. sacchariflorus",0,TRUE
"DM","Overlap15",3,"Mb-399","ABR33","M. sacchariflorus",1,TRUE
"DM","Overlap15",3,"Mb-401","ABR33","M. sacchariflorus",1,TRUE
"DM","Overlap15",3,"Mb-411","ABR33","M. sacchariflorus",1,TRUE
"DM","Overlap15",3,"Mb-416","ABR33","M. sacchariflorus",1,TRUE
"DM","Overlap15",3,"Mb-425_1","ABR33","M. sacchariflorus",1,TRUE
"DM","Overlap15",3,"Mb-427_1","ABR33","M. sacchariflorus",1,TRUE
"DM","Overlap15",3,"Mb-431_1","ABR33","M. sacchariflorus",0,TRUE
"DM","Overlap15",3,"Mb-434_1","ABR33","M. sinensis",1,TRUE
"DM","Overlap15",3,"Mb-485_1","ABR33","M. sacchariflorus",0,TRUE
"DM","Overlap15",3,"Mb-486","ABR33","M. sacchariflorus",1,TRUE
"DM","Overlap15",3,"Mb-488_15","ABR33","M. sacchariflorus",1,TRUE
"DM","Overlap15",3,"Mb-490_10","ABR33","M. sacchariflorus",0,TRUE
"DM","Overlap15",3,"Mb-494_1","ABR33","M. sacchariflorus",0,TRUE
"DM","Overlap15",3,"Mb-498_1","ABR33","M. sacchariflorus",1,TRUE
"DM","Overlap15",3,"Mb-502_1","ABR33","M. sacchariflorus",1,TRUE
"DM","Overlap15",3,"Mb-505_1","ABR33","M. sacchariflorus",1,TRUE
"DM","Overlap15",3,"Mb-508","ABR33","M. sacchariflorus",1,TRUE
"DM","Overlap15",3,"Mb-526_13","ABR33","M. sinensis",1,TRUE
"DM","Overlap15",3,"Mb-527_1","ABR33","M. sinensis",0,TRUE
"DM","Overlap15",3,"Mb-533_1","ABR33","M. sinensis",1,TRUE
"DM","Overlap15",3,"Mb-539_1","ABR33","M. sinensis",1,TRUE
"DM","Overlap15",3,"Mb-585_1","ABR33","M. sinensis",1,TRUE
"DM","Overlap15",3,"Mb-628_1","ABR33","M. sacchariflorus",1,TRUE
"DM","Overlap15",3,"Mb-70","ABR33","M. sinensis",0,TRUE
"DM","Overlap15",3,"Mb-72","ABR33","M. x gig",1,TRUE
"DM","Overlap15",3,"Mb-74","ABR33","M. sinensis",1,TRUE
"DM","Overlap15",3,"Mb-76","ABR33","M. sacchariflorus",1,TRUE
"DM","Overlap15",3,"Mb-770_18","ABR33","M. sacchariflorus",1,TRUE
"DM","Overlap15",3,"Mb-779_14","ABR33","M. sacchariflorus",1,TRUE
"DM","Overlap15",3,"Mb-787_13","ABR33","M. sacchariflorus",1,TRUE
"DM","Overlap15",3,"Mb-810_11","ABR33","M. sacchariflorus",1,TRUE
"DM","Overlap15",3,"Mb-819_19","ABR33","M. sacchariflorus",1,TRUE
"DM","Overlap15",3,"Mb-851_1","ABR33","M. sinensis",0,TRUE
"DM","Overlap15",3,"Mb-86","ABR33","M. sinensis",1,TRUE
"DM","Overlap15",3,"Mb-884_1","ABR33","M. sacchariflorus",1,TRUE
"DM","Overlap15",3,"Mb-893_11","ABR33","M. sinensis",1,TRUE
"DM","Overlap15",3,"Mb-9","ABR33","M. sinensis",0,TRUE
"DM","Overlap15",3,"Mb-910_11","ABR33","M. sinensis",1,TRUE
"DM","Overlap15",3,"Mb-913_17","ABR33","M. sacchariflorus",1,TRUE
"DM","Overlap15",3,"Mb-914_13","ABR33","M. sinensis",0,TRUE
"DM","Overlap15",3,"Mb-928_18","ABR33","M. sinensis",1,TRUE
"DM","Overlap15",3,"Mb-930","ABR33","M. sinensis",1,TRUE
"DM","Overlap15",3,"Mb-931_12","ABR33","M. sinensis",0,TRUE
"DM","Overlap15",3,"Mb-933_11","ABR33","M. sinensis",0,TRUE
"DM","Overlap15",3,"Mb-935_13","ABR33","M. sinensis",1,TRUE
"DM","Overlap15",3,"Mb-94","ABR33","M. sacchariflorus",1,TRUE
"DM","Overlap15",3,"Mb-956_19","ABR33","M. sacchariflorus",1,TRUE
"DM","Overlap15",3,"Mb-958_19","ABR33","M. sacchariflorus",0,TRUE
"DM","Overlap15",3,"Mb-960_20","ABR33","M. sinensis",1,TRUE
"DM","Overlap15",3,"Mb-961_16","ABR33","M. sacchariflorus",1,TRUE
"DM","Overlap15",3,"Mb-965_15","ABR33","M. sacchariflorus",1,TRUE
"DM","Overlap15",3,"Mb-969_18","ABR33","M. sacchariflorus",1,TRUE
"DM","Overlap15",3,"Mb-974_19","ABR33","M. sinensis",1,TRUE
"DM","Overlap15",3,"Mb-99","ABR33","M. sinensis",1,TRUE
"DM","Overlap15",3,"Mx-1548_12","ABR33","M. x gig",1,TRUE
"DM","Overlap15",3,"Mx-1915_12","ABR33","M. x gig",1,TRUE
"DM","Overlap15",3,"Mx-1932_13","ABR33","M. x gig",1,TRUE
"DM","Overlap15",3,"Mx-1933_11","ABR33","M. x gig",0,TRUE
"DM","Overlap15",3,"Mx-1956_15","ABR33","M. x gig",1,TRUE
"DM","Overlap15",3,"Mx-2446_1","ABR33","M. x gig",1,TRUE
"DM","Overlap15",3,"Mx-2470_5","ABR33","M. sacchariflorus",0,TRUE
"DM","Overlap15",3,"Mx-437_90","ABR33","M. x gig",1,TRUE
"DM","Overlap15",3,"Mb-102","JKI","M. sinensis",1,TRUE
"DM","Overlap15",3,"Mb-1037_52","JKI","M. sacchariflorus",1,TRUE
"DM","Overlap15",3,"Mb-104","JKI","M. x gig",1,TRUE
"DM","Overlap15",3,"Mb-1040_17","JKI","M. sacchariflorus",1,TRUE
"DM","Overlap15",3,"Mb-1043_32","JKI","M. sacchariflorus",1,TRUE
"DM","Overlap15",3,"Mb-1044_50","JKI","M. sacchariflorus",1,TRUE
"DM","Overlap15",3,"Mb-1056_31","JKI","M. sacchariflorus",1,TRUE
"DM","Overlap15",3,"Mb-1067_18","JKI","M. sacchariflorus",1,TRUE
"DM","Overlap15",3,"Mb-1086_54","JKI","M. x gig",1,TRUE
"DM","Overlap15",3,"Mb-109","JKI","M. sinensis",0,TRUE
"DM","Overlap15",3,"Mb-110","JKI","M. sinensis",1,TRUE
"DM","Overlap15",3,"Mb-111","JKI","M. sinensis",1,TRUE
"DM","Overlap15",3,"Mb-113","JKI","M. sinensis",1,TRUE
"DM","Overlap15",3,"Mb-1130_51","JKI","M. x gig",1,TRUE
"DM","Overlap15",3,"Mb-1132_52","JKI","M. x gig",0,TRUE
"DM","Overlap15",3,"Mb-1139_19","JKI","M. sinensis",1,FALSE
"DM","Overlap15",3,"Mb-1147_12","JKI","M. sinensis",1,TRUE
"DM","Overlap15",3,"Mb-115","JKI","M. sinensis",1,TRUE
"DM","Overlap15",3,"Mb-1153_20","JKI","M. sinensis",0,TRUE
"DM","Overlap15",3,"Mb-1155_33","JKI","M. sacchariflorus",1,TRUE
"DM","Overlap15",3,"Mb-1156_13","JKI","M. sinensis",1,TRUE
"DM","Overlap15",3,"Mb-1162_20","JKI","M. sacchariflorus",1,TRUE
"DM","Overlap15",3,"Mb-1182_16","JKI","M. sinensis",0,TRUE
"DM","Overlap15",3,"Mb-1205_12","JKI","M. sinensis",1,TRUE
"DM","Overlap15",3,"Mb-1231_18","JKI","M. sinensis",1,TRUE
"DM","Overlap15",3,"Mb-1238_1","JKI","M. sinensis",1,TRUE
"DM","Overlap15",3,"Mb-1261_15","JKI","M. sacchariflorus",0,TRUE
"DM","Overlap15",3,"Mb-1353_14","JKI","M. sacchariflorus",1,TRUE
"DM","Overlap15",3,"Mb-14","JKI","M. sinensis",1,TRUE
"DM","Overlap15",3,"Mb-140","JKI","M. sacchariflorus",1,TRUE
"DM","Overlap15",3,"Mb-142","JKI","M. sacchariflorus",1,TRUE
"DM","Overlap15",3,"Mb-144","JKI","M. sacchariflorus",1,TRUE
"DM","Overlap15",3,"Mb-146","JKI","M. sacchariflorus",1,TRUE
"DM","Overlap15",3,"Mb-147","JKI","M. x gig",1,TRUE
"DM","Overlap15",3,"Mb-148","JKI","M. x gig",1,TRUE
"DM","Overlap15",3,"Mb-1485_42","JKI","M. x gig",1,TRUE
"DM","Overlap15",3,"Mb-1486_1","JKI","M. x gig",1,TRUE
"DM","Overlap15",3,"Mb-149","JKI","M. x gig",1,TRUE
"DM","Overlap15",3,"Mb-166","JKI","M. sacchariflorus",1,TRUE
"DM","Overlap15",3,"Mb-167","JKI","M. sinensis",1,TRUE
"DM","Overlap15",3,"Mb-177","JKI","M. sacchariflorus",1,TRUE
"DM","Overlap15",3,"Mb-188","JKI","M. x gig",0,TRUE
"DM","Overlap15",3,"Mb-2","JKI","M. sinensis",1,TRUE
"DM","Overlap15",3,"Mb-221","JKI","M. sinensis",1,TRUE
"DM","Overlap15",3,"Mb-226","JKI","M. sacchariflorus",1,TRUE
"DM","Overlap15",3,"Mb-229","JKI","M. sinensis",1,TRUE
"DM","Overlap15",3,"Mb-255","JKI","M. sinensis",1,TRUE
"DM","Overlap15",3,"Mb-272","JKI","M. sacchariflorus",1,TRUE
"DM","Overlap15",3,"Mb-297","JKI","M. sacchariflorus",1,TRUE
"DM","Overlap15",3,"Mb-3","JKI","M. sinensis",1,TRUE
"DM","Overlap15",3,"Mb-306","JKI","M. sinensis",0,TRUE
"DM","Overlap15",3,"Mb-307","JKI","M. x gig",1,TRUE
"DM","Overlap15",3,"Mb-308","JKI","M. x gig",1,TRUE
"DM","Overlap15",3,"Mb-309","JKI","M. x gig",1,TRUE
"DM","Overlap15",3,"Mb-31","JKI","M. sinensis",1,TRUE
"DM","Overlap15",3,"Mb-310","JKI","M. x gig",1,TRUE
"DM","Overlap15",3,"Mb-35","JKI","M. sinensis",1,TRUE
"DM","Overlap15",3,"Mb-353","JKI","M. sacchariflorus",1,TRUE
"DM","Overlap15",3,"Mb-37","JKI","M. sinensis",1,TRUE
"DM","Overlap15",3,"Mb-383_1","JKI","M. sacchariflorus",1,TRUE
"DM","Overlap15",3,"Mb-391","JKI","M. sacchariflorus",1,TRUE
"DM","Overlap15",3,"Mb-393_1","JKI","M. sacchariflorus",1,TRUE
"DM","Overlap15",3,"Mb-397","JKI","M. sacchariflorus",0,TRUE
"DM","Overlap15",3,"Mb-399","JKI","M. sacchariflorus",1,TRUE
"DM","Overlap15",3,"Mb-401","JKI","M. sacchariflorus",1,TRUE
"DM","Overlap15",3,"Mb-411","JKI","M. sacchariflorus",0,TRUE
"DM","Overlap15",3,"Mb-416","JKI","M. sacchariflorus",1,TRUE
"DM","Overlap15",3,"Mb-425_1","JKI","M. sacchariflorus",1,TRUE
"DM","Overlap15",3,"Mb-427_1","JKI","M. sacchariflorus",1,TRUE
"DM","Overlap15",3,"Mb-431_1","JKI","M. sacchariflorus",1,TRUE
"DM","Overlap15",3,"Mb-434_1","JKI","M. sinensis",1,TRUE
"DM","Overlap15",3,"Mb-485_1","JKI","M. sacchariflorus",0,TRUE
"DM","Overlap15",3,"Mb-486","JKI","M. sacchariflorus",0,TRUE
"DM","Overlap15",3,"Mb-488_15","JKI","M. sacchariflorus",1,TRUE
"DM","Overlap15",3,"Mb-490_10","JKI","M. sacchariflorus",0,TRUE
"DM","Overlap15",3,"Mb-494_1","JKI","M. sacchariflorus",0,TRUE
"DM","Overlap15",3,"Mb-498_1","JKI","M. sacchariflorus",0,TRUE
"DM","Overlap15",3,"Mb-502_1","JKI","M. sacchariflorus",1,TRUE
"DM","Overlap15",3,"Mb-505_1","JKI","M. sacchariflorus",1,TRUE
"DM","Overlap15",3,"Mb-508","JKI","M. sacchariflorus",1,TRUE
"DM","Overlap15",3,"Mb-526_13","JKI","M. sinensis",1,TRUE
"DM","Overlap15",3,"Mb-527_1","JKI","M. sinensis",0,TRUE
"DM","Overlap15",3,"Mb-533_1","JKI","M. sinensis",1,TRUE
"DM","Overlap15",3,"Mb-539_1","JKI","M. sinensis",1,TRUE
"DM","Overlap15",3,"Mb-585_1","JKI","M. sinensis",1,TRUE
"DM","Overlap15",3,"Mb-628_1","JKI","M. sacchariflorus",1,TRUE
"DM","Overlap15",3,"Mb-70","JKI","M. sinensis",1,TRUE
"DM","Overlap15",3,"Mb-72","JKI","M. x gig",1,TRUE
"DM","Overlap15",3,"Mb-74","JKI","M. sinensis",1,TRUE
"DM","Overlap15",3,"Mb-76","JKI","M. sacchariflorus",0,TRUE
"DM","Overlap15",3,"Mb-770_18","JKI","M. sacchariflorus",1,TRUE
"DM","Overlap15",3,"Mb-779_14","JKI","M. sacchariflorus",1,TRUE
"DM","Overlap15",3,"Mb-787_13","JKI","M. sacchariflorus",1,TRUE
"DM","Overlap15",3,"Mb-810_11","JKI","M. sacchariflorus",1,TRUE
"DM","Overlap15",3,"Mb-819_19","JKI","M. sacchariflorus",1,TRUE
"DM","Overlap15",3,"Mb-851_1","JKI","M. sinensis",1,TRUE
"DM","Overlap15",3,"Mb-86","JKI","M. sinensis",0,TRUE
"DM","Overlap15",3,"Mb-884_1","JKI","M. sacchariflorus",1,TRUE
"DM","Overlap15",3,"Mb-893_11","JKI","M. sinensis",1,TRUE
"DM","Overlap15",3,"Mb-9","JKI","M. sinensis",1,TRUE
"DM","Overlap15",3,"Mb-910_11","JKI","M. sinensis",1,TRUE
"DM","Overlap15",3,"Mb-913_17","JKI","M. sacchariflorus",1,TRUE
"DM","Overlap15",3,"Mb-914_13","JKI","M. sinensis",0,TRUE
"DM","Overlap15",3,"Mb-928_18","JKI","M. sinensis",0,TRUE
"DM","Overlap15",3,"Mb-930","JKI","M. sinensis",1,TRUE
"DM","Overlap15",3,"Mb-931_12","JKI","M. sinensis",1,TRUE
"DM","Overlap15",3,"Mb-933_11","JKI","M. sinensis",0,TRUE
"DM","Overlap15",3,"Mb-935_13","JKI","M. sinensis",1,TRUE
"DM","Overlap15",3,"Mb-94","JKI","M. sacchariflorus",1,TRUE
"DM","Overlap15",3,"Mb-956_19","JKI","M. sacchariflorus",1,TRUE
"DM","Overlap15",3,"Mb-958_19","JKI","M. sacchariflorus",1,TRUE
"DM","Overlap15",3,"Mb-960_20","JKI","M. sinensis",1,TRUE
"DM","Overlap15",3,"Mb-961_16","JKI","M. sacchariflorus",1,TRUE
"DM","Overlap15",3,"Mb-965_15","JKI","M. sacchariflorus",0,TRUE
"DM","Overlap15",3,"Mb-969_18","JKI","M. sacchariflorus",1,TRUE
"DM","Overlap15",3,"Mb-974_19","JKI","M. sinensis",0,TRUE
"DM","Overlap15",3,"Mb-99","JKI","M. sinensis",1,TRUE
"DM","Overlap15",3,"Mx-1548_12","JKI","M. x gig",0,TRUE
"DM","Overlap15",3,"Mx-1915_12","JKI","M. x gig",1,TRUE
"DM","Overlap15",3,"Mx-1932_13","JKI","M. x gig",1,TRUE
"DM","Overlap15",3,"Mx-1933_11","JKI","M. x gig",0,TRUE
"DM","Overlap15",3,"Mx-1956_15","JKI","M. x gig",1,TRUE
"DM","Overlap15",3,"Mx-2446_1","JKI","M. x gig",1,TRUE
"DM","Overlap15",3,"Mx-2470_5","JKI","M. sacchariflorus",0,TRUE
"DM","Overlap15",3,"Mx-437_90","JKI","M. x gig",1,TRUE
"DM","Overlap15",4,"Mb-102","ABR33","M. sinensis",0,TRUE
"DM","Overlap15",4,"Mb-1037_52","ABR33","M. sacchariflorus",1,TRUE
"DM","Overlap15",4,"Mb-104","ABR33","M. x gig",1,TRUE
"DM","Overlap15",4,"Mb-1040_17","ABR33","M. sacchariflorus",1,TRUE
"DM","Overlap15",4,"Mb-1043_32","ABR33","M. sacchariflorus",0,TRUE
"DM","Overlap15",4,"Mb-1044_50","ABR33","M. sacchariflorus",1,TRUE
"DM","Overlap15",4,"Mb-1056_31","ABR33","M. sacchariflorus",1,TRUE
"DM","Overlap15",4,"Mb-1067_18","ABR33","M. sacchariflorus",1,TRUE
"DM","Overlap15",4,"Mb-1086_54","ABR33","M. x gig",1,TRUE
"DM","Overlap15",4,"Mb-109","ABR33","M. sinensis",1,TRUE
"DM","Overlap15",4,"Mb-110","ABR33","M. sinensis",0,TRUE
"DM","Overlap15",4,"Mb-111","ABR33","M. sinensis",1,TRUE
"DM","Overlap15",4,"Mb-113","ABR33","M. sinensis",1,TRUE
"DM","Overlap15",4,"Mb-1130_51","ABR33","M. x gig",1,TRUE
"DM","Overlap15",4,"Mb-1132_52","ABR33","M. x gig",1,TRUE
"DM","Overlap15",4,"Mb-1139_19","ABR33","M. sinensis",1,TRUE
"DM","Overlap15",4,"Mb-1147_12","ABR33","M. sinensis",1,TRUE
"DM","Overlap15",4,"Mb-115","ABR33","M. sinensis",0,TRUE
"DM","Overlap15",4,"Mb-1153_20","ABR33","M. sinensis",1,TRUE
"DM","Overlap15",4,"Mb-1155_33","ABR33","M. sacchariflorus",1,TRUE
"DM","Overlap15",4,"Mb-1156_13","ABR33","M. sinensis",1,TRUE
"DM","Overlap15",4,"Mb-1162_20","ABR33","M. sacchariflorus",1,TRUE
"DM","Overlap15",4,"Mb-1182_16","ABR33","M. sinensis",0,TRUE
"DM","Overlap15",4,"Mb-1205_12","ABR33","M. sinensis",1,TRUE
"DM","Overlap15",4,"Mb-1231_18","ABR33","M. sinensis",0,TRUE
"DM","Overlap15",4,"Mb-1238_1","ABR33","M. sinensis",1,TRUE
"DM","Overlap15",4,"Mb-1261_15","ABR33","M. sacchariflorus",1,TRUE
"DM","Overlap15",4,"Mb-1353_14","ABR33","M. sacchariflorus",1,TRUE
"DM","Overlap15",4,"Mb-14","ABR33","M. sinensis",1,TRUE
"DM","Overlap15",4,"Mb-140","ABR33","M. sacchariflorus",1,TRUE
"DM","Overlap15",4,"Mb-142","ABR33","M. sacchariflorus",1,TRUE
"DM","Overlap15",4,"Mb-144","ABR33","M. sacchariflorus",1,TRUE
"DM","Overlap15",4,"Mb-146","ABR33","M. sacchariflorus",0,TRUE
"DM","Overlap15",4,"Mb-147","ABR33","M. x gig",1,TRUE
"DM","Overlap15",4,"Mb-148","ABR33","M. x gig",1,TRUE
"DM","Overlap15",4,"Mb-1485_42","ABR33","M. x gig",1,TRUE
"DM","Overlap15",4,"Mb-1486_1","ABR33","M. x gig",0,TRUE
"DM","Overlap15",4,"Mb-149","ABR33","M. x gig",1,TRUE
"DM","Overlap15",4,"Mb-166","ABR33","M. sacchariflorus",1,TRUE
"DM","Overlap15",4,"Mb-167","ABR33","M. sinensis",1,TRUE
"DM","Overlap15",4,"Mb-177","ABR33","M. sacchariflorus",1,TRUE
"DM","Overlap15",4,"Mb-188","ABR33","M. x gig",1,TRUE
"DM","Overlap15",4,"Mb-2","ABR33","M. sinensis",1,TRUE
"DM","Overlap15",4,"Mb-221","ABR33","M. sinensis",1,TRUE
"DM","Overlap15",4,"Mb-226","ABR33","M. sacchariflorus",1,TRUE
"DM","Overlap15",4,"Mb-229","ABR33","M. sinensis",0,TRUE
"DM","Overlap15",4,"Mb-255","ABR33","M. sinensis",1,TRUE
"DM","Overlap15",4,"Mb-272","ABR33","M. sacchariflorus",1,TRUE
"DM","Overlap15",4,"Mb-297","ABR33","M. sacchariflorus",1,TRUE
"DM","Overlap15",4,"Mb-3","ABR33","M. sinensis",1,TRUE
"DM","Overlap15",4,"Mb-306","ABR33","M. sinensis",1,TRUE
"DM","Overlap15",4,"Mb-307","ABR33","M. x gig",1,TRUE
"DM","Overlap15",4,"Mb-308","ABR33","M. x gig",1,TRUE
"DM","Overlap15",4,"Mb-309","ABR33","M. x gig",1,TRUE
"DM","Overlap15",4,"Mb-31","ABR33","M. sinensis",1,TRUE
"DM","Overlap15",4,"Mb-310","ABR33","M. x gig",1,TRUE
"DM","Overlap15",4,"Mb-35","ABR33","M. sinensis",1,TRUE
"DM","Overlap15",4,"Mb-353","ABR33","M. sacchariflorus",0,TRUE
"DM","Overlap15",4,"Mb-37","ABR33","M. sinensis",1,TRUE
"DM","Overlap15",4,"Mb-383_1","ABR33","M. sacchariflorus",1,TRUE
"DM","Overlap15",4,"Mb-391","ABR33","M. sacchariflorus",1,TRUE
"DM","Overlap15",4,"Mb-393_1","ABR33","M. sacchariflorus",1,TRUE
"DM","Overlap15",4,"Mb-397","ABR33","M. sacchariflorus",1,TRUE
"DM","Overlap15",4,"Mb-399","ABR33","M. sacchariflorus",1,TRUE
"DM","Overlap15",4,"Mb-401","ABR33","M. sacchariflorus",1,TRUE
"DM","Overlap15",4,"Mb-411","ABR33","M. sacchariflorus",0,TRUE
"DM","Overlap15",4,"Mb-416","ABR33","M. sacchariflorus",1,TRUE
"DM","Overlap15",4,"Mb-425_1","ABR33","M. sacchariflorus",1,TRUE
"DM","Overlap15",4,"Mb-427_1","ABR33","M. sacchariflorus",1,TRUE
"DM","Overlap15",4,"Mb-431_1","ABR33","M. sacchariflorus",0,TRUE
"DM","Overlap15",4,"Mb-434_1","ABR33","M. sinensis",1,TRUE
"DM","Overlap15",4,"Mb-485_1","ABR33","M. sacchariflorus",1,TRUE
"DM","Overlap15",4,"Mb-486","ABR33","M. sacchariflorus",1,TRUE
"DM","Overlap15",4,"Mb-488_15","ABR33","M. sacchariflorus",1,TRUE
"DM","Overlap15",4,"Mb-490_10","ABR33","M. sacchariflorus",1,TRUE
"DM","Overlap15",4,"Mb-494_1","ABR33","M. sacchariflorus",0,TRUE
"DM","Overlap15",4,"Mb-498_1","ABR33","M. sacchariflorus",1,TRUE
"DM","Overlap15",4,"Mb-502_1","ABR33","M. sacchariflorus",1,TRUE
"DM","Overlap15",4,"Mb-505_1","ABR33","M. sacchariflorus",0,TRUE
"DM","Overlap15",4,"Mb-508","ABR33","M. sacchariflorus",1,TRUE
"DM","Overlap15",4,"Mb-526_13","ABR33","M. sinensis",0,TRUE
"DM","Overlap15",4,"Mb-527_1","ABR33","M. sinensis",1,TRUE
"DM","Overlap15",4,"Mb-533_1","ABR33","M. sinensis",1,TRUE
"DM","Overlap15",4,"Mb-539_1","ABR33","M. sinensis",1,TRUE
"DM","Overlap15",4,"Mb-585_1","ABR33","M. sinensis",1,TRUE
"DM","Overlap15",4,"Mb-628_1","ABR33","M. sacchariflorus",1,TRUE
"DM","Overlap15",4,"Mb-70","ABR33","M. sinensis",1,TRUE
"DM","Overlap15",4,"Mb-72","ABR33","M. x gig",1,TRUE
"DM","Overlap15",4,"Mb-74","ABR33","M. sinensis",1,TRUE
"DM","Overlap15",4,"Mb-76","ABR33","M. sacchariflorus",1,TRUE
"DM","Overlap15",4,"Mb-770_18","ABR33","M. sacchariflorus",0,TRUE
"DM","Overlap15",4,"Mb-779_14","ABR33","M. sacchariflorus",1,TRUE
"DM","Overlap15",4,"Mb-787_13","ABR33","M. sacchariflorus",1,TRUE
"DM","Overlap15",4,"Mb-810_11","ABR33","M. sacchariflorus",1,TRUE
"DM","Overlap15",4,"Mb-819_19","ABR33","M. sacchariflorus",1,TRUE
"DM","Overlap15",4,"Mb-851_1","ABR33","M. sinensis",1,TRUE
"DM","Overlap15",4,"Mb-86","ABR33","M. sinensis",1,TRUE
"DM","Overlap15",4,"Mb-884_1","ABR33","M. sacchariflorus",0,TRUE
"DM","Overlap15",4,"Mb-893_11","ABR33","M. sinensis",1,TRUE
"DM","Overlap15",4,"Mb-9","ABR33","M. sinensis",1,TRUE
"DM","Overlap15",4,"Mb-910_11","ABR33","M. sinensis",1,TRUE
"DM","Overlap15",4,"Mb-913_17","ABR33","M. sacchariflorus",1,TRUE
"DM","Overlap15",4,"Mb-914_13","ABR33","M. sinensis",1,TRUE
"DM","Overlap15",4,"Mb-928_18","ABR33","M. sinensis",0,TRUE
"DM","Overlap15",4,"Mb-930","ABR33","M. sinensis",0,TRUE
"DM","Overlap15",4,"Mb-931_12","ABR33","M. sinensis",1,TRUE
"DM","Overlap15",4,"Mb-933_11","ABR33","M. sinensis",1,TRUE
"DM","Overlap15",4,"Mb-935_13","ABR33","M. sinensis",0,TRUE
"DM","Overlap15",4,"Mb-94","ABR33","M. sacchariflorus",1,TRUE
"DM","Overlap15",4,"Mb-956_19","ABR33","M. sacchariflorus",1,TRUE
"DM","Overlap15",4,"Mb-958_19","ABR33","M. sacchariflorus",1,TRUE
"DM","Overlap15",4,"Mb-960_20","ABR33","M. sinensis",1,TRUE
"DM","Overlap15",4,"Mb-961_16","ABR33","M. sacchariflorus",0,TRUE
"DM","Overlap15",4,"Mb-965_15","ABR33","M. sacchariflorus",0,TRUE
"DM","Overlap15",4,"Mb-969_18","ABR33","M. sacchariflorus",1,TRUE
"DM","Overlap15",4,"Mb-974_19","ABR33","M. sinensis",1,TRUE
"DM","Overlap15",4,"Mb-99","ABR33","M. sinensis",0,TRUE
"DM","Overlap15",4,"Mx-1548_12","ABR33","M. x gig",1,TRUE
"DM","Overlap15",4,"Mx-1915_12","ABR33","M. x gig",1,TRUE
"DM","Overlap15",4,"Mx-1932_13","ABR33","M. x gig",0,TRUE
"DM","Overlap15",4,"Mx-1933_11","ABR33","M. x gig",0,TRUE
"DM","Overlap15",4,"Mx-1956_15","ABR33","M. x gig",1,TRUE
"DM","Overlap15",4,"Mx-2446_1","ABR33","M. x gig",1,TRUE
"DM","Overlap15",4,"Mx-2470_5","ABR33","M. sacchariflorus",1,TRUE
"DM","Overlap15",4,"Mx-437_90","ABR33","M. x gig",1,TRUE
"DM","Overlap15",4,"Mb-102","JKI","M. sinensis",0,TRUE
"DM","Overlap15",4,"Mb-1037_52","JKI","M. sacchariflorus",1,TRUE
"DM","Overlap15",4,"Mb-104","JKI","M. x gig",0,TRUE
"DM","Overlap15",4,"Mb-1040_17","JKI","M. sacchariflorus",1,TRUE
"DM","Overlap15",4,"Mb-1043_32","JKI","M. sacchariflorus",1,TRUE
"DM","Overlap15",4,"Mb-1044_50","JKI","M. sacchariflorus",0,TRUE
"DM","Overlap15",4,"Mb-1056_31","JKI","M. sacchariflorus",1,TRUE
"DM","Overlap15",4,"Mb-1067_18","JKI","M. sacchariflorus",1,TRUE
"DM","Overlap15",4,"Mb-1086_54","JKI","M. x gig",1,TRUE
"DM","Overlap15",4,"Mb-109","JKI","M. sinensis",1,TRUE
"DM","Overlap15",4,"Mb-110","JKI","M. sinensis",1,TRUE
"DM","Overlap15",4,"Mb-111","JKI","M. sinensis",1,TRUE
"DM","Overlap15",4,"Mb-113","JKI","M. sinensis",1,TRUE
"DM","Overlap15",4,"Mb-1130_51","JKI","M. x gig",1,TRUE
"DM","Overlap15",4,"Mb-1132_52","JKI","M. x gig",1,TRUE
"DM","Overlap15",4,"Mb-1139_19","JKI","M. sinensis",1,FALSE
"DM","Overlap15",4,"Mb-1147_12","JKI","M. sinensis",1,TRUE
"DM","Overlap15",4,"Mb-115","JKI","M. sinensis",0,TRUE
"DM","Overlap15",4,"Mb-1153_20","JKI","M. sinensis",1,TRUE
"DM","Overlap15",4,"Mb-1155_33","JKI","M. sacchariflorus",1,TRUE
"DM","Overlap15",4,"Mb-1156_13","JKI","M. sinensis",1,TRUE
"DM","Overlap15",4,"Mb-1162_20","JKI","M. sacchariflorus",0,TRUE
"DM","Overlap15",4,"Mb-1182_16","JKI","M. sinensis",1,TRUE
"DM","Overlap15",4,"Mb-1205_12","JKI","M. sinensis",1,TRUE
"DM","Overlap15",4,"Mb-1231_18","JKI","M. sinensis",1,TRUE
"DM","Overlap15",4,"Mb-1238_1","JKI","M. sinensis",1,TRUE
"DM","Overlap15",4,"Mb-1261_15","JKI","M. sacchariflorus",1,TRUE
"DM","Overlap15",4,"Mb-1353_14","JKI","M. sacchariflorus",1,TRUE
"DM","Overlap15",4,"Mb-14","JKI","M. sinensis",1,TRUE
"DM","Overlap15",4,"Mb-140","JKI","M. sacchariflorus",1,TRUE
"DM","Overlap15",4,"Mb-142","JKI","M. sacchariflorus",0,TRUE
"DM","Overlap15",4,"Mb-144","JKI","M. sacchariflorus",1,TRUE
"DM","Overlap15",4,"Mb-146","JKI","M. sacchariflorus",0,TRUE
"DM","Overlap15",4,"Mb-147","JKI","M. x gig",1,TRUE
"DM","Overlap15",4,"Mb-148","JKI","M. x gig",0,TRUE
"DM","Overlap15",4,"Mb-1485_42","JKI","M. x gig",1,TRUE
"DM","Overlap15",4,"Mb-1486_1","JKI","M. x gig",1,TRUE
"DM","Overlap15",4,"Mb-149","JKI","M. x gig",1,TRUE
"DM","Overlap15",4,"Mb-166","JKI","M. sacchariflorus",1,TRUE
"DM","Overlap15",4,"Mb-167","JKI","M. sinensis",1,TRUE
"DM","Overlap15",4,"Mb-177","JKI","M. sacchariflorus",1,TRUE
"DM","Overlap15",4,"Mb-188","JKI","M. x gig",1,TRUE
"DM","Overlap15",4,"Mb-2","JKI","M. sinensis",1,TRUE
"DM","Overlap15",4,"Mb-221","JKI","M. sinensis",1,TRUE
"DM","Overlap15",4,"Mb-226","JKI","M. sacchariflorus",1,TRUE
"DM","Overlap15",4,"Mb-229","JKI","M. sinensis",1,TRUE
"DM","Overlap15",4,"Mb-255","JKI","M. sinensis",0,TRUE
"DM","Overlap15",4,"Mb-272","JKI","M. sacchariflorus",1,TRUE
"DM","Overlap15",4,"Mb-297","JKI","M. sacchariflorus",0,TRUE
"DM","Overlap15",4,"Mb-3","JKI","M. sinensis",1,TRUE
"DM","Overlap15",4,"Mb-306","JKI","M. sinensis",1,TRUE
"DM","Overlap15",4,"Mb-307","JKI","M. x gig",1,TRUE
"DM","Overlap15",4,"Mb-308","JKI","M. x gig",1,TRUE
"DM","Overlap15",4,"Mb-309","JKI","M. x gig",1,TRUE
"DM","Overlap15",4,"Mb-31","JKI","M. sinensis",1,TRUE
"DM","Overlap15",4,"Mb-310","JKI","M. x gig",1,TRUE
"DM","Overlap15",4,"Mb-35","JKI","M. sinensis",1,TRUE
"DM","Overlap15",4,"Mb-353","JKI","M. sacchariflorus",0,TRUE
"DM","Overlap15",4,"Mb-37","JKI","M. sinensis",1,TRUE
"DM","Overlap15",4,"Mb-383_1","JKI","M. sacchariflorus",1,TRUE
"DM","Overlap15",4,"Mb-391","JKI","M. sacchariflorus",1,TRUE
"DM","Overlap15",4,"Mb-393_1","JKI","M. sacchariflorus",1,TRUE
"DM","Overlap15",4,"Mb-397","JKI","M. sacchariflorus",1,TRUE
"DM","Overlap15",4,"Mb-399","JKI","M. sacchariflorus",1,TRUE
"DM","Overlap15",4,"Mb-401","JKI","M. sacchariflorus",1,TRUE
"DM","Overlap15",4,"Mb-411","JKI","M. sacchariflorus",0,TRUE
"DM","Overlap15",4,"Mb-416","JKI","M. sacchariflorus",1,TRUE
"DM","Overlap15",4,"Mb-425_1","JKI","M. sacchariflorus",1,TRUE
"DM","Overlap15",4,"Mb-427_1","JKI","M. sacchariflorus",1,TRUE
"DM","Overlap15",4,"Mb-431_1","JKI","M. sacchariflorus",0,TRUE
"DM","Overlap15",4,"Mb-434_1","JKI","M. sinensis",1,TRUE
"DM","Overlap15",4,"Mb-485_1","JKI","M. sacchariflorus",1,TRUE
"DM","Overlap15",4,"Mb-486","JKI","M. sacchariflorus",1,TRUE
"DM","Overlap15",4,"Mb-488_15","JKI","M. sacchariflorus",1,TRUE
"DM","Overlap15",4,"Mb-490_10","JKI","M. sacchariflorus",1,TRUE
"DM","Overlap15",4,"Mb-494_1","JKI","M. sacchariflorus",1,TRUE
"DM","Overlap15",4,"Mb-498_1","JKI","M. sacchariflorus",1,TRUE
"DM","Overlap15",4,"Mb-502_1","JKI","M. sacchariflorus",1,TRUE
"DM","Overlap15",4,"Mb-505_1","JKI","M. sacchariflorus",0,TRUE
"DM","Overlap15",4,"Mb-508","JKI","M. sacchariflorus",1,TRUE
"DM","Overlap15",4,"Mb-526_13","JKI","M. sinensis",0,TRUE
"DM","Overlap15",4,"Mb-527_1","JKI","M. sinensis",1,TRUE
"DM","Overlap15",4,"Mb-533_1","JKI","M. sinensis",1,TRUE
"DM","Overlap15",4,"Mb-539_1","JKI","M. sinensis",0,TRUE
"DM","Overlap15",4,"Mb-585_1","JKI","M. sinensis",1,TRUE
"DM","Overlap15",4,"Mb-628_1","JKI","M. sacchariflorus",1,TRUE
"DM","Overlap15",4,"Mb-70","JKI","M. sinensis",1,TRUE
"DM","Overlap15",4,"Mb-72","JKI","M. x gig",1,TRUE
"DM","Overlap15",4,"Mb-74","JKI","M. sinensis",1,TRUE
"DM","Overlap15",4,"Mb-76","JKI","M. sacchariflorus",1,TRUE
"DM","Overlap15",4,"Mb-770_18","JKI","M. sacchariflorus",1,TRUE
"DM","Overlap15",4,"Mb-779_14","JKI","M. sacchariflorus",1,TRUE
"DM","Overlap15",4,"Mb-787_13","JKI","M. sacchariflorus",1,TRUE
"DM","Overlap15",4,"Mb-810_11","JKI","M. sacchariflorus",1,TRUE
"DM","Overlap15",4,"Mb-819_19","JKI","M. sacchariflorus",1,TRUE
"DM","Overlap15",4,"Mb-851_1","JKI","M. sinensis",0,TRUE
"DM","Overlap15",4,"Mb-86","JKI","M. sinensis",1,TRUE
"DM","Overlap15",4,"Mb-884_1","JKI","M. sacchariflorus",0,TRUE
"DM","Overlap15",4,"Mb-893_11","JKI","M. sinensis",1,TRUE
"DM","Overlap15",4,"Mb-9","JKI","M. sinensis",1,TRUE
"DM","Overlap15",4,"Mb-910_11","JKI","M. sinensis",1,TRUE
"DM","Overlap15",4,"Mb-913_17","JKI","M. sacchariflorus",1,TRUE
"DM","Overlap15",4,"Mb-914_13","JKI","M. sinensis",1,TRUE
"DM","Overlap15",4,"Mb-928_18","JKI","M. sinensis",0,TRUE
"DM","Overlap15",4,"Mb-930","JKI","M. sinensis",0,TRUE
"DM","Overlap15",4,"Mb-931_12","JKI","M. sinensis",1,TRUE
"DM","Overlap15",4,"Mb-933_11","JKI","M. sinensis",1,TRUE
"DM","Overlap15",4,"Mb-935_13","JKI","M. sinensis",0,TRUE
"DM","Overlap15",4,"Mb-94","JKI","M. sacchariflorus",1,TRUE
"DM","Overlap15",4,"Mb-956_19","JKI","M. sacchariflorus",1,TRUE
"DM","Overlap15",4,"Mb-958_19","JKI","M. sacchariflorus",1,TRUE
"DM","Overlap15",4,"Mb-960_20","JKI","M. sinensis",1,TRUE
"DM","Overlap15",4,"Mb-961_16","JKI","M. sacchariflorus",0,TRUE
"DM","Overlap15",4,"Mb-965_15","JKI","M. sacchariflorus",1,TRUE
"DM","Overlap15",4,"Mb-969_18","JKI","M. sacchariflorus",1,TRUE
"DM","Overlap15",4,"Mb-974_19","JKI","M. sinensis",0,TRUE
"DM","Overlap15",4,"Mb-99","JKI","M. sinensis",0,TRUE
"DM","Overlap15",4,"Mx-1548_12","JKI","M. x gig",1,TRUE
"DM","Overlap15",4,"Mx-1915_12","JKI","M. x gig",1,TRUE
"DM","Overlap15",4,"Mx-1932_13","JKI","M. x gig",0,TRUE
"DM","Overlap15",4,"Mx-1933_11","JKI","M. x gig",1,TRUE
"DM","Overlap15",4,"Mx-1956_15","JKI","M. x gig",1,TRUE
"DM","Overlap15",4,"Mx-2446_1","JKI","M. x gig",1,TRUE
"DM","Overlap15",4,"Mx-2470_5","JKI","M. sacchariflorus",1,TRUE
"DM","Overlap15",4,"Mx-437_90","JKI","M. x gig",1,TRUE
"DM","Overlap15",5,"Mb-102","ABR33","M. sinensis",0,TRUE
"DM","Overlap15",5,"Mb-1037_52","ABR33","M. sacchariflorus",1,TRUE
"DM","Overlap15",5,"Mb-104","ABR33","M. x gig",1,TRUE
"DM","Overlap15",5,"Mb-1040_17","ABR33","M. sacchariflorus",1,TRUE
"DM","Overlap15",5,"Mb-1043_32","ABR33","M. sacchariflorus",1,TRUE
"DM","Overlap15",5,"Mb-1044_50","ABR33","M. sacchariflorus",1,TRUE
"DM","Overlap15",5,"Mb-1056_31","ABR33","M. sacchariflorus",1,TRUE
"DM","Overlap15",5,"Mb-1067_18","ABR33","M. sacchariflorus",1,TRUE
"DM","Overlap15",5,"Mb-1086_54","ABR33","M. x gig",0,TRUE
"DM","Overlap15",5,"Mb-109","ABR33","M. sinensis",1,TRUE
"DM","Overlap15",5,"Mb-110","ABR33","M. sinensis",1,TRUE
"DM","Overlap15",5,"Mb-111","ABR33","M. sinensis",1,TRUE
"DM","Overlap15",5,"Mb-113","ABR33","M. sinensis",1,TRUE
"DM","Overlap15",5,"Mb-1130_51","ABR33","M. x gig",0,TRUE
"DM","Overlap15",5,"Mb-1132_52","ABR33","M. x gig",0,TRUE
"DM","Overlap15",5,"Mb-1139_19","ABR33","M. sinensis",1,TRUE
"DM","Overlap15",5,"Mb-1147_12","ABR33","M. sinensis",1,TRUE
"DM","Overlap15",5,"Mb-115","ABR33","M. sinensis",1,TRUE
"DM","Overlap15",5,"Mb-1153_20","ABR33","M. sinensis",1,TRUE
"DM","Overlap15",5,"Mb-1155_33","ABR33","M. sacchariflorus",0,TRUE
"DM","Overlap15",5,"Mb-1156_13","ABR33","M. sinensis",1,TRUE
"DM","Overlap15",5,"Mb-1162_20","ABR33","M. sacchariflorus",1,TRUE
"DM","Overlap15",5,"Mb-1182_16","ABR33","M. sinensis",1,TRUE
"DM","Overlap15",5,"Mb-1205_12","ABR33","M. sinensis",1,TRUE
"DM","Overlap15",5,"Mb-1231_18","ABR33","M. sinensis",1,TRUE
"DM","Overlap15",5,"Mb-1238_1","ABR33","M. sinensis",1,TRUE
"DM","Overlap15",5,"Mb-1261_15","ABR33","M. sacchariflorus",1,TRUE
"DM","Overlap15",5,"Mb-1353_14","ABR33","M. sacchariflorus",1,TRUE
"DM","Overlap15",5,"Mb-14","ABR33","M. sinensis",1,TRUE
"DM","Overlap15",5,"Mb-140","ABR33","M. sacchariflorus",1,TRUE
"DM","Overlap15",5,"Mb-142","ABR33","M. sacchariflorus",1,TRUE
"DM","Overlap15",5,"Mb-144","ABR33","M. sacchariflorus",1,TRUE
"DM","Overlap15",5,"Mb-146","ABR33","M. sacchariflorus",1,TRUE
"DM","Overlap15",5,"Mb-147","ABR33","M. x gig",1,TRUE
"DM","Overlap15",5,"Mb-148","ABR33","M. x gig",1,TRUE
"DM","Overlap15",5,"Mb-1485_42","ABR33","M. x gig",1,TRUE
"DM","Overlap15",5,"Mb-1486_1","ABR33","M. x gig",1,TRUE
"DM","Overlap15",5,"Mb-149","ABR33","M. x gig",0,TRUE
"DM","Overlap15",5,"Mb-166","ABR33","M. sacchariflorus",1,TRUE
"DM","Overlap15",5,"Mb-167","ABR33","M. sinensis",1,TRUE
"DM","Overlap15",5,"Mb-177","ABR33","M. sacchariflorus",1,TRUE
"DM","Overlap15",5,"Mb-188","ABR33","M. x gig",0,TRUE
"DM","Overlap15",5,"Mb-2","ABR33","M. sinensis",1,TRUE
"DM","Overlap15",5,"Mb-221","ABR33","M. sinensis",1,TRUE
"DM","Overlap15",5,"Mb-226","ABR33","M. sacchariflorus",1,TRUE
"DM","Overlap15",5,"Mb-229","ABR33","M. sinensis",1,TRUE
"DM","Overlap15",5,"Mb-255","ABR33","M. sinensis",1,TRUE
"DM","Overlap15",5,"Mb-272","ABR33","M. sacchariflorus",1,TRUE
"DM","Overlap15",5,"Mb-297","ABR33","M. sacchariflorus",1,TRUE
"DM","Overlap15",5,"Mb-3","ABR33","M. sinensis",1,TRUE
"DM","Overlap15",5,"Mb-306","ABR33","M. sinensis",0,TRUE
"DM","Overlap15",5,"Mb-307","ABR33","M. x gig",1,TRUE
"DM","Overlap15",5,"Mb-308","ABR33","M. x gig",0,TRUE
"DM","Overlap15",5,"Mb-309","ABR33","M. x gig",0,TRUE
"DM","Overlap15",5,"Mb-31","ABR33","M. sinensis",1,TRUE
"DM","Overlap15",5,"Mb-310","ABR33","M. x gig",1,TRUE
"DM","Overlap15",5,"Mb-35","ABR33","M. sinensis",1,TRUE
"DM","Overlap15",5,"Mb-353","ABR33","M. sacchariflorus",1,TRUE
"DM","Overlap15",5,"Mb-37","ABR33","M. sinensis",0,TRUE
"DM","Overlap15",5,"Mb-383_1","ABR33","M. sacchariflorus",1,TRUE
"DM","Overlap15",5,"Mb-391","ABR33","M. sacchariflorus",1,TRUE
"DM","Overlap15",5,"Mb-393_1","ABR33","M. sacchariflorus",0,TRUE
"DM","Overlap15",5,"Mb-397","ABR33","M. sacchariflorus",0,TRUE
"DM","Overlap15",5,"Mb-399","ABR33","M. sacchariflorus",1,TRUE
"DM","Overlap15",5,"Mb-401","ABR33","M. sacchariflorus",1,TRUE
"DM","Overlap15",5,"Mb-411","ABR33","M. sacchariflorus",1,TRUE
"DM","Overlap15",5,"Mb-416","ABR33","M. sacchariflorus",1,TRUE
"DM","Overlap15",5,"Mb-425_1","ABR33","M. sacchariflorus",1,TRUE
"DM","Overlap15",5,"Mb-427_1","ABR33","M. sacchariflorus",0,TRUE
"DM","Overlap15",5,"Mb-431_1","ABR33","M. sacchariflorus",1,TRUE
"DM","Overlap15",5,"Mb-434_1","ABR33","M. sinensis",1,TRUE
"DM","Overlap15",5,"Mb-485_1","ABR33","M. sacchariflorus",1,TRUE
"DM","Overlap15",5,"Mb-486","ABR33","M. sacchariflorus",1,TRUE
"DM","Overlap15",5,"Mb-488_15","ABR33","M. sacchariflorus",1,TRUE
"DM","Overlap15",5,"Mb-490_10","ABR33","M. sacchariflorus",1,TRUE
"DM","Overlap15",5,"Mb-494_1","ABR33","M. sacchariflorus",1,TRUE
"DM","Overlap15",5,"Mb-498_1","ABR33","M. sacchariflorus",1,TRUE
"DM","Overlap15",5,"Mb-502_1","ABR33","M. sacchariflorus",1,TRUE
"DM","Overlap15",5,"Mb-505_1","ABR33","M. sacchariflorus",0,TRUE
"DM","Overlap15",5,"Mb-508","ABR33","M. sacchariflorus",1,TRUE
"DM","Overlap15",5,"Mb-526_13","ABR33","M. sinensis",1,TRUE
"DM","Overlap15",5,"Mb-527_1","ABR33","M. sinensis",1,TRUE
"DM","Overlap15",5,"Mb-533_1","ABR33","M. sinensis",1,TRUE
"DM","Overlap15",5,"Mb-539_1","ABR33","M. sinensis",1,TRUE
"DM","Overlap15",5,"Mb-585_1","ABR33","M. sinensis",1,TRUE
"DM","Overlap15",5,"Mb-628_1","ABR33","M. sacchariflorus",1,TRUE
"DM","Overlap15",5,"Mb-70","ABR33","M. sinensis",1,TRUE
"DM","Overlap15",5,"Mb-72","ABR33","M. x gig",0,TRUE
"DM","Overlap15",5,"Mb-74","ABR33","M. sinensis",0,TRUE
"DM","Overlap15",5,"Mb-76","ABR33","M. sacchariflorus",1,TRUE
"DM","Overlap15",5,"Mb-770_18","ABR33","M. sacchariflorus",1,TRUE
"DM","Overlap15",5,"Mb-779_14","ABR33","M. sacchariflorus",1,TRUE
"DM","Overlap15",5,"Mb-787_13","ABR33","M. sacchariflorus",1,TRUE
"DM","Overlap15",5,"Mb-810_11","ABR33","M. sacchariflorus",1,TRUE
"DM","Overlap15",5,"Mb-819_19","ABR33","M. sacchariflorus",1,TRUE
"DM","Overlap15",5,"Mb-851_1","ABR33","M. sinensis",1,TRUE
"DM","Overlap15",5,"Mb-86","ABR33","M. sinensis",1,TRUE
"DM","Overlap15",5,"Mb-884_1","ABR33","M. sacchariflorus",1,TRUE
"DM","Overlap15",5,"Mb-893_11","ABR33","M. sinensis",0,TRUE
"DM","Overlap15",5,"Mb-9","ABR33","M. sinensis",1,TRUE
"DM","Overlap15",5,"Mb-910_11","ABR33","M. sinensis",1,TRUE
"DM","Overlap15",5,"Mb-913_17","ABR33","M. sacchariflorus",1,TRUE
"DM","Overlap15",5,"Mb-914_13","ABR33","M. sinensis",1,TRUE
"DM","Overlap15",5,"Mb-928_18","ABR33","M. sinensis",1,TRUE
"DM","Overlap15",5,"Mb-930","ABR33","M. sinensis",1,TRUE
"DM","Overlap15",5,"Mb-931_12","ABR33","M. sinensis",0,TRUE
"DM","Overlap15",5,"Mb-933_11","ABR33","M. sinensis",0,TRUE
"DM","Overlap15",5,"Mb-935_13","ABR33","M. sinensis",1,TRUE
"DM","Overlap15",5,"Mb-94","ABR33","M. sacchariflorus",0,TRUE
"DM","Overlap15",5,"Mb-956_19","ABR33","M. sacchariflorus",1,TRUE
"DM","Overlap15",5,"Mb-958_19","ABR33","M. sacchariflorus",1,TRUE
"DM","Overlap15",5,"Mb-960_20","ABR33","M. sinensis",1,TRUE
"DM","Overlap15",5,"Mb-961_16","ABR33","M. sacchariflorus",0,TRUE
"DM","Overlap15",5,"Mb-965_15","ABR33","M. sacchariflorus",1,TRUE
"DM","Overlap15",5,"Mb-969_18","ABR33","M. sacchariflorus",0,TRUE
"DM","Overlap15",5,"Mb-974_19","ABR33","M. sinensis",0,TRUE
"DM","Overlap15",5,"Mb-99","ABR33","M. sinensis",1,TRUE
"DM","Overlap15",5,"Mx-1548_12","ABR33","M. x gig",1,TRUE
"DM","Overlap15",5,"Mx-1915_12","ABR33","M. x gig",1,TRUE
"DM","Overlap15",5,"Mx-1932_13","ABR33","M. x gig",1,TRUE
"DM","Overlap15",5,"Mx-1933_11","ABR33","M. x gig",1,TRUE
"DM","Overlap15",5,"Mx-1956_15","ABR33","M. x gig",0,TRUE
"DM","Overlap15",5,"Mx-2446_1","ABR33","M. x gig",1,TRUE
"DM","Overlap15",5,"Mx-2470_5","ABR33","M. sacchariflorus",1,TRUE
"DM","Overlap15",5,"Mx-437_90","ABR33","M. x gig",1,TRUE
"DM","Overlap15",5,"Mb-102","JKI","M. sinensis",0,TRUE
"DM","Overlap15",5,"Mb-1037_52","JKI","M. sacchariflorus",1,TRUE
"DM","Overlap15",5,"Mb-104","JKI","M. x gig",0,TRUE
"DM","Overlap15",5,"Mb-1040_17","JKI","M. sacchariflorus",1,TRUE
"DM","Overlap15",5,"Mb-1043_32","JKI","M. sacchariflorus",1,TRUE
"DM","Overlap15",5,"Mb-1044_50","JKI","M. sacchariflorus",0,TRUE
"DM","Overlap15",5,"Mb-1056_31","JKI","M. sacchariflorus",1,TRUE
"DM","Overlap15",5,"Mb-1067_18","JKI","M. sacchariflorus",1,TRUE
"DM","Overlap15",5,"Mb-1086_54","JKI","M. x gig",1,TRUE
"DM","Overlap15",5,"Mb-109","JKI","M. sinensis",0,TRUE
"DM","Overlap15",5,"Mb-110","JKI","M. sinensis",0,TRUE
"DM","Overlap15",5,"Mb-111","JKI","M. sinensis",1,TRUE
"DM","Overlap15",5,"Mb-113","JKI","M. sinensis",1,TRUE
"DM","Overlap15",5,"Mb-1130_51","JKI","M. x gig",0,TRUE
"DM","Overlap15",5,"Mb-1132_52","JKI","M. x gig",0,TRUE
"DM","Overlap15",5,"Mb-1139_19","JKI","M. sinensis",1,FALSE
"DM","Overlap15",5,"Mb-1147_12","JKI","M. sinensis",1,TRUE
"DM","Overlap15",5,"Mb-115","JKI","M. sinensis",1,TRUE
"DM","Overlap15",5,"Mb-1153_20","JKI","M. sinensis",1,TRUE
"DM","Overlap15",5,"Mb-1155_33","JKI","M. sacchariflorus",1,TRUE
"DM","Overlap15",5,"Mb-1156_13","JKI","M. sinensis",1,TRUE
"DM","Overlap15",5,"Mb-1162_20","JKI","M. sacchariflorus",1,TRUE
"DM","Overlap15",5,"Mb-1182_16","JKI","M. sinensis",1,TRUE
"DM","Overlap15",5,"Mb-1205_12","JKI","M. sinensis",1,TRUE
"DM","Overlap15",5,"Mb-1231_18","JKI","M. sinensis",1,TRUE
"DM","Overlap15",5,"Mb-1238_1","JKI","M. sinensis",1,TRUE
"DM","Overlap15",5,"Mb-1261_15","JKI","M. sacchariflorus",0,TRUE
"DM","Overlap15",5,"Mb-1353_14","JKI","M. sacchariflorus",1,TRUE
"DM","Overlap15",5,"Mb-14","JKI","M. sinensis",1,TRUE
"DM","Overlap15",5,"Mb-140","JKI","M. sacchariflorus",0,TRUE
"DM","Overlap15",5,"Mb-142","JKI","M. sacchariflorus",1,TRUE
"DM","Overlap15",5,"Mb-144","JKI","M. sacchariflorus",1,TRUE
"DM","Overlap15",5,"Mb-146","JKI","M. sacchariflorus",1,TRUE
"DM","Overlap15",5,"Mb-147","JKI","M. x gig",1,TRUE
"DM","Overlap15",5,"Mb-148","JKI","M. x gig",1,TRUE
"DM","Overlap15",5,"Mb-1485_42","JKI","M. x gig",1,TRUE
"DM","Overlap15",5,"Mb-1486_1","JKI","M. x gig",1,TRUE
"DM","Overlap15",5,"Mb-149","JKI","M. x gig",0,TRUE
"DM","Overlap15",5,"Mb-166","JKI","M. sacchariflorus",1,TRUE
"DM","Overlap15",5,"Mb-167","JKI","M. sinensis",1,TRUE
"DM","Overlap15",5,"Mb-177","JKI","M. sacchariflorus",1,TRUE
"DM","Overlap15",5,"Mb-188","JKI","M. x gig",0,TRUE
"DM","Overlap15",5,"Mb-2","JKI","M. sinensis",1,TRUE
"DM","Overlap15",5,"Mb-221","JKI","M. sinensis",1,TRUE
"DM","Overlap15",5,"Mb-226","JKI","M. sacchariflorus",1,TRUE
"DM","Overlap15",5,"Mb-229","JKI","M. sinensis",1,TRUE
"DM","Overlap15",5,"Mb-255","JKI","M. sinensis",1,TRUE
"DM","Overlap15",5,"Mb-272","JKI","M. sacchariflorus",1,TRUE
"DM","Overlap15",5,"Mb-297","JKI","M. sacchariflorus",1,TRUE
"DM","Overlap15",5,"Mb-3","JKI","M. sinensis",1,TRUE
"DM","Overlap15",5,"Mb-306","JKI","M. sinensis",1,TRUE
"DM","Overlap15",5,"Mb-307","JKI","M. x gig",1,TRUE
"DM","Overlap15",5,"Mb-308","JKI","M. x gig",0,TRUE
"DM","Overlap15",5,"Mb-309","JKI","M. x gig",0,TRUE
"DM","Overlap15",5,"Mb-31","JKI","M. sinensis",1,TRUE
"DM","Overlap15",5,"Mb-310","JKI","M. x gig",1,TRUE
"DM","Overlap15",5,"Mb-35","JKI","M. sinensis",1,TRUE
"DM","Overlap15",5,"Mb-353","JKI","M. sacchariflorus",1,TRUE
"DM","Overlap15",5,"Mb-37","JKI","M. sinensis",1,TRUE
"DM","Overlap15",5,"Mb-383_1","JKI","M. sacchariflorus",1,TRUE
"DM","Overlap15",5,"Mb-391","JKI","M. sacchariflorus",0,TRUE
"DM","Overlap15",5,"Mb-393_1","JKI","M. sacchariflorus",0,TRUE
"DM","Overlap15",5,"Mb-397","JKI","M. sacchariflorus",0,TRUE
"DM","Overlap15",5,"Mb-399","JKI","M. sacchariflorus",1,TRUE
"DM","Overlap15",5,"Mb-401","JKI","M. sacchariflorus",1,TRUE
"DM","Overlap15",5,"Mb-411","JKI","M. sacchariflorus",0,TRUE
"DM","Overlap15",5,"Mb-416","JKI","M. sacchariflorus",1,TRUE
"DM","Overlap15",5,"Mb-425_1","JKI","M. sacchariflorus",1,TRUE
"DM","Overlap15",5,"Mb-427_1","JKI","M. sacchariflorus",0,TRUE
"DM","Overlap15",5,"Mb-431_1","JKI","M. sacchariflorus",1,TRUE
"DM","Overlap15",5,"Mb-434_1","JKI","M. sinensis",0,TRUE
"DM","Overlap15",5,"Mb-485_1","JKI","M. sacchariflorus",1,TRUE
"DM","Overlap15",5,"Mb-486","JKI","M. sacchariflorus",1,TRUE
"DM","Overlap15",5,"Mb-488_15","JKI","M. sacchariflorus",1,TRUE
"DM","Overlap15",5,"Mb-490_10","JKI","M. sacchariflorus",1,TRUE
"DM","Overlap15",5,"Mb-494_1","JKI","M. sacchariflorus",1,TRUE
"DM","Overlap15",5,"Mb-498_1","JKI","M. sacchariflorus",1,TRUE
"DM","Overlap15",5,"Mb-502_1","JKI","M. sacchariflorus",1,TRUE
"DM","Overlap15",5,"Mb-505_1","JKI","M. sacchariflorus",0,TRUE
"DM","Overlap15",5,"Mb-508","JKI","M. sacchariflorus",1,TRUE
"DM","Overlap15",5,"Mb-526_13","JKI","M. sinensis",1,TRUE
"DM","Overlap15",5,"Mb-527_1","JKI","M. sinensis",1,TRUE
"DM","Overlap15",5,"Mb-533_1","JKI","M. sinensis",1,TRUE
"DM","Overlap15",5,"Mb-539_1","JKI","M. sinensis",1,TRUE
"DM","Overlap15",5,"Mb-585_1","JKI","M. sinensis",1,TRUE
"DM","Overlap15",5,"Mb-628_1","JKI","M. sacchariflorus",1,TRUE
"DM","Overlap15",5,"Mb-70","JKI","M. sinensis",0,TRUE
"DM","Overlap15",5,"Mb-72","JKI","M. x gig",0,TRUE
"DM","Overlap15",5,"Mb-74","JKI","M. sinensis",0,TRUE
"DM","Overlap15",5,"Mb-76","JKI","M. sacchariflorus",1,TRUE
"DM","Overlap15",5,"Mb-770_18","JKI","M. sacchariflorus",1,TRUE
"DM","Overlap15",5,"Mb-779_14","JKI","M. sacchariflorus",1,TRUE
"DM","Overlap15",5,"Mb-787_13","JKI","M. sacchariflorus",1,TRUE
"DM","Overlap15",5,"Mb-810_11","JKI","M. sacchariflorus",1,TRUE
"DM","Overlap15",5,"Mb-819_19","JKI","M. sacchariflorus",1,TRUE
"DM","Overlap15",5,"Mb-851_1","JKI","M. sinensis",1,TRUE
"DM","Overlap15",5,"Mb-86","JKI","M. sinensis",1,TRUE
"DM","Overlap15",5,"Mb-884_1","JKI","M. sacchariflorus",1,TRUE
"DM","Overlap15",5,"Mb-893_11","JKI","M. sinensis",1,TRUE
"DM","Overlap15",5,"Mb-9","JKI","M. sinensis",1,TRUE
"DM","Overlap15",5,"Mb-910_11","JKI","M. sinensis",1,TRUE
"DM","Overlap15",5,"Mb-913_17","JKI","M. sacchariflorus",1,TRUE
"DM","Overlap15",5,"Mb-914_13","JKI","M. sinensis",1,TRUE
"DM","Overlap15",5,"Mb-928_18","JKI","M. sinensis",1,TRUE
"DM","Overlap15",5,"Mb-930","JKI","M. sinensis",1,TRUE
"DM","Overlap15",5,"Mb-931_12","JKI","M. sinensis",1,TRUE
"DM","Overlap15",5,"Mb-933_11","JKI","M. sinensis",0,TRUE
"DM","Overlap15",5,"Mb-935_13","JKI","M. sinensis",1,TRUE
"DM","Overlap15",5,"Mb-94","JKI","M. sacchariflorus",0,TRUE
"DM","Overlap15",5,"Mb-956_19","JKI","M. sacchariflorus",1,TRUE
"DM","Overlap15",5,"Mb-958_19","JKI","M. sacchariflorus",1,TRUE
"DM","Overlap15",5,"Mb-960_20","JKI","M. sinensis",1,TRUE
"DM","Overlap15",5,"Mb-961_16","JKI","M. sacchariflorus",1,TRUE
"DM","Overlap15",5,"Mb-965_15","JKI","M. sacchariflorus",1,TRUE
"DM","Overlap15",5,"Mb-969_18","JKI","M. sacchariflorus",1,TRUE
"DM","Overlap15",5,"Mb-974_19","JKI","M. sinensis",1,TRUE
"DM","Overlap15",5,"Mb-99","JKI","M. sinensis",1,TRUE
"DM","Overlap15",5,"Mx-1548_12","JKI","M. x gig",1,TRUE
"DM","Overlap15",5,"Mx-1915_12","JKI","M. x gig",1,TRUE
"DM","Overlap15",5,"Mx-1932_13","JKI","M. x gig",1,TRUE
"DM","Overlap15",5,"Mx-1933_11","JKI","M. x gig",1,TRUE
"DM","Overlap15",5,"Mx-1956_15","JKI","M. x gig",1,TRUE
"DM","Overlap15",5,"Mx-2446_1","JKI","M. x gig",1,TRUE
"DM","Overlap15",5,"Mx-2470_5","JKI","M. sacchariflorus",1,TRUE
"DM","Overlap15",5,"Mx-437_90","JKI","M. x gig",1,TRUE
"DM","Overlap15",6,"Mb-102","ABR33","M. sinensis",1,TRUE
"DM","Overlap15",6,"Mb-1037_52","ABR33","M. sacchariflorus",1,TRUE
"DM","Overlap15",6,"Mb-104","ABR33","M. x gig",1,TRUE
"DM","Overlap15",6,"Mb-1040_17","ABR33","M. sacchariflorus",1,TRUE
"DM","Overlap15",6,"Mb-1043_32","ABR33","M. sacchariflorus",1,TRUE
"DM","Overlap15",6,"Mb-1044_50","ABR33","M. sacchariflorus",1,TRUE
"DM","Overlap15",6,"Mb-1056_31","ABR33","M. sacchariflorus",1,TRUE
"DM","Overlap15",6,"Mb-1067_18","ABR33","M. sacchariflorus",1,TRUE
"DM","Overlap15",6,"Mb-1086_54","ABR33","M. x gig",1,TRUE
"DM","Overlap15",6,"Mb-109","ABR33","M. sinensis",0,TRUE
"DM","Overlap15",6,"Mb-110","ABR33","M. sinensis",1,TRUE
"DM","Overlap15",6,"Mb-111","ABR33","M. sinensis",1,TRUE
"DM","Overlap15",6,"Mb-113","ABR33","M. sinensis",1,TRUE
"DM","Overlap15",6,"Mb-1130_51","ABR33","M. x gig",1,TRUE
"DM","Overlap15",6,"Mb-1132_52","ABR33","M. x gig",1,TRUE
"DM","Overlap15",6,"Mb-1139_19","ABR33","M. sinensis",1,TRUE
"DM","Overlap15",6,"Mb-1147_12","ABR33","M. sinensis",1,TRUE
"DM","Overlap15",6,"Mb-115","ABR33","M. sinensis",0,TRUE
"DM","Overlap15",6,"Mb-1153_20","ABR33","M. sinensis",0,TRUE
"DM","Overlap15",6,"Mb-1155_33","ABR33","M. sacchariflorus",0,TRUE
"DM","Overlap15",6,"Mb-1156_13","ABR33","M. sinensis",1,TRUE
"DM","Overlap15",6,"Mb-1162_20","ABR33","M. sacchariflorus",1,TRUE
"DM","Overlap15",6,"Mb-1182_16","ABR33","M. sinensis",1,TRUE
"DM","Overlap15",6,"Mb-1205_12","ABR33","M. sinensis",1,TRUE
"DM","Overlap15",6,"Mb-1231_18","ABR33","M. sinensis",1,TRUE
"DM","Overlap15",6,"Mb-1238_1","ABR33","M. sinensis",1,TRUE
"DM","Overlap15",6,"Mb-1261_15","ABR33","M. sacchariflorus",1,TRUE
"DM","Overlap15",6,"Mb-1353_14","ABR33","M. sacchariflorus",1,TRUE
"DM","Overlap15",6,"Mb-14","ABR33","M. sinensis",1,TRUE
"DM","Overlap15",6,"Mb-140","ABR33","M. sacchariflorus",1,TRUE
"DM","Overlap15",6,"Mb-142","ABR33","M. sacchariflorus",0,TRUE
"DM","Overlap15",6,"Mb-144","ABR33","M. sacchariflorus",1,TRUE
"DM","Overlap15",6,"Mb-146","ABR33","M. sacchariflorus",0,TRUE
"DM","Overlap15",6,"Mb-147","ABR33","M. x gig",1,TRUE
"DM","Overlap15",6,"Mb-148","ABR33","M. x gig",1,TRUE
"DM","Overlap15",6,"Mb-1485_42","ABR33","M. x gig",1,TRUE
"DM","Overlap15",6,"Mb-1486_1","ABR33","M. x gig",0,TRUE
"DM","Overlap15",6,"Mb-149","ABR33","M. x gig",0,TRUE
"DM","Overlap15",6,"Mb-166","ABR33","M. sacchariflorus",1,TRUE
"DM","Overlap15",6,"Mb-167","ABR33","M. sinensis",1,TRUE
"DM","Overlap15",6,"Mb-177","ABR33","M. sacchariflorus",1,TRUE
"DM","Overlap15",6,"Mb-188","ABR33","M. x gig",1,TRUE
"DM","Overlap15",6,"Mb-2","ABR33","M. sinensis",0,TRUE
"DM","Overlap15",6,"Mb-221","ABR33","M. sinensis",1,TRUE
"DM","Overlap15",6,"Mb-226","ABR33","M. sacchariflorus",0,TRUE
"DM","Overlap15",6,"Mb-229","ABR33","M. sinensis",1,TRUE
"DM","Overlap15",6,"Mb-255","ABR33","M. sinensis",1,TRUE
"DM","Overlap15",6,"Mb-272","ABR33","M. sacchariflorus",1,TRUE
"DM","Overlap15",6,"Mb-297","ABR33","M. sacchariflorus",1,TRUE
"DM","Overlap15",6,"Mb-3","ABR33","M. sinensis",1,TRUE
"DM","Overlap15",6,"Mb-306","ABR33","M. sinensis",1,TRUE
"DM","Overlap15",6,"Mb-307","ABR33","M. x gig",1,TRUE
"DM","Overlap15",6,"Mb-308","ABR33","M. x gig",0,TRUE
"DM","Overlap15",6,"Mb-309","ABR33","M. x gig",1,TRUE
"DM","Overlap15",6,"Mb-31","ABR33","M. sinensis",1,TRUE
"DM","Overlap15",6,"Mb-310","ABR33","M. x gig",1,TRUE
"DM","Overlap15",6,"Mb-35","ABR33","M. sinensis",1,TRUE
"DM","Overlap15",6,"Mb-353","ABR33","M. sacchariflorus",1,TRUE
"DM","Overlap15",6,"Mb-37","ABR33","M. sinensis",0,TRUE
"DM","Overlap15",6,"Mb-383_1","ABR33","M. sacchariflorus",0,TRUE
"DM","Overlap15",6,"Mb-391","ABR33","M. sacchariflorus",0,TRUE
"DM","Overlap15",6,"Mb-393_1","ABR33","M. sacchariflorus",1,TRUE
"DM","Overlap15",6,"Mb-397","ABR33","M. sacchariflorus",1,TRUE
"DM","Overlap15",6,"Mb-399","ABR33","M. sacchariflorus",1,TRUE
"DM","Overlap15",6,"Mb-401","ABR33","M. sacchariflorus",1,TRUE
"DM","Overlap15",6,"Mb-411","ABR33","M. sacchariflorus",1,TRUE
"DM","Overlap15",6,"Mb-416","ABR33","M. sacchariflorus",0,TRUE
"DM","Overlap15",6,"Mb-425_1","ABR33","M. sacchariflorus",1,TRUE
"DM","Overlap15",6,"Mb-427_1","ABR33","M. sacchariflorus",0,TRUE
"DM","Overlap15",6,"Mb-431_1","ABR33","M. sacchariflorus",1,TRUE
"DM","Overlap15",6,"Mb-434_1","ABR33","M. sinensis",1,TRUE
"DM","Overlap15",6,"Mb-485_1","ABR33","M. sacchariflorus",1,TRUE
"DM","Overlap15",6,"Mb-486","ABR33","M. sacchariflorus",0,TRUE
"DM","Overlap15",6,"Mb-488_15","ABR33","M. sacchariflorus",1,TRUE
"DM","Overlap15",6,"Mb-490_10","ABR33","M. sacchariflorus",0,TRUE
"DM","Overlap15",6,"Mb-494_1","ABR33","M. sacchariflorus",1,TRUE
"DM","Overlap15",6,"Mb-498_1","ABR33","M. sacchariflorus",1,TRUE
"DM","Overlap15",6,"Mb-502_1","ABR33","M. sacchariflorus",1,TRUE
"DM","Overlap15",6,"Mb-505_1","ABR33","M. sacchariflorus",1,TRUE
"DM","Overlap15",6,"Mb-508","ABR33","M. sacchariflorus",1,TRUE
"DM","Overlap15",6,"Mb-526_13","ABR33","M. sinensis",0,TRUE
"DM","Overlap15",6,"Mb-527_1","ABR33","M. sinensis",1,TRUE
"DM","Overlap15",6,"Mb-533_1","ABR33","M. sinensis",1,TRUE
"DM","Overlap15",6,"Mb-539_1","ABR33","M. sinensis",1,TRUE
"DM","Overlap15",6,"Mb-585_1","ABR33","M. sinensis",0,TRUE
"DM","Overlap15",6,"Mb-628_1","ABR33","M. sacchariflorus",0,TRUE
"DM","Overlap15",6,"Mb-70","ABR33","M. sinensis",1,TRUE
"DM","Overlap15",6,"Mb-72","ABR33","M. x gig",1,TRUE
"DM","Overlap15",6,"Mb-74","ABR33","M. sinensis",1,TRUE
"DM","Overlap15",6,"Mb-76","ABR33","M. sacchariflorus",1,TRUE
"DM","Overlap15",6,"Mb-770_18","ABR33","M. sacchariflorus",1,TRUE
"DM","Overlap15",6,"Mb-779_14","ABR33","M. sacchariflorus",1,TRUE
"DM","Overlap15",6,"Mb-787_13","ABR33","M. sacchariflorus",1,TRUE
"DM","Overlap15",6,"Mb-810_11","ABR33","M. sacchariflorus",1,TRUE
"DM","Overlap15",6,"Mb-819_19","ABR33","M. sacchariflorus",1,TRUE
"DM","Overlap15",6,"Mb-851_1","ABR33","M. sinensis",1,TRUE
"DM","Overlap15",6,"Mb-86","ABR33","M. sinensis",1,TRUE
"DM","Overlap15",6,"Mb-884_1","ABR33","M. sacchariflorus",1,TRUE
"DM","Overlap15",6,"Mb-893_11","ABR33","M. sinensis",1,TRUE
"DM","Overlap15",6,"Mb-9","ABR33","M. sinensis",1,TRUE
"DM","Overlap15",6,"Mb-910_11","ABR33","M. sinensis",1,TRUE
"DM","Overlap15",6,"Mb-913_17","ABR33","M. sacchariflorus",1,TRUE
"DM","Overlap15",6,"Mb-914_13","ABR33","M. sinensis",1,TRUE
"DM","Overlap15",6,"Mb-928_18","ABR33","M. sinensis",1,TRUE
"DM","Overlap15",6,"Mb-930","ABR33","M. sinensis",1,TRUE
"DM","Overlap15",6,"Mb-931_12","ABR33","M. sinensis",0,TRUE
"DM","Overlap15",6,"Mb-933_11","ABR33","M. sinensis",1,TRUE
"DM","Overlap15",6,"Mb-935_13","ABR33","M. sinensis",1,TRUE
"DM","Overlap15",6,"Mb-94","ABR33","M. sacchariflorus",1,TRUE
"DM","Overlap15",6,"Mb-956_19","ABR33","M. sacchariflorus",1,TRUE
"DM","Overlap15",6,"Mb-958_19","ABR33","M. sacchariflorus",0,TRUE
"DM","Overlap15",6,"Mb-960_20","ABR33","M. sinensis",1,TRUE
"DM","Overlap15",6,"Mb-961_16","ABR33","M. sacchariflorus",1,TRUE
"DM","Overlap15",6,"Mb-965_15","ABR33","M. sacchariflorus",1,TRUE
"DM","Overlap15",6,"Mb-969_18","ABR33","M. sacchariflorus",1,TRUE
"DM","Overlap15",6,"Mb-974_19","ABR33","M. sinensis",0,TRUE
"DM","Overlap15",6,"Mb-99","ABR33","M. sinensis",1,TRUE
"DM","Overlap15",6,"Mx-1548_12","ABR33","M. x gig",1,TRUE
"DM","Overlap15",6,"Mx-1915_12","ABR33","M. x gig",1,TRUE
"DM","Overlap15",6,"Mx-1932_13","ABR33","M. x gig",1,TRUE
"DM","Overlap15",6,"Mx-1933_11","ABR33","M. x gig",1,TRUE
"DM","Overlap15",6,"Mx-1956_15","ABR33","M. x gig",1,TRUE
"DM","Overlap15",6,"Mx-2446_1","ABR33","M. x gig",1,TRUE
"DM","Overlap15",6,"Mx-2470_5","ABR33","M. sacchariflorus",0,TRUE
"DM","Overlap15",6,"Mx-437_90","ABR33","M. x gig",1,TRUE
"DM","Overlap15",6,"Mb-102","JKI","M. sinensis",1,TRUE
"DM","Overlap15",6,"Mb-1037_52","JKI","M. sacchariflorus",0,TRUE
"DM","Overlap15",6,"Mb-104","JKI","M. x gig",1,TRUE
"DM","Overlap15",6,"Mb-1040_17","JKI","M. sacchariflorus",1,TRUE
"DM","Overlap15",6,"Mb-1043_32","JKI","M. sacchariflorus",1,TRUE
"DM","Overlap15",6,"Mb-1044_50","JKI","M. sacchariflorus",1,TRUE
"DM","Overlap15",6,"Mb-1056_31","JKI","M. sacchariflorus",1,TRUE
"DM","Overlap15",6,"Mb-1067_18","JKI","M. sacchariflorus",0,TRUE
"DM","Overlap15",6,"Mb-1086_54","JKI","M. x gig",1,TRUE
"DM","Overlap15",6,"Mb-109","JKI","M. sinensis",0,TRUE
"DM","Overlap15",6,"Mb-110","JKI","M. sinensis",1,TRUE
"DM","Overlap15",6,"Mb-111","JKI","M. sinensis",0,TRUE
"DM","Overlap15",6,"Mb-113","JKI","M. sinensis",1,TRUE
"DM","Overlap15",6,"Mb-1130_51","JKI","M. x gig",1,TRUE
"DM","Overlap15",6,"Mb-1132_52","JKI","M. x gig",1,TRUE
"DM","Overlap15",6,"Mb-1139_19","JKI","M. sinensis",1,FALSE
"DM","Overlap15",6,"Mb-1147_12","JKI","M. sinensis",1,TRUE
"DM","Overlap15",6,"Mb-115","JKI","M. sinensis",1,TRUE
"DM","Overlap15",6,"Mb-1153_20","JKI","M. sinensis",1,TRUE
"DM","Overlap15",6,"Mb-1155_33","JKI","M. sacchariflorus",1,TRUE
"DM","Overlap15",6,"Mb-1156_13","JKI","M. sinensis",1,TRUE
"DM","Overlap15",6,"Mb-1162_20","JKI","M. sacchariflorus",1,TRUE
"DM","Overlap15",6,"Mb-1182_16","JKI","M. sinensis",1,TRUE
"DM","Overlap15",6,"Mb-1205_12","JKI","M. sinensis",1,TRUE
"DM","Overlap15",6,"Mb-1231_18","JKI","M. sinensis",1,TRUE
"DM","Overlap15",6,"Mb-1238_1","JKI","M. sinensis",1,TRUE
"DM","Overlap15",6,"Mb-1261_15","JKI","M. sacchariflorus",1,TRUE
"DM","Overlap15",6,"Mb-1353_14","JKI","M. sacchariflorus",1,TRUE
"DM","Overlap15",6,"Mb-14","JKI","M. sinensis",1,TRUE
"DM","Overlap15",6,"Mb-140","JKI","M. sacchariflorus",1,TRUE
"DM","Overlap15",6,"Mb-142","JKI","M. sacchariflorus",0,TRUE
"DM","Overlap15",6,"Mb-144","JKI","M. sacchariflorus",0,TRUE
"DM","Overlap15",6,"Mb-146","JKI","M. sacchariflorus",0,TRUE
"DM","Overlap15",6,"Mb-147","JKI","M. x gig",1,TRUE
"DM","Overlap15",6,"Mb-148","JKI","M. x gig",1,TRUE
"DM","Overlap15",6,"Mb-1485_42","JKI","M. x gig",0,TRUE
"DM","Overlap15",6,"Mb-1486_1","JKI","M. x gig",0,TRUE
"DM","Overlap15",6,"Mb-149","JKI","M. x gig",0,TRUE
"DM","Overlap15",6,"Mb-166","JKI","M. sacchariflorus",1,TRUE
"DM","Overlap15",6,"Mb-167","JKI","M. sinensis",1,TRUE
"DM","Overlap15",6,"Mb-177","JKI","M. sacchariflorus",1,TRUE
"DM","Overlap15",6,"Mb-188","JKI","M. x gig",1,TRUE
"DM","Overlap15",6,"Mb-2","JKI","M. sinensis",1,TRUE
"DM","Overlap15",6,"Mb-221","JKI","M. sinensis",1,TRUE
"DM","Overlap15",6,"Mb-226","JKI","M. sacchariflorus",1,TRUE
"DM","Overlap15",6,"Mb-229","JKI","M. sinensis",1,TRUE
"DM","Overlap15",6,"Mb-255","JKI","M. sinensis",1,TRUE
"DM","Overlap15",6,"Mb-272","JKI","M. sacchariflorus",1,TRUE
"DM","Overlap15",6,"Mb-297","JKI","M. sacchariflorus",1,TRUE
"DM","Overlap15",6,"Mb-3","JKI","M. sinensis",1,TRUE
"DM","Overlap15",6,"Mb-306","JKI","M. sinensis",0,TRUE
"DM","Overlap15",6,"Mb-307","JKI","M. x gig",1,TRUE
"DM","Overlap15",6,"Mb-308","JKI","M. x gig",1,TRUE
"DM","Overlap15",6,"Mb-309","JKI","M. x gig",1,TRUE
"DM","Overlap15",6,"Mb-31","JKI","M. sinensis",1,TRUE
"DM","Overlap15",6,"Mb-310","JKI","M. x gig",1,TRUE
"DM","Overlap15",6,"Mb-35","JKI","M. sinensis",1,TRUE
"DM","Overlap15",6,"Mb-353","JKI","M. sacchariflorus",1,TRUE
"DM","Overlap15",6,"Mb-37","JKI","M. sinensis",0,TRUE
"DM","Overlap15",6,"Mb-383_1","JKI","M. sacchariflorus",1,TRUE
"DM","Overlap15",6,"Mb-391","JKI","M. sacchariflorus",0,TRUE
"DM","Overlap15",6,"Mb-393_1","JKI","M. sacchariflorus",1,TRUE
"DM","Overlap15",6,"Mb-397","JKI","M. sacchariflorus",1,TRUE
"DM","Overlap15",6,"Mb-399","JKI","M. sacchariflorus",1,TRUE
"DM","Overlap15",6,"Mb-401","JKI","M. sacchariflorus",1,TRUE
"DM","Overlap15",6,"Mb-411","JKI","M. sacchariflorus",1,TRUE
"DM","Overlap15",6,"Mb-416","JKI","M. sacchariflorus",1,TRUE
"DM","Overlap15",6,"Mb-425_1","JKI","M. sacchariflorus",0,TRUE
"DM","Overlap15",6,"Mb-427_1","JKI","M. sacchariflorus",0,TRUE
"DM","Overlap15",6,"Mb-431_1","JKI","M. sacchariflorus",1,TRUE
"DM","Overlap15",6,"Mb-434_1","JKI","M. sinensis",1,TRUE
"DM","Overlap15",6,"Mb-485_1","JKI","M. sacchariflorus",1,TRUE
"DM","Overlap15",6,"Mb-486","JKI","M. sacchariflorus",0,TRUE
"DM","Overlap15",6,"Mb-488_15","JKI","M. sacchariflorus",1,TRUE
"DM","Overlap15",6,"Mb-490_10","JKI","M. sacchariflorus",0,TRUE
"DM","Overlap15",6,"Mb-494_1","JKI","M. sacchariflorus",1,TRUE
"DM","Overlap15",6,"Mb-498_1","JKI","M. sacchariflorus",1,TRUE
"DM","Overlap15",6,"Mb-502_1","JKI","M. sacchariflorus",1,TRUE
"DM","Overlap15",6,"Mb-505_1","JKI","M. sacchariflorus",1,TRUE
"DM","Overlap15",6,"Mb-508","JKI","M. sacchariflorus",1,TRUE
"DM","Overlap15",6,"Mb-526_13","JKI","M. sinensis",0,TRUE
"DM","Overlap15",6,"Mb-527_1","JKI","M. sinensis",1,TRUE
"DM","Overlap15",6,"Mb-533_1","JKI","M. sinensis",1,TRUE
"DM","Overlap15",6,"Mb-539_1","JKI","M. sinensis",1,TRUE
"DM","Overlap15",6,"Mb-585_1","JKI","M. sinensis",1,TRUE
"DM","Overlap15",6,"Mb-628_1","JKI","M. sacchariflorus",0,TRUE
"DM","Overlap15",6,"Mb-70","JKI","M. sinensis",1,TRUE
"DM","Overlap15",6,"Mb-72","JKI","M. x gig",1,TRUE
"DM","Overlap15",6,"Mb-74","JKI","M. sinensis",1,TRUE
"DM","Overlap15",6,"Mb-76","JKI","M. sacchariflorus",1,TRUE
"DM","Overlap15",6,"Mb-770_18","JKI","M. sacchariflorus",1,TRUE
"DM","Overlap15",6,"Mb-779_14","JKI","M. sacchariflorus",1,TRUE
"DM","Overlap15",6,"Mb-787_13","JKI","M. sacchariflorus",1,TRUE
"DM","Overlap15",6,"Mb-810_11","JKI","M. sacchariflorus",1,TRUE
"DM","Overlap15",6,"Mb-819_19","JKI","M. sacchariflorus",1,TRUE
"DM","Overlap15",6,"Mb-851_1","JKI","M. sinensis",0,TRUE
"DM","Overlap15",6,"Mb-86","JKI","M. sinensis",1,TRUE
"DM","Overlap15",6,"Mb-884_1","JKI","M. sacchariflorus",1,TRUE
"DM","Overlap15",6,"Mb-893_11","JKI","M. sinensis",1,TRUE
"DM","Overlap15",6,"Mb-9","JKI","M. sinensis",1,TRUE
"DM","Overlap15",6,"Mb-910_11","JKI","M. sinensis",1,TRUE
"DM","Overlap15",6,"Mb-913_17","JKI","M. sacchariflorus",1,TRUE
"DM","Overlap15",6,"Mb-914_13","JKI","M. sinensis",1,TRUE
"DM","Overlap15",6,"Mb-928_18","JKI","M. sinensis",1,TRUE
"DM","Overlap15",6,"Mb-930","JKI","M. sinensis",0,TRUE
"DM","Overlap15",6,"Mb-931_12","JKI","M. sinensis",0,TRUE
"DM","Overlap15",6,"Mb-933_11","JKI","M. sinensis",1,TRUE
"DM","Overlap15",6,"Mb-935_13","JKI","M. sinensis",1,TRUE
"DM","Overlap15",6,"Mb-94","JKI","M. sacchariflorus",1,TRUE
"DM","Overlap15",6,"Mb-956_19","JKI","M. sacchariflorus",1,TRUE
"DM","Overlap15",6,"Mb-958_19","JKI","M. sacchariflorus",1,TRUE
"DM","Overlap15",6,"Mb-960_20","JKI","M. sinensis",1,TRUE
"DM","Overlap15",6,"Mb-961_16","JKI","M. sacchariflorus",1,TRUE
"DM","Overlap15",6,"Mb-965_15","JKI","M. sacchariflorus",0,TRUE
"DM","Overlap15",6,"Mb-969_18","JKI","M. sacchariflorus",1,TRUE
"DM","Overlap15",6,"Mb-974_19","JKI","M. sinensis",0,TRUE
"DM","Overlap15",6,"Mb-99","JKI","M. sinensis",1,TRUE
"DM","Overlap15",6,"Mx-1548_12","JKI","M. x gig",1,TRUE
"DM","Overlap15",6,"Mx-1915_12","JKI","M. x gig",1,TRUE
"DM","Overlap15",6,"Mx-1932_13","JKI","M. x gig",1,TRUE
"DM","Overlap15",6,"Mx-1933_11","JKI","M. x gig",1,TRUE
"DM","Overlap15",6,"Mx-1956_15","JKI","M. x gig",1,TRUE
"DM","Overlap15",6,"Mx-2446_1","JKI","M. x gig",1,TRUE
"DM","Overlap15",6,"Mx-2470_5","JKI","M. sacchariflorus",0,TRUE
"DM","Overlap15",6,"Mx-437_90","JKI","M. x gig",1,TRUE
"DM","Overlap15",7,"Mb-102","ABR33","M. sinensis",1,TRUE
"DM","Overlap15",7,"Mb-1037_52","ABR33","M. sacchariflorus",1,TRUE
"DM","Overlap15",7,"Mb-104","ABR33","M. x gig",1,TRUE
"DM","Overlap15",7,"Mb-1040_17","ABR33","M. sacchariflorus",0,TRUE
"DM","Overlap15",7,"Mb-1043_32","ABR33","M. sacchariflorus",1,TRUE
"DM","Overlap15",7,"Mb-1044_50","ABR33","M. sacchariflorus",0,TRUE
"DM","Overlap15",7,"Mb-1056_31","ABR33","M. sacchariflorus",1,TRUE
"DM","Overlap15",7,"Mb-1067_18","ABR33","M. sacchariflorus",1,TRUE
"DM","Overlap15",7,"Mb-1086_54","ABR33","M. x gig",1,TRUE
"DM","Overlap15",7,"Mb-109","ABR33","M. sinensis",1,TRUE
"DM","Overlap15",7,"Mb-110","ABR33","M. sinensis",1,TRUE
"DM","Overlap15",7,"Mb-111","ABR33","M. sinensis",1,TRUE
"DM","Overlap15",7,"Mb-113","ABR33","M. sinensis",1,TRUE
"DM","Overlap15",7,"Mb-1130_51","ABR33","M. x gig",1,TRUE
"DM","Overlap15",7,"Mb-1132_52","ABR33","M. x gig",1,TRUE
"DM","Overlap15",7,"Mb-1139_19","ABR33","M. sinensis",1,TRUE
"DM","Overlap15",7,"Mb-1147_12","ABR33","M. sinensis",1,TRUE
"DM","Overlap15",7,"Mb-115","ABR33","M. sinensis",1,TRUE
"DM","Overlap15",7,"Mb-1153_20","ABR33","M. sinensis",1,TRUE
"DM","Overlap15",7,"Mb-1155_33","ABR33","M. sacchariflorus",1,TRUE
"DM","Overlap15",7,"Mb-1156_13","ABR33","M. sinensis",1,TRUE
"DM","Overlap15",7,"Mb-1162_20","ABR33","M. sacchariflorus",0,TRUE
"DM","Overlap15",7,"Mb-1182_16","ABR33","M. sinensis",1,TRUE
"DM","Overlap15",7,"Mb-1205_12","ABR33","M. sinensis",1,TRUE
"DM","Overlap15",7,"Mb-1231_18","ABR33","M. sinensis",1,TRUE
"DM","Overlap15",7,"Mb-1238_1","ABR33","M. sinensis",1,TRUE
"DM","Overlap15",7,"Mb-1261_15","ABR33","M. sacchariflorus",1,TRUE
"DM","Overlap15",7,"Mb-1353_14","ABR33","M. sacchariflorus",1,TRUE
"DM","Overlap15",7,"Mb-14","ABR33","M. sinensis",0,TRUE
"DM","Overlap15",7,"Mb-140","ABR33","M. sacchariflorus",1,TRUE
"DM","Overlap15",7,"Mb-142","ABR33","M. sacchariflorus",0,TRUE
"DM","Overlap15",7,"Mb-144","ABR33","M. sacchariflorus",0,TRUE
"DM","Overlap15",7,"Mb-146","ABR33","M. sacchariflorus",1,TRUE
"DM","Overlap15",7,"Mb-147","ABR33","M. x gig",1,TRUE
"DM","Overlap15",7,"Mb-148","ABR33","M. x gig",1,TRUE
"DM","Overlap15",7,"Mb-1485_42","ABR33","M. x gig",1,TRUE
"DM","Overlap15",7,"Mb-1486_1","ABR33","M. x gig",1,TRUE
"DM","Overlap15",7,"Mb-149","ABR33","M. x gig",1,TRUE
"DM","Overlap15",7,"Mb-166","ABR33","M. sacchariflorus",1,TRUE
"DM","Overlap15",7,"Mb-167","ABR33","M. sinensis",1,TRUE
"DM","Overlap15",7,"Mb-177","ABR33","M. sacchariflorus",0,TRUE
"DM","Overlap15",7,"Mb-188","ABR33","M. x gig",1,TRUE
"DM","Overlap15",7,"Mb-2","ABR33","M. sinensis",0,TRUE
"DM","Overlap15",7,"Mb-221","ABR33","M. sinensis",0,TRUE
"DM","Overlap15",7,"Mb-226","ABR33","M. sacchariflorus",1,TRUE
"DM","Overlap15",7,"Mb-229","ABR33","M. sinensis",1,TRUE
"DM","Overlap15",7,"Mb-255","ABR33","M. sinensis",1,TRUE
"DM","Overlap15",7,"Mb-272","ABR33","M. sacchariflorus",0,TRUE
"DM","Overlap15",7,"Mb-297","ABR33","M. sacchariflorus",1,TRUE
"DM","Overlap15",7,"Mb-3","ABR33","M. sinensis",1,TRUE
"DM","Overlap15",7,"Mb-306","ABR33","M. sinensis",1,TRUE
"DM","Overlap15",7,"Mb-307","ABR33","M. x gig",1,TRUE
"DM","Overlap15",7,"Mb-308","ABR33","M. x gig",1,TRUE
"DM","Overlap15",7,"Mb-309","ABR33","M. x gig",1,TRUE
"DM","Overlap15",7,"Mb-31","ABR33","M. sinensis",0,TRUE
"DM","Overlap15",7,"Mb-310","ABR33","M. x gig",1,TRUE
"DM","Overlap15",7,"Mb-35","ABR33","M. sinensis",0,TRUE
"DM","Overlap15",7,"Mb-353","ABR33","M. sacchariflorus",1,TRUE
"DM","Overlap15",7,"Mb-37","ABR33","M. sinensis",1,TRUE
"DM","Overlap15",7,"Mb-383_1","ABR33","M. sacchariflorus",1,TRUE
"DM","Overlap15",7,"Mb-391","ABR33","M. sacchariflorus",1,TRUE
"DM","Overlap15",7,"Mb-393_1","ABR33","M. sacchariflorus",1,TRUE
"DM","Overlap15",7,"Mb-397","ABR33","M. sacchariflorus",1,TRUE
"DM","Overlap15",7,"Mb-399","ABR33","M. sacchariflorus",1,TRUE
"DM","Overlap15",7,"Mb-401","ABR33","M. sacchariflorus",1,TRUE
"DM","Overlap15",7,"Mb-411","ABR33","M. sacchariflorus",0,TRUE
"DM","Overlap15",7,"Mb-416","ABR33","M. sacchariflorus",1,TRUE
"DM","Overlap15",7,"Mb-425_1","ABR33","M. sacchariflorus",1,TRUE
"DM","Overlap15",7,"Mb-427_1","ABR33","M. sacchariflorus",0,TRUE
"DM","Overlap15",7,"Mb-431_1","ABR33","M. sacchariflorus",1,TRUE
"DM","Overlap15",7,"Mb-434_1","ABR33","M. sinensis",1,TRUE
"DM","Overlap15",7,"Mb-485_1","ABR33","M. sacchariflorus",1,TRUE
"DM","Overlap15",7,"Mb-486","ABR33","M. sacchariflorus",0,TRUE
"DM","Overlap15",7,"Mb-488_15","ABR33","M. sacchariflorus",1,TRUE
"DM","Overlap15",7,"Mb-490_10","ABR33","M. sacchariflorus",1,TRUE
"DM","Overlap15",7,"Mb-494_1","ABR33","M. sacchariflorus",1,TRUE
"DM","Overlap15",7,"Mb-498_1","ABR33","M. sacchariflorus",1,TRUE
"DM","Overlap15",7,"Mb-502_1","ABR33","M. sacchariflorus",1,TRUE
"DM","Overlap15",7,"Mb-505_1","ABR33","M. sacchariflorus",1,TRUE
"DM","Overlap15",7,"Mb-508","ABR33","M. sacchariflorus",1,TRUE
"DM","Overlap15",7,"Mb-526_13","ABR33","M. sinensis",1,TRUE
"DM","Overlap15",7,"Mb-527_1","ABR33","M. sinensis",1,TRUE
"DM","Overlap15",7,"Mb-533_1","ABR33","M. sinensis",1,TRUE
"DM","Overlap15",7,"Mb-539_1","ABR33","M. sinensis",1,TRUE
"DM","Overlap15",7,"Mb-585_1","ABR33","M. sinensis",0,TRUE
"DM","Overlap15",7,"Mb-628_1","ABR33","M. sacchariflorus",1,TRUE
"DM","Overlap15",7,"Mb-70","ABR33","M. sinensis",1,TRUE
"DM","Overlap15",7,"Mb-72","ABR33","M. x gig",0,TRUE
"DM","Overlap15",7,"Mb-74","ABR33","M. sinensis",0,TRUE
"DM","Overlap15",7,"Mb-76","ABR33","M. sacchariflorus",1,TRUE
"DM","Overlap15",7,"Mb-770_18","ABR33","M. sacchariflorus",1,TRUE
"DM","Overlap15",7,"Mb-779_14","ABR33","M. sacchariflorus",0,TRUE
"DM","Overlap15",7,"Mb-787_13","ABR33","M. sacchariflorus",1,TRUE
"DM","Overlap15",7,"Mb-810_11","ABR33","M. sacchariflorus",1,TRUE
"DM","Overlap15",7,"Mb-819_19","ABR33","M. sacchariflorus",1,TRUE
"DM","Overlap15",7,"Mb-851_1","ABR33","M. sinensis",1,TRUE
"DM","Overlap15",7,"Mb-86","ABR33","M. sinensis",1,TRUE
"DM","Overlap15",7,"Mb-884_1","ABR33","M. sacchariflorus",1,TRUE
"DM","Overlap15",7,"Mb-893_11","ABR33","M. sinensis",0,TRUE
"DM","Overlap15",7,"Mb-9","ABR33","M. sinensis",1,TRUE
"DM","Overlap15",7,"Mb-910_11","ABR33","M. sinensis",1,TRUE
"DM","Overlap15",7,"Mb-913_17","ABR33","M. sacchariflorus",1,TRUE
"DM","Overlap15",7,"Mb-914_13","ABR33","M. sinensis",1,TRUE
"DM","Overlap15",7,"Mb-928_18","ABR33","M. sinensis",1,TRUE
"DM","Overlap15",7,"Mb-930","ABR33","M. sinensis",0,TRUE
"DM","Overlap15",7,"Mb-931_12","ABR33","M. sinensis",1,TRUE
"DM","Overlap15",7,"Mb-933_11","ABR33","M. sinensis",1,TRUE
"DM","Overlap15",7,"Mb-935_13","ABR33","M. sinensis",1,TRUE
"DM","Overlap15",7,"Mb-94","ABR33","M. sacchariflorus",1,TRUE
"DM","Overlap15",7,"Mb-956_19","ABR33","M. sacchariflorus",0,TRUE
"DM","Overlap15",7,"Mb-958_19","ABR33","M. sacchariflorus",1,TRUE
"DM","Overlap15",7,"Mb-960_20","ABR33","M. sinensis",1,TRUE
"DM","Overlap15",7,"Mb-961_16","ABR33","M. sacchariflorus",1,TRUE
"DM","Overlap15",7,"Mb-965_15","ABR33","M. sacchariflorus",1,TRUE
"DM","Overlap15",7,"Mb-969_18","ABR33","M. sacchariflorus",0,TRUE
"DM","Overlap15",7,"Mb-974_19","ABR33","M. sinensis",1,TRUE
"DM","Overlap15",7,"Mb-99","ABR33","M. sinensis",1,TRUE
"DM","Overlap15",7,"Mx-1548_12","ABR33","M. x gig",0,TRUE
"DM","Overlap15",7,"Mx-1915_12","ABR33","M. x gig",1,TRUE
"DM","Overlap15",7,"Mx-1932_13","ABR33","M. x gig",0,TRUE
"DM","Overlap15",7,"Mx-1933_11","ABR33","M. x gig",1,TRUE
"DM","Overlap15",7,"Mx-1956_15","ABR33","M. x gig",1,TRUE
"DM","Overlap15",7,"Mx-2446_1","ABR33","M. x gig",1,TRUE
"DM","Overlap15",7,"Mx-2470_5","ABR33","M. sacchariflorus",1,TRUE
"DM","Overlap15",7,"Mx-437_90","ABR33","M. x gig",1,TRUE
"DM","Overlap15",7,"Mb-102","JKI","M. sinensis",1,TRUE
"DM","Overlap15",7,"Mb-1037_52","JKI","M. sacchariflorus",1,TRUE
"DM","Overlap15",7,"Mb-104","JKI","M. x gig",1,TRUE
"DM","Overlap15",7,"Mb-1040_17","JKI","M. sacchariflorus",0,TRUE
"DM","Overlap15",7,"Mb-1043_32","JKI","M. sacchariflorus",1,TRUE
"DM","Overlap15",7,"Mb-1044_50","JKI","M. sacchariflorus",0,TRUE
"DM","Overlap15",7,"Mb-1056_31","JKI","M. sacchariflorus",1,TRUE
"DM","Overlap15",7,"Mb-1067_18","JKI","M. sacchariflorus",0,TRUE
"DM","Overlap15",7,"Mb-1086_54","JKI","M. x gig",1,TRUE
"DM","Overlap15",7,"Mb-109","JKI","M. sinensis",0,TRUE
"DM","Overlap15",7,"Mb-110","JKI","M. sinensis",1,TRUE
"DM","Overlap15",7,"Mb-111","JKI","M. sinensis",1,TRUE
"DM","Overlap15",7,"Mb-113","JKI","M. sinensis",1,TRUE
"DM","Overlap15",7,"Mb-1130_51","JKI","M. x gig",1,TRUE
"DM","Overlap15",7,"Mb-1132_52","JKI","M. x gig",1,TRUE
"DM","Overlap15",7,"Mb-1139_19","JKI","M. sinensis",1,FALSE
"DM","Overlap15",7,"Mb-1147_12","JKI","M. sinensis",1,TRUE
"DM","Overlap15",7,"Mb-115","JKI","M. sinensis",1,TRUE
"DM","Overlap15",7,"Mb-1153_20","JKI","M. sinensis",1,TRUE
"DM","Overlap15",7,"Mb-1155_33","JKI","M. sacchariflorus",1,TRUE
"DM","Overlap15",7,"Mb-1156_13","JKI","M. sinensis",0,TRUE
"DM","Overlap15",7,"Mb-1162_20","JKI","M. sacchariflorus",1,TRUE
"DM","Overlap15",7,"Mb-1182_16","JKI","M. sinensis",1,TRUE
"DM","Overlap15",7,"Mb-1205_12","JKI","M. sinensis",0,TRUE
"DM","Overlap15",7,"Mb-1231_18","JKI","M. sinensis",1,TRUE
"DM","Overlap15",7,"Mb-1238_1","JKI","M. sinensis",1,TRUE
"DM","Overlap15",7,"Mb-1261_15","JKI","M. sacchariflorus",1,TRUE
"DM","Overlap15",7,"Mb-1353_14","JKI","M. sacchariflorus",1,TRUE
"DM","Overlap15",7,"Mb-14","JKI","M. sinensis",0,TRUE
"DM","Overlap15",7,"Mb-140","JKI","M. sacchariflorus",1,TRUE
"DM","Overlap15",7,"Mb-142","JKI","M. sacchariflorus",0,TRUE
"DM","Overlap15",7,"Mb-144","JKI","M. sacchariflorus",0,TRUE
"DM","Overlap15",7,"Mb-146","JKI","M. sacchariflorus",1,TRUE
"DM","Overlap15",7,"Mb-147","JKI","M. x gig",1,TRUE
"DM","Overlap15",7,"Mb-148","JKI","M. x gig",1,TRUE
"DM","Overlap15",7,"Mb-1485_42","JKI","M. x gig",1,TRUE
"DM","Overlap15",7,"Mb-1486_1","JKI","M. x gig",1,TRUE
"DM","Overlap15",7,"Mb-149","JKI","M. x gig",1,TRUE
"DM","Overlap15",7,"Mb-166","JKI","M. sacchariflorus",1,TRUE
"DM","Overlap15",7,"Mb-167","JKI","M. sinensis",1,TRUE
"DM","Overlap15",7,"Mb-177","JKI","M. sacchariflorus",0,TRUE
"DM","Overlap15",7,"Mb-188","JKI","M. x gig",1,TRUE
"DM","Overlap15",7,"Mb-2","JKI","M. sinensis",0,TRUE
"DM","Overlap15",7,"Mb-221","JKI","M. sinensis",1,TRUE
"DM","Overlap15",7,"Mb-226","JKI","M. sacchariflorus",1,TRUE
"DM","Overlap15",7,"Mb-229","JKI","M. sinensis",1,TRUE
"DM","Overlap15",7,"Mb-255","JKI","M. sinensis",1,TRUE
"DM","Overlap15",7,"Mb-272","JKI","M. sacchariflorus",0,TRUE
"DM","Overlap15",7,"Mb-297","JKI","M. sacchariflorus",1,TRUE
"DM","Overlap15",7,"Mb-3","JKI","M. sinensis",1,TRUE
"DM","Overlap15",7,"Mb-306","JKI","M. sinensis",1,TRUE
"DM","Overlap15",7,"Mb-307","JKI","M. x gig",1,TRUE
"DM","Overlap15",7,"Mb-308","JKI","M. x gig",1,TRUE
"DM","Overlap15",7,"Mb-309","JKI","M. x gig",1,TRUE
"DM","Overlap15",7,"Mb-31","JKI","M. sinensis",1,TRUE
"DM","Overlap15",7,"Mb-310","JKI","M. x gig",1,TRUE
"DM","Overlap15",7,"Mb-35","JKI","M. sinensis",1,TRUE
"DM","Overlap15",7,"Mb-353","JKI","M. sacchariflorus",1,TRUE
"DM","Overlap15",7,"Mb-37","JKI","M. sinensis",1,TRUE
"DM","Overlap15",7,"Mb-383_1","JKI","M. sacchariflorus",0,TRUE
"DM","Overlap15",7,"Mb-391","JKI","M. sacchariflorus",1,TRUE
"DM","Overlap15",7,"Mb-393_1","JKI","M. sacchariflorus",0,TRUE
"DM","Overlap15",7,"Mb-397","JKI","M. sacchariflorus",0,TRUE
"DM","Overlap15",7,"Mb-399","JKI","M. sacchariflorus",1,TRUE
"DM","Overlap15",7,"Mb-401","JKI","M. sacchariflorus",0,TRUE
"DM","Overlap15",7,"Mb-411","JKI","M. sacchariflorus",1,TRUE
"DM","Overlap15",7,"Mb-416","JKI","M. sacchariflorus",1,TRUE
"DM","Overlap15",7,"Mb-425_1","JKI","M. sacchariflorus",1,TRUE
"DM","Overlap15",7,"Mb-427_1","JKI","M. sacchariflorus",0,TRUE
"DM","Overlap15",7,"Mb-431_1","JKI","M. sacchariflorus",1,TRUE
"DM","Overlap15",7,"Mb-434_1","JKI","M. sinensis",1,TRUE
"DM","Overlap15",7,"Mb-485_1","JKI","M. sacchariflorus",1,TRUE
"DM","Overlap15",7,"Mb-486","JKI","M. sacchariflorus",1,TRUE
"DM","Overlap15",7,"Mb-488_15","JKI","M. sacchariflorus",1,TRUE
"DM","Overlap15",7,"Mb-490_10","JKI","M. sacchariflorus",1,TRUE
"DM","Overlap15",7,"Mb-494_1","JKI","M. sacchariflorus",1,TRUE
"DM","Overlap15",7,"Mb-498_1","JKI","M. sacchariflorus",1,TRUE
"DM","Overlap15",7,"Mb-502_1","JKI","M. sacchariflorus",1,TRUE
"DM","Overlap15",7,"Mb-505_1","JKI","M. sacchariflorus",1,TRUE
"DM","Overlap15",7,"Mb-508","JKI","M. sacchariflorus",1,TRUE
"DM","Overlap15",7,"Mb-526_13","JKI","M. sinensis",1,TRUE
"DM","Overlap15",7,"Mb-527_1","JKI","M. sinensis",1,TRUE
"DM","Overlap15",7,"Mb-533_1","JKI","M. sinensis",1,TRUE
"DM","Overlap15",7,"Mb-539_1","JKI","M. sinensis",1,TRUE
"DM","Overlap15",7,"Mb-585_1","JKI","M. sinensis",0,TRUE
"DM","Overlap15",7,"Mb-628_1","JKI","M. sacchariflorus",1,TRUE
"DM","Overlap15",7,"Mb-70","JKI","M. sinensis",1,TRUE
"DM","Overlap15",7,"Mb-72","JKI","M. x gig",1,TRUE
"DM","Overlap15",7,"Mb-74","JKI","M. sinensis",1,TRUE
"DM","Overlap15",7,"Mb-76","JKI","M. sacchariflorus",1,TRUE
"DM","Overlap15",7,"Mb-770_18","JKI","M. sacchariflorus",1,TRUE
"DM","Overlap15",7,"Mb-779_14","JKI","M. sacchariflorus",0,TRUE
"DM","Overlap15",7,"Mb-787_13","JKI","M. sacchariflorus",1,TRUE
"DM","Overlap15",7,"Mb-810_11","JKI","M. sacchariflorus",1,TRUE
"DM","Overlap15",7,"Mb-819_19","JKI","M. sacchariflorus",0,TRUE
"DM","Overlap15",7,"Mb-851_1","JKI","M. sinensis",1,TRUE
"DM","Overlap15",7,"Mb-86","JKI","M. sinensis",1,TRUE
"DM","Overlap15",7,"Mb-884_1","JKI","M. sacchariflorus",1,TRUE
"DM","Overlap15",7,"Mb-893_11","JKI","M. sinensis",1,TRUE
"DM","Overlap15",7,"Mb-9","JKI","M. sinensis",1,TRUE
"DM","Overlap15",7,"Mb-910_11","JKI","M. sinensis",1,TRUE
"DM","Overlap15",7,"Mb-913_17","JKI","M. sacchariflorus",1,TRUE
"DM","Overlap15",7,"Mb-914_13","JKI","M. sinensis",1,TRUE
"DM","Overlap15",7,"Mb-928_18","JKI","M. sinensis",1,TRUE
"DM","Overlap15",7,"Mb-930","JKI","M. sinensis",0,TRUE
"DM","Overlap15",7,"Mb-931_12","JKI","M. sinensis",1,TRUE
"DM","Overlap15",7,"Mb-933_11","JKI","M. sinensis",1,TRUE
"DM","Overlap15",7,"Mb-935_13","JKI","M. sinensis",1,TRUE
"DM","Overlap15",7,"Mb-94","JKI","M. sacchariflorus",1,TRUE
"DM","Overlap15",7,"Mb-956_19","JKI","M. sacchariflorus",1,TRUE
"DM","Overlap15",7,"Mb-958_19","JKI","M. sacchariflorus",1,TRUE
"DM","Overlap15",7,"Mb-960_20","JKI","M. sinensis",1,TRUE
"DM","Overlap15",7,"Mb-961_16","JKI","M. sacchariflorus",1,TRUE
"DM","Overlap15",7,"Mb-965_15","JKI","M. sacchariflorus",1,TRUE
"DM","Overlap15",7,"Mb-969_18","JKI","M. sacchariflorus",0,TRUE
"DM","Overlap15",7,"Mb-974_19","JKI","M. sinensis",1,TRUE
"DM","Overlap15",7,"Mb-99","JKI","M. sinensis",1,TRUE
"DM","Overlap15",7,"Mx-1548_12","JKI","M. x gig",0,TRUE
"DM","Overlap15",7,"Mx-1915_12","JKI","M. x gig",1,TRUE
"DM","Overlap15",7,"Mx-1932_13","JKI","M. x gig",0,TRUE
"DM","Overlap15",7,"Mx-1933_11","JKI","M. x gig",1,TRUE
"DM","Overlap15",7,"Mx-1956_15","JKI","M. x gig",1,TRUE
"DM","Overlap15",7,"Mx-2446_1","JKI","M. x gig",0,TRUE
"DM","Overlap15",7,"Mx-2470_5","JKI","M. sacchariflorus",1,TRUE
"DM","Overlap15",7,"Mx-437_90","JKI","M. x gig",1,TRUE
"DM","Overlap15",8,"Mb-102","ABR33","M. sinensis",0,TRUE
"DM","Overlap15",8,"Mb-1037_52","ABR33","M. sacchariflorus",1,TRUE
"DM","Overlap15",8,"Mb-104","ABR33","M. x gig",0,TRUE
"DM","Overlap15",8,"Mb-1040_17","ABR33","M. sacchariflorus",1,TRUE
"DM","Overlap15",8,"Mb-1043_32","ABR33","M. sacchariflorus",1,TRUE
"DM","Overlap15",8,"Mb-1044_50","ABR33","M. sacchariflorus",1,TRUE
"DM","Overlap15",8,"Mb-1056_31","ABR33","M. sacchariflorus",1,TRUE
"DM","Overlap15",8,"Mb-1067_18","ABR33","M. sacchariflorus",1,TRUE
"DM","Overlap15",8,"Mb-1086_54","ABR33","M. x gig",1,TRUE
"DM","Overlap15",8,"Mb-109","ABR33","M. sinensis",0,TRUE
"DM","Overlap15",8,"Mb-110","ABR33","M. sinensis",1,TRUE
"DM","Overlap15",8,"Mb-111","ABR33","M. sinensis",0,TRUE
"DM","Overlap15",8,"Mb-113","ABR33","M. sinensis",1,TRUE
"DM","Overlap15",8,"Mb-1130_51","ABR33","M. x gig",1,TRUE
"DM","Overlap15",8,"Mb-1132_52","ABR33","M. x gig",1,TRUE
"DM","Overlap15",8,"Mb-1139_19","ABR33","M. sinensis",1,TRUE
"DM","Overlap15",8,"Mb-1147_12","ABR33","M. sinensis",1,TRUE
"DM","Overlap15",8,"Mb-115","ABR33","M. sinensis",1,TRUE
"DM","Overlap15",8,"Mb-1153_20","ABR33","M. sinensis",1,TRUE
"DM","Overlap15",8,"Mb-1155_33","ABR33","M. sacchariflorus",1,TRUE
"DM","Overlap15",8,"Mb-1156_13","ABR33","M. sinensis",1,TRUE
"DM","Overlap15",8,"Mb-1162_20","ABR33","M. sacchariflorus",1,TRUE
"DM","Overlap15",8,"Mb-1182_16","ABR33","M. sinensis",1,TRUE
"DM","Overlap15",8,"Mb-1205_12","ABR33","M. sinensis",0,TRUE
"DM","Overlap15",8,"Mb-1231_18","ABR33","M. sinensis",1,TRUE
"DM","Overlap15",8,"Mb-1238_1","ABR33","M. sinensis",1,TRUE
"DM","Overlap15",8,"Mb-1261_15","ABR33","M. sacchariflorus",1,TRUE
"DM","Overlap15",8,"Mb-1353_14","ABR33","M. sacchariflorus",1,TRUE
"DM","Overlap15",8,"Mb-14","ABR33","M. sinensis",1,TRUE
"DM","Overlap15",8,"Mb-140","ABR33","M. sacchariflorus",1,TRUE
"DM","Overlap15",8,"Mb-142","ABR33","M. sacchariflorus",1,TRUE
"DM","Overlap15",8,"Mb-144","ABR33","M. sacchariflorus",1,TRUE
"DM","Overlap15",8,"Mb-146","ABR33","M. sacchariflorus",1,TRUE
"DM","Overlap15",8,"Mb-147","ABR33","M. x gig",1,TRUE
"DM","Overlap15",8,"Mb-148","ABR33","M. x gig",1,TRUE
"DM","Overlap15",8,"Mb-1485_42","ABR33","M. x gig",1,TRUE
"DM","Overlap15",8,"Mb-1486_1","ABR33","M. x gig",1,TRUE
"DM","Overlap15",8,"Mb-149","ABR33","M. x gig",1,TRUE
"DM","Overlap15",8,"Mb-166","ABR33","M. sacchariflorus",1,TRUE
"DM","Overlap15",8,"Mb-167","ABR33","M. sinensis",1,TRUE
"DM","Overlap15",8,"Mb-177","ABR33","M. sacchariflorus",1,TRUE
"DM","Overlap15",8,"Mb-188","ABR33","M. x gig",1,TRUE
"DM","Overlap15",8,"Mb-2","ABR33","M. sinensis",0,TRUE
"DM","Overlap15",8,"Mb-221","ABR33","M. sinensis",1,TRUE
"DM","Overlap15",8,"Mb-226","ABR33","M. sacchariflorus",1,TRUE
"DM","Overlap15",8,"Mb-229","ABR33","M. sinensis",1,TRUE
"DM","Overlap15",8,"Mb-255","ABR33","M. sinensis",1,TRUE
"DM","Overlap15",8,"Mb-272","ABR33","M. sacchariflorus",1,TRUE
"DM","Overlap15",8,"Mb-297","ABR33","M. sacchariflorus",1,TRUE
"DM","Overlap15",8,"Mb-3","ABR33","M. sinensis",1,TRUE
"DM","Overlap15",8,"Mb-306","ABR33","M. sinensis",1,TRUE
"DM","Overlap15",8,"Mb-307","ABR33","M. x gig",1,TRUE
"DM","Overlap15",8,"Mb-308","ABR33","M. x gig",1,TRUE
"DM","Overlap15",8,"Mb-309","ABR33","M. x gig",1,TRUE
"DM","Overlap15",8,"Mb-31","ABR33","M. sinensis",1,TRUE
"DM","Overlap15",8,"Mb-310","ABR33","M. x gig",0,TRUE
"DM","Overlap15",8,"Mb-35","ABR33","M. sinensis",1,TRUE
"DM","Overlap15",8,"Mb-353","ABR33","M. sacchariflorus",1,TRUE
"DM","Overlap15",8,"Mb-37","ABR33","M. sinensis",0,TRUE
"DM","Overlap15",8,"Mb-383_1","ABR33","M. sacchariflorus",1,TRUE
"DM","Overlap15",8,"Mb-391","ABR33","M. sacchariflorus",1,TRUE
"DM","Overlap15",8,"Mb-393_1","ABR33","M. sacchariflorus",1,TRUE
"DM","Overlap15",8,"Mb-397","ABR33","M. sacchariflorus",0,TRUE
"DM","Overlap15",8,"Mb-399","ABR33","M. sacchariflorus",1,TRUE
"DM","Overlap15",8,"Mb-401","ABR33","M. sacchariflorus",0,TRUE
"DM","Overlap15",8,"Mb-411","ABR33","M. sacchariflorus",0,TRUE
"DM","Overlap15",8,"Mb-416","ABR33","M. sacchariflorus",1,TRUE
"DM","Overlap15",8,"Mb-425_1","ABR33","M. sacchariflorus",0,TRUE
"DM","Overlap15",8,"Mb-427_1","ABR33","M. sacchariflorus",1,TRUE
"DM","Overlap15",8,"Mb-431_1","ABR33","M. sacchariflorus",1,TRUE
"DM","Overlap15",8,"Mb-434_1","ABR33","M. sinensis",1,TRUE
"DM","Overlap15",8,"Mb-485_1","ABR33","M. sacchariflorus",1,TRUE
"DM","Overlap15",8,"Mb-486","ABR33","M. sacchariflorus",1,TRUE
"DM","Overlap15",8,"Mb-488_15","ABR33","M. sacchariflorus",0,TRUE
"DM","Overlap15",8,"Mb-490_10","ABR33","M. sacchariflorus",1,TRUE
"DM","Overlap15",8,"Mb-494_1","ABR33","M. sacchariflorus",1,TRUE
"DM","Overlap15",8,"Mb-498_1","ABR33","M. sacchariflorus",1,TRUE
"DM","Overlap15",8,"Mb-502_1","ABR33","M. sacchariflorus",1,TRUE
"DM","Overlap15",8,"Mb-505_1","ABR33","M. sacchariflorus",1,TRUE
"DM","Overlap15",8,"Mb-508","ABR33","M. sacchariflorus",1,TRUE
"DM","Overlap15",8,"Mb-526_13","ABR33","M. sinensis",1,TRUE
"DM","Overlap15",8,"Mb-527_1","ABR33","M. sinensis",0,TRUE
"DM","Overlap15",8,"Mb-533_1","ABR33","M. sinensis",0,TRUE
"DM","Overlap15",8,"Mb-539_1","ABR33","M. sinensis",1,TRUE
"DM","Overlap15",8,"Mb-585_1","ABR33","M. sinensis",1,TRUE
"DM","Overlap15",8,"Mb-628_1","ABR33","M. sacchariflorus",1,TRUE
"DM","Overlap15",8,"Mb-70","ABR33","M. sinensis",1,TRUE
"DM","Overlap15",8,"Mb-72","ABR33","M. x gig",1,TRUE
"DM","Overlap15",8,"Mb-74","ABR33","M. sinensis",1,TRUE
"DM","Overlap15",8,"Mb-76","ABR33","M. sacchariflorus",1,TRUE
"DM","Overlap15",8,"Mb-770_18","ABR33","M. sacchariflorus",1,TRUE
"DM","Overlap15",8,"Mb-779_14","ABR33","M. sacchariflorus",0,TRUE
"DM","Overlap15",8,"Mb-787_13","ABR33","M. sacchariflorus",1,TRUE
"DM","Overlap15",8,"Mb-810_11","ABR33","M. sacchariflorus",1,TRUE
"DM","Overlap15",8,"Mb-819_19","ABR33","M. sacchariflorus",1,TRUE
"DM","Overlap15",8,"Mb-851_1","ABR33","M. sinensis",1,TRUE
"DM","Overlap15",8,"Mb-86","ABR33","M. sinensis",0,TRUE
"DM","Overlap15",8,"Mb-884_1","ABR33","M. sacchariflorus",1,TRUE
"DM","Overlap15",8,"Mb-893_11","ABR33","M. sinensis",1,TRUE
"DM","Overlap15",8,"Mb-9","ABR33","M. sinensis",1,TRUE
"DM","Overlap15",8,"Mb-910_11","ABR33","M. sinensis",1,TRUE
"DM","Overlap15",8,"Mb-913_17","ABR33","M. sacchariflorus",1,TRUE
"DM","Overlap15",8,"Mb-914_13","ABR33","M. sinensis",1,TRUE
"DM","Overlap15",8,"Mb-928_18","ABR33","M. sinensis",0,TRUE
"DM","Overlap15",8,"Mb-930","ABR33","M. sinensis",1,TRUE
"DM","Overlap15",8,"Mb-931_12","ABR33","M. sinensis",1,TRUE
"DM","Overlap15",8,"Mb-933_11","ABR33","M. sinensis",1,TRUE
"DM","Overlap15",8,"Mb-935_13","ABR33","M. sinensis",1,TRUE
"DM","Overlap15",8,"Mb-94","ABR33","M. sacchariflorus",1,TRUE
"DM","Overlap15",8,"Mb-956_19","ABR33","M. sacchariflorus",1,TRUE
"DM","Overlap15",8,"Mb-958_19","ABR33","M. sacchariflorus",1,TRUE
"DM","Overlap15",8,"Mb-960_20","ABR33","M. sinensis",1,TRUE
"DM","Overlap15",8,"Mb-961_16","ABR33","M. sacchariflorus",0,TRUE
"DM","Overlap15",8,"Mb-965_15","ABR33","M. sacchariflorus",1,TRUE
"DM","Overlap15",8,"Mb-969_18","ABR33","M. sacchariflorus",1,TRUE
"DM","Overlap15",8,"Mb-974_19","ABR33","M. sinensis",0,TRUE
"DM","Overlap15",8,"Mb-99","ABR33","M. sinensis",1,TRUE
"DM","Overlap15",8,"Mx-1548_12","ABR33","M. x gig",0,TRUE
"DM","Overlap15",8,"Mx-1915_12","ABR33","M. x gig",1,TRUE
"DM","Overlap15",8,"Mx-1932_13","ABR33","M. x gig",0,TRUE
"DM","Overlap15",8,"Mx-1933_11","ABR33","M. x gig",0,TRUE
"DM","Overlap15",8,"Mx-1956_15","ABR33","M. x gig",1,TRUE
"DM","Overlap15",8,"Mx-2446_1","ABR33","M. x gig",1,TRUE
"DM","Overlap15",8,"Mx-2470_5","ABR33","M. sacchariflorus",0,TRUE
"DM","Overlap15",8,"Mx-437_90","ABR33","M. x gig",0,TRUE
"DM","Overlap15",8,"Mb-102","JKI","M. sinensis",0,TRUE
"DM","Overlap15",8,"Mb-1037_52","JKI","M. sacchariflorus",1,TRUE
"DM","Overlap15",8,"Mb-104","JKI","M. x gig",0,TRUE
"DM","Overlap15",8,"Mb-1040_17","JKI","M. sacchariflorus",0,TRUE
"DM","Overlap15",8,"Mb-1043_32","JKI","M. sacchariflorus",1,TRUE
"DM","Overlap15",8,"Mb-1044_50","JKI","M. sacchariflorus",1,TRUE
"DM","Overlap15",8,"Mb-1056_31","JKI","M. sacchariflorus",1,TRUE
"DM","Overlap15",8,"Mb-1067_18","JKI","M. sacchariflorus",1,TRUE
"DM","Overlap15",8,"Mb-1086_54","JKI","M. x gig",1,TRUE
"DM","Overlap15",8,"Mb-109","JKI","M. sinensis",0,TRUE
"DM","Overlap15",8,"Mb-110","JKI","M. sinensis",1,TRUE
"DM","Overlap15",8,"Mb-111","JKI","M. sinensis",1,TRUE
"DM","Overlap15",8,"Mb-113","JKI","M. sinensis",1,TRUE
"DM","Overlap15",8,"Mb-1130_51","JKI","M. x gig",1,TRUE
"DM","Overlap15",8,"Mb-1132_52","JKI","M. x gig",1,TRUE
"DM","Overlap15",8,"Mb-1139_19","JKI","M. sinensis",1,FALSE
"DM","Overlap15",8,"Mb-1147_12","JKI","M. sinensis",1,TRUE
"DM","Overlap15",8,"Mb-115","JKI","M. sinensis",1,TRUE
"DM","Overlap15",8,"Mb-1153_20","JKI","M. sinensis",1,TRUE
"DM","Overlap15",8,"Mb-1155_33","JKI","M. sacchariflorus",1,TRUE
"DM","Overlap15",8,"Mb-1156_13","JKI","M. sinensis",1,TRUE
"DM","Overlap15",8,"Mb-1162_20","JKI","M. sacchariflorus",1,TRUE
"DM","Overlap15",8,"Mb-1182_16","JKI","M. sinensis",1,TRUE
"DM","Overlap15",8,"Mb-1205_12","JKI","M. sinensis",0,TRUE
"DM","Overlap15",8,"Mb-1231_18","JKI","M. sinensis",1,TRUE
"DM","Overlap15",8,"Mb-1238_1","JKI","M. sinensis",1,TRUE
"DM","Overlap15",8,"Mb-1261_15","JKI","M. sacchariflorus",1,TRUE
"DM","Overlap15",8,"Mb-1353_14","JKI","M. sacchariflorus",0,TRUE
"DM","Overlap15",8,"Mb-14","JKI","M. sinensis",1,TRUE
"DM","Overlap15",8,"Mb-140","JKI","M. sacchariflorus",1,TRUE
"DM","Overlap15",8,"Mb-142","JKI","M. sacchariflorus",1,TRUE
"DM","Overlap15",8,"Mb-144","JKI","M. sacchariflorus",1,TRUE
"DM","Overlap15",8,"Mb-146","JKI","M. sacchariflorus",1,TRUE
"DM","Overlap15",8,"Mb-147","JKI","M. x gig",1,TRUE
"DM","Overlap15",8,"Mb-148","JKI","M. x gig",1,TRUE
"DM","Overlap15",8,"Mb-1485_42","JKI","M. x gig",1,TRUE
"DM","Overlap15",8,"Mb-1486_1","JKI","M. x gig",1,TRUE
"DM","Overlap15",8,"Mb-149","JKI","M. x gig",1,TRUE
"DM","Overlap15",8,"Mb-166","JKI","M. sacchariflorus",0,TRUE
"DM","Overlap15",8,"Mb-167","JKI","M. sinensis",1,TRUE
"DM","Overlap15",8,"Mb-177","JKI","M. sacchariflorus",1,TRUE
"DM","Overlap15",8,"Mb-188","JKI","M. x gig",1,TRUE
"DM","Overlap15",8,"Mb-2","JKI","M. sinensis",0,TRUE
"DM","Overlap15",8,"Mb-221","JKI","M. sinensis",1,TRUE
"DM","Overlap15",8,"Mb-226","JKI","M. sacchariflorus",1,TRUE
"DM","Overlap15",8,"Mb-229","JKI","M. sinensis",1,TRUE
"DM","Overlap15",8,"Mb-255","JKI","M. sinensis",1,TRUE
"DM","Overlap15",8,"Mb-272","JKI","M. sacchariflorus",1,TRUE
"DM","Overlap15",8,"Mb-297","JKI","M. sacchariflorus",1,TRUE
"DM","Overlap15",8,"Mb-3","JKI","M. sinensis",0,TRUE
"DM","Overlap15",8,"Mb-306","JKI","M. sinensis",0,TRUE
"DM","Overlap15",8,"Mb-307","JKI","M. x gig",1,TRUE
"DM","Overlap15",8,"Mb-308","JKI","M. x gig",1,TRUE
"DM","Overlap15",8,"Mb-309","JKI","M. x gig",1,TRUE
"DM","Overlap15",8,"Mb-31","JKI","M. sinensis",1,TRUE
"DM","Overlap15",8,"Mb-310","JKI","M. x gig",0,TRUE
"DM","Overlap15",8,"Mb-35","JKI","M. sinensis",0,TRUE
"DM","Overlap15",8,"Mb-353","JKI","M. sacchariflorus",1,TRUE
"DM","Overlap15",8,"Mb-37","JKI","M. sinensis",1,TRUE
"DM","Overlap15",8,"Mb-383_1","JKI","M. sacchariflorus",1,TRUE
"DM","Overlap15",8,"Mb-391","JKI","M. sacchariflorus",1,TRUE
"DM","Overlap15",8,"Mb-393_1","JKI","M. sacchariflorus",1,TRUE
"DM","Overlap15",8,"Mb-397","JKI","M. sacchariflorus",1,TRUE
"DM","Overlap15",8,"Mb-399","JKI","M. sacchariflorus",1,TRUE
"DM","Overlap15",8,"Mb-401","JKI","M. sacchariflorus",0,TRUE
"DM","Overlap15",8,"Mb-411","JKI","M. sacchariflorus",0,TRUE
"DM","Overlap15",8,"Mb-416","JKI","M. sacchariflorus",1,TRUE
"DM","Overlap15",8,"Mb-425_1","JKI","M. sacchariflorus",0,TRUE
"DM","Overlap15",8,"Mb-427_1","JKI","M. sacchariflorus",0,TRUE
"DM","Overlap15",8,"Mb-431_1","JKI","M. sacchariflorus",1,TRUE
"DM","Overlap15",8,"Mb-434_1","JKI","M. sinensis",1,TRUE
"DM","Overlap15",8,"Mb-485_1","JKI","M. sacchariflorus",1,TRUE
"DM","Overlap15",8,"Mb-486","JKI","M. sacchariflorus",1,TRUE
"DM","Overlap15",8,"Mb-488_15","JKI","M. sacchariflorus",1,TRUE
"DM","Overlap15",8,"Mb-490_10","JKI","M. sacchariflorus",1,TRUE
"DM","Overlap15",8,"Mb-494_1","JKI","M. sacchariflorus",1,TRUE
"DM","Overlap15",8,"Mb-498_1","JKI","M. sacchariflorus",1,TRUE
"DM","Overlap15",8,"Mb-502_1","JKI","M. sacchariflorus",1,TRUE
"DM","Overlap15",8,"Mb-505_1","JKI","M. sacchariflorus",1,TRUE
"DM","Overlap15",8,"Mb-508","JKI","M. sacchariflorus",1,TRUE
"DM","Overlap15",8,"Mb-526_13","JKI","M. sinensis",1,TRUE
"DM","Overlap15",8,"Mb-527_1","JKI","M. sinensis",1,TRUE
"DM","Overlap15",8,"Mb-533_1","JKI","M. sinensis",1,TRUE
"DM","Overlap15",8,"Mb-539_1","JKI","M. sinensis",1,TRUE
"DM","Overlap15",8,"Mb-585_1","JKI","M. sinensis",1,TRUE
"DM","Overlap15",8,"Mb-628_1","JKI","M. sacchariflorus",1,TRUE
"DM","Overlap15",8,"Mb-70","JKI","M. sinensis",0,TRUE
"DM","Overlap15",8,"Mb-72","JKI","M. x gig",1,TRUE
"DM","Overlap15",8,"Mb-74","JKI","M. sinensis",1,TRUE
"DM","Overlap15",8,"Mb-76","JKI","M. sacchariflorus",1,TRUE
"DM","Overlap15",8,"Mb-770_18","JKI","M. sacchariflorus",1,TRUE
"DM","Overlap15",8,"Mb-779_14","JKI","M. sacchariflorus",1,TRUE
"DM","Overlap15",8,"Mb-787_13","JKI","M. sacchariflorus",1,TRUE
"DM","Overlap15",8,"Mb-810_11","JKI","M. sacchariflorus",1,TRUE
"DM","Overlap15",8,"Mb-819_19","JKI","M. sacchariflorus",1,TRUE
"DM","Overlap15",8,"Mb-851_1","JKI","M. sinensis",1,TRUE
"DM","Overlap15",8,"Mb-86","JKI","M. sinensis",0,TRUE
"DM","Overlap15",8,"Mb-884_1","JKI","M. sacchariflorus",1,TRUE
"DM","Overlap15",8,"Mb-893_11","JKI","M. sinensis",1,TRUE
"DM","Overlap15",8,"Mb-9","JKI","M. sinensis",0,TRUE
"DM","Overlap15",8,"Mb-910_11","JKI","M. sinensis",1,TRUE
"DM","Overlap15",8,"Mb-913_17","JKI","M. sacchariflorus",1,TRUE
"DM","Overlap15",8,"Mb-914_13","JKI","M. sinensis",1,TRUE
"DM","Overlap15",8,"Mb-928_18","JKI","M. sinensis",0,TRUE
"DM","Overlap15",8,"Mb-930","JKI","M. sinensis",1,TRUE
"DM","Overlap15",8,"Mb-931_12","JKI","M. sinensis",1,TRUE
"DM","Overlap15",8,"Mb-933_11","JKI","M. sinensis",1,TRUE
"DM","Overlap15",8,"Mb-935_13","JKI","M. sinensis",1,TRUE
"DM","Overlap15",8,"Mb-94","JKI","M. sacchariflorus",1,TRUE
"DM","Overlap15",8,"Mb-956_19","JKI","M. sacchariflorus",1,TRUE
"DM","Overlap15",8,"Mb-958_19","JKI","M. sacchariflorus",1,TRUE
"DM","Overlap15",8,"Mb-960_20","JKI","M. sinensis",0,TRUE
"DM","Overlap15",8,"Mb-961_16","JKI","M. sacchariflorus",0,TRUE
"DM","Overlap15",8,"Mb-965_15","JKI","M. sacchariflorus",1,TRUE
"DM","Overlap15",8,"Mb-969_18","JKI","M. sacchariflorus",1,TRUE
"DM","Overlap15",8,"Mb-974_19","JKI","M. sinensis",1,TRUE
"DM","Overlap15",8,"Mb-99","JKI","M. sinensis",1,TRUE
"DM","Overlap15",8,"Mx-1548_12","JKI","M. x gig",1,TRUE
"DM","Overlap15",8,"Mx-1915_12","JKI","M. x gig",1,TRUE
"DM","Overlap15",8,"Mx-1932_13","JKI","M. x gig",0,TRUE
"DM","Overlap15",8,"Mx-1933_11","JKI","M. x gig",0,TRUE
"DM","Overlap15",8,"Mx-1956_15","JKI","M. x gig",1,TRUE
"DM","Overlap15",8,"Mx-2446_1","JKI","M. x gig",1,TRUE
"DM","Overlap15",8,"Mx-2470_5","JKI","M. sacchariflorus",0,TRUE
"DM","Overlap15",8,"Mx-437_90","JKI","M. x gig",1,TRUE
"DM","Overlap15",9,"Mb-102","ABR33","M. sinensis",1,TRUE
"DM","Overlap15",9,"Mb-1037_52","ABR33","M. sacchariflorus",0,TRUE
"DM","Overlap15",9,"Mb-104","ABR33","M. x gig",1,TRUE
"DM","Overlap15",9,"Mb-1040_17","ABR33","M. sacchariflorus",1,TRUE
"DM","Overlap15",9,"Mb-1043_32","ABR33","M. sacchariflorus",0,TRUE
"DM","Overlap15",9,"Mb-1044_50","ABR33","M. sacchariflorus",1,TRUE
"DM","Overlap15",9,"Mb-1056_31","ABR33","M. sacchariflorus",1,TRUE
"DM","Overlap15",9,"Mb-1067_18","ABR33","M. sacchariflorus",1,TRUE
"DM","Overlap15",9,"Mb-1086_54","ABR33","M. x gig",1,TRUE
"DM","Overlap15",9,"Mb-109","ABR33","M. sinensis",1,TRUE
"DM","Overlap15",9,"Mb-110","ABR33","M. sinensis",1,TRUE
"DM","Overlap15",9,"Mb-111","ABR33","M. sinensis",1,TRUE
"DM","Overlap15",9,"Mb-113","ABR33","M. sinensis",0,TRUE
"DM","Overlap15",9,"Mb-1130_51","ABR33","M. x gig",1,TRUE
"DM","Overlap15",9,"Mb-1132_52","ABR33","M. x gig",1,TRUE
"DM","Overlap15",9,"Mb-1139_19","ABR33","M. sinensis",1,TRUE
"DM","Overlap15",9,"Mb-1147_12","ABR33","M. sinensis",0,TRUE
"DM","Overlap15",9,"Mb-115","ABR33","M. sinensis",1,TRUE
"DM","Overlap15",9,"Mb-1153_20","ABR33","M. sinensis",0,TRUE
"DM","Overlap15",9,"Mb-1155_33","ABR33","M. sacchariflorus",1,TRUE
"DM","Overlap15",9,"Mb-1156_13","ABR33","M. sinensis",1,TRUE
"DM","Overlap15",9,"Mb-1162_20","ABR33","M. sacchariflorus",1,TRUE
"DM","Overlap15",9,"Mb-1182_16","ABR33","M. sinensis",1,TRUE
"DM","Overlap15",9,"Mb-1205_12","ABR33","M. sinensis",1,TRUE
"DM","Overlap15",9,"Mb-1231_18","ABR33","M. sinensis",1,TRUE
"DM","Overlap15",9,"Mb-1238_1","ABR33","M. sinensis",1,TRUE
"DM","Overlap15",9,"Mb-1261_15","ABR33","M. sacchariflorus",1,TRUE
"DM","Overlap15",9,"Mb-1353_14","ABR33","M. sacchariflorus",1,TRUE
"DM","Overlap15",9,"Mb-14","ABR33","M. sinensis",1,TRUE
"DM","Overlap15",9,"Mb-140","ABR33","M. sacchariflorus",1,TRUE
"DM","Overlap15",9,"Mb-142","ABR33","M. sacchariflorus",0,TRUE
"DM","Overlap15",9,"Mb-144","ABR33","M. sacchariflorus",1,TRUE
"DM","Overlap15",9,"Mb-146","ABR33","M. sacchariflorus",1,TRUE
"DM","Overlap15",9,"Mb-147","ABR33","M. x gig",1,TRUE
"DM","Overlap15",9,"Mb-148","ABR33","M. x gig",1,TRUE
"DM","Overlap15",9,"Mb-1485_42","ABR33","M. x gig",0,TRUE
"DM","Overlap15",9,"Mb-1486_1","ABR33","M. x gig",1,TRUE
"DM","Overlap15",9,"Mb-149","ABR33","M. x gig",0,TRUE
"DM","Overlap15",9,"Mb-166","ABR33","M. sacchariflorus",1,TRUE
"DM","Overlap15",9,"Mb-167","ABR33","M. sinensis",1,TRUE
"DM","Overlap15",9,"Mb-177","ABR33","M. sacchariflorus",1,TRUE
"DM","Overlap15",9,"Mb-188","ABR33","M. x gig",1,TRUE
"DM","Overlap15",9,"Mb-2","ABR33","M. sinensis",1,TRUE
"DM","Overlap15",9,"Mb-221","ABR33","M. sinensis",0,TRUE
"DM","Overlap15",9,"Mb-226","ABR33","M. sacchariflorus",1,TRUE
"DM","Overlap15",9,"Mb-229","ABR33","M. sinensis",1,TRUE
"DM","Overlap15",9,"Mb-255","ABR33","M. sinensis",1,TRUE
"DM","Overlap15",9,"Mb-272","ABR33","M. sacchariflorus",1,TRUE
"DM","Overlap15",9,"Mb-297","ABR33","M. sacchariflorus",1,TRUE
"DM","Overlap15",9,"Mb-3","ABR33","M. sinensis",1,TRUE
"DM","Overlap15",9,"Mb-306","ABR33","M. sinensis",1,TRUE
"DM","Overlap15",9,"Mb-307","ABR33","M. x gig",1,TRUE
"DM","Overlap15",9,"Mb-308","ABR33","M. x gig",1,TRUE
"DM","Overlap15",9,"Mb-309","ABR33","M. x gig",1,TRUE
"DM","Overlap15",9,"Mb-31","ABR33","M. sinensis",1,TRUE
"DM","Overlap15",9,"Mb-310","ABR33","M. x gig",1,TRUE
"DM","Overlap15",9,"Mb-35","ABR33","M. sinensis",1,TRUE
"DM","Overlap15",9,"Mb-353","ABR33","M. sacchariflorus",1,TRUE
"DM","Overlap15",9,"Mb-37","ABR33","M. sinensis",1,TRUE
"DM","Overlap15",9,"Mb-383_1","ABR33","M. sacchariflorus",1,TRUE
"DM","Overlap15",9,"Mb-391","ABR33","M. sacchariflorus",0,TRUE
"DM","Overlap15",9,"Mb-393_1","ABR33","M. sacchariflorus",1,TRUE
"DM","Overlap15",9,"Mb-397","ABR33","M. sacchariflorus",0,TRUE
"DM","Overlap15",9,"Mb-399","ABR33","M. sacchariflorus",1,TRUE
"DM","Overlap15",9,"Mb-401","ABR33","M. sacchariflorus",0,TRUE
"DM","Overlap15",9,"Mb-411","ABR33","M. sacchariflorus",1,TRUE
"DM","Overlap15",9,"Mb-416","ABR33","M. sacchariflorus",1,TRUE
"DM","Overlap15",9,"Mb-425_1","ABR33","M. sacchariflorus",1,TRUE
"DM","Overlap15",9,"Mb-427_1","ABR33","M. sacchariflorus",1,TRUE
"DM","Overlap15",9,"Mb-431_1","ABR33","M. sacchariflorus",0,TRUE
"DM","Overlap15",9,"Mb-434_1","ABR33","M. sinensis",1,TRUE
"DM","Overlap15",9,"Mb-485_1","ABR33","M. sacchariflorus",1,TRUE
"DM","Overlap15",9,"Mb-486","ABR33","M. sacchariflorus",0,TRUE
"DM","Overlap15",9,"Mb-488_15","ABR33","M. sacchariflorus",1,TRUE
"DM","Overlap15",9,"Mb-490_10","ABR33","M. sacchariflorus",1,TRUE
"DM","Overlap15",9,"Mb-494_1","ABR33","M. sacchariflorus",1,TRUE
"DM","Overlap15",9,"Mb-498_1","ABR33","M. sacchariflorus",1,TRUE
"DM","Overlap15",9,"Mb-502_1","ABR33","M. sacchariflorus",1,TRUE
"DM","Overlap15",9,"Mb-505_1","ABR33","M. sacchariflorus",1,TRUE
"DM","Overlap15",9,"Mb-508","ABR33","M. sacchariflorus",1,TRUE
"DM","Overlap15",9,"Mb-526_13","ABR33","M. sinensis",1,TRUE
"DM","Overlap15",9,"Mb-527_1","ABR33","M. sinensis",1,TRUE
"DM","Overlap15",9,"Mb-533_1","ABR33","M. sinensis",0,TRUE
"DM","Overlap15",9,"Mb-539_1","ABR33","M. sinensis",1,TRUE
"DM","Overlap15",9,"Mb-585_1","ABR33","M. sinensis",1,TRUE
"DM","Overlap15",9,"Mb-628_1","ABR33","M. sacchariflorus",1,TRUE
"DM","Overlap15",9,"Mb-70","ABR33","M. sinensis",1,TRUE
"DM","Overlap15",9,"Mb-72","ABR33","M. x gig",0,TRUE
"DM","Overlap15",9,"Mb-74","ABR33","M. sinensis",1,TRUE
"DM","Overlap15",9,"Mb-76","ABR33","M. sacchariflorus",1,TRUE
"DM","Overlap15",9,"Mb-770_18","ABR33","M. sacchariflorus",0,TRUE
"DM","Overlap15",9,"Mb-779_14","ABR33","M. sacchariflorus",1,TRUE
"DM","Overlap15",9,"Mb-787_13","ABR33","M. sacchariflorus",1,TRUE
"DM","Overlap15",9,"Mb-810_11","ABR33","M. sacchariflorus",1,TRUE
"DM","Overlap15",9,"Mb-819_19","ABR33","M. sacchariflorus",1,TRUE
"DM","Overlap15",9,"Mb-851_1","ABR33","M. sinensis",0,TRUE
"DM","Overlap15",9,"Mb-86","ABR33","M. sinensis",1,TRUE
"DM","Overlap15",9,"Mb-884_1","ABR33","M. sacchariflorus",1,TRUE
"DM","Overlap15",9,"Mb-893_11","ABR33","M. sinensis",1,TRUE
"DM","Overlap15",9,"Mb-9","ABR33","M. sinensis",0,TRUE
"DM","Overlap15",9,"Mb-910_11","ABR33","M. sinensis",1,TRUE
"DM","Overlap15",9,"Mb-913_17","ABR33","M. sacchariflorus",1,TRUE
"DM","Overlap15",9,"Mb-914_13","ABR33","M. sinensis",1,TRUE
"DM","Overlap15",9,"Mb-928_18","ABR33","M. sinensis",0,TRUE
"DM","Overlap15",9,"Mb-930","ABR33","M. sinensis",1,TRUE
"DM","Overlap15",9,"Mb-931_12","ABR33","M. sinensis",1,TRUE
"DM","Overlap15",9,"Mb-933_11","ABR33","M. sinensis",1,TRUE
"DM","Overlap15",9,"Mb-935_13","ABR33","M. sinensis",1,TRUE
"DM","Overlap15",9,"Mb-94","ABR33","M. sacchariflorus",1,TRUE
"DM","Overlap15",9,"Mb-956_19","ABR33","M. sacchariflorus",1,TRUE
"DM","Overlap15",9,"Mb-958_19","ABR33","M. sacchariflorus",1,TRUE
"DM","Overlap15",9,"Mb-960_20","ABR33","M. sinensis",1,TRUE
"DM","Overlap15",9,"Mb-961_16","ABR33","M. sacchariflorus",1,TRUE
"DM","Overlap15",9,"Mb-965_15","ABR33","M. sacchariflorus",1,TRUE
"DM","Overlap15",9,"Mb-969_18","ABR33","M. sacchariflorus",0,TRUE
"DM","Overlap15",9,"Mb-974_19","ABR33","M. sinensis",0,TRUE
"DM","Overlap15",9,"Mb-99","ABR33","M. sinensis",0,TRUE
"DM","Overlap15",9,"Mx-1548_12","ABR33","M. x gig",0,TRUE
"DM","Overlap15",9,"Mx-1915_12","ABR33","M. x gig",0,TRUE
"DM","Overlap15",9,"Mx-1932_13","ABR33","M. x gig",1,TRUE
"DM","Overlap15",9,"Mx-1933_11","ABR33","M. x gig",1,TRUE
"DM","Overlap15",9,"Mx-1956_15","ABR33","M. x gig",1,TRUE
"DM","Overlap15",9,"Mx-2446_1","ABR33","M. x gig",1,TRUE
"DM","Overlap15",9,"Mx-2470_5","ABR33","M. sacchariflorus",1,TRUE
"DM","Overlap15",9,"Mx-437_90","ABR33","M. x gig",1,TRUE
"DM","Overlap15",9,"Mb-102","JKI","M. sinensis",1,TRUE
"DM","Overlap15",9,"Mb-1037_52","JKI","M. sacchariflorus",1,TRUE
"DM","Overlap15",9,"Mb-104","JKI","M. x gig",1,TRUE
"DM","Overlap15",9,"Mb-1040_17","JKI","M. sacchariflorus",1,TRUE
"DM","Overlap15",9,"Mb-1043_32","JKI","M. sacchariflorus",0,TRUE
"DM","Overlap15",9,"Mb-1044_50","JKI","M. sacchariflorus",1,TRUE
"DM","Overlap15",9,"Mb-1056_31","JKI","M. sacchariflorus",1,TRUE
"DM","Overlap15",9,"Mb-1067_18","JKI","M. sacchariflorus",0,TRUE
"DM","Overlap15",9,"Mb-1086_54","JKI","M. x gig",1,TRUE
"DM","Overlap15",9,"Mb-109","JKI","M. sinensis",0,TRUE
"DM","Overlap15",9,"Mb-110","JKI","M. sinensis",1,TRUE
"DM","Overlap15",9,"Mb-111","JKI","M. sinensis",1,TRUE
"DM","Overlap15",9,"Mb-113","JKI","M. sinensis",0,TRUE
"DM","Overlap15",9,"Mb-1130_51","JKI","M. x gig",1,TRUE
"DM","Overlap15",9,"Mb-1132_52","JKI","M. x gig",1,TRUE
"DM","Overlap15",9,"Mb-1139_19","JKI","M. sinensis",1,FALSE
"DM","Overlap15",9,"Mb-1147_12","JKI","M. sinensis",1,TRUE
"DM","Overlap15",9,"Mb-115","JKI","M. sinensis",1,TRUE
"DM","Overlap15",9,"Mb-1153_20","JKI","M. sinensis",0,TRUE
"DM","Overlap15",9,"Mb-1155_33","JKI","M. sacchariflorus",1,TRUE
"DM","Overlap15",9,"Mb-1156_13","JKI","M. sinensis",1,TRUE
"DM","Overlap15",9,"Mb-1162_20","JKI","M. sacchariflorus",1,TRUE
"DM","Overlap15",9,"Mb-1182_16","JKI","M. sinensis",1,TRUE
"DM","Overlap15",9,"Mb-1205_12","JKI","M. sinensis",1,TRUE
"DM","Overlap15",9,"Mb-1231_18","JKI","M. sinensis",1,TRUE
"DM","Overlap15",9,"Mb-1238_1","JKI","M. sinensis",0,TRUE
"DM","Overlap15",9,"Mb-1261_15","JKI","M. sacchariflorus",1,TRUE
"DM","Overlap15",9,"Mb-1353_14","JKI","M. sacchariflorus",1,TRUE
"DM","Overlap15",9,"Mb-14","JKI","M. sinensis",1,TRUE
"DM","Overlap15",9,"Mb-140","JKI","M. sacchariflorus",1,TRUE
"DM","Overlap15",9,"Mb-142","JKI","M. sacchariflorus",0,TRUE
"DM","Overlap15",9,"Mb-144","JKI","M. sacchariflorus",1,TRUE
"DM","Overlap15",9,"Mb-146","JKI","M. sacchariflorus",1,TRUE
"DM","Overlap15",9,"Mb-147","JKI","M. x gig",1,TRUE
"DM","Overlap15",9,"Mb-148","JKI","M. x gig",0,TRUE
"DM","Overlap15",9,"Mb-1485_42","JKI","M. x gig",0,TRUE
"DM","Overlap15",9,"Mb-1486_1","JKI","M. x gig",1,TRUE
"DM","Overlap15",9,"Mb-149","JKI","M. x gig",1,TRUE
"DM","Overlap15",9,"Mb-166","JKI","M. sacchariflorus",1,TRUE
"DM","Overlap15",9,"Mb-167","JKI","M. sinensis",1,TRUE
"DM","Overlap15",9,"Mb-177","JKI","M. sacchariflorus",1,TRUE
"DM","Overlap15",9,"Mb-188","JKI","M. x gig",1,TRUE
"DM","Overlap15",9,"Mb-2","JKI","M. sinensis",0,TRUE
"DM","Overlap15",9,"Mb-221","JKI","M. sinensis",0,TRUE
"DM","Overlap15",9,"Mb-226","JKI","M. sacchariflorus",1,TRUE
"DM","Overlap15",9,"Mb-229","JKI","M. sinensis",1,TRUE
"DM","Overlap15",9,"Mb-255","JKI","M. sinensis",1,TRUE
"DM","Overlap15",9,"Mb-272","JKI","M. sacchariflorus",1,TRUE
"DM","Overlap15",9,"Mb-297","JKI","M. sacchariflorus",1,TRUE
"DM","Overlap15",9,"Mb-3","JKI","M. sinensis",1,TRUE
"DM","Overlap15",9,"Mb-306","JKI","M. sinensis",1,TRUE
"DM","Overlap15",9,"Mb-307","JKI","M. x gig",1,TRUE
"DM","Overlap15",9,"Mb-308","JKI","M. x gig",1,TRUE
"DM","Overlap15",9,"Mb-309","JKI","M. x gig",0,TRUE
"DM","Overlap15",9,"Mb-31","JKI","M. sinensis",1,TRUE
"DM","Overlap15",9,"Mb-310","JKI","M. x gig",1,TRUE
"DM","Overlap15",9,"Mb-35","JKI","M. sinensis",1,TRUE
"DM","Overlap15",9,"Mb-353","JKI","M. sacchariflorus",1,TRUE
"DM","Overlap15",9,"Mb-37","JKI","M. sinensis",1,TRUE
"DM","Overlap15",9,"Mb-383_1","JKI","M. sacchariflorus",1,TRUE
"DM","Overlap15",9,"Mb-391","JKI","M. sacchariflorus",0,TRUE
"DM","Overlap15",9,"Mb-393_1","JKI","M. sacchariflorus",1,TRUE
"DM","Overlap15",9,"Mb-397","JKI","M. sacchariflorus",1,TRUE
"DM","Overlap15",9,"Mb-399","JKI","M. sacchariflorus",1,TRUE
"DM","Overlap15",9,"Mb-401","JKI","M. sacchariflorus",0,TRUE
"DM","Overlap15",9,"Mb-411","JKI","M. sacchariflorus",1,TRUE
"DM","Overlap15",9,"Mb-416","JKI","M. sacchariflorus",1,TRUE
"DM","Overlap15",9,"Mb-425_1","JKI","M. sacchariflorus",1,TRUE
"DM","Overlap15",9,"Mb-427_1","JKI","M. sacchariflorus",1,TRUE
"DM","Overlap15",9,"Mb-431_1","JKI","M. sacchariflorus",0,TRUE
"DM","Overlap15",9,"Mb-434_1","JKI","M. sinensis",1,TRUE
"DM","Overlap15",9,"Mb-485_1","JKI","M. sacchariflorus",1,TRUE
"DM","Overlap15",9,"Mb-486","JKI","M. sacchariflorus",1,TRUE
"DM","Overlap15",9,"Mb-488_15","JKI","M. sacchariflorus",1,TRUE
"DM","Overlap15",9,"Mb-490_10","JKI","M. sacchariflorus",0,TRUE
"DM","Overlap15",9,"Mb-494_1","JKI","M. sacchariflorus",1,TRUE
"DM","Overlap15",9,"Mb-498_1","JKI","M. sacchariflorus",1,TRUE
"DM","Overlap15",9,"Mb-502_1","JKI","M. sacchariflorus",1,TRUE
"DM","Overlap15",9,"Mb-505_1","JKI","M. sacchariflorus",1,TRUE
"DM","Overlap15",9,"Mb-508","JKI","M. sacchariflorus",1,TRUE
"DM","Overlap15",9,"Mb-526_13","JKI","M. sinensis",0,TRUE
"DM","Overlap15",9,"Mb-527_1","JKI","M. sinensis",1,TRUE
"DM","Overlap15",9,"Mb-533_1","JKI","M. sinensis",1,TRUE
"DM","Overlap15",9,"Mb-539_1","JKI","M. sinensis",0,TRUE
"DM","Overlap15",9,"Mb-585_1","JKI","M. sinensis",1,TRUE
"DM","Overlap15",9,"Mb-628_1","JKI","M. sacchariflorus",1,TRUE
"DM","Overlap15",9,"Mb-70","JKI","M. sinensis",1,TRUE
"DM","Overlap15",9,"Mb-72","JKI","M. x gig",0,TRUE
"DM","Overlap15",9,"Mb-74","JKI","M. sinensis",1,TRUE
"DM","Overlap15",9,"Mb-76","JKI","M. sacchariflorus",1,TRUE
"DM","Overlap15",9,"Mb-770_18","JKI","M. sacchariflorus",0,TRUE
"DM","Overlap15",9,"Mb-779_14","JKI","M. sacchariflorus",1,TRUE
"DM","Overlap15",9,"Mb-787_13","JKI","M. sacchariflorus",1,TRUE
"DM","Overlap15",9,"Mb-810_11","JKI","M. sacchariflorus",1,TRUE
"DM","Overlap15",9,"Mb-819_19","JKI","M. sacchariflorus",1,TRUE
"DM","Overlap15",9,"Mb-851_1","JKI","M. sinensis",1,TRUE
"DM","Overlap15",9,"Mb-86","JKI","M. sinensis",1,TRUE
"DM","Overlap15",9,"Mb-884_1","JKI","M. sacchariflorus",1,TRUE
"DM","Overlap15",9,"Mb-893_11","JKI","M. sinensis",1,TRUE
"DM","Overlap15",9,"Mb-9","JKI","M. sinensis",1,TRUE
"DM","Overlap15",9,"Mb-910_11","JKI","M. sinensis",1,TRUE
"DM","Overlap15",9,"Mb-913_17","JKI","M. sacchariflorus",1,TRUE
"DM","Overlap15",9,"Mb-914_13","JKI","M. sinensis",1,TRUE
"DM","Overlap15",9,"Mb-928_18","JKI","M. sinensis",0,TRUE
"DM","Overlap15",9,"Mb-930","JKI","M. sinensis",1,TRUE
"DM","Overlap15",9,"Mb-931_12","JKI","M. sinensis",1,TRUE
"DM","Overlap15",9,"Mb-933_11","JKI","M. sinensis",1,TRUE
"DM","Overlap15",9,"Mb-935_13","JKI","M. sinensis",1,TRUE
"DM","Overlap15",9,"Mb-94","JKI","M. sacchariflorus",1,TRUE
"DM","Overlap15",9,"Mb-956_19","JKI","M. sacchariflorus",1,TRUE
"DM","Overlap15",9,"Mb-958_19","JKI","M. sacchariflorus",1,TRUE
"DM","Overlap15",9,"Mb-960_20","JKI","M. sinensis",1,TRUE
"DM","Overlap15",9,"Mb-961_16","JKI","M. sacchariflorus",1,TRUE
"DM","Overlap15",9,"Mb-965_15","JKI","M. sacchariflorus",1,TRUE
"DM","Overlap15",9,"Mb-969_18","JKI","M. sacchariflorus",0,TRUE
"DM","Overlap15",9,"Mb-974_19","JKI","M. sinensis",0,TRUE
"DM","Overlap15",9,"Mb-99","JKI","M. sinensis",1,TRUE
"DM","Overlap15",9,"Mx-1548_12","JKI","M. x gig",0,TRUE
"DM","Overlap15",9,"Mx-1915_12","JKI","M. x gig",1,TRUE
"DM","Overlap15",9,"Mx-1932_13","JKI","M. x gig",1,TRUE
"DM","Overlap15",9,"Mx-1933_11","JKI","M. x gig",1,TRUE
"DM","Overlap15",9,"Mx-1956_15","JKI","M. x gig",1,TRUE
"DM","Overlap15",9,"Mx-2446_1","JKI","M. x gig",1,TRUE
"DM","Overlap15",9,"Mx-2470_5","JKI","M. sacchariflorus",1,TRUE
"DM","Overlap15",9,"Mx-437_90","JKI","M. x gig",0,TRUE
"DM","Overlap15",10,"Mb-102","ABR33","M. sinensis",0,TRUE
"DM","Overlap15",10,"Mb-1037_52","ABR33","M. sacchariflorus",1,TRUE
"DM","Overlap15",10,"Mb-104","ABR33","M. x gig",0,TRUE
"DM","Overlap15",10,"Mb-1040_17","ABR33","M. sacchariflorus",0,TRUE
"DM","Overlap15",10,"Mb-1043_32","ABR33","M. sacchariflorus",1,TRUE
"DM","Overlap15",10,"Mb-1044_50","ABR33","M. sacchariflorus",1,TRUE
"DM","Overlap15",10,"Mb-1056_31","ABR33","M. sacchariflorus",1,TRUE
"DM","Overlap15",10,"Mb-1067_18","ABR33","M. sacchariflorus",1,TRUE
"DM","Overlap15",10,"Mb-1086_54","ABR33","M. x gig",1,TRUE
"DM","Overlap15",10,"Mb-109","ABR33","M. sinensis",1,TRUE
"DM","Overlap15",10,"Mb-110","ABR33","M. sinensis",1,TRUE
"DM","Overlap15",10,"Mb-111","ABR33","M. sinensis",1,TRUE
"DM","Overlap15",10,"Mb-113","ABR33","M. sinensis",0,TRUE
"DM","Overlap15",10,"Mb-1130_51","ABR33","M. x gig",0,TRUE
"DM","Overlap15",10,"Mb-1132_52","ABR33","M. x gig",1,TRUE
"DM","Overlap15",10,"Mb-1139_19","ABR33","M. sinensis",1,TRUE
"DM","Overlap15",10,"Mb-1147_12","ABR33","M. sinensis",0,TRUE
"DM","Overlap15",10,"Mb-115","ABR33","M. sinensis",1,TRUE
"DM","Overlap15",10,"Mb-1153_20","ABR33","M. sinensis",0,TRUE
"DM","Overlap15",10,"Mb-1155_33","ABR33","M. sacchariflorus",0,TRUE
"DM","Overlap15",10,"Mb-1156_13","ABR33","M. sinensis",1,TRUE
"DM","Overlap15",10,"Mb-1162_20","ABR33","M. sacchariflorus",1,TRUE
"DM","Overlap15",10,"Mb-1182_16","ABR33","M. sinensis",1,TRUE
"DM","Overlap15",10,"Mb-1205_12","ABR33","M. sinensis",1,TRUE
"DM","Overlap15",10,"Mb-1231_18","ABR33","M. sinensis",1,TRUE
"DM","Overlap15",10,"Mb-1238_1","ABR33","M. sinensis",1,TRUE
"DM","Overlap15",10,"Mb-1261_15","ABR33","M. sacchariflorus",1,TRUE
"DM","Overlap15",10,"Mb-1353_14","ABR33","M. sacchariflorus",1,TRUE
"DM","Overlap15",10,"Mb-14","ABR33","M. sinensis",1,TRUE
"DM","Overlap15",10,"Mb-140","ABR33","M. sacchariflorus",1,TRUE
"DM","Overlap15",10,"Mb-142","ABR33","M. sacchariflorus",1,TRUE
"DM","Overlap15",10,"Mb-144","ABR33","M. sacchariflorus",0,TRUE
"DM","Overlap15",10,"Mb-146","ABR33","M. sacchariflorus",1,TRUE
"DM","Overlap15",10,"Mb-147","ABR33","M. x gig",1,TRUE
"DM","Overlap15",10,"Mb-148","ABR33","M. x gig",1,TRUE
"DM","Overlap15",10,"Mb-1485_42","ABR33","M. x gig",1,TRUE
"DM","Overlap15",10,"Mb-1486_1","ABR33","M. x gig",1,TRUE
"DM","Overlap15",10,"Mb-149","ABR33","M. x gig",1,TRUE
"DM","Overlap15",10,"Mb-166","ABR33","M. sacchariflorus",1,TRUE
"DM","Overlap15",10,"Mb-167","ABR33","M. sinensis",1,TRUE
"DM","Overlap15",10,"Mb-177","ABR33","M. sacchariflorus",1,TRUE
"DM","Overlap15",10,"Mb-188","ABR33","M. x gig",0,TRUE
"DM","Overlap15",10,"Mb-2","ABR33","M. sinensis",0,TRUE
"DM","Overlap15",10,"Mb-221","ABR33","M. sinensis",1,TRUE
"DM","Overlap15",10,"Mb-226","ABR33","M. sacchariflorus",1,TRUE
"DM","Overlap15",10,"Mb-229","ABR33","M. sinensis",1,TRUE
"DM","Overlap15",10,"Mb-255","ABR33","M. sinensis",0,TRUE
"DM","Overlap15",10,"Mb-272","ABR33","M. sacchariflorus",1,TRUE
"DM","Overlap15",10,"Mb-297","ABR33","M. sacchariflorus",1,TRUE
"DM","Overlap15",10,"Mb-3","ABR33","M. sinensis",0,TRUE
"DM","Overlap15",10,"Mb-306","ABR33","M. sinensis",1,TRUE
"DM","Overlap15",10,"Mb-307","ABR33","M. x gig",1,TRUE
"DM","Overlap15",10,"Mb-308","ABR33","M. x gig",1,TRUE
"DM","Overlap15",10,"Mb-309","ABR33","M. x gig",1,TRUE
"DM","Overlap15",10,"Mb-31","ABR33","M. sinensis",0,TRUE
"DM","Overlap15",10,"Mb-310","ABR33","M. x gig",1,TRUE
"DM","Overlap15",10,"Mb-35","ABR33","M. sinensis",1,TRUE
"DM","Overlap15",10,"Mb-353","ABR33","M. sacchariflorus",1,TRUE
"DM","Overlap15",10,"Mb-37","ABR33","M. sinensis",1,TRUE
"DM","Overlap15",10,"Mb-383_1","ABR33","M. sacchariflorus",1,TRUE
"DM","Overlap15",10,"Mb-391","ABR33","M. sacchariflorus",1,TRUE
"DM","Overlap15",10,"Mb-393_1","ABR33","M. sacchariflorus",1,TRUE
"DM","Overlap15",10,"Mb-397","ABR33","M. sacchariflorus",0,TRUE
"DM","Overlap15",10,"Mb-399","ABR33","M. sacchariflorus",1,TRUE
"DM","Overlap15",10,"Mb-401","ABR33","M. sacchariflorus",1,TRUE
"DM","Overlap15",10,"Mb-411","ABR33","M. sacchariflorus",1,TRUE
"DM","Overlap15",10,"Mb-416","ABR33","M. sacchariflorus",0,TRUE
"DM","Overlap15",10,"Mb-425_1","ABR33","M. sacchariflorus",1,TRUE
"DM","Overlap15",10,"Mb-427_1","ABR33","M. sacchariflorus",1,TRUE
"DM","Overlap15",10,"Mb-431_1","ABR33","M. sacchariflorus",1,TRUE
"DM","Overlap15",10,"Mb-434_1","ABR33","M. sinensis",1,TRUE
"DM","Overlap15",10,"Mb-485_1","ABR33","M. sacchariflorus",1,TRUE
"DM","Overlap15",10,"Mb-486","ABR33","M. sacchariflorus",1,TRUE
"DM","Overlap15",10,"Mb-488_15","ABR33","M. sacchariflorus",1,TRUE
"DM","Overlap15",10,"Mb-490_10","ABR33","M. sacchariflorus",1,TRUE
"DM","Overlap15",10,"Mb-494_1","ABR33","M. sacchariflorus",0,TRUE
"DM","Overlap15",10,"Mb-498_1","ABR33","M. sacchariflorus",1,TRUE
"DM","Overlap15",10,"Mb-502_1","ABR33","M. sacchariflorus",1,TRUE
"DM","Overlap15",10,"Mb-505_1","ABR33","M. sacchariflorus",1,TRUE
"DM","Overlap15",10,"Mb-508","ABR33","M. sacchariflorus",1,TRUE
"DM","Overlap15",10,"Mb-526_13","ABR33","M. sinensis",1,TRUE
"DM","Overlap15",10,"Mb-527_1","ABR33","M. sinensis",1,TRUE
"DM","Overlap15",10,"Mb-533_1","ABR33","M. sinensis",0,TRUE
"DM","Overlap15",10,"Mb-539_1","ABR33","M. sinensis",0,TRUE
"DM","Overlap15",10,"Mb-585_1","ABR33","M. sinensis",1,TRUE
"DM","Overlap15",10,"Mb-628_1","ABR33","M. sacchariflorus",0,TRUE
"DM","Overlap15",10,"Mb-70","ABR33","M. sinensis",1,TRUE
"DM","Overlap15",10,"Mb-72","ABR33","M. x gig",1,TRUE
"DM","Overlap15",10,"Mb-74","ABR33","M. sinensis",1,TRUE
"DM","Overlap15",10,"Mb-76","ABR33","M. sacchariflorus",1,TRUE
"DM","Overlap15",10,"Mb-770_18","ABR33","M. sacchariflorus",1,TRUE
"DM","Overlap15",10,"Mb-779_14","ABR33","M. sacchariflorus",1,TRUE
"DM","Overlap15",10,"Mb-787_13","ABR33","M. sacchariflorus",1,TRUE
"DM","Overlap15",10,"Mb-810_11","ABR33","M. sacchariflorus",1,TRUE
"DM","Overlap15",10,"Mb-819_19","ABR33","M. sacchariflorus",1,TRUE
"DM","Overlap15",10,"Mb-851_1","ABR33","M. sinensis",0,TRUE
"DM","Overlap15",10,"Mb-86","ABR33","M. sinensis",1,TRUE
"DM","Overlap15",10,"Mb-884_1","ABR33","M. sacchariflorus",1,TRUE
"DM","Overlap15",10,"Mb-893_11","ABR33","M. sinensis",1,TRUE
"DM","Overlap15",10,"Mb-9","ABR33","M. sinensis",1,TRUE
"DM","Overlap15",10,"Mb-910_11","ABR33","M. sinensis",1,TRUE
"DM","Overlap15",10,"Mb-913_17","ABR33","M. sacchariflorus",1,TRUE
"DM","Overlap15",10,"Mb-914_13","ABR33","M. sinensis",1,TRUE
"DM","Overlap15",10,"Mb-928_18","ABR33","M. sinensis",0,TRUE
"DM","Overlap15",10,"Mb-930","ABR33","M. sinensis",1,TRUE
"DM","Overlap15",10,"Mb-931_12","ABR33","M. sinensis",1,TRUE
"DM","Overlap15",10,"Mb-933_11","ABR33","M. sinensis",1,TRUE
"DM","Overlap15",10,"Mb-935_13","ABR33","M. sinensis",1,TRUE
"DM","Overlap15",10,"Mb-94","ABR33","M. sacchariflorus",1,TRUE
"DM","Overlap15",10,"Mb-956_19","ABR33","M. sacchariflorus",1,TRUE
"DM","Overlap15",10,"Mb-958_19","ABR33","M. sacchariflorus",1,TRUE
"DM","Overlap15",10,"Mb-960_20","ABR33","M. sinensis",1,TRUE
"DM","Overlap15",10,"Mb-961_16","ABR33","M. sacchariflorus",1,TRUE
"DM","Overlap15",10,"Mb-965_15","ABR33","M. sacchariflorus",0,TRUE
"DM","Overlap15",10,"Mb-969_18","ABR33","M. sacchariflorus",1,TRUE
"DM","Overlap15",10,"Mb-974_19","ABR33","M. sinensis",1,TRUE
"DM","Overlap15",10,"Mb-99","ABR33","M. sinensis",1,TRUE
"DM","Overlap15",10,"Mx-1548_12","ABR33","M. x gig",0,TRUE
"DM","Overlap15",10,"Mx-1915_12","ABR33","M. x gig",1,TRUE
"DM","Overlap15",10,"Mx-1932_13","ABR33","M. x gig",1,TRUE
"DM","Overlap15",10,"Mx-1933_11","ABR33","M. x gig",1,TRUE
"DM","Overlap15",10,"Mx-1956_15","ABR33","M. x gig",1,TRUE
"DM","Overlap15",10,"Mx-2446_1","ABR33","M. x gig",1,TRUE
"DM","Overlap15",10,"Mx-2470_5","ABR33","M. sacchariflorus",1,TRUE
"DM","Overlap15",10,"Mx-437_90","ABR33","M. x gig",0,TRUE
"DM","Overlap15",10,"Mb-102","JKI","M. sinensis",0,TRUE
"DM","Overlap15",10,"Mb-1037_52","JKI","M. sacchariflorus",1,TRUE
"DM","Overlap15",10,"Mb-104","JKI","M. x gig",1,TRUE
"DM","Overlap15",10,"Mb-1040_17","JKI","M. sacchariflorus",1,TRUE
"DM","Overlap15",10,"Mb-1043_32","JKI","M. sacchariflorus",1,TRUE
"DM","Overlap15",10,"Mb-1044_50","JKI","M. sacchariflorus",1,TRUE
"DM","Overlap15",10,"Mb-1056_31","JKI","M. sacchariflorus",1,TRUE
"DM","Overlap15",10,"Mb-1067_18","JKI","M. sacchariflorus",0,TRUE
"DM","Overlap15",10,"Mb-1086_54","JKI","M. x gig",1,TRUE
"DM","Overlap15",10,"Mb-109","JKI","M. sinensis",1,TRUE
"DM","Overlap15",10,"Mb-110","JKI","M. sinensis",1,TRUE
"DM","Overlap15",10,"Mb-111","JKI","M. sinensis",0,TRUE
"DM","Overlap15",10,"Mb-113","JKI","M. sinensis",1,TRUE
"DM","Overlap15",10,"Mb-1130_51","JKI","M. x gig",0,TRUE
"DM","Overlap15",10,"Mb-1132_52","JKI","M. x gig",1,TRUE
"DM","Overlap15",10,"Mb-1139_19","JKI","M. sinensis",1,FALSE
"DM","Overlap15",10,"Mb-1147_12","JKI","M. sinensis",0,TRUE
"DM","Overlap15",10,"Mb-115","JKI","M. sinensis",1,TRUE
"DM","Overlap15",10,"Mb-1153_20","JKI","M. sinensis",0,TRUE
"DM","Overlap15",10,"Mb-1155_33","JKI","M. sacchariflorus",0,TRUE
"DM","Overlap15",10,"Mb-1156_13","JKI","M. sinensis",1,TRUE
"DM","Overlap15",10,"Mb-1162_20","JKI","M. sacchariflorus",1,TRUE
"DM","Overlap15",10,"Mb-1182_16","JKI","M. sinensis",1,TRUE
"DM","Overlap15",10,"Mb-1205_12","JKI","M. sinensis",1,TRUE
"DM","Overlap15",10,"Mb-1231_18","JKI","M. sinensis",1,TRUE
"DM","Overlap15",10,"Mb-1238_1","JKI","M. sinensis",1,TRUE
"DM","Overlap15",10,"Mb-1261_15","JKI","M. sacchariflorus",1,TRUE
"DM","Overlap15",10,"Mb-1353_14","JKI","M. sacchariflorus",1,TRUE
"DM","Overlap15",10,"Mb-14","JKI","M. sinensis",1,TRUE
"DM","Overlap15",10,"Mb-140","JKI","M. sacchariflorus",1,TRUE
"DM","Overlap15",10,"Mb-142","JKI","M. sacchariflorus",1,TRUE
"DM","Overlap15",10,"Mb-144","JKI","M. sacchariflorus",0,TRUE
"DM","Overlap15",10,"Mb-146","JKI","M. sacchariflorus",1,TRUE
"DM","Overlap15",10,"Mb-147","JKI","M. x gig",1,TRUE
"DM","Overlap15",10,"Mb-148","JKI","M. x gig",1,TRUE
"DM","Overlap15",10,"Mb-1485_42","JKI","M. x gig",1,TRUE
"DM","Overlap15",10,"Mb-1486_1","JKI","M. x gig",1,TRUE
"DM","Overlap15",10,"Mb-149","JKI","M. x gig",1,TRUE
"DM","Overlap15",10,"Mb-166","JKI","M. sacchariflorus",1,TRUE
"DM","Overlap15",10,"Mb-167","JKI","M. sinensis",1,TRUE
"DM","Overlap15",10,"Mb-177","JKI","M. sacchariflorus",1,TRUE
"DM","Overlap15",10,"Mb-188","JKI","M. x gig",1,TRUE
"DM","Overlap15",10,"Mb-2","JKI","M. sinensis",1,TRUE
"DM","Overlap15",10,"Mb-221","JKI","M. sinensis",1,TRUE
"DM","Overlap15",10,"Mb-226","JKI","M. sacchariflorus",1,TRUE
"DM","Overlap15",10,"Mb-229","JKI","M. sinensis",1,TRUE
"DM","Overlap15",10,"Mb-255","JKI","M. sinensis",0,TRUE
"DM","Overlap15",10,"Mb-272","JKI","M. sacchariflorus",1,TRUE
"DM","Overlap15",10,"Mb-297","JKI","M. sacchariflorus",0,TRUE
"DM","Overlap15",10,"Mb-3","JKI","M. sinensis",1,TRUE
"DM","Overlap15",10,"Mb-306","JKI","M. sinensis",1,TRUE
"DM","Overlap15",10,"Mb-307","JKI","M. x gig",1,TRUE
"DM","Overlap15",10,"Mb-308","JKI","M. x gig",1,TRUE
"DM","Overlap15",10,"Mb-309","JKI","M. x gig",1,TRUE
"DM","Overlap15",10,"Mb-31","JKI","M. sinensis",0,TRUE
"DM","Overlap15",10,"Mb-310","JKI","M. x gig",1,TRUE
"DM","Overlap15",10,"Mb-35","JKI","M. sinensis",1,TRUE
"DM","Overlap15",10,"Mb-353","JKI","M. sacchariflorus",1,TRUE
"DM","Overlap15",10,"Mb-37","JKI","M. sinensis",1,TRUE
"DM","Overlap15",10,"Mb-383_1","JKI","M. sacchariflorus",1,TRUE
"DM","Overlap15",10,"Mb-391","JKI","M. sacchariflorus",1,TRUE
"DM","Overlap15",10,"Mb-393_1","JKI","M. sacchariflorus",1,TRUE
"DM","Overlap15",10,"Mb-397","JKI","M. sacchariflorus",1,TRUE
"DM","Overlap15",10,"Mb-399","JKI","M. sacchariflorus",1,TRUE
"DM","Overlap15",10,"Mb-401","JKI","M. sacchariflorus",1,TRUE
"DM","Overlap15",10,"Mb-411","JKI","M. sacchariflorus",1,TRUE
"DM","Overlap15",10,"Mb-416","JKI","M. sacchariflorus",0,TRUE
"DM","Overlap15",10,"Mb-425_1","JKI","M. sacchariflorus",1,TRUE
"DM","Overlap15",10,"Mb-427_1","JKI","M. sacchariflorus",1,TRUE
"DM","Overlap15",10,"Mb-431_1","JKI","M. sacchariflorus",1,TRUE
"DM","Overlap15",10,"Mb-434_1","JKI","M. sinensis",1,TRUE
"DM","Overlap15",10,"Mb-485_1","JKI","M. sacchariflorus",1,TRUE
"DM","Overlap15",10,"Mb-486","JKI","M. sacchariflorus",0,TRUE
"DM","Overlap15",10,"Mb-488_15","JKI","M. sacchariflorus",1,TRUE
"DM","Overlap15",10,"Mb-490_10","JKI","M. sacchariflorus",1,TRUE
"DM","Overlap15",10,"Mb-494_1","JKI","M. sacchariflorus",1,TRUE
"DM","Overlap15",10,"Mb-498_1","JKI","M. sacchariflorus",1,TRUE
"DM","Overlap15",10,"Mb-502_1","JKI","M. sacchariflorus",1,TRUE
"DM","Overlap15",10,"Mb-505_1","JKI","M. sacchariflorus",1,TRUE
"DM","Overlap15",10,"Mb-508","JKI","M. sacchariflorus",1,TRUE
"DM","Overlap15",10,"Mb-526_13","JKI","M. sinensis",1,TRUE
"DM","Overlap15",10,"Mb-527_1","JKI","M. sinensis",1,TRUE
"DM","Overlap15",10,"Mb-533_1","JKI","M. sinensis",0,TRUE
"DM","Overlap15",10,"Mb-539_1","JKI","M. sinensis",0,TRUE
"DM","Overlap15",10,"Mb-585_1","JKI","M. sinensis",0,TRUE
"DM","Overlap15",10,"Mb-628_1","JKI","M. sacchariflorus",0,TRUE
"DM","Overlap15",10,"Mb-70","JKI","M. sinensis",1,TRUE
"DM","Overlap15",10,"Mb-72","JKI","M. x gig",1,TRUE
"DM","Overlap15",10,"Mb-74","JKI","M. sinensis",1,TRUE
"DM","Overlap15",10,"Mb-76","JKI","M. sacchariflorus",1,TRUE
"DM","Overlap15",10,"Mb-770_18","JKI","M. sacchariflorus",0,TRUE
"DM","Overlap15",10,"Mb-779_14","JKI","M. sacchariflorus",1,TRUE
"DM","Overlap15",10,"Mb-787_13","JKI","M. sacchariflorus",1,TRUE
"DM","Overlap15",10,"Mb-810_11","JKI","M. sacchariflorus",0,TRUE
"DM","Overlap15",10,"Mb-819_19","JKI","M. sacchariflorus",1,TRUE
"DM","Overlap15",10,"Mb-851_1","JKI","M. sinensis",0,TRUE
"DM","Overlap15",10,"Mb-86","JKI","M. sinensis",1,TRUE
"DM","Overlap15",10,"Mb-884_1","JKI","M. sacchariflorus",1,TRUE
"DM","Overlap15",10,"Mb-893_11","JKI","M. sinensis",1,TRUE
"DM","Overlap15",10,"Mb-9","JKI","M. sinensis",1,TRUE
"DM","Overlap15",10,"Mb-910_11","JKI","M. sinensis",1,TRUE
"DM","Overlap15",10,"Mb-913_17","JKI","M. sacchariflorus",0,TRUE
"DM","Overlap15",10,"Mb-914_13","JKI","M. sinensis",0,TRUE
"DM","Overlap15",10,"Mb-928_18","JKI","M. sinensis",0,TRUE
"DM","Overlap15",10,"Mb-930","JKI","M. sinensis",1,TRUE
"DM","Overlap15",10,"Mb-931_12","JKI","M. sinensis",1,TRUE
"DM","Overlap15",10,"Mb-933_11","JKI","M. sinensis",1,TRUE
"DM","Overlap15",10,"Mb-935_13","JKI","M. sinensis",1,TRUE
"DM","Overlap15",10,"Mb-94","JKI","M. sacchariflorus",1,TRUE
"DM","Overlap15",10,"Mb-956_19","JKI","M. sacchariflorus",1,TRUE
"DM","Overlap15",10,"Mb-958_19","JKI","M. sacchariflorus",1,TRUE
"DM","Overlap15",10,"Mb-960_20","JKI","M. sinensis",1,TRUE
"DM","Overlap15",10,"Mb-961_16","JKI","M. sacchariflorus",1,TRUE
"DM","Overlap15",10,"Mb-965_15","JKI","M. sacchariflorus",1,TRUE
"DM","Overlap15",10,"Mb-969_18","JKI","M. sacchariflorus",1,TRUE
"DM","Overlap15",10,"Mb-974_19","JKI","M. sinensis",0,TRUE
"DM","Overlap15",10,"Mb-99","JKI","M. sinensis",1,TRUE
"DM","Overlap15",10,"Mx-1548_12","JKI","M. x gig",1,TRUE
"DM","Overlap15",10,"Mx-1915_12","JKI","M. x gig",1,TRUE
"DM","Overlap15",10,"Mx-1932_13","JKI","M. x gig",1,TRUE
"DM","Overlap15",10,"Mx-1933_11","JKI","M. x gig",1,TRUE
"DM","Overlap15",10,"Mx-1956_15","JKI","M. x gig",1,TRUE
"DM","Overlap15",10,"Mx-2446_1","JKI","M. x gig",1,TRUE
"DM","Overlap15",10,"Mx-2470_5","JKI","M. sacchariflorus",1,TRUE
"DM","Overlap15",10,"Mx-437_90","JKI","M. x gig",0,TRUE
"DM","Overlap20",1,"Mb-102","ABR33","M. sinensis",0,TRUE
"DM","Overlap20",1,"Mb-1037_52","ABR33","M. sacchariflorus",1,TRUE
"DM","Overlap20",1,"Mb-104","ABR33","M. x gig",1,TRUE
"DM","Overlap20",1,"Mb-1040_17","ABR33","M. sacchariflorus",1,TRUE
"DM","Overlap20",1,"Mb-1043_32","ABR33","M. sacchariflorus",1,TRUE
"DM","Overlap20",1,"Mb-1044_50","ABR33","M. sacchariflorus",1,TRUE
"DM","Overlap20",1,"Mb-1056_31","ABR33","M. sacchariflorus",1,TRUE
"DM","Overlap20",1,"Mb-1067_18","ABR33","M. sacchariflorus",1,TRUE
"DM","Overlap20",1,"Mb-1086_54","ABR33","M. x gig",1,TRUE
"DM","Overlap20",1,"Mb-109","ABR33","M. sinensis",1,TRUE
"DM","Overlap20",1,"Mb-110","ABR33","M. sinensis",1,TRUE
"DM","Overlap20",1,"Mb-111","ABR33","M. sinensis",1,TRUE
"DM","Overlap20",1,"Mb-113","ABR33","M. sinensis",0,TRUE
"DM","Overlap20",1,"Mb-1130_51","ABR33","M. x gig",1,TRUE
"DM","Overlap20",1,"Mb-1132_52","ABR33","M. x gig",1,TRUE
"DM","Overlap20",1,"Mb-1139_19","ABR33","M. sinensis",1,TRUE
"DM","Overlap20",1,"Mb-1147_12","ABR33","M. sinensis",1,TRUE
"DM","Overlap20",1,"Mb-115","ABR33","M. sinensis",1,TRUE
"DM","Overlap20",1,"Mb-1153_20","ABR33","M. sinensis",0,TRUE
"DM","Overlap20",1,"Mb-1155_33","ABR33","M. sacchariflorus",1,TRUE
"DM","Overlap20",1,"Mb-1156_13","ABR33","M. sinensis",1,TRUE
"DM","Overlap20",1,"Mb-1162_20","ABR33","M. sacchariflorus",1,TRUE
"DM","Overlap20",1,"Mb-1182_16","ABR33","M. sinensis",1,TRUE
"DM","Overlap20",1,"Mb-1205_12","ABR33","M. sinensis",0,TRUE
"DM","Overlap20",1,"Mb-1231_18","ABR33","M. sinensis",1,TRUE
"DM","Overlap20",1,"Mb-1238_1","ABR33","M. sinensis",1,TRUE
"DM","Overlap20",1,"Mb-1261_15","ABR33","M. sacchariflorus",0,TRUE
"DM","Overlap20",1,"Mb-1353_14","ABR33","M. sacchariflorus",1,TRUE
"DM","Overlap20",1,"Mb-14","ABR33","M. sinensis",0,TRUE
"DM","Overlap20",1,"Mb-140","ABR33","M. sacchariflorus",0,TRUE
"DM","Overlap20",1,"Mb-142","ABR33","M. sacchariflorus",1,TRUE
"DM","Overlap20",1,"Mb-144","ABR33","M. sacchariflorus",1,TRUE
"DM","Overlap20",1,"Mb-146","ABR33","M. sacchariflorus",1,TRUE
"DM","Overlap20",1,"Mb-147","ABR33","M. x gig",1,TRUE
"DM","Overlap20",1,"Mb-148","ABR33","M. x gig",0,TRUE
"DM","Overlap20",1,"Mb-1485_42","ABR33","M. x gig",1,TRUE
"DM","Overlap20",1,"Mb-1486_1","ABR33","M. x gig",1,TRUE
"DM","Overlap20",1,"Mb-149","ABR33","M. x gig",1,TRUE
"DM","Overlap20",1,"Mb-166","ABR33","M. sacchariflorus",0,TRUE
"DM","Overlap20",1,"Mb-167","ABR33","M. sinensis",1,TRUE
"DM","Overlap20",1,"Mb-177","ABR33","M. sacchariflorus",1,TRUE
"DM","Overlap20",1,"Mb-188","ABR33","M. x gig",1,TRUE
"DM","Overlap20",1,"Mb-2","ABR33","M. sinensis",1,TRUE
"DM","Overlap20",1,"Mb-221","ABR33","M. sinensis",1,TRUE
"DM","Overlap20",1,"Mb-226","ABR33","M. sacchariflorus",0,TRUE
"DM","Overlap20",1,"Mb-229","ABR33","M. sinensis",1,TRUE
"DM","Overlap20",1,"Mb-255","ABR33","M. sinensis",1,TRUE
"DM","Overlap20",1,"Mb-272","ABR33","M. sacchariflorus",1,TRUE
"DM","Overlap20",1,"Mb-297","ABR33","M. sacchariflorus",0,TRUE
"DM","Overlap20",1,"Mb-3","ABR33","M. sinensis",1,TRUE
"DM","Overlap20",1,"Mb-306","ABR33","M. sinensis",1,TRUE
"DM","Overlap20",1,"Mb-307","ABR33","M. x gig",1,TRUE
"DM","Overlap20",1,"Mb-308","ABR33","M. x gig",1,TRUE
"DM","Overlap20",1,"Mb-309","ABR33","M. x gig",1,TRUE
"DM","Overlap20",1,"Mb-31","ABR33","M. sinensis",1,TRUE
"DM","Overlap20",1,"Mb-310","ABR33","M. x gig",1,TRUE
"DM","Overlap20",1,"Mb-35","ABR33","M. sinensis",1,TRUE
"DM","Overlap20",1,"Mb-353","ABR33","M. sacchariflorus",1,TRUE
"DM","Overlap20",1,"Mb-37","ABR33","M. sinensis",1,TRUE
"DM","Overlap20",1,"Mb-383_1","ABR33","M. sacchariflorus",1,TRUE
"DM","Overlap20",1,"Mb-391","ABR33","M. sacchariflorus",0,TRUE
"DM","Overlap20",1,"Mb-393_1","ABR33","M. sacchariflorus",1,TRUE
"DM","Overlap20",1,"Mb-397","ABR33","M. sacchariflorus",1,TRUE
"DM","Overlap20",1,"Mb-399","ABR33","M. sacchariflorus",1,TRUE
"DM","Overlap20",1,"Mb-401","ABR33","M. sacchariflorus",0,TRUE
"DM","Overlap20",1,"Mb-411","ABR33","M. sacchariflorus",0,TRUE
"DM","Overlap20",1,"Mb-416","ABR33","M. sacchariflorus",1,TRUE
"DM","Overlap20",1,"Mb-425_1","ABR33","M. sacchariflorus",1,TRUE
"DM","Overlap20",1,"Mb-427_1","ABR33","M. sacchariflorus",1,TRUE
"DM","Overlap20",1,"Mb-431_1","ABR33","M. sacchariflorus",1,TRUE
"DM","Overlap20",1,"Mb-434_1","ABR33","M. sinensis",1,TRUE
"DM","Overlap20",1,"Mb-485_1","ABR33","M. sacchariflorus",1,TRUE
"DM","Overlap20",1,"Mb-486","ABR33","M. sacchariflorus",1,TRUE
"DM","Overlap20",1,"Mb-488_15","ABR33","M. sacchariflorus",1,TRUE
"DM","Overlap20",1,"Mb-490_10","ABR33","M. sacchariflorus",1,TRUE
"DM","Overlap20",1,"Mb-494_1","ABR33","M. sacchariflorus",1,TRUE
"DM","Overlap20",1,"Mb-498_1","ABR33","M. sacchariflorus",0,TRUE
"DM","Overlap20",1,"Mb-502_1","ABR33","M. sacchariflorus",1,TRUE
"DM","Overlap20",1,"Mb-505_1","ABR33","M. sacchariflorus",1,TRUE
"DM","Overlap20",1,"Mb-508","ABR33","M. sacchariflorus",1,TRUE
"DM","Overlap20",1,"Mb-526_13","ABR33","M. sinensis",1,TRUE
"DM","Overlap20",1,"Mb-527_1","ABR33","M. sinensis",1,TRUE
"DM","Overlap20",1,"Mb-533_1","ABR33","M. sinensis",1,TRUE
"DM","Overlap20",1,"Mb-539_1","ABR33","M. sinensis",0,TRUE
"DM","Overlap20",1,"Mb-585_1","ABR33","M. sinensis",0,TRUE
"DM","Overlap20",1,"Mb-628_1","ABR33","M. sacchariflorus",1,TRUE
"DM","Overlap20",1,"Mb-70","ABR33","M. sinensis",0,TRUE
"DM","Overlap20",1,"Mb-72","ABR33","M. x gig",0,TRUE
"DM","Overlap20",1,"Mb-74","ABR33","M. sinensis",1,TRUE
"DM","Overlap20",1,"Mb-76","ABR33","M. sacchariflorus",1,TRUE
"DM","Overlap20",1,"Mb-770_18","ABR33","M. sacchariflorus",1,TRUE
"DM","Overlap20",1,"Mb-779_14","ABR33","M. sacchariflorus",1,TRUE
"DM","Overlap20",1,"Mb-787_13","ABR33","M. sacchariflorus",1,TRUE
"DM","Overlap20",1,"Mb-810_11","ABR33","M. sacchariflorus",1,TRUE
"DM","Overlap20",1,"Mb-819_19","ABR33","M. sacchariflorus",0,TRUE
"DM","Overlap20",1,"Mb-851_1","ABR33","M. sinensis",1,TRUE
"DM","Overlap20",1,"Mb-86","ABR33","M. sinensis",1,TRUE
"DM","Overlap20",1,"Mb-884_1","ABR33","M. sacchariflorus",1,TRUE
"DM","Overlap20",1,"Mb-893_11","ABR33","M. sinensis",1,TRUE
"DM","Overlap20",1,"Mb-9","ABR33","M. sinensis",0,TRUE
"DM","Overlap20",1,"Mb-910_11","ABR33","M. sinensis",1,TRUE
"DM","Overlap20",1,"Mb-913_17","ABR33","M. sacchariflorus",1,TRUE
"DM","Overlap20",1,"Mb-914_13","ABR33","M. sinensis",1,TRUE
"DM","Overlap20",1,"Mb-928_18","ABR33","M. sinensis",1,TRUE
"DM","Overlap20",1,"Mb-930","ABR33","M. sinensis",1,TRUE
"DM","Overlap20",1,"Mb-931_12","ABR33","M. sinensis",0,TRUE
"DM","Overlap20",1,"Mb-933_11","ABR33","M. sinensis",1,TRUE
"DM","Overlap20",1,"Mb-935_13","ABR33","M. sinensis",1,TRUE
"DM","Overlap20",1,"Mb-94","ABR33","M. sacchariflorus",0,TRUE
"DM","Overlap20",1,"Mb-956_19","ABR33","M. sacchariflorus",1,TRUE
"DM","Overlap20",1,"Mb-958_19","ABR33","M. sacchariflorus",0,TRUE
"DM","Overlap20",1,"Mb-960_20","ABR33","M. sinensis",1,TRUE
"DM","Overlap20",1,"Mb-961_16","ABR33","M. sacchariflorus",1,TRUE
"DM","Overlap20",1,"Mb-965_15","ABR33","M. sacchariflorus",1,TRUE
"DM","Overlap20",1,"Mb-969_18","ABR33","M. sacchariflorus",1,TRUE
"DM","Overlap20",1,"Mb-974_19","ABR33","M. sinensis",1,TRUE
"DM","Overlap20",1,"Mb-99","ABR33","M. sinensis",1,TRUE
"DM","Overlap20",1,"Mx-1548_12","ABR33","M. x gig",1,TRUE
"DM","Overlap20",1,"Mx-1915_12","ABR33","M. x gig",1,TRUE
"DM","Overlap20",1,"Mx-1932_13","ABR33","M. x gig",1,TRUE
"DM","Overlap20",1,"Mx-1933_11","ABR33","M. x gig",1,TRUE
"DM","Overlap20",1,"Mx-1956_15","ABR33","M. x gig",1,TRUE
"DM","Overlap20",1,"Mx-2446_1","ABR33","M. x gig",1,TRUE
"DM","Overlap20",1,"Mx-2470_5","ABR33","M. sacchariflorus",1,TRUE
"DM","Overlap20",1,"Mx-437_90","ABR33","M. x gig",0,TRUE
"DM","Overlap20",1,"Mb-102","JKI","M. sinensis",0,TRUE
"DM","Overlap20",1,"Mb-1037_52","JKI","M. sacchariflorus",1,TRUE
"DM","Overlap20",1,"Mb-104","JKI","M. x gig",1,TRUE
"DM","Overlap20",1,"Mb-1040_17","JKI","M. sacchariflorus",0,TRUE
"DM","Overlap20",1,"Mb-1043_32","JKI","M. sacchariflorus",1,TRUE
"DM","Overlap20",1,"Mb-1044_50","JKI","M. sacchariflorus",1,TRUE
"DM","Overlap20",1,"Mb-1056_31","JKI","M. sacchariflorus",1,TRUE
"DM","Overlap20",1,"Mb-1067_18","JKI","M. sacchariflorus",1,TRUE
"DM","Overlap20",1,"Mb-1086_54","JKI","M. x gig",1,TRUE
"DM","Overlap20",1,"Mb-109","JKI","M. sinensis",0,TRUE
"DM","Overlap20",1,"Mb-110","JKI","M. sinensis",1,TRUE
"DM","Overlap20",1,"Mb-111","JKI","M. sinensis",1,TRUE
"DM","Overlap20",1,"Mb-113","JKI","M. sinensis",0,TRUE
"DM","Overlap20",1,"Mb-1130_51","JKI","M. x gig",1,TRUE
"DM","Overlap20",1,"Mb-1132_52","JKI","M. x gig",1,TRUE
"DM","Overlap20",1,"Mb-1139_19","JKI","M. sinensis",1,FALSE
"DM","Overlap20",1,"Mb-1147_12","JKI","M. sinensis",1,TRUE
"DM","Overlap20",1,"Mb-115","JKI","M. sinensis",1,TRUE
"DM","Overlap20",1,"Mb-1153_20","JKI","M. sinensis",1,TRUE
"DM","Overlap20",1,"Mb-1155_33","JKI","M. sacchariflorus",1,TRUE
"DM","Overlap20",1,"Mb-1156_13","JKI","M. sinensis",1,TRUE
"DM","Overlap20",1,"Mb-1162_20","JKI","M. sacchariflorus",1,TRUE
"DM","Overlap20",1,"Mb-1182_16","JKI","M. sinensis",1,TRUE
"DM","Overlap20",1,"Mb-1205_12","JKI","M. sinensis",0,TRUE
"DM","Overlap20",1,"Mb-1231_18","JKI","M. sinensis",1,TRUE
"DM","Overlap20",1,"Mb-1238_1","JKI","M. sinensis",1,TRUE
"DM","Overlap20",1,"Mb-1261_15","JKI","M. sacchariflorus",0,TRUE
"DM","Overlap20",1,"Mb-1353_14","JKI","M. sacchariflorus",1,TRUE
"DM","Overlap20",1,"Mb-14","JKI","M. sinensis",1,TRUE
"DM","Overlap20",1,"Mb-140","JKI","M. sacchariflorus",0,TRUE
"DM","Overlap20",1,"Mb-142","JKI","M. sacchariflorus",1,TRUE
"DM","Overlap20",1,"Mb-144","JKI","M. sacchariflorus",1,TRUE
"DM","Overlap20",1,"Mb-146","JKI","M. sacchariflorus",1,TRUE
"DM","Overlap20",1,"Mb-147","JKI","M. x gig",1,TRUE
"DM","Overlap20",1,"Mb-148","JKI","M. x gig",0,TRUE
"DM","Overlap20",1,"Mb-1485_42","JKI","M. x gig",1,TRUE
"DM","Overlap20",1,"Mb-1486_1","JKI","M. x gig",1,TRUE
"DM","Overlap20",1,"Mb-149","JKI","M. x gig",1,TRUE
"DM","Overlap20",1,"Mb-166","JKI","M. sacchariflorus",0,TRUE
"DM","Overlap20",1,"Mb-167","JKI","M. sinensis",1,TRUE
"DM","Overlap20",1,"Mb-177","JKI","M. sacchariflorus",1,TRUE
"DM","Overlap20",1,"Mb-188","JKI","M. x gig",1,TRUE
"DM","Overlap20",1,"Mb-2","JKI","M. sinensis",1,TRUE
"DM","Overlap20",1,"Mb-221","JKI","M. sinensis",1,TRUE
"DM","Overlap20",1,"Mb-226","JKI","M. sacchariflorus",0,TRUE
"DM","Overlap20",1,"Mb-229","JKI","M. sinensis",1,TRUE
"DM","Overlap20",1,"Mb-255","JKI","M. sinensis",1,TRUE
"DM","Overlap20",1,"Mb-272","JKI","M. sacchariflorus",1,TRUE
"DM","Overlap20",1,"Mb-297","JKI","M. sacchariflorus",0,TRUE
"DM","Overlap20",1,"Mb-3","JKI","M. sinensis",1,TRUE
"DM","Overlap20",1,"Mb-306","JKI","M. sinensis",1,TRUE
"DM","Overlap20",1,"Mb-307","JKI","M. x gig",1,TRUE
"DM","Overlap20",1,"Mb-308","JKI","M. x gig",1,TRUE
"DM","Overlap20",1,"Mb-309","JKI","M. x gig",1,TRUE
"DM","Overlap20",1,"Mb-31","JKI","M. sinensis",1,TRUE
"DM","Overlap20",1,"Mb-310","JKI","M. x gig",1,TRUE
"DM","Overlap20",1,"Mb-35","JKI","M. sinensis",1,TRUE
"DM","Overlap20",1,"Mb-353","JKI","M. sacchariflorus",1,TRUE
"DM","Overlap20",1,"Mb-37","JKI","M. sinensis",1,TRUE
"DM","Overlap20",1,"Mb-383_1","JKI","M. sacchariflorus",0,TRUE
"DM","Overlap20",1,"Mb-391","JKI","M. sacchariflorus",0,TRUE
"DM","Overlap20",1,"Mb-393_1","JKI","M. sacchariflorus",0,TRUE
"DM","Overlap20",1,"Mb-397","JKI","M. sacchariflorus",1,TRUE
"DM","Overlap20",1,"Mb-399","JKI","M. sacchariflorus",1,TRUE
"DM","Overlap20",1,"Mb-401","JKI","M. sacchariflorus",1,TRUE
"DM","Overlap20",1,"Mb-411","JKI","M. sacchariflorus",0,TRUE
"DM","Overlap20",1,"Mb-416","JKI","M. sacchariflorus",1,TRUE
"DM","Overlap20",1,"Mb-425_1","JKI","M. sacchariflorus",1,TRUE
"DM","Overlap20",1,"Mb-427_1","JKI","M. sacchariflorus",1,TRUE
"DM","Overlap20",1,"Mb-431_1","JKI","M. sacchariflorus",1,TRUE
"DM","Overlap20",1,"Mb-434_1","JKI","M. sinensis",1,TRUE
"DM","Overlap20",1,"Mb-485_1","JKI","M. sacchariflorus",1,TRUE
"DM","Overlap20",1,"Mb-486","JKI","M. sacchariflorus",1,TRUE
"DM","Overlap20",1,"Mb-488_15","JKI","M. sacchariflorus",1,TRUE
"DM","Overlap20",1,"Mb-490_10","JKI","M. sacchariflorus",1,TRUE
"DM","Overlap20",1,"Mb-494_1","JKI","M. sacchariflorus",1,TRUE
"DM","Overlap20",1,"Mb-498_1","JKI","M. sacchariflorus",1,TRUE
"DM","Overlap20",1,"Mb-502_1","JKI","M. sacchariflorus",1,TRUE
"DM","Overlap20",1,"Mb-505_1","JKI","M. sacchariflorus",1,TRUE
"DM","Overlap20",1,"Mb-508","JKI","M. sacchariflorus",1,TRUE
"DM","Overlap20",1,"Mb-526_13","JKI","M. sinensis",1,TRUE
"DM","Overlap20",1,"Mb-527_1","JKI","M. sinensis",1,TRUE
"DM","Overlap20",1,"Mb-533_1","JKI","M. sinensis",1,TRUE
"DM","Overlap20",1,"Mb-539_1","JKI","M. sinensis",0,TRUE
"DM","Overlap20",1,"Mb-585_1","JKI","M. sinensis",0,TRUE
"DM","Overlap20",1,"Mb-628_1","JKI","M. sacchariflorus",1,TRUE
"DM","Overlap20",1,"Mb-70","JKI","M. sinensis",0,TRUE
"DM","Overlap20",1,"Mb-72","JKI","M. x gig",0,TRUE
"DM","Overlap20",1,"Mb-74","JKI","M. sinensis",1,TRUE
"DM","Overlap20",1,"Mb-76","JKI","M. sacchariflorus",1,TRUE
"DM","Overlap20",1,"Mb-770_18","JKI","M. sacchariflorus",0,TRUE
"DM","Overlap20",1,"Mb-779_14","JKI","M. sacchariflorus",1,TRUE
"DM","Overlap20",1,"Mb-787_13","JKI","M. sacchariflorus",1,TRUE
"DM","Overlap20",1,"Mb-810_11","JKI","M. sacchariflorus",1,TRUE
"DM","Overlap20",1,"Mb-819_19","JKI","M. sacchariflorus",0,TRUE
"DM","Overlap20",1,"Mb-851_1","JKI","M. sinensis",1,TRUE
"DM","Overlap20",1,"Mb-86","JKI","M. sinensis",1,TRUE
"DM","Overlap20",1,"Mb-884_1","JKI","M. sacchariflorus",1,TRUE
"DM","Overlap20",1,"Mb-893_11","JKI","M. sinensis",1,TRUE
"DM","Overlap20",1,"Mb-9","JKI","M. sinensis",0,TRUE
"DM","Overlap20",1,"Mb-910_11","JKI","M. sinensis",1,TRUE
"DM","Overlap20",1,"Mb-913_17","JKI","M. sacchariflorus",1,TRUE
"DM","Overlap20",1,"Mb-914_13","JKI","M. sinensis",1,TRUE
"DM","Overlap20",1,"Mb-928_18","JKI","M. sinensis",1,TRUE
"DM","Overlap20",1,"Mb-930","JKI","M. sinensis",1,TRUE
"DM","Overlap20",1,"Mb-931_12","JKI","M. sinensis",0,TRUE
"DM","Overlap20",1,"Mb-933_11","JKI","M. sinensis",1,TRUE
"DM","Overlap20",1,"Mb-935_13","JKI","M. sinensis",1,TRUE
"DM","Overlap20",1,"Mb-94","JKI","M. sacchariflorus",0,TRUE
"DM","Overlap20",1,"Mb-956_19","JKI","M. sacchariflorus",1,TRUE
"DM","Overlap20",1,"Mb-958_19","JKI","M. sacchariflorus",0,TRUE
"DM","Overlap20",1,"Mb-960_20","JKI","M. sinensis",1,TRUE
"DM","Overlap20",1,"Mb-961_16","JKI","M. sacchariflorus",1,TRUE
"DM","Overlap20",1,"Mb-965_15","JKI","M. sacchariflorus",1,TRUE
"DM","Overlap20",1,"Mb-969_18","JKI","M. sacchariflorus",1,TRUE
"DM","Overlap20",1,"Mb-974_19","JKI","M. sinensis",1,TRUE
"DM","Overlap20",1,"Mb-99","JKI","M. sinensis",1,TRUE
"DM","Overlap20",1,"Mx-1548_12","JKI","M. x gig",1,TRUE
"DM","Overlap20",1,"Mx-1915_12","JKI","M. x gig",1,TRUE
"DM","Overlap20",1,"Mx-1932_13","JKI","M. x gig",1,TRUE
"DM","Overlap20",1,"Mx-1933_11","JKI","M. x gig",1,TRUE
"DM","Overlap20",1,"Mx-1956_15","JKI","M. x gig",1,TRUE
"DM","Overlap20",1,"Mx-2446_1","JKI","M. x gig",1,TRUE
"DM","Overlap20",1,"Mx-2470_5","JKI","M. sacchariflorus",1,TRUE
"DM","Overlap20",1,"Mx-437_90","JKI","M. x gig",1,TRUE
"DM","Overlap20",2,"Mb-102","ABR33","M. sinensis",1,TRUE
"DM","Overlap20",2,"Mb-1037_52","ABR33","M. sacchariflorus",1,TRUE
"DM","Overlap20",2,"Mb-104","ABR33","M. x gig",1,TRUE
"DM","Overlap20",2,"Mb-1040_17","ABR33","M. sacchariflorus",1,TRUE
"DM","Overlap20",2,"Mb-1043_32","ABR33","M. sacchariflorus",1,TRUE
"DM","Overlap20",2,"Mb-1044_50","ABR33","M. sacchariflorus",0,TRUE
"DM","Overlap20",2,"Mb-1056_31","ABR33","M. sacchariflorus",1,TRUE
"DM","Overlap20",2,"Mb-1067_18","ABR33","M. sacchariflorus",1,TRUE
"DM","Overlap20",2,"Mb-1086_54","ABR33","M. x gig",1,TRUE
"DM","Overlap20",2,"Mb-109","ABR33","M. sinensis",1,TRUE
"DM","Overlap20",2,"Mb-110","ABR33","M. sinensis",0,TRUE
"DM","Overlap20",2,"Mb-111","ABR33","M. sinensis",0,TRUE
"DM","Overlap20",2,"Mb-113","ABR33","M. sinensis",1,TRUE
"DM","Overlap20",2,"Mb-1130_51","ABR33","M. x gig",0,TRUE
"DM","Overlap20",2,"Mb-1132_52","ABR33","M. x gig",1,TRUE
"DM","Overlap20",2,"Mb-1139_19","ABR33","M. sinensis",1,TRUE
"DM","Overlap20",2,"Mb-1147_12","ABR33","M. sinensis",1,TRUE
"DM","Overlap20",2,"Mb-115","ABR33","M. sinensis",0,TRUE
"DM","Overlap20",2,"Mb-1153_20","ABR33","M. sinensis",1,TRUE
"DM","Overlap20",2,"Mb-1155_33","ABR33","M. sacchariflorus",1,TRUE
"DM","Overlap20",2,"Mb-1156_13","ABR33","M. sinensis",1,TRUE
"DM","Overlap20",2,"Mb-1162_20","ABR33","M. sacchariflorus",1,TRUE
"DM","Overlap20",2,"Mb-1182_16","ABR33","M. sinensis",1,TRUE
"DM","Overlap20",2,"Mb-1205_12","ABR33","M. sinensis",1,TRUE
"DM","Overlap20",2,"Mb-1231_18","ABR33","M. sinensis",1,TRUE
"DM","Overlap20",2,"Mb-1238_1","ABR33","M. sinensis",0,TRUE
"DM","Overlap20",2,"Mb-1261_15","ABR33","M. sacchariflorus",1,TRUE
"DM","Overlap20",2,"Mb-1353_14","ABR33","M. sacchariflorus",0,TRUE
"DM","Overlap20",2,"Mb-14","ABR33","M. sinensis",1,TRUE
"DM","Overlap20",2,"Mb-140","ABR33","M. sacchariflorus",0,TRUE
"DM","Overlap20",2,"Mb-142","ABR33","M. sacchariflorus",1,TRUE
"DM","Overlap20",2,"Mb-144","ABR33","M. sacchariflorus",1,TRUE
"DM","Overlap20",2,"Mb-146","ABR33","M. sacchariflorus",1,TRUE
"DM","Overlap20",2,"Mb-147","ABR33","M. x gig",1,TRUE
"DM","Overlap20",2,"Mb-148","ABR33","M. x gig",0,TRUE
"DM","Overlap20",2,"Mb-1485_42","ABR33","M. x gig",1,TRUE
"DM","Overlap20",2,"Mb-1486_1","ABR33","M. x gig",1,TRUE
"DM","Overlap20",2,"Mb-149","ABR33","M. x gig",1,TRUE
"DM","Overlap20",2,"Mb-166","ABR33","M. sacchariflorus",1,TRUE
"DM","Overlap20",2,"Mb-167","ABR33","M. sinensis",1,TRUE
"DM","Overlap20",2,"Mb-177","ABR33","M. sacchariflorus",1,TRUE
"DM","Overlap20",2,"Mb-188","ABR33","M. x gig",1,TRUE
"DM","Overlap20",2,"Mb-2","ABR33","M. sinensis",1,TRUE
"DM","Overlap20",2,"Mb-221","ABR33","M. sinensis",1,TRUE
"DM","Overlap20",2,"Mb-226","ABR33","M. sacchariflorus",1,TRUE
"DM","Overlap20",2,"Mb-229","ABR33","M. sinensis",1,TRUE
"DM","Overlap20",2,"Mb-255","ABR33","M. sinensis",0,TRUE
"DM","Overlap20",2,"Mb-272","ABR33","M. sacchariflorus",1,TRUE
"DM","Overlap20",2,"Mb-297","ABR33","M. sacchariflorus",1,TRUE
"DM","Overlap20",2,"Mb-3","ABR33","M. sinensis",1,TRUE
"DM","Overlap20",2,"Mb-306","ABR33","M. sinensis",1,TRUE
"DM","Overlap20",2,"Mb-307","ABR33","M. x gig",1,TRUE
"DM","Overlap20",2,"Mb-308","ABR33","M. x gig",1,TRUE
"DM","Overlap20",2,"Mb-309","ABR33","M. x gig",1,TRUE
"DM","Overlap20",2,"Mb-31","ABR33","M. sinensis",1,TRUE
"DM","Overlap20",2,"Mb-310","ABR33","M. x gig",1,TRUE
"DM","Overlap20",2,"Mb-35","ABR33","M. sinensis",1,TRUE
"DM","Overlap20",2,"Mb-353","ABR33","M. sacchariflorus",1,TRUE
"DM","Overlap20",2,"Mb-37","ABR33","M. sinensis",1,TRUE
"DM","Overlap20",2,"Mb-383_1","ABR33","M. sacchariflorus",1,TRUE
"DM","Overlap20",2,"Mb-391","ABR33","M. sacchariflorus",0,TRUE
"DM","Overlap20",2,"Mb-393_1","ABR33","M. sacchariflorus",1,TRUE
"DM","Overlap20",2,"Mb-397","ABR33","M. sacchariflorus",0,TRUE
"DM","Overlap20",2,"Mb-399","ABR33","M. sacchariflorus",0,TRUE
"DM","Overlap20",2,"Mb-401","ABR33","M. sacchariflorus",0,TRUE
"DM","Overlap20",2,"Mb-411","ABR33","M. sacchariflorus",1,TRUE
"DM","Overlap20",2,"Mb-416","ABR33","M. sacchariflorus",1,TRUE
"DM","Overlap20",2,"Mb-425_1","ABR33","M. sacchariflorus",1,TRUE
"DM","Overlap20",2,"Mb-427_1","ABR33","M. sacchariflorus",1,TRUE
"DM","Overlap20",2,"Mb-431_1","ABR33","M. sacchariflorus",1,TRUE
"DM","Overlap20",2,"Mb-434_1","ABR33","M. sinensis",0,TRUE
"DM","Overlap20",2,"Mb-485_1","ABR33","M. sacchariflorus",1,TRUE
"DM","Overlap20",2,"Mb-486","ABR33","M. sacchariflorus",1,TRUE
"DM","Overlap20",2,"Mb-488_15","ABR33","M. sacchariflorus",0,TRUE
"DM","Overlap20",2,"Mb-490_10","ABR33","M. sacchariflorus",1,TRUE
"DM","Overlap20",2,"Mb-494_1","ABR33","M. sacchariflorus",1,TRUE
"DM","Overlap20",2,"Mb-498_1","ABR33","M. sacchariflorus",1,TRUE
"DM","Overlap20",2,"Mb-502_1","ABR33","M. sacchariflorus",1,TRUE
"DM","Overlap20",2,"Mb-505_1","ABR33","M. sacchariflorus",1,TRUE
"DM","Overlap20",2,"Mb-508","ABR33","M. sacchariflorus",0,TRUE
"DM","Overlap20",2,"Mb-526_13","ABR33","M. sinensis",1,TRUE
"DM","Overlap20",2,"Mb-527_1","ABR33","M. sinensis",1,TRUE
"DM","Overlap20",2,"Mb-533_1","ABR33","M. sinensis",1,TRUE
"DM","Overlap20",2,"Mb-539_1","ABR33","M. sinensis",1,TRUE
"DM","Overlap20",2,"Mb-585_1","ABR33","M. sinensis",1,TRUE
"DM","Overlap20",2,"Mb-628_1","ABR33","M. sacchariflorus",0,TRUE
"DM","Overlap20",2,"Mb-70","ABR33","M. sinensis",1,TRUE
"DM","Overlap20",2,"Mb-72","ABR33","M. x gig",1,TRUE
"DM","Overlap20",2,"Mb-74","ABR33","M. sinensis",1,TRUE
"DM","Overlap20",2,"Mb-76","ABR33","M. sacchariflorus",1,TRUE
"DM","Overlap20",2,"Mb-770_18","ABR33","M. sacchariflorus",1,TRUE
"DM","Overlap20",2,"Mb-779_14","ABR33","M. sacchariflorus",1,TRUE
"DM","Overlap20",2,"Mb-787_13","ABR33","M. sacchariflorus",1,TRUE
"DM","Overlap20",2,"Mb-810_11","ABR33","M. sacchariflorus",1,TRUE
"DM","Overlap20",2,"Mb-819_19","ABR33","M. sacchariflorus",1,TRUE
"DM","Overlap20",2,"Mb-851_1","ABR33","M. sinensis",1,TRUE
"DM","Overlap20",2,"Mb-86","ABR33","M. sinensis",0,TRUE
"DM","Overlap20",2,"Mb-884_1","ABR33","M. sacchariflorus",0,TRUE
"DM","Overlap20",2,"Mb-893_11","ABR33","M. sinensis",1,TRUE
"DM","Overlap20",2,"Mb-9","ABR33","M. sinensis",1,TRUE
"DM","Overlap20",2,"Mb-910_11","ABR33","M. sinensis",0,TRUE
"DM","Overlap20",2,"Mb-913_17","ABR33","M. sacchariflorus",1,TRUE
"DM","Overlap20",2,"Mb-914_13","ABR33","M. sinensis",1,TRUE
"DM","Overlap20",2,"Mb-928_18","ABR33","M. sinensis",1,TRUE
"DM","Overlap20",2,"Mb-930","ABR33","M. sinensis",0,TRUE
"DM","Overlap20",2,"Mb-931_12","ABR33","M. sinensis",0,TRUE
"DM","Overlap20",2,"Mb-933_11","ABR33","M. sinensis",1,TRUE
"DM","Overlap20",2,"Mb-935_13","ABR33","M. sinensis",1,TRUE
"DM","Overlap20",2,"Mb-94","ABR33","M. sacchariflorus",1,TRUE
"DM","Overlap20",2,"Mb-956_19","ABR33","M. sacchariflorus",1,TRUE
"DM","Overlap20",2,"Mb-958_19","ABR33","M. sacchariflorus",1,TRUE
"DM","Overlap20",2,"Mb-960_20","ABR33","M. sinensis",1,TRUE
"DM","Overlap20",2,"Mb-961_16","ABR33","M. sacchariflorus",1,TRUE
"DM","Overlap20",2,"Mb-965_15","ABR33","M. sacchariflorus",1,TRUE
"DM","Overlap20",2,"Mb-969_18","ABR33","M. sacchariflorus",1,TRUE
"DM","Overlap20",2,"Mb-974_19","ABR33","M. sinensis",0,TRUE
"DM","Overlap20",2,"Mb-99","ABR33","M. sinensis",1,TRUE
"DM","Overlap20",2,"Mx-1548_12","ABR33","M. x gig",1,TRUE
"DM","Overlap20",2,"Mx-1915_12","ABR33","M. x gig",1,TRUE
"DM","Overlap20",2,"Mx-1932_13","ABR33","M. x gig",1,TRUE
"DM","Overlap20",2,"Mx-1933_11","ABR33","M. x gig",1,TRUE
"DM","Overlap20",2,"Mx-1956_15","ABR33","M. x gig",0,TRUE
"DM","Overlap20",2,"Mx-2446_1","ABR33","M. x gig",1,TRUE
"DM","Overlap20",2,"Mx-2470_5","ABR33","M. sacchariflorus",1,TRUE
"DM","Overlap20",2,"Mx-437_90","ABR33","M. x gig",1,TRUE
"DM","Overlap20",2,"Mb-102","JKI","M. sinensis",1,TRUE
"DM","Overlap20",2,"Mb-1037_52","JKI","M. sacchariflorus",1,TRUE
"DM","Overlap20",2,"Mb-104","JKI","M. x gig",1,TRUE
"DM","Overlap20",2,"Mb-1040_17","JKI","M. sacchariflorus",1,TRUE
"DM","Overlap20",2,"Mb-1043_32","JKI","M. sacchariflorus",1,TRUE
"DM","Overlap20",2,"Mb-1044_50","JKI","M. sacchariflorus",0,TRUE
"DM","Overlap20",2,"Mb-1056_31","JKI","M. sacchariflorus",1,TRUE
"DM","Overlap20",2,"Mb-1067_18","JKI","M. sacchariflorus",1,TRUE
"DM","Overlap20",2,"Mb-1086_54","JKI","M. x gig",1,TRUE
"DM","Overlap20",2,"Mb-109","JKI","M. sinensis",1,TRUE
"DM","Overlap20",2,"Mb-110","JKI","M. sinensis",1,TRUE
"DM","Overlap20",2,"Mb-111","JKI","M. sinensis",0,TRUE
"DM","Overlap20",2,"Mb-113","JKI","M. sinensis",1,TRUE
"DM","Overlap20",2,"Mb-1130_51","JKI","M. x gig",0,TRUE
"DM","Overlap20",2,"Mb-1132_52","JKI","M. x gig",1,TRUE
"DM","Overlap20",2,"Mb-1139_19","JKI","M. sinensis",1,FALSE
"DM","Overlap20",2,"Mb-1147_12","JKI","M. sinensis",1,TRUE
"DM","Overlap20",2,"Mb-115","JKI","M. sinensis",0,TRUE
"DM","Overlap20",2,"Mb-1153_20","JKI","M. sinensis",1,TRUE
"DM","Overlap20",2,"Mb-1155_33","JKI","M. sacchariflorus",1,TRUE
"DM","Overlap20",2,"Mb-1156_13","JKI","M. sinensis",1,TRUE
"DM","Overlap20",2,"Mb-1162_20","JKI","M. sacchariflorus",1,TRUE
"DM","Overlap20",2,"Mb-1182_16","JKI","M. sinensis",0,TRUE
"DM","Overlap20",2,"Mb-1205_12","JKI","M. sinensis",1,TRUE
"DM","Overlap20",2,"Mb-1231_18","JKI","M. sinensis",1,TRUE
"DM","Overlap20",2,"Mb-1238_1","JKI","M. sinensis",0,TRUE
"DM","Overlap20",2,"Mb-1261_15","JKI","M. sacchariflorus",1,TRUE
"DM","Overlap20",2,"Mb-1353_14","JKI","M. sacchariflorus",1,TRUE
"DM","Overlap20",2,"Mb-14","JKI","M. sinensis",1,TRUE
"DM","Overlap20",2,"Mb-140","JKI","M. sacchariflorus",0,TRUE
"DM","Overlap20",2,"Mb-142","JKI","M. sacchariflorus",1,TRUE
"DM","Overlap20",2,"Mb-144","JKI","M. sacchariflorus",1,TRUE
"DM","Overlap20",2,"Mb-146","JKI","M. sacchariflorus",1,TRUE
"DM","Overlap20",2,"Mb-147","JKI","M. x gig",0,TRUE
"DM","Overlap20",2,"Mb-148","JKI","M. x gig",0,TRUE
"DM","Overlap20",2,"Mb-1485_42","JKI","M. x gig",1,TRUE
"DM","Overlap20",2,"Mb-1486_1","JKI","M. x gig",1,TRUE
"DM","Overlap20",2,"Mb-149","JKI","M. x gig",1,TRUE
"DM","Overlap20",2,"Mb-166","JKI","M. sacchariflorus",1,TRUE
"DM","Overlap20",2,"Mb-167","JKI","M. sinensis",1,TRUE
"DM","Overlap20",2,"Mb-177","JKI","M. sacchariflorus",1,TRUE
"DM","Overlap20",2,"Mb-188","JKI","M. x gig",1,TRUE
"DM","Overlap20",2,"Mb-2","JKI","M. sinensis",0,TRUE
"DM","Overlap20",2,"Mb-221","JKI","M. sinensis",1,TRUE
"DM","Overlap20",2,"Mb-226","JKI","M. sacchariflorus",1,TRUE
"DM","Overlap20",2,"Mb-229","JKI","M. sinensis",1,TRUE
"DM","Overlap20",2,"Mb-255","JKI","M. sinensis",0,TRUE
"DM","Overlap20",2,"Mb-272","JKI","M. sacchariflorus",1,TRUE
"DM","Overlap20",2,"Mb-297","JKI","M. sacchariflorus",1,TRUE
"DM","Overlap20",2,"Mb-3","JKI","M. sinensis",1,TRUE
"DM","Overlap20",2,"Mb-306","JKI","M. sinensis",1,TRUE
"DM","Overlap20",2,"Mb-307","JKI","M. x gig",1,TRUE
"DM","Overlap20",2,"Mb-308","JKI","M. x gig",1,TRUE
"DM","Overlap20",2,"Mb-309","JKI","M. x gig",1,TRUE
"DM","Overlap20",2,"Mb-31","JKI","M. sinensis",1,TRUE
"DM","Overlap20",2,"Mb-310","JKI","M. x gig",1,TRUE
"DM","Overlap20",2,"Mb-35","JKI","M. sinensis",1,TRUE
"DM","Overlap20",2,"Mb-353","JKI","M. sacchariflorus",1,TRUE
"DM","Overlap20",2,"Mb-37","JKI","M. sinensis",1,TRUE
"DM","Overlap20",2,"Mb-383_1","JKI","M. sacchariflorus",1,TRUE
"DM","Overlap20",2,"Mb-391","JKI","M. sacchariflorus",0,TRUE
"DM","Overlap20",2,"Mb-393_1","JKI","M. sacchariflorus",1,TRUE
"DM","Overlap20",2,"Mb-397","JKI","M. sacchariflorus",0,TRUE
"DM","Overlap20",2,"Mb-399","JKI","M. sacchariflorus",0,TRUE
"DM","Overlap20",2,"Mb-401","JKI","M. sacchariflorus",1,TRUE
"DM","Overlap20",2,"Mb-411","JKI","M. sacchariflorus",1,TRUE
"DM","Overlap20",2,"Mb-416","JKI","M. sacchariflorus",1,TRUE
"DM","Overlap20",2,"Mb-425_1","JKI","M. sacchariflorus",0,TRUE
"DM","Overlap20",2,"Mb-427_1","JKI","M. sacchariflorus",1,TRUE
"DM","Overlap20",2,"Mb-431_1","JKI","M. sacchariflorus",1,TRUE
"DM","Overlap20",2,"Mb-434_1","JKI","M. sinensis",0,TRUE
"DM","Overlap20",2,"Mb-485_1","JKI","M. sacchariflorus",1,TRUE
"DM","Overlap20",2,"Mb-486","JKI","M. sacchariflorus",1,TRUE
"DM","Overlap20",2,"Mb-488_15","JKI","M. sacchariflorus",0,TRUE
"DM","Overlap20",2,"Mb-490_10","JKI","M. sacchariflorus",1,TRUE
"DM","Overlap20",2,"Mb-494_1","JKI","M. sacchariflorus",1,TRUE
"DM","Overlap20",2,"Mb-498_1","JKI","M. sacchariflorus",1,TRUE
"DM","Overlap20",2,"Mb-502_1","JKI","M. sacchariflorus",1,TRUE
"DM","Overlap20",2,"Mb-505_1","JKI","M. sacchariflorus",1,TRUE
"DM","Overlap20",2,"Mb-508","JKI","M. sacchariflorus",1,TRUE
"DM","Overlap20",2,"Mb-526_13","JKI","M. sinensis",1,TRUE
"DM","Overlap20",2,"Mb-527_1","JKI","M. sinensis",1,TRUE
"DM","Overlap20",2,"Mb-533_1","JKI","M. sinensis",1,TRUE
"DM","Overlap20",2,"Mb-539_1","JKI","M. sinensis",1,TRUE
"DM","Overlap20",2,"Mb-585_1","JKI","M. sinensis",1,TRUE
"DM","Overlap20",2,"Mb-628_1","JKI","M. sacchariflorus",0,TRUE
"DM","Overlap20",2,"Mb-70","JKI","M. sinensis",1,TRUE
"DM","Overlap20",2,"Mb-72","JKI","M. x gig",1,TRUE
"DM","Overlap20",2,"Mb-74","JKI","M. sinensis",1,TRUE
"DM","Overlap20",2,"Mb-76","JKI","M. sacchariflorus",1,TRUE
"DM","Overlap20",2,"Mb-770_18","JKI","M. sacchariflorus",1,TRUE
"DM","Overlap20",2,"Mb-779_14","JKI","M. sacchariflorus",1,TRUE
"DM","Overlap20",2,"Mb-787_13","JKI","M. sacchariflorus",1,TRUE
"DM","Overlap20",2,"Mb-810_11","JKI","M. sacchariflorus",1,TRUE
"DM","Overlap20",2,"Mb-819_19","JKI","M. sacchariflorus",1,TRUE
"DM","Overlap20",2,"Mb-851_1","JKI","M. sinensis",0,TRUE
"DM","Overlap20",2,"Mb-86","JKI","M. sinensis",1,TRUE
"DM","Overlap20",2,"Mb-884_1","JKI","M. sacchariflorus",0,TRUE
"DM","Overlap20",2,"Mb-893_11","JKI","M. sinensis",1,TRUE
"DM","Overlap20",2,"Mb-9","JKI","M. sinensis",1,TRUE
"DM","Overlap20",2,"Mb-910_11","JKI","M. sinensis",0,TRUE
"DM","Overlap20",2,"Mb-913_17","JKI","M. sacchariflorus",1,TRUE
"DM","Overlap20",2,"Mb-914_13","JKI","M. sinensis",1,TRUE
"DM","Overlap20",2,"Mb-928_18","JKI","M. sinensis",1,TRUE
"DM","Overlap20",2,"Mb-930","JKI","M. sinensis",0,TRUE
"DM","Overlap20",2,"Mb-931_12","JKI","M. sinensis",0,TRUE
"DM","Overlap20",2,"Mb-933_11","JKI","M. sinensis",1,TRUE
"DM","Overlap20",2,"Mb-935_13","JKI","M. sinensis",1,TRUE
"DM","Overlap20",2,"Mb-94","JKI","M. sacchariflorus",1,TRUE
"DM","Overlap20",2,"Mb-956_19","JKI","M. sacchariflorus",1,TRUE
"DM","Overlap20",2,"Mb-958_19","JKI","M. sacchariflorus",1,TRUE
"DM","Overlap20",2,"Mb-960_20","JKI","M. sinensis",1,TRUE
"DM","Overlap20",2,"Mb-961_16","JKI","M. sacchariflorus",1,TRUE
"DM","Overlap20",2,"Mb-965_15","JKI","M. sacchariflorus",1,TRUE
"DM","Overlap20",2,"Mb-969_18","JKI","M. sacchariflorus",1,TRUE
"DM","Overlap20",2,"Mb-974_19","JKI","M. sinensis",0,TRUE
"DM","Overlap20",2,"Mb-99","JKI","M. sinensis",1,TRUE
"DM","Overlap20",2,"Mx-1548_12","JKI","M. x gig",1,TRUE
"DM","Overlap20",2,"Mx-1915_12","JKI","M. x gig",1,TRUE
"DM","Overlap20",2,"Mx-1932_13","JKI","M. x gig",1,TRUE
"DM","Overlap20",2,"Mx-1933_11","JKI","M. x gig",1,TRUE
"DM","Overlap20",2,"Mx-1956_15","JKI","M. x gig",0,TRUE
"DM","Overlap20",2,"Mx-2446_1","JKI","M. x gig",1,TRUE
"DM","Overlap20",2,"Mx-2470_5","JKI","M. sacchariflorus",1,TRUE
"DM","Overlap20",2,"Mx-437_90","JKI","M. x gig",1,TRUE
"DM","Overlap20",3,"Mb-102","ABR33","M. sinensis",1,TRUE
"DM","Overlap20",3,"Mb-1037_52","ABR33","M. sacchariflorus",0,TRUE
"DM","Overlap20",3,"Mb-104","ABR33","M. x gig",1,TRUE
"DM","Overlap20",3,"Mb-1040_17","ABR33","M. sacchariflorus",1,TRUE
"DM","Overlap20",3,"Mb-1043_32","ABR33","M. sacchariflorus",1,TRUE
"DM","Overlap20",3,"Mb-1044_50","ABR33","M. sacchariflorus",0,TRUE
"DM","Overlap20",3,"Mb-1056_31","ABR33","M. sacchariflorus",0,TRUE
"DM","Overlap20",3,"Mb-1067_18","ABR33","M. sacchariflorus",1,TRUE
"DM","Overlap20",3,"Mb-1086_54","ABR33","M. x gig",0,TRUE
"DM","Overlap20",3,"Mb-109","ABR33","M. sinensis",1,TRUE
"DM","Overlap20",3,"Mb-110","ABR33","M. sinensis",1,TRUE
"DM","Overlap20",3,"Mb-111","ABR33","M. sinensis",1,TRUE
"DM","Overlap20",3,"Mb-113","ABR33","M. sinensis",1,TRUE
"DM","Overlap20",3,"Mb-1130_51","ABR33","M. x gig",1,TRUE
"DM","Overlap20",3,"Mb-1132_52","ABR33","M. x gig",1,TRUE
"DM","Overlap20",3,"Mb-1139_19","ABR33","M. sinensis",1,TRUE
"DM","Overlap20",3,"Mb-1147_12","ABR33","M. sinensis",1,TRUE
"DM","Overlap20",3,"Mb-115","ABR33","M. sinensis",1,TRUE
"DM","Overlap20",3,"Mb-1153_20","ABR33","M. sinensis",0,TRUE
"DM","Overlap20",3,"Mb-1155_33","ABR33","M. sacchariflorus",0,TRUE
"DM","Overlap20",3,"Mb-1156_13","ABR33","M. sinensis",1,TRUE
"DM","Overlap20",3,"Mb-1162_20","ABR33","M. sacchariflorus",1,TRUE
"DM","Overlap20",3,"Mb-1182_16","ABR33","M. sinensis",1,TRUE
"DM","Overlap20",3,"Mb-1205_12","ABR33","M. sinensis",1,TRUE
"DM","Overlap20",3,"Mb-1231_18","ABR33","M. sinensis",1,TRUE
"DM","Overlap20",3,"Mb-1238_1","ABR33","M. sinensis",1,TRUE
"DM","Overlap20",3,"Mb-1261_15","ABR33","M. sacchariflorus",1,TRUE
"DM","Overlap20",3,"Mb-1353_14","ABR33","M. sacchariflorus",0,TRUE
"DM","Overlap20",3,"Mb-14","ABR33","M. sinensis",1,TRUE
"DM","Overlap20",3,"Mb-140","ABR33","M. sacchariflorus",1,TRUE
"DM","Overlap20",3,"Mb-142","ABR33","M. sacchariflorus",1,TRUE
"DM","Overlap20",3,"Mb-144","ABR33","M. sacchariflorus",0,TRUE
"DM","Overlap20",3,"Mb-146","ABR33","M. sacchariflorus",1,TRUE
"DM","Overlap20",3,"Mb-147","ABR33","M. x gig",1,TRUE
"DM","Overlap20",3,"Mb-148","ABR33","M. x gig",1,TRUE
"DM","Overlap20",3,"Mb-1485_42","ABR33","M. x gig",0,TRUE
"DM","Overlap20",3,"Mb-1486_1","ABR33","M. x gig",1,TRUE
"DM","Overlap20",3,"Mb-149","ABR33","M. x gig",1,TRUE
"DM","Overlap20",3,"Mb-166","ABR33","M. sacchariflorus",1,TRUE
"DM","Overlap20",3,"Mb-167","ABR33","M. sinensis",1,TRUE
"DM","Overlap20",3,"Mb-177","ABR33","M. sacchariflorus",1,TRUE
"DM","Overlap20",3,"Mb-188","ABR33","M. x gig",1,TRUE
"DM","Overlap20",3,"Mb-2","ABR33","M. sinensis",1,TRUE
"DM","Overlap20",3,"Mb-221","ABR33","M. sinensis",1,TRUE
"DM","Overlap20",3,"Mb-226","ABR33","M. sacchariflorus",1,TRUE
"DM","Overlap20",3,"Mb-229","ABR33","M. sinensis",1,TRUE
"DM","Overlap20",3,"Mb-255","ABR33","M. sinensis",1,TRUE
"DM","Overlap20",3,"Mb-272","ABR33","M. sacchariflorus",1,TRUE
"DM","Overlap20",3,"Mb-297","ABR33","M. sacchariflorus",1,TRUE
"DM","Overlap20",3,"Mb-3","ABR33","M. sinensis",1,TRUE
"DM","Overlap20",3,"Mb-306","ABR33","M. sinensis",1,TRUE
"DM","Overlap20",3,"Mb-307","ABR33","M. x gig",1,TRUE
"DM","Overlap20",3,"Mb-308","ABR33","M. x gig",1,TRUE
"DM","Overlap20",3,"Mb-309","ABR33","M. x gig",0,TRUE
"DM","Overlap20",3,"Mb-31","ABR33","M. sinensis",1,TRUE
"DM","Overlap20",3,"Mb-310","ABR33","M. x gig",0,TRUE
"DM","Overlap20",3,"Mb-35","ABR33","M. sinensis",1,TRUE
"DM","Overlap20",3,"Mb-353","ABR33","M. sacchariflorus",1,TRUE
"DM","Overlap20",3,"Mb-37","ABR33","M. sinensis",1,TRUE
"DM","Overlap20",3,"Mb-383_1","ABR33","M. sacchariflorus",1,TRUE
"DM","Overlap20",3,"Mb-391","ABR33","M. sacchariflorus",1,TRUE
"DM","Overlap20",3,"Mb-393_1","ABR33","M. sacchariflorus",1,TRUE
"DM","Overlap20",3,"Mb-397","ABR33","M. sacchariflorus",1,TRUE
"DM","Overlap20",3,"Mb-399","ABR33","M. sacchariflorus",1,TRUE
"DM","Overlap20",3,"Mb-401","ABR33","M. sacchariflorus",1,TRUE
"DM","Overlap20",3,"Mb-411","ABR33","M. sacchariflorus",0,TRUE
"DM","Overlap20",3,"Mb-416","ABR33","M. sacchariflorus",1,TRUE
"DM","Overlap20",3,"Mb-425_1","ABR33","M. sacchariflorus",1,TRUE
"DM","Overlap20",3,"Mb-427_1","ABR33","M. sacchariflorus",0,TRUE
"DM","Overlap20",3,"Mb-431_1","ABR33","M. sacchariflorus",0,TRUE
"DM","Overlap20",3,"Mb-434_1","ABR33","M. sinensis",1,TRUE
"DM","Overlap20",3,"Mb-485_1","ABR33","M. sacchariflorus",1,TRUE
"DM","Overlap20",3,"Mb-486","ABR33","M. sacchariflorus",1,TRUE
"DM","Overlap20",3,"Mb-488_15","ABR33","M. sacchariflorus",1,TRUE
"DM","Overlap20",3,"Mb-490_10","ABR33","M. sacchariflorus",0,TRUE
"DM","Overlap20",3,"Mb-494_1","ABR33","M. sacchariflorus",1,TRUE
"DM","Overlap20",3,"Mb-498_1","ABR33","M. sacchariflorus",1,TRUE
"DM","Overlap20",3,"Mb-502_1","ABR33","M. sacchariflorus",1,TRUE
"DM","Overlap20",3,"Mb-505_1","ABR33","M. sacchariflorus",1,TRUE
"DM","Overlap20",3,"Mb-508","ABR33","M. sacchariflorus",1,TRUE
"DM","Overlap20",3,"Mb-526_13","ABR33","M. sinensis",1,TRUE
"DM","Overlap20",3,"Mb-527_1","ABR33","M. sinensis",0,TRUE
"DM","Overlap20",3,"Mb-533_1","ABR33","M. sinensis",1,TRUE
"DM","Overlap20",3,"Mb-539_1","ABR33","M. sinensis",1,TRUE
"DM","Overlap20",3,"Mb-585_1","ABR33","M. sinensis",1,TRUE
"DM","Overlap20",3,"Mb-628_1","ABR33","M. sacchariflorus",1,TRUE
"DM","Overlap20",3,"Mb-70","ABR33","M. sinensis",1,TRUE
"DM","Overlap20",3,"Mb-72","ABR33","M. x gig",0,TRUE
"DM","Overlap20",3,"Mb-74","ABR33","M. sinensis",1,TRUE
"DM","Overlap20",3,"Mb-76","ABR33","M. sacchariflorus",1,TRUE
"DM","Overlap20",3,"Mb-770_18","ABR33","M. sacchariflorus",1,TRUE
"DM","Overlap20",3,"Mb-779_14","ABR33","M. sacchariflorus",0,TRUE
"DM","Overlap20",3,"Mb-787_13","ABR33","M. sacchariflorus",1,TRUE
"DM","Overlap20",3,"Mb-810_11","ABR33","M. sacchariflorus",1,TRUE
"DM","Overlap20",3,"Mb-819_19","ABR33","M. sacchariflorus",1,TRUE
"DM","Overlap20",3,"Mb-851_1","ABR33","M. sinensis",0,TRUE
"DM","Overlap20",3,"Mb-86","ABR33","M. sinensis",0,TRUE
"DM","Overlap20",3,"Mb-884_1","ABR33","M. sacchariflorus",1,TRUE
"DM","Overlap20",3,"Mb-893_11","ABR33","M. sinensis",1,TRUE
"DM","Overlap20",3,"Mb-9","ABR33","M. sinensis",1,TRUE
"DM","Overlap20",3,"Mb-910_11","ABR33","M. sinensis",1,TRUE
"DM","Overlap20",3,"Mb-913_17","ABR33","M. sacchariflorus",1,TRUE
"DM","Overlap20",3,"Mb-914_13","ABR33","M. sinensis",0,TRUE
"DM","Overlap20",3,"Mb-928_18","ABR33","M. sinensis",0,TRUE
"DM","Overlap20",3,"Mb-930","ABR33","M. sinensis",0,TRUE
"DM","Overlap20",3,"Mb-931_12","ABR33","M. sinensis",1,TRUE
"DM","Overlap20",3,"Mb-933_11","ABR33","M. sinensis",0,TRUE
"DM","Overlap20",3,"Mb-935_13","ABR33","M. sinensis",1,TRUE
"DM","Overlap20",3,"Mb-94","ABR33","M. sacchariflorus",1,TRUE
"DM","Overlap20",3,"Mb-956_19","ABR33","M. sacchariflorus",1,TRUE
"DM","Overlap20",3,"Mb-958_19","ABR33","M. sacchariflorus",1,TRUE
"DM","Overlap20",3,"Mb-960_20","ABR33","M. sinensis",1,TRUE
"DM","Overlap20",3,"Mb-961_16","ABR33","M. sacchariflorus",1,TRUE
"DM","Overlap20",3,"Mb-965_15","ABR33","M. sacchariflorus",1,TRUE
"DM","Overlap20",3,"Mb-969_18","ABR33","M. sacchariflorus",1,TRUE
"DM","Overlap20",3,"Mb-974_19","ABR33","M. sinensis",1,TRUE
"DM","Overlap20",3,"Mb-99","ABR33","M. sinensis",1,TRUE
"DM","Overlap20",3,"Mx-1548_12","ABR33","M. x gig",1,TRUE
"DM","Overlap20",3,"Mx-1915_12","ABR33","M. x gig",0,TRUE
"DM","Overlap20",3,"Mx-1932_13","ABR33","M. x gig",1,TRUE
"DM","Overlap20",3,"Mx-1933_11","ABR33","M. x gig",1,TRUE
"DM","Overlap20",3,"Mx-1956_15","ABR33","M. x gig",1,TRUE
"DM","Overlap20",3,"Mx-2446_1","ABR33","M. x gig",1,TRUE
"DM","Overlap20",3,"Mx-2470_5","ABR33","M. sacchariflorus",1,TRUE
"DM","Overlap20",3,"Mx-437_90","ABR33","M. x gig",1,TRUE
"DM","Overlap20",3,"Mb-102","JKI","M. sinensis",1,TRUE
"DM","Overlap20",3,"Mb-1037_52","JKI","M. sacchariflorus",0,TRUE
"DM","Overlap20",3,"Mb-104","JKI","M. x gig",1,TRUE
"DM","Overlap20",3,"Mb-1040_17","JKI","M. sacchariflorus",1,TRUE
"DM","Overlap20",3,"Mb-1043_32","JKI","M. sacchariflorus",0,TRUE
"DM","Overlap20",3,"Mb-1044_50","JKI","M. sacchariflorus",0,TRUE
"DM","Overlap20",3,"Mb-1056_31","JKI","M. sacchariflorus",0,TRUE
"DM","Overlap20",3,"Mb-1067_18","JKI","M. sacchariflorus",1,TRUE
"DM","Overlap20",3,"Mb-1086_54","JKI","M. x gig",0,TRUE
"DM","Overlap20",3,"Mb-109","JKI","M. sinensis",1,TRUE
"DM","Overlap20",3,"Mb-110","JKI","M. sinensis",1,TRUE
"DM","Overlap20",3,"Mb-111","JKI","M. sinensis",1,TRUE
"DM","Overlap20",3,"Mb-113","JKI","M. sinensis",1,TRUE
"DM","Overlap20",3,"Mb-1130_51","JKI","M. x gig",1,TRUE
"DM","Overlap20",3,"Mb-1132_52","JKI","M. x gig",1,TRUE
"DM","Overlap20",3,"Mb-1139_19","JKI","M. sinensis",1,FALSE
"DM","Overlap20",3,"Mb-1147_12","JKI","M. sinensis",1,TRUE
"DM","Overlap20",3,"Mb-115","JKI","M. sinensis",1,TRUE
"DM","Overlap20",3,"Mb-1153_20","JKI","M. sinensis",0,TRUE
"DM","Overlap20",3,"Mb-1155_33","JKI","M. sacchariflorus",1,TRUE
"DM","Overlap20",3,"Mb-1156_13","JKI","M. sinensis",1,TRUE
"DM","Overlap20",3,"Mb-1162_20","JKI","M. sacchariflorus",1,TRUE
"DM","Overlap20",3,"Mb-1182_16","JKI","M. sinensis",1,TRUE
"DM","Overlap20",3,"Mb-1205_12","JKI","M. sinensis",1,TRUE
"DM","Overlap20",3,"Mb-1231_18","JKI","M. sinensis",1,TRUE
"DM","Overlap20",3,"Mb-1238_1","JKI","M. sinensis",1,TRUE
"DM","Overlap20",3,"Mb-1261_15","JKI","M. sacchariflorus",1,TRUE
"DM","Overlap20",3,"Mb-1353_14","JKI","M. sacchariflorus",0,TRUE
"DM","Overlap20",3,"Mb-14","JKI","M. sinensis",1,TRUE
"DM","Overlap20",3,"Mb-140","JKI","M. sacchariflorus",1,TRUE
"DM","Overlap20",3,"Mb-142","JKI","M. sacchariflorus",1,TRUE
"DM","Overlap20",3,"Mb-144","JKI","M. sacchariflorus",0,TRUE
"DM","Overlap20",3,"Mb-146","JKI","M. sacchariflorus",1,TRUE
"DM","Overlap20",3,"Mb-147","JKI","M. x gig",1,TRUE
"DM","Overlap20",3,"Mb-148","JKI","M. x gig",1,TRUE
"DM","Overlap20",3,"Mb-1485_42","JKI","M. x gig",0,TRUE
"DM","Overlap20",3,"Mb-1486_1","JKI","M. x gig",1,TRUE
"DM","Overlap20",3,"Mb-149","JKI","M. x gig",1,TRUE
"DM","Overlap20",3,"Mb-166","JKI","M. sacchariflorus",1,TRUE
"DM","Overlap20",3,"Mb-167","JKI","M. sinensis",1,TRUE
"DM","Overlap20",3,"Mb-177","JKI","M. sacchariflorus",1,TRUE
"DM","Overlap20",3,"Mb-188","JKI","M. x gig",1,TRUE
"DM","Overlap20",3,"Mb-2","JKI","M. sinensis",1,TRUE
"DM","Overlap20",3,"Mb-221","JKI","M. sinensis",1,TRUE
"DM","Overlap20",3,"Mb-226","JKI","M. sacchariflorus",1,TRUE
"DM","Overlap20",3,"Mb-229","JKI","M. sinensis",1,TRUE
"DM","Overlap20",3,"Mb-255","JKI","M. sinensis",1,TRUE
"DM","Overlap20",3,"Mb-272","JKI","M. sacchariflorus",1,TRUE
"DM","Overlap20",3,"Mb-297","JKI","M. sacchariflorus",1,TRUE
"DM","Overlap20",3,"Mb-3","JKI","M. sinensis",1,TRUE
"DM","Overlap20",3,"Mb-306","JKI","M. sinensis",1,TRUE
"DM","Overlap20",3,"Mb-307","JKI","M. x gig",1,TRUE
"DM","Overlap20",3,"Mb-308","JKI","M. x gig",1,TRUE
"DM","Overlap20",3,"Mb-309","JKI","M. x gig",0,TRUE
"DM","Overlap20",3,"Mb-31","JKI","M. sinensis",1,TRUE
"DM","Overlap20",3,"Mb-310","JKI","M. x gig",0,TRUE
"DM","Overlap20",3,"Mb-35","JKI","M. sinensis",1,TRUE
"DM","Overlap20",3,"Mb-353","JKI","M. sacchariflorus",0,TRUE
"DM","Overlap20",3,"Mb-37","JKI","M. sinensis",1,TRUE
"DM","Overlap20",3,"Mb-383_1","JKI","M. sacchariflorus",1,TRUE
"DM","Overlap20",3,"Mb-391","JKI","M. sacchariflorus",1,TRUE
"DM","Overlap20",3,"Mb-393_1","JKI","M. sacchariflorus",1,TRUE
"DM","Overlap20",3,"Mb-397","JKI","M. sacchariflorus",1,TRUE
"DM","Overlap20",3,"Mb-399","JKI","M. sacchariflorus",1,TRUE
"DM","Overlap20",3,"Mb-401","JKI","M. sacchariflorus",1,TRUE
"DM","Overlap20",3,"Mb-411","JKI","M. sacchariflorus",0,TRUE
"DM","Overlap20",3,"Mb-416","JKI","M. sacchariflorus",1,TRUE
"DM","Overlap20",3,"Mb-425_1","JKI","M. sacchariflorus",1,TRUE
"DM","Overlap20",3,"Mb-427_1","JKI","M. sacchariflorus",0,TRUE
"DM","Overlap20",3,"Mb-431_1","JKI","M. sacchariflorus",1,TRUE
"DM","Overlap20",3,"Mb-434_1","JKI","M. sinensis",0,TRUE
"DM","Overlap20",3,"Mb-485_1","JKI","M. sacchariflorus",1,TRUE
"DM","Overlap20",3,"Mb-486","JKI","M. sacchariflorus",1,TRUE
"DM","Overlap20",3,"Mb-488_15","JKI","M. sacchariflorus",1,TRUE
"DM","Overlap20",3,"Mb-490_10","JKI","M. sacchariflorus",1,TRUE
"DM","Overlap20",3,"Mb-494_1","JKI","M. sacchariflorus",1,TRUE
"DM","Overlap20",3,"Mb-498_1","JKI","M. sacchariflorus",1,TRUE
"DM","Overlap20",3,"Mb-502_1","JKI","M. sacchariflorus",1,TRUE
"DM","Overlap20",3,"Mb-505_1","JKI","M. sacchariflorus",1,TRUE
"DM","Overlap20",3,"Mb-508","JKI","M. sacchariflorus",1,TRUE
"DM","Overlap20",3,"Mb-526_13","JKI","M. sinensis",1,TRUE
"DM","Overlap20",3,"Mb-527_1","JKI","M. sinensis",0,TRUE
"DM","Overlap20",3,"Mb-533_1","JKI","M. sinensis",1,TRUE
"DM","Overlap20",3,"Mb-539_1","JKI","M. sinensis",1,TRUE
"DM","Overlap20",3,"Mb-585_1","JKI","M. sinensis",1,TRUE
"DM","Overlap20",3,"Mb-628_1","JKI","M. sacchariflorus",1,TRUE
"DM","Overlap20",3,"Mb-70","JKI","M. sinensis",1,TRUE
"DM","Overlap20",3,"Mb-72","JKI","M. x gig",0,TRUE
"DM","Overlap20",3,"Mb-74","JKI","M. sinensis",1,TRUE
"DM","Overlap20",3,"Mb-76","JKI","M. sacchariflorus",1,TRUE
"DM","Overlap20",3,"Mb-770_18","JKI","M. sacchariflorus",0,TRUE
"DM","Overlap20",3,"Mb-779_14","JKI","M. sacchariflorus",0,TRUE
"DM","Overlap20",3,"Mb-787_13","JKI","M. sacchariflorus",1,TRUE
"DM","Overlap20",3,"Mb-810_11","JKI","M. sacchariflorus",1,TRUE
"DM","Overlap20",3,"Mb-819_19","JKI","M. sacchariflorus",1,TRUE
"DM","Overlap20",3,"Mb-851_1","JKI","M. sinensis",1,TRUE
"DM","Overlap20",3,"Mb-86","JKI","M. sinensis",0,TRUE
"DM","Overlap20",3,"Mb-884_1","JKI","M. sacchariflorus",1,TRUE
"DM","Overlap20",3,"Mb-893_11","JKI","M. sinensis",1,TRUE
"DM","Overlap20",3,"Mb-9","JKI","M. sinensis",1,TRUE
"DM","Overlap20",3,"Mb-910_11","JKI","M. sinensis",1,TRUE
"DM","Overlap20",3,"Mb-913_17","JKI","M. sacchariflorus",1,TRUE
"DM","Overlap20",3,"Mb-914_13","JKI","M. sinensis",0,TRUE
"DM","Overlap20",3,"Mb-928_18","JKI","M. sinensis",0,TRUE
"DM","Overlap20",3,"Mb-930","JKI","M. sinensis",1,TRUE
"DM","Overlap20",3,"Mb-931_12","JKI","M. sinensis",1,TRUE
"DM","Overlap20",3,"Mb-933_11","JKI","M. sinensis",0,TRUE
"DM","Overlap20",3,"Mb-935_13","JKI","M. sinensis",1,TRUE
"DM","Overlap20",3,"Mb-94","JKI","M. sacchariflorus",1,TRUE
"DM","Overlap20",3,"Mb-956_19","JKI","M. sacchariflorus",1,TRUE
"DM","Overlap20",3,"Mb-958_19","JKI","M. sacchariflorus",1,TRUE
"DM","Overlap20",3,"Mb-960_20","JKI","M. sinensis",1,TRUE
"DM","Overlap20",3,"Mb-961_16","JKI","M. sacchariflorus",1,TRUE
"DM","Overlap20",3,"Mb-965_15","JKI","M. sacchariflorus",1,TRUE
"DM","Overlap20",3,"Mb-969_18","JKI","M. sacchariflorus",0,TRUE
"DM","Overlap20",3,"Mb-974_19","JKI","M. sinensis",1,TRUE
"DM","Overlap20",3,"Mb-99","JKI","M. sinensis",1,TRUE
"DM","Overlap20",3,"Mx-1548_12","JKI","M. x gig",1,TRUE
"DM","Overlap20",3,"Mx-1915_12","JKI","M. x gig",0,TRUE
"DM","Overlap20",3,"Mx-1932_13","JKI","M. x gig",1,TRUE
"DM","Overlap20",3,"Mx-1933_11","JKI","M. x gig",1,TRUE
"DM","Overlap20",3,"Mx-1956_15","JKI","M. x gig",1,TRUE
"DM","Overlap20",3,"Mx-2446_1","JKI","M. x gig",1,TRUE
"DM","Overlap20",3,"Mx-2470_5","JKI","M. sacchariflorus",1,TRUE
"DM","Overlap20",3,"Mx-437_90","JKI","M. x gig",1,TRUE
"DM","Overlap20",4,"Mb-102","ABR33","M. sinensis",1,TRUE
"DM","Overlap20",4,"Mb-1037_52","ABR33","M. sacchariflorus",0,TRUE
"DM","Overlap20",4,"Mb-104","ABR33","M. x gig",1,TRUE
"DM","Overlap20",4,"Mb-1040_17","ABR33","M. sacchariflorus",0,TRUE
"DM","Overlap20",4,"Mb-1043_32","ABR33","M. sacchariflorus",1,TRUE
"DM","Overlap20",4,"Mb-1044_50","ABR33","M. sacchariflorus",1,TRUE
"DM","Overlap20",4,"Mb-1056_31","ABR33","M. sacchariflorus",1,TRUE
"DM","Overlap20",4,"Mb-1067_18","ABR33","M. sacchariflorus",1,TRUE
"DM","Overlap20",4,"Mb-1086_54","ABR33","M. x gig",1,TRUE
"DM","Overlap20",4,"Mb-109","ABR33","M. sinensis",0,TRUE
"DM","Overlap20",4,"Mb-110","ABR33","M. sinensis",1,TRUE
"DM","Overlap20",4,"Mb-111","ABR33","M. sinensis",0,TRUE
"DM","Overlap20",4,"Mb-113","ABR33","M. sinensis",1,TRUE
"DM","Overlap20",4,"Mb-1130_51","ABR33","M. x gig",1,TRUE
"DM","Overlap20",4,"Mb-1132_52","ABR33","M. x gig",1,TRUE
"DM","Overlap20",4,"Mb-1139_19","ABR33","M. sinensis",1,TRUE
"DM","Overlap20",4,"Mb-1147_12","ABR33","M. sinensis",1,TRUE
"DM","Overlap20",4,"Mb-115","ABR33","M. sinensis",1,TRUE
"DM","Overlap20",4,"Mb-1153_20","ABR33","M. sinensis",1,TRUE
"DM","Overlap20",4,"Mb-1155_33","ABR33","M. sacchariflorus",0,TRUE
"DM","Overlap20",4,"Mb-1156_13","ABR33","M. sinensis",1,TRUE
"DM","Overlap20",4,"Mb-1162_20","ABR33","M. sacchariflorus",1,TRUE
"DM","Overlap20",4,"Mb-1182_16","ABR33","M. sinensis",1,TRUE
"DM","Overlap20",4,"Mb-1205_12","ABR33","M. sinensis",0,TRUE
"DM","Overlap20",4,"Mb-1231_18","ABR33","M. sinensis",1,TRUE
"DM","Overlap20",4,"Mb-1238_1","ABR33","M. sinensis",1,TRUE
"DM","Overlap20",4,"Mb-1261_15","ABR33","M. sacchariflorus",1,TRUE
"DM","Overlap20",4,"Mb-1353_14","ABR33","M. sacchariflorus",1,TRUE
"DM","Overlap20",4,"Mb-14","ABR33","M. sinensis",0,TRUE
"DM","Overlap20",4,"Mb-140","ABR33","M. sacchariflorus",1,TRUE
"DM","Overlap20",4,"Mb-142","ABR33","M. sacchariflorus",1,TRUE
"DM","Overlap20",4,"Mb-144","ABR33","M. sacchariflorus",0,TRUE
"DM","Overlap20",4,"Mb-146","ABR33","M. sacchariflorus",1,TRUE
"DM","Overlap20",4,"Mb-147","ABR33","M. x gig",1,TRUE
"DM","Overlap20",4,"Mb-148","ABR33","M. x gig",1,TRUE
"DM","Overlap20",4,"Mb-1485_42","ABR33","M. x gig",0,TRUE
"DM","Overlap20",4,"Mb-1486_1","ABR33","M. x gig",0,TRUE
"DM","Overlap20",4,"Mb-149","ABR33","M. x gig",1,TRUE
"DM","Overlap20",4,"Mb-166","ABR33","M. sacchariflorus",1,TRUE
"DM","Overlap20",4,"Mb-167","ABR33","M. sinensis",1,TRUE
"DM","Overlap20",4,"Mb-177","ABR33","M. sacchariflorus",1,TRUE
"DM","Overlap20",4,"Mb-188","ABR33","M. x gig",1,TRUE
"DM","Overlap20",4,"Mb-2","ABR33","M. sinensis",1,TRUE
"DM","Overlap20",4,"Mb-221","ABR33","M. sinensis",1,TRUE
"DM","Overlap20",4,"Mb-226","ABR33","M. sacchariflorus",1,TRUE
"DM","Overlap20",4,"Mb-229","ABR33","M. sinensis",1,TRUE
"DM","Overlap20",4,"Mb-255","ABR33","M. sinensis",1,TRUE
"DM","Overlap20",4,"Mb-272","ABR33","M. sacchariflorus",0,TRUE
"DM","Overlap20",4,"Mb-297","ABR33","M. sacchariflorus",1,TRUE
"DM","Overlap20",4,"Mb-3","ABR33","M. sinensis",1,TRUE
"DM","Overlap20",4,"Mb-306","ABR33","M. sinensis",0,TRUE
"DM","Overlap20",4,"Mb-307","ABR33","M. x gig",1,TRUE
"DM","Overlap20",4,"Mb-308","ABR33","M. x gig",1,TRUE
"DM","Overlap20",4,"Mb-309","ABR33","M. x gig",1,TRUE
"DM","Overlap20",4,"Mb-31","ABR33","M. sinensis",1,TRUE
"DM","Overlap20",4,"Mb-310","ABR33","M. x gig",1,TRUE
"DM","Overlap20",4,"Mb-35","ABR33","M. sinensis",1,TRUE
"DM","Overlap20",4,"Mb-353","ABR33","M. sacchariflorus",1,TRUE
"DM","Overlap20",4,"Mb-37","ABR33","M. sinensis",1,TRUE
"DM","Overlap20",4,"Mb-383_1","ABR33","M. sacchariflorus",1,TRUE
"DM","Overlap20",4,"Mb-391","ABR33","M. sacchariflorus",1,TRUE
"DM","Overlap20",4,"Mb-393_1","ABR33","M. sacchariflorus",1,TRUE
"DM","Overlap20",4,"Mb-397","ABR33","M. sacchariflorus",1,TRUE
"DM","Overlap20",4,"Mb-399","ABR33","M. sacchariflorus",0,TRUE
"DM","Overlap20",4,"Mb-401","ABR33","M. sacchariflorus",1,TRUE
"DM","Overlap20",4,"Mb-411","ABR33","M. sacchariflorus",1,TRUE
"DM","Overlap20",4,"Mb-416","ABR33","M. sacchariflorus",1,TRUE
"DM","Overlap20",4,"Mb-425_1","ABR33","M. sacchariflorus",1,TRUE
"DM","Overlap20",4,"Mb-427_1","ABR33","M. sacchariflorus",0,TRUE
"DM","Overlap20",4,"Mb-431_1","ABR33","M. sacchariflorus",1,TRUE
"DM","Overlap20",4,"Mb-434_1","ABR33","M. sinensis",1,TRUE
"DM","Overlap20",4,"Mb-485_1","ABR33","M. sacchariflorus",1,TRUE
"DM","Overlap20",4,"Mb-486","ABR33","M. sacchariflorus",1,TRUE
"DM","Overlap20",4,"Mb-488_15","ABR33","M. sacchariflorus",1,TRUE
"DM","Overlap20",4,"Mb-490_10","ABR33","M. sacchariflorus",1,TRUE
"DM","Overlap20",4,"Mb-494_1","ABR33","M. sacchariflorus",1,TRUE
"DM","Overlap20",4,"Mb-498_1","ABR33","M. sacchariflorus",1,TRUE
"DM","Overlap20",4,"Mb-502_1","ABR33","M. sacchariflorus",1,TRUE
"DM","Overlap20",4,"Mb-505_1","ABR33","M. sacchariflorus",1,TRUE
"DM","Overlap20",4,"Mb-508","ABR33","M. sacchariflorus",0,TRUE
"DM","Overlap20",4,"Mb-526_13","ABR33","M. sinensis",1,TRUE
"DM","Overlap20",4,"Mb-527_1","ABR33","M. sinensis",0,TRUE
"DM","Overlap20",4,"Mb-533_1","ABR33","M. sinensis",1,TRUE
"DM","Overlap20",4,"Mb-539_1","ABR33","M. sinensis",0,TRUE
"DM","Overlap20",4,"Mb-585_1","ABR33","M. sinensis",1,TRUE
"DM","Overlap20",4,"Mb-628_1","ABR33","M. sacchariflorus",1,TRUE
"DM","Overlap20",4,"Mb-70","ABR33","M. sinensis",1,TRUE
"DM","Overlap20",4,"Mb-72","ABR33","M. x gig",1,TRUE
"DM","Overlap20",4,"Mb-74","ABR33","M. sinensis",0,TRUE
"DM","Overlap20",4,"Mb-76","ABR33","M. sacchariflorus",1,TRUE
"DM","Overlap20",4,"Mb-770_18","ABR33","M. sacchariflorus",0,TRUE
"DM","Overlap20",4,"Mb-779_14","ABR33","M. sacchariflorus",0,TRUE
"DM","Overlap20",4,"Mb-787_13","ABR33","M. sacchariflorus",1,TRUE
"DM","Overlap20",4,"Mb-810_11","ABR33","M. sacchariflorus",1,TRUE
"DM","Overlap20",4,"Mb-819_19","ABR33","M. sacchariflorus",0,TRUE
"DM","Overlap20",4,"Mb-851_1","ABR33","M. sinensis",1,TRUE
"DM","Overlap20",4,"Mb-86","ABR33","M. sinensis",1,TRUE
"DM","Overlap20",4,"Mb-884_1","ABR33","M. sacchariflorus",1,TRUE
"DM","Overlap20",4,"Mb-893_11","ABR33","M. sinensis",1,TRUE
"DM","Overlap20",4,"Mb-9","ABR33","M. sinensis",1,TRUE
"DM","Overlap20",4,"Mb-910_11","ABR33","M. sinensis",1,TRUE
"DM","Overlap20",4,"Mb-913_17","ABR33","M. sacchariflorus",1,TRUE
"DM","Overlap20",4,"Mb-914_13","ABR33","M. sinensis",1,TRUE
"DM","Overlap20",4,"Mb-928_18","ABR33","M. sinensis",1,TRUE
"DM","Overlap20",4,"Mb-930","ABR33","M. sinensis",1,TRUE
"DM","Overlap20",4,"Mb-931_12","ABR33","M. sinensis",1,TRUE
"DM","Overlap20",4,"Mb-933_11","ABR33","M. sinensis",1,TRUE
"DM","Overlap20",4,"Mb-935_13","ABR33","M. sinensis",1,TRUE
"DM","Overlap20",4,"Mb-94","ABR33","M. sacchariflorus",1,TRUE
"DM","Overlap20",4,"Mb-956_19","ABR33","M. sacchariflorus",0,TRUE
"DM","Overlap20",4,"Mb-958_19","ABR33","M. sacchariflorus",0,TRUE
"DM","Overlap20",4,"Mb-960_20","ABR33","M. sinensis",1,TRUE
"DM","Overlap20",4,"Mb-961_16","ABR33","M. sacchariflorus",1,TRUE
"DM","Overlap20",4,"Mb-965_15","ABR33","M. sacchariflorus",1,TRUE
"DM","Overlap20",4,"Mb-969_18","ABR33","M. sacchariflorus",1,TRUE
"DM","Overlap20",4,"Mb-974_19","ABR33","M. sinensis",1,TRUE
"DM","Overlap20",4,"Mb-99","ABR33","M. sinensis",1,TRUE
"DM","Overlap20",4,"Mx-1548_12","ABR33","M. x gig",0,TRUE
"DM","Overlap20",4,"Mx-1915_12","ABR33","M. x gig",1,TRUE
"DM","Overlap20",4,"Mx-1932_13","ABR33","M. x gig",1,TRUE
"DM","Overlap20",4,"Mx-1933_11","ABR33","M. x gig",1,TRUE
"DM","Overlap20",4,"Mx-1956_15","ABR33","M. x gig",1,TRUE
"DM","Overlap20",4,"Mx-2446_1","ABR33","M. x gig",0,TRUE
"DM","Overlap20",4,"Mx-2470_5","ABR33","M. sacchariflorus",1,TRUE
"DM","Overlap20",4,"Mx-437_90","ABR33","M. x gig",1,TRUE
"DM","Overlap20",4,"Mb-102","JKI","M. sinensis",1,TRUE
"DM","Overlap20",4,"Mb-1037_52","JKI","M. sacchariflorus",0,TRUE
"DM","Overlap20",4,"Mb-104","JKI","M. x gig",1,TRUE
"DM","Overlap20",4,"Mb-1040_17","JKI","M. sacchariflorus",0,TRUE
"DM","Overlap20",4,"Mb-1043_32","JKI","M. sacchariflorus",1,TRUE
"DM","Overlap20",4,"Mb-1044_50","JKI","M. sacchariflorus",1,TRUE
"DM","Overlap20",4,"Mb-1056_31","JKI","M. sacchariflorus",1,TRUE
"DM","Overlap20",4,"Mb-1067_18","JKI","M. sacchariflorus",1,TRUE
"DM","Overlap20",4,"Mb-1086_54","JKI","M. x gig",1,TRUE
"DM","Overlap20",4,"Mb-109","JKI","M. sinensis",0,TRUE
"DM","Overlap20",4,"Mb-110","JKI","M. sinensis",1,TRUE
"DM","Overlap20",4,"Mb-111","JKI","M. sinensis",0,TRUE
"DM","Overlap20",4,"Mb-113","JKI","M. sinensis",1,TRUE
"DM","Overlap20",4,"Mb-1130_51","JKI","M. x gig",1,TRUE
"DM","Overlap20",4,"Mb-1132_52","JKI","M. x gig",1,TRUE
"DM","Overlap20",4,"Mb-1139_19","JKI","M. sinensis",1,FALSE
"DM","Overlap20",4,"Mb-1147_12","JKI","M. sinensis",1,TRUE
"DM","Overlap20",4,"Mb-115","JKI","M. sinensis",1,TRUE
"DM","Overlap20",4,"Mb-1153_20","JKI","M. sinensis",1,TRUE
"DM","Overlap20",4,"Mb-1155_33","JKI","M. sacchariflorus",0,TRUE
"DM","Overlap20",4,"Mb-1156_13","JKI","M. sinensis",1,TRUE
"DM","Overlap20",4,"Mb-1162_20","JKI","M. sacchariflorus",1,TRUE
"DM","Overlap20",4,"Mb-1182_16","JKI","M. sinensis",1,TRUE
"DM","Overlap20",4,"Mb-1205_12","JKI","M. sinensis",1,TRUE
"DM","Overlap20",4,"Mb-1231_18","JKI","M. sinensis",1,TRUE
"DM","Overlap20",4,"Mb-1238_1","JKI","M. sinensis",1,TRUE
"DM","Overlap20",4,"Mb-1261_15","JKI","M. sacchariflorus",1,TRUE
"DM","Overlap20",4,"Mb-1353_14","JKI","M. sacchariflorus",1,TRUE
"DM","Overlap20",4,"Mb-14","JKI","M. sinensis",1,TRUE
"DM","Overlap20",4,"Mb-140","JKI","M. sacchariflorus",1,TRUE
"DM","Overlap20",4,"Mb-142","JKI","M. sacchariflorus",1,TRUE
"DM","Overlap20",4,"Mb-144","JKI","M. sacchariflorus",0,TRUE
"DM","Overlap20",4,"Mb-146","JKI","M. sacchariflorus",1,TRUE
"DM","Overlap20",4,"Mb-147","JKI","M. x gig",1,TRUE
"DM","Overlap20",4,"Mb-148","JKI","M. x gig",1,TRUE
"DM","Overlap20",4,"Mb-1485_42","JKI","M. x gig",1,TRUE
"DM","Overlap20",4,"Mb-1486_1","JKI","M. x gig",0,TRUE
"DM","Overlap20",4,"Mb-149","JKI","M. x gig",1,TRUE
"DM","Overlap20",4,"Mb-166","JKI","M. sacchariflorus",0,TRUE
"DM","Overlap20",4,"Mb-167","JKI","M. sinensis",1,TRUE
"DM","Overlap20",4,"Mb-177","JKI","M. sacchariflorus",1,TRUE
"DM","Overlap20",4,"Mb-188","JKI","M. x gig",1,TRUE
"DM","Overlap20",4,"Mb-2","JKI","M. sinensis",1,TRUE
"DM","Overlap20",4,"Mb-221","JKI","M. sinensis",1,TRUE
"DM","Overlap20",4,"Mb-226","JKI","M. sacchariflorus",1,TRUE
"DM","Overlap20",4,"Mb-229","JKI","M. sinensis",1,TRUE
"DM","Overlap20",4,"Mb-255","JKI","M. sinensis",1,TRUE
"DM","Overlap20",4,"Mb-272","JKI","M. sacchariflorus",0,TRUE
"DM","Overlap20",4,"Mb-297","JKI","M. sacchariflorus",1,TRUE
"DM","Overlap20",4,"Mb-3","JKI","M. sinensis",1,TRUE
"DM","Overlap20",4,"Mb-306","JKI","M. sinensis",1,TRUE
"DM","Overlap20",4,"Mb-307","JKI","M. x gig",1,TRUE
"DM","Overlap20",4,"Mb-308","JKI","M. x gig",1,TRUE
"DM","Overlap20",4,"Mb-309","JKI","M. x gig",1,TRUE
"DM","Overlap20",4,"Mb-31","JKI","M. sinensis",1,TRUE
"DM","Overlap20",4,"Mb-310","JKI","M. x gig",1,TRUE
"DM","Overlap20",4,"Mb-35","JKI","M. sinensis",1,TRUE
"DM","Overlap20",4,"Mb-353","JKI","M. sacchariflorus",1,TRUE
"DM","Overlap20",4,"Mb-37","JKI","M. sinensis",1,TRUE
"DM","Overlap20",4,"Mb-383_1","JKI","M. sacchariflorus",1,TRUE
"DM","Overlap20",4,"Mb-391","JKI","M. sacchariflorus",1,TRUE
"DM","Overlap20",4,"Mb-393_1","JKI","M. sacchariflorus",1,TRUE
"DM","Overlap20",4,"Mb-397","JKI","M. sacchariflorus",1,TRUE
"DM","Overlap20",4,"Mb-399","JKI","M. sacchariflorus",0,TRUE
"DM","Overlap20",4,"Mb-401","JKI","M. sacchariflorus",1,TRUE
"DM","Overlap20",4,"Mb-411","JKI","M. sacchariflorus",1,TRUE
"DM","Overlap20",4,"Mb-416","JKI","M. sacchariflorus",1,TRUE
"DM","Overlap20",4,"Mb-425_1","JKI","M. sacchariflorus",1,TRUE
"DM","Overlap20",4,"Mb-427_1","JKI","M. sacchariflorus",0,TRUE
"DM","Overlap20",4,"Mb-431_1","JKI","M. sacchariflorus",1,TRUE
"DM","Overlap20",4,"Mb-434_1","JKI","M. sinensis",1,TRUE
"DM","Overlap20",4,"Mb-485_1","JKI","M. sacchariflorus",1,TRUE
"DM","Overlap20",4,"Mb-486","JKI","M. sacchariflorus",1,TRUE
"DM","Overlap20",4,"Mb-488_15","JKI","M. sacchariflorus",1,TRUE
"DM","Overlap20",4,"Mb-490_10","JKI","M. sacchariflorus",1,TRUE
"DM","Overlap20",4,"Mb-494_1","JKI","M. sacchariflorus",1,TRUE
"DM","Overlap20",4,"Mb-498_1","JKI","M. sacchariflorus",1,TRUE
"DM","Overlap20",4,"Mb-502_1","JKI","M. sacchariflorus",1,TRUE
"DM","Overlap20",4,"Mb-505_1","JKI","M. sacchariflorus",1,TRUE
"DM","Overlap20",4,"Mb-508","JKI","M. sacchariflorus",0,TRUE
"DM","Overlap20",4,"Mb-526_13","JKI","M. sinensis",1,TRUE
"DM","Overlap20",4,"Mb-527_1","JKI","M. sinensis",0,TRUE
"DM","Overlap20",4,"Mb-533_1","JKI","M. sinensis",0,TRUE
"DM","Overlap20",4,"Mb-539_1","JKI","M. sinensis",0,TRUE
"DM","Overlap20",4,"Mb-585_1","JKI","M. sinensis",1,TRUE
"DM","Overlap20",4,"Mb-628_1","JKI","M. sacchariflorus",1,TRUE
"DM","Overlap20",4,"Mb-70","JKI","M. sinensis",1,TRUE
"DM","Overlap20",4,"Mb-72","JKI","M. x gig",1,TRUE
"DM","Overlap20",4,"Mb-74","JKI","M. sinensis",0,TRUE
"DM","Overlap20",4,"Mb-76","JKI","M. sacchariflorus",1,TRUE
"DM","Overlap20",4,"Mb-770_18","JKI","M. sacchariflorus",0,TRUE
"DM","Overlap20",4,"Mb-779_14","JKI","M. sacchariflorus",0,TRUE
"DM","Overlap20",4,"Mb-787_13","JKI","M. sacchariflorus",1,TRUE
"DM","Overlap20",4,"Mb-810_11","JKI","M. sacchariflorus",1,TRUE
"DM","Overlap20",4,"Mb-819_19","JKI","M. sacchariflorus",1,TRUE
"DM","Overlap20",4,"Mb-851_1","JKI","M. sinensis",1,TRUE
"DM","Overlap20",4,"Mb-86","JKI","M. sinensis",1,TRUE
"DM","Overlap20",4,"Mb-884_1","JKI","M. sacchariflorus",1,TRUE
"DM","Overlap20",4,"Mb-893_11","JKI","M. sinensis",0,TRUE
"DM","Overlap20",4,"Mb-9","JKI","M. sinensis",1,TRUE
"DM","Overlap20",4,"Mb-910_11","JKI","M. sinensis",1,TRUE
"DM","Overlap20",4,"Mb-913_17","JKI","M. sacchariflorus",1,TRUE
"DM","Overlap20",4,"Mb-914_13","JKI","M. sinensis",1,TRUE
"DM","Overlap20",4,"Mb-928_18","JKI","M. sinensis",1,TRUE
"DM","Overlap20",4,"Mb-930","JKI","M. sinensis",1,TRUE
"DM","Overlap20",4,"Mb-931_12","JKI","M. sinensis",1,TRUE
"DM","Overlap20",4,"Mb-933_11","JKI","M. sinensis",1,TRUE
"DM","Overlap20",4,"Mb-935_13","JKI","M. sinensis",1,TRUE
"DM","Overlap20",4,"Mb-94","JKI","M. sacchariflorus",1,TRUE
"DM","Overlap20",4,"Mb-956_19","JKI","M. sacchariflorus",0,TRUE
"DM","Overlap20",4,"Mb-958_19","JKI","M. sacchariflorus",0,TRUE
"DM","Overlap20",4,"Mb-960_20","JKI","M. sinensis",0,TRUE
"DM","Overlap20",4,"Mb-961_16","JKI","M. sacchariflorus",0,TRUE
"DM","Overlap20",4,"Mb-965_15","JKI","M. sacchariflorus",1,TRUE
"DM","Overlap20",4,"Mb-969_18","JKI","M. sacchariflorus",1,TRUE
"DM","Overlap20",4,"Mb-974_19","JKI","M. sinensis",1,TRUE
"DM","Overlap20",4,"Mb-99","JKI","M. sinensis",1,TRUE
"DM","Overlap20",4,"Mx-1548_12","JKI","M. x gig",0,TRUE
"DM","Overlap20",4,"Mx-1915_12","JKI","M. x gig",1,TRUE
"DM","Overlap20",4,"Mx-1932_13","JKI","M. x gig",1,TRUE
"DM","Overlap20",4,"Mx-1933_11","JKI","M. x gig",1,TRUE
"DM","Overlap20",4,"Mx-1956_15","JKI","M. x gig",1,TRUE
"DM","Overlap20",4,"Mx-2446_1","JKI","M. x gig",0,TRUE
"DM","Overlap20",4,"Mx-2470_5","JKI","M. sacchariflorus",1,TRUE
"DM","Overlap20",4,"Mx-437_90","JKI","M. x gig",1,TRUE
"DM","Overlap20",5,"Mb-102","ABR33","M. sinensis",1,TRUE
"DM","Overlap20",5,"Mb-1037_52","ABR33","M. sacchariflorus",0,TRUE
"DM","Overlap20",5,"Mb-104","ABR33","M. x gig",0,TRUE
"DM","Overlap20",5,"Mb-1040_17","ABR33","M. sacchariflorus",1,TRUE
"DM","Overlap20",5,"Mb-1043_32","ABR33","M. sacchariflorus",1,TRUE
"DM","Overlap20",5,"Mb-1044_50","ABR33","M. sacchariflorus",1,TRUE
"DM","Overlap20",5,"Mb-1056_31","ABR33","M. sacchariflorus",1,TRUE
"DM","Overlap20",5,"Mb-1067_18","ABR33","M. sacchariflorus",1,TRUE
"DM","Overlap20",5,"Mb-1086_54","ABR33","M. x gig",1,TRUE
"DM","Overlap20",5,"Mb-109","ABR33","M. sinensis",1,TRUE
"DM","Overlap20",5,"Mb-110","ABR33","M. sinensis",1,TRUE
"DM","Overlap20",5,"Mb-111","ABR33","M. sinensis",1,TRUE
"DM","Overlap20",5,"Mb-113","ABR33","M. sinensis",1,TRUE
"DM","Overlap20",5,"Mb-1130_51","ABR33","M. x gig",1,TRUE
"DM","Overlap20",5,"Mb-1132_52","ABR33","M. x gig",0,TRUE
"DM","Overlap20",5,"Mb-1139_19","ABR33","M. sinensis",1,TRUE
"DM","Overlap20",5,"Mb-1147_12","ABR33","M. sinensis",1,TRUE
"DM","Overlap20",5,"Mb-115","ABR33","M. sinensis",0,TRUE
"DM","Overlap20",5,"Mb-1153_20","ABR33","M. sinensis",1,TRUE
"DM","Overlap20",5,"Mb-1155_33","ABR33","M. sacchariflorus",1,TRUE
"DM","Overlap20",5,"Mb-1156_13","ABR33","M. sinensis",1,TRUE
"DM","Overlap20",5,"Mb-1162_20","ABR33","M. sacchariflorus",1,TRUE
"DM","Overlap20",5,"Mb-1182_16","ABR33","M. sinensis",1,TRUE
"DM","Overlap20",5,"Mb-1205_12","ABR33","M. sinensis",1,TRUE
"DM","Overlap20",5,"Mb-1231_18","ABR33","M. sinensis",1,TRUE
"DM","Overlap20",5,"Mb-1238_1","ABR33","M. sinensis",1,TRUE
"DM","Overlap20",5,"Mb-1261_15","ABR33","M. sacchariflorus",1,TRUE
"DM","Overlap20",5,"Mb-1353_14","ABR33","M. sacchariflorus",1,TRUE
"DM","Overlap20",5,"Mb-14","ABR33","M. sinensis",1,TRUE
"DM","Overlap20",5,"Mb-140","ABR33","M. sacchariflorus",1,TRUE
"DM","Overlap20",5,"Mb-142","ABR33","M. sacchariflorus",1,TRUE
"DM","Overlap20",5,"Mb-144","ABR33","M. sacchariflorus",1,TRUE
"DM","Overlap20",5,"Mb-146","ABR33","M. sacchariflorus",1,TRUE
"DM","Overlap20",5,"Mb-147","ABR33","M. x gig",1,TRUE
"DM","Overlap20",5,"Mb-148","ABR33","M. x gig",1,TRUE
"DM","Overlap20",5,"Mb-1485_42","ABR33","M. x gig",1,TRUE
"DM","Overlap20",5,"Mb-1486_1","ABR33","M. x gig",1,TRUE
"DM","Overlap20",5,"Mb-149","ABR33","M. x gig",1,TRUE
"DM","Overlap20",5,"Mb-166","ABR33","M. sacchariflorus",1,TRUE
"DM","Overlap20",5,"Mb-167","ABR33","M. sinensis",1,TRUE
"DM","Overlap20",5,"Mb-177","ABR33","M. sacchariflorus",0,TRUE
"DM","Overlap20",5,"Mb-188","ABR33","M. x gig",1,TRUE
"DM","Overlap20",5,"Mb-2","ABR33","M. sinensis",0,TRUE
"DM","Overlap20",5,"Mb-221","ABR33","M. sinensis",1,TRUE
"DM","Overlap20",5,"Mb-226","ABR33","M. sacchariflorus",1,TRUE
"DM","Overlap20",5,"Mb-229","ABR33","M. sinensis",0,TRUE
"DM","Overlap20",5,"Mb-255","ABR33","M. sinensis",1,TRUE
"DM","Overlap20",5,"Mb-272","ABR33","M. sacchariflorus",1,TRUE
"DM","Overlap20",5,"Mb-297","ABR33","M. sacchariflorus",1,TRUE
"DM","Overlap20",5,"Mb-3","ABR33","M. sinensis",0,TRUE
"DM","Overlap20",5,"Mb-306","ABR33","M. sinensis",1,TRUE
"DM","Overlap20",5,"Mb-307","ABR33","M. x gig",1,TRUE
"DM","Overlap20",5,"Mb-308","ABR33","M. x gig",1,TRUE
"DM","Overlap20",5,"Mb-309","ABR33","M. x gig",1,TRUE
"DM","Overlap20",5,"Mb-31","ABR33","M. sinensis",1,TRUE
"DM","Overlap20",5,"Mb-310","ABR33","M. x gig",0,TRUE
"DM","Overlap20",5,"Mb-35","ABR33","M. sinensis",1,TRUE
"DM","Overlap20",5,"Mb-353","ABR33","M. sacchariflorus",1,TRUE
"DM","Overlap20",5,"Mb-37","ABR33","M. sinensis",1,TRUE
"DM","Overlap20",5,"Mb-383_1","ABR33","M. sacchariflorus",0,TRUE
"DM","Overlap20",5,"Mb-391","ABR33","M. sacchariflorus",0,TRUE
"DM","Overlap20",5,"Mb-393_1","ABR33","M. sacchariflorus",1,TRUE
"DM","Overlap20",5,"Mb-397","ABR33","M. sacchariflorus",1,TRUE
"DM","Overlap20",5,"Mb-399","ABR33","M. sacchariflorus",1,TRUE
"DM","Overlap20",5,"Mb-401","ABR33","M. sacchariflorus",1,TRUE
"DM","Overlap20",5,"Mb-411","ABR33","M. sacchariflorus",1,TRUE
"DM","Overlap20",5,"Mb-416","ABR33","M. sacchariflorus",0,TRUE
"DM","Overlap20",5,"Mb-425_1","ABR33","M. sacchariflorus",1,TRUE
"DM","Overlap20",5,"Mb-427_1","ABR33","M. sacchariflorus",0,TRUE
"DM","Overlap20",5,"Mb-431_1","ABR33","M. sacchariflorus",1,TRUE
"DM","Overlap20",5,"Mb-434_1","ABR33","M. sinensis",1,TRUE
"DM","Overlap20",5,"Mb-485_1","ABR33","M. sacchariflorus",1,TRUE
"DM","Overlap20",5,"Mb-486","ABR33","M. sacchariflorus",1,TRUE
"DM","Overlap20",5,"Mb-488_15","ABR33","M. sacchariflorus",1,TRUE
"DM","Overlap20",5,"Mb-490_10","ABR33","M. sacchariflorus",1,TRUE
"DM","Overlap20",5,"Mb-494_1","ABR33","M. sacchariflorus",0,TRUE
"DM","Overlap20",5,"Mb-498_1","ABR33","M. sacchariflorus",1,TRUE
"DM","Overlap20",5,"Mb-502_1","ABR33","M. sacchariflorus",1,TRUE
"DM","Overlap20",5,"Mb-505_1","ABR33","M. sacchariflorus",1,TRUE
"DM","Overlap20",5,"Mb-508","ABR33","M. sacchariflorus",1,TRUE
"DM","Overlap20",5,"Mb-526_13","ABR33","M. sinensis",1,TRUE
"DM","Overlap20",5,"Mb-527_1","ABR33","M. sinensis",1,TRUE
"DM","Overlap20",5,"Mb-533_1","ABR33","M. sinensis",1,TRUE
"DM","Overlap20",5,"Mb-539_1","ABR33","M. sinensis",1,TRUE
"DM","Overlap20",5,"Mb-585_1","ABR33","M. sinensis",1,TRUE
"DM","Overlap20",5,"Mb-628_1","ABR33","M. sacchariflorus",1,TRUE
"DM","Overlap20",5,"Mb-70","ABR33","M. sinensis",1,TRUE
"DM","Overlap20",5,"Mb-72","ABR33","M. x gig",1,TRUE
"DM","Overlap20",5,"Mb-74","ABR33","M. sinensis",1,TRUE
"DM","Overlap20",5,"Mb-76","ABR33","M. sacchariflorus",1,TRUE
"DM","Overlap20",5,"Mb-770_18","ABR33","M. sacchariflorus",1,TRUE
"DM","Overlap20",5,"Mb-779_14","ABR33","M. sacchariflorus",1,TRUE
"DM","Overlap20",5,"Mb-787_13","ABR33","M. sacchariflorus",0,TRUE
"DM","Overlap20",5,"Mb-810_11","ABR33","M. sacchariflorus",1,TRUE
"DM","Overlap20",5,"Mb-819_19","ABR33","M. sacchariflorus",1,TRUE
"DM","Overlap20",5,"Mb-851_1","ABR33","M. sinensis",1,TRUE
"DM","Overlap20",5,"Mb-86","ABR33","M. sinensis",1,TRUE
"DM","Overlap20",5,"Mb-884_1","ABR33","M. sacchariflorus",1,TRUE
"DM","Overlap20",5,"Mb-893_11","ABR33","M. sinensis",1,TRUE
"DM","Overlap20",5,"Mb-9","ABR33","M. sinensis",1,TRUE
"DM","Overlap20",5,"Mb-910_11","ABR33","M. sinensis",1,TRUE
"DM","Overlap20",5,"Mb-913_17","ABR33","M. sacchariflorus",1,TRUE
"DM","Overlap20",5,"Mb-914_13","ABR33","M. sinensis",1,TRUE
"DM","Overlap20",5,"Mb-928_18","ABR33","M. sinensis",0,TRUE
"DM","Overlap20",5,"Mb-930","ABR33","M. sinensis",0,TRUE
"DM","Overlap20",5,"Mb-931_12","ABR33","M. sinensis",1,TRUE
"DM","Overlap20",5,"Mb-933_11","ABR33","M. sinensis",0,TRUE
"DM","Overlap20",5,"Mb-935_13","ABR33","M. sinensis",1,TRUE
"DM","Overlap20",5,"Mb-94","ABR33","M. sacchariflorus",0,TRUE
"DM","Overlap20",5,"Mb-956_19","ABR33","M. sacchariflorus",1,TRUE
"DM","Overlap20",5,"Mb-958_19","ABR33","M. sacchariflorus",1,TRUE
"DM","Overlap20",5,"Mb-960_20","ABR33","M. sinensis",1,TRUE
"DM","Overlap20",5,"Mb-961_16","ABR33","M. sacchariflorus",1,TRUE
"DM","Overlap20",5,"Mb-965_15","ABR33","M. sacchariflorus",1,TRUE
"DM","Overlap20",5,"Mb-969_18","ABR33","M. sacchariflorus",0,TRUE
"DM","Overlap20",5,"Mb-974_19","ABR33","M. sinensis",1,TRUE
"DM","Overlap20",5,"Mb-99","ABR33","M. sinensis",0,TRUE
"DM","Overlap20",5,"Mx-1548_12","ABR33","M. x gig",0,TRUE
"DM","Overlap20",5,"Mx-1915_12","ABR33","M. x gig",0,TRUE
"DM","Overlap20",5,"Mx-1932_13","ABR33","M. x gig",0,TRUE
"DM","Overlap20",5,"Mx-1933_11","ABR33","M. x gig",0,TRUE
"DM","Overlap20",5,"Mx-1956_15","ABR33","M. x gig",1,TRUE
"DM","Overlap20",5,"Mx-2446_1","ABR33","M. x gig",1,TRUE
"DM","Overlap20",5,"Mx-2470_5","ABR33","M. sacchariflorus",1,TRUE
"DM","Overlap20",5,"Mx-437_90","ABR33","M. x gig",1,TRUE
"DM","Overlap20",5,"Mb-102","JKI","M. sinensis",1,TRUE
"DM","Overlap20",5,"Mb-1037_52","JKI","M. sacchariflorus",0,TRUE
"DM","Overlap20",5,"Mb-104","JKI","M. x gig",0,TRUE
"DM","Overlap20",5,"Mb-1040_17","JKI","M. sacchariflorus",1,TRUE
"DM","Overlap20",5,"Mb-1043_32","JKI","M. sacchariflorus",1,TRUE
"DM","Overlap20",5,"Mb-1044_50","JKI","M. sacchariflorus",1,TRUE
"DM","Overlap20",5,"Mb-1056_31","JKI","M. sacchariflorus",1,TRUE
"DM","Overlap20",5,"Mb-1067_18","JKI","M. sacchariflorus",1,TRUE
"DM","Overlap20",5,"Mb-1086_54","JKI","M. x gig",1,TRUE
"DM","Overlap20",5,"Mb-109","JKI","M. sinensis",1,TRUE
"DM","Overlap20",5,"Mb-110","JKI","M. sinensis",1,TRUE
"DM","Overlap20",5,"Mb-111","JKI","M. sinensis",0,TRUE
"DM","Overlap20",5,"Mb-113","JKI","M. sinensis",1,TRUE
"DM","Overlap20",5,"Mb-1130_51","JKI","M. x gig",1,TRUE
"DM","Overlap20",5,"Mb-1132_52","JKI","M. x gig",0,TRUE
"DM","Overlap20",5,"Mb-1139_19","JKI","M. sinensis",1,FALSE
"DM","Overlap20",5,"Mb-1147_12","JKI","M. sinensis",1,TRUE
"DM","Overlap20",5,"Mb-115","JKI","M. sinensis",1,TRUE
"DM","Overlap20",5,"Mb-1153_20","JKI","M. sinensis",1,TRUE
"DM","Overlap20",5,"Mb-1155_33","JKI","M. sacchariflorus",1,TRUE
"DM","Overlap20",5,"Mb-1156_13","JKI","M. sinensis",1,TRUE
"DM","Overlap20",5,"Mb-1162_20","JKI","M. sacchariflorus",1,TRUE
"DM","Overlap20",5,"Mb-1182_16","JKI","M. sinensis",1,TRUE
"DM","Overlap20",5,"Mb-1205_12","JKI","M. sinensis",1,TRUE
"DM","Overlap20",5,"Mb-1231_18","JKI","M. sinensis",1,TRUE
"DM","Overlap20",5,"Mb-1238_1","JKI","M. sinensis",1,TRUE
"DM","Overlap20",5,"Mb-1261_15","JKI","M. sacchariflorus",1,TRUE
"DM","Overlap20",5,"Mb-1353_14","JKI","M. sacchariflorus",1,TRUE
"DM","Overlap20",5,"Mb-14","JKI","M. sinensis",1,TRUE
"DM","Overlap20",5,"Mb-140","JKI","M. sacchariflorus",1,TRUE
"DM","Overlap20",5,"Mb-142","JKI","M. sacchariflorus",1,TRUE
"DM","Overlap20",5,"Mb-144","JKI","M. sacchariflorus",1,TRUE
"DM","Overlap20",5,"Mb-146","JKI","M. sacchariflorus",1,TRUE
"DM","Overlap20",5,"Mb-147","JKI","M. x gig",1,TRUE
"DM","Overlap20",5,"Mb-148","JKI","M. x gig",1,TRUE
"DM","Overlap20",5,"Mb-1485_42","JKI","M. x gig",1,TRUE
"DM","Overlap20",5,"Mb-1486_1","JKI","M. x gig",1,TRUE
"DM","Overlap20",5,"Mb-149","JKI","M. x gig",1,TRUE
"DM","Overlap20",5,"Mb-166","JKI","M. sacchariflorus",1,TRUE
"DM","Overlap20",5,"Mb-167","JKI","M. sinensis",1,TRUE
"DM","Overlap20",5,"Mb-177","JKI","M. sacchariflorus",0,TRUE
"DM","Overlap20",5,"Mb-188","JKI","M. x gig",1,TRUE
"DM","Overlap20",5,"Mb-2","JKI","M. sinensis",0,TRUE
"DM","Overlap20",5,"Mb-221","JKI","M. sinensis",1,TRUE
"DM","Overlap20",5,"Mb-226","JKI","M. sacchariflorus",1,TRUE
"DM","Overlap20",5,"Mb-229","JKI","M. sinensis",1,TRUE
"DM","Overlap20",5,"Mb-255","JKI","M. sinensis",1,TRUE
"DM","Overlap20",5,"Mb-272","JKI","M. sacchariflorus",1,TRUE
"DM","Overlap20",5,"Mb-297","JKI","M. sacchariflorus",1,TRUE
"DM","Overlap20",5,"Mb-3","JKI","M. sinensis",1,TRUE
"DM","Overlap20",5,"Mb-306","JKI","M. sinensis",1,TRUE
"DM","Overlap20",5,"Mb-307","JKI","M. x gig",1,TRUE
"DM","Overlap20",5,"Mb-308","JKI","M. x gig",1,TRUE
"DM","Overlap20",5,"Mb-309","JKI","M. x gig",1,TRUE
"DM","Overlap20",5,"Mb-31","JKI","M. sinensis",1,TRUE
"DM","Overlap20",5,"Mb-310","JKI","M. x gig",0,TRUE
"DM","Overlap20",5,"Mb-35","JKI","M. sinensis",1,TRUE
"DM","Overlap20",5,"Mb-353","JKI","M. sacchariflorus",1,TRUE
"DM","Overlap20",5,"Mb-37","JKI","M. sinensis",1,TRUE
"DM","Overlap20",5,"Mb-383_1","JKI","M. sacchariflorus",0,TRUE
"DM","Overlap20",5,"Mb-391","JKI","M. sacchariflorus",0,TRUE
"DM","Overlap20",5,"Mb-393_1","JKI","M. sacchariflorus",1,TRUE
"DM","Overlap20",5,"Mb-397","JKI","M. sacchariflorus",1,TRUE
"DM","Overlap20",5,"Mb-399","JKI","M. sacchariflorus",1,TRUE
"DM","Overlap20",5,"Mb-401","JKI","M. sacchariflorus",1,TRUE
"DM","Overlap20",5,"Mb-411","JKI","M. sacchariflorus",1,TRUE
"DM","Overlap20",5,"Mb-416","JKI","M. sacchariflorus",0,TRUE
"DM","Overlap20",5,"Mb-425_1","JKI","M. sacchariflorus",1,TRUE
"DM","Overlap20",5,"Mb-427_1","JKI","M. sacchariflorus",0,TRUE
"DM","Overlap20",5,"Mb-431_1","JKI","M. sacchariflorus",1,TRUE
"DM","Overlap20",5,"Mb-434_1","JKI","M. sinensis",1,TRUE
"DM","Overlap20",5,"Mb-485_1","JKI","M. sacchariflorus",1,TRUE
"DM","Overlap20",5,"Mb-486","JKI","M. sacchariflorus",1,TRUE
"DM","Overlap20",5,"Mb-488_15","JKI","M. sacchariflorus",0,TRUE
"DM","Overlap20",5,"Mb-490_10","JKI","M. sacchariflorus",1,TRUE
"DM","Overlap20",5,"Mb-494_1","JKI","M. sacchariflorus",0,TRUE
"DM","Overlap20",5,"Mb-498_1","JKI","M. sacchariflorus",1,TRUE
"DM","Overlap20",5,"Mb-502_1","JKI","M. sacchariflorus",1,TRUE
"DM","Overlap20",5,"Mb-505_1","JKI","M. sacchariflorus",1,TRUE
"DM","Overlap20",5,"Mb-508","JKI","M. sacchariflorus",1,TRUE
"DM","Overlap20",5,"Mb-526_13","JKI","M. sinensis",1,TRUE
"DM","Overlap20",5,"Mb-527_1","JKI","M. sinensis",0,TRUE
"DM","Overlap20",5,"Mb-533_1","JKI","M. sinensis",1,TRUE
"DM","Overlap20",5,"Mb-539_1","JKI","M. sinensis",1,TRUE
"DM","Overlap20",5,"Mb-585_1","JKI","M. sinensis",1,TRUE
"DM","Overlap20",5,"Mb-628_1","JKI","M. sacchariflorus",0,TRUE
"DM","Overlap20",5,"Mb-70","JKI","M. sinensis",1,TRUE
"DM","Overlap20",5,"Mb-72","JKI","M. x gig",1,TRUE
"DM","Overlap20",5,"Mb-74","JKI","M. sinensis",1,TRUE
"DM","Overlap20",5,"Mb-76","JKI","M. sacchariflorus",1,TRUE
"DM","Overlap20",5,"Mb-770_18","JKI","M. sacchariflorus",1,TRUE
"DM","Overlap20",5,"Mb-779_14","JKI","M. sacchariflorus",1,TRUE
"DM","Overlap20",5,"Mb-787_13","JKI","M. sacchariflorus",0,TRUE
"DM","Overlap20",5,"Mb-810_11","JKI","M. sacchariflorus",1,TRUE
"DM","Overlap20",5,"Mb-819_19","JKI","M. sacchariflorus",1,TRUE
"DM","Overlap20",5,"Mb-851_1","JKI","M. sinensis",1,TRUE
"DM","Overlap20",5,"Mb-86","JKI","M. sinensis",1,TRUE
"DM","Overlap20",5,"Mb-884_1","JKI","M. sacchariflorus",1,TRUE
"DM","Overlap20",5,"Mb-893_11","JKI","M. sinensis",1,TRUE
"DM","Overlap20",5,"Mb-9","JKI","M. sinensis",1,TRUE
"DM","Overlap20",5,"Mb-910_11","JKI","M. sinensis",1,TRUE
"DM","Overlap20",5,"Mb-913_17","JKI","M. sacchariflorus",1,TRUE
"DM","Overlap20",5,"Mb-914_13","JKI","M. sinensis",1,TRUE
"DM","Overlap20",5,"Mb-928_18","JKI","M. sinensis",0,TRUE
"DM","Overlap20",5,"Mb-930","JKI","M. sinensis",0,TRUE
"DM","Overlap20",5,"Mb-931_12","JKI","M. sinensis",0,TRUE
"DM","Overlap20",5,"Mb-933_11","JKI","M. sinensis",1,TRUE
"DM","Overlap20",5,"Mb-935_13","JKI","M. sinensis",1,TRUE
"DM","Overlap20",5,"Mb-94","JKI","M. sacchariflorus",0,TRUE
"DM","Overlap20",5,"Mb-956_19","JKI","M. sacchariflorus",1,TRUE
"DM","Overlap20",5,"Mb-958_19","JKI","M. sacchariflorus",1,TRUE
"DM","Overlap20",5,"Mb-960_20","JKI","M. sinensis",1,TRUE
"DM","Overlap20",5,"Mb-961_16","JKI","M. sacchariflorus",1,TRUE
"DM","Overlap20",5,"Mb-965_15","JKI","M. sacchariflorus",1,TRUE
"DM","Overlap20",5,"Mb-969_18","JKI","M. sacchariflorus",0,TRUE
"DM","Overlap20",5,"Mb-974_19","JKI","M. sinensis",1,TRUE
"DM","Overlap20",5,"Mb-99","JKI","M. sinensis",0,TRUE
"DM","Overlap20",5,"Mx-1548_12","JKI","M. x gig",1,TRUE
"DM","Overlap20",5,"Mx-1915_12","JKI","M. x gig",0,TRUE
"DM","Overlap20",5,"Mx-1932_13","JKI","M. x gig",0,TRUE
"DM","Overlap20",5,"Mx-1933_11","JKI","M. x gig",0,TRUE
"DM","Overlap20",5,"Mx-1956_15","JKI","M. x gig",1,TRUE
"DM","Overlap20",5,"Mx-2446_1","JKI","M. x gig",1,TRUE
"DM","Overlap20",5,"Mx-2470_5","JKI","M. sacchariflorus",1,TRUE
"DM","Overlap20",5,"Mx-437_90","JKI","M. x gig",1,TRUE
"DM","Overlap20",6,"Mb-102","ABR33","M. sinensis",1,TRUE
"DM","Overlap20",6,"Mb-1037_52","ABR33","M. sacchariflorus",0,TRUE
"DM","Overlap20",6,"Mb-104","ABR33","M. x gig",1,TRUE
"DM","Overlap20",6,"Mb-1040_17","ABR33","M. sacchariflorus",1,TRUE
"DM","Overlap20",6,"Mb-1043_32","ABR33","M. sacchariflorus",0,TRUE
"DM","Overlap20",6,"Mb-1044_50","ABR33","M. sacchariflorus",1,TRUE
"DM","Overlap20",6,"Mb-1056_31","ABR33","M. sacchariflorus",1,TRUE
"DM","Overlap20",6,"Mb-1067_18","ABR33","M. sacchariflorus",1,TRUE
"DM","Overlap20",6,"Mb-1086_54","ABR33","M. x gig",1,TRUE
"DM","Overlap20",6,"Mb-109","ABR33","M. sinensis",1,TRUE
"DM","Overlap20",6,"Mb-110","ABR33","M. sinensis",0,TRUE
"DM","Overlap20",6,"Mb-111","ABR33","M. sinensis",1,TRUE
"DM","Overlap20",6,"Mb-113","ABR33","M. sinensis",1,TRUE
"DM","Overlap20",6,"Mb-1130_51","ABR33","M. x gig",1,TRUE
"DM","Overlap20",6,"Mb-1132_52","ABR33","M. x gig",0,TRUE
"DM","Overlap20",6,"Mb-1139_19","ABR33","M. sinensis",1,TRUE
"DM","Overlap20",6,"Mb-1147_12","ABR33","M. sinensis",1,TRUE
"DM","Overlap20",6,"Mb-115","ABR33","M. sinensis",1,TRUE
"DM","Overlap20",6,"Mb-1153_20","ABR33","M. sinensis",1,TRUE
"DM","Overlap20",6,"Mb-1155_33","ABR33","M. sacchariflorus",1,TRUE
"DM","Overlap20",6,"Mb-1156_13","ABR33","M. sinensis",1,TRUE
"DM","Overlap20",6,"Mb-1162_20","ABR33","M. sacchariflorus",1,TRUE
"DM","Overlap20",6,"Mb-1182_16","ABR33","M. sinensis",1,TRUE
"DM","Overlap20",6,"Mb-1205_12","ABR33","M. sinensis",1,TRUE
"DM","Overlap20",6,"Mb-1231_18","ABR33","M. sinensis",0,TRUE
"DM","Overlap20",6,"Mb-1238_1","ABR33","M. sinensis",1,TRUE
"DM","Overlap20",6,"Mb-1261_15","ABR33","M. sacchariflorus",1,TRUE
"DM","Overlap20",6,"Mb-1353_14","ABR33","M. sacchariflorus",1,TRUE
"DM","Overlap20",6,"Mb-14","ABR33","M. sinensis",1,TRUE
"DM","Overlap20",6,"Mb-140","ABR33","M. sacchariflorus",1,TRUE
"DM","Overlap20",6,"Mb-142","ABR33","M. sacchariflorus",1,TRUE
"DM","Overlap20",6,"Mb-144","ABR33","M. sacchariflorus",1,TRUE
"DM","Overlap20",6,"Mb-146","ABR33","M. sacchariflorus",1,TRUE
"DM","Overlap20",6,"Mb-147","ABR33","M. x gig",0,TRUE
"DM","Overlap20",6,"Mb-148","ABR33","M. x gig",0,TRUE
"DM","Overlap20",6,"Mb-1485_42","ABR33","M. x gig",0,TRUE
"DM","Overlap20",6,"Mb-1486_1","ABR33","M. x gig",1,TRUE
"DM","Overlap20",6,"Mb-149","ABR33","M. x gig",1,TRUE
"DM","Overlap20",6,"Mb-166","ABR33","M. sacchariflorus",1,TRUE
"DM","Overlap20",6,"Mb-167","ABR33","M. sinensis",1,TRUE
"DM","Overlap20",6,"Mb-177","ABR33","M. sacchariflorus",1,TRUE
"DM","Overlap20",6,"Mb-188","ABR33","M. x gig",1,TRUE
"DM","Overlap20",6,"Mb-2","ABR33","M. sinensis",1,TRUE
"DM","Overlap20",6,"Mb-221","ABR33","M. sinensis",1,TRUE
"DM","Overlap20",6,"Mb-226","ABR33","M. sacchariflorus",1,TRUE
"DM","Overlap20",6,"Mb-229","ABR33","M. sinensis",0,TRUE
"DM","Overlap20",6,"Mb-255","ABR33","M. sinensis",0,TRUE
"DM","Overlap20",6,"Mb-272","ABR33","M. sacchariflorus",1,TRUE
"DM","Overlap20",6,"Mb-297","ABR33","M. sacchariflorus",1,TRUE
"DM","Overlap20",6,"Mb-3","ABR33","M. sinensis",1,TRUE
"DM","Overlap20",6,"Mb-306","ABR33","M. sinensis",0,TRUE
"DM","Overlap20",6,"Mb-307","ABR33","M. x gig",1,TRUE
"DM","Overlap20",6,"Mb-308","ABR33","M. x gig",1,TRUE
"DM","Overlap20",6,"Mb-309","ABR33","M. x gig",1,TRUE
"DM","Overlap20",6,"Mb-31","ABR33","M. sinensis",0,TRUE
"DM","Overlap20",6,"Mb-310","ABR33","M. x gig",1,TRUE
"DM","Overlap20",6,"Mb-35","ABR33","M. sinensis",1,TRUE
"DM","Overlap20",6,"Mb-353","ABR33","M. sacchariflorus",1,TRUE
"DM","Overlap20",6,"Mb-37","ABR33","M. sinensis",1,TRUE
"DM","Overlap20",6,"Mb-383_1","ABR33","M. sacchariflorus",1,TRUE
"DM","Overlap20",6,"Mb-391","ABR33","M. sacchariflorus",0,TRUE
"DM","Overlap20",6,"Mb-393_1","ABR33","M. sacchariflorus",0,TRUE
"DM","Overlap20",6,"Mb-397","ABR33","M. sacchariflorus",1,TRUE
"DM","Overlap20",6,"Mb-399","ABR33","M. sacchariflorus",1,TRUE
"DM","Overlap20",6,"Mb-401","ABR33","M. sacchariflorus",1,TRUE
"DM","Overlap20",6,"Mb-411","ABR33","M. sacchariflorus",1,TRUE
"DM","Overlap20",6,"Mb-416","ABR33","M. sacchariflorus",1,TRUE
"DM","Overlap20",6,"Mb-425_1","ABR33","M. sacchariflorus",1,TRUE
"DM","Overlap20",6,"Mb-427_1","ABR33","M. sacchariflorus",0,TRUE
"DM","Overlap20",6,"Mb-431_1","ABR33","M. sacchariflorus",0,TRUE
"DM","Overlap20",6,"Mb-434_1","ABR33","M. sinensis",1,TRUE
"DM","Overlap20",6,"Mb-485_1","ABR33","M. sacchariflorus",1,TRUE
"DM","Overlap20",6,"Mb-486","ABR33","M. sacchariflorus",1,TRUE
"DM","Overlap20",6,"Mb-488_15","ABR33","M. sacchariflorus",1,TRUE
"DM","Overlap20",6,"Mb-490_10","ABR33","M. sacchariflorus",1,TRUE
"DM","Overlap20",6,"Mb-494_1","ABR33","M. sacchariflorus",1,TRUE
"DM","Overlap20",6,"Mb-498_1","ABR33","M. sacchariflorus",1,TRUE
"DM","Overlap20",6,"Mb-502_1","ABR33","M. sacchariflorus",1,TRUE
"DM","Overlap20",6,"Mb-505_1","ABR33","M. sacchariflorus",1,TRUE
"DM","Overlap20",6,"Mb-508","ABR33","M. sacchariflorus",1,TRUE
"DM","Overlap20",6,"Mb-526_13","ABR33","M. sinensis",1,TRUE
"DM","Overlap20",6,"Mb-527_1","ABR33","M. sinensis",1,TRUE
"DM","Overlap20",6,"Mb-533_1","ABR33","M. sinensis",1,TRUE
"DM","Overlap20",6,"Mb-539_1","ABR33","M. sinensis",1,TRUE
"DM","Overlap20",6,"Mb-585_1","ABR33","M. sinensis",1,TRUE
"DM","Overlap20",6,"Mb-628_1","ABR33","M. sacchariflorus",1,TRUE
"DM","Overlap20",6,"Mb-70","ABR33","M. sinensis",1,TRUE
"DM","Overlap20",6,"Mb-72","ABR33","M. x gig",1,TRUE
"DM","Overlap20",6,"Mb-74","ABR33","M. sinensis",1,TRUE
"DM","Overlap20",6,"Mb-76","ABR33","M. sacchariflorus",0,TRUE
"DM","Overlap20",6,"Mb-770_18","ABR33","M. sacchariflorus",1,TRUE
"DM","Overlap20",6,"Mb-779_14","ABR33","M. sacchariflorus",1,TRUE
"DM","Overlap20",6,"Mb-787_13","ABR33","M. sacchariflorus",1,TRUE
"DM","Overlap20",6,"Mb-810_11","ABR33","M. sacchariflorus",0,TRUE
"DM","Overlap20",6,"Mb-819_19","ABR33","M. sacchariflorus",0,TRUE
"DM","Overlap20",6,"Mb-851_1","ABR33","M. sinensis",0,TRUE
"DM","Overlap20",6,"Mb-86","ABR33","M. sinensis",1,TRUE
"DM","Overlap20",6,"Mb-884_1","ABR33","M. sacchariflorus",1,TRUE
"DM","Overlap20",6,"Mb-893_11","ABR33","M. sinensis",1,TRUE
"DM","Overlap20",6,"Mb-9","ABR33","M. sinensis",1,TRUE
"DM","Overlap20",6,"Mb-910_11","ABR33","M. sinensis",0,TRUE
"DM","Overlap20",6,"Mb-913_17","ABR33","M. sacchariflorus",1,TRUE
"DM","Overlap20",6,"Mb-914_13","ABR33","M. sinensis",1,TRUE
"DM","Overlap20",6,"Mb-928_18","ABR33","M. sinensis",1,TRUE
"DM","Overlap20",6,"Mb-930","ABR33","M. sinensis",1,TRUE
"DM","Overlap20",6,"Mb-931_12","ABR33","M. sinensis",1,TRUE
"DM","Overlap20",6,"Mb-933_11","ABR33","M. sinensis",0,TRUE
"DM","Overlap20",6,"Mb-935_13","ABR33","M. sinensis",1,TRUE
"DM","Overlap20",6,"Mb-94","ABR33","M. sacchariflorus",1,TRUE
"DM","Overlap20",6,"Mb-956_19","ABR33","M. sacchariflorus",1,TRUE
"DM","Overlap20",6,"Mb-958_19","ABR33","M. sacchariflorus",1,TRUE
"DM","Overlap20",6,"Mb-960_20","ABR33","M. sinensis",1,TRUE
"DM","Overlap20",6,"Mb-961_16","ABR33","M. sacchariflorus",1,TRUE
"DM","Overlap20",6,"Mb-965_15","ABR33","M. sacchariflorus",1,TRUE
"DM","Overlap20",6,"Mb-969_18","ABR33","M. sacchariflorus",0,TRUE
"DM","Overlap20",6,"Mb-974_19","ABR33","M. sinensis",0,TRUE
"DM","Overlap20",6,"Mb-99","ABR33","M. sinensis",1,TRUE
"DM","Overlap20",6,"Mx-1548_12","ABR33","M. x gig",1,TRUE
"DM","Overlap20",6,"Mx-1915_12","ABR33","M. x gig",0,TRUE
"DM","Overlap20",6,"Mx-1932_13","ABR33","M. x gig",1,TRUE
"DM","Overlap20",6,"Mx-1933_11","ABR33","M. x gig",1,TRUE
"DM","Overlap20",6,"Mx-1956_15","ABR33","M. x gig",1,TRUE
"DM","Overlap20",6,"Mx-2446_1","ABR33","M. x gig",1,TRUE
"DM","Overlap20",6,"Mx-2470_5","ABR33","M. sacchariflorus",1,TRUE
"DM","Overlap20",6,"Mx-437_90","ABR33","M. x gig",1,TRUE
"DM","Overlap20",6,"Mb-102","JKI","M. sinensis",1,TRUE
"DM","Overlap20",6,"Mb-1037_52","JKI","M. sacchariflorus",1,TRUE
"DM","Overlap20",6,"Mb-104","JKI","M. x gig",1,TRUE
"DM","Overlap20",6,"Mb-1040_17","JKI","M. sacchariflorus",1,TRUE
"DM","Overlap20",6,"Mb-1043_32","JKI","M. sacchariflorus",0,TRUE
"DM","Overlap20",6,"Mb-1044_50","JKI","M. sacchariflorus",1,TRUE
"DM","Overlap20",6,"Mb-1056_31","JKI","M. sacchariflorus",1,TRUE
"DM","Overlap20",6,"Mb-1067_18","JKI","M. sacchariflorus",1,TRUE
"DM","Overlap20",6,"Mb-1086_54","JKI","M. x gig",1,TRUE
"DM","Overlap20",6,"Mb-109","JKI","M. sinensis",1,TRUE
"DM","Overlap20",6,"Mb-110","JKI","M. sinensis",0,TRUE
"DM","Overlap20",6,"Mb-111","JKI","M. sinensis",1,TRUE
"DM","Overlap20",6,"Mb-113","JKI","M. sinensis",1,TRUE
"DM","Overlap20",6,"Mb-1130_51","JKI","M. x gig",1,TRUE
"DM","Overlap20",6,"Mb-1132_52","JKI","M. x gig",0,TRUE
"DM","Overlap20",6,"Mb-1139_19","JKI","M. sinensis",1,FALSE
"DM","Overlap20",6,"Mb-1147_12","JKI","M. sinensis",1,TRUE
"DM","Overlap20",6,"Mb-115","JKI","M. sinensis",1,TRUE
"DM","Overlap20",6,"Mb-1153_20","JKI","M. sinensis",1,TRUE
"DM","Overlap20",6,"Mb-1155_33","JKI","M. sacchariflorus",1,TRUE
"DM","Overlap20",6,"Mb-1156_13","JKI","M. sinensis",1,TRUE
"DM","Overlap20",6,"Mb-1162_20","JKI","M. sacchariflorus",1,TRUE
"DM","Overlap20",6,"Mb-1182_16","JKI","M. sinensis",1,TRUE
"DM","Overlap20",6,"Mb-1205_12","JKI","M. sinensis",1,TRUE
"DM","Overlap20",6,"Mb-1231_18","JKI","M. sinensis",0,TRUE
"DM","Overlap20",6,"Mb-1238_1","JKI","M. sinensis",1,TRUE
"DM","Overlap20",6,"Mb-1261_15","JKI","M. sacchariflorus",1,TRUE
"DM","Overlap20",6,"Mb-1353_14","JKI","M. sacchariflorus",1,TRUE
"DM","Overlap20",6,"Mb-14","JKI","M. sinensis",1,TRUE
"DM","Overlap20",6,"Mb-140","JKI","M. sacchariflorus",1,TRUE
"DM","Overlap20",6,"Mb-142","JKI","M. sacchariflorus",1,TRUE
"DM","Overlap20",6,"Mb-144","JKI","M. sacchariflorus",1,TRUE
"DM","Overlap20",6,"Mb-146","JKI","M. sacchariflorus",1,TRUE
"DM","Overlap20",6,"Mb-147","JKI","M. x gig",0,TRUE
"DM","Overlap20",6,"Mb-148","JKI","M. x gig",1,TRUE
"DM","Overlap20",6,"Mb-1485_42","JKI","M. x gig",0,TRUE
"DM","Overlap20",6,"Mb-1486_1","JKI","M. x gig",1,TRUE
"DM","Overlap20",6,"Mb-149","JKI","M. x gig",0,TRUE
"DM","Overlap20",6,"Mb-166","JKI","M. sacchariflorus",1,TRUE
"DM","Overlap20",6,"Mb-167","JKI","M. sinensis",1,TRUE
"DM","Overlap20",6,"Mb-177","JKI","M. sacchariflorus",1,TRUE
"DM","Overlap20",6,"Mb-188","JKI","M. x gig",1,TRUE
"DM","Overlap20",6,"Mb-2","JKI","M. sinensis",1,TRUE
"DM","Overlap20",6,"Mb-221","JKI","M. sinensis",1,TRUE
"DM","Overlap20",6,"Mb-226","JKI","M. sacchariflorus",1,TRUE
"DM","Overlap20",6,"Mb-229","JKI","M. sinensis",0,TRUE
"DM","Overlap20",6,"Mb-255","JKI","M. sinensis",0,TRUE
"DM","Overlap20",6,"Mb-272","JKI","M. sacchariflorus",1,TRUE
"DM","Overlap20",6,"Mb-297","JKI","M. sacchariflorus",1,TRUE
"DM","Overlap20",6,"Mb-3","JKI","M. sinensis",1,TRUE
"DM","Overlap20",6,"Mb-306","JKI","M. sinensis",1,TRUE
"DM","Overlap20",6,"Mb-307","JKI","M. x gig",1,TRUE
"DM","Overlap20",6,"Mb-308","JKI","M. x gig",1,TRUE
"DM","Overlap20",6,"Mb-309","JKI","M. x gig",1,TRUE
"DM","Overlap20",6,"Mb-31","JKI","M. sinensis",0,TRUE
"DM","Overlap20",6,"Mb-310","JKI","M. x gig",1,TRUE
"DM","Overlap20",6,"Mb-35","JKI","M. sinensis",1,TRUE
"DM","Overlap20",6,"Mb-353","JKI","M. sacchariflorus",1,TRUE
"DM","Overlap20",6,"Mb-37","JKI","M. sinensis",1,TRUE
"DM","Overlap20",6,"Mb-383_1","JKI","M. sacchariflorus",1,TRUE
"DM","Overlap20",6,"Mb-391","JKI","M. sacchariflorus",0,TRUE
"DM","Overlap20",6,"Mb-393_1","JKI","M. sacchariflorus",0,TRUE
"DM","Overlap20",6,"Mb-397","JKI","M. sacchariflorus",1,TRUE
"DM","Overlap20",6,"Mb-399","JKI","M. sacchariflorus",1,TRUE
"DM","Overlap20",6,"Mb-401","JKI","M. sacchariflorus",1,TRUE
"DM","Overlap20",6,"Mb-411","JKI","M. sacchariflorus",1,TRUE
"DM","Overlap20",6,"Mb-416","JKI","M. sacchariflorus",1,TRUE
"DM","Overlap20",6,"Mb-425_1","JKI","M. sacchariflorus",1,TRUE
"DM","Overlap20",6,"Mb-427_1","JKI","M. sacchariflorus",0,TRUE
"DM","Overlap20",6,"Mb-431_1","JKI","M. sacchariflorus",0,TRUE
"DM","Overlap20",6,"Mb-434_1","JKI","M. sinensis",1,TRUE
"DM","Overlap20",6,"Mb-485_1","JKI","M. sacchariflorus",1,TRUE
"DM","Overlap20",6,"Mb-486","JKI","M. sacchariflorus",1,TRUE
"DM","Overlap20",6,"Mb-488_15","JKI","M. sacchariflorus",1,TRUE
"DM","Overlap20",6,"Mb-490_10","JKI","M. sacchariflorus",1,TRUE
"DM","Overlap20",6,"Mb-494_1","JKI","M. sacchariflorus",1,TRUE
"DM","Overlap20",6,"Mb-498_1","JKI","M. sacchariflorus",1,TRUE
"DM","Overlap20",6,"Mb-502_1","JKI","M. sacchariflorus",1,TRUE
"DM","Overlap20",6,"Mb-505_1","JKI","M. sacchariflorus",1,TRUE
"DM","Overlap20",6,"Mb-508","JKI","M. sacchariflorus",1,TRUE
"DM","Overlap20",6,"Mb-526_13","JKI","M. sinensis",1,TRUE
"DM","Overlap20",6,"Mb-527_1","JKI","M. sinensis",1,TRUE
"DM","Overlap20",6,"Mb-533_1","JKI","M. sinensis",1,TRUE
"DM","Overlap20",6,"Mb-539_1","JKI","M. sinensis",1,TRUE
"DM","Overlap20",6,"Mb-585_1","JKI","M. sinensis",1,TRUE
"DM","Overlap20",6,"Mb-628_1","JKI","M. sacchariflorus",1,TRUE
"DM","Overlap20",6,"Mb-70","JKI","M. sinensis",1,TRUE
"DM","Overlap20",6,"Mb-72","JKI","M. x gig",1,TRUE
"DM","Overlap20",6,"Mb-74","JKI","M. sinensis",1,TRUE
"DM","Overlap20",6,"Mb-76","JKI","M. sacchariflorus",0,TRUE
"DM","Overlap20",6,"Mb-770_18","JKI","M. sacchariflorus",0,TRUE
"DM","Overlap20",6,"Mb-779_14","JKI","M. sacchariflorus",1,TRUE
"DM","Overlap20",6,"Mb-787_13","JKI","M. sacchariflorus",0,TRUE
"DM","Overlap20",6,"Mb-810_11","JKI","M. sacchariflorus",1,TRUE
"DM","Overlap20",6,"Mb-819_19","JKI","M. sacchariflorus",0,TRUE
"DM","Overlap20",6,"Mb-851_1","JKI","M. sinensis",1,TRUE
"DM","Overlap20",6,"Mb-86","JKI","M. sinensis",1,TRUE
"DM","Overlap20",6,"Mb-884_1","JKI","M. sacchariflorus",1,TRUE
"DM","Overlap20",6,"Mb-893_11","JKI","M. sinensis",1,TRUE
"DM","Overlap20",6,"Mb-9","JKI","M. sinensis",0,TRUE
"DM","Overlap20",6,"Mb-910_11","JKI","M. sinensis",0,TRUE
"DM","Overlap20",6,"Mb-913_17","JKI","M. sacchariflorus",0,TRUE
"DM","Overlap20",6,"Mb-914_13","JKI","M. sinensis",1,TRUE
"DM","Overlap20",6,"Mb-928_18","JKI","M. sinensis",1,TRUE
"DM","Overlap20",6,"Mb-930","JKI","M. sinensis",1,TRUE
"DM","Overlap20",6,"Mb-931_12","JKI","M. sinensis",1,TRUE
"DM","Overlap20",6,"Mb-933_11","JKI","M. sinensis",0,TRUE
"DM","Overlap20",6,"Mb-935_13","JKI","M. sinensis",1,TRUE
"DM","Overlap20",6,"Mb-94","JKI","M. sacchariflorus",1,TRUE
"DM","Overlap20",6,"Mb-956_19","JKI","M. sacchariflorus",1,TRUE
"DM","Overlap20",6,"Mb-958_19","JKI","M. sacchariflorus",1,TRUE
"DM","Overlap20",6,"Mb-960_20","JKI","M. sinensis",1,TRUE
"DM","Overlap20",6,"Mb-961_16","JKI","M. sacchariflorus",1,TRUE
"DM","Overlap20",6,"Mb-965_15","JKI","M. sacchariflorus",1,TRUE
"DM","Overlap20",6,"Mb-969_18","JKI","M. sacchariflorus",0,TRUE
"DM","Overlap20",6,"Mb-974_19","JKI","M. sinensis",0,TRUE
"DM","Overlap20",6,"Mb-99","JKI","M. sinensis",1,TRUE
"DM","Overlap20",6,"Mx-1548_12","JKI","M. x gig",1,TRUE
"DM","Overlap20",6,"Mx-1915_12","JKI","M. x gig",0,TRUE
"DM","Overlap20",6,"Mx-1932_13","JKI","M. x gig",1,TRUE
"DM","Overlap20",6,"Mx-1933_11","JKI","M. x gig",1,TRUE
"DM","Overlap20",6,"Mx-1956_15","JKI","M. x gig",1,TRUE
"DM","Overlap20",6,"Mx-2446_1","JKI","M. x gig",1,TRUE
"DM","Overlap20",6,"Mx-2470_5","JKI","M. sacchariflorus",1,TRUE
"DM","Overlap20",6,"Mx-437_90","JKI","M. x gig",1,TRUE
"DM","Overlap20",7,"Mb-102","ABR33","M. sinensis",1,TRUE
"DM","Overlap20",7,"Mb-1037_52","ABR33","M. sacchariflorus",1,TRUE
"DM","Overlap20",7,"Mb-104","ABR33","M. x gig",1,TRUE
"DM","Overlap20",7,"Mb-1040_17","ABR33","M. sacchariflorus",1,TRUE
"DM","Overlap20",7,"Mb-1043_32","ABR33","M. sacchariflorus",1,TRUE
"DM","Overlap20",7,"Mb-1044_50","ABR33","M. sacchariflorus",1,TRUE
"DM","Overlap20",7,"Mb-1056_31","ABR33","M. sacchariflorus",1,TRUE
"DM","Overlap20",7,"Mb-1067_18","ABR33","M. sacchariflorus",1,TRUE
"DM","Overlap20",7,"Mb-1086_54","ABR33","M. x gig",0,TRUE
"DM","Overlap20",7,"Mb-109","ABR33","M. sinensis",1,TRUE
"DM","Overlap20",7,"Mb-110","ABR33","M. sinensis",1,TRUE
"DM","Overlap20",7,"Mb-111","ABR33","M. sinensis",1,TRUE
"DM","Overlap20",7,"Mb-113","ABR33","M. sinensis",1,TRUE
"DM","Overlap20",7,"Mb-1130_51","ABR33","M. x gig",1,TRUE
"DM","Overlap20",7,"Mb-1132_52","ABR33","M. x gig",1,TRUE
"DM","Overlap20",7,"Mb-1139_19","ABR33","M. sinensis",1,TRUE
"DM","Overlap20",7,"Mb-1147_12","ABR33","M. sinensis",1,TRUE
"DM","Overlap20",7,"Mb-115","ABR33","M. sinensis",1,TRUE
"DM","Overlap20",7,"Mb-1153_20","ABR33","M. sinensis",1,TRUE
"DM","Overlap20",7,"Mb-1155_33","ABR33","M. sacchariflorus",1,TRUE
"DM","Overlap20",7,"Mb-1156_13","ABR33","M. sinensis",1,TRUE
"DM","Overlap20",7,"Mb-1162_20","ABR33","M. sacchariflorus",1,TRUE
"DM","Overlap20",7,"Mb-1182_16","ABR33","M. sinensis",1,TRUE
"DM","Overlap20",7,"Mb-1205_12","ABR33","M. sinensis",1,TRUE
"DM","Overlap20",7,"Mb-1231_18","ABR33","M. sinensis",1,TRUE
"DM","Overlap20",7,"Mb-1238_1","ABR33","M. sinensis",1,TRUE
"DM","Overlap20",7,"Mb-1261_15","ABR33","M. sacchariflorus",1,TRUE
"DM","Overlap20",7,"Mb-1353_14","ABR33","M. sacchariflorus",1,TRUE
"DM","Overlap20",7,"Mb-14","ABR33","M. sinensis",1,TRUE
"DM","Overlap20",7,"Mb-140","ABR33","M. sacchariflorus",0,TRUE
"DM","Overlap20",7,"Mb-142","ABR33","M. sacchariflorus",1,TRUE
"DM","Overlap20",7,"Mb-144","ABR33","M. sacchariflorus",1,TRUE
"DM","Overlap20",7,"Mb-146","ABR33","M. sacchariflorus",1,TRUE
"DM","Overlap20",7,"Mb-147","ABR33","M. x gig",1,TRUE
"DM","Overlap20",7,"Mb-148","ABR33","M. x gig",0,TRUE
"DM","Overlap20",7,"Mb-1485_42","ABR33","M. x gig",1,TRUE
"DM","Overlap20",7,"Mb-1486_1","ABR33","M. x gig",1,TRUE
"DM","Overlap20",7,"Mb-149","ABR33","M. x gig",1,TRUE
"DM","Overlap20",7,"Mb-166","ABR33","M. sacchariflorus",1,TRUE
"DM","Overlap20",7,"Mb-167","ABR33","M. sinensis",1,TRUE
"DM","Overlap20",7,"Mb-177","ABR33","M. sacchariflorus",0,TRUE
"DM","Overlap20",7,"Mb-188","ABR33","M. x gig",1,TRUE
"DM","Overlap20",7,"Mb-2","ABR33","M. sinensis",0,TRUE
"DM","Overlap20",7,"Mb-221","ABR33","M. sinensis",1,TRUE
"DM","Overlap20",7,"Mb-226","ABR33","M. sacchariflorus",1,TRUE
"DM","Overlap20",7,"Mb-229","ABR33","M. sinensis",1,TRUE
"DM","Overlap20",7,"Mb-255","ABR33","M. sinensis",1,TRUE
"DM","Overlap20",7,"Mb-272","ABR33","M. sacchariflorus",1,TRUE
"DM","Overlap20",7,"Mb-297","ABR33","M. sacchariflorus",0,TRUE
"DM","Overlap20",7,"Mb-3","ABR33","M. sinensis",1,TRUE
"DM","Overlap20",7,"Mb-306","ABR33","M. sinensis",1,TRUE
"DM","Overlap20",7,"Mb-307","ABR33","M. x gig",1,TRUE
"DM","Overlap20",7,"Mb-308","ABR33","M. x gig",0,TRUE
"DM","Overlap20",7,"Mb-309","ABR33","M. x gig",1,TRUE
"DM","Overlap20",7,"Mb-31","ABR33","M. sinensis",0,TRUE
"DM","Overlap20",7,"Mb-310","ABR33","M. x gig",1,TRUE
"DM","Overlap20",7,"Mb-35","ABR33","M. sinensis",0,TRUE
"DM","Overlap20",7,"Mb-353","ABR33","M. sacchariflorus",1,TRUE
"DM","Overlap20",7,"Mb-37","ABR33","M. sinensis",1,TRUE
"DM","Overlap20",7,"Mb-383_1","ABR33","M. sacchariflorus",0,TRUE
"DM","Overlap20",7,"Mb-391","ABR33","M. sacchariflorus",1,TRUE
"DM","Overlap20",7,"Mb-393_1","ABR33","M. sacchariflorus",1,TRUE
"DM","Overlap20",7,"Mb-397","ABR33","M. sacchariflorus",1,TRUE
"DM","Overlap20",7,"Mb-399","ABR33","M. sacchariflorus",1,TRUE
"DM","Overlap20",7,"Mb-401","ABR33","M. sacchariflorus",0,TRUE
"DM","Overlap20",7,"Mb-411","ABR33","M. sacchariflorus",1,TRUE
"DM","Overlap20",7,"Mb-416","ABR33","M. sacchariflorus",0,TRUE
"DM","Overlap20",7,"Mb-425_1","ABR33","M. sacchariflorus",1,TRUE
"DM","Overlap20",7,"Mb-427_1","ABR33","M. sacchariflorus",0,TRUE
"DM","Overlap20",7,"Mb-431_1","ABR33","M. sacchariflorus",1,TRUE
"DM","Overlap20",7,"Mb-434_1","ABR33","M. sinensis",1,TRUE
"DM","Overlap20",7,"Mb-485_1","ABR33","M. sacchariflorus",1,TRUE
"DM","Overlap20",7,"Mb-486","ABR33","M. sacchariflorus",1,TRUE
"DM","Overlap20",7,"Mb-488_15","ABR33","M. sacchariflorus",0,TRUE
"DM","Overlap20",7,"Mb-490_10","ABR33","M. sacchariflorus",1,TRUE
"DM","Overlap20",7,"Mb-494_1","ABR33","M. sacchariflorus",1,TRUE
"DM","Overlap20",7,"Mb-498_1","ABR33","M. sacchariflorus",0,TRUE
"DM","Overlap20",7,"Mb-502_1","ABR33","M. sacchariflorus",0,TRUE
"DM","Overlap20",7,"Mb-505_1","ABR33","M. sacchariflorus",1,TRUE
"DM","Overlap20",7,"Mb-508","ABR33","M. sacchariflorus",0,TRUE
"DM","Overlap20",7,"Mb-526_13","ABR33","M. sinensis",0,TRUE
"DM","Overlap20",7,"Mb-527_1","ABR33","M. sinensis",1,TRUE
"DM","Overlap20",7,"Mb-533_1","ABR33","M. sinensis",0,TRUE
"DM","Overlap20",7,"Mb-539_1","ABR33","M. sinensis",1,TRUE
"DM","Overlap20",7,"Mb-585_1","ABR33","M. sinensis",1,TRUE
"DM","Overlap20",7,"Mb-628_1","ABR33","M. sacchariflorus",1,TRUE
"DM","Overlap20",7,"Mb-70","ABR33","M. sinensis",1,TRUE
"DM","Overlap20",7,"Mb-72","ABR33","M. x gig",1,TRUE
"DM","Overlap20",7,"Mb-74","ABR33","M. sinensis",0,TRUE
"DM","Overlap20",7,"Mb-76","ABR33","M. sacchariflorus",1,TRUE
"DM","Overlap20",7,"Mb-770_18","ABR33","M. sacchariflorus",0,TRUE
"DM","Overlap20",7,"Mb-779_14","ABR33","M. sacchariflorus",1,TRUE
"DM","Overlap20",7,"Mb-787_13","ABR33","M. sacchariflorus",1,TRUE
"DM","Overlap20",7,"Mb-810_11","ABR33","M. sacchariflorus",1,TRUE
"DM","Overlap20",7,"Mb-819_19","ABR33","M. sacchariflorus",1,TRUE
"DM","Overlap20",7,"Mb-851_1","ABR33","M. sinensis",0,TRUE
"DM","Overlap20",7,"Mb-86","ABR33","M. sinensis",1,TRUE
"DM","Overlap20",7,"Mb-884_1","ABR33","M. sacchariflorus",1,TRUE
"DM","Overlap20",7,"Mb-893_11","ABR33","M. sinensis",0,TRUE
"DM","Overlap20",7,"Mb-9","ABR33","M. sinensis",1,TRUE
"DM","Overlap20",7,"Mb-910_11","ABR33","M. sinensis",0,TRUE
"DM","Overlap20",7,"Mb-913_17","ABR33","M. sacchariflorus",1,TRUE
"DM","Overlap20",7,"Mb-914_13","ABR33","M. sinensis",1,TRUE
"DM","Overlap20",7,"Mb-928_18","ABR33","M. sinensis",1,TRUE
"DM","Overlap20",7,"Mb-930","ABR33","M. sinensis",1,TRUE
"DM","Overlap20",7,"Mb-931_12","ABR33","M. sinensis",1,TRUE
"DM","Overlap20",7,"Mb-933_11","ABR33","M. sinensis",1,TRUE
"DM","Overlap20",7,"Mb-935_13","ABR33","M. sinensis",1,TRUE
"DM","Overlap20",7,"Mb-94","ABR33","M. sacchariflorus",1,TRUE
"DM","Overlap20",7,"Mb-956_19","ABR33","M. sacchariflorus",1,TRUE
"DM","Overlap20",7,"Mb-958_19","ABR33","M. sacchariflorus",1,TRUE
"DM","Overlap20",7,"Mb-960_20","ABR33","M. sinensis",1,TRUE
"DM","Overlap20",7,"Mb-961_16","ABR33","M. sacchariflorus",1,TRUE
"DM","Overlap20",7,"Mb-965_15","ABR33","M. sacchariflorus",1,TRUE
"DM","Overlap20",7,"Mb-969_18","ABR33","M. sacchariflorus",1,TRUE
"DM","Overlap20",7,"Mb-974_19","ABR33","M. sinensis",1,TRUE
"DM","Overlap20",7,"Mb-99","ABR33","M. sinensis",1,TRUE
"DM","Overlap20",7,"Mx-1548_12","ABR33","M. x gig",0,TRUE
"DM","Overlap20",7,"Mx-1915_12","ABR33","M. x gig",1,TRUE
"DM","Overlap20",7,"Mx-1932_13","ABR33","M. x gig",1,TRUE
"DM","Overlap20",7,"Mx-1933_11","ABR33","M. x gig",1,TRUE
"DM","Overlap20",7,"Mx-1956_15","ABR33","M. x gig",1,TRUE
"DM","Overlap20",7,"Mx-2446_1","ABR33","M. x gig",1,TRUE
"DM","Overlap20",7,"Mx-2470_5","ABR33","M. sacchariflorus",1,TRUE
"DM","Overlap20",7,"Mx-437_90","ABR33","M. x gig",1,TRUE
"DM","Overlap20",7,"Mb-102","JKI","M. sinensis",1,TRUE
"DM","Overlap20",7,"Mb-1037_52","JKI","M. sacchariflorus",1,TRUE
"DM","Overlap20",7,"Mb-104","JKI","M. x gig",1,TRUE
"DM","Overlap20",7,"Mb-1040_17","JKI","M. sacchariflorus",1,TRUE
"DM","Overlap20",7,"Mb-1043_32","JKI","M. sacchariflorus",1,TRUE
"DM","Overlap20",7,"Mb-1044_50","JKI","M. sacchariflorus",0,TRUE
"DM","Overlap20",7,"Mb-1056_31","JKI","M. sacchariflorus",1,TRUE
"DM","Overlap20",7,"Mb-1067_18","JKI","M. sacchariflorus",1,TRUE
"DM","Overlap20",7,"Mb-1086_54","JKI","M. x gig",0,TRUE
"DM","Overlap20",7,"Mb-109","JKI","M. sinensis",0,TRUE
"DM","Overlap20",7,"Mb-110","JKI","M. sinensis",1,TRUE
"DM","Overlap20",7,"Mb-111","JKI","M. sinensis",1,TRUE
"DM","Overlap20",7,"Mb-113","JKI","M. sinensis",1,TRUE
"DM","Overlap20",7,"Mb-1130_51","JKI","M. x gig",1,TRUE
"DM","Overlap20",7,"Mb-1132_52","JKI","M. x gig",1,TRUE
"DM","Overlap20",7,"Mb-1139_19","JKI","M. sinensis",1,FALSE
"DM","Overlap20",7,"Mb-1147_12","JKI","M. sinensis",1,TRUE
"DM","Overlap20",7,"Mb-115","JKI","M. sinensis",1,TRUE
"DM","Overlap20",7,"Mb-1153_20","JKI","M. sinensis",0,TRUE
"DM","Overlap20",7,"Mb-1155_33","JKI","M. sacchariflorus",1,TRUE
"DM","Overlap20",7,"Mb-1156_13","JKI","M. sinensis",1,TRUE
"DM","Overlap20",7,"Mb-1162_20","JKI","M. sacchariflorus",1,TRUE
"DM","Overlap20",7,"Mb-1182_16","JKI","M. sinensis",1,TRUE
"DM","Overlap20",7,"Mb-1205_12","JKI","M. sinensis",1,TRUE
"DM","Overlap20",7,"Mb-1231_18","JKI","M. sinensis",1,TRUE
"DM","Overlap20",7,"Mb-1238_1","JKI","M. sinensis",1,TRUE
"DM","Overlap20",7,"Mb-1261_15","JKI","M. sacchariflorus",1,TRUE
"DM","Overlap20",7,"Mb-1353_14","JKI","M. sacchariflorus",1,TRUE
"DM","Overlap20",7,"Mb-14","JKI","M. sinensis",1,TRUE
"DM","Overlap20",7,"Mb-140","JKI","M. sacchariflorus",0,TRUE
"DM","Overlap20",7,"Mb-142","JKI","M. sacchariflorus",1,TRUE
"DM","Overlap20",7,"Mb-144","JKI","M. sacchariflorus",1,TRUE
"DM","Overlap20",7,"Mb-146","JKI","M. sacchariflorus",1,TRUE
"DM","Overlap20",7,"Mb-147","JKI","M. x gig",1,TRUE
"DM","Overlap20",7,"Mb-148","JKI","M. x gig",0,TRUE
"DM","Overlap20",7,"Mb-1485_42","JKI","M. x gig",1,TRUE
"DM","Overlap20",7,"Mb-1486_1","JKI","M. x gig",1,TRUE
"DM","Overlap20",7,"Mb-149","JKI","M. x gig",1,TRUE
"DM","Overlap20",7,"Mb-166","JKI","M. sacchariflorus",1,TRUE
"DM","Overlap20",7,"Mb-167","JKI","M. sinensis",1,TRUE
"DM","Overlap20",7,"Mb-177","JKI","M. sacchariflorus",0,TRUE
"DM","Overlap20",7,"Mb-188","JKI","M. x gig",1,TRUE
"DM","Overlap20",7,"Mb-2","JKI","M. sinensis",1,TRUE
"DM","Overlap20",7,"Mb-221","JKI","M. sinensis",1,TRUE
"DM","Overlap20",7,"Mb-226","JKI","M. sacchariflorus",0,TRUE
"DM","Overlap20",7,"Mb-229","JKI","M. sinensis",1,TRUE
"DM","Overlap20",7,"Mb-255","JKI","M. sinensis",1,TRUE
"DM","Overlap20",7,"Mb-272","JKI","M. sacchariflorus",1,TRUE
"DM","Overlap20",7,"Mb-297","JKI","M. sacchariflorus",0,TRUE
"DM","Overlap20",7,"Mb-3","JKI","M. sinensis",1,TRUE
"DM","Overlap20",7,"Mb-306","JKI","M. sinensis",1,TRUE
"DM","Overlap20",7,"Mb-307","JKI","M. x gig",1,TRUE
"DM","Overlap20",7,"Mb-308","JKI","M. x gig",1,TRUE
"DM","Overlap20",7,"Mb-309","JKI","M. x gig",1,TRUE
"DM","Overlap20",7,"Mb-31","JKI","M. sinensis",0,TRUE
"DM","Overlap20",7,"Mb-310","JKI","M. x gig",1,TRUE
"DM","Overlap20",7,"Mb-35","JKI","M. sinensis",0,TRUE
"DM","Overlap20",7,"Mb-353","JKI","M. sacchariflorus",1,TRUE
"DM","Overlap20",7,"Mb-37","JKI","M. sinensis",1,TRUE
"DM","Overlap20",7,"Mb-383_1","JKI","M. sacchariflorus",0,TRUE
"DM","Overlap20",7,"Mb-391","JKI","M. sacchariflorus",1,TRUE
"DM","Overlap20",7,"Mb-393_1","JKI","M. sacchariflorus",1,TRUE
"DM","Overlap20",7,"Mb-397","JKI","M. sacchariflorus",1,TRUE
"DM","Overlap20",7,"Mb-399","JKI","M. sacchariflorus",1,TRUE
"DM","Overlap20",7,"Mb-401","JKI","M. sacchariflorus",0,TRUE
"DM","Overlap20",7,"Mb-411","JKI","M. sacchariflorus",1,TRUE
"DM","Overlap20",7,"Mb-416","JKI","M. sacchariflorus",0,TRUE
"DM","Overlap20",7,"Mb-425_1","JKI","M. sacchariflorus",1,TRUE
"DM","Overlap20",7,"Mb-427_1","JKI","M. sacchariflorus",1,TRUE
"DM","Overlap20",7,"Mb-431_1","JKI","M. sacchariflorus",1,TRUE
"DM","Overlap20",7,"Mb-434_1","JKI","M. sinensis",1,TRUE
"DM","Overlap20",7,"Mb-485_1","JKI","M. sacchariflorus",1,TRUE
"DM","Overlap20",7,"Mb-486","JKI","M. sacchariflorus",1,TRUE
"DM","Overlap20",7,"Mb-488_15","JKI","M. sacchariflorus",0,TRUE
"DM","Overlap20",7,"Mb-490_10","JKI","M. sacchariflorus",1,TRUE
"DM","Overlap20",7,"Mb-494_1","JKI","M. sacchariflorus",1,TRUE
"DM","Overlap20",7,"Mb-498_1","JKI","M. sacchariflorus",0,TRUE
"DM","Overlap20",7,"Mb-502_1","JKI","M. sacchariflorus",0,TRUE
"DM","Overlap20",7,"Mb-505_1","JKI","M. sacchariflorus",1,TRUE
"DM","Overlap20",7,"Mb-508","JKI","M. sacchariflorus",0,TRUE
"DM","Overlap20",7,"Mb-526_13","JKI","M. sinensis",0,TRUE
"DM","Overlap20",7,"Mb-527_1","JKI","M. sinensis",1,TRUE
"DM","Overlap20",7,"Mb-533_1","JKI","M. sinensis",0,TRUE
"DM","Overlap20",7,"Mb-539_1","JKI","M. sinensis",1,TRUE
"DM","Overlap20",7,"Mb-585_1","JKI","M. sinensis",1,TRUE
"DM","Overlap20",7,"Mb-628_1","JKI","M. sacchariflorus",1,TRUE
"DM","Overlap20",7,"Mb-70","JKI","M. sinensis",1,TRUE
"DM","Overlap20",7,"Mb-72","JKI","M. x gig",1,TRUE
"DM","Overlap20",7,"Mb-74","JKI","M. sinensis",1,TRUE
"DM","Overlap20",7,"Mb-76","JKI","M. sacchariflorus",1,TRUE
"DM","Overlap20",7,"Mb-770_18","JKI","M. sacchariflorus",0,TRUE
"DM","Overlap20",7,"Mb-779_14","JKI","M. sacchariflorus",1,TRUE
"DM","Overlap20",7,"Mb-787_13","JKI","M. sacchariflorus",1,TRUE
"DM","Overlap20",7,"Mb-810_11","JKI","M. sacchariflorus",1,TRUE
"DM","Overlap20",7,"Mb-819_19","JKI","M. sacchariflorus",1,TRUE
"DM","Overlap20",7,"Mb-851_1","JKI","M. sinensis",0,TRUE
"DM","Overlap20",7,"Mb-86","JKI","M. sinensis",1,TRUE
"DM","Overlap20",7,"Mb-884_1","JKI","M. sacchariflorus",1,TRUE
"DM","Overlap20",7,"Mb-893_11","JKI","M. sinensis",0,TRUE
"DM","Overlap20",7,"Mb-9","JKI","M. sinensis",1,TRUE
"DM","Overlap20",7,"Mb-910_11","JKI","M. sinensis",1,TRUE
"DM","Overlap20",7,"Mb-913_17","JKI","M. sacchariflorus",1,TRUE
"DM","Overlap20",7,"Mb-914_13","JKI","M. sinensis",1,TRUE
"DM","Overlap20",7,"Mb-928_18","JKI","M. sinensis",1,TRUE
"DM","Overlap20",7,"Mb-930","JKI","M. sinensis",1,TRUE
"DM","Overlap20",7,"Mb-931_12","JKI","M. sinensis",1,TRUE
"DM","Overlap20",7,"Mb-933_11","JKI","M. sinensis",1,TRUE
"DM","Overlap20",7,"Mb-935_13","JKI","M. sinensis",1,TRUE
"DM","Overlap20",7,"Mb-94","JKI","M. sacchariflorus",1,TRUE
"DM","Overlap20",7,"Mb-956_19","JKI","M. sacchariflorus",1,TRUE
"DM","Overlap20",7,"Mb-958_19","JKI","M. sacchariflorus",1,TRUE
"DM","Overlap20",7,"Mb-960_20","JKI","M. sinensis",1,TRUE
"DM","Overlap20",7,"Mb-961_16","JKI","M. sacchariflorus",1,TRUE
"DM","Overlap20",7,"Mb-965_15","JKI","M. sacchariflorus",1,TRUE
"DM","Overlap20",7,"Mb-969_18","JKI","M. sacchariflorus",1,TRUE
"DM","Overlap20",7,"Mb-974_19","JKI","M. sinensis",1,TRUE
"DM","Overlap20",7,"Mb-99","JKI","M. sinensis",1,TRUE
"DM","Overlap20",7,"Mx-1548_12","JKI","M. x gig",0,TRUE
"DM","Overlap20",7,"Mx-1915_12","JKI","M. x gig",1,TRUE
"DM","Overlap20",7,"Mx-1932_13","JKI","M. x gig",1,TRUE
"DM","Overlap20",7,"Mx-1933_11","JKI","M. x gig",1,TRUE
"DM","Overlap20",7,"Mx-1956_15","JKI","M. x gig",1,TRUE
"DM","Overlap20",7,"Mx-2446_1","JKI","M. x gig",1,TRUE
"DM","Overlap20",7,"Mx-2470_5","JKI","M. sacchariflorus",1,TRUE
"DM","Overlap20",7,"Mx-437_90","JKI","M. x gig",0,TRUE
"DM","Overlap20",8,"Mb-102","ABR33","M. sinensis",1,TRUE
"DM","Overlap20",8,"Mb-1037_52","ABR33","M. sacchariflorus",1,TRUE
"DM","Overlap20",8,"Mb-104","ABR33","M. x gig",1,TRUE
"DM","Overlap20",8,"Mb-1040_17","ABR33","M. sacchariflorus",1,TRUE
"DM","Overlap20",8,"Mb-1043_32","ABR33","M. sacchariflorus",1,TRUE
"DM","Overlap20",8,"Mb-1044_50","ABR33","M. sacchariflorus",1,TRUE
"DM","Overlap20",8,"Mb-1056_31","ABR33","M. sacchariflorus",1,TRUE
"DM","Overlap20",8,"Mb-1067_18","ABR33","M. sacchariflorus",1,TRUE
"DM","Overlap20",8,"Mb-1086_54","ABR33","M. x gig",1,TRUE
"DM","Overlap20",8,"Mb-109","ABR33","M. sinensis",1,TRUE
"DM","Overlap20",8,"Mb-110","ABR33","M. sinensis",0,TRUE
"DM","Overlap20",8,"Mb-111","ABR33","M. sinensis",0,TRUE
"DM","Overlap20",8,"Mb-113","ABR33","M. sinensis",1,TRUE
"DM","Overlap20",8,"Mb-1130_51","ABR33","M. x gig",1,TRUE
"DM","Overlap20",8,"Mb-1132_52","ABR33","M. x gig",0,TRUE
"DM","Overlap20",8,"Mb-1139_19","ABR33","M. sinensis",1,TRUE
"DM","Overlap20",8,"Mb-1147_12","ABR33","M. sinensis",0,TRUE
"DM","Overlap20",8,"Mb-115","ABR33","M. sinensis",1,TRUE
"DM","Overlap20",8,"Mb-1153_20","ABR33","M. sinensis",1,TRUE
"DM","Overlap20",8,"Mb-1155_33","ABR33","M. sacchariflorus",0,TRUE
"DM","Overlap20",8,"Mb-1156_13","ABR33","M. sinensis",0,TRUE
"DM","Overlap20",8,"Mb-1162_20","ABR33","M. sacchariflorus",1,TRUE
"DM","Overlap20",8,"Mb-1182_16","ABR33","M. sinensis",1,TRUE
"DM","Overlap20",8,"Mb-1205_12","ABR33","M. sinensis",0,TRUE
"DM","Overlap20",8,"Mb-1231_18","ABR33","M. sinensis",1,TRUE
"DM","Overlap20",8,"Mb-1238_1","ABR33","M. sinensis",1,TRUE
"DM","Overlap20",8,"Mb-1261_15","ABR33","M. sacchariflorus",0,TRUE
"DM","Overlap20",8,"Mb-1353_14","ABR33","M. sacchariflorus",1,TRUE
"DM","Overlap20",8,"Mb-14","ABR33","M. sinensis",1,TRUE
"DM","Overlap20",8,"Mb-140","ABR33","M. sacchariflorus",1,TRUE
"DM","Overlap20",8,"Mb-142","ABR33","M. sacchariflorus",1,TRUE
"DM","Overlap20",8,"Mb-144","ABR33","M. sacchariflorus",1,TRUE
"DM","Overlap20",8,"Mb-146","ABR33","M. sacchariflorus",1,TRUE
"DM","Overlap20",8,"Mb-147","ABR33","M. x gig",1,TRUE
"DM","Overlap20",8,"Mb-148","ABR33","M. x gig",1,TRUE
"DM","Overlap20",8,"Mb-1485_42","ABR33","M. x gig",1,TRUE
"DM","Overlap20",8,"Mb-1486_1","ABR33","M. x gig",1,TRUE
"DM","Overlap20",8,"Mb-149","ABR33","M. x gig",1,TRUE
"DM","Overlap20",8,"Mb-166","ABR33","M. sacchariflorus",0,TRUE
"DM","Overlap20",8,"Mb-167","ABR33","M. sinensis",0,TRUE
"DM","Overlap20",8,"Mb-177","ABR33","M. sacchariflorus",1,TRUE
"DM","Overlap20",8,"Mb-188","ABR33","M. x gig",1,TRUE
"DM","Overlap20",8,"Mb-2","ABR33","M. sinensis",1,TRUE
"DM","Overlap20",8,"Mb-221","ABR33","M. sinensis",1,TRUE
"DM","Overlap20",8,"Mb-226","ABR33","M. sacchariflorus",1,TRUE
"DM","Overlap20",8,"Mb-229","ABR33","M. sinensis",1,TRUE
"DM","Overlap20",8,"Mb-255","ABR33","M. sinensis",1,TRUE
"DM","Overlap20",8,"Mb-272","ABR33","M. sacchariflorus",1,TRUE
"DM","Overlap20",8,"Mb-297","ABR33","M. sacchariflorus",1,TRUE
"DM","Overlap20",8,"Mb-3","ABR33","M. sinensis",1,TRUE
"DM","Overlap20",8,"Mb-306","ABR33","M. sinensis",1,TRUE
"DM","Overlap20",8,"Mb-307","ABR33","M. x gig",0,TRUE
"DM","Overlap20",8,"Mb-308","ABR33","M. x gig",1,TRUE
"DM","Overlap20",8,"Mb-309","ABR33","M. x gig",1,TRUE
"DM","Overlap20",8,"Mb-31","ABR33","M. sinensis",1,TRUE
"DM","Overlap20",8,"Mb-310","ABR33","M. x gig",1,TRUE
"DM","Overlap20",8,"Mb-35","ABR33","M. sinensis",0,TRUE
"DM","Overlap20",8,"Mb-353","ABR33","M. sacchariflorus",1,TRUE
"DM","Overlap20",8,"Mb-37","ABR33","M. sinensis",1,TRUE
"DM","Overlap20",8,"Mb-383_1","ABR33","M. sacchariflorus",1,TRUE
"DM","Overlap20",8,"Mb-391","ABR33","M. sacchariflorus",0,TRUE
"DM","Overlap20",8,"Mb-393_1","ABR33","M. sacchariflorus",1,TRUE
"DM","Overlap20",8,"Mb-397","ABR33","M. sacchariflorus",1,TRUE
"DM","Overlap20",8,"Mb-399","ABR33","M. sacchariflorus",1,TRUE
"DM","Overlap20",8,"Mb-401","ABR33","M. sacchariflorus",1,TRUE
"DM","Overlap20",8,"Mb-411","ABR33","M. sacchariflorus",1,TRUE
"DM","Overlap20",8,"Mb-416","ABR33","M. sacchariflorus",0,TRUE
"DM","Overlap20",8,"Mb-425_1","ABR33","M. sacchariflorus",1,TRUE
"DM","Overlap20",8,"Mb-427_1","ABR33","M. sacchariflorus",1,TRUE
"DM","Overlap20",8,"Mb-431_1","ABR33","M. sacchariflorus",1,TRUE
"DM","Overlap20",8,"Mb-434_1","ABR33","M. sinensis",1,TRUE
"DM","Overlap20",8,"Mb-485_1","ABR33","M. sacchariflorus",0,TRUE
"DM","Overlap20",8,"Mb-486","ABR33","M. sacchariflorus",1,TRUE
"DM","Overlap20",8,"Mb-488_15","ABR33","M. sacchariflorus",1,TRUE
"DM","Overlap20",8,"Mb-490_10","ABR33","M. sacchariflorus",1,TRUE
"DM","Overlap20",8,"Mb-494_1","ABR33","M. sacchariflorus",0,TRUE
"DM","Overlap20",8,"Mb-498_1","ABR33","M. sacchariflorus",1,TRUE
"DM","Overlap20",8,"Mb-502_1","ABR33","M. sacchariflorus",1,TRUE
"DM","Overlap20",8,"Mb-505_1","ABR33","M. sacchariflorus",1,TRUE
"DM","Overlap20",8,"Mb-508","ABR33","M. sacchariflorus",1,TRUE
"DM","Overlap20",8,"Mb-526_13","ABR33","M. sinensis",1,TRUE
"DM","Overlap20",8,"Mb-527_1","ABR33","M. sinensis",1,TRUE
"DM","Overlap20",8,"Mb-533_1","ABR33","M. sinensis",1,TRUE
"DM","Overlap20",8,"Mb-539_1","ABR33","M. sinensis",1,TRUE
"DM","Overlap20",8,"Mb-585_1","ABR33","M. sinensis",0,TRUE
"DM","Overlap20",8,"Mb-628_1","ABR33","M. sacchariflorus",1,TRUE
"DM","Overlap20",8,"Mb-70","ABR33","M. sinensis",0,TRUE
"DM","Overlap20",8,"Mb-72","ABR33","M. x gig",1,TRUE
"DM","Overlap20",8,"Mb-74","ABR33","M. sinensis",1,TRUE
"DM","Overlap20",8,"Mb-76","ABR33","M. sacchariflorus",1,TRUE
"DM","Overlap20",8,"Mb-770_18","ABR33","M. sacchariflorus",0,TRUE
"DM","Overlap20",8,"Mb-779_14","ABR33","M. sacchariflorus",1,TRUE
"DM","Overlap20",8,"Mb-787_13","ABR33","M. sacchariflorus",1,TRUE
"DM","Overlap20",8,"Mb-810_11","ABR33","M. sacchariflorus",1,TRUE
"DM","Overlap20",8,"Mb-819_19","ABR33","M. sacchariflorus",1,TRUE
"DM","Overlap20",8,"Mb-851_1","ABR33","M. sinensis",1,TRUE
"DM","Overlap20",8,"Mb-86","ABR33","M. sinensis",0,TRUE
"DM","Overlap20",8,"Mb-884_1","ABR33","M. sacchariflorus",1,TRUE
"DM","Overlap20",8,"Mb-893_11","ABR33","M. sinensis",1,TRUE
"DM","Overlap20",8,"Mb-9","ABR33","M. sinensis",1,TRUE
"DM","Overlap20",8,"Mb-910_11","ABR33","M. sinensis",1,TRUE
"DM","Overlap20",8,"Mb-913_17","ABR33","M. sacchariflorus",1,TRUE
"DM","Overlap20",8,"Mb-914_13","ABR33","M. sinensis",0,TRUE
"DM","Overlap20",8,"Mb-928_18","ABR33","M. sinensis",1,TRUE
"DM","Overlap20",8,"Mb-930","ABR33","M. sinensis",1,TRUE
"DM","Overlap20",8,"Mb-931_12","ABR33","M. sinensis",0,TRUE
"DM","Overlap20",8,"Mb-933_11","ABR33","M. sinensis",1,TRUE
"DM","Overlap20",8,"Mb-935_13","ABR33","M. sinensis",0,TRUE
"DM","Overlap20",8,"Mb-94","ABR33","M. sacchariflorus",1,TRUE
"DM","Overlap20",8,"Mb-956_19","ABR33","M. sacchariflorus",1,TRUE
"DM","Overlap20",8,"Mb-958_19","ABR33","M. sacchariflorus",1,TRUE
"DM","Overlap20",8,"Mb-960_20","ABR33","M. sinensis",1,TRUE
"DM","Overlap20",8,"Mb-961_16","ABR33","M. sacchariflorus",1,TRUE
"DM","Overlap20",8,"Mb-965_15","ABR33","M. sacchariflorus",0,TRUE
"DM","Overlap20",8,"Mb-969_18","ABR33","M. sacchariflorus",1,TRUE
"DM","Overlap20",8,"Mb-974_19","ABR33","M. sinensis",1,TRUE
"DM","Overlap20",8,"Mb-99","ABR33","M. sinensis",1,TRUE
"DM","Overlap20",8,"Mx-1548_12","ABR33","M. x gig",1,TRUE
"DM","Overlap20",8,"Mx-1915_12","ABR33","M. x gig",0,TRUE
"DM","Overlap20",8,"Mx-1932_13","ABR33","M. x gig",1,TRUE
"DM","Overlap20",8,"Mx-1933_11","ABR33","M. x gig",1,TRUE
"DM","Overlap20",8,"Mx-1956_15","ABR33","M. x gig",1,TRUE
"DM","Overlap20",8,"Mx-2446_1","ABR33","M. x gig",1,TRUE
"DM","Overlap20",8,"Mx-2470_5","ABR33","M. sacchariflorus",1,TRUE
"DM","Overlap20",8,"Mx-437_90","ABR33","M. x gig",1,TRUE
"DM","Overlap20",8,"Mb-102","JKI","M. sinensis",1,TRUE
"DM","Overlap20",8,"Mb-1037_52","JKI","M. sacchariflorus",1,TRUE
"DM","Overlap20",8,"Mb-104","JKI","M. x gig",1,TRUE
"DM","Overlap20",8,"Mb-1040_17","JKI","M. sacchariflorus",1,TRUE
"DM","Overlap20",8,"Mb-1043_32","JKI","M. sacchariflorus",1,TRUE
"DM","Overlap20",8,"Mb-1044_50","JKI","M. sacchariflorus",1,TRUE
"DM","Overlap20",8,"Mb-1056_31","JKI","M. sacchariflorus",1,TRUE
"DM","Overlap20",8,"Mb-1067_18","JKI","M. sacchariflorus",1,TRUE
"DM","Overlap20",8,"Mb-1086_54","JKI","M. x gig",1,TRUE
"DM","Overlap20",8,"Mb-109","JKI","M. sinensis",1,TRUE
"DM","Overlap20",8,"Mb-110","JKI","M. sinensis",0,TRUE
"DM","Overlap20",8,"Mb-111","JKI","M. sinensis",0,TRUE
"DM","Overlap20",8,"Mb-113","JKI","M. sinensis",0,TRUE
"DM","Overlap20",8,"Mb-1130_51","JKI","M. x gig",1,TRUE
"DM","Overlap20",8,"Mb-1132_52","JKI","M. x gig",0,TRUE
"DM","Overlap20",8,"Mb-1139_19","JKI","M. sinensis",1,FALSE
"DM","Overlap20",8,"Mb-1147_12","JKI","M. sinensis",0,TRUE
"DM","Overlap20",8,"Mb-115","JKI","M. sinensis",1,TRUE
"DM","Overlap20",8,"Mb-1153_20","JKI","M. sinensis",1,TRUE
"DM","Overlap20",8,"Mb-1155_33","JKI","M. sacchariflorus",0,TRUE
"DM","Overlap20",8,"Mb-1156_13","JKI","M. sinensis",0,TRUE
"DM","Overlap20",8,"Mb-1162_20","JKI","M. sacchariflorus",1,TRUE
"DM","Overlap20",8,"Mb-1182_16","JKI","M. sinensis",1,TRUE
"DM","Overlap20",8,"Mb-1205_12","JKI","M. sinensis",0,TRUE
"DM","Overlap20",8,"Mb-1231_18","JKI","M. sinensis",1,TRUE
"DM","Overlap20",8,"Mb-1238_1","JKI","M. sinensis",1,TRUE
"DM","Overlap20",8,"Mb-1261_15","JKI","M. sacchariflorus",1,TRUE
"DM","Overlap20",8,"Mb-1353_14","JKI","M. sacchariflorus",1,TRUE
"DM","Overlap20",8,"Mb-14","JKI","M. sinensis",1,TRUE
"DM","Overlap20",8,"Mb-140","JKI","M. sacchariflorus",1,TRUE
"DM","Overlap20",8,"Mb-142","JKI","M. sacchariflorus",1,TRUE
"DM","Overlap20",8,"Mb-144","JKI","M. sacchariflorus",1,TRUE
"DM","Overlap20",8,"Mb-146","JKI","M. sacchariflorus",1,TRUE
"DM","Overlap20",8,"Mb-147","JKI","M. x gig",1,TRUE
"DM","Overlap20",8,"Mb-148","JKI","M. x gig",1,TRUE
"DM","Overlap20",8,"Mb-1485_42","JKI","M. x gig",1,TRUE
"DM","Overlap20",8,"Mb-1486_1","JKI","M. x gig",1,TRUE
"DM","Overlap20",8,"Mb-149","JKI","M. x gig",1,TRUE
"DM","Overlap20",8,"Mb-166","JKI","M. sacchariflorus",0,TRUE
"DM","Overlap20",8,"Mb-167","JKI","M. sinensis",0,TRUE
"DM","Overlap20",8,"Mb-177","JKI","M. sacchariflorus",1,TRUE
"DM","Overlap20",8,"Mb-188","JKI","M. x gig",1,TRUE
"DM","Overlap20",8,"Mb-2","JKI","M. sinensis",1,TRUE
"DM","Overlap20",8,"Mb-221","JKI","M. sinensis",1,TRUE
"DM","Overlap20",8,"Mb-226","JKI","M. sacchariflorus",1,TRUE
"DM","Overlap20",8,"Mb-229","JKI","M. sinensis",1,TRUE
"DM","Overlap20",8,"Mb-255","JKI","M. sinensis",1,TRUE
"DM","Overlap20",8,"Mb-272","JKI","M. sacchariflorus",1,TRUE
"DM","Overlap20",8,"Mb-297","JKI","M. sacchariflorus",1,TRUE
"DM","Overlap20",8,"Mb-3","JKI","M. sinensis",1,TRUE
"DM","Overlap20",8,"Mb-306","JKI","M. sinensis",1,TRUE
"DM","Overlap20",8,"Mb-307","JKI","M. x gig",0,TRUE
"DM","Overlap20",8,"Mb-308","JKI","M. x gig",1,TRUE
"DM","Overlap20",8,"Mb-309","JKI","M. x gig",1,TRUE
"DM","Overlap20",8,"Mb-31","JKI","M. sinensis",1,TRUE
"DM","Overlap20",8,"Mb-310","JKI","M. x gig",1,TRUE
"DM","Overlap20",8,"Mb-35","JKI","M. sinensis",0,TRUE
"DM","Overlap20",8,"Mb-353","JKI","M. sacchariflorus",1,TRUE
"DM","Overlap20",8,"Mb-37","JKI","M. sinensis",1,TRUE
"DM","Overlap20",8,"Mb-383_1","JKI","M. sacchariflorus",1,TRUE
"DM","Overlap20",8,"Mb-391","JKI","M. sacchariflorus",0,TRUE
"DM","Overlap20",8,"Mb-393_1","JKI","M. sacchariflorus",1,TRUE
"DM","Overlap20",8,"Mb-397","JKI","M. sacchariflorus",1,TRUE
"DM","Overlap20",8,"Mb-399","JKI","M. sacchariflorus",0,TRUE
"DM","Overlap20",8,"Mb-401","JKI","M. sacchariflorus",1,TRUE
"DM","Overlap20",8,"Mb-411","JKI","M. sacchariflorus",1,TRUE
"DM","Overlap20",8,"Mb-416","JKI","M. sacchariflorus",0,TRUE
"DM","Overlap20",8,"Mb-425_1","JKI","M. sacchariflorus",1,TRUE
"DM","Overlap20",8,"Mb-427_1","JKI","M. sacchariflorus",1,TRUE
"DM","Overlap20",8,"Mb-431_1","JKI","M. sacchariflorus",1,TRUE
"DM","Overlap20",8,"Mb-434_1","JKI","M. sinensis",1,TRUE
"DM","Overlap20",8,"Mb-485_1","JKI","M. sacchariflorus",1,TRUE
"DM","Overlap20",8,"Mb-486","JKI","M. sacchariflorus",1,TRUE
"DM","Overlap20",8,"Mb-488_15","JKI","M. sacchariflorus",0,TRUE
"DM","Overlap20",8,"Mb-490_10","JKI","M. sacchariflorus",1,TRUE
"DM","Overlap20",8,"Mb-494_1","JKI","M. sacchariflorus",0,TRUE
"DM","Overlap20",8,"Mb-498_1","JKI","M. sacchariflorus",1,TRUE
"DM","Overlap20",8,"Mb-502_1","JKI","M. sacchariflorus",1,TRUE
"DM","Overlap20",8,"Mb-505_1","JKI","M. sacchariflorus",1,TRUE
"DM","Overlap20",8,"Mb-508","JKI","M. sacchariflorus",1,TRUE
"DM","Overlap20",8,"Mb-526_13","JKI","M. sinensis",1,TRUE
"DM","Overlap20",8,"Mb-527_1","JKI","M. sinensis",1,TRUE
"DM","Overlap20",8,"Mb-533_1","JKI","M. sinensis",1,TRUE
"DM","Overlap20",8,"Mb-539_1","JKI","M. sinensis",1,TRUE
"DM","Overlap20",8,"Mb-585_1","JKI","M. sinensis",1,TRUE
"DM","Overlap20",8,"Mb-628_1","JKI","M. sacchariflorus",1,TRUE
"DM","Overlap20",8,"Mb-70","JKI","M. sinensis",0,TRUE
"DM","Overlap20",8,"Mb-72","JKI","M. x gig",1,TRUE
"DM","Overlap20",8,"Mb-74","JKI","M. sinensis",1,TRUE
"DM","Overlap20",8,"Mb-76","JKI","M. sacchariflorus",1,TRUE
"DM","Overlap20",8,"Mb-770_18","JKI","M. sacchariflorus",0,TRUE
"DM","Overlap20",8,"Mb-779_14","JKI","M. sacchariflorus",1,TRUE
"DM","Overlap20",8,"Mb-787_13","JKI","M. sacchariflorus",1,TRUE
"DM","Overlap20",8,"Mb-810_11","JKI","M. sacchariflorus",1,TRUE
"DM","Overlap20",8,"Mb-819_19","JKI","M. sacchariflorus",1,TRUE
"DM","Overlap20",8,"Mb-851_1","JKI","M. sinensis",1,TRUE
"DM","Overlap20",8,"Mb-86","JKI","M. sinensis",1,TRUE
"DM","Overlap20",8,"Mb-884_1","JKI","M. sacchariflorus",1,TRUE
"DM","Overlap20",8,"Mb-893_11","JKI","M. sinensis",1,TRUE
"DM","Overlap20",8,"Mb-9","JKI","M. sinensis",1,TRUE
"DM","Overlap20",8,"Mb-910_11","JKI","M. sinensis",1,TRUE
"DM","Overlap20",8,"Mb-913_17","JKI","M. sacchariflorus",1,TRUE
"DM","Overlap20",8,"Mb-914_13","JKI","M. sinensis",1,TRUE
"DM","Overlap20",8,"Mb-928_18","JKI","M. sinensis",1,TRUE
"DM","Overlap20",8,"Mb-930","JKI","M. sinensis",1,TRUE
"DM","Overlap20",8,"Mb-931_12","JKI","M. sinensis",0,TRUE
"DM","Overlap20",8,"Mb-933_11","JKI","M. sinensis",1,TRUE
"DM","Overlap20",8,"Mb-935_13","JKI","M. sinensis",0,TRUE
"DM","Overlap20",8,"Mb-94","JKI","M. sacchariflorus",1,TRUE
"DM","Overlap20",8,"Mb-956_19","JKI","M. sacchariflorus",1,TRUE
"DM","Overlap20",8,"Mb-958_19","JKI","M. sacchariflorus",1,TRUE
"DM","Overlap20",8,"Mb-960_20","JKI","M. sinensis",1,TRUE
"DM","Overlap20",8,"Mb-961_16","JKI","M. sacchariflorus",1,TRUE
"DM","Overlap20",8,"Mb-965_15","JKI","M. sacchariflorus",0,TRUE
"DM","Overlap20",8,"Mb-969_18","JKI","M. sacchariflorus",1,TRUE
"DM","Overlap20",8,"Mb-974_19","JKI","M. sinensis",1,TRUE
"DM","Overlap20",8,"Mb-99","JKI","M. sinensis",1,TRUE
"DM","Overlap20",8,"Mx-1548_12","JKI","M. x gig",1,TRUE
"DM","Overlap20",8,"Mx-1915_12","JKI","M. x gig",0,TRUE
"DM","Overlap20",8,"Mx-1932_13","JKI","M. x gig",1,TRUE
"DM","Overlap20",8,"Mx-1933_11","JKI","M. x gig",1,TRUE
"DM","Overlap20",8,"Mx-1956_15","JKI","M. x gig",0,TRUE
"DM","Overlap20",8,"Mx-2446_1","JKI","M. x gig",1,TRUE
"DM","Overlap20",8,"Mx-2470_5","JKI","M. sacchariflorus",1,TRUE
"DM","Overlap20",8,"Mx-437_90","JKI","M. x gig",0,TRUE
"DM","Overlap20",9,"Mb-102","ABR33","M. sinensis",1,TRUE
"DM","Overlap20",9,"Mb-1037_52","ABR33","M. sacchariflorus",1,TRUE
"DM","Overlap20",9,"Mb-104","ABR33","M. x gig",1,TRUE
"DM","Overlap20",9,"Mb-1040_17","ABR33","M. sacchariflorus",0,TRUE
"DM","Overlap20",9,"Mb-1043_32","ABR33","M. sacchariflorus",0,TRUE
"DM","Overlap20",9,"Mb-1044_50","ABR33","M. sacchariflorus",0,TRUE
"DM","Overlap20",9,"Mb-1056_31","ABR33","M. sacchariflorus",1,TRUE
"DM","Overlap20",9,"Mb-1067_18","ABR33","M. sacchariflorus",1,TRUE
"DM","Overlap20",9,"Mb-1086_54","ABR33","M. x gig",0,TRUE
"DM","Overlap20",9,"Mb-109","ABR33","M. sinensis",1,TRUE
"DM","Overlap20",9,"Mb-110","ABR33","M. sinensis",1,TRUE
"DM","Overlap20",9,"Mb-111","ABR33","M. sinensis",1,TRUE
"DM","Overlap20",9,"Mb-113","ABR33","M. sinensis",1,TRUE
"DM","Overlap20",9,"Mb-1130_51","ABR33","M. x gig",1,TRUE
"DM","Overlap20",9,"Mb-1132_52","ABR33","M. x gig",1,TRUE
"DM","Overlap20",9,"Mb-1139_19","ABR33","M. sinensis",1,TRUE
"DM","Overlap20",9,"Mb-1147_12","ABR33","M. sinensis",1,TRUE
"DM","Overlap20",9,"Mb-115","ABR33","M. sinensis",1,TRUE
"DM","Overlap20",9,"Mb-1153_20","ABR33","M. sinensis",0,TRUE
"DM","Overlap20",9,"Mb-1155_33","ABR33","M. sacchariflorus",1,TRUE
"DM","Overlap20",9,"Mb-1156_13","ABR33","M. sinensis",1,TRUE
"DM","Overlap20",9,"Mb-1162_20","ABR33","M. sacchariflorus",1,TRUE
"DM","Overlap20",9,"Mb-1182_16","ABR33","M. sinensis",0,TRUE
"DM","Overlap20",9,"Mb-1205_12","ABR33","M. sinensis",1,TRUE
"DM","Overlap20",9,"Mb-1231_18","ABR33","M. sinensis",1,TRUE
"DM","Overlap20",9,"Mb-1238_1","ABR33","M. sinensis",1,TRUE
"DM","Overlap20",9,"Mb-1261_15","ABR33","M. sacchariflorus",1,TRUE
"DM","Overlap20",9,"Mb-1353_14","ABR33","M. sacchariflorus",1,TRUE
"DM","Overlap20",9,"Mb-14","ABR33","M. sinensis",0,TRUE
"DM","Overlap20",9,"Mb-140","ABR33","M. sacchariflorus",1,TRUE
"DM","Overlap20",9,"Mb-142","ABR33","M. sacchariflorus",1,TRUE
"DM","Overlap20",9,"Mb-144","ABR33","M. sacchariflorus",1,TRUE
"DM","Overlap20",9,"Mb-146","ABR33","M. sacchariflorus",1,TRUE
"DM","Overlap20",9,"Mb-147","ABR33","M. x gig",1,TRUE
"DM","Overlap20",9,"Mb-148","ABR33","M. x gig",1,TRUE
"DM","Overlap20",9,"Mb-1485_42","ABR33","M. x gig",1,TRUE
"DM","Overlap20",9,"Mb-1486_1","ABR33","M. x gig",1,TRUE
"DM","Overlap20",9,"Mb-149","ABR33","M. x gig",1,TRUE
"DM","Overlap20",9,"Mb-166","ABR33","M. sacchariflorus",1,TRUE
"DM","Overlap20",9,"Mb-167","ABR33","M. sinensis",0,TRUE
"DM","Overlap20",9,"Mb-177","ABR33","M. sacchariflorus",1,TRUE
"DM","Overlap20",9,"Mb-188","ABR33","M. x gig",1,TRUE
"DM","Overlap20",9,"Mb-2","ABR33","M. sinensis",0,TRUE
"DM","Overlap20",9,"Mb-221","ABR33","M. sinensis",0,TRUE
"DM","Overlap20",9,"Mb-226","ABR33","M. sacchariflorus",1,TRUE
"DM","Overlap20",9,"Mb-229","ABR33","M. sinensis",1,TRUE
"DM","Overlap20",9,"Mb-255","ABR33","M. sinensis",1,TRUE
"DM","Overlap20",9,"Mb-272","ABR33","M. sacchariflorus",1,TRUE
"DM","Overlap20",9,"Mb-297","ABR33","M. sacchariflorus",1,TRUE
"DM","Overlap20",9,"Mb-3","ABR33","M. sinensis",1,TRUE
"DM","Overlap20",9,"Mb-306","ABR33","M. sinensis",1,TRUE
"DM","Overlap20",9,"Mb-307","ABR33","M. x gig",1,TRUE
"DM","Overlap20",9,"Mb-308","ABR33","M. x gig",1,TRUE
"DM","Overlap20",9,"Mb-309","ABR33","M. x gig",0,TRUE
"DM","Overlap20",9,"Mb-31","ABR33","M. sinensis",1,TRUE
"DM","Overlap20",9,"Mb-310","ABR33","M. x gig",1,TRUE
"DM","Overlap20",9,"Mb-35","ABR33","M. sinensis",0,TRUE
"DM","Overlap20",9,"Mb-353","ABR33","M. sacchariflorus",1,TRUE
"DM","Overlap20",9,"Mb-37","ABR33","M. sinensis",1,TRUE
"DM","Overlap20",9,"Mb-383_1","ABR33","M. sacchariflorus",0,TRUE
"DM","Overlap20",9,"Mb-391","ABR33","M. sacchariflorus",1,TRUE
"DM","Overlap20",9,"Mb-393_1","ABR33","M. sacchariflorus",1,TRUE
"DM","Overlap20",9,"Mb-397","ABR33","M. sacchariflorus",1,TRUE
"DM","Overlap20",9,"Mb-399","ABR33","M. sacchariflorus",1,TRUE
"DM","Overlap20",9,"Mb-401","ABR33","M. sacchariflorus",1,TRUE
"DM","Overlap20",9,"Mb-411","ABR33","M. sacchariflorus",1,TRUE
"DM","Overlap20",9,"Mb-416","ABR33","M. sacchariflorus",0,TRUE
"DM","Overlap20",9,"Mb-425_1","ABR33","M. sacchariflorus",1,TRUE
"DM","Overlap20",9,"Mb-427_1","ABR33","M. sacchariflorus",1,TRUE
"DM","Overlap20",9,"Mb-431_1","ABR33","M. sacchariflorus",0,TRUE
"DM","Overlap20",9,"Mb-434_1","ABR33","M. sinensis",1,TRUE
"DM","Overlap20",9,"Mb-485_1","ABR33","M. sacchariflorus",1,TRUE
"DM","Overlap20",9,"Mb-486","ABR33","M. sacchariflorus",1,TRUE
"DM","Overlap20",9,"Mb-488_15","ABR33","M. sacchariflorus",0,TRUE
"DM","Overlap20",9,"Mb-490_10","ABR33","M. sacchariflorus",0,TRUE
"DM","Overlap20",9,"Mb-494_1","ABR33","M. sacchariflorus",1,TRUE
"DM","Overlap20",9,"Mb-498_1","ABR33","M. sacchariflorus",1,TRUE
"DM","Overlap20",9,"Mb-502_1","ABR33","M. sacchariflorus",1,TRUE
"DM","Overlap20",9,"Mb-505_1","ABR33","M. sacchariflorus",1,TRUE
"DM","Overlap20",9,"Mb-508","ABR33","M. sacchariflorus",1,TRUE
"DM","Overlap20",9,"Mb-526_13","ABR33","M. sinensis",1,TRUE
"DM","Overlap20",9,"Mb-527_1","ABR33","M. sinensis",1,TRUE
"DM","Overlap20",9,"Mb-533_1","ABR33","M. sinensis",1,TRUE
"DM","Overlap20",9,"Mb-539_1","ABR33","M. sinensis",0,TRUE
"DM","Overlap20",9,"Mb-585_1","ABR33","M. sinensis",0,TRUE
"DM","Overlap20",9,"Mb-628_1","ABR33","M. sacchariflorus",1,TRUE
"DM","Overlap20",9,"Mb-70","ABR33","M. sinensis",1,TRUE
"DM","Overlap20",9,"Mb-72","ABR33","M. x gig",1,TRUE
"DM","Overlap20",9,"Mb-74","ABR33","M. sinensis",1,TRUE
"DM","Overlap20",9,"Mb-76","ABR33","M. sacchariflorus",1,TRUE
"DM","Overlap20",9,"Mb-770_18","ABR33","M. sacchariflorus",1,TRUE
"DM","Overlap20",9,"Mb-779_14","ABR33","M. sacchariflorus",1,TRUE
"DM","Overlap20",9,"Mb-787_13","ABR33","M. sacchariflorus",1,TRUE
"DM","Overlap20",9,"Mb-810_11","ABR33","M. sacchariflorus",0,TRUE
"DM","Overlap20",9,"Mb-819_19","ABR33","M. sacchariflorus",1,TRUE
"DM","Overlap20",9,"Mb-851_1","ABR33","M. sinensis",1,TRUE
"DM","Overlap20",9,"Mb-86","ABR33","M. sinensis",1,TRUE
"DM","Overlap20",9,"Mb-884_1","ABR33","M. sacchariflorus",1,TRUE
"DM","Overlap20",9,"Mb-893_11","ABR33","M. sinensis",1,TRUE
"DM","Overlap20",9,"Mb-9","ABR33","M. sinensis",1,TRUE
"DM","Overlap20",9,"Mb-910_11","ABR33","M. sinensis",0,TRUE
"DM","Overlap20",9,"Mb-913_17","ABR33","M. sacchariflorus",1,TRUE
"DM","Overlap20",9,"Mb-914_13","ABR33","M. sinensis",1,TRUE
"DM","Overlap20",9,"Mb-928_18","ABR33","M. sinensis",1,TRUE
"DM","Overlap20",9,"Mb-930","ABR33","M. sinensis",1,TRUE
"DM","Overlap20",9,"Mb-931_12","ABR33","M. sinensis",1,TRUE
"DM","Overlap20",9,"Mb-933_11","ABR33","M. sinensis",1,TRUE
"DM","Overlap20",9,"Mb-935_13","ABR33","M. sinensis",1,TRUE
"DM","Overlap20",9,"Mb-94","ABR33","M. sacchariflorus",1,TRUE
"DM","Overlap20",9,"Mb-956_19","ABR33","M. sacchariflorus",1,TRUE
"DM","Overlap20",9,"Mb-958_19","ABR33","M. sacchariflorus",0,TRUE
"DM","Overlap20",9,"Mb-960_20","ABR33","M. sinensis",1,TRUE
"DM","Overlap20",9,"Mb-961_16","ABR33","M. sacchariflorus",1,TRUE
"DM","Overlap20",9,"Mb-965_15","ABR33","M. sacchariflorus",0,TRUE
"DM","Overlap20",9,"Mb-969_18","ABR33","M. sacchariflorus",1,TRUE
"DM","Overlap20",9,"Mb-974_19","ABR33","M. sinensis",1,TRUE
"DM","Overlap20",9,"Mb-99","ABR33","M. sinensis",1,TRUE
"DM","Overlap20",9,"Mx-1548_12","ABR33","M. x gig",0,TRUE
"DM","Overlap20",9,"Mx-1915_12","ABR33","M. x gig",1,TRUE
"DM","Overlap20",9,"Mx-1932_13","ABR33","M. x gig",1,TRUE
"DM","Overlap20",9,"Mx-1933_11","ABR33","M. x gig",1,TRUE
"DM","Overlap20",9,"Mx-1956_15","ABR33","M. x gig",0,TRUE
"DM","Overlap20",9,"Mx-2446_1","ABR33","M. x gig",1,TRUE
"DM","Overlap20",9,"Mx-2470_5","ABR33","M. sacchariflorus",1,TRUE
"DM","Overlap20",9,"Mx-437_90","ABR33","M. x gig",1,TRUE
"DM","Overlap20",9,"Mb-102","JKI","M. sinensis",1,TRUE
"DM","Overlap20",9,"Mb-1037_52","JKI","M. sacchariflorus",1,TRUE
"DM","Overlap20",9,"Mb-104","JKI","M. x gig",1,TRUE
"DM","Overlap20",9,"Mb-1040_17","JKI","M. sacchariflorus",0,TRUE
"DM","Overlap20",9,"Mb-1043_32","JKI","M. sacchariflorus",1,TRUE
"DM","Overlap20",9,"Mb-1044_50","JKI","M. sacchariflorus",0,TRUE
"DM","Overlap20",9,"Mb-1056_31","JKI","M. sacchariflorus",1,TRUE
"DM","Overlap20",9,"Mb-1067_18","JKI","M. sacchariflorus",1,TRUE
"DM","Overlap20",9,"Mb-1086_54","JKI","M. x gig",0,TRUE
"DM","Overlap20",9,"Mb-109","JKI","M. sinensis",1,TRUE
"DM","Overlap20",9,"Mb-110","JKI","M. sinensis",1,TRUE
"DM","Overlap20",9,"Mb-111","JKI","M. sinensis",1,TRUE
"DM","Overlap20",9,"Mb-113","JKI","M. sinensis",1,TRUE
"DM","Overlap20",9,"Mb-1130_51","JKI","M. x gig",1,TRUE
"DM","Overlap20",9,"Mb-1132_52","JKI","M. x gig",1,TRUE
"DM","Overlap20",9,"Mb-1139_19","JKI","M. sinensis",1,FALSE
"DM","Overlap20",9,"Mb-1147_12","JKI","M. sinensis",1,TRUE
"DM","Overlap20",9,"Mb-115","JKI","M. sinensis",0,TRUE
"DM","Overlap20",9,"Mb-1153_20","JKI","M. sinensis",0,TRUE
"DM","Overlap20",9,"Mb-1155_33","JKI","M. sacchariflorus",1,TRUE
"DM","Overlap20",9,"Mb-1156_13","JKI","M. sinensis",1,TRUE
"DM","Overlap20",9,"Mb-1162_20","JKI","M. sacchariflorus",1,TRUE
"DM","Overlap20",9,"Mb-1182_16","JKI","M. sinensis",0,TRUE
"DM","Overlap20",9,"Mb-1205_12","JKI","M. sinensis",0,TRUE
"DM","Overlap20",9,"Mb-1231_18","JKI","M. sinensis",1,TRUE
"DM","Overlap20",9,"Mb-1238_1","JKI","M. sinensis",1,TRUE
"DM","Overlap20",9,"Mb-1261_15","JKI","M. sacchariflorus",1,TRUE
"DM","Overlap20",9,"Mb-1353_14","JKI","M. sacchariflorus",1,TRUE
"DM","Overlap20",9,"Mb-14","JKI","M. sinensis",1,TRUE
"DM","Overlap20",9,"Mb-140","JKI","M. sacchariflorus",1,TRUE
"DM","Overlap20",9,"Mb-142","JKI","M. sacchariflorus",1,TRUE
"DM","Overlap20",9,"Mb-144","JKI","M. sacchariflorus",1,TRUE
"DM","Overlap20",9,"Mb-146","JKI","M. sacchariflorus",1,TRUE
"DM","Overlap20",9,"Mb-147","JKI","M. x gig",1,TRUE
"DM","Overlap20",9,"Mb-148","JKI","M. x gig",1,TRUE
"DM","Overlap20",9,"Mb-1485_42","JKI","M. x gig",1,TRUE
"DM","Overlap20",9,"Mb-1486_1","JKI","M. x gig",1,TRUE
"DM","Overlap20",9,"Mb-149","JKI","M. x gig",1,TRUE
"DM","Overlap20",9,"Mb-166","JKI","M. sacchariflorus",1,TRUE
"DM","Overlap20",9,"Mb-167","JKI","M. sinensis",0,TRUE
"DM","Overlap20",9,"Mb-177","JKI","M. sacchariflorus",1,TRUE
"DM","Overlap20",9,"Mb-188","JKI","M. x gig",1,TRUE
"DM","Overlap20",9,"Mb-2","JKI","M. sinensis",0,TRUE
"DM","Overlap20",9,"Mb-221","JKI","M. sinensis",0,TRUE
"DM","Overlap20",9,"Mb-226","JKI","M. sacchariflorus",1,TRUE
"DM","Overlap20",9,"Mb-229","JKI","M. sinensis",1,TRUE
"DM","Overlap20",9,"Mb-255","JKI","M. sinensis",1,TRUE
"DM","Overlap20",9,"Mb-272","JKI","M. sacchariflorus",1,TRUE
"DM","Overlap20",9,"Mb-297","JKI","M. sacchariflorus",1,TRUE
"DM","Overlap20",9,"Mb-3","JKI","M. sinensis",1,TRUE
"DM","Overlap20",9,"Mb-306","JKI","M. sinensis",1,TRUE
"DM","Overlap20",9,"Mb-307","JKI","M. x gig",1,TRUE
"DM","Overlap20",9,"Mb-308","JKI","M. x gig",1,TRUE
"DM","Overlap20",9,"Mb-309","JKI","M. x gig",1,TRUE
"DM","Overlap20",9,"Mb-31","JKI","M. sinensis",1,TRUE
"DM","Overlap20",9,"Mb-310","JKI","M. x gig",1,TRUE
"DM","Overlap20",9,"Mb-35","JKI","M. sinensis",0,TRUE
"DM","Overlap20",9,"Mb-353","JKI","M. sacchariflorus",1,TRUE
"DM","Overlap20",9,"Mb-37","JKI","M. sinensis",1,TRUE
"DM","Overlap20",9,"Mb-383_1","JKI","M. sacchariflorus",0,TRUE
"DM","Overlap20",9,"Mb-391","JKI","M. sacchariflorus",1,TRUE
"DM","Overlap20",9,"Mb-393_1","JKI","M. sacchariflorus",1,TRUE
"DM","Overlap20",9,"Mb-397","JKI","M. sacchariflorus",1,TRUE
"DM","Overlap20",9,"Mb-399","JKI","M. sacchariflorus",1,TRUE
"DM","Overlap20",9,"Mb-401","JKI","M. sacchariflorus",1,TRUE
"DM","Overlap20",9,"Mb-411","JKI","M. sacchariflorus",1,TRUE
"DM","Overlap20",9,"Mb-416","JKI","M. sacchariflorus",0,TRUE
"DM","Overlap20",9,"Mb-425_1","JKI","M. sacchariflorus",0,TRUE
"DM","Overlap20",9,"Mb-427_1","JKI","M. sacchariflorus",1,TRUE
"DM","Overlap20",9,"Mb-431_1","JKI","M. sacchariflorus",0,TRUE
"DM","Overlap20",9,"Mb-434_1","JKI","M. sinensis",1,TRUE
"DM","Overlap20",9,"Mb-485_1","JKI","M. sacchariflorus",1,TRUE
"DM","Overlap20",9,"Mb-486","JKI","M. sacchariflorus",1,TRUE
"DM","Overlap20",9,"Mb-488_15","JKI","M. sacchariflorus",0,TRUE
"DM","Overlap20",9,"Mb-490_10","JKI","M. sacchariflorus",0,TRUE
"DM","Overlap20",9,"Mb-494_1","JKI","M. sacchariflorus",1,TRUE
"DM","Overlap20",9,"Mb-498_1","JKI","M. sacchariflorus",1,TRUE
"DM","Overlap20",9,"Mb-502_1","JKI","M. sacchariflorus",1,TRUE
"DM","Overlap20",9,"Mb-505_1","JKI","M. sacchariflorus",1,TRUE
"DM","Overlap20",9,"Mb-508","JKI","M. sacchariflorus",1,TRUE
"DM","Overlap20",9,"Mb-526_13","JKI","M. sinensis",1,TRUE
"DM","Overlap20",9,"Mb-527_1","JKI","M. sinensis",0,TRUE
"DM","Overlap20",9,"Mb-533_1","JKI","M. sinensis",1,TRUE
"DM","Overlap20",9,"Mb-539_1","JKI","M. sinensis",0,TRUE
"DM","Overlap20",9,"Mb-585_1","JKI","M. sinensis",1,TRUE
"DM","Overlap20",9,"Mb-628_1","JKI","M. sacchariflorus",1,TRUE
"DM","Overlap20",9,"Mb-70","JKI","M. sinensis",1,TRUE
"DM","Overlap20",9,"Mb-72","JKI","M. x gig",1,TRUE
"DM","Overlap20",9,"Mb-74","JKI","M. sinensis",1,TRUE
"DM","Overlap20",9,"Mb-76","JKI","M. sacchariflorus",1,TRUE
"DM","Overlap20",9,"Mb-770_18","JKI","M. sacchariflorus",1,TRUE
"DM","Overlap20",9,"Mb-779_14","JKI","M. sacchariflorus",1,TRUE
"DM","Overlap20",9,"Mb-787_13","JKI","M. sacchariflorus",1,TRUE
"DM","Overlap20",9,"Mb-810_11","JKI","M. sacchariflorus",0,TRUE
"DM","Overlap20",9,"Mb-819_19","JKI","M. sacchariflorus",1,TRUE
"DM","Overlap20",9,"Mb-851_1","JKI","M. sinensis",1,TRUE
"DM","Overlap20",9,"Mb-86","JKI","M. sinensis",1,TRUE
"DM","Overlap20",9,"Mb-884_1","JKI","M. sacchariflorus",1,TRUE
"DM","Overlap20",9,"Mb-893_11","JKI","M. sinensis",1,TRUE
"DM","Overlap20",9,"Mb-9","JKI","M. sinensis",1,TRUE
"DM","Overlap20",9,"Mb-910_11","JKI","M. sinensis",0,TRUE
"DM","Overlap20",9,"Mb-913_17","JKI","M. sacchariflorus",1,TRUE
"DM","Overlap20",9,"Mb-914_13","JKI","M. sinensis",1,TRUE
"DM","Overlap20",9,"Mb-928_18","JKI","M. sinensis",1,TRUE
"DM","Overlap20",9,"Mb-930","JKI","M. sinensis",0,TRUE
"DM","Overlap20",9,"Mb-931_12","JKI","M. sinensis",1,TRUE
"DM","Overlap20",9,"Mb-933_11","JKI","M. sinensis",1,TRUE
"DM","Overlap20",9,"Mb-935_13","JKI","M. sinensis",1,TRUE
"DM","Overlap20",9,"Mb-94","JKI","M. sacchariflorus",1,TRUE
"DM","Overlap20",9,"Mb-956_19","JKI","M. sacchariflorus",1,TRUE
"DM","Overlap20",9,"Mb-958_19","JKI","M. sacchariflorus",0,TRUE
"DM","Overlap20",9,"Mb-960_20","JKI","M. sinensis",1,TRUE
"DM","Overlap20",9,"Mb-961_16","JKI","M. sacchariflorus",1,TRUE
"DM","Overlap20",9,"Mb-965_15","JKI","M. sacchariflorus",1,TRUE
"DM","Overlap20",9,"Mb-969_18","JKI","M. sacchariflorus",1,TRUE
"DM","Overlap20",9,"Mb-974_19","JKI","M. sinensis",1,TRUE
"DM","Overlap20",9,"Mb-99","JKI","M. sinensis",1,TRUE
"DM","Overlap20",9,"Mx-1548_12","JKI","M. x gig",0,TRUE
"DM","Overlap20",9,"Mx-1915_12","JKI","M. x gig",1,TRUE
"DM","Overlap20",9,"Mx-1932_13","JKI","M. x gig",1,TRUE
"DM","Overlap20",9,"Mx-1933_11","JKI","M. x gig",1,TRUE
"DM","Overlap20",9,"Mx-1956_15","JKI","M. x gig",0,TRUE
"DM","Overlap20",9,"Mx-2446_1","JKI","M. x gig",1,TRUE
"DM","Overlap20",9,"Mx-2470_5","JKI","M. sacchariflorus",1,TRUE
"DM","Overlap20",9,"Mx-437_90","JKI","M. x gig",1,TRUE
"DM","Overlap20",10,"Mb-102","ABR33","M. sinensis",1,TRUE
"DM","Overlap20",10,"Mb-1037_52","ABR33","M. sacchariflorus",1,TRUE
"DM","Overlap20",10,"Mb-104","ABR33","M. x gig",1,TRUE
"DM","Overlap20",10,"Mb-1040_17","ABR33","M. sacchariflorus",1,TRUE
"DM","Overlap20",10,"Mb-1043_32","ABR33","M. sacchariflorus",1,TRUE
"DM","Overlap20",10,"Mb-1044_50","ABR33","M. sacchariflorus",1,TRUE
"DM","Overlap20",10,"Mb-1056_31","ABR33","M. sacchariflorus",0,TRUE
"DM","Overlap20",10,"Mb-1067_18","ABR33","M. sacchariflorus",1,TRUE
"DM","Overlap20",10,"Mb-1086_54","ABR33","M. x gig",0,TRUE
"DM","Overlap20",10,"Mb-109","ABR33","M. sinensis",1,TRUE
"DM","Overlap20",10,"Mb-110","ABR33","M. sinensis",1,TRUE
"DM","Overlap20",10,"Mb-111","ABR33","M. sinensis",0,TRUE
"DM","Overlap20",10,"Mb-113","ABR33","M. sinensis",1,TRUE
"DM","Overlap20",10,"Mb-1130_51","ABR33","M. x gig",1,TRUE
"DM","Overlap20",10,"Mb-1132_52","ABR33","M. x gig",1,TRUE
"DM","Overlap20",10,"Mb-1139_19","ABR33","M. sinensis",1,TRUE
"DM","Overlap20",10,"Mb-1147_12","ABR33","M. sinensis",1,TRUE
"DM","Overlap20",10,"Mb-115","ABR33","M. sinensis",1,TRUE
"DM","Overlap20",10,"Mb-1153_20","ABR33","M. sinensis",1,TRUE
"DM","Overlap20",10,"Mb-1155_33","ABR33","M. sacchariflorus",1,TRUE
"DM","Overlap20",10,"Mb-1156_13","ABR33","M. sinensis",1,TRUE
"DM","Overlap20",10,"Mb-1162_20","ABR33","M. sacchariflorus",1,TRUE
"DM","Overlap20",10,"Mb-1182_16","ABR33","M. sinensis",1,TRUE
"DM","Overlap20",10,"Mb-1205_12","ABR33","M. sinensis",1,TRUE
"DM","Overlap20",10,"Mb-1231_18","ABR33","M. sinensis",1,TRUE
"DM","Overlap20",10,"Mb-1238_1","ABR33","M. sinensis",1,TRUE
"DM","Overlap20",10,"Mb-1261_15","ABR33","M. sacchariflorus",1,TRUE
"DM","Overlap20",10,"Mb-1353_14","ABR33","M. sacchariflorus",1,TRUE
"DM","Overlap20",10,"Mb-14","ABR33","M. sinensis",1,TRUE
"DM","Overlap20",10,"Mb-140","ABR33","M. sacchariflorus",1,TRUE
"DM","Overlap20",10,"Mb-142","ABR33","M. sacchariflorus",1,TRUE
"DM","Overlap20",10,"Mb-144","ABR33","M. sacchariflorus",1,TRUE
"DM","Overlap20",10,"Mb-146","ABR33","M. sacchariflorus",0,TRUE
"DM","Overlap20",10,"Mb-147","ABR33","M. x gig",1,TRUE
"DM","Overlap20",10,"Mb-148","ABR33","M. x gig",0,TRUE
"DM","Overlap20",10,"Mb-1485_42","ABR33","M. x gig",0,TRUE
"DM","Overlap20",10,"Mb-1486_1","ABR33","M. x gig",0,TRUE
"DM","Overlap20",10,"Mb-149","ABR33","M. x gig",1,TRUE
"DM","Overlap20",10,"Mb-166","ABR33","M. sacchariflorus",1,TRUE
"DM","Overlap20",10,"Mb-167","ABR33","M. sinensis",1,TRUE
"DM","Overlap20",10,"Mb-177","ABR33","M. sacchariflorus",0,TRUE
"DM","Overlap20",10,"Mb-188","ABR33","M. x gig",1,TRUE
"DM","Overlap20",10,"Mb-2","ABR33","M. sinensis",0,TRUE
"DM","Overlap20",10,"Mb-221","ABR33","M. sinensis",1,TRUE
"DM","Overlap20",10,"Mb-226","ABR33","M. sacchariflorus",0,TRUE
"DM","Overlap20",10,"Mb-229","ABR33","M. sinensis",1,TRUE
"DM","Overlap20",10,"Mb-255","ABR33","M. sinensis",1,TRUE
"DM","Overlap20",10,"Mb-272","ABR33","M. sacchariflorus",1,TRUE
"DM","Overlap20",10,"Mb-297","ABR33","M. sacchariflorus",1,TRUE
"DM","Overlap20",10,"Mb-3","ABR33","M. sinensis",1,TRUE
"DM","Overlap20",10,"Mb-306","ABR33","M. sinensis",1,TRUE
"DM","Overlap20",10,"Mb-307","ABR33","M. x gig",1,TRUE
"DM","Overlap20",10,"Mb-308","ABR33","M. x gig",1,TRUE
"DM","Overlap20",10,"Mb-309","ABR33","M. x gig",1,TRUE
"DM","Overlap20",10,"Mb-31","ABR33","M. sinensis",1,TRUE
"DM","Overlap20",10,"Mb-310","ABR33","M. x gig",1,TRUE
"DM","Overlap20",10,"Mb-35","ABR33","M. sinensis",1,TRUE
"DM","Overlap20",10,"Mb-353","ABR33","M. sacchariflorus",1,TRUE
"DM","Overlap20",10,"Mb-37","ABR33","M. sinensis",1,TRUE
"DM","Overlap20",10,"Mb-383_1","ABR33","M. sacchariflorus",1,TRUE
"DM","Overlap20",10,"Mb-391","ABR33","M. sacchariflorus",0,TRUE
"DM","Overlap20",10,"Mb-393_1","ABR33","M. sacchariflorus",1,TRUE
"DM","Overlap20",10,"Mb-397","ABR33","M. sacchariflorus",1,TRUE
"DM","Overlap20",10,"Mb-399","ABR33","M. sacchariflorus",0,TRUE
"DM","Overlap20",10,"Mb-401","ABR33","M. sacchariflorus",1,TRUE
"DM","Overlap20",10,"Mb-411","ABR33","M. sacchariflorus",1,TRUE
"DM","Overlap20",10,"Mb-416","ABR33","M. sacchariflorus",0,TRUE
"DM","Overlap20",10,"Mb-425_1","ABR33","M. sacchariflorus",0,TRUE
"DM","Overlap20",10,"Mb-427_1","ABR33","M. sacchariflorus",1,TRUE
"DM","Overlap20",10,"Mb-431_1","ABR33","M. sacchariflorus",0,TRUE
"DM","Overlap20",10,"Mb-434_1","ABR33","M. sinensis",1,TRUE
"DM","Overlap20",10,"Mb-485_1","ABR33","M. sacchariflorus",1,TRUE
"DM","Overlap20",10,"Mb-486","ABR33","M. sacchariflorus",1,TRUE
"DM","Overlap20",10,"Mb-488_15","ABR33","M. sacchariflorus",1,TRUE
"DM","Overlap20",10,"Mb-490_10","ABR33","M. sacchariflorus",1,TRUE
"DM","Overlap20",10,"Mb-494_1","ABR33","M. sacchariflorus",1,TRUE
"DM","Overlap20",10,"Mb-498_1","ABR33","M. sacchariflorus",1,TRUE
"DM","Overlap20",10,"Mb-502_1","ABR33","M. sacchariflorus",1,TRUE
"DM","Overlap20",10,"Mb-505_1","ABR33","M. sacchariflorus",1,TRUE
"DM","Overlap20",10,"Mb-508","ABR33","M. sacchariflorus",1,TRUE
"DM","Overlap20",10,"Mb-526_13","ABR33","M. sinensis",1,TRUE
"DM","Overlap20",10,"Mb-527_1","ABR33","M. sinensis",1,TRUE
"DM","Overlap20",10,"Mb-533_1","ABR33","M. sinensis",1,TRUE
"DM","Overlap20",10,"Mb-539_1","ABR33","M. sinensis",1,TRUE
"DM","Overlap20",10,"Mb-585_1","ABR33","M. sinensis",1,TRUE
"DM","Overlap20",10,"Mb-628_1","ABR33","M. sacchariflorus",1,TRUE
"DM","Overlap20",10,"Mb-70","ABR33","M. sinensis",1,TRUE
"DM","Overlap20",10,"Mb-72","ABR33","M. x gig",1,TRUE
"DM","Overlap20",10,"Mb-74","ABR33","M. sinensis",1,TRUE
"DM","Overlap20",10,"Mb-76","ABR33","M. sacchariflorus",0,TRUE
"DM","Overlap20",10,"Mb-770_18","ABR33","M. sacchariflorus",1,TRUE
"DM","Overlap20",10,"Mb-779_14","ABR33","M. sacchariflorus",1,TRUE
"DM","Overlap20",10,"Mb-787_13","ABR33","M. sacchariflorus",1,TRUE
"DM","Overlap20",10,"Mb-810_11","ABR33","M. sacchariflorus",1,TRUE
"DM","Overlap20",10,"Mb-819_19","ABR33","M. sacchariflorus",0,TRUE
"DM","Overlap20",10,"Mb-851_1","ABR33","M. sinensis",1,TRUE
"DM","Overlap20",10,"Mb-86","ABR33","M. sinensis",1,TRUE
"DM","Overlap20",10,"Mb-884_1","ABR33","M. sacchariflorus",1,TRUE
"DM","Overlap20",10,"Mb-893_11","ABR33","M. sinensis",1,TRUE
"DM","Overlap20",10,"Mb-9","ABR33","M. sinensis",1,TRUE
"DM","Overlap20",10,"Mb-910_11","ABR33","M. sinensis",0,TRUE
"DM","Overlap20",10,"Mb-913_17","ABR33","M. sacchariflorus",0,TRUE
"DM","Overlap20",10,"Mb-914_13","ABR33","M. sinensis",1,TRUE
"DM","Overlap20",10,"Mb-928_18","ABR33","M. sinensis",1,TRUE
"DM","Overlap20",10,"Mb-930","ABR33","M. sinensis",1,TRUE
"DM","Overlap20",10,"Mb-931_12","ABR33","M. sinensis",1,TRUE
"DM","Overlap20",10,"Mb-933_11","ABR33","M. sinensis",1,TRUE
"DM","Overlap20",10,"Mb-935_13","ABR33","M. sinensis",0,TRUE
"DM","Overlap20",10,"Mb-94","ABR33","M. sacchariflorus",1,TRUE
"DM","Overlap20",10,"Mb-956_19","ABR33","M. sacchariflorus",1,TRUE
"DM","Overlap20",10,"Mb-958_19","ABR33","M. sacchariflorus",0,TRUE
"DM","Overlap20",10,"Mb-960_20","ABR33","M. sinensis",1,TRUE
"DM","Overlap20",10,"Mb-961_16","ABR33","M. sacchariflorus",1,TRUE
"DM","Overlap20",10,"Mb-965_15","ABR33","M. sacchariflorus",0,TRUE
"DM","Overlap20",10,"Mb-969_18","ABR33","M. sacchariflorus",0,TRUE
"DM","Overlap20",10,"Mb-974_19","ABR33","M. sinensis",1,TRUE
"DM","Overlap20",10,"Mb-99","ABR33","M. sinensis",1,TRUE
"DM","Overlap20",10,"Mx-1548_12","ABR33","M. x gig",0,TRUE
"DM","Overlap20",10,"Mx-1915_12","ABR33","M. x gig",1,TRUE
"DM","Overlap20",10,"Mx-1932_13","ABR33","M. x gig",1,TRUE
"DM","Overlap20",10,"Mx-1933_11","ABR33","M. x gig",1,TRUE
"DM","Overlap20",10,"Mx-1956_15","ABR33","M. x gig",0,TRUE
"DM","Overlap20",10,"Mx-2446_1","ABR33","M. x gig",1,TRUE
"DM","Overlap20",10,"Mx-2470_5","ABR33","M. sacchariflorus",1,TRUE
"DM","Overlap20",10,"Mx-437_90","ABR33","M. x gig",1,TRUE
"DM","Overlap20",10,"Mb-102","JKI","M. sinensis",1,TRUE
"DM","Overlap20",10,"Mb-1037_52","JKI","M. sacchariflorus",1,TRUE
"DM","Overlap20",10,"Mb-104","JKI","M. x gig",1,TRUE
"DM","Overlap20",10,"Mb-1040_17","JKI","M. sacchariflorus",1,TRUE
"DM","Overlap20",10,"Mb-1043_32","JKI","M. sacchariflorus",1,TRUE
"DM","Overlap20",10,"Mb-1044_50","JKI","M. sacchariflorus",1,TRUE
"DM","Overlap20",10,"Mb-1056_31","JKI","M. sacchariflorus",0,TRUE
"DM","Overlap20",10,"Mb-1067_18","JKI","M. sacchariflorus",1,TRUE
"DM","Overlap20",10,"Mb-1086_54","JKI","M. x gig",1,TRUE
"DM","Overlap20",10,"Mb-109","JKI","M. sinensis",1,TRUE
"DM","Overlap20",10,"Mb-110","JKI","M. sinensis",1,TRUE
"DM","Overlap20",10,"Mb-111","JKI","M. sinensis",0,TRUE
"DM","Overlap20",10,"Mb-113","JKI","M. sinensis",1,TRUE
"DM","Overlap20",10,"Mb-1130_51","JKI","M. x gig",1,TRUE
"DM","Overlap20",10,"Mb-1132_52","JKI","M. x gig",1,TRUE
"DM","Overlap20",10,"Mb-1139_19","JKI","M. sinensis",1,FALSE
"DM","Overlap20",10,"Mb-1147_12","JKI","M. sinensis",1,TRUE
"DM","Overlap20",10,"Mb-115","JKI","M. sinensis",1,TRUE
"DM","Overlap20",10,"Mb-1153_20","JKI","M. sinensis",1,TRUE
"DM","Overlap20",10,"Mb-1155_33","JKI","M. sacchariflorus",1,TRUE
"DM","Overlap20",10,"Mb-1156_13","JKI","M. sinensis",1,TRUE
"DM","Overlap20",10,"Mb-1162_20","JKI","M. sacchariflorus",1,TRUE
"DM","Overlap20",10,"Mb-1182_16","JKI","M. sinensis",1,TRUE
"DM","Overlap20",10,"Mb-1205_12","JKI","M. sinensis",1,TRUE
"DM","Overlap20",10,"Mb-1231_18","JKI","M. sinensis",1,TRUE
"DM","Overlap20",10,"Mb-1238_1","JKI","M. sinensis",0,TRUE
"DM","Overlap20",10,"Mb-1261_15","JKI","M. sacchariflorus",1,TRUE
"DM","Overlap20",10,"Mb-1353_14","JKI","M. sacchariflorus",1,TRUE
"DM","Overlap20",10,"Mb-14","JKI","M. sinensis",1,TRUE
"DM","Overlap20",10,"Mb-140","JKI","M. sacchariflorus",1,TRUE
"DM","Overlap20",10,"Mb-142","JKI","M. sacchariflorus",1,TRUE
"DM","Overlap20",10,"Mb-144","JKI","M. sacchariflorus",1,TRUE
"DM","Overlap20",10,"Mb-146","JKI","M. sacchariflorus",0,TRUE
"DM","Overlap20",10,"Mb-147","JKI","M. x gig",1,TRUE
"DM","Overlap20",10,"Mb-148","JKI","M. x gig",0,TRUE
"DM","Overlap20",10,"Mb-1485_42","JKI","M. x gig",0,TRUE
"DM","Overlap20",10,"Mb-1486_1","JKI","M. x gig",0,TRUE
"DM","Overlap20",10,"Mb-149","JKI","M. x gig",1,TRUE
"DM","Overlap20",10,"Mb-166","JKI","M. sacchariflorus",0,TRUE
"DM","Overlap20",10,"Mb-167","JKI","M. sinensis",1,TRUE
"DM","Overlap20",10,"Mb-177","JKI","M. sacchariflorus",0,TRUE
"DM","Overlap20",10,"Mb-188","JKI","M. x gig",1,TRUE
"DM","Overlap20",10,"Mb-2","JKI","M. sinensis",0,TRUE
"DM","Overlap20",10,"Mb-221","JKI","M. sinensis",1,TRUE
"DM","Overlap20",10,"Mb-226","JKI","M. sacchariflorus",0,TRUE
"DM","Overlap20",10,"Mb-229","JKI","M. sinensis",1,TRUE
"DM","Overlap20",10,"Mb-255","JKI","M. sinensis",1,TRUE
"DM","Overlap20",10,"Mb-272","JKI","M. sacchariflorus",1,TRUE
"DM","Overlap20",10,"Mb-297","JKI","M. sacchariflorus",1,TRUE
"DM","Overlap20",10,"Mb-3","JKI","M. sinensis",1,TRUE
"DM","Overlap20",10,"Mb-306","JKI","M. sinensis",1,TRUE
"DM","Overlap20",10,"Mb-307","JKI","M. x gig",1,TRUE
"DM","Overlap20",10,"Mb-308","JKI","M. x gig",1,TRUE
"DM","Overlap20",10,"Mb-309","JKI","M. x gig",1,TRUE
"DM","Overlap20",10,"Mb-31","JKI","M. sinensis",1,TRUE
"DM","Overlap20",10,"Mb-310","JKI","M. x gig",1,TRUE
"DM","Overlap20",10,"Mb-35","JKI","M. sinensis",1,TRUE
"DM","Overlap20",10,"Mb-353","JKI","M. sacchariflorus",1,TRUE
"DM","Overlap20",10,"Mb-37","JKI","M. sinensis",1,TRUE
"DM","Overlap20",10,"Mb-383_1","JKI","M. sacchariflorus",1,TRUE
"DM","Overlap20",10,"Mb-391","JKI","M. sacchariflorus",0,TRUE
"DM","Overlap20",10,"Mb-393_1","JKI","M. sacchariflorus",1,TRUE
"DM","Overlap20",10,"Mb-397","JKI","M. sacchariflorus",1,TRUE
"DM","Overlap20",10,"Mb-399","JKI","M. sacchariflorus",0,TRUE
"DM","Overlap20",10,"Mb-401","JKI","M. sacchariflorus",1,TRUE
"DM","Overlap20",10,"Mb-411","JKI","M. sacchariflorus",1,TRUE
"DM","Overlap20",10,"Mb-416","JKI","M. sacchariflorus",0,TRUE
"DM","Overlap20",10,"Mb-425_1","JKI","M. sacchariflorus",0,TRUE
"DM","Overlap20",10,"Mb-427_1","JKI","M. sacchariflorus",0,TRUE
"DM","Overlap20",10,"Mb-431_1","JKI","M. sacchariflorus",1,TRUE
"DM","Overlap20",10,"Mb-434_1","JKI","M. sinensis",1,TRUE
"DM","Overlap20",10,"Mb-485_1","JKI","M. sacchariflorus",1,TRUE
"DM","Overlap20",10,"Mb-486","JKI","M. sacchariflorus",1,TRUE
"DM","Overlap20",10,"Mb-488_15","JKI","M. sacchariflorus",1,TRUE
"DM","Overlap20",10,"Mb-490_10","JKI","M. sacchariflorus",1,TRUE
"DM","Overlap20",10,"Mb-494_1","JKI","M. sacchariflorus",1,TRUE
"DM","Overlap20",10,"Mb-498_1","JKI","M. sacchariflorus",1,TRUE
"DM","Overlap20",10,"Mb-502_1","JKI","M. sacchariflorus",1,TRUE
"DM","Overlap20",10,"Mb-505_1","JKI","M. sacchariflorus",1,TRUE
"DM","Overlap20",10,"Mb-508","JKI","M. sacchariflorus",1,TRUE
"DM","Overlap20",10,"Mb-526_13","JKI","M. sinensis",1,TRUE
"DM","Overlap20",10,"Mb-527_1","JKI","M. sinensis",1,TRUE
"DM","Overlap20",10,"Mb-533_1","JKI","M. sinensis",1,TRUE
"DM","Overlap20",10,"Mb-539_1","JKI","M. sinensis",0,TRUE
"DM","Overlap20",10,"Mb-585_1","JKI","M. sinensis",1,TRUE
"DM","Overlap20",10,"Mb-628_1","JKI","M. sacchariflorus",1,TRUE
"DM","Overlap20",10,"Mb-70","JKI","M. sinensis",1,TRUE
"DM","Overlap20",10,"Mb-72","JKI","M. x gig",1,TRUE
"DM","Overlap20",10,"Mb-74","JKI","M. sinensis",1,TRUE
"DM","Overlap20",10,"Mb-76","JKI","M. sacchariflorus",0,TRUE
"DM","Overlap20",10,"Mb-770_18","JKI","M. sacchariflorus",1,TRUE
"DM","Overlap20",10,"Mb-779_14","JKI","M. sacchariflorus",1,TRUE
"DM","Overlap20",10,"Mb-787_13","JKI","M. sacchariflorus",1,TRUE
"DM","Overlap20",10,"Mb-810_11","JKI","M. sacchariflorus",1,TRUE
"DM","Overlap20",10,"Mb-819_19","JKI","M. sacchariflorus",1,TRUE
"DM","Overlap20",10,"Mb-851_1","JKI","M. sinensis",1,TRUE
"DM","Overlap20",10,"Mb-86","JKI","M. sinensis",1,TRUE
"DM","Overlap20",10,"Mb-884_1","JKI","M. sacchariflorus",1,TRUE
"DM","Overlap20",10,"Mb-893_11","JKI","M. sinensis",1,TRUE
"DM","Overlap20",10,"Mb-9","JKI","M. sinensis",1,TRUE
"DM","Overlap20",10,"Mb-910_11","JKI","M. sinensis",0,TRUE
"DM","Overlap20",10,"Mb-913_17","JKI","M. sacchariflorus",0,TRUE
"DM","Overlap20",10,"Mb-914_13","JKI","M. sinensis",0,TRUE
"DM","Overlap20",10,"Mb-928_18","JKI","M. sinensis",1,TRUE
"DM","Overlap20",10,"Mb-930","JKI","M. sinensis",1,TRUE
"DM","Overlap20",10,"Mb-931_12","JKI","M. sinensis",1,TRUE
"DM","Overlap20",10,"Mb-933_11","JKI","M. sinensis",1,TRUE
"DM","Overlap20",10,"Mb-935_13","JKI","M. sinensis",0,TRUE
"DM","Overlap20",10,"Mb-94","JKI","M. sacchariflorus",1,TRUE
"DM","Overlap20",10,"Mb-956_19","JKI","M. sacchariflorus",1,TRUE
"DM","Overlap20",10,"Mb-958_19","JKI","M. sacchariflorus",1,TRUE
"DM","Overlap20",10,"Mb-960_20","JKI","M. sinensis",1,TRUE
"DM","Overlap20",10,"Mb-961_16","JKI","M. sacchariflorus",1,TRUE
"DM","Overlap20",10,"Mb-965_15","JKI","M. sacchariflorus",1,TRUE
"DM","Overlap20",10,"Mb-969_18","JKI","M. sacchariflorus",0,TRUE
"DM","Overlap20",10,"Mb-974_19","JKI","M. sinensis",1,TRUE
"DM","Overlap20",10,"Mb-99","JKI","M. sinensis",1,TRUE
"DM","Overlap20",10,"Mx-1548_12","JKI","M. x gig",0,TRUE
"DM","Overlap20",10,"Mx-1915_12","JKI","M. x gig",1,TRUE
"DM","Overlap20",10,"Mx-1932_13","JKI","M. x gig",1,TRUE
"DM","Overlap20",10,"Mx-1933_11","JKI","M. x gig",1,TRUE
"DM","Overlap20",10,"Mx-1956_15","JKI","M. x gig",0,TRUE
"DM","Overlap20",10,"Mx-2446_1","JKI","M. x gig",1,TRUE
"DM","Overlap20",10,"Mx-2470_5","JKI","M. sacchariflorus",1,TRUE
"DM","Overlap20",10,"Mx-437_90","JKI","M. x gig",1,TRUE
"DM","Overlap25",1,"Mb-102","ABR33","M. sinensis",1,TRUE
"DM","Overlap25",1,"Mb-1037_52","ABR33","M. sacchariflorus",1,TRUE
"DM","Overlap25",1,"Mb-104","ABR33","M. x gig",1,TRUE
"DM","Overlap25",1,"Mb-1040_17","ABR33","M. sacchariflorus",1,TRUE
"DM","Overlap25",1,"Mb-1043_32","ABR33","M. sacchariflorus",1,TRUE
"DM","Overlap25",1,"Mb-1044_50","ABR33","M. sacchariflorus",1,TRUE
"DM","Overlap25",1,"Mb-1056_31","ABR33","M. sacchariflorus",1,TRUE
"DM","Overlap25",1,"Mb-1067_18","ABR33","M. sacchariflorus",1,TRUE
"DM","Overlap25",1,"Mb-1086_54","ABR33","M. x gig",0,TRUE
"DM","Overlap25",1,"Mb-109","ABR33","M. sinensis",1,TRUE
"DM","Overlap25",1,"Mb-110","ABR33","M. sinensis",1,TRUE
"DM","Overlap25",1,"Mb-111","ABR33","M. sinensis",1,TRUE
"DM","Overlap25",1,"Mb-113","ABR33","M. sinensis",1,TRUE
"DM","Overlap25",1,"Mb-1130_51","ABR33","M. x gig",1,TRUE
"DM","Overlap25",1,"Mb-1132_52","ABR33","M. x gig",1,TRUE
"DM","Overlap25",1,"Mb-1139_19","ABR33","M. sinensis",1,TRUE
"DM","Overlap25",1,"Mb-1147_12","ABR33","M. sinensis",1,TRUE
"DM","Overlap25",1,"Mb-115","ABR33","M. sinensis",1,TRUE
"DM","Overlap25",1,"Mb-1153_20","ABR33","M. sinensis",1,TRUE
"DM","Overlap25",1,"Mb-1155_33","ABR33","M. sacchariflorus",1,TRUE
"DM","Overlap25",1,"Mb-1156_13","ABR33","M. sinensis",1,TRUE
"DM","Overlap25",1,"Mb-1162_20","ABR33","M. sacchariflorus",1,TRUE
"DM","Overlap25",1,"Mb-1182_16","ABR33","M. sinensis",1,TRUE
"DM","Overlap25",1,"Mb-1205_12","ABR33","M. sinensis",1,TRUE
"DM","Overlap25",1,"Mb-1231_18","ABR33","M. sinensis",1,TRUE
"DM","Overlap25",1,"Mb-1238_1","ABR33","M. sinensis",0,TRUE
"DM","Overlap25",1,"Mb-1261_15","ABR33","M. sacchariflorus",1,TRUE
"DM","Overlap25",1,"Mb-1353_14","ABR33","M. sacchariflorus",1,TRUE
"DM","Overlap25",1,"Mb-14","ABR33","M. sinensis",1,TRUE
"DM","Overlap25",1,"Mb-140","ABR33","M. sacchariflorus",1,TRUE
"DM","Overlap25",1,"Mb-142","ABR33","M. sacchariflorus",1,TRUE
"DM","Overlap25",1,"Mb-144","ABR33","M. sacchariflorus",1,TRUE
"DM","Overlap25",1,"Mb-146","ABR33","M. sacchariflorus",1,TRUE
"DM","Overlap25",1,"Mb-147","ABR33","M. x gig",1,TRUE
"DM","Overlap25",1,"Mb-148","ABR33","M. x gig",1,TRUE
"DM","Overlap25",1,"Mb-1485_42","ABR33","M. x gig",1,TRUE
"DM","Overlap25",1,"Mb-1486_1","ABR33","M. x gig",1,TRUE
"DM","Overlap25",1,"Mb-149","ABR33","M. x gig",1,TRUE
"DM","Overlap25",1,"Mb-166","ABR33","M. sacchariflorus",1,TRUE
"DM","Overlap25",1,"Mb-167","ABR33","M. sinensis",1,TRUE
"DM","Overlap25",1,"Mb-177","ABR33","M. sacchariflorus",1,TRUE
"DM","Overlap25",1,"Mb-188","ABR33","M. x gig",1,TRUE
"DM","Overlap25",1,"Mb-2","ABR33","M. sinensis",1,TRUE
"DM","Overlap25",1,"Mb-221","ABR33","M. sinensis",1,TRUE
"DM","Overlap25",1,"Mb-226","ABR33","M. sacchariflorus",1,TRUE
"DM","Overlap25",1,"Mb-229","ABR33","M. sinensis",1,TRUE
"DM","Overlap25",1,"Mb-255","ABR33","M. sinensis",1,TRUE
"DM","Overlap25",1,"Mb-272","ABR33","M. sacchariflorus",1,TRUE
"DM","Overlap25",1,"Mb-297","ABR33","M. sacchariflorus",0,TRUE
"DM","Overlap25",1,"Mb-3","ABR33","M. sinensis",1,TRUE
"DM","Overlap25",1,"Mb-306","ABR33","M. sinensis",0,TRUE
"DM","Overlap25",1,"Mb-307","ABR33","M. x gig",1,TRUE
"DM","Overlap25",1,"Mb-308","ABR33","M. x gig",1,TRUE
"DM","Overlap25",1,"Mb-309","ABR33","M. x gig",1,TRUE
"DM","Overlap25",1,"Mb-31","ABR33","M. sinensis",1,TRUE
"DM","Overlap25",1,"Mb-310","ABR33","M. x gig",1,TRUE
"DM","Overlap25",1,"Mb-35","ABR33","M. sinensis",0,TRUE
"DM","Overlap25",1,"Mb-353","ABR33","M. sacchariflorus",0,TRUE
"DM","Overlap25",1,"Mb-37","ABR33","M. sinensis",1,TRUE
"DM","Overlap25",1,"Mb-383_1","ABR33","M. sacchariflorus",1,TRUE
"DM","Overlap25",1,"Mb-391","ABR33","M. sacchariflorus",1,TRUE
"DM","Overlap25",1,"Mb-393_1","ABR33","M. sacchariflorus",0,TRUE
"DM","Overlap25",1,"Mb-397","ABR33","M. sacchariflorus",1,TRUE
"DM","Overlap25",1,"Mb-399","ABR33","M. sacchariflorus",0,TRUE
"DM","Overlap25",1,"Mb-401","ABR33","M. sacchariflorus",1,TRUE
"DM","Overlap25",1,"Mb-411","ABR33","M. sacchariflorus",1,TRUE
"DM","Overlap25",1,"Mb-416","ABR33","M. sacchariflorus",1,TRUE
"DM","Overlap25",1,"Mb-425_1","ABR33","M. sacchariflorus",1,TRUE
"DM","Overlap25",1,"Mb-427_1","ABR33","M. sacchariflorus",1,TRUE
"DM","Overlap25",1,"Mb-431_1","ABR33","M. sacchariflorus",1,TRUE
"DM","Overlap25",1,"Mb-434_1","ABR33","M. sinensis",0,TRUE
"DM","Overlap25",1,"Mb-485_1","ABR33","M. sacchariflorus",0,TRUE
"DM","Overlap25",1,"Mb-486","ABR33","M. sacchariflorus",1,TRUE
"DM","Overlap25",1,"Mb-488_15","ABR33","M. sacchariflorus",1,TRUE
"DM","Overlap25",1,"Mb-490_10","ABR33","M. sacchariflorus",1,TRUE
"DM","Overlap25",1,"Mb-494_1","ABR33","M. sacchariflorus",0,TRUE
"DM","Overlap25",1,"Mb-498_1","ABR33","M. sacchariflorus",0,TRUE
"DM","Overlap25",1,"Mb-502_1","ABR33","M. sacchariflorus",0,TRUE
"DM","Overlap25",1,"Mb-505_1","ABR33","M. sacchariflorus",1,TRUE
"DM","Overlap25",1,"Mb-508","ABR33","M. sacchariflorus",1,TRUE
"DM","Overlap25",1,"Mb-526_13","ABR33","M. sinensis",1,TRUE
"DM","Overlap25",1,"Mb-527_1","ABR33","M. sinensis",1,TRUE
"DM","Overlap25",1,"Mb-533_1","ABR33","M. sinensis",1,TRUE
"DM","Overlap25",1,"Mb-539_1","ABR33","M. sinensis",1,TRUE
"DM","Overlap25",1,"Mb-585_1","ABR33","M. sinensis",0,TRUE
"DM","Overlap25",1,"Mb-628_1","ABR33","M. sacchariflorus",0,TRUE
"DM","Overlap25",1,"Mb-70","ABR33","M. sinensis",1,TRUE
"DM","Overlap25",1,"Mb-72","ABR33","M. x gig",1,TRUE
"DM","Overlap25",1,"Mb-74","ABR33","M. sinensis",1,TRUE
"DM","Overlap25",1,"Mb-76","ABR33","M. sacchariflorus",1,TRUE
"DM","Overlap25",1,"Mb-770_18","ABR33","M. sacchariflorus",1,TRUE
"DM","Overlap25",1,"Mb-779_14","ABR33","M. sacchariflorus",0,TRUE
"DM","Overlap25",1,"Mb-787_13","ABR33","M. sacchariflorus",1,TRUE
"DM","Overlap25",1,"Mb-810_11","ABR33","M. sacchariflorus",1,TRUE
"DM","Overlap25",1,"Mb-819_19","ABR33","M. sacchariflorus",1,TRUE
"DM","Overlap25",1,"Mb-851_1","ABR33","M. sinensis",0,TRUE
"DM","Overlap25",1,"Mb-86","ABR33","M. sinensis",1,TRUE
"DM","Overlap25",1,"Mb-884_1","ABR33","M. sacchariflorus",1,TRUE
"DM","Overlap25",1,"Mb-893_11","ABR33","M. sinensis",1,TRUE
"DM","Overlap25",1,"Mb-9","ABR33","M. sinensis",1,TRUE
"DM","Overlap25",1,"Mb-910_11","ABR33","M. sinensis",1,TRUE
"DM","Overlap25",1,"Mb-913_17","ABR33","M. sacchariflorus",1,TRUE
"DM","Overlap25",1,"Mb-914_13","ABR33","M. sinensis",0,TRUE
"DM","Overlap25",1,"Mb-928_18","ABR33","M. sinensis",1,TRUE
"DM","Overlap25",1,"Mb-930","ABR33","M. sinensis",1,TRUE
"DM","Overlap25",1,"Mb-931_12","ABR33","M. sinensis",1,TRUE
"DM","Overlap25",1,"Mb-933_11","ABR33","M. sinensis",0,TRUE
"DM","Overlap25",1,"Mb-935_13","ABR33","M. sinensis",0,TRUE
"DM","Overlap25",1,"Mb-94","ABR33","M. sacchariflorus",1,TRUE
"DM","Overlap25",1,"Mb-956_19","ABR33","M. sacchariflorus",1,TRUE
"DM","Overlap25",1,"Mb-958_19","ABR33","M. sacchariflorus",1,TRUE
"DM","Overlap25",1,"Mb-960_20","ABR33","M. sinensis",0,TRUE
"DM","Overlap25",1,"Mb-961_16","ABR33","M. sacchariflorus",1,TRUE
"DM","Overlap25",1,"Mb-965_15","ABR33","M. sacchariflorus",1,TRUE
"DM","Overlap25",1,"Mb-969_18","ABR33","M. sacchariflorus",0,TRUE
"DM","Overlap25",1,"Mb-974_19","ABR33","M. sinensis",1,TRUE
"DM","Overlap25",1,"Mb-99","ABR33","M. sinensis",0,TRUE
"DM","Overlap25",1,"Mx-1548_12","ABR33","M. x gig",1,TRUE
"DM","Overlap25",1,"Mx-1915_12","ABR33","M. x gig",0,TRUE
"DM","Overlap25",1,"Mx-1932_13","ABR33","M. x gig",0,TRUE
"DM","Overlap25",1,"Mx-1933_11","ABR33","M. x gig",1,TRUE
"DM","Overlap25",1,"Mx-1956_15","ABR33","M. x gig",1,TRUE
"DM","Overlap25",1,"Mx-2446_1","ABR33","M. x gig",1,TRUE
"DM","Overlap25",1,"Mx-2470_5","ABR33","M. sacchariflorus",1,TRUE
"DM","Overlap25",1,"Mx-437_90","ABR33","M. x gig",1,TRUE
"DM","Overlap25",1,"Mb-102","JKI","M. sinensis",1,TRUE
"DM","Overlap25",1,"Mb-1037_52","JKI","M. sacchariflorus",1,TRUE
"DM","Overlap25",1,"Mb-104","JKI","M. x gig",1,TRUE
"DM","Overlap25",1,"Mb-1040_17","JKI","M. sacchariflorus",1,TRUE
"DM","Overlap25",1,"Mb-1043_32","JKI","M. sacchariflorus",1,TRUE
"DM","Overlap25",1,"Mb-1044_50","JKI","M. sacchariflorus",1,TRUE
"DM","Overlap25",1,"Mb-1056_31","JKI","M. sacchariflorus",1,TRUE
"DM","Overlap25",1,"Mb-1067_18","JKI","M. sacchariflorus",1,TRUE
"DM","Overlap25",1,"Mb-1086_54","JKI","M. x gig",0,TRUE
"DM","Overlap25",1,"Mb-109","JKI","M. sinensis",1,TRUE
"DM","Overlap25",1,"Mb-110","JKI","M. sinensis",1,TRUE
"DM","Overlap25",1,"Mb-111","JKI","M. sinensis",1,TRUE
"DM","Overlap25",1,"Mb-113","JKI","M. sinensis",1,TRUE
"DM","Overlap25",1,"Mb-1130_51","JKI","M. x gig",1,TRUE
"DM","Overlap25",1,"Mb-1132_52","JKI","M. x gig",1,TRUE
"DM","Overlap25",1,"Mb-1139_19","JKI","M. sinensis",1,FALSE
"DM","Overlap25",1,"Mb-1147_12","JKI","M. sinensis",1,TRUE
"DM","Overlap25",1,"Mb-115","JKI","M. sinensis",1,TRUE
"DM","Overlap25",1,"Mb-1153_20","JKI","M. sinensis",1,TRUE
"DM","Overlap25",1,"Mb-1155_33","JKI","M. sacchariflorus",1,TRUE
"DM","Overlap25",1,"Mb-1156_13","JKI","M. sinensis",1,TRUE
"DM","Overlap25",1,"Mb-1162_20","JKI","M. sacchariflorus",1,TRUE
"DM","Overlap25",1,"Mb-1182_16","JKI","M. sinensis",1,TRUE
"DM","Overlap25",1,"Mb-1205_12","JKI","M. sinensis",1,TRUE
"DM","Overlap25",1,"Mb-1231_18","JKI","M. sinensis",1,TRUE
"DM","Overlap25",1,"Mb-1238_1","JKI","M. sinensis",0,TRUE
"DM","Overlap25",1,"Mb-1261_15","JKI","M. sacchariflorus",1,TRUE
"DM","Overlap25",1,"Mb-1353_14","JKI","M. sacchariflorus",1,TRUE
"DM","Overlap25",1,"Mb-14","JKI","M. sinensis",1,TRUE
"DM","Overlap25",1,"Mb-140","JKI","M. sacchariflorus",1,TRUE
"DM","Overlap25",1,"Mb-142","JKI","M. sacchariflorus",1,TRUE
"DM","Overlap25",1,"Mb-144","JKI","M. sacchariflorus",1,TRUE
"DM","Overlap25",1,"Mb-146","JKI","M. sacchariflorus",1,TRUE
"DM","Overlap25",1,"Mb-147","JKI","M. x gig",1,TRUE
"DM","Overlap25",1,"Mb-148","JKI","M. x gig",1,TRUE
"DM","Overlap25",1,"Mb-1485_42","JKI","M. x gig",1,TRUE
"DM","Overlap25",1,"Mb-1486_1","JKI","M. x gig",1,TRUE
"DM","Overlap25",1,"Mb-149","JKI","M. x gig",1,TRUE
"DM","Overlap25",1,"Mb-166","JKI","M. sacchariflorus",1,TRUE
"DM","Overlap25",1,"Mb-167","JKI","M. sinensis",1,TRUE
"DM","Overlap25",1,"Mb-177","JKI","M. sacchariflorus",1,TRUE
"DM","Overlap25",1,"Mb-188","JKI","M. x gig",1,TRUE
"DM","Overlap25",1,"Mb-2","JKI","M. sinensis",1,TRUE
"DM","Overlap25",1,"Mb-221","JKI","M. sinensis",1,TRUE
"DM","Overlap25",1,"Mb-226","JKI","M. sacchariflorus",1,TRUE
"DM","Overlap25",1,"Mb-229","JKI","M. sinensis",1,TRUE
"DM","Overlap25",1,"Mb-255","JKI","M. sinensis",1,TRUE
"DM","Overlap25",1,"Mb-272","JKI","M. sacchariflorus",1,TRUE
"DM","Overlap25",1,"Mb-297","JKI","M. sacchariflorus",0,TRUE
"DM","Overlap25",1,"Mb-3","JKI","M. sinensis",1,TRUE
"DM","Overlap25",1,"Mb-306","JKI","M. sinensis",0,TRUE
"DM","Overlap25",1,"Mb-307","JKI","M. x gig",1,TRUE
"DM","Overlap25",1,"Mb-308","JKI","M. x gig",1,TRUE
"DM","Overlap25",1,"Mb-309","JKI","M. x gig",1,TRUE
"DM","Overlap25",1,"Mb-31","JKI","M. sinensis",1,TRUE
"DM","Overlap25",1,"Mb-310","JKI","M. x gig",1,TRUE
"DM","Overlap25",1,"Mb-35","JKI","M. sinensis",0,TRUE
"DM","Overlap25",1,"Mb-353","JKI","M. sacchariflorus",0,TRUE
"DM","Overlap25",1,"Mb-37","JKI","M. sinensis",1,TRUE
"DM","Overlap25",1,"Mb-383_1","JKI","M. sacchariflorus",1,TRUE
"DM","Overlap25",1,"Mb-391","JKI","M. sacchariflorus",1,TRUE
"DM","Overlap25",1,"Mb-393_1","JKI","M. sacchariflorus",0,TRUE
"DM","Overlap25",1,"Mb-397","JKI","M. sacchariflorus",1,TRUE
"DM","Overlap25",1,"Mb-399","JKI","M. sacchariflorus",0,TRUE
"DM","Overlap25",1,"Mb-401","JKI","M. sacchariflorus",1,TRUE
"DM","Overlap25",1,"Mb-411","JKI","M. sacchariflorus",1,TRUE
"DM","Overlap25",1,"Mb-416","JKI","M. sacchariflorus",1,TRUE
"DM","Overlap25",1,"Mb-425_1","JKI","M. sacchariflorus",1,TRUE
"DM","Overlap25",1,"Mb-427_1","JKI","M. sacchariflorus",1,TRUE
"DM","Overlap25",1,"Mb-431_1","JKI","M. sacchariflorus",1,TRUE
"DM","Overlap25",1,"Mb-434_1","JKI","M. sinensis",0,TRUE
"DM","Overlap25",1,"Mb-485_1","JKI","M. sacchariflorus",0,TRUE
"DM","Overlap25",1,"Mb-486","JKI","M. sacchariflorus",1,TRUE
"DM","Overlap25",1,"Mb-488_15","JKI","M. sacchariflorus",1,TRUE
"DM","Overlap25",1,"Mb-490_10","JKI","M. sacchariflorus",1,TRUE
"DM","Overlap25",1,"Mb-494_1","JKI","M. sacchariflorus",0,TRUE
"DM","Overlap25",1,"Mb-498_1","JKI","M. sacchariflorus",0,TRUE
"DM","Overlap25",1,"Mb-502_1","JKI","M. sacchariflorus",0,TRUE
"DM","Overlap25",1,"Mb-505_1","JKI","M. sacchariflorus",1,TRUE
"DM","Overlap25",1,"Mb-508","JKI","M. sacchariflorus",1,TRUE
"DM","Overlap25",1,"Mb-526_13","JKI","M. sinensis",1,TRUE
"DM","Overlap25",1,"Mb-527_1","JKI","M. sinensis",1,TRUE
"DM","Overlap25",1,"Mb-533_1","JKI","M. sinensis",1,TRUE
"DM","Overlap25",1,"Mb-539_1","JKI","M. sinensis",1,TRUE
"DM","Overlap25",1,"Mb-585_1","JKI","M. sinensis",0,TRUE
"DM","Overlap25",1,"Mb-628_1","JKI","M. sacchariflorus",0,TRUE
"DM","Overlap25",1,"Mb-70","JKI","M. sinensis",1,TRUE
"DM","Overlap25",1,"Mb-72","JKI","M. x gig",1,TRUE
"DM","Overlap25",1,"Mb-74","JKI","M. sinensis",1,TRUE
"DM","Overlap25",1,"Mb-76","JKI","M. sacchariflorus",1,TRUE
"DM","Overlap25",1,"Mb-770_18","JKI","M. sacchariflorus",1,TRUE
"DM","Overlap25",1,"Mb-779_14","JKI","M. sacchariflorus",0,TRUE
"DM","Overlap25",1,"Mb-787_13","JKI","M. sacchariflorus",1,TRUE
"DM","Overlap25",1,"Mb-810_11","JKI","M. sacchariflorus",1,TRUE
"DM","Overlap25",1,"Mb-819_19","JKI","M. sacchariflorus",1,TRUE
"DM","Overlap25",1,"Mb-851_1","JKI","M. sinensis",0,TRUE
"DM","Overlap25",1,"Mb-86","JKI","M. sinensis",1,TRUE
"DM","Overlap25",1,"Mb-884_1","JKI","M. sacchariflorus",1,TRUE
"DM","Overlap25",1,"Mb-893_11","JKI","M. sinensis",1,TRUE
"DM","Overlap25",1,"Mb-9","JKI","M. sinensis",1,TRUE
"DM","Overlap25",1,"Mb-910_11","JKI","M. sinensis",1,TRUE
"DM","Overlap25",1,"Mb-913_17","JKI","M. sacchariflorus",1,TRUE
"DM","Overlap25",1,"Mb-914_13","JKI","M. sinensis",0,TRUE
"DM","Overlap25",1,"Mb-928_18","JKI","M. sinensis",1,TRUE
"DM","Overlap25",1,"Mb-930","JKI","M. sinensis",1,TRUE
"DM","Overlap25",1,"Mb-931_12","JKI","M. sinensis",1,TRUE
"DM","Overlap25",1,"Mb-933_11","JKI","M. sinensis",0,TRUE
"DM","Overlap25",1,"Mb-935_13","JKI","M. sinensis",0,TRUE
"DM","Overlap25",1,"Mb-94","JKI","M. sacchariflorus",1,TRUE
"DM","Overlap25",1,"Mb-956_19","JKI","M. sacchariflorus",1,TRUE
"DM","Overlap25",1,"Mb-958_19","JKI","M. sacchariflorus",1,TRUE
"DM","Overlap25",1,"Mb-960_20","JKI","M. sinensis",0,TRUE
"DM","Overlap25",1,"Mb-961_16","JKI","M. sacchariflorus",1,TRUE
"DM","Overlap25",1,"Mb-965_15","JKI","M. sacchariflorus",1,TRUE
"DM","Overlap25",1,"Mb-969_18","JKI","M. sacchariflorus",0,TRUE
"DM","Overlap25",1,"Mb-974_19","JKI","M. sinensis",1,TRUE
"DM","Overlap25",1,"Mb-99","JKI","M. sinensis",0,TRUE
"DM","Overlap25",1,"Mx-1548_12","JKI","M. x gig",1,TRUE
"DM","Overlap25",1,"Mx-1915_12","JKI","M. x gig",0,TRUE
"DM","Overlap25",1,"Mx-1932_13","JKI","M. x gig",0,TRUE
"DM","Overlap25",1,"Mx-1933_11","JKI","M. x gig",1,TRUE
"DM","Overlap25",1,"Mx-1956_15","JKI","M. x gig",1,TRUE
"DM","Overlap25",1,"Mx-2446_1","JKI","M. x gig",1,TRUE
"DM","Overlap25",1,"Mx-2470_5","JKI","M. sacchariflorus",1,TRUE
"DM","Overlap25",1,"Mx-437_90","JKI","M. x gig",1,TRUE
"DM","Overlap25",2,"Mb-102","ABR33","M. sinensis",1,TRUE
"DM","Overlap25",2,"Mb-1037_52","ABR33","M. sacchariflorus",1,TRUE
"DM","Overlap25",2,"Mb-104","ABR33","M. x gig",1,TRUE
"DM","Overlap25",2,"Mb-1040_17","ABR33","M. sacchariflorus",1,TRUE
"DM","Overlap25",2,"Mb-1043_32","ABR33","M. sacchariflorus",1,TRUE
"DM","Overlap25",2,"Mb-1044_50","ABR33","M. sacchariflorus",1,TRUE
"DM","Overlap25",2,"Mb-1056_31","ABR33","M. sacchariflorus",0,TRUE
"DM","Overlap25",2,"Mb-1067_18","ABR33","M. sacchariflorus",1,TRUE
"DM","Overlap25",2,"Mb-1086_54","ABR33","M. x gig",1,TRUE
"DM","Overlap25",2,"Mb-109","ABR33","M. sinensis",1,TRUE
"DM","Overlap25",2,"Mb-110","ABR33","M. sinensis",1,TRUE
"DM","Overlap25",2,"Mb-111","ABR33","M. sinensis",1,TRUE
"DM","Overlap25",2,"Mb-113","ABR33","M. sinensis",1,TRUE
"DM","Overlap25",2,"Mb-1130_51","ABR33","M. x gig",1,TRUE
"DM","Overlap25",2,"Mb-1132_52","ABR33","M. x gig",1,TRUE
"DM","Overlap25",2,"Mb-1139_19","ABR33","M. sinensis",1,TRUE
"DM","Overlap25",2,"Mb-1147_12","ABR33","M. sinensis",1,TRUE
"DM","Overlap25",2,"Mb-115","ABR33","M. sinensis",1,TRUE
"DM","Overlap25",2,"Mb-1153_20","ABR33","M. sinensis",1,TRUE
"DM","Overlap25",2,"Mb-1155_33","ABR33","M. sacchariflorus",1,TRUE
"DM","Overlap25",2,"Mb-1156_13","ABR33","M. sinensis",1,TRUE
"DM","Overlap25",2,"Mb-1162_20","ABR33","M. sacchariflorus",0,TRUE
"DM","Overlap25",2,"Mb-1182_16","ABR33","M. sinensis",0,TRUE
"DM","Overlap25",2,"Mb-1205_12","ABR33","M. sinensis",1,TRUE
"DM","Overlap25",2,"Mb-1231_18","ABR33","M. sinensis",1,TRUE
"DM","Overlap25",2,"Mb-1238_1","ABR33","M. sinensis",0,TRUE
"DM","Overlap25",2,"Mb-1261_15","ABR33","M. sacchariflorus",0,TRUE
"DM","Overlap25",2,"Mb-1353_14","ABR33","M. sacchariflorus",1,TRUE
"DM","Overlap25",2,"Mb-14","ABR33","M. sinensis",1,TRUE
"DM","Overlap25",2,"Mb-140","ABR33","M. sacchariflorus",1,TRUE
"DM","Overlap25",2,"Mb-142","ABR33","M. sacchariflorus",1,TRUE
"DM","Overlap25",2,"Mb-144","ABR33","M. sacchariflorus",1,TRUE
"DM","Overlap25",2,"Mb-146","ABR33","M. sacchariflorus",1,TRUE
"DM","Overlap25",2,"Mb-147","ABR33","M. x gig",1,TRUE
"DM","Overlap25",2,"Mb-148","ABR33","M. x gig",1,TRUE
"DM","Overlap25",2,"Mb-1485_42","ABR33","M. x gig",1,TRUE
"DM","Overlap25",2,"Mb-1486_1","ABR33","M. x gig",1,TRUE
"DM","Overlap25",2,"Mb-149","ABR33","M. x gig",1,TRUE
"DM","Overlap25",2,"Mb-166","ABR33","M. sacchariflorus",1,TRUE
"DM","Overlap25",2,"Mb-167","ABR33","M. sinensis",1,TRUE
"DM","Overlap25",2,"Mb-177","ABR33","M. sacchariflorus",1,TRUE
"DM","Overlap25",2,"Mb-188","ABR33","M. x gig",0,TRUE
"DM","Overlap25",2,"Mb-2","ABR33","M. sinensis",1,TRUE
"DM","Overlap25",2,"Mb-221","ABR33","M. sinensis",1,TRUE
"DM","Overlap25",2,"Mb-226","ABR33","M. sacchariflorus",1,TRUE
"DM","Overlap25",2,"Mb-229","ABR33","M. sinensis",1,TRUE
"DM","Overlap25",2,"Mb-255","ABR33","M. sinensis",1,TRUE
"DM","Overlap25",2,"Mb-272","ABR33","M. sacchariflorus",1,TRUE
"DM","Overlap25",2,"Mb-297","ABR33","M. sacchariflorus",1,TRUE
"DM","Overlap25",2,"Mb-3","ABR33","M. sinensis",1,TRUE
"DM","Overlap25",2,"Mb-306","ABR33","M. sinensis",1,TRUE
"DM","Overlap25",2,"Mb-307","ABR33","M. x gig",0,TRUE
"DM","Overlap25",2,"Mb-308","ABR33","M. x gig",1,TRUE
"DM","Overlap25",2,"Mb-309","ABR33","M. x gig",1,TRUE
"DM","Overlap25",2,"Mb-31","ABR33","M. sinensis",1,TRUE
"DM","Overlap25",2,"Mb-310","ABR33","M. x gig",1,TRUE
"DM","Overlap25",2,"Mb-35","ABR33","M. sinensis",1,TRUE
"DM","Overlap25",2,"Mb-353","ABR33","M. sacchariflorus",0,TRUE
"DM","Overlap25",2,"Mb-37","ABR33","M. sinensis",1,TRUE
"DM","Overlap25",2,"Mb-383_1","ABR33","M. sacchariflorus",1,TRUE
"DM","Overlap25",2,"Mb-391","ABR33","M. sacchariflorus",1,TRUE
"DM","Overlap25",2,"Mb-393_1","ABR33","M. sacchariflorus",1,TRUE
"DM","Overlap25",2,"Mb-397","ABR33","M. sacchariflorus",1,TRUE
"DM","Overlap25",2,"Mb-399","ABR33","M. sacchariflorus",1,TRUE
"DM","Overlap25",2,"Mb-401","ABR33","M. sacchariflorus",0,TRUE
"DM","Overlap25",2,"Mb-411","ABR33","M. sacchariflorus",1,TRUE
"DM","Overlap25",2,"Mb-416","ABR33","M. sacchariflorus",0,TRUE
"DM","Overlap25",2,"Mb-425_1","ABR33","M. sacchariflorus",1,TRUE
"DM","Overlap25",2,"Mb-427_1","ABR33","M. sacchariflorus",1,TRUE
"DM","Overlap25",2,"Mb-431_1","ABR33","M. sacchariflorus",1,TRUE
"DM","Overlap25",2,"Mb-434_1","ABR33","M. sinensis",1,TRUE
"DM","Overlap25",2,"Mb-485_1","ABR33","M. sacchariflorus",0,TRUE
"DM","Overlap25",2,"Mb-486","ABR33","M. sacchariflorus",1,TRUE
"DM","Overlap25",2,"Mb-488_15","ABR33","M. sacchariflorus",1,TRUE
"DM","Overlap25",2,"Mb-490_10","ABR33","M. sacchariflorus",1,TRUE
"DM","Overlap25",2,"Mb-494_1","ABR33","M. sacchariflorus",1,TRUE
"DM","Overlap25",2,"Mb-498_1","ABR33","M. sacchariflorus",1,TRUE
"DM","Overlap25",2,"Mb-502_1","ABR33","M. sacchariflorus",1,TRUE
"DM","Overlap25",2,"Mb-505_1","ABR33","M. sacchariflorus",1,TRUE
"DM","Overlap25",2,"Mb-508","ABR33","M. sacchariflorus",1,TRUE
"DM","Overlap25",2,"Mb-526_13","ABR33","M. sinensis",0,TRUE
"DM","Overlap25",2,"Mb-527_1","ABR33","M. sinensis",1,TRUE
"DM","Overlap25",2,"Mb-533_1","ABR33","M. sinensis",1,TRUE
"DM","Overlap25",2,"Mb-539_1","ABR33","M. sinensis",1,TRUE
"DM","Overlap25",2,"Mb-585_1","ABR33","M. sinensis",1,TRUE
"DM","Overlap25",2,"Mb-628_1","ABR33","M. sacchariflorus",1,TRUE
"DM","Overlap25",2,"Mb-70","ABR33","M. sinensis",0,TRUE
"DM","Overlap25",2,"Mb-72","ABR33","M. x gig",1,TRUE
"DM","Overlap25",2,"Mb-74","ABR33","M. sinensis",0,TRUE
"DM","Overlap25",2,"Mb-76","ABR33","M. sacchariflorus",0,TRUE
"DM","Overlap25",2,"Mb-770_18","ABR33","M. sacchariflorus",1,TRUE
"DM","Overlap25",2,"Mb-779_14","ABR33","M. sacchariflorus",0,TRUE
"DM","Overlap25",2,"Mb-787_13","ABR33","M. sacchariflorus",1,TRUE
"DM","Overlap25",2,"Mb-810_11","ABR33","M. sacchariflorus",1,TRUE
"DM","Overlap25",2,"Mb-819_19","ABR33","M. sacchariflorus",1,TRUE
"DM","Overlap25",2,"Mb-851_1","ABR33","M. sinensis",1,TRUE
"DM","Overlap25",2,"Mb-86","ABR33","M. sinensis",1,TRUE
"DM","Overlap25",2,"Mb-884_1","ABR33","M. sacchariflorus",0,TRUE
"DM","Overlap25",2,"Mb-893_11","ABR33","M. sinensis",1,TRUE
"DM","Overlap25",2,"Mb-9","ABR33","M. sinensis",0,TRUE
"DM","Overlap25",2,"Mb-910_11","ABR33","M. sinensis",1,TRUE
"DM","Overlap25",2,"Mb-913_17","ABR33","M. sacchariflorus",0,TRUE
"DM","Overlap25",2,"Mb-914_13","ABR33","M. sinensis",1,TRUE
"DM","Overlap25",2,"Mb-928_18","ABR33","M. sinensis",1,TRUE
"DM","Overlap25",2,"Mb-930","ABR33","M. sinensis",1,TRUE
"DM","Overlap25",2,"Mb-931_12","ABR33","M. sinensis",1,TRUE
"DM","Overlap25",2,"Mb-933_11","ABR33","M. sinensis",1,TRUE
"DM","Overlap25",2,"Mb-935_13","ABR33","M. sinensis",1,TRUE
"DM","Overlap25",2,"Mb-94","ABR33","M. sacchariflorus",1,TRUE
"DM","Overlap25",2,"Mb-956_19","ABR33","M. sacchariflorus",0,TRUE
"DM","Overlap25",2,"Mb-958_19","ABR33","M. sacchariflorus",0,TRUE
"DM","Overlap25",2,"Mb-960_20","ABR33","M. sinensis",1,TRUE
"DM","Overlap25",2,"Mb-961_16","ABR33","M. sacchariflorus",1,TRUE
"DM","Overlap25",2,"Mb-965_15","ABR33","M. sacchariflorus",1,TRUE
"DM","Overlap25",2,"Mb-969_18","ABR33","M. sacchariflorus",0,TRUE
"DM","Overlap25",2,"Mb-974_19","ABR33","M. sinensis",0,TRUE
"DM","Overlap25",2,"Mb-99","ABR33","M. sinensis",0,TRUE
"DM","Overlap25",2,"Mx-1548_12","ABR33","M. x gig",1,TRUE
"DM","Overlap25",2,"Mx-1915_12","ABR33","M. x gig",1,TRUE
"DM","Overlap25",2,"Mx-1932_13","ABR33","M. x gig",1,TRUE
"DM","Overlap25",2,"Mx-1933_11","ABR33","M. x gig",1,TRUE
"DM","Overlap25",2,"Mx-1956_15","ABR33","M. x gig",0,TRUE
"DM","Overlap25",2,"Mx-2446_1","ABR33","M. x gig",1,TRUE
"DM","Overlap25",2,"Mx-2470_5","ABR33","M. sacchariflorus",1,TRUE
"DM","Overlap25",2,"Mx-437_90","ABR33","M. x gig",1,TRUE
"DM","Overlap25",2,"Mb-102","JKI","M. sinensis",1,TRUE
"DM","Overlap25",2,"Mb-1037_52","JKI","M. sacchariflorus",1,TRUE
"DM","Overlap25",2,"Mb-104","JKI","M. x gig",1,TRUE
"DM","Overlap25",2,"Mb-1040_17","JKI","M. sacchariflorus",1,TRUE
"DM","Overlap25",2,"Mb-1043_32","JKI","M. sacchariflorus",1,TRUE
"DM","Overlap25",2,"Mb-1044_50","JKI","M. sacchariflorus",1,TRUE
"DM","Overlap25",2,"Mb-1056_31","JKI","M. sacchariflorus",0,TRUE
"DM","Overlap25",2,"Mb-1067_18","JKI","M. sacchariflorus",1,TRUE
"DM","Overlap25",2,"Mb-1086_54","JKI","M. x gig",1,TRUE
"DM","Overlap25",2,"Mb-109","JKI","M. sinensis",1,TRUE
"DM","Overlap25",2,"Mb-110","JKI","M. sinensis",1,TRUE
"DM","Overlap25",2,"Mb-111","JKI","M. sinensis",1,TRUE
"DM","Overlap25",2,"Mb-113","JKI","M. sinensis",1,TRUE
"DM","Overlap25",2,"Mb-1130_51","JKI","M. x gig",1,TRUE
"DM","Overlap25",2,"Mb-1132_52","JKI","M. x gig",1,TRUE
"DM","Overlap25",2,"Mb-1139_19","JKI","M. sinensis",1,FALSE
"DM","Overlap25",2,"Mb-1147_12","JKI","M. sinensis",1,TRUE
"DM","Overlap25",2,"Mb-115","JKI","M. sinensis",1,TRUE
"DM","Overlap25",2,"Mb-1153_20","JKI","M. sinensis",1,TRUE
"DM","Overlap25",2,"Mb-1155_33","JKI","M. sacchariflorus",1,TRUE
"DM","Overlap25",2,"Mb-1156_13","JKI","M. sinensis",1,TRUE
"DM","Overlap25",2,"Mb-1162_20","JKI","M. sacchariflorus",0,TRUE
"DM","Overlap25",2,"Mb-1182_16","JKI","M. sinensis",0,TRUE
"DM","Overlap25",2,"Mb-1205_12","JKI","M. sinensis",1,TRUE
"DM","Overlap25",2,"Mb-1231_18","JKI","M. sinensis",1,TRUE
"DM","Overlap25",2,"Mb-1238_1","JKI","M. sinensis",0,TRUE
"DM","Overlap25",2,"Mb-1261_15","JKI","M. sacchariflorus",0,TRUE
"DM","Overlap25",2,"Mb-1353_14","JKI","M. sacchariflorus",1,TRUE
"DM","Overlap25",2,"Mb-14","JKI","M. sinensis",1,TRUE
"DM","Overlap25",2,"Mb-140","JKI","M. sacchariflorus",1,TRUE
"DM","Overlap25",2,"Mb-142","JKI","M. sacchariflorus",1,TRUE
"DM","Overlap25",2,"Mb-144","JKI","M. sacchariflorus",1,TRUE
"DM","Overlap25",2,"Mb-146","JKI","M. sacchariflorus",1,TRUE
"DM","Overlap25",2,"Mb-147","JKI","M. x gig",1,TRUE
"DM","Overlap25",2,"Mb-148","JKI","M. x gig",1,TRUE
"DM","Overlap25",2,"Mb-1485_42","JKI","M. x gig",1,TRUE
"DM","Overlap25",2,"Mb-1486_1","JKI","M. x gig",1,TRUE
"DM","Overlap25",2,"Mb-149","JKI","M. x gig",1,TRUE
"DM","Overlap25",2,"Mb-166","JKI","M. sacchariflorus",1,TRUE
"DM","Overlap25",2,"Mb-167","JKI","M. sinensis",1,TRUE
"DM","Overlap25",2,"Mb-177","JKI","M. sacchariflorus",1,TRUE
"DM","Overlap25",2,"Mb-188","JKI","M. x gig",0,TRUE
"DM","Overlap25",2,"Mb-2","JKI","M. sinensis",1,TRUE
"DM","Overlap25",2,"Mb-221","JKI","M. sinensis",1,TRUE
"DM","Overlap25",2,"Mb-226","JKI","M. sacchariflorus",1,TRUE
"DM","Overlap25",2,"Mb-229","JKI","M. sinensis",1,TRUE
"DM","Overlap25",2,"Mb-255","JKI","M. sinensis",1,TRUE
"DM","Overlap25",2,"Mb-272","JKI","M. sacchariflorus",1,TRUE
"DM","Overlap25",2,"Mb-297","JKI","M. sacchariflorus",1,TRUE
"DM","Overlap25",2,"Mb-3","JKI","M. sinensis",1,TRUE
"DM","Overlap25",2,"Mb-306","JKI","M. sinensis",1,TRUE
"DM","Overlap25",2,"Mb-307","JKI","M. x gig",0,TRUE
"DM","Overlap25",2,"Mb-308","JKI","M. x gig",1,TRUE
"DM","Overlap25",2,"Mb-309","JKI","M. x gig",1,TRUE
"DM","Overlap25",2,"Mb-31","JKI","M. sinensis",1,TRUE
"DM","Overlap25",2,"Mb-310","JKI","M. x gig",1,TRUE
"DM","Overlap25",2,"Mb-35","JKI","M. sinensis",1,TRUE
"DM","Overlap25",2,"Mb-353","JKI","M. sacchariflorus",0,TRUE
"DM","Overlap25",2,"Mb-37","JKI","M. sinensis",1,TRUE
"DM","Overlap25",2,"Mb-383_1","JKI","M. sacchariflorus",1,TRUE
"DM","Overlap25",2,"Mb-391","JKI","M. sacchariflorus",1,TRUE
"DM","Overlap25",2,"Mb-393_1","JKI","M. sacchariflorus",1,TRUE
"DM","Overlap25",2,"Mb-397","JKI","M. sacchariflorus",1,TRUE
"DM","Overlap25",2,"Mb-399","JKI","M. sacchariflorus",1,TRUE
"DM","Overlap25",2,"Mb-401","JKI","M. sacchariflorus",0,TRUE
"DM","Overlap25",2,"Mb-411","JKI","M. sacchariflorus",1,TRUE
"DM","Overlap25",2,"Mb-416","JKI","M. sacchariflorus",0,TRUE
"DM","Overlap25",2,"Mb-425_1","JKI","M. sacchariflorus",1,TRUE
"DM","Overlap25",2,"Mb-427_1","JKI","M. sacchariflorus",1,TRUE
"DM","Overlap25",2,"Mb-431_1","JKI","M. sacchariflorus",1,TRUE
"DM","Overlap25",2,"Mb-434_1","JKI","M. sinensis",1,TRUE
"DM","Overlap25",2,"Mb-485_1","JKI","M. sacchariflorus",0,TRUE
"DM","Overlap25",2,"Mb-486","JKI","M. sacchariflorus",1,TRUE
"DM","Overlap25",2,"Mb-488_15","JKI","M. sacchariflorus",1,TRUE
"DM","Overlap25",2,"Mb-490_10","JKI","M. sacchariflorus",1,TRUE
"DM","Overlap25",2,"Mb-494_1","JKI","M. sacchariflorus",1,TRUE
"DM","Overlap25",2,"Mb-498_1","JKI","M. sacchariflorus",1,TRUE
"DM","Overlap25",2,"Mb-502_1","JKI","M. sacchariflorus",1,TRUE
"DM","Overlap25",2,"Mb-505_1","JKI","M. sacchariflorus",1,TRUE
"DM","Overlap25",2,"Mb-508","JKI","M. sacchariflorus",1,TRUE
"DM","Overlap25",2,"Mb-526_13","JKI","M. sinensis",0,TRUE
"DM","Overlap25",2,"Mb-527_1","JKI","M. sinensis",1,TRUE
"DM","Overlap25",2,"Mb-533_1","JKI","M. sinensis",1,TRUE
"DM","Overlap25",2,"Mb-539_1","JKI","M. sinensis",1,TRUE
"DM","Overlap25",2,"Mb-585_1","JKI","M. sinensis",1,TRUE
"DM","Overlap25",2,"Mb-628_1","JKI","M. sacchariflorus",1,TRUE
"DM","Overlap25",2,"Mb-70","JKI","M. sinensis",0,TRUE
"DM","Overlap25",2,"Mb-72","JKI","M. x gig",1,TRUE
"DM","Overlap25",2,"Mb-74","JKI","M. sinensis",0,TRUE
"DM","Overlap25",2,"Mb-76","JKI","M. sacchariflorus",0,TRUE
"DM","Overlap25",2,"Mb-770_18","JKI","M. sacchariflorus",1,TRUE
"DM","Overlap25",2,"Mb-779_14","JKI","M. sacchariflorus",0,TRUE
"DM","Overlap25",2,"Mb-787_13","JKI","M. sacchariflorus",1,TRUE
"DM","Overlap25",2,"Mb-810_11","JKI","M. sacchariflorus",1,TRUE
"DM","Overlap25",2,"Mb-819_19","JKI","M. sacchariflorus",1,TRUE
"DM","Overlap25",2,"Mb-851_1","JKI","M. sinensis",1,TRUE
"DM","Overlap25",2,"Mb-86","JKI","M. sinensis",1,TRUE
"DM","Overlap25",2,"Mb-884_1","JKI","M. sacchariflorus",0,TRUE
"DM","Overlap25",2,"Mb-893_11","JKI","M. sinensis",1,TRUE
"DM","Overlap25",2,"Mb-9","JKI","M. sinensis",0,TRUE
"DM","Overlap25",2,"Mb-910_11","JKI","M. sinensis",1,TRUE
"DM","Overlap25",2,"Mb-913_17","JKI","M. sacchariflorus",0,TRUE
"DM","Overlap25",2,"Mb-914_13","JKI","M. sinensis",1,TRUE
"DM","Overlap25",2,"Mb-928_18","JKI","M. sinensis",1,TRUE
"DM","Overlap25",2,"Mb-930","JKI","M. sinensis",1,TRUE
"DM","Overlap25",2,"Mb-931_12","JKI","M. sinensis",1,TRUE
"DM","Overlap25",2,"Mb-933_11","JKI","M. sinensis",1,TRUE
"DM","Overlap25",2,"Mb-935_13","JKI","M. sinensis",1,TRUE
"DM","Overlap25",2,"Mb-94","JKI","M. sacchariflorus",1,TRUE
"DM","Overlap25",2,"Mb-956_19","JKI","M. sacchariflorus",0,TRUE
"DM","Overlap25",2,"Mb-958_19","JKI","M. sacchariflorus",0,TRUE
"DM","Overlap25",2,"Mb-960_20","JKI","M. sinensis",1,TRUE
"DM","Overlap25",2,"Mb-961_16","JKI","M. sacchariflorus",1,TRUE
"DM","Overlap25",2,"Mb-965_15","JKI","M. sacchariflorus",1,TRUE
"DM","Overlap25",2,"Mb-969_18","JKI","M. sacchariflorus",0,TRUE
"DM","Overlap25",2,"Mb-974_19","JKI","M. sinensis",0,TRUE
"DM","Overlap25",2,"Mb-99","JKI","M. sinensis",0,TRUE
"DM","Overlap25",2,"Mx-1548_12","JKI","M. x gig",1,TRUE
"DM","Overlap25",2,"Mx-1915_12","JKI","M. x gig",1,TRUE
"DM","Overlap25",2,"Mx-1932_13","JKI","M. x gig",1,TRUE
"DM","Overlap25",2,"Mx-1933_11","JKI","M. x gig",1,TRUE
"DM","Overlap25",2,"Mx-1956_15","JKI","M. x gig",0,TRUE
"DM","Overlap25",2,"Mx-2446_1","JKI","M. x gig",1,TRUE
"DM","Overlap25",2,"Mx-2470_5","JKI","M. sacchariflorus",1,TRUE
"DM","Overlap25",2,"Mx-437_90","JKI","M. x gig",1,TRUE
"DM","Overlap25",3,"Mb-102","ABR33","M. sinensis",0,TRUE
"DM","Overlap25",3,"Mb-1037_52","ABR33","M. sacchariflorus",1,TRUE
"DM","Overlap25",3,"Mb-104","ABR33","M. x gig",1,TRUE
"DM","Overlap25",3,"Mb-1040_17","ABR33","M. sacchariflorus",1,TRUE
"DM","Overlap25",3,"Mb-1043_32","ABR33","M. sacchariflorus",0,TRUE
"DM","Overlap25",3,"Mb-1044_50","ABR33","M. sacchariflorus",1,TRUE
"DM","Overlap25",3,"Mb-1056_31","ABR33","M. sacchariflorus",1,TRUE
"DM","Overlap25",3,"Mb-1067_18","ABR33","M. sacchariflorus",1,TRUE
"DM","Overlap25",3,"Mb-1086_54","ABR33","M. x gig",1,TRUE
"DM","Overlap25",3,"Mb-109","ABR33","M. sinensis",0,TRUE
"DM","Overlap25",3,"Mb-110","ABR33","M. sinensis",1,TRUE
"DM","Overlap25",3,"Mb-111","ABR33","M. sinensis",0,TRUE
"DM","Overlap25",3,"Mb-113","ABR33","M. sinensis",1,TRUE
"DM","Overlap25",3,"Mb-1130_51","ABR33","M. x gig",0,TRUE
"DM","Overlap25",3,"Mb-1132_52","ABR33","M. x gig",1,TRUE
"DM","Overlap25",3,"Mb-1139_19","ABR33","M. sinensis",1,TRUE
"DM","Overlap25",3,"Mb-1147_12","ABR33","M. sinensis",1,TRUE
"DM","Overlap25",3,"Mb-115","ABR33","M. sinensis",1,TRUE
"DM","Overlap25",3,"Mb-1153_20","ABR33","M. sinensis",1,TRUE
"DM","Overlap25",3,"Mb-1155_33","ABR33","M. sacchariflorus",0,TRUE
"DM","Overlap25",3,"Mb-1156_13","ABR33","M. sinensis",1,TRUE
"DM","Overlap25",3,"Mb-1162_20","ABR33","M. sacchariflorus",1,TRUE
"DM","Overlap25",3,"Mb-1182_16","ABR33","M. sinensis",1,TRUE
"DM","Overlap25",3,"Mb-1205_12","ABR33","M. sinensis",1,TRUE
"DM","Overlap25",3,"Mb-1231_18","ABR33","M. sinensis",1,TRUE
"DM","Overlap25",3,"Mb-1238_1","ABR33","M. sinensis",0,TRUE
"DM","Overlap25",3,"Mb-1261_15","ABR33","M. sacchariflorus",1,TRUE
"DM","Overlap25",3,"Mb-1353_14","ABR33","M. sacchariflorus",1,TRUE
"DM","Overlap25",3,"Mb-14","ABR33","M. sinensis",1,TRUE
"DM","Overlap25",3,"Mb-140","ABR33","M. sacchariflorus",0,TRUE
"DM","Overlap25",3,"Mb-142","ABR33","M. sacchariflorus",1,TRUE
"DM","Overlap25",3,"Mb-144","ABR33","M. sacchariflorus",1,TRUE
"DM","Overlap25",3,"Mb-146","ABR33","M. sacchariflorus",0,TRUE
"DM","Overlap25",3,"Mb-147","ABR33","M. x gig",1,TRUE
"DM","Overlap25",3,"Mb-148","ABR33","M. x gig",1,TRUE
"DM","Overlap25",3,"Mb-1485_42","ABR33","M. x gig",1,TRUE
"DM","Overlap25",3,"Mb-1486_1","ABR33","M. x gig",1,TRUE
"DM","Overlap25",3,"Mb-149","ABR33","M. x gig",0,TRUE
"DM","Overlap25",3,"Mb-166","ABR33","M. sacchariflorus",1,TRUE
"DM","Overlap25",3,"Mb-167","ABR33","M. sinensis",1,TRUE
"DM","Overlap25",3,"Mb-177","ABR33","M. sacchariflorus",1,TRUE
"DM","Overlap25",3,"Mb-188","ABR33","M. x gig",1,TRUE
"DM","Overlap25",3,"Mb-2","ABR33","M. sinensis",1,TRUE
"DM","Overlap25",3,"Mb-221","ABR33","M. sinensis",0,TRUE
"DM","Overlap25",3,"Mb-226","ABR33","M. sacchariflorus",1,TRUE
"DM","Overlap25",3,"Mb-229","ABR33","M. sinensis",1,TRUE
"DM","Overlap25",3,"Mb-255","ABR33","M. sinensis",1,TRUE
"DM","Overlap25",3,"Mb-272","ABR33","M. sacchariflorus",0,TRUE
"DM","Overlap25",3,"Mb-297","ABR33","M. sacchariflorus",1,TRUE
"DM","Overlap25",3,"Mb-3","ABR33","M. sinensis",1,TRUE
"DM","Overlap25",3,"Mb-306","ABR33","M. sinensis",1,TRUE
"DM","Overlap25",3,"Mb-307","ABR33","M. x gig",1,TRUE
"DM","Overlap25",3,"Mb-308","ABR33","M. x gig",1,TRUE
"DM","Overlap25",3,"Mb-309","ABR33","M. x gig",1,TRUE
"DM","Overlap25",3,"Mb-31","ABR33","M. sinensis",0,TRUE
"DM","Overlap25",3,"Mb-310","ABR33","M. x gig",1,TRUE
"DM","Overlap25",3,"Mb-35","ABR33","M. sinensis",0,TRUE
"DM","Overlap25",3,"Mb-353","ABR33","M. sacchariflorus",1,TRUE
"DM","Overlap25",3,"Mb-37","ABR33","M. sinensis",0,TRUE
"DM","Overlap25",3,"Mb-383_1","ABR33","M. sacchariflorus",1,TRUE
"DM","Overlap25",3,"Mb-391","ABR33","M. sacchariflorus",0,TRUE
"DM","Overlap25",3,"Mb-393_1","ABR33","M. sacchariflorus",1,TRUE
"DM","Overlap25",3,"Mb-397","ABR33","M. sacchariflorus",1,TRUE
"DM","Overlap25",3,"Mb-399","ABR33","M. sacchariflorus",1,TRUE
"DM","Overlap25",3,"Mb-401","ABR33","M. sacchariflorus",1,TRUE
"DM","Overlap25",3,"Mb-411","ABR33","M. sacchariflorus",1,TRUE
"DM","Overlap25",3,"Mb-416","ABR33","M. sacchariflorus",1,TRUE
"DM","Overlap25",3,"Mb-425_1","ABR33","M. sacchariflorus",1,TRUE
"DM","Overlap25",3,"Mb-427_1","ABR33","M. sacchariflorus",1,TRUE
"DM","Overlap25",3,"Mb-431_1","ABR33","M. sacchariflorus",0,TRUE
"DM","Overlap25",3,"Mb-434_1","ABR33","M. sinensis",1,TRUE
"DM","Overlap25",3,"Mb-485_1","ABR33","M. sacchariflorus",1,TRUE
"DM","Overlap25",3,"Mb-486","ABR33","M. sacchariflorus",1,TRUE
"DM","Overlap25",3,"Mb-488_15","ABR33","M. sacchariflorus",1,TRUE
"DM","Overlap25",3,"Mb-490_10","ABR33","M. sacchariflorus",0,TRUE
"DM","Overlap25",3,"Mb-494_1","ABR33","M. sacchariflorus",1,TRUE
"DM","Overlap25",3,"Mb-498_1","ABR33","M. sacchariflorus",1,TRUE
"DM","Overlap25",3,"Mb-502_1","ABR33","M. sacchariflorus",0,TRUE
"DM","Overlap25",3,"Mb-505_1","ABR33","M. sacchariflorus",1,TRUE
"DM","Overlap25",3,"Mb-508","ABR33","M. sacchariflorus",1,TRUE
"DM","Overlap25",3,"Mb-526_13","ABR33","M. sinensis",1,TRUE
"DM","Overlap25",3,"Mb-527_1","ABR33","M. sinensis",1,TRUE
"DM","Overlap25",3,"Mb-533_1","ABR33","M. sinensis",1,TRUE
"DM","Overlap25",3,"Mb-539_1","ABR33","M. sinensis",1,TRUE
"DM","Overlap25",3,"Mb-585_1","ABR33","M. sinensis",1,TRUE
"DM","Overlap25",3,"Mb-628_1","ABR33","M. sacchariflorus",1,TRUE
"DM","Overlap25",3,"Mb-70","ABR33","M. sinensis",1,TRUE
"DM","Overlap25",3,"Mb-72","ABR33","M. x gig",1,TRUE
"DM","Overlap25",3,"Mb-74","ABR33","M. sinensis",0,TRUE
"DM","Overlap25",3,"Mb-76","ABR33","M. sacchariflorus",1,TRUE
"DM","Overlap25",3,"Mb-770_18","ABR33","M. sacchariflorus",1,TRUE
"DM","Overlap25",3,"Mb-779_14","ABR33","M. sacchariflorus",1,TRUE
"DM","Overlap25",3,"Mb-787_13","ABR33","M. sacchariflorus",1,TRUE
"DM","Overlap25",3,"Mb-810_11","ABR33","M. sacchariflorus",1,TRUE
"DM","Overlap25",3,"Mb-819_19","ABR33","M. sacchariflorus",1,TRUE
"DM","Overlap25",3,"Mb-851_1","ABR33","M. sinensis",0,TRUE
"DM","Overlap25",3,"Mb-86","ABR33","M. sinensis",1,TRUE
"DM","Overlap25",3,"Mb-884_1","ABR33","M. sacchariflorus",1,TRUE
"DM","Overlap25",3,"Mb-893_11","ABR33","M. sinensis",1,TRUE
"DM","Overlap25",3,"Mb-9","ABR33","M. sinensis",1,TRUE
"DM","Overlap25",3,"Mb-910_11","ABR33","M. sinensis",1,TRUE
"DM","Overlap25",3,"Mb-913_17","ABR33","M. sacchariflorus",1,TRUE
"DM","Overlap25",3,"Mb-914_13","ABR33","M. sinensis",1,TRUE
"DM","Overlap25",3,"Mb-928_18","ABR33","M. sinensis",1,TRUE
"DM","Overlap25",3,"Mb-930","ABR33","M. sinensis",1,TRUE
"DM","Overlap25",3,"Mb-931_12","ABR33","M. sinensis",1,TRUE
"DM","Overlap25",3,"Mb-933_11","ABR33","M. sinensis",1,TRUE
"DM","Overlap25",3,"Mb-935_13","ABR33","M. sinensis",0,TRUE
"DM","Overlap25",3,"Mb-94","ABR33","M. sacchariflorus",1,TRUE
"DM","Overlap25",3,"Mb-956_19","ABR33","M. sacchariflorus",1,TRUE
"DM","Overlap25",3,"Mb-958_19","ABR33","M. sacchariflorus",1,TRUE
"DM","Overlap25",3,"Mb-960_20","ABR33","M. sinensis",1,TRUE
"DM","Overlap25",3,"Mb-961_16","ABR33","M. sacchariflorus",1,TRUE
"DM","Overlap25",3,"Mb-965_15","ABR33","M. sacchariflorus",1,TRUE
"DM","Overlap25",3,"Mb-969_18","ABR33","M. sacchariflorus",0,TRUE
"DM","Overlap25",3,"Mb-974_19","ABR33","M. sinensis",0,TRUE
"DM","Overlap25",3,"Mb-99","ABR33","M. sinensis",0,TRUE
"DM","Overlap25",3,"Mx-1548_12","ABR33","M. x gig",1,TRUE
"DM","Overlap25",3,"Mx-1915_12","ABR33","M. x gig",1,TRUE
"DM","Overlap25",3,"Mx-1932_13","ABR33","M. x gig",1,TRUE
"DM","Overlap25",3,"Mx-1933_11","ABR33","M. x gig",1,TRUE
"DM","Overlap25",3,"Mx-1956_15","ABR33","M. x gig",1,TRUE
"DM","Overlap25",3,"Mx-2446_1","ABR33","M. x gig",1,TRUE
"DM","Overlap25",3,"Mx-2470_5","ABR33","M. sacchariflorus",1,TRUE
"DM","Overlap25",3,"Mx-437_90","ABR33","M. x gig",1,TRUE
"DM","Overlap25",3,"Mb-102","JKI","M. sinensis",0,TRUE
"DM","Overlap25",3,"Mb-1037_52","JKI","M. sacchariflorus",1,TRUE
"DM","Overlap25",3,"Mb-104","JKI","M. x gig",1,TRUE
"DM","Overlap25",3,"Mb-1040_17","JKI","M. sacchariflorus",1,TRUE
"DM","Overlap25",3,"Mb-1043_32","JKI","M. sacchariflorus",0,TRUE
"DM","Overlap25",3,"Mb-1044_50","JKI","M. sacchariflorus",1,TRUE
"DM","Overlap25",3,"Mb-1056_31","JKI","M. sacchariflorus",1,TRUE
"DM","Overlap25",3,"Mb-1067_18","JKI","M. sacchariflorus",1,TRUE
"DM","Overlap25",3,"Mb-1086_54","JKI","M. x gig",1,TRUE
"DM","Overlap25",3,"Mb-109","JKI","M. sinensis",0,TRUE
"DM","Overlap25",3,"Mb-110","JKI","M. sinensis",1,TRUE
"DM","Overlap25",3,"Mb-111","JKI","M. sinensis",0,TRUE
"DM","Overlap25",3,"Mb-113","JKI","M. sinensis",1,TRUE
"DM","Overlap25",3,"Mb-1130_51","JKI","M. x gig",0,TRUE
"DM","Overlap25",3,"Mb-1132_52","JKI","M. x gig",1,TRUE
"DM","Overlap25",3,"Mb-1139_19","JKI","M. sinensis",1,FALSE
"DM","Overlap25",3,"Mb-1147_12","JKI","M. sinensis",1,TRUE
"DM","Overlap25",3,"Mb-115","JKI","M. sinensis",1,TRUE
"DM","Overlap25",3,"Mb-1153_20","JKI","M. sinensis",1,TRUE
"DM","Overlap25",3,"Mb-1155_33","JKI","M. sacchariflorus",0,TRUE
"DM","Overlap25",3,"Mb-1156_13","JKI","M. sinensis",1,TRUE
"DM","Overlap25",3,"Mb-1162_20","JKI","M. sacchariflorus",1,TRUE
"DM","Overlap25",3,"Mb-1182_16","JKI","M. sinensis",1,TRUE
"DM","Overlap25",3,"Mb-1205_12","JKI","M. sinensis",1,TRUE
"DM","Overlap25",3,"Mb-1231_18","JKI","M. sinensis",1,TRUE
"DM","Overlap25",3,"Mb-1238_1","JKI","M. sinensis",0,TRUE
"DM","Overlap25",3,"Mb-1261_15","JKI","M. sacchariflorus",1,TRUE
"DM","Overlap25",3,"Mb-1353_14","JKI","M. sacchariflorus",1,TRUE
"DM","Overlap25",3,"Mb-14","JKI","M. sinensis",1,TRUE
"DM","Overlap25",3,"Mb-140","JKI","M. sacchariflorus",0,TRUE
"DM","Overlap25",3,"Mb-142","JKI","M. sacchariflorus",1,TRUE
"DM","Overlap25",3,"Mb-144","JKI","M. sacchariflorus",1,TRUE
"DM","Overlap25",3,"Mb-146","JKI","M. sacchariflorus",0,TRUE
"DM","Overlap25",3,"Mb-147","JKI","M. x gig",1,TRUE
"DM","Overlap25",3,"Mb-148","JKI","M. x gig",1,TRUE
"DM","Overlap25",3,"Mb-1485_42","JKI","M. x gig",1,TRUE
"DM","Overlap25",3,"Mb-1486_1","JKI","M. x gig",1,TRUE
"DM","Overlap25",3,"Mb-149","JKI","M. x gig",0,TRUE
"DM","Overlap25",3,"Mb-166","JKI","M. sacchariflorus",1,TRUE
"DM","Overlap25",3,"Mb-167","JKI","M. sinensis",1,TRUE
"DM","Overlap25",3,"Mb-177","JKI","M. sacchariflorus",1,TRUE
"DM","Overlap25",3,"Mb-188","JKI","M. x gig",1,TRUE
"DM","Overlap25",3,"Mb-2","JKI","M. sinensis",1,TRUE
"DM","Overlap25",3,"Mb-221","JKI","M. sinensis",0,TRUE
"DM","Overlap25",3,"Mb-226","JKI","M. sacchariflorus",1,TRUE
"DM","Overlap25",3,"Mb-229","JKI","M. sinensis",1,TRUE
"DM","Overlap25",3,"Mb-255","JKI","M. sinensis",1,TRUE
"DM","Overlap25",3,"Mb-272","JKI","M. sacchariflorus",0,TRUE
"DM","Overlap25",3,"Mb-297","JKI","M. sacchariflorus",1,TRUE
"DM","Overlap25",3,"Mb-3","JKI","M. sinensis",1,TRUE
"DM","Overlap25",3,"Mb-306","JKI","M. sinensis",1,TRUE
"DM","Overlap25",3,"Mb-307","JKI","M. x gig",1,TRUE
"DM","Overlap25",3,"Mb-308","JKI","M. x gig",1,TRUE
"DM","Overlap25",3,"Mb-309","JKI","M. x gig",1,TRUE
"DM","Overlap25",3,"Mb-31","JKI","M. sinensis",0,TRUE
"DM","Overlap25",3,"Mb-310","JKI","M. x gig",1,TRUE
"DM","Overlap25",3,"Mb-35","JKI","M. sinensis",0,TRUE
"DM","Overlap25",3,"Mb-353","JKI","M. sacchariflorus",1,TRUE
"DM","Overlap25",3,"Mb-37","JKI","M. sinensis",0,TRUE
"DM","Overlap25",3,"Mb-383_1","JKI","M. sacchariflorus",1,TRUE
"DM","Overlap25",3,"Mb-391","JKI","M. sacchariflorus",0,TRUE
"DM","Overlap25",3,"Mb-393_1","JKI","M. sacchariflorus",1,TRUE
"DM","Overlap25",3,"Mb-397","JKI","M. sacchariflorus",1,TRUE
"DM","Overlap25",3,"Mb-399","JKI","M. sacchariflorus",1,TRUE
"DM","Overlap25",3,"Mb-401","JKI","M. sacchariflorus",1,TRUE
"DM","Overlap25",3,"Mb-411","JKI","M. sacchariflorus",1,TRUE
"DM","Overlap25",3,"Mb-416","JKI","M. sacchariflorus",1,TRUE
"DM","Overlap25",3,"Mb-425_1","JKI","M. sacchariflorus",1,TRUE
"DM","Overlap25",3,"Mb-427_1","JKI","M. sacchariflorus",1,TRUE
"DM","Overlap25",3,"Mb-431_1","JKI","M. sacchariflorus",0,TRUE
"DM","Overlap25",3,"Mb-434_1","JKI","M. sinensis",1,TRUE
"DM","Overlap25",3,"Mb-485_1","JKI","M. sacchariflorus",1,TRUE
"DM","Overlap25",3,"Mb-486","JKI","M. sacchariflorus",1,TRUE
"DM","Overlap25",3,"Mb-488_15","JKI","M. sacchariflorus",1,TRUE
"DM","Overlap25",3,"Mb-490_10","JKI","M. sacchariflorus",0,TRUE
"DM","Overlap25",3,"Mb-494_1","JKI","M. sacchariflorus",1,TRUE
"DM","Overlap25",3,"Mb-498_1","JKI","M. sacchariflorus",1,TRUE
"DM","Overlap25",3,"Mb-502_1","JKI","M. sacchariflorus",0,TRUE
"DM","Overlap25",3,"Mb-505_1","JKI","M. sacchariflorus",1,TRUE
"DM","Overlap25",3,"Mb-508","JKI","M. sacchariflorus",1,TRUE
"DM","Overlap25",3,"Mb-526_13","JKI","M. sinensis",1,TRUE
"DM","Overlap25",3,"Mb-527_1","JKI","M. sinensis",1,TRUE
"DM","Overlap25",3,"Mb-533_1","JKI","M. sinensis",1,TRUE
"DM","Overlap25",3,"Mb-539_1","JKI","M. sinensis",1,TRUE
"DM","Overlap25",3,"Mb-585_1","JKI","M. sinensis",1,TRUE
"DM","Overlap25",3,"Mb-628_1","JKI","M. sacchariflorus",1,TRUE
"DM","Overlap25",3,"Mb-70","JKI","M. sinensis",1,TRUE
"DM","Overlap25",3,"Mb-72","JKI","M. x gig",1,TRUE
"DM","Overlap25",3,"Mb-74","JKI","M. sinensis",0,TRUE
"DM","Overlap25",3,"Mb-76","JKI","M. sacchariflorus",1,TRUE
"DM","Overlap25",3,"Mb-770_18","JKI","M. sacchariflorus",1,TRUE
"DM","Overlap25",3,"Mb-779_14","JKI","M. sacchariflorus",1,TRUE
"DM","Overlap25",3,"Mb-787_13","JKI","M. sacchariflorus",1,TRUE
"DM","Overlap25",3,"Mb-810_11","JKI","M. sacchariflorus",1,TRUE
"DM","Overlap25",3,"Mb-819_19","JKI","M. sacchariflorus",1,TRUE
"DM","Overlap25",3,"Mb-851_1","JKI","M. sinensis",0,TRUE
"DM","Overlap25",3,"Mb-86","JKI","M. sinensis",1,TRUE
"DM","Overlap25",3,"Mb-884_1","JKI","M. sacchariflorus",1,TRUE
"DM","Overlap25",3,"Mb-893_11","JKI","M. sinensis",1,TRUE
"DM","Overlap25",3,"Mb-9","JKI","M. sinensis",1,TRUE
"DM","Overlap25",3,"Mb-910_11","JKI","M. sinensis",1,TRUE
"DM","Overlap25",3,"Mb-913_17","JKI","M. sacchariflorus",1,TRUE
"DM","Overlap25",3,"Mb-914_13","JKI","M. sinensis",1,TRUE
"DM","Overlap25",3,"Mb-928_18","JKI","M. sinensis",1,TRUE
"DM","Overlap25",3,"Mb-930","JKI","M. sinensis",1,TRUE
"DM","Overlap25",3,"Mb-931_12","JKI","M. sinensis",1,TRUE
"DM","Overlap25",3,"Mb-933_11","JKI","M. sinensis",1,TRUE
"DM","Overlap25",3,"Mb-935_13","JKI","M. sinensis",0,TRUE
"DM","Overlap25",3,"Mb-94","JKI","M. sacchariflorus",1,TRUE
"DM","Overlap25",3,"Mb-956_19","JKI","M. sacchariflorus",1,TRUE
"DM","Overlap25",3,"Mb-958_19","JKI","M. sacchariflorus",1,TRUE
"DM","Overlap25",3,"Mb-960_20","JKI","M. sinensis",1,TRUE
"DM","Overlap25",3,"Mb-961_16","JKI","M. sacchariflorus",1,TRUE
"DM","Overlap25",3,"Mb-965_15","JKI","M. sacchariflorus",1,TRUE
"DM","Overlap25",3,"Mb-969_18","JKI","M. sacchariflorus",0,TRUE
"DM","Overlap25",3,"Mb-974_19","JKI","M. sinensis",0,TRUE
"DM","Overlap25",3,"Mb-99","JKI","M. sinensis",0,TRUE
"DM","Overlap25",3,"Mx-1548_12","JKI","M. x gig",1,TRUE
"DM","Overlap25",3,"Mx-1915_12","JKI","M. x gig",1,TRUE
"DM","Overlap25",3,"Mx-1932_13","JKI","M. x gig",1,TRUE
"DM","Overlap25",3,"Mx-1933_11","JKI","M. x gig",1,TRUE
"DM","Overlap25",3,"Mx-1956_15","JKI","M. x gig",1,TRUE
"DM","Overlap25",3,"Mx-2446_1","JKI","M. x gig",1,TRUE
"DM","Overlap25",3,"Mx-2470_5","JKI","M. sacchariflorus",1,TRUE
"DM","Overlap25",3,"Mx-437_90","JKI","M. x gig",1,TRUE
"DM","Overlap25",4,"Mb-102","ABR33","M. sinensis",0,TRUE
"DM","Overlap25",4,"Mb-1037_52","ABR33","M. sacchariflorus",1,TRUE
"DM","Overlap25",4,"Mb-104","ABR33","M. x gig",1,TRUE
"DM","Overlap25",4,"Mb-1040_17","ABR33","M. sacchariflorus",1,TRUE
"DM","Overlap25",4,"Mb-1043_32","ABR33","M. sacchariflorus",0,TRUE
"DM","Overlap25",4,"Mb-1044_50","ABR33","M. sacchariflorus",1,TRUE
"DM","Overlap25",4,"Mb-1056_31","ABR33","M. sacchariflorus",1,TRUE
"DM","Overlap25",4,"Mb-1067_18","ABR33","M. sacchariflorus",1,TRUE
"DM","Overlap25",4,"Mb-1086_54","ABR33","M. x gig",1,TRUE
"DM","Overlap25",4,"Mb-109","ABR33","M. sinensis",1,TRUE
"DM","Overlap25",4,"Mb-110","ABR33","M. sinensis",1,TRUE
"DM","Overlap25",4,"Mb-111","ABR33","M. sinensis",1,TRUE
"DM","Overlap25",4,"Mb-113","ABR33","M. sinensis",1,TRUE
"DM","Overlap25",4,"Mb-1130_51","ABR33","M. x gig",1,TRUE
"DM","Overlap25",4,"Mb-1132_52","ABR33","M. x gig",1,TRUE
"DM","Overlap25",4,"Mb-1139_19","ABR33","M. sinensis",1,TRUE
"DM","Overlap25",4,"Mb-1147_12","ABR33","M. sinensis",1,TRUE
"DM","Overlap25",4,"Mb-115","ABR33","M. sinensis",1,TRUE
"DM","Overlap25",4,"Mb-1153_20","ABR33","M. sinensis",1,TRUE
"DM","Overlap25",4,"Mb-1155_33","ABR33","M. sacchariflorus",1,TRUE
"DM","Overlap25",4,"Mb-1156_13","ABR33","M. sinensis",1,TRUE
"DM","Overlap25",4,"Mb-1162_20","ABR33","M. sacchariflorus",1,TRUE
"DM","Overlap25",4,"Mb-1182_16","ABR33","M. sinensis",1,TRUE
"DM","Overlap25",4,"Mb-1205_12","ABR33","M. sinensis",1,TRUE
"DM","Overlap25",4,"Mb-1231_18","ABR33","M. sinensis",1,TRUE
"DM","Overlap25",4,"Mb-1238_1","ABR33","M. sinensis",1,TRUE
"DM","Overlap25",4,"Mb-1261_15","ABR33","M. sacchariflorus",1,TRUE
"DM","Overlap25",4,"Mb-1353_14","ABR33","M. sacchariflorus",1,TRUE
"DM","Overlap25",4,"Mb-14","ABR33","M. sinensis",0,TRUE
"DM","Overlap25",4,"Mb-140","ABR33","M. sacchariflorus",1,TRUE
"DM","Overlap25",4,"Mb-142","ABR33","M. sacchariflorus",1,TRUE
"DM","Overlap25",4,"Mb-144","ABR33","M. sacchariflorus",1,TRUE
"DM","Overlap25",4,"Mb-146","ABR33","M. sacchariflorus",0,TRUE
"DM","Overlap25",4,"Mb-147","ABR33","M. x gig",1,TRUE
"DM","Overlap25",4,"Mb-148","ABR33","M. x gig",1,TRUE
"DM","Overlap25",4,"Mb-1485_42","ABR33","M. x gig",1,TRUE
"DM","Overlap25",4,"Mb-1486_1","ABR33","M. x gig",1,TRUE
"DM","Overlap25",4,"Mb-149","ABR33","M. x gig",1,TRUE
"DM","Overlap25",4,"Mb-166","ABR33","M. sacchariflorus",1,TRUE
"DM","Overlap25",4,"Mb-167","ABR33","M. sinensis",0,TRUE
"DM","Overlap25",4,"Mb-177","ABR33","M. sacchariflorus",1,TRUE
"DM","Overlap25",4,"Mb-188","ABR33","M. x gig",1,TRUE
"DM","Overlap25",4,"Mb-2","ABR33","M. sinensis",1,TRUE
"DM","Overlap25",4,"Mb-221","ABR33","M. sinensis",1,TRUE
"DM","Overlap25",4,"Mb-226","ABR33","M. sacchariflorus",0,TRUE
"DM","Overlap25",4,"Mb-229","ABR33","M. sinensis",1,TRUE
"DM","Overlap25",4,"Mb-255","ABR33","M. sinensis",0,TRUE
"DM","Overlap25",4,"Mb-272","ABR33","M. sacchariflorus",0,TRUE
"DM","Overlap25",4,"Mb-297","ABR33","M. sacchariflorus",1,TRUE
"DM","Overlap25",4,"Mb-3","ABR33","M. sinensis",0,TRUE
"DM","Overlap25",4,"Mb-306","ABR33","M. sinensis",1,TRUE
"DM","Overlap25",4,"Mb-307","ABR33","M. x gig",1,TRUE
"DM","Overlap25",4,"Mb-308","ABR33","M. x gig",0,TRUE
"DM","Overlap25",4,"Mb-309","ABR33","M. x gig",1,TRUE
"DM","Overlap25",4,"Mb-31","ABR33","M. sinensis",1,TRUE
"DM","Overlap25",4,"Mb-310","ABR33","M. x gig",1,TRUE
"DM","Overlap25",4,"Mb-35","ABR33","M. sinensis",1,TRUE
"DM","Overlap25",4,"Mb-353","ABR33","M. sacchariflorus",1,TRUE
"DM","Overlap25",4,"Mb-37","ABR33","M. sinensis",1,TRUE
"DM","Overlap25",4,"Mb-383_1","ABR33","M. sacchariflorus",1,TRUE
"DM","Overlap25",4,"Mb-391","ABR33","M. sacchariflorus",1,TRUE
"DM","Overlap25",4,"Mb-393_1","ABR33","M. sacchariflorus",1,TRUE
"DM","Overlap25",4,"Mb-397","ABR33","M. sacchariflorus",0,TRUE
"DM","Overlap25",4,"Mb-399","ABR33","M. sacchariflorus",1,TRUE
"DM","Overlap25",4,"Mb-401","ABR33","M. sacchariflorus",1,TRUE
"DM","Overlap25",4,"Mb-411","ABR33","M. sacchariflorus",1,TRUE
"DM","Overlap25",4,"Mb-416","ABR33","M. sacchariflorus",1,TRUE
"DM","Overlap25",4,"Mb-425_1","ABR33","M. sacchariflorus",1,TRUE
"DM","Overlap25",4,"Mb-427_1","ABR33","M. sacchariflorus",1,TRUE
"DM","Overlap25",4,"Mb-431_1","ABR33","M. sacchariflorus",0,TRUE
"DM","Overlap25",4,"Mb-434_1","ABR33","M. sinensis",0,TRUE
"DM","Overlap25",4,"Mb-485_1","ABR33","M. sacchariflorus",1,TRUE
"DM","Overlap25",4,"Mb-486","ABR33","M. sacchariflorus",1,TRUE
"DM","Overlap25",4,"Mb-488_15","ABR33","M. sacchariflorus",0,TRUE
"DM","Overlap25",4,"Mb-490_10","ABR33","M. sacchariflorus",1,TRUE
"DM","Overlap25",4,"Mb-494_1","ABR33","M. sacchariflorus",0,TRUE
"DM","Overlap25",4,"Mb-498_1","ABR33","M. sacchariflorus",1,TRUE
"DM","Overlap25",4,"Mb-502_1","ABR33","M. sacchariflorus",1,TRUE
"DM","Overlap25",4,"Mb-505_1","ABR33","M. sacchariflorus",1,TRUE
"DM","Overlap25",4,"Mb-508","ABR33","M. sacchariflorus",1,TRUE
"DM","Overlap25",4,"Mb-526_13","ABR33","M. sinensis",1,TRUE
"DM","Overlap25",4,"Mb-527_1","ABR33","M. sinensis",1,TRUE
"DM","Overlap25",4,"Mb-533_1","ABR33","M. sinensis",1,TRUE
"DM","Overlap25",4,"Mb-539_1","ABR33","M. sinensis",1,TRUE
"DM","Overlap25",4,"Mb-585_1","ABR33","M. sinensis",1,TRUE
"DM","Overlap25",4,"Mb-628_1","ABR33","M. sacchariflorus",1,TRUE
"DM","Overlap25",4,"Mb-70","ABR33","M. sinensis",1,TRUE
"DM","Overlap25",4,"Mb-72","ABR33","M. x gig",1,TRUE
"DM","Overlap25",4,"Mb-74","ABR33","M. sinensis",1,TRUE
"DM","Overlap25",4,"Mb-76","ABR33","M. sacchariflorus",0,TRUE
"DM","Overlap25",4,"Mb-770_18","ABR33","M. sacchariflorus",1,TRUE
"DM","Overlap25",4,"Mb-779_14","ABR33","M. sacchariflorus",1,TRUE
"DM","Overlap25",4,"Mb-787_13","ABR33","M. sacchariflorus",1,TRUE
"DM","Overlap25",4,"Mb-810_11","ABR33","M. sacchariflorus",1,TRUE
"DM","Overlap25",4,"Mb-819_19","ABR33","M. sacchariflorus",0,TRUE
"DM","Overlap25",4,"Mb-851_1","ABR33","M. sinensis",0,TRUE
"DM","Overlap25",4,"Mb-86","ABR33","M. sinensis",1,TRUE
"DM","Overlap25",4,"Mb-884_1","ABR33","M. sacchariflorus",1,TRUE
"DM","Overlap25",4,"Mb-893_11","ABR33","M. sinensis",1,TRUE
"DM","Overlap25",4,"Mb-9","ABR33","M. sinensis",1,TRUE
"DM","Overlap25",4,"Mb-910_11","ABR33","M. sinensis",1,TRUE
"DM","Overlap25",4,"Mb-913_17","ABR33","M. sacchariflorus",1,TRUE
"DM","Overlap25",4,"Mb-914_13","ABR33","M. sinensis",1,TRUE
"DM","Overlap25",4,"Mb-928_18","ABR33","M. sinensis",0,TRUE
"DM","Overlap25",4,"Mb-930","ABR33","M. sinensis",1,TRUE
"DM","Overlap25",4,"Mb-931_12","ABR33","M. sinensis",1,TRUE
"DM","Overlap25",4,"Mb-933_11","ABR33","M. sinensis",1,TRUE
"DM","Overlap25",4,"Mb-935_13","ABR33","M. sinensis",1,TRUE
"DM","Overlap25",4,"Mb-94","ABR33","M. sacchariflorus",0,TRUE
"DM","Overlap25",4,"Mb-956_19","ABR33","M. sacchariflorus",0,TRUE
"DM","Overlap25",4,"Mb-958_19","ABR33","M. sacchariflorus",1,TRUE
"DM","Overlap25",4,"Mb-960_20","ABR33","M. sinensis",0,TRUE
"DM","Overlap25",4,"Mb-961_16","ABR33","M. sacchariflorus",1,TRUE
"DM","Overlap25",4,"Mb-965_15","ABR33","M. sacchariflorus",0,TRUE
"DM","Overlap25",4,"Mb-969_18","ABR33","M. sacchariflorus",1,TRUE
"DM","Overlap25",4,"Mb-974_19","ABR33","M. sinensis",1,TRUE
"DM","Overlap25",4,"Mb-99","ABR33","M. sinensis",1,TRUE
"DM","Overlap25",4,"Mx-1548_12","ABR33","M. x gig",1,TRUE
"DM","Overlap25",4,"Mx-1915_12","ABR33","M. x gig",1,TRUE
"DM","Overlap25",4,"Mx-1932_13","ABR33","M. x gig",1,TRUE
"DM","Overlap25",4,"Mx-1933_11","ABR33","M. x gig",0,TRUE
"DM","Overlap25",4,"Mx-1956_15","ABR33","M. x gig",1,TRUE
"DM","Overlap25",4,"Mx-2446_1","ABR33","M. x gig",0,TRUE
"DM","Overlap25",4,"Mx-2470_5","ABR33","M. sacchariflorus",1,TRUE
"DM","Overlap25",4,"Mx-437_90","ABR33","M. x gig",1,TRUE
"DM","Overlap25",4,"Mb-102","JKI","M. sinensis",0,TRUE
"DM","Overlap25",4,"Mb-1037_52","JKI","M. sacchariflorus",1,TRUE
"DM","Overlap25",4,"Mb-104","JKI","M. x gig",1,TRUE
"DM","Overlap25",4,"Mb-1040_17","JKI","M. sacchariflorus",1,TRUE
"DM","Overlap25",4,"Mb-1043_32","JKI","M. sacchariflorus",0,TRUE
"DM","Overlap25",4,"Mb-1044_50","JKI","M. sacchariflorus",1,TRUE
"DM","Overlap25",4,"Mb-1056_31","JKI","M. sacchariflorus",1,TRUE
"DM","Overlap25",4,"Mb-1067_18","JKI","M. sacchariflorus",1,TRUE
"DM","Overlap25",4,"Mb-1086_54","JKI","M. x gig",1,TRUE
"DM","Overlap25",4,"Mb-109","JKI","M. sinensis",1,TRUE
"DM","Overlap25",4,"Mb-110","JKI","M. sinensis",1,TRUE
"DM","Overlap25",4,"Mb-111","JKI","M. sinensis",1,TRUE
"DM","Overlap25",4,"Mb-113","JKI","M. sinensis",1,TRUE
"DM","Overlap25",4,"Mb-1130_51","JKI","M. x gig",1,TRUE
"DM","Overlap25",4,"Mb-1132_52","JKI","M. x gig",1,TRUE
"DM","Overlap25",4,"Mb-1139_19","JKI","M. sinensis",1,FALSE
"DM","Overlap25",4,"Mb-1147_12","JKI","M. sinensis",1,TRUE
"DM","Overlap25",4,"Mb-115","JKI","M. sinensis",1,TRUE
"DM","Overlap25",4,"Mb-1153_20","JKI","M. sinensis",1,TRUE
"DM","Overlap25",4,"Mb-1155_33","JKI","M. sacchariflorus",1,TRUE
"DM","Overlap25",4,"Mb-1156_13","JKI","M. sinensis",1,TRUE
"DM","Overlap25",4,"Mb-1162_20","JKI","M. sacchariflorus",1,TRUE
"DM","Overlap25",4,"Mb-1182_16","JKI","M. sinensis",1,TRUE
"DM","Overlap25",4,"Mb-1205_12","JKI","M. sinensis",1,TRUE
"DM","Overlap25",4,"Mb-1231_18","JKI","M. sinensis",1,TRUE
"DM","Overlap25",4,"Mb-1238_1","JKI","M. sinensis",1,TRUE
"DM","Overlap25",4,"Mb-1261_15","JKI","M. sacchariflorus",1,TRUE
"DM","Overlap25",4,"Mb-1353_14","JKI","M. sacchariflorus",1,TRUE
"DM","Overlap25",4,"Mb-14","JKI","M. sinensis",0,TRUE
"DM","Overlap25",4,"Mb-140","JKI","M. sacchariflorus",1,TRUE
"DM","Overlap25",4,"Mb-142","JKI","M. sacchariflorus",1,TRUE
"DM","Overlap25",4,"Mb-144","JKI","M. sacchariflorus",1,TRUE
"DM","Overlap25",4,"Mb-146","JKI","M. sacchariflorus",0,TRUE
"DM","Overlap25",4,"Mb-147","JKI","M. x gig",1,TRUE
"DM","Overlap25",4,"Mb-148","JKI","M. x gig",1,TRUE
"DM","Overlap25",4,"Mb-1485_42","JKI","M. x gig",1,TRUE
"DM","Overlap25",4,"Mb-1486_1","JKI","M. x gig",1,TRUE
"DM","Overlap25",4,"Mb-149","JKI","M. x gig",1,TRUE
"DM","Overlap25",4,"Mb-166","JKI","M. sacchariflorus",1,TRUE
"DM","Overlap25",4,"Mb-167","JKI","M. sinensis",0,TRUE
"DM","Overlap25",4,"Mb-177","JKI","M. sacchariflorus",1,TRUE
"DM","Overlap25",4,"Mb-188","JKI","M. x gig",1,TRUE
"DM","Overlap25",4,"Mb-2","JKI","M. sinensis",1,TRUE
"DM","Overlap25",4,"Mb-221","JKI","M. sinensis",1,TRUE
"DM","Overlap25",4,"Mb-226","JKI","M. sacchariflorus",0,TRUE
"DM","Overlap25",4,"Mb-229","JKI","M. sinensis",1,TRUE
"DM","Overlap25",4,"Mb-255","JKI","M. sinensis",0,TRUE
"DM","Overlap25",4,"Mb-272","JKI","M. sacchariflorus",0,TRUE
"DM","Overlap25",4,"Mb-297","JKI","M. sacchariflorus",1,TRUE
"DM","Overlap25",4,"Mb-3","JKI","M. sinensis",0,TRUE
"DM","Overlap25",4,"Mb-306","JKI","M. sinensis",1,TRUE
"DM","Overlap25",4,"Mb-307","JKI","M. x gig",1,TRUE
"DM","Overlap25",4,"Mb-308","JKI","M. x gig",0,TRUE
"DM","Overlap25",4,"Mb-309","JKI","M. x gig",1,TRUE
"DM","Overlap25",4,"Mb-31","JKI","M. sinensis",1,TRUE
"DM","Overlap25",4,"Mb-310","JKI","M. x gig",1,TRUE
"DM","Overlap25",4,"Mb-35","JKI","M. sinensis",1,TRUE
"DM","Overlap25",4,"Mb-353","JKI","M. sacchariflorus",1,TRUE
"DM","Overlap25",4,"Mb-37","JKI","M. sinensis",1,TRUE
"DM","Overlap25",4,"Mb-383_1","JKI","M. sacchariflorus",1,TRUE
"DM","Overlap25",4,"Mb-391","JKI","M. sacchariflorus",1,TRUE
"DM","Overlap25",4,"Mb-393_1","JKI","M. sacchariflorus",1,TRUE
"DM","Overlap25",4,"Mb-397","JKI","M. sacchariflorus",0,TRUE
"DM","Overlap25",4,"Mb-399","JKI","M. sacchariflorus",1,TRUE
"DM","Overlap25",4,"Mb-401","JKI","M. sacchariflorus",1,TRUE
"DM","Overlap25",4,"Mb-411","JKI","M. sacchariflorus",1,TRUE
"DM","Overlap25",4,"Mb-416","JKI","M. sacchariflorus",1,TRUE
"DM","Overlap25",4,"Mb-425_1","JKI","M. sacchariflorus",1,TRUE
"DM","Overlap25",4,"Mb-427_1","JKI","M. sacchariflorus",1,TRUE
"DM","Overlap25",4,"Mb-431_1","JKI","M. sacchariflorus",0,TRUE
"DM","Overlap25",4,"Mb-434_1","JKI","M. sinensis",0,TRUE
"DM","Overlap25",4,"Mb-485_1","JKI","M. sacchariflorus",1,TRUE
"DM","Overlap25",4,"Mb-486","JKI","M. sacchariflorus",1,TRUE
"DM","Overlap25",4,"Mb-488_15","JKI","M. sacchariflorus",0,TRUE
"DM","Overlap25",4,"Mb-490_10","JKI","M. sacchariflorus",1,TRUE
"DM","Overlap25",4,"Mb-494_1","JKI","M. sacchariflorus",0,TRUE
"DM","Overlap25",4,"Mb-498_1","JKI","M. sacchariflorus",1,TRUE
"DM","Overlap25",4,"Mb-502_1","JKI","M. sacchariflorus",1,TRUE
"DM","Overlap25",4,"Mb-505_1","JKI","M. sacchariflorus",1,TRUE
"DM","Overlap25",4,"Mb-508","JKI","M. sacchariflorus",1,TRUE
"DM","Overlap25",4,"Mb-526_13","JKI","M. sinensis",1,TRUE
"DM","Overlap25",4,"Mb-527_1","JKI","M. sinensis",1,TRUE
"DM","Overlap25",4,"Mb-533_1","JKI","M. sinensis",1,TRUE
"DM","Overlap25",4,"Mb-539_1","JKI","M. sinensis",1,TRUE
"DM","Overlap25",4,"Mb-585_1","JKI","M. sinensis",1,TRUE
"DM","Overlap25",4,"Mb-628_1","JKI","M. sacchariflorus",1,TRUE
"DM","Overlap25",4,"Mb-70","JKI","M. sinensis",1,TRUE
"DM","Overlap25",4,"Mb-72","JKI","M. x gig",1,TRUE
"DM","Overlap25",4,"Mb-74","JKI","M. sinensis",1,TRUE
"DM","Overlap25",4,"Mb-76","JKI","M. sacchariflorus",0,TRUE
"DM","Overlap25",4,"Mb-770_18","JKI","M. sacchariflorus",1,TRUE
"DM","Overlap25",4,"Mb-779_14","JKI","M. sacchariflorus",1,TRUE
"DM","Overlap25",4,"Mb-787_13","JKI","M. sacchariflorus",1,TRUE
"DM","Overlap25",4,"Mb-810_11","JKI","M. sacchariflorus",1,TRUE
"DM","Overlap25",4,"Mb-819_19","JKI","M. sacchariflorus",0,TRUE
"DM","Overlap25",4,"Mb-851_1","JKI","M. sinensis",0,TRUE
"DM","Overlap25",4,"Mb-86","JKI","M. sinensis",1,TRUE
"DM","Overlap25",4,"Mb-884_1","JKI","M. sacchariflorus",1,TRUE
"DM","Overlap25",4,"Mb-893_11","JKI","M. sinensis",1,TRUE
"DM","Overlap25",4,"Mb-9","JKI","M. sinensis",1,TRUE
"DM","Overlap25",4,"Mb-910_11","JKI","M. sinensis",1,TRUE
"DM","Overlap25",4,"Mb-913_17","JKI","M. sacchariflorus",1,TRUE
"DM","Overlap25",4,"Mb-914_13","JKI","M. sinensis",1,TRUE
"DM","Overlap25",4,"Mb-928_18","JKI","M. sinensis",0,TRUE
"DM","Overlap25",4,"Mb-930","JKI","M. sinensis",1,TRUE
"DM","Overlap25",4,"Mb-931_12","JKI","M. sinensis",1,TRUE
"DM","Overlap25",4,"Mb-933_11","JKI","M. sinensis",1,TRUE
"DM","Overlap25",4,"Mb-935_13","JKI","M. sinensis",1,TRUE
"DM","Overlap25",4,"Mb-94","JKI","M. sacchariflorus",0,TRUE
"DM","Overlap25",4,"Mb-956_19","JKI","M. sacchariflorus",0,TRUE
"DM","Overlap25",4,"Mb-958_19","JKI","M. sacchariflorus",1,TRUE
"DM","Overlap25",4,"Mb-960_20","JKI","M. sinensis",0,TRUE
"DM","Overlap25",4,"Mb-961_16","JKI","M. sacchariflorus",1,TRUE
"DM","Overlap25",4,"Mb-965_15","JKI","M. sacchariflorus",0,TRUE
"DM","Overlap25",4,"Mb-969_18","JKI","M. sacchariflorus",1,TRUE
"DM","Overlap25",4,"Mb-974_19","JKI","M. sinensis",1,TRUE
"DM","Overlap25",4,"Mb-99","JKI","M. sinensis",1,TRUE
"DM","Overlap25",4,"Mx-1548_12","JKI","M. x gig",1,TRUE
"DM","Overlap25",4,"Mx-1915_12","JKI","M. x gig",1,TRUE
"DM","Overlap25",4,"Mx-1932_13","JKI","M. x gig",1,TRUE
"DM","Overlap25",4,"Mx-1933_11","JKI","M. x gig",0,TRUE
"DM","Overlap25",4,"Mx-1956_15","JKI","M. x gig",1,TRUE
"DM","Overlap25",4,"Mx-2446_1","JKI","M. x gig",0,TRUE
"DM","Overlap25",4,"Mx-2470_5","JKI","M. sacchariflorus",1,TRUE
"DM","Overlap25",4,"Mx-437_90","JKI","M. x gig",1,TRUE
"DM","Overlap25",5,"Mb-102","ABR33","M. sinensis",0,TRUE
"DM","Overlap25",5,"Mb-1037_52","ABR33","M. sacchariflorus",0,TRUE
"DM","Overlap25",5,"Mb-104","ABR33","M. x gig",0,TRUE
"DM","Overlap25",5,"Mb-1040_17","ABR33","M. sacchariflorus",1,TRUE
"DM","Overlap25",5,"Mb-1043_32","ABR33","M. sacchariflorus",1,TRUE
"DM","Overlap25",5,"Mb-1044_50","ABR33","M. sacchariflorus",1,TRUE
"DM","Overlap25",5,"Mb-1056_31","ABR33","M. sacchariflorus",1,TRUE
"DM","Overlap25",5,"Mb-1067_18","ABR33","M. sacchariflorus",1,TRUE
"DM","Overlap25",5,"Mb-1086_54","ABR33","M. x gig",1,TRUE
"DM","Overlap25",5,"Mb-109","ABR33","M. sinensis",1,TRUE
"DM","Overlap25",5,"Mb-110","ABR33","M. sinensis",1,TRUE
"DM","Overlap25",5,"Mb-111","ABR33","M. sinensis",1,TRUE
"DM","Overlap25",5,"Mb-113","ABR33","M. sinensis",1,TRUE
"DM","Overlap25",5,"Mb-1130_51","ABR33","M. x gig",1,TRUE
"DM","Overlap25",5,"Mb-1132_52","ABR33","M. x gig",0,TRUE
"DM","Overlap25",5,"Mb-1139_19","ABR33","M. sinensis",1,TRUE
"DM","Overlap25",5,"Mb-1147_12","ABR33","M. sinensis",1,TRUE
"DM","Overlap25",5,"Mb-115","ABR33","M. sinensis",1,TRUE
"DM","Overlap25",5,"Mb-1153_20","ABR33","M. sinensis",1,TRUE
"DM","Overlap25",5,"Mb-1155_33","ABR33","M. sacchariflorus",1,TRUE
"DM","Overlap25",5,"Mb-1156_13","ABR33","M. sinensis",1,TRUE
"DM","Overlap25",5,"Mb-1162_20","ABR33","M. sacchariflorus",0,TRUE
"DM","Overlap25",5,"Mb-1182_16","ABR33","M. sinensis",0,TRUE
"DM","Overlap25",5,"Mb-1205_12","ABR33","M. sinensis",0,TRUE
"DM","Overlap25",5,"Mb-1231_18","ABR33","M. sinensis",0,TRUE
"DM","Overlap25",5,"Mb-1238_1","ABR33","M. sinensis",1,TRUE
"DM","Overlap25",5,"Mb-1261_15","ABR33","M. sacchariflorus",1,TRUE
"DM","Overlap25",5,"Mb-1353_14","ABR33","M. sacchariflorus",1,TRUE
"DM","Overlap25",5,"Mb-14","ABR33","M. sinensis",1,TRUE
"DM","Overlap25",5,"Mb-140","ABR33","M. sacchariflorus",1,TRUE
"DM","Overlap25",5,"Mb-142","ABR33","M. sacchariflorus",1,TRUE
"DM","Overlap25",5,"Mb-144","ABR33","M. sacchariflorus",1,TRUE
"DM","Overlap25",5,"Mb-146","ABR33","M. sacchariflorus",1,TRUE
"DM","Overlap25",5,"Mb-147","ABR33","M. x gig",1,TRUE
"DM","Overlap25",5,"Mb-148","ABR33","M. x gig",1,TRUE
"DM","Overlap25",5,"Mb-1485_42","ABR33","M. x gig",1,TRUE
"DM","Overlap25",5,"Mb-1486_1","ABR33","M. x gig",0,TRUE
"DM","Overlap25",5,"Mb-149","ABR33","M. x gig",1,TRUE
"DM","Overlap25",5,"Mb-166","ABR33","M. sacchariflorus",1,TRUE
"DM","Overlap25",5,"Mb-167","ABR33","M. sinensis",1,TRUE
"DM","Overlap25",5,"Mb-177","ABR33","M. sacchariflorus",1,TRUE
"DM","Overlap25",5,"Mb-188","ABR33","M. x gig",1,TRUE
"DM","Overlap25",5,"Mb-2","ABR33","M. sinensis",0,TRUE
"DM","Overlap25",5,"Mb-221","ABR33","M. sinensis",1,TRUE
"DM","Overlap25",5,"Mb-226","ABR33","M. sacchariflorus",1,TRUE
"DM","Overlap25",5,"Mb-229","ABR33","M. sinensis",1,TRUE
"DM","Overlap25",5,"Mb-255","ABR33","M. sinensis",1,TRUE
"DM","Overlap25",5,"Mb-272","ABR33","M. sacchariflorus",1,TRUE
"DM","Overlap25",5,"Mb-297","ABR33","M. sacchariflorus",1,TRUE
"DM","Overlap25",5,"Mb-3","ABR33","M. sinensis",1,TRUE
"DM","Overlap25",5,"Mb-306","ABR33","M. sinensis",1,TRUE
"DM","Overlap25",5,"Mb-307","ABR33","M. x gig",0,TRUE
"DM","Overlap25",5,"Mb-308","ABR33","M. x gig",0,TRUE
"DM","Overlap25",5,"Mb-309","ABR33","M. x gig",1,TRUE
"DM","Overlap25",5,"Mb-31","ABR33","M. sinensis",1,TRUE
"DM","Overlap25",5,"Mb-310","ABR33","M. x gig",1,TRUE
"DM","Overlap25",5,"Mb-35","ABR33","M. sinensis",1,TRUE
"DM","Overlap25",5,"Mb-353","ABR33","M. sacchariflorus",1,TRUE
"DM","Overlap25",5,"Mb-37","ABR33","M. sinensis",1,TRUE
"DM","Overlap25",5,"Mb-383_1","ABR33","M. sacchariflorus",1,TRUE
"DM","Overlap25",5,"Mb-391","ABR33","M. sacchariflorus",1,TRUE
"DM","Overlap25",5,"Mb-393_1","ABR33","M. sacchariflorus",1,TRUE
"DM","Overlap25",5,"Mb-397","ABR33","M. sacchariflorus",1,TRUE
"DM","Overlap25",5,"Mb-399","ABR33","M. sacchariflorus",1,TRUE
"DM","Overlap25",5,"Mb-401","ABR33","M. sacchariflorus",1,TRUE
"DM","Overlap25",5,"Mb-411","ABR33","M. sacchariflorus",0,TRUE
"DM","Overlap25",5,"Mb-416","ABR33","M. sacchariflorus",0,TRUE
"DM","Overlap25",5,"Mb-425_1","ABR33","M. sacchariflorus",1,TRUE
"DM","Overlap25",5,"Mb-427_1","ABR33","M. sacchariflorus",1,TRUE
"DM","Overlap25",5,"Mb-431_1","ABR33","M. sacchariflorus",1,TRUE
"DM","Overlap25",5,"Mb-434_1","ABR33","M. sinensis",1,TRUE
"DM","Overlap25",5,"Mb-485_1","ABR33","M. sacchariflorus",1,TRUE
"DM","Overlap25",5,"Mb-486","ABR33","M. sacchariflorus",1,TRUE
"DM","Overlap25",5,"Mb-488_15","ABR33","M. sacchariflorus",1,TRUE
"DM","Overlap25",5,"Mb-490_10","ABR33","M. sacchariflorus",1,TRUE
"DM","Overlap25",5,"Mb-494_1","ABR33","M. sacchariflorus",1,TRUE
"DM","Overlap25",5,"Mb-498_1","ABR33","M. sacchariflorus",0,TRUE
"DM","Overlap25",5,"Mb-502_1","ABR33","M. sacchariflorus",1,TRUE
"DM","Overlap25",5,"Mb-505_1","ABR33","M. sacchariflorus",1,TRUE
"DM","Overlap25",5,"Mb-508","ABR33","M. sacchariflorus",1,TRUE
"DM","Overlap25",5,"Mb-526_13","ABR33","M. sinensis",0,TRUE
"DM","Overlap25",5,"Mb-527_1","ABR33","M. sinensis",1,TRUE
"DM","Overlap25",5,"Mb-533_1","ABR33","M. sinensis",1,TRUE
"DM","Overlap25",5,"Mb-539_1","ABR33","M. sinensis",1,TRUE
"DM","Overlap25",5,"Mb-585_1","ABR33","M. sinensis",1,TRUE
"DM","Overlap25",5,"Mb-628_1","ABR33","M. sacchariflorus",1,TRUE
"DM","Overlap25",5,"Mb-70","ABR33","M. sinensis",0,TRUE
"DM","Overlap25",5,"Mb-72","ABR33","M. x gig",1,TRUE
"DM","Overlap25",5,"Mb-74","ABR33","M. sinensis",1,TRUE
"DM","Overlap25",5,"Mb-76","ABR33","M. sacchariflorus",0,TRUE
"DM","Overlap25",5,"Mb-770_18","ABR33","M. sacchariflorus",1,TRUE
"DM","Overlap25",5,"Mb-779_14","ABR33","M. sacchariflorus",1,TRUE
"DM","Overlap25",5,"Mb-787_13","ABR33","M. sacchariflorus",1,TRUE
"DM","Overlap25",5,"Mb-810_11","ABR33","M. sacchariflorus",1,TRUE
"DM","Overlap25",5,"Mb-819_19","ABR33","M. sacchariflorus",1,TRUE
"DM","Overlap25",5,"Mb-851_1","ABR33","M. sinensis",1,TRUE
"DM","Overlap25",5,"Mb-86","ABR33","M. sinensis",1,TRUE
"DM","Overlap25",5,"Mb-884_1","ABR33","M. sacchariflorus",1,TRUE
"DM","Overlap25",5,"Mb-893_11","ABR33","M. sinensis",1,TRUE
"DM","Overlap25",5,"Mb-9","ABR33","M. sinensis",1,TRUE
"DM","Overlap25",5,"Mb-910_11","ABR33","M. sinensis",1,TRUE
"DM","Overlap25",5,"Mb-913_17","ABR33","M. sacchariflorus",1,TRUE
"DM","Overlap25",5,"Mb-914_13","ABR33","M. sinensis",1,TRUE
"DM","Overlap25",5,"Mb-928_18","ABR33","M. sinensis",1,TRUE
"DM","Overlap25",5,"Mb-930","ABR33","M. sinensis",0,TRUE
"DM","Overlap25",5,"Mb-931_12","ABR33","M. sinensis",1,TRUE
"DM","Overlap25",5,"Mb-933_11","ABR33","M. sinensis",1,TRUE
"DM","Overlap25",5,"Mb-935_13","ABR33","M. sinensis",0,TRUE
"DM","Overlap25",5,"Mb-94","ABR33","M. sacchariflorus",1,TRUE
"DM","Overlap25",5,"Mb-956_19","ABR33","M. sacchariflorus",0,TRUE
"DM","Overlap25",5,"Mb-958_19","ABR33","M. sacchariflorus",1,TRUE
"DM","Overlap25",5,"Mb-960_20","ABR33","M. sinensis",1,TRUE
"DM","Overlap25",5,"Mb-961_16","ABR33","M. sacchariflorus",1,TRUE
"DM","Overlap25",5,"Mb-965_15","ABR33","M. sacchariflorus",1,TRUE
"DM","Overlap25",5,"Mb-969_18","ABR33","M. sacchariflorus",0,TRUE
"DM","Overlap25",5,"Mb-974_19","ABR33","M. sinensis",1,TRUE
"DM","Overlap25",5,"Mb-99","ABR33","M. sinensis",1,TRUE
"DM","Overlap25",5,"Mx-1548_12","ABR33","M. x gig",1,TRUE
"DM","Overlap25",5,"Mx-1915_12","ABR33","M. x gig",0,TRUE
"DM","Overlap25",5,"Mx-1932_13","ABR33","M. x gig",1,TRUE
"DM","Overlap25",5,"Mx-1933_11","ABR33","M. x gig",1,TRUE
"DM","Overlap25",5,"Mx-1956_15","ABR33","M. x gig",1,TRUE
"DM","Overlap25",5,"Mx-2446_1","ABR33","M. x gig",1,TRUE
"DM","Overlap25",5,"Mx-2470_5","ABR33","M. sacchariflorus",0,TRUE
"DM","Overlap25",5,"Mx-437_90","ABR33","M. x gig",0,TRUE
"DM","Overlap25",5,"Mb-102","JKI","M. sinensis",0,TRUE
"DM","Overlap25",5,"Mb-1037_52","JKI","M. sacchariflorus",0,TRUE
"DM","Overlap25",5,"Mb-104","JKI","M. x gig",0,TRUE
"DM","Overlap25",5,"Mb-1040_17","JKI","M. sacchariflorus",1,TRUE
"DM","Overlap25",5,"Mb-1043_32","JKI","M. sacchariflorus",1,TRUE
"DM","Overlap25",5,"Mb-1044_50","JKI","M. sacchariflorus",1,TRUE
"DM","Overlap25",5,"Mb-1056_31","JKI","M. sacchariflorus",1,TRUE
"DM","Overlap25",5,"Mb-1067_18","JKI","M. sacchariflorus",1,TRUE
"DM","Overlap25",5,"Mb-1086_54","JKI","M. x gig",1,TRUE
"DM","Overlap25",5,"Mb-109","JKI","M. sinensis",1,TRUE
"DM","Overlap25",5,"Mb-110","JKI","M. sinensis",1,TRUE
"DM","Overlap25",5,"Mb-111","JKI","M. sinensis",1,TRUE
"DM","Overlap25",5,"Mb-113","JKI","M. sinensis",1,TRUE
"DM","Overlap25",5,"Mb-1130_51","JKI","M. x gig",1,TRUE
"DM","Overlap25",5,"Mb-1132_52","JKI","M. x gig",0,TRUE
"DM","Overlap25",5,"Mb-1139_19","JKI","M. sinensis",1,FALSE
"DM","Overlap25",5,"Mb-1147_12","JKI","M. sinensis",1,TRUE
"DM","Overlap25",5,"Mb-115","JKI","M. sinensis",1,TRUE
"DM","Overlap25",5,"Mb-1153_20","JKI","M. sinensis",1,TRUE
"DM","Overlap25",5,"Mb-1155_33","JKI","M. sacchariflorus",1,TRUE
"DM","Overlap25",5,"Mb-1156_13","JKI","M. sinensis",1,TRUE
"DM","Overlap25",5,"Mb-1162_20","JKI","M. sacchariflorus",0,TRUE
"DM","Overlap25",5,"Mb-1182_16","JKI","M. sinensis",0,TRUE
"DM","Overlap25",5,"Mb-1205_12","JKI","M. sinensis",0,TRUE
"DM","Overlap25",5,"Mb-1231_18","JKI","M. sinensis",0,TRUE
"DM","Overlap25",5,"Mb-1238_1","JKI","M. sinensis",1,TRUE
"DM","Overlap25",5,"Mb-1261_15","JKI","M. sacchariflorus",1,TRUE
"DM","Overlap25",5,"Mb-1353_14","JKI","M. sacchariflorus",1,TRUE
"DM","Overlap25",5,"Mb-14","JKI","M. sinensis",1,TRUE
"DM","Overlap25",5,"Mb-140","JKI","M. sacchariflorus",1,TRUE
"DM","Overlap25",5,"Mb-142","JKI","M. sacchariflorus",1,TRUE
"DM","Overlap25",5,"Mb-144","JKI","M. sacchariflorus",1,TRUE
"DM","Overlap25",5,"Mb-146","JKI","M. sacchariflorus",1,TRUE
"DM","Overlap25",5,"Mb-147","JKI","M. x gig",1,TRUE
"DM","Overlap25",5,"Mb-148","JKI","M. x gig",1,TRUE
"DM","Overlap25",5,"Mb-1485_42","JKI","M. x gig",1,TRUE
"DM","Overlap25",5,"Mb-1486_1","JKI","M. x gig",0,TRUE
"DM","Overlap25",5,"Mb-149","JKI","M. x gig",1,TRUE
"DM","Overlap25",5,"Mb-166","JKI","M. sacchariflorus",1,TRUE
"DM","Overlap25",5,"Mb-167","JKI","M. sinensis",1,TRUE
"DM","Overlap25",5,"Mb-177","JKI","M. sacchariflorus",1,TRUE
"DM","Overlap25",5,"Mb-188","JKI","M. x gig",1,TRUE
"DM","Overlap25",5,"Mb-2","JKI","M. sinensis",0,TRUE
"DM","Overlap25",5,"Mb-221","JKI","M. sinensis",1,TRUE
"DM","Overlap25",5,"Mb-226","JKI","M. sacchariflorus",1,TRUE
"DM","Overlap25",5,"Mb-229","JKI","M. sinensis",1,TRUE
"DM","Overlap25",5,"Mb-255","JKI","M. sinensis",1,TRUE
"DM","Overlap25",5,"Mb-272","JKI","M. sacchariflorus",1,TRUE
"DM","Overlap25",5,"Mb-297","JKI","M. sacchariflorus",1,TRUE
"DM","Overlap25",5,"Mb-3","JKI","M. sinensis",1,TRUE
"DM","Overlap25",5,"Mb-306","JKI","M. sinensis",1,TRUE
"DM","Overlap25",5,"Mb-307","JKI","M. x gig",0,TRUE
"DM","Overlap25",5,"Mb-308","JKI","M. x gig",0,TRUE
"DM","Overlap25",5,"Mb-309","JKI","M. x gig",1,TRUE
"DM","Overlap25",5,"Mb-31","JKI","M. sinensis",1,TRUE
"DM","Overlap25",5,"Mb-310","JKI","M. x gig",1,TRUE
"DM","Overlap25",5,"Mb-35","JKI","M. sinensis",1,TRUE
"DM","Overlap25",5,"Mb-353","JKI","M. sacchariflorus",1,TRUE
"DM","Overlap25",5,"Mb-37","JKI","M. sinensis",1,TRUE
"DM","Overlap25",5,"Mb-383_1","JKI","M. sacchariflorus",1,TRUE
"DM","Overlap25",5,"Mb-391","JKI","M. sacchariflorus",1,TRUE
"DM","Overlap25",5,"Mb-393_1","JKI","M. sacchariflorus",1,TRUE
"DM","Overlap25",5,"Mb-397","JKI","M. sacchariflorus",1,TRUE
"DM","Overlap25",5,"Mb-399","JKI","M. sacchariflorus",1,TRUE
"DM","Overlap25",5,"Mb-401","JKI","M. sacchariflorus",1,TRUE
"DM","Overlap25",5,"Mb-411","JKI","M. sacchariflorus",0,TRUE
"DM","Overlap25",5,"Mb-416","JKI","M. sacchariflorus",0,TRUE
"DM","Overlap25",5,"Mb-425_1","JKI","M. sacchariflorus",1,TRUE
"DM","Overlap25",5,"Mb-427_1","JKI","M. sacchariflorus",1,TRUE
"DM","Overlap25",5,"Mb-431_1","JKI","M. sacchariflorus",1,TRUE
"DM","Overlap25",5,"Mb-434_1","JKI","M. sinensis",1,TRUE
"DM","Overlap25",5,"Mb-485_1","JKI","M. sacchariflorus",1,TRUE
"DM","Overlap25",5,"Mb-486","JKI","M. sacchariflorus",1,TRUE
"DM","Overlap25",5,"Mb-488_15","JKI","M. sacchariflorus",1,TRUE
"DM","Overlap25",5,"Mb-490_10","JKI","M. sacchariflorus",1,TRUE
"DM","Overlap25",5,"Mb-494_1","JKI","M. sacchariflorus",1,TRUE
"DM","Overlap25",5,"Mb-498_1","JKI","M. sacchariflorus",0,TRUE
"DM","Overlap25",5,"Mb-502_1","JKI","M. sacchariflorus",1,TRUE
"DM","Overlap25",5,"Mb-505_1","JKI","M. sacchariflorus",1,TRUE
"DM","Overlap25",5,"Mb-508","JKI","M. sacchariflorus",1,TRUE
"DM","Overlap25",5,"Mb-526_13","JKI","M. sinensis",0,TRUE
"DM","Overlap25",5,"Mb-527_1","JKI","M. sinensis",1,TRUE
"DM","Overlap25",5,"Mb-533_1","JKI","M. sinensis",1,TRUE
"DM","Overlap25",5,"Mb-539_1","JKI","M. sinensis",1,TRUE
"DM","Overlap25",5,"Mb-585_1","JKI","M. sinensis",1,TRUE
"DM","Overlap25",5,"Mb-628_1","JKI","M. sacchariflorus",1,TRUE
"DM","Overlap25",5,"Mb-70","JKI","M. sinensis",0,TRUE
"DM","Overlap25",5,"Mb-72","JKI","M. x gig",1,TRUE
"DM","Overlap25",5,"Mb-74","JKI","M. sinensis",1,TRUE
"DM","Overlap25",5,"Mb-76","JKI","M. sacchariflorus",0,TRUE
"DM","Overlap25",5,"Mb-770_18","JKI","M. sacchariflorus",1,TRUE
"DM","Overlap25",5,"Mb-779_14","JKI","M. sacchariflorus",1,TRUE
"DM","Overlap25",5,"Mb-787_13","JKI","M. sacchariflorus",1,TRUE
"DM","Overlap25",5,"Mb-810_11","JKI","M. sacchariflorus",1,TRUE
"DM","Overlap25",5,"Mb-819_19","JKI","M. sacchariflorus",1,TRUE
"DM","Overlap25",5,"Mb-851_1","JKI","M. sinensis",1,TRUE
"DM","Overlap25",5,"Mb-86","JKI","M. sinensis",1,TRUE
"DM","Overlap25",5,"Mb-884_1","JKI","M. sacchariflorus",1,TRUE
"DM","Overlap25",5,"Mb-893_11","JKI","M. sinensis",1,TRUE
"DM","Overlap25",5,"Mb-9","JKI","M. sinensis",1,TRUE
"DM","Overlap25",5,"Mb-910_11","JKI","M. sinensis",1,TRUE
"DM","Overlap25",5,"Mb-913_17","JKI","M. sacchariflorus",1,TRUE
"DM","Overlap25",5,"Mb-914_13","JKI","M. sinensis",1,TRUE
"DM","Overlap25",5,"Mb-928_18","JKI","M. sinensis",1,TRUE
"DM","Overlap25",5,"Mb-930","JKI","M. sinensis",0,TRUE
"DM","Overlap25",5,"Mb-931_12","JKI","M. sinensis",1,TRUE
"DM","Overlap25",5,"Mb-933_11","JKI","M. sinensis",1,TRUE
"DM","Overlap25",5,"Mb-935_13","JKI","M. sinensis",0,TRUE
"DM","Overlap25",5,"Mb-94","JKI","M. sacchariflorus",1,TRUE
"DM","Overlap25",5,"Mb-956_19","JKI","M. sacchariflorus",0,TRUE
"DM","Overlap25",5,"Mb-958_19","JKI","M. sacchariflorus",1,TRUE
"DM","Overlap25",5,"Mb-960_20","JKI","M. sinensis",1,TRUE
"DM","Overlap25",5,"Mb-961_16","JKI","M. sacchariflorus",1,TRUE
"DM","Overlap25",5,"Mb-965_15","JKI","M. sacchariflorus",1,TRUE
"DM","Overlap25",5,"Mb-969_18","JKI","M. sacchariflorus",0,TRUE
"DM","Overlap25",5,"Mb-974_19","JKI","M. sinensis",1,TRUE
"DM","Overlap25",5,"Mb-99","JKI","M. sinensis",1,TRUE
"DM","Overlap25",5,"Mx-1548_12","JKI","M. x gig",1,TRUE
"DM","Overlap25",5,"Mx-1915_12","JKI","M. x gig",0,TRUE
"DM","Overlap25",5,"Mx-1932_13","JKI","M. x gig",1,TRUE
"DM","Overlap25",5,"Mx-1933_11","JKI","M. x gig",1,TRUE
"DM","Overlap25",5,"Mx-1956_15","JKI","M. x gig",1,TRUE
"DM","Overlap25",5,"Mx-2446_1","JKI","M. x gig",1,TRUE
"DM","Overlap25",5,"Mx-2470_5","JKI","M. sacchariflorus",0,TRUE
"DM","Overlap25",5,"Mx-437_90","JKI","M. x gig",0,TRUE
"DM","Overlap25",6,"Mb-102","ABR33","M. sinensis",1,TRUE
"DM","Overlap25",6,"Mb-1037_52","ABR33","M. sacchariflorus",1,TRUE
"DM","Overlap25",6,"Mb-104","ABR33","M. x gig",1,TRUE
"DM","Overlap25",6,"Mb-1040_17","ABR33","M. sacchariflorus",1,TRUE
"DM","Overlap25",6,"Mb-1043_32","ABR33","M. sacchariflorus",1,TRUE
"DM","Overlap25",6,"Mb-1044_50","ABR33","M. sacchariflorus",0,TRUE
"DM","Overlap25",6,"Mb-1056_31","ABR33","M. sacchariflorus",1,TRUE
"DM","Overlap25",6,"Mb-1067_18","ABR33","M. sacchariflorus",1,TRUE
"DM","Overlap25",6,"Mb-1086_54","ABR33","M. x gig",1,TRUE
"DM","Overlap25",6,"Mb-109","ABR33","M. sinensis",1,TRUE
"DM","Overlap25",6,"Mb-110","ABR33","M. sinensis",0,TRUE
"DM","Overlap25",6,"Mb-111","ABR33","M. sinensis",1,TRUE
"DM","Overlap25",6,"Mb-113","ABR33","M. sinensis",1,TRUE
"DM","Overlap25",6,"Mb-1130_51","ABR33","M. x gig",1,TRUE
"DM","Overlap25",6,"Mb-1132_52","ABR33","M. x gig",0,TRUE
"DM","Overlap25",6,"Mb-1139_19","ABR33","M. sinensis",1,TRUE
"DM","Overlap25",6,"Mb-1147_12","ABR33","M. sinensis",1,TRUE
"DM","Overlap25",6,"Mb-115","ABR33","M. sinensis",1,TRUE
"DM","Overlap25",6,"Mb-1153_20","ABR33","M. sinensis",1,TRUE
"DM","Overlap25",6,"Mb-1155_33","ABR33","M. sacchariflorus",1,TRUE
"DM","Overlap25",6,"Mb-1156_13","ABR33","M. sinensis",1,TRUE
"DM","Overlap25",6,"Mb-1162_20","ABR33","M. sacchariflorus",1,TRUE
"DM","Overlap25",6,"Mb-1182_16","ABR33","M. sinensis",1,TRUE
"DM","Overlap25",6,"Mb-1205_12","ABR33","M. sinensis",1,TRUE
"DM","Overlap25",6,"Mb-1231_18","ABR33","M. sinensis",0,TRUE
"DM","Overlap25",6,"Mb-1238_1","ABR33","M. sinensis",1,TRUE
"DM","Overlap25",6,"Mb-1261_15","ABR33","M. sacchariflorus",1,TRUE
"DM","Overlap25",6,"Mb-1353_14","ABR33","M. sacchariflorus",1,TRUE
"DM","Overlap25",6,"Mb-14","ABR33","M. sinensis",1,TRUE
"DM","Overlap25",6,"Mb-140","ABR33","M. sacchariflorus",0,TRUE
"DM","Overlap25",6,"Mb-142","ABR33","M. sacchariflorus",1,TRUE
"DM","Overlap25",6,"Mb-144","ABR33","M. sacchariflorus",1,TRUE
"DM","Overlap25",6,"Mb-146","ABR33","M. sacchariflorus",0,TRUE
"DM","Overlap25",6,"Mb-147","ABR33","M. x gig",1,TRUE
"DM","Overlap25",6,"Mb-148","ABR33","M. x gig",1,TRUE
"DM","Overlap25",6,"Mb-1485_42","ABR33","M. x gig",1,TRUE
"DM","Overlap25",6,"Mb-1486_1","ABR33","M. x gig",0,TRUE
"DM","Overlap25",6,"Mb-149","ABR33","M. x gig",0,TRUE
"DM","Overlap25",6,"Mb-166","ABR33","M. sacchariflorus",1,TRUE
"DM","Overlap25",6,"Mb-167","ABR33","M. sinensis",0,TRUE
"DM","Overlap25",6,"Mb-177","ABR33","M. sacchariflorus",1,TRUE
"DM","Overlap25",6,"Mb-188","ABR33","M. x gig",0,TRUE
"DM","Overlap25",6,"Mb-2","ABR33","M. sinensis",0,TRUE
"DM","Overlap25",6,"Mb-221","ABR33","M. sinensis",1,TRUE
"DM","Overlap25",6,"Mb-226","ABR33","M. sacchariflorus",1,TRUE
"DM","Overlap25",6,"Mb-229","ABR33","M. sinensis",0,TRUE
"DM","Overlap25",6,"Mb-255","ABR33","M. sinensis",1,TRUE
"DM","Overlap25",6,"Mb-272","ABR33","M. sacchariflorus",1,TRUE
"DM","Overlap25",6,"Mb-297","ABR33","M. sacchariflorus",1,TRUE
"DM","Overlap25",6,"Mb-3","ABR33","M. sinensis",1,TRUE
"DM","Overlap25",6,"Mb-306","ABR33","M. sinensis",0,TRUE
"DM","Overlap25",6,"Mb-307","ABR33","M. x gig",0,TRUE
"DM","Overlap25",6,"Mb-308","ABR33","M. x gig",1,TRUE
"DM","Overlap25",6,"Mb-309","ABR33","M. x gig",1,TRUE
"DM","Overlap25",6,"Mb-31","ABR33","M. sinensis",1,TRUE
"DM","Overlap25",6,"Mb-310","ABR33","M. x gig",1,TRUE
"DM","Overlap25",6,"Mb-35","ABR33","M. sinensis",1,TRUE
"DM","Overlap25",6,"Mb-353","ABR33","M. sacchariflorus",1,TRUE
"DM","Overlap25",6,"Mb-37","ABR33","M. sinensis",0,TRUE
"DM","Overlap25",6,"Mb-383_1","ABR33","M. sacchariflorus",0,TRUE
"DM","Overlap25",6,"Mb-391","ABR33","M. sacchariflorus",1,TRUE
"DM","Overlap25",6,"Mb-393_1","ABR33","M. sacchariflorus",1,TRUE
"DM","Overlap25",6,"Mb-397","ABR33","M. sacchariflorus",1,TRUE
"DM","Overlap25",6,"Mb-399","ABR33","M. sacchariflorus",1,TRUE
"DM","Overlap25",6,"Mb-401","ABR33","M. sacchariflorus",1,TRUE
"DM","Overlap25",6,"Mb-411","ABR33","M. sacchariflorus",1,TRUE
"DM","Overlap25",6,"Mb-416","ABR33","M. sacchariflorus",1,TRUE
"DM","Overlap25",6,"Mb-425_1","ABR33","M. sacchariflorus",1,TRUE
"DM","Overlap25",6,"Mb-427_1","ABR33","M. sacchariflorus",0,TRUE
"DM","Overlap25",6,"Mb-431_1","ABR33","M. sacchariflorus",1,TRUE
"DM","Overlap25",6,"Mb-434_1","ABR33","M. sinensis",1,TRUE
"DM","Overlap25",6,"Mb-485_1","ABR33","M. sacchariflorus",1,TRUE
"DM","Overlap25",6,"Mb-486","ABR33","M. sacchariflorus",1,TRUE
"DM","Overlap25",6,"Mb-488_15","ABR33","M. sacchariflorus",1,TRUE
"DM","Overlap25",6,"Mb-490_10","ABR33","M. sacchariflorus",1,TRUE
"DM","Overlap25",6,"Mb-494_1","ABR33","M. sacchariflorus",1,TRUE
"DM","Overlap25",6,"Mb-498_1","ABR33","M. sacchariflorus",1,TRUE
"DM","Overlap25",6,"Mb-502_1","ABR33","M. sacchariflorus",1,TRUE
"DM","Overlap25",6,"Mb-505_1","ABR33","M. sacchariflorus",1,TRUE
"DM","Overlap25",6,"Mb-508","ABR33","M. sacchariflorus",0,TRUE
"DM","Overlap25",6,"Mb-526_13","ABR33","M. sinensis",1,TRUE
"DM","Overlap25",6,"Mb-527_1","ABR33","M. sinensis",0,TRUE
"DM","Overlap25",6,"Mb-533_1","ABR33","M. sinensis",1,TRUE
"DM","Overlap25",6,"Mb-539_1","ABR33","M. sinensis",0,TRUE
"DM","Overlap25",6,"Mb-585_1","ABR33","M. sinensis",1,TRUE
"DM","Overlap25",6,"Mb-628_1","ABR33","M. sacchariflorus",1,TRUE
"DM","Overlap25",6,"Mb-70","ABR33","M. sinensis",1,TRUE
"DM","Overlap25",6,"Mb-72","ABR33","M. x gig",1,TRUE
"DM","Overlap25",6,"Mb-74","ABR33","M. sinensis",0,TRUE
"DM","Overlap25",6,"Mb-76","ABR33","M. sacchariflorus",1,TRUE
"DM","Overlap25",6,"Mb-770_18","ABR33","M. sacchariflorus",0,TRUE
"DM","Overlap25",6,"Mb-779_14","ABR33","M. sacchariflorus",0,TRUE
"DM","Overlap25",6,"Mb-787_13","ABR33","M. sacchariflorus",1,TRUE
"DM","Overlap25",6,"Mb-810_11","ABR33","M. sacchariflorus",1,TRUE
"DM","Overlap25",6,"Mb-819_19","ABR33","M. sacchariflorus",1,TRUE
"DM","Overlap25",6,"Mb-851_1","ABR33","M. sinensis",1,TRUE
"DM","Overlap25",6,"Mb-86","ABR33","M. sinensis",1,TRUE
"DM","Overlap25",6,"Mb-884_1","ABR33","M. sacchariflorus",1,TRUE
"DM","Overlap25",6,"Mb-893_11","ABR33","M. sinensis",1,TRUE
"DM","Overlap25",6,"Mb-9","ABR33","M. sinensis",1,TRUE
"DM","Overlap25",6,"Mb-910_11","ABR33","M. sinensis",0,TRUE
"DM","Overlap25",6,"Mb-913_17","ABR33","M. sacchariflorus",1,TRUE
"DM","Overlap25",6,"Mb-914_13","ABR33","M. sinensis",1,TRUE
"DM","Overlap25",6,"Mb-928_18","ABR33","M. sinensis",1,TRUE
"DM","Overlap25",6,"Mb-930","ABR33","M. sinensis",1,TRUE
"DM","Overlap25",6,"Mb-931_12","ABR33","M. sinensis",1,TRUE
"DM","Overlap25",6,"Mb-933_11","ABR33","M. sinensis",1,TRUE
"DM","Overlap25",6,"Mb-935_13","ABR33","M. sinensis",1,TRUE
"DM","Overlap25",6,"Mb-94","ABR33","M. sacchariflorus",1,TRUE
"DM","Overlap25",6,"Mb-956_19","ABR33","M. sacchariflorus",1,TRUE
"DM","Overlap25",6,"Mb-958_19","ABR33","M. sacchariflorus",1,TRUE
"DM","Overlap25",6,"Mb-960_20","ABR33","M. sinensis",1,TRUE
"DM","Overlap25",6,"Mb-961_16","ABR33","M. sacchariflorus",1,TRUE
"DM","Overlap25",6,"Mb-965_15","ABR33","M. sacchariflorus",1,TRUE
"DM","Overlap25",6,"Mb-969_18","ABR33","M. sacchariflorus",1,TRUE
"DM","Overlap25",6,"Mb-974_19","ABR33","M. sinensis",0,TRUE
"DM","Overlap25",6,"Mb-99","ABR33","M. sinensis",1,TRUE
"DM","Overlap25",6,"Mx-1548_12","ABR33","M. x gig",1,TRUE
"DM","Overlap25",6,"Mx-1915_12","ABR33","M. x gig",1,TRUE
"DM","Overlap25",6,"Mx-1932_13","ABR33","M. x gig",1,TRUE
"DM","Overlap25",6,"Mx-1933_11","ABR33","M. x gig",1,TRUE
"DM","Overlap25",6,"Mx-1956_15","ABR33","M. x gig",1,TRUE
"DM","Overlap25",6,"Mx-2446_1","ABR33","M. x gig",1,TRUE
"DM","Overlap25",6,"Mx-2470_5","ABR33","M. sacchariflorus",1,TRUE
"DM","Overlap25",6,"Mx-437_90","ABR33","M. x gig",1,TRUE
"DM","Overlap25",6,"Mb-102","JKI","M. sinensis",1,TRUE
"DM","Overlap25",6,"Mb-1037_52","JKI","M. sacchariflorus",1,TRUE
"DM","Overlap25",6,"Mb-104","JKI","M. x gig",1,TRUE
"DM","Overlap25",6,"Mb-1040_17","JKI","M. sacchariflorus",1,TRUE
"DM","Overlap25",6,"Mb-1043_32","JKI","M. sacchariflorus",1,TRUE
"DM","Overlap25",6,"Mb-1044_50","JKI","M. sacchariflorus",0,TRUE
"DM","Overlap25",6,"Mb-1056_31","JKI","M. sacchariflorus",1,TRUE
"DM","Overlap25",6,"Mb-1067_18","JKI","M. sacchariflorus",1,TRUE
"DM","Overlap25",6,"Mb-1086_54","JKI","M. x gig",1,TRUE
"DM","Overlap25",6,"Mb-109","JKI","M. sinensis",1,TRUE
"DM","Overlap25",6,"Mb-110","JKI","M. sinensis",0,TRUE
"DM","Overlap25",6,"Mb-111","JKI","M. sinensis",1,TRUE
"DM","Overlap25",6,"Mb-113","JKI","M. sinensis",1,TRUE
"DM","Overlap25",6,"Mb-1130_51","JKI","M. x gig",1,TRUE
"DM","Overlap25",6,"Mb-1132_52","JKI","M. x gig",0,TRUE
"DM","Overlap25",6,"Mb-1139_19","JKI","M. sinensis",1,FALSE
"DM","Overlap25",6,"Mb-1147_12","JKI","M. sinensis",1,TRUE
"DM","Overlap25",6,"Mb-115","JKI","M. sinensis",1,TRUE
"DM","Overlap25",6,"Mb-1153_20","JKI","M. sinensis",1,TRUE
"DM","Overlap25",6,"Mb-1155_33","JKI","M. sacchariflorus",1,TRUE
"DM","Overlap25",6,"Mb-1156_13","JKI","M. sinensis",1,TRUE
"DM","Overlap25",6,"Mb-1162_20","JKI","M. sacchariflorus",1,TRUE
"DM","Overlap25",6,"Mb-1182_16","JKI","M. sinensis",1,TRUE
"DM","Overlap25",6,"Mb-1205_12","JKI","M. sinensis",1,TRUE
"DM","Overlap25",6,"Mb-1231_18","JKI","M. sinensis",0,TRUE
"DM","Overlap25",6,"Mb-1238_1","JKI","M. sinensis",1,TRUE
"DM","Overlap25",6,"Mb-1261_15","JKI","M. sacchariflorus",1,TRUE
"DM","Overlap25",6,"Mb-1353_14","JKI","M. sacchariflorus",1,TRUE
"DM","Overlap25",6,"Mb-14","JKI","M. sinensis",1,TRUE
"DM","Overlap25",6,"Mb-140","JKI","M. sacchariflorus",0,TRUE
"DM","Overlap25",6,"Mb-142","JKI","M. sacchariflorus",1,TRUE
"DM","Overlap25",6,"Mb-144","JKI","M. sacchariflorus",1,TRUE
"DM","Overlap25",6,"Mb-146","JKI","M. sacchariflorus",0,TRUE
"DM","Overlap25",6,"Mb-147","JKI","M. x gig",1,TRUE
"DM","Overlap25",6,"Mb-148","JKI","M. x gig",1,TRUE
"DM","Overlap25",6,"Mb-1485_42","JKI","M. x gig",1,TRUE
"DM","Overlap25",6,"Mb-1486_1","JKI","M. x gig",0,TRUE
"DM","Overlap25",6,"Mb-149","JKI","M. x gig",0,TRUE
"DM","Overlap25",6,"Mb-166","JKI","M. sacchariflorus",1,TRUE
"DM","Overlap25",6,"Mb-167","JKI","M. sinensis",0,TRUE
"DM","Overlap25",6,"Mb-177","JKI","M. sacchariflorus",1,TRUE
"DM","Overlap25",6,"Mb-188","JKI","M. x gig",0,TRUE
"DM","Overlap25",6,"Mb-2","JKI","M. sinensis",0,TRUE
"DM","Overlap25",6,"Mb-221","JKI","M. sinensis",1,TRUE
"DM","Overlap25",6,"Mb-226","JKI","M. sacchariflorus",1,TRUE
"DM","Overlap25",6,"Mb-229","JKI","M. sinensis",0,TRUE
"DM","Overlap25",6,"Mb-255","JKI","M. sinensis",1,TRUE
"DM","Overlap25",6,"Mb-272","JKI","M. sacchariflorus",1,TRUE
"DM","Overlap25",6,"Mb-297","JKI","M. sacchariflorus",1,TRUE
"DM","Overlap25",6,"Mb-3","JKI","M. sinensis",1,TRUE
"DM","Overlap25",6,"Mb-306","JKI","M. sinensis",0,TRUE
"DM","Overlap25",6,"Mb-307","JKI","M. x gig",0,TRUE
"DM","Overlap25",6,"Mb-308","JKI","M. x gig",1,TRUE
"DM","Overlap25",6,"Mb-309","JKI","M. x gig",1,TRUE
"DM","Overlap25",6,"Mb-31","JKI","M. sinensis",1,TRUE
"DM","Overlap25",6,"Mb-310","JKI","M. x gig",1,TRUE
"DM","Overlap25",6,"Mb-35","JKI","M. sinensis",1,TRUE
"DM","Overlap25",6,"Mb-353","JKI","M. sacchariflorus",1,TRUE
"DM","Overlap25",6,"Mb-37","JKI","M. sinensis",0,TRUE
"DM","Overlap25",6,"Mb-383_1","JKI","M. sacchariflorus",0,TRUE
"DM","Overlap25",6,"Mb-391","JKI","M. sacchariflorus",1,TRUE
"DM","Overlap25",6,"Mb-393_1","JKI","M. sacchariflorus",1,TRUE
"DM","Overlap25",6,"Mb-397","JKI","M. sacchariflorus",1,TRUE
"DM","Overlap25",6,"Mb-399","JKI","M. sacchariflorus",1,TRUE
"DM","Overlap25",6,"Mb-401","JKI","M. sacchariflorus",1,TRUE
"DM","Overlap25",6,"Mb-411","JKI","M. sacchariflorus",1,TRUE
"DM","Overlap25",6,"Mb-416","JKI","M. sacchariflorus",1,TRUE
"DM","Overlap25",6,"Mb-425_1","JKI","M. sacchariflorus",1,TRUE
"DM","Overlap25",6,"Mb-427_1","JKI","M. sacchariflorus",0,TRUE
"DM","Overlap25",6,"Mb-431_1","JKI","M. sacchariflorus",1,TRUE
"DM","Overlap25",6,"Mb-434_1","JKI","M. sinensis",1,TRUE
"DM","Overlap25",6,"Mb-485_1","JKI","M. sacchariflorus",1,TRUE
"DM","Overlap25",6,"Mb-486","JKI","M. sacchariflorus",1,TRUE
"DM","Overlap25",6,"Mb-488_15","JKI","M. sacchariflorus",1,TRUE
"DM","Overlap25",6,"Mb-490_10","JKI","M. sacchariflorus",1,TRUE
"DM","Overlap25",6,"Mb-494_1","JKI","M. sacchariflorus",1,TRUE
"DM","Overlap25",6,"Mb-498_1","JKI","M. sacchariflorus",1,TRUE
"DM","Overlap25",6,"Mb-502_1","JKI","M. sacchariflorus",1,TRUE
"DM","Overlap25",6,"Mb-505_1","JKI","M. sacchariflorus",1,TRUE
"DM","Overlap25",6,"Mb-508","JKI","M. sacchariflorus",0,TRUE
"DM","Overlap25",6,"Mb-526_13","JKI","M. sinensis",1,TRUE
"DM","Overlap25",6,"Mb-527_1","JKI","M. sinensis",0,TRUE
"DM","Overlap25",6,"Mb-533_1","JKI","M. sinensis",1,TRUE
"DM","Overlap25",6,"Mb-539_1","JKI","M. sinensis",0,TRUE
"DM","Overlap25",6,"Mb-585_1","JKI","M. sinensis",1,TRUE
"DM","Overlap25",6,"Mb-628_1","JKI","M. sacchariflorus",1,TRUE
"DM","Overlap25",6,"Mb-70","JKI","M. sinensis",1,TRUE
"DM","Overlap25",6,"Mb-72","JKI","M. x gig",1,TRUE
"DM","Overlap25",6,"Mb-74","JKI","M. sinensis",0,TRUE
"DM","Overlap25",6,"Mb-76","JKI","M. sacchariflorus",1,TRUE
"DM","Overlap25",6,"Mb-770_18","JKI","M. sacchariflorus",0,TRUE
"DM","Overlap25",6,"Mb-779_14","JKI","M. sacchariflorus",0,TRUE
"DM","Overlap25",6,"Mb-787_13","JKI","M. sacchariflorus",1,TRUE
"DM","Overlap25",6,"Mb-810_11","JKI","M. sacchariflorus",1,TRUE
"DM","Overlap25",6,"Mb-819_19","JKI","M. sacchariflorus",1,TRUE
"DM","Overlap25",6,"Mb-851_1","JKI","M. sinensis",1,TRUE
"DM","Overlap25",6,"Mb-86","JKI","M. sinensis",1,TRUE
"DM","Overlap25",6,"Mb-884_1","JKI","M. sacchariflorus",1,TRUE
"DM","Overlap25",6,"Mb-893_11","JKI","M. sinensis",1,TRUE
"DM","Overlap25",6,"Mb-9","JKI","M. sinensis",1,TRUE
"DM","Overlap25",6,"Mb-910_11","JKI","M. sinensis",0,TRUE
"DM","Overlap25",6,"Mb-913_17","JKI","M. sacchariflorus",1,TRUE
"DM","Overlap25",6,"Mb-914_13","JKI","M. sinensis",1,TRUE
"DM","Overlap25",6,"Mb-928_18","JKI","M. sinensis",1,TRUE
"DM","Overlap25",6,"Mb-930","JKI","M. sinensis",1,TRUE
"DM","Overlap25",6,"Mb-931_12","JKI","M. sinensis",1,TRUE
"DM","Overlap25",6,"Mb-933_11","JKI","M. sinensis",1,TRUE
"DM","Overlap25",6,"Mb-935_13","JKI","M. sinensis",1,TRUE
"DM","Overlap25",6,"Mb-94","JKI","M. sacchariflorus",1,TRUE
"DM","Overlap25",6,"Mb-956_19","JKI","M. sacchariflorus",1,TRUE
"DM","Overlap25",6,"Mb-958_19","JKI","M. sacchariflorus",1,TRUE
"DM","Overlap25",6,"Mb-960_20","JKI","M. sinensis",1,TRUE
"DM","Overlap25",6,"Mb-961_16","JKI","M. sacchariflorus",1,TRUE
"DM","Overlap25",6,"Mb-965_15","JKI","M. sacchariflorus",1,TRUE
"DM","Overlap25",6,"Mb-969_18","JKI","M. sacchariflorus",1,TRUE
"DM","Overlap25",6,"Mb-974_19","JKI","M. sinensis",0,TRUE
"DM","Overlap25",6,"Mb-99","JKI","M. sinensis",1,TRUE
"DM","Overlap25",6,"Mx-1548_12","JKI","M. x gig",1,TRUE
"DM","Overlap25",6,"Mx-1915_12","JKI","M. x gig",1,TRUE
"DM","Overlap25",6,"Mx-1932_13","JKI","M. x gig",1,TRUE
"DM","Overlap25",6,"Mx-1933_11","JKI","M. x gig",1,TRUE
"DM","Overlap25",6,"Mx-1956_15","JKI","M. x gig",1,TRUE
"DM","Overlap25",6,"Mx-2446_1","JKI","M. x gig",1,TRUE
"DM","Overlap25",6,"Mx-2470_5","JKI","M. sacchariflorus",1,TRUE
"DM","Overlap25",6,"Mx-437_90","JKI","M. x gig",1,TRUE
"DM","Overlap25",7,"Mb-102","ABR33","M. sinensis",1,TRUE
"DM","Overlap25",7,"Mb-1037_52","ABR33","M. sacchariflorus",1,TRUE
"DM","Overlap25",7,"Mb-104","ABR33","M. x gig",1,TRUE
"DM","Overlap25",7,"Mb-1040_17","ABR33","M. sacchariflorus",1,TRUE
"DM","Overlap25",7,"Mb-1043_32","ABR33","M. sacchariflorus",1,TRUE
"DM","Overlap25",7,"Mb-1044_50","ABR33","M. sacchariflorus",0,TRUE
"DM","Overlap25",7,"Mb-1056_31","ABR33","M. sacchariflorus",1,TRUE
"DM","Overlap25",7,"Mb-1067_18","ABR33","M. sacchariflorus",1,TRUE
"DM","Overlap25",7,"Mb-1086_54","ABR33","M. x gig",0,TRUE
"DM","Overlap25",7,"Mb-109","ABR33","M. sinensis",1,TRUE
"DM","Overlap25",7,"Mb-110","ABR33","M. sinensis",0,TRUE
"DM","Overlap25",7,"Mb-111","ABR33","M. sinensis",1,TRUE
"DM","Overlap25",7,"Mb-113","ABR33","M. sinensis",1,TRUE
"DM","Overlap25",7,"Mb-1130_51","ABR33","M. x gig",1,TRUE
"DM","Overlap25",7,"Mb-1132_52","ABR33","M. x gig",1,TRUE
"DM","Overlap25",7,"Mb-1139_19","ABR33","M. sinensis",1,TRUE
"DM","Overlap25",7,"Mb-1147_12","ABR33","M. sinensis",1,TRUE
"DM","Overlap25",7,"Mb-115","ABR33","M. sinensis",1,TRUE
"DM","Overlap25",7,"Mb-1153_20","ABR33","M. sinensis",1,TRUE
"DM","Overlap25",7,"Mb-1155_33","ABR33","M. sacchariflorus",0,TRUE
"DM","Overlap25",7,"Mb-1156_13","ABR33","M. sinensis",1,TRUE
"DM","Overlap25",7,"Mb-1162_20","ABR33","M. sacchariflorus",1,TRUE
"DM","Overlap25",7,"Mb-1182_16","ABR33","M. sinensis",1,TRUE
"DM","Overlap25",7,"Mb-1205_12","ABR33","M. sinensis",0,TRUE
"DM","Overlap25",7,"Mb-1231_18","ABR33","M. sinensis",1,TRUE
"DM","Overlap25",7,"Mb-1238_1","ABR33","M. sinensis",0,TRUE
"DM","Overlap25",7,"Mb-1261_15","ABR33","M. sacchariflorus",1,TRUE
"DM","Overlap25",7,"Mb-1353_14","ABR33","M. sacchariflorus",1,TRUE
"DM","Overlap25",7,"Mb-14","ABR33","M. sinensis",1,TRUE
"DM","Overlap25",7,"Mb-140","ABR33","M. sacchariflorus",1,TRUE
"DM","Overlap25",7,"Mb-142","ABR33","M. sacchariflorus",1,TRUE
"DM","Overlap25",7,"Mb-144","ABR33","M. sacchariflorus",1,TRUE
"DM","Overlap25",7,"Mb-146","ABR33","M. sacchariflorus",1,TRUE
"DM","Overlap25",7,"Mb-147","ABR33","M. x gig",0,TRUE
"DM","Overlap25",7,"Mb-148","ABR33","M. x gig",1,TRUE
"DM","Overlap25",7,"Mb-1485_42","ABR33","M. x gig",1,TRUE
"DM","Overlap25",7,"Mb-1486_1","ABR33","M. x gig",0,TRUE
"DM","Overlap25",7,"Mb-149","ABR33","M. x gig",1,TRUE
"DM","Overlap25",7,"Mb-166","ABR33","M. sacchariflorus",1,TRUE
"DM","Overlap25",7,"Mb-167","ABR33","M. sinensis",1,TRUE
"DM","Overlap25",7,"Mb-177","ABR33","M. sacchariflorus",1,TRUE
"DM","Overlap25",7,"Mb-188","ABR33","M. x gig",0,TRUE
"DM","Overlap25",7,"Mb-2","ABR33","M. sinensis",1,TRUE
"DM","Overlap25",7,"Mb-221","ABR33","M. sinensis",1,TRUE
"DM","Overlap25",7,"Mb-226","ABR33","M. sacchariflorus",0,TRUE
"DM","Overlap25",7,"Mb-229","ABR33","M. sinensis",1,TRUE
"DM","Overlap25",7,"Mb-255","ABR33","M. sinensis",1,TRUE
"DM","Overlap25",7,"Mb-272","ABR33","M. sacchariflorus",0,TRUE
"DM","Overlap25",7,"Mb-297","ABR33","M. sacchariflorus",0,TRUE
"DM","Overlap25",7,"Mb-3","ABR33","M. sinensis",1,TRUE
"DM","Overlap25",7,"Mb-306","ABR33","M. sinensis",0,TRUE
"DM","Overlap25",7,"Mb-307","ABR33","M. x gig",1,TRUE
"DM","Overlap25",7,"Mb-308","ABR33","M. x gig",1,TRUE
"DM","Overlap25",7,"Mb-309","ABR33","M. x gig",1,TRUE
"DM","Overlap25",7,"Mb-31","ABR33","M. sinensis",1,TRUE
"DM","Overlap25",7,"Mb-310","ABR33","M. x gig",1,TRUE
"DM","Overlap25",7,"Mb-35","ABR33","M. sinensis",1,TRUE
"DM","Overlap25",7,"Mb-353","ABR33","M. sacchariflorus",1,TRUE
"DM","Overlap25",7,"Mb-37","ABR33","M. sinensis",0,TRUE
"DM","Overlap25",7,"Mb-383_1","ABR33","M. sacchariflorus",1,TRUE
"DM","Overlap25",7,"Mb-391","ABR33","M. sacchariflorus",1,TRUE
"DM","Overlap25",7,"Mb-393_1","ABR33","M. sacchariflorus",1,TRUE
"DM","Overlap25",7,"Mb-397","ABR33","M. sacchariflorus",1,TRUE
"DM","Overlap25",7,"Mb-399","ABR33","M. sacchariflorus",0,TRUE
"DM","Overlap25",7,"Mb-401","ABR33","M. sacchariflorus",1,TRUE
"DM","Overlap25",7,"Mb-411","ABR33","M. sacchariflorus",1,TRUE
"DM","Overlap25",7,"Mb-416","ABR33","M. sacchariflorus",1,TRUE
"DM","Overlap25",7,"Mb-425_1","ABR33","M. sacchariflorus",1,TRUE
"DM","Overlap25",7,"Mb-427_1","ABR33","M. sacchariflorus",1,TRUE
"DM","Overlap25",7,"Mb-431_1","ABR33","M. sacchariflorus",1,TRUE
"DM","Overlap25",7,"Mb-434_1","ABR33","M. sinensis",1,TRUE
"DM","Overlap25",7,"Mb-485_1","ABR33","M. sacchariflorus",0,TRUE
"DM","Overlap25",7,"Mb-486","ABR33","M. sacchariflorus",1,TRUE
"DM","Overlap25",7,"Mb-488_15","ABR33","M. sacchariflorus",1,TRUE
"DM","Overlap25",7,"Mb-490_10","ABR33","M. sacchariflorus",1,TRUE
"DM","Overlap25",7,"Mb-494_1","ABR33","M. sacchariflorus",1,TRUE
"DM","Overlap25",7,"Mb-498_1","ABR33","M. sacchariflorus",1,TRUE
"DM","Overlap25",7,"Mb-502_1","ABR33","M. sacchariflorus",1,TRUE
"DM","Overlap25",7,"Mb-505_1","ABR33","M. sacchariflorus",0,TRUE
"DM","Overlap25",7,"Mb-508","ABR33","M. sacchariflorus",0,TRUE
"DM","Overlap25",7,"Mb-526_13","ABR33","M. sinensis",1,TRUE
"DM","Overlap25",7,"Mb-527_1","ABR33","M. sinensis",1,TRUE
"DM","Overlap25",7,"Mb-533_1","ABR33","M. sinensis",1,TRUE
"DM","Overlap25",7,"Mb-539_1","ABR33","M. sinensis",1,TRUE
"DM","Overlap25",7,"Mb-585_1","ABR33","M. sinensis",1,TRUE
"DM","Overlap25",7,"Mb-628_1","ABR33","M. sacchariflorus",1,TRUE
"DM","Overlap25",7,"Mb-70","ABR33","M. sinensis",1,TRUE
"DM","Overlap25",7,"Mb-72","ABR33","M. x gig",0,TRUE
"DM","Overlap25",7,"Mb-74","ABR33","M. sinensis",1,TRUE
"DM","Overlap25",7,"Mb-76","ABR33","M. sacchariflorus",0,TRUE
"DM","Overlap25",7,"Mb-770_18","ABR33","M. sacchariflorus",1,TRUE
"DM","Overlap25",7,"Mb-779_14","ABR33","M. sacchariflorus",0,TRUE
"DM","Overlap25",7,"Mb-787_13","ABR33","M. sacchariflorus",1,TRUE
"DM","Overlap25",7,"Mb-810_11","ABR33","M. sacchariflorus",0,TRUE
"DM","Overlap25",7,"Mb-819_19","ABR33","M. sacchariflorus",0,TRUE
"DM","Overlap25",7,"Mb-851_1","ABR33","M. sinensis",1,TRUE
"DM","Overlap25",7,"Mb-86","ABR33","M. sinensis",1,TRUE
"DM","Overlap25",7,"Mb-884_1","ABR33","M. sacchariflorus",1,TRUE
"DM","Overlap25",7,"Mb-893_11","ABR33","M. sinensis",1,TRUE
"DM","Overlap25",7,"Mb-9","ABR33","M. sinensis",1,TRUE
"DM","Overlap25",7,"Mb-910_11","ABR33","M. sinensis",1,TRUE
"DM","Overlap25",7,"Mb-913_17","ABR33","M. sacchariflorus",1,TRUE
"DM","Overlap25",7,"Mb-914_13","ABR33","M. sinensis",1,TRUE
"DM","Overlap25",7,"Mb-928_18","ABR33","M. sinensis",1,TRUE
"DM","Overlap25",7,"Mb-930","ABR33","M. sinensis",1,TRUE
"DM","Overlap25",7,"Mb-931_12","ABR33","M. sinensis",1,TRUE
"DM","Overlap25",7,"Mb-933_11","ABR33","M. sinensis",1,TRUE
"DM","Overlap25",7,"Mb-935_13","ABR33","M. sinensis",1,TRUE
"DM","Overlap25",7,"Mb-94","ABR33","M. sacchariflorus",1,TRUE
"DM","Overlap25",7,"Mb-956_19","ABR33","M. sacchariflorus",1,TRUE
"DM","Overlap25",7,"Mb-958_19","ABR33","M. sacchariflorus",1,TRUE
"DM","Overlap25",7,"Mb-960_20","ABR33","M. sinensis",1,TRUE
"DM","Overlap25",7,"Mb-961_16","ABR33","M. sacchariflorus",0,TRUE
"DM","Overlap25",7,"Mb-965_15","ABR33","M. sacchariflorus",1,TRUE
"DM","Overlap25",7,"Mb-969_18","ABR33","M. sacchariflorus",1,TRUE
"DM","Overlap25",7,"Mb-974_19","ABR33","M. sinensis",1,TRUE
"DM","Overlap25",7,"Mb-99","ABR33","M. sinensis",1,TRUE
"DM","Overlap25",7,"Mx-1548_12","ABR33","M. x gig",1,TRUE
"DM","Overlap25",7,"Mx-1915_12","ABR33","M. x gig",1,TRUE
"DM","Overlap25",7,"Mx-1932_13","ABR33","M. x gig",1,TRUE
"DM","Overlap25",7,"Mx-1933_11","ABR33","M. x gig",1,TRUE
"DM","Overlap25",7,"Mx-1956_15","ABR33","M. x gig",1,TRUE
"DM","Overlap25",7,"Mx-2446_1","ABR33","M. x gig",1,TRUE
"DM","Overlap25",7,"Mx-2470_5","ABR33","M. sacchariflorus",0,TRUE
"DM","Overlap25",7,"Mx-437_90","ABR33","M. x gig",1,TRUE
"DM","Overlap25",7,"Mb-102","JKI","M. sinensis",1,TRUE
"DM","Overlap25",7,"Mb-1037_52","JKI","M. sacchariflorus",1,TRUE
"DM","Overlap25",7,"Mb-104","JKI","M. x gig",1,TRUE
"DM","Overlap25",7,"Mb-1040_17","JKI","M. sacchariflorus",1,TRUE
"DM","Overlap25",7,"Mb-1043_32","JKI","M. sacchariflorus",1,TRUE
"DM","Overlap25",7,"Mb-1044_50","JKI","M. sacchariflorus",0,TRUE
"DM","Overlap25",7,"Mb-1056_31","JKI","M. sacchariflorus",1,TRUE
"DM","Overlap25",7,"Mb-1067_18","JKI","M. sacchariflorus",1,TRUE
"DM","Overlap25",7,"Mb-1086_54","JKI","M. x gig",0,TRUE
"DM","Overlap25",7,"Mb-109","JKI","M. sinensis",1,TRUE
"DM","Overlap25",7,"Mb-110","JKI","M. sinensis",0,TRUE
"DM","Overlap25",7,"Mb-111","JKI","M. sinensis",1,TRUE
"DM","Overlap25",7,"Mb-113","JKI","M. sinensis",1,TRUE
"DM","Overlap25",7,"Mb-1130_51","JKI","M. x gig",1,TRUE
"DM","Overlap25",7,"Mb-1132_52","JKI","M. x gig",1,TRUE
"DM","Overlap25",7,"Mb-1139_19","JKI","M. sinensis",1,FALSE
"DM","Overlap25",7,"Mb-1147_12","JKI","M. sinensis",1,TRUE
"DM","Overlap25",7,"Mb-115","JKI","M. sinensis",1,TRUE
"DM","Overlap25",7,"Mb-1153_20","JKI","M. sinensis",1,TRUE
"DM","Overlap25",7,"Mb-1155_33","JKI","M. sacchariflorus",0,TRUE
"DM","Overlap25",7,"Mb-1156_13","JKI","M. sinensis",1,TRUE
"DM","Overlap25",7,"Mb-1162_20","JKI","M. sacchariflorus",1,TRUE
"DM","Overlap25",7,"Mb-1182_16","JKI","M. sinensis",1,TRUE
"DM","Overlap25",7,"Mb-1205_12","JKI","M. sinensis",0,TRUE
"DM","Overlap25",7,"Mb-1231_18","JKI","M. sinensis",1,TRUE
"DM","Overlap25",7,"Mb-1238_1","JKI","M. sinensis",0,TRUE
"DM","Overlap25",7,"Mb-1261_15","JKI","M. sacchariflorus",1,TRUE
"DM","Overlap25",7,"Mb-1353_14","JKI","M. sacchariflorus",1,TRUE
"DM","Overlap25",7,"Mb-14","JKI","M. sinensis",1,TRUE
"DM","Overlap25",7,"Mb-140","JKI","M. sacchariflorus",1,TRUE
"DM","Overlap25",7,"Mb-142","JKI","M. sacchariflorus",1,TRUE
"DM","Overlap25",7,"Mb-144","JKI","M. sacchariflorus",1,TRUE
"DM","Overlap25",7,"Mb-146","JKI","M. sacchariflorus",1,TRUE
"DM","Overlap25",7,"Mb-147","JKI","M. x gig",0,TRUE
"DM","Overlap25",7,"Mb-148","JKI","M. x gig",1,TRUE
"DM","Overlap25",7,"Mb-1485_42","JKI","M. x gig",1,TRUE
"DM","Overlap25",7,"Mb-1486_1","JKI","M. x gig",0,TRUE
"DM","Overlap25",7,"Mb-149","JKI","M. x gig",1,TRUE
"DM","Overlap25",7,"Mb-166","JKI","M. sacchariflorus",1,TRUE
"DM","Overlap25",7,"Mb-167","JKI","M. sinensis",1,TRUE
"DM","Overlap25",7,"Mb-177","JKI","M. sacchariflorus",1,TRUE
"DM","Overlap25",7,"Mb-188","JKI","M. x gig",0,TRUE
"DM","Overlap25",7,"Mb-2","JKI","M. sinensis",1,TRUE
"DM","Overlap25",7,"Mb-221","JKI","M. sinensis",1,TRUE
"DM","Overlap25",7,"Mb-226","JKI","M. sacchariflorus",0,TRUE
"DM","Overlap25",7,"Mb-229","JKI","M. sinensis",1,TRUE
"DM","Overlap25",7,"Mb-255","JKI","M. sinensis",1,TRUE
"DM","Overlap25",7,"Mb-272","JKI","M. sacchariflorus",0,TRUE
"DM","Overlap25",7,"Mb-297","JKI","M. sacchariflorus",0,TRUE
"DM","Overlap25",7,"Mb-3","JKI","M. sinensis",1,TRUE
"DM","Overlap25",7,"Mb-306","JKI","M. sinensis",0,TRUE
"DM","Overlap25",7,"Mb-307","JKI","M. x gig",1,TRUE
"DM","Overlap25",7,"Mb-308","JKI","M. x gig",1,TRUE
"DM","Overlap25",7,"Mb-309","JKI","M. x gig",1,TRUE
"DM","Overlap25",7,"Mb-31","JKI","M. sinensis",1,TRUE
"DM","Overlap25",7,"Mb-310","JKI","M. x gig",1,TRUE
"DM","Overlap25",7,"Mb-35","JKI","M. sinensis",1,TRUE
"DM","Overlap25",7,"Mb-353","JKI","M. sacchariflorus",1,TRUE
"DM","Overlap25",7,"Mb-37","JKI","M. sinensis",0,TRUE
"DM","Overlap25",7,"Mb-383_1","JKI","M. sacchariflorus",1,TRUE
"DM","Overlap25",7,"Mb-391","JKI","M. sacchariflorus",1,TRUE
"DM","Overlap25",7,"Mb-393_1","JKI","M. sacchariflorus",1,TRUE
"DM","Overlap25",7,"Mb-397","JKI","M. sacchariflorus",1,TRUE
"DM","Overlap25",7,"Mb-399","JKI","M. sacchariflorus",0,TRUE
"DM","Overlap25",7,"Mb-401","JKI","M. sacchariflorus",1,TRUE
"DM","Overlap25",7,"Mb-411","JKI","M. sacchariflorus",1,TRUE
"DM","Overlap25",7,"Mb-416","JKI","M. sacchariflorus",1,TRUE
"DM","Overlap25",7,"Mb-425_1","JKI","M. sacchariflorus",1,TRUE
"DM","Overlap25",7,"Mb-427_1","JKI","M. sacchariflorus",1,TRUE
"DM","Overlap25",7,"Mb-431_1","JKI","M. sacchariflorus",1,TRUE
"DM","Overlap25",7,"Mb-434_1","JKI","M. sinensis",1,TRUE
"DM","Overlap25",7,"Mb-485_1","JKI","M. sacchariflorus",0,TRUE
"DM","Overlap25",7,"Mb-486","JKI","M. sacchariflorus",1,TRUE
"DM","Overlap25",7,"Mb-488_15","JKI","M. sacchariflorus",1,TRUE
"DM","Overlap25",7,"Mb-490_10","JKI","M. sacchariflorus",1,TRUE
"DM","Overlap25",7,"Mb-494_1","JKI","M. sacchariflorus",1,TRUE
"DM","Overlap25",7,"Mb-498_1","JKI","M. sacchariflorus",1,TRUE
"DM","Overlap25",7,"Mb-502_1","JKI","M. sacchariflorus",1,TRUE
"DM","Overlap25",7,"Mb-505_1","JKI","M. sacchariflorus",0,TRUE
"DM","Overlap25",7,"Mb-508","JKI","M. sacchariflorus",0,TRUE
"DM","Overlap25",7,"Mb-526_13","JKI","M. sinensis",1,TRUE
"DM","Overlap25",7,"Mb-527_1","JKI","M. sinensis",1,TRUE
"DM","Overlap25",7,"Mb-533_1","JKI","M. sinensis",1,TRUE
"DM","Overlap25",7,"Mb-539_1","JKI","M. sinensis",1,TRUE
"DM","Overlap25",7,"Mb-585_1","JKI","M. sinensis",1,TRUE
"DM","Overlap25",7,"Mb-628_1","JKI","M. sacchariflorus",1,TRUE
"DM","Overlap25",7,"Mb-70","JKI","M. sinensis",1,TRUE
"DM","Overlap25",7,"Mb-72","JKI","M. x gig",0,TRUE
"DM","Overlap25",7,"Mb-74","JKI","M. sinensis",1,TRUE
"DM","Overlap25",7,"Mb-76","JKI","M. sacchariflorus",0,TRUE
"DM","Overlap25",7,"Mb-770_18","JKI","M. sacchariflorus",1,TRUE
"DM","Overlap25",7,"Mb-779_14","JKI","M. sacchariflorus",0,TRUE
"DM","Overlap25",7,"Mb-787_13","JKI","M. sacchariflorus",1,TRUE
"DM","Overlap25",7,"Mb-810_11","JKI","M. sacchariflorus",0,TRUE
"DM","Overlap25",7,"Mb-819_19","JKI","M. sacchariflorus",0,TRUE
"DM","Overlap25",7,"Mb-851_1","JKI","M. sinensis",1,TRUE
"DM","Overlap25",7,"Mb-86","JKI","M. sinensis",1,TRUE
"DM","Overlap25",7,"Mb-884_1","JKI","M. sacchariflorus",1,TRUE
"DM","Overlap25",7,"Mb-893_11","JKI","M. sinensis",1,TRUE
"DM","Overlap25",7,"Mb-9","JKI","M. sinensis",1,TRUE
"DM","Overlap25",7,"Mb-910_11","JKI","M. sinensis",1,TRUE
"DM","Overlap25",7,"Mb-913_17","JKI","M. sacchariflorus",1,TRUE
"DM","Overlap25",7,"Mb-914_13","JKI","M. sinensis",1,TRUE
"DM","Overlap25",7,"Mb-928_18","JKI","M. sinensis",1,TRUE
"DM","Overlap25",7,"Mb-930","JKI","M. sinensis",1,TRUE
"DM","Overlap25",7,"Mb-931_12","JKI","M. sinensis",1,TRUE
"DM","Overlap25",7,"Mb-933_11","JKI","M. sinensis",1,TRUE
"DM","Overlap25",7,"Mb-935_13","JKI","M. sinensis",1,TRUE
"DM","Overlap25",7,"Mb-94","JKI","M. sacchariflorus",1,TRUE
"DM","Overlap25",7,"Mb-956_19","JKI","M. sacchariflorus",1,TRUE
"DM","Overlap25",7,"Mb-958_19","JKI","M. sacchariflorus",1,TRUE
"DM","Overlap25",7,"Mb-960_20","JKI","M. sinensis",1,TRUE
"DM","Overlap25",7,"Mb-961_16","JKI","M. sacchariflorus",0,TRUE
"DM","Overlap25",7,"Mb-965_15","JKI","M. sacchariflorus",1,TRUE
"DM","Overlap25",7,"Mb-969_18","JKI","M. sacchariflorus",1,TRUE
"DM","Overlap25",7,"Mb-974_19","JKI","M. sinensis",1,TRUE
"DM","Overlap25",7,"Mb-99","JKI","M. sinensis",1,TRUE
"DM","Overlap25",7,"Mx-1548_12","JKI","M. x gig",1,TRUE
"DM","Overlap25",7,"Mx-1915_12","JKI","M. x gig",1,TRUE
"DM","Overlap25",7,"Mx-1932_13","JKI","M. x gig",1,TRUE
"DM","Overlap25",7,"Mx-1933_11","JKI","M. x gig",1,TRUE
"DM","Overlap25",7,"Mx-1956_15","JKI","M. x gig",1,TRUE
"DM","Overlap25",7,"Mx-2446_1","JKI","M. x gig",1,TRUE
"DM","Overlap25",7,"Mx-2470_5","JKI","M. sacchariflorus",0,TRUE
"DM","Overlap25",7,"Mx-437_90","JKI","M. x gig",1,TRUE
"DM","Overlap25",8,"Mb-102","ABR33","M. sinensis",0,TRUE
"DM","Overlap25",8,"Mb-1037_52","ABR33","M. sacchariflorus",1,TRUE
"DM","Overlap25",8,"Mb-104","ABR33","M. x gig",1,TRUE
"DM","Overlap25",8,"Mb-1040_17","ABR33","M. sacchariflorus",0,TRUE
"DM","Overlap25",8,"Mb-1043_32","ABR33","M. sacchariflorus",1,TRUE
"DM","Overlap25",8,"Mb-1044_50","ABR33","M. sacchariflorus",1,TRUE
"DM","Overlap25",8,"Mb-1056_31","ABR33","M. sacchariflorus",1,TRUE
"DM","Overlap25",8,"Mb-1067_18","ABR33","M. sacchariflorus",1,TRUE
"DM","Overlap25",8,"Mb-1086_54","ABR33","M. x gig",1,TRUE
"DM","Overlap25",8,"Mb-109","ABR33","M. sinensis",1,TRUE
"DM","Overlap25",8,"Mb-110","ABR33","M. sinensis",0,TRUE
"DM","Overlap25",8,"Mb-111","ABR33","M. sinensis",1,TRUE
"DM","Overlap25",8,"Mb-113","ABR33","M. sinensis",1,TRUE
"DM","Overlap25",8,"Mb-1130_51","ABR33","M. x gig",1,TRUE
"DM","Overlap25",8,"Mb-1132_52","ABR33","M. x gig",1,TRUE
"DM","Overlap25",8,"Mb-1139_19","ABR33","M. sinensis",1,TRUE
"DM","Overlap25",8,"Mb-1147_12","ABR33","M. sinensis",1,TRUE
"DM","Overlap25",8,"Mb-115","ABR33","M. sinensis",1,TRUE
"DM","Overlap25",8,"Mb-1153_20","ABR33","M. sinensis",1,TRUE
"DM","Overlap25",8,"Mb-1155_33","ABR33","M. sacchariflorus",1,TRUE
"DM","Overlap25",8,"Mb-1156_13","ABR33","M. sinensis",1,TRUE
"DM","Overlap25",8,"Mb-1162_20","ABR33","M. sacchariflorus",1,TRUE
"DM","Overlap25",8,"Mb-1182_16","ABR33","M. sinensis",1,TRUE
"DM","Overlap25",8,"Mb-1205_12","ABR33","M. sinensis",0,TRUE
"DM","Overlap25",8,"Mb-1231_18","ABR33","M. sinensis",1,TRUE
"DM","Overlap25",8,"Mb-1238_1","ABR33","M. sinensis",1,TRUE
"DM","Overlap25",8,"Mb-1261_15","ABR33","M. sacchariflorus",1,TRUE
"DM","Overlap25",8,"Mb-1353_14","ABR33","M. sacchariflorus",1,TRUE
"DM","Overlap25",8,"Mb-14","ABR33","M. sinensis",0,TRUE
"DM","Overlap25",8,"Mb-140","ABR33","M. sacchariflorus",1,TRUE
"DM","Overlap25",8,"Mb-142","ABR33","M. sacchariflorus",1,TRUE
"DM","Overlap25",8,"Mb-144","ABR33","M. sacchariflorus",1,TRUE
"DM","Overlap25",8,"Mb-146","ABR33","M. sacchariflorus",1,TRUE
"DM","Overlap25",8,"Mb-147","ABR33","M. x gig",1,TRUE
"DM","Overlap25",8,"Mb-148","ABR33","M. x gig",0,TRUE
"DM","Overlap25",8,"Mb-1485_42","ABR33","M. x gig",1,TRUE
"DM","Overlap25",8,"Mb-1486_1","ABR33","M. x gig",0,TRUE
"DM","Overlap25",8,"Mb-149","ABR33","M. x gig",1,TRUE
"DM","Overlap25",8,"Mb-166","ABR33","M. sacchariflorus",0,TRUE
"DM","Overlap25",8,"Mb-167","ABR33","M. sinensis",1,TRUE
"DM","Overlap25",8,"Mb-177","ABR33","M. sacchariflorus",1,TRUE
"DM","Overlap25",8,"Mb-188","ABR33","M. x gig",1,TRUE
"DM","Overlap25",8,"Mb-2","ABR33","M. sinensis",1,TRUE
"DM","Overlap25",8,"Mb-221","ABR33","M. sinensis",1,TRUE
"DM","Overlap25",8,"Mb-226","ABR33","M. sacchariflorus",1,TRUE
"DM","Overlap25",8,"Mb-229","ABR33","M. sinensis",0,TRUE
"DM","Overlap25",8,"Mb-255","ABR33","M. sinensis",1,TRUE
"DM","Overlap25",8,"Mb-272","ABR33","M. sacchariflorus",1,TRUE
"DM","Overlap25",8,"Mb-297","ABR33","M. sacchariflorus",1,TRUE
"DM","Overlap25",8,"Mb-3","ABR33","M. sinensis",0,TRUE
"DM","Overlap25",8,"Mb-306","ABR33","M. sinensis",1,TRUE
"DM","Overlap25",8,"Mb-307","ABR33","M. x gig",1,TRUE
"DM","Overlap25",8,"Mb-308","ABR33","M. x gig",1,TRUE
"DM","Overlap25",8,"Mb-309","ABR33","M. x gig",1,TRUE
"DM","Overlap25",8,"Mb-31","ABR33","M. sinensis",0,TRUE
"DM","Overlap25",8,"Mb-310","ABR33","M. x gig",1,TRUE
"DM","Overlap25",8,"Mb-35","ABR33","M. sinensis",1,TRUE
"DM","Overlap25",8,"Mb-353","ABR33","M. sacchariflorus",1,TRUE
"DM","Overlap25",8,"Mb-37","ABR33","M. sinensis",1,TRUE
"DM","Overlap25",8,"Mb-383_1","ABR33","M. sacchariflorus",0,TRUE
"DM","Overlap25",8,"Mb-391","ABR33","M. sacchariflorus",1,TRUE
"DM","Overlap25",8,"Mb-393_1","ABR33","M. sacchariflorus",1,TRUE
"DM","Overlap25",8,"Mb-397","ABR33","M. sacchariflorus",1,TRUE
"DM","Overlap25",8,"Mb-399","ABR33","M. sacchariflorus",1,TRUE
"DM","Overlap25",8,"Mb-401","ABR33","M. sacchariflorus",1,TRUE
"DM","Overlap25",8,"Mb-411","ABR33","M. sacchariflorus",1,TRUE
"DM","Overlap25",8,"Mb-416","ABR33","M. sacchariflorus",0,TRUE
"DM","Overlap25",8,"Mb-425_1","ABR33","M. sacchariflorus",0,TRUE
"DM","Overlap25",8,"Mb-427_1","ABR33","M. sacchariflorus",0,TRUE
"DM","Overlap25",8,"Mb-431_1","ABR33","M. sacchariflorus",1,TRUE
"DM","Overlap25",8,"Mb-434_1","ABR33","M. sinensis",1,TRUE
"DM","Overlap25",8,"Mb-485_1","ABR33","M. sacchariflorus",1,TRUE
"DM","Overlap25",8,"Mb-486","ABR33","M. sacchariflorus",1,TRUE
"DM","Overlap25",8,"Mb-488_15","ABR33","M. sacchariflorus",1,TRUE
"DM","Overlap25",8,"Mb-490_10","ABR33","M. sacchariflorus",1,TRUE
"DM","Overlap25",8,"Mb-494_1","ABR33","M. sacchariflorus",1,TRUE
"DM","Overlap25",8,"Mb-498_1","ABR33","M. sacchariflorus",0,TRUE
"DM","Overlap25",8,"Mb-502_1","ABR33","M. sacchariflorus",1,TRUE
"DM","Overlap25",8,"Mb-505_1","ABR33","M. sacchariflorus",1,TRUE
"DM","Overlap25",8,"Mb-508","ABR33","M. sacchariflorus",1,TRUE
"DM","Overlap25",8,"Mb-526_13","ABR33","M. sinensis",0,TRUE
"DM","Overlap25",8,"Mb-527_1","ABR33","M. sinensis",1,TRUE
"DM","Overlap25",8,"Mb-533_1","ABR33","M. sinensis",1,TRUE
"DM","Overlap25",8,"Mb-539_1","ABR33","M. sinensis",1,TRUE
"DM","Overlap25",8,"Mb-585_1","ABR33","M. sinensis",1,TRUE
"DM","Overlap25",8,"Mb-628_1","ABR33","M. sacchariflorus",1,TRUE
"DM","Overlap25",8,"Mb-70","ABR33","M. sinensis",1,TRUE
"DM","Overlap25",8,"Mb-72","ABR33","M. x gig",0,TRUE
"DM","Overlap25",8,"Mb-74","ABR33","M. sinensis",0,TRUE
"DM","Overlap25",8,"Mb-76","ABR33","M. sacchariflorus",1,TRUE
"DM","Overlap25",8,"Mb-770_18","ABR33","M. sacchariflorus",0,TRUE
"DM","Overlap25",8,"Mb-779_14","ABR33","M. sacchariflorus",0,TRUE
"DM","Overlap25",8,"Mb-787_13","ABR33","M. sacchariflorus",1,TRUE
"DM","Overlap25",8,"Mb-810_11","ABR33","M. sacchariflorus",1,TRUE
"DM","Overlap25",8,"Mb-819_19","ABR33","M. sacchariflorus",1,TRUE
"DM","Overlap25",8,"Mb-851_1","ABR33","M. sinensis",1,TRUE
"DM","Overlap25",8,"Mb-86","ABR33","M. sinensis",1,TRUE
"DM","Overlap25",8,"Mb-884_1","ABR33","M. sacchariflorus",1,TRUE
"DM","Overlap25",8,"Mb-893_11","ABR33","M. sinensis",0,TRUE
"DM","Overlap25",8,"Mb-9","ABR33","M. sinensis",1,TRUE
"DM","Overlap25",8,"Mb-910_11","ABR33","M. sinensis",1,TRUE
"DM","Overlap25",8,"Mb-913_17","ABR33","M. sacchariflorus",0,TRUE
"DM","Overlap25",8,"Mb-914_13","ABR33","M. sinensis",1,TRUE
"DM","Overlap25",8,"Mb-928_18","ABR33","M. sinensis",0,TRUE
"DM","Overlap25",8,"Mb-930","ABR33","M. sinensis",1,TRUE
"DM","Overlap25",8,"Mb-931_12","ABR33","M. sinensis",1,TRUE
"DM","Overlap25",8,"Mb-933_11","ABR33","M. sinensis",1,TRUE
"DM","Overlap25",8,"Mb-935_13","ABR33","M. sinensis",1,TRUE
"DM","Overlap25",8,"Mb-94","ABR33","M. sacchariflorus",1,TRUE
"DM","Overlap25",8,"Mb-956_19","ABR33","M. sacchariflorus",1,TRUE
"DM","Overlap25",8,"Mb-958_19","ABR33","M. sacchariflorus",0,TRUE
"DM","Overlap25",8,"Mb-960_20","ABR33","M. sinensis",1,TRUE
"DM","Overlap25",8,"Mb-961_16","ABR33","M. sacchariflorus",1,TRUE
"DM","Overlap25",8,"Mb-965_15","ABR33","M. sacchariflorus",1,TRUE
"DM","Overlap25",8,"Mb-969_18","ABR33","M. sacchariflorus",1,TRUE
"DM","Overlap25",8,"Mb-974_19","ABR33","M. sinensis",1,TRUE
"DM","Overlap25",8,"Mb-99","ABR33","M. sinensis",1,TRUE
"DM","Overlap25",8,"Mx-1548_12","ABR33","M. x gig",1,TRUE
"DM","Overlap25",8,"Mx-1915_12","ABR33","M. x gig",1,TRUE
"DM","Overlap25",8,"Mx-1932_13","ABR33","M. x gig",1,TRUE
"DM","Overlap25",8,"Mx-1933_11","ABR33","M. x gig",1,TRUE
"DM","Overlap25",8,"Mx-1956_15","ABR33","M. x gig",1,TRUE
"DM","Overlap25",8,"Mx-2446_1","ABR33","M. x gig",1,TRUE
"DM","Overlap25",8,"Mx-2470_5","ABR33","M. sacchariflorus",1,TRUE
"DM","Overlap25",8,"Mx-437_90","ABR33","M. x gig",1,TRUE
"DM","Overlap25",8,"Mb-102","JKI","M. sinensis",0,TRUE
"DM","Overlap25",8,"Mb-1037_52","JKI","M. sacchariflorus",1,TRUE
"DM","Overlap25",8,"Mb-104","JKI","M. x gig",1,TRUE
"DM","Overlap25",8,"Mb-1040_17","JKI","M. sacchariflorus",0,TRUE
"DM","Overlap25",8,"Mb-1043_32","JKI","M. sacchariflorus",1,TRUE
"DM","Overlap25",8,"Mb-1044_50","JKI","M. sacchariflorus",1,TRUE
"DM","Overlap25",8,"Mb-1056_31","JKI","M. sacchariflorus",1,TRUE
"DM","Overlap25",8,"Mb-1067_18","JKI","M. sacchariflorus",1,TRUE
"DM","Overlap25",8,"Mb-1086_54","JKI","M. x gig",1,TRUE
"DM","Overlap25",8,"Mb-109","JKI","M. sinensis",1,TRUE
"DM","Overlap25",8,"Mb-110","JKI","M. sinensis",0,TRUE
"DM","Overlap25",8,"Mb-111","JKI","M. sinensis",1,TRUE
"DM","Overlap25",8,"Mb-113","JKI","M. sinensis",1,TRUE
"DM","Overlap25",8,"Mb-1130_51","JKI","M. x gig",1,TRUE
"DM","Overlap25",8,"Mb-1132_52","JKI","M. x gig",1,TRUE
"DM","Overlap25",8,"Mb-1139_19","JKI","M. sinensis",1,FALSE
"DM","Overlap25",8,"Mb-1147_12","JKI","M. sinensis",1,TRUE
"DM","Overlap25",8,"Mb-115","JKI","M. sinensis",1,TRUE
"DM","Overlap25",8,"Mb-1153_20","JKI","M. sinensis",1,TRUE
"DM","Overlap25",8,"Mb-1155_33","JKI","M. sacchariflorus",1,TRUE
"DM","Overlap25",8,"Mb-1156_13","JKI","M. sinensis",1,TRUE
"DM","Overlap25",8,"Mb-1162_20","JKI","M. sacchariflorus",1,TRUE
"DM","Overlap25",8,"Mb-1182_16","JKI","M. sinensis",1,TRUE
"DM","Overlap25",8,"Mb-1205_12","JKI","M. sinensis",0,TRUE
"DM","Overlap25",8,"Mb-1231_18","JKI","M. sinensis",1,TRUE
"DM","Overlap25",8,"Mb-1238_1","JKI","M. sinensis",1,TRUE
"DM","Overlap25",8,"Mb-1261_15","JKI","M. sacchariflorus",1,TRUE
"DM","Overlap25",8,"Mb-1353_14","JKI","M. sacchariflorus",1,TRUE
"DM","Overlap25",8,"Mb-14","JKI","M. sinensis",0,TRUE
"DM","Overlap25",8,"Mb-140","JKI","M. sacchariflorus",1,TRUE
"DM","Overlap25",8,"Mb-142","JKI","M. sacchariflorus",1,TRUE
"DM","Overlap25",8,"Mb-144","JKI","M. sacchariflorus",1,TRUE
"DM","Overlap25",8,"Mb-146","JKI","M. sacchariflorus",1,TRUE
"DM","Overlap25",8,"Mb-147","JKI","M. x gig",1,TRUE
"DM","Overlap25",8,"Mb-148","JKI","M. x gig",0,TRUE
"DM","Overlap25",8,"Mb-1485_42","JKI","M. x gig",1,TRUE
"DM","Overlap25",8,"Mb-1486_1","JKI","M. x gig",0,TRUE
"DM","Overlap25",8,"Mb-149","JKI","M. x gig",1,TRUE
"DM","Overlap25",8,"Mb-166","JKI","M. sacchariflorus",0,TRUE
"DM","Overlap25",8,"Mb-167","JKI","M. sinensis",1,TRUE
"DM","Overlap25",8,"Mb-177","JKI","M. sacchariflorus",1,TRUE
"DM","Overlap25",8,"Mb-188","JKI","M. x gig",1,TRUE
"DM","Overlap25",8,"Mb-2","JKI","M. sinensis",1,TRUE
"DM","Overlap25",8,"Mb-221","JKI","M. sinensis",1,TRUE
"DM","Overlap25",8,"Mb-226","JKI","M. sacchariflorus",1,TRUE
"DM","Overlap25",8,"Mb-229","JKI","M. sinensis",0,TRUE
"DM","Overlap25",8,"Mb-255","JKI","M. sinensis",1,TRUE
"DM","Overlap25",8,"Mb-272","JKI","M. sacchariflorus",1,TRUE
"DM","Overlap25",8,"Mb-297","JKI","M. sacchariflorus",1,TRUE
"DM","Overlap25",8,"Mb-3","JKI","M. sinensis",0,TRUE
"DM","Overlap25",8,"Mb-306","JKI","M. sinensis",1,TRUE
"DM","Overlap25",8,"Mb-307","JKI","M. x gig",1,TRUE
"DM","Overlap25",8,"Mb-308","JKI","M. x gig",1,TRUE
"DM","Overlap25",8,"Mb-309","JKI","M. x gig",1,TRUE
"DM","Overlap25",8,"Mb-31","JKI","M. sinensis",0,TRUE
"DM","Overlap25",8,"Mb-310","JKI","M. x gig",1,TRUE
"DM","Overlap25",8,"Mb-35","JKI","M. sinensis",1,TRUE
"DM","Overlap25",8,"Mb-353","JKI","M. sacchariflorus",1,TRUE
"DM","Overlap25",8,"Mb-37","JKI","M. sinensis",1,TRUE
"DM","Overlap25",8,"Mb-383_1","JKI","M. sacchariflorus",0,TRUE
"DM","Overlap25",8,"Mb-391","JKI","M. sacchariflorus",1,TRUE
"DM","Overlap25",8,"Mb-393_1","JKI","M. sacchariflorus",1,TRUE
"DM","Overlap25",8,"Mb-397","JKI","M. sacchariflorus",1,TRUE
"DM","Overlap25",8,"Mb-399","JKI","M. sacchariflorus",1,TRUE
"DM","Overlap25",8,"Mb-401","JKI","M. sacchariflorus",1,TRUE
"DM","Overlap25",8,"Mb-411","JKI","M. sacchariflorus",1,TRUE
"DM","Overlap25",8,"Mb-416","JKI","M. sacchariflorus",0,TRUE
"DM","Overlap25",8,"Mb-425_1","JKI","M. sacchariflorus",0,TRUE
"DM","Overlap25",8,"Mb-427_1","JKI","M. sacchariflorus",0,TRUE
"DM","Overlap25",8,"Mb-431_1","JKI","M. sacchariflorus",1,TRUE
"DM","Overlap25",8,"Mb-434_1","JKI","M. sinensis",1,TRUE
"DM","Overlap25",8,"Mb-485_1","JKI","M. sacchariflorus",1,TRUE
"DM","Overlap25",8,"Mb-486","JKI","M. sacchariflorus",1,TRUE
"DM","Overlap25",8,"Mb-488_15","JKI","M. sacchariflorus",1,TRUE
"DM","Overlap25",8,"Mb-490_10","JKI","M. sacchariflorus",1,TRUE
"DM","Overlap25",8,"Mb-494_1","JKI","M. sacchariflorus",1,TRUE
"DM","Overlap25",8,"Mb-498_1","JKI","M. sacchariflorus",0,TRUE
"DM","Overlap25",8,"Mb-502_1","JKI","M. sacchariflorus",1,TRUE
"DM","Overlap25",8,"Mb-505_1","JKI","M. sacchariflorus",1,TRUE
"DM","Overlap25",8,"Mb-508","JKI","M. sacchariflorus",1,TRUE
"DM","Overlap25",8,"Mb-526_13","JKI","M. sinensis",0,TRUE
"DM","Overlap25",8,"Mb-527_1","JKI","M. sinensis",1,TRUE
"DM","Overlap25",8,"Mb-533_1","JKI","M. sinensis",1,TRUE
"DM","Overlap25",8,"Mb-539_1","JKI","M. sinensis",1,TRUE
"DM","Overlap25",8,"Mb-585_1","JKI","M. sinensis",1,TRUE
"DM","Overlap25",8,"Mb-628_1","JKI","M. sacchariflorus",1,TRUE
"DM","Overlap25",8,"Mb-70","JKI","M. sinensis",1,TRUE
"DM","Overlap25",8,"Mb-72","JKI","M. x gig",0,TRUE
"DM","Overlap25",8,"Mb-74","JKI","M. sinensis",0,TRUE
"DM","Overlap25",8,"Mb-76","JKI","M. sacchariflorus",1,TRUE
"DM","Overlap25",8,"Mb-770_18","JKI","M. sacchariflorus",0,TRUE
"DM","Overlap25",8,"Mb-779_14","JKI","M. sacchariflorus",0,TRUE
"DM","Overlap25",8,"Mb-787_13","JKI","M. sacchariflorus",1,TRUE
"DM","Overlap25",8,"Mb-810_11","JKI","M. sacchariflorus",1,TRUE
"DM","Overlap25",8,"Mb-819_19","JKI","M. sacchariflorus",1,TRUE
"DM","Overlap25",8,"Mb-851_1","JKI","M. sinensis",1,TRUE
"DM","Overlap25",8,"Mb-86","JKI","M. sinensis",1,TRUE
"DM","Overlap25",8,"Mb-884_1","JKI","M. sacchariflorus",1,TRUE
"DM","Overlap25",8,"Mb-893_11","JKI","M. sinensis",0,TRUE
"DM","Overlap25",8,"Mb-9","JKI","M. sinensis",1,TRUE
"DM","Overlap25",8,"Mb-910_11","JKI","M. sinensis",1,TRUE
"DM","Overlap25",8,"Mb-913_17","JKI","M. sacchariflorus",0,TRUE
"DM","Overlap25",8,"Mb-914_13","JKI","M. sinensis",1,TRUE
"DM","Overlap25",8,"Mb-928_18","JKI","M. sinensis",0,TRUE
"DM","Overlap25",8,"Mb-930","JKI","M. sinensis",1,TRUE
"DM","Overlap25",8,"Mb-931_12","JKI","M. sinensis",1,TRUE
"DM","Overlap25",8,"Mb-933_11","JKI","M. sinensis",1,TRUE
"DM","Overlap25",8,"Mb-935_13","JKI","M. sinensis",1,TRUE
"DM","Overlap25",8,"Mb-94","JKI","M. sacchariflorus",1,TRUE
"DM","Overlap25",8,"Mb-956_19","JKI","M. sacchariflorus",1,TRUE
"DM","Overlap25",8,"Mb-958_19","JKI","M. sacchariflorus",0,TRUE
"DM","Overlap25",8,"Mb-960_20","JKI","M. sinensis",1,TRUE
"DM","Overlap25",8,"Mb-961_16","JKI","M. sacchariflorus",1,TRUE
"DM","Overlap25",8,"Mb-965_15","JKI","M. sacchariflorus",1,TRUE
"DM","Overlap25",8,"Mb-969_18","JKI","M. sacchariflorus",1,TRUE
"DM","Overlap25",8,"Mb-974_19","JKI","M. sinensis",1,TRUE
"DM","Overlap25",8,"Mb-99","JKI","M. sinensis",1,TRUE
"DM","Overlap25",8,"Mx-1548_12","JKI","M. x gig",1,TRUE
"DM","Overlap25",8,"Mx-1915_12","JKI","M. x gig",1,TRUE
"DM","Overlap25",8,"Mx-1932_13","JKI","M. x gig",1,TRUE
"DM","Overlap25",8,"Mx-1933_11","JKI","M. x gig",1,TRUE
"DM","Overlap25",8,"Mx-1956_15","JKI","M. x gig",1,TRUE
"DM","Overlap25",8,"Mx-2446_1","JKI","M. x gig",1,TRUE
"DM","Overlap25",8,"Mx-2470_5","JKI","M. sacchariflorus",1,TRUE
"DM","Overlap25",8,"Mx-437_90","JKI","M. x gig",1,TRUE
"DM","Overlap25",9,"Mb-102","ABR33","M. sinensis",1,TRUE
"DM","Overlap25",9,"Mb-1037_52","ABR33","M. sacchariflorus",1,TRUE
"DM","Overlap25",9,"Mb-104","ABR33","M. x gig",1,TRUE
"DM","Overlap25",9,"Mb-1040_17","ABR33","M. sacchariflorus",1,TRUE
"DM","Overlap25",9,"Mb-1043_32","ABR33","M. sacchariflorus",1,TRUE
"DM","Overlap25",9,"Mb-1044_50","ABR33","M. sacchariflorus",0,TRUE
"DM","Overlap25",9,"Mb-1056_31","ABR33","M. sacchariflorus",0,TRUE
"DM","Overlap25",9,"Mb-1067_18","ABR33","M. sacchariflorus",1,TRUE
"DM","Overlap25",9,"Mb-1086_54","ABR33","M. x gig",1,TRUE
"DM","Overlap25",9,"Mb-109","ABR33","M. sinensis",1,TRUE
"DM","Overlap25",9,"Mb-110","ABR33","M. sinensis",1,TRUE
"DM","Overlap25",9,"Mb-111","ABR33","M. sinensis",1,TRUE
"DM","Overlap25",9,"Mb-113","ABR33","M. sinensis",1,TRUE
"DM","Overlap25",9,"Mb-1130_51","ABR33","M. x gig",1,TRUE
"DM","Overlap25",9,"Mb-1132_52","ABR33","M. x gig",1,TRUE
"DM","Overlap25",9,"Mb-1139_19","ABR33","M. sinensis",1,TRUE
"DM","Overlap25",9,"Mb-1147_12","ABR33","M. sinensis",1,TRUE
"DM","Overlap25",9,"Mb-115","ABR33","M. sinensis",1,TRUE
"DM","Overlap25",9,"Mb-1153_20","ABR33","M. sinensis",1,TRUE
"DM","Overlap25",9,"Mb-1155_33","ABR33","M. sacchariflorus",1,TRUE
"DM","Overlap25",9,"Mb-1156_13","ABR33","M. sinensis",1,TRUE
"DM","Overlap25",9,"Mb-1162_20","ABR33","M. sacchariflorus",0,TRUE
"DM","Overlap25",9,"Mb-1182_16","ABR33","M. sinensis",1,TRUE
"DM","Overlap25",9,"Mb-1205_12","ABR33","M. sinensis",0,TRUE
"DM","Overlap25",9,"Mb-1231_18","ABR33","M. sinensis",1,TRUE
"DM","Overlap25",9,"Mb-1238_1","ABR33","M. sinensis",1,TRUE
"DM","Overlap25",9,"Mb-1261_15","ABR33","M. sacchariflorus",1,TRUE
"DM","Overlap25",9,"Mb-1353_14","ABR33","M. sacchariflorus",1,TRUE
"DM","Overlap25",9,"Mb-14","ABR33","M. sinensis",0,TRUE
"DM","Overlap25",9,"Mb-140","ABR33","M. sacchariflorus",1,TRUE
"DM","Overlap25",9,"Mb-142","ABR33","M. sacchariflorus",0,TRUE
"DM","Overlap25",9,"Mb-144","ABR33","M. sacchariflorus",1,TRUE
"DM","Overlap25",9,"Mb-146","ABR33","M. sacchariflorus",1,TRUE
"DM","Overlap25",9,"Mb-147","ABR33","M. x gig",1,TRUE
"DM","Overlap25",9,"Mb-148","ABR33","M. x gig",1,TRUE
"DM","Overlap25",9,"Mb-1485_42","ABR33","M. x gig",1,TRUE
"DM","Overlap25",9,"Mb-1486_1","ABR33","M. x gig",1,TRUE
"DM","Overlap25",9,"Mb-149","ABR33","M. x gig",0,TRUE
"DM","Overlap25",9,"Mb-166","ABR33","M. sacchariflorus",0,TRUE
"DM","Overlap25",9,"Mb-167","ABR33","M. sinensis",1,TRUE
"DM","Overlap25",9,"Mb-177","ABR33","M. sacchariflorus",0,TRUE
"DM","Overlap25",9,"Mb-188","ABR33","M. x gig",1,TRUE
"DM","Overlap25",9,"Mb-2","ABR33","M. sinensis",0,TRUE
"DM","Overlap25",9,"Mb-221","ABR33","M. sinensis",0,TRUE
"DM","Overlap25",9,"Mb-226","ABR33","M. sacchariflorus",0,TRUE
"DM","Overlap25",9,"Mb-229","ABR33","M. sinensis",0,TRUE
"DM","Overlap25",9,"Mb-255","ABR33","M. sinensis",1,TRUE
"DM","Overlap25",9,"Mb-272","ABR33","M. sacchariflorus",1,TRUE
"DM","Overlap25",9,"Mb-297","ABR33","M. sacchariflorus",1,TRUE
"DM","Overlap25",9,"Mb-3","ABR33","M. sinensis",1,TRUE
"DM","Overlap25",9,"Mb-306","ABR33","M. sinensis",1,TRUE
"DM","Overlap25",9,"Mb-307","ABR33","M. x gig",1,TRUE
"DM","Overlap25",9,"Mb-308","ABR33","M. x gig",1,TRUE
"DM","Overlap25",9,"Mb-309","ABR33","M. x gig",1,TRUE
"DM","Overlap25",9,"Mb-31","ABR33","M. sinensis",1,TRUE
"DM","Overlap25",9,"Mb-310","ABR33","M. x gig",1,TRUE
"DM","Overlap25",9,"Mb-35","ABR33","M. sinensis",1,TRUE
"DM","Overlap25",9,"Mb-353","ABR33","M. sacchariflorus",1,TRUE
"DM","Overlap25",9,"Mb-37","ABR33","M. sinensis",1,TRUE
"DM","Overlap25",9,"Mb-383_1","ABR33","M. sacchariflorus",0,TRUE
"DM","Overlap25",9,"Mb-391","ABR33","M. sacchariflorus",1,TRUE
"DM","Overlap25",9,"Mb-393_1","ABR33","M. sacchariflorus",1,TRUE
"DM","Overlap25",9,"Mb-397","ABR33","M. sacchariflorus",1,TRUE
"DM","Overlap25",9,"Mb-399","ABR33","M. sacchariflorus",1,TRUE
"DM","Overlap25",9,"Mb-401","ABR33","M. sacchariflorus",1,TRUE
"DM","Overlap25",9,"Mb-411","ABR33","M. sacchariflorus",1,TRUE
"DM","Overlap25",9,"Mb-416","ABR33","M. sacchariflorus",1,TRUE
"DM","Overlap25",9,"Mb-425_1","ABR33","M. sacchariflorus",0,TRUE
"DM","Overlap25",9,"Mb-427_1","ABR33","M. sacchariflorus",1,TRUE
"DM","Overlap25",9,"Mb-431_1","ABR33","M. sacchariflorus",1,TRUE
"DM","Overlap25",9,"Mb-434_1","ABR33","M. sinensis",0,TRUE
"DM","Overlap25",9,"Mb-485_1","ABR33","M. sacchariflorus",1,TRUE
"DM","Overlap25",9,"Mb-486","ABR33","M. sacchariflorus",1,TRUE
"DM","Overlap25",9,"Mb-488_15","ABR33","M. sacchariflorus",1,TRUE
"DM","Overlap25",9,"Mb-490_10","ABR33","M. sacchariflorus",1,TRUE
"DM","Overlap25",9,"Mb-494_1","ABR33","M. sacchariflorus",1,TRUE
"DM","Overlap25",9,"Mb-498_1","ABR33","M. sacchariflorus",1,TRUE
"DM","Overlap25",9,"Mb-502_1","ABR33","M. sacchariflorus",1,TRUE
"DM","Overlap25",9,"Mb-505_1","ABR33","M. sacchariflorus",1,TRUE
"DM","Overlap25",9,"Mb-508","ABR33","M. sacchariflorus",1,TRUE
"DM","Overlap25",9,"Mb-526_13","ABR33","M. sinensis",0,TRUE
"DM","Overlap25",9,"Mb-527_1","ABR33","M. sinensis",1,TRUE
"DM","Overlap25",9,"Mb-533_1","ABR33","M. sinensis",1,TRUE
"DM","Overlap25",9,"Mb-539_1","ABR33","M. sinensis",1,TRUE
"DM","Overlap25",9,"Mb-585_1","ABR33","M. sinensis",1,TRUE
"DM","Overlap25",9,"Mb-628_1","ABR33","M. sacchariflorus",0,TRUE
"DM","Overlap25",9,"Mb-70","ABR33","M. sinensis",1,TRUE
"DM","Overlap25",9,"Mb-72","ABR33","M. x gig",1,TRUE
"DM","Overlap25",9,"Mb-74","ABR33","M. sinensis",1,TRUE
"DM","Overlap25",9,"Mb-76","ABR33","M. sacchariflorus",1,TRUE
"DM","Overlap25",9,"Mb-770_18","ABR33","M. sacchariflorus",1,TRUE
"DM","Overlap25",9,"Mb-779_14","ABR33","M. sacchariflorus",0,TRUE
"DM","Overlap25",9,"Mb-787_13","ABR33","M. sacchariflorus",1,TRUE
"DM","Overlap25",9,"Mb-810_11","ABR33","M. sacchariflorus",1,TRUE
"DM","Overlap25",9,"Mb-819_19","ABR33","M. sacchariflorus",1,TRUE
"DM","Overlap25",9,"Mb-851_1","ABR33","M. sinensis",1,TRUE
"DM","Overlap25",9,"Mb-86","ABR33","M. sinensis",1,TRUE
"DM","Overlap25",9,"Mb-884_1","ABR33","M. sacchariflorus",1,TRUE
"DM","Overlap25",9,"Mb-893_11","ABR33","M. sinensis",1,TRUE
"DM","Overlap25",9,"Mb-9","ABR33","M. sinensis",1,TRUE
"DM","Overlap25",9,"Mb-910_11","ABR33","M. sinensis",0,TRUE
"DM","Overlap25",9,"Mb-913_17","ABR33","M. sacchariflorus",1,TRUE
"DM","Overlap25",9,"Mb-914_13","ABR33","M. sinensis",1,TRUE
"DM","Overlap25",9,"Mb-928_18","ABR33","M. sinensis",1,TRUE
"DM","Overlap25",9,"Mb-930","ABR33","M. sinensis",1,TRUE
"DM","Overlap25",9,"Mb-931_12","ABR33","M. sinensis",1,TRUE
"DM","Overlap25",9,"Mb-933_11","ABR33","M. sinensis",1,TRUE
"DM","Overlap25",9,"Mb-935_13","ABR33","M. sinensis",1,TRUE
"DM","Overlap25",9,"Mb-94","ABR33","M. sacchariflorus",0,TRUE
"DM","Overlap25",9,"Mb-956_19","ABR33","M. sacchariflorus",0,TRUE
"DM","Overlap25",9,"Mb-958_19","ABR33","M. sacchariflorus",1,TRUE
"DM","Overlap25",9,"Mb-960_20","ABR33","M. sinensis",1,TRUE
"DM","Overlap25",9,"Mb-961_16","ABR33","M. sacchariflorus",1,TRUE
"DM","Overlap25",9,"Mb-965_15","ABR33","M. sacchariflorus",0,TRUE
"DM","Overlap25",9,"Mb-969_18","ABR33","M. sacchariflorus",1,TRUE
"DM","Overlap25",9,"Mb-974_19","ABR33","M. sinensis",1,TRUE
"DM","Overlap25",9,"Mb-99","ABR33","M. sinensis",1,TRUE
"DM","Overlap25",9,"Mx-1548_12","ABR33","M. x gig",0,TRUE
"DM","Overlap25",9,"Mx-1915_12","ABR33","M. x gig",1,TRUE
"DM","Overlap25",9,"Mx-1932_13","ABR33","M. x gig",1,TRUE
"DM","Overlap25",9,"Mx-1933_11","ABR33","M. x gig",1,TRUE
"DM","Overlap25",9,"Mx-1956_15","ABR33","M. x gig",0,TRUE
"DM","Overlap25",9,"Mx-2446_1","ABR33","M. x gig",1,TRUE
"DM","Overlap25",9,"Mx-2470_5","ABR33","M. sacchariflorus",1,TRUE
"DM","Overlap25",9,"Mx-437_90","ABR33","M. x gig",1,TRUE
"DM","Overlap25",9,"Mb-102","JKI","M. sinensis",1,TRUE
"DM","Overlap25",9,"Mb-1037_52","JKI","M. sacchariflorus",1,TRUE
"DM","Overlap25",9,"Mb-104","JKI","M. x gig",1,TRUE
"DM","Overlap25",9,"Mb-1040_17","JKI","M. sacchariflorus",1,TRUE
"DM","Overlap25",9,"Mb-1043_32","JKI","M. sacchariflorus",1,TRUE
"DM","Overlap25",9,"Mb-1044_50","JKI","M. sacchariflorus",0,TRUE
"DM","Overlap25",9,"Mb-1056_31","JKI","M. sacchariflorus",0,TRUE
"DM","Overlap25",9,"Mb-1067_18","JKI","M. sacchariflorus",1,TRUE
"DM","Overlap25",9,"Mb-1086_54","JKI","M. x gig",1,TRUE
"DM","Overlap25",9,"Mb-109","JKI","M. sinensis",1,TRUE
"DM","Overlap25",9,"Mb-110","JKI","M. sinensis",1,TRUE
"DM","Overlap25",9,"Mb-111","JKI","M. sinensis",1,TRUE
"DM","Overlap25",9,"Mb-113","JKI","M. sinensis",1,TRUE
"DM","Overlap25",9,"Mb-1130_51","JKI","M. x gig",1,TRUE
"DM","Overlap25",9,"Mb-1132_52","JKI","M. x gig",1,TRUE
"DM","Overlap25",9,"Mb-1139_19","JKI","M. sinensis",1,FALSE
"DM","Overlap25",9,"Mb-1147_12","JKI","M. sinensis",1,TRUE
"DM","Overlap25",9,"Mb-115","JKI","M. sinensis",1,TRUE
"DM","Overlap25",9,"Mb-1153_20","JKI","M. sinensis",1,TRUE
"DM","Overlap25",9,"Mb-1155_33","JKI","M. sacchariflorus",1,TRUE
"DM","Overlap25",9,"Mb-1156_13","JKI","M. sinensis",1,TRUE
"DM","Overlap25",9,"Mb-1162_20","JKI","M. sacchariflorus",0,TRUE
"DM","Overlap25",9,"Mb-1182_16","JKI","M. sinensis",1,TRUE
"DM","Overlap25",9,"Mb-1205_12","JKI","M. sinensis",0,TRUE
"DM","Overlap25",9,"Mb-1231_18","JKI","M. sinensis",1,TRUE
"DM","Overlap25",9,"Mb-1238_1","JKI","M. sinensis",1,TRUE
"DM","Overlap25",9,"Mb-1261_15","JKI","M. sacchariflorus",1,TRUE
"DM","Overlap25",9,"Mb-1353_14","JKI","M. sacchariflorus",1,TRUE
"DM","Overlap25",9,"Mb-14","JKI","M. sinensis",0,TRUE
"DM","Overlap25",9,"Mb-140","JKI","M. sacchariflorus",1,TRUE
"DM","Overlap25",9,"Mb-142","JKI","M. sacchariflorus",0,TRUE
"DM","Overlap25",9,"Mb-144","JKI","M. sacchariflorus",1,TRUE
"DM","Overlap25",9,"Mb-146","JKI","M. sacchariflorus",1,TRUE
"DM","Overlap25",9,"Mb-147","JKI","M. x gig",1,TRUE
"DM","Overlap25",9,"Mb-148","JKI","M. x gig",1,TRUE
"DM","Overlap25",9,"Mb-1485_42","JKI","M. x gig",1,TRUE
"DM","Overlap25",9,"Mb-1486_1","JKI","M. x gig",1,TRUE
"DM","Overlap25",9,"Mb-149","JKI","M. x gig",0,TRUE
"DM","Overlap25",9,"Mb-166","JKI","M. sacchariflorus",0,TRUE
"DM","Overlap25",9,"Mb-167","JKI","M. sinensis",1,TRUE
"DM","Overlap25",9,"Mb-177","JKI","M. sacchariflorus",0,TRUE
"DM","Overlap25",9,"Mb-188","JKI","M. x gig",1,TRUE
"DM","Overlap25",9,"Mb-2","JKI","M. sinensis",0,TRUE
"DM","Overlap25",9,"Mb-221","JKI","M. sinensis",0,TRUE
"DM","Overlap25",9,"Mb-226","JKI","M. sacchariflorus",0,TRUE
"DM","Overlap25",9,"Mb-229","JKI","M. sinensis",0,TRUE
"DM","Overlap25",9,"Mb-255","JKI","M. sinensis",1,TRUE
"DM","Overlap25",9,"Mb-272","JKI","M. sacchariflorus",1,TRUE
"DM","Overlap25",9,"Mb-297","JKI","M. sacchariflorus",1,TRUE
"DM","Overlap25",9,"Mb-3","JKI","M. sinensis",1,TRUE
"DM","Overlap25",9,"Mb-306","JKI","M. sinensis",1,TRUE
"DM","Overlap25",9,"Mb-307","JKI","M. x gig",1,TRUE
"DM","Overlap25",9,"Mb-308","JKI","M. x gig",1,TRUE
"DM","Overlap25",9,"Mb-309","JKI","M. x gig",1,TRUE
"DM","Overlap25",9,"Mb-31","JKI","M. sinensis",1,TRUE
"DM","Overlap25",9,"Mb-310","JKI","M. x gig",1,TRUE
"DM","Overlap25",9,"Mb-35","JKI","M. sinensis",1,TRUE
"DM","Overlap25",9,"Mb-353","JKI","M. sacchariflorus",1,TRUE
"DM","Overlap25",9,"Mb-37","JKI","M. sinensis",1,TRUE
"DM","Overlap25",9,"Mb-383_1","JKI","M. sacchariflorus",0,TRUE
"DM","Overlap25",9,"Mb-391","JKI","M. sacchariflorus",1,TRUE
"DM","Overlap25",9,"Mb-393_1","JKI","M. sacchariflorus",1,TRUE
"DM","Overlap25",9,"Mb-397","JKI","M. sacchariflorus",1,TRUE
"DM","Overlap25",9,"Mb-399","JKI","M. sacchariflorus",1,TRUE
"DM","Overlap25",9,"Mb-401","JKI","M. sacchariflorus",1,TRUE
"DM","Overlap25",9,"Mb-411","JKI","M. sacchariflorus",1,TRUE
"DM","Overlap25",9,"Mb-416","JKI","M. sacchariflorus",1,TRUE
"DM","Overlap25",9,"Mb-425_1","JKI","M. sacchariflorus",0,TRUE
"DM","Overlap25",9,"Mb-427_1","JKI","M. sacchariflorus",1,TRUE
"DM","Overlap25",9,"Mb-431_1","JKI","M. sacchariflorus",1,TRUE
"DM","Overlap25",9,"Mb-434_1","JKI","M. sinensis",0,TRUE
"DM","Overlap25",9,"Mb-485_1","JKI","M. sacchariflorus",1,TRUE
"DM","Overlap25",9,"Mb-486","JKI","M. sacchariflorus",1,TRUE
"DM","Overlap25",9,"Mb-488_15","JKI","M. sacchariflorus",1,TRUE
"DM","Overlap25",9,"Mb-490_10","JKI","M. sacchariflorus",1,TRUE
"DM","Overlap25",9,"Mb-494_1","JKI","M. sacchariflorus",1,TRUE
"DM","Overlap25",9,"Mb-498_1","JKI","M. sacchariflorus",1,TRUE
"DM","Overlap25",9,"Mb-502_1","JKI","M. sacchariflorus",1,TRUE
"DM","Overlap25",9,"Mb-505_1","JKI","M. sacchariflorus",1,TRUE
"DM","Overlap25",9,"Mb-508","JKI","M. sacchariflorus",1,TRUE
"DM","Overlap25",9,"Mb-526_13","JKI","M. sinensis",0,TRUE
"DM","Overlap25",9,"Mb-527_1","JKI","M. sinensis",1,TRUE
"DM","Overlap25",9,"Mb-533_1","JKI","M. sinensis",1,TRUE
"DM","Overlap25",9,"Mb-539_1","JKI","M. sinensis",1,TRUE
"DM","Overlap25",9,"Mb-585_1","JKI","M. sinensis",1,TRUE
"DM","Overlap25",9,"Mb-628_1","JKI","M. sacchariflorus",0,TRUE
"DM","Overlap25",9,"Mb-70","JKI","M. sinensis",1,TRUE
"DM","Overlap25",9,"Mb-72","JKI","M. x gig",1,TRUE
"DM","Overlap25",9,"Mb-74","JKI","M. sinensis",1,TRUE
"DM","Overlap25",9,"Mb-76","JKI","M. sacchariflorus",1,TRUE
"DM","Overlap25",9,"Mb-770_18","JKI","M. sacchariflorus",1,TRUE
"DM","Overlap25",9,"Mb-779_14","JKI","M. sacchariflorus",0,TRUE
"DM","Overlap25",9,"Mb-787_13","JKI","M. sacchariflorus",1,TRUE
"DM","Overlap25",9,"Mb-810_11","JKI","M. sacchariflorus",1,TRUE
"DM","Overlap25",9,"Mb-819_19","JKI","M. sacchariflorus",1,TRUE
"DM","Overlap25",9,"Mb-851_1","JKI","M. sinensis",1,TRUE
"DM","Overlap25",9,"Mb-86","JKI","M. sinensis",1,TRUE
"DM","Overlap25",9,"Mb-884_1","JKI","M. sacchariflorus",1,TRUE
"DM","Overlap25",9,"Mb-893_11","JKI","M. sinensis",1,TRUE
"DM","Overlap25",9,"Mb-9","JKI","M. sinensis",1,TRUE
"DM","Overlap25",9,"Mb-910_11","JKI","M. sinensis",0,TRUE
"DM","Overlap25",9,"Mb-913_17","JKI","M. sacchariflorus",1,TRUE
"DM","Overlap25",9,"Mb-914_13","JKI","M. sinensis",1,TRUE
"DM","Overlap25",9,"Mb-928_18","JKI","M. sinensis",1,TRUE
"DM","Overlap25",9,"Mb-930","JKI","M. sinensis",1,TRUE
"DM","Overlap25",9,"Mb-931_12","JKI","M. sinensis",1,TRUE
"DM","Overlap25",9,"Mb-933_11","JKI","M. sinensis",1,TRUE
"DM","Overlap25",9,"Mb-935_13","JKI","M. sinensis",1,TRUE
"DM","Overlap25",9,"Mb-94","JKI","M. sacchariflorus",0,TRUE
"DM","Overlap25",9,"Mb-956_19","JKI","M. sacchariflorus",0,TRUE
"DM","Overlap25",9,"Mb-958_19","JKI","M. sacchariflorus",1,TRUE
"DM","Overlap25",9,"Mb-960_20","JKI","M. sinensis",1,TRUE
"DM","Overlap25",9,"Mb-961_16","JKI","M. sacchariflorus",1,TRUE
"DM","Overlap25",9,"Mb-965_15","JKI","M. sacchariflorus",0,TRUE
"DM","Overlap25",9,"Mb-969_18","JKI","M. sacchariflorus",1,TRUE
"DM","Overlap25",9,"Mb-974_19","JKI","M. sinensis",1,TRUE
"DM","Overlap25",9,"Mb-99","JKI","M. sinensis",1,TRUE
"DM","Overlap25",9,"Mx-1548_12","JKI","M. x gig",0,TRUE
"DM","Overlap25",9,"Mx-1915_12","JKI","M. x gig",1,TRUE
"DM","Overlap25",9,"Mx-1932_13","JKI","M. x gig",1,TRUE
"DM","Overlap25",9,"Mx-1933_11","JKI","M. x gig",1,TRUE
"DM","Overlap25",9,"Mx-1956_15","JKI","M. x gig",0,TRUE
"DM","Overlap25",9,"Mx-2446_1","JKI","M. x gig",1,TRUE
"DM","Overlap25",9,"Mx-2470_5","JKI","M. sacchariflorus",1,TRUE
"DM","Overlap25",9,"Mx-437_90","JKI","M. x gig",1,TRUE
"DM","Overlap25",10,"Mb-102","ABR33","M. sinensis",1,TRUE
"DM","Overlap25",10,"Mb-1037_52","ABR33","M. sacchariflorus",0,TRUE
"DM","Overlap25",10,"Mb-104","ABR33","M. x gig",1,TRUE
"DM","Overlap25",10,"Mb-1040_17","ABR33","M. sacchariflorus",1,TRUE
"DM","Overlap25",10,"Mb-1043_32","ABR33","M. sacchariflorus",1,TRUE
"DM","Overlap25",10,"Mb-1044_50","ABR33","M. sacchariflorus",1,TRUE
"DM","Overlap25",10,"Mb-1056_31","ABR33","M. sacchariflorus",1,TRUE
"DM","Overlap25",10,"Mb-1067_18","ABR33","M. sacchariflorus",1,TRUE
"DM","Overlap25",10,"Mb-1086_54","ABR33","M. x gig",1,TRUE
"DM","Overlap25",10,"Mb-109","ABR33","M. sinensis",1,TRUE
"DM","Overlap25",10,"Mb-110","ABR33","M. sinensis",1,TRUE
"DM","Overlap25",10,"Mb-111","ABR33","M. sinensis",1,TRUE
"DM","Overlap25",10,"Mb-113","ABR33","M. sinensis",1,TRUE
"DM","Overlap25",10,"Mb-1130_51","ABR33","M. x gig",0,TRUE
"DM","Overlap25",10,"Mb-1132_52","ABR33","M. x gig",1,TRUE
"DM","Overlap25",10,"Mb-1139_19","ABR33","M. sinensis",1,TRUE
"DM","Overlap25",10,"Mb-1147_12","ABR33","M. sinensis",1,TRUE
"DM","Overlap25",10,"Mb-115","ABR33","M. sinensis",1,TRUE
"DM","Overlap25",10,"Mb-1153_20","ABR33","M. sinensis",1,TRUE
"DM","Overlap25",10,"Mb-1155_33","ABR33","M. sacchariflorus",0,TRUE
"DM","Overlap25",10,"Mb-1156_13","ABR33","M. sinensis",0,TRUE
"DM","Overlap25",10,"Mb-1162_20","ABR33","M. sacchariflorus",1,TRUE
"DM","Overlap25",10,"Mb-1182_16","ABR33","M. sinensis",1,TRUE
"DM","Overlap25",10,"Mb-1205_12","ABR33","M. sinensis",1,TRUE
"DM","Overlap25",10,"Mb-1231_18","ABR33","M. sinensis",1,TRUE
"DM","Overlap25",10,"Mb-1238_1","ABR33","M. sinensis",1,TRUE
"DM","Overlap25",10,"Mb-1261_15","ABR33","M. sacchariflorus",1,TRUE
"DM","Overlap25",10,"Mb-1353_14","ABR33","M. sacchariflorus",1,TRUE
"DM","Overlap25",10,"Mb-14","ABR33","M. sinensis",1,TRUE
"DM","Overlap25",10,"Mb-140","ABR33","M. sacchariflorus",1,TRUE
"DM","Overlap25",10,"Mb-142","ABR33","M. sacchariflorus",1,TRUE
"DM","Overlap25",10,"Mb-144","ABR33","M. sacchariflorus",1,TRUE
"DM","Overlap25",10,"Mb-146","ABR33","M. sacchariflorus",1,TRUE
"DM","Overlap25",10,"Mb-147","ABR33","M. x gig",0,TRUE
"DM","Overlap25",10,"Mb-148","ABR33","M. x gig",0,TRUE
"DM","Overlap25",10,"Mb-1485_42","ABR33","M. x gig",1,TRUE
"DM","Overlap25",10,"Mb-1486_1","ABR33","M. x gig",0,TRUE
"DM","Overlap25",10,"Mb-149","ABR33","M. x gig",0,TRUE
"DM","Overlap25",10,"Mb-166","ABR33","M. sacchariflorus",1,TRUE
"DM","Overlap25",10,"Mb-167","ABR33","M. sinensis",1,TRUE
"DM","Overlap25",10,"Mb-177","ABR33","M. sacchariflorus",1,TRUE
"DM","Overlap25",10,"Mb-188","ABR33","M. x gig",1,TRUE
"DM","Overlap25",10,"Mb-2","ABR33","M. sinensis",1,TRUE
"DM","Overlap25",10,"Mb-221","ABR33","M. sinensis",1,TRUE
"DM","Overlap25",10,"Mb-226","ABR33","M. sacchariflorus",1,TRUE
"DM","Overlap25",10,"Mb-229","ABR33","M. sinensis",1,TRUE
"DM","Overlap25",10,"Mb-255","ABR33","M. sinensis",1,TRUE
"DM","Overlap25",10,"Mb-272","ABR33","M. sacchariflorus",1,TRUE
"DM","Overlap25",10,"Mb-297","ABR33","M. sacchariflorus",1,TRUE
"DM","Overlap25",10,"Mb-3","ABR33","M. sinensis",0,TRUE
"DM","Overlap25",10,"Mb-306","ABR33","M. sinensis",0,TRUE
"DM","Overlap25",10,"Mb-307","ABR33","M. x gig",1,TRUE
"DM","Overlap25",10,"Mb-308","ABR33","M. x gig",1,TRUE
"DM","Overlap25",10,"Mb-309","ABR33","M. x gig",1,TRUE
"DM","Overlap25",10,"Mb-31","ABR33","M. sinensis",1,TRUE
"DM","Overlap25",10,"Mb-310","ABR33","M. x gig",1,TRUE
"DM","Overlap25",10,"Mb-35","ABR33","M. sinensis",1,TRUE
"DM","Overlap25",10,"Mb-353","ABR33","M. sacchariflorus",1,TRUE
"DM","Overlap25",10,"Mb-37","ABR33","M. sinensis",1,TRUE
"DM","Overlap25",10,"Mb-383_1","ABR33","M. sacchariflorus",1,TRUE
"DM","Overlap25",10,"Mb-391","ABR33","M. sacchariflorus",1,TRUE
"DM","Overlap25",10,"Mb-393_1","ABR33","M. sacchariflorus",1,TRUE
"DM","Overlap25",10,"Mb-397","ABR33","M. sacchariflorus",1,TRUE
"DM","Overlap25",10,"Mb-399","ABR33","M. sacchariflorus",1,TRUE
"DM","Overlap25",10,"Mb-401","ABR33","M. sacchariflorus",0,TRUE
"DM","Overlap25",10,"Mb-411","ABR33","M. sacchariflorus",1,TRUE
"DM","Overlap25",10,"Mb-416","ABR33","M. sacchariflorus",1,TRUE
"DM","Overlap25",10,"Mb-425_1","ABR33","M. sacchariflorus",1,TRUE
"DM","Overlap25",10,"Mb-427_1","ABR33","M. sacchariflorus",1,TRUE
"DM","Overlap25",10,"Mb-431_1","ABR33","M. sacchariflorus",1,TRUE
"DM","Overlap25",10,"Mb-434_1","ABR33","M. sinensis",1,TRUE
"DM","Overlap25",10,"Mb-485_1","ABR33","M. sacchariflorus",0,TRUE
"DM","Overlap25",10,"Mb-486","ABR33","M. sacchariflorus",1,TRUE
"DM","Overlap25",10,"Mb-488_15","ABR33","M. sacchariflorus",1,TRUE
"DM","Overlap25",10,"Mb-490_10","ABR33","M. sacchariflorus",0,TRUE
"DM","Overlap25",10,"Mb-494_1","ABR33","M. sacchariflorus",1,TRUE
"DM","Overlap25",10,"Mb-498_1","ABR33","M. sacchariflorus",1,TRUE
"DM","Overlap25",10,"Mb-502_1","ABR33","M. sacchariflorus",1,TRUE
"DM","Overlap25",10,"Mb-505_1","ABR33","M. sacchariflorus",1,TRUE
"DM","Overlap25",10,"Mb-508","ABR33","M. sacchariflorus",1,TRUE
"DM","Overlap25",10,"Mb-526_13","ABR33","M. sinensis",1,TRUE
"DM","Overlap25",10,"Mb-527_1","ABR33","M. sinensis",1,TRUE
"DM","Overlap25",10,"Mb-533_1","ABR33","M. sinensis",1,TRUE
"DM","Overlap25",10,"Mb-539_1","ABR33","M. sinensis",0,TRUE
"DM","Overlap25",10,"Mb-585_1","ABR33","M. sinensis",0,TRUE
"DM","Overlap25",10,"Mb-628_1","ABR33","M. sacchariflorus",1,TRUE
"DM","Overlap25",10,"Mb-70","ABR33","M. sinensis",1,TRUE
"DM","Overlap25",10,"Mb-72","ABR33","M. x gig",0,TRUE
"DM","Overlap25",10,"Mb-74","ABR33","M. sinensis",1,TRUE
"DM","Overlap25",10,"Mb-76","ABR33","M. sacchariflorus",1,TRUE
"DM","Overlap25",10,"Mb-770_18","ABR33","M. sacchariflorus",1,TRUE
"DM","Overlap25",10,"Mb-779_14","ABR33","M. sacchariflorus",1,TRUE
"DM","Overlap25",10,"Mb-787_13","ABR33","M. sacchariflorus",1,TRUE
"DM","Overlap25",10,"Mb-810_11","ABR33","M. sacchariflorus",0,TRUE
"DM","Overlap25",10,"Mb-819_19","ABR33","M. sacchariflorus",1,TRUE
"DM","Overlap25",10,"Mb-851_1","ABR33","M. sinensis",0,TRUE
"DM","Overlap25",10,"Mb-86","ABR33","M. sinensis",1,TRUE
"DM","Overlap25",10,"Mb-884_1","ABR33","M. sacchariflorus",1,TRUE
"DM","Overlap25",10,"Mb-893_11","ABR33","M. sinensis",1,TRUE
"DM","Overlap25",10,"Mb-9","ABR33","M. sinensis",1,TRUE
"DM","Overlap25",10,"Mb-910_11","ABR33","M. sinensis",1,TRUE
"DM","Overlap25",10,"Mb-913_17","ABR33","M. sacchariflorus",1,TRUE
"DM","Overlap25",10,"Mb-914_13","ABR33","M. sinensis",1,TRUE
"DM","Overlap25",10,"Mb-928_18","ABR33","M. sinensis",1,TRUE
"DM","Overlap25",10,"Mb-930","ABR33","M. sinensis",1,TRUE
"DM","Overlap25",10,"Mb-931_12","ABR33","M. sinensis",0,TRUE
"DM","Overlap25",10,"Mb-933_11","ABR33","M. sinensis",0,TRUE
"DM","Overlap25",10,"Mb-935_13","ABR33","M. sinensis",0,TRUE
"DM","Overlap25",10,"Mb-94","ABR33","M. sacchariflorus",1,TRUE
"DM","Overlap25",10,"Mb-956_19","ABR33","M. sacchariflorus",1,TRUE
"DM","Overlap25",10,"Mb-958_19","ABR33","M. sacchariflorus",1,TRUE
"DM","Overlap25",10,"Mb-960_20","ABR33","M. sinensis",0,TRUE
"DM","Overlap25",10,"Mb-961_16","ABR33","M. sacchariflorus",0,TRUE
"DM","Overlap25",10,"Mb-965_15","ABR33","M. sacchariflorus",1,TRUE
"DM","Overlap25",10,"Mb-969_18","ABR33","M. sacchariflorus",1,TRUE
"DM","Overlap25",10,"Mb-974_19","ABR33","M. sinensis",0,TRUE
"DM","Overlap25",10,"Mb-99","ABR33","M. sinensis",1,TRUE
"DM","Overlap25",10,"Mx-1548_12","ABR33","M. x gig",1,TRUE
"DM","Overlap25",10,"Mx-1915_12","ABR33","M. x gig",1,TRUE
"DM","Overlap25",10,"Mx-1932_13","ABR33","M. x gig",1,TRUE
"DM","Overlap25",10,"Mx-1933_11","ABR33","M. x gig",1,TRUE
"DM","Overlap25",10,"Mx-1956_15","ABR33","M. x gig",1,TRUE
"DM","Overlap25",10,"Mx-2446_1","ABR33","M. x gig",0,TRUE
"DM","Overlap25",10,"Mx-2470_5","ABR33","M. sacchariflorus",1,TRUE
"DM","Overlap25",10,"Mx-437_90","ABR33","M. x gig",1,TRUE
"DM","Overlap25",10,"Mb-102","JKI","M. sinensis",1,TRUE
"DM","Overlap25",10,"Mb-1037_52","JKI","M. sacchariflorus",0,TRUE
"DM","Overlap25",10,"Mb-104","JKI","M. x gig",1,TRUE
"DM","Overlap25",10,"Mb-1040_17","JKI","M. sacchariflorus",1,TRUE
"DM","Overlap25",10,"Mb-1043_32","JKI","M. sacchariflorus",1,TRUE
"DM","Overlap25",10,"Mb-1044_50","JKI","M. sacchariflorus",1,TRUE
"DM","Overlap25",10,"Mb-1056_31","JKI","M. sacchariflorus",1,TRUE
"DM","Overlap25",10,"Mb-1067_18","JKI","M. sacchariflorus",1,TRUE
"DM","Overlap25",10,"Mb-1086_54","JKI","M. x gig",1,TRUE
"DM","Overlap25",10,"Mb-109","JKI","M. sinensis",1,TRUE
"DM","Overlap25",10,"Mb-110","JKI","M. sinensis",1,TRUE
"DM","Overlap25",10,"Mb-111","JKI","M. sinensis",1,TRUE
"DM","Overlap25",10,"Mb-113","JKI","M. sinensis",1,TRUE
"DM","Overlap25",10,"Mb-1130_51","JKI","M. x gig",0,TRUE
"DM","Overlap25",10,"Mb-1132_52","JKI","M. x gig",1,TRUE
"DM","Overlap25",10,"Mb-1139_19","JKI","M. sinensis",1,FALSE
"DM","Overlap25",10,"Mb-1147_12","JKI","M. sinensis",1,TRUE
"DM","Overlap25",10,"Mb-115","JKI","M. sinensis",1,TRUE
"DM","Overlap25",10,"Mb-1153_20","JKI","M. sinensis",1,TRUE
"DM","Overlap25",10,"Mb-1155_33","JKI","M. sacchariflorus",0,TRUE
"DM","Overlap25",10,"Mb-1156_13","JKI","M. sinensis",0,TRUE
"DM","Overlap25",10,"Mb-1162_20","JKI","M. sacchariflorus",1,TRUE
"DM","Overlap25",10,"Mb-1182_16","JKI","M. sinensis",1,TRUE
"DM","Overlap25",10,"Mb-1205_12","JKI","M. sinensis",1,TRUE
"DM","Overlap25",10,"Mb-1231_18","JKI","M. sinensis",1,TRUE
"DM","Overlap25",10,"Mb-1238_1","JKI","M. sinensis",1,TRUE
"DM","Overlap25",10,"Mb-1261_15","JKI","M. sacchariflorus",1,TRUE
"DM","Overlap25",10,"Mb-1353_14","JKI","M. sacchariflorus",1,TRUE
"DM","Overlap25",10,"Mb-14","JKI","M. sinensis",1,TRUE
"DM","Overlap25",10,"Mb-140","JKI","M. sacchariflorus",1,TRUE
"DM","Overlap25",10,"Mb-142","JKI","M. sacchariflorus",1,TRUE
"DM","Overlap25",10,"Mb-144","JKI","M. sacchariflorus",1,TRUE
"DM","Overlap25",10,"Mb-146","JKI","M. sacchariflorus",1,TRUE
"DM","Overlap25",10,"Mb-147","JKI","M. x gig",0,TRUE
"DM","Overlap25",10,"Mb-148","JKI","M. x gig",0,TRUE
"DM","Overlap25",10,"Mb-1485_42","JKI","M. x gig",1,TRUE
"DM","Overlap25",10,"Mb-1486_1","JKI","M. x gig",0,TRUE
"DM","Overlap25",10,"Mb-149","JKI","M. x gig",0,TRUE
"DM","Overlap25",10,"Mb-166","JKI","M. sacchariflorus",1,TRUE
"DM","Overlap25",10,"Mb-167","JKI","M. sinensis",1,TRUE
"DM","Overlap25",10,"Mb-177","JKI","M. sacchariflorus",1,TRUE
"DM","Overlap25",10,"Mb-188","JKI","M. x gig",1,TRUE
"DM","Overlap25",10,"Mb-2","JKI","M. sinensis",1,TRUE
"DM","Overlap25",10,"Mb-221","JKI","M. sinensis",1,TRUE
"DM","Overlap25",10,"Mb-226","JKI","M. sacchariflorus",1,TRUE
"DM","Overlap25",10,"Mb-229","JKI","M. sinensis",1,TRUE
"DM","Overlap25",10,"Mb-255","JKI","M. sinensis",1,TRUE
"DM","Overlap25",10,"Mb-272","JKI","M. sacchariflorus",1,TRUE
"DM","Overlap25",10,"Mb-297","JKI","M. sacchariflorus",1,TRUE
"DM","Overlap25",10,"Mb-3","JKI","M. sinensis",0,TRUE
"DM","Overlap25",10,"Mb-306","JKI","M. sinensis",0,TRUE
"DM","Overlap25",10,"Mb-307","JKI","M. x gig",1,TRUE
"DM","Overlap25",10,"Mb-308","JKI","M. x gig",1,TRUE
"DM","Overlap25",10,"Mb-309","JKI","M. x gig",1,TRUE
"DM","Overlap25",10,"Mb-31","JKI","M. sinensis",1,TRUE
"DM","Overlap25",10,"Mb-310","JKI","M. x gig",1,TRUE
"DM","Overlap25",10,"Mb-35","JKI","M. sinensis",1,TRUE
"DM","Overlap25",10,"Mb-353","JKI","M. sacchariflorus",1,TRUE
"DM","Overlap25",10,"Mb-37","JKI","M. sinensis",1,TRUE
"DM","Overlap25",10,"Mb-383_1","JKI","M. sacchariflorus",1,TRUE
"DM","Overlap25",10,"Mb-391","JKI","M. sacchariflorus",1,TRUE
"DM","Overlap25",10,"Mb-393_1","JKI","M. sacchariflorus",1,TRUE
"DM","Overlap25",10,"Mb-397","JKI","M. sacchariflorus",1,TRUE
"DM","Overlap25",10,"Mb-399","JKI","M. sacchariflorus",1,TRUE
"DM","Overlap25",10,"Mb-401","JKI","M. sacchariflorus",0,TRUE
"DM","Overlap25",10,"Mb-411","JKI","M. sacchariflorus",1,TRUE
"DM","Overlap25",10,"Mb-416","JKI","M. sacchariflorus",1,TRUE
"DM","Overlap25",10,"Mb-425_1","JKI","M. sacchariflorus",1,TRUE
"DM","Overlap25",10,"Mb-427_1","JKI","M. sacchariflorus",1,TRUE
"DM","Overlap25",10,"Mb-431_1","JKI","M. sacchariflorus",1,TRUE
"DM","Overlap25",10,"Mb-434_1","JKI","M. sinensis",1,TRUE
"DM","Overlap25",10,"Mb-485_1","JKI","M. sacchariflorus",0,TRUE
"DM","Overlap25",10,"Mb-486","JKI","M. sacchariflorus",1,TRUE
"DM","Overlap25",10,"Mb-488_15","JKI","M. sacchariflorus",1,TRUE
"DM","Overlap25",10,"Mb-490_10","JKI","M. sacchariflorus",0,TRUE
"DM","Overlap25",10,"Mb-494_1","JKI","M. sacchariflorus",1,TRUE
"DM","Overlap25",10,"Mb-498_1","JKI","M. sacchariflorus",1,TRUE
"DM","Overlap25",10,"Mb-502_1","JKI","M. sacchariflorus",1,TRUE
"DM","Overlap25",10,"Mb-505_1","JKI","M. sacchariflorus",1,TRUE
"DM","Overlap25",10,"Mb-508","JKI","M. sacchariflorus",1,TRUE
"DM","Overlap25",10,"Mb-526_13","JKI","M. sinensis",1,TRUE
"DM","Overlap25",10,"Mb-527_1","JKI","M. sinensis",1,TRUE
"DM","Overlap25",10,"Mb-533_1","JKI","M. sinensis",1,TRUE
"DM","Overlap25",10,"Mb-539_1","JKI","M. sinensis",0,TRUE
"DM","Overlap25",10,"Mb-585_1","JKI","M. sinensis",0,TRUE
"DM","Overlap25",10,"Mb-628_1","JKI","M. sacchariflorus",1,TRUE
"DM","Overlap25",10,"Mb-70","JKI","M. sinensis",1,TRUE
"DM","Overlap25",10,"Mb-72","JKI","M. x gig",0,TRUE
"DM","Overlap25",10,"Mb-74","JKI","M. sinensis",1,TRUE
"DM","Overlap25",10,"Mb-76","JKI","M. sacchariflorus",1,TRUE
"DM","Overlap25",10,"Mb-770_18","JKI","M. sacchariflorus",1,TRUE
"DM","Overlap25",10,"Mb-779_14","JKI","M. sacchariflorus",1,TRUE
"DM","Overlap25",10,"Mb-787_13","JKI","M. sacchariflorus",1,TRUE
"DM","Overlap25",10,"Mb-810_11","JKI","M. sacchariflorus",0,TRUE
"DM","Overlap25",10,"Mb-819_19","JKI","M. sacchariflorus",1,TRUE
"DM","Overlap25",10,"Mb-851_1","JKI","M. sinensis",0,TRUE
"DM","Overlap25",10,"Mb-86","JKI","M. sinensis",1,TRUE
"DM","Overlap25",10,"Mb-884_1","JKI","M. sacchariflorus",1,TRUE
"DM","Overlap25",10,"Mb-893_11","JKI","M. sinensis",1,TRUE
"DM","Overlap25",10,"Mb-9","JKI","M. sinensis",1,TRUE
"DM","Overlap25",10,"Mb-910_11","JKI","M. sinensis",1,TRUE
"DM","Overlap25",10,"Mb-913_17","JKI","M. sacchariflorus",1,TRUE
"DM","Overlap25",10,"Mb-914_13","JKI","M. sinensis",1,TRUE
"DM","Overlap25",10,"Mb-928_18","JKI","M. sinensis",1,TRUE
"DM","Overlap25",10,"Mb-930","JKI","M. sinensis",1,TRUE
"DM","Overlap25",10,"Mb-931_12","JKI","M. sinensis",0,TRUE
"DM","Overlap25",10,"Mb-933_11","JKI","M. sinensis",0,TRUE
"DM","Overlap25",10,"Mb-935_13","JKI","M. sinensis",0,TRUE
"DM","Overlap25",10,"Mb-94","JKI","M. sacchariflorus",1,TRUE
"DM","Overlap25",10,"Mb-956_19","JKI","M. sacchariflorus",1,TRUE
"DM","Overlap25",10,"Mb-958_19","JKI","M. sacchariflorus",1,TRUE
"DM","Overlap25",10,"Mb-960_20","JKI","M. sinensis",0,TRUE
"DM","Overlap25",10,"Mb-961_16","JKI","M. sacchariflorus",0,TRUE
"DM","Overlap25",10,"Mb-965_15","JKI","M. sacchariflorus",1,TRUE
"DM","Overlap25",10,"Mb-969_18","JKI","M. sacchariflorus",1,TRUE
"DM","Overlap25",10,"Mb-974_19","JKI","M. sinensis",0,TRUE
"DM","Overlap25",10,"Mb-99","JKI","M. sinensis",1,TRUE
"DM","Overlap25",10,"Mx-1548_12","JKI","M. x gig",1,TRUE
"DM","Overlap25",10,"Mx-1915_12","JKI","M. x gig",1,TRUE
"DM","Overlap25",10,"Mx-1932_13","JKI","M. x gig",1,TRUE
"DM","Overlap25",10,"Mx-1933_11","JKI","M. x gig",1,TRUE
"DM","Overlap25",10,"Mx-1956_15","JKI","M. x gig",1,TRUE
"DM","Overlap25",10,"Mx-2446_1","JKI","M. x gig",0,TRUE
"DM","Overlap25",10,"Mx-2470_5","JKI","M. sacchariflorus",1,TRUE
"DM","Overlap25",10,"Mx-437_90","JKI","M. x gig",1,TRUE
