"combo","k_envs","design","s","n","unique_lines","total_plots","rep","trait","model","predictive_ability"
"Aber-2015|Aber-2016",2,"A",0,20,40,40,1,"DM","M1",0.638562316044543
"Aber-2015|Brau-2014",2,"A",0,20,40,40,1,"DM","M1",0.538020122310597
"Aber-2015|Brau-2015",2,"A",0,20,40,40,1,"DM","M1",0.452124461018988
"Aber-2015|Brau-2016",2,"A",0,20,40,40,1,"DM","M1",0.498667443692093
"Aber-2016|Brau-2014",2,"A",0,20,40,40,1,"DM","M1",0.243501304337056
"Aber-2016|Brau-2015",2,"A",0,20,40,40,1,"DM","M1",0.467989785337935
"Aber-2016|Brau-2016",2,"A",0,20,40,40,1,"DM","M1",0.487672510638247
"Brau-2014|Brau-2015",2,"A",0,20,40,40,1,"DM","M1",0.481295151876525
"Brau-2014|Brau-2016",2,"A",0,20,40,40,1,"DM","M1",0.421098341386074
"Brau-2015|Brau-2016",2,"A",0,20,40,40,1,"DM","M1",0.488761312768617
"Aber-2015|Aber-2016",2,"B",10,15,40,50,1,"DM","M1",0.571271980069455
"Aber-2015|Brau-2014",2,"B",10,15,40,50,1,"DM","M1",0.497181212594756
"Aber-2015|Brau-2015",2,"B",10,15,40,50,1,"DM","M1",0.515512835242872
"Aber-2015|Brau-2016",2,"B",10,15,40,50,1,"DM","M1",0.452398465865057
"Aber-2016|Brau-2014",2,"B",10,15,40,50,1,"DM","M1",0.401962218757812
"Aber-2016|Brau-2015",2,"B",10,15,40,50,1,"DM","M1",0.502552744824567
"Aber-2016|Brau-2016",2,"B",10,15,40,50,1,"DM","M1",0.387827789603891
"Brau-2014|Brau-2015",2,"B",10,15,40,50,1,"DM","M1",0.562257471789827
"Brau-2014|Brau-2016",2,"B",10,15,40,50,1,"DM","M1",0.473590632450264
"Brau-2015|Brau-2016",2,"B",10,15,40,50,1,"DM","M1",0.509795184586506
"Aber-2015|Aber-2016",2,"C",20,10,40,60,1,"DM","M1",0.530874231925576
"Aber-2015|Brau-2014",2,"C",20,10,40,60,1,"DM","M1",0.442792655098568
"Aber-2015|Brau-2015",2,"C",20,10,40,60,1,"DM","M1",0.540103941875581
"Aber-2015|Brau-2016",2,"C",20,10,40,60,1,"DM","M1",0.4741321530067
"Aber-2016|Brau-2014",2,"C",20,10,40,60,1,"DM","M1",0.360728435985157
"Aber-2016|Brau-2015",2,"C",20,10,40,60,1,"DM","M1",0.488629080967338
"Aber-2016|Brau-2016",2,"C",20,10,40,60,1,"DM","M1",0.419785354282687
"Brau-2014|Brau-2015",2,"C",20,10,40,60,1,"DM","M1",0.547721626035458
"Brau-2014|Brau-2016",2,"C",20,10,40,60,1,"DM","M1",0.526158662181242
"Brau-2015|Brau-2016",2,"C",20,10,40,60,1,"DM","M1",0.478303710491384
"Aber-2015|Aber-2016",2,"D",30,5,40,70,1,"DM","M1",0.510682861143811
"Aber-2015|Brau-2014",2,"D",30,5,40,70,1,"DM","M1",0.536234165350084
"Aber-2015|Brau-2015",2,"D",30,5,40,70,1,"DM","M1",0.364737023077
"Aber-2015|Brau-2016",2,"D",30,5,40,70,1,"DM","M1",0.499375441399402
"Aber-2016|Brau-2014",2,"D",30,5,40,70,1,"DM","M1",0.42839186249378
"Aber-2016|Brau-2015",2,"D",30,5,40,70,1,"DM","M1",0.470525410245226
"Aber-2016|Brau-2016",2,"D",30,5,40,70,1,"DM","M1",0.373044111332923
"Brau-2014|Brau-2015",2,"D",30,5,40,70,1,"DM","M1",0.52628911572139
"Brau-2014|Brau-2016",2,"D",30,5,40,70,1,"DM","M1",0.458643907284831
"Brau-2015|Brau-2016",2,"D",30,5,40,70,1,"DM","M1",0.508366258044506
"Aber-2015|Aber-2016",2,"E",40,0,40,80,1,"DM","M1",0.439718761393616
"Aber-2015|Brau-2014",2,"E",40,0,40,80,1,"DM","M1",0.571763075344831
"Aber-2015|Brau-2015",2,"E",40,0,40,80,1,"DM","M1",0.557363872864324
"Aber-2015|Brau-2016",2,"E",40,0,40,80,1,"DM","M1",0.570842763338825
"Aber-2016|Brau-2014",2,"E",40,0,40,80,1,"DM","M1",0.405375337872729
"Aber-2016|Brau-2015",2,"E",40,0,40,80,1,"DM","M1",0.413324551300073
"Aber-2016|Brau-2016",2,"E",40,0,40,80,1,"DM","M1",0.459317968404931
"Brau-2014|Brau-2015",2,"E",40,0,40,80,1,"DM","M1",0.424085994909854
"Brau-2014|Brau-2016",2,"E",40,0,40,80,1,"DM","M1",0.444112161775224
"Brau-2015|Brau-2016",2,"E",40,0,40,80,1,"DM","M1",0.46918412367511
"Aber-2015|Aber-2016",2,"A",0,20,40,40,2,"DM","M1",0.576688261431972
"Aber-2015|Brau-2014",2,"A",0,20,40,40,2,"DM","M1",0.468728417757374
"Aber-2015|Brau-2015",2,"A",0,20,40,40,2,"DM","M1",0.532087749400926
"Aber-2015|Brau-2016",2,"A",0,20,40,40,2,"DM","M1",0.441769104950163
"Aber-2016|Brau-2014",2,"A",0,20,40,40,2,"DM","M1",0.39871948676332
"Aber-2016|Brau-2015",2,"A",0,20,40,40,2,"DM","M1",0.490797629514675
"Aber-2016|Brau-2016",2,"A",0,20,40,40,2,"DM","M1",0.374934377722897
"Brau-2014|Brau-2015",2,"A",0,20,40,40,2,"DM","M1",0.435363623025972
"Brau-2014|Brau-2016",2,"A",0,20,40,40,2,"DM","M1",0.464353622319909
"Brau-2015|Brau-2016",2,"A",0,20,40,40,2,"DM","M1",0.515721953826593
"Aber-2015|Aber-2016",2,"B",10,15,40,50,2,"DM","M1",0.612899628036574
"Aber-2015|Brau-2014",2,"B",10,15,40,50,2,"DM","M1",0.558750200546722
"Aber-2015|Brau-2015",2,"B",10,15,40,50,2,"DM","M1",0.523539783956692
"Aber-2015|Brau-2016",2,"B",10,15,40,50,2,"DM","M1",0.498806364052691
"Aber-2016|Brau-2014",2,"B",10,15,40,50,2,"DM","M1",0.407101788980047
"Aber-2016|Brau-2015",2,"B",10,15,40,50,2,"DM","M1",0.471288108292195
"Aber-2016|Brau-2016",2,"B",10,15,40,50,2,"DM","M1",0.471434265460841
"Brau-2014|Brau-2015",2,"B",10,15,40,50,2,"DM","M1",0.559494732828984
"Brau-2014|Brau-2016",2,"B",10,15,40,50,2,"DM","M1",0.402388009616819
"Brau-2015|Brau-2016",2,"B",10,15,40,50,2,"DM","M1",0.408166307340655
"Aber-2015|Aber-2016",2,"C",20,10,40,60,2,"DM","M1",0.519406372867989
"Aber-2015|Brau-2014",2,"C",20,10,40,60,2,"DM","M1",0.487925038532519
"Aber-2015|Brau-2015",2,"C",20,10,40,60,2,"DM","M1",0.600363000173135
"Aber-2015|Brau-2016",2,"C",20,10,40,60,2,"DM","M1",0.410936602842841
"Aber-2016|Brau-2014",2,"C",20,10,40,60,2,"DM","M1",0.424355152528971
"Aber-2016|Brau-2015",2,"C",20,10,40,60,2,"DM","M1",0.456783954204496
"Aber-2016|Brau-2016",2,"C",20,10,40,60,2,"DM","M1",0.255980318307244
"Brau-2014|Brau-2015",2,"C",20,10,40,60,2,"DM","M1",0.506843107238581
"Brau-2014|Brau-2016",2,"C",20,10,40,60,2,"DM","M1",0.492321133404672
"Brau-2015|Brau-2016",2,"C",20,10,40,60,2,"DM","M1",0.505889787880104
"Aber-2015|Aber-2016",2,"D",30,5,40,70,2,"DM","M1",0.536630646173828
"Aber-2015|Brau-2014",2,"D",30,5,40,70,2,"DM","M1",0.50071901806138
"Aber-2015|Brau-2015",2,"D",30,5,40,70,2,"DM","M1",0.575683682499886
"Aber-2015|Brau-2016",2,"D",30,5,40,70,2,"DM","M1",0.512630029324896
"Aber-2016|Brau-2014",2,"D",30,5,40,70,2,"DM","M1",0.42565612901369
"Aber-2016|Brau-2015",2,"D",30,5,40,70,2,"DM","M1",0.441215015552745
"Aber-2016|Brau-2016",2,"D",30,5,40,70,2,"DM","M1",0.398979935521062
"Brau-2014|Brau-2015",2,"D",30,5,40,70,2,"DM","M1",0.528907542490251
"Brau-2014|Brau-2016",2,"D",30,5,40,70,2,"DM","M1",0.538500009859088
"Brau-2015|Brau-2016",2,"D",30,5,40,70,2,"DM","M1",0.495513240979023
"Aber-2015|Aber-2016",2,"E",40,0,40,80,2,"DM","M1",0.416304011777067
"Aber-2015|Brau-2014",2,"E",40,0,40,80,2,"DM","M1",0.542905201455485
"Aber-2015|Brau-2015",2,"E",40,0,40,80,2,"DM","M1",0.543833356281869
"Aber-2015|Brau-2016",2,"E",40,0,40,80,2,"DM","M1",0.558268439203954
"Aber-2016|Brau-2014",2,"E",40,0,40,80,2,"DM","M1",0.475817506900854
"Aber-2016|Brau-2015",2,"E",40,0,40,80,2,"DM","M1",0.493076578520882
"Aber-2016|Brau-2016",2,"E",40,0,40,80,2,"DM","M1",0.383764645454778
"Brau-2014|Brau-2015",2,"E",40,0,40,80,2,"DM","M1",0.532152012613867
"Brau-2014|Brau-2016",2,"E",40,0,40,80,2,"DM","M1",0.488376899166856
"Brau-2015|Brau-2016",2,"E",40,0,40,80,2,"DM","M1",0.444889839902653
"Aber-2015|Aber-2016",2,"A",0,20,40,40,3,"DM","M1",0.45875990856209
"Aber-2015|Brau-2014",2,"A",0,20,40,40,3,"DM","M1",0.5300109436648
"Aber-2015|Brau-2015",2,"A",0,20,40,40,3,"DM","M1",0.547657325865725
"Aber-2015|Brau-2016",2,"A",0,20,40,40,3,"DM","M1",0.530939145938081
"Aber-2016|Brau-2014",2,"A",0,20,40,40,3,"DM","M1",0.195791178773442
"Aber-2016|Brau-2015",2,"A",0,20,40,40,3,"DM","M1",0.424825590123102
"Aber-2016|Brau-2016",2,"A",0,20,40,40,3,"DM","M1",0.371665890107293
"Brau-2014|Brau-2015",2,"A",0,20,40,40,3,"DM","M1",0.472599736908882
"Brau-2014|Brau-2016",2,"A",0,20,40,40,3,"DM","M1",0.393393201640638
"Brau-2015|Brau-2016",2,"A",0,20,40,40,3,"DM","M1",0.501221742558798
"Aber-2015|Aber-2016",2,"B",10,15,40,50,3,"DM","M1",0.543820185397388
"Aber-2015|Brau-2014",2,"B",10,15,40,50,3,"DM","M1",0.588029318655116
"Aber-2015|Brau-2015",2,"B",10,15,40,50,3,"DM","M1",0.557335310495451
"Aber-2015|Brau-2016",2,"B",10,15,40,50,3,"DM","M1",0.505804879376557
"Aber-2016|Brau-2014",2,"B",10,15,40,50,3,"DM","M1",0.303923336248011
"Aber-2016|Brau-2015",2,"B",10,15,40,50,3,"DM","M1",0.373695196592865
"Aber-2016|Brau-2016",2,"B",10,15,40,50,3,"DM","M1",0.430017272360607
"Brau-2014|Brau-2015",2,"B",10,15,40,50,3,"DM","M1",0.53791091108133
"Brau-2014|Brau-2016",2,"B",10,15,40,50,3,"DM","M1",0.456557976806236
"Brau-2015|Brau-2016",2,"B",10,15,40,50,3,"DM","M1",0.502799079196378
"Aber-2015|Aber-2016",2,"C",20,10,40,60,3,"DM","M1",0.570870229248962
"Aber-2015|Brau-2014",2,"C",20,10,40,60,3,"DM","M1",0.336156040576645
"Aber-2015|Brau-2015",2,"C",20,10,40,60,3,"DM","M1",0.518140215243962
"Aber-2015|Brau-2016",2,"C",20,10,40,60,3,"DM","M1",0.481591613649049
"Aber-2016|Brau-2014",2,"C",20,10,40,60,3,"DM","M1",0.413084897385201
"Aber-2016|Brau-2015",2,"C",20,10,40,60,3,"DM","M1",0.443968635957629
"Aber-2016|Brau-2016",2,"C",20,10,40,60,3,"DM","M1",0.381800437181175
"Brau-2014|Brau-2015",2,"C",20,10,40,60,3,"DM","M1",0.526484461216643
"Brau-2014|Brau-2016",2,"C",20,10,40,60,3,"DM","M1",0.46125891245423
"Brau-2015|Brau-2016",2,"C",20,10,40,60,3,"DM","M1",0.484336377041084
"Aber-2015|Aber-2016",2,"D",30,5,40,70,3,"DM","M1",0.552232723533615
"Aber-2015|Brau-2014",2,"D",30,5,40,70,3,"DM","M1",0.598972092045202
"Aber-2015|Brau-2015",2,"D",30,5,40,70,3,"DM","M1",0.58981997978558
"Aber-2015|Brau-2016",2,"D",30,5,40,70,3,"DM","M1",0.447701386444582
"Aber-2016|Brau-2014",2,"D",30,5,40,70,3,"DM","M1",0.355886442167837
"Aber-2016|Brau-2015",2,"D",30,5,40,70,3,"DM","M1",0.478907882566048
"Aber-2016|Brau-2016",2,"D",30,5,40,70,3,"DM","M1",0.322175144146841
"Brau-2014|Brau-2015",2,"D",30,5,40,70,3,"DM","M1",0.524606877351748
"Brau-2014|Brau-2016",2,"D",30,5,40,70,3,"DM","M1",0.516718068127173
"Brau-2015|Brau-2016",2,"D",30,5,40,70,3,"DM","M1",0.428545178710892
"Aber-2015|Aber-2016",2,"E",40,0,40,80,3,"DM","M1",0.457533157455635
"Aber-2015|Brau-2014",2,"E",40,0,40,80,3,"DM","M1",0.514233219127498
"Aber-2015|Brau-2015",2,"E",40,0,40,80,3,"DM","M1",0.543073951603031
"Aber-2015|Brau-2016",2,"E",40,0,40,80,3,"DM","M1",0.527868379790911
"Aber-2016|Brau-2014",2,"E",40,0,40,80,3,"DM","M1",0.367263363725667
"Aber-2016|Brau-2015",2,"E",40,0,40,80,3,"DM","M1",0.388193453350165
"Aber-2016|Brau-2016",2,"E",40,0,40,80,3,"DM","M1",0.397852649286801
"Brau-2014|Brau-2015",2,"E",40,0,40,80,3,"DM","M1",0.552700681797223
"Brau-2014|Brau-2016",2,"E",40,0,40,80,3,"DM","M1",0.456042962090894
"Brau-2015|Brau-2016",2,"E",40,0,40,80,3,"DM","M1",0.357226255576852
"Aber-2015|Aber-2016",2,"A",0,20,40,40,4,"DM","M1",0.570684022263248
"Aber-2015|Brau-2014",2,"A",0,20,40,40,4,"DM","M1",0.46817234719647
"Aber-2015|Brau-2015",2,"A",0,20,40,40,4,"DM","M1",0.535038073105327
"Aber-2015|Brau-2016",2,"A",0,20,40,40,4,"DM","M1",0.418665753497079
"Aber-2016|Brau-2014",2,"A",0,20,40,40,4,"DM","M1",0.475191234421694
"Aber-2016|Brau-2015",2,"A",0,20,40,40,4,"DM","M1",0.507359362562691
"Aber-2016|Brau-2016",2,"A",0,20,40,40,4,"DM","M1",0.449087969983599
"Brau-2014|Brau-2015",2,"A",0,20,40,40,4,"DM","M1",0.476764648484427
"Brau-2014|Brau-2016",2,"A",0,20,40,40,4,"DM","M1",0.447438658612996
"Brau-2015|Brau-2016",2,"A",0,20,40,40,4,"DM","M1",0.486557019527882
"Aber-2015|Aber-2016",2,"B",10,15,40,50,4,"DM","M1",0.556628504643998
"Aber-2015|Brau-2014",2,"B",10,15,40,50,4,"DM","M1",0.546034667510609
"Aber-2015|Brau-2015",2,"B",10,15,40,50,4,"DM","M1",0.57058943751931
"Aber-2015|Brau-2016",2,"B",10,15,40,50,4,"DM","M1",0.465847469529597
"Aber-2016|Brau-2014",2,"B",10,15,40,50,4,"DM","M1",0.422320345884233
"Aber-2016|Brau-2015",2,"B",10,15,40,50,4,"DM","M1",0.502071388031375
"Aber-2016|Brau-2016",2,"B",10,15,40,50,4,"DM","M1",0.436273906710826
"Brau-2014|Brau-2015",2,"B",10,15,40,50,4,"DM","M1",0.552290882224038
"Brau-2014|Brau-2016",2,"B",10,15,40,50,4,"DM","M1",0.51931560648972
"Brau-2015|Brau-2016",2,"B",10,15,40,50,4,"DM","M1",0.540626647734174
"Aber-2015|Aber-2016",2,"C",20,10,40,60,4,"DM","M1",0.537691963193085
"Aber-2015|Brau-2014",2,"C",20,10,40,60,4,"DM","M1",0.535499951367973
"Aber-2015|Brau-2015",2,"C",20,10,40,60,4,"DM","M1",0.537958309825065
"Aber-2015|Brau-2016",2,"C",20,10,40,60,4,"DM","M1",0.499345295874658
"Aber-2016|Brau-2014",2,"C",20,10,40,60,4,"DM","M1",0.504498001873334
"Aber-2016|Brau-2015",2,"C",20,10,40,60,4,"DM","M1",0.422306262028105
"Aber-2016|Brau-2016",2,"C",20,10,40,60,4,"DM","M1",0.405599645543258
"Brau-2014|Brau-2015",2,"C",20,10,40,60,4,"DM","M1",0.544738761171478
"Brau-2014|Brau-2016",2,"C",20,10,40,60,4,"DM","M1",0.496345994720008
"Brau-2015|Brau-2016",2,"C",20,10,40,60,4,"DM","M1",0.505343441149014
"Aber-2015|Aber-2016",2,"D",30,5,40,70,4,"DM","M1",0.54320977035113
"Aber-2015|Brau-2014",2,"D",30,5,40,70,4,"DM","M1",0.497385029275343
"Aber-2015|Brau-2015",2,"D",30,5,40,70,4,"DM","M1",0.54414769216297
"Aber-2015|Brau-2016",2,"D",30,5,40,70,4,"DM","M1",0.522742085516823
"Aber-2016|Brau-2014",2,"D",30,5,40,70,4,"DM","M1",0.52245806312954
"Aber-2016|Brau-2015",2,"D",30,5,40,70,4,"DM","M1",0.514145422302659
"Aber-2016|Brau-2016",2,"D",30,5,40,70,4,"DM","M1",0.333947176554333
"Brau-2014|Brau-2015",2,"D",30,5,40,70,4,"DM","M1",0.524791078805523
"Brau-2014|Brau-2016",2,"D",30,5,40,70,4,"DM","M1",0.250046821493887
"Brau-2015|Brau-2016",2,"D",30,5,40,70,4,"DM","M1",0.403730365676189
"Aber-2015|Aber-2016",2,"E",40,0,40,80,4,"DM","M1",0.504513052583761
"Aber-2015|Brau-2014",2,"E",40,0,40,80,4,"DM","M1",0.532304917078642
"Aber-2015|Brau-2015",2,"E",40,0,40,80,4,"DM","M1",0.552858932010926
"Aber-2015|Brau-2016",2,"E",40,0,40,80,4,"DM","M1",0.488909961359648
"Aber-2016|Brau-2014",2,"E",40,0,40,80,4,"DM","M1",0.326007851525082
"Aber-2016|Brau-2015",2,"E",40,0,40,80,4,"DM","M1",0.41627798735112
"Aber-2016|Brau-2016",2,"E",40,0,40,80,4,"DM","M1",0.381552437427585
"Brau-2014|Brau-2015",2,"E",40,0,40,80,4,"DM","M1",0.376723821484397
"Brau-2014|Brau-2016",2,"E",40,0,40,80,4,"DM","M1",0.581843767476749
"Brau-2015|Brau-2016",2,"E",40,0,40,80,4,"DM","M1",0.441289660612
"Aber-2015|Aber-2016",2,"A",0,20,40,40,5,"DM","M1",0.414236345145466
"Aber-2015|Brau-2014",2,"A",0,20,40,40,5,"DM","M1",0.309804867707923
"Aber-2015|Brau-2015",2,"A",0,20,40,40,5,"DM","M1",0.529536836272744
"Aber-2015|Brau-2016",2,"A",0,20,40,40,5,"DM","M1",0.437265992279915
"Aber-2016|Brau-2014",2,"A",0,20,40,40,5,"DM","M1",0.461651260563831
"Aber-2016|Brau-2015",2,"A",0,20,40,40,5,"DM","M1",0.451792361190598
"Aber-2016|Brau-2016",2,"A",0,20,40,40,5,"DM","M1",0.361773894402561
"Brau-2014|Brau-2015",2,"A",0,20,40,40,5,"DM","M1",0.51747140971612
"Brau-2014|Brau-2016",2,"A",0,20,40,40,5,"DM","M1",0.514568687839196
"Brau-2015|Brau-2016",2,"A",0,20,40,40,5,"DM","M1",0.439141079553957
"Aber-2015|Aber-2016",2,"B",10,15,40,50,5,"DM","M1",0.476650065753653
"Aber-2015|Brau-2014",2,"B",10,15,40,50,5,"DM","M1",0.458066544059309
"Aber-2015|Brau-2015",2,"B",10,15,40,50,5,"DM","M1",0.496456441963051
"Aber-2015|Brau-2016",2,"B",10,15,40,50,5,"DM","M1",0.563350372942305
"Aber-2016|Brau-2014",2,"B",10,15,40,50,5,"DM","M1",0.47775624153699
"Aber-2016|Brau-2015",2,"B",10,15,40,50,5,"DM","M1",0.457496651268461
"Aber-2016|Brau-2016",2,"B",10,15,40,50,5,"DM","M1",0.357988448155774
"Brau-2014|Brau-2015",2,"B",10,15,40,50,5,"DM","M1",0.518129384306427
"Brau-2014|Brau-2016",2,"B",10,15,40,50,5,"DM","M1",0.448733473436484
"Brau-2015|Brau-2016",2,"B",10,15,40,50,5,"DM","M1",0.467675213787961
"Aber-2015|Aber-2016",2,"C",20,10,40,60,5,"DM","M1",0.569257720403211
"Aber-2015|Brau-2014",2,"C",20,10,40,60,5,"DM","M1",0.428372517575398
"Aber-2015|Brau-2015",2,"C",20,10,40,60,5,"DM","M1",0.507502373006498
"Aber-2015|Brau-2016",2,"C",20,10,40,60,5,"DM","M1",0.482737366441523
"Aber-2016|Brau-2014",2,"C",20,10,40,60,5,"DM","M1",0.510102459976424
"Aber-2016|Brau-2015",2,"C",20,10,40,60,5,"DM","M1",0.449354615017914
"Aber-2016|Brau-2016",2,"C",20,10,40,60,5,"DM","M1",0.393286169054042
"Brau-2014|Brau-2015",2,"C",20,10,40,60,5,"DM","M1",0.55545300261652
"Brau-2014|Brau-2016",2,"C",20,10,40,60,5,"DM","M1",0.493424462213954
"Brau-2015|Brau-2016",2,"C",20,10,40,60,5,"DM","M1",0.528075172684841
"Aber-2015|Aber-2016",2,"D",30,5,40,70,5,"DM","M1",0.496982115243628
"Aber-2015|Brau-2014",2,"D",30,5,40,70,5,"DM","M1",0.499636662239423
"Aber-2015|Brau-2015",2,"D",30,5,40,70,5,"DM","M1",0.52290752321228
"Aber-2015|Brau-2016",2,"D",30,5,40,70,5,"DM","M1",0.40575118590389
"Aber-2016|Brau-2014",2,"D",30,5,40,70,5,"DM","M1",0.459665719685917
"Aber-2016|Brau-2015",2,"D",30,5,40,70,5,"DM","M1",0.496223310467907
"Aber-2016|Brau-2016",2,"D",30,5,40,70,5,"DM","M1",0.416716469562123
"Brau-2014|Brau-2015",2,"D",30,5,40,70,5,"DM","M1",0.468925513631147
"Brau-2014|Brau-2016",2,"D",30,5,40,70,5,"DM","M1",0.433953423182658
"Brau-2015|Brau-2016",2,"D",30,5,40,70,5,"DM","M1",0.338463975895184
"Aber-2015|Aber-2016",2,"E",40,0,40,80,5,"DM","M1",0.546256556303321
"Aber-2015|Brau-2014",2,"E",40,0,40,80,5,"DM","M1",0.54750990863653
"Aber-2015|Brau-2015",2,"E",40,0,40,80,5,"DM","M1",0.495490823579657
"Aber-2015|Brau-2016",2,"E",40,0,40,80,5,"DM","M1",0.493261478127749
"Aber-2016|Brau-2014",2,"E",40,0,40,80,5,"DM","M1",0.484961829091941
"Aber-2016|Brau-2015",2,"E",40,0,40,80,5,"DM","M1",0.43145803409136
"Aber-2016|Brau-2016",2,"E",40,0,40,80,5,"DM","M1",0.484253907262299
"Brau-2014|Brau-2015",2,"E",40,0,40,80,5,"DM","M1",0.492639243475822
"Brau-2014|Brau-2016",2,"E",40,0,40,80,5,"DM","M1",0.548898946252597
"Brau-2015|Brau-2016",2,"E",40,0,40,80,5,"DM","M1",0.4550644839787
"Aber-2015|Aber-2016",2,"A",0,20,40,40,1,"FW","M1",0.629829638680187
"Aber-2015|Brau-2014",2,"A",0,20,40,40,1,"FW","M1",0.50094739875179
"Aber-2015|Brau-2015",2,"A",0,20,40,40,1,"FW","M1",0.40877901622614
"Aber-2015|Brau-2016",2,"A",0,20,40,40,1,"FW","M1",0.427337488163781
"Aber-2016|Brau-2014",2,"A",0,20,40,40,1,"FW","M1",0.244639847503463
"Aber-2016|Brau-2015",2,"A",0,20,40,40,1,"FW","M1",0.43646929614109
"Aber-2016|Brau-2016",2,"A",0,20,40,40,1,"FW","M1",0.428384642573259
"Brau-2014|Brau-2015",2,"A",0,20,40,40,1,"FW","M1",0.439393123443082
"Brau-2014|Brau-2016",2,"A",0,20,40,40,1,"FW","M1",0.338429258969372
"Brau-2015|Brau-2016",2,"A",0,20,40,40,1,"FW","M1",0.495874589652063
"Aber-2015|Aber-2016",2,"B",10,15,40,50,1,"FW","M1",0.526015129489735
"Aber-2015|Brau-2014",2,"B",10,15,40,50,1,"FW","M1",0.465926586978215
"Aber-2015|Brau-2015",2,"B",10,15,40,50,1,"FW","M1",0.501308189641154
"Aber-2015|Brau-2016",2,"B",10,15,40,50,1,"FW","M1",0.363000847244518
"Aber-2016|Brau-2014",2,"B",10,15,40,50,1,"FW","M1",0.406072440100559
"Aber-2016|Brau-2015",2,"B",10,15,40,50,1,"FW","M1",0.486650231480926
"Aber-2016|Brau-2016",2,"B",10,15,40,50,1,"FW","M1",0.267042542438027
"Brau-2014|Brau-2015",2,"B",10,15,40,50,1,"FW","M1",0.537131815364059
"Brau-2014|Brau-2016",2,"B",10,15,40,50,1,"FW","M1",0.428917017082195
"Brau-2015|Brau-2016",2,"B",10,15,40,50,1,"FW","M1",0.446353215683628
"Aber-2015|Aber-2016",2,"C",20,10,40,60,1,"FW","M1",0.499166686043007
"Aber-2015|Brau-2014",2,"C",20,10,40,60,1,"FW","M1",0.395694844869277
"Aber-2015|Brau-2015",2,"C",20,10,40,60,1,"FW","M1",0.518632937447595
"Aber-2015|Brau-2016",2,"C",20,10,40,60,1,"FW","M1",0.438549682490529
"Aber-2016|Brau-2014",2,"C",20,10,40,60,1,"FW","M1",0.307645233652035
"Aber-2016|Brau-2015",2,"C",20,10,40,60,1,"FW","M1",0.45613953161126
"Aber-2016|Brau-2016",2,"C",20,10,40,60,1,"FW","M1",0.39502051883351
"Brau-2014|Brau-2015",2,"C",20,10,40,60,1,"FW","M1",0.506805427228507
"Brau-2014|Brau-2016",2,"C",20,10,40,60,1,"FW","M1",0.484133633718195
"Brau-2015|Brau-2016",2,"C",20,10,40,60,1,"FW","M1",0.419266135661609
"Aber-2015|Aber-2016",2,"D",30,5,40,70,1,"FW","M1",0.472681942039559
"Aber-2015|Brau-2014",2,"D",30,5,40,70,1,"FW","M1",0.469671174396239
"Aber-2015|Brau-2015",2,"D",30,5,40,70,1,"FW","M1",0.284817721143207
"Aber-2015|Brau-2016",2,"D",30,5,40,70,1,"FW","M1",0.476163201971428
"Aber-2016|Brau-2014",2,"D",30,5,40,70,1,"FW","M1",0.428389470928168
"Aber-2016|Brau-2015",2,"D",30,5,40,70,1,"FW","M1",0.470354482416844
"Aber-2016|Brau-2016",2,"D",30,5,40,70,1,"FW","M1",0.364525921396644
"Brau-2014|Brau-2015",2,"D",30,5,40,70,1,"FW","M1",0.506293699063792
"Brau-2014|Brau-2016",2,"D",30,5,40,70,1,"FW","M1",0.436915167393668
"Brau-2015|Brau-2016",2,"D",30,5,40,70,1,"FW","M1",0.474530167400575
"Aber-2015|Aber-2016",2,"E",40,0,40,80,1,"FW","M1",0.393443426022203
"Aber-2015|Brau-2014",2,"E",40,0,40,80,1,"FW","M1",0.544718000743452
"Aber-2015|Brau-2015",2,"E",40,0,40,80,1,"FW","M1",0.50066956302919
"Aber-2015|Brau-2016",2,"E",40,0,40,80,1,"FW","M1",0.520901555445517
"Aber-2016|Brau-2014",2,"E",40,0,40,80,1,"FW","M1",0.381470756428986
"Aber-2016|Brau-2015",2,"E",40,0,40,80,1,"FW","M1",0.378620320712107
"Aber-2016|Brau-2016",2,"E",40,0,40,80,1,"FW","M1",0.331786938915389
"Brau-2014|Brau-2015",2,"E",40,0,40,80,1,"FW","M1",0.409885546030265
"Brau-2014|Brau-2016",2,"E",40,0,40,80,1,"FW","M1",0.433441927491698
"Brau-2015|Brau-2016",2,"E",40,0,40,80,1,"FW","M1",0.453621619376003
"Aber-2015|Aber-2016",2,"A",0,20,40,40,2,"FW","M1",0.551533821502232
"Aber-2015|Brau-2014",2,"A",0,20,40,40,2,"FW","M1",0.44751484487172
"Aber-2015|Brau-2015",2,"A",0,20,40,40,2,"FW","M1",0.523022498965613
"Aber-2015|Brau-2016",2,"A",0,20,40,40,2,"FW","M1",0.365156756792299
"Aber-2016|Brau-2014",2,"A",0,20,40,40,2,"FW","M1",0.388192716144422
"Aber-2016|Brau-2015",2,"A",0,20,40,40,2,"FW","M1",0.504620606094993
"Aber-2016|Brau-2016",2,"A",0,20,40,40,2,"FW","M1",0.341232767926025
"Brau-2014|Brau-2015",2,"A",0,20,40,40,2,"FW","M1",0.412762742983049
"Brau-2014|Brau-2016",2,"A",0,20,40,40,2,"FW","M1",0.425142749808874
"Brau-2015|Brau-2016",2,"A",0,20,40,40,2,"FW","M1",0.496418618715807
"Aber-2015|Aber-2016",2,"B",10,15,40,50,2,"FW","M1",0.608181769738271
"Aber-2015|Brau-2014",2,"B",10,15,40,50,2,"FW","M1",0.528924945324373
"Aber-2015|Brau-2015",2,"B",10,15,40,50,2,"FW","M1",0.49803887083674
"Aber-2015|Brau-2016",2,"B",10,15,40,50,2,"FW","M1",0.427929036417693
"Aber-2016|Brau-2014",2,"B",10,15,40,50,2,"FW","M1",0.391961187445828
"Aber-2016|Brau-2015",2,"B",10,15,40,50,2,"FW","M1",0.462581441509089
"Aber-2016|Brau-2016",2,"B",10,15,40,50,2,"FW","M1",0.43808555478135
"Brau-2014|Brau-2015",2,"B",10,15,40,50,2,"FW","M1",0.531602326113996
"Brau-2014|Brau-2016",2,"B",10,15,40,50,2,"FW","M1",0.417512677390438
"Brau-2015|Brau-2016",2,"B",10,15,40,50,2,"FW","M1",0.395058049228596
"Aber-2015|Aber-2016",2,"C",20,10,40,60,2,"FW","M1",0.541471169662937
"Aber-2015|Brau-2014",2,"C",20,10,40,60,2,"FW","M1",0.461339958065473
"Aber-2015|Brau-2015",2,"C",20,10,40,60,2,"FW","M1",0.588232803579034
"Aber-2015|Brau-2016",2,"C",20,10,40,60,2,"FW","M1",0.367412147478356
"Aber-2016|Brau-2014",2,"C",20,10,40,60,2,"FW","M1",0.435267927269825
"Aber-2016|Brau-2015",2,"C",20,10,40,60,2,"FW","M1",0.451122661841555
"Aber-2016|Brau-2016",2,"C",20,10,40,60,2,"FW","M1",0.127753358112435
"Brau-2014|Brau-2015",2,"C",20,10,40,60,2,"FW","M1",0.530183894824543
"Brau-2014|Brau-2016",2,"C",20,10,40,60,2,"FW","M1",0.456342534857289
"Brau-2015|Brau-2016",2,"C",20,10,40,60,2,"FW","M1",0.492095928569632
"Aber-2015|Aber-2016",2,"D",30,5,40,70,2,"FW","M1",0.511521816059339
"Aber-2015|Brau-2014",2,"D",30,5,40,70,2,"FW","M1",0.480644384366197
"Aber-2015|Brau-2015",2,"D",30,5,40,70,2,"FW","M1",0.534376992412329
"Aber-2015|Brau-2016",2,"D",30,5,40,70,2,"FW","M1",0.482184180649647
"Aber-2016|Brau-2014",2,"D",30,5,40,70,2,"FW","M1",0.4067163609119
"Aber-2016|Brau-2015",2,"D",30,5,40,70,2,"FW","M1",0.431807866329624
"Aber-2016|Brau-2016",2,"D",30,5,40,70,2,"FW","M1",0.325784975028875
"Brau-2014|Brau-2015",2,"D",30,5,40,70,2,"FW","M1",0.508883806434509
"Brau-2014|Brau-2016",2,"D",30,5,40,70,2,"FW","M1",0.509358358648698
"Brau-2015|Brau-2016",2,"D",30,5,40,70,2,"FW","M1",0.465928275176966
"Aber-2015|Aber-2016",2,"E",40,0,40,80,2,"FW","M1",0.417643895416454
"Aber-2015|Brau-2014",2,"E",40,0,40,80,2,"FW","M1",0.528821208385695
"Aber-2015|Brau-2015",2,"E",40,0,40,80,2,"FW","M1",0.505538832080543
"Aber-2015|Brau-2016",2,"E",40,0,40,80,2,"FW","M1",0.505661227991728
"Aber-2016|Brau-2014",2,"E",40,0,40,80,2,"FW","M1",0.403359647116652
"Aber-2016|Brau-2015",2,"E",40,0,40,80,2,"FW","M1",0.477388916174775
"Aber-2016|Brau-2016",2,"E",40,0,40,80,2,"FW","M1",0.376461411530224
"Brau-2014|Brau-2015",2,"E",40,0,40,80,2,"FW","M1",0.499776006967389
"Brau-2014|Brau-2016",2,"E",40,0,40,80,2,"FW","M1",0.465324658553742
"Brau-2015|Brau-2016",2,"E",40,0,40,80,2,"FW","M1",0.37982732390991
"Aber-2015|Aber-2016",2,"A",0,20,40,40,3,"FW","M1",0.460851042338602
"Aber-2015|Brau-2014",2,"A",0,20,40,40,3,"FW","M1",0.464148956970698
"Aber-2015|Brau-2015",2,"A",0,20,40,40,3,"FW","M1",0.521880226731968
"Aber-2015|Brau-2016",2,"A",0,20,40,40,3,"FW","M1",0.466745276398864
"Aber-2016|Brau-2014",2,"A",0,20,40,40,3,"FW","M1",0.203667173757367
"Aber-2016|Brau-2015",2,"A",0,20,40,40,3,"FW","M1",0.430528429619158
"Aber-2016|Brau-2016",2,"A",0,20,40,40,3,"FW","M1",0.372984139835328
"Brau-2014|Brau-2015",2,"A",0,20,40,40,3,"FW","M1",0.433973711747247
"Brau-2014|Brau-2016",2,"A",0,20,40,40,3,"FW","M1",0.257197794077913
"Brau-2015|Brau-2016",2,"A",0,20,40,40,3,"FW","M1",0.464251163725269
"Aber-2015|Aber-2016",2,"B",10,15,40,50,3,"FW","M1",0.530796696294562
"Aber-2015|Brau-2014",2,"B",10,15,40,50,3,"FW","M1",0.526037930555027
"Aber-2015|Brau-2015",2,"B",10,15,40,50,3,"FW","M1",0.539403543289162
"Aber-2015|Brau-2016",2,"B",10,15,40,50,3,"FW","M1",0.476599856834696
"Aber-2016|Brau-2014",2,"B",10,15,40,50,3,"FW","M1",0.271087793316691
"Aber-2016|Brau-2015",2,"B",10,15,40,50,3,"FW","M1",0.342800856630659
"Aber-2016|Brau-2016",2,"B",10,15,40,50,3,"FW","M1",0.410924985032469
"Brau-2014|Brau-2015",2,"B",10,15,40,50,3,"FW","M1",0.525100983636733
"Brau-2014|Brau-2016",2,"B",10,15,40,50,3,"FW","M1",0.424404889795901
"Brau-2015|Brau-2016",2,"B",10,15,40,50,3,"FW","M1",0.465175835436452
"Aber-2015|Aber-2016",2,"C",20,10,40,60,3,"FW","M1",0.571431023322503
"Aber-2015|Brau-2014",2,"C",20,10,40,60,3,"FW","M1",0.299562335611837
"Aber-2015|Brau-2015",2,"C",20,10,40,60,3,"FW","M1",0.493029163850386
"Aber-2015|Brau-2016",2,"C",20,10,40,60,3,"FW","M1",0.439984433698173
"Aber-2016|Brau-2014",2,"C",20,10,40,60,3,"FW","M1",0.412515130280412
"Aber-2016|Brau-2015",2,"C",20,10,40,60,3,"FW","M1",0.375851935294969
"Aber-2016|Brau-2016",2,"C",20,10,40,60,3,"FW","M1",0.341335449127983
"Brau-2014|Brau-2015",2,"C",20,10,40,60,3,"FW","M1",0.448179157479622
"Brau-2014|Brau-2016",2,"C",20,10,40,60,3,"FW","M1",0.351464410614618
"Brau-2015|Brau-2016",2,"C",20,10,40,60,3,"FW","M1",0.456444637896688
"Aber-2015|Aber-2016",2,"D",30,5,40,70,3,"FW","M1",0.522735800611795
"Aber-2015|Brau-2014",2,"D",30,5,40,70,3,"FW","M1",0.558049035132742
"Aber-2015|Brau-2015",2,"D",30,5,40,70,3,"FW","M1",0.560643932528476
"Aber-2015|Brau-2016",2,"D",30,5,40,70,3,"FW","M1",0.406650160286037
"Aber-2016|Brau-2014",2,"D",30,5,40,70,3,"FW","M1",0.354145429264774
"Aber-2016|Brau-2015",2,"D",30,5,40,70,3,"FW","M1",0.471035830415562
"Aber-2016|Brau-2016",2,"D",30,5,40,70,3,"FW","M1",0.31143422999237
"Brau-2014|Brau-2015",2,"D",30,5,40,70,3,"FW","M1",0.504661832379845
"Brau-2014|Brau-2016",2,"D",30,5,40,70,3,"FW","M1",0.487608079358675
"Brau-2015|Brau-2016",2,"D",30,5,40,70,3,"FW","M1",0.402884377157016
"Aber-2015|Aber-2016",2,"E",40,0,40,80,3,"FW","M1",0.445717437019421
"Aber-2015|Brau-2014",2,"E",40,0,40,80,3,"FW","M1",0.477377198990947
"Aber-2015|Brau-2015",2,"E",40,0,40,80,3,"FW","M1",0.520246199726712
"Aber-2015|Brau-2016",2,"E",40,0,40,80,3,"FW","M1",0.480636895874614
"Aber-2016|Brau-2014",2,"E",40,0,40,80,3,"FW","M1",0.253107094684668
"Aber-2016|Brau-2015",2,"E",40,0,40,80,3,"FW","M1",0.349719468298477
"Aber-2016|Brau-2016",2,"E",40,0,40,80,3,"FW","M1",0.276702218512604
"Brau-2014|Brau-2015",2,"E",40,0,40,80,3,"FW","M1",0.507399885290256
"Brau-2014|Brau-2016",2,"E",40,0,40,80,3,"FW","M1",0.426208247590849
"Brau-2015|Brau-2016",2,"E",40,0,40,80,3,"FW","M1",0.336182808766241
"Aber-2015|Aber-2016",2,"A",0,20,40,40,4,"FW","M1",0.565804579878106
"Aber-2015|Brau-2014",2,"A",0,20,40,40,4,"FW","M1",0.415080889654771
"Aber-2015|Brau-2015",2,"A",0,20,40,40,4,"FW","M1",0.51427909782349
"Aber-2015|Brau-2016",2,"A",0,20,40,40,4,"FW","M1",0.404656318590156
"Aber-2016|Brau-2014",2,"A",0,20,40,40,4,"FW","M1",0.480999479292662
"Aber-2016|Brau-2015",2,"A",0,20,40,40,4,"FW","M1",0.489080650536615
"Aber-2016|Brau-2016",2,"A",0,20,40,40,4,"FW","M1",0.425531503597665
"Brau-2014|Brau-2015",2,"A",0,20,40,40,4,"FW","M1",0.42510339139598
"Brau-2014|Brau-2016",2,"A",0,20,40,40,4,"FW","M1",0.369510628462508
"Brau-2015|Brau-2016",2,"A",0,20,40,40,4,"FW","M1",0.496900714090865
"Aber-2015|Aber-2016",2,"B",10,15,40,50,4,"FW","M1",0.510984053858459
"Aber-2015|Brau-2014",2,"B",10,15,40,50,4,"FW","M1",0.493197875865795
"Aber-2015|Brau-2015",2,"B",10,15,40,50,4,"FW","M1",0.547935311085026
"Aber-2015|Brau-2016",2,"B",10,15,40,50,4,"FW","M1",0.400114573772497
"Aber-2016|Brau-2014",2,"B",10,15,40,50,4,"FW","M1",0.457815533291795
"Aber-2016|Brau-2015",2,"B",10,15,40,50,4,"FW","M1",0.484686084517944
"Aber-2016|Brau-2016",2,"B",10,15,40,50,4,"FW","M1",0.41186082492114
"Brau-2014|Brau-2015",2,"B",10,15,40,50,4,"FW","M1",0.533410392804655
"Brau-2014|Brau-2016",2,"B",10,15,40,50,4,"FW","M1",0.49956731477578
"Brau-2015|Brau-2016",2,"B",10,15,40,50,4,"FW","M1",0.514693640928733
"Aber-2015|Aber-2016",2,"C",20,10,40,60,4,"FW","M1",0.47861074539198
"Aber-2015|Brau-2014",2,"C",20,10,40,60,4,"FW","M1",0.490145189338409
"Aber-2015|Brau-2015",2,"C",20,10,40,60,4,"FW","M1",0.514049437079888
"Aber-2015|Brau-2016",2,"C",20,10,40,60,4,"FW","M1",0.461187325883839
"Aber-2016|Brau-2014",2,"C",20,10,40,60,4,"FW","M1",0.496424081282589
"Aber-2016|Brau-2015",2,"C",20,10,40,60,4,"FW","M1",0.365967376876352
"Aber-2016|Brau-2016",2,"C",20,10,40,60,4,"FW","M1",0.378128925681154
"Brau-2014|Brau-2015",2,"C",20,10,40,60,4,"FW","M1",0.524480622404411
"Brau-2014|Brau-2016",2,"C",20,10,40,60,4,"FW","M1",0.3772139494795
"Brau-2015|Brau-2016",2,"C",20,10,40,60,4,"FW","M1",0.449231471154377
"Aber-2015|Aber-2016",2,"D",30,5,40,70,4,"FW","M1",0.506836787185796
"Aber-2015|Brau-2014",2,"D",30,5,40,70,4,"FW","M1",0.443189138628306
"Aber-2015|Brau-2015",2,"D",30,5,40,70,4,"FW","M1",0.517439559381808
"Aber-2015|Brau-2016",2,"D",30,5,40,70,4,"FW","M1",0.474981837788893
"Aber-2016|Brau-2014",2,"D",30,5,40,70,4,"FW","M1",0.517317521187781
"Aber-2016|Brau-2015",2,"D",30,5,40,70,4,"FW","M1",0.483181962640338
"Aber-2016|Brau-2016",2,"D",30,5,40,70,4,"FW","M1",0.310153375472512
"Brau-2014|Brau-2015",2,"D",30,5,40,70,4,"FW","M1",0.50969106381907
"Brau-2014|Brau-2016",2,"D",30,5,40,70,4,"FW","M1",0.205323795073334
"Brau-2015|Brau-2016",2,"D",30,5,40,70,4,"FW","M1",0.379090535764498
"Aber-2015|Aber-2016",2,"E",40,0,40,80,4,"FW","M1",0.489363922889535
"Aber-2015|Brau-2014",2,"E",40,0,40,80,4,"FW","M1",0.518404701048191
"Aber-2015|Brau-2015",2,"E",40,0,40,80,4,"FW","M1",0.508177662109545
"Aber-2015|Brau-2016",2,"E",40,0,40,80,4,"FW","M1",0.449636745305068
"Aber-2016|Brau-2014",2,"E",40,0,40,80,4,"FW","M1",0.334483356497575
"Aber-2016|Brau-2015",2,"E",40,0,40,80,4,"FW","M1",0.419898152911793
"Aber-2016|Brau-2016",2,"E",40,0,40,80,4,"FW","M1",0.371904886886511
"Brau-2014|Brau-2015",2,"E",40,0,40,80,4,"FW","M1",0.363056498501618
"Brau-2014|Brau-2016",2,"E",40,0,40,80,4,"FW","M1",0.550827593055183
"Brau-2015|Brau-2016",2,"E",40,0,40,80,4,"FW","M1",0.419754311961593
"Aber-2015|Aber-2016",2,"A",0,20,40,40,5,"FW","M1",0.368245570762097
"Aber-2015|Brau-2014",2,"A",0,20,40,40,5,"FW","M1",0.236178288274825
"Aber-2015|Brau-2015",2,"A",0,20,40,40,5,"FW","M1",0.512764290486208
"Aber-2015|Brau-2016",2,"A",0,20,40,40,5,"FW","M1",0.389961435291486
"Aber-2016|Brau-2014",2,"A",0,20,40,40,5,"FW","M1",0.444753753384996
"Aber-2016|Brau-2015",2,"A",0,20,40,40,5,"FW","M1",0.438662421672532
"Aber-2016|Brau-2016",2,"A",0,20,40,40,5,"FW","M1",0.343466152468386
"Brau-2014|Brau-2015",2,"A",0,20,40,40,5,"FW","M1",0.503870653456698
"Brau-2014|Brau-2016",2,"A",0,20,40,40,5,"FW","M1",0.458290950644145
"Brau-2015|Brau-2016",2,"A",0,20,40,40,5,"FW","M1",0.388739063747948
"Aber-2015|Aber-2016",2,"B",10,15,40,50,5,"FW","M1",0.469198018094165
"Aber-2015|Brau-2014",2,"B",10,15,40,50,5,"FW","M1",0.438901482843626
"Aber-2015|Brau-2015",2,"B",10,15,40,50,5,"FW","M1",0.424541540533554
"Aber-2015|Brau-2016",2,"B",10,15,40,50,5,"FW","M1",0.536358533395388
"Aber-2016|Brau-2014",2,"B",10,15,40,50,5,"FW","M1",0.44101337231212
"Aber-2016|Brau-2015",2,"B",10,15,40,50,5,"FW","M1",0.369200468794021
"Aber-2016|Brau-2016",2,"B",10,15,40,50,5,"FW","M1",0.332081083038753
"Brau-2014|Brau-2015",2,"B",10,15,40,50,5,"FW","M1",0.501199534552196
"Brau-2014|Brau-2016",2,"B",10,15,40,50,5,"FW","M1",0.424457314780552
"Brau-2015|Brau-2016",2,"B",10,15,40,50,5,"FW","M1",0.411054570880908
"Aber-2015|Aber-2016",2,"C",20,10,40,60,5,"FW","M1",0.558527722803804
"Aber-2015|Brau-2014",2,"C",20,10,40,60,5,"FW","M1",0.392006849140088
"Aber-2015|Brau-2015",2,"C",20,10,40,60,5,"FW","M1",0.486307197645464
"Aber-2015|Brau-2016",2,"C",20,10,40,60,5,"FW","M1",0.433480991168102
"Aber-2016|Brau-2014",2,"C",20,10,40,60,5,"FW","M1",0.492109553751164
"Aber-2016|Brau-2015",2,"C",20,10,40,60,5,"FW","M1",0.454209384050557
"Aber-2016|Brau-2016",2,"C",20,10,40,60,5,"FW","M1",0.373214701646568
"Brau-2014|Brau-2015",2,"C",20,10,40,60,5,"FW","M1",0.525226370401837
"Brau-2014|Brau-2016",2,"C",20,10,40,60,5,"FW","M1",0.461099078599274
"Brau-2015|Brau-2016",2,"C",20,10,40,60,5,"FW","M1",0.48886407801834
"Aber-2015|Aber-2016",2,"D",30,5,40,70,5,"FW","M1",0.446182895962851
"Aber-2015|Brau-2014",2,"D",30,5,40,70,5,"FW","M1",0.460357149098344
"Aber-2015|Brau-2015",2,"D",30,5,40,70,5,"FW","M1",0.509605805728797
"Aber-2015|Brau-2016",2,"D",30,5,40,70,5,"FW","M1",0.389194191238878
"Aber-2016|Brau-2014",2,"D",30,5,40,70,5,"FW","M1",0.337355795040687
"Aber-2016|Brau-2015",2,"D",30,5,40,70,5,"FW","M1",0.461541289602096
"Aber-2016|Brau-2016",2,"D",30,5,40,70,5,"FW","M1",0.369074891988954
"Brau-2014|Brau-2015",2,"D",30,5,40,70,5,"FW","M1",0.436959967606841
"Brau-2014|Brau-2016",2,"D",30,5,40,70,5,"FW","M1",0.399067490398494
"Brau-2015|Brau-2016",2,"D",30,5,40,70,5,"FW","M1",0.282596727086505
"Aber-2015|Aber-2016",2,"E",40,0,40,80,5,"FW","M1",0.5229879821251
"Aber-2015|Brau-2014",2,"E",40,0,40,80,5,"FW","M1",0.526262895026502
"Aber-2015|Brau-2015",2,"E",40,0,40,80,5,"FW","M1",0.441384441843154
"Aber-2015|Brau-2016",2,"E",40,0,40,80,5,"FW","M1",0.439636875384584
"Aber-2016|Brau-2014",2,"E",40,0,40,80,5,"FW","M1",0.302991596967551
"Aber-2016|Brau-2015",2,"E",40,0,40,80,5,"FW","M1",0.354115772157842
"Aber-2016|Brau-2016",2,"E",40,0,40,80,5,"FW","M1",0.447084613635714
"Brau-2014|Brau-2015",2,"E",40,0,40,80,5,"FW","M1",0.467405703708572
"Brau-2014|Brau-2016",2,"E",40,0,40,80,5,"FW","M1",0.51747740824924
"Brau-2015|Brau-2016",2,"E",40,0,40,80,5,"FW","M1",0.392338834383211
"Aber-2015|Aber-2016",2,"A",0,20,40,40,1,"MC","M1",0.538138650809109
"Aber-2015|Brau-2014",2,"A",0,20,40,40,1,"MC","M1",0.385560893386971
"Aber-2015|Brau-2015",2,"A",0,20,40,40,1,"MC","M1",-0.106715104501117
"Aber-2015|Brau-2016",2,"A",0,20,40,40,1,"MC","M1",0.325233687755032
"Aber-2016|Brau-2014",2,"A",0,20,40,40,1,"MC","M1",0.460758610002584
"Aber-2016|Brau-2015",2,"A",0,20,40,40,1,"MC","M1",0.268705273576512
"Aber-2016|Brau-2016",2,"A",0,20,40,40,1,"MC","M1",0.257808656410774
"Brau-2014|Brau-2015",2,"A",0,20,40,40,1,"MC","M1",0.440665275337759
"Brau-2014|Brau-2016",2,"A",0,20,40,40,1,"MC","M1",0.234458060385419
"Brau-2015|Brau-2016",2,"A",0,20,40,40,1,"MC","M1",0.148387897559768
"Aber-2015|Aber-2016",2,"B",10,15,40,50,1,"MC","M1",0.373423746148644
"Aber-2015|Brau-2014",2,"B",10,15,40,50,1,"MC","M1",0.455802873810835
"Aber-2015|Brau-2015",2,"B",10,15,40,50,1,"MC","M1",0.529093982199688
"Aber-2015|Brau-2016",2,"B",10,15,40,50,1,"MC","M1",0.247221521732359
"Aber-2016|Brau-2014",2,"B",10,15,40,50,1,"MC","M1",0.488457038573965
"Aber-2016|Brau-2015",2,"B",10,15,40,50,1,"MC","M1",0.436598402729209
"Aber-2016|Brau-2016",2,"B",10,15,40,50,1,"MC","M1",0.173621309098963
"Brau-2014|Brau-2015",2,"B",10,15,40,50,1,"MC","M1",0.424733676918636
"Brau-2014|Brau-2016",2,"B",10,15,40,50,1,"MC","M1",0.227348230634778
"Brau-2015|Brau-2016",2,"B",10,15,40,50,1,"MC","M1",0.291753517429322
"Aber-2015|Aber-2016",2,"C",20,10,40,60,1,"MC","M1",0.435116863532646
"Aber-2015|Brau-2014",2,"C",20,10,40,60,1,"MC","M1",0.464698383922514
"Aber-2015|Brau-2015",2,"C",20,10,40,60,1,"MC","M1",0.411242103060705
"Aber-2015|Brau-2016",2,"C",20,10,40,60,1,"MC","M1",0.194392263897723
"Aber-2016|Brau-2014",2,"C",20,10,40,60,1,"MC","M1",0.451844732809617
"Aber-2016|Brau-2015",2,"C",20,10,40,60,1,"MC","M1",0.418883685318274
"Aber-2016|Brau-2016",2,"C",20,10,40,60,1,"MC","M1",0.302856655593042
"Brau-2014|Brau-2015",2,"C",20,10,40,60,1,"MC","M1",0.479345197232092
"Brau-2014|Brau-2016",2,"C",20,10,40,60,1,"MC","M1",0.302816962088198
"Brau-2015|Brau-2016",2,"C",20,10,40,60,1,"MC","M1",0.329130931387736
"Aber-2015|Aber-2016",2,"D",30,5,40,70,1,"MC","M1",0.422376115238296
"Aber-2015|Brau-2014",2,"D",30,5,40,70,1,"MC","M1",0.41817768459309
"Aber-2015|Brau-2015",2,"D",30,5,40,70,1,"MC","M1",0.395644643858671
"Aber-2015|Brau-2016",2,"D",30,5,40,70,1,"MC","M1",0.265539834105071
"Aber-2016|Brau-2014",2,"D",30,5,40,70,1,"MC","M1",0.483376602810059
"Aber-2016|Brau-2015",2,"D",30,5,40,70,1,"MC","M1",0.496249149221084
"Aber-2016|Brau-2016",2,"D",30,5,40,70,1,"MC","M1",0.0640759580454137
"Brau-2014|Brau-2015",2,"D",30,5,40,70,1,"MC","M1",0.501170138005505
"Brau-2014|Brau-2016",2,"D",30,5,40,70,1,"MC","M1",0.253171798938686
"Brau-2015|Brau-2016",2,"D",30,5,40,70,1,"MC","M1",0.209061297848534
"Aber-2015|Aber-2016",2,"E",40,0,40,80,1,"MC","M1",0.382692178362045
"Aber-2015|Brau-2014",2,"E",40,0,40,80,1,"MC","M1",0.50782136478878
"Aber-2015|Brau-2015",2,"E",40,0,40,80,1,"MC","M1",0.415572158704133
"Aber-2015|Brau-2016",2,"E",40,0,40,80,1,"MC","M1",0.277703601252595
"Aber-2016|Brau-2014",2,"E",40,0,40,80,1,"MC","M1",0.55988453535278
"Aber-2016|Brau-2015",2,"E",40,0,40,80,1,"MC","M1",0.35260534269595
"Aber-2016|Brau-2016",2,"E",40,0,40,80,1,"MC","M1",0.131713777219937
"Brau-2014|Brau-2015",2,"E",40,0,40,80,1,"MC","M1",0.470947391729371
"Brau-2014|Brau-2016",2,"E",40,0,40,80,1,"MC","M1",0.308280175233477
"Brau-2015|Brau-2016",2,"E",40,0,40,80,1,"MC","M1",0.169737690347196
"Aber-2015|Aber-2016",2,"A",0,20,40,40,2,"MC","M1",0.466178827547285
"Aber-2015|Brau-2014",2,"A",0,20,40,40,2,"MC","M1",0.39853961606414
"Aber-2015|Brau-2015",2,"A",0,20,40,40,2,"MC","M1",0.439327185987032
"Aber-2015|Brau-2016",2,"A",0,20,40,40,2,"MC","M1",0.162772455764855
"Aber-2016|Brau-2014",2,"A",0,20,40,40,2,"MC","M1",0.546861479085855
"Aber-2016|Brau-2015",2,"A",0,20,40,40,2,"MC","M1",0.483587303531231
"Aber-2016|Brau-2016",2,"A",0,20,40,40,2,"MC","M1",0.175053222909558
"Brau-2014|Brau-2015",2,"A",0,20,40,40,2,"MC","M1",0.453206346819161
"Brau-2014|Brau-2016",2,"A",0,20,40,40,2,"MC","M1",0.117003584232815
"Brau-2015|Brau-2016",2,"A",0,20,40,40,2,"MC","M1",0.180591755243377
"Aber-2015|Aber-2016",2,"B",10,15,40,50,2,"MC","M1",0.36681787151963
"Aber-2015|Brau-2014",2,"B",10,15,40,50,2,"MC","M1",0.280735700086219
"Aber-2015|Brau-2015",2,"B",10,15,40,50,2,"MC","M1",0.398825189524635
"Aber-2015|Brau-2016",2,"B",10,15,40,50,2,"MC","M1",0.275931073459734
"Aber-2016|Brau-2014",2,"B",10,15,40,50,2,"MC","M1",0.471775714139363
"Aber-2016|Brau-2015",2,"B",10,15,40,50,2,"MC","M1",0.454471725004818
"Aber-2016|Brau-2016",2,"B",10,15,40,50,2,"MC","M1",0.226444969729822
"Brau-2014|Brau-2015",2,"B",10,15,40,50,2,"MC","M1",0.488871761426276
"Brau-2014|Brau-2016",2,"B",10,15,40,50,2,"MC","M1",0.121569887376562
"Brau-2015|Brau-2016",2,"B",10,15,40,50,2,"MC","M1",0.238080721637784
"Aber-2015|Aber-2016",2,"C",20,10,40,60,2,"MC","M1",0.428291085013585
"Aber-2015|Brau-2014",2,"C",20,10,40,60,2,"MC","M1",0.425203893863404
"Aber-2015|Brau-2015",2,"C",20,10,40,60,2,"MC","M1",0.413573793204641
"Aber-2015|Brau-2016",2,"C",20,10,40,60,2,"MC","M1",0.321657975722461
"Aber-2016|Brau-2014",2,"C",20,10,40,60,2,"MC","M1",0.518893753602377
"Aber-2016|Brau-2015",2,"C",20,10,40,60,2,"MC","M1",0.49543392178963
"Aber-2016|Brau-2016",2,"C",20,10,40,60,2,"MC","M1",0.198986835663698
"Brau-2014|Brau-2015",2,"C",20,10,40,60,2,"MC","M1",0.428653289587458
"Brau-2014|Brau-2016",2,"C",20,10,40,60,2,"MC","M1",0.374295361625503
"Brau-2015|Brau-2016",2,"C",20,10,40,60,2,"MC","M1",0.331222209651361
"Aber-2015|Aber-2016",2,"D",30,5,40,70,2,"MC","M1",0.41587912884133
"Aber-2015|Brau-2014",2,"D",30,5,40,70,2,"MC","M1",0.520022658059912
"Aber-2015|Brau-2015",2,"D",30,5,40,70,2,"MC","M1",0.345208595569249
"Aber-2015|Brau-2016",2,"D",30,5,40,70,2,"MC","M1",0.290849202362213
"Aber-2016|Brau-2014",2,"D",30,5,40,70,2,"MC","M1",0.542885982783391
"Aber-2016|Brau-2015",2,"D",30,5,40,70,2,"MC","M1",0.378624615380544
"Aber-2016|Brau-2016",2,"D",30,5,40,70,2,"MC","M1",0.175126795544732
"Brau-2014|Brau-2015",2,"D",30,5,40,70,2,"MC","M1",0.499572778978304
"Brau-2014|Brau-2016",2,"D",30,5,40,70,2,"MC","M1",0.274881627971979
"Brau-2015|Brau-2016",2,"D",30,5,40,70,2,"MC","M1",0.217313331873467
"Aber-2015|Aber-2016",2,"E",40,0,40,80,2,"MC","M1",0.390682393307376
"Aber-2015|Brau-2014",2,"E",40,0,40,80,2,"MC","M1",0.468130996907549
"Aber-2015|Brau-2015",2,"E",40,0,40,80,2,"MC","M1",0.320172463258543
"Aber-2015|Brau-2016",2,"E",40,0,40,80,2,"MC","M1",0.195937167673866
"Aber-2016|Brau-2014",2,"E",40,0,40,80,2,"MC","M1",0.461551888333787
"Aber-2016|Brau-2015",2,"E",40,0,40,80,2,"MC","M1",0.370276650870229
"Aber-2016|Brau-2016",2,"E",40,0,40,80,2,"MC","M1",0.304046489325944
"Brau-2014|Brau-2015",2,"E",40,0,40,80,2,"MC","M1",0.479262387972229
"Brau-2014|Brau-2016",2,"E",40,0,40,80,2,"MC","M1",0.28419540977396
"Brau-2015|Brau-2016",2,"E",40,0,40,80,2,"MC","M1",0.182634367117767
"Aber-2015|Aber-2016",2,"A",0,20,40,40,3,"MC","M1",0.414203665135001
"Aber-2015|Brau-2014",2,"A",0,20,40,40,3,"MC","M1",0.445131699883431
"Aber-2015|Brau-2015",2,"A",0,20,40,40,3,"MC","M1",0.464878578482492
"Aber-2015|Brau-2016",2,"A",0,20,40,40,3,"MC","M1",0.292021915208129
"Aber-2016|Brau-2014",2,"A",0,20,40,40,3,"MC","M1",0.410266399866638
"Aber-2016|Brau-2015",2,"A",0,20,40,40,3,"MC","M1",0.461265777212364
"Aber-2016|Brau-2016",2,"A",0,20,40,40,3,"MC","M1",0.20990205657299
"Brau-2014|Brau-2015",2,"A",0,20,40,40,3,"MC","M1",0.453820904437162
"Brau-2014|Brau-2016",2,"A",0,20,40,40,3,"MC","M1",0.291044520823564
"Brau-2015|Brau-2016",2,"A",0,20,40,40,3,"MC","M1",0.344275156840322
"Aber-2015|Aber-2016",2,"B",10,15,40,50,3,"MC","M1",0.450991155155332
"Aber-2015|Brau-2014",2,"B",10,15,40,50,3,"MC","M1",0.451357087402308
"Aber-2015|Brau-2015",2,"B",10,15,40,50,3,"MC","M1",0.421783800457245
"Aber-2015|Brau-2016",2,"B",10,15,40,50,3,"MC","M1",0.350950847815249
"Aber-2016|Brau-2014",2,"B",10,15,40,50,3,"MC","M1",0.452276853028906
"Aber-2016|Brau-2015",2,"B",10,15,40,50,3,"MC","M1",0.425442456286842
"Aber-2016|Brau-2016",2,"B",10,15,40,50,3,"MC","M1",0.305284241032522
"Brau-2014|Brau-2015",2,"B",10,15,40,50,3,"MC","M1",0.451494239096908
"Brau-2014|Brau-2016",2,"B",10,15,40,50,3,"MC","M1",0.250971200209268
"Brau-2015|Brau-2016",2,"B",10,15,40,50,3,"MC","M1",0.254504351975486
"Aber-2015|Aber-2016",2,"C",20,10,40,60,3,"MC","M1",0.456394035161499
"Aber-2015|Brau-2014",2,"C",20,10,40,60,3,"MC","M1",0.497845455632141
"Aber-2015|Brau-2015",2,"C",20,10,40,60,3,"MC","M1",0.430935255981069
"Aber-2015|Brau-2016",2,"C",20,10,40,60,3,"MC","M1",0.230534437890516
"Aber-2016|Brau-2014",2,"C",20,10,40,60,3,"MC","M1",0.4904797582877
"Aber-2016|Brau-2015",2,"C",20,10,40,60,3,"MC","M1",0.411449438231291
"Aber-2016|Brau-2016",2,"C",20,10,40,60,3,"MC","M1",0.201856637649551
"Brau-2014|Brau-2015",2,"C",20,10,40,60,3,"MC","M1",0.403131604606119
"Brau-2014|Brau-2016",2,"C",20,10,40,60,3,"MC","M1",0.228648419511135
"Brau-2015|Brau-2016",2,"C",20,10,40,60,3,"MC","M1",0.418264465106001
"Aber-2015|Aber-2016",2,"D",30,5,40,70,3,"MC","M1",0.318621015685525
"Aber-2015|Brau-2014",2,"D",30,5,40,70,3,"MC","M1",0.431963896538664
"Aber-2015|Brau-2015",2,"D",30,5,40,70,3,"MC","M1",0.400837878394128
"Aber-2015|Brau-2016",2,"D",30,5,40,70,3,"MC","M1",0.274495714749812
"Aber-2016|Brau-2014",2,"D",30,5,40,70,3,"MC","M1",0.410826232271796
"Aber-2016|Brau-2015",2,"D",30,5,40,70,3,"MC","M1",0.249207127990572
"Aber-2016|Brau-2016",2,"D",30,5,40,70,3,"MC","M1",0.209401279908419
"Brau-2014|Brau-2015",2,"D",30,5,40,70,3,"MC","M1",0.475319085472339
"Brau-2014|Brau-2016",2,"D",30,5,40,70,3,"MC","M1",0.260130269474566
"Brau-2015|Brau-2016",2,"D",30,5,40,70,3,"MC","M1",0.316069302656708
"Aber-2015|Aber-2016",2,"E",40,0,40,80,3,"MC","M1",0.398142184067184
"Aber-2015|Brau-2014",2,"E",40,0,40,80,3,"MC","M1",0.364054946866217
"Aber-2015|Brau-2015",2,"E",40,0,40,80,3,"MC","M1",0.451041791059746
"Aber-2015|Brau-2016",2,"E",40,0,40,80,3,"MC","M1",0.234792427479692
"Aber-2016|Brau-2014",2,"E",40,0,40,80,3,"MC","M1",0.392800475477672
"Aber-2016|Brau-2015",2,"E",40,0,40,80,3,"MC","M1",0.213441282741071
"Aber-2016|Brau-2016",2,"E",40,0,40,80,3,"MC","M1",0.157756822436816
"Brau-2014|Brau-2015",2,"E",40,0,40,80,3,"MC","M1",0.4532777495291
"Brau-2014|Brau-2016",2,"E",40,0,40,80,3,"MC","M1",0.268516887335527
"Brau-2015|Brau-2016",2,"E",40,0,40,80,3,"MC","M1",0.19949976813487
"Aber-2015|Aber-2016",2,"A",0,20,40,40,4,"MC","M1",0.440206253158232
"Aber-2015|Brau-2014",2,"A",0,20,40,40,4,"MC","M1",0.339920466173411
"Aber-2015|Brau-2015",2,"A",0,20,40,40,4,"MC","M1",0.474111115776162
"Aber-2015|Brau-2016",2,"A",0,20,40,40,4,"MC","M1",0.217912451699037
"Aber-2016|Brau-2014",2,"A",0,20,40,40,4,"MC","M1",0.462839532980559
"Aber-2016|Brau-2015",2,"A",0,20,40,40,4,"MC","M1",0.500478639658944
"Aber-2016|Brau-2016",2,"A",0,20,40,40,4,"MC","M1",0.105090949446372
"Brau-2014|Brau-2015",2,"A",0,20,40,40,4,"MC","M1",0.424998874637569
"Brau-2014|Brau-2016",2,"A",0,20,40,40,4,"MC","M1",0.288200697586631
"Brau-2015|Brau-2016",2,"A",0,20,40,40,4,"MC","M1",0.35642649284048
"Aber-2015|Aber-2016",2,"B",10,15,40,50,4,"MC","M1",0.213866258318903
"Aber-2015|Brau-2014",2,"B",10,15,40,50,4,"MC","M1",0.445874914201591
"Aber-2015|Brau-2015",2,"B",10,15,40,50,4,"MC","M1",0.417807838219129
"Aber-2015|Brau-2016",2,"B",10,15,40,50,4,"MC","M1",0.216892993330576
"Aber-2016|Brau-2014",2,"B",10,15,40,50,4,"MC","M1",0.507546031663007
"Aber-2016|Brau-2015",2,"B",10,15,40,50,4,"MC","M1",0.423921637743093
"Aber-2016|Brau-2016",2,"B",10,15,40,50,4,"MC","M1",0.216217922972783
"Brau-2014|Brau-2015",2,"B",10,15,40,50,4,"MC","M1",0.435722719594496
"Brau-2014|Brau-2016",2,"B",10,15,40,50,4,"MC","M1",0.224223087830671
"Brau-2015|Brau-2016",2,"B",10,15,40,50,4,"MC","M1",0.270581495789316
"Aber-2015|Aber-2016",2,"C",20,10,40,60,4,"MC","M1",0.35325558525316
"Aber-2015|Brau-2014",2,"C",20,10,40,60,4,"MC","M1",0.472358381592442
"Aber-2015|Brau-2015",2,"C",20,10,40,60,4,"MC","M1",0.436235569401765
"Aber-2015|Brau-2016",2,"C",20,10,40,60,4,"MC","M1",0.207019660977226
"Aber-2016|Brau-2014",2,"C",20,10,40,60,4,"MC","M1",0.528847071450711
"Aber-2016|Brau-2015",2,"C",20,10,40,60,4,"MC","M1",0.385790595513597
"Aber-2016|Brau-2016",2,"C",20,10,40,60,4,"MC","M1",0.324356417707304
"Brau-2014|Brau-2015",2,"C",20,10,40,60,4,"MC","M1",0.455593684982245
"Brau-2014|Brau-2016",2,"C",20,10,40,60,4,"MC","M1",0.180069725757651
"Brau-2015|Brau-2016",2,"C",20,10,40,60,4,"MC","M1",0.199178561201077
"Aber-2015|Aber-2016",2,"D",30,5,40,70,4,"MC","M1",0.456891509312324
"Aber-2015|Brau-2014",2,"D",30,5,40,70,4,"MC","M1",0.455461720697889
"Aber-2015|Brau-2015",2,"D",30,5,40,70,4,"MC","M1",0.358533644775097
"Aber-2015|Brau-2016",2,"D",30,5,40,70,4,"MC","M1",0.234524549527708
"Aber-2016|Brau-2014",2,"D",30,5,40,70,4,"MC","M1",0.456365919405594
"Aber-2016|Brau-2015",2,"D",30,5,40,70,4,"MC","M1",0.34320455883431
"Aber-2016|Brau-2016",2,"D",30,5,40,70,4,"MC","M1",0.333075410833477
"Brau-2014|Brau-2015",2,"D",30,5,40,70,4,"MC","M1",0.476512996111824
"Brau-2014|Brau-2016",2,"D",30,5,40,70,4,"MC","M1",0.324475498344031
"Brau-2015|Brau-2016",2,"D",30,5,40,70,4,"MC","M1",0.258968090786509
"Aber-2015|Aber-2016",2,"E",40,0,40,80,4,"MC","M1",0.423388734930434
"Aber-2015|Brau-2014",2,"E",40,0,40,80,4,"MC","M1",0.444986814323288
"Aber-2015|Brau-2015",2,"E",40,0,40,80,4,"MC","M1",0.350734133354676
"Aber-2015|Brau-2016",2,"E",40,0,40,80,4,"MC","M1",0.139008128790093
"Aber-2016|Brau-2014",2,"E",40,0,40,80,4,"MC","M1",0.552129817551575
"Aber-2016|Brau-2015",2,"E",40,0,40,80,4,"MC","M1",0.384740393594846
"Aber-2016|Brau-2016",2,"E",40,0,40,80,4,"MC","M1",0.177358925269227
"Brau-2014|Brau-2015",2,"E",40,0,40,80,4,"MC","M1",0.487598116753099
"Brau-2014|Brau-2016",2,"E",40,0,40,80,4,"MC","M1",0.237208345233734
"Brau-2015|Brau-2016",2,"E",40,0,40,80,4,"MC","M1",0.144113419139468
"Aber-2015|Aber-2016",2,"A",0,20,40,40,5,"MC","M1",0.360724809964138
"Aber-2015|Brau-2014",2,"A",0,20,40,40,5,"MC","M1",0.423804714528635
"Aber-2015|Brau-2015",2,"A",0,20,40,40,5,"MC","M1",0.462546411001023
"Aber-2015|Brau-2016",2,"A",0,20,40,40,5,"MC","M1",0.308927594233007
"Aber-2016|Brau-2014",2,"A",0,20,40,40,5,"MC","M1",0.539970513262799
"Aber-2016|Brau-2015",2,"A",0,20,40,40,5,"MC","M1",0.460254113697343
"Aber-2016|Brau-2016",2,"A",0,20,40,40,5,"MC","M1",0.259812593058664
"Brau-2014|Brau-2015",2,"A",0,20,40,40,5,"MC","M1",0.443578399781906
"Brau-2014|Brau-2016",2,"A",0,20,40,40,5,"MC","M1",0.313724900254872
"Brau-2015|Brau-2016",2,"A",0,20,40,40,5,"MC","M1",0.230733767665888
"Aber-2015|Aber-2016",2,"B",10,15,40,50,5,"MC","M1",0.424373066730724
"Aber-2015|Brau-2014",2,"B",10,15,40,50,5,"MC","M1",0.382323105818923
"Aber-2015|Brau-2015",2,"B",10,15,40,50,5,"MC","M1",0.428192899449001
"Aber-2015|Brau-2016",2,"B",10,15,40,50,5,"MC","M1",0.249687302639441
"Aber-2016|Brau-2014",2,"B",10,15,40,50,5,"MC","M1",0.493007702417919
"Aber-2016|Brau-2015",2,"B",10,15,40,50,5,"MC","M1",0.443072311641749
"Aber-2016|Brau-2016",2,"B",10,15,40,50,5,"MC","M1",0.250485698377128
"Brau-2014|Brau-2015",2,"B",10,15,40,50,5,"MC","M1",0.47033661828775
"Brau-2014|Brau-2016",2,"B",10,15,40,50,5,"MC","M1",0.241882226797969
"Brau-2015|Brau-2016",2,"B",10,15,40,50,5,"MC","M1",0.235384021601489
"Aber-2015|Aber-2016",2,"C",20,10,40,60,5,"MC","M1",0.435584191695973
"Aber-2015|Brau-2014",2,"C",20,10,40,60,5,"MC","M1",0.449443151205551
"Aber-2015|Brau-2015",2,"C",20,10,40,60,5,"MC","M1",0.356791974939553
"Aber-2015|Brau-2016",2,"C",20,10,40,60,5,"MC","M1",0.150946487589127
"Aber-2016|Brau-2014",2,"C",20,10,40,60,5,"MC","M1",0.527033808708376
"Aber-2016|Brau-2015",2,"C",20,10,40,60,5,"MC","M1",0.444282794612601
"Aber-2016|Brau-2016",2,"C",20,10,40,60,5,"MC","M1",0.287519834733266
"Brau-2014|Brau-2015",2,"C",20,10,40,60,5,"MC","M1",0.439400121331452
"Brau-2014|Brau-2016",2,"C",20,10,40,60,5,"MC","M1",0.256690550426304
"Brau-2015|Brau-2016",2,"C",20,10,40,60,5,"MC","M1",0.211852479164806
"Aber-2015|Aber-2016",2,"D",30,5,40,70,5,"MC","M1",0.32912034088719
"Aber-2015|Brau-2014",2,"D",30,5,40,70,5,"MC","M1",0.489803593913924
"Aber-2015|Brau-2015",2,"D",30,5,40,70,5,"MC","M1",0.43762045639457
"Aber-2015|Brau-2016",2,"D",30,5,40,70,5,"MC","M1",0.285996530172511
"Aber-2016|Brau-2014",2,"D",30,5,40,70,5,"MC","M1",0.45652988015108
"Aber-2016|Brau-2015",2,"D",30,5,40,70,5,"MC","M1",0.422326477754653
"Aber-2016|Brau-2016",2,"D",30,5,40,70,5,"MC","M1",0.242410371936196
"Brau-2014|Brau-2015",2,"D",30,5,40,70,5,"MC","M1",0.39092294025905
"Brau-2014|Brau-2016",2,"D",30,5,40,70,5,"MC","M1",0.277894522591413
"Brau-2015|Brau-2016",2,"D",30,5,40,70,5,"MC","M1",0.201875651813602
"Aber-2015|Aber-2016",2,"E",40,0,40,80,5,"MC","M1",0.444973083925729
"Aber-2015|Brau-2014",2,"E",40,0,40,80,5,"MC","M1",0.520695725022721
"Aber-2015|Brau-2015",2,"E",40,0,40,80,5,"MC","M1",0.3763750770729
"Aber-2015|Brau-2016",2,"E",40,0,40,80,5,"MC","M1",0.191544667412462
"Aber-2016|Brau-2014",2,"E",40,0,40,80,5,"MC","M1",0.481769427363268
"Aber-2016|Brau-2015",2,"E",40,0,40,80,5,"MC","M1",0.362695680623584
"Aber-2016|Brau-2016",2,"E",40,0,40,80,5,"MC","M1",0.273788902512807
"Brau-2014|Brau-2015",2,"E",40,0,40,80,5,"MC","M1",0.49972969047254
"Brau-2014|Brau-2016",2,"E",40,0,40,80,5,"MC","M1",0.285464916504477
"Brau-2015|Brau-2016",2,"E",40,0,40,80,5,"MC","M1",0.252203099922155
"Aber-2015|Aber-2016",2,"A",0,20,40,40,1,"DM","M2",0.655155456838079
"Aber-2015|Brau-2014",2,"A",0,20,40,40,1,"DM","M2",0.539491459604174
"Aber-2015|Brau-2015",2,"A",0,20,40,40,1,"DM","M2",0.454941821813758
"Aber-2015|Brau-2016",2,"A",0,20,40,40,1,"DM","M2",0.500583467812212
"Aber-2016|Brau-2014",2,"A",0,20,40,40,1,"DM","M2",0.232748107743124
"Aber-2016|Brau-2015",2,"A",0,20,40,40,1,"DM","M2",0.479843564395859
"Aber-2016|Brau-2016",2,"A",0,20,40,40,1,"DM","M2",0.486340812315795
"Brau-2014|Brau-2015",2,"A",0,20,40,40,1,"DM","M2",0.470994008754952
"Brau-2014|Brau-2016",2,"A",0,20,40,40,1,"DM","M2",0.460759593450951
"Brau-2015|Brau-2016",2,"A",0,20,40,40,1,"DM","M2",0.470155243746606
"Aber-2015|Aber-2016",2,"B",10,15,40,50,1,"DM","M2",0.57617566227314
"Aber-2015|Brau-2014",2,"B",10,15,40,50,1,"DM","M2",0.480980962746931
"Aber-2015|Brau-2015",2,"B",10,15,40,50,1,"DM","M2",0.526592668087774
"Aber-2015|Brau-2016",2,"B",10,15,40,50,1,"DM","M2",0.453133196119952
"Aber-2016|Brau-2014",2,"B",10,15,40,50,1,"DM","M2",0.397256016373924
"Aber-2016|Brau-2015",2,"B",10,15,40,50,1,"DM","M2",0.498520433281276
"Aber-2016|Brau-2016",2,"B",10,15,40,50,1,"DM","M2",0.380469952679725
"Brau-2014|Brau-2015",2,"B",10,15,40,50,1,"DM","M2",0.567388664390609
"Brau-2014|Brau-2016",2,"B",10,15,40,50,1,"DM","M2",0.465136162011543
"Brau-2015|Brau-2016",2,"B",10,15,40,50,1,"DM","M2",0.526360238535197
"Aber-2015|Aber-2016",2,"C",20,10,40,60,1,"DM","M2",0.533018560252513
"Aber-2015|Brau-2014",2,"C",20,10,40,60,1,"DM","M2",0.473203806723477
"Aber-2015|Brau-2015",2,"C",20,10,40,60,1,"DM","M2",0.543238810759732
"Aber-2015|Brau-2016",2,"C",20,10,40,60,1,"DM","M2",0.479025656397021
"Aber-2016|Brau-2014",2,"C",20,10,40,60,1,"DM","M2",0.343894183783738
"Aber-2016|Brau-2015",2,"C",20,10,40,60,1,"DM","M2",0.49255763650328
"Aber-2016|Brau-2016",2,"C",20,10,40,60,1,"DM","M2",0.439679964342299
"Brau-2014|Brau-2015",2,"C",20,10,40,60,1,"DM","M2",0.558260991216906
"Brau-2014|Brau-2016",2,"C",20,10,40,60,1,"DM","M2",0.523224609799383
"Brau-2015|Brau-2016",2,"C",20,10,40,60,1,"DM","M2",0.520243650986797
"Aber-2015|Aber-2016",2,"D",30,5,40,70,1,"DM","M2",0.504605072927506
"Aber-2015|Brau-2014",2,"D",30,5,40,70,1,"DM","M2",0.543260487721006
"Aber-2015|Brau-2015",2,"D",30,5,40,70,1,"DM","M2",0.429305321468622
"Aber-2015|Brau-2016",2,"D",30,5,40,70,1,"DM","M2",0.534586862560813
"Aber-2016|Brau-2014",2,"D",30,5,40,70,1,"DM","M2",0.443532365419854
"Aber-2016|Brau-2015",2,"D",30,5,40,70,1,"DM","M2",0.454555630723528
"Aber-2016|Brau-2016",2,"D",30,5,40,70,1,"DM","M2",0.381207806152782
"Brau-2014|Brau-2015",2,"D",30,5,40,70,1,"DM","M2",0.532412220363841
"Brau-2014|Brau-2016",2,"D",30,5,40,70,1,"DM","M2",0.452378400005123
"Brau-2015|Brau-2016",2,"D",30,5,40,70,1,"DM","M2",0.541144690930443
"Aber-2015|Aber-2016",2,"E",40,0,40,80,1,"DM","M2",0.423440920521875
"Aber-2015|Brau-2014",2,"E",40,0,40,80,1,"DM","M2",0.578035023213067
"Aber-2015|Brau-2015",2,"E",40,0,40,80,1,"DM","M2",0.553199142814293
"Aber-2015|Brau-2016",2,"E",40,0,40,80,1,"DM","M2",0.571427003265105
"Aber-2016|Brau-2014",2,"E",40,0,40,80,1,"DM","M2",0.406157562272574
"Aber-2016|Brau-2015",2,"E",40,0,40,80,1,"DM","M2",0.425212316491408
"Aber-2016|Brau-2016",2,"E",40,0,40,80,1,"DM","M2",0.454008901000188
"Brau-2014|Brau-2015",2,"E",40,0,40,80,1,"DM","M2",0.438553360941975
"Brau-2014|Brau-2016",2,"E",40,0,40,80,1,"DM","M2",0.453098851124471
"Brau-2015|Brau-2016",2,"E",40,0,40,80,1,"DM","M2",0.530891805924395
"Aber-2015|Aber-2016",2,"A",0,20,40,40,2,"DM","M2",0.556088547680427
"Aber-2015|Brau-2014",2,"A",0,20,40,40,2,"DM","M2",0.48040023210979
"Aber-2015|Brau-2015",2,"A",0,20,40,40,2,"DM","M2",0.527117495659431
"Aber-2015|Brau-2016",2,"A",0,20,40,40,2,"DM","M2",0.453009983840689
"Aber-2016|Brau-2014",2,"A",0,20,40,40,2,"DM","M2",0.397356078892975
"Aber-2016|Brau-2015",2,"A",0,20,40,40,2,"DM","M2",0.522432259807747
"Aber-2016|Brau-2016",2,"A",0,20,40,40,2,"DM","M2",0.41076341197331
"Brau-2014|Brau-2015",2,"A",0,20,40,40,2,"DM","M2",0.458714781930207
"Brau-2014|Brau-2016",2,"A",0,20,40,40,2,"DM","M2",0.470206495537238
"Brau-2015|Brau-2016",2,"A",0,20,40,40,2,"DM","M2",0.465622954949893
"Aber-2015|Aber-2016",2,"B",10,15,40,50,2,"DM","M2",0.609827620930279
"Aber-2015|Brau-2014",2,"B",10,15,40,50,2,"DM","M2",0.563792616138928
"Aber-2015|Brau-2015",2,"B",10,15,40,50,2,"DM","M2",0.531711879468975
"Aber-2015|Brau-2016",2,"B",10,15,40,50,2,"DM","M2",0.508911034270424
"Aber-2016|Brau-2014",2,"B",10,15,40,50,2,"DM","M2",0.367518942707353
"Aber-2016|Brau-2015",2,"B",10,15,40,50,2,"DM","M2",0.495714772983915
"Aber-2016|Brau-2016",2,"B",10,15,40,50,2,"DM","M2",0.48917803261826
"Brau-2014|Brau-2015",2,"B",10,15,40,50,2,"DM","M2",0.520005545258065
"Brau-2014|Brau-2016",2,"B",10,15,40,50,2,"DM","M2",0.419226612029908
"Brau-2015|Brau-2016",2,"B",10,15,40,50,2,"DM","M2",0.428935621373232
"Aber-2015|Aber-2016",2,"C",20,10,40,60,2,"DM","M2",0.532032205198518
"Aber-2015|Brau-2014",2,"C",20,10,40,60,2,"DM","M2",0.487246535557657
"Aber-2015|Brau-2015",2,"C",20,10,40,60,2,"DM","M2",0.605489950479849
"Aber-2015|Brau-2016",2,"C",20,10,40,60,2,"DM","M2",0.434082322752547
"Aber-2016|Brau-2014",2,"C",20,10,40,60,2,"DM","M2",0.444978779812339
"Aber-2016|Brau-2015",2,"C",20,10,40,60,2,"DM","M2",0.470807342510664
"Aber-2016|Brau-2016",2,"C",20,10,40,60,2,"DM","M2",0.271843405987098
"Brau-2014|Brau-2015",2,"C",20,10,40,60,2,"DM","M2",0.50582030530674
"Brau-2014|Brau-2016",2,"C",20,10,40,60,2,"DM","M2",0.501530406490621
"Brau-2015|Brau-2016",2,"C",20,10,40,60,2,"DM","M2",0.528691588804794
"Aber-2015|Aber-2016",2,"D",30,5,40,70,2,"DM","M2",0.544745037341213
"Aber-2015|Brau-2014",2,"D",30,5,40,70,2,"DM","M2",0.513597386612374
"Aber-2015|Brau-2015",2,"D",30,5,40,70,2,"DM","M2",0.586165843608007
"Aber-2015|Brau-2016",2,"D",30,5,40,70,2,"DM","M2",0.521614186221778
"Aber-2016|Brau-2014",2,"D",30,5,40,70,2,"DM","M2",0.413141893342588
"Aber-2016|Brau-2015",2,"D",30,5,40,70,2,"DM","M2",0.45790541612596
"Aber-2016|Brau-2016",2,"D",30,5,40,70,2,"DM","M2",0.407143912053161
"Brau-2014|Brau-2015",2,"D",30,5,40,70,2,"DM","M2",0.544849896614368
"Brau-2014|Brau-2016",2,"D",30,5,40,70,2,"DM","M2",0.534896553522851
"Brau-2015|Brau-2016",2,"D",30,5,40,70,2,"DM","M2",0.478356980768396
"Aber-2015|Aber-2016",2,"E",40,0,40,80,2,"DM","M2",0.421742250310272
"Aber-2015|Brau-2014",2,"E",40,0,40,80,2,"DM","M2",0.546544166806369
"Aber-2015|Brau-2015",2,"E",40,0,40,80,2,"DM","M2",0.554990926865738
"Aber-2015|Brau-2016",2,"E",40,0,40,80,2,"DM","M2",0.533012672515997
"Aber-2016|Brau-2014",2,"E",40,0,40,80,2,"DM","M2",0.488820059858546
"Aber-2016|Brau-2015",2,"E",40,0,40,80,2,"DM","M2",0.504857210529802
"Aber-2016|Brau-2016",2,"E",40,0,40,80,2,"DM","M2",0.425206785772846
"Brau-2014|Brau-2015",2,"E",40,0,40,80,2,"DM","M2",0.515356538299476
"Brau-2014|Brau-2016",2,"E",40,0,40,80,2,"DM","M2",0.494939493285391
"Brau-2015|Brau-2016",2,"E",40,0,40,80,2,"DM","M2",0.451746259834651
"Aber-2015|Aber-2016",2,"A",0,20,40,40,3,"DM","M2",0.477123463558363
"Aber-2015|Brau-2014",2,"A",0,20,40,40,3,"DM","M2",0.521159174763312
"Aber-2015|Brau-2015",2,"A",0,20,40,40,3,"DM","M2",0.538515739068388
"Aber-2015|Brau-2016",2,"A",0,20,40,40,3,"DM","M2",0.496528420009648
"Aber-2016|Brau-2014",2,"A",0,20,40,40,3,"DM","M2",0.249212202707073
"Aber-2016|Brau-2015",2,"A",0,20,40,40,3,"DM","M2",0.44565015147456
"Aber-2016|Brau-2016",2,"A",0,20,40,40,3,"DM","M2",0.346551788170543
"Brau-2014|Brau-2015",2,"A",0,20,40,40,3,"DM","M2",0.47754763452106
"Brau-2014|Brau-2016",2,"A",0,20,40,40,3,"DM","M2",0.280657415525479
"Brau-2015|Brau-2016",2,"A",0,20,40,40,3,"DM","M2",0.556462914678598
"Aber-2015|Aber-2016",2,"B",10,15,40,50,3,"DM","M2",0.551431995769206
"Aber-2015|Brau-2014",2,"B",10,15,40,50,3,"DM","M2",0.593850914234141
"Aber-2015|Brau-2015",2,"B",10,15,40,50,3,"DM","M2",0.574649619948708
"Aber-2015|Brau-2016",2,"B",10,15,40,50,3,"DM","M2",0.492511723780212
"Aber-2016|Brau-2014",2,"B",10,15,40,50,3,"DM","M2",0.340187630592398
"Aber-2016|Brau-2015",2,"B",10,15,40,50,3,"DM","M2",0.382032445445662
"Aber-2016|Brau-2016",2,"B",10,15,40,50,3,"DM","M2",0.422289313894377
"Brau-2014|Brau-2015",2,"B",10,15,40,50,3,"DM","M2",0.530884612782285
"Brau-2014|Brau-2016",2,"B",10,15,40,50,3,"DM","M2",0.455327653065187
"Brau-2015|Brau-2016",2,"B",10,15,40,50,3,"DM","M2",0.401988742178463
"Aber-2015|Aber-2016",2,"C",20,10,40,60,3,"DM","M2",0.590470804770256
"Aber-2015|Brau-2014",2,"C",20,10,40,60,3,"DM","M2",0.359153175717283
"Aber-2015|Brau-2015",2,"C",20,10,40,60,3,"DM","M2",0.516966741160495
"Aber-2015|Brau-2016",2,"C",20,10,40,60,3,"DM","M2",0.527971135847633
"Aber-2016|Brau-2014",2,"C",20,10,40,60,3,"DM","M2",0.421827026600834
"Aber-2016|Brau-2015",2,"C",20,10,40,60,3,"DM","M2",0.420305549293009
"Aber-2016|Brau-2016",2,"C",20,10,40,60,3,"DM","M2",0.421305162126895
"Brau-2014|Brau-2015",2,"C",20,10,40,60,3,"DM","M2",0.535665156980701
"Brau-2014|Brau-2016",2,"C",20,10,40,60,3,"DM","M2",0.290624602941547
"Brau-2015|Brau-2016",2,"C",20,10,40,60,3,"DM","M2",0.48683080931768
"Aber-2015|Aber-2016",2,"D",30,5,40,70,3,"DM","M2",0.570479451549228
"Aber-2015|Brau-2014",2,"D",30,5,40,70,3,"DM","M2",0.605365307296906
"Aber-2015|Brau-2015",2,"D",30,5,40,70,3,"DM","M2",0.597709330317565
"Aber-2015|Brau-2016",2,"D",30,5,40,70,3,"DM","M2",0.466737732596564
"Aber-2016|Brau-2014",2,"D",30,5,40,70,3,"DM","M2",0.387159637467158
"Aber-2016|Brau-2015",2,"D",30,5,40,70,3,"DM","M2",0.509521130619107
"Aber-2016|Brau-2016",2,"D",30,5,40,70,3,"DM","M2",0.348848853165034
"Brau-2014|Brau-2015",2,"D",30,5,40,70,3,"DM","M2",0.499819720879896
"Brau-2014|Brau-2016",2,"D",30,5,40,70,3,"DM","M2",0.528449962476386
"Brau-2015|Brau-2016",2,"D",30,5,40,70,3,"DM","M2",0.46065674081648
"Aber-2015|Aber-2016",2,"E",40,0,40,80,3,"DM","M2",0.473229946600987
"Aber-2015|Brau-2014",2,"E",40,0,40,80,3,"DM","M2",0.528329985621284
"Aber-2015|Brau-2015",2,"E",40,0,40,80,3,"DM","M2",0.540117653048727
"Aber-2015|Brau-2016",2,"E",40,0,40,80,3,"DM","M2",0.543049542945512
"Aber-2016|Brau-2014",2,"E",40,0,40,80,3,"DM","M2",0.408995967998215
"Aber-2016|Brau-2015",2,"E",40,0,40,80,3,"DM","M2",0.416371664096877
"Aber-2016|Brau-2016",2,"E",40,0,40,80,3,"DM","M2",0.46568117491682
"Brau-2014|Brau-2015",2,"E",40,0,40,80,3,"DM","M2",0.569692077686366
"Brau-2014|Brau-2016",2,"E",40,0,40,80,3,"DM","M2",0.462552809163251
"Brau-2015|Brau-2016",2,"E",40,0,40,80,3,"DM","M2",0.395939042864263
"Aber-2015|Aber-2016",2,"A",0,20,40,40,4,"DM","M2",0.578986020857628
"Aber-2015|Brau-2014",2,"A",0,20,40,40,4,"DM","M2",0.493054889825981
"Aber-2015|Brau-2015",2,"A",0,20,40,40,4,"DM","M2",0.539345605146459
"Aber-2015|Brau-2016",2,"A",0,20,40,40,4,"DM","M2",0.402711587958024
"Aber-2016|Brau-2014",2,"A",0,20,40,40,4,"DM","M2",0.498742765662637
"Aber-2016|Brau-2015",2,"A",0,20,40,40,4,"DM","M2",0.548215089127682
"Aber-2016|Brau-2016",2,"A",0,20,40,40,4,"DM","M2",0.441902211956956
"Brau-2014|Brau-2015",2,"A",0,20,40,40,4,"DM","M2",0.489732299288867
"Brau-2014|Brau-2016",2,"A",0,20,40,40,4,"DM","M2",0.480173334230632
"Brau-2015|Brau-2016",2,"A",0,20,40,40,4,"DM","M2",0.497637449260088
"Aber-2015|Aber-2016",2,"B",10,15,40,50,4,"DM","M2",0.543407436713572
"Aber-2015|Brau-2014",2,"B",10,15,40,50,4,"DM","M2",0.540397936397428
"Aber-2015|Brau-2015",2,"B",10,15,40,50,4,"DM","M2",0.582322845525328
"Aber-2015|Brau-2016",2,"B",10,15,40,50,4,"DM","M2",0.458837758425346
"Aber-2016|Brau-2014",2,"B",10,15,40,50,4,"DM","M2",0.488245909821751
"Aber-2016|Brau-2015",2,"B",10,15,40,50,4,"DM","M2",0.497305342305232
"Aber-2016|Brau-2016",2,"B",10,15,40,50,4,"DM","M2",0.4585896161435
"Brau-2014|Brau-2015",2,"B",10,15,40,50,4,"DM","M2",0.546805006303366
"Brau-2014|Brau-2016",2,"B",10,15,40,50,4,"DM","M2",0.527632092509382
"Brau-2015|Brau-2016",2,"B",10,15,40,50,4,"DM","M2",0.546212732537675
"Aber-2015|Aber-2016",2,"C",20,10,40,60,4,"DM","M2",0.574661105029813
"Aber-2015|Brau-2014",2,"C",20,10,40,60,4,"DM","M2",0.523902747057694
"Aber-2015|Brau-2015",2,"C",20,10,40,60,4,"DM","M2",0.548190641700259
"Aber-2015|Brau-2016",2,"C",20,10,40,60,4,"DM","M2",0.505796215522663
"Aber-2016|Brau-2014",2,"C",20,10,40,60,4,"DM","M2",0.48880793482686
"Aber-2016|Brau-2015",2,"C",20,10,40,60,4,"DM","M2",0.453076528825597
"Aber-2016|Brau-2016",2,"C",20,10,40,60,4,"DM","M2",0.414017332185879
"Brau-2014|Brau-2015",2,"C",20,10,40,60,4,"DM","M2",0.555993783480986
"Brau-2014|Brau-2016",2,"C",20,10,40,60,4,"DM","M2",0.501657052050915
"Brau-2015|Brau-2016",2,"C",20,10,40,60,4,"DM","M2",0.450786397969322
"Aber-2015|Aber-2016",2,"D",30,5,40,70,4,"DM","M2",0.5659258033662
"Aber-2015|Brau-2014",2,"D",30,5,40,70,4,"DM","M2",0.495003896939912
"Aber-2015|Brau-2015",2,"D",30,5,40,70,4,"DM","M2",0.573512022813885
"Aber-2015|Brau-2016",2,"D",30,5,40,70,4,"DM","M2",0.536639962834411
"Aber-2016|Brau-2014",2,"D",30,5,40,70,4,"DM","M2",0.505148073072411
"Aber-2016|Brau-2015",2,"D",30,5,40,70,4,"DM","M2",0.511411564660978
"Aber-2016|Brau-2016",2,"D",30,5,40,70,4,"DM","M2",0.34975062219502
"Brau-2014|Brau-2015",2,"D",30,5,40,70,4,"DM","M2",0.52217842619532
"Brau-2014|Brau-2016",2,"D",30,5,40,70,4,"DM","M2",0.323794394232319
"Brau-2015|Brau-2016",2,"D",30,5,40,70,4,"DM","M2",0.42793501991229
"Aber-2015|Aber-2016",2,"E",40,0,40,80,4,"DM","M2",0.489286790493917
"Aber-2015|Brau-2014",2,"E",40,0,40,80,4,"DM","M2",0.540429791135951
"Aber-2015|Brau-2015",2,"E",40,0,40,80,4,"DM","M2",0.5565338549855
"Aber-2015|Brau-2016",2,"E",40,0,40,80,4,"DM","M2",0.515525988147546
"Aber-2016|Brau-2014",2,"E",40,0,40,80,4,"DM","M2",0.328651839967022
"Aber-2016|Brau-2015",2,"E",40,0,40,80,4,"DM","M2",0.440122776113681
"Aber-2016|Brau-2016",2,"E",40,0,40,80,4,"DM","M2",0.42548009789359
"Brau-2014|Brau-2015",2,"E",40,0,40,80,4,"DM","M2",0.410634525259863
"Brau-2014|Brau-2016",2,"E",40,0,40,80,4,"DM","M2",0.617135184973768
"Brau-2015|Brau-2016",2,"E",40,0,40,80,4,"DM","M2",0.46453277350691
"Aber-2015|Aber-2016",2,"A",0,20,40,40,5,"DM","M2",0.513799895872349
"Aber-2015|Brau-2014",2,"A",0,20,40,40,5,"DM","M2",0.329831222191947
"Aber-2015|Brau-2015",2,"A",0,20,40,40,5,"DM","M2",0.506713672733764
"Aber-2015|Brau-2016",2,"A",0,20,40,40,5,"DM","M2",0.444699380744944
"Aber-2016|Brau-2014",2,"A",0,20,40,40,5,"DM","M2",0.474201654071747
"Aber-2016|Brau-2015",2,"A",0,20,40,40,5,"DM","M2",0.471175970677715
"Aber-2016|Brau-2016",2,"A",0,20,40,40,5,"DM","M2",0.442723978503017
"Brau-2014|Brau-2015",2,"A",0,20,40,40,5,"DM","M2",0.545406602303418
"Brau-2014|Brau-2016",2,"A",0,20,40,40,5,"DM","M2",0.551962615479458
"Brau-2015|Brau-2016",2,"A",0,20,40,40,5,"DM","M2",0.469786372425474
"Aber-2015|Aber-2016",2,"B",10,15,40,50,5,"DM","M2",0.408932627656824
"Aber-2015|Brau-2014",2,"B",10,15,40,50,5,"DM","M2",0.457431285494012
"Aber-2015|Brau-2015",2,"B",10,15,40,50,5,"DM","M2",0.472522782180462
"Aber-2015|Brau-2016",2,"B",10,15,40,50,5,"DM","M2",0.563538046544492
"Aber-2016|Brau-2014",2,"B",10,15,40,50,5,"DM","M2",0.448462796122083
"Aber-2016|Brau-2015",2,"B",10,15,40,50,5,"DM","M2",0.343893195978347
"Aber-2016|Brau-2016",2,"B",10,15,40,50,5,"DM","M2",0.422968694149151
"Brau-2014|Brau-2015",2,"B",10,15,40,50,5,"DM","M2",0.527340576554307
"Brau-2014|Brau-2016",2,"B",10,15,40,50,5,"DM","M2",0.4776235956324
"Brau-2015|Brau-2016",2,"B",10,15,40,50,5,"DM","M2",0.468871858997266
"Aber-2015|Aber-2016",2,"C",20,10,40,60,5,"DM","M2",0.591925209484131
"Aber-2015|Brau-2014",2,"C",20,10,40,60,5,"DM","M2",0.422540678751021
"Aber-2015|Brau-2015",2,"C",20,10,40,60,5,"DM","M2",0.492816036413597
"Aber-2015|Brau-2016",2,"C",20,10,40,60,5,"DM","M2",0.483750596629346
"Aber-2016|Brau-2014",2,"C",20,10,40,60,5,"DM","M2",0.517799319199294
"Aber-2016|Brau-2015",2,"C",20,10,40,60,5,"DM","M2",0.452184203996569
"Aber-2016|Brau-2016",2,"C",20,10,40,60,5,"DM","M2",0.384500333067065
"Brau-2014|Brau-2015",2,"C",20,10,40,60,5,"DM","M2",0.572980992502782
"Brau-2014|Brau-2016",2,"C",20,10,40,60,5,"DM","M2",0.500729028601323
"Brau-2015|Brau-2016",2,"C",20,10,40,60,5,"DM","M2",0.531619858813378
"Aber-2015|Aber-2016",2,"D",30,5,40,70,5,"DM","M2",0.522740757611704
"Aber-2015|Brau-2014",2,"D",30,5,40,70,5,"DM","M2",0.497276303999686
"Aber-2015|Brau-2015",2,"D",30,5,40,70,5,"DM","M2",0.530662880624912
"Aber-2015|Brau-2016",2,"D",30,5,40,70,5,"DM","M2",0.402428548316076
"Aber-2016|Brau-2014",2,"D",30,5,40,70,5,"DM","M2",0.512741489713685
"Aber-2016|Brau-2015",2,"D",30,5,40,70,5,"DM","M2",0.473083865365628
"Aber-2016|Brau-2016",2,"D",30,5,40,70,5,"DM","M2",0.423829672447787
"Brau-2014|Brau-2015",2,"D",30,5,40,70,5,"DM","M2",0.466528492845829
"Brau-2014|Brau-2016",2,"D",30,5,40,70,5,"DM","M2",0.427526461356018
"Brau-2015|Brau-2016",2,"D",30,5,40,70,5,"DM","M2",0.377647507811803
"Aber-2015|Aber-2016",2,"E",40,0,40,80,5,"DM","M2",0.564613117264471
"Aber-2015|Brau-2014",2,"E",40,0,40,80,5,"DM","M2",0.554581670802466
"Aber-2015|Brau-2015",2,"E",40,0,40,80,5,"DM","M2",0.505021549788904
"Aber-2015|Brau-2016",2,"E",40,0,40,80,5,"DM","M2",0.504813992839888
"Aber-2016|Brau-2014",2,"E",40,0,40,80,5,"DM","M2",0.531496033393946
"Aber-2016|Brau-2015",2,"E",40,0,40,80,5,"DM","M2",0.460481169296307
"Aber-2016|Brau-2016",2,"E",40,0,40,80,5,"DM","M2",0.496835366669673
"Brau-2014|Brau-2015",2,"E",40,0,40,80,5,"DM","M2",0.490688949507462
"Brau-2014|Brau-2016",2,"E",40,0,40,80,5,"DM","M2",0.552205898374598
"Brau-2015|Brau-2016",2,"E",40,0,40,80,5,"DM","M2",0.50142445570356
"Aber-2015|Aber-2016",2,"A",0,20,40,40,1,"FW","M2",0.652829583659081
"Aber-2015|Brau-2014",2,"A",0,20,40,40,1,"FW","M2",0.506116105703789
"Aber-2015|Brau-2015",2,"A",0,20,40,40,1,"FW","M2",0.420362543670702
"Aber-2015|Brau-2016",2,"A",0,20,40,40,1,"FW","M2",0.430359745071865
"Aber-2016|Brau-2014",2,"A",0,20,40,40,1,"FW","M2",0.225475020467347
"Aber-2016|Brau-2015",2,"A",0,20,40,40,1,"FW","M2",0.460167709415784
"Aber-2016|Brau-2016",2,"A",0,20,40,40,1,"FW","M2",0.426953133899423
"Brau-2014|Brau-2015",2,"A",0,20,40,40,1,"FW","M2",0.434921574935248
"Brau-2014|Brau-2016",2,"A",0,20,40,40,1,"FW","M2",0.401999229473561
"Brau-2015|Brau-2016",2,"A",0,20,40,40,1,"FW","M2",0.477857946968277
"Aber-2015|Aber-2016",2,"B",10,15,40,50,1,"FW","M2",0.536669449736496
"Aber-2015|Brau-2014",2,"B",10,15,40,50,1,"FW","M2",0.454032790995188
"Aber-2015|Brau-2015",2,"B",10,15,40,50,1,"FW","M2",0.520180269501268
"Aber-2015|Brau-2016",2,"B",10,15,40,50,1,"FW","M2",0.36283780590664
"Aber-2016|Brau-2014",2,"B",10,15,40,50,1,"FW","M2",0.402730870232281
"Aber-2016|Brau-2015",2,"B",10,15,40,50,1,"FW","M2",0.482120323134464
"Aber-2016|Brau-2016",2,"B",10,15,40,50,1,"FW","M2",0.200863398744713
"Brau-2014|Brau-2015",2,"B",10,15,40,50,1,"FW","M2",0.545003797234345
"Brau-2014|Brau-2016",2,"B",10,15,40,50,1,"FW","M2",0.419830932409941
"Brau-2015|Brau-2016",2,"B",10,15,40,50,1,"FW","M2",0.467511523099382
"Aber-2015|Aber-2016",2,"C",20,10,40,60,1,"FW","M2",0.505730045412962
"Aber-2015|Brau-2014",2,"C",20,10,40,60,1,"FW","M2",0.429320060633355
"Aber-2015|Brau-2015",2,"C",20,10,40,60,1,"FW","M2",0.530681145456923
"Aber-2015|Brau-2016",2,"C",20,10,40,60,1,"FW","M2",0.445659049517979
"Aber-2016|Brau-2014",2,"C",20,10,40,60,1,"FW","M2",0.295756551165964
"Aber-2016|Brau-2015",2,"C",20,10,40,60,1,"FW","M2",0.460551880805102
"Aber-2016|Brau-2016",2,"C",20,10,40,60,1,"FW","M2",0.410643262158701
"Brau-2014|Brau-2015",2,"C",20,10,40,60,1,"FW","M2",0.505498763298897
"Brau-2014|Brau-2016",2,"C",20,10,40,60,1,"FW","M2",0.479278659800374
"Brau-2015|Brau-2016",2,"C",20,10,40,60,1,"FW","M2",0.48230971453413
"Aber-2015|Aber-2016",2,"D",30,5,40,70,1,"FW","M2",0.473999279218135
"Aber-2015|Brau-2014",2,"D",30,5,40,70,1,"FW","M2",0.487392291275341
"Aber-2015|Brau-2015",2,"D",30,5,40,70,1,"FW","M2",0.350844815488907
"Aber-2015|Brau-2016",2,"D",30,5,40,70,1,"FW","M2",0.501323364395227
"Aber-2016|Brau-2014",2,"D",30,5,40,70,1,"FW","M2",0.443736879372766
"Aber-2016|Brau-2015",2,"D",30,5,40,70,1,"FW","M2",0.451597236938646
"Aber-2016|Brau-2016",2,"D",30,5,40,70,1,"FW","M2",0.375415038372001
"Brau-2014|Brau-2015",2,"D",30,5,40,70,1,"FW","M2",0.515468604754532
"Brau-2014|Brau-2016",2,"D",30,5,40,70,1,"FW","M2",0.432921555838767
"Brau-2015|Brau-2016",2,"D",30,5,40,70,1,"FW","M2",0.517162335481009
"Aber-2015|Aber-2016",2,"E",40,0,40,80,1,"FW","M2",0.402616403478525
"Aber-2015|Brau-2014",2,"E",40,0,40,80,1,"FW","M2",0.55442913803082
"Aber-2015|Brau-2015",2,"E",40,0,40,80,1,"FW","M2",0.494689275685445
"Aber-2015|Brau-2016",2,"E",40,0,40,80,1,"FW","M2",0.527895971081936
"Aber-2016|Brau-2014",2,"E",40,0,40,80,1,"FW","M2",0.383936100043295
"Aber-2016|Brau-2015",2,"E",40,0,40,80,1,"FW","M2",0.394352771517942
"Aber-2016|Brau-2016",2,"E",40,0,40,80,1,"FW","M2",0.330921917644574
"Brau-2014|Brau-2015",2,"E",40,0,40,80,1,"FW","M2",0.426967443252825
"Brau-2014|Brau-2016",2,"E",40,0,40,80,1,"FW","M2",0.443977290035714
"Brau-2015|Brau-2016",2,"E",40,0,40,80,1,"FW","M2",0.543808372335291
"Aber-2015|Aber-2016",2,"A",0,20,40,40,2,"FW","M2",0.532047911991233
"Aber-2015|Brau-2014",2,"A",0,20,40,40,2,"FW","M2",0.462323739235286
"Aber-2015|Brau-2015",2,"A",0,20,40,40,2,"FW","M2",0.524141471645774
"Aber-2015|Brau-2016",2,"A",0,20,40,40,2,"FW","M2",0.378089699246529
"Aber-2016|Brau-2014",2,"A",0,20,40,40,2,"FW","M2",0.386070041134148
"Aber-2016|Brau-2015",2,"A",0,20,40,40,2,"FW","M2",0.537320794395507
"Aber-2016|Brau-2016",2,"A",0,20,40,40,2,"FW","M2",0.398438179332206
"Brau-2014|Brau-2015",2,"A",0,20,40,40,2,"FW","M2",0.435406895215868
"Brau-2014|Brau-2016",2,"A",0,20,40,40,2,"FW","M2",0.449309955368568
"Brau-2015|Brau-2016",2,"A",0,20,40,40,2,"FW","M2",0.481243478208135
"Aber-2015|Aber-2016",2,"B",10,15,40,50,2,"FW","M2",0.61093136295478
"Aber-2015|Brau-2014",2,"B",10,15,40,50,2,"FW","M2",0.52960827341357
"Aber-2015|Brau-2015",2,"B",10,15,40,50,2,"FW","M2",0.514039050362048
"Aber-2015|Brau-2016",2,"B",10,15,40,50,2,"FW","M2",0.443288726361894
"Aber-2016|Brau-2014",2,"B",10,15,40,50,2,"FW","M2",0.35737449619853
"Aber-2016|Brau-2015",2,"B",10,15,40,50,2,"FW","M2",0.496918661752862
"Aber-2016|Brau-2016",2,"B",10,15,40,50,2,"FW","M2",0.452901476734572
"Brau-2014|Brau-2015",2,"B",10,15,40,50,2,"FW","M2",0.501226726070459
"Brau-2014|Brau-2016",2,"B",10,15,40,50,2,"FW","M2",0.423357450642246
"Brau-2015|Brau-2016",2,"B",10,15,40,50,2,"FW","M2",0.41934080270043
"Aber-2015|Aber-2016",2,"C",20,10,40,60,2,"FW","M2",0.550474419431759
"Aber-2015|Brau-2014",2,"C",20,10,40,60,2,"FW","M2",0.460433560213869
"Aber-2015|Brau-2015",2,"C",20,10,40,60,2,"FW","M2",0.58296328212332
"Aber-2015|Brau-2016",2,"C",20,10,40,60,2,"FW","M2",0.392745079109968
"Aber-2016|Brau-2014",2,"C",20,10,40,60,2,"FW","M2",0.457994808976674
"Aber-2016|Brau-2015",2,"C",20,10,40,60,2,"FW","M2",0.469438180757518
"Aber-2016|Brau-2016",2,"C",20,10,40,60,2,"FW","M2",0.130317821590952
"Brau-2014|Brau-2015",2,"C",20,10,40,60,2,"FW","M2",0.530617909126342
"Brau-2014|Brau-2016",2,"C",20,10,40,60,2,"FW","M2",0.454156899523964
"Brau-2015|Brau-2016",2,"C",20,10,40,60,2,"FW","M2",0.512838322594293
"Aber-2015|Aber-2016",2,"D",30,5,40,70,2,"FW","M2",0.526163542914578
"Aber-2015|Brau-2014",2,"D",30,5,40,70,2,"FW","M2",0.491484570039609
"Aber-2015|Brau-2015",2,"D",30,5,40,70,2,"FW","M2",0.551595268362546
"Aber-2015|Brau-2016",2,"D",30,5,40,70,2,"FW","M2",0.496704410835775
"Aber-2016|Brau-2014",2,"D",30,5,40,70,2,"FW","M2",0.394809577658891
"Aber-2016|Brau-2015",2,"D",30,5,40,70,2,"FW","M2",0.443439928536871
"Aber-2016|Brau-2016",2,"D",30,5,40,70,2,"FW","M2",0.33476212837957
"Brau-2014|Brau-2015",2,"D",30,5,40,70,2,"FW","M2",0.530857549966062
"Brau-2014|Brau-2016",2,"D",30,5,40,70,2,"FW","M2",0.511110115414562
"Brau-2015|Brau-2016",2,"D",30,5,40,70,2,"FW","M2",0.457293604155898
"Aber-2015|Aber-2016",2,"E",40,0,40,80,2,"FW","M2",0.426519894432114
"Aber-2015|Brau-2014",2,"E",40,0,40,80,2,"FW","M2",0.535287332998687
"Aber-2015|Brau-2015",2,"E",40,0,40,80,2,"FW","M2",0.521922540901336
"Aber-2015|Brau-2016",2,"E",40,0,40,80,2,"FW","M2",0.495326526391251
"Aber-2016|Brau-2014",2,"E",40,0,40,80,2,"FW","M2",0.422746505617379
"Aber-2016|Brau-2015",2,"E",40,0,40,80,2,"FW","M2",0.487585463828937
"Aber-2016|Brau-2016",2,"E",40,0,40,80,2,"FW","M2",0.414729569037842
"Brau-2014|Brau-2015",2,"E",40,0,40,80,2,"FW","M2",0.491382815985526
"Brau-2014|Brau-2016",2,"E",40,0,40,80,2,"FW","M2",0.459147664057615
"Brau-2015|Brau-2016",2,"E",40,0,40,80,2,"FW","M2",0.394171544226135
"Aber-2015|Aber-2016",2,"A",0,20,40,40,3,"FW","M2",0.481519272495924
"Aber-2015|Brau-2014",2,"A",0,20,40,40,3,"FW","M2",0.464690832356358
"Aber-2015|Brau-2015",2,"A",0,20,40,40,3,"FW","M2",0.51908032376941
"Aber-2015|Brau-2016",2,"A",0,20,40,40,3,"FW","M2",0.424061240107475
"Aber-2016|Brau-2014",2,"A",0,20,40,40,3,"FW","M2",0.238193938886224
"Aber-2016|Brau-2015",2,"A",0,20,40,40,3,"FW","M2",0.458126939599377
"Aber-2016|Brau-2016",2,"A",0,20,40,40,3,"FW","M2",0.356687746472225
"Brau-2014|Brau-2015",2,"A",0,20,40,40,3,"FW","M2",0.432070574041102
"Brau-2014|Brau-2016",2,"A",0,20,40,40,3,"FW","M2",0.074442672128377
"Brau-2015|Brau-2016",2,"A",0,20,40,40,3,"FW","M2",0.537802593938575
"Aber-2015|Aber-2016",2,"B",10,15,40,50,3,"FW","M2",0.535134863718141
"Aber-2015|Brau-2014",2,"B",10,15,40,50,3,"FW","M2",0.533251812228775
"Aber-2015|Brau-2015",2,"B",10,15,40,50,3,"FW","M2",0.569379328698944
"Aber-2015|Brau-2016",2,"B",10,15,40,50,3,"FW","M2",0.469700577642141
"Aber-2016|Brau-2014",2,"B",10,15,40,50,3,"FW","M2",0.309840702992265
"Aber-2016|Brau-2015",2,"B",10,15,40,50,3,"FW","M2",0.341325711981348
"Aber-2016|Brau-2016",2,"B",10,15,40,50,3,"FW","M2",0.402874222703531
"Brau-2014|Brau-2015",2,"B",10,15,40,50,3,"FW","M2",0.518620609121976
"Brau-2014|Brau-2016",2,"B",10,15,40,50,3,"FW","M2",0.426638596724058
"Brau-2015|Brau-2016",2,"B",10,15,40,50,3,"FW","M2",0.370467509788619
"Aber-2015|Aber-2016",2,"C",20,10,40,60,3,"FW","M2",0.590703458410977
"Aber-2015|Brau-2014",2,"C",20,10,40,60,3,"FW","M2",0.323955395707849
"Aber-2015|Brau-2015",2,"C",20,10,40,60,3,"FW","M2",0.499052673899973
"Aber-2015|Brau-2016",2,"C",20,10,40,60,3,"FW","M2",0.486741434903119
"Aber-2016|Brau-2014",2,"C",20,10,40,60,3,"FW","M2",0.417036852166097
"Aber-2016|Brau-2015",2,"C",20,10,40,60,3,"FW","M2",0.350587176534303
"Aber-2016|Brau-2016",2,"C",20,10,40,60,3,"FW","M2",0.368830375434806
"Brau-2014|Brau-2015",2,"C",20,10,40,60,3,"FW","M2",0.468304656901954
"Brau-2014|Brau-2016",2,"C",20,10,40,60,3,"FW","M2",0.160275489831199
"Brau-2015|Brau-2016",2,"C",20,10,40,60,3,"FW","M2",0.453110973191559
"Aber-2015|Aber-2016",2,"D",30,5,40,70,3,"FW","M2",0.529393287894152
"Aber-2015|Brau-2014",2,"D",30,5,40,70,3,"FW","M2",0.562778354032067
"Aber-2015|Brau-2015",2,"D",30,5,40,70,3,"FW","M2",0.570840770198598
"Aber-2015|Brau-2016",2,"D",30,5,40,70,3,"FW","M2",0.43040388949862
"Aber-2016|Brau-2014",2,"D",30,5,40,70,3,"FW","M2",0.379437230854976
"Aber-2016|Brau-2015",2,"D",30,5,40,70,3,"FW","M2",0.510851597889065
"Aber-2016|Brau-2016",2,"D",30,5,40,70,3,"FW","M2",0.329736702339017
"Brau-2014|Brau-2015",2,"D",30,5,40,70,3,"FW","M2",0.484129720916276
"Brau-2014|Brau-2016",2,"D",30,5,40,70,3,"FW","M2",0.49925483607738
"Brau-2015|Brau-2016",2,"D",30,5,40,70,3,"FW","M2",0.448825451855699
"Aber-2015|Aber-2016",2,"E",40,0,40,80,3,"FW","M2",0.463171874743048
"Aber-2015|Brau-2014",2,"E",40,0,40,80,3,"FW","M2",0.490420151654581
"Aber-2015|Brau-2015",2,"E",40,0,40,80,3,"FW","M2",0.522584877614656
"Aber-2015|Brau-2016",2,"E",40,0,40,80,3,"FW","M2",0.501627205587784
"Aber-2016|Brau-2014",2,"E",40,0,40,80,3,"FW","M2",0.292283133269973
"Aber-2016|Brau-2015",2,"E",40,0,40,80,3,"FW","M2",0.38554002962618
"Aber-2016|Brau-2016",2,"E",40,0,40,80,3,"FW","M2",0.327535579862172
"Brau-2014|Brau-2015",2,"E",40,0,40,80,3,"FW","M2",0.523054677538234
"Brau-2014|Brau-2016",2,"E",40,0,40,80,3,"FW","M2",0.439072146031168
"Brau-2015|Brau-2016",2,"E",40,0,40,80,3,"FW","M2",0.374972971393615
"Aber-2015|Aber-2016",2,"A",0,20,40,40,4,"FW","M2",0.574252736292721
"Aber-2015|Brau-2014",2,"A",0,20,40,40,4,"FW","M2",0.453485768137251
"Aber-2015|Brau-2015",2,"A",0,20,40,40,4,"FW","M2",0.53345308790966
"Aber-2015|Brau-2016",2,"A",0,20,40,40,4,"FW","M2",0.40118517930221
"Aber-2016|Brau-2014",2,"A",0,20,40,40,4,"FW","M2",0.503637047935038
"Aber-2016|Brau-2015",2,"A",0,20,40,40,4,"FW","M2",0.529786572705221
"Aber-2016|Brau-2016",2,"A",0,20,40,40,4,"FW","M2",0.410870867210416
"Brau-2014|Brau-2015",2,"A",0,20,40,40,4,"FW","M2",0.441416092826304
"Brau-2014|Brau-2016",2,"A",0,20,40,40,4,"FW","M2",0.431897142868568
"Brau-2015|Brau-2016",2,"A",0,20,40,40,4,"FW","M2",0.503391600390466
"Aber-2015|Aber-2016",2,"B",10,15,40,50,4,"FW","M2",0.50260622689801
"Aber-2015|Brau-2014",2,"B",10,15,40,50,4,"FW","M2",0.492845005208009
"Aber-2015|Brau-2015",2,"B",10,15,40,50,4,"FW","M2",0.557138093139357
"Aber-2015|Brau-2016",2,"B",10,15,40,50,4,"FW","M2",0.403820484490391
"Aber-2016|Brau-2014",2,"B",10,15,40,50,4,"FW","M2",0.489004296699512
"Aber-2016|Brau-2015",2,"B",10,15,40,50,4,"FW","M2",0.486696722661386
"Aber-2016|Brau-2016",2,"B",10,15,40,50,4,"FW","M2",0.438203864889962
"Brau-2014|Brau-2015",2,"B",10,15,40,50,4,"FW","M2",0.526664463349549
"Brau-2014|Brau-2016",2,"B",10,15,40,50,4,"FW","M2",0.509863943740271
"Brau-2015|Brau-2016",2,"B",10,15,40,50,4,"FW","M2",0.529580815485482
"Aber-2015|Aber-2016",2,"C",20,10,40,60,4,"FW","M2",0.526458222495783
"Aber-2015|Brau-2014",2,"C",20,10,40,60,4,"FW","M2",0.477927872774978
"Aber-2015|Brau-2015",2,"C",20,10,40,60,4,"FW","M2",0.521363132272367
"Aber-2015|Brau-2016",2,"C",20,10,40,60,4,"FW","M2",0.458515728646263
"Aber-2016|Brau-2014",2,"C",20,10,40,60,4,"FW","M2",0.480823230450952
"Aber-2016|Brau-2015",2,"C",20,10,40,60,4,"FW","M2",0.389891128478438
"Aber-2016|Brau-2016",2,"C",20,10,40,60,4,"FW","M2",0.385733853803268
"Brau-2014|Brau-2015",2,"C",20,10,40,60,4,"FW","M2",0.538145973989394
"Brau-2014|Brau-2016",2,"C",20,10,40,60,4,"FW","M2",0.404221981768624
"Brau-2015|Brau-2016",2,"C",20,10,40,60,4,"FW","M2",0.40626410626055
"Aber-2015|Aber-2016",2,"D",30,5,40,70,4,"FW","M2",0.53654760342837
"Aber-2015|Brau-2014",2,"D",30,5,40,70,4,"FW","M2",0.449770024915243
"Aber-2015|Brau-2015",2,"D",30,5,40,70,4,"FW","M2",0.547960050842806
"Aber-2015|Brau-2016",2,"D",30,5,40,70,4,"FW","M2",0.490894244025586
"Aber-2016|Brau-2014",2,"D",30,5,40,70,4,"FW","M2",0.500209391399886
"Aber-2016|Brau-2015",2,"D",30,5,40,70,4,"FW","M2",0.519063732750297
"Aber-2016|Brau-2016",2,"D",30,5,40,70,4,"FW","M2",0.325720444560797
"Brau-2014|Brau-2015",2,"D",30,5,40,70,4,"FW","M2",0.506288728349254
"Brau-2014|Brau-2016",2,"D",30,5,40,70,4,"FW","M2",0.278690461331056
"Brau-2015|Brau-2016",2,"D",30,5,40,70,4,"FW","M2",0.409854475883219
"Aber-2015|Aber-2016",2,"E",40,0,40,80,4,"FW","M2",0.481133824126474
"Aber-2015|Brau-2014",2,"E",40,0,40,80,4,"FW","M2",0.528176228151529
"Aber-2015|Brau-2015",2,"E",40,0,40,80,4,"FW","M2",0.514374053878456
"Aber-2015|Brau-2016",2,"E",40,0,40,80,4,"FW","M2",0.476458674190908
"Aber-2016|Brau-2014",2,"E",40,0,40,80,4,"FW","M2",0.340003195425617
"Aber-2016|Brau-2015",2,"E",40,0,40,80,4,"FW","M2",0.451861553193089
"Aber-2016|Brau-2016",2,"E",40,0,40,80,4,"FW","M2",0.407726759955352
"Brau-2014|Brau-2015",2,"E",40,0,40,80,4,"FW","M2",0.393990195295808
"Brau-2014|Brau-2016",2,"E",40,0,40,80,4,"FW","M2",0.58771522698575
"Brau-2015|Brau-2016",2,"E",40,0,40,80,4,"FW","M2",0.452287690364677
"Aber-2015|Aber-2016",2,"A",0,20,40,40,5,"FW","M2",0.52725308061299
"Aber-2015|Brau-2014",2,"A",0,20,40,40,5,"FW","M2",0.273899051620231
"Aber-2015|Brau-2015",2,"A",0,20,40,40,5,"FW","M2",0.501424836321084
"Aber-2015|Brau-2016",2,"A",0,20,40,40,5,"FW","M2",0.417244897333147
"Aber-2016|Brau-2014",2,"A",0,20,40,40,5,"FW","M2",0.459864153646126
"Aber-2016|Brau-2015",2,"A",0,20,40,40,5,"FW","M2",0.462123928113608
"Aber-2016|Brau-2016",2,"A",0,20,40,40,5,"FW","M2",0.430985027721033
"Brau-2014|Brau-2015",2,"A",0,20,40,40,5,"FW","M2",0.526200293907358
"Brau-2014|Brau-2016",2,"A",0,20,40,40,5,"FW","M2",0.496579692287371
"Brau-2015|Brau-2016",2,"A",0,20,40,40,5,"FW","M2",0.430593859874751
"Aber-2015|Aber-2016",2,"B",10,15,40,50,5,"FW","M2",0.385248300068844
"Aber-2015|Brau-2014",2,"B",10,15,40,50,5,"FW","M2",0.439451508979193
"Aber-2015|Brau-2015",2,"B",10,15,40,50,5,"FW","M2",0.389089215860372
"Aber-2015|Brau-2016",2,"B",10,15,40,50,5,"FW","M2",0.526127269979976
"Aber-2016|Brau-2014",2,"B",10,15,40,50,5,"FW","M2",0.404328298231964
"Aber-2016|Brau-2015",2,"B",10,15,40,50,5,"FW","M2",0.27724344477036
"Aber-2016|Brau-2016",2,"B",10,15,40,50,5,"FW","M2",0.383883655345255
"Brau-2014|Brau-2015",2,"B",10,15,40,50,5,"FW","M2",0.508672048280749
"Brau-2014|Brau-2016",2,"B",10,15,40,50,5,"FW","M2",0.45903092065723
"Brau-2015|Brau-2016",2,"B",10,15,40,50,5,"FW","M2",0.420998352081062
"Aber-2015|Aber-2016",2,"C",20,10,40,60,5,"FW","M2",0.584012951225782
"Aber-2015|Brau-2014",2,"C",20,10,40,60,5,"FW","M2",0.384467466227119
"Aber-2015|Brau-2015",2,"C",20,10,40,60,5,"FW","M2",0.4700304211043
"Aber-2015|Brau-2016",2,"C",20,10,40,60,5,"FW","M2",0.436430672597043
"Aber-2016|Brau-2014",2,"C",20,10,40,60,5,"FW","M2",0.506628841710393
"Aber-2016|Brau-2015",2,"C",20,10,40,60,5,"FW","M2",0.468299534938673
"Aber-2016|Brau-2016",2,"C",20,10,40,60,5,"FW","M2",0.364312522679613
"Brau-2014|Brau-2015",2,"C",20,10,40,60,5,"FW","M2",0.543447002456162
"Brau-2014|Brau-2016",2,"C",20,10,40,60,5,"FW","M2",0.466303211610771
"Brau-2015|Brau-2016",2,"C",20,10,40,60,5,"FW","M2",0.49922612303502
"Aber-2015|Aber-2016",2,"D",30,5,40,70,5,"FW","M2",0.470077914770122
"Aber-2015|Brau-2014",2,"D",30,5,40,70,5,"FW","M2",0.456525663236486
"Aber-2015|Brau-2015",2,"D",30,5,40,70,5,"FW","M2",0.516874158613007
"Aber-2015|Brau-2016",2,"D",30,5,40,70,5,"FW","M2",0.386532064892421
"Aber-2016|Brau-2014",2,"D",30,5,40,70,5,"FW","M2",0.380883225267829
"Aber-2016|Brau-2015",2,"D",30,5,40,70,5,"FW","M2",0.433181323551414
"Aber-2016|Brau-2016",2,"D",30,5,40,70,5,"FW","M2",0.382171783938367
"Brau-2014|Brau-2015",2,"D",30,5,40,70,5,"FW","M2",0.431302926336089
"Brau-2014|Brau-2016",2,"D",30,5,40,70,5,"FW","M2",0.391131668964085
"Brau-2015|Brau-2016",2,"D",30,5,40,70,5,"FW","M2",0.333015271563672
"Aber-2015|Aber-2016",2,"E",40,0,40,80,5,"FW","M2",0.546692585903222
"Aber-2015|Brau-2014",2,"E",40,0,40,80,5,"FW","M2",0.535671745788954
"Aber-2015|Brau-2015",2,"E",40,0,40,80,5,"FW","M2",0.454334327047914
"Aber-2015|Brau-2016",2,"E",40,0,40,80,5,"FW","M2",0.443643213378385
"Aber-2016|Brau-2014",2,"E",40,0,40,80,5,"FW","M2",0.381680983436494
"Aber-2016|Brau-2015",2,"E",40,0,40,80,5,"FW","M2",0.382623501084837
"Aber-2016|Brau-2016",2,"E",40,0,40,80,5,"FW","M2",0.460915029453345
"Brau-2014|Brau-2015",2,"E",40,0,40,80,5,"FW","M2",0.468291664211283
"Brau-2014|Brau-2016",2,"E",40,0,40,80,5,"FW","M2",0.521888375694875
"Brau-2015|Brau-2016",2,"E",40,0,40,80,5,"FW","M2",0.470110783584133
"Aber-2015|Aber-2016",2,"A",0,20,40,40,1,"MC","M2",0.558368544095262
"Aber-2015|Brau-2014",2,"A",0,20,40,40,1,"MC","M2",0.384285799185818
"Aber-2015|Brau-2015",2,"A",0,20,40,40,1,"MC","M2",-0.0984045348990389
"Aber-2015|Brau-2016",2,"A",0,20,40,40,1,"MC","M2",0.312588696608202
"Aber-2016|Brau-2014",2,"A",0,20,40,40,1,"MC","M2",0.455511804269533
"Aber-2016|Brau-2015",2,"A",0,20,40,40,1,"MC","M2",0.369816388022811
"Aber-2016|Brau-2016",2,"A",0,20,40,40,1,"MC","M2",0.258860099000031
"Brau-2014|Brau-2015",2,"A",0,20,40,40,1,"MC","M2",0.461589373069843
"Brau-2014|Brau-2016",2,"A",0,20,40,40,1,"MC","M2",0.207072951823632
"Brau-2015|Brau-2016",2,"A",0,20,40,40,1,"MC","M2",0.18114629013472
"Aber-2015|Aber-2016",2,"B",10,15,40,50,1,"MC","M2",0.403125354493972
"Aber-2015|Brau-2014",2,"B",10,15,40,50,1,"MC","M2",0.470583269310713
"Aber-2015|Brau-2015",2,"B",10,15,40,50,1,"MC","M2",0.568139254202923
"Aber-2015|Brau-2016",2,"B",10,15,40,50,1,"MC","M2",0.240348606894207
"Aber-2016|Brau-2014",2,"B",10,15,40,50,1,"MC","M2",0.502663222788544
"Aber-2016|Brau-2015",2,"B",10,15,40,50,1,"MC","M2",0.463677863083012
"Aber-2016|Brau-2016",2,"B",10,15,40,50,1,"MC","M2",0.136847847180064
"Brau-2014|Brau-2015",2,"B",10,15,40,50,1,"MC","M2",0.415172967090055
"Brau-2014|Brau-2016",2,"B",10,15,40,50,1,"MC","M2",0.224192086092623
"Brau-2015|Brau-2016",2,"B",10,15,40,50,1,"MC","M2",0.288015207835341
"Aber-2015|Aber-2016",2,"C",20,10,40,60,1,"MC","M2",0.452221620600969
"Aber-2015|Brau-2014",2,"C",20,10,40,60,1,"MC","M2",0.468549203983903
"Aber-2015|Brau-2015",2,"C",20,10,40,60,1,"MC","M2",0.518552592250831
"Aber-2015|Brau-2016",2,"C",20,10,40,60,1,"MC","M2",0.179798275989962
"Aber-2016|Brau-2014",2,"C",20,10,40,60,1,"MC","M2",0.460144357680747
"Aber-2016|Brau-2015",2,"C",20,10,40,60,1,"MC","M2",0.447599793747896
"Aber-2016|Brau-2016",2,"C",20,10,40,60,1,"MC","M2",0.32029227599706
"Brau-2014|Brau-2015",2,"C",20,10,40,60,1,"MC","M2",0.484243859894671
"Brau-2014|Brau-2016",2,"C",20,10,40,60,1,"MC","M2",0.321461706347553
"Brau-2015|Brau-2016",2,"C",20,10,40,60,1,"MC","M2",0.369617670695679
"Aber-2015|Aber-2016",2,"D",30,5,40,70,1,"MC","M2",0.448405481058017
"Aber-2015|Brau-2014",2,"D",30,5,40,70,1,"MC","M2",0.444136696749795
"Aber-2015|Brau-2015",2,"D",30,5,40,70,1,"MC","M2",0.423454064142766
"Aber-2015|Brau-2016",2,"D",30,5,40,70,1,"MC","M2",0.218215714523618
"Aber-2016|Brau-2014",2,"D",30,5,40,70,1,"MC","M2",0.469950294587839
"Aber-2016|Brau-2015",2,"D",30,5,40,70,1,"MC","M2",0.506594673398995
"Aber-2016|Brau-2016",2,"D",30,5,40,70,1,"MC","M2",0.178315210270293
"Brau-2014|Brau-2015",2,"D",30,5,40,70,1,"MC","M2",0.497059174701978
"Brau-2014|Brau-2016",2,"D",30,5,40,70,1,"MC","M2",0.254961359424603
"Brau-2015|Brau-2016",2,"D",30,5,40,70,1,"MC","M2",0.231640707321043
"Aber-2015|Aber-2016",2,"E",40,0,40,80,1,"MC","M2",0.432019231730428
"Aber-2015|Brau-2014",2,"E",40,0,40,80,1,"MC","M2",0.53001772356492
"Aber-2015|Brau-2015",2,"E",40,0,40,80,1,"MC","M2",0.41926824968934
"Aber-2015|Brau-2016",2,"E",40,0,40,80,1,"MC","M2",0.29122700168857
"Aber-2016|Brau-2014",2,"E",40,0,40,80,1,"MC","M2",0.573105286517599
"Aber-2016|Brau-2015",2,"E",40,0,40,80,1,"MC","M2",0.360689147509936
"Aber-2016|Brau-2016",2,"E",40,0,40,80,1,"MC","M2",0.161975562345668
"Brau-2014|Brau-2015",2,"E",40,0,40,80,1,"MC","M2",0.482585401951344
"Brau-2014|Brau-2016",2,"E",40,0,40,80,1,"MC","M2",0.307939378516573
"Brau-2015|Brau-2016",2,"E",40,0,40,80,1,"MC","M2",0.206057744792374
"Aber-2015|Aber-2016",2,"A",0,20,40,40,2,"MC","M2",0.49282918743779
"Aber-2015|Brau-2014",2,"A",0,20,40,40,2,"MC","M2",0.422368041175161
"Aber-2015|Brau-2015",2,"A",0,20,40,40,2,"MC","M2",0.483513340893585
"Aber-2015|Brau-2016",2,"A",0,20,40,40,2,"MC","M2",0.227548129053361
"Aber-2016|Brau-2014",2,"A",0,20,40,40,2,"MC","M2",0.537863773842983
"Aber-2016|Brau-2015",2,"A",0,20,40,40,2,"MC","M2",0.519700051068051
"Aber-2016|Brau-2016",2,"A",0,20,40,40,2,"MC","M2",0.302093705635603
"Brau-2014|Brau-2015",2,"A",0,20,40,40,2,"MC","M2",0.462726761426761
"Brau-2014|Brau-2016",2,"A",0,20,40,40,2,"MC","M2",0.232225868200911
"Brau-2015|Brau-2016",2,"A",0,20,40,40,2,"MC","M2",0.201673228508851
"Aber-2015|Aber-2016",2,"B",10,15,40,50,2,"MC","M2",0.431713877189832
"Aber-2015|Brau-2014",2,"B",10,15,40,50,2,"MC","M2",0.228190091501645
"Aber-2015|Brau-2015",2,"B",10,15,40,50,2,"MC","M2",0.457552190291191
"Aber-2015|Brau-2016",2,"B",10,15,40,50,2,"MC","M2",0.307749146750469
"Aber-2016|Brau-2014",2,"B",10,15,40,50,2,"MC","M2",0.47994942718051
"Aber-2016|Brau-2015",2,"B",10,15,40,50,2,"MC","M2",0.509236989397134
"Aber-2016|Brau-2016",2,"B",10,15,40,50,2,"MC","M2",0.243363409490256
"Brau-2014|Brau-2015",2,"B",10,15,40,50,2,"MC","M2",0.519805254232908
"Brau-2014|Brau-2016",2,"B",10,15,40,50,2,"MC","M2",0.0988872987312047
"Brau-2015|Brau-2016",2,"B",10,15,40,50,2,"MC","M2",0.259029339664081
"Aber-2015|Aber-2016",2,"C",20,10,40,60,2,"MC","M2",0.422053051155732
"Aber-2015|Brau-2014",2,"C",20,10,40,60,2,"MC","M2",0.442964060099691
"Aber-2015|Brau-2015",2,"C",20,10,40,60,2,"MC","M2",0.444855276198191
"Aber-2015|Brau-2016",2,"C",20,10,40,60,2,"MC","M2",0.247832316214837
"Aber-2016|Brau-2014",2,"C",20,10,40,60,2,"MC","M2",0.516770154720309
"Aber-2016|Brau-2015",2,"C",20,10,40,60,2,"MC","M2",0.515739562718033
"Aber-2016|Brau-2016",2,"C",20,10,40,60,2,"MC","M2",0.251688370202404
"Brau-2014|Brau-2015",2,"C",20,10,40,60,2,"MC","M2",0.427752003814584
"Brau-2014|Brau-2016",2,"C",20,10,40,60,2,"MC","M2",0.415252565057803
"Brau-2015|Brau-2016",2,"C",20,10,40,60,2,"MC","M2",0.296150910247502
"Aber-2015|Aber-2016",2,"D",30,5,40,70,2,"MC","M2",0.458972158134683
"Aber-2015|Brau-2014",2,"D",30,5,40,70,2,"MC","M2",0.514994042131229
"Aber-2015|Brau-2015",2,"D",30,5,40,70,2,"MC","M2",0.349544867648874
"Aber-2015|Brau-2016",2,"D",30,5,40,70,2,"MC","M2",0.326887863130806
"Aber-2016|Brau-2014",2,"D",30,5,40,70,2,"MC","M2",0.575104265528435
"Aber-2016|Brau-2015",2,"D",30,5,40,70,2,"MC","M2",0.353779128245716
"Aber-2016|Brau-2016",2,"D",30,5,40,70,2,"MC","M2",0.193178345775076
"Brau-2014|Brau-2015",2,"D",30,5,40,70,2,"MC","M2",0.531099923522555
"Brau-2014|Brau-2016",2,"D",30,5,40,70,2,"MC","M2",0.279756182995115
"Brau-2015|Brau-2016",2,"D",30,5,40,70,2,"MC","M2",0.308095406927137
"Aber-2015|Aber-2016",2,"E",40,0,40,80,2,"MC","M2",0.375217423218783
"Aber-2015|Brau-2014",2,"E",40,0,40,80,2,"MC","M2",0.471131176685123
"Aber-2015|Brau-2015",2,"E",40,0,40,80,2,"MC","M2",0.34991369755694
"Aber-2015|Brau-2016",2,"E",40,0,40,80,2,"MC","M2",0.249728276977002
"Aber-2016|Brau-2014",2,"E",40,0,40,80,2,"MC","M2",0.4660490505791
"Aber-2016|Brau-2015",2,"E",40,0,40,80,2,"MC","M2",0.38879662074928
"Aber-2016|Brau-2016",2,"E",40,0,40,80,2,"MC","M2",0.324745165283042
"Brau-2014|Brau-2015",2,"E",40,0,40,80,2,"MC","M2",0.492599661882652
"Brau-2014|Brau-2016",2,"E",40,0,40,80,2,"MC","M2",0.27329253792968
"Brau-2015|Brau-2016",2,"E",40,0,40,80,2,"MC","M2",0.218990436465639
"Aber-2015|Aber-2016",2,"A",0,20,40,40,3,"MC","M2",0.439007523496476
"Aber-2015|Brau-2014",2,"A",0,20,40,40,3,"MC","M2",0.476970373775127
"Aber-2015|Brau-2015",2,"A",0,20,40,40,3,"MC","M2",0.507988737448933
"Aber-2015|Brau-2016",2,"A",0,20,40,40,3,"MC","M2",0.172671385338907
"Aber-2016|Brau-2014",2,"A",0,20,40,40,3,"MC","M2",0.417908516480599
"Aber-2016|Brau-2015",2,"A",0,20,40,40,3,"MC","M2",0.496755232738854
"Aber-2016|Brau-2016",2,"A",0,20,40,40,3,"MC","M2",0.170682523913821
"Brau-2014|Brau-2015",2,"A",0,20,40,40,3,"MC","M2",0.4453788280292
"Brau-2014|Brau-2016",2,"A",0,20,40,40,3,"MC","M2",0.212908909058323
"Brau-2015|Brau-2016",2,"A",0,20,40,40,3,"MC","M2",0.424831025909517
"Aber-2015|Aber-2016",2,"B",10,15,40,50,3,"MC","M2",0.432466754855646
"Aber-2015|Brau-2014",2,"B",10,15,40,50,3,"MC","M2",0.453049632841856
"Aber-2015|Brau-2015",2,"B",10,15,40,50,3,"MC","M2",0.490774300318128
"Aber-2015|Brau-2016",2,"B",10,15,40,50,3,"MC","M2",0.35208552245451
"Aber-2016|Brau-2014",2,"B",10,15,40,50,3,"MC","M2",0.452753889121873
"Aber-2016|Brau-2015",2,"B",10,15,40,50,3,"MC","M2",0.434161092919796
"Aber-2016|Brau-2016",2,"B",10,15,40,50,3,"MC","M2",0.317054721622473
"Brau-2014|Brau-2015",2,"B",10,15,40,50,3,"MC","M2",0.449252577235111
"Brau-2014|Brau-2016",2,"B",10,15,40,50,3,"MC","M2",0.235494243592027
"Brau-2015|Brau-2016",2,"B",10,15,40,50,3,"MC","M2",0.278453408417617
"Aber-2015|Aber-2016",2,"C",20,10,40,60,3,"MC","M2",0.45511109468075
"Aber-2015|Brau-2014",2,"C",20,10,40,60,3,"MC","M2",0.496666129536153
"Aber-2015|Brau-2015",2,"C",20,10,40,60,3,"MC","M2",0.460228764237219
"Aber-2015|Brau-2016",2,"C",20,10,40,60,3,"MC","M2",0.254313843219282
"Aber-2016|Brau-2014",2,"C",20,10,40,60,3,"MC","M2",0.478233988470798
"Aber-2016|Brau-2015",2,"C",20,10,40,60,3,"MC","M2",0.435466804879362
"Aber-2016|Brau-2016",2,"C",20,10,40,60,3,"MC","M2",0.234447616624697
"Brau-2014|Brau-2015",2,"C",20,10,40,60,3,"MC","M2",0.413285917683477
"Brau-2014|Brau-2016",2,"C",20,10,40,60,3,"MC","M2",0.273386484414561
"Brau-2015|Brau-2016",2,"C",20,10,40,60,3,"MC","M2",0.329184761664432
"Aber-2015|Aber-2016",2,"D",30,5,40,70,3,"MC","M2",0.315523497738515
"Aber-2015|Brau-2014",2,"D",30,5,40,70,3,"MC","M2",0.447576561195804
"Aber-2015|Brau-2015",2,"D",30,5,40,70,3,"MC","M2",0.405473662837432
"Aber-2015|Brau-2016",2,"D",30,5,40,70,3,"MC","M2",0.284041841451961
"Aber-2016|Brau-2014",2,"D",30,5,40,70,3,"MC","M2",0.392983249059333
"Aber-2016|Brau-2015",2,"D",30,5,40,70,3,"MC","M2",0.435602396502396
"Aber-2016|Brau-2016",2,"D",30,5,40,70,3,"MC","M2",0.324313282242742
"Brau-2014|Brau-2015",2,"D",30,5,40,70,3,"MC","M2",0.489640026721484
"Brau-2014|Brau-2016",2,"D",30,5,40,70,3,"MC","M2",0.243912531375876
"Brau-2015|Brau-2016",2,"D",30,5,40,70,3,"MC","M2",0.369241506739566
"Aber-2015|Aber-2016",2,"E",40,0,40,80,3,"MC","M2",0.399384120069001
"Aber-2015|Brau-2014",2,"E",40,0,40,80,3,"MC","M2",0.362598143630963
"Aber-2015|Brau-2015",2,"E",40,0,40,80,3,"MC","M2",0.506889881838328
"Aber-2015|Brau-2016",2,"E",40,0,40,80,3,"MC","M2",0.249121435132577
"Aber-2016|Brau-2014",2,"E",40,0,40,80,3,"MC","M2",0.399439351038827
"Aber-2016|Brau-2015",2,"E",40,0,40,80,3,"MC","M2",0.340567216298842
"Aber-2016|Brau-2016",2,"E",40,0,40,80,3,"MC","M2",0.182861379471698
"Brau-2014|Brau-2015",2,"E",40,0,40,80,3,"MC","M2",0.468399790078089
"Brau-2014|Brau-2016",2,"E",40,0,40,80,3,"MC","M2",0.264562846177768
"Brau-2015|Brau-2016",2,"E",40,0,40,80,3,"MC","M2",0.219879138006744
"Aber-2015|Aber-2016",2,"A",0,20,40,40,4,"MC","M2",0.446901519796988
"Aber-2015|Brau-2014",2,"A",0,20,40,40,4,"MC","M2",0.380685321223446
"Aber-2015|Brau-2015",2,"A",0,20,40,40,4,"MC","M2",0.533726354356681
"Aber-2015|Brau-2016",2,"A",0,20,40,40,4,"MC","M2",0.215418537725782
"Aber-2016|Brau-2014",2,"A",0,20,40,40,4,"MC","M2",0.478835867344789
"Aber-2016|Brau-2015",2,"A",0,20,40,40,4,"MC","M2",0.502529923309587
"Aber-2016|Brau-2016",2,"A",0,20,40,40,4,"MC","M2",0.207471862929157
"Brau-2014|Brau-2015",2,"A",0,20,40,40,4,"MC","M2",0.424801589964962
"Brau-2014|Brau-2016",2,"A",0,20,40,40,4,"MC","M2",0.291866088323007
"Brau-2015|Brau-2016",2,"A",0,20,40,40,4,"MC","M2",0.323620317691888
"Aber-2015|Aber-2016",2,"B",10,15,40,50,4,"MC","M2",0.237040700505369
"Aber-2015|Brau-2014",2,"B",10,15,40,50,4,"MC","M2",0.454175014769218
"Aber-2015|Brau-2015",2,"B",10,15,40,50,4,"MC","M2",0.406521370355608
"Aber-2015|Brau-2016",2,"B",10,15,40,50,4,"MC","M2",0.206603764809001
"Aber-2016|Brau-2014",2,"B",10,15,40,50,4,"MC","M2",0.518272245935955
"Aber-2016|Brau-2015",2,"B",10,15,40,50,4,"MC","M2",0.464690015805258
"Aber-2016|Brau-2016",2,"B",10,15,40,50,4,"MC","M2",0.237520720696901
"Brau-2014|Brau-2015",2,"B",10,15,40,50,4,"MC","M2",0.438131884536521
"Brau-2014|Brau-2016",2,"B",10,15,40,50,4,"MC","M2",0.227261949371398
"Brau-2015|Brau-2016",2,"B",10,15,40,50,4,"MC","M2",0.27994432796691
"Aber-2015|Aber-2016",2,"C",20,10,40,60,4,"MC","M2",0.335692706832096
"Aber-2015|Brau-2014",2,"C",20,10,40,60,4,"MC","M2",0.476349079869652
"Aber-2015|Brau-2015",2,"C",20,10,40,60,4,"MC","M2",0.43842085679938
"Aber-2015|Brau-2016",2,"C",20,10,40,60,4,"MC","M2",0.207631834623152
"Aber-2016|Brau-2014",2,"C",20,10,40,60,4,"MC","M2",0.519022242272051
"Aber-2016|Brau-2015",2,"C",20,10,40,60,4,"MC","M2",0.401608276668674
"Aber-2016|Brau-2016",2,"C",20,10,40,60,4,"MC","M2",0.276876274687663
"Brau-2014|Brau-2015",2,"C",20,10,40,60,4,"MC","M2",0.485215022244022
"Brau-2014|Brau-2016",2,"C",20,10,40,60,4,"MC","M2",0.159432347077203
"Brau-2015|Brau-2016",2,"C",20,10,40,60,4,"MC","M2",0.321847067665672
"Aber-2015|Aber-2016",2,"D",30,5,40,70,4,"MC","M2",0.455075331489728
"Aber-2015|Brau-2014",2,"D",30,5,40,70,4,"MC","M2",0.473343687026089
"Aber-2015|Brau-2015",2,"D",30,5,40,70,4,"MC","M2",0.37153513791323
"Aber-2015|Brau-2016",2,"D",30,5,40,70,4,"MC","M2",0.150795517667858
"Aber-2016|Brau-2014",2,"D",30,5,40,70,4,"MC","M2",0.512569826295425
"Aber-2016|Brau-2015",2,"D",30,5,40,70,4,"MC","M2",0.413664163885927
"Aber-2016|Brau-2016",2,"D",30,5,40,70,4,"MC","M2",0.356548249276984
"Brau-2014|Brau-2015",2,"D",30,5,40,70,4,"MC","M2",0.4763666996553
"Brau-2014|Brau-2016",2,"D",30,5,40,70,4,"MC","M2",0.336284569019015
"Brau-2015|Brau-2016",2,"D",30,5,40,70,4,"MC","M2",0.306988159885816
"Aber-2015|Aber-2016",2,"E",40,0,40,80,4,"MC","M2",0.453981518476076
"Aber-2015|Brau-2014",2,"E",40,0,40,80,4,"MC","M2",0.469270585652757
"Aber-2015|Brau-2015",2,"E",40,0,40,80,4,"MC","M2",0.355131709840454
"Aber-2015|Brau-2016",2,"E",40,0,40,80,4,"MC","M2",0.0929093629763277
"Aber-2016|Brau-2014",2,"E",40,0,40,80,4,"MC","M2",0.557628239466535
"Aber-2016|Brau-2015",2,"E",40,0,40,80,4,"MC","M2",0.502315037715823
"Aber-2016|Brau-2016",2,"E",40,0,40,80,4,"MC","M2",0.174248934988038
"Brau-2014|Brau-2015",2,"E",40,0,40,80,4,"MC","M2",0.496245420124602
"Brau-2014|Brau-2016",2,"E",40,0,40,80,4,"MC","M2",0.260731547580742
"Brau-2015|Brau-2016",2,"E",40,0,40,80,4,"MC","M2",0.172704796585402
"Aber-2015|Aber-2016",2,"A",0,20,40,40,5,"MC","M2",0.53065466732061
"Aber-2015|Brau-2014",2,"A",0,20,40,40,5,"MC","M2",0.425531756183816
"Aber-2015|Brau-2015",2,"A",0,20,40,40,5,"MC","M2",0.477224624460994
"Aber-2015|Brau-2016",2,"A",0,20,40,40,5,"MC","M2",0.288161551355898
"Aber-2016|Brau-2014",2,"A",0,20,40,40,5,"MC","M2",0.524915040235133
"Aber-2016|Brau-2015",2,"A",0,20,40,40,5,"MC","M2",0.48180465263737
"Aber-2016|Brau-2016",2,"A",0,20,40,40,5,"MC","M2",0.259619068101166
"Brau-2014|Brau-2015",2,"A",0,20,40,40,5,"MC","M2",0.439689998067058
"Brau-2014|Brau-2016",2,"A",0,20,40,40,5,"MC","M2",0.275986653149535
"Brau-2015|Brau-2016",2,"A",0,20,40,40,5,"MC","M2",0.332534553751206
"Aber-2015|Aber-2016",2,"B",10,15,40,50,5,"MC","M2",0.396485544411619
"Aber-2015|Brau-2014",2,"B",10,15,40,50,5,"MC","M2",0.381767085979593
"Aber-2015|Brau-2015",2,"B",10,15,40,50,5,"MC","M2",0.425260510585579
"Aber-2015|Brau-2016",2,"B",10,15,40,50,5,"MC","M2",0.263816613502644
"Aber-2016|Brau-2014",2,"B",10,15,40,50,5,"MC","M2",0.488722681797509
"Aber-2016|Brau-2015",2,"B",10,15,40,50,5,"MC","M2",0.443570712329375
"Aber-2016|Brau-2016",2,"B",10,15,40,50,5,"MC","M2",0.24691933053651
"Brau-2014|Brau-2015",2,"B",10,15,40,50,5,"MC","M2",0.47886840025094
"Brau-2014|Brau-2016",2,"B",10,15,40,50,5,"MC","M2",0.249160549947679
"Brau-2015|Brau-2016",2,"B",10,15,40,50,5,"MC","M2",0.257911730268464
"Aber-2015|Aber-2016",2,"C",20,10,40,60,5,"MC","M2",0.493776619979072
"Aber-2015|Brau-2014",2,"C",20,10,40,60,5,"MC","M2",0.456356263987073
"Aber-2015|Brau-2015",2,"C",20,10,40,60,5,"MC","M2",0.386159068268924
"Aber-2015|Brau-2016",2,"C",20,10,40,60,5,"MC","M2",0.258580120013722
"Aber-2016|Brau-2014",2,"C",20,10,40,60,5,"MC","M2",0.548160661250313
"Aber-2016|Brau-2015",2,"C",20,10,40,60,5,"MC","M2",0.485080125170086
"Aber-2016|Brau-2016",2,"C",20,10,40,60,5,"MC","M2",0.321644514205297
"Brau-2014|Brau-2015",2,"C",20,10,40,60,5,"MC","M2",0.4377633265469
"Brau-2014|Brau-2016",2,"C",20,10,40,60,5,"MC","M2",0.256468038275541
"Brau-2015|Brau-2016",2,"C",20,10,40,60,5,"MC","M2",0.253150246835681
"Aber-2015|Aber-2016",2,"D",30,5,40,70,5,"MC","M2",0.341828534659128
"Aber-2015|Brau-2014",2,"D",30,5,40,70,5,"MC","M2",0.492713117468204
"Aber-2015|Brau-2015",2,"D",30,5,40,70,5,"MC","M2",0.442208744973645
"Aber-2015|Brau-2016",2,"D",30,5,40,70,5,"MC","M2",0.281880586799023
"Aber-2016|Brau-2014",2,"D",30,5,40,70,5,"MC","M2",0.469888119213379
"Aber-2016|Brau-2015",2,"D",30,5,40,70,5,"MC","M2",0.448398240289686
"Aber-2016|Brau-2016",2,"D",30,5,40,70,5,"MC","M2",0.242165422967929
"Brau-2014|Brau-2015",2,"D",30,5,40,70,5,"MC","M2",0.384611493327769
"Brau-2014|Brau-2016",2,"D",30,5,40,70,5,"MC","M2",0.293170975168745
"Brau-2015|Brau-2016",2,"D",30,5,40,70,5,"MC","M2",0.241623025854478
"Aber-2015|Aber-2016",2,"E",40,0,40,80,5,"MC","M2",0.453864021405253
"Aber-2015|Brau-2014",2,"E",40,0,40,80,5,"MC","M2",0.51932689533408
"Aber-2015|Brau-2015",2,"E",40,0,40,80,5,"MC","M2",0.418446655135273
"Aber-2015|Brau-2016",2,"E",40,0,40,80,5,"MC","M2",0.180563124663314
"Aber-2016|Brau-2014",2,"E",40,0,40,80,5,"MC","M2",0.483567893440658
"Aber-2016|Brau-2015",2,"E",40,0,40,80,5,"MC","M2",0.386564212329098
"Aber-2016|Brau-2016",2,"E",40,0,40,80,5,"MC","M2",0.256967187222551
"Brau-2014|Brau-2015",2,"E",40,0,40,80,5,"MC","M2",0.508128449803455
"Brau-2014|Brau-2016",2,"E",40,0,40,80,5,"MC","M2",0.289337755224073
"Brau-2015|Brau-2016",2,"E",40,0,40,80,5,"MC","M2",0.304558408949246
"Aber-2015|Aber-2016",2,"A",0,20,40,40,1,"DM","M3",0.623050050442019
"Aber-2015|Brau-2014",2,"A",0,20,40,40,1,"DM","M3",0.610759646210197
"Aber-2015|Brau-2015",2,"A",0,20,40,40,1,"DM","M3",0.5120905011059
"Aber-2015|Brau-2016",2,"A",0,20,40,40,1,"DM","M3",0.570667825322825
"Aber-2016|Brau-2014",2,"A",0,20,40,40,1,"DM","M3",0.277757293972753
"Aber-2016|Brau-2015",2,"A",0,20,40,40,1,"DM","M3",0.470614336572499
"Aber-2016|Brau-2016",2,"A",0,20,40,40,1,"DM","M3",0.492260802426607
"Brau-2014|Brau-2015",2,"A",0,20,40,40,1,"DM","M3",0.481363407260223
"Brau-2014|Brau-2016",2,"A",0,20,40,40,1,"DM","M3",0.521040078166244
"Brau-2015|Brau-2016",2,"A",0,20,40,40,1,"DM","M3",0.444373237093657
"Aber-2015|Aber-2016",2,"B",10,15,40,50,1,"DM","M3",0.556755463140338
"Aber-2015|Brau-2014",2,"B",10,15,40,50,1,"DM","M3",0.533132804820593
"Aber-2015|Brau-2015",2,"B",10,15,40,50,1,"DM","M3",0.559928790625923
"Aber-2015|Brau-2016",2,"B",10,15,40,50,1,"DM","M3",0.490752818279299
"Aber-2016|Brau-2014",2,"B",10,15,40,50,1,"DM","M3",0.468345182110726
"Aber-2016|Brau-2015",2,"B",10,15,40,50,1,"DM","M3",0.501733460811632
"Aber-2016|Brau-2016",2,"B",10,15,40,50,1,"DM","M3",0.326237074111321
"Brau-2014|Brau-2015",2,"B",10,15,40,50,1,"DM","M3",0.58667506802661
"Brau-2014|Brau-2016",2,"B",10,15,40,50,1,"DM","M3",0.515618682799093
"Brau-2015|Brau-2016",2,"B",10,15,40,50,1,"DM","M3",0.550885970740579
"Aber-2015|Aber-2016",2,"C",20,10,40,60,1,"DM","M3",0.532638383757876
"Aber-2015|Brau-2014",2,"C",20,10,40,60,1,"DM","M3",0.587405605961517
"Aber-2015|Brau-2015",2,"C",20,10,40,60,1,"DM","M3",0.573497745891991
"Aber-2015|Brau-2016",2,"C",20,10,40,60,1,"DM","M3",0.503498733807733
"Aber-2016|Brau-2014",2,"C",20,10,40,60,1,"DM","M3",0.338642510876796
"Aber-2016|Brau-2015",2,"C",20,10,40,60,1,"DM","M3",0.480754034348864
"Aber-2016|Brau-2016",2,"C",20,10,40,60,1,"DM","M3",0.447427724498595
"Brau-2014|Brau-2015",2,"C",20,10,40,60,1,"DM","M3",0.52917151866806
"Brau-2014|Brau-2016",2,"C",20,10,40,60,1,"DM","M3",0.54818156212651
"Brau-2015|Brau-2016",2,"C",20,10,40,60,1,"DM","M3",0.543767953230827
"Aber-2015|Aber-2016",2,"D",30,5,40,70,1,"DM","M3",0.52974015438871
"Aber-2015|Brau-2014",2,"D",30,5,40,70,1,"DM","M3",0.629880458763917
"Aber-2015|Brau-2015",2,"D",30,5,40,70,1,"DM","M3",0.395235270450757
"Aber-2015|Brau-2016",2,"D",30,5,40,70,1,"DM","M3",0.550064215213321
"Aber-2016|Brau-2014",2,"D",30,5,40,70,1,"DM","M3",0.480900263276631
"Aber-2016|Brau-2015",2,"D",30,5,40,70,1,"DM","M3",0.470471793524416
"Aber-2016|Brau-2016",2,"D",30,5,40,70,1,"DM","M3",0.386464276565106
"Brau-2014|Brau-2015",2,"D",30,5,40,70,1,"DM","M3",0.520999624527522
"Brau-2014|Brau-2016",2,"D",30,5,40,70,1,"DM","M3",0.429835859446383
"Brau-2015|Brau-2016",2,"D",30,5,40,70,1,"DM","M3",0.516308469410327
"Aber-2015|Aber-2016",2,"E",40,0,40,80,1,"DM","M3",0.435086215051184
"Aber-2015|Brau-2014",2,"E",40,0,40,80,1,"DM","M3",0.632375609431447
"Aber-2015|Brau-2015",2,"E",40,0,40,80,1,"DM","M3",0.589883709702296
"Aber-2015|Brau-2016",2,"E",40,0,40,80,1,"DM","M3",0.596066516232489
"Aber-2016|Brau-2014",2,"E",40,0,40,80,1,"DM","M3",0.493612857575082
"Aber-2016|Brau-2015",2,"E",40,0,40,80,1,"DM","M3",0.432361555195893
"Aber-2016|Brau-2016",2,"E",40,0,40,80,1,"DM","M3",0.430311232781614
"Brau-2014|Brau-2015",2,"E",40,0,40,80,1,"DM","M3",0.44071612927425
"Brau-2014|Brau-2016",2,"E",40,0,40,80,1,"DM","M3",0.476462845383539
"Brau-2015|Brau-2016",2,"E",40,0,40,80,1,"DM","M3",0.545096583932952
"Aber-2015|Aber-2016",2,"A",0,20,40,40,2,"DM","M3",0.573268714669698
"Aber-2015|Brau-2014",2,"A",0,20,40,40,2,"DM","M3",0.557817912737887
"Aber-2015|Brau-2015",2,"A",0,20,40,40,2,"DM","M3",0.569176481888274
"Aber-2015|Brau-2016",2,"A",0,20,40,40,2,"DM","M3",0.46797415585305
"Aber-2016|Brau-2014",2,"A",0,20,40,40,2,"DM","M3",0.408560012702995
"Aber-2016|Brau-2015",2,"A",0,20,40,40,2,"DM","M3",0.524699240629132
"Aber-2016|Brau-2016",2,"A",0,20,40,40,2,"DM","M3",0.4098258449362
"Brau-2014|Brau-2015",2,"A",0,20,40,40,2,"DM","M3",0.493833505580996
"Brau-2014|Brau-2016",2,"A",0,20,40,40,2,"DM","M3",0.455590489572243
"Brau-2015|Brau-2016",2,"A",0,20,40,40,2,"DM","M3",0.496965452703383
"Aber-2015|Aber-2016",2,"B",10,15,40,50,2,"DM","M3",0.60770017827241
"Aber-2015|Brau-2014",2,"B",10,15,40,50,2,"DM","M3",0.620590003366213
"Aber-2015|Brau-2015",2,"B",10,15,40,50,2,"DM","M3",0.54014717820561
"Aber-2015|Brau-2016",2,"B",10,15,40,50,2,"DM","M3",0.517847151402415
"Aber-2016|Brau-2014",2,"B",10,15,40,50,2,"DM","M3",0.497173009358823
"Aber-2016|Brau-2015",2,"B",10,15,40,50,2,"DM","M3",0.485912569676077
"Aber-2016|Brau-2016",2,"B",10,15,40,50,2,"DM","M3",0.443701611250246
"Brau-2014|Brau-2015",2,"B",10,15,40,50,2,"DM","M3",0.601277121323357
"Brau-2014|Brau-2016",2,"B",10,15,40,50,2,"DM","M3",0.455483350176738
"Brau-2015|Brau-2016",2,"B",10,15,40,50,2,"DM","M3",0.412140083492731
"Aber-2015|Aber-2016",2,"C",20,10,40,60,2,"DM","M3",0.549672699537136
"Aber-2015|Brau-2014",2,"C",20,10,40,60,2,"DM","M3",0.55821254620344
"Aber-2015|Brau-2015",2,"C",20,10,40,60,2,"DM","M3",0.569301818452762
"Aber-2015|Brau-2016",2,"C",20,10,40,60,2,"DM","M3",0.487499210922091
"Aber-2016|Brau-2014",2,"C",20,10,40,60,2,"DM","M3",0.44720742141436
"Aber-2016|Brau-2015",2,"C",20,10,40,60,2,"DM","M3",0.491859752047766
"Aber-2016|Brau-2016",2,"C",20,10,40,60,2,"DM","M3",0.343401805318213
"Brau-2014|Brau-2015",2,"C",20,10,40,60,2,"DM","M3",0.525961662774885
"Brau-2014|Brau-2016",2,"C",20,10,40,60,2,"DM","M3",0.54056723754414
"Brau-2015|Brau-2016",2,"C",20,10,40,60,2,"DM","M3",0.514507701245129
"Aber-2015|Aber-2016",2,"D",30,5,40,70,2,"DM","M3",0.507511699958889
"Aber-2015|Brau-2014",2,"D",30,5,40,70,2,"DM","M3",0.561872920430932
"Aber-2015|Brau-2015",2,"D",30,5,40,70,2,"DM","M3",0.601809462935568
"Aber-2015|Brau-2016",2,"D",30,5,40,70,2,"DM","M3",0.522564381016187
"Aber-2016|Brau-2014",2,"D",30,5,40,70,2,"DM","M3",0.443540359293273
"Aber-2016|Brau-2015",2,"D",30,5,40,70,2,"DM","M3",0.487155289335962
"Aber-2016|Brau-2016",2,"D",30,5,40,70,2,"DM","M3",0.349143089918237
"Brau-2014|Brau-2015",2,"D",30,5,40,70,2,"DM","M3",0.54546653621869
"Brau-2014|Brau-2016",2,"D",30,5,40,70,2,"DM","M3",0.59439325759955
"Brau-2015|Brau-2016",2,"D",30,5,40,70,2,"DM","M3",0.485858176041871
"Aber-2015|Aber-2016",2,"E",40,0,40,80,2,"DM","M3",0.402273863303124
"Aber-2015|Brau-2014",2,"E",40,0,40,80,2,"DM","M3",0.610357192484264
"Aber-2015|Brau-2015",2,"E",40,0,40,80,2,"DM","M3",0.566624130618783
"Aber-2015|Brau-2016",2,"E",40,0,40,80,2,"DM","M3",0.563034750065628
"Aber-2016|Brau-2014",2,"E",40,0,40,80,2,"DM","M3",0.556827769205787
"Aber-2016|Brau-2015",2,"E",40,0,40,80,2,"DM","M3",0.515964183376963
"Aber-2016|Brau-2016",2,"E",40,0,40,80,2,"DM","M3",0.404565925445829
"Brau-2014|Brau-2015",2,"E",40,0,40,80,2,"DM","M3",0.549976022791138
"Brau-2014|Brau-2016",2,"E",40,0,40,80,2,"DM","M3",0.475914016017628
"Brau-2015|Brau-2016",2,"E",40,0,40,80,2,"DM","M3",0.461998061403786
"Aber-2015|Aber-2016",2,"A",0,20,40,40,3,"DM","M3",0.447400237929182
"Aber-2015|Brau-2014",2,"A",0,20,40,40,3,"DM","M3",0.608477659628002
"Aber-2015|Brau-2015",2,"A",0,20,40,40,3,"DM","M3",0.558955770998675
"Aber-2015|Brau-2016",2,"A",0,20,40,40,3,"DM","M3",0.527627591016589
"Aber-2016|Brau-2014",2,"A",0,20,40,40,3,"DM","M3",0.151139258580791
"Aber-2016|Brau-2015",2,"A",0,20,40,40,3,"DM","M3",0.493778384161435
"Aber-2016|Brau-2016",2,"A",0,20,40,40,3,"DM","M3",0.372364074452094
"Brau-2014|Brau-2015",2,"A",0,20,40,40,3,"DM","M3",0.531497718177146
"Brau-2014|Brau-2016",2,"A",0,20,40,40,3,"DM","M3",0.450845574552435
"Brau-2015|Brau-2016",2,"A",0,20,40,40,3,"DM","M3",0.547510850775335
"Aber-2015|Aber-2016",2,"B",10,15,40,50,3,"DM","M3",0.545813661488906
"Aber-2015|Brau-2014",2,"B",10,15,40,50,3,"DM","M3",0.667957311426178
"Aber-2015|Brau-2015",2,"B",10,15,40,50,3,"DM","M3",0.597490464386829
"Aber-2015|Brau-2016",2,"B",10,15,40,50,3,"DM","M3",0.51137555438174
"Aber-2016|Brau-2014",2,"B",10,15,40,50,3,"DM","M3",0.397080408014289
"Aber-2016|Brau-2015",2,"B",10,15,40,50,3,"DM","M3",0.431901076353118
"Aber-2016|Brau-2016",2,"B",10,15,40,50,3,"DM","M3",0.447820591860499
"Brau-2014|Brau-2015",2,"B",10,15,40,50,3,"DM","M3",0.537047758833618
"Brau-2014|Brau-2016",2,"B",10,15,40,50,3,"DM","M3",0.448660980901066
"Brau-2015|Brau-2016",2,"B",10,15,40,50,3,"DM","M3",0.420119267069643
"Aber-2015|Aber-2016",2,"C",20,10,40,60,3,"DM","M3",0.584314696898942
"Aber-2015|Brau-2014",2,"C",20,10,40,60,3,"DM","M3",0.46938098659916
"Aber-2015|Brau-2015",2,"C",20,10,40,60,3,"DM","M3",0.520528130679737
"Aber-2015|Brau-2016",2,"C",20,10,40,60,3,"DM","M3",0.521025420214341
"Aber-2016|Brau-2014",2,"C",20,10,40,60,3,"DM","M3",0.416354899291571
"Aber-2016|Brau-2015",2,"C",20,10,40,60,3,"DM","M3",0.422569701644123
"Aber-2016|Brau-2016",2,"C",20,10,40,60,3,"DM","M3",0.368911093352416
"Brau-2014|Brau-2015",2,"C",20,10,40,60,3,"DM","M3",0.558825054592652
"Brau-2014|Brau-2016",2,"C",20,10,40,60,3,"DM","M3",0.180899875410763
"Brau-2015|Brau-2016",2,"C",20,10,40,60,3,"DM","M3",0.474964489446391
"Aber-2015|Aber-2016",2,"D",30,5,40,70,3,"DM","M3",0.508821941251204
"Aber-2015|Brau-2014",2,"D",30,5,40,70,3,"DM","M3",0.660343714638306
"Aber-2015|Brau-2015",2,"D",30,5,40,70,3,"DM","M3",0.612477543908848
"Aber-2015|Brau-2016",2,"D",30,5,40,70,3,"DM","M3",0.504994772031545
"Aber-2016|Brau-2014",2,"D",30,5,40,70,3,"DM","M3",0.482791898442152
"Aber-2016|Brau-2015",2,"D",30,5,40,70,3,"DM","M3",0.540258981751329
"Aber-2016|Brau-2016",2,"D",30,5,40,70,3,"DM","M3",0.340576116624366
"Brau-2014|Brau-2015",2,"D",30,5,40,70,3,"DM","M3",0.538068917804743
"Brau-2014|Brau-2016",2,"D",30,5,40,70,3,"DM","M3",0.524642581665431
"Brau-2015|Brau-2016",2,"D",30,5,40,70,3,"DM","M3",0.450131886550752
"Aber-2015|Aber-2016",2,"E",40,0,40,80,3,"DM","M3",0.470297515379296
"Aber-2015|Brau-2014",2,"E",40,0,40,80,3,"DM","M3",0.612284769865564
"Aber-2015|Brau-2015",2,"E",40,0,40,80,3,"DM","M3",0.563893965935341
"Aber-2015|Brau-2016",2,"E",40,0,40,80,3,"DM","M3",0.556774127907823
"Aber-2016|Brau-2014",2,"E",40,0,40,80,3,"DM","M3",0.485091010206428
"Aber-2016|Brau-2015",2,"E",40,0,40,80,3,"DM","M3",0.427787040892957
"Aber-2016|Brau-2016",2,"E",40,0,40,80,3,"DM","M3",0.465327991042165
"Brau-2014|Brau-2015",2,"E",40,0,40,80,3,"DM","M3",0.570532426887654
"Brau-2014|Brau-2016",2,"E",40,0,40,80,3,"DM","M3",0.453874970299661
"Brau-2015|Brau-2016",2,"E",40,0,40,80,3,"DM","M3",0.422188728570646
"Aber-2015|Aber-2016",2,"A",0,20,40,40,4,"DM","M3",0.575998542003861
"Aber-2015|Brau-2014",2,"A",0,20,40,40,4,"DM","M3",0.577970913866994
"Aber-2015|Brau-2015",2,"A",0,20,40,40,4,"DM","M3",0.564059561298833
"Aber-2015|Brau-2016",2,"A",0,20,40,40,4,"DM","M3",0.461580255988834
"Aber-2016|Brau-2014",2,"A",0,20,40,40,4,"DM","M3",0.491683997299797
"Aber-2016|Brau-2015",2,"A",0,20,40,40,4,"DM","M3",0.510373726278573
"Aber-2016|Brau-2016",2,"A",0,20,40,40,4,"DM","M3",0.436488581704607
"Brau-2014|Brau-2015",2,"A",0,20,40,40,4,"DM","M3",0.479849933064202
"Brau-2014|Brau-2016",2,"A",0,20,40,40,4,"DM","M3",0.539029442290436
"Brau-2015|Brau-2016",2,"A",0,20,40,40,4,"DM","M3",0.503648184770718
"Aber-2015|Aber-2016",2,"B",10,15,40,50,4,"DM","M3",0.545439342361859
"Aber-2015|Brau-2014",2,"B",10,15,40,50,4,"DM","M3",0.590254558402755
"Aber-2015|Brau-2015",2,"B",10,15,40,50,4,"DM","M3",0.569927162719354
"Aber-2015|Brau-2016",2,"B",10,15,40,50,4,"DM","M3",0.516366347897147
"Aber-2016|Brau-2014",2,"B",10,15,40,50,4,"DM","M3",0.458169585871427
"Aber-2016|Brau-2015",2,"B",10,15,40,50,4,"DM","M3",0.490080992942911
"Aber-2016|Brau-2016",2,"B",10,15,40,50,4,"DM","M3",0.48144511000063
"Brau-2014|Brau-2015",2,"B",10,15,40,50,4,"DM","M3",0.575220255554437
"Brau-2014|Brau-2016",2,"B",10,15,40,50,4,"DM","M3",0.512466375398341
"Brau-2015|Brau-2016",2,"B",10,15,40,50,4,"DM","M3",0.54743084798116
"Aber-2015|Aber-2016",2,"C",20,10,40,60,4,"DM","M3",0.55914548251577
"Aber-2015|Brau-2014",2,"C",20,10,40,60,4,"DM","M3",0.600414999485134
"Aber-2015|Brau-2015",2,"C",20,10,40,60,4,"DM","M3",0.573547066117541
"Aber-2015|Brau-2016",2,"C",20,10,40,60,4,"DM","M3",0.536612897312068
"Aber-2016|Brau-2014",2,"C",20,10,40,60,4,"DM","M3",0.504846469928086
"Aber-2016|Brau-2015",2,"C",20,10,40,60,4,"DM","M3",0.481197180133372
"Aber-2016|Brau-2016",2,"C",20,10,40,60,4,"DM","M3",0.44477487620733
"Brau-2014|Brau-2015",2,"C",20,10,40,60,4,"DM","M3",0.574373676019509
"Brau-2014|Brau-2016",2,"C",20,10,40,60,4,"DM","M3",0.492490401349594
"Brau-2015|Brau-2016",2,"C",20,10,40,60,4,"DM","M3",0.52656574275782
"Aber-2015|Aber-2016",2,"D",30,5,40,70,4,"DM","M3",0.581564448717991
"Aber-2015|Brau-2014",2,"D",30,5,40,70,4,"DM","M3",0.596925176526934
"Aber-2015|Brau-2015",2,"D",30,5,40,70,4,"DM","M3",0.580249778375154
"Aber-2015|Brau-2016",2,"D",30,5,40,70,4,"DM","M3",0.528065153068172
"Aber-2016|Brau-2014",2,"D",30,5,40,70,4,"DM","M3",0.55893979999395
"Aber-2016|Brau-2015",2,"D",30,5,40,70,4,"DM","M3",0.477947117680697
"Aber-2016|Brau-2016",2,"D",30,5,40,70,4,"DM","M3",0.345660866044871
"Brau-2014|Brau-2015",2,"D",30,5,40,70,4,"DM","M3",0.530743923456017
"Brau-2014|Brau-2016",2,"D",30,5,40,70,4,"DM","M3",0.253281358246056
"Brau-2015|Brau-2016",2,"D",30,5,40,70,4,"DM","M3",0.434390430882071
"Aber-2015|Aber-2016",2,"E",40,0,40,80,4,"DM","M3",0.535543547214937
"Aber-2015|Brau-2014",2,"E",40,0,40,80,4,"DM","M3",0.604973959008367
"Aber-2015|Brau-2015",2,"E",40,0,40,80,4,"DM","M3",0.579418551140535
"Aber-2015|Brau-2016",2,"E",40,0,40,80,4,"DM","M3",0.50446625922414
"Aber-2016|Brau-2014",2,"E",40,0,40,80,4,"DM","M3",0.422099269991396
"Aber-2016|Brau-2015",2,"E",40,0,40,80,4,"DM","M3",0.440985186802306
"Aber-2016|Brau-2016",2,"E",40,0,40,80,4,"DM","M3",0.463970212283566
"Brau-2014|Brau-2015",2,"E",40,0,40,80,4,"DM","M3",0.442282204974803
"Brau-2014|Brau-2016",2,"E",40,0,40,80,4,"DM","M3",0.59687587682018
"Brau-2015|Brau-2016",2,"E",40,0,40,80,4,"DM","M3",0.486909857092755
"Aber-2015|Aber-2016",2,"A",0,20,40,40,5,"DM","M3",0.591500176508276
"Aber-2015|Brau-2014",2,"A",0,20,40,40,5,"DM","M3",0.432272324331842
"Aber-2015|Brau-2015",2,"A",0,20,40,40,5,"DM","M3",0.538970365734994
"Aber-2015|Brau-2016",2,"A",0,20,40,40,5,"DM","M3",0.450607215273054
"Aber-2016|Brau-2014",2,"A",0,20,40,40,5,"DM","M3",0.463611903874342
"Aber-2016|Brau-2015",2,"A",0,20,40,40,5,"DM","M3",0.469541228465321
"Aber-2016|Brau-2016",2,"A",0,20,40,40,5,"DM","M3",0.477625908222563
"Brau-2014|Brau-2015",2,"A",0,20,40,40,5,"DM","M3",0.580144546728366
"Brau-2014|Brau-2016",2,"A",0,20,40,40,5,"DM","M3",0.499313599496788
"Brau-2015|Brau-2016",2,"A",0,20,40,40,5,"DM","M3",0.438912280108264
"Aber-2015|Aber-2016",2,"B",10,15,40,50,5,"DM","M3",0.452273832336272
"Aber-2015|Brau-2014",2,"B",10,15,40,50,5,"DM","M3",0.531041553417791
"Aber-2015|Brau-2015",2,"B",10,15,40,50,5,"DM","M3",0.539549570564416
"Aber-2015|Brau-2016",2,"B",10,15,40,50,5,"DM","M3",0.504485105763761
"Aber-2016|Brau-2014",2,"B",10,15,40,50,5,"DM","M3",0.500305614802671
"Aber-2016|Brau-2015",2,"B",10,15,40,50,5,"DM","M3",0.388341816746927
"Aber-2016|Brau-2016",2,"B",10,15,40,50,5,"DM","M3",0.4566260679412
"Brau-2014|Brau-2015",2,"B",10,15,40,50,5,"DM","M3",0.54424435691947
"Brau-2014|Brau-2016",2,"B",10,15,40,50,5,"DM","M3",0.49417355718492
"Brau-2015|Brau-2016",2,"B",10,15,40,50,5,"DM","M3",0.49696304751871
"Aber-2015|Aber-2016",2,"C",20,10,40,60,5,"DM","M3",0.56985601510203
"Aber-2015|Brau-2014",2,"C",20,10,40,60,5,"DM","M3",0.534276295058165
"Aber-2015|Brau-2015",2,"C",20,10,40,60,5,"DM","M3",0.522762138609918
"Aber-2015|Brau-2016",2,"C",20,10,40,60,5,"DM","M3",0.497859255310663
"Aber-2016|Brau-2014",2,"C",20,10,40,60,5,"DM","M3",0.57476132514092
"Aber-2016|Brau-2015",2,"C",20,10,40,60,5,"DM","M3",0.485450595760652
"Aber-2016|Brau-2016",2,"C",20,10,40,60,5,"DM","M3",0.428050962101802
"Brau-2014|Brau-2015",2,"C",20,10,40,60,5,"DM","M3",0.567269333891607
"Brau-2014|Brau-2016",2,"C",20,10,40,60,5,"DM","M3",0.436641754698985
"Brau-2015|Brau-2016",2,"C",20,10,40,60,5,"DM","M3",0.543545042721038
"Aber-2015|Aber-2016",2,"D",30,5,40,70,5,"DM","M3",0.539834656082237
"Aber-2015|Brau-2014",2,"D",30,5,40,70,5,"DM","M3",0.551227361236058
"Aber-2015|Brau-2015",2,"D",30,5,40,70,5,"DM","M3",0.562791677264172
"Aber-2015|Brau-2016",2,"D",30,5,40,70,5,"DM","M3",0.453116005697929
"Aber-2016|Brau-2014",2,"D",30,5,40,70,5,"DM","M3",0.518892573138475
"Aber-2016|Brau-2015",2,"D",30,5,40,70,5,"DM","M3",0.469229819030202
"Aber-2016|Brau-2016",2,"D",30,5,40,70,5,"DM","M3",0.424907849605234
"Brau-2014|Brau-2015",2,"D",30,5,40,70,5,"DM","M3",0.483192488125762
"Brau-2014|Brau-2016",2,"D",30,5,40,70,5,"DM","M3",0.386713955629362
"Brau-2015|Brau-2016",2,"D",30,5,40,70,5,"DM","M3",0.335831807504795
"Aber-2015|Aber-2016",2,"E",40,0,40,80,5,"DM","M3",0.538134373797523
"Aber-2015|Brau-2014",2,"E",40,0,40,80,5,"DM","M3",0.610779210481085
"Aber-2015|Brau-2015",2,"E",40,0,40,80,5,"DM","M3",0.519842361226605
"Aber-2015|Brau-2016",2,"E",40,0,40,80,5,"DM","M3",0.514572664827966
"Aber-2016|Brau-2014",2,"E",40,0,40,80,5,"DM","M3",0.540005606539344
"Aber-2016|Brau-2015",2,"E",40,0,40,80,5,"DM","M3",0.491714341471959
"Aber-2016|Brau-2016",2,"E",40,0,40,80,5,"DM","M3",0.517437261910146
"Brau-2014|Brau-2015",2,"E",40,0,40,80,5,"DM","M3",0.533383886014416
"Brau-2014|Brau-2016",2,"E",40,0,40,80,5,"DM","M3",0.543069502121906
"Brau-2015|Brau-2016",2,"E",40,0,40,80,5,"DM","M3",0.426125715127484
"Aber-2015|Aber-2016",2,"A",0,20,40,40,1,"FW","M3",0.622477597502491
"Aber-2015|Brau-2014",2,"A",0,20,40,40,1,"FW","M3",0.585835384798835
"Aber-2015|Brau-2015",2,"A",0,20,40,40,1,"FW","M3",0.467863116116257
"Aber-2015|Brau-2016",2,"A",0,20,40,40,1,"FW","M3",0.505984844485992
"Aber-2016|Brau-2014",2,"A",0,20,40,40,1,"FW","M3",0.270364208071679
"Aber-2016|Brau-2015",2,"A",0,20,40,40,1,"FW","M3",0.444933633252518
"Aber-2016|Brau-2016",2,"A",0,20,40,40,1,"FW","M3",0.447972604294367
"Brau-2014|Brau-2015",2,"A",0,20,40,40,1,"FW","M3",0.457888331399309
"Brau-2014|Brau-2016",2,"A",0,20,40,40,1,"FW","M3",0.479754229880427
"Brau-2015|Brau-2016",2,"A",0,20,40,40,1,"FW","M3",0.440779858113583
"Aber-2015|Aber-2016",2,"B",10,15,40,50,1,"FW","M3",0.522786501426091
"Aber-2015|Brau-2014",2,"B",10,15,40,50,1,"FW","M3",0.517496069830577
"Aber-2015|Brau-2015",2,"B",10,15,40,50,1,"FW","M3",0.550201932919673
"Aber-2015|Brau-2016",2,"B",10,15,40,50,1,"FW","M3",0.399577635344682
"Aber-2016|Brau-2014",2,"B",10,15,40,50,1,"FW","M3",0.485910555250662
"Aber-2016|Brau-2015",2,"B",10,15,40,50,1,"FW","M3",0.484770070630891
"Aber-2016|Brau-2016",2,"B",10,15,40,50,1,"FW","M3",0.0992090891941305
"Brau-2014|Brau-2015",2,"B",10,15,40,50,1,"FW","M3",0.579644034876312
"Brau-2014|Brau-2016",2,"B",10,15,40,50,1,"FW","M3",0.487472715666382
"Brau-2015|Brau-2016",2,"B",10,15,40,50,1,"FW","M3",0.509141796585725
"Aber-2015|Aber-2016",2,"C",20,10,40,60,1,"FW","M3",0.506716293488045
"Aber-2015|Brau-2014",2,"C",20,10,40,60,1,"FW","M3",0.577746101294054
"Aber-2015|Brau-2015",2,"C",20,10,40,60,1,"FW","M3",0.554509330006355
"Aber-2015|Brau-2016",2,"C",20,10,40,60,1,"FW","M3",0.477760148482481
"Aber-2016|Brau-2014",2,"C",20,10,40,60,1,"FW","M3",0.338102929015787
"Aber-2016|Brau-2015",2,"C",20,10,40,60,1,"FW","M3",0.457135021114156
"Aber-2016|Brau-2016",2,"C",20,10,40,60,1,"FW","M3",0.431835395806739
"Brau-2014|Brau-2015",2,"C",20,10,40,60,1,"FW","M3",0.541070983455549
"Brau-2014|Brau-2016",2,"C",20,10,40,60,1,"FW","M3",0.526238532445774
"Brau-2015|Brau-2016",2,"C",20,10,40,60,1,"FW","M3",0.526233541089746
"Aber-2015|Aber-2016",2,"D",30,5,40,70,1,"FW","M3",0.488639095491896
"Aber-2015|Brau-2014",2,"D",30,5,40,70,1,"FW","M3",0.611560096151483
"Aber-2015|Brau-2015",2,"D",30,5,40,70,1,"FW","M3",0.298306425613734
"Aber-2015|Brau-2016",2,"D",30,5,40,70,1,"FW","M3",0.528034571748124
"Aber-2016|Brau-2014",2,"D",30,5,40,70,1,"FW","M3",0.493414627419528
"Aber-2016|Brau-2015",2,"D",30,5,40,70,1,"FW","M3",0.467026784481673
"Aber-2016|Brau-2016",2,"D",30,5,40,70,1,"FW","M3",0.381303605560227
"Brau-2014|Brau-2015",2,"D",30,5,40,70,1,"FW","M3",0.529990271538524
"Brau-2014|Brau-2016",2,"D",30,5,40,70,1,"FW","M3",0.417842395244783
"Brau-2015|Brau-2016",2,"D",30,5,40,70,1,"FW","M3",0.491185298669626
"Aber-2015|Aber-2016",2,"E",40,0,40,80,1,"FW","M3",0.421407663918079
"Aber-2015|Brau-2014",2,"E",40,0,40,80,1,"FW","M3",0.621697930105505
"Aber-2015|Brau-2015",2,"E",40,0,40,80,1,"FW","M3",0.550319406951714
"Aber-2015|Brau-2016",2,"E",40,0,40,80,1,"FW","M3",0.606449341528989
"Aber-2016|Brau-2014",2,"E",40,0,40,80,1,"FW","M3",0.502380027274421
"Aber-2016|Brau-2015",2,"E",40,0,40,80,1,"FW","M3",0.402750397759071
"Aber-2016|Brau-2016",2,"E",40,0,40,80,1,"FW","M3",0.376124139617195
"Brau-2014|Brau-2015",2,"E",40,0,40,80,1,"FW","M3",0.439803920912449
"Brau-2014|Brau-2016",2,"E",40,0,40,80,1,"FW","M3",0.480712253065334
"Brau-2015|Brau-2016",2,"E",40,0,40,80,1,"FW","M3",0.547637080922702
"Aber-2015|Aber-2016",2,"A",0,20,40,40,2,"FW","M3",0.541239017013159
"Aber-2015|Brau-2014",2,"A",0,20,40,40,2,"FW","M3",0.549461764545701
"Aber-2015|Brau-2015",2,"A",0,20,40,40,2,"FW","M3",0.552306574790787
"Aber-2015|Brau-2016",2,"A",0,20,40,40,2,"FW","M3",0.4072729299506
"Aber-2016|Brau-2014",2,"A",0,20,40,40,2,"FW","M3",0.417903418667679
"Aber-2016|Brau-2015",2,"A",0,20,40,40,2,"FW","M3",0.52942748146137
"Aber-2016|Brau-2016",2,"A",0,20,40,40,2,"FW","M3",0.402899374258121
"Brau-2014|Brau-2015",2,"A",0,20,40,40,2,"FW","M3",0.480217535233517
"Brau-2014|Brau-2016",2,"A",0,20,40,40,2,"FW","M3",0.424693172672636
"Brau-2015|Brau-2016",2,"A",0,20,40,40,2,"FW","M3",0.488538367263075
"Aber-2015|Aber-2016",2,"B",10,15,40,50,2,"FW","M3",0.626582776564003
"Aber-2015|Brau-2014",2,"B",10,15,40,50,2,"FW","M3",0.610380398744192
"Aber-2015|Brau-2015",2,"B",10,15,40,50,2,"FW","M3",0.515798349244975
"Aber-2015|Brau-2016",2,"B",10,15,40,50,2,"FW","M3",0.448512503458689
"Aber-2016|Brau-2014",2,"B",10,15,40,50,2,"FW","M3",0.495865984254873
"Aber-2016|Brau-2015",2,"B",10,15,40,50,2,"FW","M3",0.490262390216571
"Aber-2016|Brau-2016",2,"B",10,15,40,50,2,"FW","M3",0.422227080209585
"Brau-2014|Brau-2015",2,"B",10,15,40,50,2,"FW","M3",0.586332968183748
"Brau-2014|Brau-2016",2,"B",10,15,40,50,2,"FW","M3",0.439411230987301
"Brau-2015|Brau-2016",2,"B",10,15,40,50,2,"FW","M3",0.401721241772799
"Aber-2015|Aber-2016",2,"C",20,10,40,60,2,"FW","M3",0.570247250842012
"Aber-2015|Brau-2014",2,"C",20,10,40,60,2,"FW","M3",0.546607058538028
"Aber-2015|Brau-2015",2,"C",20,10,40,60,2,"FW","M3",0.572074407120541
"Aber-2015|Brau-2016",2,"C",20,10,40,60,2,"FW","M3",0.441398832282752
"Aber-2016|Brau-2014",2,"C",20,10,40,60,2,"FW","M3",0.45857069896958
"Aber-2016|Brau-2015",2,"C",20,10,40,60,2,"FW","M3",0.493180726006762
"Aber-2016|Brau-2016",2,"C",20,10,40,60,2,"FW","M3",0.213567083719661
"Brau-2014|Brau-2015",2,"C",20,10,40,60,2,"FW","M3",0.570529640302667
"Brau-2014|Brau-2016",2,"C",20,10,40,60,2,"FW","M3",0.49973335914232
"Brau-2015|Brau-2016",2,"C",20,10,40,60,2,"FW","M3",0.500838745852614
"Aber-2015|Aber-2016",2,"D",30,5,40,70,2,"FW","M3",0.478302936123379
"Aber-2015|Brau-2014",2,"D",30,5,40,70,2,"FW","M3",0.550024614677272
"Aber-2015|Brau-2015",2,"D",30,5,40,70,2,"FW","M3",0.567709422481302
"Aber-2015|Brau-2016",2,"D",30,5,40,70,2,"FW","M3",0.487072874645508
"Aber-2016|Brau-2014",2,"D",30,5,40,70,2,"FW","M3",0.432266261537026
"Aber-2016|Brau-2015",2,"D",30,5,40,70,2,"FW","M3",0.482956345508165
"Aber-2016|Brau-2016",2,"D",30,5,40,70,2,"FW","M3",0.266822999999906
"Brau-2014|Brau-2015",2,"D",30,5,40,70,2,"FW","M3",0.538895406232172
"Brau-2014|Brau-2016",2,"D",30,5,40,70,2,"FW","M3",0.58233371013995
"Brau-2015|Brau-2016",2,"D",30,5,40,70,2,"FW","M3",0.466618445341664
"Aber-2015|Aber-2016",2,"E",40,0,40,80,2,"FW","M3",0.406699726648306
"Aber-2015|Brau-2014",2,"E",40,0,40,80,2,"FW","M3",0.628409110307755
"Aber-2015|Brau-2015",2,"E",40,0,40,80,2,"FW","M3",0.53663549599111
"Aber-2015|Brau-2016",2,"E",40,0,40,80,2,"FW","M3",0.529799612632775
"Aber-2016|Brau-2014",2,"E",40,0,40,80,2,"FW","M3",0.531371313392665
"Aber-2016|Brau-2015",2,"E",40,0,40,80,2,"FW","M3",0.499531379519025
"Aber-2016|Brau-2016",2,"E",40,0,40,80,2,"FW","M3",0.414112511141554
"Brau-2014|Brau-2015",2,"E",40,0,40,80,2,"FW","M3",0.540281878146317
"Brau-2014|Brau-2016",2,"E",40,0,40,80,2,"FW","M3",0.480612840948179
"Brau-2015|Brau-2016",2,"E",40,0,40,80,2,"FW","M3",0.409898584014569
"Aber-2015|Aber-2016",2,"A",0,20,40,40,3,"FW","M3",0.447682155237312
"Aber-2015|Brau-2014",2,"A",0,20,40,40,3,"FW","M3",0.578161885721827
"Aber-2015|Brau-2015",2,"A",0,20,40,40,3,"FW","M3",0.550082844385193
"Aber-2015|Brau-2016",2,"A",0,20,40,40,3,"FW","M3",0.470376762212396
"Aber-2016|Brau-2014",2,"A",0,20,40,40,3,"FW","M3",0.164335690971601
"Aber-2016|Brau-2015",2,"A",0,20,40,40,3,"FW","M3",0.498213323285372
"Aber-2016|Brau-2016",2,"A",0,20,40,40,3,"FW","M3",0.393393106892276
"Brau-2014|Brau-2015",2,"A",0,20,40,40,3,"FW","M3",0.503081104511357
"Brau-2014|Brau-2016",2,"A",0,20,40,40,3,"FW","M3",0.393437048150752
"Brau-2015|Brau-2016",2,"A",0,20,40,40,3,"FW","M3",0.537726172389385
"Aber-2015|Aber-2016",2,"B",10,15,40,50,3,"FW","M3",0.520176416406055
"Aber-2015|Brau-2014",2,"B",10,15,40,50,3,"FW","M3",0.655465164900823
"Aber-2015|Brau-2015",2,"B",10,15,40,50,3,"FW","M3",0.587136594585471
"Aber-2015|Brau-2016",2,"B",10,15,40,50,3,"FW","M3",0.512257571582627
"Aber-2016|Brau-2014",2,"B",10,15,40,50,3,"FW","M3",0.390557308197567
"Aber-2016|Brau-2015",2,"B",10,15,40,50,3,"FW","M3",0.405232535729546
"Aber-2016|Brau-2016",2,"B",10,15,40,50,3,"FW","M3",0.436062016513155
"Brau-2014|Brau-2015",2,"B",10,15,40,50,3,"FW","M3",0.543090464314395
"Brau-2014|Brau-2016",2,"B",10,15,40,50,3,"FW","M3",0.426457127836519
"Brau-2015|Brau-2016",2,"B",10,15,40,50,3,"FW","M3",0.364019382187134
"Aber-2015|Aber-2016",2,"C",20,10,40,60,3,"FW","M3",0.584486663376348
"Aber-2015|Brau-2014",2,"C",20,10,40,60,3,"FW","M3",0.417378840150571
"Aber-2015|Brau-2015",2,"C",20,10,40,60,3,"FW","M3",0.500021715351645
"Aber-2015|Brau-2016",2,"C",20,10,40,60,3,"FW","M3",0.466610909459656
"Aber-2016|Brau-2014",2,"C",20,10,40,60,3,"FW","M3",0.427457976495814
"Aber-2016|Brau-2015",2,"C",20,10,40,60,3,"FW","M3",0.35453527496073
"Aber-2016|Brau-2016",2,"C",20,10,40,60,3,"FW","M3",0.333722084246741
"Brau-2014|Brau-2015",2,"C",20,10,40,60,3,"FW","M3",0.500765952747882
"Brau-2014|Brau-2016",2,"C",20,10,40,60,3,"FW","M3",0.112404488412504
"Brau-2015|Brau-2016",2,"C",20,10,40,60,3,"FW","M3",0.450476041623641
"Aber-2015|Aber-2016",2,"D",30,5,40,70,3,"FW","M3",0.478133627496584
"Aber-2015|Brau-2014",2,"D",30,5,40,70,3,"FW","M3",0.632228359102389
"Aber-2015|Brau-2015",2,"D",30,5,40,70,3,"FW","M3",0.584577286193792
"Aber-2015|Brau-2016",2,"D",30,5,40,70,3,"FW","M3",0.487665555973722
"Aber-2016|Brau-2014",2,"D",30,5,40,70,3,"FW","M3",0.493397665591919
"Aber-2016|Brau-2015",2,"D",30,5,40,70,3,"FW","M3",0.541835289766137
"Aber-2016|Brau-2016",2,"D",30,5,40,70,3,"FW","M3",0.315392566028265
"Brau-2014|Brau-2015",2,"D",30,5,40,70,3,"FW","M3",0.535912571499489
"Brau-2014|Brau-2016",2,"D",30,5,40,70,3,"FW","M3",0.504529120244014
"Brau-2015|Brau-2016",2,"D",30,5,40,70,3,"FW","M3",0.443341864899939
"Aber-2015|Aber-2016",2,"E",40,0,40,80,3,"FW","M3",0.456897261451887
"Aber-2015|Brau-2014",2,"E",40,0,40,80,3,"FW","M3",0.593536713685576
"Aber-2015|Brau-2015",2,"E",40,0,40,80,3,"FW","M3",0.545767330046653
"Aber-2015|Brau-2016",2,"E",40,0,40,80,3,"FW","M3",0.540745673954508
"Aber-2016|Brau-2014",2,"E",40,0,40,80,3,"FW","M3",0.437737764444993
"Aber-2016|Brau-2015",2,"E",40,0,40,80,3,"FW","M3",0.390388998243627
"Aber-2016|Brau-2016",2,"E",40,0,40,80,3,"FW","M3",0.392606629466823
"Brau-2014|Brau-2015",2,"E",40,0,40,80,3,"FW","M3",0.552210117441081
"Brau-2014|Brau-2016",2,"E",40,0,40,80,3,"FW","M3",0.431712933343739
"Brau-2015|Brau-2016",2,"E",40,0,40,80,3,"FW","M3",0.410138588412282
"Aber-2015|Aber-2016",2,"A",0,20,40,40,4,"FW","M3",0.572793167889707
"Aber-2015|Brau-2014",2,"A",0,20,40,40,4,"FW","M3",0.560072531326263
"Aber-2015|Brau-2015",2,"A",0,20,40,40,4,"FW","M3",0.544801452251242
"Aber-2015|Brau-2016",2,"A",0,20,40,40,4,"FW","M3",0.462573191176373
"Aber-2016|Brau-2014",2,"A",0,20,40,40,4,"FW","M3",0.506976806849452
"Aber-2016|Brau-2015",2,"A",0,20,40,40,4,"FW","M3",0.503414714076488
"Aber-2016|Brau-2016",2,"A",0,20,40,40,4,"FW","M3",0.407605182247666
"Brau-2014|Brau-2015",2,"A",0,20,40,40,4,"FW","M3",0.451656721906523
"Brau-2014|Brau-2016",2,"A",0,20,40,40,4,"FW","M3",0.502772911978076
"Brau-2015|Brau-2016",2,"A",0,20,40,40,4,"FW","M3",0.503633792705524
"Aber-2015|Aber-2016",2,"B",10,15,40,50,4,"FW","M3",0.520614365681015
"Aber-2015|Brau-2014",2,"B",10,15,40,50,4,"FW","M3",0.54521119983982
"Aber-2015|Brau-2015",2,"B",10,15,40,50,4,"FW","M3",0.543970609202169
"Aber-2015|Brau-2016",2,"B",10,15,40,50,4,"FW","M3",0.464887287167015
"Aber-2016|Brau-2014",2,"B",10,15,40,50,4,"FW","M3",0.49291288296011
"Aber-2016|Brau-2015",2,"B",10,15,40,50,4,"FW","M3",0.475200971148081
"Aber-2016|Brau-2016",2,"B",10,15,40,50,4,"FW","M3",0.45422647473785
"Brau-2014|Brau-2015",2,"B",10,15,40,50,4,"FW","M3",0.558033699007759
"Brau-2014|Brau-2016",2,"B",10,15,40,50,4,"FW","M3",0.515337353649798
"Brau-2015|Brau-2016",2,"B",10,15,40,50,4,"FW","M3",0.529383019218677
"Aber-2015|Aber-2016",2,"C",20,10,40,60,4,"FW","M3",0.523600349832444
"Aber-2015|Brau-2014",2,"C",20,10,40,60,4,"FW","M3",0.587267525206336
"Aber-2015|Brau-2015",2,"C",20,10,40,60,4,"FW","M3",0.545598190341089
"Aber-2015|Brau-2016",2,"C",20,10,40,60,4,"FW","M3",0.486682087837155
"Aber-2016|Brau-2014",2,"C",20,10,40,60,4,"FW","M3",0.521155938888623
"Aber-2016|Brau-2015",2,"C",20,10,40,60,4,"FW","M3",0.40915123336521
"Aber-2016|Brau-2016",2,"C",20,10,40,60,4,"FW","M3",0.421051800555251
"Brau-2014|Brau-2015",2,"C",20,10,40,60,4,"FW","M3",0.568967939111435
"Brau-2014|Brau-2016",2,"C",20,10,40,60,4,"FW","M3",0.382143289937002
"Brau-2015|Brau-2016",2,"C",20,10,40,60,4,"FW","M3",0.482768084887819
"Aber-2015|Aber-2016",2,"D",30,5,40,70,4,"FW","M3",0.551838243659367
"Aber-2015|Brau-2014",2,"D",30,5,40,70,4,"FW","M3",0.583790961067333
"Aber-2015|Brau-2015",2,"D",30,5,40,70,4,"FW","M3",0.564765626409433
"Aber-2015|Brau-2016",2,"D",30,5,40,70,4,"FW","M3",0.491301322763824
"Aber-2016|Brau-2014",2,"D",30,5,40,70,4,"FW","M3",0.5595815685227
"Aber-2016|Brau-2015",2,"D",30,5,40,70,4,"FW","M3",0.495190495029105
"Aber-2016|Brau-2016",2,"D",30,5,40,70,4,"FW","M3",0.316768348235229
"Brau-2014|Brau-2015",2,"D",30,5,40,70,4,"FW","M3",0.523472442632424
"Brau-2014|Brau-2016",2,"D",30,5,40,70,4,"FW","M3",0.28542521754486
"Brau-2015|Brau-2016",2,"D",30,5,40,70,4,"FW","M3",0.420752642836199
"Aber-2015|Aber-2016",2,"E",40,0,40,80,4,"FW","M3",0.528573535777969
"Aber-2015|Brau-2014",2,"E",40,0,40,80,4,"FW","M3",0.616540381182593
"Aber-2015|Brau-2015",2,"E",40,0,40,80,4,"FW","M3",0.542914252493882
"Aber-2015|Brau-2016",2,"E",40,0,40,80,4,"FW","M3",0.464463235562576
"Aber-2016|Brau-2014",2,"E",40,0,40,80,4,"FW","M3",0.45469553029681
"Aber-2016|Brau-2015",2,"E",40,0,40,80,4,"FW","M3",0.44826555803081
"Aber-2016|Brau-2016",2,"E",40,0,40,80,4,"FW","M3",0.471734833592323
"Brau-2014|Brau-2015",2,"E",40,0,40,80,4,"FW","M3",0.446848899050482
"Brau-2014|Brau-2016",2,"E",40,0,40,80,4,"FW","M3",0.603861237206891
"Brau-2015|Brau-2016",2,"E",40,0,40,80,4,"FW","M3",0.478995587159068
"Aber-2015|Aber-2016",2,"A",0,20,40,40,5,"FW","M3",0.57996621350385
"Aber-2015|Brau-2014",2,"A",0,20,40,40,5,"FW","M3",0.357484660338013
"Aber-2015|Brau-2015",2,"A",0,20,40,40,5,"FW","M3",0.525129127194054
"Aber-2015|Brau-2016",2,"A",0,20,40,40,5,"FW","M3",0.416564227174473
"Aber-2016|Brau-2014",2,"A",0,20,40,40,5,"FW","M3",0.467163150695302
"Aber-2016|Brau-2015",2,"A",0,20,40,40,5,"FW","M3",0.454940968611573
"Aber-2016|Brau-2016",2,"A",0,20,40,40,5,"FW","M3",0.451322018915942
"Brau-2014|Brau-2015",2,"A",0,20,40,40,5,"FW","M3",0.568368125882591
"Brau-2014|Brau-2016",2,"A",0,20,40,40,5,"FW","M3",0.437764327166794
"Brau-2015|Brau-2016",2,"A",0,20,40,40,5,"FW","M3",0.397515688526405
"Aber-2015|Aber-2016",2,"B",10,15,40,50,5,"FW","M3",0.45021248869013
"Aber-2015|Brau-2014",2,"B",10,15,40,50,5,"FW","M3",0.526424672943982
"Aber-2015|Brau-2015",2,"B",10,15,40,50,5,"FW","M3",0.465754005808105
"Aber-2015|Brau-2016",2,"B",10,15,40,50,5,"FW","M3",0.476430221051606
"Aber-2016|Brau-2014",2,"B",10,15,40,50,5,"FW","M3",0.487356349338056
"Aber-2016|Brau-2015",2,"B",10,15,40,50,5,"FW","M3",0.317371342436996
"Aber-2016|Brau-2016",2,"B",10,15,40,50,5,"FW","M3",0.438104336390566
"Brau-2014|Brau-2015",2,"B",10,15,40,50,5,"FW","M3",0.533739133899737
"Brau-2014|Brau-2016",2,"B",10,15,40,50,5,"FW","M3",0.489399685165075
"Brau-2015|Brau-2016",2,"B",10,15,40,50,5,"FW","M3",0.449190330221586
"Aber-2015|Aber-2016",2,"C",20,10,40,60,5,"FW","M3",0.574687015157051
"Aber-2015|Brau-2014",2,"C",20,10,40,60,5,"FW","M3",0.537921036090666
"Aber-2015|Brau-2015",2,"C",20,10,40,60,5,"FW","M3",0.503552044134969
"Aber-2015|Brau-2016",2,"C",20,10,40,60,5,"FW","M3",0.448968723642394
"Aber-2016|Brau-2014",2,"C",20,10,40,60,5,"FW","M3",0.573964870640337
"Aber-2016|Brau-2015",2,"C",20,10,40,60,5,"FW","M3",0.49498605900955
"Aber-2016|Brau-2016",2,"C",20,10,40,60,5,"FW","M3",0.410457578652718
"Brau-2014|Brau-2015",2,"C",20,10,40,60,5,"FW","M3",0.554862396553508
"Brau-2014|Brau-2016",2,"C",20,10,40,60,5,"FW","M3",0.401909915592778
"Brau-2015|Brau-2016",2,"C",20,10,40,60,5,"FW","M3",0.506816769098371
"Aber-2015|Aber-2016",2,"D",30,5,40,70,5,"FW","M3",0.488268001543873
"Aber-2015|Brau-2014",2,"D",30,5,40,70,5,"FW","M3",0.519242674415534
"Aber-2015|Brau-2015",2,"D",30,5,40,70,5,"FW","M3",0.546792219993233
"Aber-2015|Brau-2016",2,"D",30,5,40,70,5,"FW","M3",0.43501067384638
"Aber-2016|Brau-2014",2,"D",30,5,40,70,5,"FW","M3",0.486524953051867
"Aber-2016|Brau-2015",2,"D",30,5,40,70,5,"FW","M3",0.438554212043989
"Aber-2016|Brau-2016",2,"D",30,5,40,70,5,"FW","M3",0.382781579752962
"Brau-2014|Brau-2015",2,"D",30,5,40,70,5,"FW","M3",0.483830565471929
"Brau-2014|Brau-2016",2,"D",30,5,40,70,5,"FW","M3",0.356957970460388
"Brau-2015|Brau-2016",2,"D",30,5,40,70,5,"FW","M3",0.26539784895007
"Aber-2015|Aber-2016",2,"E",40,0,40,80,5,"FW","M3",0.52083848531268
"Aber-2015|Brau-2014",2,"E",40,0,40,80,5,"FW","M3",0.599246308794946
"Aber-2015|Brau-2015",2,"E",40,0,40,80,5,"FW","M3",0.473380131006238
"Aber-2015|Brau-2016",2,"E",40,0,40,80,5,"FW","M3",0.471429676579584
"Aber-2016|Brau-2014",2,"E",40,0,40,80,5,"FW","M3",0.495960452387259
"Aber-2016|Brau-2015",2,"E",40,0,40,80,5,"FW","M3",0.411415346880367
"Aber-2016|Brau-2016",2,"E",40,0,40,80,5,"FW","M3",0.481730918886957
"Brau-2014|Brau-2015",2,"E",40,0,40,80,5,"FW","M3",0.518561530106042
"Brau-2014|Brau-2016",2,"E",40,0,40,80,5,"FW","M3",0.509546606858318
"Brau-2015|Brau-2016",2,"E",40,0,40,80,5,"FW","M3",0.35585432653824
"Aber-2015|Aber-2016",2,"A",0,20,40,40,1,"MC","M3",0.528005674450455
"Aber-2015|Brau-2014",2,"A",0,20,40,40,1,"MC","M3",0.391864033568561
"Aber-2015|Brau-2015",2,"A",0,20,40,40,1,"MC","M3",-0.0583876299736712
"Aber-2015|Brau-2016",2,"A",0,20,40,40,1,"MC","M3",0.325899604100152
"Aber-2016|Brau-2014",2,"A",0,20,40,40,1,"MC","M3",0.433215244467927
"Aber-2016|Brau-2015",2,"A",0,20,40,40,1,"MC","M3",0.298919741531457
"Aber-2016|Brau-2016",2,"A",0,20,40,40,1,"MC","M3",0.237366190504456
"Brau-2014|Brau-2015",2,"A",0,20,40,40,1,"MC","M3",0.502722848937569
"Brau-2014|Brau-2016",2,"A",0,20,40,40,1,"MC","M3",0.261020898768044
"Brau-2015|Brau-2016",2,"A",0,20,40,40,1,"MC","M3",0.121613254119218
"Aber-2015|Aber-2016",2,"B",10,15,40,50,1,"MC","M3",0.401888820124577
"Aber-2015|Brau-2014",2,"B",10,15,40,50,1,"MC","M3",0.481157292867433
"Aber-2015|Brau-2015",2,"B",10,15,40,50,1,"MC","M3",0.552232383050791
"Aber-2015|Brau-2016",2,"B",10,15,40,50,1,"MC","M3",0.278499229372872
"Aber-2016|Brau-2014",2,"B",10,15,40,50,1,"MC","M3",0.497977542511082
"Aber-2016|Brau-2015",2,"B",10,15,40,50,1,"MC","M3",0.380492739569786
"Aber-2016|Brau-2016",2,"B",10,15,40,50,1,"MC","M3",0.225206700516519
"Brau-2014|Brau-2015",2,"B",10,15,40,50,1,"MC","M3",0.35187245985868
"Brau-2014|Brau-2016",2,"B",10,15,40,50,1,"MC","M3",0.248251659447601
"Brau-2015|Brau-2016",2,"B",10,15,40,50,1,"MC","M3",0.330313010632137
"Aber-2015|Aber-2016",2,"C",20,10,40,60,1,"MC","M3",0.452006366927312
"Aber-2015|Brau-2014",2,"C",20,10,40,60,1,"MC","M3",0.487198125278653
"Aber-2015|Brau-2015",2,"C",20,10,40,60,1,"MC","M3",0.495526412852895
"Aber-2015|Brau-2016",2,"C",20,10,40,60,1,"MC","M3",0.226938367569102
"Aber-2016|Brau-2014",2,"C",20,10,40,60,1,"MC","M3",0.481058084432643
"Aber-2016|Brau-2015",2,"C",20,10,40,60,1,"MC","M3",0.431432355910167
"Aber-2016|Brau-2016",2,"C",20,10,40,60,1,"MC","M3",0.30787235715155
"Brau-2014|Brau-2015",2,"C",20,10,40,60,1,"MC","M3",0.494114428371634
"Brau-2014|Brau-2016",2,"C",20,10,40,60,1,"MC","M3",0.313548715339116
"Brau-2015|Brau-2016",2,"C",20,10,40,60,1,"MC","M3",0.379638639870956
"Aber-2015|Aber-2016",2,"D",30,5,40,70,1,"MC","M3",0.437777959518787
"Aber-2015|Brau-2014",2,"D",30,5,40,70,1,"MC","M3",0.439023240846725
"Aber-2015|Brau-2015",2,"D",30,5,40,70,1,"MC","M3",0.435164017767799
"Aber-2015|Brau-2016",2,"D",30,5,40,70,1,"MC","M3",0.239823905343472
"Aber-2016|Brau-2014",2,"D",30,5,40,70,1,"MC","M3",0.483429637831593
"Aber-2016|Brau-2015",2,"D",30,5,40,70,1,"MC","M3",0.510211279381173
"Aber-2016|Brau-2016",2,"D",30,5,40,70,1,"MC","M3",0.0750912713421166
"Brau-2014|Brau-2015",2,"D",30,5,40,70,1,"MC","M3",0.528111303558667
"Brau-2014|Brau-2016",2,"D",30,5,40,70,1,"MC","M3",0.265122552576681
"Brau-2015|Brau-2016",2,"D",30,5,40,70,1,"MC","M3",0.286222342494257
"Aber-2015|Aber-2016",2,"E",40,0,40,80,1,"MC","M3",0.431471589750905
"Aber-2015|Brau-2014",2,"E",40,0,40,80,1,"MC","M3",0.535123493588179
"Aber-2015|Brau-2015",2,"E",40,0,40,80,1,"MC","M3",0.485366714345612
"Aber-2015|Brau-2016",2,"E",40,0,40,80,1,"MC","M3",0.316822975850075
"Aber-2016|Brau-2014",2,"E",40,0,40,80,1,"MC","M3",0.587275301011185
"Aber-2016|Brau-2015",2,"E",40,0,40,80,1,"MC","M3",0.355259595339049
"Aber-2016|Brau-2016",2,"E",40,0,40,80,1,"MC","M3",0.180222208559496
"Brau-2014|Brau-2015",2,"E",40,0,40,80,1,"MC","M3",0.497324071486498
"Brau-2014|Brau-2016",2,"E",40,0,40,80,1,"MC","M3",0.319565967390554
"Brau-2015|Brau-2016",2,"E",40,0,40,80,1,"MC","M3",0.248346420615115
"Aber-2015|Aber-2016",2,"A",0,20,40,40,2,"MC","M3",0.466397389192355
"Aber-2015|Brau-2014",2,"A",0,20,40,40,2,"MC","M3",0.412366483938371
"Aber-2015|Brau-2015",2,"A",0,20,40,40,2,"MC","M3",0.441602656308069
"Aber-2015|Brau-2016",2,"A",0,20,40,40,2,"MC","M3",0.212699566976889
"Aber-2016|Brau-2014",2,"A",0,20,40,40,2,"MC","M3",0.539811323476854
"Aber-2016|Brau-2015",2,"A",0,20,40,40,2,"MC","M3",0.51236790685159
"Aber-2016|Brau-2016",2,"A",0,20,40,40,2,"MC","M3",0.344320636330966
"Brau-2014|Brau-2015",2,"A",0,20,40,40,2,"MC","M3",0.482835601759919
"Brau-2014|Brau-2016",2,"A",0,20,40,40,2,"MC","M3",0.240308401394776
"Brau-2015|Brau-2016",2,"A",0,20,40,40,2,"MC","M3",0.21837967522003
"Aber-2015|Aber-2016",2,"B",10,15,40,50,2,"MC","M3",0.440490926817057
"Aber-2015|Brau-2014",2,"B",10,15,40,50,2,"MC","M3",0.174122128459534
"Aber-2015|Brau-2015",2,"B",10,15,40,50,2,"MC","M3",0.452186508001989
"Aber-2015|Brau-2016",2,"B",10,15,40,50,2,"MC","M3",0.293033517946513
"Aber-2016|Brau-2014",2,"B",10,15,40,50,2,"MC","M3",0.479528216492543
"Aber-2016|Brau-2015",2,"B",10,15,40,50,2,"MC","M3",0.534313267766266
"Aber-2016|Brau-2016",2,"B",10,15,40,50,2,"MC","M3",0.256616856606388
"Brau-2014|Brau-2015",2,"B",10,15,40,50,2,"MC","M3",0.551548915208878
"Brau-2014|Brau-2016",2,"B",10,15,40,50,2,"MC","M3",0.145149429379161
"Brau-2015|Brau-2016",2,"B",10,15,40,50,2,"MC","M3",0.345943828817334
"Aber-2015|Aber-2016",2,"C",20,10,40,60,2,"MC","M3",0.429661248773759
"Aber-2015|Brau-2014",2,"C",20,10,40,60,2,"MC","M3",0.434090990904752
"Aber-2015|Brau-2015",2,"C",20,10,40,60,2,"MC","M3",0.439200563151945
"Aber-2015|Brau-2016",2,"C",20,10,40,60,2,"MC","M3",0.218781066767135
"Aber-2016|Brau-2014",2,"C",20,10,40,60,2,"MC","M3",0.513969593723945
"Aber-2016|Brau-2015",2,"C",20,10,40,60,2,"MC","M3",0.521762700960143
"Aber-2016|Brau-2016",2,"C",20,10,40,60,2,"MC","M3",0.217727740697763
"Brau-2014|Brau-2015",2,"C",20,10,40,60,2,"MC","M3",0.467871903594896
"Brau-2014|Brau-2016",2,"C",20,10,40,60,2,"MC","M3",0.272598365459153
"Brau-2015|Brau-2016",2,"C",20,10,40,60,2,"MC","M3",0.318101987501638
"Aber-2015|Aber-2016",2,"D",30,5,40,70,2,"MC","M3",0.447418223963359
"Aber-2015|Brau-2014",2,"D",30,5,40,70,2,"MC","M3",0.512418410409897
"Aber-2015|Brau-2015",2,"D",30,5,40,70,2,"MC","M3",0.357520334336756
"Aber-2015|Brau-2016",2,"D",30,5,40,70,2,"MC","M3",0.370621072663027
"Aber-2016|Brau-2014",2,"D",30,5,40,70,2,"MC","M3",0.583085516090679
"Aber-2016|Brau-2015",2,"D",30,5,40,70,2,"MC","M3",0.396785455474789
"Aber-2016|Brau-2016",2,"D",30,5,40,70,2,"MC","M3",0.226102026088037
"Brau-2014|Brau-2015",2,"D",30,5,40,70,2,"MC","M3",0.523006798614395
"Brau-2014|Brau-2016",2,"D",30,5,40,70,2,"MC","M3",0.287104085748434
"Brau-2015|Brau-2016",2,"D",30,5,40,70,2,"MC","M3",0.332519318979913
"Aber-2015|Aber-2016",2,"E",40,0,40,80,2,"MC","M3",0.406354382531757
"Aber-2015|Brau-2014",2,"E",40,0,40,80,2,"MC","M3",0.50285620700989
"Aber-2015|Brau-2015",2,"E",40,0,40,80,2,"MC","M3",0.379199412236334
"Aber-2015|Brau-2016",2,"E",40,0,40,80,2,"MC","M3",0.19651294826082
"Aber-2016|Brau-2014",2,"E",40,0,40,80,2,"MC","M3",0.465783497749888
"Aber-2016|Brau-2015",2,"E",40,0,40,80,2,"MC","M3",0.41283820926502
"Aber-2016|Brau-2016",2,"E",40,0,40,80,2,"MC","M3",0.371135209385142
"Brau-2014|Brau-2015",2,"E",40,0,40,80,2,"MC","M3",0.513459690245368
"Brau-2014|Brau-2016",2,"E",40,0,40,80,2,"MC","M3",0.0804208665029834
"Brau-2015|Brau-2016",2,"E",40,0,40,80,2,"MC","M3",0.205303208533379
"Aber-2015|Aber-2016",2,"A",0,20,40,40,3,"MC","M3",0.414902970067407
"Aber-2015|Brau-2014",2,"A",0,20,40,40,3,"MC","M3",0.447717362177572
"Aber-2015|Brau-2015",2,"A",0,20,40,40,3,"MC","M3",0.52627453387844
"Aber-2015|Brau-2016",2,"A",0,20,40,40,3,"MC","M3",0.290777717992521
"Aber-2016|Brau-2014",2,"A",0,20,40,40,3,"MC","M3",0.420925759988535
"Aber-2016|Brau-2015",2,"A",0,20,40,40,3,"MC","M3",0.528950081974257
"Aber-2016|Brau-2016",2,"A",0,20,40,40,3,"MC","M3",0.142526078955794
"Brau-2014|Brau-2015",2,"A",0,20,40,40,3,"MC","M3",0.448166739192169
"Brau-2014|Brau-2016",2,"A",0,20,40,40,3,"MC","M3",0.349489072565608
"Brau-2015|Brau-2016",2,"A",0,20,40,40,3,"MC","M3",0.371916205717552
"Aber-2015|Aber-2016",2,"B",10,15,40,50,3,"MC","M3",0.434929343467409
"Aber-2015|Brau-2014",2,"B",10,15,40,50,3,"MC","M3",0.465979816629406
"Aber-2015|Brau-2015",2,"B",10,15,40,50,3,"MC","M3",0.527476009255008
"Aber-2015|Brau-2016",2,"B",10,15,40,50,3,"MC","M3",0.274682090064603
"Aber-2016|Brau-2014",2,"B",10,15,40,50,3,"MC","M3",0.451037244963616
"Aber-2016|Brau-2015",2,"B",10,15,40,50,3,"MC","M3",0.448253886890489
"Aber-2016|Brau-2016",2,"B",10,15,40,50,3,"MC","M3",0.30310342473105
"Brau-2014|Brau-2015",2,"B",10,15,40,50,3,"MC","M3",0.475928956458707
"Brau-2014|Brau-2016",2,"B",10,15,40,50,3,"MC","M3",0.203403282203923
"Brau-2015|Brau-2016",2,"B",10,15,40,50,3,"MC","M3",0.289257893008959
"Aber-2015|Aber-2016",2,"C",20,10,40,60,3,"MC","M3",0.471988936238583
"Aber-2015|Brau-2014",2,"C",20,10,40,60,3,"MC","M3",0.491088493476066
"Aber-2015|Brau-2015",2,"C",20,10,40,60,3,"MC","M3",0.446726258593735
"Aber-2015|Brau-2016",2,"C",20,10,40,60,3,"MC","M3",0.26603048693418
"Aber-2016|Brau-2014",2,"C",20,10,40,60,3,"MC","M3",0.504361761285011
"Aber-2016|Brau-2015",2,"C",20,10,40,60,3,"MC","M3",0.42855827315882
"Aber-2016|Brau-2016",2,"C",20,10,40,60,3,"MC","M3",0.235476699945046
"Brau-2014|Brau-2015",2,"C",20,10,40,60,3,"MC","M3",0.44416709473184
"Brau-2014|Brau-2016",2,"C",20,10,40,60,3,"MC","M3",0.234732675201251
"Brau-2015|Brau-2016",2,"C",20,10,40,60,3,"MC","M3",0.277280224764265
"Aber-2015|Aber-2016",2,"D",30,5,40,70,3,"MC","M3",0.327222139325235
"Aber-2015|Brau-2014",2,"D",30,5,40,70,3,"MC","M3",0.454804235003765
"Aber-2015|Brau-2015",2,"D",30,5,40,70,3,"MC","M3",0.430651862492053
"Aber-2015|Brau-2016",2,"D",30,5,40,70,3,"MC","M3",0.352168571815086
"Aber-2016|Brau-2014",2,"D",30,5,40,70,3,"MC","M3",0.413938123400329
"Aber-2016|Brau-2015",2,"D",30,5,40,70,3,"MC","M3",0.451682795051005
"Aber-2016|Brau-2016",2,"D",30,5,40,70,3,"MC","M3",0.364495573878602
"Brau-2014|Brau-2015",2,"D",30,5,40,70,3,"MC","M3",0.517972316019524
"Brau-2014|Brau-2016",2,"D",30,5,40,70,3,"MC","M3",0.208992279268108
"Brau-2015|Brau-2016",2,"D",30,5,40,70,3,"MC","M3",0.418920799171311
"Aber-2015|Aber-2016",2,"E",40,0,40,80,3,"MC","M3",0.388450611379419
"Aber-2015|Brau-2014",2,"E",40,0,40,80,3,"MC","M3",0.377195891384141
"Aber-2015|Brau-2015",2,"E",40,0,40,80,3,"MC","M3",0.495632955476956
"Aber-2015|Brau-2016",2,"E",40,0,40,80,3,"MC","M3",0.26752789172237
"Aber-2016|Brau-2014",2,"E",40,0,40,80,3,"MC","M3",0.431376593209989
"Aber-2016|Brau-2015",2,"E",40,0,40,80,3,"MC","M3",0.287105087217382
"Aber-2016|Brau-2016",2,"E",40,0,40,80,3,"MC","M3",0.202948690206849
"Brau-2014|Brau-2015",2,"E",40,0,40,80,3,"MC","M3",0.501017792417821
"Brau-2014|Brau-2016",2,"E",40,0,40,80,3,"MC","M3",0.276791168462257
"Brau-2015|Brau-2016",2,"E",40,0,40,80,3,"MC","M3",0.240411256384612
"Aber-2015|Aber-2016",2,"A",0,20,40,40,4,"MC","M3",0.46529578139472
"Aber-2015|Brau-2014",2,"A",0,20,40,40,4,"MC","M3",0.375586035961977
"Aber-2015|Brau-2015",2,"A",0,20,40,40,4,"MC","M3",0.488334865772692
"Aber-2015|Brau-2016",2,"A",0,20,40,40,4,"MC","M3",0.074598870747039
"Aber-2016|Brau-2014",2,"A",0,20,40,40,4,"MC","M3",0.491230156001452
"Aber-2016|Brau-2015",2,"A",0,20,40,40,4,"MC","M3",0.517167120412136
"Aber-2016|Brau-2016",2,"A",0,20,40,40,4,"MC","M3",0.210937210857403
"Brau-2014|Brau-2015",2,"A",0,20,40,40,4,"MC","M3",0.452804654772271
"Brau-2014|Brau-2016",2,"A",0,20,40,40,4,"MC","M3",0.269953877245977
"Brau-2015|Brau-2016",2,"A",0,20,40,40,4,"MC","M3",0.313138639291977
"Aber-2015|Aber-2016",2,"B",10,15,40,50,4,"MC","M3",0.23919596245497
"Aber-2015|Brau-2014",2,"B",10,15,40,50,4,"MC","M3",0.469002211689318
"Aber-2015|Brau-2015",2,"B",10,15,40,50,4,"MC","M3",0.391318936312826
"Aber-2015|Brau-2016",2,"B",10,15,40,50,4,"MC","M3",0.183508051235221
"Aber-2016|Brau-2014",2,"B",10,15,40,50,4,"MC","M3",0.540582952951511
"Aber-2016|Brau-2015",2,"B",10,15,40,50,4,"MC","M3",0.478959240372166
"Aber-2016|Brau-2016",2,"B",10,15,40,50,4,"MC","M3",0.262048559082402
"Brau-2014|Brau-2015",2,"B",10,15,40,50,4,"MC","M3",0.457131147286236
"Brau-2014|Brau-2016",2,"B",10,15,40,50,4,"MC","M3",0.229793211022432
"Brau-2015|Brau-2016",2,"B",10,15,40,50,4,"MC","M3",0.27198603597586
"Aber-2015|Aber-2016",2,"C",20,10,40,60,4,"MC","M3",0.409914252635385
"Aber-2015|Brau-2014",2,"C",20,10,40,60,4,"MC","M3",0.484309303745003
"Aber-2015|Brau-2015",2,"C",20,10,40,60,4,"MC","M3",0.480407548747832
"Aber-2015|Brau-2016",2,"C",20,10,40,60,4,"MC","M3",0.173542610139778
"Aber-2016|Brau-2014",2,"C",20,10,40,60,4,"MC","M3",0.509148067340544
"Aber-2016|Brau-2015",2,"C",20,10,40,60,4,"MC","M3",0.397537243841138
"Aber-2016|Brau-2016",2,"C",20,10,40,60,4,"MC","M3",0.321752379571542
"Brau-2014|Brau-2015",2,"C",20,10,40,60,4,"MC","M3",0.493366952444086
"Brau-2014|Brau-2016",2,"C",20,10,40,60,4,"MC","M3",0.244261189405964
"Brau-2015|Brau-2016",2,"C",20,10,40,60,4,"MC","M3",0.318051125287983
"Aber-2015|Aber-2016",2,"D",30,5,40,70,4,"MC","M3",0.457443956514326
"Aber-2015|Brau-2014",2,"D",30,5,40,70,4,"MC","M3",0.485000774809182
"Aber-2015|Brau-2015",2,"D",30,5,40,70,4,"MC","M3",0.397542211901667
"Aber-2015|Brau-2016",2,"D",30,5,40,70,4,"MC","M3",0.162617798218005
"Aber-2016|Brau-2014",2,"D",30,5,40,70,4,"MC","M3",0.487890796624035
"Aber-2016|Brau-2015",2,"D",30,5,40,70,4,"MC","M3",0.414273719221691
"Aber-2016|Brau-2016",2,"D",30,5,40,70,4,"MC","M3",0.33635944625729
"Brau-2014|Brau-2015",2,"D",30,5,40,70,4,"MC","M3",0.49149259975367
"Brau-2014|Brau-2016",2,"D",30,5,40,70,4,"MC","M3",0.341301674632092
"Brau-2015|Brau-2016",2,"D",30,5,40,70,4,"MC","M3",0.295622182725324
"Aber-2015|Aber-2016",2,"E",40,0,40,80,4,"MC","M3",0.45422787676606
"Aber-2015|Brau-2014",2,"E",40,0,40,80,4,"MC","M3",0.467617982701129
"Aber-2015|Brau-2015",2,"E",40,0,40,80,4,"MC","M3",0.421885195570038
"Aber-2015|Brau-2016",2,"E",40,0,40,80,4,"MC","M3",0.109095348659427
"Aber-2016|Brau-2014",2,"E",40,0,40,80,4,"MC","M3",0.558316694620105
"Aber-2016|Brau-2015",2,"E",40,0,40,80,4,"MC","M3",0.446472340073926
"Aber-2016|Brau-2016",2,"E",40,0,40,80,4,"MC","M3",0.189054478549811
"Brau-2014|Brau-2015",2,"E",40,0,40,80,4,"MC","M3",0.527381098648806
"Brau-2014|Brau-2016",2,"E",40,0,40,80,4,"MC","M3",0.249322852030103
"Brau-2015|Brau-2016",2,"E",40,0,40,80,4,"MC","M3",0.166052974492668
"Aber-2015|Aber-2016",2,"A",0,20,40,40,5,"MC","M3",0.504982570463599
"Aber-2015|Brau-2014",2,"A",0,20,40,40,5,"MC","M3",0.42018692158291
"Aber-2015|Brau-2015",2,"A",0,20,40,40,5,"MC","M3",0.497951356965907
"Aber-2015|Brau-2016",2,"A",0,20,40,40,5,"MC","M3",0.273198850141059
"Aber-2016|Brau-2014",2,"A",0,20,40,40,5,"MC","M3",0.532488661751189
"Aber-2016|Brau-2015",2,"A",0,20,40,40,5,"MC","M3",0.450307224687252
"Aber-2016|Brau-2016",2,"A",0,20,40,40,5,"MC","M3",0.255459963663768
"Brau-2014|Brau-2015",2,"A",0,20,40,40,5,"MC","M3",0.456432980988529
"Brau-2014|Brau-2016",2,"A",0,20,40,40,5,"MC","M3",0.286618893823799
"Brau-2015|Brau-2016",2,"A",0,20,40,40,5,"MC","M3",0.230590351758463
"Aber-2015|Aber-2016",2,"B",10,15,40,50,5,"MC","M3",0.517671844372859
"Aber-2015|Brau-2014",2,"B",10,15,40,50,5,"MC","M3",0.354231652876747
"Aber-2015|Brau-2015",2,"B",10,15,40,50,5,"MC","M3",0.435918054902489
"Aber-2015|Brau-2016",2,"B",10,15,40,50,5,"MC","M3",0.2846821416948
"Aber-2016|Brau-2014",2,"B",10,15,40,50,5,"MC","M3",0.481375144670546
"Aber-2016|Brau-2015",2,"B",10,15,40,50,5,"MC","M3",0.4468223727116
"Aber-2016|Brau-2016",2,"B",10,15,40,50,5,"MC","M3",0.240349276286762
"Brau-2014|Brau-2015",2,"B",10,15,40,50,5,"MC","M3",0.478559036858815
"Brau-2014|Brau-2016",2,"B",10,15,40,50,5,"MC","M3",0.171871238210688
"Brau-2015|Brau-2016",2,"B",10,15,40,50,5,"MC","M3",0.266102857121052
"Aber-2015|Aber-2016",2,"C",20,10,40,60,5,"MC","M3",0.48103529886707
"Aber-2015|Brau-2014",2,"C",20,10,40,60,5,"MC","M3",0.467930087691785
"Aber-2015|Brau-2015",2,"C",20,10,40,60,5,"MC","M3",0.391930987011629
"Aber-2015|Brau-2016",2,"C",20,10,40,60,5,"MC","M3",0.274003065397139
"Aber-2016|Brau-2014",2,"C",20,10,40,60,5,"MC","M3",0.550290046423281
"Aber-2016|Brau-2015",2,"C",20,10,40,60,5,"MC","M3",0.480394289117698
"Aber-2016|Brau-2016",2,"C",20,10,40,60,5,"MC","M3",0.262444283887868
"Brau-2014|Brau-2015",2,"C",20,10,40,60,5,"MC","M3",0.424518184906485
"Brau-2014|Brau-2016",2,"C",20,10,40,60,5,"MC","M3",0.250404566646363
"Brau-2015|Brau-2016",2,"C",20,10,40,60,5,"MC","M3",0.261280985133444
"Aber-2015|Aber-2016",2,"D",30,5,40,70,5,"MC","M3",0.37468295491006
"Aber-2015|Brau-2014",2,"D",30,5,40,70,5,"MC","M3",0.528897037400498
"Aber-2015|Brau-2015",2,"D",30,5,40,70,5,"MC","M3",0.448434260903533
"Aber-2015|Brau-2016",2,"D",30,5,40,70,5,"MC","M3",0.285960683810719
"Aber-2016|Brau-2014",2,"D",30,5,40,70,5,"MC","M3",0.485416604527993
"Aber-2016|Brau-2015",2,"D",30,5,40,70,5,"MC","M3",0.45394209335151
"Aber-2016|Brau-2016",2,"D",30,5,40,70,5,"MC","M3",0.221362953074271
"Brau-2014|Brau-2015",2,"D",30,5,40,70,5,"MC","M3",0.393751358745713
"Brau-2014|Brau-2016",2,"D",30,5,40,70,5,"MC","M3",0.294159746596166
"Brau-2015|Brau-2016",2,"D",30,5,40,70,5,"MC","M3",0.250670783741873
"Aber-2015|Aber-2016",2,"E",40,0,40,80,5,"MC","M3",0.461292973175301
"Aber-2015|Brau-2014",2,"E",40,0,40,80,5,"MC","M3",0.527179402731491
"Aber-2015|Brau-2015",2,"E",40,0,40,80,5,"MC","M3",0.445648862888495
"Aber-2015|Brau-2016",2,"E",40,0,40,80,5,"MC","M3",0.139532178179868
"Aber-2016|Brau-2014",2,"E",40,0,40,80,5,"MC","M3",0.505050974117856
"Aber-2016|Brau-2015",2,"E",40,0,40,80,5,"MC","M3",0.41643366989359
"Aber-2016|Brau-2016",2,"E",40,0,40,80,5,"MC","M3",0.26156812615303
"Brau-2014|Brau-2015",2,"E",40,0,40,80,5,"MC","M3",0.515878384927492
"Brau-2014|Brau-2016",2,"E",40,0,40,80,5,"MC","M3",0.299847430590353
"Brau-2015|Brau-2016",2,"E",40,0,40,80,5,"MC","M3",0.350971378026589
