"combo","k_envs","design","s","n","unique_lines","total_plots","rep","trait","model","predictive_ability"
"Aber-2015|Aber-2016|Brau-2014|Brau-2015",4,"A",0,8,32,32,1,"DM","M1",0.373765722580789
"Aber-2015|Aber-2016|Brau-2014|Brau-2016",4,"A",0,8,32,32,1,"DM","M1",0.413365370416747
"Aber-2015|Aber-2016|Brau-2015|Brau-2016",4,"A",0,8,32,32,1,"DM","M1",0.468902770950726
"Aber-2015|Brau-2014|Brau-2015|Brau-2016",4,"A",0,8,32,32,1,"DM","M1",0.501995799898108
"Aber-2016|Brau-2014|Brau-2015|Brau-2016",4,"A",0,8,32,32,1,"DM","M1",0.282443866765612
"Aber-2015|Aber-2016|Brau-2014|Brau-2015",4,"B",8,6,32,56,1,"DM","M1",0.51394054975318
"Aber-2015|Aber-2016|Brau-2014|Brau-2016",4,"B",8,6,32,56,1,"DM","M1",0.422812022930251
"Aber-2015|Aber-2016|Brau-2015|Brau-2016",4,"B",8,6,32,56,1,"DM","M1",0.516734461085026
"Aber-2015|Brau-2014|Brau-2015|Brau-2016",4,"B",8,6,32,56,1,"DM","M1",0.378527883685486
"Aber-2016|Brau-2014|Brau-2015|Brau-2016",4,"B",8,6,32,56,1,"DM","M1",0.402584251686157
"Aber-2015|Aber-2016|Brau-2014|Brau-2015",4,"C",16,4,32,80,1,"DM","M1",0.514286725371843
"Aber-2015|Aber-2016|Brau-2014|Brau-2016",4,"C",16,4,32,80,1,"DM","M1",0.417787572960222
"Aber-2015|Aber-2016|Brau-2015|Brau-2016",4,"C",16,4,32,80,1,"DM","M1",0.451133532971248
"Aber-2015|Brau-2014|Brau-2015|Brau-2016",4,"C",16,4,32,80,1,"DM","M1",0.489414178080465
"Aber-2016|Brau-2014|Brau-2015|Brau-2016",4,"C",16,4,32,80,1,"DM","M1",0.330092831438178
"Aber-2015|Aber-2016|Brau-2014|Brau-2015",4,"D",24,2,32,104,1,"DM","M1",0.493734984086152
"Aber-2015|Aber-2016|Brau-2014|Brau-2016",4,"D",24,2,32,104,1,"DM","M1",0.510000733318036
"Aber-2015|Aber-2016|Brau-2015|Brau-2016",4,"D",24,2,32,104,1,"DM","M1",-0.256697837098949
"Aber-2015|Brau-2014|Brau-2015|Brau-2016",4,"D",24,2,32,104,1,"DM","M1",0.518512557827467
"Aber-2016|Brau-2014|Brau-2015|Brau-2016",4,"D",24,2,32,104,1,"DM","M1",0.451299785329163
"Aber-2015|Aber-2016|Brau-2014|Brau-2015",4,"E",32,0,32,128,1,"DM","M1",0.462084184680308
"Aber-2015|Aber-2016|Brau-2014|Brau-2016",4,"E",32,0,32,128,1,"DM","M1",0.517769014434436
"Aber-2015|Aber-2016|Brau-2015|Brau-2016",4,"E",32,0,32,128,1,"DM","M1",0.453182178634253
"Aber-2015|Brau-2014|Brau-2015|Brau-2016",4,"E",32,0,32,128,1,"DM","M1",0.32988869783188
"Aber-2016|Brau-2014|Brau-2015|Brau-2016",4,"E",32,0,32,128,1,"DM","M1",0.444691331637556
"Aber-2015|Aber-2016|Brau-2014|Brau-2015",4,"A",0,8,32,32,2,"DM","M1",0.442747240503183
"Aber-2015|Aber-2016|Brau-2014|Brau-2016",4,"A",0,8,32,32,2,"DM","M1",0.440159495153737
"Aber-2015|Aber-2016|Brau-2015|Brau-2016",4,"A",0,8,32,32,2,"DM","M1",0.344018392844942
"Aber-2015|Brau-2014|Brau-2015|Brau-2016",4,"A",0,8,32,32,2,"DM","M1",0.474011059218645
"Aber-2016|Brau-2014|Brau-2015|Brau-2016",4,"A",0,8,32,32,2,"DM","M1",0.175250503143484
"Aber-2015|Aber-2016|Brau-2014|Brau-2015",4,"B",8,6,32,56,2,"DM","M1",0.425561598534435
"Aber-2015|Aber-2016|Brau-2014|Brau-2016",4,"B",8,6,32,56,2,"DM","M1",0.492806993317445
"Aber-2015|Aber-2016|Brau-2015|Brau-2016",4,"B",8,6,32,56,2,"DM","M1",0.527351978833374
"Aber-2015|Brau-2014|Brau-2015|Brau-2016",4,"B",8,6,32,56,2,"DM","M1",0.547511075989038
"Aber-2016|Brau-2014|Brau-2015|Brau-2016",4,"B",8,6,32,56,2,"DM","M1",0.460521038727487
"Aber-2015|Aber-2016|Brau-2014|Brau-2015",4,"C",16,4,32,80,2,"DM","M1",0.472998159605518
"Aber-2015|Aber-2016|Brau-2014|Brau-2016",4,"C",16,4,32,80,2,"DM","M1",0.460786847564856
"Aber-2015|Aber-2016|Brau-2015|Brau-2016",4,"C",16,4,32,80,2,"DM","M1",0.481114999522321
"Aber-2015|Brau-2014|Brau-2015|Brau-2016",4,"C",16,4,32,80,2,"DM","M1",0.499169219303952
"Aber-2016|Brau-2014|Brau-2015|Brau-2016",4,"C",16,4,32,80,2,"DM","M1",0.446567071661465
"Aber-2015|Aber-2016|Brau-2014|Brau-2015",4,"D",24,2,32,104,2,"DM","M1",0.458284772641226
"Aber-2015|Aber-2016|Brau-2014|Brau-2016",4,"D",24,2,32,104,2,"DM","M1",0.427576004945938
"Aber-2015|Aber-2016|Brau-2015|Brau-2016",4,"D",24,2,32,104,2,"DM","M1",0.513627067565781
"Aber-2015|Brau-2014|Brau-2015|Brau-2016",4,"D",24,2,32,104,2,"DM","M1",0.506729159721917
"Aber-2016|Brau-2014|Brau-2015|Brau-2016",4,"D",24,2,32,104,2,"DM","M1",0.419181156795948
"Aber-2015|Aber-2016|Brau-2014|Brau-2015",4,"E",32,0,32,128,2,"DM","M1",0.392038976064845
"Aber-2015|Aber-2016|Brau-2014|Brau-2016",4,"E",32,0,32,128,2,"DM","M1",0.458896891232983
"Aber-2015|Aber-2016|Brau-2015|Brau-2016",4,"E",32,0,32,128,2,"DM","M1",0.474550077874536
"Aber-2015|Brau-2014|Brau-2015|Brau-2016",4,"E",32,0,32,128,2,"DM","M1",0.53450060920983
"Aber-2016|Brau-2014|Brau-2015|Brau-2016",4,"E",32,0,32,128,2,"DM","M1",0.484671656580575
"Aber-2015|Aber-2016|Brau-2014|Brau-2015",4,"A",0,8,32,32,3,"DM","M1",0.495806151952935
"Aber-2015|Aber-2016|Brau-2014|Brau-2016",4,"A",0,8,32,32,3,"DM","M1",0.481235492496708
"Aber-2015|Aber-2016|Brau-2015|Brau-2016",4,"A",0,8,32,32,3,"DM","M1",0.503290224438221
"Aber-2015|Brau-2014|Brau-2015|Brau-2016",4,"A",0,8,32,32,3,"DM","M1",0.452512216766385
"Aber-2016|Brau-2014|Brau-2015|Brau-2016",4,"A",0,8,32,32,3,"DM","M1",0.494477589939533
"Aber-2015|Aber-2016|Brau-2014|Brau-2015",4,"B",8,6,32,56,3,"DM","M1",0.325326012250508
"Aber-2015|Aber-2016|Brau-2014|Brau-2016",4,"B",8,6,32,56,3,"DM","M1",0.419398598449567
"Aber-2015|Aber-2016|Brau-2015|Brau-2016",4,"B",8,6,32,56,3,"DM","M1",0.483087675803367
"Aber-2015|Brau-2014|Brau-2015|Brau-2016",4,"B",8,6,32,56,3,"DM","M1",0.492465317465945
"Aber-2016|Brau-2014|Brau-2015|Brau-2016",4,"B",8,6,32,56,3,"DM","M1",0.503084400695085
"Aber-2015|Aber-2016|Brau-2014|Brau-2015",4,"C",16,4,32,80,3,"DM","M1",0.512597899092937
"Aber-2015|Aber-2016|Brau-2014|Brau-2016",4,"C",16,4,32,80,3,"DM","M1",0.504697065822093
"Aber-2015|Aber-2016|Brau-2015|Brau-2016",4,"C",16,4,32,80,3,"DM","M1",0.514511818588757
"Aber-2015|Brau-2014|Brau-2015|Brau-2016",4,"C",16,4,32,80,3,"DM","M1",0.364833532468389
"Aber-2016|Brau-2014|Brau-2015|Brau-2016",4,"C",16,4,32,80,3,"DM","M1",0.441105580233998
"Aber-2015|Aber-2016|Brau-2014|Brau-2015",4,"D",24,2,32,104,3,"DM","M1",0.532346659088816
"Aber-2015|Aber-2016|Brau-2014|Brau-2016",4,"D",24,2,32,104,3,"DM","M1",0.503339925520027
"Aber-2015|Aber-2016|Brau-2015|Brau-2016",4,"D",24,2,32,104,3,"DM","M1",0.525299714422616
"Aber-2015|Brau-2014|Brau-2015|Brau-2016",4,"D",24,2,32,104,3,"DM","M1",0.500893862150583
"Aber-2016|Brau-2014|Brau-2015|Brau-2016",4,"D",24,2,32,104,3,"DM","M1",0.444015831415535
"Aber-2015|Aber-2016|Brau-2014|Brau-2015",4,"E",32,0,32,128,3,"DM","M1",0.458575598676053
"Aber-2015|Aber-2016|Brau-2014|Brau-2016",4,"E",32,0,32,128,3,"DM","M1",0.471388528504381
"Aber-2015|Aber-2016|Brau-2015|Brau-2016",4,"E",32,0,32,128,3,"DM","M1",0.477505286110181
"Aber-2015|Brau-2014|Brau-2015|Brau-2016",4,"E",32,0,32,128,3,"DM","M1",0.483152259166934
"Aber-2016|Brau-2014|Brau-2015|Brau-2016",4,"E",32,0,32,128,3,"DM","M1",0.381382748896633
"Aber-2015|Aber-2016|Brau-2014|Brau-2015",4,"A",0,8,32,32,4,"DM","M1",0.416578734480764
"Aber-2015|Aber-2016|Brau-2014|Brau-2016",4,"A",0,8,32,32,4,"DM","M1",0.473964868080667
"Aber-2015|Aber-2016|Brau-2015|Brau-2016",4,"A",0,8,32,32,4,"DM","M1",0.499544818596185
"Aber-2015|Brau-2014|Brau-2015|Brau-2016",4,"A",0,8,32,32,4,"DM","M1",0.429515458615616
"Aber-2016|Brau-2014|Brau-2015|Brau-2016",4,"A",0,8,32,32,4,"DM","M1",0.403667922334626
"Aber-2015|Aber-2016|Brau-2014|Brau-2015",4,"B",8,6,32,56,4,"DM","M1",0.460022101983212
"Aber-2015|Aber-2016|Brau-2014|Brau-2016",4,"B",8,6,32,56,4,"DM","M1",0.509043523211836
"Aber-2015|Aber-2016|Brau-2015|Brau-2016",4,"B",8,6,32,56,4,"DM","M1",0.492373518093769
"Aber-2015|Brau-2014|Brau-2015|Brau-2016",4,"B",8,6,32,56,4,"DM","M1",0.472441447409609
"Aber-2016|Brau-2014|Brau-2015|Brau-2016",4,"B",8,6,32,56,4,"DM","M1",0.535271557514726
"Aber-2015|Aber-2016|Brau-2014|Brau-2015",4,"C",16,4,32,80,4,"DM","M1",0.457915445936928
"Aber-2015|Aber-2016|Brau-2014|Brau-2016",4,"C",16,4,32,80,4,"DM","M1",0.456685250620222
"Aber-2015|Aber-2016|Brau-2015|Brau-2016",4,"C",16,4,32,80,4,"DM","M1",0.486332366448217
"Aber-2015|Brau-2014|Brau-2015|Brau-2016",4,"C",16,4,32,80,4,"DM","M1",0.491767049764671
"Aber-2016|Brau-2014|Brau-2015|Brau-2016",4,"C",16,4,32,80,4,"DM","M1",0.49237754787749
"Aber-2015|Aber-2016|Brau-2014|Brau-2015",4,"D",24,2,32,104,4,"DM","M1",0.46676346591961
"Aber-2015|Aber-2016|Brau-2014|Brau-2016",4,"D",24,2,32,104,4,"DM","M1",0.468197560905191
"Aber-2015|Aber-2016|Brau-2015|Brau-2016",4,"D",24,2,32,104,4,"DM","M1",0.468087773133265
"Aber-2015|Brau-2014|Brau-2015|Brau-2016",4,"D",24,2,32,104,4,"DM","M1",0.509623249097429
"Aber-2016|Brau-2014|Brau-2015|Brau-2016",4,"D",24,2,32,104,4,"DM","M1",0.4599992578824
"Aber-2015|Aber-2016|Brau-2014|Brau-2015",4,"E",32,0,32,128,4,"DM","M1",0.458742617683525
"Aber-2015|Aber-2016|Brau-2014|Brau-2016",4,"E",32,0,32,128,4,"DM","M1",0.511505590028725
"Aber-2015|Aber-2016|Brau-2015|Brau-2016",4,"E",32,0,32,128,4,"DM","M1",0.496415373931498
"Aber-2015|Brau-2014|Brau-2015|Brau-2016",4,"E",32,0,32,128,4,"DM","M1",0.537409466147758
"Aber-2016|Brau-2014|Brau-2015|Brau-2016",4,"E",32,0,32,128,4,"DM","M1",0.325903419447953
"Aber-2015|Aber-2016|Brau-2014|Brau-2015",4,"A",0,8,32,32,5,"DM","M1",0.503334853796177
"Aber-2015|Aber-2016|Brau-2014|Brau-2016",4,"A",0,8,32,32,5,"DM","M1",0.493930649634768
"Aber-2015|Aber-2016|Brau-2015|Brau-2016",4,"A",0,8,32,32,5,"DM","M1",0.452005711602611
"Aber-2015|Brau-2014|Brau-2015|Brau-2016",4,"A",0,8,32,32,5,"DM","M1",0.431491352915452
"Aber-2016|Brau-2014|Brau-2015|Brau-2016",4,"A",0,8,32,32,5,"DM","M1",0.46568006853215
"Aber-2015|Aber-2016|Brau-2014|Brau-2015",4,"B",8,6,32,56,5,"DM","M1",0.419268265235349
"Aber-2015|Aber-2016|Brau-2014|Brau-2016",4,"B",8,6,32,56,5,"DM","M1",0.463389124368482
"Aber-2015|Aber-2016|Brau-2015|Brau-2016",4,"B",8,6,32,56,5,"DM","M1",0.466927851567472
"Aber-2015|Brau-2014|Brau-2015|Brau-2016",4,"B",8,6,32,56,5,"DM","M1",0.416553934812109
"Aber-2016|Brau-2014|Brau-2015|Brau-2016",4,"B",8,6,32,56,5,"DM","M1",0.43527826990959
"Aber-2015|Aber-2016|Brau-2014|Brau-2015",4,"C",16,4,32,80,5,"DM","M1",0.470861404060761
"Aber-2015|Aber-2016|Brau-2014|Brau-2016",4,"C",16,4,32,80,5,"DM","M1",0.478617027505754
"Aber-2015|Aber-2016|Brau-2015|Brau-2016",4,"C",16,4,32,80,5,"DM","M1",0.48467025992903
"Aber-2015|Brau-2014|Brau-2015|Brau-2016",4,"C",16,4,32,80,5,"DM","M1",0.529706848412092
"Aber-2016|Brau-2014|Brau-2015|Brau-2016",4,"C",16,4,32,80,5,"DM","M1",0.423816692461808
"Aber-2015|Aber-2016|Brau-2014|Brau-2015",4,"D",24,2,32,104,5,"DM","M1",0.495196675801162
"Aber-2015|Aber-2016|Brau-2014|Brau-2016",4,"D",24,2,32,104,5,"DM","M1",0.487827230170381
"Aber-2015|Aber-2016|Brau-2015|Brau-2016",4,"D",24,2,32,104,5,"DM","M1",0.513573735731113
"Aber-2015|Brau-2014|Brau-2015|Brau-2016",4,"D",24,2,32,104,5,"DM","M1",0.448688485580358
"Aber-2016|Brau-2014|Brau-2015|Brau-2016",4,"D",24,2,32,104,5,"DM","M1",0.438728132843139
"Aber-2015|Aber-2016|Brau-2014|Brau-2015",4,"E",32,0,32,128,5,"DM","M1",0.502138635145989
"Aber-2015|Aber-2016|Brau-2014|Brau-2016",4,"E",32,0,32,128,5,"DM","M1",0.489603387951711
"Aber-2015|Aber-2016|Brau-2015|Brau-2016",4,"E",32,0,32,128,5,"DM","M1",0.45342771739
"Aber-2015|Brau-2014|Brau-2015|Brau-2016",4,"E",32,0,32,128,5,"DM","M1",0.503835973258457
"Aber-2016|Brau-2014|Brau-2015|Brau-2016",4,"E",32,0,32,128,5,"DM","M1",0.497785658204583
"Aber-2015|Aber-2016|Brau-2014|Brau-2015",4,"A",0,8,32,32,1,"FW","M1",0.382359532269004
"Aber-2015|Aber-2016|Brau-2014|Brau-2016",4,"A",0,8,32,32,1,"FW","M1",0.388869210406794
"Aber-2015|Aber-2016|Brau-2015|Brau-2016",4,"A",0,8,32,32,1,"FW","M1",0.407428336284818
"Aber-2015|Brau-2014|Brau-2015|Brau-2016",4,"A",0,8,32,32,1,"FW","M1",0.411428753517219
"Aber-2016|Brau-2014|Brau-2015|Brau-2016",4,"A",0,8,32,32,1,"FW","M1",0.284042275242569
"Aber-2015|Aber-2016|Brau-2014|Brau-2015",4,"B",8,6,32,56,1,"FW","M1",0.471559571253619
"Aber-2015|Aber-2016|Brau-2014|Brau-2016",4,"B",8,6,32,56,1,"FW","M1",0.404877036208002
"Aber-2015|Aber-2016|Brau-2015|Brau-2016",4,"B",8,6,32,56,1,"FW","M1",0.486271553249271
"Aber-2015|Brau-2014|Brau-2015|Brau-2016",4,"B",8,6,32,56,1,"FW","M1",0.32289961449708
"Aber-2016|Brau-2014|Brau-2015|Brau-2016",4,"B",8,6,32,56,1,"FW","M1",0.372978563337782
"Aber-2015|Aber-2016|Brau-2014|Brau-2015",4,"C",16,4,32,80,1,"FW","M1",0.494714932471239
"Aber-2015|Aber-2016|Brau-2014|Brau-2016",4,"C",16,4,32,80,1,"FW","M1",0.401189835666944
"Aber-2015|Aber-2016|Brau-2015|Brau-2016",4,"C",16,4,32,80,1,"FW","M1",0.413986786286298
"Aber-2015|Brau-2014|Brau-2015|Brau-2016",4,"C",16,4,32,80,1,"FW","M1",0.467498167651768
"Aber-2016|Brau-2014|Brau-2015|Brau-2016",4,"C",16,4,32,80,1,"FW","M1",0.262461652032934
"Aber-2015|Aber-2016|Brau-2014|Brau-2015",4,"D",24,2,32,104,1,"FW","M1",0.468590107090778
"Aber-2015|Aber-2016|Brau-2014|Brau-2016",4,"D",24,2,32,104,1,"FW","M1",0.476399365050573
"Aber-2015|Aber-2016|Brau-2015|Brau-2016",4,"D",24,2,32,104,1,"FW","M1",-0.154193786577675
"Aber-2015|Brau-2014|Brau-2015|Brau-2016",4,"D",24,2,32,104,1,"FW","M1",0.50350670200757
"Aber-2016|Brau-2014|Brau-2015|Brau-2016",4,"D",24,2,32,104,1,"FW","M1",0.427444322580227
"Aber-2015|Aber-2016|Brau-2014|Brau-2015",4,"E",32,0,32,128,1,"FW","M1",0.390500865230578
"Aber-2015|Aber-2016|Brau-2014|Brau-2016",4,"E",32,0,32,128,1,"FW","M1",0.498015126646744
"Aber-2015|Aber-2016|Brau-2015|Brau-2016",4,"E",32,0,32,128,1,"FW","M1",0.405822106176282
"Aber-2015|Brau-2014|Brau-2015|Brau-2016",4,"E",32,0,32,128,1,"FW","M1",0.315452252547493
"Aber-2016|Brau-2014|Brau-2015|Brau-2016",4,"E",32,0,32,128,1,"FW","M1",0.411441259065393
"Aber-2015|Aber-2016|Brau-2014|Brau-2015",4,"A",0,8,32,32,2,"FW","M1",0.427704845902556
"Aber-2015|Aber-2016|Brau-2014|Brau-2016",4,"A",0,8,32,32,2,"FW","M1",0.407568978760335
"Aber-2015|Aber-2016|Brau-2015|Brau-2016",4,"A",0,8,32,32,2,"FW","M1",0.319328049488735
"Aber-2015|Brau-2014|Brau-2015|Brau-2016",4,"A",0,8,32,32,2,"FW","M1",0.442950067187217
"Aber-2016|Brau-2014|Brau-2015|Brau-2016",4,"A",0,8,32,32,2,"FW","M1",-0.000456093034344175
"Aber-2015|Aber-2016|Brau-2014|Brau-2015",4,"B",8,6,32,56,2,"FW","M1",0.325890597126837
"Aber-2015|Aber-2016|Brau-2014|Brau-2016",4,"B",8,6,32,56,2,"FW","M1",0.459068426243126
"Aber-2015|Aber-2016|Brau-2015|Brau-2016",4,"B",8,6,32,56,2,"FW","M1",0.472169933906941
"Aber-2015|Brau-2014|Brau-2015|Brau-2016",4,"B",8,6,32,56,2,"FW","M1",0.511657841610597
"Aber-2016|Brau-2014|Brau-2015|Brau-2016",4,"B",8,6,32,56,2,"FW","M1",0.436521293921485
"Aber-2015|Aber-2016|Brau-2014|Brau-2015",4,"C",16,4,32,80,2,"FW","M1",0.449758758321153
"Aber-2015|Aber-2016|Brau-2014|Brau-2016",4,"C",16,4,32,80,2,"FW","M1",0.424469773922293
"Aber-2015|Aber-2016|Brau-2015|Brau-2016",4,"C",16,4,32,80,2,"FW","M1",0.469925304337113
"Aber-2015|Brau-2014|Brau-2015|Brau-2016",4,"C",16,4,32,80,2,"FW","M1",0.472420647182444
"Aber-2016|Brau-2014|Brau-2015|Brau-2016",4,"C",16,4,32,80,2,"FW","M1",0.436049501847773
"Aber-2015|Aber-2016|Brau-2014|Brau-2015",4,"D",24,2,32,104,2,"FW","M1",0.387657120138926
"Aber-2015|Aber-2016|Brau-2014|Brau-2016",4,"D",24,2,32,104,2,"FW","M1",0.399182342179775
"Aber-2015|Aber-2016|Brau-2015|Brau-2016",4,"D",24,2,32,104,2,"FW","M1",0.483255893694914
"Aber-2015|Brau-2014|Brau-2015|Brau-2016",4,"D",24,2,32,104,2,"FW","M1",0.445897637546792
"Aber-2016|Brau-2014|Brau-2015|Brau-2016",4,"D",24,2,32,104,2,"FW","M1",0.396124775915761
"Aber-2015|Aber-2016|Brau-2014|Brau-2015",4,"E",32,0,32,128,2,"FW","M1",0.364664766725923
"Aber-2015|Aber-2016|Brau-2014|Brau-2016",4,"E",32,0,32,128,2,"FW","M1",0.451961144321774
"Aber-2015|Aber-2016|Brau-2015|Brau-2016",4,"E",32,0,32,128,2,"FW","M1",0.446832215492518
"Aber-2015|Brau-2014|Brau-2015|Brau-2016",4,"E",32,0,32,128,2,"FW","M1",0.490542044460312
"Aber-2016|Brau-2014|Brau-2015|Brau-2016",4,"E",32,0,32,128,2,"FW","M1",0.453236486378677
"Aber-2015|Aber-2016|Brau-2014|Brau-2015",4,"A",0,8,32,32,3,"FW","M1",0.489449471588325
"Aber-2015|Aber-2016|Brau-2014|Brau-2016",4,"A",0,8,32,32,3,"FW","M1",0.418051981074761
"Aber-2015|Aber-2016|Brau-2015|Brau-2016",4,"A",0,8,32,32,3,"FW","M1",0.463610107457681
"Aber-2015|Brau-2014|Brau-2015|Brau-2016",4,"A",0,8,32,32,3,"FW","M1",0.420217260817164
"Aber-2016|Brau-2014|Brau-2015|Brau-2016",4,"A",0,8,32,32,3,"FW","M1",0.46504649727626
"Aber-2015|Aber-2016|Brau-2014|Brau-2015",4,"B",8,6,32,56,3,"FW","M1",0.257165561201639
"Aber-2015|Aber-2016|Brau-2014|Brau-2016",4,"B",8,6,32,56,3,"FW","M1",0.427076774561474
"Aber-2015|Aber-2016|Brau-2015|Brau-2016",4,"B",8,6,32,56,3,"FW","M1",0.447957233533133
"Aber-2015|Brau-2014|Brau-2015|Brau-2016",4,"B",8,6,32,56,3,"FW","M1",0.456755805481148
"Aber-2016|Brau-2014|Brau-2015|Brau-2016",4,"B",8,6,32,56,3,"FW","M1",0.440765709577285
"Aber-2015|Aber-2016|Brau-2014|Brau-2015",4,"C",16,4,32,80,3,"FW","M1",0.485088290746603
"Aber-2015|Aber-2016|Brau-2014|Brau-2016",4,"C",16,4,32,80,3,"FW","M1",0.467585099376166
"Aber-2015|Aber-2016|Brau-2015|Brau-2016",4,"C",16,4,32,80,3,"FW","M1",0.492346780190648
"Aber-2015|Brau-2014|Brau-2015|Brau-2016",4,"C",16,4,32,80,3,"FW","M1",0.333965175788052
"Aber-2016|Brau-2014|Brau-2015|Brau-2016",4,"C",16,4,32,80,3,"FW","M1",0.424986309976828
"Aber-2015|Aber-2016|Brau-2014|Brau-2015",4,"D",24,2,32,104,3,"FW","M1",0.528107022959962
"Aber-2015|Aber-2016|Brau-2014|Brau-2016",4,"D",24,2,32,104,3,"FW","M1",0.491958444205714
"Aber-2015|Aber-2016|Brau-2015|Brau-2016",4,"D",24,2,32,104,3,"FW","M1",0.494329265054074
"Aber-2015|Brau-2014|Brau-2015|Brau-2016",4,"D",24,2,32,104,3,"FW","M1",0.473440580239785
"Aber-2016|Brau-2014|Brau-2015|Brau-2016",4,"D",24,2,32,104,3,"FW","M1",0.445386673965815
"Aber-2015|Aber-2016|Brau-2014|Brau-2015",4,"E",32,0,32,128,3,"FW","M1",0.438139784125605
"Aber-2015|Aber-2016|Brau-2014|Brau-2016",4,"E",32,0,32,128,3,"FW","M1",0.451831631074996
"Aber-2015|Aber-2016|Brau-2015|Brau-2016",4,"E",32,0,32,128,3,"FW","M1",0.448879684713816
"Aber-2015|Brau-2014|Brau-2015|Brau-2016",4,"E",32,0,32,128,3,"FW","M1",0.459336521937731
"Aber-2016|Brau-2014|Brau-2015|Brau-2016",4,"E",32,0,32,128,3,"FW","M1",0.184946531790014
"Aber-2015|Aber-2016|Brau-2014|Brau-2015",4,"A",0,8,32,32,4,"FW","M1",0.405057333193085
"Aber-2015|Aber-2016|Brau-2014|Brau-2016",4,"A",0,8,32,32,4,"FW","M1",0.444706641606089
"Aber-2015|Aber-2016|Brau-2015|Brau-2016",4,"A",0,8,32,32,4,"FW","M1",0.49125414555124
"Aber-2015|Brau-2014|Brau-2015|Brau-2016",4,"A",0,8,32,32,4,"FW","M1",0.454083765007924
"Aber-2016|Brau-2014|Brau-2015|Brau-2016",4,"A",0,8,32,32,4,"FW","M1",0.380805679353835
"Aber-2015|Aber-2016|Brau-2014|Brau-2015",4,"B",8,6,32,56,4,"FW","M1",0.443034077095932
"Aber-2015|Aber-2016|Brau-2014|Brau-2016",4,"B",8,6,32,56,4,"FW","M1",0.439314478746517
"Aber-2015|Aber-2016|Brau-2015|Brau-2016",4,"B",8,6,32,56,4,"FW","M1",0.455159921763925
"Aber-2015|Brau-2014|Brau-2015|Brau-2016",4,"B",8,6,32,56,4,"FW","M1",0.435650331388947
"Aber-2016|Brau-2014|Brau-2015|Brau-2016",4,"B",8,6,32,56,4,"FW","M1",0.496007767112923
"Aber-2015|Aber-2016|Brau-2014|Brau-2015",4,"C",16,4,32,80,4,"FW","M1",0.335751418552324
"Aber-2015|Aber-2016|Brau-2014|Brau-2016",4,"C",16,4,32,80,4,"FW","M1",0.428791012500351
"Aber-2015|Aber-2016|Brau-2015|Brau-2016",4,"C",16,4,32,80,4,"FW","M1",0.462663432132168
"Aber-2015|Brau-2014|Brau-2015|Brau-2016",4,"C",16,4,32,80,4,"FW","M1",0.45506018659693
"Aber-2016|Brau-2014|Brau-2015|Brau-2016",4,"C",16,4,32,80,4,"FW","M1",0.469602267795619
"Aber-2015|Aber-2016|Brau-2014|Brau-2015",4,"D",24,2,32,104,4,"FW","M1",0.392503506581473
"Aber-2015|Aber-2016|Brau-2014|Brau-2016",4,"D",24,2,32,104,4,"FW","M1",0.439988778802714
"Aber-2015|Aber-2016|Brau-2015|Brau-2016",4,"D",24,2,32,104,4,"FW","M1",0.458817003544146
"Aber-2015|Brau-2014|Brau-2015|Brau-2016",4,"D",24,2,32,104,4,"FW","M1",0.475562592108956
"Aber-2016|Brau-2014|Brau-2015|Brau-2016",4,"D",24,2,32,104,4,"FW","M1",0.440595195793352
"Aber-2015|Aber-2016|Brau-2014|Brau-2015",4,"E",32,0,32,128,4,"FW","M1",0.439232149422619
"Aber-2015|Aber-2016|Brau-2014|Brau-2016",4,"E",32,0,32,128,4,"FW","M1",0.478242623598475
"Aber-2015|Aber-2016|Brau-2015|Brau-2016",4,"E",32,0,32,128,4,"FW","M1",0.468847130249391
"Aber-2015|Brau-2014|Brau-2015|Brau-2016",4,"E",32,0,32,128,4,"FW","M1",0.49015678842195
"Aber-2016|Brau-2014|Brau-2015|Brau-2016",4,"E",32,0,32,128,4,"FW","M1",0.322055676001139
"Aber-2015|Aber-2016|Brau-2014|Brau-2015",4,"A",0,8,32,32,5,"FW","M1",0.482729434541639
"Aber-2015|Aber-2016|Brau-2014|Brau-2016",4,"A",0,8,32,32,5,"FW","M1",0.388372237668802
"Aber-2015|Aber-2016|Brau-2015|Brau-2016",4,"A",0,8,32,32,5,"FW","M1",0.414428698132399
"Aber-2015|Brau-2014|Brau-2015|Brau-2016",4,"A",0,8,32,32,5,"FW","M1",0.400482542012285
"Aber-2016|Brau-2014|Brau-2015|Brau-2016",4,"A",0,8,32,32,5,"FW","M1",0.429963143400905
"Aber-2015|Aber-2016|Brau-2014|Brau-2015",4,"B",8,6,32,56,5,"FW","M1",0.36777248458366
"Aber-2015|Aber-2016|Brau-2014|Brau-2016",4,"B",8,6,32,56,5,"FW","M1",0.439699049726719
"Aber-2015|Aber-2016|Brau-2015|Brau-2016",4,"B",8,6,32,56,5,"FW","M1",0.429632757352154
"Aber-2015|Brau-2014|Brau-2015|Brau-2016",4,"B",8,6,32,56,5,"FW","M1",0.353363895281985
"Aber-2016|Brau-2014|Brau-2015|Brau-2016",4,"B",8,6,32,56,5,"FW","M1",0.402283353994349
"Aber-2015|Aber-2016|Brau-2014|Brau-2015",4,"C",16,4,32,80,5,"FW","M1",0.429550831401931
"Aber-2015|Aber-2016|Brau-2014|Brau-2016",4,"C",16,4,32,80,5,"FW","M1",0.448995027214681
"Aber-2015|Aber-2016|Brau-2015|Brau-2016",4,"C",16,4,32,80,5,"FW","M1",0.476663865399102
"Aber-2015|Brau-2014|Brau-2015|Brau-2016",4,"C",16,4,32,80,5,"FW","M1",0.496516515397817
"Aber-2016|Brau-2014|Brau-2015|Brau-2016",4,"C",16,4,32,80,5,"FW","M1",0.415768726845897
"Aber-2015|Aber-2016|Brau-2014|Brau-2015",4,"D",24,2,32,104,5,"FW","M1",0.464768227295596
"Aber-2015|Aber-2016|Brau-2014|Brau-2016",4,"D",24,2,32,104,5,"FW","M1",0.447144815393494
"Aber-2015|Aber-2016|Brau-2015|Brau-2016",4,"D",24,2,32,104,5,"FW","M1",0.486452187685864
"Aber-2015|Brau-2014|Brau-2015|Brau-2016",4,"D",24,2,32,104,5,"FW","M1",0.407197265690398
"Aber-2016|Brau-2014|Brau-2015|Brau-2016",4,"D",24,2,32,104,5,"FW","M1",0.398067812240201
"Aber-2015|Aber-2016|Brau-2014|Brau-2015",4,"E",32,0,32,128,5,"FW","M1",0.477927931071337
"Aber-2015|Aber-2016|Brau-2014|Brau-2016",4,"E",32,0,32,128,5,"FW","M1",0.466221717197149
"Aber-2015|Aber-2016|Brau-2015|Brau-2016",4,"E",32,0,32,128,5,"FW","M1",0.420238744472848
"Aber-2015|Brau-2014|Brau-2015|Brau-2016",4,"E",32,0,32,128,5,"FW","M1",0.446138328936333
"Aber-2016|Brau-2014|Brau-2015|Brau-2016",4,"E",32,0,32,128,5,"FW","M1",0.272390370446553
"Aber-2015|Aber-2016|Brau-2014|Brau-2015",4,"A",0,8,32,32,1,"MC","M1",0.399120646530467
"Aber-2015|Aber-2016|Brau-2014|Brau-2016",4,"A",0,8,32,32,1,"MC","M1",0.128207483603147
"Aber-2015|Aber-2016|Brau-2015|Brau-2016",4,"A",0,8,32,32,1,"MC","M1",-0.117011058108666
"Aber-2015|Brau-2014|Brau-2015|Brau-2016",4,"A",0,8,32,32,1,"MC","M1",0.290871848646796
"Aber-2016|Brau-2014|Brau-2015|Brau-2016",4,"A",0,8,32,32,1,"MC","M1",0.376350527842408
"Aber-2015|Aber-2016|Brau-2014|Brau-2015",4,"B",8,6,32,56,1,"MC","M1",0.441146103885214
"Aber-2015|Aber-2016|Brau-2014|Brau-2016",4,"B",8,6,32,56,1,"MC","M1",0.399929960130357
"Aber-2015|Aber-2016|Brau-2015|Brau-2016",4,"B",8,6,32,56,1,"MC","M1",0.300707911582982
"Aber-2015|Brau-2014|Brau-2015|Brau-2016",4,"B",8,6,32,56,1,"MC","M1",0.378329985829512
"Aber-2016|Brau-2014|Brau-2015|Brau-2016",4,"B",8,6,32,56,1,"MC","M1",0.359968511193376
"Aber-2015|Aber-2016|Brau-2014|Brau-2015",4,"C",16,4,32,80,1,"MC","M1",0.448492360924735
"Aber-2015|Aber-2016|Brau-2014|Brau-2016",4,"C",16,4,32,80,1,"MC","M1",0.268981772450202
"Aber-2015|Aber-2016|Brau-2015|Brau-2016",4,"C",16,4,32,80,1,"MC","M1",0.345130833293377
"Aber-2015|Brau-2014|Brau-2015|Brau-2016",4,"C",16,4,32,80,1,"MC","M1",0.348074252212046
"Aber-2016|Brau-2014|Brau-2015|Brau-2016",4,"C",16,4,32,80,1,"MC","M1",0.437582304539012
"Aber-2015|Aber-2016|Brau-2014|Brau-2015",4,"D",24,2,32,104,1,"MC","M1",0.418670567431556
"Aber-2015|Aber-2016|Brau-2014|Brau-2016",4,"D",24,2,32,104,1,"MC","M1",0.26177126106218
"Aber-2015|Aber-2016|Brau-2015|Brau-2016",4,"D",24,2,32,104,1,"MC","M1",0.193031345322197
"Aber-2015|Brau-2014|Brau-2015|Brau-2016",4,"D",24,2,32,104,1,"MC","M1",0.3394657930443
"Aber-2016|Brau-2014|Brau-2015|Brau-2016",4,"D",24,2,32,104,1,"MC","M1",0.356119963043672
"Aber-2015|Aber-2016|Brau-2014|Brau-2015",4,"E",32,0,32,128,1,"MC","M1",0.416728996638179
"Aber-2015|Aber-2016|Brau-2014|Brau-2016",4,"E",32,0,32,128,1,"MC","M1",0.375501202973488
"Aber-2015|Aber-2016|Brau-2015|Brau-2016",4,"E",32,0,32,128,1,"MC","M1",0.325190855863977
"Aber-2015|Brau-2014|Brau-2015|Brau-2016",4,"E",32,0,32,128,1,"MC","M1",0.346131635596049
"Aber-2016|Brau-2014|Brau-2015|Brau-2016",4,"E",32,0,32,128,1,"MC","M1",0.356917617338561
"Aber-2015|Aber-2016|Brau-2014|Brau-2015",4,"A",0,8,32,32,2,"MC","M1",0.49786743787758
"Aber-2015|Aber-2016|Brau-2014|Brau-2016",4,"A",0,8,32,32,2,"MC","M1",0.123855540417976
"Aber-2015|Aber-2016|Brau-2015|Brau-2016",4,"A",0,8,32,32,2,"MC","M1",0.326176960650138
"Aber-2015|Brau-2014|Brau-2015|Brau-2016",4,"A",0,8,32,32,2,"MC","M1",0.317749801950754
"Aber-2016|Brau-2014|Brau-2015|Brau-2016",4,"A",0,8,32,32,2,"MC","M1",0.250745580489824
"Aber-2015|Aber-2016|Brau-2014|Brau-2015",4,"B",8,6,32,56,2,"MC","M1",0.328719948743812
"Aber-2015|Aber-2016|Brau-2014|Brau-2016",4,"B",8,6,32,56,2,"MC","M1",0.347846632470533
"Aber-2015|Aber-2016|Brau-2015|Brau-2016",4,"B",8,6,32,56,2,"MC","M1",0.26810972618187
"Aber-2015|Brau-2014|Brau-2015|Brau-2016",4,"B",8,6,32,56,2,"MC","M1",0.326501069252015
"Aber-2016|Brau-2014|Brau-2015|Brau-2016",4,"B",8,6,32,56,2,"MC","M1",0.328415563979615
"Aber-2015|Aber-2016|Brau-2014|Brau-2015",4,"C",16,4,32,80,2,"MC","M1",0.404378756008579
"Aber-2015|Aber-2016|Brau-2014|Brau-2016",4,"C",16,4,32,80,2,"MC","M1",0.351110340662514
"Aber-2015|Aber-2016|Brau-2015|Brau-2016",4,"C",16,4,32,80,2,"MC","M1",0.349103153956427
"Aber-2015|Brau-2014|Brau-2015|Brau-2016",4,"C",16,4,32,80,2,"MC","M1",0.355235188351801
"Aber-2016|Brau-2014|Brau-2015|Brau-2016",4,"C",16,4,32,80,2,"MC","M1",0.359217992099169
"Aber-2015|Aber-2016|Brau-2014|Brau-2015",4,"D",24,2,32,104,2,"MC","M1",0.473913760384178
"Aber-2015|Aber-2016|Brau-2014|Brau-2016",4,"D",24,2,32,104,2,"MC","M1",0.380043154888561
"Aber-2015|Aber-2016|Brau-2015|Brau-2016",4,"D",24,2,32,104,2,"MC","M1",0.24249108174124
"Aber-2015|Brau-2014|Brau-2015|Brau-2016",4,"D",24,2,32,104,2,"MC","M1",0.379509478539583
"Aber-2016|Brau-2014|Brau-2015|Brau-2016",4,"D",24,2,32,104,2,"MC","M1",0.24845963134115
"Aber-2015|Aber-2016|Brau-2014|Brau-2015",4,"E",32,0,32,128,2,"MC","M1",0.441775490778697
"Aber-2015|Aber-2016|Brau-2014|Brau-2016",4,"E",32,0,32,128,2,"MC","M1",0.322749739764074
"Aber-2015|Aber-2016|Brau-2015|Brau-2016",4,"E",32,0,32,128,2,"MC","M1",0.28274819602689
"Aber-2015|Brau-2014|Brau-2015|Brau-2016",4,"E",32,0,32,128,2,"MC","M1",0.312099444527841
"Aber-2016|Brau-2014|Brau-2015|Brau-2016",4,"E",32,0,32,128,2,"MC","M1",0.290117907123252
"Aber-2015|Aber-2016|Brau-2014|Brau-2015",4,"A",0,8,32,32,3,"MC","M1",0.397995708862449
"Aber-2015|Aber-2016|Brau-2014|Brau-2016",4,"A",0,8,32,32,3,"MC","M1",0.289531398194671
"Aber-2015|Aber-2016|Brau-2015|Brau-2016",4,"A",0,8,32,32,3,"MC","M1",0.30310692714895
"Aber-2015|Brau-2014|Brau-2015|Brau-2016",4,"A",0,8,32,32,3,"MC","M1",0.306313602619337
"Aber-2016|Brau-2014|Brau-2015|Brau-2016",4,"A",0,8,32,32,3,"MC","M1",0.09801503399328
"Aber-2015|Aber-2016|Brau-2014|Brau-2015",4,"B",8,6,32,56,3,"MC","M1",0.438428531804504
"Aber-2015|Aber-2016|Brau-2014|Brau-2016",4,"B",8,6,32,56,3,"MC","M1",0.358296741389667
"Aber-2015|Aber-2016|Brau-2015|Brau-2016",4,"B",8,6,32,56,3,"MC","M1",0.291773458235085
"Aber-2015|Brau-2014|Brau-2015|Brau-2016",4,"B",8,6,32,56,3,"MC","M1",0.245050240663275
"Aber-2016|Brau-2014|Brau-2015|Brau-2016",4,"B",8,6,32,56,3,"MC","M1",0.285726273071939
"Aber-2015|Aber-2016|Brau-2014|Brau-2015",4,"C",16,4,32,80,3,"MC","M1",0.420154586956931
"Aber-2015|Aber-2016|Brau-2014|Brau-2016",4,"C",16,4,32,80,3,"MC","M1",0.362273520445349
"Aber-2015|Aber-2016|Brau-2015|Brau-2016",4,"C",16,4,32,80,3,"MC","M1",0.321749277314346
"Aber-2015|Brau-2014|Brau-2015|Brau-2016",4,"C",16,4,32,80,3,"MC","M1",0.386110988267484
"Aber-2016|Brau-2014|Brau-2015|Brau-2016",4,"C",16,4,32,80,3,"MC","M1",0.388901311248821
"Aber-2015|Aber-2016|Brau-2014|Brau-2015",4,"D",24,2,32,104,3,"MC","M1",0.386345789323485
"Aber-2015|Aber-2016|Brau-2014|Brau-2016",4,"D",24,2,32,104,3,"MC","M1",0.313583864505639
"Aber-2015|Aber-2016|Brau-2015|Brau-2016",4,"D",24,2,32,104,3,"MC","M1",0.366411833210254
"Aber-2015|Brau-2014|Brau-2015|Brau-2016",4,"D",24,2,32,104,3,"MC","M1",0.352866213584062
"Aber-2016|Brau-2014|Brau-2015|Brau-2016",4,"D",24,2,32,104,3,"MC","M1",0.286142015500802
"Aber-2015|Aber-2016|Brau-2014|Brau-2015",4,"E",32,0,32,128,3,"MC","M1",0.448848797230229
"Aber-2015|Aber-2016|Brau-2014|Brau-2016",4,"E",32,0,32,128,3,"MC","M1",0.293133973358848
"Aber-2015|Aber-2016|Brau-2015|Brau-2016",4,"E",32,0,32,128,3,"MC","M1",0.294737523292467
"Aber-2015|Brau-2014|Brau-2015|Brau-2016",4,"E",32,0,32,128,3,"MC","M1",0.351500747433382
"Aber-2016|Brau-2014|Brau-2015|Brau-2016",4,"E",32,0,32,128,3,"MC","M1",0.284214958642969
"Aber-2015|Aber-2016|Brau-2014|Brau-2015",4,"A",0,8,32,32,4,"MC","M1",0.340526603918452
"Aber-2015|Aber-2016|Brau-2014|Brau-2016",4,"A",0,8,32,32,4,"MC","M1",0.342601304264186
"Aber-2015|Aber-2016|Brau-2015|Brau-2016",4,"A",0,8,32,32,4,"MC","M1",0.416202872805803
"Aber-2015|Brau-2014|Brau-2015|Brau-2016",4,"A",0,8,32,32,4,"MC","M1",0.196027606057677
"Aber-2016|Brau-2014|Brau-2015|Brau-2016",4,"A",0,8,32,32,4,"MC","M1",0.423255618216454
"Aber-2015|Aber-2016|Brau-2014|Brau-2015",4,"B",8,6,32,56,4,"MC","M1",0.483606258850953
"Aber-2015|Aber-2016|Brau-2014|Brau-2016",4,"B",8,6,32,56,4,"MC","M1",0.373783969107814
"Aber-2015|Aber-2016|Brau-2015|Brau-2016",4,"B",8,6,32,56,4,"MC","M1",0.369966217510987
"Aber-2015|Brau-2014|Brau-2015|Brau-2016",4,"B",8,6,32,56,4,"MC","M1",0.356875990483141
"Aber-2016|Brau-2014|Brau-2015|Brau-2016",4,"B",8,6,32,56,4,"MC","M1",0.356906889964556
"Aber-2015|Aber-2016|Brau-2014|Brau-2015",4,"C",16,4,32,80,4,"MC","M1",0.364020796414144
"Aber-2015|Aber-2016|Brau-2014|Brau-2016",4,"C",16,4,32,80,4,"MC","M1",0.399257963163233
"Aber-2015|Aber-2016|Brau-2015|Brau-2016",4,"C",16,4,32,80,4,"MC","M1",0.401456910015064
"Aber-2015|Brau-2014|Brau-2015|Brau-2016",4,"C",16,4,32,80,4,"MC","M1",0.417520460424598
"Aber-2016|Brau-2014|Brau-2015|Brau-2016",4,"C",16,4,32,80,4,"MC","M1",0.382115249061835
"Aber-2015|Aber-2016|Brau-2014|Brau-2015",4,"D",24,2,32,104,4,"MC","M1",0.448430386642502
"Aber-2015|Aber-2016|Brau-2014|Brau-2016",4,"D",24,2,32,104,4,"MC","M1",0.349096172380899
"Aber-2015|Aber-2016|Brau-2015|Brau-2016",4,"D",24,2,32,104,4,"MC","M1",0.353860609346317
"Aber-2015|Brau-2014|Brau-2015|Brau-2016",4,"D",24,2,32,104,4,"MC","M1",0.311349889840108
"Aber-2016|Brau-2014|Brau-2015|Brau-2016",4,"D",24,2,32,104,4,"MC","M1",0.401505446656009
"Aber-2015|Aber-2016|Brau-2014|Brau-2015",4,"E",32,0,32,128,4,"MC","M1",0.46700038651617
"Aber-2015|Aber-2016|Brau-2014|Brau-2016",4,"E",32,0,32,128,4,"MC","M1",0.297935749044113
"Aber-2015|Aber-2016|Brau-2015|Brau-2016",4,"E",32,0,32,128,4,"MC","M1",0.306122096327168
"Aber-2015|Brau-2014|Brau-2015|Brau-2016",4,"E",32,0,32,128,4,"MC","M1",0.238896989843362
"Aber-2016|Brau-2014|Brau-2015|Brau-2016",4,"E",32,0,32,128,4,"MC","M1",0.371744294935912
"Aber-2015|Aber-2016|Brau-2014|Brau-2015",4,"A",0,8,32,32,5,"MC","M1",0.308739811802601
"Aber-2015|Aber-2016|Brau-2014|Brau-2016",4,"A",0,8,32,32,5,"MC","M1",0.347505799304979
"Aber-2015|Aber-2016|Brau-2015|Brau-2016",4,"A",0,8,32,32,5,"MC","M1",0.382735074686598
"Aber-2015|Brau-2014|Brau-2015|Brau-2016",4,"A",0,8,32,32,5,"MC","M1",0.376962252532314
"Aber-2016|Brau-2014|Brau-2015|Brau-2016",4,"A",0,8,32,32,5,"MC","M1",0.389356601732265
"Aber-2015|Aber-2016|Brau-2014|Brau-2015",4,"B",8,6,32,56,5,"MC","M1",0.439138898389139
"Aber-2015|Aber-2016|Brau-2014|Brau-2016",4,"B",8,6,32,56,5,"MC","M1",0.379218732935333
"Aber-2015|Aber-2016|Brau-2015|Brau-2016",4,"B",8,6,32,56,5,"MC","M1",0.3534187024313
"Aber-2015|Brau-2014|Brau-2015|Brau-2016",4,"B",8,6,32,56,5,"MC","M1",0.246275748007194
"Aber-2016|Brau-2014|Brau-2015|Brau-2016",4,"B",8,6,32,56,5,"MC","M1",0.387029822350636
"Aber-2015|Aber-2016|Brau-2014|Brau-2015",4,"C",16,4,32,80,5,"MC","M1",0.460737431672076
"Aber-2015|Aber-2016|Brau-2014|Brau-2016",4,"C",16,4,32,80,5,"MC","M1",0.353098685813759
"Aber-2015|Aber-2016|Brau-2015|Brau-2016",4,"C",16,4,32,80,5,"MC","M1",0.313941419860454
"Aber-2015|Brau-2014|Brau-2015|Brau-2016",4,"C",16,4,32,80,5,"MC","M1",0.410779922064559
"Aber-2016|Brau-2014|Brau-2015|Brau-2016",4,"C",16,4,32,80,5,"MC","M1",0.416318995832415
"Aber-2015|Aber-2016|Brau-2014|Brau-2015",4,"D",24,2,32,104,5,"MC","M1",0.454844786341013
"Aber-2015|Aber-2016|Brau-2014|Brau-2016",4,"D",24,2,32,104,5,"MC","M1",0.337767022662975
"Aber-2015|Aber-2016|Brau-2015|Brau-2016",4,"D",24,2,32,104,5,"MC","M1",0.263037393012065
"Aber-2015|Brau-2014|Brau-2015|Brau-2016",4,"D",24,2,32,104,5,"MC","M1",0.347703190708984
"Aber-2016|Brau-2014|Brau-2015|Brau-2016",4,"D",24,2,32,104,5,"MC","M1",0.317494071833717
"Aber-2015|Aber-2016|Brau-2014|Brau-2015",4,"E",32,0,32,128,5,"MC","M1",0.463158678379448
"Aber-2015|Aber-2016|Brau-2014|Brau-2016",4,"E",32,0,32,128,5,"MC","M1",0.407273648096751
"Aber-2015|Aber-2016|Brau-2015|Brau-2016",4,"E",32,0,32,128,5,"MC","M1",0.276347042908475
"Aber-2015|Brau-2014|Brau-2015|Brau-2016",4,"E",32,0,32,128,5,"MC","M1",0.291291101339868
"Aber-2016|Brau-2014|Brau-2015|Brau-2016",4,"E",32,0,32,128,5,"MC","M1",0.26736709209185
"Aber-2015|Aber-2016|Brau-2014|Brau-2015",4,"A",0,8,32,32,1,"DM","M2",0.298160645404473
"Aber-2015|Aber-2016|Brau-2014|Brau-2016",4,"A",0,8,32,32,1,"DM","M2",0.459825693538717
"Aber-2015|Aber-2016|Brau-2015|Brau-2016",4,"A",0,8,32,32,1,"DM","M2",0.486485794345609
"Aber-2015|Brau-2014|Brau-2015|Brau-2016",4,"A",0,8,32,32,1,"DM","M2",0.496768833222879
"Aber-2016|Brau-2014|Brau-2015|Brau-2016",4,"A",0,8,32,32,1,"DM","M2",0.35555103859745
"Aber-2015|Aber-2016|Brau-2014|Brau-2015",4,"B",8,6,32,56,1,"DM","M2",0.507635809742867
"Aber-2015|Aber-2016|Brau-2014|Brau-2016",4,"B",8,6,32,56,1,"DM","M2",0.405495559379683
"Aber-2015|Aber-2016|Brau-2015|Brau-2016",4,"B",8,6,32,56,1,"DM","M2",0.514900312507228
"Aber-2015|Brau-2014|Brau-2015|Brau-2016",4,"B",8,6,32,56,1,"DM","M2",0.23694839207171
"Aber-2016|Brau-2014|Brau-2015|Brau-2016",4,"B",8,6,32,56,1,"DM","M2",0.406003831775865
"Aber-2015|Aber-2016|Brau-2014|Brau-2015",4,"C",16,4,32,80,1,"DM","M2",0.522784783930865
"Aber-2015|Aber-2016|Brau-2014|Brau-2016",4,"C",16,4,32,80,1,"DM","M2",0.420519002552194
"Aber-2015|Aber-2016|Brau-2015|Brau-2016",4,"C",16,4,32,80,1,"DM","M2",0.489578977423095
"Aber-2015|Brau-2014|Brau-2015|Brau-2016",4,"C",16,4,32,80,1,"DM","M2",0.486439808289052
"Aber-2016|Brau-2014|Brau-2015|Brau-2016",4,"C",16,4,32,80,1,"DM","M2",0.387540631117249
"Aber-2015|Aber-2016|Brau-2014|Brau-2015",4,"D",24,2,32,104,1,"DM","M2",0.491710386007855
"Aber-2015|Aber-2016|Brau-2014|Brau-2016",4,"D",24,2,32,104,1,"DM","M2",0.491613001059083
"Aber-2015|Aber-2016|Brau-2015|Brau-2016",4,"D",24,2,32,104,1,"DM","M2",-0.091310721360055
"Aber-2015|Brau-2014|Brau-2015|Brau-2016",4,"D",24,2,32,104,1,"DM","M2",0.534386678301644
"Aber-2016|Brau-2014|Brau-2015|Brau-2016",4,"D",24,2,32,104,1,"DM","M2",0.456405131710286
"Aber-2015|Aber-2016|Brau-2014|Brau-2015",4,"E",32,0,32,128,1,"DM","M2",0.396954783059967
"Aber-2015|Aber-2016|Brau-2014|Brau-2016",4,"E",32,0,32,128,1,"DM","M2",0.550023372351948
"Aber-2015|Aber-2016|Brau-2015|Brau-2016",4,"E",32,0,32,128,1,"DM","M2",0.474471505112758
"Aber-2015|Brau-2014|Brau-2015|Brau-2016",4,"E",32,0,32,128,1,"DM","M2",0.414843214370556
"Aber-2016|Brau-2014|Brau-2015|Brau-2016",4,"E",32,0,32,128,1,"DM","M2",0.46315148578685
"Aber-2015|Aber-2016|Brau-2014|Brau-2015",4,"A",0,8,32,32,2,"DM","M2",0.301285761738804
"Aber-2015|Aber-2016|Brau-2014|Brau-2016",4,"A",0,8,32,32,2,"DM","M2",0.461965881425
"Aber-2015|Aber-2016|Brau-2015|Brau-2016",4,"A",0,8,32,32,2,"DM","M2",0.203687394182757
"Aber-2015|Brau-2014|Brau-2015|Brau-2016",4,"A",0,8,32,32,2,"DM","M2",0.450702324901004
"Aber-2016|Brau-2014|Brau-2015|Brau-2016",4,"A",0,8,32,32,2,"DM","M2",0.391089106845114
"Aber-2015|Aber-2016|Brau-2014|Brau-2015",4,"B",8,6,32,56,2,"DM","M2",0.518916640623576
"Aber-2015|Aber-2016|Brau-2014|Brau-2016",4,"B",8,6,32,56,2,"DM","M2",0.490512986100162
"Aber-2015|Aber-2016|Brau-2015|Brau-2016",4,"B",8,6,32,56,2,"DM","M2",0.517680497581035
"Aber-2015|Brau-2014|Brau-2015|Brau-2016",4,"B",8,6,32,56,2,"DM","M2",0.528096325554597
"Aber-2016|Brau-2014|Brau-2015|Brau-2016",4,"B",8,6,32,56,2,"DM","M2",0.479775268286022
"Aber-2015|Aber-2016|Brau-2014|Brau-2015",4,"C",16,4,32,80,2,"DM","M2",0.475473336932096
"Aber-2015|Aber-2016|Brau-2014|Brau-2016",4,"C",16,4,32,80,2,"DM","M2",0.47383460300376
"Aber-2015|Aber-2016|Brau-2015|Brau-2016",4,"C",16,4,32,80,2,"DM","M2",0.510995184030701
"Aber-2015|Brau-2014|Brau-2015|Brau-2016",4,"C",16,4,32,80,2,"DM","M2",0.503450563517677
"Aber-2016|Brau-2014|Brau-2015|Brau-2016",4,"C",16,4,32,80,2,"DM","M2",0.476103980440354
"Aber-2015|Aber-2016|Brau-2014|Brau-2015",4,"D",24,2,32,104,2,"DM","M2",0.458795065248355
"Aber-2015|Aber-2016|Brau-2014|Brau-2016",4,"D",24,2,32,104,2,"DM","M2",0.448926306173348
"Aber-2015|Aber-2016|Brau-2015|Brau-2016",4,"D",24,2,32,104,2,"DM","M2",0.507277081933035
"Aber-2015|Brau-2014|Brau-2015|Brau-2016",4,"D",24,2,32,104,2,"DM","M2",0.510682336259363
"Aber-2016|Brau-2014|Brau-2015|Brau-2016",4,"D",24,2,32,104,2,"DM","M2",0.427152792338671
"Aber-2015|Aber-2016|Brau-2014|Brau-2015",4,"E",32,0,32,128,2,"DM","M2",0.408529433698046
"Aber-2015|Aber-2016|Brau-2014|Brau-2016",4,"E",32,0,32,128,2,"DM","M2",0.462685866152732
"Aber-2015|Aber-2016|Brau-2015|Brau-2016",4,"E",32,0,32,128,2,"DM","M2",0.506047952639537
"Aber-2015|Brau-2014|Brau-2015|Brau-2016",4,"E",32,0,32,128,2,"DM","M2",0.536088633277744
"Aber-2016|Brau-2014|Brau-2015|Brau-2016",4,"E",32,0,32,128,2,"DM","M2",0.482131525992223
"Aber-2015|Aber-2016|Brau-2014|Brau-2015",4,"A",0,8,32,32,3,"DM","M2",0.489295153001919
"Aber-2015|Aber-2016|Brau-2014|Brau-2016",4,"A",0,8,32,32,3,"DM","M2",0.440045696060435
"Aber-2015|Aber-2016|Brau-2015|Brau-2016",4,"A",0,8,32,32,3,"DM","M2",0.547606170681931
"Aber-2015|Brau-2014|Brau-2015|Brau-2016",4,"A",0,8,32,32,3,"DM","M2",0.150705534093322
"Aber-2016|Brau-2014|Brau-2015|Brau-2016",4,"A",0,8,32,32,3,"DM","M2",0.455224286839169
"Aber-2015|Aber-2016|Brau-2014|Brau-2015",4,"B",8,6,32,56,3,"DM","M2",0.371225266086338
"Aber-2015|Aber-2016|Brau-2014|Brau-2016",4,"B",8,6,32,56,3,"DM","M2",0.46085947288328
"Aber-2015|Aber-2016|Brau-2015|Brau-2016",4,"B",8,6,32,56,3,"DM","M2",0.506542740106908
"Aber-2015|Brau-2014|Brau-2015|Brau-2016",4,"B",8,6,32,56,3,"DM","M2",0.450827608821554
"Aber-2016|Brau-2014|Brau-2015|Brau-2016",4,"B",8,6,32,56,3,"DM","M2",0.50889478780532
"Aber-2015|Aber-2016|Brau-2014|Brau-2015",4,"C",16,4,32,80,3,"DM","M2",0.517622508819647
"Aber-2015|Aber-2016|Brau-2014|Brau-2016",4,"C",16,4,32,80,3,"DM","M2",0.517952577560415
"Aber-2015|Aber-2016|Brau-2015|Brau-2016",4,"C",16,4,32,80,3,"DM","M2",0.510525227847837
"Aber-2015|Brau-2014|Brau-2015|Brau-2016",4,"C",16,4,32,80,3,"DM","M2",0.310580456880728
"Aber-2016|Brau-2014|Brau-2015|Brau-2016",4,"C",16,4,32,80,3,"DM","M2",0.449897908382144
"Aber-2015|Aber-2016|Brau-2014|Brau-2015",4,"D",24,2,32,104,3,"DM","M2",0.0389777714090449
"Aber-2015|Aber-2016|Brau-2014|Brau-2016",4,"D",24,2,32,104,3,"DM","M2",0.510819662167362
"Aber-2015|Aber-2016|Brau-2015|Brau-2016",4,"D",24,2,32,104,3,"DM","M2",0.540147929459689
"Aber-2015|Brau-2014|Brau-2015|Brau-2016",4,"D",24,2,32,104,3,"DM","M2",0.523970957412435
"Aber-2016|Brau-2014|Brau-2015|Brau-2016",4,"D",24,2,32,104,3,"DM","M2",0.441463931430501
"Aber-2015|Aber-2016|Brau-2014|Brau-2015",4,"E",32,0,32,128,3,"DM","M2",0.450788305740695
"Aber-2015|Aber-2016|Brau-2014|Brau-2016",4,"E",32,0,32,128,3,"DM","M2",0.470406558377376
"Aber-2015|Aber-2016|Brau-2015|Brau-2016",4,"E",32,0,32,128,3,"DM","M2",0.502465518366141
"Aber-2015|Brau-2014|Brau-2015|Brau-2016",4,"E",32,0,32,128,3,"DM","M2",0.489156371879749
"Aber-2016|Brau-2014|Brau-2015|Brau-2016",4,"E",32,0,32,128,3,"DM","M2",0.402295776197282
"Aber-2015|Aber-2016|Brau-2014|Brau-2015",4,"A",0,8,32,32,4,"DM","M2",0.454163393108649
"Aber-2015|Aber-2016|Brau-2014|Brau-2016",4,"A",0,8,32,32,4,"DM","M2",0.320604696993982
"Aber-2015|Aber-2016|Brau-2015|Brau-2016",4,"A",0,8,32,32,4,"DM","M2",0.548933157194966
"Aber-2015|Brau-2014|Brau-2015|Brau-2016",4,"A",0,8,32,32,4,"DM","M2",0.373258622424782
"Aber-2016|Brau-2014|Brau-2015|Brau-2016",4,"A",0,8,32,32,4,"DM","M2",0.471416882305317
"Aber-2015|Aber-2016|Brau-2014|Brau-2015",4,"B",8,6,32,56,4,"DM","M2",0.507920543950643
"Aber-2015|Aber-2016|Brau-2014|Brau-2016",4,"B",8,6,32,56,4,"DM","M2",0.498571286157406
"Aber-2015|Aber-2016|Brau-2015|Brau-2016",4,"B",8,6,32,56,4,"DM","M2",0.503103846097752
"Aber-2015|Brau-2014|Brau-2015|Brau-2016",4,"B",8,6,32,56,4,"DM","M2",0.46341236135673
"Aber-2016|Brau-2014|Brau-2015|Brau-2016",4,"B",8,6,32,56,4,"DM","M2",0.518566545320532
"Aber-2015|Aber-2016|Brau-2014|Brau-2015",4,"C",16,4,32,80,4,"DM","M2",0.46312101894387
"Aber-2015|Aber-2016|Brau-2014|Brau-2016",4,"C",16,4,32,80,4,"DM","M2",0.471126563176179
"Aber-2015|Aber-2016|Brau-2015|Brau-2016",4,"C",16,4,32,80,4,"DM","M2",0.483026354203
"Aber-2015|Brau-2014|Brau-2015|Brau-2016",4,"C",16,4,32,80,4,"DM","M2",0.515812223571555
"Aber-2016|Brau-2014|Brau-2015|Brau-2016",4,"C",16,4,32,80,4,"DM","M2",0.483893436300659
"Aber-2015|Aber-2016|Brau-2014|Brau-2015",4,"D",24,2,32,104,4,"DM","M2",0.454148150982452
"Aber-2015|Aber-2016|Brau-2014|Brau-2016",4,"D",24,2,32,104,4,"DM","M2",0.471462597295837
"Aber-2015|Aber-2016|Brau-2015|Brau-2016",4,"D",24,2,32,104,4,"DM","M2",0.478863096168493
"Aber-2015|Brau-2014|Brau-2015|Brau-2016",4,"D",24,2,32,104,4,"DM","M2",0.523816969856576
"Aber-2016|Brau-2014|Brau-2015|Brau-2016",4,"D",24,2,32,104,4,"DM","M2",0.471452878949308
"Aber-2015|Aber-2016|Brau-2014|Brau-2015",4,"E",32,0,32,128,4,"DM","M2",0.452225369922445
"Aber-2015|Aber-2016|Brau-2014|Brau-2016",4,"E",32,0,32,128,4,"DM","M2",0.504929202128657
"Aber-2015|Aber-2016|Brau-2015|Brau-2016",4,"E",32,0,32,128,4,"DM","M2",0.513271085662795
"Aber-2015|Brau-2014|Brau-2015|Brau-2016",4,"E",32,0,32,128,4,"DM","M2",0.569316091027421
"Aber-2016|Brau-2014|Brau-2015|Brau-2016",4,"E",32,0,32,128,4,"DM","M2",0.342421477868188
"Aber-2015|Aber-2016|Brau-2014|Brau-2015",4,"A",0,8,32,32,5,"DM","M2",0.418557805011111
"Aber-2015|Aber-2016|Brau-2014|Brau-2016",4,"A",0,8,32,32,5,"DM","M2",0.466856252869806
"Aber-2015|Aber-2016|Brau-2015|Brau-2016",4,"A",0,8,32,32,5,"DM","M2",0.433296488132805
"Aber-2015|Brau-2014|Brau-2015|Brau-2016",4,"A",0,8,32,32,5,"DM","M2",0.48493733580872
"Aber-2016|Brau-2014|Brau-2015|Brau-2016",4,"A",0,8,32,32,5,"DM","M2",0.494385003908375
"Aber-2015|Aber-2016|Brau-2014|Brau-2015",4,"B",8,6,32,56,5,"DM","M2",0.398854442789173
"Aber-2015|Aber-2016|Brau-2014|Brau-2016",4,"B",8,6,32,56,5,"DM","M2",0.464134769365477
"Aber-2015|Aber-2016|Brau-2015|Brau-2016",4,"B",8,6,32,56,5,"DM","M2",0.44276625473263
"Aber-2015|Brau-2014|Brau-2015|Brau-2016",4,"B",8,6,32,56,5,"DM","M2",0.434701288921608
"Aber-2016|Brau-2014|Brau-2015|Brau-2016",4,"B",8,6,32,56,5,"DM","M2",0.466951846552921
"Aber-2015|Aber-2016|Brau-2014|Brau-2015",4,"C",16,4,32,80,5,"DM","M2",0.516770827736793
"Aber-2015|Aber-2016|Brau-2014|Brau-2016",4,"C",16,4,32,80,5,"DM","M2",0.443764275797516
"Aber-2015|Aber-2016|Brau-2015|Brau-2016",4,"C",16,4,32,80,5,"DM","M2",0.521503210006999
"Aber-2015|Brau-2014|Brau-2015|Brau-2016",4,"C",16,4,32,80,5,"DM","M2",0.527896261295901
"Aber-2016|Brau-2014|Brau-2015|Brau-2016",4,"C",16,4,32,80,5,"DM","M2",0.395901673500599
"Aber-2015|Aber-2016|Brau-2014|Brau-2015",4,"D",24,2,32,104,5,"DM","M2",0.472331899968871
"Aber-2015|Aber-2016|Brau-2014|Brau-2016",4,"D",24,2,32,104,5,"DM","M2",0.491248305333928
"Aber-2015|Aber-2016|Brau-2015|Brau-2016",4,"D",24,2,32,104,5,"DM","M2",0.511744549840085
"Aber-2015|Brau-2014|Brau-2015|Brau-2016",4,"D",24,2,32,104,5,"DM","M2",0.456143069386827
"Aber-2016|Brau-2014|Brau-2015|Brau-2016",4,"D",24,2,32,104,5,"DM","M2",0.443365780677548
"Aber-2015|Aber-2016|Brau-2014|Brau-2015",4,"E",32,0,32,128,5,"DM","M2",0.494825337400652
"Aber-2015|Aber-2016|Brau-2014|Brau-2016",4,"E",32,0,32,128,5,"DM","M2",0.480372051157214
"Aber-2015|Aber-2016|Brau-2015|Brau-2016",4,"E",32,0,32,128,5,"DM","M2",0.491689709373439
"Aber-2015|Brau-2014|Brau-2015|Brau-2016",4,"E",32,0,32,128,5,"DM","M2",0.524913348339537
"Aber-2016|Brau-2014|Brau-2015|Brau-2016",4,"E",32,0,32,128,5,"DM","M2",0.492256072961588
"Aber-2015|Aber-2016|Brau-2014|Brau-2015",4,"A",0,8,32,32,1,"FW","M2",0.315235329380413
"Aber-2015|Aber-2016|Brau-2014|Brau-2016",4,"A",0,8,32,32,1,"FW","M2",0.448433554686126
"Aber-2015|Aber-2016|Brau-2015|Brau-2016",4,"A",0,8,32,32,1,"FW","M2",0.444934144313452
"Aber-2015|Brau-2014|Brau-2015|Brau-2016",4,"A",0,8,32,32,1,"FW","M2",0.344121175085366
"Aber-2016|Brau-2014|Brau-2015|Brau-2016",4,"A",0,8,32,32,1,"FW","M2",0.363865830772775
"Aber-2015|Aber-2016|Brau-2014|Brau-2015",4,"B",8,6,32,56,1,"FW","M2",0.471459483292227
"Aber-2015|Aber-2016|Brau-2014|Brau-2016",4,"B",8,6,32,56,1,"FW","M2",0.389737703932974
"Aber-2015|Aber-2016|Brau-2015|Brau-2016",4,"B",8,6,32,56,1,"FW","M2",0.493136068396751
"Aber-2015|Brau-2014|Brau-2015|Brau-2016",4,"B",8,6,32,56,1,"FW","M2",0.143137535437008
"Aber-2016|Brau-2014|Brau-2015|Brau-2016",4,"B",8,6,32,56,1,"FW","M2",0.388542169183773
"Aber-2015|Aber-2016|Brau-2014|Brau-2015",4,"C",16,4,32,80,1,"FW","M2",0.503743572184758
"Aber-2015|Aber-2016|Brau-2014|Brau-2016",4,"C",16,4,32,80,1,"FW","M2",0.40458394623833
"Aber-2015|Aber-2016|Brau-2015|Brau-2016",4,"C",16,4,32,80,1,"FW","M2",0.464572095842233
"Aber-2015|Brau-2014|Brau-2015|Brau-2016",4,"C",16,4,32,80,1,"FW","M2",0.464451209834486
"Aber-2016|Brau-2014|Brau-2015|Brau-2016",4,"C",16,4,32,80,1,"FW","M2",0.347123311586901
"Aber-2015|Aber-2016|Brau-2014|Brau-2015",4,"D",24,2,32,104,1,"FW","M2",0.465454523341451
"Aber-2015|Aber-2016|Brau-2014|Brau-2016",4,"D",24,2,32,104,1,"FW","M2",0.443681433850831
"Aber-2015|Aber-2016|Brau-2015|Brau-2016",4,"D",24,2,32,104,1,"FW","M2",-0.0508336694804624
"Aber-2015|Brau-2014|Brau-2015|Brau-2016",4,"D",24,2,32,104,1,"FW","M2",0.514893528829621
"Aber-2016|Brau-2014|Brau-2015|Brau-2016",4,"D",24,2,32,104,1,"FW","M2",0.432256506987789
"Aber-2015|Aber-2016|Brau-2014|Brau-2015",4,"E",32,0,32,128,1,"FW","M2",0.329455515203806
"Aber-2015|Aber-2016|Brau-2014|Brau-2016",4,"E",32,0,32,128,1,"FW","M2",0.528332578763714
"Aber-2015|Aber-2016|Brau-2015|Brau-2016",4,"E",32,0,32,128,1,"FW","M2",0.423626091473293
"Aber-2015|Brau-2014|Brau-2015|Brau-2016",4,"E",32,0,32,128,1,"FW","M2",0.363827201377133
"Aber-2016|Brau-2014|Brau-2015|Brau-2016",4,"E",32,0,32,128,1,"FW","M2",0.427763117909507
"Aber-2015|Aber-2016|Brau-2014|Brau-2015",4,"A",0,8,32,32,2,"FW","M2",0.275498658168013
"Aber-2015|Aber-2016|Brau-2014|Brau-2016",4,"A",0,8,32,32,2,"FW","M2",0.427432365659527
"Aber-2015|Aber-2016|Brau-2015|Brau-2016",4,"A",0,8,32,32,2,"FW","M2",0.198676037735706
"Aber-2015|Brau-2014|Brau-2015|Brau-2016",4,"A",0,8,32,32,2,"FW","M2",0.365591636719108
"Aber-2016|Brau-2014|Brau-2015|Brau-2016",4,"A",0,8,32,32,2,"FW","M2",0.303811976752693
"Aber-2015|Aber-2016|Brau-2014|Brau-2015",4,"B",8,6,32,56,2,"FW","M2",0.479395978938446
"Aber-2015|Aber-2016|Brau-2014|Brau-2016",4,"B",8,6,32,56,2,"FW","M2",0.45140757704565
"Aber-2015|Aber-2016|Brau-2015|Brau-2016",4,"B",8,6,32,56,2,"FW","M2",0.46052701452124
"Aber-2015|Brau-2014|Brau-2015|Brau-2016",4,"B",8,6,32,56,2,"FW","M2",0.501687215659728
"Aber-2016|Brau-2014|Brau-2015|Brau-2016",4,"B",8,6,32,56,2,"FW","M2",0.457516403904274
"Aber-2015|Aber-2016|Brau-2014|Brau-2015",4,"C",16,4,32,80,2,"FW","M2",0.45057641476008
"Aber-2015|Aber-2016|Brau-2014|Brau-2016",4,"C",16,4,32,80,2,"FW","M2",0.437348924647861
"Aber-2015|Aber-2016|Brau-2015|Brau-2016",4,"C",16,4,32,80,2,"FW","M2",0.493280346981154
"Aber-2015|Brau-2014|Brau-2015|Brau-2016",4,"C",16,4,32,80,2,"FW","M2",0.479030816474541
"Aber-2016|Brau-2014|Brau-2015|Brau-2016",4,"C",16,4,32,80,2,"FW","M2",0.460862306639809
"Aber-2015|Aber-2016|Brau-2014|Brau-2015",4,"D",24,2,32,104,2,"FW","M2",0.386082412210597
"Aber-2015|Aber-2016|Brau-2014|Brau-2016",4,"D",24,2,32,104,2,"FW","M2",0.428508541857987
"Aber-2015|Aber-2016|Brau-2015|Brau-2016",4,"D",24,2,32,104,2,"FW","M2",0.48377145317219
"Aber-2015|Brau-2014|Brau-2015|Brau-2016",4,"D",24,2,32,104,2,"FW","M2",0.458678338282114
"Aber-2016|Brau-2014|Brau-2015|Brau-2016",4,"D",24,2,32,104,2,"FW","M2",0.413481465873729
"Aber-2015|Aber-2016|Brau-2014|Brau-2015",4,"E",32,0,32,128,2,"FW","M2",0.390299966892288
"Aber-2015|Aber-2016|Brau-2014|Brau-2016",4,"E",32,0,32,128,2,"FW","M2",0.456393996952997
"Aber-2015|Aber-2016|Brau-2015|Brau-2016",4,"E",32,0,32,128,2,"FW","M2",0.479942575551915
"Aber-2015|Brau-2014|Brau-2015|Brau-2016",4,"E",32,0,32,128,2,"FW","M2",0.497493882331054
"Aber-2016|Brau-2014|Brau-2015|Brau-2016",4,"E",32,0,32,128,2,"FW","M2",0.454340324440908
"Aber-2015|Aber-2016|Brau-2014|Brau-2015",4,"A",0,8,32,32,3,"FW","M2",0.489003534714278
"Aber-2015|Aber-2016|Brau-2014|Brau-2016",4,"A",0,8,32,32,3,"FW","M2",0.35999642264966
"Aber-2015|Aber-2016|Brau-2015|Brau-2016",4,"A",0,8,32,32,3,"FW","M2",0.532820524968161
"Aber-2015|Brau-2014|Brau-2015|Brau-2016",4,"A",0,8,32,32,3,"FW","M2",0.0406421265145166
"Aber-2016|Brau-2014|Brau-2015|Brau-2016",4,"A",0,8,32,32,3,"FW","M2",0.481013536181223
"Aber-2015|Aber-2016|Brau-2014|Brau-2015",4,"B",8,6,32,56,3,"FW","M2",0.292944380683834
"Aber-2015|Aber-2016|Brau-2014|Brau-2016",4,"B",8,6,32,56,3,"FW","M2",0.451408193933326
"Aber-2015|Aber-2016|Brau-2015|Brau-2016",4,"B",8,6,32,56,3,"FW","M2",0.469275405542054
"Aber-2015|Brau-2014|Brau-2015|Brau-2016",4,"B",8,6,32,56,3,"FW","M2",0.440267343223802
"Aber-2016|Brau-2014|Brau-2015|Brau-2016",4,"B",8,6,32,56,3,"FW","M2",0.472851553716814
"Aber-2015|Aber-2016|Brau-2014|Brau-2015",4,"C",16,4,32,80,3,"FW","M2",0.488081610143116
"Aber-2015|Aber-2016|Brau-2014|Brau-2016",4,"C",16,4,32,80,3,"FW","M2",0.480885069306382
"Aber-2015|Aber-2016|Brau-2015|Brau-2016",4,"C",16,4,32,80,3,"FW","M2",0.487602885184708
"Aber-2015|Brau-2014|Brau-2015|Brau-2016",4,"C",16,4,32,80,3,"FW","M2",0.292607362717254
"Aber-2016|Brau-2014|Brau-2015|Brau-2016",4,"C",16,4,32,80,3,"FW","M2",0.433886348475889
"Aber-2015|Aber-2016|Brau-2014|Brau-2015",4,"D",24,2,32,104,3,"FW","M2",0.211162237285427
"Aber-2015|Aber-2016|Brau-2014|Brau-2016",4,"D",24,2,32,104,3,"FW","M2",0.496688825127736
"Aber-2015|Aber-2016|Brau-2015|Brau-2016",4,"D",24,2,32,104,3,"FW","M2",0.520846403735065
"Aber-2015|Brau-2014|Brau-2015|Brau-2016",4,"D",24,2,32,104,3,"FW","M2",0.501713065083554
"Aber-2016|Brau-2014|Brau-2015|Brau-2016",4,"D",24,2,32,104,3,"FW","M2",0.450152091974962
"Aber-2015|Aber-2016|Brau-2014|Brau-2015",4,"E",32,0,32,128,3,"FW","M2",0.429810509097559
"Aber-2015|Aber-2016|Brau-2014|Brau-2016",4,"E",32,0,32,128,3,"FW","M2",0.450618916874643
"Aber-2015|Aber-2016|Brau-2015|Brau-2016",4,"E",32,0,32,128,3,"FW","M2",0.487748115873079
"Aber-2015|Brau-2014|Brau-2015|Brau-2016",4,"E",32,0,32,128,3,"FW","M2",0.47070288339566
"Aber-2016|Brau-2014|Brau-2015|Brau-2016",4,"E",32,0,32,128,3,"FW","M2",0.222699646250956
"Aber-2015|Aber-2016|Brau-2014|Brau-2015",4,"A",0,8,32,32,4,"FW","M2",0.450396196809547
"Aber-2015|Aber-2016|Brau-2014|Brau-2016",4,"A",0,8,32,32,4,"FW","M2",0.290301512704091
"Aber-2015|Aber-2016|Brau-2015|Brau-2016",4,"A",0,8,32,32,4,"FW","M2",0.542103348834697
"Aber-2015|Brau-2014|Brau-2015|Brau-2016",4,"A",0,8,32,32,4,"FW","M2",0.423679743243553
"Aber-2016|Brau-2014|Brau-2015|Brau-2016",4,"A",0,8,32,32,4,"FW","M2",0.459960927939834
"Aber-2015|Aber-2016|Brau-2014|Brau-2015",4,"B",8,6,32,56,4,"FW","M2",0.497787968024195
"Aber-2015|Aber-2016|Brau-2014|Brau-2016",4,"B",8,6,32,56,4,"FW","M2",0.439862902599565
"Aber-2015|Aber-2016|Brau-2015|Brau-2016",4,"B",8,6,32,56,4,"FW","M2",0.470501888191438
"Aber-2015|Brau-2014|Brau-2015|Brau-2016",4,"B",8,6,32,56,4,"FW","M2",0.43248562826302
"Aber-2016|Brau-2014|Brau-2015|Brau-2016",4,"B",8,6,32,56,4,"FW","M2",0.484265226882843
"Aber-2015|Aber-2016|Brau-2014|Brau-2015",4,"C",16,4,32,80,4,"FW","M2",0.327866835501655
"Aber-2015|Aber-2016|Brau-2014|Brau-2016",4,"C",16,4,32,80,4,"FW","M2",0.445057975496528
"Aber-2015|Aber-2016|Brau-2015|Brau-2016",4,"C",16,4,32,80,4,"FW","M2",0.461763728862145
"Aber-2015|Brau-2014|Brau-2015|Brau-2016",4,"C",16,4,32,80,4,"FW","M2",0.48281998068238
"Aber-2016|Brau-2014|Brau-2015|Brau-2016",4,"C",16,4,32,80,4,"FW","M2",0.460280321376331
"Aber-2015|Aber-2016|Brau-2014|Brau-2015",4,"D",24,2,32,104,4,"FW","M2",0.380805221600316
"Aber-2015|Aber-2016|Brau-2014|Brau-2016",4,"D",24,2,32,104,4,"FW","M2",0.440503231662567
"Aber-2015|Aber-2016|Brau-2015|Brau-2016",4,"D",24,2,32,104,4,"FW","M2",0.472239998277675
"Aber-2015|Brau-2014|Brau-2015|Brau-2016",4,"D",24,2,32,104,4,"FW","M2",0.486486741232457
"Aber-2016|Brau-2014|Brau-2015|Brau-2016",4,"D",24,2,32,104,4,"FW","M2",0.45105098042136
"Aber-2015|Aber-2016|Brau-2014|Brau-2015",4,"E",32,0,32,128,4,"FW","M2",0.43475895033842
"Aber-2015|Aber-2016|Brau-2014|Brau-2016",4,"E",32,0,32,128,4,"FW","M2",0.487869684925868
"Aber-2015|Aber-2016|Brau-2015|Brau-2016",4,"E",32,0,32,128,4,"FW","M2",0.488679843251473
"Aber-2015|Brau-2014|Brau-2015|Brau-2016",4,"E",32,0,32,128,4,"FW","M2",0.517601112149959
"Aber-2016|Brau-2014|Brau-2015|Brau-2016",4,"E",32,0,32,128,4,"FW","M2",0.336725181814089
"Aber-2015|Aber-2016|Brau-2014|Brau-2015",4,"A",0,8,32,32,5,"FW","M2",0.39405038342044
"Aber-2015|Aber-2016|Brau-2014|Brau-2016",4,"A",0,8,32,32,5,"FW","M2",0.332734226666642
"Aber-2015|Aber-2016|Brau-2015|Brau-2016",4,"A",0,8,32,32,5,"FW","M2",0.33936015903947
"Aber-2015|Brau-2014|Brau-2015|Brau-2016",4,"A",0,8,32,32,5,"FW","M2",0.45993172683804
"Aber-2016|Brau-2014|Brau-2015|Brau-2016",4,"A",0,8,32,32,5,"FW","M2",0.462747923556331
"Aber-2015|Aber-2016|Brau-2014|Brau-2015",4,"B",8,6,32,56,5,"FW","M2",0.322543752071678
"Aber-2015|Aber-2016|Brau-2014|Brau-2016",4,"B",8,6,32,56,5,"FW","M2",0.444360582119108
"Aber-2015|Aber-2016|Brau-2015|Brau-2016",4,"B",8,6,32,56,5,"FW","M2",0.405354481134552
"Aber-2015|Brau-2014|Brau-2015|Brau-2016",4,"B",8,6,32,56,5,"FW","M2",0.382441547972674
"Aber-2016|Brau-2014|Brau-2015|Brau-2016",4,"B",8,6,32,56,5,"FW","M2",0.441506921746271
"Aber-2015|Aber-2016|Brau-2014|Brau-2015",4,"C",16,4,32,80,5,"FW","M2",0.487185651453585
"Aber-2015|Aber-2016|Brau-2014|Brau-2016",4,"C",16,4,32,80,5,"FW","M2",0.417112151034664
"Aber-2015|Aber-2016|Brau-2015|Brau-2016",4,"C",16,4,32,80,5,"FW","M2",0.514995492137818
"Aber-2015|Brau-2014|Brau-2015|Brau-2016",4,"C",16,4,32,80,5,"FW","M2",0.491384094047631
"Aber-2016|Brau-2014|Brau-2015|Brau-2016",4,"C",16,4,32,80,5,"FW","M2",0.385332845291912
"Aber-2015|Aber-2016|Brau-2014|Brau-2015",4,"D",24,2,32,104,5,"FW","M2",0.436641964200489
"Aber-2015|Aber-2016|Brau-2014|Brau-2016",4,"D",24,2,32,104,5,"FW","M2",0.453487075277509
"Aber-2015|Aber-2016|Brau-2015|Brau-2016",4,"D",24,2,32,104,5,"FW","M2",0.48765703665915
"Aber-2015|Brau-2014|Brau-2015|Brau-2016",4,"D",24,2,32,104,5,"FW","M2",0.415541372409147
"Aber-2016|Brau-2014|Brau-2015|Brau-2016",4,"D",24,2,32,104,5,"FW","M2",0.399598031592932
"Aber-2015|Aber-2016|Brau-2014|Brau-2015",4,"E",32,0,32,128,5,"FW","M2",0.471345034808337
"Aber-2015|Aber-2016|Brau-2014|Brau-2016",4,"E",32,0,32,128,5,"FW","M2",0.460606382264183
"Aber-2015|Aber-2016|Brau-2015|Brau-2016",4,"E",32,0,32,128,5,"FW","M2",0.459542551694045
"Aber-2015|Brau-2014|Brau-2015|Brau-2016",4,"E",32,0,32,128,5,"FW","M2",0.482111463896057
"Aber-2016|Brau-2014|Brau-2015|Brau-2016",4,"E",32,0,32,128,5,"FW","M2",0.399830846159423
"Aber-2015|Aber-2016|Brau-2014|Brau-2015",4,"A",0,8,32,32,1,"MC","M2",0.457811803239776
"Aber-2015|Aber-2016|Brau-2014|Brau-2016",4,"A",0,8,32,32,1,"MC","M2",0.208887842203637
"Aber-2015|Aber-2016|Brau-2015|Brau-2016",4,"A",0,8,32,32,1,"MC","M2",0.0562363785062177
"Aber-2015|Brau-2014|Brau-2015|Brau-2016",4,"A",0,8,32,32,1,"MC","M2",0.296833925788071
"Aber-2016|Brau-2014|Brau-2015|Brau-2016",4,"A",0,8,32,32,1,"MC","M2",0.372688187979467
"Aber-2015|Aber-2016|Brau-2014|Brau-2015",4,"B",8,6,32,56,1,"MC","M2",0.447641263221272
"Aber-2015|Aber-2016|Brau-2014|Brau-2016",4,"B",8,6,32,56,1,"MC","M2",0.427868972250747
"Aber-2015|Aber-2016|Brau-2015|Brau-2016",4,"B",8,6,32,56,1,"MC","M2",0.334846716106457
"Aber-2015|Brau-2014|Brau-2015|Brau-2016",4,"B",8,6,32,56,1,"MC","M2",0.374113239119929
"Aber-2016|Brau-2014|Brau-2015|Brau-2016",4,"B",8,6,32,56,1,"MC","M2",0.353251874543275
"Aber-2015|Aber-2016|Brau-2014|Brau-2015",4,"C",16,4,32,80,1,"MC","M2",0.441399505344934
"Aber-2015|Aber-2016|Brau-2014|Brau-2016",4,"C",16,4,32,80,1,"MC","M2",0.376685400825216
"Aber-2015|Aber-2016|Brau-2015|Brau-2016",4,"C",16,4,32,80,1,"MC","M2",0.360265331098027
"Aber-2015|Brau-2014|Brau-2015|Brau-2016",4,"C",16,4,32,80,1,"MC","M2",0.347861538817461
"Aber-2016|Brau-2014|Brau-2015|Brau-2016",4,"C",16,4,32,80,1,"MC","M2",0.455788945905379
"Aber-2015|Aber-2016|Brau-2014|Brau-2015",4,"D",24,2,32,104,1,"MC","M2",0.413689135422918
"Aber-2015|Aber-2016|Brau-2014|Brau-2016",4,"D",24,2,32,104,1,"MC","M2",0.278283460995835
"Aber-2015|Aber-2016|Brau-2015|Brau-2016",4,"D",24,2,32,104,1,"MC","M2",0.186657124974564
"Aber-2015|Brau-2014|Brau-2015|Brau-2016",4,"D",24,2,32,104,1,"MC","M2",0.369518721027107
"Aber-2016|Brau-2014|Brau-2015|Brau-2016",4,"D",24,2,32,104,1,"MC","M2",0.382977033498712
"Aber-2015|Aber-2016|Brau-2014|Brau-2015",4,"E",32,0,32,128,1,"MC","M2",0.416453826323876
"Aber-2015|Aber-2016|Brau-2014|Brau-2016",4,"E",32,0,32,128,1,"MC","M2",0.379047049964328
"Aber-2015|Aber-2016|Brau-2015|Brau-2016",4,"E",32,0,32,128,1,"MC","M2",0.302527862892272
"Aber-2015|Brau-2014|Brau-2015|Brau-2016",4,"E",32,0,32,128,1,"MC","M2",0.334418601890507
"Aber-2016|Brau-2014|Brau-2015|Brau-2016",4,"E",32,0,32,128,1,"MC","M2",0.391889697358111
"Aber-2015|Aber-2016|Brau-2014|Brau-2015",4,"A",0,8,32,32,2,"MC","M2",0.393638676772653
"Aber-2015|Aber-2016|Brau-2014|Brau-2016",4,"A",0,8,32,32,2,"MC","M2",0.195029074750398
"Aber-2015|Aber-2016|Brau-2015|Brau-2016",4,"A",0,8,32,32,2,"MC","M2",0.410784661130601
"Aber-2015|Brau-2014|Brau-2015|Brau-2016",4,"A",0,8,32,32,2,"MC","M2",0.331789785448085
"Aber-2016|Brau-2014|Brau-2015|Brau-2016",4,"A",0,8,32,32,2,"MC","M2",0.379078253665246
"Aber-2015|Aber-2016|Brau-2014|Brau-2015",4,"B",8,6,32,56,2,"MC","M2",0.39794717945578
"Aber-2015|Aber-2016|Brau-2014|Brau-2016",4,"B",8,6,32,56,2,"MC","M2",0.362417907916398
"Aber-2015|Aber-2016|Brau-2015|Brau-2016",4,"B",8,6,32,56,2,"MC","M2",0.226835513900373
"Aber-2015|Brau-2014|Brau-2015|Brau-2016",4,"B",8,6,32,56,2,"MC","M2",0.336481502814381
"Aber-2016|Brau-2014|Brau-2015|Brau-2016",4,"B",8,6,32,56,2,"MC","M2",0.344257358012985
"Aber-2015|Aber-2016|Brau-2014|Brau-2015",4,"C",16,4,32,80,2,"MC","M2",0.403024423776581
"Aber-2015|Aber-2016|Brau-2014|Brau-2016",4,"C",16,4,32,80,2,"MC","M2",0.334535075189769
"Aber-2015|Aber-2016|Brau-2015|Brau-2016",4,"C",16,4,32,80,2,"MC","M2",0.383296735136655
"Aber-2015|Brau-2014|Brau-2015|Brau-2016",4,"C",16,4,32,80,2,"MC","M2",0.392733573425693
"Aber-2016|Brau-2014|Brau-2015|Brau-2016",4,"C",16,4,32,80,2,"MC","M2",0.392591521019508
"Aber-2015|Aber-2016|Brau-2014|Brau-2015",4,"D",24,2,32,104,2,"MC","M2",0.451317705309206
"Aber-2015|Aber-2016|Brau-2014|Brau-2016",4,"D",24,2,32,104,2,"MC","M2",0.376326045327501
"Aber-2015|Aber-2016|Brau-2015|Brau-2016",4,"D",24,2,32,104,2,"MC","M2",0.253131117572884
"Aber-2015|Brau-2014|Brau-2015|Brau-2016",4,"D",24,2,32,104,2,"MC","M2",0.379560730351341
"Aber-2016|Brau-2014|Brau-2015|Brau-2016",4,"D",24,2,32,104,2,"MC","M2",0.391317562953248
"Aber-2015|Aber-2016|Brau-2014|Brau-2015",4,"E",32,0,32,128,2,"MC","M2",0.473071289074515
"Aber-2015|Aber-2016|Brau-2014|Brau-2016",4,"E",32,0,32,128,2,"MC","M2",0.326116496674312
"Aber-2015|Aber-2016|Brau-2015|Brau-2016",4,"E",32,0,32,128,2,"MC","M2",0.30991663248964
"Aber-2015|Brau-2014|Brau-2015|Brau-2016",4,"E",32,0,32,128,2,"MC","M2",0.239195081653633
"Aber-2016|Brau-2014|Brau-2015|Brau-2016",4,"E",32,0,32,128,2,"MC","M2",0.321631617201955
"Aber-2015|Aber-2016|Brau-2014|Brau-2015",4,"A",0,8,32,32,3,"MC","M2",0.397485930854308
"Aber-2015|Aber-2016|Brau-2014|Brau-2016",4,"A",0,8,32,32,3,"MC","M2",0.106272661371373
"Aber-2015|Aber-2016|Brau-2015|Brau-2016",4,"A",0,8,32,32,3,"MC","M2",0.359590589027832
"Aber-2015|Brau-2014|Brau-2015|Brau-2016",4,"A",0,8,32,32,3,"MC","M2",0.194635683901179
"Aber-2016|Brau-2014|Brau-2015|Brau-2016",4,"A",0,8,32,32,3,"MC","M2",0.136056430284114
"Aber-2015|Aber-2016|Brau-2014|Brau-2015",4,"B",8,6,32,56,3,"MC","M2",0.44948962798392
"Aber-2015|Aber-2016|Brau-2014|Brau-2016",4,"B",8,6,32,56,3,"MC","M2",0.371990079529173
"Aber-2015|Aber-2016|Brau-2015|Brau-2016",4,"B",8,6,32,56,3,"MC","M2",0.391547551160686
"Aber-2015|Brau-2014|Brau-2015|Brau-2016",4,"B",8,6,32,56,3,"MC","M2",0.313311722447375
"Aber-2016|Brau-2014|Brau-2015|Brau-2016",4,"B",8,6,32,56,3,"MC","M2",0.309337063194946
"Aber-2015|Aber-2016|Brau-2014|Brau-2015",4,"C",16,4,32,80,3,"MC","M2",0.421896186995218
"Aber-2015|Aber-2016|Brau-2014|Brau-2016",4,"C",16,4,32,80,3,"MC","M2",0.402358957102499
"Aber-2015|Aber-2016|Brau-2015|Brau-2016",4,"C",16,4,32,80,3,"MC","M2",0.348853100402012
"Aber-2015|Brau-2014|Brau-2015|Brau-2016",4,"C",16,4,32,80,3,"MC","M2",0.372432596364639
"Aber-2016|Brau-2014|Brau-2015|Brau-2016",4,"C",16,4,32,80,3,"MC","M2",0.39313793106909
"Aber-2015|Aber-2016|Brau-2014|Brau-2015",4,"D",24,2,32,104,3,"MC","M2",0.450599646380626
"Aber-2015|Aber-2016|Brau-2014|Brau-2016",4,"D",24,2,32,104,3,"MC","M2",0.330039135496794
"Aber-2015|Aber-2016|Brau-2015|Brau-2016",4,"D",24,2,32,104,3,"MC","M2",0.378538674810227
"Aber-2015|Brau-2014|Brau-2015|Brau-2016",4,"D",24,2,32,104,3,"MC","M2",0.376382612939551
"Aber-2016|Brau-2014|Brau-2015|Brau-2016",4,"D",24,2,32,104,3,"MC","M2",0.250157195051642
"Aber-2015|Aber-2016|Brau-2014|Brau-2015",4,"E",32,0,32,128,3,"MC","M2",0.464066509311995
"Aber-2015|Aber-2016|Brau-2014|Brau-2016",4,"E",32,0,32,128,3,"MC","M2",0.30407917970154
"Aber-2015|Aber-2016|Brau-2015|Brau-2016",4,"E",32,0,32,128,3,"MC","M2",0.321771190113742
"Aber-2015|Brau-2014|Brau-2015|Brau-2016",4,"E",32,0,32,128,3,"MC","M2",0.383110650701862
"Aber-2016|Brau-2014|Brau-2015|Brau-2016",4,"E",32,0,32,128,3,"MC","M2",0.277595921872348
"Aber-2015|Aber-2016|Brau-2014|Brau-2015",4,"A",0,8,32,32,4,"MC","M2",0.368832961628517
"Aber-2015|Aber-2016|Brau-2014|Brau-2016",4,"A",0,8,32,32,4,"MC","M2",0.357925636946064
"Aber-2015|Aber-2016|Brau-2015|Brau-2016",4,"A",0,8,32,32,4,"MC","M2",0.443990770921137
"Aber-2015|Brau-2014|Brau-2015|Brau-2016",4,"A",0,8,32,32,4,"MC","M2",0.271232526407243
"Aber-2016|Brau-2014|Brau-2015|Brau-2016",4,"A",0,8,32,32,4,"MC","M2",0.450566207004048
"Aber-2015|Aber-2016|Brau-2014|Brau-2015",4,"B",8,6,32,56,4,"MC","M2",0.412381438738616
"Aber-2015|Aber-2016|Brau-2014|Brau-2016",4,"B",8,6,32,56,4,"MC","M2",0.263036657702031
"Aber-2015|Aber-2016|Brau-2015|Brau-2016",4,"B",8,6,32,56,4,"MC","M2",0.372685529798137
"Aber-2015|Brau-2014|Brau-2015|Brau-2016",4,"B",8,6,32,56,4,"MC","M2",0.373929254537193
"Aber-2016|Brau-2014|Brau-2015|Brau-2016",4,"B",8,6,32,56,4,"MC","M2",0.379201538304749
"Aber-2015|Aber-2016|Brau-2014|Brau-2015",4,"C",16,4,32,80,4,"MC","M2",0.358827682095817
"Aber-2015|Aber-2016|Brau-2014|Brau-2016",4,"C",16,4,32,80,4,"MC","M2",0.418932885765036
"Aber-2015|Aber-2016|Brau-2015|Brau-2016",4,"C",16,4,32,80,4,"MC","M2",0.411806155361717
"Aber-2015|Brau-2014|Brau-2015|Brau-2016",4,"C",16,4,32,80,4,"MC","M2",0.403188359847921
"Aber-2016|Brau-2014|Brau-2015|Brau-2016",4,"C",16,4,32,80,4,"MC","M2",0.459948577424927
"Aber-2015|Aber-2016|Brau-2014|Brau-2015",4,"D",24,2,32,104,4,"MC","M2",0.452978567952957
"Aber-2015|Aber-2016|Brau-2014|Brau-2016",4,"D",24,2,32,104,4,"MC","M2",0.345695442698573
"Aber-2015|Aber-2016|Brau-2015|Brau-2016",4,"D",24,2,32,104,4,"MC","M2",0.383039165354147
"Aber-2015|Brau-2014|Brau-2015|Brau-2016",4,"D",24,2,32,104,4,"MC","M2",0.304063974660665
"Aber-2016|Brau-2014|Brau-2015|Brau-2016",4,"D",24,2,32,104,4,"MC","M2",0.406395938204529
"Aber-2015|Aber-2016|Brau-2014|Brau-2015",4,"E",32,0,32,128,4,"MC","M2",0.478941881641174
"Aber-2015|Aber-2016|Brau-2014|Brau-2016",4,"E",32,0,32,128,4,"MC","M2",0.30758654561091
"Aber-2015|Aber-2016|Brau-2015|Brau-2016",4,"E",32,0,32,128,4,"MC","M2",0.31876028639857
"Aber-2015|Brau-2014|Brau-2015|Brau-2016",4,"E",32,0,32,128,4,"MC","M2",0.302298280239436
"Aber-2016|Brau-2014|Brau-2015|Brau-2016",4,"E",32,0,32,128,4,"MC","M2",0.380540441515233
"Aber-2015|Aber-2016|Brau-2014|Brau-2015",4,"A",0,8,32,32,5,"MC","M2",0.220490136334911
"Aber-2015|Aber-2016|Brau-2014|Brau-2016",4,"A",0,8,32,32,5,"MC","M2",0.317333894059556
"Aber-2015|Aber-2016|Brau-2015|Brau-2016",4,"A",0,8,32,32,5,"MC","M2",0.423981639582493
"Aber-2015|Brau-2014|Brau-2015|Brau-2016",4,"A",0,8,32,32,5,"MC","M2",0.416496535619147
"Aber-2016|Brau-2014|Brau-2015|Brau-2016",4,"A",0,8,32,32,5,"MC","M2",0.444137240983248
"Aber-2015|Aber-2016|Brau-2014|Brau-2015",4,"B",8,6,32,56,5,"MC","M2",0.395629371141013
"Aber-2015|Aber-2016|Brau-2014|Brau-2016",4,"B",8,6,32,56,5,"MC","M2",0.399814935267341
"Aber-2015|Aber-2016|Brau-2015|Brau-2016",4,"B",8,6,32,56,5,"MC","M2",0.385679348111152
"Aber-2015|Brau-2014|Brau-2015|Brau-2016",4,"B",8,6,32,56,5,"MC","M2",0.229817538040687
"Aber-2016|Brau-2014|Brau-2015|Brau-2016",4,"B",8,6,32,56,5,"MC","M2",0.401073602143856
"Aber-2015|Aber-2016|Brau-2014|Brau-2015",4,"C",16,4,32,80,5,"MC","M2",0.464222215285758
"Aber-2015|Aber-2016|Brau-2014|Brau-2016",4,"C",16,4,32,80,5,"MC","M2",0.348146721130061
"Aber-2015|Aber-2016|Brau-2015|Brau-2016",4,"C",16,4,32,80,5,"MC","M2",0.31608739612499
"Aber-2015|Brau-2014|Brau-2015|Brau-2016",4,"C",16,4,32,80,5,"MC","M2",0.430267122512149
"Aber-2016|Brau-2014|Brau-2015|Brau-2016",4,"C",16,4,32,80,5,"MC","M2",0.446503308540075
"Aber-2015|Aber-2016|Brau-2014|Brau-2015",4,"D",24,2,32,104,5,"MC","M2",0.37378788992348
"Aber-2015|Aber-2016|Brau-2014|Brau-2016",4,"D",24,2,32,104,5,"MC","M2",0.369457955295041
"Aber-2015|Aber-2016|Brau-2015|Brau-2016",4,"D",24,2,32,104,5,"MC","M2",0.291468239121665
"Aber-2015|Brau-2014|Brau-2015|Brau-2016",4,"D",24,2,32,104,5,"MC","M2",0.345065127806853
"Aber-2016|Brau-2014|Brau-2015|Brau-2016",4,"D",24,2,32,104,5,"MC","M2",0.319926766474507
"Aber-2015|Aber-2016|Brau-2014|Brau-2015",4,"E",32,0,32,128,5,"MC","M2",0.472827262921452
"Aber-2015|Aber-2016|Brau-2014|Brau-2016",4,"E",32,0,32,128,5,"MC","M2",0.385934410268058
"Aber-2015|Aber-2016|Brau-2015|Brau-2016",4,"E",32,0,32,128,5,"MC","M2",0.285405426965333
"Aber-2015|Brau-2014|Brau-2015|Brau-2016",4,"E",32,0,32,128,5,"MC","M2",0.280800062503599
"Aber-2016|Brau-2014|Brau-2015|Brau-2016",4,"E",32,0,32,128,5,"MC","M2",0.252557007761825
"Aber-2015|Aber-2016|Brau-2014|Brau-2015",4,"A",0,8,32,32,1,"DM","M3",0.430224641655609
"Aber-2015|Aber-2016|Brau-2014|Brau-2016",4,"A",0,8,32,32,1,"DM","M3",0.476527620148938
"Aber-2015|Aber-2016|Brau-2015|Brau-2016",4,"A",0,8,32,32,1,"DM","M3",0.445619465599161
"Aber-2015|Brau-2014|Brau-2015|Brau-2016",4,"A",0,8,32,32,1,"DM","M3",0.451736384180965
"Aber-2016|Brau-2014|Brau-2015|Brau-2016",4,"A",0,8,32,32,1,"DM","M3",0.418105467390303
"Aber-2015|Aber-2016|Brau-2014|Brau-2015",4,"B",8,6,32,56,1,"DM","M3",0.539159127633746
"Aber-2015|Aber-2016|Brau-2014|Brau-2016",4,"B",8,6,32,56,1,"DM","M3",0.481386780392552
"Aber-2015|Aber-2016|Brau-2015|Brau-2016",4,"B",8,6,32,56,1,"DM","M3",0.505577579449198
"Aber-2015|Brau-2014|Brau-2015|Brau-2016",4,"B",8,6,32,56,1,"DM","M3",0.401548208546665
"Aber-2016|Brau-2014|Brau-2015|Brau-2016",4,"B",8,6,32,56,1,"DM","M3",0.419867489868042
"Aber-2015|Aber-2016|Brau-2014|Brau-2015",4,"C",16,4,32,80,1,"DM","M3",0.542866051033777
"Aber-2015|Aber-2016|Brau-2014|Brau-2016",4,"C",16,4,32,80,1,"DM","M3",0.449229174083919
"Aber-2015|Aber-2016|Brau-2015|Brau-2016",4,"C",16,4,32,80,1,"DM","M3",0.495230445315127
"Aber-2015|Brau-2014|Brau-2015|Brau-2016",4,"C",16,4,32,80,1,"DM","M3",0.510323803283227
"Aber-2016|Brau-2014|Brau-2015|Brau-2016",4,"C",16,4,32,80,1,"DM","M3",0.392880588392383
"Aber-2015|Aber-2016|Brau-2014|Brau-2015",4,"D",24,2,32,104,1,"DM","M3",0.521699634751093
"Aber-2015|Aber-2016|Brau-2014|Brau-2016",4,"D",24,2,32,104,1,"DM","M3",0.531647366042085
"Aber-2015|Aber-2016|Brau-2015|Brau-2016",4,"D",24,2,32,104,1,"DM","M3",-0.297348561934127
"Aber-2015|Brau-2014|Brau-2015|Brau-2016",4,"D",24,2,32,104,1,"DM","M3",0.47783043895481
"Aber-2016|Brau-2014|Brau-2015|Brau-2016",4,"D",24,2,32,104,1,"DM","M3",0.483765648585688
"Aber-2015|Aber-2016|Brau-2014|Brau-2015",4,"E",32,0,32,128,1,"DM","M3",0.497983328473378
"Aber-2015|Aber-2016|Brau-2014|Brau-2016",4,"E",32,0,32,128,1,"DM","M3",0.578132533244809
"Aber-2015|Aber-2016|Brau-2015|Brau-2016",4,"E",32,0,32,128,1,"DM","M3",0.493647644944518
"Aber-2015|Brau-2014|Brau-2015|Brau-2016",4,"E",32,0,32,128,1,"DM","M3",0.40802265642074
"Aber-2016|Brau-2014|Brau-2015|Brau-2016",4,"E",32,0,32,128,1,"DM","M3",0.476045705117927
"Aber-2015|Aber-2016|Brau-2014|Brau-2015",4,"A",0,8,32,32,2,"DM","M3",0.463242323582963
"Aber-2015|Aber-2016|Brau-2014|Brau-2016",4,"A",0,8,32,32,2,"DM","M3",0.452822425433545
"Aber-2015|Aber-2016|Brau-2015|Brau-2016",4,"A",0,8,32,32,2,"DM","M3",-0.0963206776826327
"Aber-2015|Brau-2014|Brau-2015|Brau-2016",4,"A",0,8,32,32,2,"DM","M3",0.509727147485779
"Aber-2016|Brau-2014|Brau-2015|Brau-2016",4,"A",0,8,32,32,2,"DM","M3",0.0843236346184362
"Aber-2015|Aber-2016|Brau-2014|Brau-2015",4,"B",8,6,32,56,2,"DM","M3",0.285596713358521
"Aber-2015|Aber-2016|Brau-2014|Brau-2016",4,"B",8,6,32,56,2,"DM","M3",0.486806661871786
"Aber-2015|Aber-2016|Brau-2015|Brau-2016",4,"B",8,6,32,56,2,"DM","M3",0.535205271802447
"Aber-2015|Brau-2014|Brau-2015|Brau-2016",4,"B",8,6,32,56,2,"DM","M3",0.519905223157397
"Aber-2016|Brau-2014|Brau-2015|Brau-2016",4,"B",8,6,32,56,2,"DM","M3",0.500084655960848
"Aber-2015|Aber-2016|Brau-2014|Brau-2015",4,"C",16,4,32,80,2,"DM","M3",0.507361621143596
"Aber-2015|Aber-2016|Brau-2014|Brau-2016",4,"C",16,4,32,80,2,"DM","M3",0.475840619236794
"Aber-2015|Aber-2016|Brau-2015|Brau-2016",4,"C",16,4,32,80,2,"DM","M3",0.510514197534764
"Aber-2015|Brau-2014|Brau-2015|Brau-2016",4,"C",16,4,32,80,2,"DM","M3",0.501565264674515
"Aber-2016|Brau-2014|Brau-2015|Brau-2016",4,"C",16,4,32,80,2,"DM","M3",0.448690641185136
"Aber-2015|Aber-2016|Brau-2014|Brau-2015",4,"D",24,2,32,104,2,"DM","M3",0.450879797942239
"Aber-2015|Aber-2016|Brau-2014|Brau-2016",4,"D",24,2,32,104,2,"DM","M3",0.495239727265109
"Aber-2015|Aber-2016|Brau-2015|Brau-2016",4,"D",24,2,32,104,2,"DM","M3",0.535998771354925
"Aber-2015|Brau-2014|Brau-2015|Brau-2016",4,"D",24,2,32,104,2,"DM","M3",0.550771932989391
"Aber-2016|Brau-2014|Brau-2015|Brau-2016",4,"D",24,2,32,104,2,"DM","M3",0.383650429284506
"Aber-2015|Aber-2016|Brau-2014|Brau-2015",4,"E",32,0,32,128,2,"DM","M3",0.429412979199114
"Aber-2015|Aber-2016|Brau-2014|Brau-2016",4,"E",32,0,32,128,2,"DM","M3",0.470267905224069
"Aber-2015|Aber-2016|Brau-2015|Brau-2016",4,"E",32,0,32,128,2,"DM","M3",0.489599403569658
"Aber-2015|Brau-2014|Brau-2015|Brau-2016",4,"E",32,0,32,128,2,"DM","M3",0.571863707681507
"Aber-2016|Brau-2014|Brau-2015|Brau-2016",4,"E",32,0,32,128,2,"DM","M3",0.48133724338892
"Aber-2015|Aber-2016|Brau-2014|Brau-2015",4,"A",0,8,32,32,3,"DM","M3",0.471191225592992
"Aber-2015|Aber-2016|Brau-2014|Brau-2016",4,"A",0,8,32,32,3,"DM","M3",0.533648768773986
"Aber-2015|Aber-2016|Brau-2015|Brau-2016",4,"A",0,8,32,32,3,"DM","M3",0.498270279224238
"Aber-2015|Brau-2014|Brau-2015|Brau-2016",4,"A",0,8,32,32,3,"DM","M3",0.463406140345913
"Aber-2016|Brau-2014|Brau-2015|Brau-2016",4,"A",0,8,32,32,3,"DM","M3",0.511086918340209
"Aber-2015|Aber-2016|Brau-2014|Brau-2015",4,"B",8,6,32,56,3,"DM","M3",0.444225407144061
"Aber-2015|Aber-2016|Brau-2014|Brau-2016",4,"B",8,6,32,56,3,"DM","M3",0.526043309451772
"Aber-2015|Aber-2016|Brau-2015|Brau-2016",4,"B",8,6,32,56,3,"DM","M3",0.345833946095091
"Aber-2015|Brau-2014|Brau-2015|Brau-2016",4,"B",8,6,32,56,3,"DM","M3",0.457972218432442
"Aber-2016|Brau-2014|Brau-2015|Brau-2016",4,"B",8,6,32,56,3,"DM","M3",0.508690181770604
"Aber-2015|Aber-2016|Brau-2014|Brau-2015",4,"C",16,4,32,80,3,"DM","M3",0.543208553124773
"Aber-2015|Aber-2016|Brau-2014|Brau-2016",4,"C",16,4,32,80,3,"DM","M3",0.564874690115972
"Aber-2015|Aber-2016|Brau-2015|Brau-2016",4,"C",16,4,32,80,3,"DM","M3",0.509151222048087
"Aber-2015|Brau-2014|Brau-2015|Brau-2016",4,"C",16,4,32,80,3,"DM","M3",0.463363641456792
"Aber-2016|Brau-2014|Brau-2015|Brau-2016",4,"C",16,4,32,80,3,"DM","M3",0.445068496801637
"Aber-2015|Aber-2016|Brau-2014|Brau-2015",4,"D",24,2,32,104,3,"DM","M3",0.404635970990768
"Aber-2015|Aber-2016|Brau-2014|Brau-2016",4,"D",24,2,32,104,3,"DM","M3",0.558789470607432
"Aber-2015|Aber-2016|Brau-2015|Brau-2016",4,"D",24,2,32,104,3,"DM","M3",0.538798466450732
"Aber-2015|Brau-2014|Brau-2015|Brau-2016",4,"D",24,2,32,104,3,"DM","M3",0.555503099484893
"Aber-2016|Brau-2014|Brau-2015|Brau-2016",4,"D",24,2,32,104,3,"DM","M3",0.479152184571276
"Aber-2015|Aber-2016|Brau-2014|Brau-2015",4,"E",32,0,32,128,3,"DM","M3",0.491028663980457
"Aber-2015|Aber-2016|Brau-2014|Brau-2016",4,"E",32,0,32,128,3,"DM","M3",0.492965847526911
"Aber-2015|Aber-2016|Brau-2015|Brau-2016",4,"E",32,0,32,128,3,"DM","M3",0.523653392687725
"Aber-2015|Brau-2014|Brau-2015|Brau-2016",4,"E",32,0,32,128,3,"DM","M3",0.537316856399319
"Aber-2016|Brau-2014|Brau-2015|Brau-2016",4,"E",32,0,32,128,3,"DM","M3",0.43868790852804
"Aber-2015|Aber-2016|Brau-2014|Brau-2015",4,"A",0,8,32,32,4,"DM","M3",0.503562450801731
"Aber-2015|Aber-2016|Brau-2014|Brau-2016",4,"A",0,8,32,32,4,"DM","M3",0.385821565245819
"Aber-2015|Aber-2016|Brau-2015|Brau-2016",4,"A",0,8,32,32,4,"DM","M3",0.520048443334647
"Aber-2015|Brau-2014|Brau-2015|Brau-2016",4,"A",0,8,32,32,4,"DM","M3",0.340116703870543
"Aber-2016|Brau-2014|Brau-2015|Brau-2016",4,"A",0,8,32,32,4,"DM","M3",0.269613933795357
"Aber-2015|Aber-2016|Brau-2014|Brau-2015",4,"B",8,6,32,56,4,"DM","M3",0.585550894830349
"Aber-2015|Aber-2016|Brau-2014|Brau-2016",4,"B",8,6,32,56,4,"DM","M3",0.480753945045286
"Aber-2015|Aber-2016|Brau-2015|Brau-2016",4,"B",8,6,32,56,4,"DM","M3",0.441209150900046
"Aber-2015|Brau-2014|Brau-2015|Brau-2016",4,"B",8,6,32,56,4,"DM","M3",0.509535136903643
"Aber-2016|Brau-2014|Brau-2015|Brau-2016",4,"B",8,6,32,56,4,"DM","M3",0.497286101050378
"Aber-2015|Aber-2016|Brau-2014|Brau-2015",4,"C",16,4,32,80,4,"DM","M3",0.493743111657194
"Aber-2015|Aber-2016|Brau-2014|Brau-2016",4,"C",16,4,32,80,4,"DM","M3",0.507927954558626
"Aber-2015|Aber-2016|Brau-2015|Brau-2016",4,"C",16,4,32,80,4,"DM","M3",0.485031865553868
"Aber-2015|Brau-2014|Brau-2015|Brau-2016",4,"C",16,4,32,80,4,"DM","M3",0.538497949082242
"Aber-2016|Brau-2014|Brau-2015|Brau-2016",4,"C",16,4,32,80,4,"DM","M3",0.460599443191187
"Aber-2015|Aber-2016|Brau-2014|Brau-2015",4,"D",24,2,32,104,4,"DM","M3",0.534151190803375
"Aber-2015|Aber-2016|Brau-2014|Brau-2016",4,"D",24,2,32,104,4,"DM","M3",0.499773890183609
"Aber-2015|Aber-2016|Brau-2015|Brau-2016",4,"D",24,2,32,104,4,"DM","M3",0.468164992556605
"Aber-2015|Brau-2014|Brau-2015|Brau-2016",4,"D",24,2,32,104,4,"DM","M3",0.550827306711973
"Aber-2016|Brau-2014|Brau-2015|Brau-2016",4,"D",24,2,32,104,4,"DM","M3",0.47814261002718
"Aber-2015|Aber-2016|Brau-2014|Brau-2015",4,"E",32,0,32,128,4,"DM","M3",0.502230520399285
"Aber-2015|Aber-2016|Brau-2014|Brau-2016",4,"E",32,0,32,128,4,"DM","M3",0.521006127567001
"Aber-2015|Aber-2016|Brau-2015|Brau-2016",4,"E",32,0,32,128,4,"DM","M3",0.522383395993173
"Aber-2015|Brau-2014|Brau-2015|Brau-2016",4,"E",32,0,32,128,4,"DM","M3",0.578017251190654
"Aber-2016|Brau-2014|Brau-2015|Brau-2016",4,"E",32,0,32,128,4,"DM","M3",0.399268713055452
"Aber-2015|Aber-2016|Brau-2014|Brau-2015",4,"A",0,8,32,32,5,"DM","M3",0.471068973054866
"Aber-2015|Aber-2016|Brau-2014|Brau-2016",4,"A",0,8,32,32,5,"DM","M3",0.557604000234404
"Aber-2015|Aber-2016|Brau-2015|Brau-2016",4,"A",0,8,32,32,5,"DM","M3",0.460934387270868
"Aber-2015|Brau-2014|Brau-2015|Brau-2016",4,"A",0,8,32,32,5,"DM","M3",0.477867337798256
"Aber-2016|Brau-2014|Brau-2015|Brau-2016",4,"A",0,8,32,32,5,"DM","M3",0.476072403845601
"Aber-2015|Aber-2016|Brau-2014|Brau-2015",4,"B",8,6,32,56,5,"DM","M3",0.398933188700481
"Aber-2015|Aber-2016|Brau-2014|Brau-2016",4,"B",8,6,32,56,5,"DM","M3",0.447272200450971
"Aber-2015|Aber-2016|Brau-2015|Brau-2016",4,"B",8,6,32,56,5,"DM","M3",0.489647391818818
"Aber-2015|Brau-2014|Brau-2015|Brau-2016",4,"B",8,6,32,56,5,"DM","M3",0.422741307359432
"Aber-2016|Brau-2014|Brau-2015|Brau-2016",4,"B",8,6,32,56,5,"DM","M3",0.462168061472821
"Aber-2015|Aber-2016|Brau-2014|Brau-2015",4,"C",16,4,32,80,5,"DM","M3",0.551817037378456
"Aber-2015|Aber-2016|Brau-2014|Brau-2016",4,"C",16,4,32,80,5,"DM","M3",0.502552480703538
"Aber-2015|Aber-2016|Brau-2015|Brau-2016",4,"C",16,4,32,80,5,"DM","M3",0.533718511980013
"Aber-2015|Brau-2014|Brau-2015|Brau-2016",4,"C",16,4,32,80,5,"DM","M3",0.551523870409357
"Aber-2016|Brau-2014|Brau-2015|Brau-2016",4,"C",16,4,32,80,5,"DM","M3",0.525275307300478
"Aber-2015|Aber-2016|Brau-2014|Brau-2015",4,"D",24,2,32,104,5,"DM","M3",0.525845689953936
"Aber-2015|Aber-2016|Brau-2014|Brau-2016",4,"D",24,2,32,104,5,"DM","M3",0.507997845286449
"Aber-2015|Aber-2016|Brau-2015|Brau-2016",4,"D",24,2,32,104,5,"DM","M3",0.519494172964218
"Aber-2015|Brau-2014|Brau-2015|Brau-2016",4,"D",24,2,32,104,5,"DM","M3",0.468353430954989
"Aber-2016|Brau-2014|Brau-2015|Brau-2016",4,"D",24,2,32,104,5,"DM","M3",0.484958236478589
"Aber-2015|Aber-2016|Brau-2014|Brau-2015",4,"E",32,0,32,128,5,"DM","M3",0.51516235822868
"Aber-2015|Aber-2016|Brau-2014|Brau-2016",4,"E",32,0,32,128,5,"DM","M3",0.523335522523013
"Aber-2015|Aber-2016|Brau-2015|Brau-2016",4,"E",32,0,32,128,5,"DM","M3",0.480635556076585
"Aber-2015|Brau-2014|Brau-2015|Brau-2016",4,"E",32,0,32,128,5,"DM","M3",0.538992310390926
"Aber-2016|Brau-2014|Brau-2015|Brau-2016",4,"E",32,0,32,128,5,"DM","M3",0.320683668984676
"Aber-2015|Aber-2016|Brau-2014|Brau-2015",4,"A",0,8,32,32,1,"FW","M3",0.421316277580053
"Aber-2015|Aber-2016|Brau-2014|Brau-2016",4,"A",0,8,32,32,1,"FW","M3",0.483005836748642
"Aber-2015|Aber-2016|Brau-2015|Brau-2016",4,"A",0,8,32,32,1,"FW","M3",0.368961802524288
"Aber-2015|Brau-2014|Brau-2015|Brau-2016",4,"A",0,8,32,32,1,"FW","M3",0.337648595594941
"Aber-2016|Brau-2014|Brau-2015|Brau-2016",4,"A",0,8,32,32,1,"FW","M3",0.41477119902099
"Aber-2015|Aber-2016|Brau-2014|Brau-2015",4,"B",8,6,32,56,1,"FW","M3",0.501170649890572
"Aber-2015|Aber-2016|Brau-2014|Brau-2016",4,"B",8,6,32,56,1,"FW","M3",0.456825161961551
"Aber-2015|Aber-2016|Brau-2015|Brau-2016",4,"B",8,6,32,56,1,"FW","M3",0.488167546477433
"Aber-2015|Brau-2014|Brau-2015|Brau-2016",4,"B",8,6,32,56,1,"FW","M3",0.342891878856309
"Aber-2016|Brau-2014|Brau-2015|Brau-2016",4,"B",8,6,32,56,1,"FW","M3",0.39974551999755
"Aber-2015|Aber-2016|Brau-2014|Brau-2015",4,"C",16,4,32,80,1,"FW","M3",0.525830315452449
"Aber-2015|Aber-2016|Brau-2014|Brau-2016",4,"C",16,4,32,80,1,"FW","M3",0.449056007023399
"Aber-2015|Aber-2016|Brau-2015|Brau-2016",4,"C",16,4,32,80,1,"FW","M3",0.470065047649327
"Aber-2015|Brau-2014|Brau-2015|Brau-2016",4,"C",16,4,32,80,1,"FW","M3",0.49235991828703
"Aber-2016|Brau-2014|Brau-2015|Brau-2016",4,"C",16,4,32,80,1,"FW","M3",0.350367954641364
"Aber-2015|Aber-2016|Brau-2014|Brau-2015",4,"D",24,2,32,104,1,"FW","M3",0.503952055015379
"Aber-2015|Aber-2016|Brau-2014|Brau-2016",4,"D",24,2,32,104,1,"FW","M3",0.494985212430447
"Aber-2015|Aber-2016|Brau-2015|Brau-2016",4,"D",24,2,32,104,1,"FW","M3",-0.192697593314347
"Aber-2015|Brau-2014|Brau-2015|Brau-2016",4,"D",24,2,32,104,1,"FW","M3",0.500154207401766
"Aber-2016|Brau-2014|Brau-2015|Brau-2016",4,"D",24,2,32,104,1,"FW","M3",0.462332785068824
"Aber-2015|Aber-2016|Brau-2014|Brau-2015",4,"E",32,0,32,128,1,"FW","M3",0.454409765095715
"Aber-2015|Aber-2016|Brau-2014|Brau-2016",4,"E",32,0,32,128,1,"FW","M3",0.567283452032062
"Aber-2015|Aber-2016|Brau-2015|Brau-2016",4,"E",32,0,32,128,1,"FW","M3",0.463022293318256
"Aber-2015|Brau-2014|Brau-2015|Brau-2016",4,"E",32,0,32,128,1,"FW","M3",0.451964970018939
"Aber-2016|Brau-2014|Brau-2015|Brau-2016",4,"E",32,0,32,128,1,"FW","M3",0.455520513414057
"Aber-2015|Aber-2016|Brau-2014|Brau-2015",4,"A",0,8,32,32,2,"FW","M3",0.426398769778046
"Aber-2015|Aber-2016|Brau-2014|Brau-2016",4,"A",0,8,32,32,2,"FW","M3",0.434161260628291
"Aber-2015|Aber-2016|Brau-2015|Brau-2016",4,"A",0,8,32,32,2,"FW","M3",-0.0395998900707177
"Aber-2015|Brau-2014|Brau-2015|Brau-2016",4,"A",0,8,32,32,2,"FW","M3",0.469100508213928
"Aber-2016|Brau-2014|Brau-2015|Brau-2016",4,"A",0,8,32,32,2,"FW","M3",-0.0806242375499948
"Aber-2015|Aber-2016|Brau-2014|Brau-2015",4,"B",8,6,32,56,2,"FW","M3",0.187760840414994
"Aber-2015|Aber-2016|Brau-2014|Brau-2016",4,"B",8,6,32,56,2,"FW","M3",0.432317694858319
"Aber-2015|Aber-2016|Brau-2015|Brau-2016",4,"B",8,6,32,56,2,"FW","M3",0.483198269241874
"Aber-2015|Brau-2014|Brau-2015|Brau-2016",4,"B",8,6,32,56,2,"FW","M3",0.501066465513908
"Aber-2016|Brau-2014|Brau-2015|Brau-2016",4,"B",8,6,32,56,2,"FW","M3",0.486123815436048
"Aber-2015|Aber-2016|Brau-2014|Brau-2015",4,"C",16,4,32,80,2,"FW","M3",0.483989720162677
"Aber-2015|Aber-2016|Brau-2014|Brau-2016",4,"C",16,4,32,80,2,"FW","M3",0.441498484105433
"Aber-2015|Aber-2016|Brau-2015|Brau-2016",4,"C",16,4,32,80,2,"FW","M3",0.504568386642226
"Aber-2015|Brau-2014|Brau-2015|Brau-2016",4,"C",16,4,32,80,2,"FW","M3",0.466625754710632
"Aber-2016|Brau-2014|Brau-2015|Brau-2016",4,"C",16,4,32,80,2,"FW","M3",0.460673727853935
"Aber-2015|Aber-2016|Brau-2014|Brau-2015",4,"D",24,2,32,104,2,"FW","M3",0.352272961447691
"Aber-2015|Aber-2016|Brau-2014|Brau-2016",4,"D",24,2,32,104,2,"FW","M3",0.479982462270525
"Aber-2015|Aber-2016|Brau-2015|Brau-2016",4,"D",24,2,32,104,2,"FW","M3",0.522225137630436
"Aber-2015|Brau-2014|Brau-2015|Brau-2016",4,"D",24,2,32,104,2,"FW","M3",0.503454135780447
"Aber-2016|Brau-2014|Brau-2015|Brau-2016",4,"D",24,2,32,104,2,"FW","M3",0.396248458706649
"Aber-2015|Aber-2016|Brau-2014|Brau-2015",4,"E",32,0,32,128,2,"FW","M3",0.412817325374069
"Aber-2015|Aber-2016|Brau-2014|Brau-2016",4,"E",32,0,32,128,2,"FW","M3",0.481352612125492
"Aber-2015|Aber-2016|Brau-2015|Brau-2016",4,"E",32,0,32,128,2,"FW","M3",0.456983632452097
"Aber-2015|Brau-2014|Brau-2015|Brau-2016",4,"E",32,0,32,128,2,"FW","M3",0.548541544779946
"Aber-2016|Brau-2014|Brau-2015|Brau-2016",4,"E",32,0,32,128,2,"FW","M3",0.477007688448659
"Aber-2015|Aber-2016|Brau-2014|Brau-2015",4,"A",0,8,32,32,3,"FW","M3",0.482287607390811
"Aber-2015|Aber-2016|Brau-2014|Brau-2016",4,"A",0,8,32,32,3,"FW","M3",0.490745483285675
"Aber-2015|Aber-2016|Brau-2015|Brau-2016",4,"A",0,8,32,32,3,"FW","M3",0.48123060406741
"Aber-2015|Brau-2014|Brau-2015|Brau-2016",4,"A",0,8,32,32,3,"FW","M3",0.436418711684205
"Aber-2016|Brau-2014|Brau-2015|Brau-2016",4,"A",0,8,32,32,3,"FW","M3",0.502106984502523
"Aber-2015|Aber-2016|Brau-2014|Brau-2015",4,"B",8,6,32,56,3,"FW","M3",0.397136575783497
"Aber-2015|Aber-2016|Brau-2014|Brau-2016",4,"B",8,6,32,56,3,"FW","M3",0.518570355938047
"Aber-2015|Aber-2016|Brau-2015|Brau-2016",4,"B",8,6,32,56,3,"FW","M3",0.286000297334664
"Aber-2015|Brau-2014|Brau-2015|Brau-2016",4,"B",8,6,32,56,3,"FW","M3",0.434376409538332
"Aber-2016|Brau-2014|Brau-2015|Brau-2016",4,"B",8,6,32,56,3,"FW","M3",0.485835453621021
"Aber-2015|Aber-2016|Brau-2014|Brau-2015",4,"C",16,4,32,80,3,"FW","M3",0.527600030203706
"Aber-2015|Aber-2016|Brau-2014|Brau-2016",4,"C",16,4,32,80,3,"FW","M3",0.534680145135458
"Aber-2015|Aber-2016|Brau-2015|Brau-2016",4,"C",16,4,32,80,3,"FW","M3",0.496802097220253
"Aber-2015|Brau-2014|Brau-2015|Brau-2016",4,"C",16,4,32,80,3,"FW","M3",0.441071309306905
"Aber-2016|Brau-2014|Brau-2015|Brau-2016",4,"C",16,4,32,80,3,"FW","M3",0.437264278664161
"Aber-2015|Aber-2016|Brau-2014|Brau-2015",4,"D",24,2,32,104,3,"FW","M3",0.454144771136779
"Aber-2015|Aber-2016|Brau-2014|Brau-2016",4,"D",24,2,32,104,3,"FW","M3",0.540890892711648
"Aber-2015|Aber-2016|Brau-2015|Brau-2016",4,"D",24,2,32,104,3,"FW","M3",0.515346847925838
"Aber-2015|Brau-2014|Brau-2015|Brau-2016",4,"D",24,2,32,104,3,"FW","M3",0.53977525921799
"Aber-2016|Brau-2014|Brau-2015|Brau-2016",4,"D",24,2,32,104,3,"FW","M3",0.504494483367688
"Aber-2015|Aber-2016|Brau-2014|Brau-2015",4,"E",32,0,32,128,3,"FW","M3",0.479191682093163
"Aber-2015|Aber-2016|Brau-2014|Brau-2016",4,"E",32,0,32,128,3,"FW","M3",0.488121992669512
"Aber-2015|Aber-2016|Brau-2015|Brau-2016",4,"E",32,0,32,128,3,"FW","M3",0.516134756103748
"Aber-2015|Brau-2014|Brau-2015|Brau-2016",4,"E",32,0,32,128,3,"FW","M3",0.527609095211646
"Aber-2016|Brau-2014|Brau-2015|Brau-2016",4,"E",32,0,32,128,3,"FW","M3",0.337985084827364
"Aber-2015|Aber-2016|Brau-2014|Brau-2015",4,"A",0,8,32,32,4,"FW","M3",0.486231668628492
"Aber-2015|Aber-2016|Brau-2014|Brau-2016",4,"A",0,8,32,32,4,"FW","M3",0.371425186555258
"Aber-2015|Aber-2016|Brau-2015|Brau-2016",4,"A",0,8,32,32,4,"FW","M3",0.506833217075941
"Aber-2015|Brau-2014|Brau-2015|Brau-2016",4,"A",0,8,32,32,4,"FW","M3",0.42819630348956
"Aber-2016|Brau-2014|Brau-2015|Brau-2016",4,"A",0,8,32,32,4,"FW","M3",0.216181318628526
"Aber-2015|Aber-2016|Brau-2014|Brau-2015",4,"B",8,6,32,56,4,"FW","M3",0.573135895820485
"Aber-2015|Aber-2016|Brau-2014|Brau-2016",4,"B",8,6,32,56,4,"FW","M3",0.399908455678002
"Aber-2015|Aber-2016|Brau-2015|Brau-2016",4,"B",8,6,32,56,4,"FW","M3",0.39601162590744
"Aber-2015|Brau-2014|Brau-2015|Brau-2016",4,"B",8,6,32,56,4,"FW","M3",0.489737949077336
"Aber-2016|Brau-2014|Brau-2015|Brau-2016",4,"B",8,6,32,56,4,"FW","M3",0.485398592067657
"Aber-2015|Aber-2016|Brau-2014|Brau-2015",4,"C",16,4,32,80,4,"FW","M3",0.413186577444877
"Aber-2015|Aber-2016|Brau-2014|Brau-2016",4,"C",16,4,32,80,4,"FW","M3",0.492733848667262
"Aber-2015|Aber-2016|Brau-2015|Brau-2016",4,"C",16,4,32,80,4,"FW","M3",0.464071719178352
"Aber-2015|Brau-2014|Brau-2015|Brau-2016",4,"C",16,4,32,80,4,"FW","M3",0.526329267362704
"Aber-2016|Brau-2014|Brau-2015|Brau-2016",4,"C",16,4,32,80,4,"FW","M3",0.447138929176486
"Aber-2015|Aber-2016|Brau-2014|Brau-2015",4,"D",24,2,32,104,4,"FW","M3",0.491180255562234
"Aber-2015|Aber-2016|Brau-2014|Brau-2016",4,"D",24,2,32,104,4,"FW","M3",0.501955697837083
"Aber-2015|Aber-2016|Brau-2015|Brau-2016",4,"D",24,2,32,104,4,"FW","M3",0.456260309714802
"Aber-2015|Brau-2014|Brau-2015|Brau-2016",4,"D",24,2,32,104,4,"FW","M3",0.522191232319116
"Aber-2016|Brau-2014|Brau-2015|Brau-2016",4,"D",24,2,32,104,4,"FW","M3",0.470733930890241
"Aber-2015|Aber-2016|Brau-2014|Brau-2015",4,"E",32,0,32,128,4,"FW","M3",0.492670426937774
"Aber-2015|Aber-2016|Brau-2014|Brau-2016",4,"E",32,0,32,128,4,"FW","M3",0.532318905329497
"Aber-2015|Aber-2016|Brau-2015|Brau-2016",4,"E",32,0,32,128,4,"FW","M3",0.501680722363582
"Aber-2015|Brau-2014|Brau-2015|Brau-2016",4,"E",32,0,32,128,4,"FW","M3",0.537388460012564
"Aber-2016|Brau-2014|Brau-2015|Brau-2016",4,"E",32,0,32,128,4,"FW","M3",0.421111074838998
"Aber-2015|Aber-2016|Brau-2014|Brau-2015",4,"A",0,8,32,32,5,"FW","M3",0.459603314062584
"Aber-2015|Aber-2016|Brau-2014|Brau-2016",4,"A",0,8,32,32,5,"FW","M3",0.490945433029371
"Aber-2015|Aber-2016|Brau-2015|Brau-2016",4,"A",0,8,32,32,5,"FW","M3",0.415675178181511
"Aber-2015|Brau-2014|Brau-2015|Brau-2016",4,"A",0,8,32,32,5,"FW","M3",0.465606553038055
"Aber-2016|Brau-2014|Brau-2015|Brau-2016",4,"A",0,8,32,32,5,"FW","M3",0.465845127155701
"Aber-2015|Aber-2016|Brau-2014|Brau-2015",4,"B",8,6,32,56,5,"FW","M3",0.350787307347285
"Aber-2015|Aber-2016|Brau-2014|Brau-2016",4,"B",8,6,32,56,5,"FW","M3",0.426031779107457
"Aber-2015|Aber-2016|Brau-2015|Brau-2016",4,"B",8,6,32,56,5,"FW","M3",0.449023359797209
"Aber-2015|Brau-2014|Brau-2015|Brau-2016",4,"B",8,6,32,56,5,"FW","M3",0.387537945491268
"Aber-2016|Brau-2014|Brau-2015|Brau-2016",4,"B",8,6,32,56,5,"FW","M3",0.452053817477982
"Aber-2015|Aber-2016|Brau-2014|Brau-2015",4,"C",16,4,32,80,5,"FW","M3",0.528034886143879
"Aber-2015|Aber-2016|Brau-2014|Brau-2016",4,"C",16,4,32,80,5,"FW","M3",0.482831822897498
"Aber-2015|Aber-2016|Brau-2015|Brau-2016",4,"C",16,4,32,80,5,"FW","M3",0.52790098661108
"Aber-2015|Brau-2014|Brau-2015|Brau-2016",4,"C",16,4,32,80,5,"FW","M3",0.54155759678043
"Aber-2016|Brau-2014|Brau-2015|Brau-2016",4,"C",16,4,32,80,5,"FW","M3",0.518026831295689
"Aber-2015|Aber-2016|Brau-2014|Brau-2015",4,"D",24,2,32,104,5,"FW","M3",0.502651563990117
"Aber-2015|Aber-2016|Brau-2014|Brau-2016",4,"D",24,2,32,104,5,"FW","M3",0.479000373182249
"Aber-2015|Aber-2016|Brau-2015|Brau-2016",4,"D",24,2,32,104,5,"FW","M3",0.497232494448371
"Aber-2015|Brau-2014|Brau-2015|Brau-2016",4,"D",24,2,32,104,5,"FW","M3",0.436568787273847
"Aber-2016|Brau-2014|Brau-2015|Brau-2016",4,"D",24,2,32,104,5,"FW","M3",0.464527538727905
"Aber-2015|Aber-2016|Brau-2014|Brau-2015",4,"E",32,0,32,128,5,"FW","M3",0.497887248165041
"Aber-2015|Aber-2016|Brau-2014|Brau-2016",4,"E",32,0,32,128,5,"FW","M3",0.510198150611566
"Aber-2015|Aber-2016|Brau-2015|Brau-2016",4,"E",32,0,32,128,5,"FW","M3",0.455594811428242
"Aber-2015|Brau-2014|Brau-2015|Brau-2016",4,"E",32,0,32,128,5,"FW","M3",0.493850559050398
"Aber-2016|Brau-2014|Brau-2015|Brau-2016",4,"E",32,0,32,128,5,"FW","M3",0.202419417121092
"Aber-2015|Aber-2016|Brau-2014|Brau-2015",4,"A",0,8,32,32,1,"MC","M3",0.41332251460661
"Aber-2015|Aber-2016|Brau-2014|Brau-2016",4,"A",0,8,32,32,1,"MC","M3",0.180960565061142
"Aber-2015|Aber-2016|Brau-2015|Brau-2016",4,"A",0,8,32,32,1,"MC","M3",-0.216088314879954
"Aber-2015|Brau-2014|Brau-2015|Brau-2016",4,"A",0,8,32,32,1,"MC","M3",0.394184571937236
"Aber-2016|Brau-2014|Brau-2015|Brau-2016",4,"A",0,8,32,32,1,"MC","M3",0.375875482246856
"Aber-2015|Aber-2016|Brau-2014|Brau-2015",4,"B",8,6,32,56,1,"MC","M3",0.457523077971743
"Aber-2015|Aber-2016|Brau-2014|Brau-2016",4,"B",8,6,32,56,1,"MC","M3",0.366785273525031
"Aber-2015|Aber-2016|Brau-2015|Brau-2016",4,"B",8,6,32,56,1,"MC","M3",0.372134309603467
"Aber-2015|Brau-2014|Brau-2015|Brau-2016",4,"B",8,6,32,56,1,"MC","M3",0.388944891575866
"Aber-2016|Brau-2014|Brau-2015|Brau-2016",4,"B",8,6,32,56,1,"MC","M3",0.331197846018727
"Aber-2015|Aber-2016|Brau-2014|Brau-2015",4,"C",16,4,32,80,1,"MC","M3",0.459560804125309
"Aber-2015|Aber-2016|Brau-2014|Brau-2016",4,"C",16,4,32,80,1,"MC","M3",0.30628330331195
"Aber-2015|Aber-2016|Brau-2015|Brau-2016",4,"C",16,4,32,80,1,"MC","M3",0.354446452476734
"Aber-2015|Brau-2014|Brau-2015|Brau-2016",4,"C",16,4,32,80,1,"MC","M3",0.35830586854183
"Aber-2016|Brau-2014|Brau-2015|Brau-2016",4,"C",16,4,32,80,1,"MC","M3",0.441991133011198
"Aber-2015|Aber-2016|Brau-2014|Brau-2015",4,"D",24,2,32,104,1,"MC","M3",0.430466246354666
"Aber-2015|Aber-2016|Brau-2014|Brau-2016",4,"D",24,2,32,104,1,"MC","M3",0.363353941812961
"Aber-2015|Aber-2016|Brau-2015|Brau-2016",4,"D",24,2,32,104,1,"MC","M3",0.311644073767514
"Aber-2015|Brau-2014|Brau-2015|Brau-2016",4,"D",24,2,32,104,1,"MC","M3",0.35057055385187
"Aber-2016|Brau-2014|Brau-2015|Brau-2016",4,"D",24,2,32,104,1,"MC","M3",0.357013895072546
"Aber-2015|Aber-2016|Brau-2014|Brau-2015",4,"E",32,0,32,128,1,"MC","M3",0.440666996429268
"Aber-2015|Aber-2016|Brau-2014|Brau-2016",4,"E",32,0,32,128,1,"MC","M3",0.402711496841169
"Aber-2015|Aber-2016|Brau-2015|Brau-2016",4,"E",32,0,32,128,1,"MC","M3",0.285992948588518
"Aber-2015|Brau-2014|Brau-2015|Brau-2016",4,"E",32,0,32,128,1,"MC","M3",0.359433197435602
"Aber-2016|Brau-2014|Brau-2015|Brau-2016",4,"E",32,0,32,128,1,"MC","M3",0.314594634869846
"Aber-2015|Aber-2016|Brau-2014|Brau-2015",4,"A",0,8,32,32,2,"MC","M3",0.440826015437707
"Aber-2015|Aber-2016|Brau-2014|Brau-2016",4,"A",0,8,32,32,2,"MC","M3",0.284099251679887
"Aber-2015|Aber-2016|Brau-2015|Brau-2016",4,"A",0,8,32,32,2,"MC","M3",0.369961114511321
"Aber-2015|Brau-2014|Brau-2015|Brau-2016",4,"A",0,8,32,32,2,"MC","M3",0.349954046892017
"Aber-2016|Brau-2014|Brau-2015|Brau-2016",4,"A",0,8,32,32,2,"MC","M3",0.283615649999794
"Aber-2015|Aber-2016|Brau-2014|Brau-2015",4,"B",8,6,32,56,2,"MC","M3",0.324341230918569
"Aber-2015|Aber-2016|Brau-2014|Brau-2016",4,"B",8,6,32,56,2,"MC","M3",0.264802550994118
"Aber-2015|Aber-2016|Brau-2015|Brau-2016",4,"B",8,6,32,56,2,"MC","M3",0.264199632885424
"Aber-2015|Brau-2014|Brau-2015|Brau-2016",4,"B",8,6,32,56,2,"MC","M3",0.349494160220452
"Aber-2016|Brau-2014|Brau-2015|Brau-2016",4,"B",8,6,32,56,2,"MC","M3",0.334373927030565
"Aber-2015|Aber-2016|Brau-2014|Brau-2015",4,"C",16,4,32,80,2,"MC","M3",0.346941331228404
"Aber-2015|Aber-2016|Brau-2014|Brau-2016",4,"C",16,4,32,80,2,"MC","M3",0.355966497249263
"Aber-2015|Aber-2016|Brau-2015|Brau-2016",4,"C",16,4,32,80,2,"MC","M3",0.410145341736582
"Aber-2015|Brau-2014|Brau-2015|Brau-2016",4,"C",16,4,32,80,2,"MC","M3",0.373460839945972
"Aber-2016|Brau-2014|Brau-2015|Brau-2016",4,"C",16,4,32,80,2,"MC","M3",0.338520664154481
"Aber-2015|Aber-2016|Brau-2014|Brau-2015",4,"D",24,2,32,104,2,"MC","M3",0.441626438282741
"Aber-2015|Aber-2016|Brau-2014|Brau-2016",4,"D",24,2,32,104,2,"MC","M3",0.409281384616516
"Aber-2015|Aber-2016|Brau-2015|Brau-2016",4,"D",24,2,32,104,2,"MC","M3",0.32248287124946
"Aber-2015|Brau-2014|Brau-2015|Brau-2016",4,"D",24,2,32,104,2,"MC","M3",0.358298351897999
"Aber-2016|Brau-2014|Brau-2015|Brau-2016",4,"D",24,2,32,104,2,"MC","M3",0.299712302050994
"Aber-2015|Aber-2016|Brau-2014|Brau-2015",4,"E",32,0,32,128,2,"MC","M3",0.458938221844883
"Aber-2015|Aber-2016|Brau-2014|Brau-2016",4,"E",32,0,32,128,2,"MC","M3",0.328410326737907
"Aber-2015|Aber-2016|Brau-2015|Brau-2016",4,"E",32,0,32,128,2,"MC","M3",0.326811489284221
"Aber-2015|Brau-2014|Brau-2015|Brau-2016",4,"E",32,0,32,128,2,"MC","M3",0.353015160886655
"Aber-2016|Brau-2014|Brau-2015|Brau-2016",4,"E",32,0,32,128,2,"MC","M3",0.312585360721341
"Aber-2015|Aber-2016|Brau-2014|Brau-2015",4,"A",0,8,32,32,3,"MC","M3",0.435670733167763
"Aber-2015|Aber-2016|Brau-2014|Brau-2016",4,"A",0,8,32,32,3,"MC","M3",0.284550261174919
"Aber-2015|Aber-2016|Brau-2015|Brau-2016",4,"A",0,8,32,32,3,"MC","M3",0.410278460438183
"Aber-2015|Brau-2014|Brau-2015|Brau-2016",4,"A",0,8,32,32,3,"MC","M3",0.338368137198617
"Aber-2016|Brau-2014|Brau-2015|Brau-2016",4,"A",0,8,32,32,3,"MC","M3",0.112405087694205
"Aber-2015|Aber-2016|Brau-2014|Brau-2015",4,"B",8,6,32,56,3,"MC","M3",0.461754721511068
"Aber-2015|Aber-2016|Brau-2014|Brau-2016",4,"B",8,6,32,56,3,"MC","M3",0.295414300683217
"Aber-2015|Aber-2016|Brau-2015|Brau-2016",4,"B",8,6,32,56,3,"MC","M3",0.37611445757722
"Aber-2015|Brau-2014|Brau-2015|Brau-2016",4,"B",8,6,32,56,3,"MC","M3",0.266721844336453
"Aber-2016|Brau-2014|Brau-2015|Brau-2016",4,"B",8,6,32,56,3,"MC","M3",0.307541323869913
"Aber-2015|Aber-2016|Brau-2014|Brau-2015",4,"C",16,4,32,80,3,"MC","M3",0.449036661745569
"Aber-2015|Aber-2016|Brau-2014|Brau-2016",4,"C",16,4,32,80,3,"MC","M3",0.401499478140581
"Aber-2015|Aber-2016|Brau-2015|Brau-2016",4,"C",16,4,32,80,3,"MC","M3",0.328299231416344
"Aber-2015|Brau-2014|Brau-2015|Brau-2016",4,"C",16,4,32,80,3,"MC","M3",0.403502632392224
"Aber-2016|Brau-2014|Brau-2015|Brau-2016",4,"C",16,4,32,80,3,"MC","M3",0.379828449330279
"Aber-2015|Aber-2016|Brau-2014|Brau-2015",4,"D",24,2,32,104,3,"MC","M3",0.44064093722232
"Aber-2015|Aber-2016|Brau-2014|Brau-2016",4,"D",24,2,32,104,3,"MC","M3",0.327524794657631
"Aber-2015|Aber-2016|Brau-2015|Brau-2016",4,"D",24,2,32,104,3,"MC","M3",0.38834592631703
"Aber-2015|Brau-2014|Brau-2015|Brau-2016",4,"D",24,2,32,104,3,"MC","M3",0.348326221314173
"Aber-2016|Brau-2014|Brau-2015|Brau-2016",4,"D",24,2,32,104,3,"MC","M3",0.366239061004961
"Aber-2015|Aber-2016|Brau-2014|Brau-2015",4,"E",32,0,32,128,3,"MC","M3",0.456864943613963
"Aber-2015|Aber-2016|Brau-2014|Brau-2016",4,"E",32,0,32,128,3,"MC","M3",0.291594450035712
"Aber-2015|Aber-2016|Brau-2015|Brau-2016",4,"E",32,0,32,128,3,"MC","M3",0.290498915848632
"Aber-2015|Brau-2014|Brau-2015|Brau-2016",4,"E",32,0,32,128,3,"MC","M3",0.401499305679994
"Aber-2016|Brau-2014|Brau-2015|Brau-2016",4,"E",32,0,32,128,3,"MC","M3",0.319858799766854
"Aber-2015|Aber-2016|Brau-2014|Brau-2015",4,"A",0,8,32,32,4,"MC","M3",0.288163944478563
"Aber-2015|Aber-2016|Brau-2014|Brau-2016",4,"A",0,8,32,32,4,"MC","M3",0.325435841742015
"Aber-2015|Aber-2016|Brau-2015|Brau-2016",4,"A",0,8,32,32,4,"MC","M3",0.362496490101339
"Aber-2015|Brau-2014|Brau-2015|Brau-2016",4,"A",0,8,32,32,4,"MC","M3",0.273131322234116
"Aber-2016|Brau-2014|Brau-2015|Brau-2016",4,"A",0,8,32,32,4,"MC","M3",0.381824915684969
"Aber-2015|Aber-2016|Brau-2014|Brau-2015",4,"B",8,6,32,56,4,"MC","M3",0.320092198578265
"Aber-2015|Aber-2016|Brau-2014|Brau-2016",4,"B",8,6,32,56,4,"MC","M3",0.267655833715588
"Aber-2015|Aber-2016|Brau-2015|Brau-2016",4,"B",8,6,32,56,4,"MC","M3",0.366344572614521
"Aber-2015|Brau-2014|Brau-2015|Brau-2016",4,"B",8,6,32,56,4,"MC","M3",0.409013882157017
"Aber-2016|Brau-2014|Brau-2015|Brau-2016",4,"B",8,6,32,56,4,"MC","M3",0.331712023880218
"Aber-2015|Aber-2016|Brau-2014|Brau-2015",4,"C",16,4,32,80,4,"MC","M3",0.357379892175085
"Aber-2015|Aber-2016|Brau-2014|Brau-2016",4,"C",16,4,32,80,4,"MC","M3",0.418087285733789
"Aber-2015|Aber-2016|Brau-2015|Brau-2016",4,"C",16,4,32,80,4,"MC","M3",0.387205251101614
"Aber-2015|Brau-2014|Brau-2015|Brau-2016",4,"C",16,4,32,80,4,"MC","M3",0.385014374034375
"Aber-2016|Brau-2014|Brau-2015|Brau-2016",4,"C",16,4,32,80,4,"MC","M3",0.245249272382184
"Aber-2015|Aber-2016|Brau-2014|Brau-2015",4,"D",24,2,32,104,4,"MC","M3",0.475303597798805
"Aber-2015|Aber-2016|Brau-2014|Brau-2016",4,"D",24,2,32,104,4,"MC","M3",0.35772985448344
"Aber-2015|Aber-2016|Brau-2015|Brau-2016",4,"D",24,2,32,104,4,"MC","M3",0.322349318901402
"Aber-2015|Brau-2014|Brau-2015|Brau-2016",4,"D",24,2,32,104,4,"MC","M3",0.319202660453469
"Aber-2016|Brau-2014|Brau-2015|Brau-2016",4,"D",24,2,32,104,4,"MC","M3",0.422858468082158
"Aber-2015|Aber-2016|Brau-2014|Brau-2015",4,"E",32,0,32,128,4,"MC","M3",0.476281823674282
"Aber-2015|Aber-2016|Brau-2014|Brau-2016",4,"E",32,0,32,128,4,"MC","M3",0.31162030943943
"Aber-2015|Aber-2016|Brau-2015|Brau-2016",4,"E",32,0,32,128,4,"MC","M3",0.322525198901812
"Aber-2015|Brau-2014|Brau-2015|Brau-2016",4,"E",32,0,32,128,4,"MC","M3",0.315956957795885
"Aber-2016|Brau-2014|Brau-2015|Brau-2016",4,"E",32,0,32,128,4,"MC","M3",0.405317758059496
"Aber-2015|Aber-2016|Brau-2014|Brau-2015",4,"A",0,8,32,32,5,"MC","M3",0.363029795636374
"Aber-2015|Aber-2016|Brau-2014|Brau-2016",4,"A",0,8,32,32,5,"MC","M3",0.339030444348694
"Aber-2015|Aber-2016|Brau-2015|Brau-2016",4,"A",0,8,32,32,5,"MC","M3",0.265156306701486
"Aber-2015|Brau-2014|Brau-2015|Brau-2016",4,"A",0,8,32,32,5,"MC","M3",0.333695003249763
"Aber-2016|Brau-2014|Brau-2015|Brau-2016",4,"A",0,8,32,32,5,"MC","M3",0.424220471560433
"Aber-2015|Aber-2016|Brau-2014|Brau-2015",4,"B",8,6,32,56,5,"MC","M3",0.399214005950393
"Aber-2015|Aber-2016|Brau-2014|Brau-2016",4,"B",8,6,32,56,5,"MC","M3",0.389749245295235
"Aber-2015|Aber-2016|Brau-2015|Brau-2016",4,"B",8,6,32,56,5,"MC","M3",0.362100626287527
"Aber-2015|Brau-2014|Brau-2015|Brau-2016",4,"B",8,6,32,56,5,"MC","M3",0.252471411706169
"Aber-2016|Brau-2014|Brau-2015|Brau-2016",4,"B",8,6,32,56,5,"MC","M3",0.41238727418471
"Aber-2015|Aber-2016|Brau-2014|Brau-2015",4,"C",16,4,32,80,5,"MC","M3",0.463746115031284
"Aber-2015|Aber-2016|Brau-2014|Brau-2016",4,"C",16,4,32,80,5,"MC","M3",0.351131682330687
"Aber-2015|Aber-2016|Brau-2015|Brau-2016",4,"C",16,4,32,80,5,"MC","M3",0.353014269522695
"Aber-2015|Brau-2014|Brau-2015|Brau-2016",4,"C",16,4,32,80,5,"MC","M3",0.447055410667678
"Aber-2016|Brau-2014|Brau-2015|Brau-2016",4,"C",16,4,32,80,5,"MC","M3",0.441542235216857
"Aber-2015|Aber-2016|Brau-2014|Brau-2015",4,"D",24,2,32,104,5,"MC","M3",0.454442580495036
"Aber-2015|Aber-2016|Brau-2014|Brau-2016",4,"D",24,2,32,104,5,"MC","M3",0.362343564844922
"Aber-2015|Aber-2016|Brau-2015|Brau-2016",4,"D",24,2,32,104,5,"MC","M3",0.297043483738791
"Aber-2015|Brau-2014|Brau-2015|Brau-2016",4,"D",24,2,32,104,5,"MC","M3",0.361031390659186
"Aber-2016|Brau-2014|Brau-2015|Brau-2016",4,"D",24,2,32,104,5,"MC","M3",0.29505721574222
"Aber-2015|Aber-2016|Brau-2014|Brau-2015",4,"E",32,0,32,128,5,"MC","M3",0.466661013585114
"Aber-2015|Aber-2016|Brau-2014|Brau-2016",4,"E",32,0,32,128,5,"MC","M3",0.422940470583853
"Aber-2015|Aber-2016|Brau-2015|Brau-2016",4,"E",32,0,32,128,5,"MC","M3",0.279695468943751
"Aber-2015|Brau-2014|Brau-2015|Brau-2016",4,"E",32,0,32,128,5,"MC","M3",0.230505674333215
"Aber-2016|Brau-2014|Brau-2015|Brau-2016",4,"E",32,0,32,128,5,"MC","M3",0.276380941940092
