"combo","k_envs","design","s","n","unique_lines","total_plots","rep","trait","model","predictive_ability"
"Aber-2015|Aber-2016|Brau-2014",3,"A",0,12,36,36,1,"DM","M1",0.516966921650026
"Aber-2015|Aber-2016|Brau-2015",3,"A",0,12,36,36,1,"DM","M1",0.492797677154265
"Aber-2015|Aber-2016|Brau-2016",3,"A",0,12,36,36,1,"DM","M1",0.375400780893793
"Aber-2015|Brau-2014|Brau-2015",3,"A",0,12,36,36,1,"DM","M1",0.340992253900386
"Aber-2015|Brau-2014|Brau-2016",3,"A",0,12,36,36,1,"DM","M1",0.360049830722895
"Aber-2015|Brau-2015|Brau-2016",3,"A",0,12,36,36,1,"DM","M1",0.512970058043893
"Aber-2016|Brau-2014|Brau-2015",3,"A",0,12,36,36,1,"DM","M1",0.488323065339571
"Aber-2016|Brau-2014|Brau-2016",3,"A",0,12,36,36,1,"DM","M1",0.414359051766372
"Aber-2016|Brau-2015|Brau-2016",3,"A",0,12,36,36,1,"DM","M1",0.444647983862661
"Brau-2014|Brau-2015|Brau-2016",3,"A",0,12,36,36,1,"DM","M1",0.497058333448256
"Aber-2015|Aber-2016|Brau-2014",3,"B",9,9,36,54,1,"DM","M1",0.53152955581614
"Aber-2015|Aber-2016|Brau-2015",3,"B",9,9,36,54,1,"DM","M1",0.495271427606297
"Aber-2015|Aber-2016|Brau-2016",3,"B",9,9,36,54,1,"DM","M1",0.482133633915016
"Aber-2015|Brau-2014|Brau-2015",3,"B",9,9,36,54,1,"DM","M1",0.533290647010831
"Aber-2015|Brau-2014|Brau-2016",3,"B",9,9,36,54,1,"DM","M1",0.446095060430895
"Aber-2015|Brau-2015|Brau-2016",3,"B",9,9,36,54,1,"DM","M1",0.441814086473219
"Aber-2016|Brau-2014|Brau-2015",3,"B",9,9,36,54,1,"DM","M1",0.440794013508278
"Aber-2016|Brau-2014|Brau-2016",3,"B",9,9,36,54,1,"DM","M1",0.468680031974085
"Aber-2016|Brau-2015|Brau-2016",3,"B",9,9,36,54,1,"DM","M1",0.452500908133693
"Brau-2014|Brau-2015|Brau-2016",3,"B",9,9,36,54,1,"DM","M1",0.573314149660949
"Aber-2015|Aber-2016|Brau-2014",3,"C",18,6,36,72,1,"DM","M1",0.500000787707386
"Aber-2015|Aber-2016|Brau-2015",3,"C",18,6,36,72,1,"DM","M1",0.491040108869444
"Aber-2015|Aber-2016|Brau-2016",3,"C",18,6,36,72,1,"DM","M1",0.468095347483665
"Aber-2015|Brau-2014|Brau-2015",3,"C",18,6,36,72,1,"DM","M1",0.529180497546475
"Aber-2015|Brau-2014|Brau-2016",3,"C",18,6,36,72,1,"DM","M1",0.446071650335747
"Aber-2015|Brau-2015|Brau-2016",3,"C",18,6,36,72,1,"DM","M1",0.546414432808733
"Aber-2016|Brau-2014|Brau-2015",3,"C",18,6,36,72,1,"DM","M1",0.480053172490387
"Aber-2016|Brau-2014|Brau-2016",3,"C",18,6,36,72,1,"DM","M1",0.450547710912549
"Aber-2016|Brau-2015|Brau-2016",3,"C",18,6,36,72,1,"DM","M1",0.407370933519414
"Brau-2014|Brau-2015|Brau-2016",3,"C",18,6,36,72,1,"DM","M1",0.48611747398079
"Aber-2015|Aber-2016|Brau-2014",3,"D",27,3,36,90,1,"DM","M1",0.51364727174133
"Aber-2015|Aber-2016|Brau-2015",3,"D",27,3,36,90,1,"DM","M1",0.524806482747826
"Aber-2015|Aber-2016|Brau-2016",3,"D",27,3,36,90,1,"DM","M1",0.340867460852438
"Aber-2015|Brau-2014|Brau-2015",3,"D",27,3,36,90,1,"DM","M1",0.555406867167302
"Aber-2015|Brau-2014|Brau-2016",3,"D",27,3,36,90,1,"DM","M1",0.501735036763554
"Aber-2015|Brau-2015|Brau-2016",3,"D",27,3,36,90,1,"DM","M1",0.524811226901542
"Aber-2016|Brau-2014|Brau-2015",3,"D",27,3,36,90,1,"DM","M1",0.41743507909268
"Aber-2016|Brau-2014|Brau-2016",3,"D",27,3,36,90,1,"DM","M1",0.493578757122756
"Aber-2016|Brau-2015|Brau-2016",3,"D",27,3,36,90,1,"DM","M1",0.336874771535445
"Brau-2014|Brau-2015|Brau-2016",3,"D",27,3,36,90,1,"DM","M1",0.51624697898626
"Aber-2015|Aber-2016|Brau-2014",3,"E",36,0,36,108,1,"DM","M1",0.360322439599311
"Aber-2015|Aber-2016|Brau-2015",3,"E",36,0,36,108,1,"DM","M1",0.525053683901229
"Aber-2015|Aber-2016|Brau-2016",3,"E",36,0,36,108,1,"DM","M1",0.4326377278991
"Aber-2015|Brau-2014|Brau-2015",3,"E",36,0,36,108,1,"DM","M1",0.573531090917921
"Aber-2015|Brau-2014|Brau-2016",3,"E",36,0,36,108,1,"DM","M1",0.486088997706029
"Aber-2015|Brau-2015|Brau-2016",3,"E",36,0,36,108,1,"DM","M1",0.455546568060632
"Aber-2016|Brau-2014|Brau-2015",3,"E",36,0,36,108,1,"DM","M1",0.532503937001677
"Aber-2016|Brau-2014|Brau-2016",3,"E",36,0,36,108,1,"DM","M1",0.405111789356148
"Aber-2016|Brau-2015|Brau-2016",3,"E",36,0,36,108,1,"DM","M1",0.391366455987486
"Brau-2014|Brau-2015|Brau-2016",3,"E",36,0,36,108,1,"DM","M1",0.507668686633348
"Aber-2015|Aber-2016|Brau-2014",3,"A",0,12,36,36,2,"DM","M1",0.439079201860611
"Aber-2015|Aber-2016|Brau-2015",3,"A",0,12,36,36,2,"DM","M1",0.492388719020066
"Aber-2015|Aber-2016|Brau-2016",3,"A",0,12,36,36,2,"DM","M1",0.18814155505644
"Aber-2015|Brau-2014|Brau-2015",3,"A",0,12,36,36,2,"DM","M1",0.189074934066108
"Aber-2015|Brau-2014|Brau-2016",3,"A",0,12,36,36,2,"DM","M1",0.16108413433098
"Aber-2015|Brau-2015|Brau-2016",3,"A",0,12,36,36,2,"DM","M1",0.55422286888676
"Aber-2016|Brau-2014|Brau-2015",3,"A",0,12,36,36,2,"DM","M1",0.524329330574928
"Aber-2016|Brau-2014|Brau-2016",3,"A",0,12,36,36,2,"DM","M1",0.210179427948283
"Aber-2016|Brau-2015|Brau-2016",3,"A",0,12,36,36,2,"DM","M1",0.393484667903355
"Brau-2014|Brau-2015|Brau-2016",3,"A",0,12,36,36,2,"DM","M1",0.458429609224123
"Aber-2015|Aber-2016|Brau-2014",3,"B",9,9,36,54,2,"DM","M1",0.510782988404828
"Aber-2015|Aber-2016|Brau-2015",3,"B",9,9,36,54,2,"DM","M1",0.547490880803428
"Aber-2015|Aber-2016|Brau-2016",3,"B",9,9,36,54,2,"DM","M1",0.523627334368792
"Aber-2015|Brau-2014|Brau-2015",3,"B",9,9,36,54,2,"DM","M1",0.537190184532811
"Aber-2015|Brau-2014|Brau-2016",3,"B",9,9,36,54,2,"DM","M1",0.524105348943214
"Aber-2015|Brau-2015|Brau-2016",3,"B",9,9,36,54,2,"DM","M1",0.446937888013892
"Aber-2016|Brau-2014|Brau-2015",3,"B",9,9,36,54,2,"DM","M1",0.507872883195956
"Aber-2016|Brau-2014|Brau-2016",3,"B",9,9,36,54,2,"DM","M1",0.409629069497573
"Aber-2016|Brau-2015|Brau-2016",3,"B",9,9,36,54,2,"DM","M1",0.428322993706199
"Brau-2014|Brau-2015|Brau-2016",3,"B",9,9,36,54,2,"DM","M1",0.484266999005636
"Aber-2015|Aber-2016|Brau-2014",3,"C",18,6,36,72,2,"DM","M1",0.484234400811824
"Aber-2015|Aber-2016|Brau-2015",3,"C",18,6,36,72,2,"DM","M1",0.503204880141566
"Aber-2015|Aber-2016|Brau-2016",3,"C",18,6,36,72,2,"DM","M1",0.288116741245039
"Aber-2015|Brau-2014|Brau-2015",3,"C",18,6,36,72,2,"DM","M1",0.536253130648851
"Aber-2015|Brau-2014|Brau-2016",3,"C",18,6,36,72,2,"DM","M1",0.515294459484332
"Aber-2015|Brau-2015|Brau-2016",3,"C",18,6,36,72,2,"DM","M1",0.557721923447119
"Aber-2016|Brau-2014|Brau-2015",3,"C",18,6,36,72,2,"DM","M1",0.387963822140823
"Aber-2016|Brau-2014|Brau-2016",3,"C",18,6,36,72,2,"DM","M1",0.441106232201686
"Aber-2016|Brau-2015|Brau-2016",3,"C",18,6,36,72,2,"DM","M1",0.381900206819757
"Brau-2014|Brau-2015|Brau-2016",3,"C",18,6,36,72,2,"DM","M1",0.447136751313994
"Aber-2015|Aber-2016|Brau-2014",3,"D",27,3,36,90,2,"DM","M1",0.463445358248341
"Aber-2015|Aber-2016|Brau-2015",3,"D",27,3,36,90,2,"DM","M1",0.431281574246913
"Aber-2015|Aber-2016|Brau-2016",3,"D",27,3,36,90,2,"DM","M1",0.509186106477004
"Aber-2015|Brau-2014|Brau-2015",3,"D",27,3,36,90,2,"DM","M1",0.532695107869637
"Aber-2015|Brau-2014|Brau-2016",3,"D",27,3,36,90,2,"DM","M1",0.438299992986517
"Aber-2015|Brau-2015|Brau-2016",3,"D",27,3,36,90,2,"DM","M1",0.518632894754016
"Aber-2016|Brau-2014|Brau-2015",3,"D",27,3,36,90,2,"DM","M1",0.40570860425117
"Aber-2016|Brau-2014|Brau-2016",3,"D",27,3,36,90,2,"DM","M1",0.466181596435674
"Aber-2016|Brau-2015|Brau-2016",3,"D",27,3,36,90,2,"DM","M1",0.403092010257955
"Brau-2014|Brau-2015|Brau-2016",3,"D",27,3,36,90,2,"DM","M1",0.52360105826707
"Aber-2015|Aber-2016|Brau-2014",3,"E",36,0,36,108,2,"DM","M1",0.400374020281069
"Aber-2015|Aber-2016|Brau-2015",3,"E",36,0,36,108,2,"DM","M1",0.4770357089948
"Aber-2015|Aber-2016|Brau-2016",3,"E",36,0,36,108,2,"DM","M1",0.488871696807982
"Aber-2015|Brau-2014|Brau-2015",3,"E",36,0,36,108,2,"DM","M1",0.541409343639579
"Aber-2015|Brau-2014|Brau-2016",3,"E",36,0,36,108,2,"DM","M1",0.519068234558871
"Aber-2015|Brau-2015|Brau-2016",3,"E",36,0,36,108,2,"DM","M1",0.564336733247838
"Aber-2016|Brau-2014|Brau-2015",3,"E",36,0,36,108,2,"DM","M1",0.509097945052009
"Aber-2016|Brau-2014|Brau-2016",3,"E",36,0,36,108,2,"DM","M1",0.443842532264953
"Aber-2016|Brau-2015|Brau-2016",3,"E",36,0,36,108,2,"DM","M1",0.467600969522262
"Brau-2014|Brau-2015|Brau-2016",3,"E",36,0,36,108,2,"DM","M1",0.487070408614969
"Aber-2015|Aber-2016|Brau-2014",3,"A",0,12,36,36,3,"DM","M1",0.388447483621826
"Aber-2015|Aber-2016|Brau-2015",3,"A",0,12,36,36,3,"DM","M1",0.531548202250342
"Aber-2015|Aber-2016|Brau-2016",3,"A",0,12,36,36,3,"DM","M1",0.500972615486816
"Aber-2015|Brau-2014|Brau-2015",3,"A",0,12,36,36,3,"DM","M1",0.549098257770183
"Aber-2015|Brau-2014|Brau-2016",3,"A",0,12,36,36,3,"DM","M1",0.493453043462706
"Aber-2015|Brau-2015|Brau-2016",3,"A",0,12,36,36,3,"DM","M1",0.44921775686282
"Aber-2016|Brau-2014|Brau-2015",3,"A",0,12,36,36,3,"DM","M1",0.363478255035572
"Aber-2016|Brau-2014|Brau-2016",3,"A",0,12,36,36,3,"DM","M1",0.473653759365085
"Aber-2016|Brau-2015|Brau-2016",3,"A",0,12,36,36,3,"DM","M1",0.504613762986357
"Brau-2014|Brau-2015|Brau-2016",3,"A",0,12,36,36,3,"DM","M1",0.510412496008833
"Aber-2015|Aber-2016|Brau-2014",3,"B",9,9,36,54,3,"DM","M1",0.428091942278036
"Aber-2015|Aber-2016|Brau-2015",3,"B",9,9,36,54,3,"DM","M1",0.389370441685421
"Aber-2015|Aber-2016|Brau-2016",3,"B",9,9,36,54,3,"DM","M1",0.392467516224715
"Aber-2015|Brau-2014|Brau-2015",3,"B",9,9,36,54,3,"DM","M1",0.523969020397253
"Aber-2015|Brau-2014|Brau-2016",3,"B",9,9,36,54,3,"DM","M1",0.339010797471898
"Aber-2015|Brau-2015|Brau-2016",3,"B",9,9,36,54,3,"DM","M1",0.513955693290492
"Aber-2016|Brau-2014|Brau-2015",3,"B",9,9,36,54,3,"DM","M1",0.470551872092878
"Aber-2016|Brau-2014|Brau-2016",3,"B",9,9,36,54,3,"DM","M1",0.421691447879398
"Aber-2016|Brau-2015|Brau-2016",3,"B",9,9,36,54,3,"DM","M1",0.435792475634336
"Brau-2014|Brau-2015|Brau-2016",3,"B",9,9,36,54,3,"DM","M1",0.455571917632437
"Aber-2015|Aber-2016|Brau-2014",3,"C",18,6,36,72,3,"DM","M1",0.531511330576908
"Aber-2015|Aber-2016|Brau-2015",3,"C",18,6,36,72,3,"DM","M1",0.481635526375362
"Aber-2015|Aber-2016|Brau-2016",3,"C",18,6,36,72,3,"DM","M1",0.53403938797086
"Aber-2015|Brau-2014|Brau-2015",3,"C",18,6,36,72,3,"DM","M1",0.547628261325705
"Aber-2015|Brau-2014|Brau-2016",3,"C",18,6,36,72,3,"DM","M1",0.441576630499208
"Aber-2015|Brau-2015|Brau-2016",3,"C",18,6,36,72,3,"DM","M1",0.274659045479148
"Aber-2016|Brau-2014|Brau-2015",3,"C",18,6,36,72,3,"DM","M1",0.515332438527249
"Aber-2016|Brau-2014|Brau-2016",3,"C",18,6,36,72,3,"DM","M1",0.431002130663502
"Aber-2016|Brau-2015|Brau-2016",3,"C",18,6,36,72,3,"DM","M1",0.469462705040068
"Brau-2014|Brau-2015|Brau-2016",3,"C",18,6,36,72,3,"DM","M1",0.506481445896265
"Aber-2015|Aber-2016|Brau-2014",3,"D",27,3,36,90,3,"DM","M1",0.400198006326008
"Aber-2015|Aber-2016|Brau-2015",3,"D",27,3,36,90,3,"DM","M1",0.593672384965937
"Aber-2015|Aber-2016|Brau-2016",3,"D",27,3,36,90,3,"DM","M1",0.52536067127022
"Aber-2015|Brau-2014|Brau-2015",3,"D",27,3,36,90,3,"DM","M1",0.554992229609123
"Aber-2015|Brau-2014|Brau-2016",3,"D",27,3,36,90,3,"DM","M1",0.50690452963547
"Aber-2015|Brau-2015|Brau-2016",3,"D",27,3,36,90,3,"DM","M1",0.533346036094703
"Aber-2016|Brau-2014|Brau-2015",3,"D",27,3,36,90,3,"DM","M1",0.448217834509561
"Aber-2016|Brau-2014|Brau-2016",3,"D",27,3,36,90,3,"DM","M1",0.435997675443356
"Aber-2016|Brau-2015|Brau-2016",3,"D",27,3,36,90,3,"DM","M1",0.406080160031525
"Brau-2014|Brau-2015|Brau-2016",3,"D",27,3,36,90,3,"DM","M1",0.473787887453559
"Aber-2015|Aber-2016|Brau-2014",3,"E",36,0,36,108,3,"DM","M1",0.45216658953543
"Aber-2015|Aber-2016|Brau-2015",3,"E",36,0,36,108,3,"DM","M1",0.50135756217414
"Aber-2015|Aber-2016|Brau-2016",3,"E",36,0,36,108,3,"DM","M1",0.494894513964325
"Aber-2015|Brau-2014|Brau-2015",3,"E",36,0,36,108,3,"DM","M1",0.504214256928249
"Aber-2015|Brau-2014|Brau-2016",3,"E",36,0,36,108,3,"DM","M1",0.363307201487447
"Aber-2015|Brau-2015|Brau-2016",3,"E",36,0,36,108,3,"DM","M1",0.431979527273547
"Aber-2016|Brau-2014|Brau-2015",3,"E",36,0,36,108,3,"DM","M1",0.413576897031589
"Aber-2016|Brau-2014|Brau-2016",3,"E",36,0,36,108,3,"DM","M1",0.471773979941617
"Aber-2016|Brau-2015|Brau-2016",3,"E",36,0,36,108,3,"DM","M1",0.44466612415888
"Brau-2014|Brau-2015|Brau-2016",3,"E",36,0,36,108,3,"DM","M1",0.427332487560355
"Aber-2015|Aber-2016|Brau-2014",3,"A",0,12,36,36,4,"DM","M1",0.416344065059263
"Aber-2015|Aber-2016|Brau-2015",3,"A",0,12,36,36,4,"DM","M1",0.506240141311855
"Aber-2015|Aber-2016|Brau-2016",3,"A",0,12,36,36,4,"DM","M1",0.49211328011131
"Aber-2015|Brau-2014|Brau-2015",3,"A",0,12,36,36,4,"DM","M1",0.38943077772548
"Aber-2015|Brau-2014|Brau-2016",3,"A",0,12,36,36,4,"DM","M1",0.488143812463783
"Aber-2015|Brau-2015|Brau-2016",3,"A",0,12,36,36,4,"DM","M1",0.502344611369002
"Aber-2016|Brau-2014|Brau-2015",3,"A",0,12,36,36,4,"DM","M1",0.473618085395936
"Aber-2016|Brau-2014|Brau-2016",3,"A",0,12,36,36,4,"DM","M1",0.36908787738671
"Aber-2016|Brau-2015|Brau-2016",3,"A",0,12,36,36,4,"DM","M1",0.493162240650254
"Brau-2014|Brau-2015|Brau-2016",3,"A",0,12,36,36,4,"DM","M1",0.441988526611534
"Aber-2015|Aber-2016|Brau-2014",3,"B",9,9,36,54,4,"DM","M1",0.512232245462727
"Aber-2015|Aber-2016|Brau-2015",3,"B",9,9,36,54,4,"DM","M1",0.535379342797828
"Aber-2015|Aber-2016|Brau-2016",3,"B",9,9,36,54,4,"DM","M1",0.517316459606966
"Aber-2015|Brau-2014|Brau-2015",3,"B",9,9,36,54,4,"DM","M1",0.447528148350094
"Aber-2015|Brau-2014|Brau-2016",3,"B",9,9,36,54,4,"DM","M1",0.476085753538122
"Aber-2015|Brau-2015|Brau-2016",3,"B",9,9,36,54,4,"DM","M1",0.403118273491062
"Aber-2016|Brau-2014|Brau-2015",3,"B",9,9,36,54,4,"DM","M1",0.283723055043741
"Aber-2016|Brau-2014|Brau-2016",3,"B",9,9,36,54,4,"DM","M1",0.467303128110991
"Aber-2016|Brau-2015|Brau-2016",3,"B",9,9,36,54,4,"DM","M1",0.43251640095856
"Brau-2014|Brau-2015|Brau-2016",3,"B",9,9,36,54,4,"DM","M1",0.519316864174973
"Aber-2015|Aber-2016|Brau-2014",3,"C",18,6,36,72,4,"DM","M1",0.41847315299524
"Aber-2015|Aber-2016|Brau-2015",3,"C",18,6,36,72,4,"DM","M1",0.496605036133018
"Aber-2015|Aber-2016|Brau-2016",3,"C",18,6,36,72,4,"DM","M1",0.447656207279275
"Aber-2015|Brau-2014|Brau-2015",3,"C",18,6,36,72,4,"DM","M1",0.538743047830424
"Aber-2015|Brau-2014|Brau-2016",3,"C",18,6,36,72,4,"DM","M1",0.541715529168021
"Aber-2015|Brau-2015|Brau-2016",3,"C",18,6,36,72,4,"DM","M1",0.360741465610468
"Aber-2016|Brau-2014|Brau-2015",3,"C",18,6,36,72,4,"DM","M1",0.471134610740802
"Aber-2016|Brau-2014|Brau-2016",3,"C",18,6,36,72,4,"DM","M1",0.385619568952802
"Aber-2016|Brau-2015|Brau-2016",3,"C",18,6,36,72,4,"DM","M1",0.310262512767555
"Brau-2014|Brau-2015|Brau-2016",3,"C",18,6,36,72,4,"DM","M1",0.48031670674135
"Aber-2015|Aber-2016|Brau-2014",3,"D",27,3,36,90,4,"DM","M1",0.508627835486257
"Aber-2015|Aber-2016|Brau-2015",3,"D",27,3,36,90,4,"DM","M1",0.477942859686963
"Aber-2015|Aber-2016|Brau-2016",3,"D",27,3,36,90,4,"DM","M1",0.459995127570754
"Aber-2015|Brau-2014|Brau-2015",3,"D",27,3,36,90,4,"DM","M1",0.530549385654089
"Aber-2015|Brau-2014|Brau-2016",3,"D",27,3,36,90,4,"DM","M1",0.430161280484098
"Aber-2015|Brau-2015|Brau-2016",3,"D",27,3,36,90,4,"DM","M1",0.51294003407854
"Aber-2016|Brau-2014|Brau-2015",3,"D",27,3,36,90,4,"DM","M1",0.471018336858693
"Aber-2016|Brau-2014|Brau-2016",3,"D",27,3,36,90,4,"DM","M1",0.46669214477217
"Aber-2016|Brau-2015|Brau-2016",3,"D",27,3,36,90,4,"DM","M1",0.271579573239967
"Brau-2014|Brau-2015|Brau-2016",3,"D",27,3,36,90,4,"DM","M1",0.391200085465749
"Aber-2015|Aber-2016|Brau-2014",3,"E",36,0,36,108,4,"DM","M1",0.477081682993512
"Aber-2015|Aber-2016|Brau-2015",3,"E",36,0,36,108,4,"DM","M1",0.490237751915905
"Aber-2015|Aber-2016|Brau-2016",3,"E",36,0,36,108,4,"DM","M1",0.513002830101631
"Aber-2015|Brau-2014|Brau-2015",3,"E",36,0,36,108,4,"DM","M1",0.571178396592217
"Aber-2015|Brau-2014|Brau-2016",3,"E",36,0,36,108,4,"DM","M1",0.360630509298414
"Aber-2015|Brau-2015|Brau-2016",3,"E",36,0,36,108,4,"DM","M1",0.44127833501304
"Aber-2016|Brau-2014|Brau-2015",3,"E",36,0,36,108,4,"DM","M1",0.503221789859509
"Aber-2016|Brau-2014|Brau-2016",3,"E",36,0,36,108,4,"DM","M1",0.37770027342153
"Aber-2016|Brau-2015|Brau-2016",3,"E",36,0,36,108,4,"DM","M1",0.464611319260173
"Brau-2014|Brau-2015|Brau-2016",3,"E",36,0,36,108,4,"DM","M1",0.482160853582283
"Aber-2015|Aber-2016|Brau-2014",3,"A",0,12,36,36,5,"DM","M1",0.372941461718929
"Aber-2015|Aber-2016|Brau-2015",3,"A",0,12,36,36,5,"DM","M1",0.573833698592452
"Aber-2015|Aber-2016|Brau-2016",3,"A",0,12,36,36,5,"DM","M1",0.453209071797464
"Aber-2015|Brau-2014|Brau-2015",3,"A",0,12,36,36,5,"DM","M1",0.451747700221861
"Aber-2015|Brau-2014|Brau-2016",3,"A",0,12,36,36,5,"DM","M1",0.428180081774581
"Aber-2015|Brau-2015|Brau-2016",3,"A",0,12,36,36,5,"DM","M1",0.52123919390083
"Aber-2016|Brau-2014|Brau-2015",3,"A",0,12,36,36,5,"DM","M1",0.484682875479013
"Aber-2016|Brau-2014|Brau-2016",3,"A",0,12,36,36,5,"DM","M1",0.476163936250162
"Aber-2016|Brau-2015|Brau-2016",3,"A",0,12,36,36,5,"DM","M1",0.519115921052932
"Brau-2014|Brau-2015|Brau-2016",3,"A",0,12,36,36,5,"DM","M1",0.491042454295544
"Aber-2015|Aber-2016|Brau-2014",3,"B",9,9,36,54,5,"DM","M1",0.239025378660911
"Aber-2015|Aber-2016|Brau-2015",3,"B",9,9,36,54,5,"DM","M1",0.47546650511999
"Aber-2015|Aber-2016|Brau-2016",3,"B",9,9,36,54,5,"DM","M1",0.463142880072777
"Aber-2015|Brau-2014|Brau-2015",3,"B",9,9,36,54,5,"DM","M1",0.519653104016289
"Aber-2015|Brau-2014|Brau-2016",3,"B",9,9,36,54,5,"DM","M1",0.446185555890512
"Aber-2015|Brau-2015|Brau-2016",3,"B",9,9,36,54,5,"DM","M1",0.373887441465931
"Aber-2016|Brau-2014|Brau-2015",3,"B",9,9,36,54,5,"DM","M1",0.463493996383224
"Aber-2016|Brau-2014|Brau-2016",3,"B",9,9,36,54,5,"DM","M1",0.468974194480844
"Aber-2016|Brau-2015|Brau-2016",3,"B",9,9,36,54,5,"DM","M1",0.469056653241062
"Brau-2014|Brau-2015|Brau-2016",3,"B",9,9,36,54,5,"DM","M1",0.455824641002477
"Aber-2015|Aber-2016|Brau-2014",3,"C",18,6,36,72,5,"DM","M1",0.484134985660255
"Aber-2015|Aber-2016|Brau-2015",3,"C",18,6,36,72,5,"DM","M1",0.509017909737086
"Aber-2015|Aber-2016|Brau-2016",3,"C",18,6,36,72,5,"DM","M1",0.463751495109728
"Aber-2015|Brau-2014|Brau-2015",3,"C",18,6,36,72,5,"DM","M1",0.509206698617476
"Aber-2015|Brau-2014|Brau-2016",3,"C",18,6,36,72,5,"DM","M1",0.416262961194543
"Aber-2015|Brau-2015|Brau-2016",3,"C",18,6,36,72,5,"DM","M1",0.469039823709025
"Aber-2016|Brau-2014|Brau-2015",3,"C",18,6,36,72,5,"DM","M1",0.47527003458901
"Aber-2016|Brau-2014|Brau-2016",3,"C",18,6,36,72,5,"DM","M1",0.411273371996188
"Aber-2016|Brau-2015|Brau-2016",3,"C",18,6,36,72,5,"DM","M1",0.456233054368049
"Brau-2014|Brau-2015|Brau-2016",3,"C",18,6,36,72,5,"DM","M1",0.500732184692554
"Aber-2015|Aber-2016|Brau-2014",3,"D",27,3,36,90,5,"DM","M1",0.510943669135702
"Aber-2015|Aber-2016|Brau-2015",3,"D",27,3,36,90,5,"DM","M1",0.474491505456598
"Aber-2015|Aber-2016|Brau-2016",3,"D",27,3,36,90,5,"DM","M1",0.514357036888899
"Aber-2015|Brau-2014|Brau-2015",3,"D",27,3,36,90,5,"DM","M1",0.541702110137214
"Aber-2015|Brau-2014|Brau-2016",3,"D",27,3,36,90,5,"DM","M1",0.495953401457374
"Aber-2015|Brau-2015|Brau-2016",3,"D",27,3,36,90,5,"DM","M1",0.50855157367153
"Aber-2016|Brau-2014|Brau-2015",3,"D",27,3,36,90,5,"DM","M1",0.474520139693569
"Aber-2016|Brau-2014|Brau-2016",3,"D",27,3,36,90,5,"DM","M1",0.440862794171211
"Aber-2016|Brau-2015|Brau-2016",3,"D",27,3,36,90,5,"DM","M1",0.305219036651527
"Brau-2014|Brau-2015|Brau-2016",3,"D",27,3,36,90,5,"DM","M1",0.292983444119044
"Aber-2015|Aber-2016|Brau-2014",3,"E",36,0,36,108,5,"DM","M1",0.48742849963237
"Aber-2015|Aber-2016|Brau-2015",3,"E",36,0,36,108,5,"DM","M1",0.510054993467939
"Aber-2015|Aber-2016|Brau-2016",3,"E",36,0,36,108,5,"DM","M1",0.45164231386537
"Aber-2015|Brau-2014|Brau-2015",3,"E",36,0,36,108,5,"DM","M1",0.551052213814999
"Aber-2015|Brau-2014|Brau-2016",3,"E",36,0,36,108,5,"DM","M1",0.539869403940621
"Aber-2015|Brau-2015|Brau-2016",3,"E",36,0,36,108,5,"DM","M1",0.472910877459507
"Aber-2016|Brau-2014|Brau-2015",3,"E",36,0,36,108,5,"DM","M1",0.513564389376684
"Aber-2016|Brau-2014|Brau-2016",3,"E",36,0,36,108,5,"DM","M1",0.411290174541343
"Aber-2016|Brau-2015|Brau-2016",3,"E",36,0,36,108,5,"DM","M1",0.489254389000121
"Brau-2014|Brau-2015|Brau-2016",3,"E",36,0,36,108,5,"DM","M1",0.484246337610558
"Aber-2015|Aber-2016|Brau-2014",3,"A",0,12,36,36,1,"FW","M1",0.500563288127793
"Aber-2015|Aber-2016|Brau-2015",3,"A",0,12,36,36,1,"FW","M1",0.448606270011538
"Aber-2015|Aber-2016|Brau-2016",3,"A",0,12,36,36,1,"FW","M1",0.305115207326973
"Aber-2015|Brau-2014|Brau-2015",3,"A",0,12,36,36,1,"FW","M1",0.259760759687467
"Aber-2015|Brau-2014|Brau-2016",3,"A",0,12,36,36,1,"FW","M1",0.364950335679705
"Aber-2015|Brau-2015|Brau-2016",3,"A",0,12,36,36,1,"FW","M1",0.477476279778888
"Aber-2016|Brau-2014|Brau-2015",3,"A",0,12,36,36,1,"FW","M1",0.468328464804374
"Aber-2016|Brau-2014|Brau-2016",3,"A",0,12,36,36,1,"FW","M1",0.38078028594174
"Aber-2016|Brau-2015|Brau-2016",3,"A",0,12,36,36,1,"FW","M1",0.419088762260569
"Brau-2014|Brau-2015|Brau-2016",3,"A",0,12,36,36,1,"FW","M1",0.45065241698493
"Aber-2015|Aber-2016|Brau-2014",3,"B",9,9,36,54,1,"FW","M1",0.501451389943231
"Aber-2015|Aber-2016|Brau-2015",3,"B",9,9,36,54,1,"FW","M1",0.498399115883766
"Aber-2015|Aber-2016|Brau-2016",3,"B",9,9,36,54,1,"FW","M1",0.434458680493889
"Aber-2015|Brau-2014|Brau-2015",3,"B",9,9,36,54,1,"FW","M1",0.50077844301899
"Aber-2015|Brau-2014|Brau-2016",3,"B",9,9,36,54,1,"FW","M1",0.398970874440432
"Aber-2015|Brau-2015|Brau-2016",3,"B",9,9,36,54,1,"FW","M1",0.227633368188821
"Aber-2016|Brau-2014|Brau-2015",3,"B",9,9,36,54,1,"FW","M1",0.46285358591025
"Aber-2016|Brau-2014|Brau-2016",3,"B",9,9,36,54,1,"FW","M1",0.443897623049465
"Aber-2016|Brau-2015|Brau-2016",3,"B",9,9,36,54,1,"FW","M1",0.415596012562417
"Brau-2014|Brau-2015|Brau-2016",3,"B",9,9,36,54,1,"FW","M1",0.53835834753651
"Aber-2015|Aber-2016|Brau-2014",3,"C",18,6,36,72,1,"FW","M1",0.486346775593694
"Aber-2015|Aber-2016|Brau-2015",3,"C",18,6,36,72,1,"FW","M1",0.478542493071067
"Aber-2015|Aber-2016|Brau-2016",3,"C",18,6,36,72,1,"FW","M1",0.470703025026667
"Aber-2015|Brau-2014|Brau-2015",3,"C",18,6,36,72,1,"FW","M1",0.489232763223773
"Aber-2015|Brau-2014|Brau-2016",3,"C",18,6,36,72,1,"FW","M1",0.312936966076676
"Aber-2015|Brau-2015|Brau-2016",3,"C",18,6,36,72,1,"FW","M1",0.514754154247406
"Aber-2016|Brau-2014|Brau-2015",3,"C",18,6,36,72,1,"FW","M1",0.459197705463922
"Aber-2016|Brau-2014|Brau-2016",3,"C",18,6,36,72,1,"FW","M1",0.420940057070422
"Aber-2016|Brau-2015|Brau-2016",3,"C",18,6,36,72,1,"FW","M1",0.378934213336148
"Brau-2014|Brau-2015|Brau-2016",3,"C",18,6,36,72,1,"FW","M1",0.440226586478293
"Aber-2015|Aber-2016|Brau-2014",3,"D",27,3,36,90,1,"FW","M1",0.486370739618414
"Aber-2015|Aber-2016|Brau-2015",3,"D",27,3,36,90,1,"FW","M1",0.490890770538623
"Aber-2015|Aber-2016|Brau-2016",3,"D",27,3,36,90,1,"FW","M1",0.333604252201342
"Aber-2015|Brau-2014|Brau-2015",3,"D",27,3,36,90,1,"FW","M1",0.533641673630442
"Aber-2015|Brau-2014|Brau-2016",3,"D",27,3,36,90,1,"FW","M1",0.464083995352308
"Aber-2015|Brau-2015|Brau-2016",3,"D",27,3,36,90,1,"FW","M1",0.47995651454036
"Aber-2016|Brau-2014|Brau-2015",3,"D",27,3,36,90,1,"FW","M1",0.423669873886948
"Aber-2016|Brau-2014|Brau-2016",3,"D",27,3,36,90,1,"FW","M1",0.486762840417272
"Aber-2016|Brau-2015|Brau-2016",3,"D",27,3,36,90,1,"FW","M1",0.318136597872469
"Brau-2014|Brau-2015|Brau-2016",3,"D",27,3,36,90,1,"FW","M1",0.461835491130271
"Aber-2015|Aber-2016|Brau-2014",3,"E",36,0,36,108,1,"FW","M1",0.306498942754404
"Aber-2015|Aber-2016|Brau-2015",3,"E",36,0,36,108,1,"FW","M1",0.502123714223674
"Aber-2015|Aber-2016|Brau-2016",3,"E",36,0,36,108,1,"FW","M1",0.397623750803606
"Aber-2015|Brau-2014|Brau-2015",3,"E",36,0,36,108,1,"FW","M1",0.527058435485068
"Aber-2015|Brau-2014|Brau-2016",3,"E",36,0,36,108,1,"FW","M1",0.441409990491348
"Aber-2015|Brau-2015|Brau-2016",3,"E",36,0,36,108,1,"FW","M1",0.437408065779013
"Aber-2016|Brau-2014|Brau-2015",3,"E",36,0,36,108,1,"FW","M1",0.440300156590845
"Aber-2016|Brau-2014|Brau-2016",3,"E",36,0,36,108,1,"FW","M1",0.37849931589294
"Aber-2016|Brau-2015|Brau-2016",3,"E",36,0,36,108,1,"FW","M1",0.369078416786912
"Brau-2014|Brau-2015|Brau-2016",3,"E",36,0,36,108,1,"FW","M1",0.47887456691874
"Aber-2015|Aber-2016|Brau-2014",3,"A",0,12,36,36,2,"FW","M1",0.425646165238592
"Aber-2015|Aber-2016|Brau-2015",3,"A",0,12,36,36,2,"FW","M1",0.479539634151168
"Aber-2015|Aber-2016|Brau-2016",3,"A",0,12,36,36,2,"FW","M1",0.193850828078391
"Aber-2015|Brau-2014|Brau-2015",3,"A",0,12,36,36,2,"FW","M1",0.158910324150917
"Aber-2015|Brau-2014|Brau-2016",3,"A",0,12,36,36,2,"FW","M1",0.0379559663625723
"Aber-2015|Brau-2015|Brau-2016",3,"A",0,12,36,36,2,"FW","M1",0.536847230228778
"Aber-2016|Brau-2014|Brau-2015",3,"A",0,12,36,36,2,"FW","M1",0.510710564918395
"Aber-2016|Brau-2014|Brau-2016",3,"A",0,12,36,36,2,"FW","M1",0.211932280433308
"Aber-2016|Brau-2015|Brau-2016",3,"A",0,12,36,36,2,"FW","M1",0.320165901522184
"Brau-2014|Brau-2015|Brau-2016",3,"A",0,12,36,36,2,"FW","M1",0.439418894293451
"Aber-2015|Aber-2016|Brau-2014",3,"B",9,9,36,54,2,"FW","M1",0.488059970243563
"Aber-2015|Aber-2016|Brau-2015",3,"B",9,9,36,54,2,"FW","M1",0.509391077269169
"Aber-2015|Aber-2016|Brau-2016",3,"B",9,9,36,54,2,"FW","M1",0.461766664561038
"Aber-2015|Brau-2014|Brau-2015",3,"B",9,9,36,54,2,"FW","M1",0.507535820372049
"Aber-2015|Brau-2014|Brau-2016",3,"B",9,9,36,54,2,"FW","M1",0.491777807112492
"Aber-2015|Brau-2015|Brau-2016",3,"B",9,9,36,54,2,"FW","M1",0.387876732562252
"Aber-2016|Brau-2014|Brau-2015",3,"B",9,9,36,54,2,"FW","M1",0.483591302981933
"Aber-2016|Brau-2014|Brau-2016",3,"B",9,9,36,54,2,"FW","M1",0.345586459654625
"Aber-2016|Brau-2015|Brau-2016",3,"B",9,9,36,54,2,"FW","M1",0.361649477047341
"Brau-2014|Brau-2015|Brau-2016",3,"B",9,9,36,54,2,"FW","M1",0.459871169594807
"Aber-2015|Aber-2016|Brau-2014",3,"C",18,6,36,72,2,"FW","M1",0.455942165510712
"Aber-2015|Aber-2016|Brau-2015",3,"C",18,6,36,72,2,"FW","M1",0.484811390157944
"Aber-2015|Aber-2016|Brau-2016",3,"C",18,6,36,72,2,"FW","M1",0.351217286169417
"Aber-2015|Brau-2014|Brau-2015",3,"C",18,6,36,72,2,"FW","M1",0.495369448334208
"Aber-2015|Brau-2014|Brau-2016",3,"C",18,6,36,72,2,"FW","M1",0.494273742060664
"Aber-2015|Brau-2015|Brau-2016",3,"C",18,6,36,72,2,"FW","M1",0.534951523158568
"Aber-2016|Brau-2014|Brau-2015",3,"C",18,6,36,72,2,"FW","M1",0.311143172476309
"Aber-2016|Brau-2014|Brau-2016",3,"C",18,6,36,72,2,"FW","M1",0.337840256471172
"Aber-2016|Brau-2015|Brau-2016",3,"C",18,6,36,72,2,"FW","M1",0.388300466784511
"Brau-2014|Brau-2015|Brau-2016",3,"C",18,6,36,72,2,"FW","M1",0.401438198017819
"Aber-2015|Aber-2016|Brau-2014",3,"D",27,3,36,90,2,"FW","M1",0.444755442850971
"Aber-2015|Aber-2016|Brau-2015",3,"D",27,3,36,90,2,"FW","M1",0.391931051108213
"Aber-2015|Aber-2016|Brau-2016",3,"D",27,3,36,90,2,"FW","M1",0.461006892829791
"Aber-2015|Brau-2014|Brau-2015",3,"D",27,3,36,90,2,"FW","M1",0.482259233921424
"Aber-2015|Brau-2014|Brau-2016",3,"D",27,3,36,90,2,"FW","M1",0.407650221582783
"Aber-2015|Brau-2015|Brau-2016",3,"D",27,3,36,90,2,"FW","M1",0.496122261437376
"Aber-2016|Brau-2014|Brau-2015",3,"D",27,3,36,90,2,"FW","M1",0.352183055831721
"Aber-2016|Brau-2014|Brau-2016",3,"D",27,3,36,90,2,"FW","M1",0.438418944335523
"Aber-2016|Brau-2015|Brau-2016",3,"D",27,3,36,90,2,"FW","M1",0.402034047044821
"Brau-2014|Brau-2015|Brau-2016",3,"D",27,3,36,90,2,"FW","M1",0.494638570218036
"Aber-2015|Aber-2016|Brau-2014",3,"E",36,0,36,108,2,"FW","M1",0.380227583455209
"Aber-2015|Aber-2016|Brau-2015",3,"E",36,0,36,108,2,"FW","M1",0.468114384865849
"Aber-2015|Aber-2016|Brau-2016",3,"E",36,0,36,108,2,"FW","M1",0.448293091672516
"Aber-2015|Brau-2014|Brau-2015",3,"E",36,0,36,108,2,"FW","M1",0.510428649188753
"Aber-2015|Brau-2014|Brau-2016",3,"E",36,0,36,108,2,"FW","M1",0.476420393395078
"Aber-2015|Brau-2015|Brau-2016",3,"E",36,0,36,108,2,"FW","M1",0.529181266377977
"Aber-2016|Brau-2014|Brau-2015",3,"E",36,0,36,108,2,"FW","M1",0.493131682844752
"Aber-2016|Brau-2014|Brau-2016",3,"E",36,0,36,108,2,"FW","M1",0.41425723118186
"Aber-2016|Brau-2015|Brau-2016",3,"E",36,0,36,108,2,"FW","M1",0.431804203638041
"Brau-2014|Brau-2015|Brau-2016",3,"E",36,0,36,108,2,"FW","M1",0.434733371846605
"Aber-2015|Aber-2016|Brau-2014",3,"A",0,12,36,36,3,"FW","M1",0.403401219839946
"Aber-2015|Aber-2016|Brau-2015",3,"A",0,12,36,36,3,"FW","M1",0.525740319353894
"Aber-2015|Aber-2016|Brau-2016",3,"A",0,12,36,36,3,"FW","M1",0.47587702533146
"Aber-2015|Brau-2014|Brau-2015",3,"A",0,12,36,36,3,"FW","M1",0.508420870231737
"Aber-2015|Brau-2014|Brau-2016",3,"A",0,12,36,36,3,"FW","M1",0.460603318405424
"Aber-2015|Brau-2015|Brau-2016",3,"A",0,12,36,36,3,"FW","M1",0.425000824656695
"Aber-2016|Brau-2014|Brau-2015",3,"A",0,12,36,36,3,"FW","M1",0.340588055536674
"Aber-2016|Brau-2014|Brau-2016",3,"A",0,12,36,36,3,"FW","M1",0.464972064551639
"Aber-2016|Brau-2015|Brau-2016",3,"A",0,12,36,36,3,"FW","M1",0.492257768353002
"Brau-2014|Brau-2015|Brau-2016",3,"A",0,12,36,36,3,"FW","M1",0.480715384034712
"Aber-2015|Aber-2016|Brau-2014",3,"B",9,9,36,54,3,"FW","M1",0.36850157300143
"Aber-2015|Aber-2016|Brau-2015",3,"B",9,9,36,54,3,"FW","M1",0.40412430376895
"Aber-2015|Aber-2016|Brau-2016",3,"B",9,9,36,54,3,"FW","M1",0.309721230919427
"Aber-2015|Brau-2014|Brau-2015",3,"B",9,9,36,54,3,"FW","M1",0.505329296113863
"Aber-2015|Brau-2014|Brau-2016",3,"B",9,9,36,54,3,"FW","M1",0.209239614725563
"Aber-2015|Brau-2015|Brau-2016",3,"B",9,9,36,54,3,"FW","M1",0.487227280210795
"Aber-2016|Brau-2014|Brau-2015",3,"B",9,9,36,54,3,"FW","M1",0.453035198872396
"Aber-2016|Brau-2014|Brau-2016",3,"B",9,9,36,54,3,"FW","M1",0.414470080501732
"Aber-2016|Brau-2015|Brau-2016",3,"B",9,9,36,54,3,"FW","M1",0.411120701844533
"Brau-2014|Brau-2015|Brau-2016",3,"B",9,9,36,54,3,"FW","M1",0.410758007313156
"Aber-2015|Aber-2016|Brau-2014",3,"C",18,6,36,72,3,"FW","M1",0.511339797558627
"Aber-2015|Aber-2016|Brau-2015",3,"C",18,6,36,72,3,"FW","M1",0.47311364292668
"Aber-2015|Aber-2016|Brau-2016",3,"C",18,6,36,72,3,"FW","M1",0.523173099896632
"Aber-2015|Brau-2014|Brau-2015",3,"C",18,6,36,72,3,"FW","M1",0.509294183192134
"Aber-2015|Brau-2014|Brau-2016",3,"C",18,6,36,72,3,"FW","M1",0.394870277396182
"Aber-2015|Brau-2015|Brau-2016",3,"C",18,6,36,72,3,"FW","M1",0.280870196587146
"Aber-2016|Brau-2014|Brau-2015",3,"C",18,6,36,72,3,"FW","M1",0.450494614166025
"Aber-2016|Brau-2014|Brau-2016",3,"C",18,6,36,72,3,"FW","M1",0.312368419310828
"Aber-2016|Brau-2015|Brau-2016",3,"C",18,6,36,72,3,"FW","M1",0.430743085737612
"Brau-2014|Brau-2015|Brau-2016",3,"C",18,6,36,72,3,"FW","M1",0.484206077536668
"Aber-2015|Aber-2016|Brau-2014",3,"D",27,3,36,90,3,"FW","M1",0.364048095686722
"Aber-2015|Aber-2016|Brau-2015",3,"D",27,3,36,90,3,"FW","M1",0.593296726698298
"Aber-2015|Aber-2016|Brau-2016",3,"D",27,3,36,90,3,"FW","M1",0.479623450354017
"Aber-2015|Brau-2014|Brau-2015",3,"D",27,3,36,90,3,"FW","M1",0.521602909509555
"Aber-2015|Brau-2014|Brau-2016",3,"D",27,3,36,90,3,"FW","M1",0.468069471551848
"Aber-2015|Brau-2015|Brau-2016",3,"D",27,3,36,90,3,"FW","M1",0.512828941467094
"Aber-2016|Brau-2014|Brau-2015",3,"D",27,3,36,90,3,"FW","M1",0.417940140215734
"Aber-2016|Brau-2014|Brau-2016",3,"D",27,3,36,90,3,"FW","M1",0.420169251137064
"Aber-2016|Brau-2015|Brau-2016",3,"D",27,3,36,90,3,"FW","M1",0.359379111838253
"Brau-2014|Brau-2015|Brau-2016",3,"D",27,3,36,90,3,"FW","M1",0.460385541334118
"Aber-2015|Aber-2016|Brau-2014",3,"E",36,0,36,108,3,"FW","M1",0.432625410259919
"Aber-2015|Aber-2016|Brau-2015",3,"E",36,0,36,108,3,"FW","M1",0.467508473983862
"Aber-2015|Aber-2016|Brau-2016",3,"E",36,0,36,108,3,"FW","M1",0.458919713567457
"Aber-2015|Brau-2014|Brau-2015",3,"E",36,0,36,108,3,"FW","M1",0.4751186928969
"Aber-2015|Brau-2014|Brau-2016",3,"E",36,0,36,108,3,"FW","M1",0.175783909660829
"Aber-2015|Brau-2015|Brau-2016",3,"E",36,0,36,108,3,"FW","M1",0.360994594048051
"Aber-2016|Brau-2014|Brau-2015",3,"E",36,0,36,108,3,"FW","M1",0.308463960989738
"Aber-2016|Brau-2014|Brau-2016",3,"E",36,0,36,108,3,"FW","M1",0.437690399708859
"Aber-2016|Brau-2015|Brau-2016",3,"E",36,0,36,108,3,"FW","M1",0.426970654717809
"Brau-2014|Brau-2015|Brau-2016",3,"E",36,0,36,108,3,"FW","M1",0.394478582599788
"Aber-2015|Aber-2016|Brau-2014",3,"A",0,12,36,36,4,"FW","M1",0.411233570667893
"Aber-2015|Aber-2016|Brau-2015",3,"A",0,12,36,36,4,"FW","M1",0.501033638750375
"Aber-2015|Aber-2016|Brau-2016",3,"A",0,12,36,36,4,"FW","M1",0.460805014639099
"Aber-2015|Brau-2014|Brau-2015",3,"A",0,12,36,36,4,"FW","M1",0.35409940909148
"Aber-2015|Brau-2014|Brau-2016",3,"A",0,12,36,36,4,"FW","M1",0.434925936945922
"Aber-2015|Brau-2015|Brau-2016",3,"A",0,12,36,36,4,"FW","M1",0.444935617471982
"Aber-2016|Brau-2014|Brau-2015",3,"A",0,12,36,36,4,"FW","M1",0.443541044672296
"Aber-2016|Brau-2014|Brau-2016",3,"A",0,12,36,36,4,"FW","M1",0.33582563256474
"Aber-2016|Brau-2015|Brau-2016",3,"A",0,12,36,36,4,"FW","M1",0.45985185181609
"Brau-2014|Brau-2015|Brau-2016",3,"A",0,12,36,36,4,"FW","M1",0.426120189652992
"Aber-2015|Aber-2016|Brau-2014",3,"B",9,9,36,54,4,"FW","M1",0.493743749444598
"Aber-2015|Aber-2016|Brau-2015",3,"B",9,9,36,54,4,"FW","M1",0.554458835303271
"Aber-2015|Aber-2016|Brau-2016",3,"B",9,9,36,54,4,"FW","M1",0.482600908182271
"Aber-2015|Brau-2014|Brau-2015",3,"B",9,9,36,54,4,"FW","M1",0.40143030239045
"Aber-2015|Brau-2014|Brau-2016",3,"B",9,9,36,54,4,"FW","M1",0.439653900408697
"Aber-2015|Brau-2015|Brau-2016",3,"B",9,9,36,54,4,"FW","M1",0.402629036575038
"Aber-2016|Brau-2014|Brau-2015",3,"B",9,9,36,54,4,"FW","M1",0.187911282514915
"Aber-2016|Brau-2014|Brau-2016",3,"B",9,9,36,54,4,"FW","M1",0.447468551388012
"Aber-2016|Brau-2015|Brau-2016",3,"B",9,9,36,54,4,"FW","M1",0.388059257351076
"Brau-2014|Brau-2015|Brau-2016",3,"B",9,9,36,54,4,"FW","M1",0.509399526546703
"Aber-2015|Aber-2016|Brau-2014",3,"C",18,6,36,72,4,"FW","M1",0.338427215627381
"Aber-2015|Aber-2016|Brau-2015",3,"C",18,6,36,72,4,"FW","M1",0.459863218816121
"Aber-2015|Aber-2016|Brau-2016",3,"C",18,6,36,72,4,"FW","M1",0.444746746183821
"Aber-2015|Brau-2014|Brau-2015",3,"C",18,6,36,72,4,"FW","M1",0.508917485122841
"Aber-2015|Brau-2014|Brau-2016",3,"C",18,6,36,72,4,"FW","M1",0.491301890476198
"Aber-2015|Brau-2015|Brau-2016",3,"C",18,6,36,72,4,"FW","M1",0.339811296239276
"Aber-2016|Brau-2014|Brau-2015",3,"C",18,6,36,72,4,"FW","M1",0.464486447625235
"Aber-2016|Brau-2014|Brau-2016",3,"C",18,6,36,72,4,"FW","M1",0.352413096899654
"Aber-2016|Brau-2015|Brau-2016",3,"C",18,6,36,72,4,"FW","M1",0.203465864713746
"Brau-2014|Brau-2015|Brau-2016",3,"C",18,6,36,72,4,"FW","M1",0.428508564624124
"Aber-2015|Aber-2016|Brau-2014",3,"D",27,3,36,90,4,"FW","M1",0.484830985596537
"Aber-2015|Aber-2016|Brau-2015",3,"D",27,3,36,90,4,"FW","M1",0.462528390520218
"Aber-2015|Aber-2016|Brau-2016",3,"D",27,3,36,90,4,"FW","M1",0.449521940646166
"Aber-2015|Brau-2014|Brau-2015",3,"D",27,3,36,90,4,"FW","M1",0.500103485284209
"Aber-2015|Brau-2014|Brau-2016",3,"D",27,3,36,90,4,"FW","M1",0.361431262217528
"Aber-2015|Brau-2015|Brau-2016",3,"D",27,3,36,90,4,"FW","M1",0.428107673749262
"Aber-2016|Brau-2014|Brau-2015",3,"D",27,3,36,90,4,"FW","M1",0.441171812202128
"Aber-2016|Brau-2014|Brau-2016",3,"D",27,3,36,90,4,"FW","M1",0.441784683237516
"Aber-2016|Brau-2015|Brau-2016",3,"D",27,3,36,90,4,"FW","M1",0.244852336292078
"Brau-2014|Brau-2015|Brau-2016",3,"D",27,3,36,90,4,"FW","M1",0.361342045270799
"Aber-2015|Aber-2016|Brau-2014",3,"E",36,0,36,108,4,"FW","M1",0.449093311216465
"Aber-2015|Aber-2016|Brau-2015",3,"E",36,0,36,108,4,"FW","M1",0.508889049435719
"Aber-2015|Aber-2016|Brau-2016",3,"E",36,0,36,108,4,"FW","M1",0.483415727962488
"Aber-2015|Brau-2014|Brau-2015",3,"E",36,0,36,108,4,"FW","M1",0.532232130364883
"Aber-2015|Brau-2014|Brau-2016",3,"E",36,0,36,108,4,"FW","M1",0.352155165712778
"Aber-2015|Brau-2015|Brau-2016",3,"E",36,0,36,108,4,"FW","M1",0.423094025051341
"Aber-2016|Brau-2014|Brau-2015",3,"E",36,0,36,108,4,"FW","M1",0.462943441150651
"Aber-2016|Brau-2014|Brau-2016",3,"E",36,0,36,108,4,"FW","M1",0.347135936363958
"Aber-2016|Brau-2015|Brau-2016",3,"E",36,0,36,108,4,"FW","M1",0.428510130612069
"Brau-2014|Brau-2015|Brau-2016",3,"E",36,0,36,108,4,"FW","M1",0.461551937002565
"Aber-2015|Aber-2016|Brau-2014",3,"A",0,12,36,36,5,"FW","M1",0.347625949358649
"Aber-2015|Aber-2016|Brau-2015",3,"A",0,12,36,36,5,"FW","M1",0.535196691029483
"Aber-2015|Aber-2016|Brau-2016",3,"A",0,12,36,36,5,"FW","M1",0.422745782731897
"Aber-2015|Brau-2014|Brau-2015",3,"A",0,12,36,36,5,"FW","M1",0.437147768024634
"Aber-2015|Brau-2014|Brau-2016",3,"A",0,12,36,36,5,"FW","M1",0.313659225628855
"Aber-2015|Brau-2015|Brau-2016",3,"A",0,12,36,36,5,"FW","M1",0.479904692049349
"Aber-2016|Brau-2014|Brau-2015",3,"A",0,12,36,36,5,"FW","M1",0.45498128809608
"Aber-2016|Brau-2014|Brau-2016",3,"A",0,12,36,36,5,"FW","M1",0.437977425413844
"Aber-2016|Brau-2015|Brau-2016",3,"A",0,12,36,36,5,"FW","M1",0.509937051260708
"Brau-2014|Brau-2015|Brau-2016",3,"A",0,12,36,36,5,"FW","M1",0.451318939798089
"Aber-2015|Aber-2016|Brau-2014",3,"B",9,9,36,54,5,"FW","M1",0.184931800833643
"Aber-2015|Aber-2016|Brau-2015",3,"B",9,9,36,54,5,"FW","M1",0.45662659683413
"Aber-2015|Aber-2016|Brau-2016",3,"B",9,9,36,54,5,"FW","M1",0.438049144401381
"Aber-2015|Brau-2014|Brau-2015",3,"B",9,9,36,54,5,"FW","M1",0.499202465969417
"Aber-2015|Brau-2014|Brau-2016",3,"B",9,9,36,54,5,"FW","M1",0.402655745056058
"Aber-2015|Brau-2015|Brau-2016",3,"B",9,9,36,54,5,"FW","M1",0.2410716702344
"Aber-2016|Brau-2014|Brau-2015",3,"B",9,9,36,54,5,"FW","M1",0.427328218672087
"Aber-2016|Brau-2014|Brau-2016",3,"B",9,9,36,54,5,"FW","M1",0.436252230063688
"Aber-2016|Brau-2015|Brau-2016",3,"B",9,9,36,54,5,"FW","M1",0.40859421821934
"Brau-2014|Brau-2015|Brau-2016",3,"B",9,9,36,54,5,"FW","M1",0.413585591704844
"Aber-2015|Aber-2016|Brau-2014",3,"C",18,6,36,72,5,"FW","M1",0.413275110968796
"Aber-2015|Aber-2016|Brau-2015",3,"C",18,6,36,72,5,"FW","M1",0.46843230842689
"Aber-2015|Aber-2016|Brau-2016",3,"C",18,6,36,72,5,"FW","M1",0.432083329916556
"Aber-2015|Brau-2014|Brau-2015",3,"C",18,6,36,72,5,"FW","M1",0.470286023681833
"Aber-2015|Brau-2014|Brau-2016",3,"C",18,6,36,72,5,"FW","M1",0.36589069040072
"Aber-2015|Brau-2015|Brau-2016",3,"C",18,6,36,72,5,"FW","M1",0.445066537528122
"Aber-2016|Brau-2014|Brau-2015",3,"C",18,6,36,72,5,"FW","M1",0.461688825959885
"Aber-2016|Brau-2014|Brau-2016",3,"C",18,6,36,72,5,"FW","M1",0.390616287245621
"Aber-2016|Brau-2015|Brau-2016",3,"C",18,6,36,72,5,"FW","M1",0.440103382908967
"Brau-2014|Brau-2015|Brau-2016",3,"C",18,6,36,72,5,"FW","M1",0.466557251306489
"Aber-2015|Aber-2016|Brau-2014",3,"D",27,3,36,90,5,"FW","M1",0.480992177421964
"Aber-2015|Aber-2016|Brau-2015",3,"D",27,3,36,90,5,"FW","M1",0.43718209253323
"Aber-2015|Aber-2016|Brau-2016",3,"D",27,3,36,90,5,"FW","M1",0.497992281989803
"Aber-2015|Brau-2014|Brau-2015",3,"D",27,3,36,90,5,"FW","M1",0.519302452048084
"Aber-2015|Brau-2014|Brau-2016",3,"D",27,3,36,90,5,"FW","M1",0.43580592511426
"Aber-2015|Brau-2015|Brau-2016",3,"D",27,3,36,90,5,"FW","M1",0.431744602764799
"Aber-2016|Brau-2014|Brau-2015",3,"D",27,3,36,90,5,"FW","M1",0.447276870261624
"Aber-2016|Brau-2014|Brau-2016",3,"D",27,3,36,90,5,"FW","M1",0.409885581225325
"Aber-2016|Brau-2015|Brau-2016",3,"D",27,3,36,90,5,"FW","M1",0.28312254071118
"Brau-2014|Brau-2015|Brau-2016",3,"D",27,3,36,90,5,"FW","M1",0.266171405600883
"Aber-2015|Aber-2016|Brau-2014",3,"E",36,0,36,108,5,"FW","M1",0.467101889988157
"Aber-2015|Aber-2016|Brau-2015",3,"E",36,0,36,108,5,"FW","M1",0.502213358821627
"Aber-2015|Aber-2016|Brau-2016",3,"E",36,0,36,108,5,"FW","M1",0.412185589246535
"Aber-2015|Brau-2014|Brau-2015",3,"E",36,0,36,108,5,"FW","M1",0.520335207801544
"Aber-2015|Brau-2014|Brau-2016",3,"E",36,0,36,108,5,"FW","M1",0.38392098298874
"Aber-2015|Brau-2015|Brau-2016",3,"E",36,0,36,108,5,"FW","M1",0.372543901961237
"Aber-2016|Brau-2014|Brau-2015",3,"E",36,0,36,108,5,"FW","M1",0.482800154154655
"Aber-2016|Brau-2014|Brau-2016",3,"E",36,0,36,108,5,"FW","M1",0.381158205536768
"Aber-2016|Brau-2015|Brau-2016",3,"E",36,0,36,108,5,"FW","M1",0.463252260086903
"Brau-2014|Brau-2015|Brau-2016",3,"E",36,0,36,108,5,"FW","M1",0.444733936173238
"Aber-2015|Aber-2016|Brau-2014",3,"A",0,12,36,36,1,"MC","M1",0.438244318349389
"Aber-2015|Aber-2016|Brau-2015",3,"A",0,12,36,36,1,"MC","M1",0.112374638906578
"Aber-2015|Aber-2016|Brau-2016",3,"A",0,12,36,36,1,"MC","M1",0.153362702031018
"Aber-2015|Brau-2014|Brau-2015",3,"A",0,12,36,36,1,"MC","M1",0.475502121683074
"Aber-2015|Brau-2014|Brau-2016",3,"A",0,12,36,36,1,"MC","M1",0.222013869380859
"Aber-2015|Brau-2015|Brau-2016",3,"A",0,12,36,36,1,"MC","M1",0.278924325502251
"Aber-2016|Brau-2014|Brau-2015",3,"A",0,12,36,36,1,"MC","M1",0.49639477365942
"Aber-2016|Brau-2014|Brau-2016",3,"A",0,12,36,36,1,"MC","M1",0.329346318873397
"Aber-2016|Brau-2015|Brau-2016",3,"A",0,12,36,36,1,"MC","M1",0.389330996774943
"Brau-2014|Brau-2015|Brau-2016",3,"A",0,12,36,36,1,"MC","M1",0.129915445805346
"Aber-2015|Aber-2016|Brau-2014",3,"B",9,9,36,54,1,"MC","M1",0.44257426770169
"Aber-2015|Aber-2016|Brau-2015",3,"B",9,9,36,54,1,"MC","M1",0.471931072040264
"Aber-2015|Aber-2016|Brau-2016",3,"B",9,9,36,54,1,"MC","M1",0.237705686460305
"Aber-2015|Brau-2014|Brau-2015",3,"B",9,9,36,54,1,"MC","M1",0.425159757004873
"Aber-2015|Brau-2014|Brau-2016",3,"B",9,9,36,54,1,"MC","M1",0.312145179526155
"Aber-2015|Brau-2015|Brau-2016",3,"B",9,9,36,54,1,"MC","M1",0.215205871447682
"Aber-2016|Brau-2014|Brau-2015",3,"B",9,9,36,54,1,"MC","M1",0.403737957343741
"Aber-2016|Brau-2014|Brau-2016",3,"B",9,9,36,54,1,"MC","M1",0.309045847742741
"Aber-2016|Brau-2015|Brau-2016",3,"B",9,9,36,54,1,"MC","M1",0.273665429305827
"Brau-2014|Brau-2015|Brau-2016",3,"B",9,9,36,54,1,"MC","M1",0.377739521197787
"Aber-2015|Aber-2016|Brau-2014",3,"C",18,6,36,72,1,"MC","M1",0.46184902892357
"Aber-2015|Aber-2016|Brau-2015",3,"C",18,6,36,72,1,"MC","M1",0.468107319264547
"Aber-2015|Aber-2016|Brau-2016",3,"C",18,6,36,72,1,"MC","M1",0.352044322731097
"Aber-2015|Brau-2014|Brau-2015",3,"C",18,6,36,72,1,"MC","M1",0.422712839997801
"Aber-2015|Brau-2014|Brau-2016",3,"C",18,6,36,72,1,"MC","M1",0.370467066268267
"Aber-2015|Brau-2015|Brau-2016",3,"C",18,6,36,72,1,"MC","M1",0.288144984734709
"Aber-2016|Brau-2014|Brau-2015",3,"C",18,6,36,72,1,"MC","M1",0.50406333357624
"Aber-2016|Brau-2014|Brau-2016",3,"C",18,6,36,72,1,"MC","M1",0.400284418491521
"Aber-2016|Brau-2015|Brau-2016",3,"C",18,6,36,72,1,"MC","M1",0.282410526619114
"Brau-2014|Brau-2015|Brau-2016",3,"C",18,6,36,72,1,"MC","M1",0.196980371593551
"Aber-2015|Aber-2016|Brau-2014",3,"D",27,3,36,90,1,"MC","M1",0.448496510879733
"Aber-2015|Aber-2016|Brau-2015",3,"D",27,3,36,90,1,"MC","M1",0.430690198141132
"Aber-2015|Aber-2016|Brau-2016",3,"D",27,3,36,90,1,"MC","M1",0.370120150271615
"Aber-2015|Brau-2014|Brau-2015",3,"D",27,3,36,90,1,"MC","M1",0.418358743372087
"Aber-2015|Brau-2014|Brau-2016",3,"D",27,3,36,90,1,"MC","M1",0.326617099215306
"Aber-2015|Brau-2015|Brau-2016",3,"D",27,3,36,90,1,"MC","M1",0.276064206802307
"Aber-2016|Brau-2014|Brau-2015",3,"D",27,3,36,90,1,"MC","M1",0.421965000158372
"Aber-2016|Brau-2014|Brau-2016",3,"D",27,3,36,90,1,"MC","M1",0.3670219081654
"Aber-2016|Brau-2015|Brau-2016",3,"D",27,3,36,90,1,"MC","M1",0.315273137315611
"Brau-2014|Brau-2015|Brau-2016",3,"D",27,3,36,90,1,"MC","M1",0.288810790372373
"Aber-2015|Aber-2016|Brau-2014",3,"E",36,0,36,108,1,"MC","M1",0.453230236279515
"Aber-2015|Aber-2016|Brau-2015",3,"E",36,0,36,108,1,"MC","M1",0.422593966470469
"Aber-2015|Aber-2016|Brau-2016",3,"E",36,0,36,108,1,"MC","M1",0.283329896954907
"Aber-2015|Brau-2014|Brau-2015",3,"E",36,0,36,108,1,"MC","M1",0.45352309967755
"Aber-2015|Brau-2014|Brau-2016",3,"E",36,0,36,108,1,"MC","M1",0.337642765033317
"Aber-2015|Brau-2015|Brau-2016",3,"E",36,0,36,108,1,"MC","M1",0.233545377057019
"Aber-2016|Brau-2014|Brau-2015",3,"E",36,0,36,108,1,"MC","M1",0.40919228979856
"Aber-2016|Brau-2014|Brau-2016",3,"E",36,0,36,108,1,"MC","M1",0.335356240835513
"Aber-2016|Brau-2015|Brau-2016",3,"E",36,0,36,108,1,"MC","M1",0.325517992743653
"Brau-2014|Brau-2015|Brau-2016",3,"E",36,0,36,108,1,"MC","M1",0.325192934698848
"Aber-2015|Aber-2016|Brau-2014",3,"A",0,12,36,36,2,"MC","M1",0.454370798927023
"Aber-2015|Aber-2016|Brau-2015",3,"A",0,12,36,36,2,"MC","M1",0.460786322451389
"Aber-2015|Aber-2016|Brau-2016",3,"A",0,12,36,36,2,"MC","M1",0.404025736985242
"Aber-2015|Brau-2014|Brau-2015",3,"A",0,12,36,36,2,"MC","M1",0.437230302982184
"Aber-2015|Brau-2014|Brau-2016",3,"A",0,12,36,36,2,"MC","M1",0.319689200907311
"Aber-2015|Brau-2015|Brau-2016",3,"A",0,12,36,36,2,"MC","M1",0.386969985534302
"Aber-2016|Brau-2014|Brau-2015",3,"A",0,12,36,36,2,"MC","M1",0.452802501764333
"Aber-2016|Brau-2014|Brau-2016",3,"A",0,12,36,36,2,"MC","M1",0.364587324011693
"Aber-2016|Brau-2015|Brau-2016",3,"A",0,12,36,36,2,"MC","M1",0.0683816782812046
"Brau-2014|Brau-2015|Brau-2016",3,"A",0,12,36,36,2,"MC","M1",0.298933235028826
"Aber-2015|Aber-2016|Brau-2014",3,"B",9,9,36,54,2,"MC","M1",0.462974597222646
"Aber-2015|Aber-2016|Brau-2015",3,"B",9,9,36,54,2,"MC","M1",0.367508696459524
"Aber-2015|Aber-2016|Brau-2016",3,"B",9,9,36,54,2,"MC","M1",0.324513250122952
"Aber-2015|Brau-2014|Brau-2015",3,"B",9,9,36,54,2,"MC","M1",0.411914667755597
"Aber-2015|Brau-2014|Brau-2016",3,"B",9,9,36,54,2,"MC","M1",0.289892674594619
"Aber-2015|Brau-2015|Brau-2016",3,"B",9,9,36,54,2,"MC","M1",0.193157025638471
"Aber-2016|Brau-2014|Brau-2015",3,"B",9,9,36,54,2,"MC","M1",0.462924553116504
"Aber-2016|Brau-2014|Brau-2016",3,"B",9,9,36,54,2,"MC","M1",0.187368498790471
"Aber-2016|Brau-2015|Brau-2016",3,"B",9,9,36,54,2,"MC","M1",0.000593287295743092
"Brau-2014|Brau-2015|Brau-2016",3,"B",9,9,36,54,2,"MC","M1",0.351438949476058
"Aber-2015|Aber-2016|Brau-2014",3,"C",18,6,36,72,2,"MC","M1",0.418912882135605
"Aber-2015|Aber-2016|Brau-2015",3,"C",18,6,36,72,2,"MC","M1",0.440854221749654
"Aber-2015|Aber-2016|Brau-2016",3,"C",18,6,36,72,2,"MC","M1",0.223858890721878
"Aber-2015|Brau-2014|Brau-2015",3,"C",18,6,36,72,2,"MC","M1",0.490229246933225
"Aber-2015|Brau-2014|Brau-2016",3,"C",18,6,36,72,2,"MC","M1",0.303160001766204
"Aber-2015|Brau-2015|Brau-2016",3,"C",18,6,36,72,2,"MC","M1",0.304196287329984
"Aber-2016|Brau-2014|Brau-2015",3,"C",18,6,36,72,2,"MC","M1",0.505411800059932
"Aber-2016|Brau-2014|Brau-2016",3,"C",18,6,36,72,2,"MC","M1",0.256006577872948
"Aber-2016|Brau-2015|Brau-2016",3,"C",18,6,36,72,2,"MC","M1",0.378824799510773
"Brau-2014|Brau-2015|Brau-2016",3,"C",18,6,36,72,2,"MC","M1",0.320970579857116
"Aber-2015|Aber-2016|Brau-2014",3,"D",27,3,36,90,2,"MC","M1",0.428368286068732
"Aber-2015|Aber-2016|Brau-2015",3,"D",27,3,36,90,2,"MC","M1",0.434725877715762
"Aber-2015|Aber-2016|Brau-2016",3,"D",27,3,36,90,2,"MC","M1",0.267430629986624
"Aber-2015|Brau-2014|Brau-2015",3,"D",27,3,36,90,2,"MC","M1",0.446441237612877
"Aber-2015|Brau-2014|Brau-2016",3,"D",27,3,36,90,2,"MC","M1",0.144997964040176
"Aber-2015|Brau-2015|Brau-2016",3,"D",27,3,36,90,2,"MC","M1",0.226821316058534
"Aber-2016|Brau-2014|Brau-2015",3,"D",27,3,36,90,2,"MC","M1",0.425865980968163
"Aber-2016|Brau-2014|Brau-2016",3,"D",27,3,36,90,2,"MC","M1",0.339554217065775
"Aber-2016|Brau-2015|Brau-2016",3,"D",27,3,36,90,2,"MC","M1",0.406261534107216
"Brau-2014|Brau-2015|Brau-2016",3,"D",27,3,36,90,2,"MC","M1",0.325332132562734
"Aber-2015|Aber-2016|Brau-2014",3,"E",36,0,36,108,2,"MC","M1",0.437614671597862
"Aber-2015|Aber-2016|Brau-2015",3,"E",36,0,36,108,2,"MC","M1",0.338864833789753
"Aber-2015|Aber-2016|Brau-2016",3,"E",36,0,36,108,2,"MC","M1",0.211295056027205
"Aber-2015|Brau-2014|Brau-2015",3,"E",36,0,36,108,2,"MC","M1",0.449883954224709
"Aber-2015|Brau-2014|Brau-2016",3,"E",36,0,36,108,2,"MC","M1",0.321430145498276
"Aber-2015|Brau-2015|Brau-2016",3,"E",36,0,36,108,2,"MC","M1",0.165217102043261
"Aber-2016|Brau-2014|Brau-2015",3,"E",36,0,36,108,2,"MC","M1",0.469897194789402
"Aber-2016|Brau-2014|Brau-2016",3,"E",36,0,36,108,2,"MC","M1",0.356638506778707
"Aber-2016|Brau-2015|Brau-2016",3,"E",36,0,36,108,2,"MC","M1",0.191136269852563
"Brau-2014|Brau-2015|Brau-2016",3,"E",36,0,36,108,2,"MC","M1",0.311486939343475
"Aber-2015|Aber-2016|Brau-2014",3,"A",0,12,36,36,3,"MC","M1",0.452927013610774
"Aber-2015|Aber-2016|Brau-2015",3,"A",0,12,36,36,3,"MC","M1",0.435031773485155
"Aber-2015|Aber-2016|Brau-2016",3,"A",0,12,36,36,3,"MC","M1",0.33218249196606
"Aber-2015|Brau-2014|Brau-2015",3,"A",0,12,36,36,3,"MC","M1",0.419715674532638
"Aber-2015|Brau-2014|Brau-2016",3,"A",0,12,36,36,3,"MC","M1",0.114333352870873
"Aber-2015|Brau-2015|Brau-2016",3,"A",0,12,36,36,3,"MC","M1",0.340720058733799
"Aber-2016|Brau-2014|Brau-2015",3,"A",0,12,36,36,3,"MC","M1",0.387989731561692
"Aber-2016|Brau-2014|Brau-2016",3,"A",0,12,36,36,3,"MC","M1",0.306403696692432
"Aber-2016|Brau-2015|Brau-2016",3,"A",0,12,36,36,3,"MC","M1",0.272121201410175
"Brau-2014|Brau-2015|Brau-2016",3,"A",0,12,36,36,3,"MC","M1",0.338616897690464
"Aber-2015|Aber-2016|Brau-2014",3,"B",9,9,36,54,3,"MC","M1",0.477414873786145
"Aber-2015|Aber-2016|Brau-2015",3,"B",9,9,36,54,3,"MC","M1",0.445264076172204
"Aber-2015|Aber-2016|Brau-2016",3,"B",9,9,36,54,3,"MC","M1",0.291025023679292
"Aber-2015|Brau-2014|Brau-2015",3,"B",9,9,36,54,3,"MC","M1",0.436210911320863
"Aber-2015|Brau-2014|Brau-2016",3,"B",9,9,36,54,3,"MC","M1",0.280037316557427
"Aber-2015|Brau-2015|Brau-2016",3,"B",9,9,36,54,3,"MC","M1",0.299466731266344
"Aber-2016|Brau-2014|Brau-2015",3,"B",9,9,36,54,3,"MC","M1",0.49658829035309
"Aber-2016|Brau-2014|Brau-2016",3,"B",9,9,36,54,3,"MC","M1",0.210663949259823
"Aber-2016|Brau-2015|Brau-2016",3,"B",9,9,36,54,3,"MC","M1",0.358280201624449
"Brau-2014|Brau-2015|Brau-2016",3,"B",9,9,36,54,3,"MC","M1",0.350958008663809
"Aber-2015|Aber-2016|Brau-2014",3,"C",18,6,36,72,3,"MC","M1",0.444440486405336
"Aber-2015|Aber-2016|Brau-2015",3,"C",18,6,36,72,3,"MC","M1",0.497842545246256
"Aber-2015|Aber-2016|Brau-2016",3,"C",18,6,36,72,3,"MC","M1",0.320038743089606
"Aber-2015|Brau-2014|Brau-2015",3,"C",18,6,36,72,3,"MC","M1",0.441368881772873
"Aber-2015|Brau-2014|Brau-2016",3,"C",18,6,36,72,3,"MC","M1",0.336941820032045
"Aber-2015|Brau-2015|Brau-2016",3,"C",18,6,36,72,3,"MC","M1",0.315635571650383
"Aber-2016|Brau-2014|Brau-2015",3,"C",18,6,36,72,3,"MC","M1",0.492140404551371
"Aber-2016|Brau-2014|Brau-2016",3,"C",18,6,36,72,3,"MC","M1",0.329449584634387
"Aber-2016|Brau-2015|Brau-2016",3,"C",18,6,36,72,3,"MC","M1",0.22365687326552
"Brau-2014|Brau-2015|Brau-2016",3,"C",18,6,36,72,3,"MC","M1",0.358020321705711
"Aber-2015|Aber-2016|Brau-2014",3,"D",27,3,36,90,3,"MC","M1",0.376149227769571
"Aber-2015|Aber-2016|Brau-2015",3,"D",27,3,36,90,3,"MC","M1",0.330957415855642
"Aber-2015|Aber-2016|Brau-2016",3,"D",27,3,36,90,3,"MC","M1",0.271832477879295
"Aber-2015|Brau-2014|Brau-2015",3,"D",27,3,36,90,3,"MC","M1",0.430557884797351
"Aber-2015|Brau-2014|Brau-2016",3,"D",27,3,36,90,3,"MC","M1",0.347533418428618
"Aber-2015|Brau-2015|Brau-2016",3,"D",27,3,36,90,3,"MC","M1",0.335539978957888
"Aber-2016|Brau-2014|Brau-2015",3,"D",27,3,36,90,3,"MC","M1",0.46298414307842
"Aber-2016|Brau-2014|Brau-2016",3,"D",27,3,36,90,3,"MC","M1",0.386970290076578
"Aber-2016|Brau-2015|Brau-2016",3,"D",27,3,36,90,3,"MC","M1",0.264373541270674
"Brau-2014|Brau-2015|Brau-2016",3,"D",27,3,36,90,3,"MC","M1",0.376334641908518
"Aber-2015|Aber-2016|Brau-2014",3,"E",36,0,36,108,3,"MC","M1",0.467258564459348
"Aber-2015|Aber-2016|Brau-2015",3,"E",36,0,36,108,3,"MC","M1",0.327273673625515
"Aber-2015|Aber-2016|Brau-2016",3,"E",36,0,36,108,3,"MC","M1",0.308300138132222
"Aber-2015|Brau-2014|Brau-2015",3,"E",36,0,36,108,3,"MC","M1",0.450682665034817
"Aber-2015|Brau-2014|Brau-2016",3,"E",36,0,36,108,3,"MC","M1",0.261983430186456
"Aber-2015|Brau-2015|Brau-2016",3,"E",36,0,36,108,3,"MC","M1",0.0916993536324619
"Aber-2016|Brau-2014|Brau-2015",3,"E",36,0,36,108,3,"MC","M1",0.387540277359143
"Aber-2016|Brau-2014|Brau-2016",3,"E",36,0,36,108,3,"MC","M1",0.342952310245956
"Aber-2016|Brau-2015|Brau-2016",3,"E",36,0,36,108,3,"MC","M1",0.230720459045694
"Brau-2014|Brau-2015|Brau-2016",3,"E",36,0,36,108,3,"MC","M1",0.286981750887687
"Aber-2015|Aber-2016|Brau-2014",3,"A",0,12,36,36,4,"MC","M1",0.42503293976151
"Aber-2015|Aber-2016|Brau-2015",3,"A",0,12,36,36,4,"MC","M1",0.407799864236702
"Aber-2015|Aber-2016|Brau-2016",3,"A",0,12,36,36,4,"MC","M1",0.350040033318908
"Aber-2015|Brau-2014|Brau-2015",3,"A",0,12,36,36,4,"MC","M1",0.444431314736403
"Aber-2015|Brau-2014|Brau-2016",3,"A",0,12,36,36,4,"MC","M1",0.272222157227652
"Aber-2015|Brau-2015|Brau-2016",3,"A",0,12,36,36,4,"MC","M1",0.328152465157079
"Aber-2016|Brau-2014|Brau-2015",3,"A",0,12,36,36,4,"MC","M1",0.390307844864313
"Aber-2016|Brau-2014|Brau-2016",3,"A",0,12,36,36,4,"MC","M1",0.252444111878114
"Aber-2016|Brau-2015|Brau-2016",3,"A",0,12,36,36,4,"MC","M1",0.354308341421059
"Brau-2014|Brau-2015|Brau-2016",3,"A",0,12,36,36,4,"MC","M1",0.20676058209313
"Aber-2015|Aber-2016|Brau-2014",3,"B",9,9,36,54,4,"MC","M1",0.452271261874314
"Aber-2015|Aber-2016|Brau-2015",3,"B",9,9,36,54,4,"MC","M1",0.465266982637056
"Aber-2015|Aber-2016|Brau-2016",3,"B",9,9,36,54,4,"MC","M1",0.326044479920323
"Aber-2015|Brau-2014|Brau-2015",3,"B",9,9,36,54,4,"MC","M1",0.45487105026635
"Aber-2015|Brau-2014|Brau-2016",3,"B",9,9,36,54,4,"MC","M1",0.351740595374805
"Aber-2015|Brau-2015|Brau-2016",3,"B",9,9,36,54,4,"MC","M1",0.40832044417058
"Aber-2016|Brau-2014|Brau-2015",3,"B",9,9,36,54,4,"MC","M1",0.429629367248849
"Aber-2016|Brau-2014|Brau-2016",3,"B",9,9,36,54,4,"MC","M1",0.343958722251187
"Aber-2016|Brau-2015|Brau-2016",3,"B",9,9,36,54,4,"MC","M1",0.367617687850224
"Brau-2014|Brau-2015|Brau-2016",3,"B",9,9,36,54,4,"MC","M1",0.364965670923988
"Aber-2015|Aber-2016|Brau-2014",3,"C",18,6,36,72,4,"MC","M1",0.385395601061122
"Aber-2015|Aber-2016|Brau-2015",3,"C",18,6,36,72,4,"MC","M1",0.491832187367729
"Aber-2015|Aber-2016|Brau-2016",3,"C",18,6,36,72,4,"MC","M1",0.404198701441009
"Aber-2015|Brau-2014|Brau-2015",3,"C",18,6,36,72,4,"MC","M1",0.442142832968724
"Aber-2015|Brau-2014|Brau-2016",3,"C",18,6,36,72,4,"MC","M1",0.221642231735092
"Aber-2015|Brau-2015|Brau-2016",3,"C",18,6,36,72,4,"MC","M1",0.336112740987362
"Aber-2016|Brau-2014|Brau-2015",3,"C",18,6,36,72,4,"MC","M1",0.499765700666836
"Aber-2016|Brau-2014|Brau-2016",3,"C",18,6,36,72,4,"MC","M1",0.259406341838965
"Aber-2016|Brau-2015|Brau-2016",3,"C",18,6,36,72,4,"MC","M1",0.255574290045635
"Brau-2014|Brau-2015|Brau-2016",3,"C",18,6,36,72,4,"MC","M1",0.280387187168814
"Aber-2015|Aber-2016|Brau-2014",3,"D",27,3,36,90,4,"MC","M1",0.488764738474264
"Aber-2015|Aber-2016|Brau-2015",3,"D",27,3,36,90,4,"MC","M1",0.404469163767728
"Aber-2015|Aber-2016|Brau-2016",3,"D",27,3,36,90,4,"MC","M1",0.314416739885757
"Aber-2015|Brau-2014|Brau-2015",3,"D",27,3,36,90,4,"MC","M1",0.400981857864693
"Aber-2015|Brau-2014|Brau-2016",3,"D",27,3,36,90,4,"MC","M1",0.316114176008825
"Aber-2015|Brau-2015|Brau-2016",3,"D",27,3,36,90,4,"MC","M1",0.194205357208734
"Aber-2016|Brau-2014|Brau-2015",3,"D",27,3,36,90,4,"MC","M1",0.445370085275842
"Aber-2016|Brau-2014|Brau-2016",3,"D",27,3,36,90,4,"MC","M1",0.308346891557989
"Aber-2016|Brau-2015|Brau-2016",3,"D",27,3,36,90,4,"MC","M1",0.30829142195534
"Brau-2014|Brau-2015|Brau-2016",3,"D",27,3,36,90,4,"MC","M1",0.306155398362123
"Aber-2015|Aber-2016|Brau-2014",3,"E",36,0,36,108,4,"MC","M1",0.442914540332602
"Aber-2015|Aber-2016|Brau-2015",3,"E",36,0,36,108,4,"MC","M1",0.311910004192969
"Aber-2015|Aber-2016|Brau-2016",3,"E",36,0,36,108,4,"MC","M1",0.267000811128513
"Aber-2015|Brau-2014|Brau-2015",3,"E",36,0,36,108,4,"MC","M1",0.338489633059516
"Aber-2015|Brau-2014|Brau-2016",3,"E",36,0,36,108,4,"MC","M1",0.364130982747442
"Aber-2015|Brau-2015|Brau-2016",3,"E",36,0,36,108,4,"MC","M1",0.272318574537081
"Aber-2016|Brau-2014|Brau-2015",3,"E",36,0,36,108,4,"MC","M1",0.358806726061192
"Aber-2016|Brau-2014|Brau-2016",3,"E",36,0,36,108,4,"MC","M1",0.316675197033591
"Aber-2016|Brau-2015|Brau-2016",3,"E",36,0,36,108,4,"MC","M1",0.318283542785524
"Brau-2014|Brau-2015|Brau-2016",3,"E",36,0,36,108,4,"MC","M1",0.263917255604691
"Aber-2015|Aber-2016|Brau-2014",3,"A",0,12,36,36,5,"MC","M1",0.448565901378801
"Aber-2015|Aber-2016|Brau-2015",3,"A",0,12,36,36,5,"MC","M1",0.42786659846402
"Aber-2015|Aber-2016|Brau-2016",3,"A",0,12,36,36,5,"MC","M1",0.287757262146246
"Aber-2015|Brau-2014|Brau-2015",3,"A",0,12,36,36,5,"MC","M1",0.537747202523015
"Aber-2015|Brau-2014|Brau-2016",3,"A",0,12,36,36,5,"MC","M1",0.305836868311875
"Aber-2015|Brau-2015|Brau-2016",3,"A",0,12,36,36,5,"MC","M1",0.317721780206719
"Aber-2016|Brau-2014|Brau-2015",3,"A",0,12,36,36,5,"MC","M1",0.478067193239311
"Aber-2016|Brau-2014|Brau-2016",3,"A",0,12,36,36,5,"MC","M1",0.123268006895921
"Aber-2016|Brau-2015|Brau-2016",3,"A",0,12,36,36,5,"MC","M1",0.364614644795055
"Brau-2014|Brau-2015|Brau-2016",3,"A",0,12,36,36,5,"MC","M1",0.343201015639777
"Aber-2015|Aber-2016|Brau-2014",3,"B",9,9,36,54,5,"MC","M1",0.420139842748583
"Aber-2015|Aber-2016|Brau-2015",3,"B",9,9,36,54,5,"MC","M1",0.451845115790536
"Aber-2015|Aber-2016|Brau-2016",3,"B",9,9,36,54,5,"MC","M1",0.305633603867336
"Aber-2015|Brau-2014|Brau-2015",3,"B",9,9,36,54,5,"MC","M1",0.425079193389911
"Aber-2015|Brau-2014|Brau-2016",3,"B",9,9,36,54,5,"MC","M1",0.31003959206947
"Aber-2015|Brau-2015|Brau-2016",3,"B",9,9,36,54,5,"MC","M1",0.340833783735804
"Aber-2016|Brau-2014|Brau-2015",3,"B",9,9,36,54,5,"MC","M1",0.487003477761979
"Aber-2016|Brau-2014|Brau-2016",3,"B",9,9,36,54,5,"MC","M1",0.357718232480351
"Aber-2016|Brau-2015|Brau-2016",3,"B",9,9,36,54,5,"MC","M1",0.392945165132556
"Brau-2014|Brau-2015|Brau-2016",3,"B",9,9,36,54,5,"MC","M1",0.331548970389006
"Aber-2015|Aber-2016|Brau-2014",3,"C",18,6,36,72,5,"MC","M1",0.390266405737381
"Aber-2015|Aber-2016|Brau-2015",3,"C",18,6,36,72,5,"MC","M1",0.410410776625276
"Aber-2015|Aber-2016|Brau-2016",3,"C",18,6,36,72,5,"MC","M1",0.325562729416667
"Aber-2015|Brau-2014|Brau-2015",3,"C",18,6,36,72,5,"MC","M1",0.483499751106306
"Aber-2015|Brau-2014|Brau-2016",3,"C",18,6,36,72,5,"MC","M1",0.370997941923845
"Aber-2015|Brau-2015|Brau-2016",3,"C",18,6,36,72,5,"MC","M1",0.356414620299844
"Aber-2016|Brau-2014|Brau-2015",3,"C",18,6,36,72,5,"MC","M1",0.414008731812882
"Aber-2016|Brau-2014|Brau-2016",3,"C",18,6,36,72,5,"MC","M1",0.350006236986083
"Aber-2016|Brau-2015|Brau-2016",3,"C",18,6,36,72,5,"MC","M1",0.365128961052321
"Brau-2014|Brau-2015|Brau-2016",3,"C",18,6,36,72,5,"MC","M1",0.327760301314068
"Aber-2015|Aber-2016|Brau-2014",3,"D",27,3,36,90,5,"MC","M1",0.490998534022001
"Aber-2015|Aber-2016|Brau-2015",3,"D",27,3,36,90,5,"MC","M1",0.457653483770392
"Aber-2015|Aber-2016|Brau-2016",3,"D",27,3,36,90,5,"MC","M1",0.292633343230605
"Aber-2015|Brau-2014|Brau-2015",3,"D",27,3,36,90,5,"MC","M1",0.4557131463907
"Aber-2015|Brau-2014|Brau-2016",3,"D",27,3,36,90,5,"MC","M1",0.333410809505324
"Aber-2015|Brau-2015|Brau-2016",3,"D",27,3,36,90,5,"MC","M1",0.305577325204576
"Aber-2016|Brau-2014|Brau-2015",3,"D",27,3,36,90,5,"MC","M1",0.482629080391441
"Aber-2016|Brau-2014|Brau-2016",3,"D",27,3,36,90,5,"MC","M1",0.310972807123344
"Aber-2016|Brau-2015|Brau-2016",3,"D",27,3,36,90,5,"MC","M1",0.285876906658631
"Brau-2014|Brau-2015|Brau-2016",3,"D",27,3,36,90,5,"MC","M1",0.325099897546225
"Aber-2015|Aber-2016|Brau-2014",3,"E",36,0,36,108,5,"MC","M1",0.481613869294812
"Aber-2015|Aber-2016|Brau-2015",3,"E",36,0,36,108,5,"MC","M1",0.43634330046243
"Aber-2015|Aber-2016|Brau-2016",3,"E",36,0,36,108,5,"MC","M1",0.283919194652186
"Aber-2015|Brau-2014|Brau-2015",3,"E",36,0,36,108,5,"MC","M1",0.37508907727961
"Aber-2015|Brau-2014|Brau-2016",3,"E",36,0,36,108,5,"MC","M1",0.284667676037344
"Aber-2015|Brau-2015|Brau-2016",3,"E",36,0,36,108,5,"MC","M1",0.196427702009699
"Aber-2016|Brau-2014|Brau-2015",3,"E",36,0,36,108,5,"MC","M1",0.44411842735155
"Aber-2016|Brau-2014|Brau-2016",3,"E",36,0,36,108,5,"MC","M1",0.33186383355065
"Aber-2016|Brau-2015|Brau-2016",3,"E",36,0,36,108,5,"MC","M1",0.269695852752671
"Brau-2014|Brau-2015|Brau-2016",3,"E",36,0,36,108,5,"MC","M1",0.276019438843919
"Aber-2015|Aber-2016|Brau-2014",3,"A",0,12,36,36,1,"DM","M2",0.537129609614377
"Aber-2015|Aber-2016|Brau-2015",3,"A",0,12,36,36,1,"DM","M2",0.485764318434501
"Aber-2015|Aber-2016|Brau-2016",3,"A",0,12,36,36,1,"DM","M2",0.426761224238079
"Aber-2015|Brau-2014|Brau-2015",3,"A",0,12,36,36,1,"DM","M2",0.4236220239107
"Aber-2015|Brau-2014|Brau-2016",3,"A",0,12,36,36,1,"DM","M2",0.322892478256128
"Aber-2015|Brau-2015|Brau-2016",3,"A",0,12,36,36,1,"DM","M2",0.50534943344716
"Aber-2016|Brau-2014|Brau-2015",3,"A",0,12,36,36,1,"DM","M2",0.517337972120681
"Aber-2016|Brau-2014|Brau-2016",3,"A",0,12,36,36,1,"DM","M2",0.398764895431993
"Aber-2016|Brau-2015|Brau-2016",3,"A",0,12,36,36,1,"DM","M2",0.453593259536686
"Brau-2014|Brau-2015|Brau-2016",3,"A",0,12,36,36,1,"DM","M2",0.526853240329524
"Aber-2015|Aber-2016|Brau-2014",3,"B",9,9,36,54,1,"DM","M2",0.520864794312355
"Aber-2015|Aber-2016|Brau-2015",3,"B",9,9,36,54,1,"DM","M2",0.484133248310852
"Aber-2015|Aber-2016|Brau-2016",3,"B",9,9,36,54,1,"DM","M2",0.476565669518481
"Aber-2015|Brau-2014|Brau-2015",3,"B",9,9,36,54,1,"DM","M2",0.530233930133454
"Aber-2015|Brau-2014|Brau-2016",3,"B",9,9,36,54,1,"DM","M2",0.442346792119614
"Aber-2015|Brau-2015|Brau-2016",3,"B",9,9,36,54,1,"DM","M2",0.508268076725704
"Aber-2016|Brau-2014|Brau-2015",3,"B",9,9,36,54,1,"DM","M2",0.443138596885666
"Aber-2016|Brau-2014|Brau-2016",3,"B",9,9,36,54,1,"DM","M2",0.465492427890923
"Aber-2016|Brau-2015|Brau-2016",3,"B",9,9,36,54,1,"DM","M2",0.450567648629439
"Brau-2014|Brau-2015|Brau-2016",3,"B",9,9,36,54,1,"DM","M2",0.591537178732076
"Aber-2015|Aber-2016|Brau-2014",3,"C",18,6,36,72,1,"DM","M2",0.49338092309058
"Aber-2015|Aber-2016|Brau-2015",3,"C",18,6,36,72,1,"DM","M2",0.499425246968211
"Aber-2015|Aber-2016|Brau-2016",3,"C",18,6,36,72,1,"DM","M2",0.460772429506048
"Aber-2015|Brau-2014|Brau-2015",3,"C",18,6,36,72,1,"DM","M2",0.545278895234914
"Aber-2015|Brau-2014|Brau-2016",3,"C",18,6,36,72,1,"DM","M2",0.438218219533957
"Aber-2015|Brau-2015|Brau-2016",3,"C",18,6,36,72,1,"DM","M2",0.544966164423458
"Aber-2016|Brau-2014|Brau-2015",3,"C",18,6,36,72,1,"DM","M2",0.506404521713997
"Aber-2016|Brau-2014|Brau-2016",3,"C",18,6,36,72,1,"DM","M2",0.46145987285915
"Aber-2016|Brau-2015|Brau-2016",3,"C",18,6,36,72,1,"DM","M2",0.425099121881752
"Brau-2014|Brau-2015|Brau-2016",3,"C",18,6,36,72,1,"DM","M2",0.498837618570504
"Aber-2015|Aber-2016|Brau-2014",3,"D",27,3,36,90,1,"DM","M2",0.511605743225447
"Aber-2015|Aber-2016|Brau-2015",3,"D",27,3,36,90,1,"DM","M2",0.536307095173795
"Aber-2015|Aber-2016|Brau-2016",3,"D",27,3,36,90,1,"DM","M2",0.387454511369422
"Aber-2015|Brau-2014|Brau-2015",3,"D",27,3,36,90,1,"DM","M2",0.560484949311916
"Aber-2015|Brau-2014|Brau-2016",3,"D",27,3,36,90,1,"DM","M2",0.501506239629302
"Aber-2015|Brau-2015|Brau-2016",3,"D",27,3,36,90,1,"DM","M2",0.537618577368069
"Aber-2016|Brau-2014|Brau-2015",3,"D",27,3,36,90,1,"DM","M2",0.412616417920553
"Aber-2016|Brau-2014|Brau-2016",3,"D",27,3,36,90,1,"DM","M2",0.514174737967688
"Aber-2016|Brau-2015|Brau-2016",3,"D",27,3,36,90,1,"DM","M2",0.357916818355786
"Brau-2014|Brau-2015|Brau-2016",3,"D",27,3,36,90,1,"DM","M2",0.546604606499931
"Aber-2015|Aber-2016|Brau-2014",3,"E",36,0,36,108,1,"DM","M2",0.374034816339766
"Aber-2015|Aber-2016|Brau-2015",3,"E",36,0,36,108,1,"DM","M2",0.53890226684094
"Aber-2015|Aber-2016|Brau-2016",3,"E",36,0,36,108,1,"DM","M2",0.40401259342217
"Aber-2015|Brau-2014|Brau-2015",3,"E",36,0,36,108,1,"DM","M2",0.559255710570383
"Aber-2015|Brau-2014|Brau-2016",3,"E",36,0,36,108,1,"DM","M2",0.488148859733784
"Aber-2015|Brau-2015|Brau-2016",3,"E",36,0,36,108,1,"DM","M2",0.479016222309859
"Aber-2016|Brau-2014|Brau-2015",3,"E",36,0,36,108,1,"DM","M2",0.503266765455699
"Aber-2016|Brau-2014|Brau-2016",3,"E",36,0,36,108,1,"DM","M2",0.415334900822873
"Aber-2016|Brau-2015|Brau-2016",3,"E",36,0,36,108,1,"DM","M2",0.404131014706384
"Brau-2014|Brau-2015|Brau-2016",3,"E",36,0,36,108,1,"DM","M2",0.526324510818484
"Aber-2015|Aber-2016|Brau-2014",3,"A",0,12,36,36,2,"DM","M2",0.469026509074016
"Aber-2015|Aber-2016|Brau-2015",3,"A",0,12,36,36,2,"DM","M2",0.506911904375743
"Aber-2015|Aber-2016|Brau-2016",3,"A",0,12,36,36,2,"DM","M2",0.251451940032179
"Aber-2015|Brau-2014|Brau-2015",3,"A",0,12,36,36,2,"DM","M2",0.206823517186569
"Aber-2015|Brau-2014|Brau-2016",3,"A",0,12,36,36,2,"DM","M2",0.0216049332500451
"Aber-2015|Brau-2015|Brau-2016",3,"A",0,12,36,36,2,"DM","M2",0.579109630330091
"Aber-2016|Brau-2014|Brau-2015",3,"A",0,12,36,36,2,"DM","M2",0.525192847086731
"Aber-2016|Brau-2014|Brau-2016",3,"A",0,12,36,36,2,"DM","M2",0.284494733029194
"Aber-2016|Brau-2015|Brau-2016",3,"A",0,12,36,36,2,"DM","M2",0.473475490055665
"Brau-2014|Brau-2015|Brau-2016",3,"A",0,12,36,36,2,"DM","M2",0.505360952603591
"Aber-2015|Aber-2016|Brau-2014",3,"B",9,9,36,54,2,"DM","M2",0.504823429920257
"Aber-2015|Aber-2016|Brau-2015",3,"B",9,9,36,54,2,"DM","M2",0.532492534832041
"Aber-2015|Aber-2016|Brau-2016",3,"B",9,9,36,54,2,"DM","M2",0.53296642647485
"Aber-2015|Brau-2014|Brau-2015",3,"B",9,9,36,54,2,"DM","M2",0.542216329233626
"Aber-2015|Brau-2014|Brau-2016",3,"B",9,9,36,54,2,"DM","M2",0.52745921365068
"Aber-2015|Brau-2015|Brau-2016",3,"B",9,9,36,54,2,"DM","M2",0.468844862809752
"Aber-2016|Brau-2014|Brau-2015",3,"B",9,9,36,54,2,"DM","M2",0.487678030314365
"Aber-2016|Brau-2014|Brau-2016",3,"B",9,9,36,54,2,"DM","M2",0.41608328602325
"Aber-2016|Brau-2015|Brau-2016",3,"B",9,9,36,54,2,"DM","M2",0.424893731448838
"Brau-2014|Brau-2015|Brau-2016",3,"B",9,9,36,54,2,"DM","M2",0.505809769539664
"Aber-2015|Aber-2016|Brau-2014",3,"C",18,6,36,72,2,"DM","M2",0.488749381430773
"Aber-2015|Aber-2016|Brau-2015",3,"C",18,6,36,72,2,"DM","M2",0.523485523838836
"Aber-2015|Aber-2016|Brau-2016",3,"C",18,6,36,72,2,"DM","M2",0.3163323644392
"Aber-2015|Brau-2014|Brau-2015",3,"C",18,6,36,72,2,"DM","M2",0.533939746712212
"Aber-2015|Brau-2014|Brau-2016",3,"C",18,6,36,72,2,"DM","M2",0.523685950039607
"Aber-2015|Brau-2015|Brau-2016",3,"C",18,6,36,72,2,"DM","M2",0.542683932475413
"Aber-2016|Brau-2014|Brau-2015",3,"C",18,6,36,72,2,"DM","M2",0.408983205062485
"Aber-2016|Brau-2014|Brau-2016",3,"C",18,6,36,72,2,"DM","M2",0.435144658596353
"Aber-2016|Brau-2015|Brau-2016",3,"C",18,6,36,72,2,"DM","M2",0.324320269848277
"Brau-2014|Brau-2015|Brau-2016",3,"C",18,6,36,72,2,"DM","M2",0.503768536415897
"Aber-2015|Aber-2016|Brau-2014",3,"D",27,3,36,90,2,"DM","M2",0.45246659716944
"Aber-2015|Aber-2016|Brau-2015",3,"D",27,3,36,90,2,"DM","M2",0.451591780457582
"Aber-2015|Aber-2016|Brau-2016",3,"D",27,3,36,90,2,"DM","M2",0.516135081438095
"Aber-2015|Brau-2014|Brau-2015",3,"D",27,3,36,90,2,"DM","M2",0.524074631732608
"Aber-2015|Brau-2014|Brau-2016",3,"D",27,3,36,90,2,"DM","M2",0.438603996438822
"Aber-2015|Brau-2015|Brau-2016",3,"D",27,3,36,90,2,"DM","M2",0.521573586324166
"Aber-2016|Brau-2014|Brau-2015",3,"D",27,3,36,90,2,"DM","M2",0.394318144419786
"Aber-2016|Brau-2014|Brau-2016",3,"D",27,3,36,90,2,"DM","M2",0.451170304203876
"Aber-2016|Brau-2015|Brau-2016",3,"D",27,3,36,90,2,"DM","M2",0.434425338429013
"Brau-2014|Brau-2015|Brau-2016",3,"D",27,3,36,90,2,"DM","M2",0.534526844447139
"Aber-2015|Aber-2016|Brau-2014",3,"E",36,0,36,108,2,"DM","M2",0.418375124919188
"Aber-2015|Aber-2016|Brau-2015",3,"E",36,0,36,108,2,"DM","M2",0.459954394768337
"Aber-2015|Aber-2016|Brau-2016",3,"E",36,0,36,108,2,"DM","M2",0.477780892432906
"Aber-2015|Brau-2014|Brau-2015",3,"E",36,0,36,108,2,"DM","M2",0.538289697294053
"Aber-2015|Brau-2014|Brau-2016",3,"E",36,0,36,108,2,"DM","M2",0.497873088322325
"Aber-2015|Brau-2015|Brau-2016",3,"E",36,0,36,108,2,"DM","M2",0.55286437528244
"Aber-2016|Brau-2014|Brau-2015",3,"E",36,0,36,108,2,"DM","M2",0.508616301110241
"Aber-2016|Brau-2014|Brau-2016",3,"E",36,0,36,108,2,"DM","M2",0.442251108439716
"Aber-2016|Brau-2015|Brau-2016",3,"E",36,0,36,108,2,"DM","M2",0.450994053439529
"Brau-2014|Brau-2015|Brau-2016",3,"E",36,0,36,108,2,"DM","M2",0.488330166591297
"Aber-2015|Aber-2016|Brau-2014",3,"A",0,12,36,36,3,"DM","M2",0.339659758686197
"Aber-2015|Aber-2016|Brau-2015",3,"A",0,12,36,36,3,"DM","M2",0.530083193954033
"Aber-2015|Aber-2016|Brau-2016",3,"A",0,12,36,36,3,"DM","M2",0.568093457638483
"Aber-2015|Brau-2014|Brau-2015",3,"A",0,12,36,36,3,"DM","M2",0.549928753750201
"Aber-2015|Brau-2014|Brau-2016",3,"A",0,12,36,36,3,"DM","M2",0.485188054389912
"Aber-2015|Brau-2015|Brau-2016",3,"A",0,12,36,36,3,"DM","M2",0.517580524993613
"Aber-2016|Brau-2014|Brau-2015",3,"A",0,12,36,36,3,"DM","M2",0.459889861741425
"Aber-2016|Brau-2014|Brau-2016",3,"A",0,12,36,36,3,"DM","M2",0.459838921326466
"Aber-2016|Brau-2015|Brau-2016",3,"A",0,12,36,36,3,"DM","M2",0.499983907861631
"Brau-2014|Brau-2015|Brau-2016",3,"A",0,12,36,36,3,"DM","M2",0.48344961231236
"Aber-2015|Aber-2016|Brau-2014",3,"B",9,9,36,54,3,"DM","M2",0.405065170188275
"Aber-2015|Aber-2016|Brau-2015",3,"B",9,9,36,54,3,"DM","M2",0.31932236475491
"Aber-2015|Aber-2016|Brau-2016",3,"B",9,9,36,54,3,"DM","M2",0.493510873411354
"Aber-2015|Brau-2014|Brau-2015",3,"B",9,9,36,54,3,"DM","M2",0.527427193331569
"Aber-2015|Brau-2014|Brau-2016",3,"B",9,9,36,54,3,"DM","M2",0.319853841544696
"Aber-2015|Brau-2015|Brau-2016",3,"B",9,9,36,54,3,"DM","M2",0.503079069461892
"Aber-2016|Brau-2014|Brau-2015",3,"B",9,9,36,54,3,"DM","M2",0.487575170341205
"Aber-2016|Brau-2014|Brau-2016",3,"B",9,9,36,54,3,"DM","M2",0.434239194087646
"Aber-2016|Brau-2015|Brau-2016",3,"B",9,9,36,54,3,"DM","M2",0.451665522827833
"Brau-2014|Brau-2015|Brau-2016",3,"B",9,9,36,54,3,"DM","M2",0.441648723105004
"Aber-2015|Aber-2016|Brau-2014",3,"C",18,6,36,72,3,"DM","M2",0.538577205450321
"Aber-2015|Aber-2016|Brau-2015",3,"C",18,6,36,72,3,"DM","M2",0.486785772822669
"Aber-2015|Aber-2016|Brau-2016",3,"C",18,6,36,72,3,"DM","M2",0.54909457177006
"Aber-2015|Brau-2014|Brau-2015",3,"C",18,6,36,72,3,"DM","M2",0.565353562507068
"Aber-2015|Brau-2014|Brau-2016",3,"C",18,6,36,72,3,"DM","M2",0.446245097496762
"Aber-2015|Brau-2015|Brau-2016",3,"C",18,6,36,72,3,"DM","M2",0.283253080200321
"Aber-2016|Brau-2014|Brau-2015",3,"C",18,6,36,72,3,"DM","M2",0.496314478117296
"Aber-2016|Brau-2014|Brau-2016",3,"C",18,6,36,72,3,"DM","M2",0.345701719105445
"Aber-2016|Brau-2015|Brau-2016",3,"C",18,6,36,72,3,"DM","M2",0.435547761900593
"Brau-2014|Brau-2015|Brau-2016",3,"C",18,6,36,72,3,"DM","M2",0.507880203047433
"Aber-2015|Aber-2016|Brau-2014",3,"D",27,3,36,90,3,"DM","M2",0.43022257196142
"Aber-2015|Aber-2016|Brau-2015",3,"D",27,3,36,90,3,"DM","M2",0.57632246160702
"Aber-2015|Aber-2016|Brau-2016",3,"D",27,3,36,90,3,"DM","M2",0.519035613506628
"Aber-2015|Brau-2014|Brau-2015",3,"D",27,3,36,90,3,"DM","M2",0.559300021704618
"Aber-2015|Brau-2014|Brau-2016",3,"D",27,3,36,90,3,"DM","M2",0.494290983369184
"Aber-2015|Brau-2015|Brau-2016",3,"D",27,3,36,90,3,"DM","M2",0.530592385390621
"Aber-2016|Brau-2014|Brau-2015",3,"D",27,3,36,90,3,"DM","M2",0.471512348761827
"Aber-2016|Brau-2014|Brau-2016",3,"D",27,3,36,90,3,"DM","M2",0.412313894097547
"Aber-2016|Brau-2015|Brau-2016",3,"D",27,3,36,90,3,"DM","M2",0.44846498379548
"Brau-2014|Brau-2015|Brau-2016",3,"D",27,3,36,90,3,"DM","M2",0.500315467022407
"Aber-2015|Aber-2016|Brau-2014",3,"E",36,0,36,108,3,"DM","M2",0.458913890179361
"Aber-2015|Aber-2016|Brau-2015",3,"E",36,0,36,108,3,"DM","M2",0.506035033435991
"Aber-2015|Aber-2016|Brau-2016",3,"E",36,0,36,108,3,"DM","M2",0.544374197671896
"Aber-2015|Brau-2014|Brau-2015",3,"E",36,0,36,108,3,"DM","M2",0.512959332499273
"Aber-2015|Brau-2014|Brau-2016",3,"E",36,0,36,108,3,"DM","M2",0.358388106801441
"Aber-2015|Brau-2015|Brau-2016",3,"E",36,0,36,108,3,"DM","M2",0.445639249917854
"Aber-2016|Brau-2014|Brau-2015",3,"E",36,0,36,108,3,"DM","M2",0.430706171410151
"Aber-2016|Brau-2014|Brau-2016",3,"E",36,0,36,108,3,"DM","M2",0.459740015660697
"Aber-2016|Brau-2015|Brau-2016",3,"E",36,0,36,108,3,"DM","M2",0.456100303722484
"Brau-2014|Brau-2015|Brau-2016",3,"E",36,0,36,108,3,"DM","M2",0.430888621835142
"Aber-2015|Aber-2016|Brau-2014",3,"A",0,12,36,36,4,"DM","M2",0.434123531618364
"Aber-2015|Aber-2016|Brau-2015",3,"A",0,12,36,36,4,"DM","M2",0.486344887654856
"Aber-2015|Aber-2016|Brau-2016",3,"A",0,12,36,36,4,"DM","M2",0.471749207486362
"Aber-2015|Brau-2014|Brau-2015",3,"A",0,12,36,36,4,"DM","M2",0.373648081108924
"Aber-2015|Brau-2014|Brau-2016",3,"A",0,12,36,36,4,"DM","M2",0.48916557534235
"Aber-2015|Brau-2015|Brau-2016",3,"A",0,12,36,36,4,"DM","M2",0.511048319804806
"Aber-2016|Brau-2014|Brau-2015",3,"A",0,12,36,36,4,"DM","M2",0.469225223924904
"Aber-2016|Brau-2014|Brau-2016",3,"A",0,12,36,36,4,"DM","M2",0.438114259390917
"Aber-2016|Brau-2015|Brau-2016",3,"A",0,12,36,36,4,"DM","M2",0.554629722425568
"Brau-2014|Brau-2015|Brau-2016",3,"A",0,12,36,36,4,"DM","M2",0.437530614826141
"Aber-2015|Aber-2016|Brau-2014",3,"B",9,9,36,54,4,"DM","M2",0.517264910418583
"Aber-2015|Aber-2016|Brau-2015",3,"B",9,9,36,54,4,"DM","M2",0.543405980418751
"Aber-2015|Aber-2016|Brau-2016",3,"B",9,9,36,54,4,"DM","M2",0.511825231485867
"Aber-2015|Brau-2014|Brau-2015",3,"B",9,9,36,54,4,"DM","M2",0.467443964154948
"Aber-2015|Brau-2014|Brau-2016",3,"B",9,9,36,54,4,"DM","M2",0.470038495072974
"Aber-2015|Brau-2015|Brau-2016",3,"B",9,9,36,54,4,"DM","M2",0.400049559086407
"Aber-2016|Brau-2014|Brau-2015",3,"B",9,9,36,54,4,"DM","M2",0.210908856181702
"Aber-2016|Brau-2014|Brau-2016",3,"B",9,9,36,54,4,"DM","M2",0.472091856506623
"Aber-2016|Brau-2015|Brau-2016",3,"B",9,9,36,54,4,"DM","M2",0.422899944615711
"Brau-2014|Brau-2015|Brau-2016",3,"B",9,9,36,54,4,"DM","M2",0.518325258316102
"Aber-2015|Aber-2016|Brau-2014",3,"C",18,6,36,72,4,"DM","M2",0.43202686545598
"Aber-2015|Aber-2016|Brau-2015",3,"C",18,6,36,72,4,"DM","M2",0.503019251777383
"Aber-2015|Aber-2016|Brau-2016",3,"C",18,6,36,72,4,"DM","M2",0.494771484048245
"Aber-2015|Brau-2014|Brau-2015",3,"C",18,6,36,72,4,"DM","M2",0.551499710119234
"Aber-2015|Brau-2014|Brau-2016",3,"C",18,6,36,72,4,"DM","M2",0.552516195831072
"Aber-2015|Brau-2015|Brau-2016",3,"C",18,6,36,72,4,"DM","M2",0.369572370350291
"Aber-2016|Brau-2014|Brau-2015",3,"C",18,6,36,72,4,"DM","M2",0.479456045357214
"Aber-2016|Brau-2014|Brau-2016",3,"C",18,6,36,72,4,"DM","M2",0.437175686430546
"Aber-2016|Brau-2015|Brau-2016",3,"C",18,6,36,72,4,"DM","M2",0.363354987810432
"Brau-2014|Brau-2015|Brau-2016",3,"C",18,6,36,72,4,"DM","M2",0.454514172020642
"Aber-2015|Aber-2016|Brau-2014",3,"D",27,3,36,90,4,"DM","M2",0.49562157628131
"Aber-2015|Aber-2016|Brau-2015",3,"D",27,3,36,90,4,"DM","M2",0.469025471773685
"Aber-2015|Aber-2016|Brau-2016",3,"D",27,3,36,90,4,"DM","M2",0.492065389306835
"Aber-2015|Brau-2014|Brau-2015",3,"D",27,3,36,90,4,"DM","M2",0.544028719548472
"Aber-2015|Brau-2014|Brau-2016",3,"D",27,3,36,90,4,"DM","M2",0.450841754414122
"Aber-2015|Brau-2015|Brau-2016",3,"D",27,3,36,90,4,"DM","M2",0.514814462856708
"Aber-2016|Brau-2014|Brau-2015",3,"D",27,3,36,90,4,"DM","M2",0.490635068694196
"Aber-2016|Brau-2014|Brau-2016",3,"D",27,3,36,90,4,"DM","M2",0.484999606593094
"Aber-2016|Brau-2015|Brau-2016",3,"D",27,3,36,90,4,"DM","M2",0.265425785333794
"Brau-2014|Brau-2015|Brau-2016",3,"D",27,3,36,90,4,"DM","M2",0.396572678198461
"Aber-2015|Aber-2016|Brau-2014",3,"E",36,0,36,108,4,"DM","M2",0.480691681231217
"Aber-2015|Aber-2016|Brau-2015",3,"E",36,0,36,108,4,"DM","M2",0.493608258685097
"Aber-2015|Aber-2016|Brau-2016",3,"E",36,0,36,108,4,"DM","M2",0.526214597171166
"Aber-2015|Brau-2014|Brau-2015",3,"E",36,0,36,108,4,"DM","M2",0.581793861902811
"Aber-2015|Brau-2014|Brau-2016",3,"E",36,0,36,108,4,"DM","M2",0.369615174670935
"Aber-2015|Brau-2015|Brau-2016",3,"E",36,0,36,108,4,"DM","M2",0.467392111834869
"Aber-2016|Brau-2014|Brau-2015",3,"E",36,0,36,108,4,"DM","M2",0.518212785416408
"Aber-2016|Brau-2014|Brau-2016",3,"E",36,0,36,108,4,"DM","M2",0.390086197991404
"Aber-2016|Brau-2015|Brau-2016",3,"E",36,0,36,108,4,"DM","M2",0.495411361366567
"Brau-2014|Brau-2015|Brau-2016",3,"E",36,0,36,108,4,"DM","M2",0.479273388373285
"Aber-2015|Aber-2016|Brau-2014",3,"A",0,12,36,36,5,"DM","M2",0.45481582754081
"Aber-2015|Aber-2016|Brau-2015",3,"A",0,12,36,36,5,"DM","M2",0.583592405405835
"Aber-2015|Aber-2016|Brau-2016",3,"A",0,12,36,36,5,"DM","M2",0.429743109008578
"Aber-2015|Brau-2014|Brau-2015",3,"A",0,12,36,36,5,"DM","M2",0.460576695664343
"Aber-2015|Brau-2014|Brau-2016",3,"A",0,12,36,36,5,"DM","M2",0.408518211109165
"Aber-2015|Brau-2015|Brau-2016",3,"A",0,12,36,36,5,"DM","M2",0.525676633853788
"Aber-2016|Brau-2014|Brau-2015",3,"A",0,12,36,36,5,"DM","M2",0.446306245307225
"Aber-2016|Brau-2014|Brau-2016",3,"A",0,12,36,36,5,"DM","M2",0.498685252670156
"Aber-2016|Brau-2015|Brau-2016",3,"A",0,12,36,36,5,"DM","M2",0.522880272298313
"Brau-2014|Brau-2015|Brau-2016",3,"A",0,12,36,36,5,"DM","M2",0.47426120453464
"Aber-2015|Aber-2016|Brau-2014",3,"B",9,9,36,54,5,"DM","M2",0.259241751792263
"Aber-2015|Aber-2016|Brau-2015",3,"B",9,9,36,54,5,"DM","M2",0.479844863807507
"Aber-2015|Aber-2016|Brau-2016",3,"B",9,9,36,54,5,"DM","M2",0.46048459061425
"Aber-2015|Brau-2014|Brau-2015",3,"B",9,9,36,54,5,"DM","M2",0.548887018150832
"Aber-2015|Brau-2014|Brau-2016",3,"B",9,9,36,54,5,"DM","M2",0.437237884985215
"Aber-2015|Brau-2015|Brau-2016",3,"B",9,9,36,54,5,"DM","M2",0.287245830382983
"Aber-2016|Brau-2014|Brau-2015",3,"B",9,9,36,54,5,"DM","M2",0.498606320420594
"Aber-2016|Brau-2014|Brau-2016",3,"B",9,9,36,54,5,"DM","M2",0.480583592895409
"Aber-2016|Brau-2015|Brau-2016",3,"B",9,9,36,54,5,"DM","M2",0.485042985369316
"Brau-2014|Brau-2015|Brau-2016",3,"B",9,9,36,54,5,"DM","M2",0.485157680272513
"Aber-2015|Aber-2016|Brau-2014",3,"C",18,6,36,72,5,"DM","M2",0.491980979617103
"Aber-2015|Aber-2016|Brau-2015",3,"C",18,6,36,72,5,"DM","M2",0.521395639262536
"Aber-2015|Aber-2016|Brau-2016",3,"C",18,6,36,72,5,"DM","M2",0.48550119911274
"Aber-2015|Brau-2014|Brau-2015",3,"C",18,6,36,72,5,"DM","M2",0.525921791171786
"Aber-2015|Brau-2014|Brau-2016",3,"C",18,6,36,72,5,"DM","M2",0.448767629938099
"Aber-2015|Brau-2015|Brau-2016",3,"C",18,6,36,72,5,"DM","M2",0.516003131590877
"Aber-2016|Brau-2014|Brau-2015",3,"C",18,6,36,72,5,"DM","M2",0.468853993314265
"Aber-2016|Brau-2014|Brau-2016",3,"C",18,6,36,72,5,"DM","M2",0.388550531193861
"Aber-2016|Brau-2015|Brau-2016",3,"C",18,6,36,72,5,"DM","M2",0.461733341134988
"Brau-2014|Brau-2015|Brau-2016",3,"C",18,6,36,72,5,"DM","M2",0.510709190422814
"Aber-2015|Aber-2016|Brau-2014",3,"D",27,3,36,90,5,"DM","M2",0.522364852881986
"Aber-2015|Aber-2016|Brau-2015",3,"D",27,3,36,90,5,"DM","M2",0.468532470148743
"Aber-2015|Aber-2016|Brau-2016",3,"D",27,3,36,90,5,"DM","M2",0.513198135056385
"Aber-2015|Brau-2014|Brau-2015",3,"D",27,3,36,90,5,"DM","M2",0.544315981566649
"Aber-2015|Brau-2014|Brau-2016",3,"D",27,3,36,90,5,"DM","M2",0.479937428668909
"Aber-2015|Brau-2015|Brau-2016",3,"D",27,3,36,90,5,"DM","M2",0.53717833495477
"Aber-2016|Brau-2014|Brau-2015",3,"D",27,3,36,90,5,"DM","M2",0.472785711398382
"Aber-2016|Brau-2014|Brau-2016",3,"D",27,3,36,90,5,"DM","M2",0.445443204621648
"Aber-2016|Brau-2015|Brau-2016",3,"D",27,3,36,90,5,"DM","M2",0.329848536255517
"Brau-2014|Brau-2015|Brau-2016",3,"D",27,3,36,90,5,"DM","M2",0.312271597705657
"Aber-2015|Aber-2016|Brau-2014",3,"E",36,0,36,108,5,"DM","M2",0.482794329211404
"Aber-2015|Aber-2016|Brau-2015",3,"E",36,0,36,108,5,"DM","M2",0.508646264778091
"Aber-2015|Aber-2016|Brau-2016",3,"E",36,0,36,108,5,"DM","M2",0.457538257127933
"Aber-2015|Brau-2014|Brau-2015",3,"E",36,0,36,108,5,"DM","M2",0.566585901093502
"Aber-2015|Brau-2014|Brau-2016",3,"E",36,0,36,108,5,"DM","M2",0.554375581891118
"Aber-2015|Brau-2015|Brau-2016",3,"E",36,0,36,108,5,"DM","M2",0.478924123843354
"Aber-2016|Brau-2014|Brau-2015",3,"E",36,0,36,108,5,"DM","M2",0.517283971474164
"Aber-2016|Brau-2014|Brau-2016",3,"E",36,0,36,108,5,"DM","M2",0.436327156144269
"Aber-2016|Brau-2015|Brau-2016",3,"E",36,0,36,108,5,"DM","M2",0.514164179070391
"Brau-2014|Brau-2015|Brau-2016",3,"E",36,0,36,108,5,"DM","M2",0.488934575102046
"Aber-2015|Aber-2016|Brau-2014",3,"A",0,12,36,36,1,"FW","M2",0.520538092937984
"Aber-2015|Aber-2016|Brau-2015",3,"A",0,12,36,36,1,"FW","M2",0.444419762353496
"Aber-2015|Aber-2016|Brau-2016",3,"A",0,12,36,36,1,"FW","M2",0.355456151430556
"Aber-2015|Brau-2014|Brau-2015",3,"A",0,12,36,36,1,"FW","M2",0.376460876447859
"Aber-2015|Brau-2014|Brau-2016",3,"A",0,12,36,36,1,"FW","M2",0.349621706982028
"Aber-2015|Brau-2015|Brau-2016",3,"A",0,12,36,36,1,"FW","M2",0.467507543063762
"Aber-2016|Brau-2014|Brau-2015",3,"A",0,12,36,36,1,"FW","M2",0.504903927437602
"Aber-2016|Brau-2014|Brau-2016",3,"A",0,12,36,36,1,"FW","M2",0.35952403457743
"Aber-2016|Brau-2015|Brau-2016",3,"A",0,12,36,36,1,"FW","M2",0.422215481427504
"Brau-2014|Brau-2015|Brau-2016",3,"A",0,12,36,36,1,"FW","M2",0.5042613982196
"Aber-2015|Aber-2016|Brau-2014",3,"B",9,9,36,54,1,"FW","M2",0.478433611710008
"Aber-2015|Aber-2016|Brau-2015",3,"B",9,9,36,54,1,"FW","M2",0.497238207353746
"Aber-2015|Aber-2016|Brau-2016",3,"B",9,9,36,54,1,"FW","M2",0.434886717970133
"Aber-2015|Brau-2014|Brau-2015",3,"B",9,9,36,54,1,"FW","M2",0.496470147872602
"Aber-2015|Brau-2014|Brau-2016",3,"B",9,9,36,54,1,"FW","M2",0.398964744683861
"Aber-2015|Brau-2015|Brau-2016",3,"B",9,9,36,54,1,"FW","M2",0.339479318245407
"Aber-2016|Brau-2014|Brau-2015",3,"B",9,9,36,54,1,"FW","M2",0.448753285574524
"Aber-2016|Brau-2014|Brau-2016",3,"B",9,9,36,54,1,"FW","M2",0.444125822922287
"Aber-2016|Brau-2015|Brau-2016",3,"B",9,9,36,54,1,"FW","M2",0.417251023810532
"Brau-2014|Brau-2015|Brau-2016",3,"B",9,9,36,54,1,"FW","M2",0.558617407440815
"Aber-2015|Aber-2016|Brau-2014",3,"C",18,6,36,72,1,"FW","M2",0.480992322890513
"Aber-2015|Aber-2016|Brau-2015",3,"C",18,6,36,72,1,"FW","M2",0.4885271098926
"Aber-2015|Aber-2016|Brau-2016",3,"C",18,6,36,72,1,"FW","M2",0.460758707064535
"Aber-2015|Brau-2014|Brau-2015",3,"C",18,6,36,72,1,"FW","M2",0.510397177868118
"Aber-2015|Brau-2014|Brau-2016",3,"C",18,6,36,72,1,"FW","M2",0.322615137863106
"Aber-2015|Brau-2015|Brau-2016",3,"C",18,6,36,72,1,"FW","M2",0.516456663234429
"Aber-2016|Brau-2014|Brau-2015",3,"C",18,6,36,72,1,"FW","M2",0.485839397925543
"Aber-2016|Brau-2014|Brau-2016",3,"C",18,6,36,72,1,"FW","M2",0.43135559235551
"Aber-2016|Brau-2015|Brau-2016",3,"C",18,6,36,72,1,"FW","M2",0.39393151895118
"Brau-2014|Brau-2015|Brau-2016",3,"C",18,6,36,72,1,"FW","M2",0.455281961083579
"Aber-2015|Aber-2016|Brau-2014",3,"D",27,3,36,90,1,"FW","M2",0.487961553412256
"Aber-2015|Aber-2016|Brau-2015",3,"D",27,3,36,90,1,"FW","M2",0.501500837539354
"Aber-2015|Aber-2016|Brau-2016",3,"D",27,3,36,90,1,"FW","M2",0.371735308234549
"Aber-2015|Brau-2014|Brau-2015",3,"D",27,3,36,90,1,"FW","M2",0.54230591081718
"Aber-2015|Brau-2014|Brau-2016",3,"D",27,3,36,90,1,"FW","M2",0.459753336198766
"Aber-2015|Brau-2015|Brau-2016",3,"D",27,3,36,90,1,"FW","M2",0.496720678565545
"Aber-2016|Brau-2014|Brau-2015",3,"D",27,3,36,90,1,"FW","M2",0.420809894822234
"Aber-2016|Brau-2014|Brau-2016",3,"D",27,3,36,90,1,"FW","M2",0.511004682218366
"Aber-2016|Brau-2015|Brau-2016",3,"D",27,3,36,90,1,"FW","M2",0.343269385570325
"Brau-2014|Brau-2015|Brau-2016",3,"D",27,3,36,90,1,"FW","M2",0.509001998066904
"Aber-2015|Aber-2016|Brau-2014",3,"E",36,0,36,108,1,"FW","M2",0.32395727184853
"Aber-2015|Aber-2016|Brau-2015",3,"E",36,0,36,108,1,"FW","M2",0.51794345099915
"Aber-2015|Aber-2016|Brau-2016",3,"E",36,0,36,108,1,"FW","M2",0.369631146076407
"Aber-2015|Brau-2014|Brau-2015",3,"E",36,0,36,108,1,"FW","M2",0.511455618502261
"Aber-2015|Brau-2014|Brau-2016",3,"E",36,0,36,108,1,"FW","M2",0.446819071327443
"Aber-2015|Brau-2015|Brau-2016",3,"E",36,0,36,108,1,"FW","M2",0.459350921037438
"Aber-2016|Brau-2014|Brau-2015",3,"E",36,0,36,108,1,"FW","M2",0.369709917143658
"Aber-2016|Brau-2014|Brau-2016",3,"E",36,0,36,108,1,"FW","M2",0.394277370180854
"Aber-2016|Brau-2015|Brau-2016",3,"E",36,0,36,108,1,"FW","M2",0.387133424323318
"Brau-2014|Brau-2015|Brau-2016",3,"E",36,0,36,108,1,"FW","M2",0.52155685985783
"Aber-2015|Aber-2016|Brau-2014",3,"A",0,12,36,36,2,"FW","M2",0.452087024059625
"Aber-2015|Aber-2016|Brau-2015",3,"A",0,12,36,36,2,"FW","M2",0.487253678926597
"Aber-2015|Aber-2016|Brau-2016",3,"A",0,12,36,36,2,"FW","M2",0.272717244646356
"Aber-2015|Brau-2014|Brau-2015",3,"A",0,12,36,36,2,"FW","M2",0.204295014960491
"Aber-2015|Brau-2014|Brau-2016",3,"A",0,12,36,36,2,"FW","M2",-0.106972432018173
"Aber-2015|Brau-2015|Brau-2016",3,"A",0,12,36,36,2,"FW","M2",0.558954537634564
"Aber-2016|Brau-2014|Brau-2015",3,"A",0,12,36,36,2,"FW","M2",0.513067410816694
"Aber-2016|Brau-2014|Brau-2016",3,"A",0,12,36,36,2,"FW","M2",0.279801716760453
"Aber-2016|Brau-2015|Brau-2016",3,"A",0,12,36,36,2,"FW","M2",0.421698779235479
"Brau-2014|Brau-2015|Brau-2016",3,"A",0,12,36,36,2,"FW","M2",0.481121189214621
"Aber-2015|Aber-2016|Brau-2014",3,"B",9,9,36,54,2,"FW","M2",0.473301745376416
"Aber-2015|Aber-2016|Brau-2015",3,"B",9,9,36,54,2,"FW","M2",0.496752339886419
"Aber-2015|Aber-2016|Brau-2016",3,"B",9,9,36,54,2,"FW","M2",0.471384284388367
"Aber-2015|Brau-2014|Brau-2015",3,"B",9,9,36,54,2,"FW","M2",0.512615815683199
"Aber-2015|Brau-2014|Brau-2016",3,"B",9,9,36,54,2,"FW","M2",0.496539319772958
"Aber-2015|Brau-2015|Brau-2016",3,"B",9,9,36,54,2,"FW","M2",0.412750965212344
"Aber-2016|Brau-2014|Brau-2015",3,"B",9,9,36,54,2,"FW","M2",0.472328985843132
"Aber-2016|Brau-2014|Brau-2016",3,"B",9,9,36,54,2,"FW","M2",0.347965931802928
"Aber-2016|Brau-2015|Brau-2016",3,"B",9,9,36,54,2,"FW","M2",0.356090831489408
"Brau-2014|Brau-2015|Brau-2016",3,"B",9,9,36,54,2,"FW","M2",0.480567383726435
"Aber-2015|Aber-2016|Brau-2014",3,"C",18,6,36,72,2,"FW","M2",0.461712850888753
"Aber-2015|Aber-2016|Brau-2015",3,"C",18,6,36,72,2,"FW","M2",0.501715186673545
"Aber-2015|Aber-2016|Brau-2016",3,"C",18,6,36,72,2,"FW","M2",0.365297278170681
"Aber-2015|Brau-2014|Brau-2015",3,"C",18,6,36,72,2,"FW","M2",0.495322216887427
"Aber-2015|Brau-2014|Brau-2016",3,"C",18,6,36,72,2,"FW","M2",0.502798234384274
"Aber-2015|Brau-2015|Brau-2016",3,"C",18,6,36,72,2,"FW","M2",0.52634604490661
"Aber-2016|Brau-2014|Brau-2015",3,"C",18,6,36,72,2,"FW","M2",0.345536199394939
"Aber-2016|Brau-2014|Brau-2016",3,"C",18,6,36,72,2,"FW","M2",0.318994232804102
"Aber-2016|Brau-2015|Brau-2016",3,"C",18,6,36,72,2,"FW","M2",0.341222636161679
"Brau-2014|Brau-2015|Brau-2016",3,"C",18,6,36,72,2,"FW","M2",0.486041939146496
"Aber-2015|Aber-2016|Brau-2014",3,"D",27,3,36,90,2,"FW","M2",0.437436560759534
"Aber-2015|Aber-2016|Brau-2015",3,"D",27,3,36,90,2,"FW","M2",0.413520602369114
"Aber-2015|Aber-2016|Brau-2016",3,"D",27,3,36,90,2,"FW","M2",0.46696502560555
"Aber-2015|Brau-2014|Brau-2015",3,"D",27,3,36,90,2,"FW","M2",0.470395496534007
"Aber-2015|Brau-2014|Brau-2016",3,"D",27,3,36,90,2,"FW","M2",0.412440649442066
"Aber-2015|Brau-2015|Brau-2016",3,"D",27,3,36,90,2,"FW","M2",0.50145471776659
"Aber-2016|Brau-2014|Brau-2015",3,"D",27,3,36,90,2,"FW","M2",0.349450554316652
"Aber-2016|Brau-2014|Brau-2016",3,"D",27,3,36,90,2,"FW","M2",0.422163508269719
"Aber-2016|Brau-2015|Brau-2016",3,"D",27,3,36,90,2,"FW","M2",0.446985595806583
"Brau-2014|Brau-2015|Brau-2016",3,"D",27,3,36,90,2,"FW","M2",0.504730815345538
"Aber-2015|Aber-2016|Brau-2014",3,"E",36,0,36,108,2,"FW","M2",0.410382394347249
"Aber-2015|Aber-2016|Brau-2015",3,"E",36,0,36,108,2,"FW","M2",0.443183684494985
"Aber-2015|Aber-2016|Brau-2016",3,"E",36,0,36,108,2,"FW","M2",0.438273395234123
"Aber-2015|Brau-2014|Brau-2015",3,"E",36,0,36,108,2,"FW","M2",0.508325669433273
"Aber-2015|Brau-2014|Brau-2016",3,"E",36,0,36,108,2,"FW","M2",0.461470466718469
"Aber-2015|Brau-2015|Brau-2016",3,"E",36,0,36,108,2,"FW","M2",0.523094877721512
"Aber-2016|Brau-2014|Brau-2015",3,"E",36,0,36,108,2,"FW","M2",0.49960739109461
"Aber-2016|Brau-2014|Brau-2016",3,"E",36,0,36,108,2,"FW","M2",0.415115444806765
"Aber-2016|Brau-2015|Brau-2016",3,"E",36,0,36,108,2,"FW","M2",0.423317092677643
"Brau-2014|Brau-2015|Brau-2016",3,"E",36,0,36,108,2,"FW","M2",0.445533139240404
"Aber-2015|Aber-2016|Brau-2014",3,"A",0,12,36,36,3,"FW","M2",0.345632669986634
"Aber-2015|Aber-2016|Brau-2015",3,"A",0,12,36,36,3,"FW","M2",0.49830612811782
"Aber-2015|Aber-2016|Brau-2016",3,"A",0,12,36,36,3,"FW","M2",0.554451104869902
"Aber-2015|Brau-2014|Brau-2015",3,"A",0,12,36,36,3,"FW","M2",0.510326736264464
"Aber-2015|Brau-2014|Brau-2016",3,"A",0,12,36,36,3,"FW","M2",0.450103201022453
"Aber-2015|Brau-2015|Brau-2016",3,"A",0,12,36,36,3,"FW","M2",0.489343704638227
"Aber-2016|Brau-2014|Brau-2015",3,"A",0,12,36,36,3,"FW","M2",0.451145187798652
"Aber-2016|Brau-2014|Brau-2016",3,"A",0,12,36,36,3,"FW","M2",0.455916662451595
"Aber-2016|Brau-2015|Brau-2016",3,"A",0,12,36,36,3,"FW","M2",0.485693878094177
"Brau-2014|Brau-2015|Brau-2016",3,"A",0,12,36,36,3,"FW","M2",0.471679378044538
"Aber-2015|Aber-2016|Brau-2014",3,"B",9,9,36,54,3,"FW","M2",0.348570012413317
"Aber-2015|Aber-2016|Brau-2015",3,"B",9,9,36,54,3,"FW","M2",0.335673885597487
"Aber-2015|Aber-2016|Brau-2016",3,"B",9,9,36,54,3,"FW","M2",0.418988425974891
"Aber-2015|Brau-2014|Brau-2015",3,"B",9,9,36,54,3,"FW","M2",0.506462405545418
"Aber-2015|Brau-2014|Brau-2016",3,"B",9,9,36,54,3,"FW","M2",0.180744508086149
"Aber-2015|Brau-2015|Brau-2016",3,"B",9,9,36,54,3,"FW","M2",0.482243673380134
"Aber-2016|Brau-2014|Brau-2015",3,"B",9,9,36,54,3,"FW","M2",0.469417163983142
"Aber-2016|Brau-2014|Brau-2016",3,"B",9,9,36,54,3,"FW","M2",0.425749149445555
"Aber-2016|Brau-2015|Brau-2016",3,"B",9,9,36,54,3,"FW","M2",0.429346653790183
"Brau-2014|Brau-2015|Brau-2016",3,"B",9,9,36,54,3,"FW","M2",0.399017271457803
"Aber-2015|Aber-2016|Brau-2014",3,"C",18,6,36,72,3,"FW","M2",0.521285544155811
"Aber-2015|Aber-2016|Brau-2015",3,"C",18,6,36,72,3,"FW","M2",0.480061696150911
"Aber-2015|Aber-2016|Brau-2016",3,"C",18,6,36,72,3,"FW","M2",0.542211597250341
"Aber-2015|Brau-2014|Brau-2015",3,"C",18,6,36,72,3,"FW","M2",0.530400082167951
"Aber-2015|Brau-2014|Brau-2016",3,"C",18,6,36,72,3,"FW","M2",0.391864720817909
"Aber-2015|Brau-2015|Brau-2016",3,"C",18,6,36,72,3,"FW","M2",0.288152817187655
"Aber-2016|Brau-2014|Brau-2015",3,"C",18,6,36,72,3,"FW","M2",0.439037900091231
"Aber-2016|Brau-2014|Brau-2016",3,"C",18,6,36,72,3,"FW","M2",0.239824593093424
"Aber-2016|Brau-2015|Brau-2016",3,"C",18,6,36,72,3,"FW","M2",0.405804316511579
"Brau-2014|Brau-2015|Brau-2016",3,"C",18,6,36,72,3,"FW","M2",0.496965892023063
"Aber-2015|Aber-2016|Brau-2014",3,"D",27,3,36,90,3,"FW","M2",0.389157251733058
"Aber-2015|Aber-2016|Brau-2015",3,"D",27,3,36,90,3,"FW","M2",0.569891317205548
"Aber-2015|Aber-2016|Brau-2016",3,"D",27,3,36,90,3,"FW","M2",0.483099615333412
"Aber-2015|Brau-2014|Brau-2015",3,"D",27,3,36,90,3,"FW","M2",0.522618910881262
"Aber-2015|Brau-2014|Brau-2016",3,"D",27,3,36,90,3,"FW","M2",0.460333855265251
"Aber-2015|Brau-2015|Brau-2016",3,"D",27,3,36,90,3,"FW","M2",0.517765025838574
"Aber-2016|Brau-2014|Brau-2015",3,"D",27,3,36,90,3,"FW","M2",0.440963781354013
"Aber-2016|Brau-2014|Brau-2016",3,"D",27,3,36,90,3,"FW","M2",0.400947417386375
"Aber-2016|Brau-2015|Brau-2016",3,"D",27,3,36,90,3,"FW","M2",0.405374761880607
"Brau-2014|Brau-2015|Brau-2016",3,"D",27,3,36,90,3,"FW","M2",0.488605205660723
"Aber-2015|Aber-2016|Brau-2014",3,"E",36,0,36,108,3,"FW","M2",0.438097468175904
"Aber-2015|Aber-2016|Brau-2015",3,"E",36,0,36,108,3,"FW","M2",0.475372886102856
"Aber-2015|Aber-2016|Brau-2016",3,"E",36,0,36,108,3,"FW","M2",0.516055932049285
"Aber-2015|Brau-2014|Brau-2015",3,"E",36,0,36,108,3,"FW","M2",0.488461743766129
"Aber-2015|Brau-2014|Brau-2016",3,"E",36,0,36,108,3,"FW","M2",0.200041120280234
"Aber-2015|Brau-2015|Brau-2016",3,"E",36,0,36,108,3,"FW","M2",0.370030813737582
"Aber-2016|Brau-2014|Brau-2015",3,"E",36,0,36,108,3,"FW","M2",0.307038967945824
"Aber-2016|Brau-2014|Brau-2016",3,"E",36,0,36,108,3,"FW","M2",0.43415143263535
"Aber-2016|Brau-2015|Brau-2016",3,"E",36,0,36,108,3,"FW","M2",0.447172274299827
"Brau-2014|Brau-2015|Brau-2016",3,"E",36,0,36,108,3,"FW","M2",0.395169695403484
"Aber-2015|Aber-2016|Brau-2014",3,"A",0,12,36,36,4,"FW","M2",0.432923498959642
"Aber-2015|Aber-2016|Brau-2015",3,"A",0,12,36,36,4,"FW","M2",0.471192987147034
"Aber-2015|Aber-2016|Brau-2016",3,"A",0,12,36,36,4,"FW","M2",0.454481764197312
"Aber-2015|Brau-2014|Brau-2015",3,"A",0,12,36,36,4,"FW","M2",0.336182315428644
"Aber-2015|Brau-2014|Brau-2016",3,"A",0,12,36,36,4,"FW","M2",0.447183741622254
"Aber-2015|Brau-2015|Brau-2016",3,"A",0,12,36,36,4,"FW","M2",0.453715475069691
"Aber-2016|Brau-2014|Brau-2015",3,"A",0,12,36,36,4,"FW","M2",0.436215129775119
"Aber-2016|Brau-2014|Brau-2016",3,"A",0,12,36,36,4,"FW","M2",0.410559225311833
"Aber-2016|Brau-2015|Brau-2016",3,"A",0,12,36,36,4,"FW","M2",0.513461472281284
"Brau-2014|Brau-2015|Brau-2016",3,"A",0,12,36,36,4,"FW","M2",0.418782873617952
"Aber-2015|Aber-2016|Brau-2014",3,"B",9,9,36,54,4,"FW","M2",0.497459506951428
"Aber-2015|Aber-2016|Brau-2015",3,"B",9,9,36,54,4,"FW","M2",0.588901220761903
"Aber-2015|Aber-2016|Brau-2016",3,"B",9,9,36,54,4,"FW","M2",0.478852074625227
"Aber-2015|Brau-2014|Brau-2015",3,"B",9,9,36,54,4,"FW","M2",0.417367042849746
"Aber-2015|Brau-2014|Brau-2016",3,"B",9,9,36,54,4,"FW","M2",0.457118137135265
"Aber-2015|Brau-2015|Brau-2016",3,"B",9,9,36,54,4,"FW","M2",0.410860864058184
"Aber-2016|Brau-2014|Brau-2015",3,"B",9,9,36,54,4,"FW","M2",0.103341516254204
"Aber-2016|Brau-2014|Brau-2016",3,"B",9,9,36,54,4,"FW","M2",0.452927886673573
"Aber-2016|Brau-2015|Brau-2016",3,"B",9,9,36,54,4,"FW","M2",0.379088311566934
"Brau-2014|Brau-2015|Brau-2016",3,"B",9,9,36,54,4,"FW","M2",0.513961682130441
"Aber-2015|Aber-2016|Brau-2014",3,"C",18,6,36,72,4,"FW","M2",0.372676624501034
"Aber-2015|Aber-2016|Brau-2015",3,"C",18,6,36,72,4,"FW","M2",0.472286529428734
"Aber-2015|Aber-2016|Brau-2016",3,"C",18,6,36,72,4,"FW","M2",0.476373766355437
"Aber-2015|Brau-2014|Brau-2015",3,"C",18,6,36,72,4,"FW","M2",0.521356602179542
"Aber-2015|Brau-2014|Brau-2016",3,"C",18,6,36,72,4,"FW","M2",0.498400211815209
"Aber-2015|Brau-2015|Brau-2016",3,"C",18,6,36,72,4,"FW","M2",0.346424710688992
"Aber-2016|Brau-2014|Brau-2015",3,"C",18,6,36,72,4,"FW","M2",0.475639499340458
"Aber-2016|Brau-2014|Brau-2016",3,"C",18,6,36,72,4,"FW","M2",0.398556992185388
"Aber-2016|Brau-2015|Brau-2016",3,"C",18,6,36,72,4,"FW","M2",0.233081207885109
"Brau-2014|Brau-2015|Brau-2016",3,"C",18,6,36,72,4,"FW","M2",0.405748048253453
"Aber-2015|Aber-2016|Brau-2014",3,"D",27,3,36,90,4,"FW","M2",0.460968802075353
"Aber-2015|Aber-2016|Brau-2015",3,"D",27,3,36,90,4,"FW","M2",0.454569010764279
"Aber-2015|Aber-2016|Brau-2016",3,"D",27,3,36,90,4,"FW","M2",0.479407614547398
"Aber-2015|Brau-2014|Brau-2015",3,"D",27,3,36,90,4,"FW","M2",0.513242176288644
"Aber-2015|Brau-2014|Brau-2016",3,"D",27,3,36,90,4,"FW","M2",0.379832931922686
"Aber-2015|Brau-2015|Brau-2016",3,"D",27,3,36,90,4,"FW","M2",0.428294216181211
"Aber-2016|Brau-2014|Brau-2015",3,"D",27,3,36,90,4,"FW","M2",0.461080695359892
"Aber-2016|Brau-2014|Brau-2016",3,"D",27,3,36,90,4,"FW","M2",0.456787874196225
"Aber-2016|Brau-2015|Brau-2016",3,"D",27,3,36,90,4,"FW","M2",0.243987380391198
"Brau-2014|Brau-2015|Brau-2016",3,"D",27,3,36,90,4,"FW","M2",0.375295946771555
"Aber-2015|Aber-2016|Brau-2014",3,"E",36,0,36,108,4,"FW","M2",0.459843886604733
"Aber-2015|Aber-2016|Brau-2015",3,"E",36,0,36,108,4,"FW","M2",0.522200299101912
"Aber-2015|Aber-2016|Brau-2016",3,"E",36,0,36,108,4,"FW","M2",0.499150542188405
"Aber-2015|Brau-2014|Brau-2015",3,"E",36,0,36,108,4,"FW","M2",0.540457887591415
"Aber-2015|Brau-2014|Brau-2016",3,"E",36,0,36,108,4,"FW","M2",0.35960331517674
"Aber-2015|Brau-2015|Brau-2016",3,"E",36,0,36,108,4,"FW","M2",0.454118469413916
"Aber-2016|Brau-2014|Brau-2015",3,"E",36,0,36,108,4,"FW","M2",0.478552159130601
"Aber-2016|Brau-2014|Brau-2016",3,"E",36,0,36,108,4,"FW","M2",0.359564951626264
"Aber-2016|Brau-2015|Brau-2016",3,"E",36,0,36,108,4,"FW","M2",0.475177698724393
"Brau-2014|Brau-2015|Brau-2016",3,"E",36,0,36,108,4,"FW","M2",0.459338017686364
"Aber-2015|Aber-2016|Brau-2014",3,"A",0,12,36,36,5,"FW","M2",0.444591995309927
"Aber-2015|Aber-2016|Brau-2015",3,"A",0,12,36,36,5,"FW","M2",0.557542501485901
"Aber-2015|Aber-2016|Brau-2016",3,"A",0,12,36,36,5,"FW","M2",0.400103227270485
"Aber-2015|Brau-2014|Brau-2015",3,"A",0,12,36,36,5,"FW","M2",0.446882281856847
"Aber-2015|Brau-2014|Brau-2016",3,"A",0,12,36,36,5,"FW","M2",0.301749038864613
"Aber-2015|Brau-2015|Brau-2016",3,"A",0,12,36,36,5,"FW","M2",0.486500808665133
"Aber-2016|Brau-2014|Brau-2015",3,"A",0,12,36,36,5,"FW","M2",0.425539585859055
"Aber-2016|Brau-2014|Brau-2016",3,"A",0,12,36,36,5,"FW","M2",0.464182960947104
"Aber-2016|Brau-2015|Brau-2016",3,"A",0,12,36,36,5,"FW","M2",0.514404391038923
"Brau-2014|Brau-2015|Brau-2016",3,"A",0,12,36,36,5,"FW","M2",0.425133515778306
"Aber-2015|Aber-2016|Brau-2014",3,"B",9,9,36,54,5,"FW","M2",0.197974043572407
"Aber-2015|Aber-2016|Brau-2015",3,"B",9,9,36,54,5,"FW","M2",0.467971934600639
"Aber-2015|Aber-2016|Brau-2016",3,"B",9,9,36,54,5,"FW","M2",0.427174369130915
"Aber-2015|Brau-2014|Brau-2015",3,"B",9,9,36,54,5,"FW","M2",0.519455716376981
"Aber-2015|Brau-2014|Brau-2016",3,"B",9,9,36,54,5,"FW","M2",0.398483810285754
"Aber-2015|Brau-2015|Brau-2016",3,"B",9,9,36,54,5,"FW","M2",0.162612158966488
"Aber-2016|Brau-2014|Brau-2015",3,"B",9,9,36,54,5,"FW","M2",0.458366663944552
"Aber-2016|Brau-2014|Brau-2016",3,"B",9,9,36,54,5,"FW","M2",0.43788273053627
"Aber-2016|Brau-2015|Brau-2016",3,"B",9,9,36,54,5,"FW","M2",0.438768674379473
"Brau-2014|Brau-2015|Brau-2016",3,"B",9,9,36,54,5,"FW","M2",0.446032219181084
"Aber-2015|Aber-2016|Brau-2014",3,"C",18,6,36,72,5,"FW","M2",0.454286779961558
"Aber-2015|Aber-2016|Brau-2015",3,"C",18,6,36,72,5,"FW","M2",0.482381476648072
"Aber-2015|Aber-2016|Brau-2016",3,"C",18,6,36,72,5,"FW","M2",0.469353136966025
"Aber-2015|Brau-2014|Brau-2015",3,"C",18,6,36,72,5,"FW","M2",0.489968793390115
"Aber-2015|Brau-2014|Brau-2016",3,"C",18,6,36,72,5,"FW","M2",0.400072670007212
"Aber-2015|Brau-2015|Brau-2016",3,"C",18,6,36,72,5,"FW","M2",0.492362120654834
"Aber-2016|Brau-2014|Brau-2015",3,"C",18,6,36,72,5,"FW","M2",0.45518320374992
"Aber-2016|Brau-2014|Brau-2016",3,"C",18,6,36,72,5,"FW","M2",0.370882808328307
"Aber-2016|Brau-2015|Brau-2016",3,"C",18,6,36,72,5,"FW","M2",0.448047807208804
"Brau-2014|Brau-2015|Brau-2016",3,"C",18,6,36,72,5,"FW","M2",0.478463341896016
"Aber-2015|Aber-2016|Brau-2014",3,"D",27,3,36,90,5,"FW","M2",0.489618645137198
"Aber-2015|Aber-2016|Brau-2015",3,"D",27,3,36,90,5,"FW","M2",0.424832544896318
"Aber-2015|Aber-2016|Brau-2016",3,"D",27,3,36,90,5,"FW","M2",0.494689799386916
"Aber-2015|Brau-2014|Brau-2015",3,"D",27,3,36,90,5,"FW","M2",0.531387336871366
"Aber-2015|Brau-2014|Brau-2016",3,"D",27,3,36,90,5,"FW","M2",0.40889641614601
"Aber-2015|Brau-2015|Brau-2016",3,"D",27,3,36,90,5,"FW","M2",0.479338276627526
"Aber-2016|Brau-2014|Brau-2015",3,"D",27,3,36,90,5,"FW","M2",0.444189838826894
"Aber-2016|Brau-2014|Brau-2016",3,"D",27,3,36,90,5,"FW","M2",0.420165106145747
"Aber-2016|Brau-2015|Brau-2016",3,"D",27,3,36,90,5,"FW","M2",0.30772109140174
"Brau-2014|Brau-2015|Brau-2016",3,"D",27,3,36,90,5,"FW","M2",0.268599138402011
"Aber-2015|Aber-2016|Brau-2014",3,"E",36,0,36,108,5,"FW","M2",0.465023371936178
"Aber-2015|Aber-2016|Brau-2015",3,"E",36,0,36,108,5,"FW","M2",0.514943960773896
"Aber-2015|Aber-2016|Brau-2016",3,"E",36,0,36,108,5,"FW","M2",0.423112097548995
"Aber-2015|Brau-2014|Brau-2015",3,"E",36,0,36,108,5,"FW","M2",0.537777199099435
"Aber-2015|Brau-2014|Brau-2016",3,"E",36,0,36,108,5,"FW","M2",0.45433382609665
"Aber-2015|Brau-2015|Brau-2016",3,"E",36,0,36,108,5,"FW","M2",0.394684688327148
"Aber-2016|Brau-2014|Brau-2015",3,"E",36,0,36,108,5,"FW","M2",0.486663991856572
"Aber-2016|Brau-2014|Brau-2016",3,"E",36,0,36,108,5,"FW","M2",0.408306614784682
"Aber-2016|Brau-2015|Brau-2016",3,"E",36,0,36,108,5,"FW","M2",0.496418671410245
"Brau-2014|Brau-2015|Brau-2016",3,"E",36,0,36,108,5,"FW","M2",0.457236124655062
"Aber-2015|Aber-2016|Brau-2014",3,"A",0,12,36,36,1,"MC","M2",0.494610738774107
"Aber-2015|Aber-2016|Brau-2015",3,"A",0,12,36,36,1,"MC","M2",0.101991790114624
"Aber-2015|Aber-2016|Brau-2016",3,"A",0,12,36,36,1,"MC","M2",0.113637992825373
"Aber-2015|Brau-2014|Brau-2015",3,"A",0,12,36,36,1,"MC","M2",0.497005364816206
"Aber-2015|Brau-2014|Brau-2016",3,"A",0,12,36,36,1,"MC","M2",0.304796483099585
"Aber-2015|Brau-2015|Brau-2016",3,"A",0,12,36,36,1,"MC","M2",0.269982831984357
"Aber-2016|Brau-2014|Brau-2015",3,"A",0,12,36,36,1,"MC","M2",0.536470765791291
"Aber-2016|Brau-2014|Brau-2016",3,"A",0,12,36,36,1,"MC","M2",0.309135527199147
"Aber-2016|Brau-2015|Brau-2016",3,"A",0,12,36,36,1,"MC","M2",0.39551024074335
"Brau-2014|Brau-2015|Brau-2016",3,"A",0,12,36,36,1,"MC","M2",0.331924298802292
"Aber-2015|Aber-2016|Brau-2014",3,"B",9,9,36,54,1,"MC","M2",0.440163509529356
"Aber-2015|Aber-2016|Brau-2015",3,"B",9,9,36,54,1,"MC","M2",0.522817439266435
"Aber-2015|Aber-2016|Brau-2016",3,"B",9,9,36,54,1,"MC","M2",0.314617305937342
"Aber-2015|Brau-2014|Brau-2015",3,"B",9,9,36,54,1,"MC","M2",0.435279105801197
"Aber-2015|Brau-2014|Brau-2016",3,"B",9,9,36,54,1,"MC","M2",0.313830015117478
"Aber-2015|Brau-2015|Brau-2016",3,"B",9,9,36,54,1,"MC","M2",0.22533816285169
"Aber-2016|Brau-2014|Brau-2015",3,"B",9,9,36,54,1,"MC","M2",0.401915251652833
"Aber-2016|Brau-2014|Brau-2016",3,"B",9,9,36,54,1,"MC","M2",0.332324262600763
"Aber-2016|Brau-2015|Brau-2016",3,"B",9,9,36,54,1,"MC","M2",0.292367427179842
"Brau-2014|Brau-2015|Brau-2016",3,"B",9,9,36,54,1,"MC","M2",0.382825345552741
"Aber-2015|Aber-2016|Brau-2014",3,"C",18,6,36,72,1,"MC","M2",0.480031603159463
"Aber-2015|Aber-2016|Brau-2015",3,"C",18,6,36,72,1,"MC","M2",0.487508878654126
"Aber-2015|Aber-2016|Brau-2016",3,"C",18,6,36,72,1,"MC","M2",0.359633062401189
"Aber-2015|Brau-2014|Brau-2015",3,"C",18,6,36,72,1,"MC","M2",0.445245801448976
"Aber-2015|Brau-2014|Brau-2016",3,"C",18,6,36,72,1,"MC","M2",0.373464333014122
"Aber-2015|Brau-2015|Brau-2016",3,"C",18,6,36,72,1,"MC","M2",0.341416984652782
"Aber-2016|Brau-2014|Brau-2015",3,"C",18,6,36,72,1,"MC","M2",0.503902993016484
"Aber-2016|Brau-2014|Brau-2016",3,"C",18,6,36,72,1,"MC","M2",0.411615382019396
"Aber-2016|Brau-2015|Brau-2016",3,"C",18,6,36,72,1,"MC","M2",0.294447610868808
"Brau-2014|Brau-2015|Brau-2016",3,"C",18,6,36,72,1,"MC","M2",0.240700033801629
"Aber-2015|Aber-2016|Brau-2014",3,"D",27,3,36,90,1,"MC","M2",0.46852896934584
"Aber-2015|Aber-2016|Brau-2015",3,"D",27,3,36,90,1,"MC","M2",0.41045854129569
"Aber-2015|Aber-2016|Brau-2016",3,"D",27,3,36,90,1,"MC","M2",0.36379857099375
"Aber-2015|Brau-2014|Brau-2015",3,"D",27,3,36,90,1,"MC","M2",0.442237039610007
"Aber-2015|Brau-2014|Brau-2016",3,"D",27,3,36,90,1,"MC","M2",0.333492892373136
"Aber-2015|Brau-2015|Brau-2016",3,"D",27,3,36,90,1,"MC","M2",0.283592598026414
"Aber-2016|Brau-2014|Brau-2015",3,"D",27,3,36,90,1,"MC","M2",0.433740967093064
"Aber-2016|Brau-2014|Brau-2016",3,"D",27,3,36,90,1,"MC","M2",0.422675824328001
"Aber-2016|Brau-2015|Brau-2016",3,"D",27,3,36,90,1,"MC","M2",0.313460047993384
"Brau-2014|Brau-2015|Brau-2016",3,"D",27,3,36,90,1,"MC","M2",0.252287578692415
"Aber-2015|Aber-2016|Brau-2014",3,"E",36,0,36,108,1,"MC","M2",0.465578988578992
"Aber-2015|Aber-2016|Brau-2015",3,"E",36,0,36,108,1,"MC","M2",0.485319638562416
"Aber-2015|Aber-2016|Brau-2016",3,"E",36,0,36,108,1,"MC","M2",0.302198961920812
"Aber-2015|Brau-2014|Brau-2015",3,"E",36,0,36,108,1,"MC","M2",0.461172240596106
"Aber-2015|Brau-2014|Brau-2016",3,"E",36,0,36,108,1,"MC","M2",0.321662398750136
"Aber-2015|Brau-2015|Brau-2016",3,"E",36,0,36,108,1,"MC","M2",0.258455232880122
"Aber-2016|Brau-2014|Brau-2015",3,"E",36,0,36,108,1,"MC","M2",0.406729209421599
"Aber-2016|Brau-2014|Brau-2016",3,"E",36,0,36,108,1,"MC","M2",0.353005192637082
"Aber-2016|Brau-2015|Brau-2016",3,"E",36,0,36,108,1,"MC","M2",0.308823835715493
"Brau-2014|Brau-2015|Brau-2016",3,"E",36,0,36,108,1,"MC","M2",0.338570351195694
"Aber-2015|Aber-2016|Brau-2014",3,"A",0,12,36,36,2,"MC","M2",0.468039284736326
"Aber-2015|Aber-2016|Brau-2015",3,"A",0,12,36,36,2,"MC","M2",0.453061766107634
"Aber-2015|Aber-2016|Brau-2016",3,"A",0,12,36,36,2,"MC","M2",0.398147103519917
"Aber-2015|Brau-2014|Brau-2015",3,"A",0,12,36,36,2,"MC","M2",0.461741057267366
"Aber-2015|Brau-2014|Brau-2016",3,"A",0,12,36,36,2,"MC","M2",0.314604757207771
"Aber-2015|Brau-2015|Brau-2016",3,"A",0,12,36,36,2,"MC","M2",0.392383606503449
"Aber-2016|Brau-2014|Brau-2015",3,"A",0,12,36,36,2,"MC","M2",0.439547057745067
"Aber-2016|Brau-2014|Brau-2016",3,"A",0,12,36,36,2,"MC","M2",0.324279580044783
"Aber-2016|Brau-2015|Brau-2016",3,"A",0,12,36,36,2,"MC","M2",0.217078866130588
"Brau-2014|Brau-2015|Brau-2016",3,"A",0,12,36,36,2,"MC","M2",0.314383359899861
"Aber-2015|Aber-2016|Brau-2014",3,"B",9,9,36,54,2,"MC","M2",0.481747478492422
"Aber-2015|Aber-2016|Brau-2015",3,"B",9,9,36,54,2,"MC","M2",0.368673003416381
"Aber-2015|Aber-2016|Brau-2016",3,"B",9,9,36,54,2,"MC","M2",0.306664279446907
"Aber-2015|Brau-2014|Brau-2015",3,"B",9,9,36,54,2,"MC","M2",0.418070870822144
"Aber-2015|Brau-2014|Brau-2016",3,"B",9,9,36,54,2,"MC","M2",0.293751378325185
"Aber-2015|Brau-2015|Brau-2016",3,"B",9,9,36,54,2,"MC","M2",0.217185679539189
"Aber-2016|Brau-2014|Brau-2015",3,"B",9,9,36,54,2,"MC","M2",0.475856957209616
"Aber-2016|Brau-2014|Brau-2016",3,"B",9,9,36,54,2,"MC","M2",0.239338721064985
"Aber-2016|Brau-2015|Brau-2016",3,"B",9,9,36,54,2,"MC","M2",0.0328907026640932
"Brau-2014|Brau-2015|Brau-2016",3,"B",9,9,36,54,2,"MC","M2",0.36263589955554
"Aber-2015|Aber-2016|Brau-2014",3,"C",18,6,36,72,2,"MC","M2",0.438394291837406
"Aber-2015|Aber-2016|Brau-2015",3,"C",18,6,36,72,2,"MC","M2",0.423002803385179
"Aber-2015|Aber-2016|Brau-2016",3,"C",18,6,36,72,2,"MC","M2",0.178931166132765
"Aber-2015|Brau-2014|Brau-2015",3,"C",18,6,36,72,2,"MC","M2",0.500274388730513
"Aber-2015|Brau-2014|Brau-2016",3,"C",18,6,36,72,2,"MC","M2",0.312957954833378
"Aber-2015|Brau-2015|Brau-2016",3,"C",18,6,36,72,2,"MC","M2",0.329136765176214
"Aber-2016|Brau-2014|Brau-2015",3,"C",18,6,36,72,2,"MC","M2",0.506559480782272
"Aber-2016|Brau-2014|Brau-2016",3,"C",18,6,36,72,2,"MC","M2",0.239502774900701
"Aber-2016|Brau-2015|Brau-2016",3,"C",18,6,36,72,2,"MC","M2",0.443025910278929
"Brau-2014|Brau-2015|Brau-2016",3,"C",18,6,36,72,2,"MC","M2",0.38975583176
"Aber-2015|Aber-2016|Brau-2014",3,"D",27,3,36,90,2,"MC","M2",0.46344649496696
"Aber-2015|Aber-2016|Brau-2015",3,"D",27,3,36,90,2,"MC","M2",0.491689689915486
"Aber-2015|Aber-2016|Brau-2016",3,"D",27,3,36,90,2,"MC","M2",0.267883827724397
"Aber-2015|Brau-2014|Brau-2015",3,"D",27,3,36,90,2,"MC","M2",0.474567375246458
"Aber-2015|Brau-2014|Brau-2016",3,"D",27,3,36,90,2,"MC","M2",0.306150650438555
"Aber-2015|Brau-2015|Brau-2016",3,"D",27,3,36,90,2,"MC","M2",0.255110952033369
"Aber-2016|Brau-2014|Brau-2015",3,"D",27,3,36,90,2,"MC","M2",0.432381590746214
"Aber-2016|Brau-2014|Brau-2016",3,"D",27,3,36,90,2,"MC","M2",0.399293681435993
"Aber-2016|Brau-2015|Brau-2016",3,"D",27,3,36,90,2,"MC","M2",0.449835339849554
"Brau-2014|Brau-2015|Brau-2016",3,"D",27,3,36,90,2,"MC","M2",0.315675179801077
"Aber-2015|Aber-2016|Brau-2014",3,"E",36,0,36,108,2,"MC","M2",0.468076044864085
"Aber-2015|Aber-2016|Brau-2015",3,"E",36,0,36,108,2,"MC","M2",0.351946769087134
"Aber-2015|Aber-2016|Brau-2016",3,"E",36,0,36,108,2,"MC","M2",0.240815686506079
"Aber-2015|Brau-2014|Brau-2015",3,"E",36,0,36,108,2,"MC","M2",0.454011278341045
"Aber-2015|Brau-2014|Brau-2016",3,"E",36,0,36,108,2,"MC","M2",0.286211785590393
"Aber-2015|Brau-2015|Brau-2016",3,"E",36,0,36,108,2,"MC","M2",0.199183706556237
"Aber-2016|Brau-2014|Brau-2015",3,"E",36,0,36,108,2,"MC","M2",0.492124634471908
"Aber-2016|Brau-2014|Brau-2016",3,"E",36,0,36,108,2,"MC","M2",0.373032824125956
"Aber-2016|Brau-2015|Brau-2016",3,"E",36,0,36,108,2,"MC","M2",0.19788386584419
"Brau-2014|Brau-2015|Brau-2016",3,"E",36,0,36,108,2,"MC","M2",0.330318870379381
"Aber-2015|Aber-2016|Brau-2014",3,"A",0,12,36,36,3,"MC","M2",0.428546710761825
"Aber-2015|Aber-2016|Brau-2015",3,"A",0,12,36,36,3,"MC","M2",0.46755213022288
"Aber-2015|Aber-2016|Brau-2016",3,"A",0,12,36,36,3,"MC","M2",0.400502062037786
"Aber-2015|Brau-2014|Brau-2015",3,"A",0,12,36,36,3,"MC","M2",0.421332828106436
"Aber-2015|Brau-2014|Brau-2016",3,"A",0,12,36,36,3,"MC","M2",0.231550550049645
"Aber-2015|Brau-2015|Brau-2016",3,"A",0,12,36,36,3,"MC","M2",0.352150786855148
"Aber-2016|Brau-2014|Brau-2015",3,"A",0,12,36,36,3,"MC","M2",0.323340180322219
"Aber-2016|Brau-2014|Brau-2016",3,"A",0,12,36,36,3,"MC","M2",0.305027393356292
"Aber-2016|Brau-2015|Brau-2016",3,"A",0,12,36,36,3,"MC","M2",0.345474381355635
"Brau-2014|Brau-2015|Brau-2016",3,"A",0,12,36,36,3,"MC","M2",0.226655320017217
"Aber-2015|Aber-2016|Brau-2014",3,"B",9,9,36,54,3,"MC","M2",0.478206343019814
"Aber-2015|Aber-2016|Brau-2015",3,"B",9,9,36,54,3,"MC","M2",0.439225807846507
"Aber-2015|Aber-2016|Brau-2016",3,"B",9,9,36,54,3,"MC","M2",0.189451218778691
"Aber-2015|Brau-2014|Brau-2015",3,"B",9,9,36,54,3,"MC","M2",0.432681270995202
"Aber-2015|Brau-2014|Brau-2016",3,"B",9,9,36,54,3,"MC","M2",0.286985550246428
"Aber-2015|Brau-2015|Brau-2016",3,"B",9,9,36,54,3,"MC","M2",0.31590761452379
"Aber-2016|Brau-2014|Brau-2015",3,"B",9,9,36,54,3,"MC","M2",0.507252116032555
"Aber-2016|Brau-2014|Brau-2016",3,"B",9,9,36,54,3,"MC","M2",0.197905904138902
"Aber-2016|Brau-2015|Brau-2016",3,"B",9,9,36,54,3,"MC","M2",0.36223920130022
"Brau-2014|Brau-2015|Brau-2016",3,"B",9,9,36,54,3,"MC","M2",0.391151995004627
"Aber-2015|Aber-2016|Brau-2014",3,"C",18,6,36,72,3,"MC","M2",0.456147556110988
"Aber-2015|Aber-2016|Brau-2015",3,"C",18,6,36,72,3,"MC","M2",0.491988421658606
"Aber-2015|Aber-2016|Brau-2016",3,"C",18,6,36,72,3,"MC","M2",0.330784402666774
"Aber-2015|Brau-2014|Brau-2015",3,"C",18,6,36,72,3,"MC","M2",0.459348174843546
"Aber-2015|Brau-2014|Brau-2016",3,"C",18,6,36,72,3,"MC","M2",0.343911647115536
"Aber-2015|Brau-2015|Brau-2016",3,"C",18,6,36,72,3,"MC","M2",0.3362925085938
"Aber-2016|Brau-2014|Brau-2015",3,"C",18,6,36,72,3,"MC","M2",0.522476228687999
"Aber-2016|Brau-2014|Brau-2016",3,"C",18,6,36,72,3,"MC","M2",0.326611258911441
"Aber-2016|Brau-2015|Brau-2016",3,"C",18,6,36,72,3,"MC","M2",0.364435244761846
"Brau-2014|Brau-2015|Brau-2016",3,"C",18,6,36,72,3,"MC","M2",0.420314168736019
"Aber-2015|Aber-2016|Brau-2014",3,"D",27,3,36,90,3,"MC","M2",0.387366412899029
"Aber-2015|Aber-2016|Brau-2015",3,"D",27,3,36,90,3,"MC","M2",0.382711490300877
"Aber-2015|Aber-2016|Brau-2016",3,"D",27,3,36,90,3,"MC","M2",0.311959603239234
"Aber-2015|Brau-2014|Brau-2015",3,"D",27,3,36,90,3,"MC","M2",0.434421851996906
"Aber-2015|Brau-2014|Brau-2016",3,"D",27,3,36,90,3,"MC","M2",0.347767518236183
"Aber-2015|Brau-2015|Brau-2016",3,"D",27,3,36,90,3,"MC","M2",0.339706857476615
"Aber-2016|Brau-2014|Brau-2015",3,"D",27,3,36,90,3,"MC","M2",0.496700387740221
"Aber-2016|Brau-2014|Brau-2016",3,"D",27,3,36,90,3,"MC","M2",0.408881813175679
"Aber-2016|Brau-2015|Brau-2016",3,"D",27,3,36,90,3,"MC","M2",0.279163736283439
"Brau-2014|Brau-2015|Brau-2016",3,"D",27,3,36,90,3,"MC","M2",0.404957985582077
"Aber-2015|Aber-2016|Brau-2014",3,"E",36,0,36,108,3,"MC","M2",0.483898887381904
"Aber-2015|Aber-2016|Brau-2015",3,"E",36,0,36,108,3,"MC","M2",0.342269048329416
"Aber-2015|Aber-2016|Brau-2016",3,"E",36,0,36,108,3,"MC","M2",0.310565629583913
"Aber-2015|Brau-2014|Brau-2015",3,"E",36,0,36,108,3,"MC","M2",0.490645442198766
"Aber-2015|Brau-2014|Brau-2016",3,"E",36,0,36,108,3,"MC","M2",0.247017347128355
"Aber-2015|Brau-2015|Brau-2016",3,"E",36,0,36,108,3,"MC","M2",0.109981012268846
"Aber-2016|Brau-2014|Brau-2015",3,"E",36,0,36,108,3,"MC","M2",0.409136718481335
"Aber-2016|Brau-2014|Brau-2016",3,"E",36,0,36,108,3,"MC","M2",0.353915816102185
"Aber-2016|Brau-2015|Brau-2016",3,"E",36,0,36,108,3,"MC","M2",0.258513729041144
"Brau-2014|Brau-2015|Brau-2016",3,"E",36,0,36,108,3,"MC","M2",0.298996754336793
"Aber-2015|Aber-2016|Brau-2014",3,"A",0,12,36,36,4,"MC","M2",0.453146662620208
"Aber-2015|Aber-2016|Brau-2015",3,"A",0,12,36,36,4,"MC","M2",0.388340261769507
"Aber-2015|Aber-2016|Brau-2016",3,"A",0,12,36,36,4,"MC","M2",0.426577410486466
"Aber-2015|Brau-2014|Brau-2015",3,"A",0,12,36,36,4,"MC","M2",0.462405832657795
"Aber-2015|Brau-2014|Brau-2016",3,"A",0,12,36,36,4,"MC","M2",0.349308683387707
"Aber-2015|Brau-2015|Brau-2016",3,"A",0,12,36,36,4,"MC","M2",0.331300904639489
"Aber-2016|Brau-2014|Brau-2015",3,"A",0,12,36,36,4,"MC","M2",0.353493978535536
"Aber-2016|Brau-2014|Brau-2016",3,"A",0,12,36,36,4,"MC","M2",0.292514562373042
"Aber-2016|Brau-2015|Brau-2016",3,"A",0,12,36,36,4,"MC","M2",0.3824053191106
"Brau-2014|Brau-2015|Brau-2016",3,"A",0,12,36,36,4,"MC","M2",0.324463377880158
"Aber-2015|Aber-2016|Brau-2014",3,"B",9,9,36,54,4,"MC","M2",0.463868525547569
"Aber-2015|Aber-2016|Brau-2015",3,"B",9,9,36,54,4,"MC","M2",0.496272169137143
"Aber-2015|Aber-2016|Brau-2016",3,"B",9,9,36,54,4,"MC","M2",0.32477445723431
"Aber-2015|Brau-2014|Brau-2015",3,"B",9,9,36,54,4,"MC","M2",0.476932512085009
"Aber-2015|Brau-2014|Brau-2016",3,"B",9,9,36,54,4,"MC","M2",0.372321296723885
"Aber-2015|Brau-2015|Brau-2016",3,"B",9,9,36,54,4,"MC","M2",0.41844963977026
"Aber-2016|Brau-2014|Brau-2015",3,"B",9,9,36,54,4,"MC","M2",0.423584148801671
"Aber-2016|Brau-2014|Brau-2016",3,"B",9,9,36,54,4,"MC","M2",0.35220340266433
"Aber-2016|Brau-2015|Brau-2016",3,"B",9,9,36,54,4,"MC","M2",0.259753686269351
"Brau-2014|Brau-2015|Brau-2016",3,"B",9,9,36,54,4,"MC","M2",0.349072820157623
"Aber-2015|Aber-2016|Brau-2014",3,"C",18,6,36,72,4,"MC","M2",0.441493257542353
"Aber-2015|Aber-2016|Brau-2015",3,"C",18,6,36,72,4,"MC","M2",0.512203302503912
"Aber-2015|Aber-2016|Brau-2016",3,"C",18,6,36,72,4,"MC","M2",0.393644086071967
"Aber-2015|Brau-2014|Brau-2015",3,"C",18,6,36,72,4,"MC","M2",0.457307134953222
"Aber-2015|Brau-2014|Brau-2016",3,"C",18,6,36,72,4,"MC","M2",0.246014910854481
"Aber-2015|Brau-2015|Brau-2016",3,"C",18,6,36,72,4,"MC","M2",0.338749247075408
"Aber-2016|Brau-2014|Brau-2015",3,"C",18,6,36,72,4,"MC","M2",0.500405806655722
"Aber-2016|Brau-2014|Brau-2016",3,"C",18,6,36,72,4,"MC","M2",0.257595542318913
"Aber-2016|Brau-2015|Brau-2016",3,"C",18,6,36,72,4,"MC","M2",0.306282803853366
"Brau-2014|Brau-2015|Brau-2016",3,"C",18,6,36,72,4,"MC","M2",0.224021913964814
"Aber-2015|Aber-2016|Brau-2014",3,"D",27,3,36,90,4,"MC","M2",0.509174113072864
"Aber-2015|Aber-2016|Brau-2015",3,"D",27,3,36,90,4,"MC","M2",0.43626807199812
"Aber-2015|Aber-2016|Brau-2016",3,"D",27,3,36,90,4,"MC","M2",0.317015315947568
"Aber-2015|Brau-2014|Brau-2015",3,"D",27,3,36,90,4,"MC","M2",0.40693574543919
"Aber-2015|Brau-2014|Brau-2016",3,"D",27,3,36,90,4,"MC","M2",0.342363551098864
"Aber-2015|Brau-2015|Brau-2016",3,"D",27,3,36,90,4,"MC","M2",0.218373843919559
"Aber-2016|Brau-2014|Brau-2015",3,"D",27,3,36,90,4,"MC","M2",0.453151228515882
"Aber-2016|Brau-2014|Brau-2016",3,"D",27,3,36,90,4,"MC","M2",0.314316384190547
"Aber-2016|Brau-2015|Brau-2016",3,"D",27,3,36,90,4,"MC","M2",0.308315669665471
"Brau-2014|Brau-2015|Brau-2016",3,"D",27,3,36,90,4,"MC","M2",0.329916462770108
"Aber-2015|Aber-2016|Brau-2014",3,"E",36,0,36,108,4,"MC","M2",0.469125423888996
"Aber-2015|Aber-2016|Brau-2015",3,"E",36,0,36,108,4,"MC","M2",0.333720331312406
"Aber-2015|Aber-2016|Brau-2016",3,"E",36,0,36,108,4,"MC","M2",0.281163222018643
"Aber-2015|Brau-2014|Brau-2015",3,"E",36,0,36,108,4,"MC","M2",0.339871099975545
"Aber-2015|Brau-2014|Brau-2016",3,"E",36,0,36,108,4,"MC","M2",0.385380575315179
"Aber-2015|Brau-2015|Brau-2016",3,"E",36,0,36,108,4,"MC","M2",0.335192755449158
"Aber-2016|Brau-2014|Brau-2015",3,"E",36,0,36,108,4,"MC","M2",0.375644170331761
"Aber-2016|Brau-2014|Brau-2016",3,"E",36,0,36,108,4,"MC","M2",0.313789220138711
"Aber-2016|Brau-2015|Brau-2016",3,"E",36,0,36,108,4,"MC","M2",0.314376337489429
"Brau-2014|Brau-2015|Brau-2016",3,"E",36,0,36,108,4,"MC","M2",0.271308276112226
"Aber-2015|Aber-2016|Brau-2014",3,"A",0,12,36,36,5,"MC","M2",0.467636841449893
"Aber-2015|Aber-2016|Brau-2015",3,"A",0,12,36,36,5,"MC","M2",0.449515228219826
"Aber-2015|Aber-2016|Brau-2016",3,"A",0,12,36,36,5,"MC","M2",0.288767162178961
"Aber-2015|Brau-2014|Brau-2015",3,"A",0,12,36,36,5,"MC","M2",0.534238941826948
"Aber-2015|Brau-2014|Brau-2016",3,"A",0,12,36,36,5,"MC","M2",0.374138901605829
"Aber-2015|Brau-2015|Brau-2016",3,"A",0,12,36,36,5,"MC","M2",0.335215664394325
"Aber-2016|Brau-2014|Brau-2015",3,"A",0,12,36,36,5,"MC","M2",0.462526668152069
"Aber-2016|Brau-2014|Brau-2016",3,"A",0,12,36,36,5,"MC","M2",0.173896367979214
"Aber-2016|Brau-2015|Brau-2016",3,"A",0,12,36,36,5,"MC","M2",0.381508274469211
"Brau-2014|Brau-2015|Brau-2016",3,"A",0,12,36,36,5,"MC","M2",0.25465383161243
"Aber-2015|Aber-2016|Brau-2014",3,"B",9,9,36,54,5,"MC","M2",0.423503875691198
"Aber-2015|Aber-2016|Brau-2015",3,"B",9,9,36,54,5,"MC","M2",0.486413808552506
"Aber-2015|Aber-2016|Brau-2016",3,"B",9,9,36,54,5,"MC","M2",0.349437142744579
"Aber-2015|Brau-2014|Brau-2015",3,"B",9,9,36,54,5,"MC","M2",0.443878324786976
"Aber-2015|Brau-2014|Brau-2016",3,"B",9,9,36,54,5,"MC","M2",0.319036432886433
"Aber-2015|Brau-2015|Brau-2016",3,"B",9,9,36,54,5,"MC","M2",0.354021839323802
"Aber-2016|Brau-2014|Brau-2015",3,"B",9,9,36,54,5,"MC","M2",0.492139062769664
"Aber-2016|Brau-2014|Brau-2016",3,"B",9,9,36,54,5,"MC","M2",0.382699290151716
"Aber-2016|Brau-2015|Brau-2016",3,"B",9,9,36,54,5,"MC","M2",0.417720681296916
"Brau-2014|Brau-2015|Brau-2016",3,"B",9,9,36,54,5,"MC","M2",0.341679462560163
"Aber-2015|Aber-2016|Brau-2014",3,"C",18,6,36,72,5,"MC","M2",0.446747104317182
"Aber-2015|Aber-2016|Brau-2015",3,"C",18,6,36,72,5,"MC","M2",0.425099792585023
"Aber-2015|Aber-2016|Brau-2016",3,"C",18,6,36,72,5,"MC","M2",0.367997830152302
"Aber-2015|Brau-2014|Brau-2015",3,"C",18,6,36,72,5,"MC","M2",0.505662228878859
"Aber-2015|Brau-2014|Brau-2016",3,"C",18,6,36,72,5,"MC","M2",0.386190492416585
"Aber-2015|Brau-2015|Brau-2016",3,"C",18,6,36,72,5,"MC","M2",0.379520347337906
"Aber-2016|Brau-2014|Brau-2015",3,"C",18,6,36,72,5,"MC","M2",0.471121376762066
"Aber-2016|Brau-2014|Brau-2016",3,"C",18,6,36,72,5,"MC","M2",0.33019454445389
"Aber-2016|Brau-2015|Brau-2016",3,"C",18,6,36,72,5,"MC","M2",0.34141002760471
"Brau-2014|Brau-2015|Brau-2016",3,"C",18,6,36,72,5,"MC","M2",0.336888401868721
"Aber-2015|Aber-2016|Brau-2014",3,"D",27,3,36,90,5,"MC","M2",0.487395831309964
"Aber-2015|Aber-2016|Brau-2015",3,"D",27,3,36,90,5,"MC","M2",0.468845099501372
"Aber-2015|Aber-2016|Brau-2016",3,"D",27,3,36,90,5,"MC","M2",0.294839617550247
"Aber-2015|Brau-2014|Brau-2015",3,"D",27,3,36,90,5,"MC","M2",0.46144214763422
"Aber-2015|Brau-2014|Brau-2016",3,"D",27,3,36,90,5,"MC","M2",0.345895116196176
"Aber-2015|Brau-2015|Brau-2016",3,"D",27,3,36,90,5,"MC","M2",0.348745351763648
"Aber-2016|Brau-2014|Brau-2015",3,"D",27,3,36,90,5,"MC","M2",0.484580374542759
"Aber-2016|Brau-2014|Brau-2016",3,"D",27,3,36,90,5,"MC","M2",0.32606245021862
"Aber-2016|Brau-2015|Brau-2016",3,"D",27,3,36,90,5,"MC","M2",0.317318392106917
"Brau-2014|Brau-2015|Brau-2016",3,"D",27,3,36,90,5,"MC","M2",0.337869164831786
"Aber-2015|Aber-2016|Brau-2014",3,"E",36,0,36,108,5,"MC","M2",0.482747517583038
"Aber-2015|Aber-2016|Brau-2015",3,"E",36,0,36,108,5,"MC","M2",0.544954699574965
"Aber-2015|Aber-2016|Brau-2016",3,"E",36,0,36,108,5,"MC","M2",0.288040515812153
"Aber-2015|Brau-2014|Brau-2015",3,"E",36,0,36,108,5,"MC","M2",0.445499401703951
"Aber-2015|Brau-2014|Brau-2016",3,"E",36,0,36,108,5,"MC","M2",0.309793627472855
"Aber-2015|Brau-2015|Brau-2016",3,"E",36,0,36,108,5,"MC","M2",0.238450375630793
"Aber-2016|Brau-2014|Brau-2015",3,"E",36,0,36,108,5,"MC","M2",0.451812349960207
"Aber-2016|Brau-2014|Brau-2016",3,"E",36,0,36,108,5,"MC","M2",0.329204316538581
"Aber-2016|Brau-2015|Brau-2016",3,"E",36,0,36,108,5,"MC","M2",0.288019015514277
"Brau-2014|Brau-2015|Brau-2016",3,"E",36,0,36,108,5,"MC","M2",0.270429279941917
"Aber-2015|Aber-2016|Brau-2014",3,"A",0,12,36,36,1,"DM","M3",0.57444239846741
"Aber-2015|Aber-2016|Brau-2015",3,"A",0,12,36,36,1,"DM","M3",0.520286888171071
"Aber-2015|Aber-2016|Brau-2016",3,"A",0,12,36,36,1,"DM","M3",0.431310757840001
"Aber-2015|Brau-2014|Brau-2015",3,"A",0,12,36,36,1,"DM","M3",0.422982044598782
"Aber-2015|Brau-2014|Brau-2016",3,"A",0,12,36,36,1,"DM","M3",0.491439586518712
"Aber-2015|Brau-2015|Brau-2016",3,"A",0,12,36,36,1,"DM","M3",0.498676547528234
"Aber-2016|Brau-2014|Brau-2015",3,"A",0,12,36,36,1,"DM","M3",0.537681581971677
"Aber-2016|Brau-2014|Brau-2016",3,"A",0,12,36,36,1,"DM","M3",0.431144898077669
"Aber-2016|Brau-2015|Brau-2016",3,"A",0,12,36,36,1,"DM","M3",0.499895633053117
"Brau-2014|Brau-2015|Brau-2016",3,"A",0,12,36,36,1,"DM","M3",0.513262764092393
"Aber-2015|Aber-2016|Brau-2014",3,"B",9,9,36,54,1,"DM","M3",0.557512305784455
"Aber-2015|Aber-2016|Brau-2015",3,"B",9,9,36,54,1,"DM","M3",0.517926473663161
"Aber-2015|Aber-2016|Brau-2016",3,"B",9,9,36,54,1,"DM","M3",0.517114353673478
"Aber-2015|Brau-2014|Brau-2015",3,"B",9,9,36,54,1,"DM","M3",0.570063543617801
"Aber-2015|Brau-2014|Brau-2016",3,"B",9,9,36,54,1,"DM","M3",0.47424720721984
"Aber-2015|Brau-2015|Brau-2016",3,"B",9,9,36,54,1,"DM","M3",0.483415311443174
"Aber-2016|Brau-2014|Brau-2015",3,"B",9,9,36,54,1,"DM","M3",0.522179139595847
"Aber-2016|Brau-2014|Brau-2016",3,"B",9,9,36,54,1,"DM","M3",0.455152676952915
"Aber-2016|Brau-2015|Brau-2016",3,"B",9,9,36,54,1,"DM","M3",0.460123253981669
"Brau-2014|Brau-2015|Brau-2016",3,"B",9,9,36,54,1,"DM","M3",0.599517485801339
"Aber-2015|Aber-2016|Brau-2014",3,"C",18,6,36,72,1,"DM","M3",0.542673841597885
"Aber-2015|Aber-2016|Brau-2015",3,"C",18,6,36,72,1,"DM","M3",0.507249096366654
"Aber-2015|Aber-2016|Brau-2016",3,"C",18,6,36,72,1,"DM","M3",0.507084193288282
"Aber-2015|Brau-2014|Brau-2015",3,"C",18,6,36,72,1,"DM","M3",0.580264995544863
"Aber-2015|Brau-2014|Brau-2016",3,"C",18,6,36,72,1,"DM","M3",0.424509356769467
"Aber-2015|Brau-2015|Brau-2016",3,"C",18,6,36,72,1,"DM","M3",0.564490125268168
"Aber-2016|Brau-2014|Brau-2015",3,"C",18,6,36,72,1,"DM","M3",0.518571047816702
"Aber-2016|Brau-2014|Brau-2016",3,"C",18,6,36,72,1,"DM","M3",0.49031043004546
"Aber-2016|Brau-2015|Brau-2016",3,"C",18,6,36,72,1,"DM","M3",0.4256953435335
"Brau-2014|Brau-2015|Brau-2016",3,"C",18,6,36,72,1,"DM","M3",0.467858949006548
"Aber-2015|Aber-2016|Brau-2014",3,"D",27,3,36,90,1,"DM","M3",0.569200802836551
"Aber-2015|Aber-2016|Brau-2015",3,"D",27,3,36,90,1,"DM","M3",0.567851351512051
"Aber-2015|Aber-2016|Brau-2016",3,"D",27,3,36,90,1,"DM","M3",0.126667523400478
"Aber-2015|Brau-2014|Brau-2015",3,"D",27,3,36,90,1,"DM","M3",0.587798319357921
"Aber-2015|Brau-2014|Brau-2016",3,"D",27,3,36,90,1,"DM","M3",0.553646584452252
"Aber-2015|Brau-2015|Brau-2016",3,"D",27,3,36,90,1,"DM","M3",0.550520515771468
"Aber-2016|Brau-2014|Brau-2015",3,"D",27,3,36,90,1,"DM","M3",0.449302462898618
"Aber-2016|Brau-2014|Brau-2016",3,"D",27,3,36,90,1,"DM","M3",0.475321623346637
"Aber-2016|Brau-2015|Brau-2016",3,"D",27,3,36,90,1,"DM","M3",0.353553967955044
"Brau-2014|Brau-2015|Brau-2016",3,"D",27,3,36,90,1,"DM","M3",0.511857977050868
"Aber-2015|Aber-2016|Brau-2014",3,"E",36,0,36,108,1,"DM","M3",0.505996907881801
"Aber-2015|Aber-2016|Brau-2015",3,"E",36,0,36,108,1,"DM","M3",0.562806710843919
"Aber-2015|Aber-2016|Brau-2016",3,"E",36,0,36,108,1,"DM","M3",0.465555472720011
"Aber-2015|Brau-2014|Brau-2015",3,"E",36,0,36,108,1,"DM","M3",0.567809491808158
"Aber-2015|Brau-2014|Brau-2016",3,"E",36,0,36,108,1,"DM","M3",0.514033650895267
"Aber-2015|Brau-2015|Brau-2016",3,"E",36,0,36,108,1,"DM","M3",0.49642815169769
"Aber-2016|Brau-2014|Brau-2015",3,"E",36,0,36,108,1,"DM","M3",0.5139560567963
"Aber-2016|Brau-2014|Brau-2016",3,"E",36,0,36,108,1,"DM","M3",0.443127135018774
"Aber-2016|Brau-2015|Brau-2016",3,"E",36,0,36,108,1,"DM","M3",0.405216098437199
"Brau-2014|Brau-2015|Brau-2016",3,"E",36,0,36,108,1,"DM","M3",0.511271498532145
"Aber-2015|Aber-2016|Brau-2014",3,"A",0,12,36,36,2,"DM","M3",0.552957309867173
"Aber-2015|Aber-2016|Brau-2015",3,"A",0,12,36,36,2,"DM","M3",0.528991581246659
"Aber-2015|Aber-2016|Brau-2016",3,"A",0,12,36,36,2,"DM","M3",0.106112022064325
"Aber-2015|Brau-2014|Brau-2015",3,"A",0,12,36,36,2,"DM","M3",0.432782672536086
"Aber-2015|Brau-2014|Brau-2016",3,"A",0,12,36,36,2,"DM","M3",0.0607904836707033
"Aber-2015|Brau-2015|Brau-2016",3,"A",0,12,36,36,2,"DM","M3",0.564050011662923
"Aber-2016|Brau-2014|Brau-2015",3,"A",0,12,36,36,2,"DM","M3",0.504826383931741
"Aber-2016|Brau-2014|Brau-2016",3,"A",0,12,36,36,2,"DM","M3",0.242658498574072
"Aber-2016|Brau-2015|Brau-2016",3,"A",0,12,36,36,2,"DM","M3",0.517747458267557
"Brau-2014|Brau-2015|Brau-2016",3,"A",0,12,36,36,2,"DM","M3",0.465080671715994
"Aber-2015|Aber-2016|Brau-2014",3,"B",9,9,36,54,2,"DM","M3",0.543063311850696
"Aber-2015|Aber-2016|Brau-2015",3,"B",9,9,36,54,2,"DM","M3",0.550210638038253
"Aber-2015|Aber-2016|Brau-2016",3,"B",9,9,36,54,2,"DM","M3",0.512611478987986
"Aber-2015|Brau-2014|Brau-2015",3,"B",9,9,36,54,2,"DM","M3",0.546623970675338
"Aber-2015|Brau-2014|Brau-2016",3,"B",9,9,36,54,2,"DM","M3",0.559519280340981
"Aber-2015|Brau-2015|Brau-2016",3,"B",9,9,36,54,2,"DM","M3",0.462524233326313
"Aber-2016|Brau-2014|Brau-2015",3,"B",9,9,36,54,2,"DM","M3",0.484797887848471
"Aber-2016|Brau-2014|Brau-2016",3,"B",9,9,36,54,2,"DM","M3",0.452709990930124
"Aber-2016|Brau-2015|Brau-2016",3,"B",9,9,36,54,2,"DM","M3",0.446824881827863
"Brau-2014|Brau-2015|Brau-2016",3,"B",9,9,36,54,2,"DM","M3",0.534953000911399
"Aber-2015|Aber-2016|Brau-2014",3,"C",18,6,36,72,2,"DM","M3",0.55297448484218
"Aber-2015|Aber-2016|Brau-2015",3,"C",18,6,36,72,2,"DM","M3",0.543723669347397
"Aber-2015|Aber-2016|Brau-2016",3,"C",18,6,36,72,2,"DM","M3",0.350129855280833
"Aber-2015|Brau-2014|Brau-2015",3,"C",18,6,36,72,2,"DM","M3",0.566836774132863
"Aber-2015|Brau-2014|Brau-2016",3,"C",18,6,36,72,2,"DM","M3",0.567296294113031
"Aber-2015|Brau-2015|Brau-2016",3,"C",18,6,36,72,2,"DM","M3",0.541193739271479
"Aber-2016|Brau-2014|Brau-2015",3,"C",18,6,36,72,2,"DM","M3",0.420163276536437
"Aber-2016|Brau-2014|Brau-2016",3,"C",18,6,36,72,2,"DM","M3",0.415893673682172
"Aber-2016|Brau-2015|Brau-2016",3,"C",18,6,36,72,2,"DM","M3",0.403727697984436
"Brau-2014|Brau-2015|Brau-2016",3,"C",18,6,36,72,2,"DM","M3",0.494097226862815
"Aber-2015|Aber-2016|Brau-2014",3,"D",27,3,36,90,2,"DM","M3",0.524930389053068
"Aber-2015|Aber-2016|Brau-2015",3,"D",27,3,36,90,2,"DM","M3",0.436187132500914
"Aber-2015|Aber-2016|Brau-2016",3,"D",27,3,36,90,2,"DM","M3",0.444991510268982
"Aber-2015|Brau-2014|Brau-2015",3,"D",27,3,36,90,2,"DM","M3",0.564639223561783
"Aber-2015|Brau-2014|Brau-2016",3,"D",27,3,36,90,2,"DM","M3",0.484978443627163
"Aber-2015|Brau-2015|Brau-2016",3,"D",27,3,36,90,2,"DM","M3",0.534549212265666
"Aber-2016|Brau-2014|Brau-2015",3,"D",27,3,36,90,2,"DM","M3",0.420313588472449
"Aber-2016|Brau-2014|Brau-2016",3,"D",27,3,36,90,2,"DM","M3",0.479575405671021
"Aber-2016|Brau-2015|Brau-2016",3,"D",27,3,36,90,2,"DM","M3",0.451158048668518
"Brau-2014|Brau-2015|Brau-2016",3,"D",27,3,36,90,2,"DM","M3",0.540640218857556
"Aber-2015|Aber-2016|Brau-2014",3,"E",36,0,36,108,2,"DM","M3",0.39992606209189
"Aber-2015|Aber-2016|Brau-2015",3,"E",36,0,36,108,2,"DM","M3",0.482519940565674
"Aber-2015|Aber-2016|Brau-2016",3,"E",36,0,36,108,2,"DM","M3",0.545076427198317
"Aber-2015|Brau-2014|Brau-2015",3,"E",36,0,36,108,2,"DM","M3",0.5700173236481
"Aber-2015|Brau-2014|Brau-2016",3,"E",36,0,36,108,2,"DM","M3",0.554793154874562
"Aber-2015|Brau-2015|Brau-2016",3,"E",36,0,36,108,2,"DM","M3",0.555150739857352
"Aber-2016|Brau-2014|Brau-2015",3,"E",36,0,36,108,2,"DM","M3",0.510700210888065
"Aber-2016|Brau-2014|Brau-2016",3,"E",36,0,36,108,2,"DM","M3",0.458854529576642
"Aber-2016|Brau-2015|Brau-2016",3,"E",36,0,36,108,2,"DM","M3",0.405998957832848
"Brau-2014|Brau-2015|Brau-2016",3,"E",36,0,36,108,2,"DM","M3",0.511047812927385
"Aber-2015|Aber-2016|Brau-2014",3,"A",0,12,36,36,3,"DM","M3",0.579343741658795
"Aber-2015|Aber-2016|Brau-2015",3,"A",0,12,36,36,3,"DM","M3",0.408512232377709
"Aber-2015|Aber-2016|Brau-2016",3,"A",0,12,36,36,3,"DM","M3",0.550754335846655
"Aber-2015|Brau-2014|Brau-2015",3,"A",0,12,36,36,3,"DM","M3",0.549553505155312
"Aber-2015|Brau-2014|Brau-2016",3,"A",0,12,36,36,3,"DM","M3",0.526440924535354
"Aber-2015|Brau-2015|Brau-2016",3,"A",0,12,36,36,3,"DM","M3",0.51100948658288
"Aber-2016|Brau-2014|Brau-2015",3,"A",0,12,36,36,3,"DM","M3",0.446247924948525
"Aber-2016|Brau-2014|Brau-2016",3,"A",0,12,36,36,3,"DM","M3",0.486748274641614
"Aber-2016|Brau-2015|Brau-2016",3,"A",0,12,36,36,3,"DM","M3",0.480632852384159
"Brau-2014|Brau-2015|Brau-2016",3,"A",0,12,36,36,3,"DM","M3",0.515101674084428
"Aber-2015|Aber-2016|Brau-2014",3,"B",9,9,36,54,3,"DM","M3",0.521780011585452
"Aber-2015|Aber-2016|Brau-2015",3,"B",9,9,36,54,3,"DM","M3",0.437175778845569
"Aber-2015|Aber-2016|Brau-2016",3,"B",9,9,36,54,3,"DM","M3",0.284073924203909
"Aber-2015|Brau-2014|Brau-2015",3,"B",9,9,36,54,3,"DM","M3",0.556488106001237
"Aber-2015|Brau-2014|Brau-2016",3,"B",9,9,36,54,3,"DM","M3",0.417551899937865
"Aber-2015|Brau-2015|Brau-2016",3,"B",9,9,36,54,3,"DM","M3",0.51427831947292
"Aber-2016|Brau-2014|Brau-2015",3,"B",9,9,36,54,3,"DM","M3",0.503104708717211
"Aber-2016|Brau-2014|Brau-2016",3,"B",9,9,36,54,3,"DM","M3",0.478429118733304
"Aber-2016|Brau-2015|Brau-2016",3,"B",9,9,36,54,3,"DM","M3",0.447646329956794
"Brau-2014|Brau-2015|Brau-2016",3,"B",9,9,36,54,3,"DM","M3",0.362474548322813
"Aber-2015|Aber-2016|Brau-2014",3,"C",18,6,36,72,3,"DM","M3",0.57629440184953
"Aber-2015|Aber-2016|Brau-2015",3,"C",18,6,36,72,3,"DM","M3",0.490364060906761
"Aber-2015|Aber-2016|Brau-2016",3,"C",18,6,36,72,3,"DM","M3",0.535754400674359
"Aber-2015|Brau-2014|Brau-2015",3,"C",18,6,36,72,3,"DM","M3",0.608103465969107
"Aber-2015|Brau-2014|Brau-2016",3,"C",18,6,36,72,3,"DM","M3",0.469269900492208
"Aber-2015|Brau-2015|Brau-2016",3,"C",18,6,36,72,3,"DM","M3",0.296386588859255
"Aber-2016|Brau-2014|Brau-2015",3,"C",18,6,36,72,3,"DM","M3",0.49842053519151
"Aber-2016|Brau-2014|Brau-2016",3,"C",18,6,36,72,3,"DM","M3",0.272835845333647
"Aber-2016|Brau-2015|Brau-2016",3,"C",18,6,36,72,3,"DM","M3",0.462940459258774
"Brau-2014|Brau-2015|Brau-2016",3,"C",18,6,36,72,3,"DM","M3",0.529044409854206
"Aber-2015|Aber-2016|Brau-2014",3,"D",27,3,36,90,3,"DM","M3",0.506257155921266
"Aber-2015|Aber-2016|Brau-2015",3,"D",27,3,36,90,3,"DM","M3",0.604653673774883
"Aber-2015|Aber-2016|Brau-2016",3,"D",27,3,36,90,3,"DM","M3",0.50711219685492
"Aber-2015|Brau-2014|Brau-2015",3,"D",27,3,36,90,3,"DM","M3",0.617903673310306
"Aber-2015|Brau-2014|Brau-2016",3,"D",27,3,36,90,3,"DM","M3",0.580556787765911
"Aber-2015|Brau-2015|Brau-2016",3,"D",27,3,36,90,3,"DM","M3",0.567335966983479
"Aber-2016|Brau-2014|Brau-2015",3,"D",27,3,36,90,3,"DM","M3",0.435152062793487
"Aber-2016|Brau-2014|Brau-2016",3,"D",27,3,36,90,3,"DM","M3",0.470971557623854
"Aber-2016|Brau-2015|Brau-2016",3,"D",27,3,36,90,3,"DM","M3",0.439883997244597
"Brau-2014|Brau-2015|Brau-2016",3,"D",27,3,36,90,3,"DM","M3",0.493496125373471
"Aber-2015|Aber-2016|Brau-2014",3,"E",36,0,36,108,3,"DM","M3",0.525291940556308
"Aber-2015|Aber-2016|Brau-2015",3,"E",36,0,36,108,3,"DM","M3",0.515932566688118
"Aber-2015|Aber-2016|Brau-2016",3,"E",36,0,36,108,3,"DM","M3",0.540393896531358
"Aber-2015|Brau-2014|Brau-2015",3,"E",36,0,36,108,3,"DM","M3",0.590148789980691
"Aber-2015|Brau-2014|Brau-2016",3,"E",36,0,36,108,3,"DM","M3",0.412204169019857
"Aber-2015|Brau-2015|Brau-2016",3,"E",36,0,36,108,3,"DM","M3",0.447733249075933
"Aber-2016|Brau-2014|Brau-2015",3,"E",36,0,36,108,3,"DM","M3",0.48528971214375
"Aber-2016|Brau-2014|Brau-2016",3,"E",36,0,36,108,3,"DM","M3",0.498125574336455
"Aber-2016|Brau-2015|Brau-2016",3,"E",36,0,36,108,3,"DM","M3",0.458102053269473
"Brau-2014|Brau-2015|Brau-2016",3,"E",36,0,36,108,3,"DM","M3",0.473473305505016
"Aber-2015|Aber-2016|Brau-2014",3,"A",0,12,36,36,4,"DM","M3",0.396139263319355
"Aber-2015|Aber-2016|Brau-2015",3,"A",0,12,36,36,4,"DM","M3",0.511060875708944
"Aber-2015|Aber-2016|Brau-2016",3,"A",0,12,36,36,4,"DM","M3",0.487574804756114
"Aber-2015|Brau-2014|Brau-2015",3,"A",0,12,36,36,4,"DM","M3",0.487902229670111
"Aber-2015|Brau-2014|Brau-2016",3,"A",0,12,36,36,4,"DM","M3",0.431168166368236
"Aber-2015|Brau-2015|Brau-2016",3,"A",0,12,36,36,4,"DM","M3",0.507618656913797
"Aber-2016|Brau-2014|Brau-2015",3,"A",0,12,36,36,4,"DM","M3",0.520654815701111
"Aber-2016|Brau-2014|Brau-2016",3,"A",0,12,36,36,4,"DM","M3",0.456481453059419
"Aber-2016|Brau-2015|Brau-2016",3,"A",0,12,36,36,4,"DM","M3",0.538568696159498
"Brau-2014|Brau-2015|Brau-2016",3,"A",0,12,36,36,4,"DM","M3",0.400447075110337
"Aber-2015|Aber-2016|Brau-2014",3,"B",9,9,36,54,4,"DM","M3",0.563732122340015
"Aber-2015|Aber-2016|Brau-2015",3,"B",9,9,36,54,4,"DM","M3",0.446747170896698
"Aber-2015|Aber-2016|Brau-2016",3,"B",9,9,36,54,4,"DM","M3",0.53454312012683
"Aber-2015|Brau-2014|Brau-2015",3,"B",9,9,36,54,4,"DM","M3",0.45128429438733
"Aber-2015|Brau-2014|Brau-2016",3,"B",9,9,36,54,4,"DM","M3",0.540636238506809
"Aber-2015|Brau-2015|Brau-2016",3,"B",9,9,36,54,4,"DM","M3",0.372989058732234
"Aber-2016|Brau-2014|Brau-2015",3,"B",9,9,36,54,4,"DM","M3",0.367555807707437
"Aber-2016|Brau-2014|Brau-2016",3,"B",9,9,36,54,4,"DM","M3",0.496822792174553
"Aber-2016|Brau-2015|Brau-2016",3,"B",9,9,36,54,4,"DM","M3",0.428185875141179
"Brau-2014|Brau-2015|Brau-2016",3,"B",9,9,36,54,4,"DM","M3",0.504100953874158
"Aber-2015|Aber-2016|Brau-2014",3,"C",18,6,36,72,4,"DM","M3",0.505275548838081
"Aber-2015|Aber-2016|Brau-2015",3,"C",18,6,36,72,4,"DM","M3",0.511756943694003
"Aber-2015|Aber-2016|Brau-2016",3,"C",18,6,36,72,4,"DM","M3",0.476811721546853
"Aber-2015|Brau-2014|Brau-2015",3,"C",18,6,36,72,4,"DM","M3",0.585253043703323
"Aber-2015|Brau-2014|Brau-2016",3,"C",18,6,36,72,4,"DM","M3",0.583500389226894
"Aber-2015|Brau-2015|Brau-2016",3,"C",18,6,36,72,4,"DM","M3",0.457826254220358
"Aber-2016|Brau-2014|Brau-2015",3,"C",18,6,36,72,4,"DM","M3",0.489222038903822
"Aber-2016|Brau-2014|Brau-2016",3,"C",18,6,36,72,4,"DM","M3",0.387800000299421
"Aber-2016|Brau-2015|Brau-2016",3,"C",18,6,36,72,4,"DM","M3",0.419160305892469
"Brau-2014|Brau-2015|Brau-2016",3,"C",18,6,36,72,4,"DM","M3",0.440574396871215
"Aber-2015|Aber-2016|Brau-2014",3,"D",27,3,36,90,4,"DM","M3",0.545319172004695
"Aber-2015|Aber-2016|Brau-2015",3,"D",27,3,36,90,4,"DM","M3",0.477999110418894
"Aber-2015|Aber-2016|Brau-2016",3,"D",27,3,36,90,4,"DM","M3",0.475547029829977
"Aber-2015|Brau-2014|Brau-2015",3,"D",27,3,36,90,4,"DM","M3",0.602248602593229
"Aber-2015|Brau-2014|Brau-2016",3,"D",27,3,36,90,4,"DM","M3",0.55148900516257
"Aber-2015|Brau-2015|Brau-2016",3,"D",27,3,36,90,4,"DM","M3",0.482642764874397
"Aber-2016|Brau-2014|Brau-2015",3,"D",27,3,36,90,4,"DM","M3",0.503466163079168
"Aber-2016|Brau-2014|Brau-2016",3,"D",27,3,36,90,4,"DM","M3",0.513391286625039
"Aber-2016|Brau-2015|Brau-2016",3,"D",27,3,36,90,4,"DM","M3",0.248891595810521
"Brau-2014|Brau-2015|Brau-2016",3,"D",27,3,36,90,4,"DM","M3",0.401098243608068
"Aber-2015|Aber-2016|Brau-2014",3,"E",36,0,36,108,4,"DM","M3",0.509407663684053
"Aber-2015|Aber-2016|Brau-2015",3,"E",36,0,36,108,4,"DM","M3",0.524339556666416
"Aber-2015|Aber-2016|Brau-2016",3,"E",36,0,36,108,4,"DM","M3",0.528236904110722
"Aber-2015|Brau-2014|Brau-2015",3,"E",36,0,36,108,4,"DM","M3",0.647696296892425
"Aber-2015|Brau-2014|Brau-2016",3,"E",36,0,36,108,4,"DM","M3",0.409533499141585
"Aber-2015|Brau-2015|Brau-2016",3,"E",36,0,36,108,4,"DM","M3",0.465196358996425
"Aber-2016|Brau-2014|Brau-2015",3,"E",36,0,36,108,4,"DM","M3",0.553895811590459
"Aber-2016|Brau-2014|Brau-2016",3,"E",36,0,36,108,4,"DM","M3",0.427311511566923
"Aber-2016|Brau-2015|Brau-2016",3,"E",36,0,36,108,4,"DM","M3",0.511519671809565
"Brau-2014|Brau-2015|Brau-2016",3,"E",36,0,36,108,4,"DM","M3",0.484199492227641
"Aber-2015|Aber-2016|Brau-2014",3,"A",0,12,36,36,5,"DM","M3",0.490723793398358
"Aber-2015|Aber-2016|Brau-2015",3,"A",0,12,36,36,5,"DM","M3",0.516040612992007
"Aber-2015|Aber-2016|Brau-2016",3,"A",0,12,36,36,5,"DM","M3",0.460212722191033
"Aber-2015|Brau-2014|Brau-2015",3,"A",0,12,36,36,5,"DM","M3",0.520640235387538
"Aber-2015|Brau-2014|Brau-2016",3,"A",0,12,36,36,5,"DM","M3",0.516796293298827
"Aber-2015|Brau-2015|Brau-2016",3,"A",0,12,36,36,5,"DM","M3",0.541391291233312
"Aber-2016|Brau-2014|Brau-2015",3,"A",0,12,36,36,5,"DM","M3",0.567334848874287
"Aber-2016|Brau-2014|Brau-2016",3,"A",0,12,36,36,5,"DM","M3",0.425297877924209
"Aber-2016|Brau-2015|Brau-2016",3,"A",0,12,36,36,5,"DM","M3",0.466914361328793
"Brau-2014|Brau-2015|Brau-2016",3,"A",0,12,36,36,5,"DM","M3",0.511054661748613
"Aber-2015|Aber-2016|Brau-2014",3,"B",9,9,36,54,5,"DM","M3",0.409537953830157
"Aber-2015|Aber-2016|Brau-2015",3,"B",9,9,36,54,5,"DM","M3",0.46444714088502
"Aber-2015|Aber-2016|Brau-2016",3,"B",9,9,36,54,5,"DM","M3",0.461790923111322
"Aber-2015|Brau-2014|Brau-2015",3,"B",9,9,36,54,5,"DM","M3",0.534927563960131
"Aber-2015|Brau-2014|Brau-2016",3,"B",9,9,36,54,5,"DM","M3",0.421095137213693
"Aber-2015|Brau-2015|Brau-2016",3,"B",9,9,36,54,5,"DM","M3",0.377129037673505
"Aber-2016|Brau-2014|Brau-2015",3,"B",9,9,36,54,5,"DM","M3",0.472176564006854
"Aber-2016|Brau-2014|Brau-2016",3,"B",9,9,36,54,5,"DM","M3",0.440109906168748
"Aber-2016|Brau-2015|Brau-2016",3,"B",9,9,36,54,5,"DM","M3",0.478061006386185
"Brau-2014|Brau-2015|Brau-2016",3,"B",9,9,36,54,5,"DM","M3",0.445532964585569
"Aber-2015|Aber-2016|Brau-2014",3,"C",18,6,36,72,5,"DM","M3",0.491766405595464
"Aber-2015|Aber-2016|Brau-2015",3,"C",18,6,36,72,5,"DM","M3",0.531347332478055
"Aber-2015|Aber-2016|Brau-2016",3,"C",18,6,36,72,5,"DM","M3",0.503886866412389
"Aber-2015|Brau-2014|Brau-2015",3,"C",18,6,36,72,5,"DM","M3",0.537058113815515
"Aber-2015|Brau-2014|Brau-2016",3,"C",18,6,36,72,5,"DM","M3",0.478395705835053
"Aber-2015|Brau-2015|Brau-2016",3,"C",18,6,36,72,5,"DM","M3",0.51556473749568
"Aber-2016|Brau-2014|Brau-2015",3,"C",18,6,36,72,5,"DM","M3",0.468173261858275
"Aber-2016|Brau-2014|Brau-2016",3,"C",18,6,36,72,5,"DM","M3",0.417575730204978
"Aber-2016|Brau-2015|Brau-2016",3,"C",18,6,36,72,5,"DM","M3",0.468054077586953
"Brau-2014|Brau-2015|Brau-2016",3,"C",18,6,36,72,5,"DM","M3",0.519861727974681
"Aber-2015|Aber-2016|Brau-2014",3,"D",27,3,36,90,5,"DM","M3",0.569958429424533
"Aber-2015|Aber-2016|Brau-2015",3,"D",27,3,36,90,5,"DM","M3",0.474703849106015
"Aber-2015|Aber-2016|Brau-2016",3,"D",27,3,36,90,5,"DM","M3",0.495780057050304
"Aber-2015|Brau-2014|Brau-2015",3,"D",27,3,36,90,5,"DM","M3",0.59380235313159
"Aber-2015|Brau-2014|Brau-2016",3,"D",27,3,36,90,5,"DM","M3",0.545766312725013
"Aber-2015|Brau-2015|Brau-2016",3,"D",27,3,36,90,5,"DM","M3",0.527587228386342
"Aber-2016|Brau-2014|Brau-2015",3,"D",27,3,36,90,5,"DM","M3",0.509217010053551
"Aber-2016|Brau-2014|Brau-2016",3,"D",27,3,36,90,5,"DM","M3",0.500372652545524
"Aber-2016|Brau-2015|Brau-2016",3,"D",27,3,36,90,5,"DM","M3",0.318484893051817
"Brau-2014|Brau-2015|Brau-2016",3,"D",27,3,36,90,5,"DM","M3",0.285861606225187
"Aber-2015|Aber-2016|Brau-2014",3,"E",36,0,36,108,5,"DM","M3",0.520708686960802
"Aber-2015|Aber-2016|Brau-2015",3,"E",36,0,36,108,5,"DM","M3",0.508798429843183
"Aber-2015|Aber-2016|Brau-2016",3,"E",36,0,36,108,5,"DM","M3",0.498279722272997
"Aber-2015|Brau-2014|Brau-2015",3,"E",36,0,36,108,5,"DM","M3",0.600328309634962
"Aber-2015|Brau-2014|Brau-2016",3,"E",36,0,36,108,5,"DM","M3",0.577789674493865
"Aber-2015|Brau-2015|Brau-2016",3,"E",36,0,36,108,5,"DM","M3",0.548700844092488
"Aber-2016|Brau-2014|Brau-2015",3,"E",36,0,36,108,5,"DM","M3",0.538235266913522
"Aber-2016|Brau-2014|Brau-2016",3,"E",36,0,36,108,5,"DM","M3",0.48143222137292
"Aber-2016|Brau-2015|Brau-2016",3,"E",36,0,36,108,5,"DM","M3",0.533260400192133
"Brau-2014|Brau-2015|Brau-2016",3,"E",36,0,36,108,5,"DM","M3",0.496917056585185
"Aber-2015|Aber-2016|Brau-2014",3,"A",0,12,36,36,1,"FW","M3",0.568341319669876
"Aber-2015|Aber-2016|Brau-2015",3,"A",0,12,36,36,1,"FW","M3",0.475575873842489
"Aber-2015|Aber-2016|Brau-2016",3,"A",0,12,36,36,1,"FW","M3",0.35387281604462
"Aber-2015|Brau-2014|Brau-2015",3,"A",0,12,36,36,1,"FW","M3",0.365702930206866
"Aber-2015|Brau-2014|Brau-2016",3,"A",0,12,36,36,1,"FW","M3",0.481792164021409
"Aber-2015|Brau-2015|Brau-2016",3,"A",0,12,36,36,1,"FW","M3",0.458298539147811
"Aber-2016|Brau-2014|Brau-2015",3,"A",0,12,36,36,1,"FW","M3",0.53197927954632
"Aber-2016|Brau-2014|Brau-2016",3,"A",0,12,36,36,1,"FW","M3",0.406219737504492
"Aber-2016|Brau-2015|Brau-2016",3,"A",0,12,36,36,1,"FW","M3",0.501342395705647
"Brau-2014|Brau-2015|Brau-2016",3,"A",0,12,36,36,1,"FW","M3",0.474330424137329
"Aber-2015|Aber-2016|Brau-2014",3,"B",9,9,36,54,1,"FW","M3",0.541299247853442
"Aber-2015|Aber-2016|Brau-2015",3,"B",9,9,36,54,1,"FW","M3",0.52706743535429
"Aber-2015|Aber-2016|Brau-2016",3,"B",9,9,36,54,1,"FW","M3",0.489009589510641
"Aber-2015|Brau-2014|Brau-2015",3,"B",9,9,36,54,1,"FW","M3",0.54104765838672
"Aber-2015|Brau-2014|Brau-2016",3,"B",9,9,36,54,1,"FW","M3",0.439597175654329
"Aber-2015|Brau-2015|Brau-2016",3,"B",9,9,36,54,1,"FW","M3",0.304454923422782
"Aber-2016|Brau-2014|Brau-2015",3,"B",9,9,36,54,1,"FW","M3",0.525434293796863
"Aber-2016|Brau-2014|Brau-2016",3,"B",9,9,36,54,1,"FW","M3",0.458859640635698
"Aber-2016|Brau-2015|Brau-2016",3,"B",9,9,36,54,1,"FW","M3",0.433658009177728
"Brau-2014|Brau-2015|Brau-2016",3,"B",9,9,36,54,1,"FW","M3",0.579710263092638
"Aber-2015|Aber-2016|Brau-2014",3,"C",18,6,36,72,1,"FW","M3",0.537905469263446
"Aber-2015|Aber-2016|Brau-2015",3,"C",18,6,36,72,1,"FW","M3",0.487956259840737
"Aber-2015|Aber-2016|Brau-2016",3,"C",18,6,36,72,1,"FW","M3",0.497372551081754
"Aber-2015|Brau-2014|Brau-2015",3,"C",18,6,36,72,1,"FW","M3",0.556262477627409
"Aber-2015|Brau-2014|Brau-2016",3,"C",18,6,36,72,1,"FW","M3",0.305819288046618
"Aber-2015|Brau-2015|Brau-2016",3,"C",18,6,36,72,1,"FW","M3",0.532598518339277
"Aber-2016|Brau-2014|Brau-2015",3,"C",18,6,36,72,1,"FW","M3",0.508473641681108
"Aber-2016|Brau-2014|Brau-2016",3,"C",18,6,36,72,1,"FW","M3",0.462315282497382
"Aber-2016|Brau-2015|Brau-2016",3,"C",18,6,36,72,1,"FW","M3",0.397498507543986
"Brau-2014|Brau-2015|Brau-2016",3,"C",18,6,36,72,1,"FW","M3",0.429022743583754
"Aber-2015|Aber-2016|Brau-2014",3,"D",27,3,36,90,1,"FW","M3",0.559249041658138
"Aber-2015|Aber-2016|Brau-2015",3,"D",27,3,36,90,1,"FW","M3",0.536957933832065
"Aber-2015|Aber-2016|Brau-2016",3,"D",27,3,36,90,1,"FW","M3",0.19416058317444
"Aber-2015|Brau-2014|Brau-2015",3,"D",27,3,36,90,1,"FW","M3",0.583925196322073
"Aber-2015|Brau-2014|Brau-2016",3,"D",27,3,36,90,1,"FW","M3",0.530193205629554
"Aber-2015|Brau-2015|Brau-2016",3,"D",27,3,36,90,1,"FW","M3",0.514025502759042
"Aber-2016|Brau-2014|Brau-2015",3,"D",27,3,36,90,1,"FW","M3",0.466042452684286
"Aber-2016|Brau-2014|Brau-2016",3,"D",27,3,36,90,1,"FW","M3",0.453441066888575
"Aber-2016|Brau-2015|Brau-2016",3,"D",27,3,36,90,1,"FW","M3",0.342578725222897
"Brau-2014|Brau-2015|Brau-2016",3,"D",27,3,36,90,1,"FW","M3",0.458955831677153
"Aber-2015|Aber-2016|Brau-2014",3,"E",36,0,36,108,1,"FW","M3",0.479032934125261
"Aber-2015|Aber-2016|Brau-2015",3,"E",36,0,36,108,1,"FW","M3",0.5404871240043
"Aber-2015|Aber-2016|Brau-2016",3,"E",36,0,36,108,1,"FW","M3",0.45604710163015
"Aber-2015|Brau-2014|Brau-2015",3,"E",36,0,36,108,1,"FW","M3",0.540395589166723
"Aber-2015|Brau-2014|Brau-2016",3,"E",36,0,36,108,1,"FW","M3",0.490041399767353
"Aber-2015|Brau-2015|Brau-2016",3,"E",36,0,36,108,1,"FW","M3",0.471362754645592
"Aber-2016|Brau-2014|Brau-2015",3,"E",36,0,36,108,1,"FW","M3",0.484314004265896
"Aber-2016|Brau-2014|Brau-2016",3,"E",36,0,36,108,1,"FW","M3",0.43457151226484
"Aber-2016|Brau-2015|Brau-2016",3,"E",36,0,36,108,1,"FW","M3",0.396799765865452
"Brau-2014|Brau-2015|Brau-2016",3,"E",36,0,36,108,1,"FW","M3",0.505758572954926
"Aber-2015|Aber-2016|Brau-2014",3,"A",0,12,36,36,2,"FW","M3",0.545804503079465
"Aber-2015|Aber-2016|Brau-2015",3,"A",0,12,36,36,2,"FW","M3",0.497588998646553
"Aber-2015|Aber-2016|Brau-2016",3,"A",0,12,36,36,2,"FW","M3",0.155488679737295
"Aber-2015|Brau-2014|Brau-2015",3,"A",0,12,36,36,2,"FW","M3",0.408145102924167
"Aber-2015|Brau-2014|Brau-2016",3,"A",0,12,36,36,2,"FW","M3",-0.0920455331552344
"Aber-2015|Brau-2015|Brau-2016",3,"A",0,12,36,36,2,"FW","M3",0.549029157530631
"Aber-2016|Brau-2014|Brau-2015",3,"A",0,12,36,36,2,"FW","M3",0.490447672637417
"Aber-2016|Brau-2014|Brau-2016",3,"A",0,12,36,36,2,"FW","M3",0.271379104401001
"Aber-2016|Brau-2015|Brau-2016",3,"A",0,12,36,36,2,"FW","M3",0.472979559296172
"Brau-2014|Brau-2015|Brau-2016",3,"A",0,12,36,36,2,"FW","M3",0.463958701445187
"Aber-2015|Aber-2016|Brau-2014",3,"B",9,9,36,54,2,"FW","M3",0.532087405566779
"Aber-2015|Aber-2016|Brau-2015",3,"B",9,9,36,54,2,"FW","M3",0.513483556381259
"Aber-2015|Aber-2016|Brau-2016",3,"B",9,9,36,54,2,"FW","M3",0.456794564873309
"Aber-2015|Brau-2014|Brau-2015",3,"B",9,9,36,54,2,"FW","M3",0.549712363657858
"Aber-2015|Brau-2014|Brau-2016",3,"B",9,9,36,54,2,"FW","M3",0.534875672729044
"Aber-2015|Brau-2015|Brau-2016",3,"B",9,9,36,54,2,"FW","M3",0.406878096988736
"Aber-2016|Brau-2014|Brau-2015",3,"B",9,9,36,54,2,"FW","M3",0.476438200222528
"Aber-2016|Brau-2014|Brau-2016",3,"B",9,9,36,54,2,"FW","M3",0.412643742545551
"Aber-2016|Brau-2015|Brau-2016",3,"B",9,9,36,54,2,"FW","M3",0.382115576027649
"Brau-2014|Brau-2015|Brau-2016",3,"B",9,9,36,54,2,"FW","M3",0.514789087141141
"Aber-2015|Aber-2016|Brau-2014",3,"C",18,6,36,72,2,"FW","M3",0.53460552890941
"Aber-2015|Aber-2016|Brau-2015",3,"C",18,6,36,72,2,"FW","M3",0.523997428491578
"Aber-2015|Aber-2016|Brau-2016",3,"C",18,6,36,72,2,"FW","M3",0.394202274488444
"Aber-2015|Brau-2014|Brau-2015",3,"C",18,6,36,72,2,"FW","M3",0.527822779178744
"Aber-2015|Brau-2014|Brau-2016",3,"C",18,6,36,72,2,"FW","M3",0.567990011739959
"Aber-2015|Brau-2015|Brau-2016",3,"C",18,6,36,72,2,"FW","M3",0.523764330323708
"Aber-2016|Brau-2014|Brau-2015",3,"C",18,6,36,72,2,"FW","M3",0.383350584820454
"Aber-2016|Brau-2014|Brau-2016",3,"C",18,6,36,72,2,"FW","M3",0.317711543948205
"Aber-2016|Brau-2015|Brau-2016",3,"C",18,6,36,72,2,"FW","M3",0.427219219345805
"Brau-2014|Brau-2015|Brau-2016",3,"C",18,6,36,72,2,"FW","M3",0.489047837325688
"Aber-2015|Aber-2016|Brau-2014",3,"D",27,3,36,90,2,"FW","M3",0.529426821443661
"Aber-2015|Aber-2016|Brau-2015",3,"D",27,3,36,90,2,"FW","M3",0.398450950230942
"Aber-2015|Aber-2016|Brau-2016",3,"D",27,3,36,90,2,"FW","M3",0.463306625124534
"Aber-2015|Brau-2014|Brau-2015",3,"D",27,3,36,90,2,"FW","M3",0.539558659067329
"Aber-2015|Brau-2014|Brau-2016",3,"D",27,3,36,90,2,"FW","M3",0.469432116258524
"Aber-2015|Brau-2015|Brau-2016",3,"D",27,3,36,90,2,"FW","M3",0.525485101382469
"Aber-2016|Brau-2014|Brau-2015",3,"D",27,3,36,90,2,"FW","M3",0.402578305499972
"Aber-2016|Brau-2014|Brau-2016",3,"D",27,3,36,90,2,"FW","M3",0.455366097869093
"Aber-2016|Brau-2015|Brau-2016",3,"D",27,3,36,90,2,"FW","M3",0.46634253334209
"Brau-2014|Brau-2015|Brau-2016",3,"D",27,3,36,90,2,"FW","M3",0.530184995249926
"Aber-2015|Aber-2016|Brau-2014",3,"E",36,0,36,108,2,"FW","M3",0.400549291050584
"Aber-2015|Aber-2016|Brau-2015",3,"E",36,0,36,108,2,"FW","M3",0.471790271323181
"Aber-2015|Aber-2016|Brau-2016",3,"E",36,0,36,108,2,"FW","M3",0.506053988167979
"Aber-2015|Brau-2014|Brau-2015",3,"E",36,0,36,108,2,"FW","M3",0.552688988277161
"Aber-2015|Brau-2014|Brau-2016",3,"E",36,0,36,108,2,"FW","M3",0.540287059035964
"Aber-2015|Brau-2015|Brau-2016",3,"E",36,0,36,108,2,"FW","M3",0.525318921819036
"Aber-2016|Brau-2014|Brau-2015",3,"E",36,0,36,108,2,"FW","M3",0.521417641534788
"Aber-2016|Brau-2014|Brau-2016",3,"E",36,0,36,108,2,"FW","M3",0.4530059943044
"Aber-2016|Brau-2015|Brau-2016",3,"E",36,0,36,108,2,"FW","M3",0.404880004769057
"Brau-2014|Brau-2015|Brau-2016",3,"E",36,0,36,108,2,"FW","M3",0.483588887638103
"Aber-2015|Aber-2016|Brau-2014",3,"A",0,12,36,36,3,"FW","M3",0.578613623683564
"Aber-2015|Aber-2016|Brau-2015",3,"A",0,12,36,36,3,"FW","M3",0.378961708876932
"Aber-2015|Aber-2016|Brau-2016",3,"A",0,12,36,36,3,"FW","M3",0.542360687016787
"Aber-2015|Brau-2014|Brau-2015",3,"A",0,12,36,36,3,"FW","M3",0.526377487836766
"Aber-2015|Brau-2014|Brau-2016",3,"A",0,12,36,36,3,"FW","M3",0.482803194309875
"Aber-2015|Brau-2015|Brau-2016",3,"A",0,12,36,36,3,"FW","M3",0.492211976242688
"Aber-2016|Brau-2014|Brau-2015",3,"A",0,12,36,36,3,"FW","M3",0.455127756917996
"Aber-2016|Brau-2014|Brau-2016",3,"A",0,12,36,36,3,"FW","M3",0.48086700604423
"Aber-2016|Brau-2015|Brau-2016",3,"A",0,12,36,36,3,"FW","M3",0.461205125875123
"Brau-2014|Brau-2015|Brau-2016",3,"A",0,12,36,36,3,"FW","M3",0.513215820500701
"Aber-2015|Aber-2016|Brau-2014",3,"B",9,9,36,54,3,"FW","M3",0.502235301653975
"Aber-2015|Aber-2016|Brau-2015",3,"B",9,9,36,54,3,"FW","M3",0.428634755309677
"Aber-2015|Aber-2016|Brau-2016",3,"B",9,9,36,54,3,"FW","M3",0.220411644740394
"Aber-2015|Brau-2014|Brau-2015",3,"B",9,9,36,54,3,"FW","M3",0.545763292844637
"Aber-2015|Brau-2014|Brau-2016",3,"B",9,9,36,54,3,"FW","M3",0.301203672874888
"Aber-2015|Brau-2015|Brau-2016",3,"B",9,9,36,54,3,"FW","M3",0.502534629245474
"Aber-2016|Brau-2014|Brau-2015",3,"B",9,9,36,54,3,"FW","M3",0.497630383457952
"Aber-2016|Brau-2014|Brau-2016",3,"B",9,9,36,54,3,"FW","M3",0.479997838730208
"Aber-2016|Brau-2015|Brau-2016",3,"B",9,9,36,54,3,"FW","M3",0.429385179737525
"Brau-2014|Brau-2015|Brau-2016",3,"B",9,9,36,54,3,"FW","M3",0.312889394074249
"Aber-2015|Aber-2016|Brau-2014",3,"C",18,6,36,72,3,"FW","M3",0.568125571582655
"Aber-2015|Aber-2016|Brau-2015",3,"C",18,6,36,72,3,"FW","M3",0.480053808794319
"Aber-2015|Aber-2016|Brau-2016",3,"C",18,6,36,72,3,"FW","M3",0.532039393823693
"Aber-2015|Brau-2014|Brau-2015",3,"C",18,6,36,72,3,"FW","M3",0.583990028957502
"Aber-2015|Brau-2014|Brau-2016",3,"C",18,6,36,72,3,"FW","M3",0.429343208861024
"Aber-2015|Brau-2015|Brau-2016",3,"C",18,6,36,72,3,"FW","M3",0.323258596490154
"Aber-2016|Brau-2014|Brau-2015",3,"C",18,6,36,72,3,"FW","M3",0.465075569518344
"Aber-2016|Brau-2014|Brau-2016",3,"C",18,6,36,72,3,"FW","M3",0.239359368474361
"Aber-2016|Brau-2015|Brau-2016",3,"C",18,6,36,72,3,"FW","M3",0.444373803630463
"Brau-2014|Brau-2015|Brau-2016",3,"C",18,6,36,72,3,"FW","M3",0.527185444245511
"Aber-2015|Aber-2016|Brau-2014",3,"D",27,3,36,90,3,"FW","M3",0.507354167455308
"Aber-2015|Aber-2016|Brau-2015",3,"D",27,3,36,90,3,"FW","M3",0.615180370210232
"Aber-2015|Aber-2016|Brau-2016",3,"D",27,3,36,90,3,"FW","M3",0.463411677608667
"Aber-2015|Brau-2014|Brau-2015",3,"D",27,3,36,90,3,"FW","M3",0.611734001066363
"Aber-2015|Brau-2014|Brau-2016",3,"D",27,3,36,90,3,"FW","M3",0.563937884239327
"Aber-2015|Brau-2015|Brau-2016",3,"D",27,3,36,90,3,"FW","M3",0.56731739959993
"Aber-2016|Brau-2014|Brau-2015",3,"D",27,3,36,90,3,"FW","M3",0.416292356342436
"Aber-2016|Brau-2014|Brau-2016",3,"D",27,3,36,90,3,"FW","M3",0.466088797475772
"Aber-2016|Brau-2015|Brau-2016",3,"D",27,3,36,90,3,"FW","M3",0.403323512223893
"Brau-2014|Brau-2015|Brau-2016",3,"D",27,3,36,90,3,"FW","M3",0.485934983758949
"Aber-2015|Aber-2016|Brau-2014",3,"E",36,0,36,108,3,"FW","M3",0.523984539507663
"Aber-2015|Aber-2016|Brau-2015",3,"E",36,0,36,108,3,"FW","M3",0.482757274575722
"Aber-2015|Aber-2016|Brau-2016",3,"E",36,0,36,108,3,"FW","M3",0.522783871930301
"Aber-2015|Brau-2014|Brau-2015",3,"E",36,0,36,108,3,"FW","M3",0.576985932260464
"Aber-2015|Brau-2014|Brau-2016",3,"E",36,0,36,108,3,"FW","M3",0.334455778786758
"Aber-2015|Brau-2015|Brau-2016",3,"E",36,0,36,108,3,"FW","M3",0.381519041764043
"Aber-2016|Brau-2014|Brau-2015",3,"E",36,0,36,108,3,"FW","M3",0.434889323986752
"Aber-2016|Brau-2014|Brau-2016",3,"E",36,0,36,108,3,"FW","M3",0.480955551044693
"Aber-2016|Brau-2015|Brau-2016",3,"E",36,0,36,108,3,"FW","M3",0.44679645881875
"Brau-2014|Brau-2015|Brau-2016",3,"E",36,0,36,108,3,"FW","M3",0.462356798928266
"Aber-2015|Aber-2016|Brau-2014",3,"A",0,12,36,36,4,"FW","M3",0.39939546731238
"Aber-2015|Aber-2016|Brau-2015",3,"A",0,12,36,36,4,"FW","M3",0.486432345604472
"Aber-2015|Aber-2016|Brau-2016",3,"A",0,12,36,36,4,"FW","M3",0.471286427872231
"Aber-2015|Brau-2014|Brau-2015",3,"A",0,12,36,36,4,"FW","M3",0.46360455233913
"Aber-2015|Brau-2014|Brau-2016",3,"A",0,12,36,36,4,"FW","M3",0.399959156243905
"Aber-2015|Brau-2015|Brau-2016",3,"A",0,12,36,36,4,"FW","M3",0.460082500267235
"Aber-2016|Brau-2014|Brau-2015",3,"A",0,12,36,36,4,"FW","M3",0.510622119852268
"Aber-2016|Brau-2014|Brau-2016",3,"A",0,12,36,36,4,"FW","M3",0.443373771523319
"Aber-2016|Brau-2015|Brau-2016",3,"A",0,12,36,36,4,"FW","M3",0.502061424294397
"Brau-2014|Brau-2015|Brau-2016",3,"A",0,12,36,36,4,"FW","M3",0.384763766243643
"Aber-2015|Aber-2016|Brau-2014",3,"B",9,9,36,54,4,"FW","M3",0.553323494145623
"Aber-2015|Aber-2016|Brau-2015",3,"B",9,9,36,54,4,"FW","M3",0.44938357574125
"Aber-2015|Aber-2016|Brau-2016",3,"B",9,9,36,54,4,"FW","M3",0.500550804252111
"Aber-2015|Brau-2014|Brau-2015",3,"B",9,9,36,54,4,"FW","M3",0.425312452183282
"Aber-2015|Brau-2014|Brau-2016",3,"B",9,9,36,54,4,"FW","M3",0.5402722286236
"Aber-2015|Brau-2015|Brau-2016",3,"B",9,9,36,54,4,"FW","M3",0.384789521613388
"Aber-2016|Brau-2014|Brau-2015",3,"B",9,9,36,54,4,"FW","M3",0.298737154497978
"Aber-2016|Brau-2014|Brau-2016",3,"B",9,9,36,54,4,"FW","M3",0.489721685734147
"Aber-2016|Brau-2015|Brau-2016",3,"B",9,9,36,54,4,"FW","M3",0.386328673529644
"Brau-2014|Brau-2015|Brau-2016",3,"B",9,9,36,54,4,"FW","M3",0.514079066587871
"Aber-2015|Aber-2016|Brau-2014",3,"C",18,6,36,72,4,"FW","M3",0.48381890233466
"Aber-2015|Aber-2016|Brau-2015",3,"C",18,6,36,72,4,"FW","M3",0.479156481394768
"Aber-2015|Aber-2016|Brau-2016",3,"C",18,6,36,72,4,"FW","M3",0.463859595552848
"Aber-2015|Brau-2014|Brau-2015",3,"C",18,6,36,72,4,"FW","M3",0.57451911103883
"Aber-2015|Brau-2014|Brau-2016",3,"C",18,6,36,72,4,"FW","M3",0.536525221266336
"Aber-2015|Brau-2015|Brau-2016",3,"C",18,6,36,72,4,"FW","M3",0.431832479851571
"Aber-2016|Brau-2014|Brau-2015",3,"C",18,6,36,72,4,"FW","M3",0.496704188241634
"Aber-2016|Brau-2014|Brau-2016",3,"C",18,6,36,72,4,"FW","M3",0.388700506132203
"Aber-2016|Brau-2015|Brau-2016",3,"C",18,6,36,72,4,"FW","M3",0.315526157129631
"Brau-2014|Brau-2015|Brau-2016",3,"C",18,6,36,72,4,"FW","M3",0.38595279844517
"Aber-2015|Aber-2016|Brau-2014",3,"D",27,3,36,90,4,"FW","M3",0.533785086304884
"Aber-2015|Aber-2016|Brau-2015",3,"D",27,3,36,90,4,"FW","M3",0.467404652018209
"Aber-2015|Aber-2016|Brau-2016",3,"D",27,3,36,90,4,"FW","M3",0.469645434838639
"Aber-2015|Brau-2014|Brau-2015",3,"D",27,3,36,90,4,"FW","M3",0.583446011460483
"Aber-2015|Brau-2014|Brau-2016",3,"D",27,3,36,90,4,"FW","M3",0.490109926551361
"Aber-2015|Brau-2015|Brau-2016",3,"D",27,3,36,90,4,"FW","M3",0.393089527108609
"Aber-2016|Brau-2014|Brau-2015",3,"D",27,3,36,90,4,"FW","M3",0.484111844677005
"Aber-2016|Brau-2014|Brau-2016",3,"D",27,3,36,90,4,"FW","M3",0.497998483233589
"Aber-2016|Brau-2015|Brau-2016",3,"D",27,3,36,90,4,"FW","M3",0.243899243249186
"Brau-2014|Brau-2015|Brau-2016",3,"D",27,3,36,90,4,"FW","M3",0.398628125342901
"Aber-2015|Aber-2016|Brau-2014",3,"E",36,0,36,108,4,"FW","M3",0.484870647014156
"Aber-2015|Aber-2016|Brau-2015",3,"E",36,0,36,108,4,"FW","M3",0.556626115107036
"Aber-2015|Aber-2016|Brau-2016",3,"E",36,0,36,108,4,"FW","M3",0.509965258202005
"Aber-2015|Brau-2014|Brau-2015",3,"E",36,0,36,108,4,"FW","M3",0.615640544179065
"Aber-2015|Brau-2014|Brau-2016",3,"E",36,0,36,108,4,"FW","M3",0.426158884880082
"Aber-2015|Brau-2015|Brau-2016",3,"E",36,0,36,108,4,"FW","M3",0.456279431610066
"Aber-2016|Brau-2014|Brau-2015",3,"E",36,0,36,108,4,"FW","M3",0.540805894169476
"Aber-2016|Brau-2014|Brau-2016",3,"E",36,0,36,108,4,"FW","M3",0.415356418924717
"Aber-2016|Brau-2015|Brau-2016",3,"E",36,0,36,108,4,"FW","M3",0.506431888616601
"Brau-2014|Brau-2015|Brau-2016",3,"E",36,0,36,108,4,"FW","M3",0.477439797688767
"Aber-2015|Aber-2016|Brau-2014",3,"A",0,12,36,36,5,"FW","M3",0.466454547148916
"Aber-2015|Aber-2016|Brau-2015",3,"A",0,12,36,36,5,"FW","M3",0.464151801183108
"Aber-2015|Aber-2016|Brau-2016",3,"A",0,12,36,36,5,"FW","M3",0.418175979010014
"Aber-2015|Brau-2014|Brau-2015",3,"A",0,12,36,36,5,"FW","M3",0.506543365263841
"Aber-2015|Brau-2014|Brau-2016",3,"A",0,12,36,36,5,"FW","M3",0.443142312182769
"Aber-2015|Brau-2015|Brau-2016",3,"A",0,12,36,36,5,"FW","M3",0.506133466075091
"Aber-2016|Brau-2014|Brau-2015",3,"A",0,12,36,36,5,"FW","M3",0.552353760080077
"Aber-2016|Brau-2014|Brau-2016",3,"A",0,12,36,36,5,"FW","M3",0.401496987827671
"Aber-2016|Brau-2015|Brau-2016",3,"A",0,12,36,36,5,"FW","M3",0.445308298547978
"Brau-2014|Brau-2015|Brau-2016",3,"A",0,12,36,36,5,"FW","M3",0.476944906664313
"Aber-2015|Aber-2016|Brau-2014",3,"B",9,9,36,54,5,"FW","M3",0.358826292920556
"Aber-2015|Aber-2016|Brau-2015",3,"B",9,9,36,54,5,"FW","M3",0.442041648937364
"Aber-2015|Aber-2016|Brau-2016",3,"B",9,9,36,54,5,"FW","M3",0.416068772853999
"Aber-2015|Brau-2014|Brau-2015",3,"B",9,9,36,54,5,"FW","M3",0.518893915430132
"Aber-2015|Brau-2014|Brau-2016",3,"B",9,9,36,54,5,"FW","M3",0.377438190153266
"Aber-2015|Brau-2015|Brau-2016",3,"B",9,9,36,54,5,"FW","M3",0.285334429220891
"Aber-2016|Brau-2014|Brau-2015",3,"B",9,9,36,54,5,"FW","M3",0.467897546189984
"Aber-2016|Brau-2014|Brau-2016",3,"B",9,9,36,54,5,"FW","M3",0.428093878731258
"Aber-2016|Brau-2015|Brau-2016",3,"B",9,9,36,54,5,"FW","M3",0.43018168855812
"Brau-2014|Brau-2015|Brau-2016",3,"B",9,9,36,54,5,"FW","M3",0.411205685606048
"Aber-2015|Aber-2016|Brau-2014",3,"C",18,6,36,72,5,"FW","M3",0.389459298708219
"Aber-2015|Aber-2016|Brau-2015",3,"C",18,6,36,72,5,"FW","M3",0.500917250639395
"Aber-2015|Aber-2016|Brau-2016",3,"C",18,6,36,72,5,"FW","M3",0.484156267231264
"Aber-2015|Brau-2014|Brau-2015",3,"C",18,6,36,72,5,"FW","M3",0.501012322343292
"Aber-2015|Brau-2014|Brau-2016",3,"C",18,6,36,72,5,"FW","M3",0.438527595379185
"Aber-2015|Brau-2015|Brau-2016",3,"C",18,6,36,72,5,"FW","M3",0.497520417950197
"Aber-2016|Brau-2014|Brau-2015",3,"C",18,6,36,72,5,"FW","M3",0.468332798876495
"Aber-2016|Brau-2014|Brau-2016",3,"C",18,6,36,72,5,"FW","M3",0.415912801911225
"Aber-2016|Brau-2015|Brau-2016",3,"C",18,6,36,72,5,"FW","M3",0.453819321932773
"Brau-2014|Brau-2015|Brau-2016",3,"C",18,6,36,72,5,"FW","M3",0.490106158099929
"Aber-2015|Aber-2016|Brau-2014",3,"D",27,3,36,90,5,"FW","M3",0.540720799850825
"Aber-2015|Aber-2016|Brau-2015",3,"D",27,3,36,90,5,"FW","M3",0.436347162235358
"Aber-2015|Aber-2016|Brau-2016",3,"D",27,3,36,90,5,"FW","M3",0.477610226811133
"Aber-2015|Brau-2014|Brau-2015",3,"D",27,3,36,90,5,"FW","M3",0.590049390032818
"Aber-2015|Brau-2014|Brau-2016",3,"D",27,3,36,90,5,"FW","M3",0.517023043353894
"Aber-2015|Brau-2015|Brau-2016",3,"D",27,3,36,90,5,"FW","M3",0.479948370107337
"Aber-2016|Brau-2014|Brau-2015",3,"D",27,3,36,90,5,"FW","M3",0.49299848041806
"Aber-2016|Brau-2014|Brau-2016",3,"D",27,3,36,90,5,"FW","M3",0.495174928830348
"Aber-2016|Brau-2015|Brau-2016",3,"D",27,3,36,90,5,"FW","M3",0.286207305251262
"Brau-2014|Brau-2015|Brau-2016",3,"D",27,3,36,90,5,"FW","M3",0.2729084315354
"Aber-2015|Aber-2016|Brau-2014",3,"E",36,0,36,108,5,"FW","M3",0.520819809681214
"Aber-2015|Aber-2016|Brau-2015",3,"E",36,0,36,108,5,"FW","M3",0.481929554787066
"Aber-2015|Aber-2016|Brau-2016",3,"E",36,0,36,108,5,"FW","M3",0.474645113714846
"Aber-2015|Brau-2014|Brau-2015",3,"E",36,0,36,108,5,"FW","M3",0.586572307378447
"Aber-2015|Brau-2014|Brau-2016",3,"E",36,0,36,108,5,"FW","M3",0.516210783508865
"Aber-2015|Brau-2015|Brau-2016",3,"E",36,0,36,108,5,"FW","M3",0.496409817747867
"Aber-2016|Brau-2014|Brau-2015",3,"E",36,0,36,108,5,"FW","M3",0.515870897332044
"Aber-2016|Brau-2014|Brau-2016",3,"E",36,0,36,108,5,"FW","M3",0.465004397440513
"Aber-2016|Brau-2015|Brau-2016",3,"E",36,0,36,108,5,"FW","M3",0.488297982323502
"Brau-2014|Brau-2015|Brau-2016",3,"E",36,0,36,108,5,"FW","M3",0.468810302426703
"Aber-2015|Aber-2016|Brau-2014",3,"A",0,12,36,36,1,"MC","M3",0.48955742552523
"Aber-2015|Aber-2016|Brau-2015",3,"A",0,12,36,36,1,"MC","M3",0.117300873113955
"Aber-2015|Aber-2016|Brau-2016",3,"A",0,12,36,36,1,"MC","M3",0.116393122053227
"Aber-2015|Brau-2014|Brau-2015",3,"A",0,12,36,36,1,"MC","M3",0.463199560780549
"Aber-2015|Brau-2014|Brau-2016",3,"A",0,12,36,36,1,"MC","M3",0.307718889646665
"Aber-2015|Brau-2015|Brau-2016",3,"A",0,12,36,36,1,"MC","M3",0.308147945318241
"Aber-2016|Brau-2014|Brau-2015",3,"A",0,12,36,36,1,"MC","M3",0.51301642556851
"Aber-2016|Brau-2014|Brau-2016",3,"A",0,12,36,36,1,"MC","M3",0.348230203275288
"Aber-2016|Brau-2015|Brau-2016",3,"A",0,12,36,36,1,"MC","M3",0.400311636460014
"Brau-2014|Brau-2015|Brau-2016",3,"A",0,12,36,36,1,"MC","M3",0.229520545031073
"Aber-2015|Aber-2016|Brau-2014",3,"B",9,9,36,54,1,"MC","M3",0.448972917746386
"Aber-2015|Aber-2016|Brau-2015",3,"B",9,9,36,54,1,"MC","M3",0.48659151168064
"Aber-2015|Aber-2016|Brau-2016",3,"B",9,9,36,54,1,"MC","M3",0.291299431514996
"Aber-2015|Brau-2014|Brau-2015",3,"B",9,9,36,54,1,"MC","M3",0.440495597991927
"Aber-2015|Brau-2014|Brau-2016",3,"B",9,9,36,54,1,"MC","M3",0.3316439624704
"Aber-2015|Brau-2015|Brau-2016",3,"B",9,9,36,54,1,"MC","M3",0.246646293551206
"Aber-2016|Brau-2014|Brau-2015",3,"B",9,9,36,54,1,"MC","M3",0.434012840163827
"Aber-2016|Brau-2014|Brau-2016",3,"B",9,9,36,54,1,"MC","M3",0.335121018311842
"Aber-2016|Brau-2015|Brau-2016",3,"B",9,9,36,54,1,"MC","M3",0.40359896414083
"Brau-2014|Brau-2015|Brau-2016",3,"B",9,9,36,54,1,"MC","M3",0.373116695315607
"Aber-2015|Aber-2016|Brau-2014",3,"C",18,6,36,72,1,"MC","M3",0.465271115263092
"Aber-2015|Aber-2016|Brau-2015",3,"C",18,6,36,72,1,"MC","M3",0.43711323955584
"Aber-2015|Aber-2016|Brau-2016",3,"C",18,6,36,72,1,"MC","M3",0.367604279338571
"Aber-2015|Brau-2014|Brau-2015",3,"C",18,6,36,72,1,"MC","M3",0.436848171585414
"Aber-2015|Brau-2014|Brau-2016",3,"C",18,6,36,72,1,"MC","M3",0.420470730512813
"Aber-2015|Brau-2015|Brau-2016",3,"C",18,6,36,72,1,"MC","M3",0.390027245543519
"Aber-2016|Brau-2014|Brau-2015",3,"C",18,6,36,72,1,"MC","M3",0.521711611398732
"Aber-2016|Brau-2014|Brau-2016",3,"C",18,6,36,72,1,"MC","M3",0.388663101450414
"Aber-2016|Brau-2015|Brau-2016",3,"C",18,6,36,72,1,"MC","M3",0.31361731732373
"Brau-2014|Brau-2015|Brau-2016",3,"C",18,6,36,72,1,"MC","M3",0.277978225310642
"Aber-2015|Aber-2016|Brau-2014",3,"D",27,3,36,90,1,"MC","M3",0.476413673745506
"Aber-2015|Aber-2016|Brau-2015",3,"D",27,3,36,90,1,"MC","M3",0.392972012821294
"Aber-2015|Aber-2016|Brau-2016",3,"D",27,3,36,90,1,"MC","M3",0.382250361669609
"Aber-2015|Brau-2014|Brau-2015",3,"D",27,3,36,90,1,"MC","M3",0.460117613482455
"Aber-2015|Brau-2014|Brau-2016",3,"D",27,3,36,90,1,"MC","M3",0.337298377684878
"Aber-2015|Brau-2015|Brau-2016",3,"D",27,3,36,90,1,"MC","M3",0.232845160244298
"Aber-2016|Brau-2014|Brau-2015",3,"D",27,3,36,90,1,"MC","M3",0.447673548402317
"Aber-2016|Brau-2014|Brau-2016",3,"D",27,3,36,90,1,"MC","M3",0.387017886115394
"Aber-2016|Brau-2015|Brau-2016",3,"D",27,3,36,90,1,"MC","M3",0.34797433528447
"Brau-2014|Brau-2015|Brau-2016",3,"D",27,3,36,90,1,"MC","M3",0.244744924948735
"Aber-2015|Aber-2016|Brau-2014",3,"E",36,0,36,108,1,"MC","M3",0.465155525145725
"Aber-2015|Aber-2016|Brau-2015",3,"E",36,0,36,108,1,"MC","M3",0.479712028425773
"Aber-2015|Aber-2016|Brau-2016",3,"E",36,0,36,108,1,"MC","M3",0.273493629083029
"Aber-2015|Brau-2014|Brau-2015",3,"E",36,0,36,108,1,"MC","M3",0.475509474095402
"Aber-2015|Brau-2014|Brau-2016",3,"E",36,0,36,108,1,"MC","M3",0.325361776771968
"Aber-2015|Brau-2015|Brau-2016",3,"E",36,0,36,108,1,"MC","M3",0.258185980975175
"Aber-2016|Brau-2014|Brau-2015",3,"E",36,0,36,108,1,"MC","M3",0.472948833394194
"Aber-2016|Brau-2014|Brau-2016",3,"E",36,0,36,108,1,"MC","M3",0.381101159788367
"Aber-2016|Brau-2015|Brau-2016",3,"E",36,0,36,108,1,"MC","M3",0.326641435748763
"Brau-2014|Brau-2015|Brau-2016",3,"E",36,0,36,108,1,"MC","M3",0.345878749497843
"Aber-2015|Aber-2016|Brau-2014",3,"A",0,12,36,36,2,"MC","M3",0.51341222694573
"Aber-2015|Aber-2016|Brau-2015",3,"A",0,12,36,36,2,"MC","M3",0.431437999148828
"Aber-2015|Aber-2016|Brau-2016",3,"A",0,12,36,36,2,"MC","M3",0.376786833153715
"Aber-2015|Brau-2014|Brau-2015",3,"A",0,12,36,36,2,"MC","M3",0.489346828964385
"Aber-2015|Brau-2014|Brau-2016",3,"A",0,12,36,36,2,"MC","M3",0.276791048253226
"Aber-2015|Brau-2015|Brau-2016",3,"A",0,12,36,36,2,"MC","M3",0.326111148103616
"Aber-2016|Brau-2014|Brau-2015",3,"A",0,12,36,36,2,"MC","M3",0.478868456944103
"Aber-2016|Brau-2014|Brau-2016",3,"A",0,12,36,36,2,"MC","M3",0.331559230651089
"Aber-2016|Brau-2015|Brau-2016",3,"A",0,12,36,36,2,"MC","M3",0.20445962014073
"Brau-2014|Brau-2015|Brau-2016",3,"A",0,12,36,36,2,"MC","M3",0.218075955972844
"Aber-2015|Aber-2016|Brau-2014",3,"B",9,9,36,54,2,"MC","M3",0.486209578739816
"Aber-2015|Aber-2016|Brau-2015",3,"B",9,9,36,54,2,"MC","M3",0.38710161328374
"Aber-2015|Aber-2016|Brau-2016",3,"B",9,9,36,54,2,"MC","M3",0.328068661141613
"Aber-2015|Brau-2014|Brau-2015",3,"B",9,9,36,54,2,"MC","M3",0.443955092924162
"Aber-2015|Brau-2014|Brau-2016",3,"B",9,9,36,54,2,"MC","M3",0.305726736030359
"Aber-2015|Brau-2015|Brau-2016",3,"B",9,9,36,54,2,"MC","M3",0.289608015345492
"Aber-2016|Brau-2014|Brau-2015",3,"B",9,9,36,54,2,"MC","M3",0.496239557485215
"Aber-2016|Brau-2014|Brau-2016",3,"B",9,9,36,54,2,"MC","M3",0.297966540022416
"Aber-2016|Brau-2015|Brau-2016",3,"B",9,9,36,54,2,"MC","M3",0.0916105318348629
"Brau-2014|Brau-2015|Brau-2016",3,"B",9,9,36,54,2,"MC","M3",0.375840707255386
"Aber-2015|Aber-2016|Brau-2014",3,"C",18,6,36,72,2,"MC","M3",0.4458535761364
"Aber-2015|Aber-2016|Brau-2015",3,"C",18,6,36,72,2,"MC","M3",0.467650134664794
"Aber-2015|Aber-2016|Brau-2016",3,"C",18,6,36,72,2,"MC","M3",0.163799519818203
"Aber-2015|Brau-2014|Brau-2015",3,"C",18,6,36,72,2,"MC","M3",0.479004400378951
"Aber-2015|Brau-2014|Brau-2016",3,"C",18,6,36,72,2,"MC","M3",0.331151356691561
"Aber-2015|Brau-2015|Brau-2016",3,"C",18,6,36,72,2,"MC","M3",0.320569427070662
"Aber-2016|Brau-2014|Brau-2015",3,"C",18,6,36,72,2,"MC","M3",0.525848561570236
"Aber-2016|Brau-2014|Brau-2016",3,"C",18,6,36,72,2,"MC","M3",0.213725526297815
"Aber-2016|Brau-2015|Brau-2016",3,"C",18,6,36,72,2,"MC","M3",0.301934842805795
"Brau-2014|Brau-2015|Brau-2016",3,"C",18,6,36,72,2,"MC","M3",0.404488635195497
"Aber-2015|Aber-2016|Brau-2014",3,"D",27,3,36,90,2,"MC","M3",0.461650402795731
"Aber-2015|Aber-2016|Brau-2015",3,"D",27,3,36,90,2,"MC","M3",0.40270475907296
"Aber-2015|Aber-2016|Brau-2016",3,"D",27,3,36,90,2,"MC","M3",0.326888530394747
"Aber-2015|Brau-2014|Brau-2015",3,"D",27,3,36,90,2,"MC","M3",0.448603220834062
"Aber-2015|Brau-2014|Brau-2016",3,"D",27,3,36,90,2,"MC","M3",0.102613013450242
"Aber-2015|Brau-2015|Brau-2016",3,"D",27,3,36,90,2,"MC","M3",0.256226620013739
"Aber-2016|Brau-2014|Brau-2015",3,"D",27,3,36,90,2,"MC","M3",0.44116419235786
"Aber-2016|Brau-2014|Brau-2016",3,"D",27,3,36,90,2,"MC","M3",0.410677426960089
"Aber-2016|Brau-2015|Brau-2016",3,"D",27,3,36,90,2,"MC","M3",0.358737012899235
"Brau-2014|Brau-2015|Brau-2016",3,"D",27,3,36,90,2,"MC","M3",0.346955305527654
"Aber-2015|Aber-2016|Brau-2014",3,"E",36,0,36,108,2,"MC","M3",0.479282000376106
"Aber-2015|Aber-2016|Brau-2015",3,"E",36,0,36,108,2,"MC","M3",0.359725400502795
"Aber-2015|Aber-2016|Brau-2016",3,"E",36,0,36,108,2,"MC","M3",0.222179043660856
"Aber-2015|Brau-2014|Brau-2015",3,"E",36,0,36,108,2,"MC","M3",0.427588157064781
"Aber-2015|Brau-2014|Brau-2016",3,"E",36,0,36,108,2,"MC","M3",0.305920448623521
"Aber-2015|Brau-2015|Brau-2016",3,"E",36,0,36,108,2,"MC","M3",0.255957240293497
"Aber-2016|Brau-2014|Brau-2015",3,"E",36,0,36,108,2,"MC","M3",0.517842577305364
"Aber-2016|Brau-2014|Brau-2016",3,"E",36,0,36,108,2,"MC","M3",0.392918719051994
"Aber-2016|Brau-2015|Brau-2016",3,"E",36,0,36,108,2,"MC","M3",0.174319049261827
"Brau-2014|Brau-2015|Brau-2016",3,"E",36,0,36,108,2,"MC","M3",0.282136212716879
"Aber-2015|Aber-2016|Brau-2014",3,"A",0,12,36,36,3,"MC","M3",0.374725950026504
"Aber-2015|Aber-2016|Brau-2015",3,"A",0,12,36,36,3,"MC","M3",0.402711357975393
"Aber-2015|Aber-2016|Brau-2016",3,"A",0,12,36,36,3,"MC","M3",0.393722880602699
"Aber-2015|Brau-2014|Brau-2015",3,"A",0,12,36,36,3,"MC","M3",0.419679393508896
"Aber-2015|Brau-2014|Brau-2016",3,"A",0,12,36,36,3,"MC","M3",0.209437419185383
"Aber-2015|Brau-2015|Brau-2016",3,"A",0,12,36,36,3,"MC","M3",0.33080630783531
"Aber-2016|Brau-2014|Brau-2015",3,"A",0,12,36,36,3,"MC","M3",0.377301154771058
"Aber-2016|Brau-2014|Brau-2016",3,"A",0,12,36,36,3,"MC","M3",0.297319371397113
"Aber-2016|Brau-2015|Brau-2016",3,"A",0,12,36,36,3,"MC","M3",0.282543182535232
"Brau-2014|Brau-2015|Brau-2016",3,"A",0,12,36,36,3,"MC","M3",0.420013781233216
"Aber-2015|Aber-2016|Brau-2014",3,"B",9,9,36,54,3,"MC","M3",0.498639148211367
"Aber-2015|Aber-2016|Brau-2015",3,"B",9,9,36,54,3,"MC","M3",0.46105043292444
"Aber-2015|Aber-2016|Brau-2016",3,"B",9,9,36,54,3,"MC","M3",0.316337511676945
"Aber-2015|Brau-2014|Brau-2015",3,"B",9,9,36,54,3,"MC","M3",0.423582397572857
"Aber-2015|Brau-2014|Brau-2016",3,"B",9,9,36,54,3,"MC","M3",0.278998180873283
"Aber-2015|Brau-2015|Brau-2016",3,"B",9,9,36,54,3,"MC","M3",0.35927426060866
"Aber-2016|Brau-2014|Brau-2015",3,"B",9,9,36,54,3,"MC","M3",0.517264597627973
"Aber-2016|Brau-2014|Brau-2016",3,"B",9,9,36,54,3,"MC","M3",0.184206546059491
"Aber-2016|Brau-2015|Brau-2016",3,"B",9,9,36,54,3,"MC","M3",0.341408655971403
"Brau-2014|Brau-2015|Brau-2016",3,"B",9,9,36,54,3,"MC","M3",0.407466456783238
"Aber-2015|Aber-2016|Brau-2014",3,"C",18,6,36,72,3,"MC","M3",0.455114847708273
"Aber-2015|Aber-2016|Brau-2015",3,"C",18,6,36,72,3,"MC","M3",0.479621775254759
"Aber-2015|Aber-2016|Brau-2016",3,"C",18,6,36,72,3,"MC","M3",0.343554773312095
"Aber-2015|Brau-2014|Brau-2015",3,"C",18,6,36,72,3,"MC","M3",0.468026935187902
"Aber-2015|Brau-2014|Brau-2016",3,"C",18,6,36,72,3,"MC","M3",0.360119712027717
"Aber-2015|Brau-2015|Brau-2016",3,"C",18,6,36,72,3,"MC","M3",0.359470969544033
"Aber-2016|Brau-2014|Brau-2015",3,"C",18,6,36,72,3,"MC","M3",0.542356697257774
"Aber-2016|Brau-2014|Brau-2016",3,"C",18,6,36,72,3,"MC","M3",0.35280962630113
"Aber-2016|Brau-2015|Brau-2016",3,"C",18,6,36,72,3,"MC","M3",0.349084692584709
"Brau-2014|Brau-2015|Brau-2016",3,"C",18,6,36,72,3,"MC","M3",0.374041529403556
"Aber-2015|Aber-2016|Brau-2014",3,"D",27,3,36,90,3,"MC","M3",0.3835404577552
"Aber-2015|Aber-2016|Brau-2015",3,"D",27,3,36,90,3,"MC","M3",0.377362883160476
"Aber-2015|Aber-2016|Brau-2016",3,"D",27,3,36,90,3,"MC","M3",0.28483262832276
"Aber-2015|Brau-2014|Brau-2015",3,"D",27,3,36,90,3,"MC","M3",0.495047267591058
"Aber-2015|Brau-2014|Brau-2016",3,"D",27,3,36,90,3,"MC","M3",0.369842972863197
"Aber-2015|Brau-2015|Brau-2016",3,"D",27,3,36,90,3,"MC","M3",0.363948909583435
"Aber-2016|Brau-2014|Brau-2015",3,"D",27,3,36,90,3,"MC","M3",0.530585396659086
"Aber-2016|Brau-2014|Brau-2016",3,"D",27,3,36,90,3,"MC","M3",0.395762952207339
"Aber-2016|Brau-2015|Brau-2016",3,"D",27,3,36,90,3,"MC","M3",0.333478632473529
"Brau-2014|Brau-2015|Brau-2016",3,"D",27,3,36,90,3,"MC","M3",0.418345796017798
"Aber-2015|Aber-2016|Brau-2014",3,"E",36,0,36,108,3,"MC","M3",0.480520403210098
"Aber-2015|Aber-2016|Brau-2015",3,"E",36,0,36,108,3,"MC","M3",0.342855067460565
"Aber-2015|Aber-2016|Brau-2016",3,"E",36,0,36,108,3,"MC","M3",0.337879153125801
"Aber-2015|Brau-2014|Brau-2015",3,"E",36,0,36,108,3,"MC","M3",0.475047993942127
"Aber-2015|Brau-2014|Brau-2016",3,"E",36,0,36,108,3,"MC","M3",0.273266199226965
"Aber-2015|Brau-2015|Brau-2016",3,"E",36,0,36,108,3,"MC","M3",0.169747384325989
"Aber-2016|Brau-2014|Brau-2015",3,"E",36,0,36,108,3,"MC","M3",0.445431946083438
"Aber-2016|Brau-2014|Brau-2016",3,"E",36,0,36,108,3,"MC","M3",0.398527778124433
"Aber-2016|Brau-2015|Brau-2016",3,"E",36,0,36,108,3,"MC","M3",0.25642249789654
"Brau-2014|Brau-2015|Brau-2016",3,"E",36,0,36,108,3,"MC","M3",0.315797006619241
"Aber-2015|Aber-2016|Brau-2014",3,"A",0,12,36,36,4,"MC","M3",0.450540842333677
"Aber-2015|Aber-2016|Brau-2015",3,"A",0,12,36,36,4,"MC","M3",0.3800545931726
"Aber-2015|Aber-2016|Brau-2016",3,"A",0,12,36,36,4,"MC","M3",0.367122739558642
"Aber-2015|Brau-2014|Brau-2015",3,"A",0,12,36,36,4,"MC","M3",0.440332933618101
"Aber-2015|Brau-2014|Brau-2016",3,"A",0,12,36,36,4,"MC","M3",0.324374458961118
"Aber-2015|Brau-2015|Brau-2016",3,"A",0,12,36,36,4,"MC","M3",0.301349090202966
"Aber-2016|Brau-2014|Brau-2015",3,"A",0,12,36,36,4,"MC","M3",0.519537050667598
"Aber-2016|Brau-2014|Brau-2016",3,"A",0,12,36,36,4,"MC","M3",0.270879632282979
"Aber-2016|Brau-2015|Brau-2016",3,"A",0,12,36,36,4,"MC","M3",0.346504779529362
"Brau-2014|Brau-2015|Brau-2016",3,"A",0,12,36,36,4,"MC","M3",0.295583238620605
"Aber-2015|Aber-2016|Brau-2014",3,"B",9,9,36,54,4,"MC","M3",0.365317166175059
"Aber-2015|Aber-2016|Brau-2015",3,"B",9,9,36,54,4,"MC","M3",0.497232586000334
"Aber-2015|Aber-2016|Brau-2016",3,"B",9,9,36,54,4,"MC","M3",0.343242104650407
"Aber-2015|Brau-2014|Brau-2015",3,"B",9,9,36,54,4,"MC","M3",0.491034250246753
"Aber-2015|Brau-2014|Brau-2016",3,"B",9,9,36,54,4,"MC","M3",0.3111225945761
"Aber-2015|Brau-2015|Brau-2016",3,"B",9,9,36,54,4,"MC","M3",0.369646540354395
"Aber-2016|Brau-2014|Brau-2015",3,"B",9,9,36,54,4,"MC","M3",0.42080859842832
"Aber-2016|Brau-2014|Brau-2016",3,"B",9,9,36,54,4,"MC","M3",0.371347395473954
"Aber-2016|Brau-2015|Brau-2016",3,"B",9,9,36,54,4,"MC","M3",0.406246460638663
"Brau-2014|Brau-2015|Brau-2016",3,"B",9,9,36,54,4,"MC","M3",0.35981214567639
"Aber-2015|Aber-2016|Brau-2014",3,"C",18,6,36,72,4,"MC","M3",0.461095402954712
"Aber-2015|Aber-2016|Brau-2015",3,"C",18,6,36,72,4,"MC","M3",0.501067047179848
"Aber-2015|Aber-2016|Brau-2016",3,"C",18,6,36,72,4,"MC","M3",0.349266084438517
"Aber-2015|Brau-2014|Brau-2015",3,"C",18,6,36,72,4,"MC","M3",0.475177839259826
"Aber-2015|Brau-2014|Brau-2016",3,"C",18,6,36,72,4,"MC","M3",0.213444029411457
"Aber-2015|Brau-2015|Brau-2016",3,"C",18,6,36,72,4,"MC","M3",0.370970566135548
"Aber-2016|Brau-2014|Brau-2015",3,"C",18,6,36,72,4,"MC","M3",0.515444686650483
"Aber-2016|Brau-2014|Brau-2016",3,"C",18,6,36,72,4,"MC","M3",0.252435282308749
"Aber-2016|Brau-2015|Brau-2016",3,"C",18,6,36,72,4,"MC","M3",0.270152163893631
"Brau-2014|Brau-2015|Brau-2016",3,"C",18,6,36,72,4,"MC","M3",0.142447954659518
"Aber-2015|Aber-2016|Brau-2014",3,"D",27,3,36,90,4,"MC","M3",0.500256388833931
"Aber-2015|Aber-2016|Brau-2015",3,"D",27,3,36,90,4,"MC","M3",0.445422278483402
"Aber-2015|Aber-2016|Brau-2016",3,"D",27,3,36,90,4,"MC","M3",0.329085422859738
"Aber-2015|Brau-2014|Brau-2015",3,"D",27,3,36,90,4,"MC","M3",0.409619315098127
"Aber-2015|Brau-2014|Brau-2016",3,"D",27,3,36,90,4,"MC","M3",0.300985772974474
"Aber-2015|Brau-2015|Brau-2016",3,"D",27,3,36,90,4,"MC","M3",0.237134598988013
"Aber-2016|Brau-2014|Brau-2015",3,"D",27,3,36,90,4,"MC","M3",0.449835405441661
"Aber-2016|Brau-2014|Brau-2016",3,"D",27,3,36,90,4,"MC","M3",0.335308859435765
"Aber-2016|Brau-2015|Brau-2016",3,"D",27,3,36,90,4,"MC","M3",0.31286156552632
"Brau-2014|Brau-2015|Brau-2016",3,"D",27,3,36,90,4,"MC","M3",0.3275546939942
"Aber-2015|Aber-2016|Brau-2014",3,"E",36,0,36,108,4,"MC","M3",0.464188849857587
"Aber-2015|Aber-2016|Brau-2015",3,"E",36,0,36,108,4,"MC","M3",0.327947048696075
"Aber-2015|Aber-2016|Brau-2016",3,"E",36,0,36,108,4,"MC","M3",0.217922092218815
"Aber-2015|Brau-2014|Brau-2015",3,"E",36,0,36,108,4,"MC","M3",0.377858367071033
"Aber-2015|Brau-2014|Brau-2016",3,"E",36,0,36,108,4,"MC","M3",0.37366744629049
"Aber-2015|Brau-2015|Brau-2016",3,"E",36,0,36,108,4,"MC","M3",0.337359469401392
"Aber-2016|Brau-2014|Brau-2015",3,"E",36,0,36,108,4,"MC","M3",0.372391524205278
"Aber-2016|Brau-2014|Brau-2016",3,"E",36,0,36,108,4,"MC","M3",0.330230568521478
"Aber-2016|Brau-2015|Brau-2016",3,"E",36,0,36,108,4,"MC","M3",0.307966193633833
"Brau-2014|Brau-2015|Brau-2016",3,"E",36,0,36,108,4,"MC","M3",0.309320565513336
"Aber-2015|Aber-2016|Brau-2014",3,"A",0,12,36,36,5,"MC","M3",0.45824205302734
"Aber-2015|Aber-2016|Brau-2015",3,"A",0,12,36,36,5,"MC","M3",0.40974050761861
"Aber-2015|Aber-2016|Brau-2016",3,"A",0,12,36,36,5,"MC","M3",0.195097299095051
"Aber-2015|Brau-2014|Brau-2015",3,"A",0,12,36,36,5,"MC","M3",0.505924794613757
"Aber-2015|Brau-2014|Brau-2016",3,"A",0,12,36,36,5,"MC","M3",0.343734436864677
"Aber-2015|Brau-2015|Brau-2016",3,"A",0,12,36,36,5,"MC","M3",0.312506129246612
"Aber-2016|Brau-2014|Brau-2015",3,"A",0,12,36,36,5,"MC","M3",0.478689411512523
"Aber-2016|Brau-2014|Brau-2016",3,"A",0,12,36,36,5,"MC","M3",0.100529881572389
"Aber-2016|Brau-2015|Brau-2016",3,"A",0,12,36,36,5,"MC","M3",0.330059858022014
"Brau-2014|Brau-2015|Brau-2016",3,"A",0,12,36,36,5,"MC","M3",0.324930472680561
"Aber-2015|Aber-2016|Brau-2014",3,"B",9,9,36,54,5,"MC","M3",0.44067920185714
"Aber-2015|Aber-2016|Brau-2015",3,"B",9,9,36,54,5,"MC","M3",0.460119815649157
"Aber-2015|Aber-2016|Brau-2016",3,"B",9,9,36,54,5,"MC","M3",0.34008332012986
"Aber-2015|Brau-2014|Brau-2015",3,"B",9,9,36,54,5,"MC","M3",0.428394899949262
"Aber-2015|Brau-2014|Brau-2016",3,"B",9,9,36,54,5,"MC","M3",0.187176937587618
"Aber-2015|Brau-2015|Brau-2016",3,"B",9,9,36,54,5,"MC","M3",0.317096810657574
"Aber-2016|Brau-2014|Brau-2015",3,"B",9,9,36,54,5,"MC","M3",0.488589492570436
"Aber-2016|Brau-2014|Brau-2016",3,"B",9,9,36,54,5,"MC","M3",0.360548648246437
"Aber-2016|Brau-2015|Brau-2016",3,"B",9,9,36,54,5,"MC","M3",0.408682564749299
"Brau-2014|Brau-2015|Brau-2016",3,"B",9,9,36,54,5,"MC","M3",0.344373364642212
"Aber-2015|Aber-2016|Brau-2014",3,"C",18,6,36,72,5,"MC","M3",0.438154066944902
"Aber-2015|Aber-2016|Brau-2015",3,"C",18,6,36,72,5,"MC","M3",0.442855587751077
"Aber-2015|Aber-2016|Brau-2016",3,"C",18,6,36,72,5,"MC","M3",0.358252852050997
"Aber-2015|Brau-2014|Brau-2015",3,"C",18,6,36,72,5,"MC","M3",0.487785885320686
"Aber-2015|Brau-2014|Brau-2016",3,"C",18,6,36,72,5,"MC","M3",0.38677116881239
"Aber-2015|Brau-2015|Brau-2016",3,"C",18,6,36,72,5,"MC","M3",0.347709398120218
"Aber-2016|Brau-2014|Brau-2015",3,"C",18,6,36,72,5,"MC","M3",0.298530263528514
"Aber-2016|Brau-2014|Brau-2016",3,"C",18,6,36,72,5,"MC","M3",0.368878353099906
"Aber-2016|Brau-2015|Brau-2016",3,"C",18,6,36,72,5,"MC","M3",0.361708241413322
"Brau-2014|Brau-2015|Brau-2016",3,"C",18,6,36,72,5,"MC","M3",0.318726375890596
"Aber-2015|Aber-2016|Brau-2014",3,"D",27,3,36,90,5,"MC","M3",0.490714462411706
"Aber-2015|Aber-2016|Brau-2015",3,"D",27,3,36,90,5,"MC","M3",0.440275408875629
"Aber-2015|Aber-2016|Brau-2016",3,"D",27,3,36,90,5,"MC","M3",0.285180055337795
"Aber-2015|Brau-2014|Brau-2015",3,"D",27,3,36,90,5,"MC","M3",0.465868869456176
"Aber-2015|Brau-2014|Brau-2016",3,"D",27,3,36,90,5,"MC","M3",0.340582169500853
"Aber-2015|Brau-2015|Brau-2016",3,"D",27,3,36,90,5,"MC","M3",0.304281333613481
"Aber-2016|Brau-2014|Brau-2015",3,"D",27,3,36,90,5,"MC","M3",0.495807211967749
"Aber-2016|Brau-2014|Brau-2016",3,"D",27,3,36,90,5,"MC","M3",0.348366776375525
"Aber-2016|Brau-2015|Brau-2016",3,"D",27,3,36,90,5,"MC","M3",0.320286450962748
"Brau-2014|Brau-2015|Brau-2016",3,"D",27,3,36,90,5,"MC","M3",0.277859794288851
"Aber-2015|Aber-2016|Brau-2014",3,"E",36,0,36,108,5,"MC","M3",0.512663741301547
"Aber-2015|Aber-2016|Brau-2015",3,"E",36,0,36,108,5,"MC","M3",0.21343630479546
"Aber-2015|Aber-2016|Brau-2016",3,"E",36,0,36,108,5,"MC","M3",0.26245995618495
"Aber-2015|Brau-2014|Brau-2015",3,"E",36,0,36,108,5,"MC","M3",0.339118859488846
"Aber-2015|Brau-2014|Brau-2016",3,"E",36,0,36,108,5,"MC","M3",0.292063231397819
"Aber-2015|Brau-2015|Brau-2016",3,"E",36,0,36,108,5,"MC","M3",0.289913315395331
"Aber-2016|Brau-2014|Brau-2015",3,"E",36,0,36,108,5,"MC","M3",0.454648399613411
"Aber-2016|Brau-2014|Brau-2016",3,"E",36,0,36,108,5,"MC","M3",0.34263560985078
"Aber-2016|Brau-2015|Brau-2016",3,"E",36,0,36,108,5,"MC","M3",0.272945844469341
"Brau-2014|Brau-2015|Brau-2016",3,"E",36,0,36,108,5,"MC","M3",0.304955581172043
