"Environment","predictive_ability","rep","fold","trait","model","CV"
"Aber-2015",0.698503641425611,1,1,"DM","M1","CV1"
"Aber-2016",0.566793125138556,1,1,"DM","M1","CV1"
"Brau-2014",0.445732413824896,1,1,"DM","M1","CV1"
"Brau-2015",0.582568029326598,1,1,"DM","M1","CV1"
"Brau-2016",0.618134955330645,1,1,"DM","M1","CV1"
"Aber-2015",0.726320615772937,1,1,"FW","M1","CV1"
"Aber-2016",0.607999128536283,1,1,"FW","M1","CV1"
"Brau-2014",0.454104524959152,1,1,"FW","M1","CV1"
"Brau-2015",0.589181728638965,1,1,"FW","M1","CV1"
"Brau-2016",0.637442133811126,1,1,"FW","M1","CV1"
"Aber-2015",0.361049991634519,1,1,"MC","M1","CV1"
"Aber-2016",0.182552671055163,1,1,"MC","M1","CV1"
"Brau-2014",0.284412139051787,1,1,"MC","M1","CV1"
"Brau-2015",0.373851511462188,1,1,"MC","M1","CV1"
"Brau-2016",0.320536812780805,1,1,"MC","M1","CV1"
"Aber-2015",0.675288848921101,1,1,"DM","M2","CV1"
"Aber-2016",0.5939684645762,1,1,"DM","M2","CV1"
"Brau-2014",0.407536881607272,1,1,"DM","M2","CV1"
"Brau-2015",0.575515634841167,1,1,"DM","M2","CV1"
"Brau-2016",0.684823746281447,1,1,"DM","M2","CV1"
"Aber-2015",0.691523212441529,1,1,"FW","M2","CV1"
"Aber-2016",0.630848512325705,1,1,"FW","M2","CV1"
"Brau-2014",0.408481969628814,1,1,"FW","M2","CV1"
"Brau-2015",0.58921353921076,1,1,"FW","M2","CV1"
"Brau-2016",0.727200369711674,1,1,"FW","M2","CV1"
"Aber-2015",0.382685508119343,1,1,"MC","M2","CV1"
"Aber-2016",0.237026494543938,1,1,"MC","M2","CV1"
"Brau-2014",0.374764962418207,1,1,"MC","M2","CV1"
"Brau-2015",0.464243859463221,1,1,"MC","M2","CV1"
"Brau-2016",0.338275981781225,1,1,"MC","M2","CV1"
"Aber-2015",0.705824283459001,1,1,"DM","M3","CV1"
"Aber-2016",0.575856311521959,1,1,"DM","M3","CV1"
"Brau-2014",0.457319481267515,1,1,"DM","M3","CV1"
"Brau-2015",0.639031640868421,1,1,"DM","M3","CV1"
"Brau-2016",0.656300106953599,1,1,"DM","M3","CV1"
"Aber-2015",0.71928719922975,1,1,"FW","M3","CV1"
"Aber-2016",0.599726198287397,1,1,"FW","M3","CV1"
"Brau-2014",0.497886403572775,1,1,"FW","M3","CV1"
"Brau-2015",0.656077106087484,1,1,"FW","M3","CV1"
"Brau-2016",0.698110318853376,1,1,"FW","M3","CV1"
"Aber-2015",0.435558029899591,1,1,"MC","M3","CV1"
"Aber-2016",0.238644063100816,1,1,"MC","M3","CV1"
"Brau-2014",0.40679958404709,1,1,"MC","M3","CV1"
"Brau-2015",0.466771309647412,1,1,"MC","M3","CV1"
"Brau-2016",0.258789460701595,1,1,"MC","M3","CV1"
"Aber-2015",0.773133898111309,1,1,"DM","M1","CV2"
"Aber-2016",0.901248239784447,1,1,"DM","M1","CV2"
"Brau-2014",0.664104079285685,1,1,"DM","M1","CV2"
"Brau-2015",0.801520272150073,1,1,"DM","M1","CV2"
"Brau-2016",0.72636058339601,1,1,"DM","M1","CV2"
"Aber-2015",0.685541797779095,1,1,"FW","M1","CV2"
"Aber-2016",0.893965766102942,1,1,"FW","M1","CV2"
"Brau-2014",0.596655499993128,1,1,"FW","M1","CV2"
"Brau-2015",0.806734803269584,1,1,"FW","M1","CV2"
"Brau-2016",0.601477040195575,1,1,"FW","M1","CV2"
"Aber-2015",0.828105064665547,1,1,"MC","M1","CV2"
"Aber-2016",0.842822203978007,1,1,"MC","M1","CV2"
"Brau-2014",0.633188000062637,1,1,"MC","M1","CV2"
"Brau-2015",0.792046503787607,1,1,"MC","M1","CV2"
"Brau-2016",0.287427671350758,1,1,"MC","M1","CV2"
"Aber-2015",0.790692878211705,1,1,"DM","M2","CV2"
"Aber-2016",0.911165052258161,1,1,"DM","M2","CV2"
"Brau-2014",0.652715106862025,1,1,"DM","M2","CV2"
"Brau-2015",0.80444878312658,1,1,"DM","M2","CV2"
"Brau-2016",0.728526626664533,1,1,"DM","M2","CV2"
"Aber-2015",0.709816215606243,1,1,"FW","M2","CV2"
"Aber-2016",0.910564225401667,1,1,"FW","M2","CV2"
"Brau-2014",0.580729111632564,1,1,"FW","M2","CV2"
"Brau-2015",0.815500722014591,1,1,"FW","M2","CV2"
"Brau-2016",0.614442254112127,1,1,"FW","M2","CV2"
"Aber-2015",0.831284350843452,1,1,"MC","M2","CV2"
"Aber-2016",0.832468180363078,1,1,"MC","M2","CV2"
"Brau-2014",0.641909146065855,1,1,"MC","M2","CV2"
"Brau-2015",0.813388883589071,1,1,"MC","M2","CV2"
"Brau-2016",0.280007989270291,1,1,"MC","M2","CV2"
"Aber-2015",0.813353593210512,1,1,"DM","M3","CV2"
"Aber-2016",0.898458292085955,1,1,"DM","M3","CV2"
"Brau-2014",0.734441036949115,1,1,"DM","M3","CV2"
"Brau-2015",0.774160709140168,1,1,"DM","M3","CV2"
"Brau-2016",0.765893782188267,1,1,"DM","M3","CV2"
"Aber-2015",0.743771829942352,1,1,"FW","M3","CV2"
"Aber-2016",0.883101384849427,1,1,"FW","M3","CV2"
"Brau-2014",0.685705126786657,1,1,"FW","M3","CV2"
"Brau-2015",0.793680630900877,1,1,"FW","M3","CV2"
"Brau-2016",0.711288865457884,1,1,"FW","M3","CV2"
"Aber-2015",0.798688536421964,1,1,"MC","M3","CV2"
"Aber-2016",0.824692905809347,1,1,"MC","M3","CV2"
"Brau-2014",0.662264855863721,1,1,"MC","M3","CV2"
"Brau-2015",0.841604935332471,1,1,"MC","M3","CV2"
"Brau-2016",0.335195265881918,1,1,"MC","M3","CV2"
"Aber-2015",0.560878051936053,2,1,"DM","M1","CV1"
"Aber-2016",0.320301834263451,2,1,"DM","M1","CV1"
"Brau-2014",0.357754058316538,2,1,"DM","M1","CV1"
"Brau-2015",0.463784396247886,2,1,"DM","M1","CV1"
"Brau-2016",-0.0298076494480702,2,1,"DM","M1","CV1"
"Aber-2015",0.550791694912294,2,1,"FW","M1","CV1"
"Aber-2016",0.342265390081651,2,1,"FW","M1","CV1"
"Brau-2014",0.352145282748337,2,1,"FW","M1","CV1"
"Brau-2015",0.467513670729794,2,1,"FW","M1","CV1"
"Brau-2016",0.0478808449615092,2,1,"FW","M1","CV1"
"Aber-2015",0.468785550848382,2,1,"MC","M1","CV1"
"Aber-2016",0.528735747971664,2,1,"MC","M1","CV1"
"Brau-2014",0.33034695049517,2,1,"MC","M1","CV1"
"Brau-2015",0.483964317739046,2,1,"MC","M1","CV1"
"Brau-2016",0.0241481137523936,2,1,"MC","M1","CV1"
"Aber-2015",0.550486318834224,2,1,"DM","M2","CV1"
"Aber-2016",0.337905922400592,2,1,"DM","M2","CV1"
"Brau-2014",0.338607572734054,2,1,"DM","M2","CV1"
"Brau-2015",0.503032835827511,2,1,"DM","M2","CV1"
"Brau-2016",-0.0213877407588979,2,1,"DM","M2","CV1"
"Aber-2015",0.548882679773486,2,1,"FW","M2","CV1"
"Aber-2016",0.361746973382333,2,1,"FW","M2","CV1"
"Brau-2014",0.330839174124052,2,1,"FW","M2","CV1"
"Brau-2015",0.528594838568155,2,1,"FW","M2","CV1"
"Brau-2016",0.0802505532900823,2,1,"FW","M2","CV1"
"Aber-2015",0.51197939230069,2,1,"MC","M2","CV1"
"Aber-2016",0.599774813837802,2,1,"MC","M2","CV1"
"Brau-2014",0.347166603771398,2,1,"MC","M2","CV1"
"Brau-2015",0.565558887050382,2,1,"MC","M2","CV1"
"Brau-2016",-0.0214934546536076,2,1,"MC","M2","CV1"
"Aber-2015",0.634896740468653,2,1,"DM","M3","CV1"
"Aber-2016",0.39962645222903,2,1,"DM","M3","CV1"
"Brau-2014",0.382563156889505,2,1,"DM","M3","CV1"
"Brau-2015",0.495782750179593,2,1,"DM","M3","CV1"
"Brau-2016",-0.192693919435851,2,1,"DM","M3","CV1"
"Aber-2015",0.6208826017339,2,1,"FW","M3","CV1"
"Aber-2016",0.432851007413279,2,1,"FW","M3","CV1"
"Brau-2014",0.414526086416141,2,1,"FW","M3","CV1"
"Brau-2015",0.516107930452163,2,1,"FW","M3","CV1"
"Brau-2016",-0.138117767344561,2,1,"FW","M3","CV1"
"Aber-2015",0.501067863280689,2,1,"MC","M3","CV1"
"Aber-2016",0.571648859144863,2,1,"MC","M3","CV1"
"Brau-2014",0.3134063379238,2,1,"MC","M3","CV1"
"Brau-2015",0.528374087607455,2,1,"MC","M3","CV1"
"Brau-2016",0.072686350948822,2,1,"MC","M3","CV1"
"Aber-2015",0.945663507443155,2,1,"DM","M1","CV2"
"Aber-2016",0.706500316095394,2,1,"DM","M1","CV2"
"Brau-2014",0.291070846800054,2,1,"DM","M1","CV2"
"Brau-2015",0.75105165017014,2,1,"DM","M1","CV2"
"Brau-2016",0.472491115388743,2,1,"DM","M1","CV2"
"Aber-2015",0.944040793057285,2,1,"FW","M1","CV2"
"Aber-2016",0.71108414636746,2,1,"FW","M1","CV2"
"Brau-2014",0.128278741444416,2,1,"FW","M1","CV2"
"Brau-2015",0.7510019031883,2,1,"FW","M1","CV2"
"Brau-2016",0.436597049093244,2,1,"FW","M1","CV2"
"Aber-2015",0.676301582657707,2,1,"MC","M1","CV2"
"Aber-2016",0.821815747161327,2,1,"MC","M1","CV2"
"Brau-2014",0.25360009359791,2,1,"MC","M1","CV2"
"Brau-2015",0.892532073130107,2,1,"MC","M1","CV2"
"Brau-2016",0.366442243246314,2,1,"MC","M1","CV2"
"Aber-2015",0.94787679195457,2,1,"DM","M2","CV2"
"Aber-2016",0.721699678567371,2,1,"DM","M2","CV2"
"Brau-2014",0.263442956159251,2,1,"DM","M2","CV2"
"Brau-2015",0.767646183923357,2,1,"DM","M2","CV2"
"Brau-2016",0.473973369429394,2,1,"DM","M2","CV2"
"Aber-2015",0.947360802233011,2,1,"FW","M2","CV2"
"Aber-2016",0.727990656851266,2,1,"FW","M2","CV2"
"Brau-2014",0.0994798215878911,2,1,"FW","M2","CV2"
"Brau-2015",0.772053634641099,2,1,"FW","M2","CV2"
"Brau-2016",0.445476186142503,2,1,"FW","M2","CV2"
"Aber-2015",0.689189627545293,2,1,"MC","M2","CV2"
"Aber-2016",0.830497039036781,2,1,"MC","M2","CV2"
"Brau-2014",0.237645606103389,2,1,"MC","M2","CV2"
"Brau-2015",0.911736907704647,2,1,"MC","M2","CV2"
"Brau-2016",0.38993775602283,2,1,"MC","M2","CV2"
"Aber-2015",0.936283934278288,2,1,"DM","M3","CV2"
"Aber-2016",0.715583115859955,2,1,"DM","M3","CV2"
"Brau-2014",0.368481870572768,2,1,"DM","M3","CV2"
"Brau-2015",0.776800444972687,2,1,"DM","M3","CV2"
"Brau-2016",0.511452225762829,2,1,"DM","M3","CV2"
"Aber-2015",0.909328977363893,2,1,"FW","M3","CV2"
"Aber-2016",0.712247562362275,2,1,"FW","M3","CV2"
"Brau-2014",0.201084034692388,2,1,"FW","M3","CV2"
"Brau-2015",0.780753214485503,2,1,"FW","M3","CV2"
"Brau-2016",0.437074977478444,2,1,"FW","M3","CV2"
"Aber-2015",0.621174633967421,2,1,"MC","M3","CV2"
"Aber-2016",0.805532090019846,2,1,"MC","M3","CV2"
"Brau-2014",0.237709298800244,2,1,"MC","M3","CV2"
"Brau-2015",0.929689204864352,2,1,"MC","M3","CV2"
"Brau-2016",0.580076839916115,2,1,"MC","M3","CV2"
"Aber-2015",0.754048447178715,3,1,"DM","M1","CV1"
"Aber-2016",0.648519602539685,3,1,"DM","M1","CV1"
"Brau-2014",0.484296524082513,3,1,"DM","M1","CV1"
"Brau-2015",0.692022991990697,3,1,"DM","M1","CV1"
"Brau-2016",0.821340612953242,3,1,"DM","M1","CV1"
"Aber-2015",0.667730340715965,3,1,"FW","M1","CV1"
"Aber-2016",0.620577550466448,3,1,"FW","M1","CV1"
"Brau-2014",0.39252045016945,3,1,"FW","M1","CV1"
"Brau-2015",0.678494199393756,3,1,"FW","M1","CV1"
"Brau-2016",0.822736867280481,3,1,"FW","M1","CV1"
"Aber-2015",-0.00713090632860897,3,1,"MC","M1","CV1"
"Aber-2016",-0.0322003357570948,3,1,"MC","M1","CV1"
"Brau-2014",0.42987312538786,3,1,"MC","M1","CV1"
"Brau-2015",0.229381251102155,3,1,"MC","M1","CV1"
"Brau-2016",-0.254869167474302,3,1,"MC","M1","CV1"
"Aber-2015",0.816649141834003,3,1,"DM","M2","CV1"
"Aber-2016",0.715748365386673,3,1,"DM","M2","CV1"
"Brau-2014",0.565556287244526,3,1,"DM","M2","CV1"
"Brau-2015",0.738923658337777,3,1,"DM","M2","CV1"
"Brau-2016",0.869258411341889,3,1,"DM","M2","CV1"
"Aber-2015",0.741116698841836,3,1,"FW","M2","CV1"
"Aber-2016",0.704423601022306,3,1,"FW","M2","CV1"
"Brau-2014",0.492112909940554,3,1,"FW","M2","CV1"
"Brau-2015",0.74786437216834,3,1,"FW","M2","CV1"
"Brau-2016",0.881942302898278,3,1,"FW","M2","CV1"
"Aber-2015",0.055414646797219,3,1,"MC","M2","CV1"
"Aber-2016",0.0423060712159038,3,1,"MC","M2","CV1"
"Brau-2014",0.482428436544862,3,1,"MC","M2","CV1"
"Brau-2015",0.291830757734962,3,1,"MC","M2","CV1"
"Brau-2016",-0.227698949876401,3,1,"MC","M2","CV1"
"Aber-2015",0.778705678598827,3,1,"DM","M3","CV1"
"Aber-2016",0.769867533970055,3,1,"DM","M3","CV1"
"Brau-2014",0.602548522661755,3,1,"DM","M3","CV1"
"Brau-2015",0.80340791503658,3,1,"DM","M3","CV1"
"Brau-2016",0.80221622367449,3,1,"DM","M3","CV1"
"Aber-2015",0.644313157517255,3,1,"FW","M3","CV1"
"Aber-2016",0.703992995951814,3,1,"FW","M3","CV1"
"Brau-2014",0.58825270909224,3,1,"FW","M3","CV1"
"Brau-2015",0.805252362064779,3,1,"FW","M3","CV1"
"Brau-2016",0.874293157479026,3,1,"FW","M3","CV1"
"Aber-2015",0.0562027540207909,3,1,"MC","M3","CV1"
"Aber-2016",0.0337168474923341,3,1,"MC","M3","CV1"
"Brau-2014",0.426747744241177,3,1,"MC","M3","CV1"
"Brau-2015",0.321415253428328,3,1,"MC","M3","CV1"
"Brau-2016",-0.112344531433791,3,1,"MC","M3","CV1"
"Aber-2015",0.831709409373645,3,1,"DM","M1","CV2"
"Aber-2016",0.882366928329316,3,1,"DM","M1","CV2"
"Brau-2014",0.63958757937622,3,1,"DM","M1","CV2"
"Brau-2015",0.894418582037553,3,1,"DM","M1","CV2"
"Brau-2016",0.610876671249888,3,1,"DM","M1","CV2"
"Aber-2015",0.836995869697283,3,1,"FW","M1","CV2"
"Aber-2016",0.881267755932573,3,1,"FW","M1","CV2"
"Brau-2014",0.614739991083743,3,1,"FW","M1","CV2"
"Brau-2015",0.879210049142862,3,1,"FW","M1","CV2"
"Brau-2016",0.30473779719745,3,1,"FW","M1","CV2"
"Aber-2015",0.620621388169233,3,1,"MC","M1","CV2"
"Aber-2016",0.747718955510157,3,1,"MC","M1","CV2"
"Brau-2014",0.585220177462306,3,1,"MC","M1","CV2"
"Brau-2015",0.824798232479311,3,1,"MC","M1","CV2"
"Brau-2016",0.602690221250037,3,1,"MC","M1","CV2"
"Aber-2015",0.84021128756214,3,1,"DM","M2","CV2"
"Aber-2016",0.882373186516098,3,1,"DM","M2","CV2"
"Brau-2014",0.643062189993427,3,1,"DM","M2","CV2"
"Brau-2015",0.893864532375235,3,1,"DM","M2","CV2"
"Brau-2016",0.619172592730239,3,1,"DM","M2","CV2"
"Aber-2015",0.84435748618082,3,1,"FW","M2","CV2"
"Aber-2016",0.882530990574836,3,1,"FW","M2","CV2"
"Brau-2014",0.618370070121516,3,1,"FW","M2","CV2"
"Brau-2015",0.877916773722748,3,1,"FW","M2","CV2"
"Brau-2016",0.31004844884812,3,1,"FW","M2","CV2"
"Aber-2015",0.642399860760439,3,1,"MC","M2","CV2"
"Aber-2016",0.777191596524278,3,1,"MC","M2","CV2"
"Brau-2014",0.563914321125029,3,1,"MC","M2","CV2"
"Brau-2015",0.834938096958324,3,1,"MC","M2","CV2"
"Brau-2016",0.625702679031132,3,1,"MC","M2","CV2"
"Aber-2015",0.846812269164071,3,1,"DM","M3","CV2"
"Aber-2016",0.879125830073587,3,1,"DM","M3","CV2"
"Brau-2014",0.70346146938673,3,1,"DM","M3","CV2"
"Brau-2015",0.882650052241468,3,1,"DM","M3","CV2"
"Brau-2016",0.695888099556038,3,1,"DM","M3","CV2"
"Aber-2015",0.857728415455447,3,1,"FW","M3","CV2"
"Aber-2016",0.861497896830354,3,1,"FW","M3","CV2"
"Brau-2014",0.690183566810019,3,1,"FW","M3","CV2"
"Brau-2015",0.869571219977067,3,1,"FW","M3","CV2"
"Brau-2016",0.422970717274063,3,1,"FW","M3","CV2"
"Aber-2015",0.522600932909921,3,1,"MC","M3","CV2"
"Aber-2016",0.745868157257953,3,1,"MC","M3","CV2"
"Brau-2014",0.546679353672857,3,1,"MC","M3","CV2"
"Brau-2015",0.866324475085203,3,1,"MC","M3","CV2"
"Brau-2016",0.716504473397747,3,1,"MC","M3","CV2"
"Aber-2015",0.768552162053756,4,1,"DM","M1","CV1"
"Aber-2016",0.771612425198163,4,1,"DM","M1","CV1"
"Brau-2014",0.604928672343391,4,1,"DM","M1","CV1"
"Brau-2015",0.559433664134935,4,1,"DM","M1","CV1"
"Brau-2016",0.539838460799407,4,1,"DM","M1","CV1"
"Aber-2015",0.678500861105327,4,1,"FW","M1","CV1"
"Aber-2016",0.705659273279795,4,1,"FW","M1","CV1"
"Brau-2014",0.545212298329759,4,1,"FW","M1","CV1"
"Brau-2015",0.543030616101956,4,1,"FW","M1","CV1"
"Brau-2016",0.499058623555734,4,1,"FW","M1","CV1"
"Aber-2015",0.558001506904603,4,1,"MC","M1","CV1"
"Aber-2016",0.406313934634549,4,1,"MC","M1","CV1"
"Brau-2014",0.442217224143657,4,1,"MC","M1","CV1"
"Brau-2015",0.562654834083769,4,1,"MC","M1","CV1"
"Brau-2016",-0.0705292915446528,4,1,"MC","M1","CV1"
"Aber-2015",0.81872907619691,4,1,"DM","M2","CV1"
"Aber-2016",0.81774966476977,4,1,"DM","M2","CV1"
"Brau-2014",0.644458345565301,4,1,"DM","M2","CV1"
"Brau-2015",0.617295162032095,4,1,"DM","M2","CV1"
"Brau-2016",0.573854247184769,4,1,"DM","M2","CV1"
"Aber-2015",0.733198868608606,4,1,"FW","M2","CV1"
"Aber-2016",0.762022363225004,4,1,"FW","M2","CV1"
"Brau-2014",0.59904890098559,4,1,"FW","M2","CV1"
"Brau-2015",0.606043712238411,4,1,"FW","M2","CV1"
"Brau-2016",0.513522767371147,4,1,"FW","M2","CV1"
"Aber-2015",0.62759077956988,4,1,"MC","M2","CV1"
"Aber-2016",0.505405465990877,4,1,"MC","M2","CV1"
"Brau-2014",0.453883446029711,4,1,"MC","M2","CV1"
"Brau-2015",0.646776145497042,4,1,"MC","M2","CV1"
"Brau-2016",-0.0489519157422273,4,1,"MC","M2","CV1"
"Aber-2015",0.821636037391303,4,1,"DM","M3","CV1"
"Aber-2016",0.795857398131992,4,1,"DM","M3","CV1"
"Brau-2014",0.765303989700005,4,1,"DM","M3","CV1"
"Brau-2015",0.689562711006856,4,1,"DM","M3","CV1"
"Brau-2016",0.623465661749746,4,1,"DM","M3","CV1"
"Aber-2015",0.743120703722959,4,1,"FW","M3","CV1"
"Aber-2016",0.721058123560662,4,1,"FW","M3","CV1"
"Brau-2014",0.767583618242096,4,1,"FW","M3","CV1"
"Brau-2015",0.682677538844667,4,1,"FW","M3","CV1"
"Brau-2016",0.586130021529697,4,1,"FW","M3","CV1"
"Aber-2015",0.680317762565551,4,1,"MC","M3","CV1"
"Aber-2016",0.534984598850518,4,1,"MC","M3","CV1"
"Brau-2014",0.572058875978808,4,1,"MC","M3","CV1"
"Brau-2015",0.602348213948507,4,1,"MC","M3","CV1"
"Brau-2016",-0.120593066944269,4,1,"MC","M3","CV1"
"Aber-2015",0.555070062414496,4,1,"DM","M1","CV2"
"Aber-2016",0.553934733898433,4,1,"DM","M1","CV2"
"Brau-2014",0.540544788296509,4,1,"DM","M1","CV2"
"Brau-2015",0.752582222938365,4,1,"DM","M1","CV2"
"Brau-2016",0.459270152754382,4,1,"DM","M1","CV2"
"Aber-2015",0.624657428445281,4,1,"FW","M1","CV2"
"Aber-2016",0.699732598039687,4,1,"FW","M1","CV2"
"Brau-2014",0.356070886547483,4,1,"FW","M1","CV2"
"Brau-2015",0.791889181816085,4,1,"FW","M1","CV2"
"Brau-2016",0.392192487254785,4,1,"FW","M1","CV2"
"Aber-2015",0.76293587815358,4,1,"MC","M1","CV2"
"Aber-2016",0.754439869898373,4,1,"MC","M1","CV2"
"Brau-2014",0.696667539765627,4,1,"MC","M1","CV2"
"Brau-2015",0.787252175894336,4,1,"MC","M1","CV2"
"Brau-2016",0.394007127380696,4,1,"MC","M1","CV2"
"Aber-2015",0.57729519528549,4,1,"DM","M2","CV2"
"Aber-2016",0.576025376574973,4,1,"DM","M2","CV2"
"Brau-2014",0.518683512835154,4,1,"DM","M2","CV2"
"Brau-2015",0.76465908264127,4,1,"DM","M2","CV2"
"Brau-2016",0.470703076419686,4,1,"DM","M2","CV2"
"Aber-2015",0.64188043985793,4,1,"FW","M2","CV2"
"Aber-2016",0.718736229344889,4,1,"FW","M2","CV2"
"Brau-2014",0.327569930761013,4,1,"FW","M2","CV2"
"Brau-2015",0.806197725354896,4,1,"FW","M2","CV2"
"Brau-2016",0.393954215901654,4,1,"FW","M2","CV2"
"Aber-2015",0.771087260605526,4,1,"MC","M2","CV2"
"Aber-2016",0.749066693347439,4,1,"MC","M2","CV2"
"Brau-2014",0.699981302689303,4,1,"MC","M2","CV2"
"Brau-2015",0.810844771812098,4,1,"MC","M2","CV2"
"Brau-2016",0.399585531326668,4,1,"MC","M2","CV2"
"Aber-2015",0.626054039364525,4,1,"DM","M3","CV2"
"Aber-2016",0.628875767554819,4,1,"DM","M3","CV2"
"Brau-2014",0.505316019775342,4,1,"DM","M3","CV2"
"Brau-2015",0.78082981986534,4,1,"DM","M3","CV2"
"Brau-2016",0.377662001571623,4,1,"DM","M3","CV2"
"Aber-2015",0.701793321020905,4,1,"FW","M3","CV2"
"Aber-2016",0.752851435562205,4,1,"FW","M3","CV2"
"Brau-2014",0.336247590189692,4,1,"FW","M3","CV2"
"Brau-2015",0.821190445456084,4,1,"FW","M3","CV2"
"Brau-2016",0.368839678245376,4,1,"FW","M3","CV2"
"Aber-2015",0.765838599012368,4,1,"MC","M3","CV2"
"Aber-2016",0.723069466974785,4,1,"MC","M3","CV2"
"Brau-2014",0.746244379548651,4,1,"MC","M3","CV2"
"Brau-2015",0.83635493849457,4,1,"MC","M3","CV2"
"Brau-2016",0.436335255233551,4,1,"MC","M3","CV2"
"Aber-2015",0.727552472090051,5,1,"DM","M1","CV1"
"Aber-2016",0.48112946267278,5,1,"DM","M1","CV1"
"Brau-2014",0.331784594630241,5,1,"DM","M1","CV1"
"Brau-2015",0.247121860778464,5,1,"DM","M1","CV1"
"Brau-2016",0.194267883925468,5,1,"DM","M1","CV1"
"Aber-2015",0.693219316439549,5,1,"FW","M1","CV1"
"Aber-2016",0.513534155313188,5,1,"FW","M1","CV1"
"Brau-2014",0.271940305212333,5,1,"FW","M1","CV1"
"Brau-2015",0.29255836938319,5,1,"FW","M1","CV1"
"Brau-2016",0.216731168164411,5,1,"FW","M1","CV1"
"Aber-2015",0.497657230747994,5,1,"MC","M1","CV1"
"Aber-2016",0.570665337170324,5,1,"MC","M1","CV1"
"Brau-2014",0.62230986198118,5,1,"MC","M1","CV1"
"Brau-2015",0.588117404886825,5,1,"MC","M1","CV1"
"Brau-2016",0.673087447814209,5,1,"MC","M1","CV1"
"Aber-2015",0.73231935422832,5,1,"DM","M2","CV1"
"Aber-2016",0.549303976420489,5,1,"DM","M2","CV1"
"Brau-2014",0.326484396570232,5,1,"DM","M2","CV1"
"Brau-2015",0.268065544553172,5,1,"DM","M2","CV1"
"Brau-2016",0.0938889311779705,5,1,"DM","M2","CV1"
"Aber-2015",0.715251771043073,5,1,"FW","M2","CV1"
"Aber-2016",0.57767789723592,5,1,"FW","M2","CV1"
"Brau-2014",0.263654726155279,5,1,"FW","M2","CV1"
"Brau-2015",0.31042014785587,5,1,"FW","M2","CV1"
"Brau-2016",0.160904986008638,5,1,"FW","M2","CV1"
"Aber-2015",0.514621404053904,5,1,"MC","M2","CV1"
"Aber-2016",0.58730288981643,5,1,"MC","M2","CV1"
"Brau-2014",0.676406424416765,5,1,"MC","M2","CV1"
"Brau-2015",0.595946881156269,5,1,"MC","M2","CV1"
"Brau-2016",0.684716231117874,5,1,"MC","M2","CV1"
"Aber-2015",0.60109974004028,5,1,"DM","M3","CV1"
"Aber-2016",0.457733192818506,5,1,"DM","M3","CV1"
"Brau-2014",0.490067427746317,5,1,"DM","M3","CV1"
"Brau-2015",0.311617296159544,5,1,"DM","M3","CV1"
"Brau-2016",0.0519545679538253,5,1,"DM","M3","CV1"
"Aber-2015",0.586365447373451,5,1,"FW","M3","CV1"
"Aber-2016",0.481490988266755,5,1,"FW","M3","CV1"
"Brau-2014",0.485744331957297,5,1,"FW","M3","CV1"
"Brau-2015",0.27654851999661,5,1,"FW","M3","CV1"
"Brau-2016",0.0371450673031076,5,1,"FW","M3","CV1"
"Aber-2015",0.489550248284958,5,1,"MC","M3","CV1"
"Aber-2016",0.568742611553995,5,1,"MC","M3","CV1"
"Brau-2014",0.707607495654012,5,1,"MC","M3","CV1"
"Brau-2015",0.607384746508111,5,1,"MC","M3","CV1"
"Brau-2016",0.454586515067624,5,1,"MC","M3","CV1"
"Aber-2015",0.479935349048219,5,1,"DM","M1","CV2"
"Aber-2016",0.667455954957672,5,1,"DM","M1","CV2"
"Brau-2014",0.473644405416088,5,1,"DM","M1","CV2"
"Brau-2015",0.88148380825259,5,1,"DM","M1","CV2"
"Brau-2016",0.806754626417714,5,1,"DM","M1","CV2"
"Aber-2015",0.500967593552868,5,1,"FW","M1","CV2"
"Aber-2016",0.653314066469186,5,1,"FW","M1","CV2"
"Brau-2014",0.394963168047842,5,1,"FW","M1","CV2"
"Brau-2015",0.852365492946954,5,1,"FW","M1","CV2"
"Brau-2016",0.787051297560643,5,1,"FW","M1","CV2"
"Aber-2015",0.683143960330385,5,1,"MC","M1","CV2"
"Aber-2016",0.810117665055467,5,1,"MC","M1","CV2"
"Brau-2014",0.576600473763139,5,1,"MC","M1","CV2"
"Brau-2015",0.773563885423021,5,1,"MC","M1","CV2"
"Brau-2016",0.590927058123459,5,1,"MC","M1","CV2"
"Aber-2015",0.473061653921429,5,1,"DM","M2","CV2"
"Aber-2016",0.670539271860056,5,1,"DM","M2","CV2"
"Brau-2014",0.47318976968181,5,1,"DM","M2","CV2"
"Brau-2015",0.883520685458812,5,1,"DM","M2","CV2"
"Brau-2016",0.801377339153861,5,1,"DM","M2","CV2"
"Aber-2015",0.494135722037157,5,1,"FW","M2","CV2"
"Aber-2016",0.657576238637469,5,1,"FW","M2","CV2"
"Brau-2014",0.391698486501948,5,1,"FW","M2","CV2"
"Brau-2015",0.854484223155134,5,1,"FW","M2","CV2"
"Brau-2016",0.772063314060042,5,1,"FW","M2","CV2"
"Aber-2015",0.688072146617035,5,1,"MC","M2","CV2"
"Aber-2016",0.809077054502984,5,1,"MC","M2","CV2"
"Brau-2014",0.55588154853004,5,1,"MC","M2","CV2"
"Brau-2015",0.766539880054151,5,1,"MC","M2","CV2"
"Brau-2016",0.597104249920981,5,1,"MC","M2","CV2"
"Aber-2015",0.563672664835462,5,1,"DM","M3","CV2"
"Aber-2016",0.676950776656765,5,1,"DM","M3","CV2"
"Brau-2014",0.645864281264692,5,1,"DM","M3","CV2"
"Brau-2015",0.899477207630211,5,1,"DM","M3","CV2"
"Brau-2016",0.794007511101243,5,1,"DM","M3","CV2"
"Aber-2015",0.585284493349143,5,1,"FW","M3","CV2"
"Aber-2016",0.677355908292383,5,1,"FW","M3","CV2"
"Brau-2014",0.611508248831647,5,1,"FW","M3","CV2"
"Brau-2015",0.872370324935922,5,1,"FW","M3","CV2"
"Brau-2016",0.762594539672927,5,1,"FW","M3","CV2"
"Aber-2015",0.63638978638498,5,1,"MC","M3","CV2"
"Aber-2016",0.813572526657076,5,1,"MC","M3","CV2"
"Brau-2014",0.599833136390213,5,1,"MC","M3","CV2"
"Brau-2015",0.779784869330642,5,1,"MC","M3","CV2"
"Brau-2016",0.590842184431665,5,1,"MC","M3","CV2"
"Aber-2015",0.603379020638644,6,1,"DM","M1","CV1"
"Aber-2016",0.156032697489407,6,1,"DM","M1","CV1"
"Brau-2014",-0.243526793575867,6,1,"DM","M1","CV1"
"Brau-2015",0.273995882890173,6,1,"DM","M1","CV1"
"Brau-2016",-0.267873544515848,6,1,"DM","M1","CV1"
"Aber-2015",0.627094387027703,6,1,"FW","M1","CV1"
"Aber-2016",0.238473529206569,6,1,"FW","M1","CV1"
"Brau-2014",-0.37138850551273,6,1,"FW","M1","CV1"
"Brau-2015",0.344625794504118,6,1,"FW","M1","CV1"
"Brau-2016",-0.283281582449366,6,1,"FW","M1","CV1"
"Aber-2015",0.410763115894056,6,1,"MC","M1","CV1"
"Aber-2016",0.360337168139482,6,1,"MC","M1","CV1"
"Brau-2014",0.302361183893236,6,1,"MC","M1","CV1"
"Brau-2015",0.249084725541511,6,1,"MC","M1","CV1"
"Brau-2016",-0.0874654786244762,6,1,"MC","M1","CV1"
"Aber-2015",0.619981665252769,6,1,"DM","M2","CV1"
"Aber-2016",0.200404303853795,6,1,"DM","M2","CV1"
"Brau-2014",-0.220247581882127,6,1,"DM","M2","CV1"
"Brau-2015",0.287422750882229,6,1,"DM","M2","CV1"
"Brau-2016",-0.242266510818944,6,1,"DM","M2","CV1"
"Aber-2015",0.676372869267236,6,1,"FW","M2","CV1"
"Aber-2016",0.290840562255819,6,1,"FW","M2","CV1"
"Brau-2014",-0.324131526195161,6,1,"FW","M2","CV1"
"Brau-2015",0.372130644902331,6,1,"FW","M2","CV1"
"Brau-2016",-0.208249642088721,6,1,"FW","M2","CV1"
"Aber-2015",0.438177080159,6,1,"MC","M2","CV1"
"Aber-2016",0.448716753766121,6,1,"MC","M2","CV1"
"Brau-2014",0.325475467609556,6,1,"MC","M2","CV1"
"Brau-2015",0.301567054371624,6,1,"MC","M2","CV1"
"Brau-2016",-0.102463945441527,6,1,"MC","M2","CV1"
"Aber-2015",0.591085554009663,6,1,"DM","M3","CV1"
"Aber-2016",0.175583135668529,6,1,"DM","M3","CV1"
"Brau-2014",0.0529877527473785,6,1,"DM","M3","CV1"
"Brau-2015",0.140196670866847,6,1,"DM","M3","CV1"
"Brau-2016",-0.115730738902566,6,1,"DM","M3","CV1"
"Aber-2015",0.598731548851256,6,1,"FW","M3","CV1"
"Aber-2016",0.284571117372278,6,1,"FW","M3","CV1"
"Brau-2014",-0.0247358623388531,6,1,"FW","M3","CV1"
"Brau-2015",0.235238149991229,6,1,"FW","M3","CV1"
"Brau-2016",-0.162941583291553,6,1,"FW","M3","CV1"
"Aber-2015",0.483385178320702,6,1,"MC","M3","CV1"
"Aber-2016",0.432592572843639,6,1,"MC","M3","CV1"
"Brau-2014",0.337555437512006,6,1,"MC","M3","CV1"
"Brau-2015",0.301408153165502,6,1,"MC","M3","CV1"
"Brau-2016",-0.122439286550504,6,1,"MC","M3","CV1"
"Aber-2015",0.805996600891335,6,1,"DM","M1","CV2"
"Aber-2016",0.775055417417755,6,1,"DM","M1","CV2"
"Brau-2014",0.73785568239789,6,1,"DM","M1","CV2"
"Brau-2015",0.643028737143686,6,1,"DM","M1","CV2"
"Brau-2016",0.655837778181097,6,1,"DM","M1","CV2"
"Aber-2015",0.834312583357288,6,1,"FW","M1","CV2"
"Aber-2016",0.776984965381484,6,1,"FW","M1","CV2"
"Brau-2014",0.690862932149404,6,1,"FW","M1","CV2"
"Brau-2015",0.671836864397423,6,1,"FW","M1","CV2"
"Brau-2016",0.606977444406983,6,1,"FW","M1","CV2"
"Aber-2015",0.656187706653094,6,1,"MC","M1","CV2"
"Aber-2016",0.76602573265668,6,1,"MC","M1","CV2"
"Brau-2014",0.0181576376972935,6,1,"MC","M1","CV2"
"Brau-2015",0.664760962543988,6,1,"MC","M1","CV2"
"Brau-2016",0.0306525760358754,6,1,"MC","M1","CV2"
"Aber-2015",0.820898384193086,6,1,"DM","M2","CV2"
"Aber-2016",0.779044341054449,6,1,"DM","M2","CV2"
"Brau-2014",0.73277268964247,6,1,"DM","M2","CV2"
"Brau-2015",0.664618460406857,6,1,"DM","M2","CV2"
"Brau-2016",0.675168280658387,6,1,"DM","M2","CV2"
"Aber-2015",0.845980216835974,6,1,"FW","M2","CV2"
"Aber-2016",0.778449735177561,6,1,"FW","M2","CV2"
"Brau-2014",0.680863259877256,6,1,"FW","M2","CV2"
"Brau-2015",0.701549870944257,6,1,"FW","M2","CV2"
"Brau-2016",0.634737841295627,6,1,"FW","M2","CV2"
"Aber-2015",0.670400608381082,6,1,"MC","M2","CV2"
"Aber-2016",0.769630406239002,6,1,"MC","M2","CV2"
"Brau-2014",0.00182129482383666,6,1,"MC","M2","CV2"
"Brau-2015",0.658638313923859,6,1,"MC","M2","CV2"
"Brau-2016",0.040725611200607,6,1,"MC","M2","CV2"
"Aber-2015",0.874823496861942,6,1,"DM","M3","CV2"
"Aber-2016",0.790623157563175,6,1,"DM","M3","CV2"
"Brau-2014",0.772580792944081,6,1,"DM","M3","CV2"
"Brau-2015",0.726689191108428,6,1,"DM","M3","CV2"
"Brau-2016",0.731100315198549,6,1,"DM","M3","CV2"
"Aber-2015",0.882045478289315,6,1,"FW","M3","CV2"
"Aber-2016",0.770121242887572,6,1,"FW","M3","CV2"
"Brau-2014",0.748873625173975,6,1,"FW","M3","CV2"
"Brau-2015",0.762666833177966,6,1,"FW","M3","CV2"
"Brau-2016",0.694491082735586,6,1,"FW","M3","CV2"
"Aber-2015",0.599424176258203,6,1,"MC","M3","CV2"
"Aber-2016",0.743701065563179,6,1,"MC","M3","CV2"
"Brau-2014",0.0168595661424564,6,1,"MC","M3","CV2"
"Brau-2015",0.69548220389476,6,1,"MC","M3","CV2"
"Brau-2016",0.210584691575533,6,1,"MC","M3","CV2"
"Aber-2015",0.480083210858343,7,1,"DM","M1","CV1"
"Aber-2016",0.221882737221689,7,1,"DM","M1","CV1"
"Brau-2014",0.388045295461597,7,1,"DM","M1","CV1"
"Brau-2015",0.0757211689763378,7,1,"DM","M1","CV1"
"Brau-2016",-0.0267423667884784,7,1,"DM","M1","CV1"
"Aber-2015",0.519284949676409,7,1,"FW","M1","CV1"
"Aber-2016",0.306880385012955,7,1,"FW","M1","CV1"
"Brau-2014",0.274129273080999,7,1,"FW","M1","CV1"
"Brau-2015",0.157556594234478,7,1,"FW","M1","CV1"
"Brau-2016",0.100645759667954,7,1,"FW","M1","CV1"
"Aber-2015",0.456446003721376,7,1,"MC","M1","CV1"
"Aber-2016",0.54734068580032,7,1,"MC","M1","CV1"
"Brau-2014",0.445252850364948,7,1,"MC","M1","CV1"
"Brau-2015",0.518488882012281,7,1,"MC","M1","CV1"
"Brau-2016",0.374205612695863,7,1,"MC","M1","CV1"
"Aber-2015",0.549312457849594,7,1,"DM","M2","CV1"
"Aber-2016",0.310045576633296,7,1,"DM","M2","CV1"
"Brau-2014",0.357403390775433,7,1,"DM","M2","CV1"
"Brau-2015",0.141128225674574,7,1,"DM","M2","CV1"
"Brau-2016",-0.0132170782487285,7,1,"DM","M2","CV1"
"Aber-2015",0.603212667196195,7,1,"FW","M2","CV1"
"Aber-2016",0.400744429522147,7,1,"FW","M2","CV1"
"Brau-2014",0.270211112270613,7,1,"FW","M2","CV1"
"Brau-2015",0.238596579089852,7,1,"FW","M2","CV1"
"Brau-2016",0.0992968264703228,7,1,"FW","M2","CV1"
"Aber-2015",0.491729921723117,7,1,"MC","M2","CV1"
"Aber-2016",0.569081990075562,7,1,"MC","M2","CV1"
"Brau-2014",0.532836805786047,7,1,"MC","M2","CV1"
"Brau-2015",0.531037161027243,7,1,"MC","M2","CV1"
"Brau-2016",0.298271222828219,7,1,"MC","M2","CV1"
"Aber-2015",0.496978249983882,7,1,"DM","M3","CV1"
"Aber-2016",0.319950566182972,7,1,"DM","M3","CV1"
"Brau-2014",0.487908945356881,7,1,"DM","M3","CV1"
"Brau-2015",0.179957915771387,7,1,"DM","M3","CV1"
"Brau-2016",0.0886503448320468,7,1,"DM","M3","CV1"
"Aber-2015",0.50881829487962,7,1,"FW","M3","CV1"
"Aber-2016",0.398072176005373,7,1,"FW","M3","CV1"
"Brau-2014",0.394302763551993,7,1,"FW","M3","CV1"
"Brau-2015",0.260928682855571,7,1,"FW","M3","CV1"
"Brau-2016",0.163999167305241,7,1,"FW","M3","CV1"
"Aber-2015",0.52798238686081,7,1,"MC","M3","CV1"
"Aber-2016",0.629681559683239,7,1,"MC","M3","CV1"
"Brau-2014",0.443903636965344,7,1,"MC","M3","CV1"
"Brau-2015",0.558313304753301,7,1,"MC","M3","CV1"
"Brau-2016",0.350618501358896,7,1,"MC","M3","CV1"
"Aber-2015",0.814233030517021,7,1,"DM","M1","CV2"
"Aber-2016",0.550484659461255,7,1,"DM","M1","CV2"
"Brau-2014",0.547819072659354,7,1,"DM","M1","CV2"
"Brau-2015",0.702355032861552,7,1,"DM","M1","CV2"
"Brau-2016",0.623663412112654,7,1,"DM","M1","CV2"
"Aber-2015",0.805278484654953,7,1,"FW","M1","CV2"
"Aber-2016",0.649826103875303,7,1,"FW","M1","CV2"
"Brau-2014",0.421177971976791,7,1,"FW","M1","CV2"
"Brau-2015",0.704912072257593,7,1,"FW","M1","CV2"
"Brau-2016",0.41102694642577,7,1,"FW","M1","CV2"
"Aber-2015",0.830263829556751,7,1,"MC","M1","CV2"
"Aber-2016",0.782616357551686,7,1,"MC","M1","CV2"
"Brau-2014",0.605482028045105,7,1,"MC","M1","CV2"
"Brau-2015",0.752926985075626,7,1,"MC","M1","CV2"
"Brau-2016",0.562055878500744,7,1,"MC","M1","CV2"
"Aber-2015",0.808394092389855,7,1,"DM","M2","CV2"
"Aber-2016",0.544063179724175,7,1,"DM","M2","CV2"
"Brau-2014",0.51070288028083,7,1,"DM","M2","CV2"
"Brau-2015",0.707365034332941,7,1,"DM","M2","CV2"
"Brau-2016",0.645309165082908,7,1,"DM","M2","CV2"
"Aber-2015",0.798057638345885,7,1,"FW","M2","CV2"
"Aber-2016",0.653548691773982,7,1,"FW","M2","CV2"
"Brau-2014",0.373940808535894,7,1,"FW","M2","CV2"
"Brau-2015",0.715941946083904,7,1,"FW","M2","CV2"
"Brau-2016",0.454843812160727,7,1,"FW","M2","CV2"
"Aber-2015",0.840341967495925,7,1,"MC","M2","CV2"
"Aber-2016",0.801279185208639,7,1,"MC","M2","CV2"
"Brau-2014",0.593773270003973,7,1,"MC","M2","CV2"
"Brau-2015",0.774568599517746,7,1,"MC","M2","CV2"
"Brau-2016",0.57724694481461,7,1,"MC","M2","CV2"
"Aber-2015",0.832347159096813,7,1,"DM","M3","CV2"
"Aber-2016",0.402400725389961,7,1,"DM","M3","CV2"
"Brau-2014",0.661812622752486,7,1,"DM","M3","CV2"
"Brau-2015",0.708668699854383,7,1,"DM","M3","CV2"
"Brau-2016",0.669264939202346,7,1,"DM","M3","CV2"
"Aber-2015",0.796538095146306,7,1,"FW","M3","CV2"
"Aber-2016",0.520649671484754,7,1,"FW","M3","CV2"
"Brau-2014",0.672513296081295,7,1,"FW","M3","CV2"
"Brau-2015",0.714854183914874,7,1,"FW","M3","CV2"
"Brau-2016",0.554593301468803,7,1,"FW","M3","CV2"
"Aber-2015",0.792086612338497,7,1,"MC","M3","CV2"
"Aber-2016",0.802516069414202,7,1,"MC","M3","CV2"
"Brau-2014",0.576482364514885,7,1,"MC","M3","CV2"
"Brau-2015",0.818991880735209,7,1,"MC","M3","CV2"
"Brau-2016",0.628788838959198,7,1,"MC","M3","CV2"
"Aber-2015",0.598897562348975,8,1,"DM","M1","CV1"
"Aber-2016",0.404339098767121,8,1,"DM","M1","CV1"
"Brau-2014",0.565902054606432,8,1,"DM","M1","CV1"
"Brau-2015",0.688668349654122,8,1,"DM","M1","CV1"
"Brau-2016",0.647373373656786,8,1,"DM","M1","CV1"
"Aber-2015",0.552415162589154,8,1,"FW","M1","CV1"
"Aber-2016",0.395682425283564,8,1,"FW","M1","CV1"
"Brau-2014",0.53955524876188,8,1,"FW","M1","CV1"
"Brau-2015",0.649523371712562,8,1,"FW","M1","CV1"
"Brau-2016",0.530692782847222,8,1,"FW","M1","CV1"
"Aber-2015",0.324754989980997,8,1,"MC","M1","CV1"
"Aber-2016",0.208340191557754,8,1,"MC","M1","CV1"
"Brau-2014",0.420774801518146,8,1,"MC","M1","CV1"
"Brau-2015",-0.00438991184373825,8,1,"MC","M1","CV1"
"Brau-2016",0.0301535284302078,8,1,"MC","M1","CV1"
"Aber-2015",0.575458534536822,8,1,"DM","M2","CV1"
"Aber-2016",0.393821789969063,8,1,"DM","M2","CV1"
"Brau-2014",0.480609844238062,8,1,"DM","M2","CV1"
"Brau-2015",0.710940949212805,8,1,"DM","M2","CV1"
"Brau-2016",0.683338792715472,8,1,"DM","M2","CV1"
"Aber-2015",0.55513426241463,8,1,"FW","M2","CV1"
"Aber-2016",0.40261147946748,8,1,"FW","M2","CV1"
"Brau-2014",0.461010837924525,8,1,"FW","M2","CV1"
"Brau-2015",0.663364588182779,8,1,"FW","M2","CV1"
"Brau-2016",0.594659414860532,8,1,"FW","M2","CV1"
"Aber-2015",0.364094736267991,8,1,"MC","M2","CV1"
"Aber-2016",0.289417828665112,8,1,"MC","M2","CV1"
"Brau-2014",0.419838523278379,8,1,"MC","M2","CV1"
"Brau-2015",0.0463809773560927,8,1,"MC","M2","CV1"
"Brau-2016",0.0814800707811562,8,1,"MC","M2","CV1"
"Aber-2015",0.591850797132468,8,1,"DM","M3","CV1"
"Aber-2016",0.418943486449261,8,1,"DM","M3","CV1"
"Brau-2014",0.626512650343265,8,1,"DM","M3","CV1"
"Brau-2015",0.697334696732705,8,1,"DM","M3","CV1"
"Brau-2016",0.650593747896216,8,1,"DM","M3","CV1"
"Aber-2015",0.570998848683976,8,1,"FW","M3","CV1"
"Aber-2016",0.435308258831445,8,1,"FW","M3","CV1"
"Brau-2014",0.643956396532635,8,1,"FW","M3","CV1"
"Brau-2015",0.653924268455232,8,1,"FW","M3","CV1"
"Brau-2016",0.548994647590961,8,1,"FW","M3","CV1"
"Aber-2015",0.325765627010288,8,1,"MC","M3","CV1"
"Aber-2016",0.228289349909841,8,1,"MC","M3","CV1"
"Brau-2014",0.42815625619964,8,1,"MC","M3","CV1"
"Brau-2015",0.0525772315602671,8,1,"MC","M3","CV1"
"Brau-2016",0.0890252303354342,8,1,"MC","M3","CV1"
"Aber-2015",0.792934876872155,8,1,"DM","M1","CV2"
"Aber-2016",0.590451144751923,8,1,"DM","M1","CV2"
"Brau-2014",0.820885442383921,8,1,"DM","M1","CV2"
"Brau-2015",0.725547159902388,8,1,"DM","M1","CV2"
"Brau-2016",0.65624912950105,8,1,"DM","M1","CV2"
"Aber-2015",0.764158935574296,8,1,"FW","M1","CV2"
"Aber-2016",0.536893551360811,8,1,"FW","M1","CV2"
"Brau-2014",0.781392127701504,8,1,"FW","M1","CV2"
"Brau-2015",0.765650537621987,8,1,"FW","M1","CV2"
"Brau-2016",0.628613635393943,8,1,"FW","M1","CV2"
"Aber-2015",0.587198799586251,8,1,"MC","M1","CV2"
"Aber-2016",0.821087872028779,8,1,"MC","M1","CV2"
"Brau-2014",0.340778439536925,8,1,"MC","M1","CV2"
"Brau-2015",0.842312285974467,8,1,"MC","M1","CV2"
"Brau-2016",0.695826206628708,8,1,"MC","M1","CV2"
"Aber-2015",0.800673425107019,8,1,"DM","M2","CV2"
"Aber-2016",0.597175138999166,8,1,"DM","M2","CV2"
"Brau-2014",0.806208317933911,8,1,"DM","M2","CV2"
"Brau-2015",0.724386497852858,8,1,"DM","M2","CV2"
"Brau-2016",0.679517076099533,8,1,"DM","M2","CV2"
"Aber-2015",0.77171013253357,8,1,"FW","M2","CV2"
"Aber-2016",0.550746225714776,8,1,"FW","M2","CV2"
"Brau-2014",0.770246741497506,8,1,"FW","M2","CV2"
"Brau-2015",0.765500807602042,8,1,"FW","M2","CV2"
"Brau-2016",0.663397589549494,8,1,"FW","M2","CV2"
"Aber-2015",0.568879748101174,8,1,"MC","M2","CV2"
"Aber-2016",0.821673210027126,8,1,"MC","M2","CV2"
"Brau-2014",0.328602548526622,8,1,"MC","M2","CV2"
"Brau-2015",0.830866687924896,8,1,"MC","M2","CV2"
"Brau-2016",0.688912206927487,8,1,"MC","M2","CV2"
"Aber-2015",0.810190035909777,8,1,"DM","M3","CV2"
"Aber-2016",0.550416672956079,8,1,"DM","M3","CV2"
"Brau-2014",0.87793342173191,8,1,"DM","M3","CV2"
"Brau-2015",0.73895342177232,8,1,"DM","M3","CV2"
"Brau-2016",0.703280829073405,8,1,"DM","M3","CV2"
"Aber-2015",0.774522518247246,8,1,"FW","M3","CV2"
"Aber-2016",0.509479072435878,8,1,"FW","M3","CV2"
"Brau-2014",0.843397005726825,8,1,"FW","M3","CV2"
"Brau-2015",0.79172182503034,8,1,"FW","M3","CV2"
"Brau-2016",0.678941454341403,8,1,"FW","M3","CV2"
"Aber-2015",0.617751339407282,8,1,"MC","M3","CV2"
"Aber-2016",0.827013630405075,8,1,"MC","M3","CV2"
"Brau-2014",0.376875324616556,8,1,"MC","M3","CV2"
"Brau-2015",0.822759803075737,8,1,"MC","M3","CV2"
"Brau-2016",0.724075677319784,8,1,"MC","M3","CV2"
"Aber-2015",0.610258995062045,9,1,"DM","M1","CV1"
"Aber-2016",0.322074376925371,9,1,"DM","M1","CV1"
"Brau-2014",0.445237651778227,9,1,"DM","M1","CV1"
"Brau-2015",0.345019055354043,9,1,"DM","M1","CV1"
"Brau-2016",0.493017157166249,9,1,"DM","M1","CV1"
"Aber-2015",0.571437490012295,9,1,"FW","M1","CV1"
"Aber-2016",0.346358104283528,9,1,"FW","M1","CV1"
"Brau-2014",0.403752495656847,9,1,"FW","M1","CV1"
"Brau-2015",0.35062389086003,9,1,"FW","M1","CV1"
"Brau-2016",0.303943130575344,9,1,"FW","M1","CV1"
"Aber-2015",0.37589345123306,9,1,"MC","M1","CV1"
"Aber-2016",0.453954866405744,9,1,"MC","M1","CV1"
"Brau-2014",0.770600213121279,9,1,"MC","M1","CV1"
"Brau-2015",0.495670073513093,9,1,"MC","M1","CV1"
"Brau-2016",0.152057493431785,9,1,"MC","M1","CV1"
"Aber-2015",0.617597645966632,9,1,"DM","M2","CV1"
"Aber-2016",0.348706645281654,9,1,"DM","M2","CV1"
"Brau-2014",0.43025966676112,9,1,"DM","M2","CV1"
"Brau-2015",0.360706782322947,9,1,"DM","M2","CV1"
"Brau-2016",0.48401215382105,9,1,"DM","M2","CV1"
"Aber-2015",0.635387162105125,9,1,"FW","M2","CV1"
"Aber-2016",0.416191658612148,9,1,"FW","M2","CV1"
"Brau-2014",0.393638860572865,9,1,"FW","M2","CV1"
"Brau-2015",0.383594725427888,9,1,"FW","M2","CV1"
"Brau-2016",0.282315437742892,9,1,"FW","M2","CV1"
"Aber-2015",0.4210375499766,9,1,"MC","M2","CV1"
"Aber-2016",0.504299369671601,9,1,"MC","M2","CV1"
"Brau-2014",0.774268069069289,9,1,"MC","M2","CV1"
"Brau-2015",0.513207599386846,9,1,"MC","M2","CV1"
"Brau-2016",0.21622637149466,9,1,"MC","M2","CV1"
"Aber-2015",0.679128580396854,9,1,"DM","M3","CV1"
"Aber-2016",0.369245752619746,9,1,"DM","M3","CV1"
"Brau-2014",0.569175399094859,9,1,"DM","M3","CV1"
"Brau-2015",0.254729715121778,9,1,"DM","M3","CV1"
"Brau-2016",0.427798363744279,9,1,"DM","M3","CV1"
"Aber-2015",0.664303872725434,9,1,"FW","M3","CV1"
"Aber-2016",0.454854393365761,9,1,"FW","M3","CV1"
"Brau-2014",0.569609104200254,9,1,"FW","M3","CV1"
"Brau-2015",0.247626780046398,9,1,"FW","M3","CV1"
"Brau-2016",0.224765958664851,9,1,"FW","M3","CV1"
"Aber-2015",0.400799097351881,9,1,"MC","M3","CV1"
"Aber-2016",0.534721686342142,9,1,"MC","M3","CV1"
"Brau-2014",0.721916826194634,9,1,"MC","M3","CV1"
"Brau-2015",0.554910645559383,9,1,"MC","M3","CV1"
"Brau-2016",0.195962132790342,9,1,"MC","M3","CV1"
"Aber-2015",0.860868546708237,9,1,"DM","M1","CV2"
"Aber-2016",0.68864976875015,9,1,"DM","M1","CV2"
"Brau-2014",0.40856223276677,9,1,"DM","M1","CV2"
"Brau-2015",0.659175696991028,9,1,"DM","M1","CV2"
"Brau-2016",0.62642197224075,9,1,"DM","M1","CV2"
"Aber-2015",0.873154235967488,9,1,"FW","M1","CV2"
"Aber-2016",0.706886942889497,9,1,"FW","M1","CV2"
"Brau-2014",0.231160671346342,9,1,"FW","M1","CV2"
"Brau-2015",0.682679662314767,9,1,"FW","M1","CV2"
"Brau-2016",0.460883006634695,9,1,"FW","M1","CV2"
"Aber-2015",0.86297808974761,9,1,"MC","M1","CV2"
"Aber-2016",0.743575580866383,9,1,"MC","M1","CV2"
"Brau-2014",0.465870798085416,9,1,"MC","M1","CV2"
"Brau-2015",0.725864435708571,9,1,"MC","M1","CV2"
"Brau-2016",0.735799811267479,9,1,"MC","M1","CV2"
"Aber-2015",0.853473349198089,9,1,"DM","M2","CV2"
"Aber-2016",0.698241128009833,9,1,"DM","M2","CV2"
"Brau-2014",0.381602874453007,9,1,"DM","M2","CV2"
"Brau-2015",0.668699509609919,9,1,"DM","M2","CV2"
"Brau-2016",0.625092937153798,9,1,"DM","M2","CV2"
"Aber-2015",0.862159472328645,9,1,"FW","M2","CV2"
"Aber-2016",0.71343839581571,9,1,"FW","M2","CV2"
"Brau-2014",0.202355280850679,9,1,"FW","M2","CV2"
"Brau-2015",0.693696047557476,9,1,"FW","M2","CV2"
"Brau-2016",0.46120094195138,9,1,"FW","M2","CV2"
"Aber-2015",0.86566148297788,9,1,"MC","M2","CV2"
"Aber-2016",0.749532996209073,9,1,"MC","M2","CV2"
"Brau-2014",0.462363425719571,9,1,"MC","M2","CV2"
"Brau-2015",0.738973026605096,9,1,"MC","M2","CV2"
"Brau-2016",0.746079162443945,9,1,"MC","M2","CV2"
"Aber-2015",0.884947053000708,9,1,"DM","M3","CV2"
"Aber-2016",0.661534241992904,9,1,"DM","M3","CV2"
"Brau-2014",0.50585545268026,9,1,"DM","M3","CV2"
"Brau-2015",0.700563087776947,9,1,"DM","M3","CV2"
"Brau-2016",0.444685632083456,9,1,"DM","M3","CV2"
"Aber-2015",0.863169392130663,9,1,"FW","M3","CV2"
"Aber-2016",0.671371837147208,9,1,"FW","M3","CV2"
"Brau-2014",0.386573139451205,9,1,"FW","M3","CV2"
"Brau-2015",0.72820858582574,9,1,"FW","M3","CV2"
"Brau-2016",0.221167749168084,9,1,"FW","M3","CV2"
"Aber-2015",0.872244405364566,9,1,"MC","M3","CV2"
"Aber-2016",0.730379741864809,9,1,"MC","M3","CV2"
"Brau-2014",0.496003727338409,9,1,"MC","M3","CV2"
"Brau-2015",0.748439757892381,9,1,"MC","M3","CV2"
"Brau-2016",0.715098713554911,9,1,"MC","M3","CV2"
"Aber-2015",0.50549003291239,10,1,"DM","M1","CV1"
"Aber-2016",0.311139950577456,10,1,"DM","M1","CV1"
"Brau-2014",0.0448180671818162,10,1,"DM","M1","CV1"
"Brau-2015",0.353932659767822,10,1,"DM","M1","CV1"
"Brau-2016",0.487868884643587,10,1,"DM","M1","CV1"
"Aber-2015",0.48568175254264,10,1,"FW","M1","CV1"
"Aber-2016",0.351419002236636,10,1,"FW","M1","CV1"
"Brau-2014",-0.0149638702473939,10,1,"FW","M1","CV1"
"Brau-2015",0.374391708615339,10,1,"FW","M1","CV1"
"Brau-2016",0.413773305821086,10,1,"FW","M1","CV1"
"Aber-2015",0.326259683734338,10,1,"MC","M1","CV1"
"Aber-2016",0.287194139507627,10,1,"MC","M1","CV1"
"Brau-2014",0.598234746221376,10,1,"MC","M1","CV1"
"Brau-2015",0.500019842378349,10,1,"MC","M1","CV1"
"Brau-2016",0.147668588115957,10,1,"MC","M1","CV1"
"Aber-2015",0.632515080361017,10,1,"DM","M2","CV1"
"Aber-2016",0.476110676260086,10,1,"DM","M2","CV1"
"Brau-2014",0.11647656650018,10,1,"DM","M2","CV1"
"Brau-2015",0.474714383161483,10,1,"DM","M2","CV1"
"Brau-2016",0.460063263760022,10,1,"DM","M2","CV1"
"Aber-2015",0.640997258353321,10,1,"FW","M2","CV1"
"Aber-2016",0.520938410128378,10,1,"FW","M2","CV1"
"Brau-2014",0.0599610567041571,10,1,"FW","M2","CV1"
"Brau-2015",0.493182608194223,10,1,"FW","M2","CV1"
"Brau-2016",0.399950591694106,10,1,"FW","M2","CV1"
"Aber-2015",0.391890323493931,10,1,"MC","M2","CV1"
"Aber-2016",0.36425886983192,10,1,"MC","M2","CV1"
"Brau-2014",0.647692585609639,10,1,"MC","M2","CV1"
"Brau-2015",0.577648659065913,10,1,"MC","M2","CV1"
"Brau-2016",0.245903279216701,10,1,"MC","M2","CV1"
"Aber-2015",0.589719291819962,10,1,"DM","M3","CV1"
"Aber-2016",0.484474693364096,10,1,"DM","M3","CV1"
"Brau-2014",0.33124917717291,10,1,"DM","M3","CV1"
"Brau-2015",0.51649960356574,10,1,"DM","M3","CV1"
"Brau-2016",0.534854083740315,10,1,"DM","M3","CV1"
"Aber-2015",0.547493231458098,10,1,"FW","M3","CV1"
"Aber-2016",0.50966022298973,10,1,"FW","M3","CV1"
"Brau-2014",0.34199145163443,10,1,"FW","M3","CV1"
"Brau-2015",0.555786525863519,10,1,"FW","M3","CV1"
"Brau-2016",0.489030466885997,10,1,"FW","M3","CV1"
"Aber-2015",0.399499761134449,10,1,"MC","M3","CV1"
"Aber-2016",0.396093385518418,10,1,"MC","M3","CV1"
"Brau-2014",0.677677084783617,10,1,"MC","M3","CV1"
"Brau-2015",0.551056762941199,10,1,"MC","M3","CV1"
"Brau-2016",0.291024671532596,10,1,"MC","M3","CV1"
"Aber-2015",0.87838853437842,10,1,"DM","M1","CV2"
"Aber-2016",0.773794891981076,10,1,"DM","M1","CV2"
"Brau-2014",0.0945084856215325,10,1,"DM","M1","CV2"
"Brau-2015",0.739607347829052,10,1,"DM","M1","CV2"
"Brau-2016",0.8141288935978,10,1,"DM","M1","CV2"
"Aber-2015",0.878863843840345,10,1,"FW","M1","CV2"
"Aber-2016",0.807410679078642,10,1,"FW","M1","CV2"
"Brau-2014",0.000766131874662273,10,1,"FW","M1","CV2"
"Brau-2015",0.812293589671329,10,1,"FW","M1","CV2"
"Brau-2016",0.759179345733222,10,1,"FW","M1","CV2"
"Aber-2015",0.722778014112842,10,1,"MC","M1","CV2"
"Aber-2016",0.625087273907828,10,1,"MC","M1","CV2"
"Brau-2014",0.689866492977478,10,1,"MC","M1","CV2"
"Brau-2015",0.728921581717686,10,1,"MC","M1","CV2"
"Brau-2016",0.62737494003207,10,1,"MC","M1","CV2"
"Aber-2015",0.880447306160272,10,1,"DM","M2","CV2"
"Aber-2016",0.779433128384248,10,1,"DM","M2","CV2"
"Brau-2014",0.100608882409753,10,1,"DM","M2","CV2"
"Brau-2015",0.726713133519874,10,1,"DM","M2","CV2"
"Brau-2016",0.828171242639455,10,1,"DM","M2","CV2"
"Aber-2015",0.880681972427298,10,1,"FW","M2","CV2"
"Aber-2016",0.816040381827716,10,1,"FW","M2","CV2"
"Brau-2014",0.0114035804351702,10,1,"FW","M2","CV2"
"Brau-2015",0.805331343936597,10,1,"FW","M2","CV2"
"Brau-2016",0.78785734479776,10,1,"FW","M2","CV2"
"Aber-2015",0.70929954761684,10,1,"MC","M2","CV2"
"Aber-2016",0.621256491935753,10,1,"MC","M2","CV2"
"Brau-2014",0.689305919179015,10,1,"MC","M2","CV2"
"Brau-2015",0.723613426687858,10,1,"MC","M2","CV2"
"Brau-2016",0.656169761552046,10,1,"MC","M2","CV2"
"Aber-2015",0.888999784615129,10,1,"DM","M3","CV2"
"Aber-2016",0.69151248204855,10,1,"DM","M3","CV2"
"Brau-2014",0.406390084592321,10,1,"DM","M3","CV2"
"Brau-2015",0.579928634465519,10,1,"DM","M3","CV2"
"Brau-2016",0.843246937433413,10,1,"DM","M3","CV2"
"Aber-2015",0.87710786204386,10,1,"FW","M3","CV2"
"Aber-2016",0.697688246462173,10,1,"FW","M3","CV2"
"Brau-2014",0.36926817214645,10,1,"FW","M3","CV2"
"Brau-2015",0.692899963620882,10,1,"FW","M3","CV2"
"Brau-2016",0.81935074081884,10,1,"FW","M3","CV2"
"Aber-2015",0.719450081330038,10,1,"MC","M3","CV2"
"Aber-2016",0.598288883963519,10,1,"MC","M3","CV2"
"Brau-2014",0.68895261831846,10,1,"MC","M3","CV2"
"Brau-2015",0.653590271192024,10,1,"MC","M3","CV2"
"Brau-2016",0.682715285592764,10,1,"MC","M3","CV2"
"Aber-2015",0.635235769541014,1,2,"DM","M1","CV1"
"Aber-2016",0.51207753704378,1,2,"DM","M1","CV1"
"Brau-2014",0.462535930321782,1,2,"DM","M1","CV1"
"Brau-2015",0.500525688745064,1,2,"DM","M1","CV1"
"Brau-2016",0.565511157455361,1,2,"DM","M1","CV1"
"Aber-2015",0.597822882841934,1,2,"FW","M1","CV1"
"Aber-2016",0.507522653650243,1,2,"FW","M1","CV1"
"Brau-2014",0.444734037478116,1,2,"FW","M1","CV1"
"Brau-2015",0.453943606006165,1,2,"FW","M1","CV1"
"Brau-2016",0.461234039926952,1,2,"FW","M1","CV1"
"Aber-2015",0.445651516951525,1,2,"MC","M1","CV1"
"Aber-2016",0.549502432575261,1,2,"MC","M1","CV1"
"Brau-2014",0.426939274247689,1,2,"MC","M1","CV1"
"Brau-2015",0.443243288921772,1,2,"MC","M1","CV1"
"Brau-2016",0.103076463035838,1,2,"MC","M1","CV1"
"Aber-2015",0.665676839583693,1,2,"DM","M2","CV1"
"Aber-2016",0.561579659763756,1,2,"DM","M2","CV1"
"Brau-2014",0.521456066329486,1,2,"DM","M2","CV1"
"Brau-2015",0.548104721240811,1,2,"DM","M2","CV1"
"Brau-2016",0.637963262500952,1,2,"DM","M2","CV1"
"Aber-2015",0.627224540135507,1,2,"FW","M2","CV1"
"Aber-2016",0.558353691214614,1,2,"FW","M2","CV1"
"Brau-2014",0.514848100929076,1,2,"FW","M2","CV1"
"Brau-2015",0.518392305689741,1,2,"FW","M2","CV1"
"Brau-2016",0.56904358804762,1,2,"FW","M2","CV1"
"Aber-2015",0.421735805518183,1,2,"MC","M2","CV1"
"Aber-2016",0.550205601506527,1,2,"MC","M2","CV1"
"Brau-2014",0.517122381281949,1,2,"MC","M2","CV1"
"Brau-2015",0.457122600053451,1,2,"MC","M2","CV1"
"Brau-2016",0.0720277469461665,1,2,"MC","M2","CV1"
"Aber-2015",0.676155365182939,1,2,"DM","M3","CV1"
"Aber-2016",0.563416726377235,1,2,"DM","M3","CV1"
"Brau-2014",0.511971425669112,1,2,"DM","M3","CV1"
"Brau-2015",0.598766355841547,1,2,"DM","M3","CV1"
"Brau-2016",0.705830002817414,1,2,"DM","M3","CV1"
"Aber-2015",0.665884309596614,1,2,"FW","M3","CV1"
"Aber-2016",0.589809869037268,1,2,"FW","M3","CV1"
"Brau-2014",0.518301635297261,1,2,"FW","M3","CV1"
"Brau-2015",0.580423166641329,1,2,"FW","M3","CV1"
"Brau-2016",0.663703910298115,1,2,"FW","M3","CV1"
"Aber-2015",0.520791155643811,1,2,"MC","M3","CV1"
"Aber-2016",0.557432744397361,1,2,"MC","M3","CV1"
"Brau-2014",0.405263232097679,1,2,"MC","M3","CV1"
"Brau-2015",0.519431701109569,1,2,"MC","M3","CV1"
"Brau-2016",0.266634557141777,1,2,"MC","M3","CV1"
"Aber-2015",0.945136604101898,1,2,"DM","M1","CV2"
"Aber-2016",0.749340403501722,1,2,"DM","M1","CV2"
"Brau-2014",0.510181301554063,1,2,"DM","M1","CV2"
"Brau-2015",0.709050913724568,1,2,"DM","M1","CV2"
"Brau-2016",0.588669661923558,1,2,"DM","M1","CV2"
"Aber-2015",0.939653983232007,1,2,"FW","M1","CV2"
"Aber-2016",0.690965647729197,1,2,"FW","M1","CV2"
"Brau-2014",0.441354853810483,1,2,"FW","M1","CV2"
"Brau-2015",0.702881303892302,1,2,"FW","M1","CV2"
"Brau-2016",0.605459630449926,1,2,"FW","M1","CV2"
"Aber-2015",0.726331598592805,1,2,"MC","M1","CV2"
"Aber-2016",0.699358964220574,1,2,"MC","M1","CV2"
"Brau-2014",0.147437262378067,1,2,"MC","M1","CV2"
"Brau-2015",0.823254082110118,1,2,"MC","M1","CV2"
"Brau-2016",0.465619069863764,1,2,"MC","M1","CV2"
"Aber-2015",0.943761083686562,1,2,"DM","M2","CV2"
"Aber-2016",0.759244224538168,1,2,"DM","M2","CV2"
"Brau-2014",0.499397225165798,1,2,"DM","M2","CV2"
"Brau-2015",0.717809236468445,1,2,"DM","M2","CV2"
"Brau-2016",0.595986913425964,1,2,"DM","M2","CV2"
"Aber-2015",0.935495782594229,1,2,"FW","M2","CV2"
"Aber-2016",0.69967884116414,1,2,"FW","M2","CV2"
"Brau-2014",0.429414128876655,1,2,"FW","M2","CV2"
"Brau-2015",0.713661086559856,1,2,"FW","M2","CV2"
"Brau-2016",0.615237337063943,1,2,"FW","M2","CV2"
"Aber-2015",0.7312965865692,1,2,"MC","M2","CV2"
"Aber-2016",0.710579727580441,1,2,"MC","M2","CV2"
"Brau-2014",0.155458673065458,1,2,"MC","M2","CV2"
"Brau-2015",0.832397254463985,1,2,"MC","M2","CV2"
"Brau-2016",0.454536966227622,1,2,"MC","M2","CV2"
"Aber-2015",0.952395466841768,1,2,"DM","M3","CV2"
"Aber-2016",0.70901589881785,1,2,"DM","M3","CV2"
"Brau-2014",0.56049984606648,1,2,"DM","M3","CV2"
"Brau-2015",0.743050958089971,1,2,"DM","M3","CV2"
"Brau-2016",0.565765403781007,1,2,"DM","M3","CV2"
"Aber-2015",0.925650394070643,1,2,"FW","M3","CV2"
"Aber-2016",0.610190010950507,1,2,"FW","M3","CV2"
"Brau-2014",0.549852346329795,1,2,"FW","M3","CV2"
"Brau-2015",0.740941350987128,1,2,"FW","M3","CV2"
"Brau-2016",0.644391238417594,1,2,"FW","M3","CV2"
"Aber-2015",0.673762147771113,1,2,"MC","M3","CV2"
"Aber-2016",0.71815922682896,1,2,"MC","M3","CV2"
"Brau-2014",0.15781108134646,1,2,"MC","M3","CV2"
"Brau-2015",0.866424026555623,1,2,"MC","M3","CV2"
"Brau-2016",0.422894987067313,1,2,"MC","M3","CV2"
"Aber-2015",0.703176276928855,2,2,"DM","M1","CV1"
"Aber-2016",0.480788879795374,2,2,"DM","M1","CV1"
"Brau-2014",0.601607461168222,2,2,"DM","M1","CV1"
"Brau-2015",0.308803252811891,2,2,"DM","M1","CV1"
"Brau-2016",0.211915839867587,2,2,"DM","M1","CV1"
"Aber-2015",0.685409728540113,2,2,"FW","M1","CV1"
"Aber-2016",0.466709648164663,2,2,"FW","M1","CV1"
"Brau-2014",0.533091627973107,2,2,"FW","M1","CV1"
"Brau-2015",0.263960924848961,2,2,"FW","M1","CV1"
"Brau-2016",0.137823134538773,2,2,"FW","M1","CV1"
"Aber-2015",0.383891531926339,2,2,"MC","M1","CV1"
"Aber-2016",0.490874739120665,2,2,"MC","M1","CV1"
"Brau-2014",0.450767071765644,2,2,"MC","M1","CV1"
"Brau-2015",0.55066241922193,2,2,"MC","M1","CV1"
"Brau-2016",0.286134262867559,2,2,"MC","M1","CV1"
"Aber-2015",0.748251275685779,2,2,"DM","M2","CV1"
"Aber-2016",0.537663144971621,2,2,"DM","M2","CV1"
"Brau-2014",0.629175163103772,2,2,"DM","M2","CV1"
"Brau-2015",0.329972793068089,2,2,"DM","M2","CV1"
"Brau-2016",0.200312125542538,2,2,"DM","M2","CV1"
"Aber-2015",0.752469301745649,2,2,"FW","M2","CV1"
"Aber-2016",0.542909173548307,2,2,"FW","M2","CV1"
"Brau-2014",0.563986332678372,2,2,"FW","M2","CV1"
"Brau-2015",0.308889910748954,2,2,"FW","M2","CV1"
"Brau-2016",0.154145916358364,2,2,"FW","M2","CV1"
"Aber-2015",0.416548544741757,2,2,"MC","M2","CV1"
"Aber-2016",0.570239478878028,2,2,"MC","M2","CV1"
"Brau-2014",0.499130690980168,2,2,"MC","M2","CV1"
"Brau-2015",0.625648268956661,2,2,"MC","M2","CV1"
"Brau-2016",0.381172730403279,2,2,"MC","M2","CV1"
"Aber-2015",0.725331490424849,2,2,"DM","M3","CV1"
"Aber-2016",0.53663161975308,2,2,"DM","M3","CV1"
"Brau-2014",0.680039359343192,2,2,"DM","M3","CV1"
"Brau-2015",0.456921113111852,2,2,"DM","M3","CV1"
"Brau-2016",0.263233966998956,2,2,"DM","M3","CV1"
"Aber-2015",0.732547688240051,2,2,"FW","M3","CV1"
"Aber-2016",0.563717681635959,2,2,"FW","M3","CV1"
"Brau-2014",0.628137784567233,2,2,"FW","M3","CV1"
"Brau-2015",0.415198261469634,2,2,"FW","M3","CV1"
"Brau-2016",0.171364549219495,2,2,"FW","M3","CV1"
"Aber-2015",0.532267793548113,2,2,"MC","M3","CV1"
"Aber-2016",0.679542678550976,2,2,"MC","M3","CV1"
"Brau-2014",0.541026342516136,2,2,"MC","M3","CV1"
"Brau-2015",0.728507160742268,2,2,"MC","M3","CV1"
"Brau-2016",0.319409112280046,2,2,"MC","M3","CV1"
"Aber-2015",0.669207158478672,2,2,"DM","M1","CV2"
"Aber-2016",0.850236185231751,2,2,"DM","M1","CV2"
"Brau-2014",0.656226216565431,2,2,"DM","M1","CV2"
"Brau-2015",0.677212184357768,2,2,"DM","M1","CV2"
"Brau-2016",0.764160800741474,2,2,"DM","M1","CV2"
"Aber-2015",0.72074632112615,2,2,"FW","M1","CV2"
"Aber-2016",0.889419332648125,2,2,"FW","M1","CV2"
"Brau-2014",0.659911656813726,2,2,"FW","M1","CV2"
"Brau-2015",0.664597739760398,2,2,"FW","M1","CV2"
"Brau-2016",0.639765834266689,2,2,"FW","M1","CV2"
"Aber-2015",0.815209912764981,2,2,"MC","M1","CV2"
"Aber-2016",0.742907391525709,2,2,"MC","M1","CV2"
"Brau-2014",0.431448587387158,2,2,"MC","M1","CV2"
"Brau-2015",0.791589319523328,2,2,"MC","M1","CV2"
"Brau-2016",0.700215928669527,2,2,"MC","M1","CV2"
"Aber-2015",0.67380268161127,2,2,"DM","M2","CV2"
"Aber-2016",0.856900689188472,2,2,"DM","M2","CV2"
"Brau-2014",0.666243959994963,2,2,"DM","M2","CV2"
"Brau-2015",0.678017319402767,2,2,"DM","M2","CV2"
"Brau-2016",0.775751499544685,2,2,"DM","M2","CV2"
"Aber-2015",0.731560547395894,2,2,"FW","M2","CV2"
"Aber-2016",0.89579255820183,2,2,"FW","M2","CV2"
"Brau-2014",0.67282228675071,2,2,"FW","M2","CV2"
"Brau-2015",0.667236105343252,2,2,"FW","M2","CV2"
"Brau-2016",0.658312610293713,2,2,"FW","M2","CV2"
"Aber-2015",0.821176892529408,2,2,"MC","M2","CV2"
"Aber-2016",0.745128586897947,2,2,"MC","M2","CV2"
"Brau-2014",0.418169298404834,2,2,"MC","M2","CV2"
"Brau-2015",0.804216450968637,2,2,"MC","M2","CV2"
"Brau-2016",0.715609244650905,2,2,"MC","M2","CV2"
"Aber-2015",0.80547909774523,2,2,"DM","M3","CV2"
"Aber-2016",0.87105773694023,2,2,"DM","M3","CV2"
"Brau-2014",0.725421817730924,2,2,"DM","M3","CV2"
"Brau-2015",0.701804920385727,2,2,"DM","M3","CV2"
"Brau-2016",0.682645645768361,2,2,"DM","M3","CV2"
"Aber-2015",0.769608287809422,2,2,"FW","M3","CV2"
"Aber-2016",0.875899325680588,2,2,"FW","M3","CV2"
"Brau-2014",0.744125995874518,2,2,"FW","M3","CV2"
"Brau-2015",0.687258278436367,2,2,"FW","M3","CV2"
"Brau-2016",0.68065727727121,2,2,"FW","M3","CV2"
"Aber-2015",0.816494677670569,2,2,"MC","M3","CV2"
"Aber-2016",0.737414967985033,2,2,"MC","M3","CV2"
"Brau-2014",0.379846474361662,2,2,"MC","M3","CV2"
"Brau-2015",0.813590217167185,2,2,"MC","M3","CV2"
"Brau-2016",0.80077355607122,2,2,"MC","M3","CV2"
"Aber-2015",0.381336203516927,3,2,"DM","M1","CV1"
"Aber-2016",0.376748719086529,3,2,"DM","M1","CV1"
"Brau-2014",0.711804278435365,3,2,"DM","M1","CV1"
"Brau-2015",0.463194041715364,3,2,"DM","M1","CV1"
"Brau-2016",0.423385448790056,3,2,"DM","M1","CV1"
"Aber-2015",0.397100361570796,3,2,"FW","M1","CV1"
"Aber-2016",0.406941834661134,3,2,"FW","M1","CV1"
"Brau-2014",0.659817822654314,3,2,"FW","M1","CV1"
"Brau-2015",0.40302283299383,3,2,"FW","M1","CV1"
"Brau-2016",0.287844107117439,3,2,"FW","M1","CV1"
"Aber-2015",0.622814941554664,3,2,"MC","M1","CV1"
"Aber-2016",0.56329169070262,3,2,"MC","M1","CV1"
"Brau-2014",0.515951345492522,3,2,"MC","M1","CV1"
"Brau-2015",0.441428396081577,3,2,"MC","M1","CV1"
"Brau-2016",0.0121414008419366,3,2,"MC","M1","CV1"
"Aber-2015",0.427000323898944,3,2,"DM","M2","CV1"
"Aber-2016",0.442841174142168,3,2,"DM","M2","CV1"
"Brau-2014",0.70990211780529,3,2,"DM","M2","CV1"
"Brau-2015",0.552296796366768,3,2,"DM","M2","CV1"
"Brau-2016",0.508557826066848,3,2,"DM","M2","CV1"
"Aber-2015",0.441238470457656,3,2,"FW","M2","CV1"
"Aber-2016",0.473966290943123,3,2,"FW","M2","CV1"
"Brau-2014",0.661462493303984,3,2,"FW","M2","CV1"
"Brau-2015",0.497410230720314,3,2,"FW","M2","CV1"
"Brau-2016",0.396021998961044,3,2,"FW","M2","CV1"
"Aber-2015",0.65621762024611,3,2,"MC","M2","CV1"
"Aber-2016",0.630304054833342,3,2,"MC","M2","CV1"
"Brau-2014",0.49874302881967,3,2,"MC","M2","CV1"
"Brau-2015",0.476891676829143,3,2,"MC","M2","CV1"
"Brau-2016",0.0240427381351255,3,2,"MC","M2","CV1"
"Aber-2015",0.580478982793321,3,2,"DM","M3","CV1"
"Aber-2016",0.57081912672862,3,2,"DM","M3","CV1"
"Brau-2014",0.723766850171173,3,2,"DM","M3","CV1"
"Brau-2015",0.527570775229245,3,2,"DM","M3","CV1"
"Brau-2016",0.621497397129162,3,2,"DM","M3","CV1"
"Aber-2015",0.601552550689452,3,2,"FW","M3","CV1"
"Aber-2016",0.617581019505993,3,2,"FW","M3","CV1"
"Brau-2014",0.700026931271159,3,2,"FW","M3","CV1"
"Brau-2015",0.472706032470164,3,2,"FW","M3","CV1"
"Brau-2016",0.52229445918607,3,2,"FW","M3","CV1"
"Aber-2015",0.678599316938615,3,2,"MC","M3","CV1"
"Aber-2016",0.58180520245875,3,2,"MC","M3","CV1"
"Brau-2014",0.525867242005165,3,2,"MC","M3","CV1"
"Brau-2015",0.459533586657685,3,2,"MC","M3","CV1"
"Brau-2016",-0.119848497631514,3,2,"MC","M3","CV1"
"Aber-2015",0.847413992300114,3,2,"DM","M1","CV2"
"Aber-2016",0.692920523401759,3,2,"DM","M1","CV2"
"Brau-2014",0.465181665833344,3,2,"DM","M1","CV2"
"Brau-2015",0.596862771444796,3,2,"DM","M1","CV2"
"Brau-2016",0.623112642562497,3,2,"DM","M1","CV2"
"Aber-2015",0.829470689688758,3,2,"FW","M1","CV2"
"Aber-2016",0.757776333409447,3,2,"FW","M1","CV2"
"Brau-2014",0.411800162032986,3,2,"FW","M1","CV2"
"Brau-2015",0.718193264072508,3,2,"FW","M1","CV2"
"Brau-2016",0.461037095136365,3,2,"FW","M1","CV2"
"Aber-2015",0.559413060426589,3,2,"MC","M1","CV2"
"Aber-2016",0.886674573106781,3,2,"MC","M1","CV2"
"Brau-2014",0.519577178263473,3,2,"MC","M1","CV2"
"Brau-2015",0.761491042245509,3,2,"MC","M1","CV2"
"Brau-2016",0.515943835473738,3,2,"MC","M1","CV2"
"Aber-2015",0.848313525646039,3,2,"DM","M2","CV2"
"Aber-2016",0.693441269417977,3,2,"DM","M2","CV2"
"Brau-2014",0.470125461098251,3,2,"DM","M2","CV2"
"Brau-2015",0.615876632860989,3,2,"DM","M2","CV2"
"Brau-2016",0.644179128276002,3,2,"DM","M2","CV2"
"Aber-2015",0.828428447222743,3,2,"FW","M2","CV2"
"Aber-2016",0.755106910066074,3,2,"FW","M2","CV2"
"Brau-2014",0.413011932804418,3,2,"FW","M2","CV2"
"Brau-2015",0.734769364744075,3,2,"FW","M2","CV2"
"Brau-2016",0.493460506790308,3,2,"FW","M2","CV2"
"Aber-2015",0.558635885117042,3,2,"MC","M2","CV2"
"Aber-2016",0.889436379815468,3,2,"MC","M2","CV2"
"Brau-2014",0.510183619046818,3,2,"MC","M2","CV2"
"Brau-2015",0.764174036757816,3,2,"MC","M2","CV2"
"Brau-2016",0.532785440416122,3,2,"MC","M2","CV2"
"Aber-2015",0.895855214007472,3,2,"DM","M3","CV2"
"Aber-2016",0.689335838281812,3,2,"DM","M3","CV2"
"Brau-2014",0.539345918414495,3,2,"DM","M3","CV2"
"Brau-2015",0.600741546868759,3,2,"DM","M3","CV2"
"Brau-2016",0.663659203182978,3,2,"DM","M3","CV2"
"Aber-2015",0.853608980338589,3,2,"FW","M3","CV2"
"Aber-2016",0.742976434961333,3,2,"FW","M3","CV2"
"Brau-2014",0.549066036965012,3,2,"FW","M3","CV2"
"Brau-2015",0.739864552194824,3,2,"FW","M3","CV2"
"Brau-2016",0.585523445860697,3,2,"FW","M3","CV2"
"Aber-2015",0.591945993449846,3,2,"MC","M3","CV2"
"Aber-2016",0.896400994752562,3,2,"MC","M3","CV2"
"Brau-2014",0.528327263203263,3,2,"MC","M3","CV2"
"Brau-2015",0.836622412094699,3,2,"MC","M3","CV2"
"Brau-2016",0.549853741799198,3,2,"MC","M3","CV2"
"Aber-2015",0.544862673112645,4,2,"DM","M1","CV1"
"Aber-2016",0.323787077418206,4,2,"DM","M1","CV1"
"Brau-2014",0.532769603754093,4,2,"DM","M1","CV1"
"Brau-2015",0.429563630453475,4,2,"DM","M1","CV1"
"Brau-2016",0.241756630072095,4,2,"DM","M1","CV1"
"Aber-2015",0.504245321018078,4,2,"FW","M1","CV1"
"Aber-2016",0.313796253349148,4,2,"FW","M1","CV1"
"Brau-2014",0.481145275900694,4,2,"FW","M1","CV1"
"Brau-2015",0.370912885060001,4,2,"FW","M1","CV1"
"Brau-2016",0.168585496833322,4,2,"FW","M1","CV1"
"Aber-2015",-0.00235744080313863,4,2,"MC","M1","CV1"
"Aber-2016",0.0979270345183011,4,2,"MC","M1","CV1"
"Brau-2014",0.4134360231433,4,2,"MC","M1","CV1"
"Brau-2015",-0.124054094926939,4,2,"MC","M1","CV1"
"Brau-2016",-0.0846460252335721,4,2,"MC","M1","CV1"
"Aber-2015",0.569026416198578,4,2,"DM","M2","CV1"
"Aber-2016",0.378961631182694,4,2,"DM","M2","CV1"
"Brau-2014",0.515340196740009,4,2,"DM","M2","CV1"
"Brau-2015",0.458699229779398,4,2,"DM","M2","CV1"
"Brau-2016",0.272508405724476,4,2,"DM","M2","CV1"
"Aber-2015",0.535019158755302,4,2,"FW","M2","CV1"
"Aber-2016",0.370510249106202,4,2,"FW","M2","CV1"
"Brau-2014",0.453422717991485,4,2,"FW","M2","CV1"
"Brau-2015",0.410245087236162,4,2,"FW","M2","CV1"
"Brau-2016",0.215654551463424,4,2,"FW","M2","CV1"
"Aber-2015",0.076938453306795,4,2,"MC","M2","CV1"
"Aber-2016",0.176489591999217,4,2,"MC","M2","CV1"
"Brau-2014",0.442846280151316,4,2,"MC","M2","CV1"
"Brau-2015",0.00374447664468798,4,2,"MC","M2","CV1"
"Brau-2016",-0.000577268837871041,4,2,"MC","M2","CV1"
"Aber-2015",0.625213761952723,4,2,"DM","M3","CV1"
"Aber-2016",0.43289714205058,4,2,"DM","M3","CV1"
"Brau-2014",0.590933214808346,4,2,"DM","M3","CV1"
"Brau-2015",0.521304982528661,4,2,"DM","M3","CV1"
"Brau-2016",0.33297336222575,4,2,"DM","M3","CV1"
"Aber-2015",0.568811810038419,4,2,"FW","M3","CV1"
"Aber-2016",0.425168685226279,4,2,"FW","M3","CV1"
"Brau-2014",0.597417540883385,4,2,"FW","M3","CV1"
"Brau-2015",0.504330698012723,4,2,"FW","M3","CV1"
"Brau-2016",0.295626603656189,4,2,"FW","M3","CV1"
"Aber-2015",0.0572162643327582,4,2,"MC","M3","CV1"
"Aber-2016",0.156602759026795,4,2,"MC","M3","CV1"
"Brau-2014",0.340500260252069,4,2,"MC","M3","CV1"
"Brau-2015",0.099581658601819,4,2,"MC","M3","CV1"
"Brau-2016",-0.138110592977166,4,2,"MC","M3","CV1"
"Aber-2015",0.654181056219529,4,2,"DM","M1","CV2"
"Aber-2016",0.904766578824089,4,2,"DM","M1","CV2"
"Brau-2014",0.288800846897255,4,2,"DM","M1","CV2"
"Brau-2015",0.707283904292979,4,2,"DM","M1","CV2"
"Brau-2016",0.51178239157657,4,2,"DM","M1","CV2"
"Aber-2015",0.704624856765058,4,2,"FW","M1","CV2"
"Aber-2016",0.898439992758968,4,2,"FW","M1","CV2"
"Brau-2014",0.166615569382234,4,2,"FW","M1","CV2"
"Brau-2015",0.696323749418242,4,2,"FW","M1","CV2"
"Brau-2016",0.415860320990653,4,2,"FW","M1","CV2"
"Aber-2015",0.781802313401943,4,2,"MC","M1","CV2"
"Aber-2016",0.824413255147524,4,2,"MC","M1","CV2"
"Brau-2014",0.676811261732634,4,2,"MC","M1","CV2"
"Brau-2015",0.772284541647653,4,2,"MC","M1","CV2"
"Brau-2016",0.630318971460963,4,2,"MC","M1","CV2"
"Aber-2015",0.628624564326828,4,2,"DM","M2","CV2"
"Aber-2016",0.898121973057573,4,2,"DM","M2","CV2"
"Brau-2014",0.259826515901056,4,2,"DM","M2","CV2"
"Brau-2015",0.721262330627465,4,2,"DM","M2","CV2"
"Brau-2016",0.532111657796762,4,2,"DM","M2","CV2"
"Aber-2015",0.679825860185531,4,2,"FW","M2","CV2"
"Aber-2016",0.886264515813377,4,2,"FW","M2","CV2"
"Brau-2014",0.138612644940961,4,2,"FW","M2","CV2"
"Brau-2015",0.711042355255462,4,2,"FW","M2","CV2"
"Brau-2016",0.432947118319818,4,2,"FW","M2","CV2"
"Aber-2015",0.784162143286167,4,2,"MC","M2","CV2"
"Aber-2016",0.833569216387005,4,2,"MC","M2","CV2"
"Brau-2014",0.684919154637334,4,2,"MC","M2","CV2"
"Brau-2015",0.779788504686145,4,2,"MC","M2","CV2"
"Brau-2016",0.619395891796505,4,2,"MC","M2","CV2"
"Aber-2015",0.704763062369843,4,2,"DM","M3","CV2"
"Aber-2016",0.844261354117631,4,2,"DM","M3","CV2"
"Brau-2014",0.551878836059301,4,2,"DM","M3","CV2"
"Brau-2015",0.759662884464678,4,2,"DM","M3","CV2"
"Brau-2016",0.494633292887303,4,2,"DM","M3","CV2"
"Aber-2015",0.745121782493,4,2,"FW","M3","CV2"
"Aber-2016",0.800425561115166,4,2,"FW","M3","CV2"
"Brau-2014",0.525748060508273,4,2,"FW","M3","CV2"
"Brau-2015",0.74962609190522,4,2,"FW","M3","CV2"
"Brau-2016",0.412916593832076,4,2,"FW","M3","CV2"
"Aber-2015",0.824300665603702,4,2,"MC","M3","CV2"
"Aber-2016",0.839993376620155,4,2,"MC","M3","CV2"
"Brau-2014",0.553892747801688,4,2,"MC","M3","CV2"
"Brau-2015",0.812692792908504,4,2,"MC","M3","CV2"
"Brau-2016",0.579677715807089,4,2,"MC","M3","CV2"
"Aber-2015",0.598929148076418,5,2,"DM","M1","CV1"
"Aber-2016",0.37799675415641,5,2,"DM","M1","CV1"
"Brau-2014",0.57415651014331,5,2,"DM","M1","CV1"
"Brau-2015",0.605277533456798,5,2,"DM","M1","CV1"
"Brau-2016",0.485216910400396,5,2,"DM","M1","CV1"
"Aber-2015",0.573174075974093,5,2,"FW","M1","CV1"
"Aber-2016",0.370599420532859,5,2,"FW","M1","CV1"
"Brau-2014",0.510525781177733,5,2,"FW","M1","CV1"
"Brau-2015",0.542133587998047,5,2,"FW","M1","CV1"
"Brau-2016",0.351900179406589,5,2,"FW","M1","CV1"
"Aber-2015",0.379954361259727,5,2,"MC","M1","CV1"
"Aber-2016",0.400227770286501,5,2,"MC","M1","CV1"
"Brau-2014",0.471746257171541,5,2,"MC","M1","CV1"
"Brau-2015",0.30323393377957,5,2,"MC","M1","CV1"
"Brau-2016",0.201911542111099,5,2,"MC","M1","CV1"
"Aber-2015",0.623453940277412,5,2,"DM","M2","CV1"
"Aber-2016",0.436230953835409,5,2,"DM","M2","CV1"
"Brau-2014",0.606770749490085,5,2,"DM","M2","CV1"
"Brau-2015",0.647639572104234,5,2,"DM","M2","CV1"
"Brau-2016",0.511379426032486,5,2,"DM","M2","CV1"
"Aber-2015",0.62145545745576,5,2,"FW","M2","CV1"
"Aber-2016",0.440595139034229,5,2,"FW","M2","CV1"
"Brau-2014",0.551206116708704,5,2,"FW","M2","CV1"
"Brau-2015",0.614577710302227,5,2,"FW","M2","CV1"
"Brau-2016",0.420734816254252,5,2,"FW","M2","CV1"
"Aber-2015",0.399007041025076,5,2,"MC","M2","CV1"
"Aber-2016",0.415624711721232,5,2,"MC","M2","CV1"
"Brau-2014",0.476588032215122,5,2,"MC","M2","CV1"
"Brau-2015",0.330803179690309,5,2,"MC","M2","CV1"
"Brau-2016",0.209791773246739,5,2,"MC","M2","CV1"
"Aber-2015",0.639003549985407,5,2,"DM","M3","CV1"
"Aber-2016",0.508978737554096,5,2,"DM","M3","CV1"
"Brau-2014",0.584971060291025,5,2,"DM","M3","CV1"
"Brau-2015",0.665597980940672,5,2,"DM","M3","CV1"
"Brau-2016",0.422934732357827,5,2,"DM","M3","CV1"
"Aber-2015",0.622335053995129,5,2,"FW","M3","CV1"
"Aber-2016",0.529341815365606,5,2,"FW","M3","CV1"
"Brau-2014",0.555042156520456,5,2,"FW","M3","CV1"
"Brau-2015",0.666263034677932,5,2,"FW","M3","CV1"
"Brau-2016",0.341228157040397,5,2,"FW","M3","CV1"
"Aber-2015",0.44392842248063,5,2,"MC","M3","CV1"
"Aber-2016",0.463785185813465,5,2,"MC","M3","CV1"
"Brau-2014",0.483335658854692,5,2,"MC","M3","CV1"
"Brau-2015",0.403983977298844,5,2,"MC","M3","CV1"
"Brau-2016",0.14953979583555,5,2,"MC","M3","CV1"
"Aber-2015",0.744737335398191,5,2,"DM","M1","CV2"
"Aber-2016",0.840715664973473,5,2,"DM","M1","CV2"
"Brau-2014",0.632512598370558,5,2,"DM","M1","CV2"
"Brau-2015",0.675147424182774,5,2,"DM","M1","CV2"
"Brau-2016",0.537116537235113,5,2,"DM","M1","CV2"
"Aber-2015",0.765843101797271,5,2,"FW","M1","CV2"
"Aber-2016",0.854994149207564,5,2,"FW","M1","CV2"
"Brau-2014",0.537738373833448,5,2,"FW","M1","CV2"
"Brau-2015",0.729233383775458,5,2,"FW","M1","CV2"
"Brau-2016",0.505702160477476,5,2,"FW","M1","CV2"
"Aber-2015",0.652990236014224,5,2,"MC","M1","CV2"
"Aber-2016",0.804914142177288,5,2,"MC","M1","CV2"
"Brau-2014",0.523351650105165,5,2,"MC","M1","CV2"
"Brau-2015",0.715462263570314,5,2,"MC","M1","CV2"
"Brau-2016",0.528703341236492,5,2,"MC","M1","CV2"
"Aber-2015",0.742821133797764,5,2,"DM","M2","CV2"
"Aber-2016",0.842688442728301,5,2,"DM","M2","CV2"
"Brau-2014",0.627200598606936,5,2,"DM","M2","CV2"
"Brau-2015",0.678857554339196,5,2,"DM","M2","CV2"
"Brau-2016",0.532680591938991,5,2,"DM","M2","CV2"
"Aber-2015",0.763817600009476,5,2,"FW","M2","CV2"
"Aber-2016",0.861607533449923,5,2,"FW","M2","CV2"
"Brau-2014",0.532959436386964,5,2,"FW","M2","CV2"
"Brau-2015",0.734338683978036,5,2,"FW","M2","CV2"
"Brau-2016",0.506193247106474,5,2,"FW","M2","CV2"
"Aber-2015",0.652648881500234,5,2,"MC","M2","CV2"
"Aber-2016",0.800082376071907,5,2,"MC","M2","CV2"
"Brau-2014",0.516716089819435,5,2,"MC","M2","CV2"
"Brau-2015",0.729442363127686,5,2,"MC","M2","CV2"
"Brau-2016",0.534329647401238,5,2,"MC","M2","CV2"
"Aber-2015",0.81117021927235,5,2,"DM","M3","CV2"
"Aber-2016",0.843608709665521,5,2,"DM","M3","CV2"
"Brau-2014",0.675893873601781,5,2,"DM","M3","CV2"
"Brau-2015",0.690108698153547,5,2,"DM","M3","CV2"
"Brau-2016",0.542162461450772,5,2,"DM","M3","CV2"
"Aber-2015",0.818888410785405,5,2,"FW","M3","CV2"
"Aber-2016",0.83841467697711,5,2,"FW","M3","CV2"
"Brau-2014",0.577407070087771,5,2,"FW","M3","CV2"
"Brau-2015",0.720540084874878,5,2,"FW","M3","CV2"
"Brau-2016",0.559499810561543,5,2,"FW","M3","CV2"
"Aber-2015",0.668181601930921,5,2,"MC","M3","CV2"
"Aber-2016",0.810238696146016,5,2,"MC","M3","CV2"
"Brau-2014",0.523783250723298,5,2,"MC","M3","CV2"
"Brau-2015",0.766179622656334,5,2,"MC","M3","CV2"
"Brau-2016",0.443825346010803,5,2,"MC","M3","CV2"
"Aber-2015",0.729000656916351,6,2,"DM","M1","CV1"
"Aber-2016",0.547091466388332,6,2,"DM","M1","CV1"
"Brau-2014",0.519290215579808,6,2,"DM","M1","CV1"
"Brau-2015",0.580653946735932,6,2,"DM","M1","CV1"
"Brau-2016",0.62435025449526,6,2,"DM","M1","CV1"
"Aber-2015",0.666909214323211,6,2,"FW","M1","CV1"
"Aber-2016",0.506475037608852,6,2,"FW","M1","CV1"
"Brau-2014",0.484523348871213,6,2,"FW","M1","CV1"
"Brau-2015",0.539920323428227,6,2,"FW","M1","CV1"
"Brau-2016",0.539150221520847,6,2,"FW","M1","CV1"
"Aber-2015",0.353914290871098,6,2,"MC","M1","CV1"
"Aber-2016",0.449526149460166,6,2,"MC","M1","CV1"
"Brau-2014",0.693769160307614,6,2,"MC","M1","CV1"
"Brau-2015",0.54639343930207,6,2,"MC","M1","CV1"
"Brau-2016",0.324246907442363,6,2,"MC","M1","CV1"
"Aber-2015",0.718291819072963,6,2,"DM","M2","CV1"
"Aber-2016",0.5712441823967,6,2,"DM","M2","CV1"
"Brau-2014",0.502179157057365,6,2,"DM","M2","CV1"
"Brau-2015",0.611384160546401,6,2,"DM","M2","CV1"
"Brau-2016",0.637206294941285,6,2,"DM","M2","CV1"
"Aber-2015",0.660336143127889,6,2,"FW","M2","CV1"
"Aber-2016",0.543609017813064,6,2,"FW","M2","CV1"
"Brau-2014",0.484528804463079,6,2,"FW","M2","CV1"
"Brau-2015",0.588662541681771,6,2,"FW","M2","CV1"
"Brau-2016",0.564990915900011,6,2,"FW","M2","CV1"
"Aber-2015",0.407891786022427,6,2,"MC","M2","CV1"
"Aber-2016",0.477303096295692,6,2,"MC","M2","CV1"
"Brau-2014",0.68884087852046,6,2,"MC","M2","CV1"
"Brau-2015",0.587719485907672,6,2,"MC","M2","CV1"
"Brau-2016",0.352772317596267,6,2,"MC","M2","CV1"
"Aber-2015",0.734237844592238,6,2,"DM","M3","CV1"
"Aber-2016",0.559805478230646,6,2,"DM","M3","CV1"
"Brau-2014",0.699456558886672,6,2,"DM","M3","CV1"
"Brau-2015",0.694834416232583,6,2,"DM","M3","CV1"
"Brau-2016",0.551665391589054,6,2,"DM","M3","CV1"
"Aber-2015",0.65792965429112,6,2,"FW","M3","CV1"
"Aber-2016",0.507763383584362,6,2,"FW","M3","CV1"
"Brau-2014",0.725371288987568,6,2,"FW","M3","CV1"
"Brau-2015",0.684912145393182,6,2,"FW","M3","CV1"
"Brau-2016",0.457516270503431,6,2,"FW","M3","CV1"
"Aber-2015",0.399842603238837,6,2,"MC","M3","CV1"
"Aber-2016",0.513395677910041,6,2,"MC","M3","CV1"
"Brau-2014",0.707112039239751,6,2,"MC","M3","CV1"
"Brau-2015",0.575567116546918,6,2,"MC","M3","CV1"
"Brau-2016",0.111255965069401,6,2,"MC","M3","CV1"
"Aber-2015",0.770863054147311,6,2,"DM","M1","CV2"
"Aber-2016",0.673897513892809,6,2,"DM","M1","CV2"
"Brau-2014",0.441643366907176,6,2,"DM","M1","CV2"
"Brau-2015",0.577685975285253,6,2,"DM","M1","CV2"
"Brau-2016",0.488941078566194,6,2,"DM","M1","CV2"
"Aber-2015",0.774725321870289,6,2,"FW","M1","CV2"
"Aber-2016",0.705237833510994,6,2,"FW","M1","CV2"
"Brau-2014",0.451748462404938,6,2,"FW","M1","CV2"
"Brau-2015",0.632803183848431,6,2,"FW","M1","CV2"
"Brau-2016",0.40886262985023,6,2,"FW","M1","CV2"
"Aber-2015",0.709954658046459,6,2,"MC","M1","CV2"
"Aber-2016",0.517139111627644,6,2,"MC","M1","CV2"
"Brau-2014",0.47021795358225,6,2,"MC","M1","CV2"
"Brau-2015",0.847856022714864,6,2,"MC","M1","CV2"
"Brau-2016",0.499781617312272,6,2,"MC","M1","CV2"
"Aber-2015",0.748965050072246,6,2,"DM","M2","CV2"
"Aber-2016",0.695460304829076,6,2,"DM","M2","CV2"
"Brau-2014",0.449690651060062,6,2,"DM","M2","CV2"
"Brau-2015",0.604608155162069,6,2,"DM","M2","CV2"
"Brau-2016",0.483396153125938,6,2,"DM","M2","CV2"
"Aber-2015",0.753916528680178,6,2,"FW","M2","CV2"
"Aber-2016",0.733765833579454,6,2,"FW","M2","CV2"
"Brau-2014",0.456856719673608,6,2,"FW","M2","CV2"
"Brau-2015",0.659668567074426,6,2,"FW","M2","CV2"
"Brau-2016",0.412596469239465,6,2,"FW","M2","CV2"
"Aber-2015",0.738569755979492,6,2,"MC","M2","CV2"
"Aber-2016",0.555978297630038,6,2,"MC","M2","CV2"
"Brau-2014",0.487439312437448,6,2,"MC","M2","CV2"
"Brau-2015",0.866415355397141,6,2,"MC","M2","CV2"
"Brau-2016",0.514084719362711,6,2,"MC","M2","CV2"
"Aber-2015",0.775633152573967,6,2,"DM","M3","CV2"
"Aber-2016",0.736745916420032,6,2,"DM","M3","CV2"
"Brau-2014",0.618431872034499,6,2,"DM","M3","CV2"
"Brau-2015",0.61172818265968,6,2,"DM","M3","CV2"
"Brau-2016",0.458738192549456,6,2,"DM","M3","CV2"
"Aber-2015",0.770379372428052,6,2,"FW","M3","CV2"
"Aber-2016",0.753886388320456,6,2,"FW","M3","CV2"
"Brau-2014",0.688546439368275,6,2,"FW","M3","CV2"
"Brau-2015",0.659159732415947,6,2,"FW","M3","CV2"
"Brau-2016",0.423198505294493,6,2,"FW","M3","CV2"
"Aber-2015",0.774485477813797,6,2,"MC","M3","CV2"
"Aber-2016",0.587070504624672,6,2,"MC","M3","CV2"
"Brau-2014",0.489993733458296,6,2,"MC","M3","CV2"
"Brau-2015",0.856850402773416,6,2,"MC","M3","CV2"
"Brau-2016",0.46747867424635,6,2,"MC","M3","CV2"
"Aber-2015",0.717765987952571,7,2,"DM","M1","CV1"
"Aber-2016",0.561272669787508,7,2,"DM","M1","CV1"
"Brau-2014",0.670400612478446,7,2,"DM","M1","CV1"
"Brau-2015",0.385705040734908,7,2,"DM","M1","CV1"
"Brau-2016",0.324702410893398,7,2,"DM","M1","CV1"
"Aber-2015",0.647094399803944,7,2,"FW","M1","CV1"
"Aber-2016",0.548898555583778,7,2,"FW","M1","CV1"
"Brau-2014",0.638015635832078,7,2,"FW","M1","CV1"
"Brau-2015",0.345661037641927,7,2,"FW","M1","CV1"
"Brau-2016",0.295011056158607,7,2,"FW","M1","CV1"
"Aber-2015",0.562921423005464,7,2,"MC","M1","CV1"
"Aber-2016",0.523651018618104,7,2,"MC","M1","CV1"
"Brau-2014",0.563671297439633,7,2,"MC","M1","CV1"
"Brau-2015",0.492663102371702,7,2,"MC","M1","CV1"
"Brau-2016",0.310699102509185,7,2,"MC","M1","CV1"
"Aber-2015",0.722606559887518,7,2,"DM","M2","CV1"
"Aber-2016",0.600618078597775,7,2,"DM","M2","CV1"
"Brau-2014",0.695735438606376,7,2,"DM","M2","CV1"
"Brau-2015",0.430148596163037,7,2,"DM","M2","CV1"
"Brau-2016",0.366308728500388,7,2,"DM","M2","CV1"
"Aber-2015",0.672070060954493,7,2,"FW","M2","CV1"
"Aber-2016",0.607649010111085,7,2,"FW","M2","CV1"
"Brau-2014",0.645784364435353,7,2,"FW","M2","CV1"
"Brau-2015",0.399539567634592,7,2,"FW","M2","CV1"
"Brau-2016",0.363693011777542,7,2,"FW","M2","CV1"
"Aber-2015",0.629686683654426,7,2,"MC","M2","CV1"
"Aber-2016",0.545653359595142,7,2,"MC","M2","CV1"
"Brau-2014",0.497792161663962,7,2,"MC","M2","CV1"
"Brau-2015",0.558137698527654,7,2,"MC","M2","CV1"
"Brau-2016",0.398194897755095,7,2,"MC","M2","CV1"
"Aber-2015",0.785424684126669,7,2,"DM","M3","CV1"
"Aber-2016",0.683228824737455,7,2,"DM","M3","CV1"
"Brau-2014",0.743911836233436,7,2,"DM","M3","CV1"
"Brau-2015",0.466214981485879,7,2,"DM","M3","CV1"
"Brau-2016",0.515446895842012,7,2,"DM","M3","CV1"
"Aber-2015",0.738659665917917,7,2,"FW","M3","CV1"
"Aber-2016",0.700999900580478,7,2,"FW","M3","CV1"
"Brau-2014",0.745341510844225,7,2,"FW","M3","CV1"
"Brau-2015",0.432069157514549,7,2,"FW","M3","CV1"
"Brau-2016",0.577189938586555,7,2,"FW","M3","CV1"
"Aber-2015",0.610244974355551,7,2,"MC","M3","CV1"
"Aber-2016",0.550599039790885,7,2,"MC","M3","CV1"
"Brau-2014",0.577198313484174,7,2,"MC","M3","CV1"
"Brau-2015",0.590191253655512,7,2,"MC","M3","CV1"
"Brau-2016",0.390604821767625,7,2,"MC","M3","CV1"
"Aber-2015",0.848750293340949,7,2,"DM","M1","CV2"
"Aber-2016",0.679338449559347,7,2,"DM","M1","CV2"
"Brau-2014",0.647310566805054,7,2,"DM","M1","CV2"
"Brau-2015",0.911198683278587,7,2,"DM","M1","CV2"
"Brau-2016",0.811345326084378,7,2,"DM","M1","CV2"
"Aber-2015",0.827452807524686,7,2,"FW","M1","CV2"
"Aber-2016",0.676226836075029,7,2,"FW","M1","CV2"
"Brau-2014",0.58094456119737,7,2,"FW","M1","CV2"
"Brau-2015",0.924913412069089,7,2,"FW","M1","CV2"
"Brau-2016",0.816167807974915,7,2,"FW","M1","CV2"
"Aber-2015",0.643960954656683,7,2,"MC","M1","CV2"
"Aber-2016",0.733473840108062,7,2,"MC","M1","CV2"
"Brau-2014",0.498832495662778,7,2,"MC","M1","CV2"
"Brau-2015",0.57903349714414,7,2,"MC","M1","CV2"
"Brau-2016",0.398454632711817,7,2,"MC","M1","CV2"
"Aber-2015",0.856354672648986,7,2,"DM","M2","CV2"
"Aber-2016",0.689610075650953,7,2,"DM","M2","CV2"
"Brau-2014",0.646228016866024,7,2,"DM","M2","CV2"
"Brau-2015",0.915771918535064,7,2,"DM","M2","CV2"
"Brau-2016",0.819424032518029,7,2,"DM","M2","CV2"
"Aber-2015",0.831998776947097,7,2,"FW","M2","CV2"
"Aber-2016",0.686904375952158,7,2,"FW","M2","CV2"
"Brau-2014",0.584158465881434,7,2,"FW","M2","CV2"
"Brau-2015",0.929570407400875,7,2,"FW","M2","CV2"
"Brau-2016",0.826767334603719,7,2,"FW","M2","CV2"
"Aber-2015",0.647801746727692,7,2,"MC","M2","CV2"
"Aber-2016",0.728198963019614,7,2,"MC","M2","CV2"
"Brau-2014",0.501057632021796,7,2,"MC","M2","CV2"
"Brau-2015",0.577104450940284,7,2,"MC","M2","CV2"
"Brau-2016",0.414491003795642,7,2,"MC","M2","CV2"
"Aber-2015",0.851152917495897,7,2,"DM","M3","CV2"
"Aber-2016",0.716396565365104,7,2,"DM","M3","CV2"
"Brau-2014",0.747704478296143,7,2,"DM","M3","CV2"
"Brau-2015",0.923317838524031,7,2,"DM","M3","CV2"
"Brau-2016",0.837164390626985,7,2,"DM","M3","CV2"
"Aber-2015",0.800045311955786,7,2,"FW","M3","CV2"
"Aber-2016",0.712631656807684,7,2,"FW","M3","CV2"
"Brau-2014",0.713669361856593,7,2,"FW","M3","CV2"
"Brau-2015",0.942418552252417,7,2,"FW","M3","CV2"
"Brau-2016",0.850789779663821,7,2,"FW","M3","CV2"
"Aber-2015",0.678637915323068,7,2,"MC","M3","CV2"
"Aber-2016",0.69251944179364,7,2,"MC","M3","CV2"
"Brau-2014",0.509787591260934,7,2,"MC","M3","CV2"
"Brau-2015",0.618085219808508,7,2,"MC","M3","CV2"
"Brau-2016",0.485073328583622,7,2,"MC","M3","CV2"
"Aber-2015",0.759964225569366,8,2,"DM","M1","CV1"
"Aber-2016",0.619983247628119,8,2,"DM","M1","CV1"
"Brau-2014",0.521513575209675,8,2,"DM","M1","CV1"
"Brau-2015",0.550919095936888,8,2,"DM","M1","CV1"
"Brau-2016",0.609461345518185,8,2,"DM","M1","CV1"
"Aber-2015",0.68640141000741,8,2,"FW","M1","CV1"
"Aber-2016",0.599830556373577,8,2,"FW","M1","CV1"
"Brau-2014",0.429122638568797,8,2,"FW","M1","CV1"
"Brau-2015",0.48495595440255,8,2,"FW","M1","CV1"
"Brau-2016",0.502289374325637,8,2,"FW","M1","CV1"
"Aber-2015",0.548742622773547,8,2,"MC","M1","CV1"
"Aber-2016",0.512890247697004,8,2,"MC","M1","CV1"
"Brau-2014",0.587210520803186,8,2,"MC","M1","CV1"
"Brau-2015",0.444940052548747,8,2,"MC","M1","CV1"
"Brau-2016",0.166131442984255,8,2,"MC","M1","CV1"
"Aber-2015",0.753983959068517,8,2,"DM","M2","CV1"
"Aber-2016",0.643481576216346,8,2,"DM","M2","CV1"
"Brau-2014",0.534506405049289,8,2,"DM","M2","CV1"
"Brau-2015",0.56122153643636,8,2,"DM","M2","CV1"
"Brau-2016",0.677858535097997,8,2,"DM","M2","CV1"
"Aber-2015",0.686404843460212,8,2,"FW","M2","CV1"
"Aber-2016",0.622266539483654,8,2,"FW","M2","CV1"
"Brau-2014",0.452117219698515,8,2,"FW","M2","CV1"
"Brau-2015",0.501082082444639,8,2,"FW","M2","CV1"
"Brau-2016",0.564499720900331,8,2,"FW","M2","CV1"
"Aber-2015",0.47698142847205,8,2,"MC","M2","CV1"
"Aber-2016",0.504494329804568,8,2,"MC","M2","CV1"
"Brau-2014",0.654117412551887,8,2,"MC","M2","CV1"
"Brau-2015",0.432296713403566,8,2,"MC","M2","CV1"
"Brau-2016",0.121408335304819,8,2,"MC","M2","CV1"
"Aber-2015",0.732801839360739,8,2,"DM","M3","CV1"
"Aber-2016",0.711115181082264,8,2,"DM","M3","CV1"
"Brau-2014",0.700718023431419,8,2,"DM","M3","CV1"
"Brau-2015",0.664708374817365,8,2,"DM","M3","CV1"
"Brau-2016",0.478530576735452,8,2,"DM","M3","CV1"
"Aber-2015",0.688653924781864,8,2,"FW","M3","CV1"
"Aber-2016",0.696746885559164,8,2,"FW","M3","CV1"
"Brau-2014",0.727443198872035,8,2,"FW","M3","CV1"
"Brau-2015",0.595900385103774,8,2,"FW","M3","CV1"
"Brau-2016",0.38336548292186,8,2,"FW","M3","CV1"
"Aber-2015",0.534750098708459,8,2,"MC","M3","CV1"
"Aber-2016",0.54485916025943,8,2,"MC","M3","CV1"
"Brau-2014",0.622280881695393,8,2,"MC","M3","CV1"
"Brau-2015",0.579441157039826,8,2,"MC","M3","CV1"
"Brau-2016",0.254918693308588,8,2,"MC","M3","CV1"
"Aber-2015",0.887322103692255,8,2,"DM","M1","CV2"
"Aber-2016",0.796544553030384,8,2,"DM","M1","CV2"
"Brau-2014",0.467034460276471,8,2,"DM","M1","CV2"
"Brau-2015",0.554473178079883,8,2,"DM","M1","CV2"
"Brau-2016",0.706115723029652,8,2,"DM","M1","CV2"
"Aber-2015",0.90520616089748,8,2,"FW","M1","CV2"
"Aber-2016",0.802925997799829,8,2,"FW","M1","CV2"
"Brau-2014",0.414211361641482,8,2,"FW","M1","CV2"
"Brau-2015",0.540611430866345,8,2,"FW","M1","CV2"
"Brau-2016",0.49513052119593,8,2,"FW","M1","CV2"
"Aber-2015",0.760736805796797,8,2,"MC","M1","CV2"
"Aber-2016",0.805251755050476,8,2,"MC","M1","CV2"
"Brau-2014",0.549216377190378,8,2,"MC","M1","CV2"
"Brau-2015",0.673043917752108,8,2,"MC","M1","CV2"
"Brau-2016",0.351609036652548,8,2,"MC","M1","CV2"
"Aber-2015",0.892838345340651,8,2,"DM","M2","CV2"
"Aber-2016",0.799356049204177,8,2,"DM","M2","CV2"
"Brau-2014",0.461087906176168,8,2,"DM","M2","CV2"
"Brau-2015",0.558597490321528,8,2,"DM","M2","CV2"
"Brau-2016",0.700812373600556,8,2,"DM","M2","CV2"
"Aber-2015",0.903214706578761,8,2,"FW","M2","CV2"
"Aber-2016",0.80515145218621,8,2,"FW","M2","CV2"
"Brau-2014",0.412424970493318,8,2,"FW","M2","CV2"
"Brau-2015",0.542665758115417,8,2,"FW","M2","CV2"
"Brau-2016",0.486597235704453,8,2,"FW","M2","CV2"
"Aber-2015",0.762132550338105,8,2,"MC","M2","CV2"
"Aber-2016",0.807196456927226,8,2,"MC","M2","CV2"
"Brau-2014",0.544494340066864,8,2,"MC","M2","CV2"
"Brau-2015",0.684975453956039,8,2,"MC","M2","CV2"
"Brau-2016",0.35774012325794,8,2,"MC","M2","CV2"
"Aber-2015",0.920536887260133,8,2,"DM","M3","CV2"
"Aber-2016",0.765778303852188,8,2,"DM","M3","CV2"
"Brau-2014",0.564326468316968,8,2,"DM","M3","CV2"
"Brau-2015",0.572912112338878,8,2,"DM","M3","CV2"
"Brau-2016",0.676200693939186,8,2,"DM","M3","CV2"
"Aber-2015",0.896114265095845,8,2,"FW","M3","CV2"
"Aber-2016",0.767891603000283,8,2,"FW","M3","CV2"
"Brau-2014",0.556179957137221,8,2,"FW","M3","CV2"
"Brau-2015",0.563043413673824,8,2,"FW","M3","CV2"
"Brau-2016",0.464087027453716,8,2,"FW","M3","CV2"
"Aber-2015",0.72364533606534,8,2,"MC","M3","CV2"
"Aber-2016",0.82304978404743,8,2,"MC","M3","CV2"
"Brau-2014",0.563121650864698,8,2,"MC","M3","CV2"
"Brau-2015",0.70232054675444,8,2,"MC","M3","CV2"
"Brau-2016",0.475560921989458,8,2,"MC","M3","CV2"
"Aber-2015",0.401789195679384,9,2,"DM","M1","CV1"
"Aber-2016",0.369483564385804,9,2,"DM","M1","CV1"
"Brau-2014",0.36282820433105,9,2,"DM","M1","CV1"
"Brau-2015",0.555111694756337,9,2,"DM","M1","CV1"
"Brau-2016",0.286199137676547,9,2,"DM","M1","CV1"
"Aber-2015",0.400440709997517,9,2,"FW","M1","CV1"
"Aber-2016",0.365657891341127,9,2,"FW","M1","CV1"
"Brau-2014",0.348323311287332,9,2,"FW","M1","CV1"
"Brau-2015",0.55709714106034,9,2,"FW","M1","CV1"
"Brau-2016",0.303105536315029,9,2,"FW","M1","CV1"
"Aber-2015",0.472842150404345,9,2,"MC","M1","CV1"
"Aber-2016",0.580853816523518,9,2,"MC","M1","CV1"
"Brau-2014",0.564984700915317,9,2,"MC","M1","CV1"
"Brau-2015",0.487872508181856,9,2,"MC","M1","CV1"
"Brau-2016",0.087962971917924,9,2,"MC","M1","CV1"
"Aber-2015",0.421183444531355,9,2,"DM","M2","CV1"
"Aber-2016",0.434654014217449,9,2,"DM","M2","CV1"
"Brau-2014",0.400803075095341,9,2,"DM","M2","CV1"
"Brau-2015",0.63284970816418,9,2,"DM","M2","CV1"
"Brau-2016",0.405924198682322,9,2,"DM","M2","CV1"
"Aber-2015",0.427424320467499,9,2,"FW","M2","CV1"
"Aber-2016",0.433126019200893,9,2,"FW","M2","CV1"
"Brau-2014",0.392487095747784,9,2,"FW","M2","CV1"
"Brau-2015",0.642507035902164,9,2,"FW","M2","CV1"
"Brau-2016",0.449290025997628,9,2,"FW","M2","CV1"
"Aber-2015",0.467873430217624,9,2,"MC","M2","CV1"
"Aber-2016",0.57499210171034,9,2,"MC","M2","CV1"
"Brau-2014",0.549924337300432,9,2,"MC","M2","CV1"
"Brau-2015",0.523246418819775,9,2,"MC","M2","CV1"
"Brau-2016",-0.0366469297071419,9,2,"MC","M2","CV1"
"Aber-2015",0.46991107466113,9,2,"DM","M3","CV1"
"Aber-2016",0.454317278349376,9,2,"DM","M3","CV1"
"Brau-2014",0.446594851521084,9,2,"DM","M3","CV1"
"Brau-2015",0.595485431318203,9,2,"DM","M3","CV1"
"Brau-2016",0.382478657030561,9,2,"DM","M3","CV1"
"Aber-2015",0.494787074414469,9,2,"FW","M3","CV1"
"Aber-2016",0.466318417208472,9,2,"FW","M3","CV1"
"Brau-2014",0.48203475092237,9,2,"FW","M3","CV1"
"Brau-2015",0.621397615730471,9,2,"FW","M3","CV1"
"Brau-2016",0.445828188137571,9,2,"FW","M3","CV1"
"Aber-2015",0.527009880740788,9,2,"MC","M3","CV1"
"Aber-2016",0.597156910466657,9,2,"MC","M3","CV1"
"Brau-2014",0.587673834291204,9,2,"MC","M3","CV1"
"Brau-2015",0.610883676441769,9,2,"MC","M3","CV1"
"Brau-2016",-0.0518359341926201,9,2,"MC","M3","CV1"
"Aber-2015",0.771258145439926,9,2,"DM","M1","CV2"
"Aber-2016",0.727319025883485,9,2,"DM","M1","CV2"
"Brau-2014",0.535197859360942,9,2,"DM","M1","CV2"
"Brau-2015",0.675564117808131,9,2,"DM","M1","CV2"
"Brau-2016",0.360116670206977,9,2,"DM","M1","CV2"
"Aber-2015",0.686895843433465,9,2,"FW","M1","CV2"
"Aber-2016",0.689047260908736,9,2,"FW","M1","CV2"
"Brau-2014",0.475657864857782,9,2,"FW","M1","CV2"
"Brau-2015",0.733883992069362,9,2,"FW","M1","CV2"
"Brau-2016",0.178415332641696,9,2,"FW","M1","CV2"
"Aber-2015",0.780300676892716,9,2,"MC","M1","CV2"
"Aber-2016",0.901908120036257,9,2,"MC","M1","CV2"
"Brau-2014",0.443677052449162,9,2,"MC","M1","CV2"
"Brau-2015",0.74174539183722,9,2,"MC","M1","CV2"
"Brau-2016",0.212939797980278,9,2,"MC","M1","CV2"
"Aber-2015",0.772422082706339,9,2,"DM","M2","CV2"
"Aber-2016",0.726661595119833,9,2,"DM","M2","CV2"
"Brau-2014",0.529384365020555,9,2,"DM","M2","CV2"
"Brau-2015",0.681664714278041,9,2,"DM","M2","CV2"
"Brau-2016",0.385083518832618,9,2,"DM","M2","CV2"
"Aber-2015",0.695024617447914,9,2,"FW","M2","CV2"
"Aber-2016",0.693665183465309,9,2,"FW","M2","CV2"
"Brau-2014",0.467023748287769,9,2,"FW","M2","CV2"
"Brau-2015",0.741074205304603,9,2,"FW","M2","CV2"
"Brau-2016",0.207303498978763,9,2,"FW","M2","CV2"
"Aber-2015",0.767455765988383,9,2,"MC","M2","CV2"
"Aber-2016",0.909885748034327,9,2,"MC","M2","CV2"
"Brau-2014",0.429830967500913,9,2,"MC","M2","CV2"
"Brau-2015",0.736964971986774,9,2,"MC","M2","CV2"
"Brau-2016",0.218215262409479,9,2,"MC","M2","CV2"
"Aber-2015",0.790293266709906,9,2,"DM","M3","CV2"
"Aber-2016",0.687637221317362,9,2,"DM","M3","CV2"
"Brau-2014",0.636630133314207,9,2,"DM","M3","CV2"
"Brau-2015",0.691190518674498,9,2,"DM","M3","CV2"
"Brau-2016",0.297715176955797,9,2,"DM","M3","CV2"
"Aber-2015",0.726835790491517,9,2,"FW","M3","CV2"
"Aber-2016",0.685421651599067,9,2,"FW","M3","CV2"
"Brau-2014",0.601741657138126,9,2,"FW","M3","CV2"
"Brau-2015",0.739324060383762,9,2,"FW","M3","CV2"
"Brau-2016",0.234903843602141,9,2,"FW","M3","CV2"
"Aber-2015",0.785637312156085,9,2,"MC","M3","CV2"
"Aber-2016",0.896884254390281,9,2,"MC","M3","CV2"
"Brau-2014",0.497001069388585,9,2,"MC","M3","CV2"
"Brau-2015",0.715515674060136,9,2,"MC","M3","CV2"
"Brau-2016",0.207116604931109,9,2,"MC","M3","CV2"
"Aber-2015",0.618723095624925,10,2,"DM","M1","CV1"
"Aber-2016",0.549066594255752,10,2,"DM","M1","CV1"
"Brau-2014",0.650001882893666,10,2,"DM","M1","CV1"
"Brau-2015",0.50396209444896,10,2,"DM","M1","CV1"
"Brau-2016",0.260617542451856,10,2,"DM","M1","CV1"
"Aber-2015",0.562381426530411,10,2,"FW","M1","CV1"
"Aber-2016",0.508291191104576,10,2,"FW","M1","CV1"
"Brau-2014",0.609263010366528,10,2,"FW","M1","CV1"
"Brau-2015",0.488054870558594,10,2,"FW","M1","CV1"
"Brau-2016",0.209924167335561,10,2,"FW","M1","CV1"
"Aber-2015",0.445329339390621,10,2,"MC","M1","CV1"
"Aber-2016",0.457147162171609,10,2,"MC","M1","CV1"
"Brau-2014",0.408399284376499,10,2,"MC","M1","CV1"
"Brau-2015",0.3214899211463,10,2,"MC","M1","CV1"
"Brau-2016",0.119150859766441,10,2,"MC","M1","CV1"
"Aber-2015",0.640003869665042,10,2,"DM","M2","CV1"
"Aber-2016",0.58459846649159,10,2,"DM","M2","CV1"
"Brau-2014",0.665391462571202,10,2,"DM","M2","CV1"
"Brau-2015",0.545880380453485,10,2,"DM","M2","CV1"
"Brau-2016",0.339670750026938,10,2,"DM","M2","CV1"
"Aber-2015",0.582325905321372,10,2,"FW","M2","CV1"
"Aber-2016",0.544524176456046,10,2,"FW","M2","CV1"
"Brau-2014",0.625354998149196,10,2,"FW","M2","CV1"
"Brau-2015",0.540748189872492,10,2,"FW","M2","CV1"
"Brau-2016",0.315753398651972,10,2,"FW","M2","CV1"
"Aber-2015",0.502744962540187,10,2,"MC","M2","CV1"
"Aber-2016",0.443343146259687,10,2,"MC","M2","CV1"
"Brau-2014",0.441513185658396,10,2,"MC","M2","CV1"
"Brau-2015",0.371725264100189,10,2,"MC","M2","CV1"
"Brau-2016",0.117682189500812,10,2,"MC","M2","CV1"
"Aber-2015",0.63157687734964,10,2,"DM","M3","CV1"
"Aber-2016",0.594215735004467,10,2,"DM","M3","CV1"
"Brau-2014",0.702339709670479,10,2,"DM","M3","CV1"
"Brau-2015",0.539083281306508,10,2,"DM","M3","CV1"
"Brau-2016",0.321856890558634,10,2,"DM","M3","CV1"
"Aber-2015",0.584744131929198,10,2,"FW","M3","CV1"
"Aber-2016",0.557405388606798,10,2,"FW","M3","CV1"
"Brau-2014",0.701674439296833,10,2,"FW","M3","CV1"
"Brau-2015",0.541450671906115,10,2,"FW","M3","CV1"
"Brau-2016",0.300933345769495,10,2,"FW","M3","CV1"
"Aber-2015",0.553984808604174,10,2,"MC","M3","CV1"
"Aber-2016",0.412384039982703,10,2,"MC","M3","CV1"
"Brau-2014",0.533324364236765,10,2,"MC","M3","CV1"
"Brau-2015",0.435960704754555,10,2,"MC","M3","CV1"
"Brau-2016",-0.0779725233764658,10,2,"MC","M3","CV1"
"Aber-2015",0.607236904125487,10,2,"DM","M1","CV2"
"Aber-2016",0.875967882476727,10,2,"DM","M1","CV2"
"Brau-2014",0.701591034557851,10,2,"DM","M1","CV2"
"Brau-2015",0.770200530081675,10,2,"DM","M1","CV2"
"Brau-2016",0.581589573490428,10,2,"DM","M1","CV2"
"Aber-2015",0.647054025162642,10,2,"FW","M1","CV2"
"Aber-2016",0.854032029626864,10,2,"FW","M1","CV2"
"Brau-2014",0.582661704946192,10,2,"FW","M1","CV2"
"Brau-2015",0.781539426203894,10,2,"FW","M1","CV2"
"Brau-2016",0.418628165687793,10,2,"FW","M1","CV2"
"Aber-2015",0.606750955232458,10,2,"MC","M1","CV2"
"Aber-2016",0.703163828403116,10,2,"MC","M1","CV2"
"Brau-2014",0.551000800404694,10,2,"MC","M1","CV2"
"Brau-2015",0.840248810494121,10,2,"MC","M1","CV2"
"Brau-2016",0.296586739759072,10,2,"MC","M1","CV2"
"Aber-2015",0.632636276729953,10,2,"DM","M2","CV2"
"Aber-2016",0.881426490637592,10,2,"DM","M2","CV2"
"Brau-2014",0.7078032694593,10,2,"DM","M2","CV2"
"Brau-2015",0.750417412192873,10,2,"DM","M2","CV2"
"Brau-2016",0.554405922605657,10,2,"DM","M2","CV2"
"Aber-2015",0.673563912678944,10,2,"FW","M2","CV2"
"Aber-2016",0.859142465508402,10,2,"FW","M2","CV2"
"Brau-2014",0.592295059651284,10,2,"FW","M2","CV2"
"Brau-2015",0.762036697923921,10,2,"FW","M2","CV2"
"Brau-2016",0.396021521918813,10,2,"FW","M2","CV2"
"Aber-2015",0.624683161790993,10,2,"MC","M2","CV2"
"Aber-2016",0.71308924657386,10,2,"MC","M2","CV2"
"Brau-2014",0.546976659081461,10,2,"MC","M2","CV2"
"Brau-2015",0.847938981390445,10,2,"MC","M2","CV2"
"Brau-2016",0.308015192539614,10,2,"MC","M2","CV2"
"Aber-2015",0.703612405171651,10,2,"DM","M3","CV2"
"Aber-2016",0.881039554554637,10,2,"DM","M3","CV2"
"Brau-2014",0.742928073407878,10,2,"DM","M3","CV2"
"Brau-2015",0.731022265636227,10,2,"DM","M3","CV2"
"Brau-2016",0.462280339066522,10,2,"DM","M3","CV2"
"Aber-2015",0.711262099892662,10,2,"FW","M3","CV2"
"Aber-2016",0.851629906692315,10,2,"FW","M3","CV2"
"Brau-2014",0.623578547321863,10,2,"FW","M3","CV2"
"Brau-2015",0.736562066636699,10,2,"FW","M3","CV2"
"Brau-2016",0.302702361219754,10,2,"FW","M3","CV2"
"Aber-2015",0.614102274789027,10,2,"MC","M3","CV2"
"Aber-2016",0.721083161132565,10,2,"MC","M3","CV2"
"Brau-2014",0.574133175092345,10,2,"MC","M3","CV2"
"Brau-2015",0.879318240946652,10,2,"MC","M3","CV2"
"Brau-2016",0.490411428854772,10,2,"MC","M3","CV2"
"Aber-2015",0.333410950241526,1,3,"DM","M1","CV1"
"Aber-2016",-0.0218103593784632,1,3,"DM","M1","CV1"
"Brau-2014",-0.248342020573872,1,3,"DM","M1","CV1"
"Brau-2015",0.252147390867461,1,3,"DM","M1","CV1"
"Brau-2016",-0.142592084351202,1,3,"DM","M1","CV1"
"Aber-2015",0.385372344384781,1,3,"FW","M1","CV1"
"Aber-2016",0.104756148208075,1,3,"FW","M1","CV1"
"Brau-2014",-0.177917019708811,1,3,"FW","M1","CV1"
"Brau-2015",0.32548402362212,1,3,"FW","M1","CV1"
"Brau-2016",-0.0074476125494095,1,3,"FW","M1","CV1"
"Aber-2015",0.44838890048586,1,3,"MC","M1","CV1"
"Aber-2016",0.430684879547618,1,3,"MC","M1","CV1"
"Brau-2014",0.470675191475917,1,3,"MC","M1","CV1"
"Brau-2015",0.350054106457955,1,3,"MC","M1","CV1"
"Brau-2016",0.332002871867598,1,3,"MC","M1","CV1"
"Aber-2015",0.298833781855503,1,3,"DM","M2","CV1"
"Aber-2016",0.193015205607873,1,3,"DM","M2","CV1"
"Brau-2014",-0.0758951750458593,1,3,"DM","M2","CV1"
"Brau-2015",0.363103449804857,1,3,"DM","M2","CV1"
"Brau-2016",0.330123351325017,1,3,"DM","M2","CV1"
"Aber-2015",0.38208601286949,1,3,"FW","M2","CV1"
"Aber-2016",0.227686085295771,1,3,"FW","M2","CV1"
"Brau-2014",-0.0868847487442662,1,3,"FW","M2","CV1"
"Brau-2015",0.392059409539267,1,3,"FW","M2","CV1"
"Brau-2016",0.22154344043682,1,3,"FW","M2","CV1"
"Aber-2015",0.476099629123567,1,3,"MC","M2","CV1"
"Aber-2016",0.487879284086887,1,3,"MC","M2","CV1"
"Brau-2014",0.524246350433407,1,3,"MC","M2","CV1"
"Brau-2015",0.452071326455372,1,3,"MC","M2","CV1"
"Brau-2016",0.232670480008042,1,3,"MC","M2","CV1"
"Aber-2015",0.308115148290478,1,3,"DM","M3","CV1"
"Aber-2016",0.0839456138129058,1,3,"DM","M3","CV1"
"Brau-2014",0.267761892528081,1,3,"DM","M3","CV1"
"Brau-2015",0.171087727373367,1,3,"DM","M3","CV1"
"Brau-2016",0.515894513080241,1,3,"DM","M3","CV1"
"Aber-2015",0.383326030522322,1,3,"FW","M3","CV1"
"Aber-2016",0.202443730189416,1,3,"FW","M3","CV1"
"Brau-2014",0.119225833210956,1,3,"FW","M3","CV1"
"Brau-2015",0.316520468357193,1,3,"FW","M3","CV1"
"Brau-2016",0.326823647357738,1,3,"FW","M3","CV1"
"Aber-2015",0.516972488924331,1,3,"MC","M3","CV1"
"Aber-2016",0.523040299642352,1,3,"MC","M3","CV1"
"Brau-2014",0.43418519929736,1,3,"MC","M3","CV1"
"Brau-2015",0.466618273513793,1,3,"MC","M3","CV1"
"Brau-2016",0.178744640496498,1,3,"MC","M3","CV1"
"Aber-2015",0.676162770881655,1,3,"DM","M1","CV2"
"Aber-2016",0.835370218776261,1,3,"DM","M1","CV2"
"Brau-2014",0.520578438569213,1,3,"DM","M1","CV2"
"Brau-2015",0.629227185285121,1,3,"DM","M1","CV2"
"Brau-2016",0.139652800102436,1,3,"DM","M1","CV2"
"Aber-2015",0.654624353970228,1,3,"FW","M1","CV2"
"Aber-2016",0.764603663062027,1,3,"FW","M1","CV2"
"Brau-2014",0.42500946860762,1,3,"FW","M1","CV2"
"Brau-2015",0.638861437130357,1,3,"FW","M1","CV2"
"Brau-2016",0.0424365706466958,1,3,"FW","M1","CV2"
"Aber-2015",0.752410462381692,1,3,"MC","M1","CV2"
"Aber-2016",0.86068833498813,1,3,"MC","M1","CV2"
"Brau-2014",0.657541646842837,1,3,"MC","M1","CV2"
"Brau-2015",0.712420988516928,1,3,"MC","M1","CV2"
"Brau-2016",0.532827677549999,1,3,"MC","M1","CV2"
"Aber-2015",0.717004318756731,1,3,"DM","M2","CV2"
"Aber-2016",0.837241104101825,1,3,"DM","M2","CV2"
"Brau-2014",0.513739372714148,1,3,"DM","M2","CV2"
"Brau-2015",0.605758137323151,1,3,"DM","M2","CV2"
"Brau-2016",0.137358052243613,1,3,"DM","M2","CV2"
"Aber-2015",0.696805181493462,1,3,"FW","M2","CV2"
"Aber-2016",0.772946264327572,1,3,"FW","M2","CV2"
"Brau-2014",0.40717919902782,1,3,"FW","M2","CV2"
"Brau-2015",0.62398824513066,1,3,"FW","M2","CV2"
"Brau-2016",0.0432443234516769,1,3,"FW","M2","CV2"
"Aber-2015",0.752436722626054,1,3,"MC","M2","CV2"
"Aber-2016",0.861646702800277,1,3,"MC","M2","CV2"
"Brau-2014",0.645552644004216,1,3,"MC","M2","CV2"
"Brau-2015",0.721339070279348,1,3,"MC","M2","CV2"
"Brau-2016",0.544887167423806,1,3,"MC","M2","CV2"
"Aber-2015",0.717449840698097,1,3,"DM","M3","CV2"
"Aber-2016",0.82542162972099,1,3,"DM","M3","CV2"
"Brau-2014",0.672424274460737,1,3,"DM","M3","CV2"
"Brau-2015",0.647032886860574,1,3,"DM","M3","CV2"
"Brau-2016",0.143889028706668,1,3,"DM","M3","CV2"
"Aber-2015",0.709195735848201,1,3,"FW","M3","CV2"
"Aber-2016",0.758002298349958,1,3,"FW","M3","CV2"
"Brau-2014",0.601513247987749,1,3,"FW","M3","CV2"
"Brau-2015",0.638787896872426,1,3,"FW","M3","CV2"
"Brau-2016",0.0692666510063903,1,3,"FW","M3","CV2"
"Aber-2015",0.76700920149342,1,3,"MC","M3","CV2"
"Aber-2016",0.878359755800343,1,3,"MC","M3","CV2"
"Brau-2014",0.606654492628846,1,3,"MC","M3","CV2"
"Brau-2015",0.789325357757861,1,3,"MC","M3","CV2"
"Brau-2016",0.543745165234174,1,3,"MC","M3","CV2"
"Aber-2015",0.558360608809796,2,3,"DM","M1","CV1"
"Aber-2016",0.389971950674812,2,3,"DM","M1","CV1"
"Brau-2014",0.566045013142163,2,3,"DM","M1","CV1"
"Brau-2015",0.595720624306795,2,3,"DM","M1","CV1"
"Brau-2016",0.529636509678742,2,3,"DM","M1","CV1"
"Aber-2015",0.6097495318626,2,3,"FW","M1","CV1"
"Aber-2016",0.404423693008409,2,3,"FW","M1","CV1"
"Brau-2014",0.530251888358198,2,3,"FW","M1","CV1"
"Brau-2015",0.631448654873389,2,3,"FW","M1","CV1"
"Brau-2016",0.508225477170948,2,3,"FW","M1","CV1"
"Aber-2015",0.170458149017122,2,3,"MC","M1","CV1"
"Aber-2016",0.149898917331239,2,3,"MC","M1","CV1"
"Brau-2014",0.6026853572428,2,3,"MC","M1","CV1"
"Brau-2015",0.317145358251543,2,3,"MC","M1","CV1"
"Brau-2016",0.0721717980204194,2,3,"MC","M1","CV1"
"Aber-2015",0.647347137431636,2,3,"DM","M2","CV1"
"Aber-2016",0.477748480541727,2,3,"DM","M2","CV1"
"Brau-2014",0.593664968222497,2,3,"DM","M2","CV1"
"Brau-2015",0.648797795825309,2,3,"DM","M2","CV1"
"Brau-2016",0.590672490684617,2,3,"DM","M2","CV1"
"Aber-2015",0.692049705276147,2,3,"FW","M2","CV1"
"Aber-2016",0.492085000470124,2,3,"FW","M2","CV1"
"Brau-2014",0.559242299858015,2,3,"FW","M2","CV1"
"Brau-2015",0.687142069763732,2,3,"FW","M2","CV1"
"Brau-2016",0.572410558653803,2,3,"FW","M2","CV1"
"Aber-2015",0.235409188535634,2,3,"MC","M2","CV1"
"Aber-2016",0.217063210334161,2,3,"MC","M2","CV1"
"Brau-2014",0.584128005362886,2,3,"MC","M2","CV1"
"Brau-2015",0.424190781422055,2,3,"MC","M2","CV1"
"Brau-2016",0.0892174283980367,2,3,"MC","M2","CV1"
"Aber-2015",0.613675993285595,2,3,"DM","M3","CV1"
"Aber-2016",0.50793878189171,2,3,"DM","M3","CV1"
"Brau-2014",0.579222829791285,2,3,"DM","M3","CV1"
"Brau-2015",0.588360834029048,2,3,"DM","M3","CV1"
"Brau-2016",0.466889780547653,2,3,"DM","M3","CV1"
"Aber-2015",0.61563023934662,2,3,"FW","M3","CV1"
"Aber-2016",0.489826456170182,2,3,"FW","M3","CV1"
"Brau-2014",0.556411923967329,2,3,"FW","M3","CV1"
"Brau-2015",0.671416342770834,2,3,"FW","M3","CV1"
"Brau-2016",0.562601475363796,2,3,"FW","M3","CV1"
"Aber-2015",0.253833795832317,2,3,"MC","M3","CV1"
"Aber-2016",0.22059879458241,2,3,"MC","M3","CV1"
"Brau-2014",0.556905726004175,2,3,"MC","M3","CV1"
"Brau-2015",0.44811391962296,2,3,"MC","M3","CV1"
"Brau-2016",0.361556222205024,2,3,"MC","M3","CV1"
"Aber-2015",0.733720105934032,2,3,"DM","M1","CV2"
"Aber-2016",0.766042938911051,2,3,"DM","M1","CV2"
"Brau-2014",0.758484594582426,2,3,"DM","M1","CV2"
"Brau-2015",0.779071913656675,2,3,"DM","M1","CV2"
"Brau-2016",0.839838379296232,2,3,"DM","M1","CV2"
"Aber-2015",0.753618870637386,2,3,"FW","M1","CV2"
"Aber-2016",0.803017964357997,2,3,"FW","M1","CV2"
"Brau-2014",0.732969239442251,2,3,"FW","M1","CV2"
"Brau-2015",0.725210735459591,2,3,"FW","M1","CV2"
"Brau-2016",0.722620258747905,2,3,"FW","M1","CV2"
"Aber-2015",0.608775927558895,2,3,"MC","M1","CV2"
"Aber-2016",0.890674669040194,2,3,"MC","M1","CV2"
"Brau-2014",0.585095715221759,2,3,"MC","M1","CV2"
"Brau-2015",0.922424873339362,2,3,"MC","M1","CV2"
"Brau-2016",0.638805354157788,2,3,"MC","M1","CV2"
"Aber-2015",0.71532029410844,2,3,"DM","M2","CV2"
"Aber-2016",0.742440699113479,2,3,"DM","M2","CV2"
"Brau-2014",0.765509328679055,2,3,"DM","M2","CV2"
"Brau-2015",0.770924778451394,2,3,"DM","M2","CV2"
"Brau-2016",0.850787936382205,2,3,"DM","M2","CV2"
"Aber-2015",0.735308822162999,2,3,"FW","M2","CV2"
"Aber-2016",0.78944627806667,2,3,"FW","M2","CV2"
"Brau-2014",0.743503536152482,2,3,"FW","M2","CV2"
"Brau-2015",0.718391289593914,2,3,"FW","M2","CV2"
"Brau-2016",0.731740643874806,2,3,"FW","M2","CV2"
"Aber-2015",0.607996498248897,2,3,"MC","M2","CV2"
"Aber-2016",0.901848551629423,2,3,"MC","M2","CV2"
"Brau-2014",0.574993144207632,2,3,"MC","M2","CV2"
"Brau-2015",0.928333948438058,2,3,"MC","M2","CV2"
"Brau-2016",0.623960842729991,2,3,"MC","M2","CV2"
"Aber-2015",0.806998815171842,2,3,"DM","M3","CV2"
"Aber-2016",0.740935836847687,2,3,"DM","M3","CV2"
"Brau-2014",0.820660428354111,2,3,"DM","M3","CV2"
"Brau-2015",0.795353250872225,2,3,"DM","M3","CV2"
"Brau-2016",0.881863446064712,2,3,"DM","M3","CV2"
"Aber-2015",0.808874331359862,2,3,"FW","M3","CV2"
"Aber-2016",0.78255280637542,2,3,"FW","M3","CV2"
"Brau-2014",0.800254942239661,2,3,"FW","M3","CV2"
"Brau-2015",0.743530118628424,2,3,"FW","M3","CV2"
"Brau-2016",0.794040929762473,2,3,"FW","M3","CV2"
"Aber-2015",0.666027251928401,2,3,"MC","M3","CV2"
"Aber-2016",0.899175101217495,2,3,"MC","M3","CV2"
"Brau-2014",0.638690406261935,2,3,"MC","M3","CV2"
"Brau-2015",0.939686343744272,2,3,"MC","M3","CV2"
"Brau-2016",0.59690768534743,2,3,"MC","M3","CV2"
"Aber-2015",0.439976405703529,3,3,"DM","M1","CV1"
"Aber-2016",0.0803517095548478,3,3,"DM","M1","CV1"
"Brau-2014",0.324833752461653,3,3,"DM","M1","CV1"
"Brau-2015",-0.13582241139055,3,3,"DM","M1","CV1"
"Brau-2016",-0.517010603966728,3,3,"DM","M1","CV1"
"Aber-2015",0.403051262228734,3,3,"FW","M1","CV1"
"Aber-2016",0.114704821280384,3,3,"FW","M1","CV1"
"Brau-2014",0.224472037616233,3,3,"FW","M1","CV1"
"Brau-2015",-0.04048966999897,3,3,"FW","M1","CV1"
"Brau-2016",-0.563409578398277,3,3,"FW","M1","CV1"
"Aber-2015",0.535423391138476,3,3,"MC","M1","CV1"
"Aber-2016",0.508688316332357,3,3,"MC","M1","CV1"
"Brau-2014",0.373237488864568,3,3,"MC","M1","CV1"
"Brau-2015",0.552349108541847,3,3,"MC","M1","CV1"
"Brau-2016",0.359412559038619,3,3,"MC","M1","CV1"
"Aber-2015",0.456684185990751,3,3,"DM","M2","CV1"
"Aber-2016",0.11181171986958,3,3,"DM","M2","CV1"
"Brau-2014",0.343992383790724,3,3,"DM","M2","CV1"
"Brau-2015",-0.105227788161258,3,3,"DM","M2","CV1"
"Brau-2016",-0.51568949795991,3,3,"DM","M2","CV1"
"Aber-2015",0.443009622508019,3,3,"FW","M2","CV1"
"Aber-2016",0.153525210518176,3,3,"FW","M2","CV1"
"Brau-2014",0.232653274302749,3,3,"FW","M2","CV1"
"Brau-2015",-0.00534894598320604,3,3,"FW","M2","CV1"
"Brau-2016",-0.543507346696369,3,3,"FW","M2","CV1"
"Aber-2015",0.589730095144751,3,3,"MC","M2","CV1"
"Aber-2016",0.59144940358228,3,3,"MC","M2","CV1"
"Brau-2014",0.402011702164678,3,3,"MC","M2","CV1"
"Brau-2015",0.60786061776259,3,3,"MC","M2","CV1"
"Brau-2016",0.384239396709822,3,3,"MC","M2","CV1"
"Aber-2015",0.620661678870259,3,3,"DM","M3","CV1"
"Aber-2016",0.265186216478821,3,3,"DM","M3","CV1"
"Brau-2014",0.549786687714978,3,3,"DM","M3","CV1"
"Brau-2015",-0.0600712027889072,3,3,"DM","M3","CV1"
"Brau-2016",-0.482685894948336,3,3,"DM","M3","CV1"
"Aber-2015",0.595947760855661,3,3,"FW","M3","CV1"
"Aber-2016",0.330177389509887,3,3,"FW","M3","CV1"
"Brau-2014",0.545425336154245,3,3,"FW","M3","CV1"
"Brau-2015",0.0356667687145308,3,3,"FW","M3","CV1"
"Brau-2016",-0.541983706607376,3,3,"FW","M3","CV1"
"Aber-2015",0.597659998157258,3,3,"MC","M3","CV1"
"Aber-2016",0.605634467746699,3,3,"MC","M3","CV1"
"Brau-2014",0.392088807444958,3,3,"MC","M3","CV1"
"Brau-2015",0.687742227386866,3,3,"MC","M3","CV1"
"Brau-2016",0.135993996333219,3,3,"MC","M3","CV1"
"Aber-2015",0.71664087174687,3,3,"DM","M1","CV2"
"Aber-2016",0.793947883951497,3,3,"DM","M1","CV2"
"Brau-2014",0.667185274640384,3,3,"DM","M1","CV2"
"Brau-2015",0.62861624170477,3,3,"DM","M1","CV2"
"Brau-2016",0.735149955088784,3,3,"DM","M1","CV2"
"Aber-2015",0.748348182409653,3,3,"FW","M1","CV2"
"Aber-2016",0.79716117868681,3,3,"FW","M1","CV2"
"Brau-2014",0.643038334353323,3,3,"FW","M1","CV2"
"Brau-2015",0.586557720124765,3,3,"FW","M1","CV2"
"Brau-2016",0.658727819257761,3,3,"FW","M1","CV2"
"Aber-2015",0.838878448901061,3,3,"MC","M1","CV2"
"Aber-2016",0.78687098535503,3,3,"MC","M1","CV2"
"Brau-2014",0.470508915200949,3,3,"MC","M1","CV2"
"Brau-2015",0.749016897244309,3,3,"MC","M1","CV2"
"Brau-2016",0.19346906638083,3,3,"MC","M1","CV2"
"Aber-2015",0.692845408753729,3,3,"DM","M2","CV2"
"Aber-2016",0.801125215766969,3,3,"DM","M2","CV2"
"Brau-2014",0.678549086249502,3,3,"DM","M2","CV2"
"Brau-2015",0.654854825562135,3,3,"DM","M2","CV2"
"Brau-2016",0.742723659256293,3,3,"DM","M2","CV2"
"Aber-2015",0.730419881313643,3,3,"FW","M2","CV2"
"Aber-2016",0.8056430147865,3,3,"FW","M2","CV2"
"Brau-2014",0.658656939188977,3,3,"FW","M2","CV2"
"Brau-2015",0.614021961072441,3,3,"FW","M2","CV2"
"Brau-2016",0.674297573676151,3,3,"FW","M2","CV2"
"Aber-2015",0.822838698302101,3,3,"MC","M2","CV2"
"Aber-2016",0.774468603737937,3,3,"MC","M2","CV2"
"Brau-2014",0.457001261277235,3,3,"MC","M2","CV2"
"Brau-2015",0.765204859731559,3,3,"MC","M2","CV2"
"Brau-2016",0.206477608454155,3,3,"MC","M2","CV2"
"Aber-2015",0.822343541292613,3,3,"DM","M3","CV2"
"Aber-2016",0.84251097949833,3,3,"DM","M3","CV2"
"Brau-2014",0.775188084499774,3,3,"DM","M3","CV2"
"Brau-2015",0.633333648043343,3,3,"DM","M3","CV2"
"Brau-2016",0.778901489196888,3,3,"DM","M3","CV2"
"Aber-2015",0.845336427150057,3,3,"FW","M3","CV2"
"Aber-2016",0.838551668487886,3,3,"FW","M3","CV2"
"Brau-2014",0.786858823350541,3,3,"FW","M3","CV2"
"Brau-2015",0.561851869966691,3,3,"FW","M3","CV2"
"Brau-2016",0.731715316583847,3,3,"FW","M3","CV2"
"Aber-2015",0.813500421370368,3,3,"MC","M3","CV2"
"Aber-2016",0.772977522004198,3,3,"MC","M3","CV2"
"Brau-2014",0.409587152789969,3,3,"MC","M3","CV2"
"Brau-2015",0.790386835854581,3,3,"MC","M3","CV2"
"Brau-2016",0.277796909691847,3,3,"MC","M3","CV2"
"Aber-2015",0.82277975087586,4,3,"DM","M1","CV1"
"Aber-2016",0.613331236884813,4,3,"DM","M1","CV1"
"Brau-2014",0.856532152914794,4,3,"DM","M1","CV1"
"Brau-2015",0.669752631477553,4,3,"DM","M1","CV1"
"Brau-2016",0.582215820620348,4,3,"DM","M1","CV1"
"Aber-2015",0.74079278226769,4,3,"FW","M1","CV1"
"Aber-2016",0.557161963655539,4,3,"FW","M1","CV1"
"Brau-2014",0.719689151935909,4,3,"FW","M1","CV1"
"Brau-2015",0.61995958500888,4,3,"FW","M1","CV1"
"Brau-2016",0.473939889064209,4,3,"FW","M1","CV1"
"Aber-2015",0.451157978025018,4,3,"MC","M1","CV1"
"Aber-2016",0.6084869291981,4,3,"MC","M1","CV1"
"Brau-2014",0.410971019070658,4,3,"MC","M1","CV1"
"Brau-2015",0.524893123390162,4,3,"MC","M1","CV1"
"Brau-2016",0.190813018647107,4,3,"MC","M1","CV1"
"Aber-2015",0.860454640445067,4,3,"DM","M2","CV1"
"Aber-2016",0.697480637914135,4,3,"DM","M2","CV1"
"Brau-2014",0.874210240726646,4,3,"DM","M2","CV1"
"Brau-2015",0.7096090595858,4,3,"DM","M2","CV1"
"Brau-2016",0.591089104175752,4,3,"DM","M2","CV1"
"Aber-2015",0.796454243875162,4,3,"FW","M2","CV1"
"Aber-2016",0.651737808279135,4,3,"FW","M2","CV1"
"Brau-2014",0.773102800462136,4,3,"FW","M2","CV1"
"Brau-2015",0.671603137703133,4,3,"FW","M2","CV1"
"Brau-2016",0.530271882735333,4,3,"FW","M2","CV1"
"Aber-2015",0.54127611998825,4,3,"MC","M2","CV1"
"Aber-2016",0.717410674234335,4,3,"MC","M2","CV1"
"Brau-2014",0.438370237995969,4,3,"MC","M2","CV1"
"Brau-2015",0.591977562418943,4,3,"MC","M2","CV1"
"Brau-2016",0.303202975655935,4,3,"MC","M2","CV1"
"Aber-2015",0.752131419651457,4,3,"DM","M3","CV1"
"Aber-2016",0.641549038030551,4,3,"DM","M3","CV1"
"Brau-2014",0.843932425986647,4,3,"DM","M3","CV1"
"Brau-2015",0.755688726729395,4,3,"DM","M3","CV1"
"Brau-2016",0.473357810373865,4,3,"DM","M3","CV1"
"Aber-2015",0.688059613449933,4,3,"FW","M3","CV1"
"Aber-2016",0.598066586739963,4,3,"FW","M3","CV1"
"Brau-2014",0.856476533238536,4,3,"FW","M3","CV1"
"Brau-2015",0.684970336584058,4,3,"FW","M3","CV1"
"Brau-2016",0.380589184313504,4,3,"FW","M3","CV1"
"Aber-2015",0.540854535416775,4,3,"MC","M3","CV1"
"Aber-2016",0.681819174365023,4,3,"MC","M3","CV1"
"Brau-2014",0.43907909803615,4,3,"MC","M3","CV1"
"Brau-2015",0.558609098578093,4,3,"MC","M3","CV1"
"Brau-2016",0.157216621294627,4,3,"MC","M3","CV1"
"Aber-2015",0.816923967196971,4,3,"DM","M1","CV2"
"Aber-2016",0.58947181855858,4,3,"DM","M1","CV2"
"Brau-2014",0.531471802984314,4,3,"DM","M1","CV2"
"Brau-2015",0.774070179946806,4,3,"DM","M1","CV2"
"Brau-2016",0.796102846291643,4,3,"DM","M1","CV2"
"Aber-2015",0.780449801230983,4,3,"FW","M1","CV2"
"Aber-2016",0.612335896139797,4,3,"FW","M1","CV2"
"Brau-2014",0.547984894858807,4,3,"FW","M1","CV2"
"Brau-2015",0.794152929659527,4,3,"FW","M1","CV2"
"Brau-2016",0.714906014337349,4,3,"FW","M1","CV2"
"Aber-2015",0.751855859135667,4,3,"MC","M1","CV2"
"Aber-2016",0.702732866520477,4,3,"MC","M1","CV2"
"Brau-2014",0.461732332810893,4,3,"MC","M1","CV2"
"Brau-2015",0.66572678351111,4,3,"MC","M1","CV2"
"Brau-2016",0.351002928620235,4,3,"MC","M1","CV2"
"Aber-2015",0.819493793438304,4,3,"DM","M2","CV2"
"Aber-2016",0.596820851828142,4,3,"DM","M2","CV2"
"Brau-2014",0.526077336131001,4,3,"DM","M2","CV2"
"Brau-2015",0.778013937895445,4,3,"DM","M2","CV2"
"Brau-2016",0.801714664979585,4,3,"DM","M2","CV2"
"Aber-2015",0.784602731444687,4,3,"FW","M2","CV2"
"Aber-2016",0.610884631158616,4,3,"FW","M2","CV2"
"Brau-2014",0.54303157221321,4,3,"FW","M2","CV2"
"Brau-2015",0.79803068650601,4,3,"FW","M2","CV2"
"Brau-2016",0.724550990137432,4,3,"FW","M2","CV2"
"Aber-2015",0.746552791791959,4,3,"MC","M2","CV2"
"Aber-2016",0.700966053021874,4,3,"MC","M2","CV2"
"Brau-2014",0.46026627720181,4,3,"MC","M2","CV2"
"Brau-2015",0.675344092439097,4,3,"MC","M2","CV2"
"Brau-2016",0.349087031321952,4,3,"MC","M2","CV2"
"Aber-2015",0.905480792132096,4,3,"DM","M3","CV2"
"Aber-2016",0.45451211237711,4,3,"DM","M3","CV2"
"Brau-2014",0.592015871794904,4,3,"DM","M3","CV2"
"Brau-2015",0.812706354964053,4,3,"DM","M3","CV2"
"Brau-2016",0.805773605975519,4,3,"DM","M3","CV2"
"Aber-2015",0.869604675138226,4,3,"FW","M3","CV2"
"Aber-2016",0.449420661749579,4,3,"FW","M3","CV2"
"Brau-2014",0.639551365864799,4,3,"FW","M3","CV2"
"Brau-2015",0.856421764277851,4,3,"FW","M3","CV2"
"Brau-2016",0.738198055919892,4,3,"FW","M3","CV2"
"Aber-2015",0.721007749813422,4,3,"MC","M3","CV2"
"Aber-2016",0.690446339874763,4,3,"MC","M3","CV2"
"Brau-2014",0.406051358535751,4,3,"MC","M3","CV2"
"Brau-2015",0.66966777898956,4,3,"MC","M3","CV2"
"Brau-2016",0.432558373221141,4,3,"MC","M3","CV2"
"Aber-2015",0.591755558798082,5,3,"DM","M1","CV1"
"Aber-2016",0.604714483405486,5,3,"DM","M1","CV1"
"Brau-2014",0.482225513360304,5,3,"DM","M1","CV1"
"Brau-2015",0.460388065594567,5,3,"DM","M1","CV1"
"Brau-2016",0.452980490631729,5,3,"DM","M1","CV1"
"Aber-2015",0.503211189798711,5,3,"FW","M1","CV1"
"Aber-2016",0.534504427615184,5,3,"FW","M1","CV1"
"Brau-2014",0.444021109479716,5,3,"FW","M1","CV1"
"Brau-2015",0.414239255713669,5,3,"FW","M1","CV1"
"Brau-2016",0.355558754777057,5,3,"FW","M1","CV1"
"Aber-2015",0.269234909417561,5,3,"MC","M1","CV1"
"Aber-2016",0.278528008097073,5,3,"MC","M1","CV1"
"Brau-2014",0.404075840661947,5,3,"MC","M1","CV1"
"Brau-2015",0.229075586951328,5,3,"MC","M1","CV1"
"Brau-2016",-0.0327865888827167,5,3,"MC","M1","CV1"
"Aber-2015",0.639598869057605,5,3,"DM","M2","CV1"
"Aber-2016",0.66942201373026,5,3,"DM","M2","CV1"
"Brau-2014",0.487426549912107,5,3,"DM","M2","CV1"
"Brau-2015",0.504310227948089,5,3,"DM","M2","CV1"
"Brau-2016",0.514716848356,5,3,"DM","M2","CV1"
"Aber-2015",0.559262088094561,5,3,"FW","M2","CV1"
"Aber-2016",0.614456623976739,5,3,"FW","M2","CV1"
"Brau-2014",0.464326683615316,5,3,"FW","M2","CV1"
"Brau-2015",0.471777702775673,5,3,"FW","M2","CV1"
"Brau-2016",0.437322571436489,5,3,"FW","M2","CV1"
"Aber-2015",0.341811921507926,5,3,"MC","M2","CV1"
"Aber-2016",0.383213229830796,5,3,"MC","M2","CV1"
"Brau-2014",0.468474086349714,5,3,"MC","M2","CV1"
"Brau-2015",0.353481859920552,5,3,"MC","M2","CV1"
"Brau-2016",0.08713691519145,5,3,"MC","M2","CV1"
"Aber-2015",0.670595568345418,5,3,"DM","M3","CV1"
"Aber-2016",0.688088273872647,5,3,"DM","M3","CV1"
"Brau-2014",0.579707835588008,5,3,"DM","M3","CV1"
"Brau-2015",0.559349031577803,5,3,"DM","M3","CV1"
"Brau-2016",0.514609517353483,5,3,"DM","M3","CV1"
"Aber-2015",0.612840460955751,5,3,"FW","M3","CV1"
"Aber-2016",0.624444811269616,5,3,"FW","M3","CV1"
"Brau-2014",0.58432566825167,5,3,"FW","M3","CV1"
"Brau-2015",0.531822868352488,5,3,"FW","M3","CV1"
"Brau-2016",0.448186824036791,5,3,"FW","M3","CV1"
"Aber-2015",0.261959176006193,5,3,"MC","M3","CV1"
"Aber-2016",0.366090449428484,5,3,"MC","M3","CV1"
"Brau-2014",0.409592202624729,5,3,"MC","M3","CV1"
"Brau-2015",0.341941160074029,5,3,"MC","M3","CV1"
"Brau-2016",-0.00275437987901992,5,3,"MC","M3","CV1"
"Aber-2015",0.797589659776072,5,3,"DM","M1","CV2"
"Aber-2016",0.779076006594556,5,3,"DM","M1","CV2"
"Brau-2014",0.560684194638779,5,3,"DM","M1","CV2"
"Brau-2015",0.626665216833631,5,3,"DM","M1","CV2"
"Brau-2016",0.542295707998556,5,3,"DM","M1","CV2"
"Aber-2015",0.787920046156281,5,3,"FW","M1","CV2"
"Aber-2016",0.802482237999053,5,3,"FW","M1","CV2"
"Brau-2014",0.529446720164533,5,3,"FW","M1","CV2"
"Brau-2015",0.6050438191467,5,3,"FW","M1","CV2"
"Brau-2016",0.384422761614606,5,3,"FW","M1","CV2"
"Aber-2015",0.464781384104915,5,3,"MC","M1","CV2"
"Aber-2016",0.766548046535309,5,3,"MC","M1","CV2"
"Brau-2014",0.695129347099544,5,3,"MC","M1","CV2"
"Brau-2015",0.802858963645338,5,3,"MC","M1","CV2"
"Brau-2016",0.651499070991468,5,3,"MC","M1","CV2"
"Aber-2015",0.795938963532252,5,3,"DM","M2","CV2"
"Aber-2016",0.791851270621487,5,3,"DM","M2","CV2"
"Brau-2014",0.568809238074949,5,3,"DM","M2","CV2"
"Brau-2015",0.627392126522165,5,3,"DM","M2","CV2"
"Brau-2016",0.54925587031483,5,3,"DM","M2","CV2"
"Aber-2015",0.783500569835909,5,3,"FW","M2","CV2"
"Aber-2016",0.817970776915068,5,3,"FW","M2","CV2"
"Brau-2014",0.534434421790018,5,3,"FW","M2","CV2"
"Brau-2015",0.605203884407685,5,3,"FW","M2","CV2"
"Brau-2016",0.401510353708107,5,3,"FW","M2","CV2"
"Aber-2015",0.463352648985814,5,3,"MC","M2","CV2"
"Aber-2016",0.773649217082223,5,3,"MC","M2","CV2"
"Brau-2014",0.686748182154457,5,3,"MC","M2","CV2"
"Brau-2015",0.815252694946137,5,3,"MC","M2","CV2"
"Brau-2016",0.651027519206863,5,3,"MC","M2","CV2"
"Aber-2015",0.878785316370589,5,3,"DM","M3","CV2"
"Aber-2016",0.817335299113884,5,3,"DM","M3","CV2"
"Brau-2014",0.628702961216605,5,3,"DM","M3","CV2"
"Brau-2015",0.677466928335896,5,3,"DM","M3","CV2"
"Brau-2016",0.596387796867911,5,3,"DM","M3","CV2"
"Aber-2015",0.847297311563923,5,3,"FW","M3","CV2"
"Aber-2016",0.819168891485213,5,3,"FW","M3","CV2"
"Brau-2014",0.643016004367667,5,3,"FW","M3","CV2"
"Brau-2015",0.656195660063141,5,3,"FW","M3","CV2"
"Brau-2016",0.504888554805558,5,3,"FW","M3","CV2"
"Aber-2015",0.574627014180821,5,3,"MC","M3","CV2"
"Aber-2016",0.771563352317885,5,3,"MC","M3","CV2"
"Brau-2014",0.600214264171313,5,3,"MC","M3","CV2"
"Brau-2015",0.829887242788184,5,3,"MC","M3","CV2"
"Brau-2016",0.712620883349773,5,3,"MC","M3","CV2"
"Aber-2015",0.689496133496079,6,3,"DM","M1","CV1"
"Aber-2016",0.616694012969026,6,3,"DM","M1","CV1"
"Brau-2014",0.6888128055179,6,3,"DM","M1","CV1"
"Brau-2015",0.647534611421037,6,3,"DM","M1","CV1"
"Brau-2016",0.38973259369814,6,3,"DM","M1","CV1"
"Aber-2015",0.685760212530288,6,3,"FW","M1","CV1"
"Aber-2016",0.657598663210656,6,3,"FW","M1","CV1"
"Brau-2014",0.647108106713242,6,3,"FW","M1","CV1"
"Brau-2015",0.592490341984732,6,3,"FW","M1","CV1"
"Brau-2016",0.405277362098601,6,3,"FW","M1","CV1"
"Aber-2015",0.245474201157372,6,3,"MC","M1","CV1"
"Aber-2016",0.311988179366702,6,3,"MC","M1","CV1"
"Brau-2014",0.53206328015272,6,3,"MC","M1","CV1"
"Brau-2015",0.453381434799447,6,3,"MC","M1","CV1"
"Brau-2016",-0.0378883007246068,6,3,"MC","M1","CV1"
"Aber-2015",0.684719485134144,6,3,"DM","M2","CV1"
"Aber-2016",0.618908024024543,6,3,"DM","M2","CV1"
"Brau-2014",0.730485782341547,6,3,"DM","M2","CV1"
"Brau-2015",0.652662892606187,6,3,"DM","M2","CV1"
"Brau-2016",0.441282453930447,6,3,"DM","M2","CV1"
"Aber-2015",0.690092624126846,6,3,"FW","M2","CV1"
"Aber-2016",0.677927327497537,6,3,"FW","M2","CV1"
"Brau-2014",0.684917274105792,6,3,"FW","M2","CV1"
"Brau-2015",0.612886252407177,6,3,"FW","M2","CV1"
"Brau-2016",0.47310817358499,6,3,"FW","M2","CV1"
"Aber-2015",0.380645456029773,6,3,"MC","M2","CV1"
"Aber-2016",0.44120699834305,6,3,"MC","M2","CV1"
"Brau-2014",0.539425654939618,6,3,"MC","M2","CV1"
"Brau-2015",0.592561890317415,6,3,"MC","M2","CV1"
"Brau-2016",0.110861285564542,6,3,"MC","M2","CV1"
"Aber-2015",0.731174608988263,6,3,"DM","M3","CV1"
"Aber-2016",0.718705140975442,6,3,"DM","M3","CV1"
"Brau-2014",0.754028438787957,6,3,"DM","M3","CV1"
"Brau-2015",0.64098741036353,6,3,"DM","M3","CV1"
"Brau-2016",0.526377252505447,6,3,"DM","M3","CV1"
"Aber-2015",0.734081183692924,6,3,"FW","M3","CV1"
"Aber-2016",0.766106151362916,6,3,"FW","M3","CV1"
"Brau-2014",0.771602878220271,6,3,"FW","M3","CV1"
"Brau-2015",0.604172111678852,6,3,"FW","M3","CV1"
"Brau-2016",0.614933955764333,6,3,"FW","M3","CV1"
"Aber-2015",0.362188448116484,6,3,"MC","M3","CV1"
"Aber-2016",0.466716299541751,6,3,"MC","M3","CV1"
"Brau-2014",0.557277603276451,6,3,"MC","M3","CV1"
"Brau-2015",0.634770292821273,6,3,"MC","M3","CV1"
"Brau-2016",0.0759429841734164,6,3,"MC","M3","CV1"
"Aber-2015",0.890225361210508,6,3,"DM","M1","CV2"
"Aber-2016",0.546359427768644,6,3,"DM","M1","CV2"
"Brau-2014",0.761810717293407,6,3,"DM","M1","CV2"
"Brau-2015",0.803519457727705,6,3,"DM","M1","CV2"
"Brau-2016",0.443974857043555,6,3,"DM","M1","CV2"
"Aber-2015",0.883783149923175,6,3,"FW","M1","CV2"
"Aber-2016",0.589715812869159,6,3,"FW","M1","CV2"
"Brau-2014",0.74924649850427,6,3,"FW","M1","CV2"
"Brau-2015",0.809068671757565,6,3,"FW","M1","CV2"
"Brau-2016",0.47674438356808,6,3,"FW","M1","CV2"
"Aber-2015",0.854419434940377,6,3,"MC","M1","CV2"
"Aber-2016",0.812838450792792,6,3,"MC","M1","CV2"
"Brau-2014",0.598879975673961,6,3,"MC","M1","CV2"
"Brau-2015",0.80773556687749,6,3,"MC","M1","CV2"
"Brau-2016",0.6504506907702,6,3,"MC","M1","CV2"
"Aber-2015",0.895038197298872,6,3,"DM","M2","CV2"
"Aber-2016",0.576088626211567,6,3,"DM","M2","CV2"
"Brau-2014",0.763809816922739,6,3,"DM","M2","CV2"
"Brau-2015",0.81451247309912,6,3,"DM","M2","CV2"
"Brau-2016",0.474489103331407,6,3,"DM","M2","CV2"
"Aber-2015",0.890237627291562,6,3,"FW","M2","CV2"
"Aber-2016",0.630059943973183,6,3,"FW","M2","CV2"
"Brau-2014",0.754435644208155,6,3,"FW","M2","CV2"
"Brau-2015",0.820391822261202,6,3,"FW","M2","CV2"
"Brau-2016",0.508543428984019,6,3,"FW","M2","CV2"
"Aber-2015",0.866035319983639,6,3,"MC","M2","CV2"
"Aber-2016",0.818533462527033,6,3,"MC","M2","CV2"
"Brau-2014",0.616209973670446,6,3,"MC","M2","CV2"
"Brau-2015",0.819266330375487,6,3,"MC","M2","CV2"
"Brau-2016",0.64801864963649,6,3,"MC","M2","CV2"
"Aber-2015",0.913160737279854,6,3,"DM","M3","CV2"
"Aber-2016",0.612216431287936,6,3,"DM","M3","CV2"
"Brau-2014",0.833734105730414,6,3,"DM","M3","CV2"
"Brau-2015",0.831201768921653,6,3,"DM","M3","CV2"
"Brau-2016",0.549452941320376,6,3,"DM","M3","CV2"
"Aber-2015",0.895265687473258,6,3,"FW","M3","CV2"
"Aber-2016",0.67701070031411,6,3,"FW","M3","CV2"
"Brau-2014",0.835270518961658,6,3,"FW","M3","CV2"
"Brau-2015",0.824365885795702,6,3,"FW","M3","CV2"
"Brau-2016",0.61161214408336,6,3,"FW","M3","CV2"
"Aber-2015",0.86864907566975,6,3,"MC","M3","CV2"
"Aber-2016",0.827935083004287,6,3,"MC","M3","CV2"
"Brau-2014",0.625034262866079,6,3,"MC","M3","CV2"
"Brau-2015",0.858878405059213,6,3,"MC","M3","CV2"
"Brau-2016",0.617170171936951,6,3,"MC","M3","CV2"
"Aber-2015",0.714888592062724,7,3,"DM","M1","CV1"
"Aber-2016",0.49795222199683,7,3,"DM","M1","CV1"
"Brau-2014",0.590653921786883,7,3,"DM","M1","CV1"
"Brau-2015",0.628875270461165,7,3,"DM","M1","CV1"
"Brau-2016",0.341930536069277,7,3,"DM","M1","CV1"
"Aber-2015",0.669845774428966,7,3,"FW","M1","CV1"
"Aber-2016",0.487526431776861,7,3,"FW","M1","CV1"
"Brau-2014",0.562470192743944,7,3,"FW","M1","CV1"
"Brau-2015",0.617263260809111,7,3,"FW","M1","CV1"
"Brau-2016",0.21867576232596,7,3,"FW","M1","CV1"
"Aber-2015",0.257807889095173,7,3,"MC","M1","CV1"
"Aber-2016",0.329158498149791,7,3,"MC","M1","CV1"
"Brau-2014",0.680814106903526,7,3,"MC","M1","CV1"
"Brau-2015",0.567774148478422,7,3,"MC","M1","CV1"
"Brau-2016",0.424457910552926,7,3,"MC","M1","CV1"
"Aber-2015",0.693565271397116,7,3,"DM","M2","CV1"
"Aber-2016",0.513460792627936,7,3,"DM","M2","CV1"
"Brau-2014",0.568453405936624,7,3,"DM","M2","CV1"
"Brau-2015",0.640953976526526,7,3,"DM","M2","CV1"
"Brau-2016",0.34289845868317,7,3,"DM","M2","CV1"
"Aber-2015",0.65426787406173,7,3,"FW","M2","CV1"
"Aber-2016",0.506740271275399,7,3,"FW","M2","CV1"
"Brau-2014",0.546087459568361,7,3,"FW","M2","CV1"
"Brau-2015",0.64000604123949,7,3,"FW","M2","CV1"
"Brau-2016",0.270608598707314,7,3,"FW","M2","CV1"
"Aber-2015",0.250695463858456,7,3,"MC","M2","CV1"
"Aber-2016",0.377607087326792,7,3,"MC","M2","CV1"
"Brau-2014",0.727381288505961,7,3,"MC","M2","CV1"
"Brau-2015",0.602086952004119,7,3,"MC","M2","CV1"
"Brau-2016",0.416295211818289,7,3,"MC","M2","CV1"
"Aber-2015",0.71130940991991,7,3,"DM","M3","CV1"
"Aber-2016",0.50968608764231,7,3,"DM","M3","CV1"
"Brau-2014",0.739987305691997,7,3,"DM","M3","CV1"
"Brau-2015",0.730246285559769,7,3,"DM","M3","CV1"
"Brau-2016",0.343532121425036,7,3,"DM","M3","CV1"
"Aber-2015",0.680002329920941,7,3,"FW","M3","CV1"
"Aber-2016",0.500292779553292,7,3,"FW","M3","CV1"
"Brau-2014",0.764302919000164,7,3,"FW","M3","CV1"
"Brau-2015",0.737177553533064,7,3,"FW","M3","CV1"
"Brau-2016",0.304254631775808,7,3,"FW","M3","CV1"
"Aber-2015",0.347351716345156,7,3,"MC","M3","CV1"
"Aber-2016",0.393550504766838,7,3,"MC","M3","CV1"
"Brau-2014",0.755667513659964,7,3,"MC","M3","CV1"
"Brau-2015",0.628484833007044,7,3,"MC","M3","CV1"
"Brau-2016",0.0631400509181906,7,3,"MC","M3","CV1"
"Aber-2015",0.714462245202505,7,3,"DM","M1","CV2"
"Aber-2016",0.763115299043349,7,3,"DM","M1","CV2"
"Brau-2014",0.422603389377004,7,3,"DM","M1","CV2"
"Brau-2015",0.809888795085094,7,3,"DM","M1","CV2"
"Brau-2016",0.818982805526092,7,3,"DM","M1","CV2"
"Aber-2015",0.744524771226892,7,3,"FW","M1","CV2"
"Aber-2016",0.784062909751037,7,3,"FW","M1","CV2"
"Brau-2014",0.432929396625735,7,3,"FW","M1","CV2"
"Brau-2015",0.802120020602107,7,3,"FW","M1","CV2"
"Brau-2016",0.808564159881233,7,3,"FW","M1","CV2"
"Aber-2015",0.847585178484953,7,3,"MC","M1","CV2"
"Aber-2016",0.780180849257112,7,3,"MC","M1","CV2"
"Brau-2014",0.489505075941041,7,3,"MC","M1","CV2"
"Brau-2015",0.803086732042005,7,3,"MC","M1","CV2"
"Brau-2016",0.441345972921954,7,3,"MC","M1","CV2"
"Aber-2015",0.710303965523171,7,3,"DM","M2","CV2"
"Aber-2016",0.784693700918698,7,3,"DM","M2","CV2"
"Brau-2014",0.413242397525392,7,3,"DM","M2","CV2"
"Brau-2015",0.809741953750422,7,3,"DM","M2","CV2"
"Brau-2016",0.815518001706879,7,3,"DM","M2","CV2"
"Aber-2015",0.736197876384533,7,3,"FW","M2","CV2"
"Aber-2016",0.806456816620671,7,3,"FW","M2","CV2"
"Brau-2014",0.417121059744209,7,3,"FW","M2","CV2"
"Brau-2015",0.803413175759647,7,3,"FW","M2","CV2"
"Brau-2016",0.804245327907867,7,3,"FW","M2","CV2"
"Aber-2015",0.860027117160368,7,3,"MC","M2","CV2"
"Aber-2016",0.786459948594399,7,3,"MC","M2","CV2"
"Brau-2014",0.482416799268076,7,3,"MC","M2","CV2"
"Brau-2015",0.799067735214812,7,3,"MC","M2","CV2"
"Brau-2016",0.460434011127012,7,3,"MC","M2","CV2"
"Aber-2015",0.655960240427603,7,3,"DM","M3","CV2"
"Aber-2016",0.772376863512309,7,3,"DM","M3","CV2"
"Brau-2014",0.530880851749793,7,3,"DM","M3","CV2"
"Brau-2015",0.823988645145754,7,3,"DM","M3","CV2"
"Brau-2016",0.779395615263499,7,3,"DM","M3","CV2"
"Aber-2015",0.679397327874572,7,3,"FW","M3","CV2"
"Aber-2016",0.76221608463857,7,3,"FW","M3","CV2"
"Brau-2014",0.578094633166217,7,3,"FW","M3","CV2"
"Brau-2015",0.819178734199363,7,3,"FW","M3","CV2"
"Brau-2016",0.789434663054588,7,3,"FW","M3","CV2"
"Aber-2015",0.89534045852127,7,3,"MC","M3","CV2"
"Aber-2016",0.828194465317168,7,3,"MC","M3","CV2"
"Brau-2014",0.523193881743584,7,3,"MC","M3","CV2"
"Brau-2015",0.801930919634112,7,3,"MC","M3","CV2"
"Brau-2016",0.489655865208824,7,3,"MC","M3","CV2"
"Aber-2015",0.761983621381675,8,3,"DM","M1","CV1"
"Aber-2016",0.528048452904968,8,3,"DM","M1","CV1"
"Brau-2014",0.659085007517908,8,3,"DM","M1","CV1"
"Brau-2015",0.303123146229289,8,3,"DM","M1","CV1"
"Brau-2016",0.180339523417013,8,3,"DM","M1","CV1"
"Aber-2015",0.727995614070349,8,3,"FW","M1","CV1"
"Aber-2016",0.513471230074029,8,3,"FW","M1","CV1"
"Brau-2014",0.613331338595985,8,3,"FW","M1","CV1"
"Brau-2015",0.258999517402647,8,3,"FW","M1","CV1"
"Brau-2016",0.151544678602211,8,3,"FW","M1","CV1"
"Aber-2015",0.213661933420201,8,3,"MC","M1","CV1"
"Aber-2016",0.320888672381128,8,3,"MC","M1","CV1"
"Brau-2014",0.564364451962532,8,3,"MC","M1","CV1"
"Brau-2015",0.495164998488732,8,3,"MC","M1","CV1"
"Brau-2016",-0.020335443213813,8,3,"MC","M1","CV1"
"Aber-2015",0.781574712353381,8,3,"DM","M2","CV1"
"Aber-2016",0.566550047783579,8,3,"DM","M2","CV1"
"Brau-2014",0.662802645109467,8,3,"DM","M2","CV1"
"Brau-2015",0.338906494374801,8,3,"DM","M2","CV1"
"Brau-2016",0.25736194514327,8,3,"DM","M2","CV1"
"Aber-2015",0.751050920849291,8,3,"FW","M2","CV1"
"Aber-2016",0.556836712192048,8,3,"FW","M2","CV1"
"Brau-2014",0.607894370109033,8,3,"FW","M2","CV1"
"Brau-2015",0.318372230234444,8,3,"FW","M2","CV1"
"Brau-2016",0.29104707414519,8,3,"FW","M2","CV1"
"Aber-2015",0.296455188442698,8,3,"MC","M2","CV1"
"Aber-2016",0.485864337747858,8,3,"MC","M2","CV1"
"Brau-2014",0.594819153782012,8,3,"MC","M2","CV1"
"Brau-2015",0.600194996577763,8,3,"MC","M2","CV1"
"Brau-2016",0.090602826918489,8,3,"MC","M2","CV1"
"Aber-2015",0.76999091493867,8,3,"DM","M3","CV1"
"Aber-2016",0.559309825412597,8,3,"DM","M3","CV1"
"Brau-2014",0.813730194426014,8,3,"DM","M3","CV1"
"Brau-2015",0.367583820763815,8,3,"DM","M3","CV1"
"Brau-2016",0.405887487604292,8,3,"DM","M3","CV1"
"Aber-2015",0.698566949682602,8,3,"FW","M3","CV1"
"Aber-2016",0.519533985120294,8,3,"FW","M3","CV1"
"Brau-2014",0.819489087660569,8,3,"FW","M3","CV1"
"Brau-2015",0.310551706827404,8,3,"FW","M3","CV1"
"Brau-2016",0.446479547913627,8,3,"FW","M3","CV1"
"Aber-2015",0.367592309315813,8,3,"MC","M3","CV1"
"Aber-2016",0.439365289895598,8,3,"MC","M3","CV1"
"Brau-2014",0.638535966053546,8,3,"MC","M3","CV1"
"Brau-2015",0.654627947869419,8,3,"MC","M3","CV1"
"Brau-2016",0.0564278910364719,8,3,"MC","M3","CV1"
"Aber-2015",0.75786136663181,8,3,"DM","M1","CV2"
"Aber-2016",0.83570066271522,8,3,"DM","M1","CV2"
"Brau-2014",0.712943867215131,8,3,"DM","M1","CV2"
"Brau-2015",0.795426974800634,8,3,"DM","M1","CV2"
"Brau-2016",0.753222108404167,8,3,"DM","M1","CV2"
"Aber-2015",0.759936547967389,8,3,"FW","M1","CV2"
"Aber-2016",0.834780532637629,8,3,"FW","M1","CV2"
"Brau-2014",0.699802526228777,8,3,"FW","M1","CV2"
"Brau-2015",0.77917039240681,8,3,"FW","M1","CV2"
"Brau-2016",0.758144566338729,8,3,"FW","M1","CV2"
"Aber-2015",0.790586475687223,8,3,"MC","M1","CV2"
"Aber-2016",0.791950862885517,8,3,"MC","M1","CV2"
"Brau-2014",0.48909391658503,8,3,"MC","M1","CV2"
"Brau-2015",0.856636973176176,8,3,"MC","M1","CV2"
"Brau-2016",0.38761722554218,8,3,"MC","M1","CV2"
"Aber-2015",0.731985500450443,8,3,"DM","M2","CV2"
"Aber-2016",0.838297386950074,8,3,"DM","M2","CV2"
"Brau-2014",0.689578085183148,8,3,"DM","M2","CV2"
"Brau-2015",0.790485360078002,8,3,"DM","M2","CV2"
"Brau-2016",0.784628275972847,8,3,"DM","M2","CV2"
"Aber-2015",0.727131148728417,8,3,"FW","M2","CV2"
"Aber-2016",0.836040218941379,8,3,"FW","M2","CV2"
"Brau-2014",0.665682530448232,8,3,"FW","M2","CV2"
"Brau-2015",0.777419994194376,8,3,"FW","M2","CV2"
"Brau-2016",0.793741056979443,8,3,"FW","M2","CV2"
"Aber-2015",0.796431513324253,8,3,"MC","M2","CV2"
"Aber-2016",0.804834898616675,8,3,"MC","M2","CV2"
"Brau-2014",0.503578561537415,8,3,"MC","M2","CV2"
"Brau-2015",0.864094811718826,8,3,"MC","M2","CV2"
"Brau-2016",0.373118064058182,8,3,"MC","M2","CV2"
"Aber-2015",0.832234794097362,8,3,"DM","M3","CV2"
"Aber-2016",0.832669227158388,8,3,"DM","M3","CV2"
"Brau-2014",0.703542411403505,8,3,"DM","M3","CV2"
"Brau-2015",0.813495533337357,8,3,"DM","M3","CV2"
"Brau-2016",0.73542944874874,8,3,"DM","M3","CV2"
"Aber-2015",0.819083657017707,8,3,"FW","M3","CV2"
"Aber-2016",0.824136741956335,8,3,"FW","M3","CV2"
"Brau-2014",0.706296602875731,8,3,"FW","M3","CV2"
"Brau-2015",0.809478918563468,8,3,"FW","M3","CV2"
"Brau-2016",0.785214271510265,8,3,"FW","M3","CV2"
"Aber-2015",0.769073314990559,8,3,"MC","M3","CV2"
"Aber-2016",0.801092390007582,8,3,"MC","M3","CV2"
"Brau-2014",0.373931890712287,8,3,"MC","M3","CV2"
"Brau-2015",0.904683203734031,8,3,"MC","M3","CV2"
"Brau-2016",0.51803397809948,8,3,"MC","M3","CV2"
"Aber-2015",0.647374718598724,9,3,"DM","M1","CV1"
"Aber-2016",0.452970439632542,9,3,"DM","M1","CV1"
"Brau-2014",0.606997801612586,9,3,"DM","M1","CV1"
"Brau-2015",0.510647576799383,9,3,"DM","M1","CV1"
"Brau-2016",0.25953553651424,9,3,"DM","M1","CV1"
"Aber-2015",0.603635567358648,9,3,"FW","M1","CV1"
"Aber-2016",0.471145871578674,9,3,"FW","M1","CV1"
"Brau-2014",0.561347281360006,9,3,"FW","M1","CV1"
"Brau-2015",0.474096857933766,9,3,"FW","M1","CV1"
"Brau-2016",0.321240221295238,9,3,"FW","M1","CV1"
"Aber-2015",0.43651713281532,9,3,"MC","M1","CV1"
"Aber-2016",0.376363851382427,9,3,"MC","M1","CV1"
"Brau-2014",0.49489461868694,9,3,"MC","M1","CV1"
"Brau-2015",0.508471379996234,9,3,"MC","M1","CV1"
"Brau-2016",0.0589605061244333,9,3,"MC","M1","CV1"
"Aber-2015",0.660630655165764,9,3,"DM","M2","CV1"
"Aber-2016",0.479318834004952,9,3,"DM","M2","CV1"
"Brau-2014",0.671630673781643,9,3,"DM","M2","CV1"
"Brau-2015",0.571559947428471,9,3,"DM","M2","CV1"
"Brau-2016",0.339673829345201,9,3,"DM","M2","CV1"
"Aber-2015",0.621565695897611,9,3,"FW","M2","CV1"
"Aber-2016",0.505374044698846,9,3,"FW","M2","CV1"
"Brau-2014",0.631845645903548,9,3,"FW","M2","CV1"
"Brau-2015",0.541344439628416,9,3,"FW","M2","CV1"
"Brau-2016",0.412540509173096,9,3,"FW","M2","CV1"
"Aber-2015",0.46611915869851,9,3,"MC","M2","CV1"
"Aber-2016",0.439628763527838,9,3,"MC","M2","CV1"
"Brau-2014",0.421769416611562,9,3,"MC","M2","CV1"
"Brau-2015",0.570699773163586,9,3,"MC","M2","CV1"
"Brau-2016",-0.00636400912300824,9,3,"MC","M2","CV1"
"Aber-2015",0.629688329452633,9,3,"DM","M3","CV1"
"Aber-2016",0.447165676691138,9,3,"DM","M3","CV1"
"Brau-2014",0.723969789268701,9,3,"DM","M3","CV1"
"Brau-2015",0.671718480446261,9,3,"DM","M3","CV1"
"Brau-2016",0.374370532464167,9,3,"DM","M3","CV1"
"Aber-2015",0.649782305132449,9,3,"FW","M3","CV1"
"Aber-2016",0.512268348893263,9,3,"FW","M3","CV1"
"Brau-2014",0.709235063837532,9,3,"FW","M3","CV1"
"Brau-2015",0.628882320976256,9,3,"FW","M3","CV1"
"Brau-2016",0.427001939192083,9,3,"FW","M3","CV1"
"Aber-2015",0.413150560676907,9,3,"MC","M3","CV1"
"Aber-2016",0.419872245426121,9,3,"MC","M3","CV1"
"Brau-2014",0.480329526819011,9,3,"MC","M3","CV1"
"Brau-2015",0.553206022823679,9,3,"MC","M3","CV1"
"Brau-2016",-0.157816608779787,9,3,"MC","M3","CV1"
"Aber-2015",0.594311955054634,9,3,"DM","M1","CV2"
"Aber-2016",0.544055926448095,9,3,"DM","M1","CV2"
"Brau-2014",0.784970687571207,9,3,"DM","M1","CV2"
"Brau-2015",0.77517901243539,9,3,"DM","M1","CV2"
"Brau-2016",0.662228565688427,9,3,"DM","M1","CV2"
"Aber-2015",0.603745269291726,9,3,"FW","M1","CV2"
"Aber-2016",0.681838435353398,9,3,"FW","M1","CV2"
"Brau-2014",0.751362972499856,9,3,"FW","M1","CV2"
"Brau-2015",0.781091783989228,9,3,"FW","M1","CV2"
"Brau-2016",0.654670705675892,9,3,"FW","M1","CV2"
"Aber-2015",0.501932680740734,9,3,"MC","M1","CV2"
"Aber-2016",0.834194035315292,9,3,"MC","M1","CV2"
"Brau-2014",0.73946613743979,9,3,"MC","M1","CV2"
"Brau-2015",0.503333604033295,9,3,"MC","M1","CV2"
"Brau-2016",0.403393144218548,9,3,"MC","M1","CV2"
"Aber-2015",0.591694615211369,9,3,"DM","M2","CV2"
"Aber-2016",0.554472560975574,9,3,"DM","M2","CV2"
"Brau-2014",0.772925788367974,9,3,"DM","M2","CV2"
"Brau-2015",0.778846692032998,9,3,"DM","M2","CV2"
"Brau-2016",0.65840017125388,9,3,"DM","M2","CV2"
"Aber-2015",0.60010840597041,9,3,"FW","M2","CV2"
"Aber-2016",0.687782142845776,9,3,"FW","M2","CV2"
"Brau-2014",0.739571892416245,9,3,"FW","M2","CV2"
"Brau-2015",0.784120601296419,9,3,"FW","M2","CV2"
"Brau-2016",0.650570952956293,9,3,"FW","M2","CV2"
"Aber-2015",0.507688904700494,9,3,"MC","M2","CV2"
"Aber-2016",0.84389468608196,9,3,"MC","M2","CV2"
"Brau-2014",0.748569789149339,9,3,"MC","M2","CV2"
"Brau-2015",0.511504320078511,9,3,"MC","M2","CV2"
"Brau-2016",0.406516457378141,9,3,"MC","M2","CV2"
"Aber-2015",0.684308541451535,9,3,"DM","M3","CV2"
"Aber-2016",0.639914570104461,9,3,"DM","M3","CV2"
"Brau-2014",0.825818469158303,9,3,"DM","M3","CV2"
"Brau-2015",0.782358672090602,9,3,"DM","M3","CV2"
"Brau-2016",0.676561896404571,9,3,"DM","M3","CV2"
"Aber-2015",0.69526907953215,9,3,"FW","M3","CV2"
"Aber-2016",0.711862995474975,9,3,"FW","M3","CV2"
"Brau-2014",0.823846166416277,9,3,"FW","M3","CV2"
"Brau-2015",0.787381243161941,9,3,"FW","M3","CV2"
"Brau-2016",0.670866407753651,9,3,"FW","M3","CV2"
"Aber-2015",0.509544013572859,9,3,"MC","M3","CV2"
"Aber-2016",0.84457368252513,9,3,"MC","M3","CV2"
"Brau-2014",0.682274593813578,9,3,"MC","M3","CV2"
"Brau-2015",0.602292355850329,9,3,"MC","M3","CV2"
"Brau-2016",0.443537982590451,9,3,"MC","M3","CV2"
"Aber-2015",0.71350282354766,10,3,"DM","M1","CV1"
"Aber-2016",0.707152587885948,10,3,"DM","M1","CV1"
"Brau-2014",0.406546619615054,10,3,"DM","M1","CV1"
"Brau-2015",0.649435466568537,10,3,"DM","M1","CV1"
"Brau-2016",0.538169431331541,10,3,"DM","M1","CV1"
"Aber-2015",0.684435636501356,10,3,"FW","M1","CV1"
"Aber-2016",0.656917907959527,10,3,"FW","M1","CV1"
"Brau-2014",0.321638797595849,10,3,"FW","M1","CV1"
"Brau-2015",0.547176934701152,10,3,"FW","M1","CV1"
"Brau-2016",0.488210492575053,10,3,"FW","M1","CV1"
"Aber-2015",0.281285178506577,10,3,"MC","M1","CV1"
"Aber-2016",0.464859080147137,10,3,"MC","M1","CV1"
"Brau-2014",0.5740979387447,10,3,"MC","M1","CV1"
"Brau-2015",0.232545526132903,10,3,"MC","M1","CV1"
"Brau-2016",-0.336691052631749,10,3,"MC","M1","CV1"
"Aber-2015",0.698772800659889,10,3,"DM","M2","CV1"
"Aber-2016",0.694641884978424,10,3,"DM","M2","CV1"
"Brau-2014",0.408470765708353,10,3,"DM","M2","CV1"
"Brau-2015",0.641991071004006,10,3,"DM","M2","CV1"
"Brau-2016",0.52264128051909,10,3,"DM","M2","CV1"
"Aber-2015",0.68532796102411,10,3,"FW","M2","CV1"
"Aber-2016",0.663405219572348,10,3,"FW","M2","CV1"
"Brau-2014",0.357047308139927,10,3,"FW","M2","CV1"
"Brau-2015",0.574388123148901,10,3,"FW","M2","CV1"
"Brau-2016",0.509323652345273,10,3,"FW","M2","CV1"
"Aber-2015",0.301920651397972,10,3,"MC","M2","CV1"
"Aber-2016",0.445467961093037,10,3,"MC","M2","CV1"
"Brau-2014",0.567015787681112,10,3,"MC","M2","CV1"
"Brau-2015",0.247152669357497,10,3,"MC","M2","CV1"
"Brau-2016",-0.345530324951031,10,3,"MC","M2","CV1"
"Aber-2015",0.617417740239961,10,3,"DM","M3","CV1"
"Aber-2016",0.671047536958551,10,3,"DM","M3","CV1"
"Brau-2014",0.631820154101457,10,3,"DM","M3","CV1"
"Brau-2015",0.722301776223539,10,3,"DM","M3","CV1"
"Brau-2016",0.69758612818764,10,3,"DM","M3","CV1"
"Aber-2015",0.593827921936473,10,3,"FW","M3","CV1"
"Aber-2016",0.621239041772559,10,3,"FW","M3","CV1"
"Brau-2014",0.63357361362713,10,3,"FW","M3","CV1"
"Brau-2015",0.66514463890406,10,3,"FW","M3","CV1"
"Brau-2016",0.728490953876789,10,3,"FW","M3","CV1"
"Aber-2015",0.332721017392243,10,3,"MC","M3","CV1"
"Aber-2016",0.5404594045057,10,3,"MC","M3","CV1"
"Brau-2014",0.64466140063749,10,3,"MC","M3","CV1"
"Brau-2015",0.326445030017475,10,3,"MC","M3","CV1"
"Brau-2016",-0.522066883472074,10,3,"MC","M3","CV1"
"Aber-2015",0.918134369928547,10,3,"DM","M1","CV2"
"Aber-2016",0.594504034437529,10,3,"DM","M1","CV2"
"Brau-2014",0.185189496272497,10,3,"DM","M1","CV2"
"Brau-2015",0.450463859406679,10,3,"DM","M1","CV2"
"Brau-2016",0.433320859003869,10,3,"DM","M1","CV2"
"Aber-2015",0.886119596103154,10,3,"FW","M1","CV2"
"Aber-2016",0.608501998882547,10,3,"FW","M1","CV2"
"Brau-2014",0.0771118851868781,10,3,"FW","M1","CV2"
"Brau-2015",0.557953939779607,10,3,"FW","M1","CV2"
"Brau-2016",0.193659541891336,10,3,"FW","M1","CV2"
"Aber-2015",0.796051068528982,10,3,"MC","M1","CV2"
"Aber-2016",0.719733254955195,10,3,"MC","M1","CV2"
"Brau-2014",0.47344083022394,10,3,"MC","M1","CV2"
"Brau-2015",0.535161642545416,10,3,"MC","M1","CV2"
"Brau-2016",0.587001977184007,10,3,"MC","M1","CV2"
"Aber-2015",0.92155709377036,10,3,"DM","M2","CV2"
"Aber-2016",0.620777472057081,10,3,"DM","M2","CV2"
"Brau-2014",0.181067937779193,10,3,"DM","M2","CV2"
"Brau-2015",0.48598569479643,10,3,"DM","M2","CV2"
"Brau-2016",0.438971165542741,10,3,"DM","M2","CV2"
"Aber-2015",0.88701952065285,10,3,"FW","M2","CV2"
"Aber-2016",0.632360427516088,10,3,"FW","M2","CV2"
"Brau-2014",0.0807808383391719,10,3,"FW","M2","CV2"
"Brau-2015",0.594266180151931,10,3,"FW","M2","CV2"
"Brau-2016",0.202274540780455,10,3,"FW","M2","CV2"
"Aber-2015",0.797036720427357,10,3,"MC","M2","CV2"
"Aber-2016",0.739094315013322,10,3,"MC","M2","CV2"
"Brau-2014",0.496934994665408,10,3,"MC","M2","CV2"
"Brau-2015",0.578020305191298,10,3,"MC","M2","CV2"
"Brau-2016",0.586874248206967,10,3,"MC","M2","CV2"
"Aber-2015",0.867250848740654,10,3,"DM","M3","CV2"
"Aber-2016",0.594848098754286,10,3,"DM","M3","CV2"
"Brau-2014",0.375554748332778,10,3,"DM","M3","CV2"
"Brau-2015",0.53855636559595,10,3,"DM","M3","CV2"
"Brau-2016",0.303192170844919,10,3,"DM","M3","CV2"
"Aber-2015",0.804623591056475,10,3,"FW","M3","CV2"
"Aber-2016",0.593486437687342,10,3,"FW","M3","CV2"
"Brau-2014",0.30871981721729,10,3,"FW","M3","CV2"
"Brau-2015",0.63180158977357,10,3,"FW","M3","CV2"
"Brau-2016",0.114439266336548,10,3,"FW","M3","CV2"
"Aber-2015",0.793658669694712,10,3,"MC","M3","CV2"
"Aber-2016",0.721284933736074,10,3,"MC","M3","CV2"
"Brau-2014",0.455282275160927,10,3,"MC","M3","CV2"
"Brau-2015",0.600883336646666,10,3,"MC","M3","CV2"
"Brau-2016",0.387584007726523,10,3,"MC","M3","CV2"
"Aber-2015",0.504589905977282,1,4,"DM","M1","CV1"
"Aber-2016",0.272117142331162,1,4,"DM","M1","CV1"
"Brau-2014",0.430739944032579,1,4,"DM","M1","CV1"
"Brau-2015",0.316821199344425,1,4,"DM","M1","CV1"
"Brau-2016",0.242573910080186,1,4,"DM","M1","CV1"
"Aber-2015",0.455714155487292,1,4,"FW","M1","CV1"
"Aber-2016",0.264749583632182,1,4,"FW","M1","CV1"
"Brau-2014",0.285691182203284,1,4,"FW","M1","CV1"
"Brau-2015",0.276561353400554,1,4,"FW","M1","CV1"
"Brau-2016",0.157482348247536,1,4,"FW","M1","CV1"
"Aber-2015",0.19589529292016,1,4,"MC","M1","CV1"
"Aber-2016",0.322655938751569,1,4,"MC","M1","CV1"
"Brau-2014",0.605892246870603,1,4,"MC","M1","CV1"
"Brau-2015",0.338729485897834,1,4,"MC","M1","CV1"
"Brau-2016",0.0158514424100234,1,4,"MC","M1","CV1"
"Aber-2015",0.489010302274615,1,4,"DM","M2","CV1"
"Aber-2016",0.241716591519178,1,4,"DM","M2","CV1"
"Brau-2014",0.432078123681277,1,4,"DM","M2","CV1"
"Brau-2015",0.283147245031293,1,4,"DM","M2","CV1"
"Brau-2016",0.222442807985199,1,4,"DM","M2","CV1"
"Aber-2015",0.451605089034302,1,4,"FW","M2","CV1"
"Aber-2016",0.245537444542893,1,4,"FW","M2","CV1"
"Brau-2014",0.276695498092041,1,4,"FW","M2","CV1"
"Brau-2015",0.257128368642854,1,4,"FW","M2","CV1"
"Brau-2016",0.150622677457529,1,4,"FW","M2","CV1"
"Aber-2015",0.304135699419938,1,4,"MC","M2","CV1"
"Aber-2016",0.434406535071933,1,4,"MC","M2","CV1"
"Brau-2014",0.635591363064439,1,4,"MC","M2","CV1"
"Brau-2015",0.37943478794716,1,4,"MC","M2","CV1"
"Brau-2016",0.168987795747953,1,4,"MC","M2","CV1"
"Aber-2015",0.534184272861938,1,4,"DM","M3","CV1"
"Aber-2016",0.279821787672552,1,4,"DM","M3","CV1"
"Brau-2014",0.678299390712361,1,4,"DM","M3","CV1"
"Brau-2015",0.376398404551878,1,4,"DM","M3","CV1"
"Brau-2016",0.302558285013135,1,4,"DM","M3","CV1"
"Aber-2015",0.514395943700936,1,4,"FW","M3","CV1"
"Aber-2016",0.341870689375483,1,4,"FW","M3","CV1"
"Brau-2014",0.629281312309607,1,4,"FW","M3","CV1"
"Brau-2015",0.321478187641405,1,4,"FW","M3","CV1"
"Brau-2016",0.24595349797554,1,4,"FW","M3","CV1"
"Aber-2015",0.367588806749348,1,4,"MC","M3","CV1"
"Aber-2016",0.482148046780953,1,4,"MC","M3","CV1"
"Brau-2014",0.629169421404557,1,4,"MC","M3","CV1"
"Brau-2015",0.40500674469472,1,4,"MC","M3","CV1"
"Brau-2016",-0.0804907980296994,1,4,"MC","M3","CV1"
"Aber-2015",0.580995958157609,1,4,"DM","M1","CV2"
"Aber-2016",0.430790722148047,1,4,"DM","M1","CV2"
"Brau-2014",0.748851795622219,1,4,"DM","M1","CV2"
"Brau-2015",0.443536077792143,1,4,"DM","M1","CV2"
"Brau-2016",0.820832525703732,1,4,"DM","M1","CV2"
"Aber-2015",0.665864411623965,1,4,"FW","M1","CV2"
"Aber-2016",0.537684673117716,1,4,"FW","M1","CV2"
"Brau-2014",0.733686008812376,1,4,"FW","M1","CV2"
"Brau-2015",0.515267241492229,1,4,"FW","M1","CV2"
"Brau-2016",0.726147429408816,1,4,"FW","M1","CV2"
"Aber-2015",0.756793883880629,1,4,"MC","M1","CV2"
"Aber-2016",0.511490942275691,1,4,"MC","M1","CV2"
"Brau-2014",0.565558142748493,1,4,"MC","M1","CV2"
"Brau-2015",0.782262364618087,1,4,"MC","M1","CV2"
"Brau-2016",0.740365474240426,1,4,"MC","M1","CV2"
"Aber-2015",0.562693283216296,1,4,"DM","M2","CV2"
"Aber-2016",0.451940400675655,1,4,"DM","M2","CV2"
"Brau-2014",0.750099370443925,1,4,"DM","M2","CV2"
"Brau-2015",0.454870510408905,1,4,"DM","M2","CV2"
"Brau-2016",0.82640498407559,1,4,"DM","M2","CV2"
"Aber-2015",0.652138204078621,1,4,"FW","M2","CV2"
"Aber-2016",0.561742478694576,1,4,"FW","M2","CV2"
"Brau-2014",0.735894627050564,1,4,"FW","M2","CV2"
"Brau-2015",0.528448913801664,1,4,"FW","M2","CV2"
"Brau-2016",0.72997264303813,1,4,"FW","M2","CV2"
"Aber-2015",0.762291745594688,1,4,"MC","M2","CV2"
"Aber-2016",0.519573556457329,1,4,"MC","M2","CV2"
"Brau-2014",0.54958499356974,1,4,"MC","M2","CV2"
"Brau-2015",0.786137288120584,1,4,"MC","M2","CV2"
"Brau-2016",0.738579933710345,1,4,"MC","M2","CV2"
"Aber-2015",0.674425813906808,1,4,"DM","M3","CV2"
"Aber-2016",0.474593121164584,1,4,"DM","M3","CV2"
"Brau-2014",0.834773922472643,1,4,"DM","M3","CV2"
"Brau-2015",0.508990151844799,1,4,"DM","M3","CV2"
"Brau-2016",0.849161241144114,1,4,"DM","M3","CV2"
"Aber-2015",0.744093079768762,1,4,"FW","M3","CV2"
"Aber-2016",0.562944378114942,1,4,"FW","M3","CV2"
"Brau-2014",0.856229971607911,1,4,"FW","M3","CV2"
"Brau-2015",0.567952657218507,1,4,"FW","M3","CV2"
"Brau-2016",0.756722150636605,1,4,"FW","M3","CV2"
"Aber-2015",0.722540425948328,1,4,"MC","M3","CV2"
"Aber-2016",0.449470332391916,1,4,"MC","M3","CV2"
"Brau-2014",0.545815842007028,1,4,"MC","M3","CV2"
"Brau-2015",0.828644238751232,1,4,"MC","M3","CV2"
"Brau-2016",0.677235879999576,1,4,"MC","M3","CV2"
"Aber-2015",0.403841595753779,2,4,"DM","M1","CV1"
"Aber-2016",0.33721748173874,2,4,"DM","M1","CV1"
"Brau-2014",0.534981909152755,2,4,"DM","M1","CV1"
"Brau-2015",0.674752274121285,2,4,"DM","M1","CV1"
"Brau-2016",0.825775722968428,2,4,"DM","M1","CV1"
"Aber-2015",0.394273444881405,2,4,"FW","M1","CV1"
"Aber-2016",0.344773467087069,2,4,"FW","M1","CV1"
"Brau-2014",0.438252533304616,2,4,"FW","M1","CV1"
"Brau-2015",0.577373957205625,2,4,"FW","M1","CV1"
"Brau-2016",0.78032722550021,2,4,"FW","M1","CV1"
"Aber-2015",0.281650702113252,2,4,"MC","M1","CV1"
"Aber-2016",0.294005482020604,2,4,"MC","M1","CV1"
"Brau-2014",0.570420143845282,2,4,"MC","M1","CV1"
"Brau-2015",0.109293787261863,2,4,"MC","M1","CV1"
"Brau-2016",0.0714071139408605,2,4,"MC","M1","CV1"
"Aber-2015",0.423821137544075,2,4,"DM","M2","CV1"
"Aber-2016",0.401108898320546,2,4,"DM","M2","CV1"
"Brau-2014",0.547752036672633,2,4,"DM","M2","CV1"
"Brau-2015",0.755759557633863,2,4,"DM","M2","CV1"
"Brau-2016",0.905014950642536,2,4,"DM","M2","CV1"
"Aber-2015",0.426958210092273,2,4,"FW","M2","CV1"
"Aber-2016",0.421960407483361,2,4,"FW","M2","CV1"
"Brau-2014",0.47608098419491,2,4,"FW","M2","CV1"
"Brau-2015",0.691002270362586,2,4,"FW","M2","CV1"
"Brau-2016",0.884545451567035,2,4,"FW","M2","CV1"
"Aber-2015",0.323491209960456,2,4,"MC","M2","CV1"
"Aber-2016",0.359863998690468,2,4,"MC","M2","CV1"
"Brau-2014",0.619533215999612,2,4,"MC","M2","CV1"
"Brau-2015",0.152186744687263,2,4,"MC","M2","CV1"
"Brau-2016",0.097699653753702,2,4,"MC","M2","CV1"
"Aber-2015",0.514487950925894,2,4,"DM","M3","CV1"
"Aber-2016",0.40747599024274,2,4,"DM","M3","CV1"
"Brau-2014",0.709983583174549,2,4,"DM","M3","CV1"
"Brau-2015",0.747168728075236,2,4,"DM","M3","CV1"
"Brau-2016",0.835812861146544,2,4,"DM","M3","CV1"
"Aber-2015",0.524389764804917,2,4,"FW","M3","CV1"
"Aber-2016",0.439234590192324,2,4,"FW","M3","CV1"
"Brau-2014",0.68842923595785,2,4,"FW","M3","CV1"
"Brau-2015",0.659258207637539,2,4,"FW","M3","CV1"
"Brau-2016",0.792760609550857,2,4,"FW","M3","CV1"
"Aber-2015",0.406986490477681,2,4,"MC","M3","CV1"
"Aber-2016",0.385062581073304,2,4,"MC","M3","CV1"
"Brau-2014",0.529531464833797,2,4,"MC","M3","CV1"
"Brau-2015",0.225018891498519,2,4,"MC","M3","CV1"
"Brau-2016",0.32789482613823,2,4,"MC","M3","CV1"
"Aber-2015",0.72168096250196,2,4,"DM","M1","CV2"
"Aber-2016",0.8128100584587,2,4,"DM","M1","CV2"
"Brau-2014",0.541167213439794,2,4,"DM","M1","CV2"
"Brau-2015",0.65215068379757,2,4,"DM","M1","CV2"
"Brau-2016",0.64484365002804,2,4,"DM","M1","CV2"
"Aber-2015",0.722512182911495,2,4,"FW","M1","CV2"
"Aber-2016",0.806696378569194,2,4,"FW","M1","CV2"
"Brau-2014",0.520306171884477,2,4,"FW","M1","CV2"
"Brau-2015",0.707607347682229,2,4,"FW","M1","CV2"
"Brau-2016",0.574040246250763,2,4,"FW","M1","CV2"
"Aber-2015",0.818225046773814,2,4,"MC","M1","CV2"
"Aber-2016",0.750552634405867,2,4,"MC","M1","CV2"
"Brau-2014",0.665005743057873,2,4,"MC","M1","CV2"
"Brau-2015",0.592457167259734,2,4,"MC","M1","CV2"
"Brau-2016",0.383683441063483,2,4,"MC","M1","CV2"
"Aber-2015",0.724295482098143,2,4,"DM","M2","CV2"
"Aber-2016",0.823518160393631,2,4,"DM","M2","CV2"
"Brau-2014",0.545745079491004,2,4,"DM","M2","CV2"
"Brau-2015",0.667230923622309,2,4,"DM","M2","CV2"
"Brau-2016",0.667380397957003,2,4,"DM","M2","CV2"
"Aber-2015",0.725381460943686,2,4,"FW","M2","CV2"
"Aber-2016",0.823444251379375,2,4,"FW","M2","CV2"
"Brau-2014",0.521669074818479,2,4,"FW","M2","CV2"
"Brau-2015",0.724405614417664,2,4,"FW","M2","CV2"
"Brau-2016",0.604221073357349,2,4,"FW","M2","CV2"
"Aber-2015",0.829290195870544,2,4,"MC","M2","CV2"
"Aber-2016",0.761770154495057,2,4,"MC","M2","CV2"
"Brau-2014",0.660487697241167,2,4,"MC","M2","CV2"
"Brau-2015",0.601013658597447,2,4,"MC","M2","CV2"
"Brau-2016",0.379196405928558,2,4,"MC","M2","CV2"
"Aber-2015",0.771733518185285,2,4,"DM","M3","CV2"
"Aber-2016",0.78527611397985,2,4,"DM","M3","CV2"
"Brau-2014",0.509012142599544,2,4,"DM","M3","CV2"
"Brau-2015",0.694490652838601,2,4,"DM","M3","CV2"
"Brau-2016",0.681676578797187,2,4,"DM","M3","CV2"
"Aber-2015",0.786691614132159,2,4,"FW","M3","CV2"
"Aber-2016",0.754516403637858,2,4,"FW","M3","CV2"
"Brau-2014",0.477039112243483,2,4,"FW","M3","CV2"
"Brau-2015",0.759491591440782,2,4,"FW","M3","CV2"
"Brau-2016",0.656201819906801,2,4,"FW","M3","CV2"
"Aber-2015",0.823370858647408,2,4,"MC","M3","CV2"
"Aber-2016",0.759968896781672,2,4,"MC","M3","CV2"
"Brau-2014",0.677158482216591,2,4,"MC","M3","CV2"
"Brau-2015",0.637428573645069,2,4,"MC","M3","CV2"
"Brau-2016",0.415757362916059,2,4,"MC","M3","CV2"
"Aber-2015",0.751940570926185,3,4,"DM","M1","CV1"
"Aber-2016",0.45315132590825,3,4,"DM","M1","CV1"
"Brau-2014",0.396890750490941,3,4,"DM","M1","CV1"
"Brau-2015",0.53435365505487,3,4,"DM","M1","CV1"
"Brau-2016",0.319551001753198,3,4,"DM","M1","CV1"
"Aber-2015",0.741909348301156,3,4,"FW","M1","CV1"
"Aber-2016",0.516469861329961,3,4,"FW","M1","CV1"
"Brau-2014",0.417004401451243,3,4,"FW","M1","CV1"
"Brau-2015",0.517098835202286,3,4,"FW","M1","CV1"
"Brau-2016",0.433954560828569,3,4,"FW","M1","CV1"
"Aber-2015",0.403001510709644,3,4,"MC","M1","CV1"
"Aber-2016",0.487976913538232,3,4,"MC","M1","CV1"
"Brau-2014",0.439209608341642,3,4,"MC","M1","CV1"
"Brau-2015",0.286415597223197,3,4,"MC","M1","CV1"
"Brau-2016",0.089165210564385,3,4,"MC","M1","CV1"
"Aber-2015",0.75411518254507,3,4,"DM","M2","CV1"
"Aber-2016",0.478309474142994,3,4,"DM","M2","CV1"
"Brau-2014",0.384198207841901,3,4,"DM","M2","CV1"
"Brau-2015",0.542835314878983,3,4,"DM","M2","CV1"
"Brau-2016",0.282968381197679,3,4,"DM","M2","CV1"
"Aber-2015",0.751913314223757,3,4,"FW","M2","CV1"
"Aber-2016",0.549318595979889,3,4,"FW","M2","CV1"
"Brau-2014",0.402564143026706,3,4,"FW","M2","CV1"
"Brau-2015",0.542418345692268,3,4,"FW","M2","CV1"
"Brau-2016",0.417970015287547,3,4,"FW","M2","CV1"
"Aber-2015",0.365880072290773,3,4,"MC","M2","CV1"
"Aber-2016",0.488936730932804,3,4,"MC","M2","CV1"
"Brau-2014",0.56999735369385,3,4,"MC","M2","CV1"
"Brau-2015",0.406619152589357,3,4,"MC","M2","CV1"
"Brau-2016",0.0917293271048239,3,4,"MC","M2","CV1"
"Aber-2015",0.71598397357797,3,4,"DM","M3","CV1"
"Aber-2016",0.474532178086698,3,4,"DM","M3","CV1"
"Brau-2014",0.450154324071537,3,4,"DM","M3","CV1"
"Brau-2015",0.604526150943532,3,4,"DM","M3","CV1"
"Brau-2016",0.313067734230369,3,4,"DM","M3","CV1"
"Aber-2015",0.700294974698103,3,4,"FW","M3","CV1"
"Aber-2016",0.53875029966269,3,4,"FW","M3","CV1"
"Brau-2014",0.483638078679155,3,4,"FW","M3","CV1"
"Brau-2015",0.620198439188577,3,4,"FW","M3","CV1"
"Brau-2016",0.438306335950404,3,4,"FW","M3","CV1"
"Aber-2015",0.465337010102281,3,4,"MC","M3","CV1"
"Aber-2016",0.533549654376146,3,4,"MC","M3","CV1"
"Brau-2014",0.500064049241947,3,4,"MC","M3","CV1"
"Brau-2015",0.367775510152927,3,4,"MC","M3","CV1"
"Brau-2016",-0.0765737806031674,3,4,"MC","M3","CV1"
"Aber-2015",0.541606215471939,3,4,"DM","M1","CV2"
"Aber-2016",0.544998339917565,3,4,"DM","M1","CV2"
"Brau-2014",0.32402513565168,3,4,"DM","M1","CV2"
"Brau-2015",0.564008128348831,3,4,"DM","M1","CV2"
"Brau-2016",0.661206317531262,3,4,"DM","M1","CV2"
"Aber-2015",0.548623456128296,3,4,"FW","M1","CV2"
"Aber-2016",0.567136921827788,3,4,"FW","M1","CV2"
"Brau-2014",0.294994310148866,3,4,"FW","M1","CV2"
"Brau-2015",0.635296057437106,3,4,"FW","M1","CV2"
"Brau-2016",0.650506986561278,3,4,"FW","M1","CV2"
"Aber-2015",0.839486792074854,3,4,"MC","M1","CV2"
"Aber-2016",0.758943912777123,3,4,"MC","M1","CV2"
"Brau-2014",0.385879213977141,3,4,"MC","M1","CV2"
"Brau-2015",0.788410353784202,3,4,"MC","M1","CV2"
"Brau-2016",0.422161503399061,3,4,"MC","M1","CV2"
"Aber-2015",0.534811811438592,3,4,"DM","M2","CV2"
"Aber-2016",0.548160096244948,3,4,"DM","M2","CV2"
"Brau-2014",0.301627527580669,3,4,"DM","M2","CV2"
"Brau-2015",0.564446101418785,3,4,"DM","M2","CV2"
"Brau-2016",0.675169934680127,3,4,"DM","M2","CV2"
"Aber-2015",0.543726273411514,3,4,"FW","M2","CV2"
"Aber-2016",0.565395791190889,3,4,"FW","M2","CV2"
"Brau-2014",0.260856145417911,3,4,"FW","M2","CV2"
"Brau-2015",0.639162708301095,3,4,"FW","M2","CV2"
"Brau-2016",0.672186663198704,3,4,"FW","M2","CV2"
"Aber-2015",0.83698008458859,3,4,"MC","M2","CV2"
"Aber-2016",0.771883881362101,3,4,"MC","M2","CV2"
"Brau-2014",0.381068680318947,3,4,"MC","M2","CV2"
"Brau-2015",0.796325931258527,3,4,"MC","M2","CV2"
"Brau-2016",0.4070429220757,3,4,"MC","M2","CV2"
"Aber-2015",0.591856120536448,3,4,"DM","M3","CV2"
"Aber-2016",0.521310381590477,3,4,"DM","M3","CV2"
"Brau-2014",0.413675620179074,3,4,"DM","M3","CV2"
"Brau-2015",0.592275546732625,3,4,"DM","M3","CV2"
"Brau-2016",0.681492101054256,3,4,"DM","M3","CV2"
"Aber-2015",0.58287890984044,3,4,"FW","M3","CV2"
"Aber-2016",0.528057004279472,3,4,"FW","M3","CV2"
"Brau-2014",0.442901866008263,3,4,"FW","M3","CV2"
"Brau-2015",0.652599898959563,3,4,"FW","M3","CV2"
"Brau-2016",0.689137659264637,3,4,"FW","M3","CV2"
"Aber-2015",0.834158488976275,3,4,"MC","M3","CV2"
"Aber-2016",0.751770742239273,3,4,"MC","M3","CV2"
"Brau-2014",0.405936960171262,3,4,"MC","M3","CV2"
"Brau-2015",0.821300990365998,3,4,"MC","M3","CV2"
"Brau-2016",0.233271412582018,3,4,"MC","M3","CV2"
"Aber-2015",0.587910271777401,4,4,"DM","M1","CV1"
"Aber-2016",0.297195372609621,4,4,"DM","M1","CV1"
"Brau-2014",0.371361458498593,4,4,"DM","M1","CV1"
"Brau-2015",0.51029442028786,4,4,"DM","M1","CV1"
"Brau-2016",0.429055295498189,4,4,"DM","M1","CV1"
"Aber-2015",0.559392923128115,4,4,"FW","M1","CV1"
"Aber-2016",0.327008319959193,4,4,"FW","M1","CV1"
"Brau-2014",0.333187283602217,4,4,"FW","M1","CV1"
"Brau-2015",0.481494037221027,4,4,"FW","M1","CV1"
"Brau-2016",0.39802986298082,4,4,"FW","M1","CV1"
"Aber-2015",0.268044795775938,4,4,"MC","M1","CV1"
"Aber-2016",0.441768118129489,4,4,"MC","M1","CV1"
"Brau-2014",0.408471133906445,4,4,"MC","M1","CV1"
"Brau-2015",0.245463160147518,4,4,"MC","M1","CV1"
"Brau-2016",0.224225401882521,4,4,"MC","M1","CV1"
"Aber-2015",0.577587455087171,4,4,"DM","M2","CV1"
"Aber-2016",0.297765735658266,4,4,"DM","M2","CV1"
"Brau-2014",0.397752163487861,4,4,"DM","M2","CV1"
"Brau-2015",0.575753607295374,4,4,"DM","M2","CV1"
"Brau-2016",0.468890915002484,4,4,"DM","M2","CV1"
"Aber-2015",0.567183638346908,4,4,"FW","M2","CV1"
"Aber-2016",0.331385501228232,4,4,"FW","M2","CV1"
"Brau-2014",0.363063070170082,4,4,"FW","M2","CV1"
"Brau-2015",0.56064066536852,4,4,"FW","M2","CV1"
"Brau-2016",0.461749740979373,4,4,"FW","M2","CV1"
"Aber-2015",0.351017662810091,4,4,"MC","M2","CV1"
"Aber-2016",0.519748970353226,4,4,"MC","M2","CV1"
"Brau-2014",0.498908354662594,4,4,"MC","M2","CV1"
"Brau-2015",0.359562127220971,4,4,"MC","M2","CV1"
"Brau-2016",0.302783241288203,4,4,"MC","M2","CV1"
"Aber-2015",0.572706455880143,4,4,"DM","M3","CV1"
"Aber-2016",0.271812546867049,4,4,"DM","M3","CV1"
"Brau-2014",0.551649063887186,4,4,"DM","M3","CV1"
"Brau-2015",0.58780739424791,4,4,"DM","M3","CV1"
"Brau-2016",0.609776265052487,4,4,"DM","M3","CV1"
"Aber-2015",0.563889535842138,4,4,"FW","M3","CV1"
"Aber-2016",0.318846307409503,4,4,"FW","M3","CV1"
"Brau-2014",0.560860482771406,4,4,"FW","M3","CV1"
"Brau-2015",0.581349338800767,4,4,"FW","M3","CV1"
"Brau-2016",0.66898614292599,4,4,"FW","M3","CV1"
"Aber-2015",0.380434122878701,4,4,"MC","M3","CV1"
"Aber-2016",0.549192136373371,4,4,"MC","M3","CV1"
"Brau-2014",0.45082262697325,4,4,"MC","M3","CV1"
"Brau-2015",0.492826205439562,4,4,"MC","M3","CV1"
"Brau-2016",0.396904495309757,4,4,"MC","M3","CV1"
"Aber-2015",0.820982033486966,4,4,"DM","M1","CV2"
"Aber-2016",0.710498920774446,4,4,"DM","M1","CV2"
"Brau-2014",0.85233417683142,4,4,"DM","M1","CV2"
"Brau-2015",0.518343789633801,4,4,"DM","M1","CV2"
"Brau-2016",0.804810760268602,4,4,"DM","M1","CV2"
"Aber-2015",0.796851105634436,4,4,"FW","M1","CV2"
"Aber-2016",0.766047793857412,4,4,"FW","M1","CV2"
"Brau-2014",0.832896572931796,4,4,"FW","M1","CV2"
"Brau-2015",0.463158459296677,4,4,"FW","M1","CV2"
"Brau-2016",0.619661554319398,4,4,"FW","M1","CV2"
"Aber-2015",0.629772082700419,4,4,"MC","M1","CV2"
"Aber-2016",0.715239416401323,4,4,"MC","M1","CV2"
"Brau-2014",0.368039500502212,4,4,"MC","M1","CV2"
"Brau-2015",0.887274713706774,4,4,"MC","M1","CV2"
"Brau-2016",0.3571639054569,4,4,"MC","M1","CV2"
"Aber-2015",0.832248786312449,4,4,"DM","M2","CV2"
"Aber-2016",0.739076072552018,4,4,"DM","M2","CV2"
"Brau-2014",0.857329175012863,4,4,"DM","M2","CV2"
"Brau-2015",0.541520514921813,4,4,"DM","M2","CV2"
"Brau-2016",0.803582685341038,4,4,"DM","M2","CV2"
"Aber-2015",0.810755580225831,4,4,"FW","M2","CV2"
"Aber-2016",0.798390279099762,4,4,"FW","M2","CV2"
"Brau-2014",0.840267698316853,4,4,"FW","M2","CV2"
"Brau-2015",0.491460883717529,4,4,"FW","M2","CV2"
"Brau-2016",0.616797859415792,4,4,"FW","M2","CV2"
"Aber-2015",0.6273096101547,4,4,"MC","M2","CV2"
"Aber-2016",0.718774416635051,4,4,"MC","M2","CV2"
"Brau-2014",0.370264264115055,4,4,"MC","M2","CV2"
"Brau-2015",0.891346760474227,4,4,"MC","M2","CV2"
"Brau-2016",0.384444960641951,4,4,"MC","M2","CV2"
"Aber-2015",0.844313558296496,4,4,"DM","M3","CV2"
"Aber-2016",0.728492396881546,4,4,"DM","M3","CV2"
"Brau-2014",0.857984135820484,4,4,"DM","M3","CV2"
"Brau-2015",0.61301099548461,4,4,"DM","M3","CV2"
"Brau-2016",0.78380419952655,4,4,"DM","M3","CV2"
"Aber-2015",0.81915438012567,4,4,"FW","M3","CV2"
"Aber-2016",0.763265158440804,4,4,"FW","M3","CV2"
"Brau-2014",0.837476298954517,4,4,"FW","M3","CV2"
"Brau-2015",0.562809817656636,4,4,"FW","M3","CV2"
"Brau-2016",0.64292935417108,4,4,"FW","M3","CV2"
"Aber-2015",0.61815586866678,4,4,"MC","M3","CV2"
"Aber-2016",0.715552162087979,4,4,"MC","M3","CV2"
"Brau-2014",0.390833856675587,4,4,"MC","M3","CV2"
"Brau-2015",0.88744541368774,4,4,"MC","M3","CV2"
"Brau-2016",0.493674584819139,4,4,"MC","M3","CV2"
"Aber-2015",0.444911685779669,5,4,"DM","M1","CV1"
"Aber-2016",0.315867116955772,5,4,"DM","M1","CV1"
"Brau-2014",0.411438584806132,5,4,"DM","M1","CV1"
"Brau-2015",0.55942592885067,5,4,"DM","M1","CV1"
"Brau-2016",0.586710611309124,5,4,"DM","M1","CV1"
"Aber-2015",0.40418567773187,5,4,"FW","M1","CV1"
"Aber-2016",0.333829704040052,5,4,"FW","M1","CV1"
"Brau-2014",0.41947388236091,5,4,"FW","M1","CV1"
"Brau-2015",0.506659256424314,5,4,"FW","M1","CV1"
"Brau-2016",0.690179101502513,5,4,"FW","M1","CV1"
"Aber-2015",0.483066961591981,5,4,"MC","M1","CV1"
"Aber-2016",0.510385607333508,5,4,"MC","M1","CV1"
"Brau-2014",0.649349687205062,5,4,"MC","M1","CV1"
"Brau-2015",0.309552652252798,5,4,"MC","M1","CV1"
"Brau-2016",-0.595325579657172,5,4,"MC","M1","CV1"
"Aber-2015",0.497118902096314,5,4,"DM","M2","CV1"
"Aber-2016",0.383847200727299,5,4,"DM","M2","CV1"
"Brau-2014",0.330868782531723,5,4,"DM","M2","CV1"
"Brau-2015",0.591968085333296,5,4,"DM","M2","CV1"
"Brau-2016",0.646118316738175,5,4,"DM","M2","CV1"
"Aber-2015",0.473313904718374,5,4,"FW","M2","CV1"
"Aber-2016",0.417612005660832,5,4,"FW","M2","CV1"
"Brau-2014",0.329269009276794,5,4,"FW","M2","CV1"
"Brau-2015",0.557129686874311,5,4,"FW","M2","CV1"
"Brau-2016",0.807795511196327,5,4,"FW","M2","CV1"
"Aber-2015",0.517696803620251,5,4,"MC","M2","CV1"
"Aber-2016",0.580082974241463,5,4,"MC","M2","CV1"
"Brau-2014",0.670391464312676,5,4,"MC","M2","CV1"
"Brau-2015",0.369332577125364,5,4,"MC","M2","CV1"
"Brau-2016",-0.553294656884986,5,4,"MC","M2","CV1"
"Aber-2015",0.589830408070667,5,4,"DM","M3","CV1"
"Aber-2016",0.46322933802517,5,4,"DM","M3","CV1"
"Brau-2014",0.535323786146805,5,4,"DM","M3","CV1"
"Brau-2015",0.596318543706839,5,4,"DM","M3","CV1"
"Brau-2016",0.714674154329363,5,4,"DM","M3","CV1"
"Aber-2015",0.561512787961271,5,4,"FW","M3","CV1"
"Aber-2016",0.504965747114939,5,4,"FW","M3","CV1"
"Brau-2014",0.592754586939948,5,4,"FW","M3","CV1"
"Brau-2015",0.576621248685791,5,4,"FW","M3","CV1"
"Brau-2016",0.846260295709075,5,4,"FW","M3","CV1"
"Aber-2015",0.551279517616274,5,4,"MC","M3","CV1"
"Aber-2016",0.594155226967285,5,4,"MC","M3","CV1"
"Brau-2014",0.699960911786974,5,4,"MC","M3","CV1"
"Brau-2015",0.456189331883534,5,4,"MC","M3","CV1"
"Brau-2016",-0.56448277107242,5,4,"MC","M3","CV1"
"Aber-2015",0.889516317963436,5,4,"DM","M1","CV2"
"Aber-2016",0.567762768155799,5,4,"DM","M1","CV2"
"Brau-2014",0.603383485360569,5,4,"DM","M1","CV2"
"Brau-2015",0.609293452048164,5,4,"DM","M1","CV2"
"Brau-2016",0.458646680389329,5,4,"DM","M1","CV2"
"Aber-2015",0.873930000934202,5,4,"FW","M1","CV2"
"Aber-2016",0.617067289887666,5,4,"FW","M1","CV2"
"Brau-2014",0.483464321965658,5,4,"FW","M1","CV2"
"Brau-2015",0.700421053362336,5,4,"FW","M1","CV2"
"Brau-2016",0.309505566056693,5,4,"FW","M1","CV2"
"Aber-2015",0.826818109671008,5,4,"MC","M1","CV2"
"Aber-2016",0.829256035890294,5,4,"MC","M1","CV2"
"Brau-2014",0.517775993837509,5,4,"MC","M1","CV2"
"Brau-2015",0.667015629414224,5,4,"MC","M1","CV2"
"Brau-2016",0.631238714145431,5,4,"MC","M1","CV2"
"Aber-2015",0.90087271506801,5,4,"DM","M2","CV2"
"Aber-2016",0.573618144470369,5,4,"DM","M2","CV2"
"Brau-2014",0.605974298210714,5,4,"DM","M2","CV2"
"Brau-2015",0.612623151876046,5,4,"DM","M2","CV2"
"Brau-2016",0.476957916308046,5,4,"DM","M2","CV2"
"Aber-2015",0.889984142607899,5,4,"FW","M2","CV2"
"Aber-2016",0.619891477773234,5,4,"FW","M2","CV2"
"Brau-2014",0.488694820484092,5,4,"FW","M2","CV2"
"Brau-2015",0.710887063975776,5,4,"FW","M2","CV2"
"Brau-2016",0.330953917183616,5,4,"FW","M2","CV2"
"Aber-2015",0.841501406478792,5,4,"MC","M2","CV2"
"Aber-2016",0.840643309016495,5,4,"MC","M2","CV2"
"Brau-2014",0.524385860900042,5,4,"MC","M2","CV2"
"Brau-2015",0.687973644769034,5,4,"MC","M2","CV2"
"Brau-2016",0.616054387596711,5,4,"MC","M2","CV2"
"Aber-2015",0.835834393249723,5,4,"DM","M3","CV2"
"Aber-2016",0.572405149844079,5,4,"DM","M3","CV2"
"Brau-2014",0.737361482702155,5,4,"DM","M3","CV2"
"Brau-2015",0.517467691534013,5,4,"DM","M3","CV2"
"Brau-2016",0.365382270211965,5,4,"DM","M3","CV2"
"Aber-2015",0.791863307624846,5,4,"FW","M3","CV2"
"Aber-2016",0.616228725235797,5,4,"FW","M3","CV2"
"Brau-2014",0.653789221804408,5,4,"FW","M3","CV2"
"Brau-2015",0.649094247965065,5,4,"FW","M3","CV2"
"Brau-2016",0.257388863426359,5,4,"FW","M3","CV2"
"Aber-2015",0.807239918510426,5,4,"MC","M3","CV2"
"Aber-2016",0.858388835747692,5,4,"MC","M3","CV2"
"Brau-2014",0.449826356598524,5,4,"MC","M3","CV2"
"Brau-2015",0.732796450337861,5,4,"MC","M3","CV2"
"Brau-2016",0.477147327746483,5,4,"MC","M3","CV2"
"Aber-2015",0.603156644268018,6,4,"DM","M1","CV1"
"Aber-2016",0.390905088837065,6,4,"DM","M1","CV1"
"Brau-2014",0.564263876228734,6,4,"DM","M1","CV1"
"Brau-2015",0.401926248566116,6,4,"DM","M1","CV1"
"Brau-2016",0.505707162047517,6,4,"DM","M1","CV1"
"Aber-2015",0.474155310393765,6,4,"FW","M1","CV1"
"Aber-2016",0.346066903288556,6,4,"FW","M1","CV1"
"Brau-2014",0.516624753925946,6,4,"FW","M1","CV1"
"Brau-2015",0.354752217843297,6,4,"FW","M1","CV1"
"Brau-2016",0.375785312980919,6,4,"FW","M1","CV1"
"Aber-2015",0.424572597342806,6,4,"MC","M1","CV1"
"Aber-2016",0.430141603447934,6,4,"MC","M1","CV1"
"Brau-2014",0.532221416392476,6,4,"MC","M1","CV1"
"Brau-2015",0.382508203343136,6,4,"MC","M1","CV1"
"Brau-2016",-0.0508568963673046,6,4,"MC","M1","CV1"
"Aber-2015",0.595260825788369,6,4,"DM","M2","CV1"
"Aber-2016",0.412792745863866,6,4,"DM","M2","CV1"
"Brau-2014",0.575206236053168,6,4,"DM","M2","CV1"
"Brau-2015",0.410543858082463,6,4,"DM","M2","CV1"
"Brau-2016",0.542677433850515,6,4,"DM","M2","CV1"
"Aber-2015",0.476502952016361,6,4,"FW","M2","CV1"
"Aber-2016",0.374383622027848,6,4,"FW","M2","CV1"
"Brau-2014",0.514642924341863,6,4,"FW","M2","CV1"
"Brau-2015",0.374106774571205,6,4,"FW","M2","CV1"
"Brau-2016",0.419975724756987,6,4,"FW","M2","CV1"
"Aber-2015",0.433234973449214,6,4,"MC","M2","CV1"
"Aber-2016",0.436942996449445,6,4,"MC","M2","CV1"
"Brau-2014",0.51502563827143,6,4,"MC","M2","CV1"
"Brau-2015",0.40286200266494,6,4,"MC","M2","CV1"
"Brau-2016",-0.0532665574507253,6,4,"MC","M2","CV1"
"Aber-2015",0.667945833692891,6,4,"DM","M3","CV1"
"Aber-2016",0.490177612047329,6,4,"DM","M3","CV1"
"Brau-2014",0.670482797662181,6,4,"DM","M3","CV1"
"Brau-2015",0.46129866655182,6,4,"DM","M3","CV1"
"Brau-2016",0.555650392816924,6,4,"DM","M3","CV1"
"Aber-2015",0.565291961674754,6,4,"FW","M3","CV1"
"Aber-2016",0.457554082554547,6,4,"FW","M3","CV1"
"Brau-2014",0.675864398759265,6,4,"FW","M3","CV1"
"Brau-2015",0.424516126025219,6,4,"FW","M3","CV1"
"Brau-2016",0.452595696142272,6,4,"FW","M3","CV1"
"Aber-2015",0.535427807948808,6,4,"MC","M3","CV1"
"Aber-2016",0.458885681186431,6,4,"MC","M3","CV1"
"Brau-2014",0.499898882139705,6,4,"MC","M3","CV1"
"Brau-2015",0.524613795560713,6,4,"MC","M3","CV1"
"Brau-2016",0.162610292695509,6,4,"MC","M3","CV1"
"Aber-2015",0.626164154285474,6,4,"DM","M1","CV2"
"Aber-2016",0.789536138178999,6,4,"DM","M1","CV2"
"Brau-2014",0.768577571133093,6,4,"DM","M1","CV2"
"Brau-2015",0.590211912165945,6,4,"DM","M1","CV2"
"Brau-2016",0.36614839735832,6,4,"DM","M1","CV2"
"Aber-2015",0.657623704169502,6,4,"FW","M1","CV2"
"Aber-2016",0.825302734133667,6,4,"FW","M1","CV2"
"Brau-2014",0.624076197608053,6,4,"FW","M1","CV2"
"Brau-2015",0.680432575728686,6,4,"FW","M1","CV2"
"Brau-2016",0.284582455508534,6,4,"FW","M1","CV2"
"Aber-2015",0.47421232325968,6,4,"MC","M1","CV2"
"Aber-2016",0.826232588345577,6,4,"MC","M1","CV2"
"Brau-2014",0.416488736003751,6,4,"MC","M1","CV2"
"Brau-2015",0.763449376905472,6,4,"MC","M1","CV2"
"Brau-2016",0.747546143982705,6,4,"MC","M1","CV2"
"Aber-2015",0.626854639911296,6,4,"DM","M2","CV2"
"Aber-2016",0.799563604686267,6,4,"DM","M2","CV2"
"Brau-2014",0.752819710176836,6,4,"DM","M2","CV2"
"Brau-2015",0.582941327408138,6,4,"DM","M2","CV2"
"Brau-2016",0.354059035779314,6,4,"DM","M2","CV2"
"Aber-2015",0.647689796137558,6,4,"FW","M2","CV2"
"Aber-2016",0.830544848183413,6,4,"FW","M2","CV2"
"Brau-2014",0.597743709979796,6,4,"FW","M2","CV2"
"Brau-2015",0.671790385536742,6,4,"FW","M2","CV2"
"Brau-2016",0.273993763966599,6,4,"FW","M2","CV2"
"Aber-2015",0.463163914100075,6,4,"MC","M2","CV2"
"Aber-2016",0.824279062154136,6,4,"MC","M2","CV2"
"Brau-2014",0.438006594011231,6,4,"MC","M2","CV2"
"Brau-2015",0.781836221590322,6,4,"MC","M2","CV2"
"Brau-2016",0.740771330448979,6,4,"MC","M2","CV2"
"Aber-2015",0.741075639835793,6,4,"DM","M3","CV2"
"Aber-2016",0.82926093186268,6,4,"DM","M3","CV2"
"Brau-2014",0.751959445466664,6,4,"DM","M3","CV2"
"Brau-2015",0.562756034194066,6,4,"DM","M3","CV2"
"Brau-2016",0.215296368775037,6,4,"DM","M3","CV2"
"Aber-2015",0.752715164286742,6,4,"FW","M3","CV2"
"Aber-2016",0.849775105770874,6,4,"FW","M3","CV2"
"Brau-2014",0.630752018442698,6,4,"FW","M3","CV2"
"Brau-2015",0.664193426424798,6,4,"FW","M3","CV2"
"Brau-2016",0.192459833419405,6,4,"FW","M3","CV2"
"Aber-2015",0.500609179348243,6,4,"MC","M3","CV2"
"Aber-2016",0.83354707377253,6,4,"MC","M3","CV2"
"Brau-2014",0.413875376546676,6,4,"MC","M3","CV2"
"Brau-2015",0.790955055055861,6,4,"MC","M3","CV2"
"Brau-2016",0.734399964624838,6,4,"MC","M3","CV2"
"Aber-2015",0.656145009898753,7,4,"DM","M1","CV1"
"Aber-2016",0.606973142927587,7,4,"DM","M1","CV1"
"Brau-2014",0.378651247677195,7,4,"DM","M1","CV1"
"Brau-2015",0.533203219133714,7,4,"DM","M1","CV1"
"Brau-2016",0.725427223824672,7,4,"DM","M1","CV1"
"Aber-2015",0.651013618305261,7,4,"FW","M1","CV1"
"Aber-2016",0.615845197727352,7,4,"FW","M1","CV1"
"Brau-2014",0.36536198259905,7,4,"FW","M1","CV1"
"Brau-2015",0.498233107097035,7,4,"FW","M1","CV1"
"Brau-2016",0.695514557595826,7,4,"FW","M1","CV1"
"Aber-2015",0.160118540314817,7,4,"MC","M1","CV1"
"Aber-2016",0.129520610873842,7,4,"MC","M1","CV1"
"Brau-2014",0.57042670014931,7,4,"MC","M1","CV1"
"Brau-2015",0.199188681729325,7,4,"MC","M1","CV1"
"Brau-2016",-0.290239465125085,7,4,"MC","M1","CV1"
"Aber-2015",0.64510139338323,7,4,"DM","M2","CV1"
"Aber-2016",0.630679922189564,7,4,"DM","M2","CV1"
"Brau-2014",0.363612458231159,7,4,"DM","M2","CV1"
"Brau-2015",0.555563368117492,7,4,"DM","M2","CV1"
"Brau-2016",0.796445096332977,7,4,"DM","M2","CV1"
"Aber-2015",0.628390632376673,7,4,"FW","M2","CV1"
"Aber-2016",0.638101964196759,7,4,"FW","M2","CV1"
"Brau-2014",0.346195487690402,7,4,"FW","M2","CV1"
"Brau-2015",0.53221148329442,7,4,"FW","M2","CV1"
"Brau-2016",0.774807583616949,7,4,"FW","M2","CV1"
"Aber-2015",0.222783019351076,7,4,"MC","M2","CV1"
"Aber-2016",0.267388683097059,7,4,"MC","M2","CV1"
"Brau-2014",0.609376850194548,7,4,"MC","M2","CV1"
"Brau-2015",0.290017593941365,7,4,"MC","M2","CV1"
"Brau-2016",-0.21083284850715,7,4,"MC","M2","CV1"
"Aber-2015",0.702439232843157,7,4,"DM","M3","CV1"
"Aber-2016",0.664982310827036,7,4,"DM","M3","CV1"
"Brau-2014",0.411967687542821,7,4,"DM","M3","CV1"
"Brau-2015",0.600186746724963,7,4,"DM","M3","CV1"
"Brau-2016",0.802007753650372,7,4,"DM","M3","CV1"
"Aber-2015",0.715761161770976,7,4,"FW","M3","CV1"
"Aber-2016",0.681262065152637,7,4,"FW","M3","CV1"
"Brau-2014",0.423267075990227,7,4,"FW","M3","CV1"
"Brau-2015",0.581865159734872,7,4,"FW","M3","CV1"
"Brau-2016",0.834642998295639,7,4,"FW","M3","CV1"
"Aber-2015",0.243901324051419,7,4,"MC","M3","CV1"
"Aber-2016",0.26986201191612,7,4,"MC","M3","CV1"
"Brau-2014",0.589188829523789,7,4,"MC","M3","CV1"
"Brau-2015",0.467044819026369,7,4,"MC","M3","CV1"
"Brau-2016",0.0144917553451354,7,4,"MC","M3","CV1"
"Aber-2015",0.87279983133602,7,4,"DM","M1","CV2"
"Aber-2016",0.875530024565548,7,4,"DM","M1","CV2"
"Brau-2014",0.610579223960976,7,4,"DM","M1","CV2"
"Brau-2015",0.432915443436858,7,4,"DM","M1","CV2"
"Brau-2016",0.491888372065788,7,4,"DM","M1","CV2"
"Aber-2015",0.867480548634363,7,4,"FW","M1","CV2"
"Aber-2016",0.916810283526283,7,4,"FW","M1","CV2"
"Brau-2014",0.559689805741347,7,4,"FW","M1","CV2"
"Brau-2015",0.532555579132283,7,4,"FW","M1","CV2"
"Brau-2016",0.372873645092012,7,4,"FW","M1","CV2"
"Aber-2015",0.683031409265023,7,4,"MC","M1","CV2"
"Aber-2016",0.830934688497343,7,4,"MC","M1","CV2"
"Brau-2014",0.738549164662541,7,4,"MC","M1","CV2"
"Brau-2015",0.594455319763327,7,4,"MC","M1","CV2"
"Brau-2016",0.579916151802207,7,4,"MC","M1","CV2"
"Aber-2015",0.879918478632867,7,4,"DM","M2","CV2"
"Aber-2016",0.878646785492755,7,4,"DM","M2","CV2"
"Brau-2014",0.610167352600592,7,4,"DM","M2","CV2"
"Brau-2015",0.436798107966422,7,4,"DM","M2","CV2"
"Brau-2016",0.492751842411579,7,4,"DM","M2","CV2"
"Aber-2015",0.874255973444955,7,4,"FW","M2","CV2"
"Aber-2016",0.919537574251278,7,4,"FW","M2","CV2"
"Brau-2014",0.561154272400646,7,4,"FW","M2","CV2"
"Brau-2015",0.537701223619026,7,4,"FW","M2","CV2"
"Brau-2016",0.387872411042607,7,4,"FW","M2","CV2"
"Aber-2015",0.684563762065716,7,4,"MC","M2","CV2"
"Aber-2016",0.840889087950353,7,4,"MC","M2","CV2"
"Brau-2014",0.741909103693857,7,4,"MC","M2","CV2"
"Brau-2015",0.609505070075778,7,4,"MC","M2","CV2"
"Brau-2016",0.562670313076149,7,4,"MC","M2","CV2"
"Aber-2015",0.89412408543106,7,4,"DM","M3","CV2"
"Aber-2016",0.902773553927634,7,4,"DM","M3","CV2"
"Brau-2014",0.683309574140159,7,4,"DM","M3","CV2"
"Brau-2015",0.427198111449638,7,4,"DM","M3","CV2"
"Brau-2016",0.519133635781115,7,4,"DM","M3","CV2"
"Aber-2015",0.895020694844374,7,4,"FW","M3","CV2"
"Aber-2016",0.918800180288585,7,4,"FW","M3","CV2"
"Brau-2014",0.670374547447919,7,4,"FW","M3","CV2"
"Brau-2015",0.543361532950565,7,4,"FW","M3","CV2"
"Brau-2016",0.438856290368017,7,4,"FW","M3","CV2"
"Aber-2015",0.666527084627969,7,4,"MC","M3","CV2"
"Aber-2016",0.84032974243625,7,4,"MC","M3","CV2"
"Brau-2014",0.727580133067525,7,4,"MC","M3","CV2"
"Brau-2015",0.706370569412938,7,4,"MC","M3","CV2"
"Brau-2016",0.50529384892512,7,4,"MC","M3","CV2"
"Aber-2015",0.483421189192921,8,4,"DM","M1","CV1"
"Aber-2016",0.26887909723256,8,4,"DM","M1","CV1"
"Brau-2014",0.182155413253882,8,4,"DM","M1","CV1"
"Brau-2015",0.322662658606357,8,4,"DM","M1","CV1"
"Brau-2016",-0.630458735858339,8,4,"DM","M1","CV1"
"Aber-2015",0.467102825922223,8,4,"FW","M1","CV1"
"Aber-2016",0.304556335167172,8,4,"FW","M1","CV1"
"Brau-2014",0.0683183905318979,8,4,"FW","M1","CV1"
"Brau-2015",0.23710609228936,8,4,"FW","M1","CV1"
"Brau-2016",-0.515505865525615,8,4,"FW","M1","CV1"
"Aber-2015",0.413483962257093,8,4,"MC","M1","CV1"
"Aber-2016",0.522687838511521,8,4,"MC","M1","CV1"
"Brau-2014",0.428714615434013,8,4,"MC","M1","CV1"
"Brau-2015",0.271058277783659,8,4,"MC","M1","CV1"
"Brau-2016",0.104122146455109,8,4,"MC","M1","CV1"
"Aber-2015",0.545029819091318,8,4,"DM","M2","CV1"
"Aber-2016",0.388009864655276,8,4,"DM","M2","CV1"
"Brau-2014",0.245031367590632,8,4,"DM","M2","CV1"
"Brau-2015",0.333314365798294,8,4,"DM","M2","CV1"
"Brau-2016",-0.173204831579157,8,4,"DM","M2","CV1"
"Aber-2015",0.571628853366369,8,4,"FW","M2","CV1"
"Aber-2016",0.446143312117644,8,4,"FW","M2","CV1"
"Brau-2014",0.112018472706531,8,4,"FW","M2","CV1"
"Brau-2015",0.280963599030527,8,4,"FW","M2","CV1"
"Brau-2016",-0.207389278866672,8,4,"FW","M2","CV1"
"Aber-2015",0.47292268541133,8,4,"MC","M2","CV1"
"Aber-2016",0.597477706595828,8,4,"MC","M2","CV1"
"Brau-2014",0.44447912772605,8,4,"MC","M2","CV1"
"Brau-2015",0.374544399290304,8,4,"MC","M2","CV1"
"Brau-2016",0.131689726154815,8,4,"MC","M2","CV1"
"Aber-2015",0.573711018672299,8,4,"DM","M3","CV1"
"Aber-2016",0.418374009152263,8,4,"DM","M3","CV1"
"Brau-2014",0.591757738555325,8,4,"DM","M3","CV1"
"Brau-2015",0.423263847976412,8,4,"DM","M3","CV1"
"Brau-2016",-0.101586111321399,8,4,"DM","M3","CV1"
"Aber-2015",0.580450071643216,8,4,"FW","M3","CV1"
"Aber-2016",0.467249343572869,8,4,"FW","M3","CV1"
"Brau-2014",0.547815734022232,8,4,"FW","M3","CV1"
"Brau-2015",0.369888403148615,8,4,"FW","M3","CV1"
"Brau-2016",-0.0743744283349209,8,4,"FW","M3","CV1"
"Aber-2015",0.51514764970758,8,4,"MC","M3","CV1"
"Aber-2016",0.679353470240635,8,4,"MC","M3","CV1"
"Brau-2014",0.486704787021002,8,4,"MC","M3","CV1"
"Brau-2015",0.534915625847002,8,4,"MC","M3","CV1"
"Brau-2016",0.161867032164335,8,4,"MC","M3","CV1"
"Aber-2015",0.577108463828251,8,4,"DM","M1","CV2"
"Aber-2016",0.524327134804557,8,4,"DM","M1","CV2"
"Brau-2014",0.652775874296284,8,4,"DM","M1","CV2"
"Brau-2015",0.77477015371208,8,4,"DM","M1","CV2"
"Brau-2016",0.781203106339767,8,4,"DM","M1","CV2"
"Aber-2015",0.637386303910629,8,4,"FW","M1","CV2"
"Aber-2016",0.599152009145047,8,4,"FW","M1","CV2"
"Brau-2014",0.552883098124753,8,4,"FW","M1","CV2"
"Brau-2015",0.780205141160837,8,4,"FW","M1","CV2"
"Brau-2016",0.768838917923573,8,4,"FW","M1","CV2"
"Aber-2015",0.716947071582348,8,4,"MC","M1","CV2"
"Aber-2016",0.804405621754594,8,4,"MC","M1","CV2"
"Brau-2014",0.603809031203833,8,4,"MC","M1","CV2"
"Brau-2015",0.750548121793037,8,4,"MC","M1","CV2"
"Brau-2016",0.417567553147095,8,4,"MC","M1","CV2"
"Aber-2015",0.57836551247283,8,4,"DM","M2","CV2"
"Aber-2016",0.525913217704634,8,4,"DM","M2","CV2"
"Brau-2014",0.646259048035751,8,4,"DM","M2","CV2"
"Brau-2015",0.774533515386747,8,4,"DM","M2","CV2"
"Brau-2016",0.785546378902256,8,4,"DM","M2","CV2"
"Aber-2015",0.637322621602387,8,4,"FW","M2","CV2"
"Aber-2016",0.594191783122101,8,4,"FW","M2","CV2"
"Brau-2014",0.534741777971804,8,4,"FW","M2","CV2"
"Brau-2015",0.781991681141609,8,4,"FW","M2","CV2"
"Brau-2016",0.766813921587723,8,4,"FW","M2","CV2"
"Aber-2015",0.719409431649843,8,4,"MC","M2","CV2"
"Aber-2016",0.803925663121645,8,4,"MC","M2","CV2"
"Brau-2014",0.600375300490803,8,4,"MC","M2","CV2"
"Brau-2015",0.755303951456781,8,4,"MC","M2","CV2"
"Brau-2016",0.414960879933313,8,4,"MC","M2","CV2"
"Aber-2015",0.688824516603101,8,4,"DM","M3","CV2"
"Aber-2016",0.547724471433646,8,4,"DM","M3","CV2"
"Brau-2014",0.68226161925522,8,4,"DM","M3","CV2"
"Brau-2015",0.802270270235815,8,4,"DM","M3","CV2"
"Brau-2016",0.773332444708838,8,4,"DM","M3","CV2"
"Aber-2015",0.728468375473264,8,4,"FW","M3","CV2"
"Aber-2016",0.596511340986477,8,4,"FW","M3","CV2"
"Brau-2014",0.615913473229076,8,4,"FW","M3","CV2"
"Brau-2015",0.801249800879307,8,4,"FW","M3","CV2"
"Brau-2016",0.818069435160255,8,4,"FW","M3","CV2"
"Aber-2015",0.745634373575618,8,4,"MC","M3","CV2"
"Aber-2016",0.771151005882004,8,4,"MC","M3","CV2"
"Brau-2014",0.596597694429128,8,4,"MC","M3","CV2"
"Brau-2015",0.70979151743895,8,4,"MC","M3","CV2"
"Brau-2016",0.383977526048359,8,4,"MC","M3","CV2"
"Aber-2015",0.647140215560977,9,4,"DM","M1","CV1"
"Aber-2016",0.297125143470871,9,4,"DM","M1","CV1"
"Brau-2014",0.50630473491239,9,4,"DM","M1","CV1"
"Brau-2015",0.362198173443482,9,4,"DM","M1","CV1"
"Brau-2016",-0.0562012992384802,9,4,"DM","M1","CV1"
"Aber-2015",0.684319650348855,9,4,"FW","M1","CV1"
"Aber-2016",0.369898070752,9,4,"FW","M1","CV1"
"Brau-2014",0.363025574563804,9,4,"FW","M1","CV1"
"Brau-2015",0.298253578685484,9,4,"FW","M1","CV1"
"Brau-2016",-0.0132155860098908,9,4,"FW","M1","CV1"
"Aber-2015",0.377358337071353,9,4,"MC","M1","CV1"
"Aber-2016",0.194303062967089,9,4,"MC","M1","CV1"
"Brau-2014",0.518616274647448,9,4,"MC","M1","CV1"
"Brau-2015",0.0965079096605084,9,4,"MC","M1","CV1"
"Brau-2016",-0.0768150764063138,9,4,"MC","M1","CV1"
"Aber-2015",0.707112865801593,9,4,"DM","M2","CV1"
"Aber-2016",0.34161746446349,9,4,"DM","M2","CV1"
"Brau-2014",0.468483096860834,9,4,"DM","M2","CV1"
"Brau-2015",0.383369820652528,9,4,"DM","M2","CV1"
"Brau-2016",0.0794631519460205,9,4,"DM","M2","CV1"
"Aber-2015",0.761874699569146,9,4,"FW","M2","CV1"
"Aber-2016",0.436930668394368,9,4,"FW","M2","CV1"
"Brau-2014",0.3198113597458,9,4,"FW","M2","CV1"
"Brau-2015",0.341475086674507,9,4,"FW","M2","CV1"
"Brau-2016",0.151648315299403,9,4,"FW","M2","CV1"
"Aber-2015",0.415369773462665,9,4,"MC","M2","CV1"
"Aber-2016",0.265913612864207,9,4,"MC","M2","CV1"
"Brau-2014",0.576129114030047,9,4,"MC","M2","CV1"
"Brau-2015",0.171900989541244,9,4,"MC","M2","CV1"
"Brau-2016",0.00471163729099271,9,4,"MC","M2","CV1"
"Aber-2015",0.788253429453824,9,4,"DM","M3","CV1"
"Aber-2016",0.465122984762637,9,4,"DM","M3","CV1"
"Brau-2014",0.666409599636252,9,4,"DM","M3","CV1"
"Brau-2015",0.390572407843617,9,4,"DM","M3","CV1"
"Brau-2016",0.109045151598314,9,4,"DM","M3","CV1"
"Aber-2015",0.788746178268518,9,4,"FW","M3","CV1"
"Aber-2016",0.574911697354758,9,4,"FW","M3","CV1"
"Brau-2014",0.64862916768583,9,4,"FW","M3","CV1"
"Brau-2015",0.371389997369238,9,4,"FW","M3","CV1"
"Brau-2016",0.189160670294081,9,4,"FW","M3","CV1"
"Aber-2015",0.460398948266774,9,4,"MC","M3","CV1"
"Aber-2016",0.259964687191014,9,4,"MC","M3","CV1"
"Brau-2014",0.419675903358774,9,4,"MC","M3","CV1"
"Brau-2015",0.202668899474596,9,4,"MC","M3","CV1"
"Brau-2016",0.152723698308043,9,4,"MC","M3","CV1"
"Aber-2015",0.601765868177743,9,4,"DM","M1","CV2"
"Aber-2016",0.766930439980744,9,4,"DM","M1","CV2"
"Brau-2014",0.394059039486354,9,4,"DM","M1","CV2"
"Brau-2015",0.7427067122504,9,4,"DM","M1","CV2"
"Brau-2016",0.771815213775473,9,4,"DM","M1","CV2"
"Aber-2015",0.627732300611299,9,4,"FW","M1","CV2"
"Aber-2016",0.763220485469671,9,4,"FW","M1","CV2"
"Brau-2014",0.391754027261369,9,4,"FW","M1","CV2"
"Brau-2015",0.74809461930764,9,4,"FW","M1","CV2"
"Brau-2016",0.661616787797665,9,4,"FW","M1","CV2"
"Aber-2015",0.713244304596034,9,4,"MC","M1","CV2"
"Aber-2016",0.818492942082524,9,4,"MC","M1","CV2"
"Brau-2014",0.52975752908662,9,4,"MC","M1","CV2"
"Brau-2015",0.813292655267842,9,4,"MC","M1","CV2"
"Brau-2016",0.390945188226781,9,4,"MC","M1","CV2"
"Aber-2015",0.605654598948581,9,4,"DM","M2","CV2"
"Aber-2016",0.782727575668073,9,4,"DM","M2","CV2"
"Brau-2014",0.402427161507106,9,4,"DM","M2","CV2"
"Brau-2015",0.752947414624461,9,4,"DM","M2","CV2"
"Brau-2016",0.77663556134884,9,4,"DM","M2","CV2"
"Aber-2015",0.630454397600305,9,4,"FW","M2","CV2"
"Aber-2016",0.782882445618974,9,4,"FW","M2","CV2"
"Brau-2014",0.400449082270455,9,4,"FW","M2","CV2"
"Brau-2015",0.759378467276955,9,4,"FW","M2","CV2"
"Brau-2016",0.677687582704424,9,4,"FW","M2","CV2"
"Aber-2015",0.684556090875857,9,4,"MC","M2","CV2"
"Aber-2016",0.818405487253525,9,4,"MC","M2","CV2"
"Brau-2014",0.554613082917967,9,4,"MC","M2","CV2"
"Brau-2015",0.820537265248893,9,4,"MC","M2","CV2"
"Brau-2016",0.408521290052838,9,4,"MC","M2","CV2"
"Aber-2015",0.629985193611308,9,4,"DM","M3","CV2"
"Aber-2016",0.799910110825653,9,4,"DM","M3","CV2"
"Brau-2014",0.504868073550737,9,4,"DM","M3","CV2"
"Brau-2015",0.780069825234729,9,4,"DM","M3","CV2"
"Brau-2016",0.826582588978719,9,4,"DM","M3","CV2"
"Aber-2015",0.645948839046281,9,4,"FW","M3","CV2"
"Aber-2016",0.796218854212892,9,4,"FW","M3","CV2"
"Brau-2014",0.536639216212887,9,4,"FW","M3","CV2"
"Brau-2015",0.787123692735511,9,4,"FW","M3","CV2"
"Brau-2016",0.790401913891665,9,4,"FW","M3","CV2"
"Aber-2015",0.688288372174985,9,4,"MC","M3","CV2"
"Aber-2016",0.823610308898466,9,4,"MC","M3","CV2"
"Brau-2014",0.568091220196732,9,4,"MC","M3","CV2"
"Brau-2015",0.866790563465418,9,4,"MC","M3","CV2"
"Brau-2016",0.504912644025146,9,4,"MC","M3","CV2"
"Aber-2015",0.429555364802302,10,4,"DM","M1","CV1"
"Aber-2016",0.407731984300817,10,4,"DM","M1","CV1"
"Brau-2014",0.778962485362684,10,4,"DM","M1","CV1"
"Brau-2015",0.373026369811526,10,4,"DM","M1","CV1"
"Brau-2016",0.26845869181053,10,4,"DM","M1","CV1"
"Aber-2015",0.423467160145051,10,4,"FW","M1","CV1"
"Aber-2016",0.418287833308544,10,4,"FW","M1","CV1"
"Brau-2014",0.755067916792934,10,4,"FW","M1","CV1"
"Brau-2015",0.370821253356701,10,4,"FW","M1","CV1"
"Brau-2016",0.254250199359113,10,4,"FW","M1","CV1"
"Aber-2015",0.581694551428995,10,4,"MC","M1","CV1"
"Aber-2016",0.457577501377484,10,4,"MC","M1","CV1"
"Brau-2014",0.375238880654144,10,4,"MC","M1","CV1"
"Brau-2015",0.498252806761808,10,4,"MC","M1","CV1"
"Brau-2016",0.294481857942115,10,4,"MC","M1","CV1"
"Aber-2015",0.458900914296682,10,4,"DM","M2","CV1"
"Aber-2016",0.468474223515743,10,4,"DM","M2","CV1"
"Brau-2014",0.746672048811926,10,4,"DM","M2","CV1"
"Brau-2015",0.405866314430574,10,4,"DM","M2","CV1"
"Brau-2016",0.28406383454625,10,4,"DM","M2","CV1"
"Aber-2015",0.459229928105982,10,4,"FW","M2","CV1"
"Aber-2016",0.484025184592919,10,4,"FW","M2","CV1"
"Brau-2014",0.717316948321824,10,4,"FW","M2","CV1"
"Brau-2015",0.431561167378612,10,4,"FW","M2","CV1"
"Brau-2016",0.328982781009173,10,4,"FW","M2","CV1"
"Aber-2015",0.667691610936834,10,4,"MC","M2","CV1"
"Aber-2016",0.526707262375407,10,4,"MC","M2","CV1"
"Brau-2014",0.438441707975375,10,4,"MC","M2","CV1"
"Brau-2015",0.592612840469703,10,4,"MC","M2","CV1"
"Brau-2016",0.34606985259946,10,4,"MC","M2","CV1"
"Aber-2015",0.620845857303036,10,4,"DM","M3","CV1"
"Aber-2016",0.518303154815535,10,4,"DM","M3","CV1"
"Brau-2014",0.769536784550487,10,4,"DM","M3","CV1"
"Brau-2015",0.375552963582051,10,4,"DM","M3","CV1"
"Brau-2016",0.290311455036312,10,4,"DM","M3","CV1"
"Aber-2015",0.60483642533502,10,4,"FW","M3","CV1"
"Aber-2016",0.545439459784426,10,4,"FW","M3","CV1"
"Brau-2014",0.765763997759391,10,4,"FW","M3","CV1"
"Brau-2015",0.386552567047662,10,4,"FW","M3","CV1"
"Brau-2016",0.371978541169749,10,4,"FW","M3","CV1"
"Aber-2015",0.667983565012888,10,4,"MC","M3","CV1"
"Aber-2016",0.564319301496716,10,4,"MC","M3","CV1"
"Brau-2014",0.45208428349774,10,4,"MC","M3","CV1"
"Brau-2015",0.628975410969691,10,4,"MC","M3","CV1"
"Brau-2016",0.246228285702518,10,4,"MC","M3","CV1"
"Aber-2015",0.72625291783065,10,4,"DM","M1","CV2"
"Aber-2016",0.305215835765695,10,4,"DM","M1","CV2"
"Brau-2014",0.413113700052939,10,4,"DM","M1","CV2"
"Brau-2015",0.71839358988716,10,4,"DM","M1","CV2"
"Brau-2016",0.712608341011092,10,4,"DM","M1","CV2"
"Aber-2015",0.689762435648938,10,4,"FW","M1","CV2"
"Aber-2016",0.252232080574341,10,4,"FW","M1","CV2"
"Brau-2014",0.393449471032549,10,4,"FW","M1","CV2"
"Brau-2015",0.715006505658053,10,4,"FW","M1","CV2"
"Brau-2016",0.638105698036458,10,4,"FW","M1","CV2"
"Aber-2015",0.850859749728327,10,4,"MC","M1","CV2"
"Aber-2016",0.673279923464493,10,4,"MC","M1","CV2"
"Brau-2014",0.297163117918484,10,4,"MC","M1","CV2"
"Brau-2015",0.646242488731579,10,4,"MC","M1","CV2"
"Brau-2016",0.25455195610301,10,4,"MC","M1","CV2"
"Aber-2015",0.712315641153443,10,4,"DM","M2","CV2"
"Aber-2016",0.339264191639371,10,4,"DM","M2","CV2"
"Brau-2014",0.402080994388877,10,4,"DM","M2","CV2"
"Brau-2015",0.716016844363382,10,4,"DM","M2","CV2"
"Brau-2016",0.721565440587832,10,4,"DM","M2","CV2"
"Aber-2015",0.678676981460966,10,4,"FW","M2","CV2"
"Aber-2016",0.285937035019602,10,4,"FW","M2","CV2"
"Brau-2014",0.379697538800323,10,4,"FW","M2","CV2"
"Brau-2015",0.714617820437188,10,4,"FW","M2","CV2"
"Brau-2016",0.652997609557363,10,4,"FW","M2","CV2"
"Aber-2015",0.860965452200898,10,4,"MC","M2","CV2"
"Aber-2016",0.707333580729289,10,4,"MC","M2","CV2"
"Brau-2014",0.297718626828955,10,4,"MC","M2","CV2"
"Brau-2015",0.679482310579052,10,4,"MC","M2","CV2"
"Brau-2016",0.2664373989511,10,4,"MC","M2","CV2"
"Aber-2015",0.772174450152852,10,4,"DM","M3","CV2"
"Aber-2016",0.471236867699551,10,4,"DM","M3","CV2"
"Brau-2014",0.563482990880932,10,4,"DM","M3","CV2"
"Brau-2015",0.718625212571244,10,4,"DM","M3","CV2"
"Brau-2016",0.733501828025945,10,4,"DM","M3","CV2"
"Aber-2015",0.731048385023775,10,4,"FW","M3","CV2"
"Aber-2016",0.445860674231642,10,4,"FW","M3","CV2"
"Brau-2014",0.559920966801473,10,4,"FW","M3","CV2"
"Brau-2015",0.709841977005812,10,4,"FW","M3","CV2"
"Brau-2016",0.649886634891921,10,4,"FW","M3","CV2"
"Aber-2015",0.848565889308733,10,4,"MC","M3","CV2"
"Aber-2016",0.645592876503264,10,4,"MC","M3","CV2"
"Brau-2014",0.221484121418558,10,4,"MC","M3","CV2"
"Brau-2015",0.699647470667551,10,4,"MC","M3","CV2"
"Brau-2016",0.270623072695388,10,4,"MC","M3","CV2"
"Aber-2015",0.668245594234893,1,5,"DM","M1","CV1"
"Aber-2016",0.460386558583651,1,5,"DM","M1","CV1"
"Brau-2014",0.697123210624735,1,5,"DM","M1","CV1"
"Brau-2015",0.605911522673895,1,5,"DM","M1","CV1"
"Brau-2016",0.37945075866906,1,5,"DM","M1","CV1"
"Aber-2015",0.550065174745791,1,5,"FW","M1","CV1"
"Aber-2016",0.428082814480674,1,5,"FW","M1","CV1"
"Brau-2014",0.69600744005111,1,5,"FW","M1","CV1"
"Brau-2015",0.595445745092904,1,5,"FW","M1","CV1"
"Brau-2016",0.389030403235474,1,5,"FW","M1","CV1"
"Aber-2015",0.384020611892294,1,5,"MC","M1","CV1"
"Aber-2016",0.37548840888662,1,5,"MC","M1","CV1"
"Brau-2014",0.7228329125467,1,5,"MC","M1","CV1"
"Brau-2015",0.393917375021656,1,5,"MC","M1","CV1"
"Brau-2016",-0.246783775275295,1,5,"MC","M1","CV1"
"Aber-2015",0.694660424255237,1,5,"DM","M2","CV1"
"Aber-2016",0.484004596228334,1,5,"DM","M2","CV1"
"Brau-2014",0.692446836750357,1,5,"DM","M2","CV1"
"Brau-2015",0.640630964848006,1,5,"DM","M2","CV1"
"Brau-2016",0.432723489096129,1,5,"DM","M2","CV1"
"Aber-2015",0.597801451626023,1,5,"FW","M2","CV1"
"Aber-2016",0.46778682112947,1,5,"FW","M2","CV1"
"Brau-2014",0.686704313753798,1,5,"FW","M2","CV1"
"Brau-2015",0.645281525556892,1,5,"FW","M2","CV1"
"Brau-2016",0.457840524994206,1,5,"FW","M2","CV1"
"Aber-2015",0.532289416611167,1,5,"MC","M2","CV1"
"Aber-2016",0.490975454168324,1,5,"MC","M2","CV1"
"Brau-2014",0.717358312696609,1,5,"MC","M2","CV1"
"Brau-2015",0.485664082937411,1,5,"MC","M2","CV1"
"Brau-2016",-0.227935210001084,1,5,"MC","M2","CV1"
"Aber-2015",0.783460375683886,1,5,"DM","M3","CV1"
"Aber-2016",0.561381938912232,1,5,"DM","M3","CV1"
"Brau-2014",0.771524751633998,1,5,"DM","M3","CV1"
"Brau-2015",0.61196312766489,1,5,"DM","M3","CV1"
"Brau-2016",0.41104441625955,1,5,"DM","M3","CV1"
"Aber-2015",0.697821244973879,1,5,"FW","M3","CV1"
"Aber-2016",0.563284670177658,1,5,"FW","M3","CV1"
"Brau-2014",0.795855227237881,1,5,"FW","M3","CV1"
"Brau-2015",0.60922544642718,1,5,"FW","M3","CV1"
"Brau-2016",0.533269242013255,1,5,"FW","M3","CV1"
"Aber-2015",0.50899123999172,1,5,"MC","M3","CV1"
"Aber-2016",0.51198709393021,1,5,"MC","M3","CV1"
"Brau-2014",0.72370651073349,1,5,"MC","M3","CV1"
"Brau-2015",0.564220005029907,1,5,"MC","M3","CV1"
"Brau-2016",-0.0946378249478912,1,5,"MC","M3","CV1"
"Aber-2015",0.642355075880279,1,5,"DM","M1","CV2"
"Aber-2016",0.641067670771488,1,5,"DM","M1","CV2"
"Brau-2014",0.636768475146546,1,5,"DM","M1","CV2"
"Brau-2015",0.788661451849953,1,5,"DM","M1","CV2"
"Brau-2016",0.410901700355998,1,5,"DM","M1","CV2"
"Aber-2015",0.680563968989336,1,5,"FW","M1","CV2"
"Aber-2016",0.713833836698519,1,5,"FW","M1","CV2"
"Brau-2014",0.572682946113721,1,5,"FW","M1","CV2"
"Brau-2015",0.800868876195465,1,5,"FW","M1","CV2"
"Brau-2016",0.368769456427638,1,5,"FW","M1","CV2"
"Aber-2015",0.746146488706447,1,5,"MC","M1","CV2"
"Aber-2016",0.872348911431185,1,5,"MC","M1","CV2"
"Brau-2014",0.332873442601165,1,5,"MC","M1","CV2"
"Brau-2015",0.732501840719469,1,5,"MC","M1","CV2"
"Brau-2016",0.332107429500338,1,5,"MC","M1","CV2"
"Aber-2015",0.620175566182345,1,5,"DM","M2","CV2"
"Aber-2016",0.621751497873307,1,5,"DM","M2","CV2"
"Brau-2014",0.640713858255115,1,5,"DM","M2","CV2"
"Brau-2015",0.789476945309019,1,5,"DM","M2","CV2"
"Brau-2016",0.424840717954063,1,5,"DM","M2","CV2"
"Aber-2015",0.657344756421438,1,5,"FW","M2","CV2"
"Aber-2016",0.700373126117294,1,5,"FW","M2","CV2"
"Brau-2014",0.579678794895876,1,5,"FW","M2","CV2"
"Brau-2015",0.797694548834564,1,5,"FW","M2","CV2"
"Brau-2016",0.378693907265698,1,5,"FW","M2","CV2"
"Aber-2015",0.745801469680339,1,5,"MC","M2","CV2"
"Aber-2016",0.872584967209951,1,5,"MC","M2","CV2"
"Brau-2014",0.33559131798485,1,5,"MC","M2","CV2"
"Brau-2015",0.736047570271193,1,5,"MC","M2","CV2"
"Brau-2016",0.330045492337742,1,5,"MC","M2","CV2"
"Aber-2015",0.754657139523551,1,5,"DM","M3","CV2"
"Aber-2016",0.637254789885533,1,5,"DM","M3","CV2"
"Brau-2014",0.699169702209796,1,5,"DM","M3","CV2"
"Brau-2015",0.786792794401401,1,5,"DM","M3","CV2"
"Brau-2016",0.422288733908328,1,5,"DM","M3","CV2"
"Aber-2015",0.768055314048167,1,5,"FW","M3","CV2"
"Aber-2016",0.705958511405315,1,5,"FW","M3","CV2"
"Brau-2014",0.633842724057715,1,5,"FW","M3","CV2"
"Brau-2015",0.794344352780221,1,5,"FW","M3","CV2"
"Brau-2016",0.334327017674847,1,5,"FW","M3","CV2"
"Aber-2015",0.787510105273375,1,5,"MC","M3","CV2"
"Aber-2016",0.866652388082386,1,5,"MC","M3","CV2"
"Brau-2014",0.340975481759748,1,5,"MC","M3","CV2"
"Brau-2015",0.77188090557213,1,5,"MC","M3","CV2"
"Brau-2016",0.440062033091916,1,5,"MC","M3","CV2"
"Aber-2015",0.754415548861492,2,5,"DM","M1","CV1"
"Aber-2016",0.612455061420333,2,5,"DM","M1","CV1"
"Brau-2014",0.323760854487012,2,5,"DM","M1","CV1"
"Brau-2015",0.403556864348036,2,5,"DM","M1","CV1"
"Brau-2016",0.441045750665021,2,5,"DM","M1","CV1"
"Aber-2015",0.649974268476588,2,5,"FW","M1","CV1"
"Aber-2016",0.599756478488208,2,5,"FW","M1","CV1"
"Brau-2014",0.326722382392413,2,5,"FW","M1","CV1"
"Brau-2015",0.40971317435763,2,5,"FW","M1","CV1"
"Brau-2016",0.335379818264324,2,5,"FW","M1","CV1"
"Aber-2015",0.546038420424703,2,5,"MC","M1","CV1"
"Aber-2016",0.600013777847801,2,5,"MC","M1","CV1"
"Brau-2014",0.654923619985047,2,5,"MC","M1","CV1"
"Brau-2015",0.498628019635927,2,5,"MC","M1","CV1"
"Brau-2016",-0.060164373358037,2,5,"MC","M1","CV1"
"Aber-2015",0.743168366749752,2,5,"DM","M2","CV1"
"Aber-2016",0.62255991729981,2,5,"DM","M2","CV1"
"Brau-2014",0.312573335493772,2,5,"DM","M2","CV1"
"Brau-2015",0.435638526829179,2,5,"DM","M2","CV1"
"Brau-2016",0.478026018503038,2,5,"DM","M2","CV1"
"Aber-2015",0.655097444902757,2,5,"FW","M2","CV1"
"Aber-2016",0.618485834483378,2,5,"FW","M2","CV1"
"Brau-2014",0.30221249168681,2,5,"FW","M2","CV1"
"Brau-2015",0.44379596613669,2,5,"FW","M2","CV1"
"Brau-2016",0.398972200211108,2,5,"FW","M2","CV1"
"Aber-2015",0.610337839057784,2,5,"MC","M2","CV1"
"Aber-2016",0.63978514810209,2,5,"MC","M2","CV1"
"Brau-2014",0.623127036836979,2,5,"MC","M2","CV1"
"Brau-2015",0.567971152258267,2,5,"MC","M2","CV1"
"Brau-2016",0.0908750591503452,2,5,"MC","M2","CV1"
"Aber-2015",0.744572126760849,2,5,"DM","M3","CV1"
"Aber-2016",0.568551789440071,2,5,"DM","M3","CV1"
"Brau-2014",0.398195014252772,2,5,"DM","M3","CV1"
"Brau-2015",0.441008058423915,2,5,"DM","M3","CV1"
"Brau-2016",0.521143569972574,2,5,"DM","M3","CV1"
"Aber-2015",0.693762782113247,2,5,"FW","M3","CV1"
"Aber-2016",0.583702320345758,2,5,"FW","M3","CV1"
"Brau-2014",0.416030224758022,2,5,"FW","M3","CV1"
"Brau-2015",0.428587601891271,2,5,"FW","M3","CV1"
"Brau-2016",0.480291408540617,2,5,"FW","M3","CV1"
"Aber-2015",0.613696045141316,2,5,"MC","M3","CV1"
"Aber-2016",0.696067604198432,2,5,"MC","M3","CV1"
"Brau-2014",0.657517251946324,2,5,"MC","M3","CV1"
"Brau-2015",0.649660978623369,2,5,"MC","M3","CV1"
"Brau-2016",0.296202400777158,2,5,"MC","M3","CV1"
"Aber-2015",0.667593721077882,2,5,"DM","M1","CV2"
"Aber-2016",0.636429402335652,2,5,"DM","M1","CV2"
"Brau-2014",0.625477152832598,2,5,"DM","M1","CV2"
"Brau-2015",0.409408268972634,2,5,"DM","M1","CV2"
"Brau-2016",0.317502368102954,2,5,"DM","M1","CV2"
"Aber-2015",0.728552132143421,2,5,"FW","M1","CV2"
"Aber-2016",0.619268770954209,2,5,"FW","M1","CV2"
"Brau-2014",0.601251456329729,2,5,"FW","M1","CV2"
"Brau-2015",0.606275552884225,2,5,"FW","M1","CV2"
"Brau-2016",0.245453045121797,2,5,"FW","M1","CV2"
"Aber-2015",0.829064527656027,2,5,"MC","M1","CV2"
"Aber-2016",0.812709432713442,2,5,"MC","M1","CV2"
"Brau-2014",0.656849179287489,2,5,"MC","M1","CV2"
"Brau-2015",0.731792527659999,2,5,"MC","M1","CV2"
"Brau-2016",0.315500822285248,2,5,"MC","M1","CV2"
"Aber-2015",0.641655876645862,2,5,"DM","M2","CV2"
"Aber-2016",0.634150702599376,2,5,"DM","M2","CV2"
"Brau-2014",0.611205821716415,2,5,"DM","M2","CV2"
"Brau-2015",0.423976248010771,2,5,"DM","M2","CV2"
"Brau-2016",0.317028011849244,2,5,"DM","M2","CV2"
"Aber-2015",0.710470988236703,2,5,"FW","M2","CV2"
"Aber-2016",0.619522318185097,2,5,"FW","M2","CV2"
"Brau-2014",0.586787588097298,2,5,"FW","M2","CV2"
"Brau-2015",0.616803661381399,2,5,"FW","M2","CV2"
"Brau-2016",0.254272858112104,2,5,"FW","M2","CV2"
"Aber-2015",0.818130678158486,2,5,"MC","M2","CV2"
"Aber-2016",0.80814988438594,2,5,"MC","M2","CV2"
"Brau-2014",0.662659893491848,2,5,"MC","M2","CV2"
"Brau-2015",0.726061712811871,2,5,"MC","M2","CV2"
"Brau-2016",0.287684480367676,2,5,"MC","M2","CV2"
"Aber-2015",0.669887413666516,2,5,"DM","M3","CV2"
"Aber-2016",0.641281768854381,2,5,"DM","M3","CV2"
"Brau-2014",0.746586583543355,2,5,"DM","M3","CV2"
"Brau-2015",0.468648648362564,2,5,"DM","M3","CV2"
"Brau-2016",0.354144889100577,2,5,"DM","M3","CV2"
"Aber-2015",0.733149486646973,2,5,"FW","M3","CV2"
"Aber-2016",0.64653549822619,2,5,"FW","M3","CV2"
"Brau-2014",0.729414943256338,2,5,"FW","M3","CV2"
"Brau-2015",0.661369765732292,2,5,"FW","M3","CV2"
"Brau-2016",0.306390255722908,2,5,"FW","M3","CV2"
"Aber-2015",0.789955649690608,2,5,"MC","M3","CV2"
"Aber-2016",0.768163511860973,2,5,"MC","M3","CV2"
"Brau-2014",0.62226036031391,2,5,"MC","M3","CV2"
"Brau-2015",0.741735091468312,2,5,"MC","M3","CV2"
"Brau-2016",0.350663094219786,2,5,"MC","M3","CV2"
"Aber-2015",0.46675881644281,3,5,"DM","M1","CV1"
"Aber-2016",0.284190097729712,3,5,"DM","M1","CV1"
"Brau-2014",0.428226445121148,3,5,"DM","M1","CV1"
"Brau-2015",0.457002612317444,3,5,"DM","M1","CV1"
"Brau-2016",0.548169928927496,3,5,"DM","M1","CV1"
"Aber-2015",0.463176580707282,3,5,"FW","M1","CV1"
"Aber-2016",0.257158616586459,3,5,"FW","M1","CV1"
"Brau-2014",0.39613614453437,3,5,"FW","M1","CV1"
"Brau-2015",0.398968308168367,3,5,"FW","M1","CV1"
"Brau-2016",0.309235250335815,3,5,"FW","M1","CV1"
"Aber-2015",0.521016249939458,3,5,"MC","M1","CV1"
"Aber-2016",0.546199516768723,3,5,"MC","M1","CV1"
"Brau-2014",0.768668633445407,3,5,"MC","M1","CV1"
"Brau-2015",0.340548079449066,3,5,"MC","M1","CV1"
"Brau-2016",0.168892239433778,3,5,"MC","M1","CV1"
"Aber-2015",0.432708666141679,3,5,"DM","M2","CV1"
"Aber-2016",0.286261343036396,3,5,"DM","M2","CV1"
"Brau-2014",0.373546946961912,3,5,"DM","M2","CV1"
"Brau-2015",0.498537736379184,3,5,"DM","M2","CV1"
"Brau-2016",0.66577287950907,3,5,"DM","M2","CV1"
"Aber-2015",0.448836916262387,3,5,"FW","M2","CV1"
"Aber-2016",0.273573876034578,3,5,"FW","M2","CV1"
"Brau-2014",0.359174247664894,3,5,"FW","M2","CV1"
"Brau-2015",0.460087974329484,3,5,"FW","M2","CV1"
"Brau-2016",0.504616542390828,3,5,"FW","M2","CV1"
"Aber-2015",0.612304564302296,3,5,"MC","M2","CV1"
"Aber-2016",0.661990958525319,3,5,"MC","M2","CV1"
"Brau-2014",0.761703825619454,3,5,"MC","M2","CV1"
"Brau-2015",0.489445919108202,3,5,"MC","M2","CV1"
"Brau-2016",0.312669627899405,3,5,"MC","M2","CV1"
"Aber-2015",0.405198488614481,3,5,"DM","M3","CV1"
"Aber-2016",0.134972845357841,3,5,"DM","M3","CV1"
"Brau-2014",0.65782027941301,3,5,"DM","M3","CV1"
"Brau-2015",0.592449355349166,3,5,"DM","M3","CV1"
"Brau-2016",0.70085652608084,3,5,"DM","M3","CV1"
"Aber-2015",0.433437681347906,3,5,"FW","M3","CV1"
"Aber-2016",0.149600620852722,3,5,"FW","M3","CV1"
"Brau-2014",0.70179925926958,3,5,"FW","M3","CV1"
"Brau-2015",0.567921078751721,3,5,"FW","M3","CV1"
"Brau-2016",0.586990294303143,3,5,"FW","M3","CV1"
"Aber-2015",0.589090818287073,3,5,"MC","M3","CV1"
"Aber-2016",0.706293985508748,3,5,"MC","M3","CV1"
"Brau-2014",0.738033053580162,3,5,"MC","M3","CV1"
"Brau-2015",0.493102074445634,3,5,"MC","M3","CV1"
"Brau-2016",0.487478756880344,3,5,"MC","M3","CV1"
"Aber-2015",0.854482884278464,3,5,"DM","M1","CV2"
"Aber-2016",0.488795147260571,3,5,"DM","M1","CV2"
"Brau-2014",0.599171601491605,3,5,"DM","M1","CV2"
"Brau-2015",0.655237773081784,3,5,"DM","M1","CV2"
"Brau-2016",0.567130523527829,3,5,"DM","M1","CV2"
"Aber-2015",0.867701879459253,3,5,"FW","M1","CV2"
"Aber-2016",0.525530183594418,3,5,"FW","M1","CV2"
"Brau-2014",0.502932130708107,3,5,"FW","M1","CV2"
"Brau-2015",0.67171075645501,3,5,"FW","M1","CV2"
"Brau-2016",0.491017072044535,3,5,"FW","M1","CV2"
"Aber-2015",0.844627395163154,3,5,"MC","M1","CV2"
"Aber-2016",0.79953336392251,3,5,"MC","M1","CV2"
"Brau-2014",0.680209789290664,3,5,"MC","M1","CV2"
"Brau-2015",0.828274899023669,3,5,"MC","M1","CV2"
"Brau-2016",0.615536920617062,3,5,"MC","M1","CV2"
"Aber-2015",0.859364114078067,3,5,"DM","M2","CV2"
"Aber-2016",0.495422496392745,3,5,"DM","M2","CV2"
"Brau-2014",0.584163341267064,3,5,"DM","M2","CV2"
"Brau-2015",0.656974518360519,3,5,"DM","M2","CV2"
"Brau-2016",0.572693396110261,3,5,"DM","M2","CV2"
"Aber-2015",0.881646660475467,3,5,"FW","M2","CV2"
"Aber-2016",0.535377860832463,3,5,"FW","M2","CV2"
"Brau-2014",0.48707086669925,3,5,"FW","M2","CV2"
"Brau-2015",0.677740043977655,3,5,"FW","M2","CV2"
"Brau-2016",0.499791763534974,3,5,"FW","M2","CV2"
"Aber-2015",0.84141073746076,3,5,"MC","M2","CV2"
"Aber-2016",0.803747628494451,3,5,"MC","M2","CV2"
"Brau-2014",0.67654578012549,3,5,"MC","M2","CV2"
"Brau-2015",0.832929477003148,3,5,"MC","M2","CV2"
"Brau-2016",0.628956640350394,3,5,"MC","M2","CV2"
"Aber-2015",0.836453814041862,3,5,"DM","M3","CV2"
"Aber-2016",0.474089952143757,3,5,"DM","M3","CV2"
"Brau-2014",0.721258628086037,3,5,"DM","M3","CV2"
"Brau-2015",0.691618255899802,3,5,"DM","M3","CV2"
"Brau-2016",0.649994866531027,3,5,"DM","M3","CV2"
"Aber-2015",0.811312954879741,3,5,"FW","M3","CV2"
"Aber-2016",0.502096907503945,3,5,"FW","M3","CV2"
"Brau-2014",0.652126363318441,3,5,"FW","M3","CV2"
"Brau-2015",0.703250479643627,3,5,"FW","M3","CV2"
"Brau-2016",0.567307862227469,3,5,"FW","M3","CV2"
"Aber-2015",0.82609797600647,3,5,"MC","M3","CV2"
"Aber-2016",0.813868585857826,3,5,"MC","M3","CV2"
"Brau-2014",0.697458032532729,3,5,"MC","M3","CV2"
"Brau-2015",0.856197374007618,3,5,"MC","M3","CV2"
"Brau-2016",0.672125794452774,3,5,"MC","M3","CV2"
"Aber-2015",0.224853266795785,4,5,"DM","M1","CV1"
"Aber-2016",0.0207228810682551,4,5,"DM","M1","CV1"
"Brau-2014",0.244903028268062,4,5,"DM","M1","CV1"
"Brau-2015",0.338514445489355,4,5,"DM","M1","CV1"
"Brau-2016",0.251480031688,4,5,"DM","M1","CV1"
"Aber-2015",0.305268278155254,4,5,"FW","M1","CV1"
"Aber-2016",0.1302607982421,4,5,"FW","M1","CV1"
"Brau-2014",0.253286051147786,4,5,"FW","M1","CV1"
"Brau-2015",0.355769603272798,4,5,"FW","M1","CV1"
"Brau-2016",0.302740630401928,4,5,"FW","M1","CV1"
"Aber-2015",0.612935684353733,4,5,"MC","M1","CV1"
"Aber-2016",0.542633842468601,4,5,"MC","M1","CV1"
"Brau-2014",0.788662924601339,4,5,"MC","M1","CV1"
"Brau-2015",0.716936278008375,4,5,"MC","M1","CV1"
"Brau-2016",0.0926591083871694,4,5,"MC","M1","CV1"
"Aber-2015",0.23648098649764,4,5,"DM","M2","CV1"
"Aber-2016",0.0631473948487624,4,5,"DM","M2","CV1"
"Brau-2014",0.294872205058046,4,5,"DM","M2","CV1"
"Brau-2015",0.398872560228334,4,5,"DM","M2","CV1"
"Brau-2016",0.352547745124278,4,5,"DM","M2","CV1"
"Aber-2015",0.345638803887177,4,5,"FW","M2","CV1"
"Aber-2016",0.198587790950943,4,5,"FW","M2","CV1"
"Brau-2014",0.289759587504537,4,5,"FW","M2","CV1"
"Brau-2015",0.453067012608356,4,5,"FW","M2","CV1"
"Brau-2016",0.436092422044172,4,5,"FW","M2","CV1"
"Aber-2015",0.662084092537193,4,5,"MC","M2","CV1"
"Aber-2016",0.568855108657915,4,5,"MC","M2","CV1"
"Brau-2014",0.793808149944854,4,5,"MC","M2","CV1"
"Brau-2015",0.769073818116118,4,5,"MC","M2","CV1"
"Brau-2016",0.043644436082958,4,5,"MC","M2","CV1"
"Aber-2015",0.448936786648929,4,5,"DM","M3","CV1"
"Aber-2016",0.195808679640446,4,5,"DM","M3","CV1"
"Brau-2014",0.340466256213519,4,5,"DM","M3","CV1"
"Brau-2015",0.411745852058416,4,5,"DM","M3","CV1"
"Brau-2016",0.257736263416151,4,5,"DM","M3","CV1"
"Aber-2015",0.544421805337933,4,5,"FW","M3","CV1"
"Aber-2016",0.366335985508152,4,5,"FW","M3","CV1"
"Brau-2014",0.371390749411703,4,5,"FW","M3","CV1"
"Brau-2015",0.446802111742786,4,5,"FW","M3","CV1"
"Brau-2016",0.339147852209205,4,5,"FW","M3","CV1"
"Aber-2015",0.674921918308132,4,5,"MC","M3","CV1"
"Aber-2016",0.545798666069567,4,5,"MC","M3","CV1"
"Brau-2014",0.774622023774866,4,5,"MC","M3","CV1"
"Brau-2015",0.758600105906785,4,5,"MC","M3","CV1"
"Brau-2016",0.205887615246162,4,5,"MC","M3","CV1"
"Aber-2015",0.886999991136664,4,5,"DM","M1","CV2"
"Aber-2016",0.63092555413204,4,5,"DM","M1","CV2"
"Brau-2014",0.525856446304328,4,5,"DM","M1","CV2"
"Brau-2015",0.623993301132541,4,5,"DM","M1","CV2"
"Brau-2016",0.335648062109328,4,5,"DM","M1","CV2"
"Aber-2015",0.881405088303117,4,5,"FW","M1","CV2"
"Aber-2016",0.684524577345878,4,5,"FW","M1","CV2"
"Brau-2014",0.506782217963708,4,5,"FW","M1","CV2"
"Brau-2015",0.677873238396107,4,5,"FW","M1","CV2"
"Brau-2016",0.386858016902877,4,5,"FW","M1","CV2"
"Aber-2015",0.732005713797233,4,5,"MC","M1","CV2"
"Aber-2016",0.855514875614559,4,5,"MC","M1","CV2"
"Brau-2014",0.19394325630148,4,5,"MC","M1","CV2"
"Brau-2015",0.61855253739337,4,5,"MC","M1","CV2"
"Brau-2016",0.457948081737168,4,5,"MC","M1","CV2"
"Aber-2015",0.886413128827388,4,5,"DM","M2","CV2"
"Aber-2016",0.618522308946103,4,5,"DM","M2","CV2"
"Brau-2014",0.553169397891087,4,5,"DM","M2","CV2"
"Brau-2015",0.65437499193642,4,5,"DM","M2","CV2"
"Brau-2016",0.401081606872622,4,5,"DM","M2","CV2"
"Aber-2015",0.881078312476778,4,5,"FW","M2","CV2"
"Aber-2016",0.668344182271994,4,5,"FW","M2","CV2"
"Brau-2014",0.530520404654478,4,5,"FW","M2","CV2"
"Brau-2015",0.707578880393326,4,5,"FW","M2","CV2"
"Brau-2016",0.478810137201749,4,5,"FW","M2","CV2"
"Aber-2015",0.730368800655581,4,5,"MC","M2","CV2"
"Aber-2016",0.859660447713073,4,5,"MC","M2","CV2"
"Brau-2014",0.198214828683877,4,5,"MC","M2","CV2"
"Brau-2015",0.624422532998554,4,5,"MC","M2","CV2"
"Brau-2016",0.465744533794818,4,5,"MC","M2","CV2"
"Aber-2015",0.894440001634013,4,5,"DM","M3","CV2"
"Aber-2016",0.648696040630202,4,5,"DM","M3","CV2"
"Brau-2014",0.676703562786467,4,5,"DM","M3","CV2"
"Brau-2015",0.680258852733091,4,5,"DM","M3","CV2"
"Brau-2016",0.558213850277487,4,5,"DM","M3","CV2"
"Aber-2015",0.880800396873365,4,5,"FW","M3","CV2"
"Aber-2016",0.698799456681906,4,5,"FW","M3","CV2"
"Brau-2014",0.657484256807205,4,5,"FW","M3","CV2"
"Brau-2015",0.732583360787202,4,5,"FW","M3","CV2"
"Brau-2016",0.624800717297688,4,5,"FW","M3","CV2"
"Aber-2015",0.731238233158759,4,5,"MC","M3","CV2"
"Aber-2016",0.883362374766856,4,5,"MC","M3","CV2"
"Brau-2014",0.222037470650268,4,5,"MC","M3","CV2"
"Brau-2015",0.704991233349459,4,5,"MC","M3","CV2"
"Brau-2016",0.552585981384564,4,5,"MC","M3","CV2"
"Aber-2015",0.603446756733991,5,5,"DM","M1","CV1"
"Aber-2016",0.317514145096619,5,5,"DM","M1","CV1"
"Brau-2014",0.614646814367777,5,5,"DM","M1","CV1"
"Brau-2015",0.499794508602114,5,5,"DM","M1","CV1"
"Brau-2016",0.396098308726667,5,5,"DM","M1","CV1"
"Aber-2015",0.615967968364282,5,5,"FW","M1","CV1"
"Aber-2016",0.368259101983203,5,5,"FW","M1","CV1"
"Brau-2014",0.593494469183194,5,5,"FW","M1","CV1"
"Brau-2015",0.499306256182174,5,5,"FW","M1","CV1"
"Brau-2016",0.334042089679116,5,5,"FW","M1","CV1"
"Aber-2015",0.409530223255306,5,5,"MC","M1","CV1"
"Aber-2016",0.431968839816983,5,5,"MC","M1","CV1"
"Brau-2014",0.587767140166174,5,5,"MC","M1","CV1"
"Brau-2015",0.730592781370654,5,5,"MC","M1","CV1"
"Brau-2016",0.280575128332438,5,5,"MC","M1","CV1"
"Aber-2015",0.623115599480751,5,5,"DM","M2","CV1"
"Aber-2016",0.350594711671887,5,5,"DM","M2","CV1"
"Brau-2014",0.657639220819043,5,5,"DM","M2","CV1"
"Brau-2015",0.546876625408143,5,5,"DM","M2","CV1"
"Brau-2016",0.435596279522058,5,5,"DM","M2","CV1"
"Aber-2015",0.638626540388428,5,5,"FW","M2","CV1"
"Aber-2016",0.402231439608501,5,5,"FW","M2","CV1"
"Brau-2014",0.630041887048455,5,5,"FW","M2","CV1"
"Brau-2015",0.548801537626627,5,5,"FW","M2","CV1"
"Brau-2016",0.383524327172859,5,5,"FW","M2","CV1"
"Aber-2015",0.535319223077701,5,5,"MC","M2","CV1"
"Aber-2016",0.513229872634599,5,5,"MC","M2","CV1"
"Brau-2014",0.577666793056049,5,5,"MC","M2","CV1"
"Brau-2015",0.77177053543565,5,5,"MC","M2","CV1"
"Brau-2016",0.326731950478527,5,5,"MC","M2","CV1"
"Aber-2015",0.70073607253473,5,5,"DM","M3","CV1"
"Aber-2016",0.394156396756493,5,5,"DM","M3","CV1"
"Brau-2014",0.656885627539038,5,5,"DM","M3","CV1"
"Brau-2015",0.55868227592424,5,5,"DM","M3","CV1"
"Brau-2016",0.376275958167193,5,5,"DM","M3","CV1"
"Aber-2015",0.712962050551622,5,5,"FW","M3","CV1"
"Aber-2016",0.466661611557354,5,5,"FW","M3","CV1"
"Brau-2014",0.651898639070335,5,5,"FW","M3","CV1"
"Brau-2015",0.556357504746238,5,5,"FW","M3","CV1"
"Brau-2016",0.3205502792347,5,5,"FW","M3","CV1"
"Aber-2015",0.470482043935388,5,5,"MC","M3","CV1"
"Aber-2016",0.477180981397464,5,5,"MC","M3","CV1"
"Brau-2014",0.634392045103047,5,5,"MC","M3","CV1"
"Brau-2015",0.778197462881467,5,5,"MC","M3","CV1"
"Brau-2016",0.0561026200694355,5,5,"MC","M3","CV1"
"Aber-2015",0.809140096457063,5,5,"DM","M1","CV2"
"Aber-2016",0.702518339165928,5,5,"DM","M1","CV2"
"Brau-2014",0.645730681630528,5,5,"DM","M1","CV2"
"Brau-2015",0.544148854708073,5,5,"DM","M1","CV2"
"Brau-2016",0.891278943786936,5,5,"DM","M1","CV2"
"Aber-2015",0.801410293737129,5,5,"FW","M1","CV2"
"Aber-2016",0.726334538035618,5,5,"FW","M1","CV2"
"Brau-2014",0.640108061414746,5,5,"FW","M1","CV2"
"Brau-2015",0.620708667653894,5,5,"FW","M1","CV2"
"Brau-2016",0.815104359400836,5,5,"FW","M1","CV2"
"Aber-2015",0.799393874491256,5,5,"MC","M1","CV2"
"Aber-2016",0.701402526594313,5,5,"MC","M1","CV2"
"Brau-2014",0.481039186403949,5,5,"MC","M1","CV2"
"Brau-2015",0.833250692127256,5,5,"MC","M1","CV2"
"Brau-2016",0.220511915439918,5,5,"MC","M1","CV2"
"Aber-2015",0.803328096953531,5,5,"DM","M2","CV2"
"Aber-2016",0.704666813226785,5,5,"DM","M2","CV2"
"Brau-2014",0.651933299964896,5,5,"DM","M2","CV2"
"Brau-2015",0.544067656472481,5,5,"DM","M2","CV2"
"Brau-2016",0.900000996139935,5,5,"DM","M2","CV2"
"Aber-2015",0.798599649061591,5,5,"FW","M2","CV2"
"Aber-2016",0.730619527306332,5,5,"FW","M2","CV2"
"Brau-2014",0.650631092724217,5,5,"FW","M2","CV2"
"Brau-2015",0.628534373108096,5,5,"FW","M2","CV2"
"Brau-2016",0.836546731789015,5,5,"FW","M2","CV2"
"Aber-2015",0.812867791875763,5,5,"MC","M2","CV2"
"Aber-2016",0.713198540065298,5,5,"MC","M2","CV2"
"Brau-2014",0.485086652872258,5,5,"MC","M2","CV2"
"Brau-2015",0.843996652350277,5,5,"MC","M2","CV2"
"Brau-2016",0.231592863323185,5,5,"MC","M2","CV2"
"Aber-2015",0.873717949601411,5,5,"DM","M3","CV2"
"Aber-2016",0.69495891840833,5,5,"DM","M3","CV2"
"Brau-2014",0.708728095141236,5,5,"DM","M3","CV2"
"Brau-2015",0.604575797624479,5,5,"DM","M3","CV2"
"Brau-2016",0.828214167135047,5,5,"DM","M3","CV2"
"Aber-2015",0.838225915953084,5,5,"FW","M3","CV2"
"Aber-2016",0.702386302452387,5,5,"FW","M3","CV2"
"Brau-2014",0.708824643585902,5,5,"FW","M3","CV2"
"Brau-2015",0.685026515103991,5,5,"FW","M3","CV2"
"Brau-2016",0.761387923461047,5,5,"FW","M3","CV2"
"Aber-2015",0.805135836319935,5,5,"MC","M3","CV2"
"Aber-2016",0.717085979088595,5,5,"MC","M3","CV2"
"Brau-2014",0.49901164843757,5,5,"MC","M3","CV2"
"Brau-2015",0.862052440445823,5,5,"MC","M3","CV2"
"Brau-2016",0.39259293824686,5,5,"MC","M3","CV2"
"Aber-2015",0.362090102355232,6,5,"DM","M1","CV1"
"Aber-2016",0.313347880685245,6,5,"DM","M1","CV1"
"Brau-2014",0.47958170721243,6,5,"DM","M1","CV1"
"Brau-2015",0.444940530988222,6,5,"DM","M1","CV1"
"Brau-2016",0.565164433145106,6,5,"DM","M1","CV1"
"Aber-2015",0.380395068400852,6,5,"FW","M1","CV1"
"Aber-2016",0.345616630359881,6,5,"FW","M1","CV1"
"Brau-2014",0.451140063338084,6,5,"FW","M1","CV1"
"Brau-2015",0.413129512732656,6,5,"FW","M1","CV1"
"Brau-2016",0.529453359869029,6,5,"FW","M1","CV1"
"Aber-2015",0.441048757787652,6,5,"MC","M1","CV1"
"Aber-2016",0.468332226933355,6,5,"MC","M1","CV1"
"Brau-2014",0.546192018830248,6,5,"MC","M1","CV1"
"Brau-2015",0.270003527786094,6,5,"MC","M1","CV1"
"Brau-2016",0.0729130432534999,6,5,"MC","M1","CV1"
"Aber-2015",0.369342240951269,6,5,"DM","M2","CV1"
"Aber-2016",0.346572412088802,6,5,"DM","M2","CV1"
"Brau-2014",0.497471344840188,6,5,"DM","M2","CV1"
"Brau-2015",0.515825268745036,6,5,"DM","M2","CV1"
"Brau-2016",0.594036473365284,6,5,"DM","M2","CV1"
"Aber-2015",0.401716022405132,6,5,"FW","M2","CV1"
"Aber-2016",0.388288535250083,6,5,"FW","M2","CV1"
"Brau-2014",0.487919211469818,6,5,"FW","M2","CV1"
"Brau-2015",0.506847330434163,6,5,"FW","M2","CV1"
"Brau-2016",0.590099991065672,6,5,"FW","M2","CV1"
"Aber-2015",0.570394057200274,6,5,"MC","M2","CV1"
"Aber-2016",0.596461860991789,6,5,"MC","M2","CV1"
"Brau-2014",0.58332777768361,6,5,"MC","M2","CV1"
"Brau-2015",0.392807350735347,6,5,"MC","M2","CV1"
"Brau-2016",0.217207260884055,6,5,"MC","M2","CV1"
"Aber-2015",0.498557525044982,6,5,"DM","M3","CV1"
"Aber-2016",0.434084893021125,6,5,"DM","M3","CV1"
"Brau-2014",0.501207485332655,6,5,"DM","M3","CV1"
"Brau-2015",0.533731681431501,6,5,"DM","M3","CV1"
"Brau-2016",0.624422272480238,6,5,"DM","M3","CV1"
"Aber-2015",0.553065640229836,6,5,"FW","M3","CV1"
"Aber-2016",0.496729514111261,6,5,"FW","M3","CV1"
"Brau-2014",0.47774402901102,6,5,"FW","M3","CV1"
"Brau-2015",0.514984825124365,6,5,"FW","M3","CV1"
"Brau-2016",0.675503488557518,6,5,"FW","M3","CV1"
"Aber-2015",0.595693622845317,6,5,"MC","M3","CV1"
"Aber-2016",0.585829080296064,6,5,"MC","M3","CV1"
"Brau-2014",0.60185041804435,6,5,"MC","M3","CV1"
"Brau-2015",0.404323393580543,6,5,"MC","M3","CV1"
"Brau-2016",0.198410134552551,6,5,"MC","M3","CV1"
"Aber-2015",0.690657664270237,6,5,"DM","M1","CV2"
"Aber-2016",0.723457611999268,6,5,"DM","M1","CV2"
"Brau-2014",0.12336302501833,6,5,"DM","M1","CV2"
"Brau-2015",0.709669464808523,6,5,"DM","M1","CV2"
"Brau-2016",0.820504558209079,6,5,"DM","M1","CV2"
"Aber-2015",0.64616523226403,6,5,"FW","M1","CV2"
"Aber-2016",0.7161319481627,6,5,"FW","M1","CV2"
"Brau-2014",0.137101533727092,6,5,"FW","M1","CV2"
"Brau-2015",0.656241257872039,6,5,"FW","M1","CV2"
"Brau-2016",0.775841328696845,6,5,"FW","M1","CV2"
"Aber-2015",0.762653302787491,6,5,"MC","M1","CV2"
"Aber-2016",0.786517531608226,6,5,"MC","M1","CV2"
"Brau-2014",0.684283083771761,6,5,"MC","M1","CV2"
"Brau-2015",0.57058643069884,6,5,"MC","M1","CV2"
"Brau-2016",0.172192845138683,6,5,"MC","M1","CV2"
"Aber-2015",0.694150303297875,6,5,"DM","M2","CV2"
"Aber-2016",0.731011118500048,6,5,"DM","M2","CV2"
"Brau-2014",0.12213756088404,6,5,"DM","M2","CV2"
"Brau-2015",0.697742122572637,6,5,"DM","M2","CV2"
"Brau-2016",0.824624626553419,6,5,"DM","M2","CV2"
"Aber-2015",0.651758193940958,6,5,"FW","M2","CV2"
"Aber-2016",0.724246000004306,6,5,"FW","M2","CV2"
"Brau-2014",0.137977854900182,6,5,"FW","M2","CV2"
"Brau-2015",0.649570001676746,6,5,"FW","M2","CV2"
"Brau-2016",0.780116571041592,6,5,"FW","M2","CV2"
"Aber-2015",0.755454566603303,6,5,"MC","M2","CV2"
"Aber-2016",0.780356890019745,6,5,"MC","M2","CV2"
"Brau-2014",0.688530456027498,6,5,"MC","M2","CV2"
"Brau-2015",0.594245438603687,6,5,"MC","M2","CV2"
"Brau-2016",0.177491951345339,6,5,"MC","M2","CV2"
"Aber-2015",0.740663535951723,6,5,"DM","M3","CV2"
"Aber-2016",0.648986354659266,6,5,"DM","M3","CV2"
"Brau-2014",0.259087076227273,6,5,"DM","M3","CV2"
"Brau-2015",0.751981139820081,6,5,"DM","M3","CV2"
"Brau-2016",0.814872486060795,6,5,"DM","M3","CV2"
"Aber-2015",0.702353051789677,6,5,"FW","M3","CV2"
"Aber-2016",0.642153287053783,6,5,"FW","M3","CV2"
"Brau-2014",0.272877931645603,6,5,"FW","M3","CV2"
"Brau-2015",0.721613429424734,6,5,"FW","M3","CV2"
"Brau-2016",0.780372738071155,6,5,"FW","M3","CV2"
"Aber-2015",0.742521912926527,6,5,"MC","M3","CV2"
"Aber-2016",0.789603516260854,6,5,"MC","M3","CV2"
"Brau-2014",0.735501288385355,6,5,"MC","M3","CV2"
"Brau-2015",0.672209111984112,6,5,"MC","M3","CV2"
"Brau-2016",0.293167474273296,6,5,"MC","M3","CV2"
"Aber-2015",0.0940939153216272,7,5,"DM","M1","CV1"
"Aber-2016",-0.075840748659918,7,5,"DM","M1","CV1"
"Brau-2014",-0.074508647307881,7,5,"DM","M1","CV1"
"Brau-2015",0.421406642211573,7,5,"DM","M1","CV1"
"Brau-2016",0.172133853214436,7,5,"DM","M1","CV1"
"Aber-2015",0.296823085695321,7,5,"FW","M1","CV1"
"Aber-2016",0.0915835590396161,7,5,"FW","M1","CV1"
"Brau-2014",-0.168729702364333,7,5,"FW","M1","CV1"
"Brau-2015",0.415880211147596,7,5,"FW","M1","CV1"
"Brau-2016",0.176249810653361,7,5,"FW","M1","CV1"
"Aber-2015",0.42099761627654,7,5,"MC","M1","CV1"
"Aber-2016",0.538718708553244,7,5,"MC","M1","CV1"
"Brau-2014",0.395936914680962,7,5,"MC","M1","CV1"
"Brau-2015",0.175238554371662,7,5,"MC","M1","CV1"
"Brau-2016",-0.10960284180188,7,5,"MC","M1","CV1"
"Aber-2015",0.0833237865577382,7,5,"DM","M2","CV1"
"Aber-2016",-0.0335995348932044,7,5,"DM","M2","CV1"
"Brau-2014",0.01529398770314,7,5,"DM","M2","CV1"
"Brau-2015",0.452649932407809,7,5,"DM","M2","CV1"
"Brau-2016",0.165794274619301,7,5,"DM","M2","CV1"
"Aber-2015",0.299767163978779,7,5,"FW","M2","CV1"
"Aber-2016",0.119905685104513,7,5,"FW","M2","CV1"
"Brau-2014",-0.0696068313320657,7,5,"FW","M2","CV1"
"Brau-2015",0.476437525873054,7,5,"FW","M2","CV1"
"Brau-2016",0.201098779651383,7,5,"FW","M2","CV1"
"Aber-2015",0.488682073759769,7,5,"MC","M2","CV1"
"Aber-2016",0.634624944639377,7,5,"MC","M2","CV1"
"Brau-2014",0.413242442307819,7,5,"MC","M2","CV1"
"Brau-2015",0.297107514278197,7,5,"MC","M2","CV1"
"Brau-2016",-0.0960862648289214,7,5,"MC","M2","CV1"
"Aber-2015",0.26147533663582,7,5,"DM","M3","CV1"
"Aber-2016",0.019361806322073,7,5,"DM","M3","CV1"
"Brau-2014",0.351141468501955,7,5,"DM","M3","CV1"
"Brau-2015",0.554258444435654,7,5,"DM","M3","CV1"
"Brau-2016",0.303127211154285,7,5,"DM","M3","CV1"
"Aber-2015",0.374259291371547,7,5,"FW","M3","CV1"
"Aber-2016",0.189463160584194,7,5,"FW","M3","CV1"
"Brau-2014",0.366829853743973,7,5,"FW","M3","CV1"
"Brau-2015",0.579448889158484,7,5,"FW","M3","CV1"
"Brau-2016",0.331562250512934,7,5,"FW","M3","CV1"
"Aber-2015",0.491570638371188,7,5,"MC","M3","CV1"
"Aber-2016",0.624582552579273,7,5,"MC","M3","CV1"
"Brau-2014",0.409226876265534,7,5,"MC","M3","CV1"
"Brau-2015",0.312401818290465,7,5,"MC","M3","CV1"
"Brau-2016",-0.0174893469412279,7,5,"MC","M3","CV1"
"Aber-2015",0.383404170623775,7,5,"DM","M1","CV2"
"Aber-2016",0.680220973382203,7,5,"DM","M1","CV2"
"Brau-2014",0.667316930006591,7,5,"DM","M1","CV2"
"Brau-2015",0.285960518987541,7,5,"DM","M1","CV2"
"Brau-2016",0.534904035068285,7,5,"DM","M1","CV2"
"Aber-2015",0.536625981500299,7,5,"FW","M1","CV2"
"Aber-2016",0.708985956041311,7,5,"FW","M1","CV2"
"Brau-2014",0.596924972502501,7,5,"FW","M1","CV2"
"Brau-2015",0.289155221029692,7,5,"FW","M1","CV2"
"Brau-2016",0.4392671150647,7,5,"FW","M1","CV2"
"Aber-2015",0.702356362909569,7,5,"MC","M1","CV2"
"Aber-2016",0.7343598529062,7,5,"MC","M1","CV2"
"Brau-2014",0.238123240251821,7,5,"MC","M1","CV2"
"Brau-2015",0.877812462840228,7,5,"MC","M1","CV2"
"Brau-2016",0.315238601844899,7,5,"MC","M1","CV2"
"Aber-2015",0.39537382255109,7,5,"DM","M2","CV2"
"Aber-2016",0.709520630466885,7,5,"DM","M2","CV2"
"Brau-2014",0.670783276319121,7,5,"DM","M2","CV2"
"Brau-2015",0.304447094020498,7,5,"DM","M2","CV2"
"Brau-2016",0.55531765930541,7,5,"DM","M2","CV2"
"Aber-2015",0.545556975243974,7,5,"FW","M2","CV2"
"Aber-2016",0.736981174124302,7,5,"FW","M2","CV2"
"Brau-2014",0.597509029468516,7,5,"FW","M2","CV2"
"Brau-2015",0.303831897938335,7,5,"FW","M2","CV2"
"Brau-2016",0.457179797571256,7,5,"FW","M2","CV2"
"Aber-2015",0.713829346626045,7,5,"MC","M2","CV2"
"Aber-2016",0.73595807614075,7,5,"MC","M2","CV2"
"Brau-2014",0.235840506201411,7,5,"MC","M2","CV2"
"Brau-2015",0.884374908709687,7,5,"MC","M2","CV2"
"Brau-2016",0.313344095303656,7,5,"MC","M2","CV2"
"Aber-2015",0.506813713439635,7,5,"DM","M3","CV2"
"Aber-2016",0.693933631741692,7,5,"DM","M3","CV2"
"Brau-2014",0.672510377956743,7,5,"DM","M3","CV2"
"Brau-2015",0.346160042166774,7,5,"DM","M3","CV2"
"Brau-2016",0.513599833812376,7,5,"DM","M3","CV2"
"Aber-2015",0.629954084918796,7,5,"FW","M3","CV2"
"Aber-2016",0.693301587034563,7,5,"FW","M3","CV2"
"Brau-2014",0.576825633667945,7,5,"FW","M3","CV2"
"Brau-2015",0.327905232872921,7,5,"FW","M3","CV2"
"Brau-2016",0.415155143564841,7,5,"FW","M3","CV2"
"Aber-2015",0.675844944096206,7,5,"MC","M3","CV2"
"Aber-2016",0.755147189631353,7,5,"MC","M3","CV2"
"Brau-2014",0.226451109986782,7,5,"MC","M3","CV2"
"Brau-2015",0.904495392901423,7,5,"MC","M3","CV2"
"Brau-2016",0.254449806537788,7,5,"MC","M3","CV2"
"Aber-2015",0.421711069233284,8,5,"DM","M1","CV1"
"Aber-2016",0.305043438041108,8,5,"DM","M1","CV1"
"Brau-2014",0.429411840601866,8,5,"DM","M1","CV1"
"Brau-2015",0.470867638588066,8,5,"DM","M1","CV1"
"Brau-2016",0.416888421064286,8,5,"DM","M1","CV1"
"Aber-2015",0.482526575391761,8,5,"FW","M1","CV1"
"Aber-2016",0.372968989052443,8,5,"FW","M1","CV1"
"Brau-2014",0.405389975432166,8,5,"FW","M1","CV1"
"Brau-2015",0.491651398037487,8,5,"FW","M1","CV1"
"Brau-2016",0.444159420613496,8,5,"FW","M1","CV1"
"Aber-2015",0.590831553629373,8,5,"MC","M1","CV1"
"Aber-2016",0.551222687482601,8,5,"MC","M1","CV1"
"Brau-2014",0.583302788764261,8,5,"MC","M1","CV1"
"Brau-2015",0.699968380322627,8,5,"MC","M1","CV1"
"Brau-2016",0.193203374521768,8,5,"MC","M1","CV1"
"Aber-2015",0.472045726873619,8,5,"DM","M2","CV1"
"Aber-2016",0.363952018465925,8,5,"DM","M2","CV1"
"Brau-2014",0.472757833267515,8,5,"DM","M2","CV1"
"Brau-2015",0.517403213939575,8,5,"DM","M2","CV1"
"Brau-2016",0.511315674180636,8,5,"DM","M2","CV1"
"Aber-2015",0.544977499112055,8,5,"FW","M2","CV1"
"Aber-2016",0.453132627796599,8,5,"FW","M2","CV1"
"Brau-2014",0.460292218072832,8,5,"FW","M2","CV1"
"Brau-2015",0.559551717107286,8,5,"FW","M2","CV1"
"Brau-2016",0.57310892522401,8,5,"FW","M2","CV1"
"Aber-2015",0.587932583674507,8,5,"MC","M2","CV1"
"Aber-2016",0.584128843208703,8,5,"MC","M2","CV1"
"Brau-2014",0.50203082953857,8,5,"MC","M2","CV1"
"Brau-2015",0.72926207213649,8,5,"MC","M2","CV1"
"Brau-2016",0.183541691462693,8,5,"MC","M2","CV1"
"Aber-2015",0.505714741857775,8,5,"DM","M3","CV1"
"Aber-2016",0.403577397668202,8,5,"DM","M3","CV1"
"Brau-2014",0.529344442185628,8,5,"DM","M3","CV1"
"Brau-2015",0.525176334467174,8,5,"DM","M3","CV1"
"Brau-2016",0.468950554925776,8,5,"DM","M3","CV1"
"Aber-2015",0.582039994894595,8,5,"FW","M3","CV1"
"Aber-2016",0.499521516294414,8,5,"FW","M3","CV1"
"Brau-2014",0.524504279865796,8,5,"FW","M3","CV1"
"Brau-2015",0.553813939883617,8,5,"FW","M3","CV1"
"Brau-2016",0.584068720511227,8,5,"FW","M3","CV1"
"Aber-2015",0.610788829869898,8,5,"MC","M3","CV1"
"Aber-2016",0.604738575419598,8,5,"MC","M3","CV1"
"Brau-2014",0.595330558105636,8,5,"MC","M3","CV1"
"Brau-2015",0.729415727469928,8,5,"MC","M3","CV1"
"Brau-2016",0.223999353698262,8,5,"MC","M3","CV1"
"Aber-2015",0.930386411840211,8,5,"DM","M1","CV2"
"Aber-2016",0.786643884223045,8,5,"DM","M1","CV2"
"Brau-2014",0.35496705844006,8,5,"DM","M1","CV2"
"Brau-2015",0.735714923308329,8,5,"DM","M1","CV2"
"Brau-2016",0.539364902939655,8,5,"DM","M1","CV2"
"Aber-2015",0.941621702206211,8,5,"FW","M1","CV2"
"Aber-2016",0.794293042558983,8,5,"FW","M1","CV2"
"Brau-2014",0.242206512172696,8,5,"FW","M1","CV2"
"Brau-2015",0.744448808130924,8,5,"FW","M1","CV2"
"Brau-2016",0.36312173631878,8,5,"FW","M1","CV2"
"Aber-2015",0.650943037306239,8,5,"MC","M1","CV2"
"Aber-2016",0.824579315345204,8,5,"MC","M1","CV2"
"Brau-2014",0.54340535108502,8,5,"MC","M1","CV2"
"Brau-2015",0.674791557519146,8,5,"MC","M1","CV2"
"Brau-2016",0.452597058658963,8,5,"MC","M1","CV2"
"Aber-2015",0.935656661912383,8,5,"DM","M2","CV2"
"Aber-2016",0.797935554496642,8,5,"DM","M2","CV2"
"Brau-2014",0.336541342005785,8,5,"DM","M2","CV2"
"Brau-2015",0.736462790468401,8,5,"DM","M2","CV2"
"Brau-2016",0.523393561162436,8,5,"DM","M2","CV2"
"Aber-2015",0.948061649363302,8,5,"FW","M2","CV2"
"Aber-2016",0.803849492450529,8,5,"FW","M2","CV2"
"Brau-2014",0.224023225839176,8,5,"FW","M2","CV2"
"Brau-2015",0.747016210062435,8,5,"FW","M2","CV2"
"Brau-2016",0.352374144535398,8,5,"FW","M2","CV2"
"Aber-2015",0.656567297898422,8,5,"MC","M2","CV2"
"Aber-2016",0.83118661600266,8,5,"MC","M2","CV2"
"Brau-2014",0.53803762886412,8,5,"MC","M2","CV2"
"Brau-2015",0.696308620947675,8,5,"MC","M2","CV2"
"Brau-2016",0.44473097449303,8,5,"MC","M2","CV2"
"Aber-2015",0.890922741508981,8,5,"DM","M3","CV2"
"Aber-2016",0.796828022206177,8,5,"DM","M3","CV2"
"Brau-2014",0.547966540291873,8,5,"DM","M3","CV2"
"Brau-2015",0.805310997218224,8,5,"DM","M3","CV2"
"Brau-2016",0.517820421205441,8,5,"DM","M3","CV2"
"Aber-2015",0.89735701259298,8,5,"FW","M3","CV2"
"Aber-2016",0.789081185894058,8,5,"FW","M3","CV2"
"Brau-2014",0.436370701051426,8,5,"FW","M3","CV2"
"Brau-2015",0.810413102194242,8,5,"FW","M3","CV2"
"Brau-2016",0.404780004252936,8,5,"FW","M3","CV2"
"Aber-2015",0.656866075037598,8,5,"MC","M3","CV2"
"Aber-2016",0.830673873078773,8,5,"MC","M3","CV2"
"Brau-2014",0.551828703726932,8,5,"MC","M3","CV2"
"Brau-2015",0.705702748914785,8,5,"MC","M3","CV2"
"Brau-2016",0.460536135799563,8,5,"MC","M3","CV2"
"Aber-2015",0.639848431336184,9,5,"DM","M1","CV1"
"Aber-2016",0.607868127906243,9,5,"DM","M1","CV1"
"Brau-2014",0.592865350928234,9,5,"DM","M1","CV1"
"Brau-2015",0.643039482730032,9,5,"DM","M1","CV1"
"Brau-2016",0.633761405615206,9,5,"DM","M1","CV1"
"Aber-2015",0.552387734017495,9,5,"FW","M1","CV1"
"Aber-2016",0.55119922978398,9,5,"FW","M1","CV1"
"Brau-2014",0.566405609756683,9,5,"FW","M1","CV1"
"Brau-2015",0.604077799858492,9,5,"FW","M1","CV1"
"Brau-2016",0.576136511806861,9,5,"FW","M1","CV1"
"Aber-2015",0.390548413400546,9,5,"MC","M1","CV1"
"Aber-2016",0.550991388064555,9,5,"MC","M1","CV1"
"Brau-2014",0.35705780338326,9,5,"MC","M1","CV1"
"Brau-2015",0.420340278772163,9,5,"MC","M1","CV1"
"Brau-2016",0.236479800452964,9,5,"MC","M1","CV1"
"Aber-2015",0.665511802811764,9,5,"DM","M2","CV1"
"Aber-2016",0.657124824262378,9,5,"DM","M2","CV1"
"Brau-2014",0.609747894310207,9,5,"DM","M2","CV1"
"Brau-2015",0.644682588973713,9,5,"DM","M2","CV1"
"Brau-2016",0.659465793181558,9,5,"DM","M2","CV1"
"Aber-2015",0.592912685944927,9,5,"FW","M2","CV1"
"Aber-2016",0.613646665381239,9,5,"FW","M2","CV1"
"Brau-2014",0.589545204267787,9,5,"FW","M2","CV1"
"Brau-2015",0.613922427873816,9,5,"FW","M2","CV1"
"Brau-2016",0.613468053034844,9,5,"FW","M2","CV1"
"Aber-2015",0.447463274348623,9,5,"MC","M2","CV1"
"Aber-2016",0.610151942165858,9,5,"MC","M2","CV1"
"Brau-2014",0.396333449894066,9,5,"MC","M2","CV1"
"Brau-2015",0.550251220870191,9,5,"MC","M2","CV1"
"Brau-2016",0.328912590491655,9,5,"MC","M2","CV1"
"Aber-2015",0.677253706378641,9,5,"DM","M3","CV1"
"Aber-2016",0.646843072151811,9,5,"DM","M3","CV1"
"Brau-2014",0.673675408486949,9,5,"DM","M3","CV1"
"Brau-2015",0.709786349231128,9,5,"DM","M3","CV1"
"Brau-2016",0.637475004485233,9,5,"DM","M3","CV1"
"Aber-2015",0.599760180291213,9,5,"FW","M3","CV1"
"Aber-2016",0.5945309923953,9,5,"FW","M3","CV1"
"Brau-2014",0.693588415133052,9,5,"FW","M3","CV1"
"Brau-2015",0.687359125865795,9,5,"FW","M3","CV1"
"Brau-2016",0.610144805641284,9,5,"FW","M3","CV1"
"Aber-2015",0.464052397048426,9,5,"MC","M3","CV1"
"Aber-2016",0.63512565427275,9,5,"MC","M3","CV1"
"Brau-2014",0.446274002446368,9,5,"MC","M3","CV1"
"Brau-2015",0.613732325837971,9,5,"MC","M3","CV1"
"Brau-2016",0.536500020547043,9,5,"MC","M3","CV1"
"Aber-2015",0.739921801338666,9,5,"DM","M1","CV2"
"Aber-2016",0.732670375660103,9,5,"DM","M1","CV2"
"Brau-2014",0.589232105595544,9,5,"DM","M1","CV2"
"Brau-2015",0.601442632461051,9,5,"DM","M1","CV2"
"Brau-2016",0.482962326904024,9,5,"DM","M1","CV2"
"Aber-2015",0.725209586107503,9,5,"FW","M1","CV2"
"Aber-2016",0.683615466914684,9,5,"FW","M1","CV2"
"Brau-2014",0.618703682309054,9,5,"FW","M1","CV2"
"Brau-2015",0.631853905210408,9,5,"FW","M1","CV2"
"Brau-2016",0.408909702529567,9,5,"FW","M1","CV2"
"Aber-2015",0.747650299233737,9,5,"MC","M1","CV2"
"Aber-2016",0.717392190164629,9,5,"MC","M1","CV2"
"Brau-2014",0.518678923153814,9,5,"MC","M1","CV2"
"Brau-2015",0.839585622813702,9,5,"MC","M1","CV2"
"Brau-2016",0.494836194363173,9,5,"MC","M1","CV2"
"Aber-2015",0.731693756003518,9,5,"DM","M2","CV2"
"Aber-2016",0.734339980422241,9,5,"DM","M2","CV2"
"Brau-2014",0.606460703043464,9,5,"DM","M2","CV2"
"Brau-2015",0.614658818083888,9,5,"DM","M2","CV2"
"Brau-2016",0.497175649823947,9,5,"DM","M2","CV2"
"Aber-2015",0.715091954793944,9,5,"FW","M2","CV2"
"Aber-2016",0.683495992065445,9,5,"FW","M2","CV2"
"Brau-2014",0.636939548319285,9,5,"FW","M2","CV2"
"Brau-2015",0.65293310325564,9,5,"FW","M2","CV2"
"Brau-2016",0.425655962688302,9,5,"FW","M2","CV2"
"Aber-2015",0.770712607736253,9,5,"MC","M2","CV2"
"Aber-2016",0.736309686963892,9,5,"MC","M2","CV2"
"Brau-2014",0.526181899276587,9,5,"MC","M2","CV2"
"Brau-2015",0.850719938611947,9,5,"MC","M2","CV2"
"Brau-2016",0.515421653844155,9,5,"MC","M2","CV2"
"Aber-2015",0.802152330045465,9,5,"DM","M3","CV2"
"Aber-2016",0.76686440798807,9,5,"DM","M3","CV2"
"Brau-2014",0.685884787689138,9,5,"DM","M3","CV2"
"Brau-2015",0.654626152938613,9,5,"DM","M3","CV2"
"Brau-2016",0.455194751895567,9,5,"DM","M3","CV2"
"Aber-2015",0.790545816666137,9,5,"FW","M3","CV2"
"Aber-2016",0.706226601586488,9,5,"FW","M3","CV2"
"Brau-2014",0.722537715939152,9,5,"FW","M3","CV2"
"Brau-2015",0.688463389895198,9,5,"FW","M3","CV2"
"Brau-2016",0.393620278778039,9,5,"FW","M3","CV2"
"Aber-2015",0.72518103435541,9,5,"MC","M3","CV2"
"Aber-2016",0.732720004056013,9,5,"MC","M3","CV2"
"Brau-2014",0.455860419844599,9,5,"MC","M3","CV2"
"Brau-2015",0.889442629634681,9,5,"MC","M3","CV2"
"Brau-2016",0.643457230514885,9,5,"MC","M3","CV2"
"Aber-2015",0.671738598339641,10,5,"DM","M1","CV1"
"Aber-2016",0.129668425069052,10,5,"DM","M1","CV1"
"Brau-2014",0.504216444353673,10,5,"DM","M1","CV1"
"Brau-2015",0.365625281295603,10,5,"DM","M1","CV1"
"Brau-2016",0.475354101804376,10,5,"DM","M1","CV1"
"Aber-2015",0.655025528837757,10,5,"FW","M1","CV1"
"Aber-2016",0.166596355663497,10,5,"FW","M1","CV1"
"Brau-2014",0.483803278630876,10,5,"FW","M1","CV1"
"Brau-2015",0.314748426656552,10,5,"FW","M1","CV1"
"Brau-2016",0.392725688872583,10,5,"FW","M1","CV1"
"Aber-2015",0.240715864302785,10,5,"MC","M1","CV1"
"Aber-2016",0.40865967567395,10,5,"MC","M1","CV1"
"Brau-2014",0.497385945098919,10,5,"MC","M1","CV1"
"Brau-2015",0.290896652341495,10,5,"MC","M1","CV1"
"Brau-2016",-0.0481621744448667,10,5,"MC","M1","CV1"
"Aber-2015",0.682751557727747,10,5,"DM","M2","CV1"
"Aber-2016",0.163611800717595,10,5,"DM","M2","CV1"
"Brau-2014",0.49746000849027,10,5,"DM","M2","CV1"
"Brau-2015",0.417359216656062,10,5,"DM","M2","CV1"
"Brau-2016",0.573231667932935,10,5,"DM","M2","CV1"
"Aber-2015",0.664426203660476,10,5,"FW","M2","CV1"
"Aber-2016",0.216019791799276,10,5,"FW","M2","CV1"
"Brau-2014",0.469491424958526,10,5,"FW","M2","CV1"
"Brau-2015",0.374031198246574,10,5,"FW","M2","CV1"
"Brau-2016",0.498520890522389,10,5,"FW","M2","CV1"
"Aber-2015",0.267986881798027,10,5,"MC","M2","CV1"
"Aber-2016",0.508645351355348,10,5,"MC","M2","CV1"
"Brau-2014",0.515355160788151,10,5,"MC","M2","CV1"
"Brau-2015",0.34683774957071,10,5,"MC","M2","CV1"
"Brau-2016",-0.0564066708437264,10,5,"MC","M2","CV1"
"Aber-2015",0.68965279016455,10,5,"DM","M3","CV1"
"Aber-2016",0.166513208743927,10,5,"DM","M3","CV1"
"Brau-2014",0.629937016682554,10,5,"DM","M3","CV1"
"Brau-2015",0.416260140021384,10,5,"DM","M3","CV1"
"Brau-2016",0.634309458168868,10,5,"DM","M3","CV1"
"Aber-2015",0.686012273851377,10,5,"FW","M3","CV1"
"Aber-2016",0.237339151127395,10,5,"FW","M3","CV1"
"Brau-2014",0.635195071743785,10,5,"FW","M3","CV1"
"Brau-2015",0.343369782689663,10,5,"FW","M3","CV1"
"Brau-2016",0.61519965155276,10,5,"FW","M3","CV1"
"Aber-2015",0.347334526419234,10,5,"MC","M3","CV1"
"Aber-2016",0.538619121323555,10,5,"MC","M3","CV1"
"Brau-2014",0.381600596430711,10,5,"MC","M3","CV1"
"Brau-2015",0.440916503675869,10,5,"MC","M3","CV1"
"Brau-2016",-0.0223966707234559,10,5,"MC","M3","CV1"
"Aber-2015",0.814029822774955,10,5,"DM","M1","CV2"
"Aber-2016",0.618337565408947,10,5,"DM","M1","CV2"
"Brau-2014",0.733611381184708,10,5,"DM","M1","CV2"
"Brau-2015",0.841712438659251,10,5,"DM","M1","CV2"
"Brau-2016",0.656569158614205,10,5,"DM","M1","CV2"
"Aber-2015",0.881009737652227,10,5,"FW","M1","CV2"
"Aber-2016",0.61524772267662,10,5,"FW","M1","CV2"
"Brau-2014",0.724575759664,10,5,"FW","M1","CV2"
"Brau-2015",0.838852419196397,10,5,"FW","M1","CV2"
"Brau-2016",0.616667824285353,10,5,"FW","M1","CV2"
"Aber-2015",0.580463840967075,10,5,"MC","M1","CV2"
"Aber-2016",0.891015014855749,10,5,"MC","M1","CV2"
"Brau-2014",0.469351094825048,10,5,"MC","M1","CV2"
"Brau-2015",0.81104003152586,10,5,"MC","M1","CV2"
"Brau-2016",0.699473271907388,10,5,"MC","M1","CV2"
"Aber-2015",0.816480795329543,10,5,"DM","M2","CV2"
"Aber-2016",0.628475233356478,10,5,"DM","M2","CV2"
"Brau-2014",0.735175470162487,10,5,"DM","M2","CV2"
"Brau-2015",0.84746322738192,10,5,"DM","M2","CV2"
"Brau-2016",0.67140765899609,10,5,"DM","M2","CV2"
"Aber-2015",0.875982801103905,10,5,"FW","M2","CV2"
"Aber-2016",0.622819026328547,10,5,"FW","M2","CV2"
"Brau-2014",0.726591601336217,10,5,"FW","M2","CV2"
"Brau-2015",0.845654642186246,10,5,"FW","M2","CV2"
"Brau-2016",0.63694332005771,10,5,"FW","M2","CV2"
"Aber-2015",0.576260774617229,10,5,"MC","M2","CV2"
"Aber-2016",0.895915057468439,10,5,"MC","M2","CV2"
"Brau-2014",0.472233029301099,10,5,"MC","M2","CV2"
"Brau-2015",0.812548428565905,10,5,"MC","M2","CV2"
"Brau-2016",0.68178194315227,10,5,"MC","M2","CV2"
"Aber-2015",0.875335506377329,10,5,"DM","M3","CV2"
"Aber-2016",0.621088327380582,10,5,"DM","M3","CV2"
"Brau-2014",0.741266035888488,10,5,"DM","M3","CV2"
"Brau-2015",0.856556061280704,10,5,"DM","M3","CV2"
"Brau-2016",0.608852855723145,10,5,"DM","M3","CV2"
"Aber-2015",0.897598469713911,10,5,"FW","M3","CV2"
"Aber-2016",0.604735926875417,10,5,"FW","M3","CV2"
"Brau-2014",0.751203702259912,10,5,"FW","M3","CV2"
"Brau-2015",0.857231040204057,10,5,"FW","M3","CV2"
"Brau-2016",0.594447108116215,10,5,"FW","M3","CV2"
"Aber-2015",0.605325419592359,10,5,"MC","M3","CV2"
"Aber-2016",0.908724612283016,10,5,"MC","M3","CV2"
"Brau-2014",0.48453171670918,10,5,"MC","M3","CV2"
"Brau-2015",0.835033224032168,10,5,"MC","M3","CV2"
"Brau-2016",0.557191356084101,10,5,"MC","M3","CV2"
