"split","scheme","rep","fold","overlap","target","model","Environment","n","PA","raw_scale_PA","RMSE","baseline_RMSE"
1,"CV1",1,1,NA,"Raw","M1","ABR33",25,NA,NA,8.43038066774902,7.08235546668907
1,"CV1",1,1,NA,"Raw","M1","JKI",25,NA,NA,5.63186795571276,4.59781480836246
2,"CV1",1,2,NA,"Raw","M1","ABR33",25,NA,NA,13.0419267488615,11.2260736282404
2,"CV1",1,2,NA,"Raw","M1","JKI",25,NA,NA,7.85523931563406,6.89655550778033
3,"CV1",1,3,NA,"Raw","M1","ABR33",25,NA,NA,8.52209411837813,8.11673585806814
3,"CV1",1,3,NA,"Raw","M1","JKI",25,NA,NA,6.01419465584344,5.12964506521861
4,"CV1",1,4,NA,"Raw","M1","ABR33",25,NA,NA,7.21206991491797,7.9889065160331
4,"CV1",1,4,NA,"Raw","M1","JKI",25,NA,NA,5.46916448691447,6.36216765461528
5,"CV1",1,5,NA,"Raw","M1","ABR33",25,NA,NA,8.80986312845076,8.44164385154013
5,"CV1",1,5,NA,"Raw","M1","JKI",24,NA,NA,5.46320856435382,4.74826377219697
6,"CV1",2,1,NA,"Raw","M1","ABR33",25,NA,NA,9.88459071172388,8.71120528695896
6,"CV1",2,1,NA,"Raw","M1","JKI",25,NA,NA,6.74056886409068,6.04122950320428
7,"CV1",2,2,NA,"Raw","M1","ABR33",25,NA,NA,10.1699143463875,8.80463683541498
7,"CV1",2,2,NA,"Raw","M1","JKI",24,NA,NA,6.9795739546143,6.51494022801869
8,"CV1",2,3,NA,"Raw","M1","ABR33",25,NA,NA,8.59968759541017,6.92266295123646
8,"CV1",2,3,NA,"Raw","M1","JKI",25,NA,NA,5.46387786941527,3.97789285925035
9,"CV1",2,4,NA,"Raw","M1","ABR33",25,NA,NA,9.31660486893606,10.0096724846003
9,"CV1",2,4,NA,"Raw","M1","JKI",25,NA,NA,4.26342979271908,4.69759932235202
10,"CV1",2,5,NA,"Raw","M1","ABR33",25,NA,NA,8.14288930490881,7.11198643601265
10,"CV1",2,5,NA,"Raw","M1","JKI",25,NA,NA,6.41779745289306,5.9374577999786
11,"CV1",3,1,NA,"Raw","M1","ABR33",25,NA,NA,8.89173719548651,7.61410910095224
11,"CV1",3,1,NA,"Raw","M1","JKI",24,NA,NA,5.4494499776881,4.75885214308749
12,"CV1",3,2,NA,"Raw","M1","ABR33",25,NA,NA,7.5012667143226,8.50759858402998
12,"CV1",3,2,NA,"Raw","M1","JKI",25,NA,NA,4.80272060086706,5.14045991575781
13,"CV1",3,3,NA,"Raw","M1","ABR33",25,NA,NA,12.2048217933532,10.5677761168277
13,"CV1",3,3,NA,"Raw","M1","JKI",25,NA,NA,7.79556000708601,6.55544313657044
14,"CV1",3,4,NA,"Raw","M1","ABR33",25,NA,NA,9.31540217858384,8.26946820863878
14,"CV1",3,4,NA,"Raw","M1","JKI",25,NA,NA,6.24135669848507,5.39842471092364
15,"CV1",3,5,NA,"Raw","M1","ABR33",25,NA,NA,8.40854451613128,7.08135963230573
15,"CV1",3,5,NA,"Raw","M1","JKI",25,NA,NA,5.90374168606736,5.67953956314829
16,"CV1",4,1,NA,"Raw","M1","ABR33",25,NA,NA,8.53136506499996,7.82419432598152
16,"CV1",4,1,NA,"Raw","M1","JKI",24,NA,NA,6.42088518131713,6.11986402110687
17,"CV1",4,2,NA,"Raw","M1","ABR33",25,NA,NA,9.8419839623227,7.87384668906879
17,"CV1",4,2,NA,"Raw","M1","JKI",25,NA,NA,5.92817180967113,4.69342314290318
18,"CV1",4,3,NA,"Raw","M1","ABR33",25,NA,NA,9.43508520273507,9.2349396368019
18,"CV1",4,3,NA,"Raw","M1","JKI",25,NA,NA,6.18104956804157,4.96076689949064
19,"CV1",4,4,NA,"Raw","M1","ABR33",25,NA,NA,9.42201268035954,8.55620931075927
19,"CV1",4,4,NA,"Raw","M1","JKI",25,NA,NA,6.24189955354244,6.08770347297007
20,"CV1",4,5,NA,"Raw","M1","ABR33",25,NA,NA,9.08178521424262,8.11922935277498
20,"CV1",4,5,NA,"Raw","M1","JKI",25,NA,NA,5.49118224885572,4.90589773050523
21,"CV1",5,1,NA,"Raw","M1","ABR33",25,NA,NA,8.62831453177284,8.67325526377484
21,"CV1",5,1,NA,"Raw","M1","JKI",25,NA,NA,5.62842249589661,4.8301665583431
22,"CV1",5,2,NA,"Raw","M1","ABR33",25,NA,NA,9.22422034077238,7.32195946232316
22,"CV1",5,2,NA,"Raw","M1","JKI",25,NA,NA,6.8385195294562,5.82343845502207
23,"CV1",5,3,NA,"Raw","M1","ABR33",25,NA,NA,7.56345201022913,6.48578436768409
23,"CV1",5,3,NA,"Raw","M1","JKI",25,NA,NA,6.47590922491888,5.82555786636006
24,"CV1",5,4,NA,"Raw","M1","ABR33",25,NA,NA,9.42826207647773,7.91674822970591
24,"CV1",5,4,NA,"Raw","M1","JKI",25,NA,NA,5.16833745050704,4.41410961305986
25,"CV1",5,5,NA,"Raw","M1","ABR33",25,NA,NA,11.0668214605428,10.6223600025883
25,"CV1",5,5,NA,"Raw","M1","JKI",24,NA,NA,6.02439360294331,5.69309448696229
26,"CV1",6,1,NA,"Raw","M1","ABR33",25,NA,NA,11.480288408552,10.1674267020611
26,"CV1",6,1,NA,"Raw","M1","JKI",25,NA,NA,6.45268019792494,5.39019782245326
27,"CV1",6,2,NA,"Raw","M1","ABR33",25,NA,NA,8.42265753218997,7.50918431609264
27,"CV1",6,2,NA,"Raw","M1","JKI",25,NA,NA,5.839881393609,4.96294187551696
28,"CV1",6,3,NA,"Raw","M1","ABR33",25,NA,NA,8.7040182810201,7.8031059395857
28,"CV1",6,3,NA,"Raw","M1","JKI",25,NA,NA,6.68891784954357,6.08078398063923
29,"CV1",6,4,NA,"Raw","M1","ABR33",25,NA,NA,7.98510251661915,7.6545987318731
29,"CV1",6,4,NA,"Raw","M1","JKI",24,NA,NA,4.84269926223877,4.2382414993734
30,"CV1",6,5,NA,"Raw","M1","ABR33",25,NA,NA,9.30108551821032,8.3221652081245
30,"CV1",6,5,NA,"Raw","M1","JKI",25,NA,NA,6.28115915971671,6.02837913916908
31,"CV1",7,1,NA,"Raw","M1","ABR33",25,NA,NA,8.90764948856664,8.57413364927318
31,"CV1",7,1,NA,"Raw","M1","JKI",25,NA,NA,6.34286463615368,6.40114767817425
32,"CV1",7,2,NA,"Raw","M1","ABR33",25,NA,NA,10.2125426468808,9.16718351523572
32,"CV1",7,2,NA,"Raw","M1","JKI",25,NA,NA,6.12234082323225,5.59558199077504
33,"CV1",7,3,NA,"Raw","M1","ABR33",25,NA,NA,9.14506296315736,8.49807949756138
33,"CV1",7,3,NA,"Raw","M1","JKI",24,NA,NA,6.07102434227859,4.69983177714611
34,"CV1",7,4,NA,"Raw","M1","ABR33",25,NA,NA,8.54687397751518,7.88393844351911
34,"CV1",7,4,NA,"Raw","M1","JKI",25,NA,NA,6.81363677392914,6.17268586526459
35,"CV1",7,5,NA,"Raw","M1","ABR33",25,NA,NA,9.43043861563614,7.28184134007361
35,"CV1",7,5,NA,"Raw","M1","JKI",25,NA,NA,4.60819940854593,4.32580186785348
36,"CV1",8,1,NA,"Raw","M1","ABR33",25,NA,NA,9.05760519060763,7.34844439976834
36,"CV1",8,1,NA,"Raw","M1","JKI",25,NA,NA,5.69864964818355,4.75097080318608
37,"CV1",8,2,NA,"Raw","M1","ABR33",25,NA,NA,8.92074465356697,8.43887131474813
37,"CV1",8,2,NA,"Raw","M1","JKI",25,NA,NA,6.20231474208328,4.780817375102
38,"CV1",8,3,NA,"Raw","M1","ABR33",25,NA,NA,11.3407929094893,10.254173171121
38,"CV1",8,3,NA,"Raw","M1","JKI",24,NA,NA,7.18036652027968,6.79899920613894
39,"CV1",8,4,NA,"Raw","M1","ABR33",25,NA,NA,8.19930578666352,8.17203555664297
39,"CV1",8,4,NA,"Raw","M1","JKI",25,NA,NA,5.92203251527594,5.32080075239204
40,"CV1",8,5,NA,"Raw","M1","ABR33",25,NA,NA,8.38103510054265,7.42790076131256
40,"CV1",8,5,NA,"Raw","M1","JKI",25,NA,NA,5.20775918237164,5.58199931755135
41,"CV1",9,1,NA,"Raw","M1","ABR33",25,NA,NA,10.1050874009698,9.84909578243666
41,"CV1",9,1,NA,"Raw","M1","JKI",25,NA,NA,6.77116177234583,6.0427896419557
42,"CV1",9,2,NA,"Raw","M1","ABR33",25,NA,NA,11.8854923868906,10.115547364231
42,"CV1",9,2,NA,"Raw","M1","JKI",25,NA,NA,6.59676688084385,5.23386973859642
43,"CV1",9,3,NA,"Raw","M1","ABR33",25,NA,NA,7.48322308436776,6.22029359179037
43,"CV1",9,3,NA,"Raw","M1","JKI",24,NA,NA,5.54539025967096,4.7838557942129
44,"CV1",9,4,NA,"Raw","M1","ABR33",25,NA,NA,8.48087512609792,7.56843723012505
44,"CV1",9,4,NA,"Raw","M1","JKI",25,NA,NA,5.47958796006709,4.692708017447
45,"CV1",9,5,NA,"Raw","M1","ABR33",25,NA,NA,8.16328325161678,7.50024815693387
45,"CV1",9,5,NA,"Raw","M1","JKI",25,NA,NA,6.03656399050158,6.22505547175969
46,"CV1",10,1,NA,"Raw","M1","ABR33",25,NA,NA,10.3953859656363,9.37379434584673
46,"CV1",10,1,NA,"Raw","M1","JKI",25,NA,NA,6.35055275419772,6.03892633479566
47,"CV1",10,2,NA,"Raw","M1","ABR33",25,NA,NA,9.69142871199309,8.96092252175247
47,"CV1",10,2,NA,"Raw","M1","JKI",25,NA,NA,6.29715895840493,5.51883560848047
48,"CV1",10,3,NA,"Raw","M1","ABR33",25,NA,NA,8.88444324566437,7.6826204601278
48,"CV1",10,3,NA,"Raw","M1","JKI",25,NA,NA,6.28212946470097,5.34910185943542
49,"CV1",10,4,NA,"Raw","M1","ABR33",25,NA,NA,8.39061631181257,7.68630095123605
49,"CV1",10,4,NA,"Raw","M1","JKI",24,NA,NA,6.04387182820645,5.07527057018602
50,"CV1",10,5,NA,"Raw","M1","ABR33",25,NA,NA,9.12328431378415,7.66002584978006
50,"CV1",10,5,NA,"Raw","M1","JKI",25,NA,NA,5.29919624553142,4.58842221191631
51,"CV2",1,1,NA,"Raw","M1","ABR33",25,0.811982746730402,0.811982746730402,7.31656017474741,9.46473460390622
51,"CV2",1,1,NA,"Raw","M1","JKI",20,0.815736450694273,0.815736450694273,4.13573011117852,5.62840301271487
52,"CV2",1,2,NA,"Raw","M1","ABR33",28,0.700786585915755,0.700786585915755,6.75913011209624,7.09293743685696
52,"CV2",1,2,NA,"Raw","M1","JKI",26,0.766151338098243,0.766151338098243,4.00433000244269,5.15818740401701
53,"CV2",1,3,NA,"Raw","M1","ABR33",24,0.770529223228078,0.770529223228078,5.66266337126615,6.69965213884027
53,"CV2",1,3,NA,"Raw","M1","JKI",30,0.738210921735184,0.738210921735184,3.3500370546184,4.46280388935496
54,"CV2",1,4,NA,"Raw","M1","ABR33",27,0.862997393937176,0.862997393937176,6.04889939956886,9.7998134618064
54,"CV2",1,4,NA,"Raw","M1","JKI",16,0.871417953044073,0.871417953044073,3.82160446552117,7.00098135863428
55,"CV2",1,5,NA,"Raw","M1","ABR33",20,0.763297975305845,0.763297975305845,7.07255768871987,8.77995127900227
55,"CV2",1,5,NA,"Raw","M1","JKI",32,0.738751659558438,0.738751659558438,5.17382819839233,5.00590706722417
56,"CV2",2,1,NA,"Raw","M1","ABR33",23,0.900698755234991,0.900698755234991,9.06456564361361,11.7066978073045
56,"CV2",2,1,NA,"Raw","M1","JKI",24,0.725162926524524,0.725162926524524,3.14870897312833,4.46191920714464
57,"CV2",2,2,NA,"Raw","M1","ABR33",31,0.615478291539685,0.615478291539685,6.37335105237137,7.61905567511574
57,"CV2",2,2,NA,"Raw","M1","JKI",23,0.825188976587042,0.825188976587042,4.39558834324101,6.86233078193083
58,"CV2",2,3,NA,"Raw","M1","ABR33",34,0.783692917429537,0.783692917429537,5.39643226384703,6.51849133973758
58,"CV2",2,3,NA,"Raw","M1","JKI",27,0.697559453920057,0.697559453920057,4.41241661502244,5.83920968806175
59,"CV2",2,4,NA,"Raw","M1","ABR33",15,0.724316609300816,0.724316609300816,6.93635291649793,9.63458521709052
59,"CV2",2,4,NA,"Raw","M1","JKI",28,0.675360415675796,0.675360415675796,5.13142621695736,4.41710132016327
60,"CV2",2,5,NA,"Raw","M1","ABR33",21,0.753277494746145,0.753277494746145,5.33354217153374,6.54166670939714
60,"CV2",2,5,NA,"Raw","M1","JKI",22,0.939423134097165,0.939423134097165,2.64822906714759,5.39933209036731
61,"CV2",3,1,NA,"Raw","M1","ABR33",27,0.664371847744379,0.664371847744379,5.71577412175933,7.19138011118142
61,"CV2",3,1,NA,"Raw","M1","JKI",24,0.923083250662971,0.923083250662971,2.88364753108396,6.15897333780919
62,"CV2",3,2,NA,"Raw","M1","ABR33",26,0.84889191717655,0.84889191717655,6.46658603852875,8.18307882251038
62,"CV2",3,2,NA,"Raw","M1","JKI",26,0.642337153339066,0.642337153339066,4.58745204406692,5.17238350460318
63,"CV2",3,3,NA,"Raw","M1","ABR33",22,0.773672553361075,0.773672553361075,6.8189178670405,9.81186382815719
63,"CV2",3,3,NA,"Raw","M1","JKI",31,0.765189766300952,0.765189766300952,4.49166090244921,5.14177471520276
64,"CV2",3,4,NA,"Raw","M1","ABR33",27,0.847946883933005,0.847946883933005,7.00837782417775,8.16387213577785
64,"CV2",3,4,NA,"Raw","M1","JKI",25,0.807911225944909,0.807911225944909,3.40559367526199,4.90216916558489
65,"CV2",3,5,NA,"Raw","M1","ABR33",22,0.738607352442649,0.738607352442649,7.00609980425323,8.46102637874845
65,"CV2",3,5,NA,"Raw","M1","JKI",18,0.777050560544801,0.777050560544801,4.82146314776557,5.25500721341972
66,"CV2",4,1,NA,"Raw","M1","ABR33",21,0.756271401427616,0.756271401427616,8.60444396832487,9.6779712332802
66,"CV2",4,1,NA,"Raw","M1","JKI",26,0.837263121252538,0.837263121252538,3.46774607894208,5.25065587017375
67,"CV2",4,2,NA,"Raw","M1","ABR33",24,0.780704508260554,0.780704508260554,5.11077390124402,7.51428450918639
67,"CV2",4,2,NA,"Raw","M1","JKI",35,0.808636997873544,0.808636997873544,3.86948586625544,6.12261781157386
68,"CV2",4,3,NA,"Raw","M1","ABR33",27,0.834205699487049,0.834205699487049,8.04262452470131,10.6306323355738
68,"CV2",4,3,NA,"Raw","M1","JKI",18,0.685810481597216,0.685810481597216,4.8794300383762,3.79378281921966
69,"CV2",4,4,NA,"Raw","M1","ABR33",35,0.762016060237333,0.762016060237333,5.4241006041412,7.02815096545326
69,"CV2",4,4,NA,"Raw","M1","JKI",19,0.782812959329789,0.782812959329789,4.93218136898746,4.78953258726925
70,"CV2",4,5,NA,"Raw","M1","ABR33",17,0.804880400284905,0.804880400284905,4.95598210626033,5.80880253878581
70,"CV2",4,5,NA,"Raw","M1","JKI",26,0.81355955597552,0.81355955597552,3.77828736245678,5.54957711226498
71,"CV2",5,1,NA,"Raw","M1","ABR33",19,0.775129848052327,0.775129848052327,5.57829134287357,8.21014373358507
71,"CV2",5,1,NA,"Raw","M1","JKI",34,0.744075509884969,0.744075509884969,5.01255152740361,5.32868875284539
72,"CV2",5,2,NA,"Raw","M1","ABR33",35,0.811482459611558,0.811482459611558,6.28685334372822,7.64881452186666
72,"CV2",5,2,NA,"Raw","M1","JKI",27,0.789418816780632,0.789418816780632,3.8473988220846,5.93925707514559
73,"CV2",5,3,NA,"Raw","M1","ABR33",26,0.761185929226244,0.761185929226244,6.23542742367376,6.6779067181593
73,"CV2",5,3,NA,"Raw","M1","JKI",22,0.773293935274837,0.773293935274837,3.81660600443914,4.81451896432198
74,"CV2",5,4,NA,"Raw","M1","ABR33",21,0.519858820689423,0.519858820689423,7.0998155119581,7.68429882209995
74,"CV2",5,4,NA,"Raw","M1","JKI",26,0.804239079208006,0.804239079208006,3.74161728683925,5.29267419964227
75,"CV2",5,5,NA,"Raw","M1","ABR33",23,0.880187902046056,0.880187902046056,8.52524305411266,11.2533239251042
75,"CV2",5,5,NA,"Raw","M1","JKI",15,0.879173818457738,0.879173818457738,3.70131271487256,5.6402968433933
76,"CV2",6,1,NA,"Raw","M1","ABR33",23,0.851656978576622,0.851656978576622,5.74249774233171,7.61869507882359
76,"CV2",6,1,NA,"Raw","M1","JKI",25,0.794174854367077,0.794174854367077,4.01964217384663,5.45409584507472
77,"CV2",6,2,NA,"Raw","M1","ABR33",21,0.713573227659295,0.713573227659295,6.27524609725834,7.55907360295129
77,"CV2",6,2,NA,"Raw","M1","JKI",30,0.81155589993808,0.81155589993808,5.14791009294858,5.65118469425943
78,"CV2",6,3,NA,"Raw","M1","ABR33",29,0.838254651436923,0.838254651436923,6.9382744533356,8.65502763087692
78,"CV2",6,3,NA,"Raw","M1","JKI",20,0.882950281977648,0.882950281977648,2.5806671605854,4.50380183824527
79,"CV2",6,4,NA,"Raw","M1","ABR33",33,0.605627940062782,0.605627940062782,6.4119020839861,8.65208984839156
79,"CV2",6,4,NA,"Raw","M1","JKI",21,0.703659713568589,0.703659713568589,4.66634785425605,4.62655619627547
80,"CV2",6,5,NA,"Raw","M1","ABR33",18,0.8447416044412,0.8447416044412,7.71288293154489,8.8866205329126
80,"CV2",6,5,NA,"Raw","M1","JKI",28,0.795917197722905,0.795917197722905,3.76849265311088,6.12014762790996
81,"CV2",7,1,NA,"Raw","M1","ABR33",28,0.824109743412407,0.824109743412407,6.51839738015895,8.32050082398465
81,"CV2",7,1,NA,"Raw","M1","JKI",26,0.755121901599192,0.755121901599192,4.07135570591396,4.34047903937363
82,"CV2",7,2,NA,"Raw","M1","ABR33",22,0.845556883685576,0.845556883685576,7.52150784321043,9.7540285800585
82,"CV2",7,2,NA,"Raw","M1","JKI",25,0.829643763719182,0.829643763719182,4.18108487352998,5.81056181631473
83,"CV2",7,3,NA,"Raw","M1","ABR33",20,0.61260887393031,0.61260887393031,6.70149966015747,8.58451118545485
83,"CV2",7,3,NA,"Raw","M1","JKI",28,0.799472017512861,0.799472017512861,4.33586728976433,5.82606791689506
84,"CV2",7,4,NA,"Raw","M1","ABR33",29,0.814728523610704,0.814728523610704,6.6217654787357,7.72316730741936
84,"CV2",7,4,NA,"Raw","M1","JKI",22,0.801286414529267,0.801286414529267,3.80304442113701,5.6890791756346
85,"CV2",7,5,NA,"Raw","M1","ABR33",25,0.763623179789922,0.763623179789922,5.56436017180284,7.25654926881907
85,"CV2",7,5,NA,"Raw","M1","JKI",23,0.812801237100658,0.812801237100658,3.93043709340994,5.60037569014222
86,"CV2",8,1,NA,"Raw","M1","ABR33",21,0.868403058549373,0.868403058549373,7.70810672493945,9.11263571357595
86,"CV2",8,1,NA,"Raw","M1","JKI",23,0.858202058442578,0.858202058442578,2.73650566687388,5.65385595931535
87,"CV2",8,2,NA,"Raw","M1","ABR33",31,0.742035564669103,0.742035564669103,6.11519653497006,7.88459750950849
87,"CV2",8,2,NA,"Raw","M1","JKI",22,0.791978625354216,0.791978625354216,4.4743901661811,5.03888343367656
88,"CV2",8,3,NA,"Raw","M1","ABR33",26,0.838617075378339,0.838617075378339,6.76139851113794,8.64223173273025
88,"CV2",8,3,NA,"Raw","M1","JKI",23,0.786395376409225,0.786395376409225,4.33217209811879,5.16080355729699
89,"CV2",8,4,NA,"Raw","M1","ABR33",24,0.687615798191433,0.687615798191433,5.50998048769962,6.11865936157559
89,"CV2",8,4,NA,"Raw","M1","JKI",34,0.819463965024796,0.819463965024796,3.50206883344513,5.70949594166641
90,"CV2",8,5,NA,"Raw","M1","ABR33",22,0.759828090124974,0.759828090124974,7.1642981972197,9.7577638968874
90,"CV2",8,5,NA,"Raw","M1","JKI",22,0.617546415158107,0.617546415158107,5.15898361491985,5.19518387152891
91,"CV2",9,1,NA,"Raw","M1","ABR33",28,0.747107300363242,0.747107300363242,7.44059106707373,9.54715284446304
91,"CV2",9,1,NA,"Raw","M1","JKI",22,0.778174820568999,0.778174820568999,3.79673536819531,4.85480978583155
92,"CV2",9,2,NA,"Raw","M1","ABR33",16,0.709519917603785,0.709519917603785,7.26960281490396,9.44886023663409
92,"CV2",9,2,NA,"Raw","M1","JKI",34,0.705790679539987,0.705790679539987,5.05495493264569,5.55108563808951
93,"CV2",9,3,NA,"Raw","M1","ABR33",19,0.861100748113121,0.861100748113121,5.7022857946006,6.83808525023698
93,"CV2",9,3,NA,"Raw","M1","JKI",24,0.808862149618789,0.808862149618789,4.49299574926462,6.568828797761
94,"CV2",9,4,NA,"Raw","M1","ABR33",33,0.82565657309584,0.82565657309584,7.12041598072414,8.42653834687966
94,"CV2",9,4,NA,"Raw","M1","JKI",27,0.829301570236795,0.829301570236795,3.45049445417201,5.0884633225809
95,"CV2",9,5,NA,"Raw","M1","ABR33",28,0.644249313156626,0.644249313156626,5.38764065838196,7.4718417282037
95,"CV2",9,5,NA,"Raw","M1","JKI",17,0.881415307061996,0.881415307061996,2.9816921505272,4.52839913097889
96,"CV2",10,1,NA,"Raw","M1","ABR33",16,0.712126060074885,0.712126060074885,7.03139411204123,9.44310468653878
96,"CV2",10,1,NA,"Raw","M1","JKI",31,0.775871189502148,0.775871189502148,3.77755955756172,5.6028977159593
97,"CV2",10,2,NA,"Raw","M1","ABR33",21,0.74198562674014,0.74198562674014,4.40578745504257,7.86775842563216
97,"CV2",10,2,NA,"Raw","M1","JKI",25,0.7889901574115,0.7889901574115,4.36906761493303,6.09019322661132
98,"CV2",10,3,NA,"Raw","M1","ABR33",31,0.850609957009932,0.850609957009932,5.65187230144292,7.71755827185894
98,"CV2",10,3,NA,"Raw","M1","JKI",22,0.785386758595843,0.785386758595843,3.50246471655337,4.8182375543948
99,"CV2",10,4,NA,"Raw","M1","ABR33",27,0.666076807064397,0.666076807064397,7.41966094118037,7.94962888491304
99,"CV2",10,4,NA,"Raw","M1","JKI",26,0.781236015246961,0.781236015246961,4.12224052726403,5.30404534269199
100,"CV2",10,5,NA,"Raw","M1","ABR33",29,0.852189943336737,0.852189943336737,7.64973033759363,9.43352060874637
100,"CV2",10,5,NA,"Raw","M1","JKI",20,0.762708716352366,0.762708716352366,4.49692436251474,5.09221389065606
101,"Sparse25",1,1,0,"Raw","M1","ABR33",100,0.357675661518066,0.357675661518066,9.05110659087264,8.59175837670499
101,"Sparse25",1,1,0,"Raw","M1","JKI",99,0.381495178066136,0.381495178066136,5.72800328658414,5.30155144628945
102,"Sparse25",2,1,0,"Raw","M1","ABR33",100,0.351743227742879,0.351743227742879,8.75211251742191,8.14878348138324
102,"Sparse25",2,1,0,"Raw","M1","JKI",99,0.421896635121194,0.421896635121194,5.94202187995857,5.47463534941267
103,"Sparse25",3,1,0,"Raw","M1","ABR33",100,0.351569669411071,0.351569669411071,9.36674287186217,8.58771622716717
103,"Sparse25",3,1,0,"Raw","M1","JKI",99,0.421557352524137,0.421557352524137,5.55838223760414,5.25248463853448
104,"Sparse25",4,1,0,"Raw","M1","ABR33",100,0.50708748432993,0.50708748432993,9.13864495361225,8.4962518228826
104,"Sparse25",4,1,0,"Raw","M1","JKI",99,0.385866571440173,0.385866571440173,5.7079490641582,5.69039654739745
105,"Sparse25",5,1,0,"Raw","M1","ABR33",100,0.360391093063266,0.360391093063266,9.08161709265667,8.53866942225539
105,"Sparse25",5,1,0,"Raw","M1","JKI",99,0.384503282805414,0.384503282805414,5.69597414591087,5.46681426126808
106,"Sparse25",6,1,0,"Raw","M1","ABR33",100,0.385993011685466,0.385993011685466,9.8499434448503,8.92473199841051
106,"Sparse25",6,1,0,"Raw","M1","JKI",99,0.373485530625035,0.373485530625035,5.84819280604635,5.57982033922702
107,"Sparse25",7,1,0,"Raw","M1","ABR33",100,0.343146789675131,0.343146789675131,8.66732432275794,8.73639440521187
107,"Sparse25",7,1,0,"Raw","M1","JKI",99,0.520134112002335,0.520134112002335,5.6728402702281,5.63088225554191
108,"Sparse25",8,1,0,"Raw","M1","ABR33",100,0.35575336174666,0.35575336174666,9.26529746894888,8.48320376674945
108,"Sparse25",8,1,0,"Raw","M1","JKI",99,0.308226169413957,0.308226169413957,5.85225454304535,5.65747645385731
109,"Sparse25",9,1,0,"Raw","M1","ABR33",100,0.378197917125638,0.378197917125638,9.60008845971553,8.71263926270175
109,"Sparse25",9,1,0,"Raw","M1","JKI",99,0.384828983601649,0.384828983601649,5.74484991207985,5.45147127817953
110,"Sparse25",10,1,0,"Raw","M1","ABR33",100,0.353406816774164,0.353406816774164,8.85278291859943,10.5494896824621
110,"Sparse25",10,1,0,"Raw","M1","JKI",99,0.45962566151681,0.45962566151681,5.62554350823963,5.76808624639244
111,"Sparse25",1,1,5,"Raw","M1","ABR33",100,0.319394492717396,0.319394492717396,9.28733797664098,8.44915704482781
111,"Sparse25",1,1,5,"Raw","M1","JKI",99,0.394698542368941,0.394698542368941,5.73774595770829,6.32859958383867
112,"Sparse25",2,1,5,"Raw","M1","ABR33",100,0.332812822927766,0.332812822927766,8.98623034830645,8.80459909106034
112,"Sparse25",2,1,5,"Raw","M1","JKI",99,0.377366442230318,0.377366442230318,5.53331026815877,5.89822115777206
113,"Sparse25",3,1,5,"Raw","M1","ABR33",100,0.269201126415465,0.269201126415465,9.2811642730462,10.2072887999669
113,"Sparse25",3,1,5,"Raw","M1","JKI",99,0.394030520127235,0.394030520127235,6.05484799972479,5.67889595254234
114,"Sparse25",4,1,5,"Raw","M1","ABR33",100,0.333832870677594,0.333832870677594,9.06320011567419,8.43332090834891
114,"Sparse25",4,1,5,"Raw","M1","JKI",99,0.401217646433679,0.401217646433679,5.81269086533627,5.70112911848774
115,"Sparse25",5,1,5,"Raw","M1","ABR33",100,0.367502285315537,0.367502285315537,9.66667079567555,9.53335024544803
115,"Sparse25",5,1,5,"Raw","M1","JKI",99,0.319885273111087,0.319885273111087,5.89113948875092,5.51793442569609
116,"Sparse25",6,1,5,"Raw","M1","ABR33",100,0.405479565418407,0.405479565418407,9.45891058844286,8.85791371704923
116,"Sparse25",6,1,5,"Raw","M1","JKI",99,0.325983246824578,0.325983246824578,6.3217731473626,5.8235717639786
117,"Sparse25",7,1,5,"Raw","M1","ABR33",100,0.34391498020737,0.34391498020737,9.25894084045728,8.62448525916763
117,"Sparse25",7,1,5,"Raw","M1","JKI",99,0.33059594141094,0.33059594141094,5.89786206485002,5.64757332016001
118,"Sparse25",8,1,5,"Raw","M1","ABR33",100,0.328260148711632,0.328260148711632,9.43893367064019,8.5832679519157
118,"Sparse25",8,1,5,"Raw","M1","JKI",99,0.208001346677819,0.208001346677819,6.0008634391692,5.47914903539549
119,"Sparse25",9,1,5,"Raw","M1","ABR33",100,0.317242244628212,0.317242244628212,8.94483031076488,9.07187123370469
119,"Sparse25",9,1,5,"Raw","M1","JKI",99,0.289144361587682,0.289144361587682,5.8830511521214,5.43494342825978
120,"Sparse25",10,1,5,"Raw","M1","ABR33",100,0.376935147918243,0.376935147918243,9.00546194900036,8.38816111359791
120,"Sparse25",10,1,5,"Raw","M1","JKI",99,0.3528071730995,0.3528071730995,5.62981640832043,5.59190577271666
121,"Sparse25",1,1,10,"Raw","M1","ABR33",100,0.283027170869694,0.283027170869694,8.86261171356857,8.98445019358592
121,"Sparse25",1,1,10,"Raw","M1","JKI",99,0.408957305723067,0.408957305723067,5.67740001690771,5.74935772691124
122,"Sparse25",2,1,10,"Raw","M1","ABR33",100,0.31898960379303,0.31898960379303,8.80985990526508,8.27720917004972
122,"Sparse25",2,1,10,"Raw","M1","JKI",99,0.307501594932562,0.307501594932562,5.62761255586215,5.46093690142423
123,"Sparse25",3,1,10,"Raw","M1","ABR33",100,0.263382666286029,0.263382666286029,8.84437594831089,8.66524150517186
123,"Sparse25",3,1,10,"Raw","M1","JKI",99,0.326895811227296,0.326895811227296,5.87552013364148,5.16941590058268
124,"Sparse25",4,1,10,"Raw","M1","ABR33",100,0.359588493846946,0.359588493846946,8.71121824276055,8.43767924825668
124,"Sparse25",4,1,10,"Raw","M1","JKI",99,0.426727304397331,0.426727304397331,5.58636825760325,5.34981746550252
125,"Sparse25",5,1,10,"Raw","M1","ABR33",100,0.353651514142476,0.353651514142476,8.82273862946883,8.94596729704327
125,"Sparse25",5,1,10,"Raw","M1","JKI",99,0.308267569596713,0.308267569596713,5.94549184794994,5.63889380446106
126,"Sparse25",6,1,10,"Raw","M1","ABR33",100,0.334695324807221,0.334695324807221,10.5871208696503,9.2909846476801
126,"Sparse25",6,1,10,"Raw","M1","JKI",99,0.330775246115297,0.330775246115297,6.05084990878994,5.96022502115465
127,"Sparse25",7,1,10,"Raw","M1","ABR33",100,0.269120012185735,0.269120012185735,10.33525574134,9.59219310025229
127,"Sparse25",7,1,10,"Raw","M1","JKI",99,0.177693519790058,0.177693519790058,6.36432426649956,5.85423331992725
128,"Sparse25",8,1,10,"Raw","M1","ABR33",100,0.404692281948629,0.404692281948629,9.09191541576405,8.77272796864338
128,"Sparse25",8,1,10,"Raw","M1","JKI",99,0.277898266827652,0.277898266827652,5.98669673532519,5.59718584786013
129,"Sparse25",9,1,10,"Raw","M1","ABR33",100,0.166445706090078,0.166445706090078,9.72754837527701,8.83005494011936
129,"Sparse25",9,1,10,"Raw","M1","JKI",99,0.229390796628802,0.229390796628802,6.09168129335399,5.87104683761959
130,"Sparse25",10,1,10,"Raw","M1","ABR33",100,0.284042537947051,0.284042537947051,8.99393801838417,8.46569743368288
130,"Sparse25",10,1,10,"Raw","M1","JKI",99,0.304259091861838,0.304259091861838,5.9433908378982,6.29417548809544
131,"Sparse25",1,1,15,"Raw","M1","ABR33",100,0.147005701269796,0.147005701269796,9.04508663365278,8.85319767165418
131,"Sparse25",1,1,15,"Raw","M1","JKI",99,0.315400207173949,0.315400207173949,5.77076005033785,5.73670043928638
132,"Sparse25",2,1,15,"Raw","M1","ABR33",100,0.269569028627319,0.269569028627319,9.38237235138499,8.63826428313386
132,"Sparse25",2,1,15,"Raw","M1","JKI",99,0.102052639457637,0.102052639457637,6.28213964596303,5.61421940236585
133,"Sparse25",3,1,15,"Raw","M1","ABR33",100,0.227598141272997,0.227598141272997,8.80054905343124,8.30742921087736
133,"Sparse25",3,1,15,"Raw","M1","JKI",99,0.378754034734478,0.378754034734478,5.90834090294013,5.93929389787319
134,"Sparse25",4,1,15,"Raw","M1","ABR33",100,0.33494460795244,0.33494460795244,8.81471269935567,8.72864418624303
134,"Sparse25",4,1,15,"Raw","M1","JKI",99,0.351172075043757,0.351172075043757,5.5756159660667,5.38138691058193
135,"Sparse25",5,1,15,"Raw","M1","ABR33",100,0.279975841848377,0.279975841848377,9.40217639827988,8.65003599306654
135,"Sparse25",5,1,15,"Raw","M1","JKI",99,0.213270238414339,0.213270238414339,6.5373742517811,6.00807122989454
136,"Sparse25",6,1,15,"Raw","M1","ABR33",100,0.384696965729796,0.384696965729796,9.24238806682014,8.56511108305551
136,"Sparse25",6,1,15,"Raw","M1","JKI",99,0.118053296634791,0.118053296634791,6.11759609428811,5.50776463985808
137,"Sparse25",7,1,15,"Raw","M1","ABR33",100,0.242404878631379,0.242404878631379,9.61331850503682,8.80984900985972
137,"Sparse25",7,1,15,"Raw","M1","JKI",99,0.165702659696767,0.165702659696767,6.18289624473864,5.61832578469238
138,"Sparse25",8,1,15,"Raw","M1","ABR33",100,0.280914500926756,0.280914500926756,9.73323321214764,8.96799901430073
138,"Sparse25",8,1,15,"Raw","M1","JKI",99,0.229506532013597,0.229506532013597,6.49460637281673,5.61204479602532
139,"Sparse25",9,1,15,"Raw","M1","ABR33",100,0.166227818288057,0.166227818288057,9.09358825440488,8.63460227515088
139,"Sparse25",9,1,15,"Raw","M1","JKI",99,0.285923179796354,0.285923179796354,5.80747118842698,5.31126678610602
140,"Sparse25",10,1,15,"Raw","M1","ABR33",100,0.271505251500163,0.271505251500163,9.35677154219293,8.68369693041982
140,"Sparse25",10,1,15,"Raw","M1","JKI",99,0.0840602263800457,0.0840602263800457,5.92235851512564,5.65556157367313
141,"Sparse25",1,1,20,"Raw","M1","ABR33",100,0.101063872769936,0.101063872769936,9.19984169608147,8.63316710530329
141,"Sparse25",1,1,20,"Raw","M1","JKI",99,0.107690227620598,0.107690227620598,6.18300983380977,5.49148468654445
142,"Sparse25",2,1,20,"Raw","M1","ABR33",100,0.330343527673649,0.330343527673649,9.34817140829304,8.89091961154475
142,"Sparse25",2,1,20,"Raw","M1","JKI",99,0.210109510535655,0.210109510535655,5.9460890391813,5.338823529508
143,"Sparse25",3,1,20,"Raw","M1","ABR33",100,0.16725130837179,0.16725130837179,8.7723755949532,9.68355615424094
143,"Sparse25",3,1,20,"Raw","M1","JKI",99,0.319266013970304,0.319266013970304,5.71434750994704,5.34608035859164
144,"Sparse25",4,1,20,"Raw","M1","ABR33",100,0.297864262314892,0.297864262314892,10.3520720739128,10.2035297746193
144,"Sparse25",4,1,20,"Raw","M1","JKI",99,0.00992523881940454,0.00992523881940454,6.10228702606265,5.39623979240534
145,"Sparse25",5,1,20,"Raw","M1","ABR33",100,0.128369299648943,0.128369299648943,9.81779701067973,8.9530399827432
145,"Sparse25",5,1,20,"Raw","M1","JKI",99,0.135608047229161,0.135608047229161,6.02858944539963,5.48779145101941
146,"Sparse25",6,1,20,"Raw","M1","ABR33",100,0.0999010131567136,0.0999010131567136,9.21405916468808,8.72702340115674
146,"Sparse25",6,1,20,"Raw","M1","JKI",99,0.305416822418275,0.305416822418275,5.8147233245044,5.55384446066237
147,"Sparse25",7,1,20,"Raw","M1","ABR33",100,0.19685854782094,0.19685854782094,8.86998807822836,8.09909796275492
147,"Sparse25",7,1,20,"Raw","M1","JKI",99,0.160250970809854,0.160250970809854,5.96478229327626,5.43595743496727
148,"Sparse25",8,1,20,"Raw","M1","ABR33",100,0.114444453110663,0.114444453110663,9.08720527631725,8.54697089181532
148,"Sparse25",8,1,20,"Raw","M1","JKI",99,0.21134637775488,0.21134637775488,5.77400847228901,5.84511681823852
149,"Sparse25",9,1,20,"Raw","M1","ABR33",100,0.195428309420882,0.195428309420882,9.1195171544194,8.25000753927292
149,"Sparse25",9,1,20,"Raw","M1","JKI",99,0.109737523163104,0.109737523163104,6.02255196711713,5.44182640948261
150,"Sparse25",10,1,20,"Raw","M1","ABR33",100,0.233019781488826,0.233019781488826,10.4261784068587,9.35987967481403
150,"Sparse25",10,1,20,"Raw","M1","JKI",99,0.121793700930594,0.121793700930594,6.24521657360612,5.66251029073364
151,"Sparse25",1,1,25,"Raw","M1","ABR33",100,NA,NA,9.12852068339569,8.19133746761789
151,"Sparse25",1,1,25,"Raw","M1","JKI",99,NA,NA,6.05848896629341,5.52951147563257
152,"Sparse25",2,1,25,"Raw","M1","ABR33",100,NA,NA,10.2170384782236,8.90536823450024
152,"Sparse25",2,1,25,"Raw","M1","JKI",99,NA,NA,6.22228011803233,5.49941152146847
153,"Sparse25",3,1,25,"Raw","M1","ABR33",100,NA,NA,9.64590789776434,8.84093290835833
153,"Sparse25",3,1,25,"Raw","M1","JKI",99,NA,NA,6.27956580649463,5.54092277162478
154,"Sparse25",4,1,25,"Raw","M1","ABR33",100,NA,NA,9.31058638177778,9.20466244605614
154,"Sparse25",4,1,25,"Raw","M1","JKI",99,NA,NA,5.75608566791951,5.53940155100562
155,"Sparse25",5,1,25,"Raw","M1","ABR33",100,NA,NA,8.84251596180875,7.91664936944219
155,"Sparse25",5,1,25,"Raw","M1","JKI",99,NA,NA,5.95674589046277,5.30896254787675
156,"Sparse25",6,1,25,"Raw","M1","ABR33",100,NA,NA,9.35271205237313,8.51638178159863
156,"Sparse25",6,1,25,"Raw","M1","JKI",99,NA,NA,5.98819780200439,5.17482013992652
157,"Sparse25",7,1,25,"Raw","M1","ABR33",100,NA,NA,9.63325257486826,8.69508698022222
157,"Sparse25",7,1,25,"Raw","M1","JKI",99,NA,NA,6.39927007897381,5.58941933759453
158,"Sparse25",8,1,25,"Raw","M1","ABR33",100,NA,NA,9.3470434462843,8.58242750484701
158,"Sparse25",8,1,25,"Raw","M1","JKI",99,NA,NA,6.22510240242659,5.55339441896235
159,"Sparse25",9,1,25,"Raw","M1","ABR33",100,NA,NA,10.4851549498288,9.5365302777335
159,"Sparse25",9,1,25,"Raw","M1","JKI",99,NA,NA,6.6812646757915,6.50320940498171
160,"Sparse25",10,1,25,"Raw","M1","ABR33",100,NA,NA,8.99473859296006,8.19560446284842
160,"Sparse25",10,1,25,"Raw","M1","JKI",99,NA,NA,6.17454592467005,5.34220659625768
1,"CV1",1,1,NA,"Raw","M2","ABR33",25,0.66214611612287,0.66214611612287,6.73746522325002,7.08235546668907
1,"CV1",1,1,NA,"Raw","M2","JKI",25,0.642531126188708,0.642531126188708,4.31170713870929,4.59781480836246
2,"CV1",1,2,NA,"Raw","M2","ABR33",25,0.812483352028379,0.812483352028379,11.0358247391731,11.2260736282404
2,"CV1",1,2,NA,"Raw","M2","JKI",25,0.76484827124923,0.76484827124923,6.18197186916591,6.89655550778033
3,"CV1",1,3,NA,"Raw","M2","ABR33",25,0.434355871526181,0.434355871526181,7.65506835912717,8.11673585806814
3,"CV1",1,3,NA,"Raw","M2","JKI",25,0.586148437773184,0.586148437773184,4.88000440574595,5.12964506521861
4,"CV1",1,4,NA,"Raw","M2","ABR33",25,0.284492087086903,0.284492087086903,7.52691563719741,7.9889065160331
4,"CV1",1,4,NA,"Raw","M2","JKI",25,0.182812251527404,0.182812251527404,6.77566849820646,6.36216765461528
5,"CV1",1,5,NA,"Raw","M2","ABR33",25,0.473962656452947,0.473962656452947,7.7987269418599,8.44164385154013
5,"CV1",1,5,NA,"Raw","M2","JKI",24,0.586034472442425,0.586034472442425,4.44242008115959,4.74826377219697
6,"CV1",2,1,NA,"Raw","M2","ABR33",25,0.661087326767202,0.661087326767202,8.27801092814937,8.71120528695896
6,"CV1",2,1,NA,"Raw","M2","JKI",25,0.714695588715572,0.714695588715572,5.04118429584424,6.04122950320428
7,"CV1",2,2,NA,"Raw","M2","ABR33",25,0.54997275427858,0.54997275427858,8.61999938190141,8.80463683541498
7,"CV1",2,2,NA,"Raw","M2","JKI",24,0.401891542592632,0.401891542592632,6.4177214000677,6.51494022801869
8,"CV1",2,3,NA,"Raw","M2","ABR33",25,0.733122155828453,0.733122155828453,6.63250224908748,6.92266295123646
8,"CV1",2,3,NA,"Raw","M2","JKI",25,0.876532661914052,0.876532661914052,3.60188244332597,3.97789285925035
9,"CV1",2,4,NA,"Raw","M2","ABR33",25,0.272869650741734,0.272869650741734,9.05109449905055,10.0096724846003
9,"CV1",2,4,NA,"Raw","M2","JKI",25,0.335872485695513,0.335872485695513,4.68205974769448,4.69759932235202
10,"CV1",2,5,NA,"Raw","M2","ABR33",25,0.532383505373546,0.532383505373546,7.01575962874404,7.11198643601265
10,"CV1",2,5,NA,"Raw","M2","JKI",25,0.53401146035473,0.53401146035473,5.79257797813981,5.9374577999786
11,"CV1",3,1,NA,"Raw","M2","ABR33",25,0.524326667464743,0.524326667464743,7.50585372151303,7.61410910095224
11,"CV1",3,1,NA,"Raw","M2","JKI",24,0.34327903700673,0.34327903700673,4.77948413739905,4.75885214308749
12,"CV1",3,2,NA,"Raw","M2","ABR33",25,0.255444726484402,0.255444726484402,7.42849860191444,8.50759858402998
12,"CV1",3,2,NA,"Raw","M2","JKI",25,0.378526562990176,0.378526562990176,4.91234288790913,5.14045991575781
13,"CV1",3,3,NA,"Raw","M2","ABR33",25,0.684249170041878,0.684249170041878,10.3274705331177,10.5677761168277
13,"CV1",3,3,NA,"Raw","M2","JKI",25,0.687882244656455,0.687882244656455,6.00986391018447,6.55544313657044
14,"CV1",3,4,NA,"Raw","M2","ABR33",25,0.517500057938455,0.517500057938455,8.14110262716687,8.26946820863878
14,"CV1",3,4,NA,"Raw","M2","JKI",25,0.696543390712569,0.696543390712569,4.68076568629181,5.39842471092364
15,"CV1",3,5,NA,"Raw","M2","ABR33",25,0.64451636912854,0.64451636912854,6.70149023949777,7.08135963230573
15,"CV1",3,5,NA,"Raw","M2","JKI",25,0.429431547218519,0.429431547218519,5.59496053423054,5.67953956314829
16,"CV1",4,1,NA,"Raw","M2","ABR33",25,0.60948162512627,0.60948162512627,7.28523410844867,7.82419432598152
16,"CV1",4,1,NA,"Raw","M2","JKI",24,0.398910397251694,0.398910397251694,6.00934582295106,6.11986402110687
17,"CV1",4,2,NA,"Raw","M2","ABR33",25,0.756527302573299,0.756527302573299,7.54210258275956,7.87384668906879
17,"CV1",4,2,NA,"Raw","M2","JKI",25,0.763081091911283,0.763081091911283,3.93630874125469,4.69342314290318
18,"CV1",4,3,NA,"Raw","M2","ABR33",25,0.281856500007655,0.281856500007655,8.99851274457226,9.2349396368019
18,"CV1",4,3,NA,"Raw","M2","JKI",25,0.626390263599516,0.626390263599516,4.68153255386217,4.96076689949064
19,"CV1",4,4,NA,"Raw","M2","ABR33",25,0.509154854036287,0.509154854036287,8.26475821400727,8.55620931075927
19,"CV1",4,4,NA,"Raw","M2","JKI",25,0.380164277136081,0.380164277136081,5.87631249574961,6.08770347297007
20,"CV1",4,5,NA,"Raw","M2","ABR33",25,0.551666122894203,0.551666122894203,7.74539909712991,8.11922935277498
20,"CV1",4,5,NA,"Raw","M2","JKI",25,0.550679188458992,0.550679188458992,4.60787428924434,4.90589773050523
21,"CV1",5,1,NA,"Raw","M2","ABR33",25,0.316831000925585,0.316831000925585,8.20409308435963,8.67325526377484
21,"CV1",5,1,NA,"Raw","M2","JKI",25,0.486193989486881,0.486193989486881,4.98025418119402,4.8301665583431
22,"CV1",5,2,NA,"Raw","M2","ABR33",25,0.779245508001968,0.779245508001968,6.98112784009099,7.32195946232316
22,"CV1",5,2,NA,"Raw","M2","JKI",25,0.682238697259912,0.682238697259912,5.18522027463738,5.82343845502207
23,"CV1",5,3,NA,"Raw","M2","ABR33",25,0.602920055740711,0.602920055740711,6.04840597799137,6.48578436768409
23,"CV1",5,3,NA,"Raw","M2","JKI",25,0.559413272085902,0.559413272085902,5.34145508712898,5.82555786636006
24,"CV1",5,4,NA,"Raw","M2","ABR33",25,0.699863724242402,0.699863724242402,7.60467856126496,7.91674822970591
24,"CV1",5,4,NA,"Raw","M2","JKI",25,0.633610207958741,0.633610207958741,3.90815067669897,4.41410961305986
25,"CV1",5,5,NA,"Raw","M2","ABR33",25,0.371470760924333,0.371470760924333,10.2454586190181,10.6223600025883
25,"CV1",5,5,NA,"Raw","M2","JKI",24,0.376625038055456,0.376625038055456,5.79620763007094,5.69309448696229
26,"CV1",6,1,NA,"Raw","M2","ABR33",25,0.633561378359711,0.633561378359711,9.86397069960891,10.1674267020611
26,"CV1",6,1,NA,"Raw","M2","JKI",25,0.741659378603865,0.741659378603865,4.67421432615625,5.39019782245326
27,"CV1",6,2,NA,"Raw","M2","ABR33",25,0.560012149523355,0.560012149523355,7.10535643281127,7.50918431609264
27,"CV1",6,2,NA,"Raw","M2","JKI",25,0.625803883174629,0.625803883174629,4.56686236182441,4.96294187551696
28,"CV1",6,3,NA,"Raw","M2","ABR33",25,0.554104478257657,0.554104478257657,7.3414796472653,7.8031059395857
28,"CV1",6,3,NA,"Raw","M2","JKI",25,0.500343852625254,0.500343852625254,5.76552174233975,6.08078398063923
29,"CV1",6,4,NA,"Raw","M2","ABR33",25,0.510343146151389,0.510343146151389,7.03757324500891,7.6545987318731
29,"CV1",6,4,NA,"Raw","M2","JKI",24,0.537562886902035,0.537562886902035,4.25760708933704,4.2382414993734
30,"CV1",6,5,NA,"Raw","M2","ABR33",25,0.512855739304659,0.512855739304659,8.02087275608477,8.3221652081245
30,"CV1",6,5,NA,"Raw","M2","JKI",25,0.394477678735758,0.394477678735758,5.78112719282487,6.02837913916908
31,"CV1",7,1,NA,"Raw","M2","ABR33",25,0.440441799435962,0.440441799435962,8.01394326447331,8.57413364927318
31,"CV1",7,1,NA,"Raw","M2","JKI",25,0.388213155324518,0.388213155324518,5.94212186400118,6.40114767817425
32,"CV1",7,2,NA,"Raw","M2","ABR33",25,0.507177038492392,0.507177038492392,8.82775124753014,9.16718351523572
32,"CV1",7,2,NA,"Raw","M2","JKI",25,0.514054762754637,0.514054762754637,5.3741868271372,5.59558199077504
33,"CV1",7,3,NA,"Raw","M2","ABR33",25,0.471454440748778,0.471454440748778,8.10275451801801,8.49807949756138
33,"CV1",7,3,NA,"Raw","M2","JKI",24,0.719180004619833,0.719180004619833,4.36734767941013,4.69983177714611
34,"CV1",7,4,NA,"Raw","M2","ABR33",25,0.591162556596891,0.591162556596891,7.3183462641931,7.88393844351911
34,"CV1",7,4,NA,"Raw","M2","JKI",25,0.674613377126178,0.674613377126178,5.26965238034298,6.17268586526459
35,"CV1",7,5,NA,"Raw","M2","ABR33",25,0.7309958358518,0.7309958358518,7.21270549138295,7.28184134007361
35,"CV1",7,5,NA,"Raw","M2","JKI",25,0.435847228924049,0.435847228924049,4.28966269359322,4.32580186785348
36,"CV1",8,1,NA,"Raw","M2","ABR33",25,0.66125272569529,0.66125272569529,7.1342250591876,7.34844439976834
36,"CV1",8,1,NA,"Raw","M2","JKI",25,0.659904655011219,0.659904655011219,4.35003310927116,4.75097080318608
37,"CV1",8,2,NA,"Raw","M2","ABR33",25,0.550188661157555,0.550188661157555,8.02409344697708,8.43887131474813
37,"CV1",8,2,NA,"Raw","M2","JKI",25,0.792028174786527,0.792028174786527,4.23834918771638,4.780817375102
38,"CV1",8,3,NA,"Raw","M2","ABR33",25,0.621935035999372,0.621935035999372,9.72034506632978,10.254173171121
38,"CV1",8,3,NA,"Raw","M2","JKI",24,0.49430849216049,0.49430849216049,6.14575667157746,6.79899920613894
39,"CV1",8,4,NA,"Raw","M2","ABR33",25,0.467388440888441,0.467388440888441,7.38525093470553,8.17203555664297
39,"CV1",8,4,NA,"Raw","M2","JKI",25,0.543156921395861,0.543156921395861,5.05359439363757,5.32080075239204
40,"CV1",8,5,NA,"Raw","M2","ABR33",25,0.5382281300213,0.5382281300213,7.06705205928149,7.42790076131256
40,"CV1",8,5,NA,"Raw","M2","JKI",25,0.239405796041899,0.239405796041899,5.36250113321109,5.58199931755135
41,"CV1",9,1,NA,"Raw","M2","ABR33",25,0.47539859863109,0.47539859863109,9.15910081936443,9.84909578243666
41,"CV1",9,1,NA,"Raw","M2","JKI",25,0.651291266147164,0.651291266147164,5.4967594928715,6.0427896419557
42,"CV1",9,2,NA,"Raw","M2","ABR33",25,0.635716257420222,0.635716257420222,10.1260833728505,10.115547364231
42,"CV1",9,2,NA,"Raw","M2","JKI",25,0.700443362645898,0.700443362645898,4.93044242709182,5.23386973859642
43,"CV1",9,3,NA,"Raw","M2","ABR33",25,0.628490462172126,0.628490462172126,5.8803520262606,6.22029359179037
43,"CV1",9,3,NA,"Raw","M2","JKI",24,0.4923003998292,0.4923003998292,4.71671426979361,4.7838557942129
44,"CV1",9,4,NA,"Raw","M2","ABR33",25,0.506976961547009,0.506976961547009,7.30975364072251,7.56843723012505
44,"CV1",9,4,NA,"Raw","M2","JKI",25,0.528664423844701,0.528664423844701,4.82584368910455,4.692708017447
45,"CV1",9,5,NA,"Raw","M2","ABR33",25,0.536591751234084,0.536591751234084,6.97038987382249,7.50024815693387
45,"CV1",9,5,NA,"Raw","M2","JKI",25,0.342563984690638,0.342563984690638,5.73819691836361,6.22505547175969
46,"CV1",10,1,NA,"Raw","M2","ABR33",25,0.479693407899997,0.479693407899997,9.11682752424374,9.37379434584673
46,"CV1",10,1,NA,"Raw","M2","JKI",25,0.402499267391377,0.402499267391377,5.83632401158655,6.03892633479566
47,"CV1",10,2,NA,"Raw","M2","ABR33",25,0.497429686978164,0.497429686978164,8.43135297995247,8.96092252175247
47,"CV1",10,2,NA,"Raw","M2","JKI",25,0.575904229436014,0.575904229436014,5.13226056122213,5.51883560848047
48,"CV1",10,3,NA,"Raw","M2","ABR33",25,0.554701766542857,0.554701766542857,7.5807224945106,7.6826204601278
48,"CV1",10,3,NA,"Raw","M2","JKI",25,0.628101687773079,0.628101687773079,5.04346242486746,5.34910185943542
49,"CV1",10,4,NA,"Raw","M2","ABR33",25,0.557449451322369,0.557449451322369,7.11950945463584,7.68630095123605
49,"CV1",10,4,NA,"Raw","M2","JKI",24,0.582964318301158,0.582964318301158,4.58114295831695,5.07527057018602
50,"CV1",10,5,NA,"Raw","M2","ABR33",25,0.640846718527254,0.640846718527254,7.15626151501727,7.66002584978006
50,"CV1",10,5,NA,"Raw","M2","JKI",25,0.575034170534561,0.575034170534561,4.63206866933191,4.58842221191631
51,"CV2",1,1,NA,"Raw","M2","ABR33",25,0.782448111646366,0.782448111646366,7.16218105393164,9.46473460390622
51,"CV2",1,1,NA,"Raw","M2","JKI",20,0.791388490972454,0.791388490972454,4.55982880811077,5.62840301271487
52,"CV2",1,2,NA,"Raw","M2","ABR33",28,0.768013317470686,0.768013317470686,6.09041644796702,7.09293743685696
52,"CV2",1,2,NA,"Raw","M2","JKI",26,0.790888193108213,0.790888193108213,3.85312889103314,5.15818740401701
53,"CV2",1,3,NA,"Raw","M2","ABR33",24,0.812044965040499,0.812044965040499,5.09014034557527,6.69965213884027
53,"CV2",1,3,NA,"Raw","M2","JKI",30,0.78805038646036,0.78805038646036,3.14892123754608,4.46280388935496
54,"CV2",1,4,NA,"Raw","M2","ABR33",27,0.764033733958366,0.764033733958366,6.29218712204501,9.7998134618064
54,"CV2",1,4,NA,"Raw","M2","JKI",16,0.885547470422413,0.885547470422413,3.61483991002688,7.00098135863428
55,"CV2",1,5,NA,"Raw","M2","ABR33",20,0.801409866004035,0.801409866004035,6.75601096183787,8.77995127900227
55,"CV2",1,5,NA,"Raw","M2","JKI",32,0.759663284438686,0.759663284438686,4.91888966318889,5.00590706722417
56,"CV2",2,1,NA,"Raw","M2","ABR33",23,0.90694491966236,0.90694491966236,8.42157798546542,11.7066978073045
56,"CV2",2,1,NA,"Raw","M2","JKI",24,0.750417338106211,0.750417338106211,3.10863238752914,4.46191920714464
57,"CV2",2,2,NA,"Raw","M2","ABR33",31,0.651682910598636,0.651682910598636,6.09932210415046,7.61905567511574
57,"CV2",2,2,NA,"Raw","M2","JKI",23,0.833350145613982,0.833350145613982,4.41778246311226,6.86233078193083
58,"CV2",2,3,NA,"Raw","M2","ABR33",34,0.813257416113949,0.813257416113949,4.83643731839825,6.51849133973758
58,"CV2",2,3,NA,"Raw","M2","JKI",27,0.747080819420097,0.747080819420097,4.10076137687893,5.83920968806175
59,"CV2",2,4,NA,"Raw","M2","ABR33",15,0.722909977720845,0.722909977720845,7.01369431761073,9.63458521709052
59,"CV2",2,4,NA,"Raw","M2","JKI",28,0.683085246222216,0.683085246222216,5.21120708362561,4.41710132016327
60,"CV2",2,5,NA,"Raw","M2","ABR33",21,0.751486657341434,0.751486657341434,5.12852269666232,6.54166670939714
60,"CV2",2,5,NA,"Raw","M2","JKI",22,0.932758653526574,0.932758653526574,2.57780683533712,5.39933209036731
61,"CV2",3,1,NA,"Raw","M2","ABR33",27,0.639295851896893,0.639295851896893,5.46828177182279,7.19138011118142
61,"CV2",3,1,NA,"Raw","M2","JKI",24,0.900562554121942,0.900562554121942,3.24100207077312,6.15897333780919
62,"CV2",3,2,NA,"Raw","M2","ABR33",26,0.870320576287802,0.870320576287802,5.9332654098153,8.18307882251038
62,"CV2",3,2,NA,"Raw","M2","JKI",26,0.655662438977266,0.655662438977266,4.63616167615429,5.17238350460318
63,"CV2",3,3,NA,"Raw","M2","ABR33",22,0.800362902806737,0.800362902806737,6.58547601763219,9.81186382815719
63,"CV2",3,3,NA,"Raw","M2","JKI",31,0.796968869799368,0.796968869799368,4.20222708585692,5.14177471520276
64,"CV2",3,4,NA,"Raw","M2","ABR33",27,0.83934200747834,0.83934200747834,6.5552526977487,8.16387213577785
64,"CV2",3,4,NA,"Raw","M2","JKI",25,0.822474184687143,0.822474184687143,3.31749748199823,4.90216916558489
65,"CV2",3,5,NA,"Raw","M2","ABR33",22,0.748907412999792,0.748907412999792,6.66224906037031,8.46102637874845
65,"CV2",3,5,NA,"Raw","M2","JKI",18,0.808281547585,0.808281547585,4.6631374245076,5.25500721341972
66,"CV2",4,1,NA,"Raw","M2","ABR33",21,0.800347329940475,0.800347329940475,8.04531771078052,9.6779712332802
66,"CV2",4,1,NA,"Raw","M2","JKI",26,0.83624361615848,0.83624361615848,3.46698921246734,5.25065587017375
67,"CV2",4,2,NA,"Raw","M2","ABR33",24,0.775432291808576,0.775432291808576,5.04058879382263,7.51428450918639
67,"CV2",4,2,NA,"Raw","M2","JKI",35,0.793344310854215,0.793344310854215,4.0828261976132,6.12261781157386
68,"CV2",4,3,NA,"Raw","M2","ABR33",27,0.833361605702727,0.833361605702727,7.89915452037343,10.6306323355738
68,"CV2",4,3,NA,"Raw","M2","JKI",18,0.732781249405595,0.732781249405595,4.75424839106345,3.79378281921966
69,"CV2",4,4,NA,"Raw","M2","ABR33",35,0.771754334519948,0.771754334519948,5.12023897134131,7.02815096545326
69,"CV2",4,4,NA,"Raw","M2","JKI",19,0.80958156576248,0.80958156576248,4.64841837725448,4.78953258726925
70,"CV2",4,5,NA,"Raw","M2","ABR33",17,0.788138001302749,0.788138001302749,4.4916406664589,5.80880253878581
70,"CV2",4,5,NA,"Raw","M2","JKI",26,0.850190394918262,0.850190394918262,3.50630318178579,5.54957711226498
71,"CV2",5,1,NA,"Raw","M2","ABR33",19,0.744580824931363,0.744580824931363,5.59017232074072,8.21014373358507
71,"CV2",5,1,NA,"Raw","M2","JKI",34,0.762983741601727,0.762983741601727,4.93855407431186,5.32868875284539
72,"CV2",5,2,NA,"Raw","M2","ABR33",35,0.798524690700717,0.798524690700717,5.87784004450101,7.64881452186666
72,"CV2",5,2,NA,"Raw","M2","JKI",27,0.772279944126517,0.772279944126517,4.04447410017652,5.93925707514559
73,"CV2",5,3,NA,"Raw","M2","ABR33",26,0.81670793017105,0.81670793017105,5.50277530605604,6.6779067181593
73,"CV2",5,3,NA,"Raw","M2","JKI",22,0.794214805762535,0.794214805762535,3.69831812797668,4.81451896432198
74,"CV2",5,4,NA,"Raw","M2","ABR33",21,0.581686805714883,0.581686805714883,6.56208042815812,7.68429882209995
74,"CV2",5,4,NA,"Raw","M2","JKI",26,0.82674246386936,0.82674246386936,3.55524972234728,5.29267419964227
75,"CV2",5,5,NA,"Raw","M2","ABR33",23,0.862084875408802,0.862084875408802,8.34091736900377,11.2533239251042
75,"CV2",5,5,NA,"Raw","M2","JKI",15,0.902453597233704,0.902453597233704,3.44805849957941,5.6402968433933
76,"CV2",6,1,NA,"Raw","M2","ABR33",23,0.848695562022667,0.848695562022667,5.46044681731812,7.61869507882359
76,"CV2",6,1,NA,"Raw","M2","JKI",25,0.850629657708373,0.850629657708373,3.52739734854935,5.45409584507472
77,"CV2",6,2,NA,"Raw","M2","ABR33",21,0.683581287455494,0.683581287455494,6.15303546236653,7.55907360295129
77,"CV2",6,2,NA,"Raw","M2","JKI",30,0.81473426096231,0.81473426096231,5.1415735622842,5.65118469425943
78,"CV2",6,3,NA,"Raw","M2","ABR33",29,0.855363072071793,0.855363072071793,6.37299659017876,8.65502763087692
78,"CV2",6,3,NA,"Raw","M2","JKI",20,0.894833817223335,0.894833817223335,2.57331443026834,4.50380183824527
79,"CV2",6,4,NA,"Raw","M2","ABR33",33,0.619812021076686,0.619812021076686,6.28553744514245,8.65208984839156
79,"CV2",6,4,NA,"Raw","M2","JKI",21,0.687757230429857,0.687757230429857,5.16124092335136,4.62655619627547
80,"CV2",6,5,NA,"Raw","M2","ABR33",18,0.859840550341788,0.859840550341788,7.09586990576588,8.8866205329126
80,"CV2",6,5,NA,"Raw","M2","JKI",28,0.827759691564082,0.827759691564082,3.48605643625021,6.12014762790996
81,"CV2",7,1,NA,"Raw","M2","ABR33",28,0.856044878093532,0.856044878093532,5.95104814177107,8.32050082398465
81,"CV2",7,1,NA,"Raw","M2","JKI",26,0.789604280751062,0.789604280751062,3.89911582922374,4.34047903937363
82,"CV2",7,2,NA,"Raw","M2","ABR33",22,0.835826101648468,0.835826101648468,7.23062743474699,9.7540285800585
82,"CV2",7,2,NA,"Raw","M2","JKI",25,0.841028887125384,0.841028887125384,4.12197464553922,5.81056181631473
83,"CV2",7,3,NA,"Raw","M2","ABR33",20,0.57226864677826,0.57226864677826,6.76956880584615,8.58451118545485
83,"CV2",7,3,NA,"Raw","M2","JKI",28,0.819579701275529,0.819579701275529,4.32311372453268,5.82606791689506
84,"CV2",7,4,NA,"Raw","M2","ABR33",29,0.844035113278206,0.844035113278206,6.02911507460831,7.72316730741936
84,"CV2",7,4,NA,"Raw","M2","JKI",22,0.830454282299233,0.830454282299233,3.63556679839569,5.6890791756346
85,"CV2",7,5,NA,"Raw","M2","ABR33",25,0.752447686623271,0.752447686623271,5.37031691596242,7.25654926881907
85,"CV2",7,5,NA,"Raw","M2","JKI",23,0.805498770350723,0.805498770350723,4.18758384735345,5.60037569014222
86,"CV2",8,1,NA,"Raw","M2","ABR33",21,0.839315252267754,0.839315252267754,7.26745005617371,9.11263571357595
86,"CV2",8,1,NA,"Raw","M2","JKI",23,0.838289822226275,0.838289822226275,2.86150126308478,5.65385595931535
87,"CV2",8,2,NA,"Raw","M2","ABR33",31,0.782790263963359,0.782790263963359,5.73825451675632,7.88459750950849
87,"CV2",8,2,NA,"Raw","M2","JKI",22,0.830962941413318,0.830962941413318,4.30054775687711,5.03888343367656
88,"CV2",8,3,NA,"Raw","M2","ABR33",26,0.817373355765636,0.817373355765636,6.59794000036069,8.64223173273025
88,"CV2",8,3,NA,"Raw","M2","JKI",23,0.791704576223022,0.791704576223022,4.58039653598751,5.16080355729699
89,"CV2",8,4,NA,"Raw","M2","ABR33",24,0.748167181881494,0.748167181881494,4.85844292692342,6.11865936157559
89,"CV2",8,4,NA,"Raw","M2","JKI",34,0.822215184788871,0.822215184788871,3.51547242645571,5.70949594166641
90,"CV2",8,5,NA,"Raw","M2","ABR33",22,0.766767324658581,0.766767324658581,6.91821294319774,9.7577638968874
90,"CV2",8,5,NA,"Raw","M2","JKI",22,0.665643312103674,0.665643312103674,4.8321951957605,5.19518387152891
91,"CV2",9,1,NA,"Raw","M2","ABR33",28,0.777314965356674,0.777314965356674,6.9867445352662,9.54715284446304
91,"CV2",9,1,NA,"Raw","M2","JKI",22,0.780033938375288,0.780033938375288,3.88511561645112,4.85480978583155
92,"CV2",9,2,NA,"Raw","M2","ABR33",16,0.677162491310561,0.677162491310561,7.32724628345116,9.44886023663409
92,"CV2",9,2,NA,"Raw","M2","JKI",34,0.707827207665386,0.707827207665386,5.18962986290917,5.55108563808951
93,"CV2",9,3,NA,"Raw","M2","ABR33",19,0.930300089688335,0.930300089688335,4.95814361387041,6.83808525023698
93,"CV2",9,3,NA,"Raw","M2","JKI",24,0.831132130800115,0.831132130800115,4.24575676836723,6.568828797761
94,"CV2",9,4,NA,"Raw","M2","ABR33",33,0.835916747532354,0.835916747532354,6.52984960890099,8.42653834687966
94,"CV2",9,4,NA,"Raw","M2","JKI",27,0.863279637206636,0.863279637206636,3.2968065786389,5.0884633225809
95,"CV2",9,5,NA,"Raw","M2","ABR33",28,0.572497514447356,0.572497514447356,5.35806758415962,7.4718417282037
95,"CV2",9,5,NA,"Raw","M2","JKI",17,0.913382643835054,0.913382643835054,2.71113903484802,4.52839913097889
96,"CV2",10,1,NA,"Raw","M2","ABR33",16,0.60110893093658,0.60110893093658,7.37714987108181,9.44310468653878
96,"CV2",10,1,NA,"Raw","M2","JKI",31,0.746914339460454,0.746914339460454,4.11979986451793,5.6028977159593
97,"CV2",10,2,NA,"Raw","M2","ABR33",21,0.767297935157931,0.767297935157931,4.42666850910027,7.86775842563216
97,"CV2",10,2,NA,"Raw","M2","JKI",25,0.825354898682005,0.825354898682005,4.03470962630259,6.09019322661132
98,"CV2",10,3,NA,"Raw","M2","ABR33",31,0.832110035581043,0.832110035581043,5.46848417233366,7.71755827185894
98,"CV2",10,3,NA,"Raw","M2","JKI",22,0.817931921623388,0.817931921623388,3.30687021744289,4.8182375543948
99,"CV2",10,4,NA,"Raw","M2","ABR33",27,0.73733517498176,0.73733517498176,6.79063871362548,7.94962888491304
99,"CV2",10,4,NA,"Raw","M2","JKI",26,0.780100921392425,0.780100921392425,4.18700273832979,5.30404534269199
100,"CV2",10,5,NA,"Raw","M2","ABR33",29,0.871958556374717,0.871958556374717,7.08054890855968,9.43352060874637
100,"CV2",10,5,NA,"Raw","M2","JKI",20,0.77486708793502,0.77486708793502,4.35453831492858,5.09221389065606
101,"Sparse25",1,1,0,"Raw","M2","ABR33",100,0.606755669706767,0.606755669706767,8.07564873473018,8.59175837670499
101,"Sparse25",1,1,0,"Raw","M2","JKI",99,0.590183442036788,0.590183442036788,4.96390451571974,5.30155144628945
102,"Sparse25",2,1,0,"Raw","M2","ABR33",100,0.529973958585257,0.529973958585257,7.82186246828719,8.14878348138324
102,"Sparse25",2,1,0,"Raw","M2","JKI",99,0.569087721634393,0.569087721634393,5.28881630879479,5.47463534941267
103,"Sparse25",3,1,0,"Raw","M2","ABR33",100,0.543919859403356,0.543919859403356,8.2586456851474,8.58771622716717
103,"Sparse25",3,1,0,"Raw","M2","JKI",99,0.576922806934361,0.576922806934361,4.8652528842672,5.25248463853448
104,"Sparse25",4,1,0,"Raw","M2","ABR33",100,0.611395754779187,0.611395754779187,8.01066514551164,8.4962518228826
104,"Sparse25",4,1,0,"Raw","M2","JKI",99,0.584389857300163,0.584389857300163,4.99997013180165,5.69039654739745
105,"Sparse25",5,1,0,"Raw","M2","ABR33",100,0.57787004731855,0.57787004731855,8.17081184651835,8.53866942225539
105,"Sparse25",5,1,0,"Raw","M2","JKI",99,0.589656019046573,0.589656019046573,4.92902633990288,5.46681426126808
106,"Sparse25",6,1,0,"Raw","M2","ABR33",100,0.601719827894583,0.601719827894583,8.90700856846787,8.92473199841051
106,"Sparse25",6,1,0,"Raw","M2","JKI",99,0.609193970584682,0.609193970584682,5.04031796057215,5.57982033922702
107,"Sparse25",7,1,0,"Raw","M2","ABR33",100,0.448185631787261,0.448185631787261,7.680909488314,8.73639440521187
107,"Sparse25",7,1,0,"Raw","M2","JKI",99,0.605365964999406,0.605365964999406,5.47038696287701,5.63088225554191
108,"Sparse25",8,1,0,"Raw","M2","ABR33",100,0.577756458825366,0.577756458825366,8.463024631981,8.48320376674945
108,"Sparse25",8,1,0,"Raw","M2","JKI",99,0.538639069687701,0.538639069687701,5.19905586051154,5.65747645385731
109,"Sparse25",9,1,0,"Raw","M2","ABR33",100,0.611105992344461,0.611105992344461,8.67154874182158,8.71263926270175
109,"Sparse25",9,1,0,"Raw","M2","JKI",99,0.621458737955747,0.621458737955747,4.9883202263579,5.45147127817953
110,"Sparse25",10,1,0,"Raw","M2","ABR33",100,0.593290284678037,0.593290284678037,8.03379442077173,10.5494896824621
110,"Sparse25",10,1,0,"Raw","M2","JKI",99,0.629210456419524,0.629210456419524,4.79994251605417,5.76808624639244
111,"Sparse25",1,1,5,"Raw","M2","ABR33",100,0.618806388154675,0.618806388154675,8.53856503451483,8.44915704482781
111,"Sparse25",1,1,5,"Raw","M2","JKI",99,0.64319264021564,0.64319264021564,4.95275576386048,6.32859958383867
112,"Sparse25",2,1,5,"Raw","M2","ABR33",100,0.498418160371492,0.498418160371492,7.98478799437942,8.80459909106034
112,"Sparse25",2,1,5,"Raw","M2","JKI",99,0.516623793652418,0.516623793652418,5.2878465669433,5.89822115777206
113,"Sparse25",3,1,5,"Raw","M2","ABR33",100,0.455563814852473,0.455563814852473,8.06163292449116,10.2072887999669
113,"Sparse25",3,1,5,"Raw","M2","JKI",99,0.550160498326823,0.550160498326823,5.65419628586627,5.67889595254234
114,"Sparse25",4,1,5,"Raw","M2","ABR33",100,0.505074521220971,0.505074521220971,7.94409175143451,8.43332090834891
114,"Sparse25",4,1,5,"Raw","M2","JKI",99,0.547226585329062,0.547226585329062,5.1860191109442,5.70112911848774
115,"Sparse25",5,1,5,"Raw","M2","ABR33",100,0.603994015870182,0.603994015870182,8.84835485463004,9.53335024544803
115,"Sparse25",5,1,5,"Raw","M2","JKI",99,0.564829619135423,0.564829619135423,5.08606398518031,5.51793442569609
116,"Sparse25",6,1,5,"Raw","M2","ABR33",100,0.614066400737493,0.614066400737493,8.65247873873327,8.85791371704923
116,"Sparse25",6,1,5,"Raw","M2","JKI",99,0.568252456258916,0.568252456258916,5.53272086021525,5.8235717639786
117,"Sparse25",7,1,5,"Raw","M2","ABR33",100,0.548974870393806,0.548974870393806,8.37986711621085,8.62448525916763
117,"Sparse25",7,1,5,"Raw","M2","JKI",99,0.521359281803612,0.521359281803612,5.24761123276109,5.64757332016001
118,"Sparse25",8,1,5,"Raw","M2","ABR33",100,0.609355877499426,0.609355877499426,8.73216277396308,8.5832679519157
118,"Sparse25",8,1,5,"Raw","M2","JKI",99,0.537831921010948,0.537831921010948,5.2586333186699,5.47914903539549
119,"Sparse25",9,1,5,"Raw","M2","ABR33",100,0.536882351046242,0.536882351046242,7.95731059611493,9.07187123370469
119,"Sparse25",9,1,5,"Raw","M2","JKI",99,0.508996214189919,0.508996214189919,5.30327972196457,5.43494342825978
120,"Sparse25",10,1,5,"Raw","M2","ABR33",100,0.577447860763847,0.577447860763847,7.89122423027629,8.38816111359791
120,"Sparse25",10,1,5,"Raw","M2","JKI",99,0.582513625686353,0.582513625686353,5.10702290492115,5.59190577271666
121,"Sparse25",1,1,10,"Raw","M2","ABR33",100,0.485841111200956,0.485841111200956,7.95525006593281,8.98445019358592
121,"Sparse25",1,1,10,"Raw","M2","JKI",99,0.567180860827716,0.567180860827716,4.98104798261005,5.74935772691124
122,"Sparse25",2,1,10,"Raw","M2","ABR33",100,0.549735390562374,0.549735390562374,7.65674883718435,8.27720917004972
122,"Sparse25",2,1,10,"Raw","M2","JKI",99,0.534782733576109,0.534782733576109,5.18826861751223,5.46093690142423
123,"Sparse25",3,1,10,"Raw","M2","ABR33",100,0.520181566725526,0.520181566725526,7.85311981641126,8.66524150517186
123,"Sparse25",3,1,10,"Raw","M2","JKI",99,0.564347981476042,0.564347981476042,5.00808900022656,5.16941590058268
124,"Sparse25",4,1,10,"Raw","M2","ABR33",100,0.531235912354931,0.531235912354931,7.63339878715626,8.43767924825668
124,"Sparse25",4,1,10,"Raw","M2","JKI",99,0.559033885199495,0.559033885199495,4.99383534900232,5.34981746550252
125,"Sparse25",5,1,10,"Raw","M2","ABR33",100,0.521755293231592,0.521755293231592,7.97689175271241,8.94596729704327
125,"Sparse25",5,1,10,"Raw","M2","JKI",99,0.493097914015053,0.493097914015053,5.43858960489383,5.63889380446106
126,"Sparse25",6,1,10,"Raw","M2","ABR33",100,0.547519446755168,0.547519446755168,9.69342266817523,9.2909846476801
126,"Sparse25",6,1,10,"Raw","M2","JKI",99,0.562148214089877,0.562148214089877,5.36604412352491,5.96022502115465
127,"Sparse25",7,1,10,"Raw","M2","ABR33",100,0.52414435579326,0.52414435579326,9.77109009027128,9.59219310025229
127,"Sparse25",7,1,10,"Raw","M2","JKI",99,0.475589510434581,0.475589510434581,5.84148791920454,5.85423331992725
128,"Sparse25",8,1,10,"Raw","M2","ABR33",100,0.62819716108548,0.62819716108548,8.20325435429823,8.77272796864338
128,"Sparse25",8,1,10,"Raw","M2","JKI",99,0.522547352862167,0.522547352862167,5.3254896958829,5.59718584786013
129,"Sparse25",9,1,10,"Raw","M2","ABR33",100,0.524816772411506,0.524816772411506,8.99273082339588,8.83005494011936
129,"Sparse25",9,1,10,"Raw","M2","JKI",99,0.510121107783218,0.510121107783218,5.45246077796781,5.87104683761959
130,"Sparse25",10,1,10,"Raw","M2","ABR33",100,0.518666971958396,0.518666971958396,7.9863321139652,8.46569743368288
130,"Sparse25",10,1,10,"Raw","M2","JKI",99,0.576457925549748,0.576457925549748,5.07626179839833,6.29417548809544
131,"Sparse25",1,1,15,"Raw","M2","ABR33",100,0.43848803665194,0.43848803665194,8.21697224178405,8.85319767165418
131,"Sparse25",1,1,15,"Raw","M2","JKI",99,0.489822573986296,0.489822573986296,5.36560173939253,5.73670043928638
132,"Sparse25",2,1,15,"Raw","M2","ABR33",100,0.48113139389393,0.48113139389393,8.3527173125336,8.63826428313386
132,"Sparse25",2,1,15,"Raw","M2","JKI",99,0.430782377914966,0.430782377914966,5.77162525964382,5.61421940236585
133,"Sparse25",3,1,15,"Raw","M2","ABR33",100,0.485678034095748,0.485678034095748,7.80741535706274,8.30742921087736
133,"Sparse25",3,1,15,"Raw","M2","JKI",99,0.52803137654614,0.52803137654614,5.37659548820596,5.93929389787319
134,"Sparse25",4,1,15,"Raw","M2","ABR33",100,0.514988010559345,0.514988010559345,7.90479137059007,8.72864418624303
134,"Sparse25",4,1,15,"Raw","M2","JKI",99,0.569888219790401,0.569888219790401,4.95646506587935,5.38138691058193
135,"Sparse25",5,1,15,"Raw","M2","ABR33",100,0.510881720024982,0.510881720024982,8.37606332462687,8.65003599306654
135,"Sparse25",5,1,15,"Raw","M2","JKI",99,0.495019711376359,0.495019711376359,6.03736801208014,6.00807122989454
136,"Sparse25",6,1,15,"Raw","M2","ABR33",100,0.58659162400586,0.58659162400586,8.19718066931315,8.56511108305551
136,"Sparse25",6,1,15,"Raw","M2","JKI",99,0.471230548070658,0.471230548070658,5.55783758063058,5.50776463985808
137,"Sparse25",7,1,15,"Raw","M2","ABR33",100,0.515407406735029,0.515407406735029,8.60987493273655,8.80984900985972
137,"Sparse25",7,1,15,"Raw","M2","JKI",99,0.486310592079574,0.486310592079574,5.6944925665044,5.61832578469238
138,"Sparse25",8,1,15,"Raw","M2","ABR33",100,0.561505555549057,0.561505555549057,8.97504608137882,8.96799901430073
138,"Sparse25",8,1,15,"Raw","M2","JKI",99,0.558221681995971,0.558221681995971,5.50535866995626,5.61204479602532
139,"Sparse25",9,1,15,"Raw","M2","ABR33",100,0.522080883801339,0.522080883801339,8.22405651609713,8.63460227515088
139,"Sparse25",9,1,15,"Raw","M2","JKI",99,0.583748917219119,0.583748917219119,4.94856761200353,5.31126678610602
140,"Sparse25",10,1,15,"Raw","M2","ABR33",100,0.563063173035062,0.563063173035062,8.52299553677416,8.68369693041982
140,"Sparse25",10,1,15,"Raw","M2","JKI",99,0.515619652310419,0.515619652310419,5.17237419002562,5.65556157367313
141,"Sparse25",1,1,20,"Raw","M2","ABR33",100,0.530587657639665,0.530587657639665,8.54047558202419,8.63316710530329
141,"Sparse25",1,1,20,"Raw","M2","JKI",99,0.417770337335369,0.417770337335369,5.61924807872994,5.49148468654445
142,"Sparse25",2,1,20,"Raw","M2","ABR33",100,0.51127017042139,0.51127017042139,8.55035725652812,8.89091961154475
142,"Sparse25",2,1,20,"Raw","M2","JKI",99,0.500455672446541,0.500455672446541,5.26392883042446,5.338823529508
143,"Sparse25",3,1,20,"Raw","M2","ABR33",100,0.46016917961543,0.46016917961543,8.0687810861798,9.68355615424094
143,"Sparse25",3,1,20,"Raw","M2","JKI",99,0.526849686384144,0.526849686384144,5.4484902224019,5.34608035859164
144,"Sparse25",4,1,20,"Raw","M2","ABR33",100,0.563253900671244,0.563253900671244,9.70119553891516,10.2035297746193
144,"Sparse25",4,1,20,"Raw","M2","JKI",99,0.492222573020499,0.492222573020499,5.49633238377595,5.39623979240534
145,"Sparse25",5,1,20,"Raw","M2","ABR33",100,0.456612754146035,0.456612754146035,8.93361727922696,8.9530399827432
145,"Sparse25",5,1,20,"Raw","M2","JKI",99,0.479919942836967,0.479919942836967,5.34386213021826,5.48779145101941
146,"Sparse25",6,1,20,"Raw","M2","ABR33",100,0.452283883952824,0.452283883952824,8.2888716059485,8.72702340115674
146,"Sparse25",6,1,20,"Raw","M2","JKI",99,0.516555219048248,0.516555219048248,5.32989644925452,5.55384446066237
147,"Sparse25",7,1,20,"Raw","M2","ABR33",100,0.560113769162661,0.560113769162661,7.9735324061454,8.09909796275492
147,"Sparse25",7,1,20,"Raw","M2","JKI",99,0.513306464268717,0.513306464268717,5.28072077603222,5.43595743496727
148,"Sparse25",8,1,20,"Raw","M2","ABR33",100,0.507994652420292,0.507994652420292,8.13824641065555,8.54697089181532
148,"Sparse25",8,1,20,"Raw","M2","JKI",99,0.516139351662905,0.516139351662905,4.97061843046172,5.84511681823852
149,"Sparse25",9,1,20,"Raw","M2","ABR33",100,0.516180450541344,0.516180450541344,8.26559297767238,8.25000753927292
149,"Sparse25",9,1,20,"Raw","M2","JKI",99,0.549320075426795,0.549320075426795,5.22910517315725,5.44182640948261
150,"Sparse25",10,1,20,"Raw","M2","ABR33",100,0.514285444491428,0.514285444491428,9.77288886746083,9.35987967481403
150,"Sparse25",10,1,20,"Raw","M2","JKI",99,0.510782145764754,0.510782145764754,5.72125438222031,5.66251029073364
151,"Sparse25",1,1,25,"Raw","M2","ABR33",100,0.554710092555126,0.554710092555126,8.41341815935335,8.19133746761789
151,"Sparse25",1,1,25,"Raw","M2","JKI",99,0.509723641557031,0.509723641557031,5.46208286677912,5.52951147563257
152,"Sparse25",2,1,25,"Raw","M2","ABR33",100,0.462937529842395,0.462937529842395,9.23117202601678,8.90536823450024
152,"Sparse25",2,1,25,"Raw","M2","JKI",99,0.495597057143269,0.495597057143269,5.41822617658935,5.49941152146847
153,"Sparse25",3,1,25,"Raw","M2","ABR33",100,0.496131690254923,0.496131690254923,8.78324317292531,8.84093290835833
153,"Sparse25",3,1,25,"Raw","M2","JKI",99,0.450146638862886,0.450146638862886,5.57437592036192,5.54092277162478
154,"Sparse25",4,1,25,"Raw","M2","ABR33",100,0.456363357851295,0.456363357851295,8.4661077724589,9.20466244605614
154,"Sparse25",4,1,25,"Raw","M2","JKI",99,0.44065230064127,0.44065230064127,5.31569188558396,5.53940155100562
155,"Sparse25",5,1,25,"Raw","M2","ABR33",100,0.512514581232902,0.512514581232902,7.89826920516902,7.91664936944219
155,"Sparse25",5,1,25,"Raw","M2","JKI",99,0.531011985685763,0.531011985685763,5.11666253873626,5.30896254787675
156,"Sparse25",6,1,25,"Raw","M2","ABR33",100,0.487741423401412,0.487741423401412,8.44588179464117,8.51638178159863
156,"Sparse25",6,1,25,"Raw","M2","JKI",99,0.488679529937307,0.488679529937307,5.08458162295177,5.17482013992652
157,"Sparse25",7,1,25,"Raw","M2","ABR33",100,0.461533916450289,0.461533916450289,8.59065369242889,8.69508698022222
157,"Sparse25",7,1,25,"Raw","M2","JKI",99,0.450712806634302,0.450712806634302,5.50824460078444,5.58941933759453
158,"Sparse25",8,1,25,"Raw","M2","ABR33",100,0.509645439439027,0.509645439439027,8.86614745932791,8.58242750484701
158,"Sparse25",8,1,25,"Raw","M2","JKI",99,0.508463572499963,0.508463572499963,5.75630611878911,5.55339441896235
159,"Sparse25",9,1,25,"Raw","M2","ABR33",100,0.468592042875635,0.468592042875635,10.2353101185335,9.5365302777335
159,"Sparse25",9,1,25,"Raw","M2","JKI",99,0.59820853769453,0.59820853769453,6.34125388744976,6.50320940498171
160,"Sparse25",10,1,25,"Raw","M2","ABR33",100,0.489073875612935,0.489073875612935,7.9026872497537,8.19560446284842
160,"Sparse25",10,1,25,"Raw","M2","JKI",99,0.477098155331888,0.477098155331888,5.30464891980527,5.34220659625768
1,"CV1",1,1,NA,"Raw","M3","ABR33",25,0.668040871171291,0.668040871171291,6.51797643061958,7.08235546668907
1,"CV1",1,1,NA,"Raw","M3","JKI",25,0.621175527410172,0.621175527410172,4.45036786354835,4.59781480836246
2,"CV1",1,2,NA,"Raw","M3","ABR33",25,0.815241426042582,0.815241426042582,10.8664046645068,11.2260736282404
2,"CV1",1,2,NA,"Raw","M3","JKI",25,0.756796738093431,0.756796738093431,6.3668519221344,6.89655550778033
3,"CV1",1,3,NA,"Raw","M3","ABR33",25,0.433293458343576,0.433293458343576,7.69414427828778,8.11673585806814
3,"CV1",1,3,NA,"Raw","M3","JKI",25,0.587011058983155,0.587011058983155,4.83496367033272,5.12964506521861
4,"CV1",1,4,NA,"Raw","M3","ABR33",25,0.276445399572289,0.276445399572289,7.88145898659507,7.9889065160331
4,"CV1",1,4,NA,"Raw","M3","JKI",25,0.204403913769386,0.204403913769386,6.32831396438752,6.36216765461528
5,"CV1",1,5,NA,"Raw","M3","ABR33",25,0.501203128666605,0.501203128666605,7.61023507301656,8.44164385154013
5,"CV1",1,5,NA,"Raw","M3","JKI",24,0.633056083765021,0.633056083765021,4.34707804279162,4.74826377219697
6,"CV1",2,1,NA,"Raw","M3","ABR33",25,0.66291114768962,0.66291114768962,8.03270181582597,8.71120528695896
6,"CV1",2,1,NA,"Raw","M3","JKI",25,0.748193606250134,0.748193606250134,5.13438570863135,6.04122950320428
7,"CV1",2,2,NA,"Raw","M3","ABR33",25,0.549547654411004,0.549547654411004,8.49397574690335,8.80463683541498
7,"CV1",2,2,NA,"Raw","M3","JKI",24,0.437063460847929,0.437063460847929,6.24150122564011,6.51494022801869
8,"CV1",2,3,NA,"Raw","M3","ABR33",25,0.736101223538229,0.736101223538229,6.38487621780028,6.92266295123646
8,"CV1",2,3,NA,"Raw","M3","JKI",25,0.868918559311821,0.868918559311821,3.84898151997434,3.97789285925035
9,"CV1",2,4,NA,"Raw","M3","ABR33",25,0.262311820979918,0.262311820979918,9.24221090932181,10.0096724846003
9,"CV1",2,4,NA,"Raw","M3","JKI",25,0.344175595208186,0.344175595208186,4.36045263713444,4.69759932235202
10,"CV1",2,5,NA,"Raw","M3","ABR33",25,0.550362108409388,0.550362108409388,6.95002475159611,7.11198643601265
10,"CV1",2,5,NA,"Raw","M3","JKI",25,0.543303122298292,0.543303122298292,5.67181977184237,5.9374577999786
11,"CV1",3,1,NA,"Raw","M3","ABR33",25,0.538313303702162,0.538313303702162,7.33290845050297,7.61410910095224
11,"CV1",3,1,NA,"Raw","M3","JKI",24,0.402998392551415,0.402998392551415,4.64035011397874,4.75885214308749
12,"CV1",3,2,NA,"Raw","M3","ABR33",25,0.242273549192885,0.242273549192885,7.76458492779069,8.50759858402998
12,"CV1",3,2,NA,"Raw","M3","JKI",25,0.428890191539036,0.428890191539036,4.4025779034714,5.14045991575781
13,"CV1",3,3,NA,"Raw","M3","ABR33",25,0.689999896891776,0.689999896891776,10.0457499368595,10.5677761168277
13,"CV1",3,3,NA,"Raw","M3","JKI",25,0.682617634546107,0.682617634546107,6.21177429270389,6.55544313657044
14,"CV1",3,4,NA,"Raw","M3","ABR33",25,0.497761377325012,0.497761377325012,8.12371816463766,8.26946820863878
14,"CV1",3,4,NA,"Raw","M3","JKI",25,0.675612229360302,0.675612229360302,5.02381944203508,5.39842471092364
15,"CV1",3,5,NA,"Raw","M3","ABR33",25,0.658744247195587,0.658744247195587,6.57387748747028,7.08135963230573
15,"CV1",3,5,NA,"Raw","M3","JKI",25,0.444459530032798,0.444459530032798,5.41674602292479,5.67953956314829
16,"CV1",4,1,NA,"Raw","M3","ABR33",25,0.608790087376089,0.608790087376089,7.20980839414134,7.82419432598152
16,"CV1",4,1,NA,"Raw","M3","JKI",24,0.432309804283792,0.432309804283792,5.8570467044447,6.11986402110687
17,"CV1",4,2,NA,"Raw","M3","ABR33",25,0.773148141663448,0.773148141663448,7.21483994394464,7.87384668906879
17,"CV1",4,2,NA,"Raw","M3","JKI",25,0.754140516411148,0.754140516411148,4.18030029741292,4.69342314290318
18,"CV1",4,3,NA,"Raw","M3","ABR33",25,0.284195608077912,0.284195608077912,9.10733997734187,9.2349396368019
18,"CV1",4,3,NA,"Raw","M3","JKI",25,0.620113423673047,0.620113423673047,4.78954022623305,4.96076689949064
19,"CV1",4,4,NA,"Raw","M3","ABR33",25,0.519179678785684,0.519179678785684,8.19800576532777,8.55620931075927
19,"CV1",4,4,NA,"Raw","M3","JKI",25,0.397797871960143,0.397797871960143,5.70473525257994,6.08770347297007
20,"CV1",4,5,NA,"Raw","M3","ABR33",25,0.537889838125133,0.537889838125133,7.69652776432594,8.11922935277498
20,"CV1",4,5,NA,"Raw","M3","JKI",25,0.559604220799375,0.559604220799375,4.5685338095878,4.90589773050523
21,"CV1",5,1,NA,"Raw","M3","ABR33",25,0.332683233126007,0.332683233126007,8.24538329493731,8.67325526377484
21,"CV1",5,1,NA,"Raw","M3","JKI",25,0.507251094400443,0.507251094400443,4.84341927834281,4.8301665583431
22,"CV1",5,2,NA,"Raw","M3","ABR33",25,0.783553778542747,0.783553778542747,6.69019304323052,7.32195946232316
22,"CV1",5,2,NA,"Raw","M3","JKI",25,0.698850663064489,0.698850663064489,5.28169823147258,5.82343845502207
23,"CV1",5,3,NA,"Raw","M3","ABR33",25,0.609202827528136,0.609202827528136,5.96680387511883,6.48578436768409
23,"CV1",5,3,NA,"Raw","M3","JKI",25,0.561441145306272,0.561441145306272,5.37208281559927,5.82555786636006
24,"CV1",5,4,NA,"Raw","M3","ABR33",25,0.707176263112567,0.707176263112567,7.40926163649303,7.91674822970591
24,"CV1",5,4,NA,"Raw","M3","JKI",25,0.651262565696624,0.651262565696624,3.90472766946021,4.41410961305986
25,"CV1",5,5,NA,"Raw","M3","ABR33",25,0.341650934140258,0.341650934140258,10.4091037444091,10.6223600025883
25,"CV1",5,5,NA,"Raw","M3","JKI",24,0.400456330054274,0.400456330054274,5.60836853049365,5.69309448696229
26,"CV1",6,1,NA,"Raw","M3","ABR33",25,0.634233576719491,0.634233576719491,9.61276948557395,10.1674267020611
26,"CV1",6,1,NA,"Raw","M3","JKI",25,0.715238458811984,0.715238458811984,4.97189309763239,5.39019782245326
27,"CV1",6,2,NA,"Raw","M3","ABR33",25,0.562189568139648,0.562189568139648,7.00042927057857,7.50918431609264
27,"CV1",6,2,NA,"Raw","M3","JKI",25,0.647930444843701,0.647930444843701,4.57368923429136,4.96294187551696
28,"CV1",6,3,NA,"Raw","M3","ABR33",25,0.572976888663324,0.572976888663324,7.1674094032835,7.8031059395857
28,"CV1",6,3,NA,"Raw","M3","JKI",25,0.535038086211248,0.535038086211248,5.71583291005005,6.08078398063923
29,"CV1",6,4,NA,"Raw","M3","ABR33",25,0.50223686235215,0.50223686235215,7.11793992433891,7.6545987318731
29,"CV1",6,4,NA,"Raw","M3","JKI",24,0.555830063425388,0.555830063425388,4.05638425967167,4.2382414993734
30,"CV1",6,5,NA,"Raw","M3","ABR33",25,0.494698109438002,0.494698109438002,8.06020187468352,8.3221652081245
30,"CV1",6,5,NA,"Raw","M3","JKI",25,0.43223981403604,0.43223981403604,5.59127841932502,6.02837913916908
31,"CV1",7,1,NA,"Raw","M3","ABR33",25,0.443557312217945,0.443557312217945,7.97675254358093,8.57413364927318
31,"CV1",7,1,NA,"Raw","M3","JKI",25,0.432700139226975,0.432700139226975,5.75299538618338,6.40114767817425
32,"CV1",7,2,NA,"Raw","M3","ABR33",25,0.511995655670544,0.511995655670544,8.754111588401,9.16718351523572
32,"CV1",7,2,NA,"Raw","M3","JKI",25,0.522788884576008,0.522788884576008,5.26677817839759,5.59558199077504
33,"CV1",7,3,NA,"Raw","M3","ABR33",25,0.466400916010861,0.466400916010861,8.0857510716845,8.49807949756138
33,"CV1",7,3,NA,"Raw","M3","JKI",24,0.711573945325562,0.711573945325562,4.65499188749195,4.69983177714611
34,"CV1",7,4,NA,"Raw","M3","ABR33",25,0.584159079466665,0.584159079466665,7.30609427747384,7.88393844351911
34,"CV1",7,4,NA,"Raw","M3","JKI",25,0.699274710863297,0.699274710863297,5.39540708219166,6.17268586526459
35,"CV1",7,5,NA,"Raw","M3","ABR33",25,0.735311326561256,0.735311326561256,6.98368694553906,7.28184134007361
35,"CV1",7,5,NA,"Raw","M3","JKI",25,0.47428644467158,0.47428644467158,4.11114203212803,4.32580186785348
36,"CV1",8,1,NA,"Raw","M3","ABR33",25,0.647829120820935,0.647829120820935,7.05047035199993,7.34844439976834
36,"CV1",8,1,NA,"Raw","M3","JKI",25,0.660216122584849,0.660216122584849,4.31733640194664,4.75097080318608
37,"CV1",8,2,NA,"Raw","M3","ABR33",25,0.558049550771243,0.558049550771243,8.03486283629643,8.43887131474813
37,"CV1",8,2,NA,"Raw","M3","JKI",25,0.775865060185729,0.775865060185729,4.57030295291747,4.780817375102
38,"CV1",8,3,NA,"Raw","M3","ABR33",25,0.624775597631152,0.624775597631152,9.44591382137261,10.254173171121
38,"CV1",8,3,NA,"Raw","M3","JKI",24,0.498434659903808,0.498434659903808,6.19633698859066,6.79899920613894
39,"CV1",8,4,NA,"Raw","M3","ABR33",25,0.462683088772979,0.462683088772979,7.47797101233125,8.17203555664297
39,"CV1",8,4,NA,"Raw","M3","JKI",25,0.565804922766088,0.565804922766088,4.89776079118401,5.32080075239204
40,"CV1",8,5,NA,"Raw","M3","ABR33",25,0.534742762772621,0.534742762772621,6.98830839248461,7.42790076131256
40,"CV1",8,5,NA,"Raw","M3","JKI",25,0.282304663607911,0.282304663607911,5.13124116866714,5.58199931755135
41,"CV1",9,1,NA,"Raw","M3","ABR33",25,0.451237406908956,0.451237406908956,9.22174306160724,9.84909578243666
41,"CV1",9,1,NA,"Raw","M3","JKI",25,0.688933295402594,0.688933295402594,5.55505099875249,6.0427896419557
42,"CV1",9,2,NA,"Raw","M3","ABR33",25,0.655218073326539,0.655218073326539,9.82625171924255,10.115547364231
42,"CV1",9,2,NA,"Raw","M3","JKI",25,0.717954951357286,0.717954951357286,4.9962747793879,5.23386973859642
43,"CV1",9,3,NA,"Raw","M3","ABR33",25,0.628300691700981,0.628300691700981,5.76576478391332,6.22029359179037
43,"CV1",9,3,NA,"Raw","M3","JKI",24,0.507113965196747,0.507113965196747,4.66218019781257,4.7838557942129
44,"CV1",9,4,NA,"Raw","M3","ABR33",25,0.51700765265926,0.51700765265926,7.27857187619267,7.56843723012505
44,"CV1",9,4,NA,"Raw","M3","JKI",25,0.5296041125889,0.5296041125889,4.68614198537562,4.692708017447
45,"CV1",9,5,NA,"Raw","M3","ABR33",25,0.522925567040128,0.522925567040128,6.95592550021678,7.50024815693387
45,"CV1",9,5,NA,"Raw","M3","JKI",25,0.327447211635503,0.327447211635503,5.73399376153354,6.22505547175969
46,"CV1",10,1,NA,"Raw","M3","ABR33",25,0.497142009473847,0.497142009473847,8.93423056414649,9.37379434584673
46,"CV1",10,1,NA,"Raw","M3","JKI",25,0.436660958505964,0.436660958505964,5.63852735272096,6.03892633479566
47,"CV1",10,2,NA,"Raw","M3","ABR33",25,0.509436239587824,0.509436239587824,8.30612716734522,8.96092252175247
47,"CV1",10,2,NA,"Raw","M3","JKI",25,0.581092376706481,0.581092376706481,5.1304791381929,5.51883560848047
48,"CV1",10,3,NA,"Raw","M3","ABR33",25,0.557613235434859,0.557613235434859,7.49943339659976,7.6826204601278
48,"CV1",10,3,NA,"Raw","M3","JKI",25,0.628776101364737,0.628776101364737,5.09711488373589,5.34910185943542
49,"CV1",10,4,NA,"Raw","M3","ABR33",25,0.562526559030397,0.562526559030397,7.03797598424779,7.68630095123605
49,"CV1",10,4,NA,"Raw","M3","JKI",24,0.62203222140701,0.62203222140701,4.56753168483798,5.07527057018602
50,"CV1",10,5,NA,"Raw","M3","ABR33",25,0.643893448109311,0.643893448109311,6.95365780839534,7.66002584978006
50,"CV1",10,5,NA,"Raw","M3","JKI",25,0.605235232850058,0.605235232850058,4.43641175300852,4.58842221191631
51,"CV2",1,1,NA,"Raw","M3","ABR33",25,0.765210502296818,0.765210502296818,7.12521242072952,9.46473460390622
51,"CV2",1,1,NA,"Raw","M3","JKI",20,0.816475405638998,0.816475405638998,4.06897268657304,5.62840301271487
52,"CV2",1,2,NA,"Raw","M3","ABR33",28,0.801559372041366,0.801559372041366,5.56731204920771,7.09293743685696
52,"CV2",1,2,NA,"Raw","M3","JKI",26,0.787523216373608,0.787523216373608,3.70558920761581,5.15818740401701
53,"CV2",1,3,NA,"Raw","M3","ABR33",24,0.814736588892081,0.814736588892081,4.84711737803132,6.69965213884027
53,"CV2",1,3,NA,"Raw","M3","JKI",30,0.790903287924596,0.790903287924596,3.01932443350083,4.46280388935496
54,"CV2",1,4,NA,"Raw","M3","ABR33",27,0.620421091399037,0.620421091399037,6.88066404757221,9.7998134618064
54,"CV2",1,4,NA,"Raw","M3","JKI",16,0.895389495886705,0.895389495886705,3.71737887893672,7.00098135863428
55,"CV2",1,5,NA,"Raw","M3","ABR33",20,0.810144438509641,0.810144438509641,6.52230708532043,8.77995127900227
55,"CV2",1,5,NA,"Raw","M3","JKI",32,0.759537169845813,0.759537169845813,4.3944819403093,5.00590706722417
56,"CV2",2,1,NA,"Raw","M3","ABR33",23,0.908762648089226,0.908762648089226,8.23348577859362,11.7066978073045
56,"CV2",2,1,NA,"Raw","M3","JKI",24,0.769381612973239,0.769381612973239,2.9166758911191,4.46191920714464
57,"CV2",2,2,NA,"Raw","M3","ABR33",31,0.649620790686391,0.649620790686391,6.03346614543279,7.61905567511574
57,"CV2",2,2,NA,"Raw","M3","JKI",23,0.843818939966967,0.843818939966967,3.9602791134929,6.86233078193083
58,"CV2",2,3,NA,"Raw","M3","ABR33",34,0.806118750995751,0.806118750995751,4.6189752933311,6.51849133973758
58,"CV2",2,3,NA,"Raw","M3","JKI",27,0.718766540811174,0.718766540811174,4.16010037215577,5.83920968806175
59,"CV2",2,4,NA,"Raw","M3","ABR33",15,0.676654493496517,0.676654493496517,7.24134233585804,9.63458521709052
59,"CV2",2,4,NA,"Raw","M3","JKI",28,0.682746799387684,0.682746799387684,4.57962395241108,4.41710132016327
60,"CV2",2,5,NA,"Raw","M3","ABR33",21,0.738918269909413,0.738918269909413,5.04612827327835,6.54166670939714
60,"CV2",2,5,NA,"Raw","M3","JKI",22,0.936879082240233,0.936879082240233,2.57545896856976,5.39933209036731
61,"CV2",3,1,NA,"Raw","M3","ABR33",27,0.619507132912679,0.619507132912679,5.51754111707368,7.19138011118142
61,"CV2",3,1,NA,"Raw","M3","JKI",24,0.92126969166075,0.92126969166075,3.02185655984214,6.15897333780919
62,"CV2",3,2,NA,"Raw","M3","ABR33",26,0.863601450253816,0.863601450253816,5.753305601888,8.18307882251038
62,"CV2",3,2,NA,"Raw","M3","JKI",26,0.678284231910414,0.678284231910414,4.22783953115921,5.17238350460318
63,"CV2",3,3,NA,"Raw","M3","ABR33",22,0.760699928267293,0.760699928267293,6.60580540743776,9.81186382815719
63,"CV2",3,3,NA,"Raw","M3","JKI",31,0.77190109248561,0.77190109248561,4.07643412137237,5.14177471520276
64,"CV2",3,4,NA,"Raw","M3","ABR33",27,0.83237711870969,0.83237711870969,6.31866498885403,8.16387213577785
64,"CV2",3,4,NA,"Raw","M3","JKI",25,0.833394845225507,0.833394845225507,3.16868337523402,4.90216916558489
65,"CV2",3,5,NA,"Raw","M3","ABR33",22,0.738729395801029,0.738729395801029,6.48662004804746,8.46102637874845
65,"CV2",3,5,NA,"Raw","M3","JKI",18,0.801094449356629,0.801094449356629,4.10767636860132,5.25500721341972
66,"CV2",4,1,NA,"Raw","M3","ABR33",21,0.8085584933535,0.8085584933535,7.73575438316573,9.6779712332802
66,"CV2",4,1,NA,"Raw","M3","JKI",26,0.863830256281866,0.863830256281866,3.0520002024813,5.25065587017375
67,"CV2",4,2,NA,"Raw","M3","ABR33",24,0.738349219112225,0.738349219112225,5.179689647485,7.51428450918639
67,"CV2",4,2,NA,"Raw","M3","JKI",35,0.823274939142025,0.823274939142025,3.75863002810387,6.12261781157386
68,"CV2",4,3,NA,"Raw","M3","ABR33",27,0.816948766583804,0.816948766583804,7.84990859161539,10.6306323355738
68,"CV2",4,3,NA,"Raw","M3","JKI",18,0.728084168000054,0.728084168000054,4.30221669167555,3.79378281921966
69,"CV2",4,4,NA,"Raw","M3","ABR33",35,0.75223928023153,0.75223928023153,5.08512852852013,7.02815096545326
69,"CV2",4,4,NA,"Raw","M3","JKI",19,0.783910075066907,0.783910075066907,4.5328944814529,4.78953258726925
70,"CV2",4,5,NA,"Raw","M3","ABR33",17,0.782898412379483,0.782898412379483,4.21660769473163,5.80880253878581
70,"CV2",4,5,NA,"Raw","M3","JKI",26,0.832452762802674,0.832452762802674,3.58627402258985,5.54957711226498
71,"CV2",5,1,NA,"Raw","M3","ABR33",19,0.704955703763023,0.704955703763023,5.71812086515066,8.21014373358507
71,"CV2",5,1,NA,"Raw","M3","JKI",34,0.753062431109132,0.753062431109132,4.45706280167521,5.32868875284539
72,"CV2",5,2,NA,"Raw","M3","ABR33",35,0.772624589153594,0.772624589153594,5.80697842610502,7.64881452186666
72,"CV2",5,2,NA,"Raw","M3","JKI",27,0.793987707975704,0.793987707975704,3.76033159247124,5.93925707514559
73,"CV2",5,3,NA,"Raw","M3","ABR33",26,0.829404122363169,0.829404122363169,5.15812533363,6.6779067181593
73,"CV2",5,3,NA,"Raw","M3","JKI",22,0.801336245595488,0.801336245595488,3.31918769382506,4.81451896432198
74,"CV2",5,4,NA,"Raw","M3","ABR33",21,0.568007987504677,0.568007987504677,6.33788862042683,7.68429882209995
74,"CV2",5,4,NA,"Raw","M3","JKI",26,0.836867128758396,0.836867128758396,3.37447331422529,5.29267419964227
75,"CV2",5,5,NA,"Raw","M3","ABR33",23,0.829307559734555,0.829307559734555,8.22390535151751,11.2533239251042
75,"CV2",5,5,NA,"Raw","M3","JKI",15,0.8828299864817,0.8828299864817,3.59925061957744,5.6402968433933
76,"CV2",6,1,NA,"Raw","M3","ABR33",23,0.819606329912514,0.819606329912514,5.38198078769678,7.61869507882359
76,"CV2",6,1,NA,"Raw","M3","JKI",25,0.821405065731326,0.821405065731326,3.71124341208607,5.45409584507472
77,"CV2",6,2,NA,"Raw","M3","ABR33",21,0.637868310451995,0.637868310451995,6.24792506704015,7.55907360295129
77,"CV2",6,2,NA,"Raw","M3","JKI",30,0.818602408865168,0.818602408865168,4.58590679289276,5.65118469425943
78,"CV2",6,3,NA,"Raw","M3","ABR33",29,0.841582679424122,0.841582679424122,6.23713328563982,8.65502763087692
78,"CV2",6,3,NA,"Raw","M3","JKI",20,0.916065231822364,0.916065231822364,2.15000221846415,4.50380183824527
79,"CV2",6,4,NA,"Raw","M3","ABR33",33,0.58915504005778,0.58915504005778,6.3756856017482,8.65208984839156
79,"CV2",6,4,NA,"Raw","M3","JKI",21,0.698361658381738,0.698361658381738,4.44060987691629,4.62655619627547
80,"CV2",6,5,NA,"Raw","M3","ABR33",18,0.871807264531232,0.871807264531232,6.606995656559,8.8866205329126
80,"CV2",6,5,NA,"Raw","M3","JKI",28,0.840547151170881,0.840547151170881,3.41571047366119,6.12014762790996
81,"CV2",7,1,NA,"Raw","M3","ABR33",28,0.857661119564607,0.857661119564607,5.65795277547336,8.32050082398465
81,"CV2",7,1,NA,"Raw","M3","JKI",26,0.78289131190521,0.78289131190521,3.59319946232501,4.34047903937363
82,"CV2",7,2,NA,"Raw","M3","ABR33",22,0.818162075351059,0.818162075351059,7.01216153937537,9.7540285800585
82,"CV2",7,2,NA,"Raw","M3","JKI",25,0.843365690903395,0.843365690903395,4.01161422992667,5.81056181631473
83,"CV2",7,3,NA,"Raw","M3","ABR33",20,0.516005812064074,0.516005812064074,7.09066713960295,8.58451118545485
83,"CV2",7,3,NA,"Raw","M3","JKI",28,0.830701374264301,0.830701374264301,3.81355027346751,5.82606791689506
84,"CV2",7,4,NA,"Raw","M3","ABR33",29,0.823505635914772,0.823505635914772,5.84809790212932,7.72316730741936
84,"CV2",7,4,NA,"Raw","M3","JKI",22,0.826726958606761,0.826726958606761,3.58095515182342,5.6890791756346
85,"CV2",7,5,NA,"Raw","M3","ABR33",25,0.736845941445782,0.736845941445782,5.3052716115296,7.25654926881907
85,"CV2",7,5,NA,"Raw","M3","JKI",23,0.829084426295355,0.829084426295355,3.6061395378668,5.60037569014222
86,"CV2",8,1,NA,"Raw","M3","ABR33",21,0.806435173378133,0.806435173378133,7.16976453366978,9.11263571357595
86,"CV2",8,1,NA,"Raw","M3","JKI",23,0.880292391792635,0.880292391792635,2.60392661860569,5.65385595931535
87,"CV2",8,2,NA,"Raw","M3","ABR33",31,0.784719513959493,0.784719513959493,5.58690200724004,7.88459750950849
87,"CV2",8,2,NA,"Raw","M3","JKI",22,0.813095896754805,0.813095896754805,4.01658773693364,5.03888343367656
88,"CV2",8,3,NA,"Raw","M3","ABR33",26,0.811811954426253,0.811811954426253,6.5195189952638,8.64223173273025
88,"CV2",8,3,NA,"Raw","M3","JKI",23,0.798087696077941,0.798087696077941,4.07364747678345,5.16080355729699
89,"CV2",8,4,NA,"Raw","M3","ABR33",24,0.743658090216529,0.743658090216529,4.70243048695862,6.11865936157559
89,"CV2",8,4,NA,"Raw","M3","JKI",34,0.82892337619778,0.82892337619778,3.34849241407995,5.70949594166641
90,"CV2",8,5,NA,"Raw","M3","ABR33",22,0.725405711704666,0.725405711704666,6.86197564075064,9.7577638968874
90,"CV2",8,5,NA,"Raw","M3","JKI",22,0.64358758311267,0.64358758311267,4.6302183470498,5.19518387152891
91,"CV2",9,1,NA,"Raw","M3","ABR33",28,0.749530095208027,0.749530095208027,6.95579143561107,9.54715284446304
91,"CV2",9,1,NA,"Raw","M3","JKI",22,0.792891803071563,0.792891803071563,3.62655057046096,4.85480978583155
92,"CV2",9,2,NA,"Raw","M3","ABR33",16,0.641749389036797,0.641749389036797,7.44459418761486,9.44886023663409
92,"CV2",9,2,NA,"Raw","M3","JKI",34,0.711680838286178,0.711680838286178,4.60863735026823,5.55108563808951
93,"CV2",9,3,NA,"Raw","M3","ABR33",19,0.953653002333504,0.953653002333504,4.48342542113983,6.83808525023698
93,"CV2",9,3,NA,"Raw","M3","JKI",24,0.827398749123903,0.827398749123903,4.11076463745775,6.568828797761
94,"CV2",9,4,NA,"Raw","M3","ABR33",33,0.83536134292838,0.83536134292838,6.21228044918597,8.42653834687966
94,"CV2",9,4,NA,"Raw","M3","JKI",27,0.855657391422233,0.855657391422233,3.18988037594893,5.0884633225809
95,"CV2",9,5,NA,"Raw","M3","ABR33",28,0.485755364580723,0.485755364580723,5.85121760108732,7.4718417282037
95,"CV2",9,5,NA,"Raw","M3","JKI",17,0.87689023353007,0.87689023353007,3.06005569239022,4.52839913097889
96,"CV2",10,1,NA,"Raw","M3","ABR33",16,0.537920496741223,0.537920496741223,7.7314544744286,9.44310468653878
96,"CV2",10,1,NA,"Raw","M3","JKI",31,0.778526518911278,0.778526518911278,3.56048671451091,5.6028977159593
97,"CV2",10,2,NA,"Raw","M3","ABR33",21,0.738482358526388,0.738482358526388,4.8430945010175,7.86775842563216
97,"CV2",10,2,NA,"Raw","M3","JKI",25,0.815486104123752,0.815486104123752,3.86105175289859,6.09019322661132
98,"CV2",10,3,NA,"Raw","M3","ABR33",31,0.791842178827756,0.791842178827756,5.46867081161318,7.71755827185894
98,"CV2",10,3,NA,"Raw","M3","JKI",22,0.820188011513195,0.820188011513195,3.28109382235212,4.8182375543948
99,"CV2",10,4,NA,"Raw","M3","ABR33",27,0.758594070514906,0.758594070514906,6.45228778418133,7.94962888491304
99,"CV2",10,4,NA,"Raw","M3","JKI",26,0.780378982655303,0.780378982655303,4.01246370349366,5.30404534269199
100,"CV2",10,5,NA,"Raw","M3","ABR33",29,0.871789145543196,0.871789145543196,6.77196498892763,9.43352060874637
100,"CV2",10,5,NA,"Raw","M3","JKI",20,0.774991564459701,0.774991564459701,4.18021468781786,5.09221389065606
101,"Sparse25",1,1,0,"Raw","M3","ABR33",100,0.597498912689489,0.597498912689489,8.07533149808593,8.59175837670499
101,"Sparse25",1,1,0,"Raw","M3","JKI",99,0.604158368209817,0.604158368209817,4.93405964486806,5.30155144628945
102,"Sparse25",2,1,0,"Raw","M3","ABR33",100,0.519667645174087,0.519667645174087,7.75315477475906,8.14878348138324
102,"Sparse25",2,1,0,"Raw","M3","JKI",99,0.573309224635206,0.573309224635206,5.31966838293464,5.47463534941267
103,"Sparse25",3,1,0,"Raw","M3","ABR33",100,0.52229047425218,0.52229047425218,8.33322030394315,8.58771622716717
103,"Sparse25",3,1,0,"Raw","M3","JKI",99,0.571556510296064,0.571556510296064,4.85550903532311,5.25248463853448
104,"Sparse25",4,1,0,"Raw","M3","ABR33",100,0.586622204565298,0.586622204565298,8.123305836761,8.4962518228826
104,"Sparse25",4,1,0,"Raw","M3","JKI",99,0.569173157715747,0.569173157715747,5.03150519243071,5.69039654739745
105,"Sparse25",5,1,0,"Raw","M3","ABR33",100,0.596618042896069,0.596618042896069,8.11588157980008,8.53866942225539
105,"Sparse25",5,1,0,"Raw","M3","JKI",99,0.587571283738986,0.587571283738986,4.87948858537582,5.46681426126808
106,"Sparse25",6,1,0,"Raw","M3","ABR33",100,0.590488434746517,0.590488434746517,8.74133573049052,8.92473199841051
106,"Sparse25",6,1,0,"Raw","M3","JKI",99,0.61649086642379,0.61649086642379,5.12975534347087,5.57982033922702
107,"Sparse25",7,1,0,"Raw","M3","ABR33",100,0.434828246992446,0.434828246992446,7.92116824072455,8.73639440521187
107,"Sparse25",7,1,0,"Raw","M3","JKI",99,0.620505093430323,0.620505093430323,5.1552916036305,5.63088225554191
108,"Sparse25",8,1,0,"Raw","M3","ABR33",100,0.558511853604021,0.558511853604021,8.37000775522883,8.48320376674945
108,"Sparse25",8,1,0,"Raw","M3","JKI",99,0.549239801669261,0.549239801669261,5.1779490826972,5.65747645385731
109,"Sparse25",9,1,0,"Raw","M3","ABR33",100,0.602143828289764,0.602143828289764,8.48524284958636,8.71263926270175
109,"Sparse25",9,1,0,"Raw","M3","JKI",99,0.629183747219932,0.629183747219932,5.014449599958,5.45147127817953
110,"Sparse25",10,1,0,"Raw","M3","ABR33",100,0.547165477244997,0.547165477244997,8.01070317150658,10.5494896824621
110,"Sparse25",10,1,0,"Raw","M3","JKI",99,0.638143695804936,0.638143695804936,4.92182145728775,5.76808624639244
111,"Sparse25",1,1,5,"Raw","M3","ABR33",100,0.629987887896459,0.629987887896459,8.2544534735057,8.44915704482781
111,"Sparse25",1,1,5,"Raw","M3","JKI",99,0.641613453892755,0.641613453892755,5.05107287817529,6.32859958383867
112,"Sparse25",2,1,5,"Raw","M3","ABR33",100,0.492695839039276,0.492695839039276,7.96016365025619,8.80459909106034
112,"Sparse25",2,1,5,"Raw","M3","JKI",99,0.515023406281639,0.515023406281639,5.18381520212779,5.89822115777206
113,"Sparse25",3,1,5,"Raw","M3","ABR33",100,0.431748222408872,0.431748222408872,8.33799994082619,10.2072887999669
113,"Sparse25",3,1,5,"Raw","M3","JKI",99,0.560941918541376,0.560941918541376,5.51565480643379,5.67889595254234
114,"Sparse25",4,1,5,"Raw","M3","ABR33",100,0.48659992308478,0.48659992308478,7.90932084999377,8.43332090834891
114,"Sparse25",4,1,5,"Raw","M3","JKI",99,0.556576934569994,0.556576934569994,5.15348998766448,5.70112911848774
115,"Sparse25",5,1,5,"Raw","M3","ABR33",100,0.600723413353933,0.600723413353933,8.89100672933915,9.53335024544803
115,"Sparse25",5,1,5,"Raw","M3","JKI",99,0.577456438445645,0.577456438445645,5.04926442053885,5.51793442569609
116,"Sparse25",6,1,5,"Raw","M3","ABR33",100,0.611552538663784,0.611552538663784,8.684025461215,8.85791371704923
116,"Sparse25",6,1,5,"Raw","M3","JKI",99,0.556360016590299,0.556360016590299,5.5694174766169,5.8235717639786
117,"Sparse25",7,1,5,"Raw","M3","ABR33",100,0.561076381983088,0.561076381983088,8.34931257553626,8.62448525916763
117,"Sparse25",7,1,5,"Raw","M3","JKI",99,0.516638013955488,0.516638013955488,5.25443214936092,5.64757332016001
118,"Sparse25",8,1,5,"Raw","M3","ABR33",100,0.593338864190349,0.593338864190349,8.61194020876285,8.5832679519157
118,"Sparse25",8,1,5,"Raw","M3","JKI",99,0.571727133483584,0.571727133483584,5.238538202525,5.47914903539549
119,"Sparse25",9,1,5,"Raw","M3","ABR33",100,0.501664547840047,0.501664547840047,8.02053349581333,9.07187123370469
119,"Sparse25",9,1,5,"Raw","M3","JKI",99,0.526338221210933,0.526338221210933,5.22444591317658,5.43494342825978
120,"Sparse25",10,1,5,"Raw","M3","ABR33",100,0.561886935119856,0.561886935119856,7.85207959592863,8.38816111359791
120,"Sparse25",10,1,5,"Raw","M3","JKI",99,0.585556630900458,0.585556630900458,5.02892705376016,5.59190577271666
121,"Sparse25",1,1,10,"Raw","M3","ABR33",100,0.470950360562612,0.470950360562612,8.01394426647497,8.98445019358592
121,"Sparse25",1,1,10,"Raw","M3","JKI",99,0.582958435959245,0.582958435959245,4.97221282348325,5.74935772691124
122,"Sparse25",2,1,10,"Raw","M3","ABR33",100,0.542505308864567,0.542505308864567,7.64066261709517,8.27720917004972
122,"Sparse25",2,1,10,"Raw","M3","JKI",99,0.536057962234053,0.536057962234053,5.16323443189677,5.46093690142423
123,"Sparse25",3,1,10,"Raw","M3","ABR33",100,0.487054940803401,0.487054940803401,7.90192129086407,8.66524150517186
123,"Sparse25",3,1,10,"Raw","M3","JKI",99,0.57653875155472,0.57653875155472,5.09027995909533,5.16941590058268
124,"Sparse25",4,1,10,"Raw","M3","ABR33",100,0.523263089773849,0.523263089773849,7.61832468385529,8.43767924825668
124,"Sparse25",4,1,10,"Raw","M3","JKI",99,0.567530845029958,0.567530845029958,4.91213130869856,5.34981746550252
125,"Sparse25",5,1,10,"Raw","M3","ABR33",100,0.515063881319922,0.515063881319922,8.0064390827481,8.94596729704327
125,"Sparse25",5,1,10,"Raw","M3","JKI",99,0.490072836612533,0.490072836612533,5.39111983423925,5.63889380446106
126,"Sparse25",6,1,10,"Raw","M3","ABR33",100,0.518772836748066,0.518772836748066,9.42412831013153,9.2909846476801
126,"Sparse25",6,1,10,"Raw","M3","JKI",99,0.576406717112816,0.576406717112816,5.47597668155106,5.96022502115465
127,"Sparse25",7,1,10,"Raw","M3","ABR33",100,0.529201026098856,0.529201026098856,9.70753203934824,9.59219310025229
127,"Sparse25",7,1,10,"Raw","M3","JKI",99,0.513578320222472,0.513578320222472,5.68580469422331,5.85423331992725
128,"Sparse25",8,1,10,"Raw","M3","ABR33",100,0.615969331340345,0.615969331340345,8.27452414858865,8.77272796864338
128,"Sparse25",8,1,10,"Raw","M3","JKI",99,0.55020744313508,0.55020744313508,5.27519514634459,5.59718584786013
129,"Sparse25",9,1,10,"Raw","M3","ABR33",100,0.53185898719271,0.53185898719271,8.84634161508103,8.83005494011936
129,"Sparse25",9,1,10,"Raw","M3","JKI",99,0.524627738562059,0.524627738562059,5.49764207172397,5.87104683761959
130,"Sparse25",10,1,10,"Raw","M3","ABR33",100,0.504385187743077,0.504385187743077,7.78271181827585,8.46569743368288
130,"Sparse25",10,1,10,"Raw","M3","JKI",99,0.571457338960693,0.571457338960693,5.24363765909276,6.29417548809544
131,"Sparse25",1,1,15,"Raw","M3","ABR33",100,0.431521878703534,0.431521878703534,8.3047769154459,8.85319767165418
131,"Sparse25",1,1,15,"Raw","M3","JKI",99,0.488857223698094,0.488857223698094,5.2730010817035,5.73670043928638
132,"Sparse25",2,1,15,"Raw","M3","ABR33",100,0.472317847246023,0.472317847246023,8.33513245407554,8.63826428313386
132,"Sparse25",2,1,15,"Raw","M3","JKI",99,0.429142116907125,0.429142116907125,5.72599888775581,5.61421940236585
133,"Sparse25",3,1,15,"Raw","M3","ABR33",100,0.482827101955878,0.482827101955878,7.78862580733171,8.30742921087736
133,"Sparse25",3,1,15,"Raw","M3","JKI",99,0.531996431288583,0.531996431288583,5.21109957696811,5.93929389787319
134,"Sparse25",4,1,15,"Raw","M3","ABR33",100,0.501626161043043,0.501626161043043,7.92164769675447,8.72864418624303
134,"Sparse25",4,1,15,"Raw","M3","JKI",99,0.585114810105461,0.585114810105461,4.85408340770262,5.38138691058193
135,"Sparse25",5,1,15,"Raw","M3","ABR33",100,0.501926686411422,0.501926686411422,8.36847818860805,8.65003599306654
135,"Sparse25",5,1,15,"Raw","M3","JKI",99,0.49200278291021,0.49200278291021,6.0323524305487,6.00807122989454
136,"Sparse25",6,1,15,"Raw","M3","ABR33",100,0.58235451522385,0.58235451522385,8.13534663935714,8.56511108305551
136,"Sparse25",6,1,15,"Raw","M3","JKI",99,0.481184245360376,0.481184245360376,5.50123310564964,5.50776463985808
137,"Sparse25",7,1,15,"Raw","M3","ABR33",100,0.519004716324704,0.519004716324704,8.61021391855208,8.80984900985972
137,"Sparse25",7,1,15,"Raw","M3","JKI",99,0.481441211673358,0.481441211673358,5.65318997695422,5.61832578469238
138,"Sparse25",8,1,15,"Raw","M3","ABR33",100,0.541088520172407,0.541088520172407,8.85110771732761,8.96799901430073
138,"Sparse25",8,1,15,"Raw","M3","JKI",99,0.568324365522027,0.568324365522027,5.73901948002891,5.61204479602532
139,"Sparse25",9,1,15,"Raw","M3","ABR33",100,0.49007209128066,0.49007209128066,8.13966274644378,8.63460227515088
139,"Sparse25",9,1,15,"Raw","M3","JKI",99,0.589001219007189,0.589001219007189,5.1074408264769,5.31126678610602
140,"Sparse25",10,1,15,"Raw","M3","ABR33",100,0.54017500413853,0.54017500413853,8.43679076521346,8.68369693041982
140,"Sparse25",10,1,15,"Raw","M3","JKI",99,0.5285432513432,0.5285432513432,5.19329066185065,5.65556157367313
141,"Sparse25",1,1,20,"Raw","M3","ABR33",100,0.559186546077504,0.559186546077504,8.5205939206772,8.63316710530329
141,"Sparse25",1,1,20,"Raw","M3","JKI",99,0.468155555088316,0.468155555088316,5.52429599633303,5.49148468654445
142,"Sparse25",2,1,20,"Raw","M3","ABR33",100,0.491828082669842,0.491828082669842,8.56548585398851,8.89091961154475
142,"Sparse25",2,1,20,"Raw","M3","JKI",99,0.501730164851464,0.501730164851464,5.28201512876772,5.338823529508
143,"Sparse25",3,1,20,"Raw","M3","ABR33",100,0.457763410731276,0.457763410731276,8.1930532446565,9.68355615424094
143,"Sparse25",3,1,20,"Raw","M3","JKI",99,0.531621915285718,0.531621915285718,5.21390584233142,5.34608035859164
144,"Sparse25",4,1,20,"Raw","M3","ABR33",100,0.555817706366459,0.555817706366459,9.7575320641995,10.2035297746193
144,"Sparse25",4,1,20,"Raw","M3","JKI",99,0.509286178951295,0.509286178951295,5.40920788380217,5.39623979240534
145,"Sparse25",5,1,20,"Raw","M3","ABR33",100,0.449247619800336,0.449247619800336,8.93071183829771,8.9530399827432
145,"Sparse25",5,1,20,"Raw","M3","JKI",99,0.48885606543809,0.48885606543809,5.32916528118081,5.48779145101941
146,"Sparse25",6,1,20,"Raw","M3","ABR33",100,0.443914094995523,0.443914094995523,8.36954174317535,8.72702340115674
146,"Sparse25",6,1,20,"Raw","M3","JKI",99,0.509917793228416,0.509917793228416,5.28008286127178,5.55384446066237
147,"Sparse25",7,1,20,"Raw","M3","ABR33",100,0.57411658398419,0.57411658398419,7.81441383933161,8.09909796275492
147,"Sparse25",7,1,20,"Raw","M3","JKI",99,0.531199220358386,0.531199220358386,5.27613782282038,5.43595743496727
148,"Sparse25",8,1,20,"Raw","M3","ABR33",100,0.510067418477421,0.510067418477421,8.03661574203676,8.54697089181532
148,"Sparse25",8,1,20,"Raw","M3","JKI",99,0.526167582441994,0.526167582441994,4.96421881574465,5.84511681823852
149,"Sparse25",9,1,20,"Raw","M3","ABR33",100,0.50492588030723,0.50492588030723,8.07242303734053,8.25000753927292
149,"Sparse25",9,1,20,"Raw","M3","JKI",99,0.545683940418518,0.545683940418518,5.35014982808824,5.44182640948261
150,"Sparse25",10,1,20,"Raw","M3","ABR33",100,0.51981320750076,0.51981320750076,9.70008564440347,9.35987967481403
150,"Sparse25",10,1,20,"Raw","M3","JKI",99,0.524507617761615,0.524507617761615,5.69335018201339,5.66251029073364
151,"Sparse25",1,1,25,"Raw","M3","ABR33",100,0.55864518884198,0.55864518884198,8.29273395141523,8.19133746761789
151,"Sparse25",1,1,25,"Raw","M3","JKI",99,0.521485055455887,0.521485055455887,5.46906139596941,5.52951147563257
152,"Sparse25",2,1,25,"Raw","M3","ABR33",100,0.465766228248938,0.465766228248938,9.02489822497562,8.90536823450024
152,"Sparse25",2,1,25,"Raw","M3","JKI",99,0.518456565561382,0.518456565561382,5.44220158030112,5.49941152146847
153,"Sparse25",3,1,25,"Raw","M3","ABR33",100,0.495147640489175,0.495147640489175,8.67534451868357,8.84093290835833
153,"Sparse25",3,1,25,"Raw","M3","JKI",99,0.437630332498723,0.437630332498723,5.56004032338995,5.54092277162478
154,"Sparse25",4,1,25,"Raw","M3","ABR33",100,0.465584297656818,0.465584297656818,8.2929185303837,9.20466244605614
154,"Sparse25",4,1,25,"Raw","M3","JKI",99,0.452696485199006,0.452696485199006,5.19108301838676,5.53940155100562
155,"Sparse25",5,1,25,"Raw","M3","ABR33",100,0.520853514610288,0.520853514610288,7.70326387320887,7.91664936944219
155,"Sparse25",5,1,25,"Raw","M3","JKI",99,0.546124567005475,0.546124567005475,5.31504761957319,5.30896254787675
156,"Sparse25",6,1,25,"Raw","M3","ABR33",100,0.491144731888523,0.491144731888523,8.35616577810935,8.51638178159863
156,"Sparse25",6,1,25,"Raw","M3","JKI",99,0.496326779973405,0.496326779973405,5.08060857735432,5.17482013992652
157,"Sparse25",7,1,25,"Raw","M3","ABR33",100,0.464387825450699,0.464387825450699,8.52356338163586,8.69508698022222
157,"Sparse25",7,1,25,"Raw","M3","JKI",99,0.448080911923196,0.448080911923196,5.5549228065217,5.58941933759453
158,"Sparse25",8,1,25,"Raw","M3","ABR33",100,0.529265971782815,0.529265971782815,8.60365459160413,8.58242750484701
158,"Sparse25",8,1,25,"Raw","M3","JKI",99,0.529013502080513,0.529013502080513,5.73580816900871,5.55339441896235
159,"Sparse25",9,1,25,"Raw","M3","ABR33",100,0.504808461051809,0.504808461051809,10.0314996775846,9.5365302777335
159,"Sparse25",9,1,25,"Raw","M3","JKI",99,0.497596403855263,0.497596403855263,6.51104463493304,6.50320940498171
160,"Sparse25",10,1,25,"Raw","M3","ABR33",100,0.479000053644526,0.479000053644526,7.81060110650268,8.19560446284842
160,"Sparse25",10,1,25,"Raw","M3","JKI",99,0.47519308109754,0.47519308109754,5.34231529816482,5.34220659625768
1,"CV1",1,1,NA,"Group_adjusted","M1","ABR33",25,NA,0.559999639694497,7.08512436901077,7.08235546668907
1,"CV1",1,1,NA,"Group_adjusted","M1","JKI",25,NA,0.581862348507541,4.59543102277529,4.59781480836246
2,"CV1",1,2,NA,"Group_adjusted","M1","ABR33",25,NA,0.688446029117636,11.2066422009699,11.2260736282404
2,"CV1",1,2,NA,"Group_adjusted","M1","JKI",25,NA,0.599331951836016,6.8143695838979,6.89655550778033
3,"CV1",1,3,NA,"Group_adjusted","M1","ABR33",25,NA,0.405528317350237,8.10434830429385,8.11673585806814
3,"CV1",1,3,NA,"Group_adjusted","M1","JKI",25,NA,0.539976429396834,5.13547362143816,5.12964506521861
4,"CV1",1,4,NA,"Group_adjusted","M1","ABR33",25,NA,0.228547899812626,7.98929206340163,7.9889065160331
4,"CV1",1,4,NA,"Group_adjusted","M1","JKI",25,NA,0.109795688725983,6.38631124816595,6.36216765461528
5,"CV1",1,5,NA,"Group_adjusted","M1","ABR33",25,NA,0.323466211340052,8.43979653520862,8.44164385154013
5,"CV1",1,5,NA,"Group_adjusted","M1","JKI",24,NA,0.493733924832306,4.74822729109682,4.74826377219697
6,"CV1",2,1,NA,"Group_adjusted","M1","ABR33",25,NA,0.483860755307909,8.71081130875013,8.71120528695896
6,"CV1",2,1,NA,"Group_adjusted","M1","JKI",25,NA,0.442917246644724,6.04642358537468,6.04122950320428
7,"CV1",2,2,NA,"Group_adjusted","M1","ABR33",25,NA,0.488732627967466,8.80737973403719,8.80463683541498
7,"CV1",2,2,NA,"Group_adjusted","M1","JKI",24,NA,0.352489691021223,6.51881431716371,6.51494022801869
8,"CV1",2,3,NA,"Group_adjusted","M1","ABR33",25,NA,0.591706948699559,6.92243241020392,6.92266295123646
8,"CV1",2,3,NA,"Group_adjusted","M1","JKI",25,NA,0.836520476467959,3.97196256728695,3.97789285925035
9,"CV1",2,4,NA,"Group_adjusted","M1","ABR33",25,NA,0.150269407513156,10.0100093674048,10.0096724846003
9,"CV1",2,4,NA,"Group_adjusted","M1","JKI",25,NA,0.28350809958965,4.70155842639351,4.69759932235202
10,"CV1",2,5,NA,"Group_adjusted","M1","ABR33",25,NA,0.513684794644061,7.11126787431251,7.11198643601265
10,"CV1",2,5,NA,"Group_adjusted","M1","JKI",25,NA,0.429753448289932,5.95534773802014,5.9374577999786
11,"CV1",3,1,NA,"Group_adjusted","M1","ABR33",25,NA,0.456889530797779,7.61491103406586,7.61410910095224
11,"CV1",3,1,NA,"Group_adjusted","M1","JKI",24,NA,0.344619257857024,4.75869169097221,4.75885214308749
12,"CV1",3,2,NA,"Group_adjusted","M1","ABR33",25,NA,0.155649132914359,8.51040519188633,8.50759858402998
12,"CV1",3,2,NA,"Group_adjusted","M1","JKI",25,NA,0.249969657868229,5.15380724385702,5.14045991575781
13,"CV1",3,3,NA,"Group_adjusted","M1","ABR33",25,NA,0.665978148854795,10.5610711448573,10.5677761168277
13,"CV1",3,3,NA,"Group_adjusted","M1","JKI",25,NA,0.71130436153129,6.52716342513514,6.55544313657044
14,"CV1",3,4,NA,"Group_adjusted","M1","ABR33",25,NA,0.459854537286979,8.26911735314257,8.26946820863878
14,"CV1",3,4,NA,"Group_adjusted","M1","JKI",25,NA,0.49098779470829,5.39123403456752,5.39842471092364
15,"CV1",3,5,NA,"Group_adjusted","M1","ABR33",25,NA,0.580962215648077,7.07374055896575,7.08135963230573
15,"CV1",3,5,NA,"Group_adjusted","M1","JKI",25,NA,0.34560135310267,5.68393538417071,5.67953956314829
16,"CV1",4,1,NA,"Group_adjusted","M1","ABR33",25,NA,0.500756652662646,7.81551501990779,7.82419432598152
16,"CV1",4,1,NA,"Group_adjusted","M1","JKI",24,NA,0.350919552039548,6.11604197083517,6.11986402110687
17,"CV1",4,2,NA,"Group_adjusted","M1","ABR33",25,NA,0.663531403582817,7.86133291928687,7.87384668906879
17,"CV1",4,2,NA,"Group_adjusted","M1","JKI",25,NA,0.64787569880296,4.66734778500574,4.69342314290318
18,"CV1",4,3,NA,"Group_adjusted","M1","ABR33",25,NA,0.258722116422618,9.23756474684164,9.2349396368019
18,"CV1",4,3,NA,"Group_adjusted","M1","JKI",25,NA,0.596590829806632,4.97618450843821,4.96076689949064
19,"CV1",4,4,NA,"Group_adjusted","M1","ABR33",25,NA,0.43257467389688,8.55553347243356,8.55620931075927
19,"CV1",4,4,NA,"Group_adjusted","M1","JKI",25,NA,0.282272434802869,6.09362325549213,6.08770347297007
20,"CV1",4,5,NA,"Group_adjusted","M1","ABR33",25,NA,0.448349942253102,8.11924236403145,8.11922935277498
20,"CV1",4,5,NA,"Group_adjusted","M1","JKI",25,NA,0.47175728181694,4.89350965507904,4.90589773050523
21,"CV1",5,1,NA,"Group_adjusted","M1","ABR33",25,NA,0.271728727786088,8.67329058899001,8.67325526377484
21,"CV1",5,1,NA,"Group_adjusted","M1","JKI",25,NA,0.512275911235043,4.82729972541632,4.8301665583431
22,"CV1",5,2,NA,"Group_adjusted","M1","ABR33",25,NA,0.659604867496846,7.32484785078456,7.32195946232316
22,"CV1",5,2,NA,"Group_adjusted","M1","JKI",25,NA,0.551961689422056,5.81828285151174,5.82343845502207
23,"CV1",5,3,NA,"Group_adjusted","M1","ABR33",25,NA,0.515654682575868,6.49164158202869,6.48578436768409
23,"CV1",5,3,NA,"Group_adjusted","M1","JKI",25,NA,0.42955396896667,5.84302377850625,5.82555786636006
24,"CV1",5,4,NA,"Group_adjusted","M1","ABR33",25,NA,0.56423116979897,7.91632456136342,7.91674822970591
24,"CV1",5,4,NA,"Group_adjusted","M1","JKI",25,NA,0.51576915439689,4.4359515856536,4.41410961305986
25,"CV1",5,5,NA,"Group_adjusted","M1","ABR33",25,NA,0.30440983186724,10.6188525731999,10.6223600025883
25,"CV1",5,5,NA,"Group_adjusted","M1","JKI",24,NA,0.38638091868479,5.68467048980172,5.69309448696229
26,"CV1",6,1,NA,"Group_adjusted","M1","ABR33",25,NA,0.490647037918168,10.1678643102418,10.1674267020611
26,"CV1",6,1,NA,"Group_adjusted","M1","JKI",25,NA,0.567922979655715,5.39078257555495,5.39019782245326
27,"CV1",6,2,NA,"Group_adjusted","M1","ABR33",25,NA,0.456470120410974,7.50921363512716,7.50918431609264
27,"CV1",6,2,NA,"Group_adjusted","M1","JKI",25,NA,0.53055677408987,4.96610287283605,4.96294187551696
28,"CV1",6,3,NA,"Group_adjusted","M1","ABR33",25,NA,0.44307203656928,7.80760950073081,7.8031059395857
28,"CV1",6,3,NA,"Group_adjusted","M1","JKI",25,NA,0.428243937520252,6.06875652309298,6.08078398063923
29,"CV1",6,4,NA,"Group_adjusted","M1","ABR33",25,NA,0.405144232948853,7.65728121683177,7.6545987318731
29,"CV1",6,4,NA,"Group_adjusted","M1","JKI",24,NA,0.503440174761732,4.24051661701438,4.2382414993734
30,"CV1",6,5,NA,"Group_adjusted","M1","ABR33",25,NA,0.441676082157064,8.32295044825286,8.3221652081245
30,"CV1",6,5,NA,"Group_adjusted","M1","JKI",25,NA,0.285426057909625,6.03632852917713,6.02837913916908
31,"CV1",7,1,NA,"Group_adjusted","M1","ABR33",25,NA,0.301770365111209,8.57265309561112,8.57413364927318
31,"CV1",7,1,NA,"Group_adjusted","M1","JKI",25,NA,0.206705482545515,6.38991984055747,6.40114767817425
32,"CV1",7,2,NA,"Group_adjusted","M1","ABR33",25,NA,0.426888257474242,9.17449365248241,9.16718351523572
32,"CV1",7,2,NA,"Group_adjusted","M1","JKI",25,NA,0.422163832844789,5.59925002196509,5.59558199077504
33,"CV1",7,3,NA,"Group_adjusted","M1","ABR33",25,NA,0.384791382850911,8.49910029478754,8.49807949756138
33,"CV1",7,3,NA,"Group_adjusted","M1","JKI",24,NA,0.680515018370265,4.70531524552603,4.69983177714611
34,"CV1",7,4,NA,"Group_adjusted","M1","ABR33",25,NA,0.480654759844592,7.90081408768256,7.88393844351911
34,"CV1",7,4,NA,"Group_adjusted","M1","JKI",25,NA,0.437177651318636,6.18639656237324,6.17268586526459
35,"CV1",7,5,NA,"Group_adjusted","M1","ABR33",25,NA,0.716536576020301,7.28186312886761,7.28184134007361
35,"CV1",7,5,NA,"Group_adjusted","M1","JKI",25,NA,0.389637728100906,4.32327963436657,4.32580186785348
36,"CV1",8,1,NA,"Group_adjusted","M1","ABR33",25,NA,0.617526482322677,7.35174795421249,7.34844439976834
36,"CV1",8,1,NA,"Group_adjusted","M1","JKI",25,NA,0.613354082394548,4.77809092533055,4.75097080318608
37,"CV1",8,2,NA,"Group_adjusted","M1","ABR33",25,NA,0.545833831210899,8.43515354659235,8.43887131474813
37,"CV1",8,2,NA,"Group_adjusted","M1","JKI",25,NA,0.803332054513458,4.7627910043052,4.780817375102
38,"CV1",8,3,NA,"Group_adjusted","M1","ABR33",25,NA,0.424604145751103,10.2541307632817,10.254173171121
38,"CV1",8,3,NA,"Group_adjusted","M1","JKI",24,NA,0.26161147961999,6.80114890847378,6.79899920613894
39,"CV1",8,4,NA,"Group_adjusted","M1","ABR33",25,NA,0.346456667353394,8.17804976909251,8.17203555664297
39,"CV1",8,4,NA,"Group_adjusted","M1","JKI",25,NA,0.441633471684919,5.32664371162029,5.32080075239204
40,"CV1",8,5,NA,"Group_adjusted","M1","ABR33",25,NA,0.446703386863873,7.42679267746751,7.42790076131256
40,"CV1",8,5,NA,"Group_adjusted","M1","JKI",25,NA,0.171887948301508,5.58773841125139,5.58199931755135
41,"CV1",9,1,NA,"Group_adjusted","M1","ABR33",25,NA,0.3145660314972,9.83595570210429,9.84909578243666
41,"CV1",9,1,NA,"Group_adjusted","M1","JKI",25,NA,0.531688573892122,6.00321052975069,6.0427896419557
42,"CV1",9,2,NA,"Group_adjusted","M1","ABR33",25,NA,0.602065379819287,10.1161507114511,10.115547364231
42,"CV1",9,2,NA,"Group_adjusted","M1","JKI",25,NA,0.686649722343939,5.23700916125403,5.23386973859642
43,"CV1",9,3,NA,"Group_adjusted","M1","ABR33",25,NA,0.550007191475312,6.21431449571305,6.22029359179037
43,"CV1",9,3,NA,"Group_adjusted","M1","JKI",24,NA,0.459665076581205,4.77608418344931,4.7838557942129
44,"CV1",9,4,NA,"Group_adjusted","M1","ABR33",25,NA,0.464261306822512,7.57016210146205,7.56843723012505
44,"CV1",9,4,NA,"Group_adjusted","M1","JKI",25,NA,0.518079276126894,4.69164714059305,4.692708017447
45,"CV1",9,5,NA,"Group_adjusted","M1","ABR33",25,NA,0.439267455124627,7.51069818384483,7.50024815693387
45,"CV1",9,5,NA,"Group_adjusted","M1","JKI",25,NA,0.211203057113805,6.23946091572296,6.22505547175969
46,"CV1",10,1,NA,"Group_adjusted","M1","ABR33",25,NA,0.391089297197634,9.38499706438698,9.37379434584673
46,"CV1",10,1,NA,"Group_adjusted","M1","JKI",25,NA,0.304884304832071,6.03761628445582,6.03892633479566
47,"CV1",10,2,NA,"Group_adjusted","M1","ABR33",25,NA,0.375000278142985,8.96123368041411,8.96092252175247
47,"CV1",10,2,NA,"Group_adjusted","M1","JKI",25,NA,0.471694043495965,5.51992616029393,5.51883560848047
48,"CV1",10,3,NA,"Group_adjusted","M1","ABR33",25,NA,0.521681955428816,7.68341878670018,7.6826204601278
48,"CV1",10,3,NA,"Group_adjusted","M1","JKI",25,NA,0.545716616906749,5.35678649334788,5.34910185943542
49,"CV1",10,4,NA,"Group_adjusted","M1","ABR33",25,NA,0.445558998220526,7.67867695432727,7.68630095123605
49,"CV1",10,4,NA,"Group_adjusted","M1","JKI",24,NA,0.434444067276519,5.07957222422742,5.07527057018602
50,"CV1",10,5,NA,"Group_adjusted","M1","ABR33",25,NA,0.502990214081615,7.65919609391309,7.66002584978006
50,"CV1",10,5,NA,"Group_adjusted","M1","JKI",25,NA,0.542992385620956,4.58084797203398,4.58842221191631
51,"CV2",1,1,NA,"Group_adjusted","M1","ABR33",25,0.754156583167833,0.751382992136117,7.24427362961745,9.46473460390622
51,"CV2",1,1,NA,"Group_adjusted","M1","JKI",20,0.722615885236924,0.808402956189071,4.03729392646491,5.62840301271487
52,"CV2",1,2,NA,"Group_adjusted","M1","ABR33",28,0.572666851879325,0.749542238828172,6.03433463831563,7.09293743685696
52,"CV2",1,2,NA,"Group_adjusted","M1","JKI",26,0.723119749421072,0.775112319912915,3.81329661627704,5.15818740401701
53,"CV2",1,3,NA,"Group_adjusted","M1","ABR33",24,0.660000889750579,0.762100078743244,5.32806910250293,6.69965213884027
53,"CV2",1,3,NA,"Group_adjusted","M1","JKI",30,0.685296837871503,0.758130100416876,3.22081645248057,4.46280388935496
54,"CV2",1,4,NA,"Group_adjusted","M1","ABR33",27,0.852354297382108,0.538840838787912,7.46019089584991,9.7998134618064
54,"CV2",1,4,NA,"Group_adjusted","M1","JKI",16,0.810614642877292,0.879244307009923,4.16977910649193,7.00098135863428
55,"CV2",1,5,NA,"Group_adjusted","M1","ABR33",20,0.669985837176718,0.764763591344481,6.83703791735251,8.77995127900227
55,"CV2",1,5,NA,"Group_adjusted","M1","JKI",32,0.686844766623201,0.751379029643107,4.70486041577302,5.00590706722417
56,"CV2",2,1,NA,"Group_adjusted","M1","ABR33",23,0.860911483101636,0.882265118173914,8.74648048131513,11.7066978073045
56,"CV2",2,1,NA,"Group_adjusted","M1","JKI",24,0.67755657900548,0.719176711421084,3.20328889966926,4.46191920714464
57,"CV2",2,2,NA,"Group_adjusted","M1","ABR33",31,0.525288613377883,0.569843805448418,6.59072808374499,7.61905567511574
57,"CV2",2,2,NA,"Group_adjusted","M1","JKI",23,0.757616603704377,0.826491667731232,4.16135783325227,6.86233078193083
58,"CV2",2,3,NA,"Group_adjusted","M1","ABR33",34,0.681582617079307,0.761481728810012,5.07520242542097,6.51849133973758
58,"CV2",2,3,NA,"Group_adjusted","M1","JKI",27,0.701572384578178,0.716597181389974,4.18395051772325,5.83920968806175
59,"CV2",2,4,NA,"Group_adjusted","M1","ABR33",15,0.749570925586104,0.670237668583249,7.16343902180655,9.63458521709052
59,"CV2",2,4,NA,"Group_adjusted","M1","JKI",28,0.536867967941949,0.667319650002766,4.68904252824845,4.41710132016327
60,"CV2",2,5,NA,"Group_adjusted","M1","ABR33",21,0.64236455574071,0.709492133591504,5.27425597452999,6.54166670939714
60,"CV2",2,5,NA,"Group_adjusted","M1","JKI",22,0.910209694809386,0.944311731286252,2.71502118810497,5.39933209036731
61,"CV2",3,1,NA,"Group_adjusted","M1","ABR33",27,0.587607020979547,0.554761941046162,6.01997175955928,7.19138011118142
61,"CV2",3,1,NA,"Group_adjusted","M1","JKI",24,0.899948986763196,0.92663064039936,2.99079313311539,6.15897333780919
62,"CV2",3,2,NA,"Group_adjusted","M1","ABR33",26,0.788102333568693,0.846517240048018,5.93957797187227,8.18307882251038
62,"CV2",3,2,NA,"Group_adjusted","M1","JKI",26,0.607726090323314,0.650200444761647,4.37916918977967,5.17238350460318
63,"CV2",3,3,NA,"Group_adjusted","M1","ABR33",22,0.797222371689818,0.692155828185668,7.01860495202933,9.81186382815719
63,"CV2",3,3,NA,"Group_adjusted","M1","JKI",31,0.677129354964684,0.758361767630176,4.27071299179792,5.14177471520276
64,"CV2",3,4,NA,"Group_adjusted","M1","ABR33",27,0.761472255801352,0.807318917108794,6.4840185914717,8.16387213577785
64,"CV2",3,4,NA,"Group_adjusted","M1","JKI",25,0.737687732832602,0.81532549896532,3.34970873622037,4.90216916558489
65,"CV2",3,5,NA,"Group_adjusted","M1","ABR33",22,0.641247592181317,0.66951940554228,6.97598103248041,8.46102637874845
65,"CV2",3,5,NA,"Group_adjusted","M1","JKI",18,0.67407537181658,0.759920262637198,4.41913553303439,5.25500721341972
66,"CV2",4,1,NA,"Group_adjusted","M1","ABR33",21,0.661794057336566,0.764127086559803,8.04411106834993,9.6779712332802
66,"CV2",4,1,NA,"Group_adjusted","M1","JKI",26,0.794771778118725,0.831238752779072,3.3435363254985,5.25065587017375
67,"CV2",4,2,NA,"Group_adjusted","M1","ABR33",24,0.741048114327112,0.691038054377459,5.74639655016067,7.51428450918639
67,"CV2",4,2,NA,"Group_adjusted","M1","JKI",35,0.775064614854977,0.795386072337727,4.02966864154729,6.12261781157386
68,"CV2",4,3,NA,"Group_adjusted","M1","ABR33",27,0.776086408585957,0.797967945116935,7.92793101884063,10.6306323355738
68,"CV2",4,3,NA,"Group_adjusted","M1","JKI",18,0.566648035986324,0.710793877184128,4.31612670518684,3.79378281921966
69,"CV2",4,4,NA,"Group_adjusted","M1","ABR33",35,0.70187246723395,0.723167706185957,5.28344985062437,7.02815096545326
69,"CV2",4,4,NA,"Group_adjusted","M1","JKI",19,0.707250429563365,0.777301548090268,4.6179279074245,4.78953258726925
70,"CV2",4,5,NA,"Group_adjusted","M1","ABR33",17,0.698708819164849,0.72775086501028,4.64236252566483,5.80880253878581
70,"CV2",4,5,NA,"Group_adjusted","M1","JKI",26,0.76084987062697,0.824569910838297,3.65638022360069,5.54957711226498
71,"CV2",5,1,NA,"Group_adjusted","M1","ABR33",19,0.751889316130453,0.645955172906004,6.12309097375326,8.21014373358507
71,"CV2",5,1,NA,"Group_adjusted","M1","JKI",34,0.644329362937294,0.741841839668404,4.59235746810448,5.32868875284539
72,"CV2",5,2,NA,"Group_adjusted","M1","ABR33",35,0.741355231524575,0.751036457750578,6.01627492645992,7.64881452186666
72,"CV2",5,2,NA,"Group_adjusted","M1","JKI",27,0.765942773966181,0.782323524139706,3.88248204079847,5.93925707514559
73,"CV2",5,3,NA,"Group_adjusted","M1","ABR33",26,0.592352158315264,0.804720767504427,5.55057175965716,6.6779067181593
73,"CV2",5,3,NA,"Group_adjusted","M1","JKI",22,0.733294412607414,0.787557468264565,3.5479735769776,4.81451896432198
74,"CV2",5,4,NA,"Group_adjusted","M1","ABR33",21,0.529846220149816,0.48873948324284,6.85063517884713,7.68429882209995
74,"CV2",5,4,NA,"Group_adjusted","M1","JKI",26,0.746160008776939,0.813550833709938,3.58304888788707,5.29267419964227
75,"CV2",5,5,NA,"Group_adjusted","M1","ABR33",23,0.866539224731633,0.770973720087972,8.55113359823081,11.2533239251042
75,"CV2",5,5,NA,"Group_adjusted","M1","JKI",15,0.777796334588562,0.856771211231116,3.81150969509476,5.6402968433933
76,"CV2",6,1,NA,"Group_adjusted","M1","ABR33",23,0.799520457793586,0.823487522508177,5.36138747825004,7.61869507882359
76,"CV2",6,1,NA,"Group_adjusted","M1","JKI",25,0.771856665754298,0.818652725089825,3.68770160814979,5.45409584507472
77,"CV2",6,2,NA,"Group_adjusted","M1","ABR33",21,0.636872171534376,0.62820692017968,6.33739647410175,7.55907360295129
77,"CV2",6,2,NA,"Group_adjusted","M1","JKI",30,0.732876534337928,0.808309728391225,4.79415305263863,5.65118469425943
78,"CV2",6,3,NA,"Group_adjusted","M1","ABR33",29,0.779672319335765,0.810514134191749,6.50657987689887,8.65502763087692
78,"CV2",6,3,NA,"Group_adjusted","M1","JKI",20,0.849789879432454,0.888939882384633,2.43666819713514,4.50380183824527
79,"CV2",6,4,NA,"Group_adjusted","M1","ABR33",33,0.662865465952114,0.503379777667952,6.85039809046232,8.65208984839156
79,"CV2",6,4,NA,"Group_adjusted","M1","JKI",21,0.551438640492707,0.702499840297521,4.16401710812285,4.62655619627547
80,"CV2",6,5,NA,"Group_adjusted","M1","ABR33",18,0.769717842323125,0.83679076466921,7.14278473767977,8.8866205329126
80,"CV2",6,5,NA,"Group_adjusted","M1","JKI",28,0.755980759168038,0.763484451167785,4.01420925487866,6.12014762790996
81,"CV2",7,1,NA,"Group_adjusted","M1","ABR33",28,0.761975748962031,0.833391704535887,5.99691794786154,8.32050082398465
81,"CV2",7,1,NA,"Group_adjusted","M1","JKI",26,0.724860332653879,0.764694564058805,3.67685827965365,4.34047903937363
82,"CV2",7,2,NA,"Group_adjusted","M1","ABR33",22,0.810824205519583,0.735500827996194,7.52474366887683,9.7540285800585
82,"CV2",7,2,NA,"Group_adjusted","M1","JKI",25,0.716829172469368,0.828361200574789,4.25895296795494,5.81056181631473
83,"CV2",7,3,NA,"Group_adjusted","M1","ABR33",20,0.533759616369395,0.453559697605139,7.47961573736595,8.58451118545485
83,"CV2",7,3,NA,"Group_adjusted","M1","JKI",28,0.75409203949161,0.805771767687043,3.98481957472685,5.82606791689506
84,"CV2",7,4,NA,"Group_adjusted","M1","ABR33",29,0.731261634774465,0.817939084912972,5.95044643808143,7.72316730741936
84,"CV2",7,4,NA,"Group_adjusted","M1","JKI",22,0.733147874358101,0.799312819019395,3.85496340682957,5.6890791756346
85,"CV2",7,5,NA,"Group_adjusted","M1","ABR33",25,0.697869642092454,0.70943542391846,5.66520217845168,7.25654926881907
85,"CV2",7,5,NA,"Group_adjusted","M1","JKI",23,0.774178399363461,0.809466486069715,3.71797079447044,5.60037569014222
86,"CV2",8,1,NA,"Group_adjusted","M1","ABR33",21,0.786655038413642,0.823270606254011,7.21431845307264,9.11263571357595
86,"CV2",8,1,NA,"Group_adjusted","M1","JKI",23,0.855844002133952,0.822230766082842,3.00200219472358,5.65385595931535
87,"CV2",8,2,NA,"Group_adjusted","M1","ABR33",31,0.71649575642223,0.729624879419989,6.04497968405048,7.88459750950849
87,"CV2",8,2,NA,"Group_adjusted","M1","JKI",22,0.641032626658557,0.77422578042627,4.28940269089491,5.03888343367656
88,"CV2",8,3,NA,"Group_adjusted","M1","ABR33",26,0.749799856161684,0.801014493402088,6.65181965387628,8.64223173273025
88,"CV2",8,3,NA,"Group_adjusted","M1","JKI",23,0.684946075901523,0.792702741784467,4.01837442892564,5.16080355729699
89,"CV2",8,4,NA,"Group_adjusted","M1","ABR33",24,0.584452299487481,0.693761951756017,5.0778384485092,6.11865936157559
89,"CV2",8,4,NA,"Group_adjusted","M1","JKI",34,0.800678810442311,0.82500923441615,3.3939001709686,5.70949594166641
90,"CV2",8,5,NA,"Group_adjusted","M1","ABR33",22,0.76048580888176,0.64895991368171,7.32891985426871,9.7577638968874
90,"CV2",8,5,NA,"Group_adjusted","M1","JKI",22,0.565768116656442,0.617736041076002,4.83030802675225,5.19518387152891
91,"CV2",9,1,NA,"Group_adjusted","M1","ABR33",28,0.721329113502372,0.659150211358214,7.50283199134741,9.54715284446304
91,"CV2",9,1,NA,"Group_adjusted","M1","JKI",22,0.668215853906709,0.797654421776729,3.61361917578376,4.85480978583155
92,"CV2",9,2,NA,"Group_adjusted","M1","ABR33",16,0.691032282304513,0.61687151161378,7.51708850169624,9.44886023663409
92,"CV2",9,2,NA,"Group_adjusted","M1","JKI",34,0.623033963924059,0.711198977976677,4.79182535748854,5.55108563808951
93,"CV2",9,3,NA,"Group_adjusted","M1","ABR33",19,0.790387849273833,0.932053898942369,4.67561449818251,6.83808525023698
93,"CV2",9,3,NA,"Group_adjusted","M1","JKI",24,0.799061172819365,0.815411071755639,4.20702151892089,6.568828797761
94,"CV2",9,4,NA,"Group_adjusted","M1","ABR33",33,0.735551936767209,0.81926991634548,6.61011523650334,8.42653834687966
94,"CV2",9,4,NA,"Group_adjusted","M1","JKI",27,0.794982016794046,0.857139095865255,3.24226618277807,5.0884633225809
95,"CV2",9,5,NA,"Group_adjusted","M1","ABR33",28,0.631827087582589,0.438618444534212,6.10432610874521,7.4718417282037
95,"CV2",9,5,NA,"Group_adjusted","M1","JKI",17,0.698905634050337,0.869445746573251,3.15745668823459,4.52839913097889
96,"CV2",10,1,NA,"Group_adjusted","M1","ABR33",16,0.738813915176248,0.531674843491407,7.81143926324679,9.44310468653878
96,"CV2",10,1,NA,"Group_adjusted","M1","JKI",31,0.735995183058847,0.763112602570324,3.7251369716869,5.6028977159593
97,"CV2",10,2,NA,"Group_adjusted","M1","ABR33",21,0.701812152051876,0.672360788587191,5.40599422009387,7.86775842563216
97,"CV2",10,2,NA,"Group_adjusted","M1","JKI",25,0.740717100034141,0.79021353552855,4.08163200261247,6.09019322661132
98,"CV2",10,3,NA,"Group_adjusted","M1","ABR33",31,0.817865966878506,0.743166363020534,5.76820794371887,7.71755827185894
98,"CV2",10,3,NA,"Group_adjusted","M1","JKI",22,0.628914232664049,0.746839084677132,3.78818070362263,4.8182375543948
99,"CV2",10,4,NA,"Group_adjusted","M1","ABR33",27,0.485825881814201,0.695175606948406,6.95569747687245,7.94962888491304
99,"CV2",10,4,NA,"Group_adjusted","M1","JKI",26,0.703706684347372,0.782916326361455,3.98180097302008,5.30404534269199
100,"CV2",10,5,NA,"Group_adjusted","M1","ABR33",29,0.774389318216682,0.852546954534947,7.11991326541368,9.43352060874637
100,"CV2",10,5,NA,"Group_adjusted","M1","JKI",20,0.724427836000705,0.790173159854471,3.9365480935099,5.09221389065606
101,"Sparse25",1,1,0,"Group_adjusted","M1","ABR33",100,0.337129348959667,0.421064452466123,8.40048733088682,8.59175837670499
101,"Sparse25",1,1,0,"Group_adjusted","M1","JKI",99,0.345625904348667,0.557270307019744,5.0457947272704,5.30155144628945
102,"Sparse25",2,1,0,"Group_adjusted","M1","ABR33",100,0.306546928814251,0.485943870841528,7.94290240906081,8.14878348138324
102,"Sparse25",2,1,0,"Group_adjusted","M1","JKI",99,0.315282000846228,0.556243883494321,5.24693577288482,5.47463534941267
103,"Sparse25",3,1,0,"Group_adjusted","M1","ABR33",100,0.306853349101564,0.484601106360645,8.39908281903926,8.58771622716717
103,"Sparse25",3,1,0,"Group_adjusted","M1","JKI",99,0.386136651116271,0.535292855230869,4.99808758070577,5.25248463853448
104,"Sparse25",4,1,0,"Group_adjusted","M1","ABR33",100,0.438587375117539,0.513835327168505,8.2403039580941,8.4962518228826
104,"Sparse25",4,1,0,"Group_adjusted","M1","JKI",99,0.371677923545053,0.476909269897876,5.38321154521913,5.69039654739745
105,"Sparse25",5,1,0,"Group_adjusted","M1","ABR33",100,0.275862694972672,0.388593768789089,8.39348034618148,8.53866942225539
105,"Sparse25",5,1,0,"Group_adjusted","M1","JKI",99,0.388619786301145,0.530537877225262,5.15851915449398,5.46681426126808
106,"Sparse25",6,1,0,"Group_adjusted","M1","ABR33",100,0.387353717653836,0.509319904256433,8.70928624714435,8.92473199841051
106,"Sparse25",6,1,0,"Group_adjusted","M1","JKI",99,0.309245080178923,0.466510240394449,5.4070451177914,5.57982033922702
107,"Sparse25",7,1,0,"Group_adjusted","M1","ABR33",100,0.235266466951996,0.399904033746917,8.61506879186705,8.73639440521187
107,"Sparse25",7,1,0,"Group_adjusted","M1","JKI",99,0.383304675052121,0.553884331547579,5.29780128976377,5.63088225554191
108,"Sparse25",8,1,0,"Group_adjusted","M1","ABR33",100,0.307640563942622,0.521541456751935,8.30088523226096,8.48320376674945
108,"Sparse25",8,1,0,"Group_adjusted","M1","JKI",99,0.275669112134452,0.459240451838722,5.46240598213062,5.65747645385731
109,"Sparse25",9,1,0,"Group_adjusted","M1","ABR33",100,0.38524773719797,0.52654446163582,8.48387501909607,8.71263926270175
109,"Sparse25",9,1,0,"Group_adjusted","M1","JKI",99,0.346925809776244,0.546080450867926,5.22620006022255,5.45147127817953
110,"Sparse25",10,1,0,"Group_adjusted","M1","ABR33",100,0.28003628876587,0.39513241355684,10.4518514117574,10.5494896824621
110,"Sparse25",10,1,0,"Group_adjusted","M1","JKI",99,0.298391317966144,0.483050463590692,5.5305714115962,5.76808624639244
111,"Sparse25",1,1,5,"Group_adjusted","M1","ABR33",100,0.294174206464482,0.569904895155097,8.28839045399355,8.44915704482781
111,"Sparse25",1,1,5,"Group_adjusted","M1","JKI",99,0.360605000882298,0.307044906369087,6.02804998587833,6.32859958383867
112,"Sparse25",2,1,5,"Group_adjusted","M1","ABR33",100,0.298851167377647,0.428479383909049,8.60622290814597,8.80459909106034
112,"Sparse25",2,1,5,"Group_adjusted","M1","JKI",99,0.306017434624428,0.459943469635648,5.64803058581515,5.89822115777206
113,"Sparse25",3,1,5,"Group_adjusted","M1","ABR33",100,0.323368796264679,0.394369324691881,10.0804231285475,10.2072887999669
113,"Sparse25",3,1,5,"Group_adjusted","M1","JKI",99,0.179439087349826,0.501479178924226,5.59333044450155,5.67889595254234
114,"Sparse25",4,1,5,"Group_adjusted","M1","ABR33",100,0.364287775939956,0.458860055922059,8.27622376022305,8.43332090834891
114,"Sparse25",4,1,5,"Group_adjusted","M1","JKI",99,0.428399055507838,0.522754067600743,5.3376481127974,5.70112911848774
115,"Sparse25",5,1,5,"Group_adjusted","M1","ABR33",100,0.35007218723592,0.365994352125658,9.24526767377241,9.53335024544803
115,"Sparse25",5,1,5,"Group_adjusted","M1","JKI",99,0.280829239900984,0.435503579336509,5.3366833074535,5.51793442569609
116,"Sparse25",6,1,5,"Group_adjusted","M1","ABR33",100,0.334182553786923,0.51438135050299,8.69531458613556,8.85791371704923
116,"Sparse25",6,1,5,"Group_adjusted","M1","JKI",99,0.372473706583637,0.530747823266256,5.52001101140757,5.8235717639786
117,"Sparse25",7,1,5,"Group_adjusted","M1","ABR33",100,0.215121133357185,0.51632619852056,8.49892630734779,8.62448525916763
117,"Sparse25",7,1,5,"Group_adjusted","M1","JKI",99,0.301075585942587,0.487591231043015,5.43876006620334,5.64757332016001
118,"Sparse25",8,1,5,"Group_adjusted","M1","ABR33",100,0.321617293023013,0.534662095411966,8.42382680874777,8.5832679519157
118,"Sparse25",8,1,5,"Group_adjusted","M1","JKI",99,0.242416902249056,0.52943793219561,5.3642471014013,5.47914903539549
119,"Sparse25",9,1,5,"Group_adjusted","M1","ABR33",100,0.337765551709645,0.465651937610008,8.91551387900627,9.07187123370469
119,"Sparse25",9,1,5,"Group_adjusted","M1","JKI",99,0.175812637064988,0.486672334300415,5.36656862119655,5.43494342825978
120,"Sparse25",10,1,5,"Group_adjusted","M1","ABR33",100,0.354169345278847,0.459525136611178,8.14825037322074,8.38816111359791
120,"Sparse25",10,1,5,"Group_adjusted","M1","JKI",99,0.311169315087481,0.488074913953275,5.40390642928291,5.59190577271666
121,"Sparse25",1,1,10,"Group_adjusted","M1","ABR33",100,0.205680747462538,0.440916213534459,8.85017846584681,8.98445019358592
121,"Sparse25",1,1,10,"Group_adjusted","M1","JKI",99,0.290409865153509,0.459354044149862,5.53083416460328,5.74935772691124
122,"Sparse25",2,1,10,"Group_adjusted","M1","ABR33",100,0.395321453878593,0.476753499731192,8.03394166587142,8.27720917004972
122,"Sparse25",2,1,10,"Group_adjusted","M1","JKI",99,0.323516465803914,0.517945514789197,5.21287085045174,5.46093690142423
123,"Sparse25",3,1,10,"Group_adjusted","M1","ABR33",100,0.323515808396696,0.45163364085439,8.44293399467497,8.66524150517186
123,"Sparse25",3,1,10,"Group_adjusted","M1","JKI",99,0.250334346130269,0.546869175826419,5.05818392457041,5.16941590058268
124,"Sparse25",4,1,10,"Group_adjusted","M1","ABR33",100,0.254369509623379,0.441501596944476,8.29081175010503,8.43767924825668
124,"Sparse25",4,1,10,"Group_adjusted","M1","JKI",99,0.217897278865876,0.480676683581173,5.22135975701909,5.34981746550252
125,"Sparse25",5,1,10,"Group_adjusted","M1","ABR33",100,0.252703422776905,0.487326181446038,8.73776530335646,8.94596729704327
125,"Sparse25",5,1,10,"Group_adjusted","M1","JKI",99,0.281549253420799,0.467845115425309,5.46406803261695,5.63889380446106
126,"Sparse25",6,1,10,"Group_adjusted","M1","ABR33",100,0.344725398194269,0.469718514576244,9.15496159521572,9.2909846476801
126,"Sparse25",6,1,10,"Group_adjusted","M1","JKI",99,0.259782058783918,0.52241808688803,5.83813066788256,5.96022502115465
127,"Sparse25",7,1,10,"Group_adjusted","M1","ABR33",100,0.182170576644028,0.520334998050011,9.54873984077236,9.59219310025229
127,"Sparse25",7,1,10,"Group_adjusted","M1","JKI",99,0.184506584225874,0.516064944827139,5.72436134390933,5.85423331992725
128,"Sparse25",8,1,10,"Group_adjusted","M1","ABR33",100,0.353030239859364,0.588880129272156,8.55756920204317,8.77272796864338
128,"Sparse25",8,1,10,"Group_adjusted","M1","JKI",99,0.264267498039683,0.4559265769689,5.42226727315419,5.59718584786013
129,"Sparse25",9,1,10,"Group_adjusted","M1","ABR33",100,0.149198614775482,0.492968789953369,8.75909800737984,8.83005494011936
129,"Sparse25",9,1,10,"Group_adjusted","M1","JKI",99,0.17548250887424,0.392328551542445,5.8511187318942,5.87104683761959
130,"Sparse25",10,1,10,"Group_adjusted","M1","ABR33",100,0.14811103259789,0.430324479549816,8.40506415146049,8.46569743368288
130,"Sparse25",10,1,10,"Group_adjusted","M1","JKI",99,0.2309321938654,0.286022026307113,6.11824582704912,6.29417548809544
131,"Sparse25",1,1,15,"Group_adjusted","M1","ABR33",100,0.196230906901415,0.417809214082007,8.78230528137818,8.85319767165418
131,"Sparse25",1,1,15,"Group_adjusted","M1","JKI",99,0.272639300470968,0.425231138442771,5.56643607524806,5.73670043928638
132,"Sparse25",2,1,15,"Group_adjusted","M1","ABR33",100,0.203650743345982,0.43232894997212,8.52883115075426,8.63826428313386
132,"Sparse25",2,1,15,"Group_adjusted","M1","JKI",99,0.0638528496926835,0.437900994377273,5.70991003486183,5.61421940236585
133,"Sparse25",3,1,15,"Group_adjusted","M1","ABR33",100,0.199539596376269,0.438644447203649,8.23737411131773,8.30742921087736
133,"Sparse25",3,1,15,"Group_adjusted","M1","JKI",99,0.278118223322073,0.404175344253989,5.79604828699821,5.93929389787319
134,"Sparse25",4,1,15,"Group_adjusted","M1","ABR33",100,0.301288336531853,0.421371353312231,8.55000659701227,8.72864418624303
134,"Sparse25",4,1,15,"Group_adjusted","M1","JKI",99,0.259729341922272,0.509964440705003,5.18886750537734,5.38138691058193
135,"Sparse25",5,1,15,"Group_adjusted","M1","ABR33",100,0.201667998193146,0.475249011759013,8.53665706367191,8.65003599306654
135,"Sparse25",5,1,15,"Group_adjusted","M1","JKI",99,0.134909101490711,0.470623779896696,5.99284919634567,6.00807122989454
136,"Sparse25",6,1,15,"Group_adjusted","M1","ABR33",100,0.348943801002616,0.47176243615694,8.39158290946959,8.56511108305551
136,"Sparse25",6,1,15,"Group_adjusted","M1","JKI",99,0.136138164741436,0.466494546956189,5.51452006085923,5.50776463985808
137,"Sparse25",7,1,15,"Group_adjusted","M1","ABR33",100,0.214006104416445,0.439270167271234,8.58911451799708,8.80984900985972
137,"Sparse25",7,1,15,"Group_adjusted","M1","JKI",99,0.108554048833601,0.461706689003531,5.64075205482235,5.61832578469238
138,"Sparse25",8,1,15,"Group_adjusted","M1","ABR33",100,0.329542568104545,0.496881853406177,8.86334822907508,8.96799901430073
138,"Sparse25",8,1,15,"Group_adjusted","M1","JKI",99,0.270176646655512,0.549186739244429,5.44095670659698,5.61204479602532
139,"Sparse25",9,1,15,"Group_adjusted","M1","ABR33",100,0.251288393673861,0.451413922891199,8.52102616619101,8.63460227515088
139,"Sparse25",9,1,15,"Group_adjusted","M1","JKI",99,0.305156059002831,0.595240533316339,5.14015498839011,5.31126678610602
140,"Sparse25",10,1,15,"Group_adjusted","M1","ABR33",100,0.259886330021335,0.459770919619965,8.58595715235399,8.68369693041982
140,"Sparse25",10,1,15,"Group_adjusted","M1","JKI",99,0.105693834493541,0.337600328349968,5.64853684462707,5.65556157367313
141,"Sparse25",1,1,20,"Group_adjusted","M1","ABR33",100,0.0524532333949722,0.390171146333361,8.65349120005563,8.63316710530329
141,"Sparse25",1,1,20,"Group_adjusted","M1","JKI",99,0.156227827672389,0.453162932981157,5.52966569985338,5.49148468654445
142,"Sparse25",2,1,20,"Group_adjusted","M1","ABR33",100,0.269667480705057,0.470431751504148,8.59942619672541,8.89091961154475
142,"Sparse25",2,1,20,"Group_adjusted","M1","JKI",99,0.125548497584772,0.498566094537917,5.27658354832533,5.338823529508
143,"Sparse25",3,1,20,"Group_adjusted","M1","ABR33",100,0.160614468932555,0.410445982096098,9.50000114358444,9.68355615424094
143,"Sparse25",3,1,20,"Group_adjusted","M1","JKI",99,0.218123072649239,0.489861048951158,5.33922082312739,5.34608035859164
144,"Sparse25",4,1,20,"Group_adjusted","M1","ABR33",100,0.261304359185794,0.27690737752489,9.93024530772986,10.2035297746193
144,"Sparse25",4,1,20,"Group_adjusted","M1","JKI",99,-0.0819894219848238,0.481504142477848,5.41969893226484,5.39623979240534
145,"Sparse25",5,1,20,"Group_adjusted","M1","ABR33",100,0.201750440773918,0.430490477750052,8.89943264188221,8.9530399827432
145,"Sparse25",5,1,20,"Group_adjusted","M1","JKI",99,0.212272808692152,0.458246187074248,5.42838421656503,5.48779145101941
146,"Sparse25",6,1,20,"Group_adjusted","M1","ABR33",100,0.113579359930489,0.417223606505897,8.68692844355288,8.72702340115674
146,"Sparse25",6,1,20,"Group_adjusted","M1","JKI",99,0.251112155474628,0.497385655249844,5.37436598564476,5.55384446066237
147,"Sparse25",7,1,20,"Group_adjusted","M1","ABR33",100,0.162650576576793,0.453712848619172,8.05365580276889,8.09909796275492
147,"Sparse25",7,1,20,"Group_adjusted","M1","JKI",99,0.11308134532117,0.443917370060229,5.40188402800168,5.43595743496727
148,"Sparse25",8,1,20,"Group_adjusted","M1","ABR33",100,0.096467494349093,0.377630642814033,8.53409634396383,8.54697089181532
148,"Sparse25",8,1,20,"Group_adjusted","M1","JKI",99,0.132448913707712,0.301561470887923,5.79402303156272,5.84511681823852
149,"Sparse25",9,1,20,"Group_adjusted","M1","ABR33",100,0.243920495585788,0.471370377763047,8.13946900444073,8.25000753927292
149,"Sparse25",9,1,20,"Group_adjusted","M1","JKI",99,0.0984130346853707,0.507339469237142,5.46659181864016,5.44182640948261
150,"Sparse25",10,1,20,"Group_adjusted","M1","ABR33",100,0.26032597790132,0.495018997156267,9.22798635204113,9.35987967481403
150,"Sparse25",10,1,20,"Group_adjusted","M1","JKI",99,0.103699625047106,0.50027271358225,5.636495322012,5.66251029073364
151,"Sparse25",1,1,25,"Group_adjusted","M1","ABR33",100,NA,0.502042472160199,8.17440902967899,8.19133746761789
151,"Sparse25",1,1,25,"Group_adjusted","M1","JKI",99,NA,0.416170119008716,5.53616202686521,5.52951147563257
152,"Sparse25",2,1,25,"Group_adjusted","M1","ABR33",100,NA,0.437821508630916,8.91439979400783,8.90536823450024
152,"Sparse25",2,1,25,"Group_adjusted","M1","JKI",99,NA,0.457595424269085,5.49264632958123,5.49941152146847
153,"Sparse25",3,1,25,"Group_adjusted","M1","ABR33",100,NA,0.382864625653191,8.84161968874799,8.84093290835833
153,"Sparse25",3,1,25,"Group_adjusted","M1","JKI",99,NA,0.443474267988391,5.53351951517188,5.54092277162478
154,"Sparse25",4,1,25,"Group_adjusted","M1","ABR33",100,NA,0.396090808314202,9.22448423590513,9.20466244605614
154,"Sparse25",4,1,25,"Group_adjusted","M1","JKI",99,NA,0.429310993611161,5.55047549449362,5.53940155100562
155,"Sparse25",5,1,25,"Group_adjusted","M1","ABR33",100,NA,0.458674263745348,7.9087544851372,7.91664936944219
155,"Sparse25",5,1,25,"Group_adjusted","M1","JKI",99,NA,0.452260933627735,5.30578572507502,5.30896254787675
156,"Sparse25",6,1,25,"Group_adjusted","M1","ABR33",100,NA,0.438793983125768,8.51945833843687,8.51638178159863
156,"Sparse25",6,1,25,"Group_adjusted","M1","JKI",99,NA,0.471958643089886,5.17492459839132,5.17482013992652
157,"Sparse25",7,1,25,"Group_adjusted","M1","ABR33",100,NA,0.438615688021098,8.68494773574284,8.69508698022222
157,"Sparse25",7,1,25,"Group_adjusted","M1","JKI",99,NA,0.442208045835559,5.58986018573229,5.58941933759453
158,"Sparse25",8,1,25,"Group_adjusted","M1","ABR33",100,NA,0.448904753050515,8.56589178458622,8.58242750484701
158,"Sparse25",8,1,25,"Group_adjusted","M1","JKI",99,NA,0.532506360076466,5.53886137275657,5.55339441896235
159,"Sparse25",9,1,25,"Group_adjusted","M1","ABR33",100,NA,0.461805357194016,9.50101150567514,9.5365302777335
159,"Sparse25",9,1,25,"Group_adjusted","M1","JKI",99,NA,0.309907194297687,6.47330474931688,6.50320940498171
160,"Sparse25",10,1,25,"Group_adjusted","M1","ABR33",100,NA,0.440545818339484,8.19787362918535,8.19560446284842
160,"Sparse25",10,1,25,"Group_adjusted","M1","JKI",99,NA,0.458137547821633,5.33357769691077,5.34220659625768
1,"CV1",1,1,NA,"Group_adjusted","M2","ABR33",25,0.431044882976627,0.621651553806236,6.74376379986008,7.08235546668907
1,"CV1",1,1,NA,"Group_adjusted","M2","JKI",25,0.407308523820033,0.656000034567765,4.31606063112583,4.59781480836246
2,"CV1",1,2,NA,"Group_adjusted","M2","ABR33",25,0.601050556298999,0.787588123582372,10.6443070144466,11.2260736282404
2,"CV1",1,2,NA,"Group_adjusted","M2","JKI",25,0.569181059128824,0.724731882111673,6.31876240197718,6.89655550778033
3,"CV1",1,3,NA,"Group_adjusted","M2","ABR33",25,0.169779614910563,0.418666864771568,7.84041718442873,8.11673585806814
3,"CV1",1,3,NA,"Group_adjusted","M2","JKI",25,0.275951354143315,0.594234013237905,4.83078673934771,5.12964506521861
4,"CV1",1,4,NA,"Group_adjusted","M2","ABR33",25,0.159722363153139,0.282741961815675,7.90555929715996,7.9889065160331
4,"CV1",1,4,NA,"Group_adjusted","M2","JKI",25,0.215142121577337,0.216741385381095,6.28053871017484,6.36216765461528
5,"CV1",1,5,NA,"Group_adjusted","M2","ABR33",25,0.503740009130896,0.413182800751771,8.00532600412157,8.44164385154013
5,"CV1",1,5,NA,"Group_adjusted","M2","JKI",24,0.462549771216017,0.608604656036798,4.41825947263463,4.74826377219697
6,"CV1",2,1,NA,"Group_adjusted","M2","ABR33",25,0.503324626058718,0.597513445335502,8.23413905407415,8.71120528695896
6,"CV1",2,1,NA,"Group_adjusted","M2","JKI",25,0.653456019650143,0.653689515352485,5.38838184886458,6.04122950320428
7,"CV1",2,2,NA,"Group_adjusted","M2","ABR33",25,0.463170701937039,0.558732683882847,8.41532298647432,8.80463683541498
7,"CV1",2,2,NA,"Group_adjusted","M2","JKI",24,0.357782250269866,0.437189086456155,6.24835726337298,6.51494022801869
8,"CV1",2,3,NA,"Group_adjusted","M2","ABR33",25,0.434688567065831,0.680411580641702,6.54499868400524,6.92266295123646
8,"CV1",2,3,NA,"Group_adjusted","M2","JKI",25,0.206197233466002,0.851903512795987,3.98617107605057,3.97789285925035
9,"CV1",2,4,NA,"Group_adjusted","M2","ABR33",25,0.434279934618414,0.205508974144672,9.63540852381028,10.0096724846003
9,"CV1",2,4,NA,"Group_adjusted","M2","JKI",25,0.442505937221336,0.353771586163102,4.36380770364819,4.69759932235202
10,"CV1",2,5,NA,"Group_adjusted","M2","ABR33",25,0.317113852596,0.560700136791903,6.93663424436941,7.11198643601265
10,"CV1",2,5,NA,"Group_adjusted","M2","JKI",25,0.592178332009767,0.573595545412596,5.55676058414894,5.9374577999786
11,"CV1",3,1,NA,"Group_adjusted","M2","ABR33",25,0.241587780585169,0.503167278804703,7.4450911295301,7.61410910095224
11,"CV1",3,1,NA,"Group_adjusted","M2","JKI",24,0.226505234766743,0.372100325527079,4.68118234223888,4.75885214308749
12,"CV1",3,2,NA,"Group_adjusted","M2","ABR33",25,0.434810445393162,0.214161433373863,8.03420520957265,8.50759858402998
12,"CV1",3,2,NA,"Group_adjusted","M2","JKI",25,0.566038614329338,0.378949740609429,4.57856444604727,5.14045991575781
13,"CV1",3,3,NA,"Group_adjusted","M2","ABR33",25,0.409054119566677,0.679096884017667,10.0830550283805,10.5677761168277
13,"CV1",3,3,NA,"Group_adjusted","M2","JKI",25,0.325823357335357,0.695171244244643,6.1597917306585,6.55544313657044
14,"CV1",3,4,NA,"Group_adjusted","M2","ABR33",25,0.417238985368956,0.541930316067582,7.86974573953212,8.26946820863878
14,"CV1",3,4,NA,"Group_adjusted","M2","JKI",25,0.562484601634726,0.655336057401693,4.95321303858198,5.39842471092364
15,"CV1",3,5,NA,"Group_adjusted","M2","ABR33",25,0.451430597118863,0.645365160478247,6.65388133058774,7.08135963230573
15,"CV1",3,5,NA,"Group_adjusted","M2","JKI",25,0.390658514113081,0.463415691642434,5.34759233876208,5.67953956314829
16,"CV1",4,1,NA,"Group_adjusted","M2","ABR33",25,0.522059458898325,0.589629475850783,7.38713264315228,7.82419432598152
16,"CV1",4,1,NA,"Group_adjusted","M2","JKI",24,0.353799654674035,0.431331741062787,5.83667677206656,6.11986402110687
17,"CV1",4,2,NA,"Group_adjusted","M2","ABR33",25,0.373703765142869,0.714903731093472,7.45536991344992,7.87384668906879
17,"CV1",4,2,NA,"Group_adjusted","M2","JKI",25,0.493751724413001,0.743698624515871,4.1661740464851,4.69342314290318
18,"CV1",4,3,NA,"Group_adjusted","M2","ABR33",25,0.105192859987985,0.284636172833501,9.17843233225278,9.2349396368019
18,"CV1",4,3,NA,"Group_adjusted","M2","JKI",25,0.231692543272981,0.617128518610965,4.8219526198109,4.96076689949064
19,"CV1",4,4,NA,"Group_adjusted","M2","ABR33",25,0.509031139481267,0.518683587499738,8.15457161435097,8.55620931075927
19,"CV1",4,4,NA,"Group_adjusted","M2","JKI",25,0.547260511925953,0.432261767909218,5.6241757800254,6.08770347297007
20,"CV1",4,5,NA,"Group_adjusted","M2","ABR33",25,0.523683328909314,0.520733677751557,7.76772593651657,8.11922935277498
20,"CV1",4,5,NA,"Group_adjusted","M2","JKI",25,0.594458741331614,0.583866115496964,4.50339481825357,4.90589773050523
21,"CV1",5,1,NA,"Group_adjusted","M2","ABR33",25,0.283529758223521,0.316096651161384,8.44489958728689,8.67325526377484
21,"CV1",5,1,NA,"Group_adjusted","M2","JKI",25,0.201047975760158,0.539820499608,4.72967597194419,4.8301665583431
22,"CV1",5,2,NA,"Group_adjusted","M2","ABR33",25,0.558762186202189,0.738672810405557,6.85006683487484,7.32195946232316
22,"CV1",5,2,NA,"Group_adjusted","M2","JKI",25,0.636196551059189,0.691861488658992,5.25823784427557,5.82343845502207
23,"CV1",5,3,NA,"Group_adjusted","M2","ABR33",25,0.352091947569628,0.578224360776874,6.15876918802713,6.48578436768409
23,"CV1",5,3,NA,"Group_adjusted","M2","JKI",25,0.4936146883932,0.561141093940827,5.34292613435269,5.82555786636006
24,"CV1",5,4,NA,"Group_adjusted","M2","ABR33",25,0.49012526690318,0.670589849212493,7.45499480529214,7.91674822970591
24,"CV1",5,4,NA,"Group_adjusted","M2","JKI",25,0.58902919290535,0.661933853043213,3.84887405223473,4.41410961305986
25,"CV1",5,5,NA,"Group_adjusted","M2","ABR33",25,0.383060393369556,0.37225529751741,10.2504475905088,10.6223600025883
25,"CV1",5,5,NA,"Group_adjusted","M2","JKI",24,0.168755219574089,0.407800904831045,5.59339610878706,5.69309448696229
26,"CV1",6,1,NA,"Group_adjusted","M2","ABR33",25,0.403314890524893,0.589693904352924,9.71444230432048,10.1674267020611
26,"CV1",6,1,NA,"Group_adjusted","M2","JKI",25,0.457014885789095,0.706251062495257,4.94648320015405,5.39019782245326
27,"CV1",6,2,NA,"Group_adjusted","M2","ABR33",25,0.419543419465988,0.534289089824442,7.12092600698094,7.50918431609264
27,"CV1",6,2,NA,"Group_adjusted","M2","JKI",25,0.50785600796758,0.660294652675488,4.50813281889606,4.96294187551696
28,"CV1",6,3,NA,"Group_adjusted","M2","ABR33",25,0.401885384704409,0.505428245349968,7.49186012301995,7.8031059395857
28,"CV1",6,3,NA,"Group_adjusted","M2","JKI",25,0.403698129684864,0.51450082020138,5.75242609733064,6.08078398063923
29,"CV1",6,4,NA,"Group_adjusted","M2","ABR33",25,0.335638085998347,0.467643811208104,7.37933596825999,7.6545987318731
29,"CV1",6,4,NA,"Group_adjusted","M2","JKI",24,0.31767602721576,0.5686839024898,4.02472670177811,4.2382414993734
30,"CV1",6,5,NA,"Group_adjusted","M2","ABR33",25,0.47650260375974,0.518833107320671,7.93251074581196,8.3221652081245
30,"CV1",6,5,NA,"Group_adjusted","M2","JKI",25,0.569924841724508,0.428321022728429,5.57297649483364,6.02837913916908
31,"CV1",7,1,NA,"Group_adjusted","M2","ABR33",25,0.360025420557892,0.378534760661169,8.25080328952142,8.57413364927318
31,"CV1",7,1,NA,"Group_adjusted","M2","JKI",25,0.468887408307394,0.360339666348269,5.98519634902287,6.40114767817425
32,"CV1",7,2,NA,"Group_adjusted","M2","ABR33",25,0.319625767488011,0.480263968939544,8.8746350584322,9.16718351523572
32,"CV1",7,2,NA,"Group_adjusted","M2","JKI",25,0.386698855018435,0.512239096091325,5.3103916838425,5.59558199077504
33,"CV1",7,3,NA,"Group_adjusted","M2","ABR33",25,0.420155285909271,0.466774245037314,8.08456027067944,8.49807949756138
33,"CV1",7,3,NA,"Group_adjusted","M2","JKI",24,0.321502659947216,0.74792969798038,4.50828565515921,4.69983177714611
34,"CV1",7,4,NA,"Group_adjusted","M2","ABR33",25,0.516893751486354,0.574488294590562,7.37995859383436,7.88393844351911
34,"CV1",7,4,NA,"Group_adjusted","M2","JKI",25,0.587804901090443,0.616405188146212,5.60760173303907,6.17268586526459
35,"CV1",7,5,NA,"Group_adjusted","M2","ABR33",25,0.486942179362314,0.751290590826984,6.96654868936418,7.28184134007361
35,"CV1",7,5,NA,"Group_adjusted","M2","JKI",25,0.302647159559439,0.466175123541423,4.1566149326364,4.32580186785348
36,"CV1",8,1,NA,"Group_adjusted","M2","ABR33",25,0.425414519176318,0.676609843835043,6.87660646620406,7.34844439976834
36,"CV1",8,1,NA,"Group_adjusted","M2","JKI",25,0.400064987661437,0.683756367093041,4.28531901702821,4.75097080318608
37,"CV1",8,2,NA,"Group_adjusted","M2","ABR33",25,0.113289451316294,0.543375716357993,8.23967461305187,8.43887131474813
37,"CV1",8,2,NA,"Group_adjusted","M2","JKI",25,0.514756694750145,0.803439351747531,4.36561115294142,4.780817375102
38,"CV1",8,3,NA,"Group_adjusted","M2","ABR33",25,0.533235519826149,0.555909383126774,9.70860417985632,10.254173171121
38,"CV1",8,3,NA,"Group_adjusted","M2","JKI",24,0.505386983685252,0.433954056802288,6.32809408555573,6.79899920613894
39,"CV1",8,4,NA,"Group_adjusted","M2","ABR33",25,0.483206439551242,0.426449211499175,7.75416711826809,8.17203555664297
39,"CV1",8,4,NA,"Group_adjusted","M2","JKI",25,0.507687323852379,0.563250291543282,4.89650316401091,5.32080075239204
40,"CV1",8,5,NA,"Group_adjusted","M2","ABR33",25,0.400927233231153,0.514999653136685,7.10239072945471,7.42790076131256
40,"CV1",8,5,NA,"Group_adjusted","M2","JKI",25,0.418433091890602,0.254540995449494,5.24979800284425,5.58199931755135
41,"CV1",9,1,NA,"Group_adjusted","M2","ABR33",25,0.648052224090885,0.444464122153472,9.3033628591473,9.84909578243666
41,"CV1",9,1,NA,"Group_adjusted","M2","JKI",25,0.663871275152204,0.691647296567784,5.50883853846571,6.0427896419557
42,"CV1",9,2,NA,"Group_adjusted","M2","ABR33",25,0.443854876985257,0.65399276166727,9.75636287856011,10.115547364231
42,"CV1",9,2,NA,"Group_adjusted","M2","JKI",25,0.47158417769426,0.75205118086223,4.88183547349961,5.23386973859642
43,"CV1",9,3,NA,"Group_adjusted","M2","ABR33",25,0.333917644210422,0.5996707292193,5.99210737148334,6.22029359179037
43,"CV1",9,3,NA,"Group_adjusted","M2","JKI",24,0.153724733281315,0.477728919866614,4.73779586729342,4.7838557942129
44,"CV1",9,4,NA,"Group_adjusted","M2","ABR33",25,0.211184860541685,0.501018314089122,7.4012595039439,7.56843723012505
44,"CV1",9,4,NA,"Group_adjusted","M2","JKI",25,0.282366186615219,0.574664604737378,4.51435325504044,4.692708017447
45,"CV1",9,5,NA,"Group_adjusted","M2","ABR33",25,0.32551187550038,0.503902741074907,7.06762519243162,7.50024815693387
45,"CV1",9,5,NA,"Group_adjusted","M2","JKI",25,0.4554578771196,0.34310590302378,5.67766352996446,6.22505547175969
46,"CV1",10,1,NA,"Group_adjusted","M2","ABR33",25,0.465564495165708,0.491751529496325,8.9227361527042,9.37379434584673
46,"CV1",10,1,NA,"Group_adjusted","M2","JKI",25,0.466246867803593,0.451428826450967,5.59650732886954,6.03892633479566
47,"CV1",10,2,NA,"Group_adjusted","M2","ABR33",25,0.467714523922657,0.4513591233717,8.59737815956691,8.96092252175247
47,"CV1",10,2,NA,"Group_adjusted","M2","JKI",25,0.644234511536391,0.612399892948277,5.01624034313066,5.51883560848047
48,"CV1",10,3,NA,"Group_adjusted","M2","ABR33",25,0.204541905553806,0.549764722574113,7.53811972996574,7.6826204601278
48,"CV1",10,3,NA,"Group_adjusted","M2","JKI",25,0.252869184658431,0.588443299259202,5.2023046533811,5.34910185943542
49,"CV1",10,4,NA,"Group_adjusted","M2","ABR33",25,0.453810821494738,0.509359010916595,7.346399747498,7.68630095123605
49,"CV1",10,4,NA,"Group_adjusted","M2","JKI",24,0.739840877028024,0.598197024688309,4.58171867629651,5.07527057018602
50,"CV1",10,5,NA,"Group_adjusted","M2","ABR33",25,0.438830197491703,0.588211424134377,7.1439719796199,7.66002584978006
50,"CV1",10,5,NA,"Group_adjusted","M2","JKI",25,0.273601299759327,0.590304483190413,4.54391146830473,4.58842221191631
51,"CV2",1,1,NA,"Group_adjusted","M2","ABR33",25,0.744800585685068,0.750712069693166,7.1635989658235,9.46473460390622
51,"CV2",1,1,NA,"Group_adjusted","M2","JKI",20,0.713172018318123,0.804457679753473,4.17609984258819,5.62840301271487
52,"CV2",1,2,NA,"Group_adjusted","M2","ABR33",28,0.604352599625937,0.770690372157442,5.85117740241358,7.09293743685696
52,"CV2",1,2,NA,"Group_adjusted","M2","JKI",26,0.729933524225357,0.77521457494772,3.87820456228247,5.15818740401701
53,"CV2",1,3,NA,"Group_adjusted","M2","ABR33",24,0.704850403631488,0.790018641796194,5.08178631559381,6.69965213884027
53,"CV2",1,3,NA,"Group_adjusted","M2","JKI",30,0.721857771434911,0.781880445481038,3.09321076542885,4.46280388935496
54,"CV2",1,4,NA,"Group_adjusted","M2","ABR33",27,0.842741053620516,0.581692975791185,7.16792863372548,9.7998134618064
54,"CV2",1,4,NA,"Group_adjusted","M2","JKI",16,0.841608240793246,0.89675576827158,3.74512973018093,7.00098135863428
55,"CV2",1,5,NA,"Group_adjusted","M2","ABR33",20,0.68977320932581,0.779164274260698,6.73452200220473,8.77995127900227
55,"CV2",1,5,NA,"Group_adjusted","M2","JKI",32,0.695816302543341,0.757437388015303,4.63287671404712,5.00590706722417
56,"CV2",2,1,NA,"Group_adjusted","M2","ABR33",23,0.867598759170206,0.894734195249315,8.35080290811078,11.7066978073045
56,"CV2",2,1,NA,"Group_adjusted","M2","JKI",24,0.714659541353337,0.753063435785551,3.05464382569601,4.46191920714464
57,"CV2",2,2,NA,"Group_adjusted","M2","ABR33",31,0.554701607023231,0.594381763859096,6.44046135577686,7.61905567511574
57,"CV2",2,2,NA,"Group_adjusted","M2","JKI",23,0.77327745154421,0.837281817574058,4.06225737943851,6.86233078193083
58,"CV2",2,3,NA,"Group_adjusted","M2","ABR33",34,0.707142828637674,0.791296341538126,4.79172132619499,6.51849133973758
58,"CV2",2,3,NA,"Group_adjusted","M2","JKI",27,0.720306272324001,0.727407826088037,4.15176925986221,5.83920968806175
59,"CV2",2,4,NA,"Group_adjusted","M2","ABR33",15,0.74901308660281,0.668938510396412,7.16008187371776,9.63458521709052
59,"CV2",2,4,NA,"Group_adjusted","M2","JKI",28,0.529109445716798,0.65251774257129,4.89196924396288,4.41710132016327
60,"CV2",2,5,NA,"Group_adjusted","M2","ABR33",21,0.643155592559725,0.711313262530113,5.25294248069748,6.54166670939714
60,"CV2",2,5,NA,"Group_adjusted","M2","JKI",22,0.894336020466535,0.932648349942216,2.73700625182397,5.39933209036731
61,"CV2",3,1,NA,"Group_adjusted","M2","ABR33",27,0.590477520740481,0.569746046880147,5.89761387928633,7.19138011118142
61,"CV2",3,1,NA,"Group_adjusted","M2","JKI",24,0.892955656648025,0.920484886154445,2.96430376952203,6.15897333780919
62,"CV2",3,2,NA,"Group_adjusted","M2","ABR33",26,0.799912644606825,0.857901615512427,5.73679176757697,8.18307882251038
62,"CV2",3,2,NA,"Group_adjusted","M2","JKI",26,0.620358328161446,0.654523704147636,4.50566246288398,5.17238350460318
63,"CV2",3,3,NA,"Group_adjusted","M2","ABR33",22,0.80530727281688,0.728179267631633,6.73258924682375,9.81186382815719
63,"CV2",3,3,NA,"Group_adjusted","M2","JKI",31,0.675656852634436,0.750448971761023,4.35330391860424,5.14177471520276
64,"CV2",3,4,NA,"Group_adjusted","M2","ABR33",27,0.775222480273837,0.824890685539971,6.28372302949895,8.16387213577785
64,"CV2",3,4,NA,"Group_adjusted","M2","JKI",25,0.754917267351012,0.826743049668753,3.2412465086281,4.90216916558489
65,"CV2",3,5,NA,"Group_adjusted","M2","ABR33",22,0.647486173870234,0.676489324239869,6.85751605717631,8.46102637874845
65,"CV2",3,5,NA,"Group_adjusted","M2","JKI",18,0.712743830589527,0.787287430031728,4.21995713020982,5.25500721341972
66,"CV2",4,1,NA,"Group_adjusted","M2","ABR33",21,0.708010170618851,0.790602150722672,7.82062403471287,9.6779712332802
66,"CV2",4,1,NA,"Group_adjusted","M2","JKI",26,0.802785183929428,0.838510022452968,3.29388413360169,5.25065587017375
67,"CV2",4,2,NA,"Group_adjusted","M2","ABR33",24,0.76444845715004,0.72148802227384,5.47690510844595,7.51428450918639
67,"CV2",4,2,NA,"Group_adjusted","M2","JKI",35,0.800116989803325,0.824162710159256,3.75884142811323,6.12261781157386
68,"CV2",4,3,NA,"Group_adjusted","M2","ABR33",27,0.767677738023303,0.79798192551577,7.83701963305048,10.6306323355738
68,"CV2",4,3,NA,"Group_adjusted","M2","JKI",18,0.604677144379892,0.729642675405094,4.39456669228268,3.79378281921966
69,"CV2",4,4,NA,"Group_adjusted","M2","ABR33",35,0.700594948748968,0.731419872301555,5.22610548640802,7.02815096545326
69,"CV2",4,4,NA,"Group_adjusted","M2","JKI",19,0.689196651122213,0.75861194203831,4.89899733013139,4.78953258726925
70,"CV2",4,5,NA,"Group_adjusted","M2","ABR33",17,0.673760759193818,0.736560077035276,4.57177832964292,5.80880253878581
70,"CV2",4,5,NA,"Group_adjusted","M2","JKI",26,0.76731795305655,0.827006009293508,3.64887383371088,5.54957711226498
71,"CV2",5,1,NA,"Group_adjusted","M2","ABR33",19,0.742663941112068,0.659273186446156,6.03028840141556,8.21014373358507
71,"CV2",5,1,NA,"Group_adjusted","M2","JKI",34,0.649331112981741,0.743558734280205,4.59942925553714,5.32868875284539
72,"CV2",5,2,NA,"Group_adjusted","M2","ABR33",35,0.742078270927073,0.765953606374892,5.82732145048076,7.64881452186666
72,"CV2",5,2,NA,"Group_adjusted","M2","JKI",27,0.774651104554846,0.796960147970464,3.76116593441209,5.93925707514559
73,"CV2",5,3,NA,"Group_adjusted","M2","ABR33",26,0.634897403792637,0.821321840372371,5.33536052078923,6.6779067181593
73,"CV2",5,3,NA,"Group_adjusted","M2","JKI",22,0.746916512077233,0.790926872177378,3.5633545255464,4.81451896432198
74,"CV2",5,4,NA,"Group_adjusted","M2","ABR33",21,0.572800027983783,0.514002671833753,6.6645745281319,7.68429882209995
74,"CV2",5,4,NA,"Group_adjusted","M2","JKI",26,0.75264733643807,0.81495900268218,3.59414599123856,5.29267419964227
75,"CV2",5,5,NA,"Group_adjusted","M2","ABR33",23,0.871203373153387,0.800519162793567,8.25454442805718,11.2533239251042
75,"CV2",5,5,NA,"Group_adjusted","M2","JKI",15,0.803330183567173,0.871523652420317,3.67188242212346,5.6402968433933
76,"CV2",6,1,NA,"Group_adjusted","M2","ABR33",23,0.789309831435154,0.825658056257388,5.30606854234906,7.61869507882359
76,"CV2",6,1,NA,"Group_adjusted","M2","JKI",25,0.782919916292439,0.827957465554073,3.68505803610368,5.45409584507472
77,"CV2",6,2,NA,"Group_adjusted","M2","ABR33",21,0.642226266344769,0.636637980411383,6.2710741003491,7.55907360295129
77,"CV2",6,2,NA,"Group_adjusted","M2","JKI",30,0.729976755547096,0.802073781489211,4.90290039296587,5.65118469425943
78,"CV2",6,3,NA,"Group_adjusted","M2","ABR33",29,0.797067974831236,0.828633548254449,6.26959102633796,8.65502763087692
78,"CV2",6,3,NA,"Group_adjusted","M2","JKI",20,0.862294715239773,0.897819492217296,2.41215774268502,4.50380183824527
79,"CV2",6,4,NA,"Group_adjusted","M2","ABR33",33,0.676426716179341,0.539702233980864,6.6347269473835,8.65208984839156
79,"CV2",6,4,NA,"Group_adjusted","M2","JKI",21,0.532917256498641,0.683069784235686,4.45836214060593,4.62655619627547
80,"CV2",6,5,NA,"Group_adjusted","M2","ABR33",18,0.789405052039538,0.842625417829379,6.97210151526743,8.8866205329126
80,"CV2",6,5,NA,"Group_adjusted","M2","JKI",28,0.811532181094924,0.81584608080577,3.60770641421383,6.12014762790996
81,"CV2",7,1,NA,"Group_adjusted","M2","ABR33",28,0.769880477902595,0.84711417050252,5.75489209474754,8.32050082398465
81,"CV2",7,1,NA,"Group_adjusted","M2","JKI",26,0.73212631155961,0.760492834546811,3.88651617996165,4.34047903937363
82,"CV2",7,2,NA,"Group_adjusted","M2","ABR33",22,0.820484034475623,0.761449159764426,7.26436605715302,9.7540285800585
82,"CV2",7,2,NA,"Group_adjusted","M2","JKI",25,0.723816313114894,0.830033806764161,4.20865512814964,5.81056181631473
83,"CV2",7,3,NA,"Group_adjusted","M2","ABR33",20,0.557665944944384,0.464838815663406,7.41959416816716,8.58451118545485
83,"CV2",7,3,NA,"Group_adjusted","M2","JKI",28,0.782999791754223,0.824978547235139,3.78305294100704,5.82606791689506
84,"CV2",7,4,NA,"Group_adjusted","M2","ABR33",29,0.743550715379436,0.824130357741428,5.80872896531742,7.72316730741936
84,"CV2",7,4,NA,"Group_adjusted","M2","JKI",22,0.745634540028889,0.807008185746834,3.78809200994517,5.6890791756346
85,"CV2",7,5,NA,"Group_adjusted","M2","ABR33",25,0.697313439692287,0.717162220842148,5.54774893988023,7.25654926881907
85,"CV2",7,5,NA,"Group_adjusted","M2","JKI",23,0.778843850832685,0.81729831430846,3.76360034596495,5.60037569014222
86,"CV2",8,1,NA,"Group_adjusted","M2","ABR33",21,0.749905041696983,0.820060307323544,7.06847558577551,9.11263571357595
86,"CV2",8,1,NA,"Group_adjusted","M2","JKI",23,0.870454304997103,0.848233874686427,2.78481159274466,5.65385595931535
87,"CV2",8,2,NA,"Group_adjusted","M2","ABR33",31,0.730192305972717,0.748739371898366,5.83700055453232,7.88459750950849
87,"CV2",8,2,NA,"Group_adjusted","M2","JKI",22,0.659797664057873,0.774914137818229,4.42238274275825,5.03888343367656
88,"CV2",8,3,NA,"Group_adjusted","M2","ABR33",26,0.722766636005943,0.79337285358647,6.61475406510399,8.64223173273025
88,"CV2",8,3,NA,"Group_adjusted","M2","JKI",23,0.702140580076609,0.803645164781154,4.07000131005578,5.16080355729699
89,"CV2",8,4,NA,"Group_adjusted","M2","ABR33",24,0.640090703938837,0.723769704143392,4.86415714779735,6.11865936157559
89,"CV2",8,4,NA,"Group_adjusted","M2","JKI",34,0.808208308120905,0.830412510441597,3.35108560249237,5.70949594166641
90,"CV2",8,5,NA,"Group_adjusted","M2","ABR33",22,0.79072237987267,0.692189957971733,7.02028181949144,9.7577638968874
90,"CV2",8,5,NA,"Group_adjusted","M2","JKI",22,0.577044174504982,0.624017123577101,4.84878842319648,5.19518387152891
91,"CV2",9,1,NA,"Group_adjusted","M2","ABR33",28,0.750676385523231,0.698126967125272,7.18206601857887,9.54715284446304
91,"CV2",9,1,NA,"Group_adjusted","M2","JKI",22,0.666952871234653,0.795104058503617,3.61571030004594,4.85480978583155
92,"CV2",9,2,NA,"Group_adjusted","M2","ABR33",16,0.711645491577945,0.632803503416423,7.41030978748519,9.44886023663409
92,"CV2",9,2,NA,"Group_adjusted","M2","JKI",34,0.630363106299012,0.716950221977861,4.83862429115267,5.55108563808951
93,"CV2",9,3,NA,"Group_adjusted","M2","ABR33",19,0.793160093799531,0.940770527334447,4.57175609567619,6.83808525023698
93,"CV2",9,3,NA,"Group_adjusted","M2","JKI",24,0.810897980532786,0.825966041511204,4.10986125005137,6.568828797761
94,"CV2",9,4,NA,"Group_adjusted","M2","ABR33",33,0.741724061776499,0.828882732597874,6.37298537132001,8.42653834687966
94,"CV2",9,4,NA,"Group_adjusted","M2","JKI",27,0.801441599259689,0.85964008284128,3.21959763141839,5.0884633225809
95,"CV2",9,5,NA,"Group_adjusted","M2","ABR33",28,0.592410672586182,0.450095211032365,6.08651550818782,7.4718417282037
95,"CV2",9,5,NA,"Group_adjusted","M2","JKI",17,0.698380060620116,0.855534045475113,3.24971242544865,4.52839913097889
96,"CV2",10,1,NA,"Group_adjusted","M2","ABR33",16,0.718081614135862,0.537634673290519,7.70646833285684,9.44310468653878
96,"CV2",10,1,NA,"Group_adjusted","M2","JKI",31,0.74692477709024,0.772339561877522,3.68003117633564,5.6028977159593
97,"CV2",10,2,NA,"Group_adjusted","M2","ABR33",21,0.716249085720643,0.691449218454925,5.2585360282938,7.86775842563216
97,"CV2",10,2,NA,"Group_adjusted","M2","JKI",25,0.766255739887023,0.806250825553423,4.00783797369283,6.09019322661132
98,"CV2",10,3,NA,"Group_adjusted","M2","ABR33",31,0.808578681832377,0.758866233441526,5.65407987985923,7.71755827185894
98,"CV2",10,3,NA,"Group_adjusted","M2","JKI",22,0.673133603135892,0.773778829507477,3.58080165886568,4.8182375543948
99,"CV2",10,4,NA,"Group_adjusted","M2","ABR33",27,0.542508882866979,0.724248542803225,6.7081695238077,7.94962888491304
99,"CV2",10,4,NA,"Group_adjusted","M2","JKI",26,0.685146944098932,0.763603728923194,4.22960634735626,5.30404534269199
100,"CV2",10,5,NA,"Group_adjusted","M2","ABR33",29,0.799538350303455,0.866621092128019,6.82929440554272,9.43352060874637
100,"CV2",10,5,NA,"Group_adjusted","M2","JKI",20,0.712287882955793,0.780720465826874,4.15933501770572,5.09221389065606
101,"Sparse25",1,1,0,"Group_adjusted","M2","ABR33",100,0.402269914175928,0.458990544011235,8.23590942531348,8.59175837670499
101,"Sparse25",1,1,0,"Group_adjusted","M2","JKI",99,0.405516450522866,0.596001104515173,4.91342229140555,5.30155144628945
102,"Sparse25",2,1,0,"Group_adjusted","M2","ABR33",100,0.341331375761144,0.506073745990966,7.88879806690327,8.14878348138324
102,"Sparse25",2,1,0,"Group_adjusted","M2","JKI",99,0.332518566708355,0.564579712330077,5.1486662461351,5.47463534941267
103,"Sparse25",3,1,0,"Group_adjusted","M2","ABR33",100,0.377910246362712,0.521390725855327,8.18008611990772,8.58771622716717
103,"Sparse25",3,1,0,"Group_adjusted","M2","JKI",99,0.456065973267649,0.595736450817749,4.74176854061901,5.25248463853448
104,"Sparse25",4,1,0,"Group_adjusted","M2","ABR33",100,0.486808898625317,0.554456335202325,7.97458404234961,8.4962518228826
104,"Sparse25",4,1,0,"Group_adjusted","M2","JKI",99,0.43555849440304,0.526221171125241,5.22340117571864,5.69039654739745
105,"Sparse25",5,1,0,"Group_adjusted","M2","ABR33",100,0.292526467090772,0.408660517432769,8.3111786529597,8.53866942225539
105,"Sparse25",5,1,0,"Group_adjusted","M2","JKI",99,0.408151390577481,0.557461019677816,5.0709936203019,5.46681426126808
106,"Sparse25",6,1,0,"Group_adjusted","M2","ABR33",100,0.443944779702207,0.558610166099836,8.49889346221667,8.92473199841051
106,"Sparse25",6,1,0,"Group_adjusted","M2","JKI",99,0.331748036453165,0.496594275701251,5.30763889593644,5.57982033922702
107,"Sparse25",7,1,0,"Group_adjusted","M2","ABR33",100,0.326775261691645,0.418404861509977,8.47822022595383,8.73639440521187
107,"Sparse25",7,1,0,"Group_adjusted","M2","JKI",99,0.453621231095917,0.604458204982768,5.13916647138599,5.63088225554191
108,"Sparse25",8,1,0,"Group_adjusted","M2","ABR33",100,0.359265397048089,0.548836073467007,8.18815215174562,8.48320376674945
108,"Sparse25",8,1,0,"Group_adjusted","M2","JKI",99,0.320076995470245,0.486097779062265,5.38817194124011,5.65747645385731
109,"Sparse25",9,1,0,"Group_adjusted","M2","ABR33",100,0.457605874803805,0.571141060496962,8.2420691267527,8.71263926270175
109,"Sparse25",9,1,0,"Group_adjusted","M2","JKI",99,0.405990795324144,0.574449573417295,5.05885373646686,5.45147127817953
110,"Sparse25",10,1,0,"Group_adjusted","M2","ABR33",100,0.362254364589976,0.414760126150317,10.3047476728703,10.5494896824621
110,"Sparse25",10,1,0,"Group_adjusted","M2","JKI",99,0.330493401061851,0.508768233849576,5.48753391195775,5.76808624639244
111,"Sparse25",1,1,5,"Group_adjusted","M2","ABR33",100,0.346146231524243,0.598395589073679,8.16037735353806,8.44915704482781
111,"Sparse25",1,1,5,"Group_adjusted","M2","JKI",99,0.411532880176653,0.367308095895555,5.81570806781732,6.32859958383867
112,"Sparse25",2,1,5,"Group_adjusted","M2","ABR33",100,0.384237773812149,0.448759732289032,8.39113467326237,8.80459909106034
112,"Sparse25",2,1,5,"Group_adjusted","M2","JKI",99,0.386836401860191,0.492826908842034,5.42943643047658,5.89822115777206
113,"Sparse25",3,1,5,"Group_adjusted","M2","ABR33",100,0.420368508008627,0.410014236223951,9.8915691090409,10.2072887999669
113,"Sparse25",3,1,5,"Group_adjusted","M2","JKI",99,0.267317732536241,0.535604548491838,5.45192209453941,5.67889595254234
114,"Sparse25",4,1,5,"Group_adjusted","M2","ABR33",100,0.422559435066507,0.477313828768913,8.11920503604169,8.43332090834891
114,"Sparse25",4,1,5,"Group_adjusted","M2","JKI",99,0.480310133351743,0.565336570461018,5.13540521914136,5.70112911848774
115,"Sparse25",5,1,5,"Group_adjusted","M2","ABR33",100,0.439618526368464,0.425442685961992,9.01915809398318,9.53335024544803
115,"Sparse25",5,1,5,"Group_adjusted","M2","JKI",99,0.290428833013366,0.453217004525004,5.30165994553612,5.51793442569609
116,"Sparse25",6,1,5,"Group_adjusted","M2","ABR33",100,0.373399794363425,0.55105969935808,8.55403584953218,8.85791371704923
116,"Sparse25",6,1,5,"Group_adjusted","M2","JKI",99,0.432841727734135,0.568384126204819,5.30316232587255,5.8235717639786
117,"Sparse25",7,1,5,"Group_adjusted","M2","ABR33",100,0.217262610660369,0.542655255801556,8.4393394959288,8.62448525916763
117,"Sparse25",7,1,5,"Group_adjusted","M2","JKI",99,0.39166676339288,0.527965671971836,5.25322334237407,5.64757332016001
118,"Sparse25",8,1,5,"Group_adjusted","M2","ABR33",100,0.339267696719384,0.567304749491022,8.37005817312261,8.5832679519157
118,"Sparse25",8,1,5,"Group_adjusted","M2","JKI",99,0.288888162248511,0.555507551990775,5.28523673819926,5.47914903539549
119,"Sparse25",9,1,5,"Group_adjusted","M2","ABR33",100,0.411677349359889,0.485909694644169,8.75271286142182,9.07187123370469
119,"Sparse25",9,1,5,"Group_adjusted","M2","JKI",99,0.23170447322136,0.504963368530706,5.30235516666976,5.43494342825978
120,"Sparse25",10,1,5,"Group_adjusted","M2","ABR33",100,0.419297882171081,0.492679295994472,7.98029752088275,8.38816111359791
120,"Sparse25",10,1,5,"Group_adjusted","M2","JKI",99,0.352770650134967,0.516378192822339,5.38019448136736,5.59190577271666
121,"Sparse25",1,1,10,"Group_adjusted","M2","ABR33",100,0.272814095395206,0.46005839397079,8.72802896183115,8.98445019358592
121,"Sparse25",1,1,10,"Group_adjusted","M2","JKI",99,0.38580260007332,0.504098055620183,5.30592567211316,5.74935772691124
122,"Sparse25",2,1,10,"Group_adjusted","M2","ABR33",100,0.462621886438099,0.508647990171687,7.83794656981498,8.27720917004972
122,"Sparse25",2,1,10,"Group_adjusted","M2","JKI",99,0.392167472620225,0.555634523629619,5.04521088396003,5.46093690142423
123,"Sparse25",3,1,10,"Group_adjusted","M2","ABR33",100,0.405161105227902,0.480666302000607,8.1919989992808,8.66524150517186
123,"Sparse25",3,1,10,"Group_adjusted","M2","JKI",99,0.309435403620921,0.57030795247755,4.97321140877118,5.16941590058268
124,"Sparse25",4,1,10,"Group_adjusted","M2","ABR33",100,0.347191055172042,0.474326533284115,8.13296168397346,8.43767924825668
124,"Sparse25",4,1,10,"Group_adjusted","M2","JKI",99,0.261271026256793,0.505869937852711,5.17776075456914,5.34981746550252
125,"Sparse25",5,1,10,"Group_adjusted","M2","ABR33",100,0.31801329015959,0.502374143358618,8.55762994708585,8.94596729704327
125,"Sparse25",5,1,10,"Group_adjusted","M2","JKI",99,0.336560410549855,0.501719484034236,5.36779998686379,5.63889380446106
126,"Sparse25",6,1,10,"Group_adjusted","M2","ABR33",100,0.39614226049539,0.49640615557626,9.06085795104826,9.2909846476801
126,"Sparse25",6,1,10,"Group_adjusted","M2","JKI",99,0.332164567042767,0.550212967026955,5.72093238386514,5.96022502115465
127,"Sparse25",7,1,10,"Group_adjusted","M2","ABR33",100,0.264130608175023,0.533931745056434,9.50911789450688,9.59219310025229
127,"Sparse25",7,1,10,"Group_adjusted","M2","JKI",99,0.223915505270544,0.523689994136205,5.67801348685126,5.85423331992725
128,"Sparse25",8,1,10,"Group_adjusted","M2","ABR33",100,0.44171443839263,0.603876866461553,8.34280332526547,8.77272796864338
128,"Sparse25",8,1,10,"Group_adjusted","M2","JKI",99,0.310441211240886,0.48282222789494,5.33942170580603,5.59718584786013
129,"Sparse25",9,1,10,"Group_adjusted","M2","ABR33",100,0.224040041526205,0.512836424262159,8.68190960083256,8.83005494011936
129,"Sparse25",9,1,10,"Group_adjusted","M2","JKI",99,0.207613573245075,0.406965030101722,5.79757808298954,5.87104683761959
130,"Sparse25",10,1,10,"Group_adjusted","M2","ABR33",100,0.335515680626323,0.455370954153027,8.21131724187452,8.46569743368288
130,"Sparse25",10,1,10,"Group_adjusted","M2","JKI",99,0.295972859463214,0.33110148496474,5.9953056334351,6.29417548809544
131,"Sparse25",1,1,15,"Group_adjusted","M2","ABR33",100,0.324757742222574,0.4271918986295,8.65024638371023,8.85319767165418
131,"Sparse25",1,1,15,"Group_adjusted","M2","JKI",99,0.322958579335061,0.44394336900924,5.47076126152017,5.73670043928638
132,"Sparse25",2,1,15,"Group_adjusted","M2","ABR33",100,0.323214190653654,0.450290930163282,8.42217855854802,8.63826428313386
132,"Sparse25",2,1,15,"Group_adjusted","M2","JKI",99,0.166457853173763,0.454975012409024,5.62802402660046,5.61421940236585
133,"Sparse25",3,1,15,"Group_adjusted","M2","ABR33",100,0.322726584760107,0.452926885491865,8.10668707286934,8.30742921087736
133,"Sparse25",3,1,15,"Group_adjusted","M2","JKI",99,0.350555734148588,0.438513765765933,5.67416755254883,5.93929389787319
134,"Sparse25",4,1,15,"Group_adjusted","M2","ABR33",100,0.375014153309695,0.446557829477057,8.41002746511707,8.72864418624303
134,"Sparse25",4,1,15,"Group_adjusted","M2","JKI",99,0.314150506458491,0.534637236067784,5.05421889023987,5.38138691058193
135,"Sparse25",5,1,15,"Group_adjusted","M2","ABR33",100,0.300348011913338,0.495189563751851,8.42017437775885,8.65003599306654
135,"Sparse25",5,1,15,"Group_adjusted","M2","JKI",99,0.252062315771016,0.495401081328545,5.87715313379363,6.00807122989454
136,"Sparse25",6,1,15,"Group_adjusted","M2","ABR33",100,0.426107077874161,0.513009684879363,8.23447252210507,8.56511108305551
136,"Sparse25",6,1,15,"Group_adjusted","M2","JKI",99,0.230422978348664,0.488834055148706,5.47669539576018,5.50776463985808
137,"Sparse25",7,1,15,"Group_adjusted","M2","ABR33",100,0.292906967822666,0.460908549460139,8.45934329295658,8.80984900985972
137,"Sparse25",7,1,15,"Group_adjusted","M2","JKI",99,0.169442329506042,0.476012488341065,5.59447984928283,5.61832578469238
138,"Sparse25",8,1,15,"Group_adjusted","M2","ABR33",100,0.399509436795813,0.52448303499302,8.71449201461697,8.96799901430073
138,"Sparse25",8,1,15,"Group_adjusted","M2","JKI",99,0.354006947389188,0.593939911038267,5.33165043878538,5.61204479602532
139,"Sparse25",9,1,15,"Group_adjusted","M2","ABR33",100,0.3662651050097,0.471351358686247,8.32675258411907,8.63460227515088
139,"Sparse25",9,1,15,"Group_adjusted","M2","JKI",99,0.285165619067382,0.601711695481107,5.1351403375674,5.31126678610602
140,"Sparse25",10,1,15,"Group_adjusted","M2","ABR33",100,0.326579557912132,0.482390107513671,8.48658199986061,8.68369693041982
140,"Sparse25",10,1,15,"Group_adjusted","M2","JKI",99,0.156797498228176,0.350338921677169,5.60090992031211,5.65556157367313
141,"Sparse25",1,1,20,"Group_adjusted","M2","ABR33",100,0.210435446904106,0.434702220766577,8.53161877595456,8.63316710530329
141,"Sparse25",1,1,20,"Group_adjusted","M2","JKI",99,0.227304405515111,0.486628647666852,5.39589379974495,5.49148468654445
142,"Sparse25",2,1,20,"Group_adjusted","M2","ABR33",100,0.31417266062549,0.484072619560041,8.5375929226826,8.89091961154475
142,"Sparse25",2,1,20,"Group_adjusted","M2","JKI",99,0.19689792288705,0.514859564831932,5.23105361649719,5.338823529508
143,"Sparse25",3,1,20,"Group_adjusted","M2","ABR33",100,0.419466851955899,0.424744318980561,9.22729963198454,9.68355615424094
143,"Sparse25",3,1,20,"Group_adjusted","M2","JKI",99,0.395061720377468,0.532180497388482,5.13573111946488,5.34608035859164
144,"Sparse25",4,1,20,"Group_adjusted","M2","ABR33",100,0.383424795896916,0.309442555747712,9.83331949543138,10.2035297746193
144,"Sparse25",4,1,20,"Group_adjusted","M2","JKI",99,0.181485349789748,0.504887614869582,5.34575344719577,5.39623979240534
145,"Sparse25",5,1,20,"Group_adjusted","M2","ABR33",100,0.222215253705084,0.437083343008707,8.83835553695648,8.9530399827432
145,"Sparse25",5,1,20,"Group_adjusted","M2","JKI",99,0.294174888586257,0.479570949485402,5.34403586486848,5.48779145101941
146,"Sparse25",6,1,20,"Group_adjusted","M2","ABR33",100,0.200504510151724,0.424274792541649,8.63357550100085,8.72702340115674
146,"Sparse25",6,1,20,"Group_adjusted","M2","JKI",99,0.291095781315428,0.51060302346862,5.32368229942103,5.55384446066237
147,"Sparse25",7,1,20,"Group_adjusted","M2","ABR33",100,0.302508134508463,0.482140093849069,7.93815149315544,8.09909796275492
147,"Sparse25",7,1,20,"Group_adjusted","M2","JKI",99,0.188607779092875,0.463309893544215,5.34363289811867,5.43595743496727
148,"Sparse25",8,1,20,"Group_adjusted","M2","ABR33",100,0.218307938211185,0.392395525529174,8.47426067511081,8.54697089181532
148,"Sparse25",8,1,20,"Group_adjusted","M2","JKI",99,0.189108222847908,0.322996831298253,5.73041668279833,5.84511681823852
149,"Sparse25",9,1,20,"Group_adjusted","M2","ABR33",100,0.33639856211863,0.496649980191694,8.0032875012126,8.25000753927292
149,"Sparse25",9,1,20,"Group_adjusted","M2","JKI",99,0.20260092854764,0.549369396612162,5.39266996734795,5.44182640948261
150,"Sparse25",10,1,20,"Group_adjusted","M2","ABR33",100,0.223977858218744,0.508811006729078,9.21033797964508,9.35987967481403
150,"Sparse25",10,1,20,"Group_adjusted","M2","JKI",99,0.112511679011744,0.524072258909794,5.62278159468786,5.66251029073364
151,"Sparse25",1,1,25,"Group_adjusted","M2","ABR33",100,0.0162299777201744,0.52213584526736,8.1877328376485,8.19133746761789
151,"Sparse25",1,1,25,"Group_adjusted","M2","JKI",99,0.00086374686889571,0.415364046254859,5.54650412720062,5.52951147563257
152,"Sparse25",2,1,25,"Group_adjusted","M2","ABR33",100,0.210927998296838,0.450600444268304,8.85273004203382,8.90536823450024
152,"Sparse25",2,1,25,"Group_adjusted","M2","JKI",99,0.272885881888228,0.486689319728685,5.43417520866426,5.49941152146847
153,"Sparse25",3,1,25,"Group_adjusted","M2","ABR33",100,-0.0282169284031986,0.38258086815458,8.86086058568528,8.84093290835833
153,"Sparse25",3,1,25,"Group_adjusted","M2","JKI",99,0.202498802465145,0.455703995176271,5.47686258140387,5.54092277162478
154,"Sparse25",4,1,25,"Group_adjusted","M2","ABR33",100,0.359809804771636,0.409691201830618,9.18155922445417,9.20466244605614
154,"Sparse25",4,1,25,"Group_adjusted","M2","JKI",99,0.419617836870783,0.450616896908537,5.42700169381938,5.53940155100562
155,"Sparse25",5,1,25,"Group_adjusted","M2","ABR33",100,0.297308055456996,0.476724003640327,7.82899194411684,7.91664936944219
155,"Sparse25",5,1,25,"Group_adjusted","M2","JKI",99,0.234392163688475,0.482078828858048,5.24383907355049,5.30896254787675
156,"Sparse25",6,1,25,"Group_adjusted","M2","ABR33",100,0.244185092513445,0.457970647665662,8.48296060865461,8.51638178159863
156,"Sparse25",6,1,25,"Group_adjusted","M2","JKI",99,0.295042024324995,0.50274317394024,5.07822054393693,5.17482013992652
157,"Sparse25",7,1,25,"Group_adjusted","M2","ABR33",100,0.341664816758049,0.451464569061149,8.64370282586309,8.69508698022222
157,"Sparse25",7,1,25,"Group_adjusted","M2","JKI",99,0.290156888892583,0.459213336347217,5.5245196771402,5.58941933759453
158,"Sparse25",8,1,25,"Group_adjusted","M2","ABR33",100,-0.158087156741756,0.445025765039148,8.59217529828187,8.58242750484701
158,"Sparse25",8,1,25,"Group_adjusted","M2","JKI",99,-0.272783383021746,0.527794559763987,5.60160324829402,5.55339441896235
159,"Sparse25",9,1,25,"Group_adjusted","M2","ABR33",100,-0.114462776086619,0.454224359739852,9.66825957512422,9.5365302777335
159,"Sparse25",9,1,25,"Group_adjusted","M2","JKI",99,0.0261765449039239,0.322551660658957,6.58879581913182,6.50320940498171
160,"Sparse25",10,1,25,"Group_adjusted","M2","ABR33",100,0.451563473481086,0.460520087699316,8.03321190275465,8.19560446284842
160,"Sparse25",10,1,25,"Group_adjusted","M2","JKI",99,0.415666590924459,0.486118458353911,5.20082294878475,5.34220659625768
1,"CV1",1,1,NA,"Group_adjusted","M3","ABR33",25,0.469377433997194,0.637750054049352,6.63697601042222,7.08235546668907
1,"CV1",1,1,NA,"Group_adjusted","M3","JKI",25,0.294150049415644,0.62801285111022,4.40932806619502,4.59781480836246
2,"CV1",1,2,NA,"Group_adjusted","M3","ABR33",25,0.687773882298005,0.802784696710471,10.6474652285181,11.2260736282404
2,"CV1",1,2,NA,"Group_adjusted","M3","JKI",25,0.495879122756888,0.721555454746454,6.33384591691737,6.89655550778033
3,"CV1",1,3,NA,"Group_adjusted","M3","ABR33",25,0.180361718289014,0.418367953731396,7.81578858723837,8.11673585806814
3,"CV1",1,3,NA,"Group_adjusted","M3","JKI",25,0.271494148126415,0.58773958535936,4.79691716484118,5.12964506521861
4,"CV1",1,4,NA,"Group_adjusted","M3","ABR33",25,0.137751570902603,0.282951978992485,7.93384229331195,7.9889065160331
4,"CV1",1,4,NA,"Group_adjusted","M3","JKI",25,0.239670720491086,0.22128968371137,6.26323340515648,6.36216765461528
5,"CV1",1,5,NA,"Group_adjusted","M3","ABR33",25,0.602123590608354,0.458486259883052,7.79503810682554,8.44164385154013
5,"CV1",1,5,NA,"Group_adjusted","M3","JKI",24,0.50178510872857,0.631764628476088,4.32895628192237,4.74826377219697
6,"CV1",2,1,NA,"Group_adjusted","M3","ABR33",25,0.524942687724779,0.622401107805794,8.11290066150996,8.71120528695896
6,"CV1",2,1,NA,"Group_adjusted","M3","JKI",25,0.645070016300481,0.665898629807806,5.34228740774694,6.04122950320428
7,"CV1",2,2,NA,"Group_adjusted","M3","ABR33",25,0.422925105024336,0.566885312717969,8.34480247242218,8.80463683541498
7,"CV1",2,2,NA,"Group_adjusted","M3","JKI",24,0.439042170026515,0.461453492860182,6.15190702720375,6.51494022801869
8,"CV1",2,3,NA,"Group_adjusted","M3","ABR33",25,0.443766367067979,0.69826965408075,6.5064102315753,6.92266295123646
8,"CV1",2,3,NA,"Group_adjusted","M3","JKI",25,0.288956622397403,0.858757924898727,3.93884546550974,3.97789285925035
9,"CV1",2,4,NA,"Group_adjusted","M3","ABR33",25,0.416165357415811,0.209518514290873,9.62010413412524,10.0096724846003
9,"CV1",2,4,NA,"Group_adjusted","M3","JKI",25,0.379030136967012,0.348280653505797,4.42420678053554,4.69759932235202
10,"CV1",2,5,NA,"Group_adjusted","M3","ABR33",25,0.379759149837927,0.582787312733621,6.81912998320767,7.11198643601265
10,"CV1",2,5,NA,"Group_adjusted","M3","JKI",25,0.548066989353186,0.563227296035638,5.59720316301991,5.9374577999786
11,"CV1",3,1,NA,"Group_adjusted","M3","ABR33",25,0.286297658394047,0.521493949661566,7.37779842365225,7.61410910095224
11,"CV1",3,1,NA,"Group_adjusted","M3","JKI",24,0.326087952551488,0.421890315970256,4.57346889787837,4.75885214308749
12,"CV1",3,2,NA,"Group_adjusted","M3","ABR33",25,0.378464778014309,0.217234949644161,7.98644556108087,8.50759858402998
12,"CV1",3,2,NA,"Group_adjusted","M3","JKI",25,0.618839598823057,0.407637292210759,4.4789186212199,5.14045991575781
13,"CV1",3,3,NA,"Group_adjusted","M3","ABR33",25,0.449889021456558,0.687276877499754,9.98830566192388,10.5677761168277
13,"CV1",3,3,NA,"Group_adjusted","M3","JKI",25,0.335267172895952,0.69703759239143,6.16536232635646,6.55544313657044
14,"CV1",3,4,NA,"Group_adjusted","M3","ABR33",25,0.376751777747604,0.536776269779999,7.90611479058567,8.26946820863878
14,"CV1",3,4,NA,"Group_adjusted","M3","JKI",25,0.496415853408218,0.628157967150213,5.08492841721508,5.39842471092364
15,"CV1",3,5,NA,"Group_adjusted","M3","ABR33",25,0.531683489455382,0.666353256725922,6.5374963451939,7.08135963230573
15,"CV1",3,5,NA,"Group_adjusted","M3","JKI",25,0.378208368853868,0.462320755969101,5.35695766714217,5.67953956314829
16,"CV1",4,1,NA,"Group_adjusted","M3","ABR33",25,0.569398774587945,0.604355436216914,7.29454319206269,7.82419432598152
16,"CV1",4,1,NA,"Group_adjusted","M3","JKI",24,0.403832090921036,0.450057354584227,5.80535848094929,6.11986402110687
17,"CV1",4,2,NA,"Group_adjusted","M3","ABR33",25,0.434646066919465,0.734149388056608,7.33910488272553,7.87384668906879
17,"CV1",4,2,NA,"Group_adjusted","M3","JKI",25,0.402604949097929,0.727018724651926,4.27689818957997,4.69342314290318
18,"CV1",4,3,NA,"Group_adjusted","M3","ABR33",25,0.164453761872403,0.292052644774855,9.12187232793099,9.2349396368019
18,"CV1",4,3,NA,"Group_adjusted","M3","JKI",25,0.242417478072668,0.617428073358158,4.79042734577235,4.96076689949064
19,"CV1",4,4,NA,"Group_adjusted","M3","ABR33",25,0.53919867361649,0.540520447803743,8.055733230251,8.55620931075927
19,"CV1",4,4,NA,"Group_adjusted","M3","JKI",25,0.555751325623185,0.43555608302382,5.59497944950018,6.08770347297007
20,"CV1",4,5,NA,"Group_adjusted","M3","ABR33",25,0.442977302113123,0.519972484861356,7.76553709201443,8.11922935277498
20,"CV1",4,5,NA,"Group_adjusted","M3","JKI",25,0.548972224070234,0.570985849497786,4.55776461547847,4.90589773050523
21,"CV1",5,1,NA,"Group_adjusted","M3","ABR33",25,0.370188210751792,0.339165405661671,8.32476464759071,8.67325526377484
21,"CV1",5,1,NA,"Group_adjusted","M3","JKI",25,0.252218309651745,0.553340661719367,4.68069404356738,4.8301665583431
22,"CV1",5,2,NA,"Group_adjusted","M3","ABR33",25,0.523517686080824,0.753757534036147,6.76906115339474,7.32195946232316
22,"CV1",5,2,NA,"Group_adjusted","M3","JKI",25,0.620931356554603,0.690974401577593,5.27393721759824,5.82343845502207
23,"CV1",5,3,NA,"Group_adjusted","M3","ABR33",25,0.38229833150551,0.596689428559933,6.05452665348,6.48578436768409
23,"CV1",5,3,NA,"Group_adjusted","M3","JKI",25,0.434935841522568,0.548982876249865,5.41774131353257,5.82555786636006
24,"CV1",5,4,NA,"Group_adjusted","M3","ABR33",25,0.508879269443818,0.691328228891696,7.40147913526723,7.91674822970591
24,"CV1",5,4,NA,"Group_adjusted","M3","JKI",25,0.591703567838225,0.661464842450325,3.8543541720985,4.41410961305986
25,"CV1",5,5,NA,"Group_adjusted","M3","ABR33",25,0.274428539738737,0.356809315531654,10.3431373989178,10.6223600025883
25,"CV1",5,5,NA,"Group_adjusted","M3","JKI",24,0.228151908649128,0.427892122485193,5.55397381682985,5.69309448696229
26,"CV1",6,1,NA,"Group_adjusted","M3","ABR33",25,0.464385077482011,0.60529691871674,9.63069596517473,10.1674267020611
26,"CV1",6,1,NA,"Group_adjusted","M3","JKI",25,0.385704005653597,0.67688142602135,5.02744112998763,5.39019782245326
27,"CV1",6,2,NA,"Group_adjusted","M3","ABR33",25,0.437003642822392,0.551633901688436,7.03152246573081,7.50918431609264
27,"CV1",6,2,NA,"Group_adjusted","M3","JKI",25,0.516536358479924,0.661382245130393,4.51103790449333,4.96294187551696
28,"CV1",6,3,NA,"Group_adjusted","M3","ABR33",25,0.498501630759751,0.537654111710354,7.34525102754142,7.8031059395857
28,"CV1",6,3,NA,"Group_adjusted","M3","JKI",25,0.452378702415494,0.534360014540198,5.73251815086928,6.08078398063923
29,"CV1",6,4,NA,"Group_adjusted","M3","ABR33",25,0.324147974707798,0.471648178211416,7.35210968541853,7.6545987318731
29,"CV1",6,4,NA,"Group_adjusted","M3","JKI",24,0.315830460006681,0.572231974731636,4.01260296673075,4.2382414993734
30,"CV1",6,5,NA,"Group_adjusted","M3","ABR33",25,0.388473613518045,0.513172826142471,7.96060116340942,8.3221652081245
30,"CV1",6,5,NA,"Group_adjusted","M3","JKI",25,0.574447334037279,0.443438725582437,5.53797826988036,6.02837913916908
31,"CV1",7,1,NA,"Group_adjusted","M3","ABR33",25,0.372012285614174,0.396259282840598,8.17915588500895,8.57413364927318
31,"CV1",7,1,NA,"Group_adjusted","M3","JKI",25,0.511402439681791,0.384774624468354,5.91625531875216,6.40114767817425
32,"CV1",7,2,NA,"Group_adjusted","M3","ABR33",25,0.340206016930767,0.49065612166106,8.82812253715368,9.16718351523572
32,"CV1",7,2,NA,"Group_adjusted","M3","JKI",25,0.365336778939017,0.507303800191626,5.32762926968505,5.59558199077504
33,"CV1",7,3,NA,"Group_adjusted","M3","ABR33",25,0.442757437716482,0.479018252053074,8.03018029732438,8.49807949756138
33,"CV1",7,3,NA,"Group_adjusted","M3","JKI",24,0.311670280856781,0.743865577870632,4.52299031957546,4.69983177714611
34,"CV1",7,4,NA,"Group_adjusted","M3","ABR33",25,0.492396910287638,0.58517671086305,7.3180565635257,7.88393844351911
34,"CV1",7,4,NA,"Group_adjusted","M3","JKI",25,0.609619268764783,0.621815922031199,5.6178578365492,6.17268586526459
35,"CV1",7,5,NA,"Group_adjusted","M3","ABR33",25,0.54300872010512,0.756705878868407,6.83741795831106,7.28184134007361
35,"CV1",7,5,NA,"Group_adjusted","M3","JKI",25,0.415084951816836,0.499115695938272,4.05323213861834,4.32580186785348
36,"CV1",8,1,NA,"Group_adjusted","M3","ABR33",25,0.417141820542816,0.674473541671419,6.87926670027728,7.34844439976834
36,"CV1",8,1,NA,"Group_adjusted","M3","JKI",25,0.41476471075349,0.681676321229012,4.26497291873161,4.75097080318608
37,"CV1",8,2,NA,"Group_adjusted","M3","ABR33",25,0.156181061175563,0.549442464609888,8.15671304658286,8.43887131474813
37,"CV1",8,2,NA,"Group_adjusted","M3","JKI",25,0.412828537601793,0.789789593196493,4.51173566808564,4.780817375102
38,"CV1",8,3,NA,"Group_adjusted","M3","ABR33",25,0.566219315522419,0.578927870902782,9.553690966011,10.254173171121
38,"CV1",8,3,NA,"Group_adjusted","M3","JKI",24,0.500655091787199,0.424411795818015,6.34911406294973,6.79899920613894
39,"CV1",8,4,NA,"Group_adjusted","M3","ABR33",25,0.477918664966736,0.439333290686775,7.64403533486954,8.17203555664297
39,"CV1",8,4,NA,"Group_adjusted","M3","JKI",25,0.463105357142119,0.56011416192125,4.90639064811408,5.32080075239204
40,"CV1",8,5,NA,"Group_adjusted","M3","ABR33",25,0.394714667661888,0.523868175059603,7.04411849769633,7.42790076131256
40,"CV1",8,5,NA,"Group_adjusted","M3","JKI",25,0.479240943700418,0.283504583058744,5.19848335071033,5.58199931755135
41,"CV1",9,1,NA,"Group_adjusted","M3","ABR33",25,0.613308636526986,0.451039302091979,9.25906532855313,9.84909578243666
41,"CV1",9,1,NA,"Group_adjusted","M3","JKI",25,0.72218084851949,0.697078842134052,5.54893946906066,6.0427896419557
42,"CV1",9,2,NA,"Group_adjusted","M3","ABR33",25,0.537380494119256,0.678879578491386,9.61841463643115,10.115547364231
42,"CV1",9,2,NA,"Group_adjusted","M3","JKI",25,0.509650619996136,0.761202446432703,4.82168739306613,5.23386973859642
43,"CV1",9,3,NA,"Group_adjusted","M3","ABR33",25,0.350794031264882,0.606663966556399,5.9336380949676,6.22029359179037
43,"CV1",9,3,NA,"Group_adjusted","M3","JKI",24,0.210496550994826,0.494736940863429,4.71056437101844,4.7838557942129
44,"CV1",9,4,NA,"Group_adjusted","M3","ABR33",25,0.274154713367404,0.515887570176264,7.32067861518473,7.56843723012505
44,"CV1",9,4,NA,"Group_adjusted","M3","JKI",25,0.249340495221917,0.566213208656496,4.54610191336851,4.692708017447
45,"CV1",9,5,NA,"Group_adjusted","M3","ABR33",25,0.303967590752108,0.501752221528827,7.06225165107168,7.50024815693387
45,"CV1",9,5,NA,"Group_adjusted","M3","JKI",25,0.428134827384618,0.317107118689567,5.78574403624324,6.22505547175969
46,"CV1",10,1,NA,"Group_adjusted","M3","ABR33",25,0.527288773520868,0.523036000674016,8.74677588902923,9.37379434584673
46,"CV1",10,1,NA,"Group_adjusted","M3","JKI",25,0.50741137347832,0.469297690625256,5.52065554394408,6.03892633479566
47,"CV1",10,2,NA,"Group_adjusted","M3","ABR33",25,0.558939897760725,0.479408977509297,8.45271775345724,8.96092252175247
47,"CV1",10,2,NA,"Group_adjusted","M3","JKI",25,0.549630691053151,0.590651573964713,5.08715045307896,5.51883560848047
48,"CV1",10,3,NA,"Group_adjusted","M3","ABR33",25,0.22536822541811,0.555780295592915,7.51389048430108,7.6826204601278
48,"CV1",10,3,NA,"Group_adjusted","M3","JKI",25,0.27020460804181,0.595279216842273,5.18625681328791,5.34910185943542
49,"CV1",10,4,NA,"Group_adjusted","M3","ABR33",25,0.456869239588146,0.52725076829426,7.23615821302296,7.68630095123605
49,"CV1",10,4,NA,"Group_adjusted","M3","JKI",24,0.736694235434147,0.605366272078814,4.56218430418436,5.07527057018602
50,"CV1",10,5,NA,"Group_adjusted","M3","ABR33",25,0.475420613393788,0.602331670974514,7.06911920528755,7.66002584978006
50,"CV1",10,5,NA,"Group_adjusted","M3","JKI",25,0.338277690815023,0.610598367772387,4.41710593748236,4.58842221191631
51,"CV2",1,1,NA,"Group_adjusted","M3","ABR33",25,0.7663089624385,0.753807387358501,7.21297567855789,9.46473460390622
51,"CV2",1,1,NA,"Group_adjusted","M3","JKI",20,0.734829420885214,0.814853353700725,4.0282752208235,5.62840301271487
52,"CV2",1,2,NA,"Group_adjusted","M3","ABR33",28,0.655331753386482,0.793003624198803,5.64229456067481,7.09293743685696
52,"CV2",1,2,NA,"Group_adjusted","M3","JKI",26,0.737661477107127,0.786233092052743,3.70962524011432,5.15818740401701
53,"CV2",1,3,NA,"Group_adjusted","M3","ABR33",24,0.734772101329996,0.801865553171053,4.95430564346213,6.69965213884027
53,"CV2",1,3,NA,"Group_adjusted","M3","JKI",30,0.732467673416882,0.79107429096632,3.01078664941561,4.46280388935496
54,"CV2",1,4,NA,"Group_adjusted","M3","ABR33",27,0.830902744379563,0.583456905646314,7.13926793149244,9.7998134618064
54,"CV2",1,4,NA,"Group_adjusted","M3","JKI",16,0.849491706066503,0.89872249329027,3.8198003770982,7.00098135863428
55,"CV2",1,5,NA,"Group_adjusted","M3","ABR33",20,0.721517336876526,0.791181505109948,6.67403996364848,8.77995127900227
55,"CV2",1,5,NA,"Group_adjusted","M3","JKI",32,0.706130460907544,0.7686215090509,4.2452063748508,5.00590706722417
56,"CV2",2,1,NA,"Group_adjusted","M3","ABR33",23,0.88328759900972,0.900693460298876,8.2772413039684,11.7066978073045
56,"CV2",2,1,NA,"Group_adjusted","M3","JKI",24,0.739427699751297,0.767184880270412,2.93171411191255,4.46191920714464
57,"CV2",2,2,NA,"Group_adjusted","M3","ABR33",31,0.606828721574397,0.619227306852105,6.24803250949904,7.61905567511574
57,"CV2",2,2,NA,"Group_adjusted","M3","JKI",23,0.780672298250997,0.845270948552997,3.96341431895311,6.86233078193083
58,"CV2",2,3,NA,"Group_adjusted","M3","ABR33",34,0.71752371701705,0.79174357623259,4.74025283221622,6.51849133973758
58,"CV2",2,3,NA,"Group_adjusted","M3","JKI",27,0.708264907928243,0.71555235611234,4.15827530010123,5.83920968806175
59,"CV2",2,4,NA,"Group_adjusted","M3","ABR33",15,0.768597378753951,0.672730673945421,7.23007601183584,9.63458521709052
59,"CV2",2,4,NA,"Group_adjusted","M3","JKI",28,0.540586694508146,0.676481943372703,4.55415550508894,4.41710132016327
60,"CV2",2,5,NA,"Group_adjusted","M3","ABR33",21,0.674901524872562,0.72488791309841,5.14714931602026,6.54166670939714
60,"CV2",2,5,NA,"Group_adjusted","M3","JKI",22,0.902985109412558,0.939420355505996,2.5867269560152,5.39933209036731
61,"CV2",3,1,NA,"Group_adjusted","M3","ABR33",27,0.649099768667991,0.589931791568797,5.72165862905131,7.19138011118142
61,"CV2",3,1,NA,"Group_adjusted","M3","JKI",24,0.89716151687641,0.92454789636268,2.98946311164215,6.15897333780919
62,"CV2",3,2,NA,"Group_adjusted","M3","ABR33",26,0.802647572637592,0.860109726053638,5.76416483881505,8.18307882251038
62,"CV2",3,2,NA,"Group_adjusted","M3","JKI",26,0.650434194179483,0.679803555659228,4.19018320513312,5.17238350460318
63,"CV2",3,3,NA,"Group_adjusted","M3","ABR33",22,0.814212330655304,0.730277245817751,6.78210189425417,9.81186382815719
63,"CV2",3,3,NA,"Group_adjusted","M3","JKI",31,0.681436840237285,0.76899701956955,4.10048411119907,5.14177471520276
64,"CV2",3,4,NA,"Group_adjusted","M3","ABR33",27,0.782616714866216,0.83008563625831,6.20217071783361,8.16387213577785
64,"CV2",3,4,NA,"Group_adjusted","M3","JKI",25,0.764567410521082,0.833681730700732,3.18158937648029,4.90216916558489
65,"CV2",3,5,NA,"Group_adjusted","M3","ABR33",22,0.682841047857889,0.682010141262076,6.83156606935342,8.46102637874845
65,"CV2",3,5,NA,"Group_adjusted","M3","JKI",18,0.710326408653226,0.788928324576011,4.03345342514149,5.25500721341972
66,"CV2",4,1,NA,"Group_adjusted","M3","ABR33",21,0.755864300792595,0.801646481875871,7.7163148594852,9.6779712332802
66,"CV2",4,1,NA,"Group_adjusted","M3","JKI",26,0.829050471591355,0.85632971607361,3.08510641329807,5.25065587017375
67,"CV2",4,2,NA,"Group_adjusted","M3","ABR33",24,0.778570898700666,0.726256335816251,5.34108129493893,7.51428450918639
67,"CV2",4,2,NA,"Group_adjusted","M3","JKI",35,0.808070443817469,0.823120636543189,3.79019281078932,6.12261781157386
68,"CV2",4,3,NA,"Group_adjusted","M3","ABR33",27,0.770433532352666,0.795482796011022,7.92692728005993,10.6306323355738
68,"CV2",4,3,NA,"Group_adjusted","M3","JKI",18,0.609463546335277,0.742902340396229,4.10071072879852,3.79378281921966
69,"CV2",4,4,NA,"Group_adjusted","M3","ABR33",35,0.717769499478371,0.733147770618631,5.22196810381055,7.02815096545326
69,"CV2",4,4,NA,"Group_adjusted","M3","JKI",19,0.703694088885542,0.782171393585513,4.50195120565704,4.78953258726925
70,"CV2",4,5,NA,"Group_adjusted","M3","ABR33",17,0.683232524351972,0.750764165738011,4.45369425013398,5.80880253878581
70,"CV2",4,5,NA,"Group_adjusted","M3","JKI",26,0.767724495373642,0.83172592249615,3.58616487138759,5.54957711226498
71,"CV2",5,1,NA,"Group_adjusted","M3","ABR33",19,0.746913473410826,0.665565211127333,5.98919032141445,8.21014373358507
71,"CV2",5,1,NA,"Group_adjusted","M3","JKI",34,0.649919828991038,0.751292588569597,4.39365564326422,5.32868875284539
72,"CV2",5,2,NA,"Group_adjusted","M3","ABR33",35,0.750133635657354,0.76129922596779,5.85746884134589,7.64881452186666
72,"CV2",5,2,NA,"Group_adjusted","M3","JKI",27,0.784547047932358,0.801760243342525,3.69532986704153,5.93925707514559
73,"CV2",5,3,NA,"Group_adjusted","M3","ABR33",26,0.674628763618996,0.828535250839377,5.19209449457736,6.6779067181593
73,"CV2",5,3,NA,"Group_adjusted","M3","JKI",22,0.768910161671144,0.802809301583538,3.26616189861387,4.81451896432198
74,"CV2",5,4,NA,"Group_adjusted","M3","ABR33",21,0.619921897850748,0.529548473255503,6.54315595143751,7.68429882209995
74,"CV2",5,4,NA,"Group_adjusted","M3","JKI",26,0.778363280115723,0.843652383159525,3.33791476120575,5.29267419964227
75,"CV2",5,5,NA,"Group_adjusted","M3","ABR33",23,0.87753578595983,0.808316129265634,8.26437784569955,11.2533239251042
75,"CV2",5,5,NA,"Group_adjusted","M3","JKI",15,0.78648545507677,0.860286277417519,3.72392722879909,5.6402968433933
76,"CV2",6,1,NA,"Group_adjusted","M3","ABR33",23,0.781897825180358,0.810817445712489,5.42292274948951,7.61869507882359
76,"CV2",6,1,NA,"Group_adjusted","M3","JKI",25,0.773463127172136,0.824484351282575,3.64099028135757,5.45409584507472
77,"CV2",6,2,NA,"Group_adjusted","M3","ABR33",21,0.664454401338326,0.64819826161277,6.19007788005518,7.55907360295129
77,"CV2",6,2,NA,"Group_adjusted","M3","JKI",30,0.741696885928245,0.818260127400666,4.58427661131991,5.65118469425943
78,"CV2",6,3,NA,"Group_adjusted","M3","ABR33",29,0.799629616099822,0.823387102196791,6.36299786821049,8.65502763087692
78,"CV2",6,3,NA,"Group_adjusted","M3","JKI",20,0.885233857104103,0.914017608577829,2.15773945323805,4.50380183824527
79,"CV2",6,4,NA,"Group_adjusted","M3","ABR33",33,0.714093931520966,0.569201293926922,6.46621734140686,8.65208984839156
79,"CV2",6,4,NA,"Group_adjusted","M3","JKI",21,0.536472098890923,0.697098530640458,4.32118341562353,4.62655619627547
80,"CV2",6,5,NA,"Group_adjusted","M3","ABR33",18,0.826497263206672,0.848855258090369,6.78703320425137,8.8866205329126
80,"CV2",6,5,NA,"Group_adjusted","M3","JKI",28,0.821663412122022,0.82351144317904,3.57489039947234,6.12014762790996
81,"CV2",7,1,NA,"Group_adjusted","M3","ABR33",28,0.785182506197039,0.850304678213892,5.71024826362069,8.32050082398465
81,"CV2",7,1,NA,"Group_adjusted","M3","JKI",26,0.741083940731975,0.773320427593185,3.56075504645312,4.34047903937363
82,"CV2",7,2,NA,"Group_adjusted","M3","ABR33",22,0.840593880308326,0.787285035338435,7.12156022287641,9.7540285800585
82,"CV2",7,2,NA,"Group_adjusted","M3","JKI",25,0.741603692156661,0.840992092366414,4.09913281501057,5.81056181631473
83,"CV2",7,3,NA,"Group_adjusted","M3","ABR33",20,0.596635989488944,0.475484473336898,7.37637685811025,8.58451118545485
83,"CV2",7,3,NA,"Group_adjusted","M3","JKI",28,0.795073853472147,0.837553939393713,3.69765151431815,5.82606791689506
84,"CV2",7,4,NA,"Group_adjusted","M3","ABR33",29,0.732345891375636,0.815958738194702,5.86075731331075,7.72316730741936
84,"CV2",7,4,NA,"Group_adjusted","M3","JKI",22,0.749808120239606,0.811363002897976,3.74240644011356,5.6890791756346
85,"CV2",7,5,NA,"Group_adjusted","M3","ABR33",25,0.724918522509805,0.721082465853832,5.47515448345994,7.25654926881907
85,"CV2",7,5,NA,"Group_adjusted","M3","JKI",23,0.795857062666639,0.827635700481051,3.53133327043557,5.60037569014222
86,"CV2",8,1,NA,"Group_adjusted","M3","ABR33",21,0.730810676779453,0.801940395041603,7.14751726993701,9.11263571357595
86,"CV2",8,1,NA,"Group_adjusted","M3","JKI",23,0.894381242200926,0.863074560058515,2.72155870664021,5.65385595931535
87,"CV2",8,2,NA,"Group_adjusted","M3","ABR33",31,0.757652805008724,0.76617456567436,5.72570238369697,7.88459750950849
87,"CV2",8,2,NA,"Group_adjusted","M3","JKI",22,0.692484292793628,0.806334636689159,4.0517451155548,5.03888343367656
88,"CV2",8,3,NA,"Group_adjusted","M3","ABR33",26,0.742031835024142,0.799892104273812,6.62356845026027,8.64223173273025
88,"CV2",8,3,NA,"Group_adjusted","M3","JKI",23,0.699024289447457,0.803987167482401,3.95625950704254,5.16080355729699
89,"CV2",8,4,NA,"Group_adjusted","M3","ABR33",24,0.665147524224141,0.729666920059866,4.83351077430146,6.11865936157559
89,"CV2",8,4,NA,"Group_adjusted","M3","JKI",34,0.809066884787382,0.831006859374447,3.32652751826933,5.70949594166641
90,"CV2",8,5,NA,"Group_adjusted","M3","ABR33",22,0.822465242549706,0.701522252055922,6.95942045043304,9.7577638968874
90,"CV2",8,5,NA,"Group_adjusted","M3","JKI",22,0.58693447006105,0.639888356883297,4.5813840617832,5.19518387152891
91,"CV2",9,1,NA,"Group_adjusted","M3","ABR33",28,0.763130959701634,0.708627125560988,7.17833405247774,9.54715284446304
91,"CV2",9,1,NA,"Group_adjusted","M3","JKI",22,0.684319864118584,0.805909346978197,3.52333797061377,4.85480978583155
92,"CV2",9,2,NA,"Group_adjusted","M3","ABR33",16,0.743677220103135,0.639692011696429,7.39571825341698,9.44886023663409
92,"CV2",9,2,NA,"Group_adjusted","M3","JKI",34,0.633830410106809,0.7173657259752,4.58780242126363,5.55108563808951
93,"CV2",9,3,NA,"Group_adjusted","M3","ABR33",19,0.811280627097253,0.950498685831265,4.50295779351608,6.83808525023698
93,"CV2",9,3,NA,"Group_adjusted","M3","JKI",24,0.808507165340957,0.82489986891558,4.04435472610804,6.568828797761
94,"CV2",9,4,NA,"Group_adjusted","M3","ABR33",33,0.773606529540455,0.832394663394952,6.20546643861226,8.42653834687966
94,"CV2",9,4,NA,"Group_adjusted","M3","JKI",27,0.794589386736915,0.856172403877987,3.15422967548597,5.0884633225809
95,"CV2",9,5,NA,"Group_adjusted","M3","ABR33",28,0.612961697665253,0.449686509914653,6.08384511601687,7.4718417282037
95,"CV2",9,5,NA,"Group_adjusted","M3","JKI",17,0.719012592393545,0.874582820875497,3.10602855166792,4.52839913097889
96,"CV2",10,1,NA,"Group_adjusted","M3","ABR33",16,0.709125442234522,0.520647769659959,7.81179082811834,9.44310468653878
96,"CV2",10,1,NA,"Group_adjusted","M3","JKI",31,0.759893922468082,0.775339730335032,3.56524577408173,5.6028977159593
97,"CV2",10,2,NA,"Group_adjusted","M3","ABR33",21,0.761036705904313,0.708034844859231,5.16617648923035,7.86775842563216
97,"CV2",10,2,NA,"Group_adjusted","M3","JKI",25,0.773170682819532,0.820100761017572,3.79443447134616,6.09019322661132
98,"CV2",10,3,NA,"Group_adjusted","M3","ABR33",31,0.816905819726789,0.763653369027539,5.64951725184996,7.71755827185894
98,"CV2",10,3,NA,"Group_adjusted","M3","JKI",22,0.701904425249118,0.792976909140206,3.47530861922119,4.8182375543948
99,"CV2",10,4,NA,"Group_adjusted","M3","ABR33",27,0.580532418672217,0.73990706878542,6.56870388915589,7.94962888491304
99,"CV2",10,4,NA,"Group_adjusted","M3","JKI",26,0.698404164295809,0.774160540633888,4.04671395857078,5.30404534269199
100,"CV2",10,5,NA,"Group_adjusted","M3","ABR33",29,0.834265862069694,0.872594924921381,6.71157843738534,9.43352060874637
100,"CV2",10,5,NA,"Group_adjusted","M3","JKI",20,0.722903116910303,0.786636291535624,3.99113939583711,5.09221389065606
101,"Sparse25",1,1,0,"Group_adjusted","M3","ABR33",100,0.39210756929076,0.454998138142262,8.26064482893436,8.59175837670499
101,"Sparse25",1,1,0,"Group_adjusted","M3","JKI",99,0.431654454789546,0.606365548897759,4.8614955231216,5.30155144628945
102,"Sparse25",2,1,0,"Group_adjusted","M3","ABR33",100,0.357536027291943,0.509075650920139,7.92506498408772,8.14878348138324
102,"Sparse25",2,1,0,"Group_adjusted","M3","JKI",99,0.348840121409577,0.575156004247497,5.14689506392783,5.47463534941267
103,"Sparse25",3,1,0,"Group_adjusted","M3","ABR33",100,0.365115723687089,0.513880675038955,8.22468308837781,8.58771622716717
103,"Sparse25",3,1,0,"Group_adjusted","M3","JKI",99,0.464564693809732,0.588458132339222,4.77530085634237,5.25248463853448
104,"Sparse25",4,1,0,"Group_adjusted","M3","ABR33",100,0.499080226355879,0.54808316848958,8.06696169177782,8.4962518228826
104,"Sparse25",4,1,0,"Group_adjusted","M3","JKI",99,0.418547121131151,0.510555125364303,5.27868666032116,5.69039654739745
105,"Sparse25",5,1,0,"Group_adjusted","M3","ABR33",100,0.41565549479021,0.441678676331132,8.18332762374838,8.53866942225539
105,"Sparse25",5,1,0,"Group_adjusted","M3","JKI",99,0.410999176116627,0.556861004563848,5.04366750805874,5.46681426126808
106,"Sparse25",6,1,0,"Group_adjusted","M3","ABR33",100,0.482802931408096,0.560806319428355,8.4526250746915,8.92473199841051
106,"Sparse25",6,1,0,"Group_adjusted","M3","JKI",99,0.304506605656184,0.4902142457071,5.3498774327568,5.57982033922702
107,"Sparse25",7,1,0,"Group_adjusted","M3","ABR33",100,0.378937509424213,0.422648576912776,8.43822240729708,8.73639440521187
107,"Sparse25",7,1,0,"Group_adjusted","M3","JKI",99,0.478937874383582,0.610398646299332,5.11646450608535,5.63088225554191
108,"Sparse25",8,1,0,"Group_adjusted","M3","ABR33",100,0.371577630856981,0.541657951579544,8.18864225355593,8.48320376674945
108,"Sparse25",8,1,0,"Group_adjusted","M3","JKI",99,0.349914352208182,0.493547923113399,5.35801346144695,5.65747645385731
109,"Sparse25",9,1,0,"Group_adjusted","M3","ABR33",100,0.511283008158544,0.573159504873428,8.19007264662205,8.71263926270175
109,"Sparse25",9,1,0,"Group_adjusted","M3","JKI",99,0.42187291720623,0.57916409568538,5.04888126758075,5.45147127817953
110,"Sparse25",10,1,0,"Group_adjusted","M3","ABR33",100,0.322149802949847,0.409668710328345,10.231271785223,10.5494896824621
110,"Sparse25",10,1,0,"Group_adjusted","M3","JKI",99,0.3486735112349,0.517592280447361,5.46904871647288,5.76808624639244
111,"Sparse25",1,1,5,"Group_adjusted","M3","ABR33",100,0.473028612659044,0.610094819524592,8.00302556412396,8.44915704482781
111,"Sparse25",1,1,5,"Group_adjusted","M3","JKI",99,0.392605233584773,0.346253031049305,5.86161416666597,6.32859958383867
112,"Sparse25",2,1,5,"Group_adjusted","M3","ABR33",100,0.385220556366981,0.447702170839451,8.37818051335567,8.80459909106034
112,"Sparse25",2,1,5,"Group_adjusted","M3","JKI",99,0.406995087037274,0.48938858926211,5.41948405133992,5.89822115777206
113,"Sparse25",3,1,5,"Group_adjusted","M3","ABR33",100,0.387993198903538,0.409656122623996,9.93032101442327,10.2072887999669
113,"Sparse25",3,1,5,"Group_adjusted","M3","JKI",99,0.268723274745495,0.540160458424688,5.45022548194806,5.67889595254234
114,"Sparse25",4,1,5,"Group_adjusted","M3","ABR33",100,0.388998994120639,0.473686231691102,8.19971301825434,8.43332090834891
114,"Sparse25",4,1,5,"Group_adjusted","M3","JKI",99,0.49302831824613,0.561833718824152,5.15421523895292,5.70112911848774
115,"Sparse25",5,1,5,"Group_adjusted","M3","ABR33",100,0.488303456655233,0.441597276925849,9.0041101783775,9.53335024544803
115,"Sparse25",5,1,5,"Group_adjusted","M3","JKI",99,0.282019682842825,0.446939598936788,5.32176127316647,5.51793442569609
116,"Sparse25",6,1,5,"Group_adjusted","M3","ABR33",100,0.461996264171005,0.559406146672921,8.50784610764612,8.85791371704923
116,"Sparse25",6,1,5,"Group_adjusted","M3","JKI",99,0.446624456495152,0.56648531602837,5.3513158656589,5.8235717639786
117,"Sparse25",7,1,5,"Group_adjusted","M3","ABR33",100,0.285247956443679,0.555437217015581,8.40374617834123,8.62448525916763
117,"Sparse25",7,1,5,"Group_adjusted","M3","JKI",99,0.415237168177475,0.526465876095315,5.24314215600807,5.64757332016001
118,"Sparse25",8,1,5,"Group_adjusted","M3","ABR33",100,0.377571795195236,0.562397235212055,8.34652428480294,8.5832679519157
118,"Sparse25",8,1,5,"Group_adjusted","M3","JKI",99,0.322944636568393,0.57989800022981,5.23092000287533,5.47914903539549
119,"Sparse25",9,1,5,"Group_adjusted","M3","ABR33",100,0.445092216274897,0.485171359002854,8.71430203057458,9.07187123370469
119,"Sparse25",9,1,5,"Group_adjusted","M3","JKI",99,0.280910154699354,0.521624780576811,5.24954332423437,5.43494342825978
120,"Sparse25",10,1,5,"Group_adjusted","M3","ABR33",100,0.421901360286677,0.488016464629143,8.00423684353487,8.38816111359791
120,"Sparse25",10,1,5,"Group_adjusted","M3","JKI",99,0.342169035278395,0.503811300673106,5.34430592042079,5.59190577271666
121,"Sparse25",1,1,10,"Group_adjusted","M3","ABR33",100,0.303519917497324,0.462738671784932,8.70379378359073,8.98445019358592
121,"Sparse25",1,1,10,"Group_adjusted","M3","JKI",99,0.439740126485351,0.514469578742486,5.3106253693927,5.74935772691124
122,"Sparse25",2,1,10,"Group_adjusted","M3","ABR33",100,0.48402472509775,0.51199292138808,7.82058358714618,8.27720917004972
122,"Sparse25",2,1,10,"Group_adjusted","M3","JKI",99,0.37765729121967,0.550361279670302,5.11647402581868,5.46093690142423
123,"Sparse25",3,1,10,"Group_adjusted","M3","ABR33",100,0.412932942268525,0.474924268698514,8.26039410163745,8.66524150517186
123,"Sparse25",3,1,10,"Group_adjusted","M3","JKI",99,0.332410087441256,0.582361072806994,4.98047396781223,5.16941590058268
124,"Sparse25",4,1,10,"Group_adjusted","M3","ABR33",100,0.389591992143085,0.470273205493996,8.12364971534966,8.43767924825668
124,"Sparse25",4,1,10,"Group_adjusted","M3","JKI",99,0.287673797871108,0.509465575991783,5.12690097653594,5.34981746550252
125,"Sparse25",5,1,10,"Group_adjusted","M3","ABR33",100,0.29430220874203,0.503596560061607,8.58833015004342,8.94596729704327
125,"Sparse25",5,1,10,"Group_adjusted","M3","JKI",99,0.331266904130335,0.49717029798281,5.36935649269528,5.63889380446106
126,"Sparse25",6,1,10,"Group_adjusted","M3","ABR33",100,0.416806031896967,0.499744133245666,8.9768597371961,9.2909846476801
126,"Sparse25",6,1,10,"Group_adjusted","M3","JKI",99,0.379598919955017,0.557590574064368,5.73204703327607,5.96022502115465
127,"Sparse25",7,1,10,"Group_adjusted","M3","ABR33",100,0.36115253451414,0.538816763786806,9.41412439226124,9.59219310025229
127,"Sparse25",7,1,10,"Group_adjusted","M3","JKI",99,0.272044539143172,0.547040645607901,5.60466650846573,5.85423331992725
128,"Sparse25",8,1,10,"Group_adjusted","M3","ABR33",100,0.418574765579472,0.592248658483082,8.37311586292713,8.77272796864338
128,"Sparse25",8,1,10,"Group_adjusted","M3","JKI",99,0.317118713390622,0.485108589557898,5.32191452386569,5.59718584786013
129,"Sparse25",9,1,10,"Group_adjusted","M3","ABR33",100,0.291937419324332,0.522173455376775,8.63455365099292,8.83005494011936
129,"Sparse25",9,1,10,"Group_adjusted","M3","JKI",99,0.213970468604927,0.407239940671115,5.80470857229728,5.87104683761959
130,"Sparse25",10,1,10,"Group_adjusted","M3","ABR33",100,0.399725818527966,0.463495807994789,8.17607345726713,8.46569743368288
130,"Sparse25",10,1,10,"Group_adjusted","M3","JKI",99,0.300129063106945,0.32129396790557,5.99851573285971,6.29417548809544
131,"Sparse25",1,1,15,"Group_adjusted","M3","ABR33",100,0.341781926154238,0.4306905704256,8.65247569633458,8.85319767165418
131,"Sparse25",1,1,15,"Group_adjusted","M3","JKI",99,0.306917922132319,0.441625839647459,5.50357494187712,5.73670043928638
132,"Sparse25",2,1,15,"Group_adjusted","M3","ABR33",100,0.325869878845625,0.451487676562199,8.44000757709302,8.63826428313386
132,"Sparse25",2,1,15,"Group_adjusted","M3","JKI",99,0.163810963646495,0.455357005450111,5.60221804949665,5.61421940236585
133,"Sparse25",3,1,15,"Group_adjusted","M3","ABR33",100,0.369972681463435,0.457045255043039,8.02784846424983,8.30742921087736
133,"Sparse25",3,1,15,"Group_adjusted","M3","JKI",99,0.389540820539353,0.442266572238537,5.60764275826402,5.93929389787319
134,"Sparse25",4,1,15,"Group_adjusted","M3","ABR33",100,0.434886611740479,0.448753323048049,8.38437505053618,8.72864418624303
134,"Sparse25",4,1,15,"Group_adjusted","M3","JKI",99,0.366190224668555,0.548490799186744,5.02443185147306,5.38138691058193
135,"Sparse25",5,1,15,"Group_adjusted","M3","ABR33",100,0.284455229858786,0.495208510760004,8.43758682086404,8.65003599306654
135,"Sparse25",5,1,15,"Group_adjusted","M3","JKI",99,0.234290233172824,0.497283397331408,5.87107212525334,6.00807122989454
136,"Sparse25",6,1,15,"Group_adjusted","M3","ABR33",100,0.52024835127075,0.526684247857937,8.14205266212028,8.56511108305551
136,"Sparse25",6,1,15,"Group_adjusted","M3","JKI",99,0.244953343174386,0.492370838717137,5.4174976605625,5.50776463985808
137,"Sparse25",7,1,15,"Group_adjusted","M3","ABR33",100,0.332020465862179,0.466407220183361,8.45790701218549,8.80984900985972
137,"Sparse25",7,1,15,"Group_adjusted","M3","JKI",99,0.148147458499582,0.473289108530188,5.59960974869123,5.61832578469238
138,"Sparse25",8,1,15,"Group_adjusted","M3","ABR33",100,0.411008827913589,0.525039301104266,8.68917217437351,8.96799901430073
138,"Sparse25",8,1,15,"Group_adjusted","M3","JKI",99,0.329811237154468,0.593454338914171,5.43964571499886,5.61204479602532
139,"Sparse25",9,1,15,"Group_adjusted","M3","ABR33",100,0.391520915158575,0.469182371820122,8.30403364514472,8.63460227515088
139,"Sparse25",9,1,15,"Group_adjusted","M3","JKI",99,0.333273083965413,0.614516552158631,5.10016081147833,5.31126678610602
140,"Sparse25",10,1,15,"Group_adjusted","M3","ABR33",100,0.355332808777274,0.478092968329902,8.48848847008645,8.68369693041982
140,"Sparse25",10,1,15,"Group_adjusted","M3","JKI",99,0.168896771417819,0.352045295107534,5.61307336821371,5.65556157367313
141,"Sparse25",1,1,20,"Group_adjusted","M3","ABR33",100,0.253529131139355,0.44978881491155,8.49627504840419,8.63316710530329
141,"Sparse25",1,1,20,"Group_adjusted","M3","JKI",99,0.249308673002933,0.50179903804912,5.36608739139006,5.49148468654445
142,"Sparse25",2,1,20,"Group_adjusted","M3","ABR33",100,0.288486958522162,0.475137485564714,8.6160951399991,8.89091961154475
142,"Sparse25",2,1,20,"Group_adjusted","M3","JKI",99,0.212792874220913,0.517955983313886,5.2069390116125,5.338823529508
143,"Sparse25",3,1,20,"Group_adjusted","M3","ABR33",100,0.516406135627199,0.431708553752045,9.11372946742904,9.68355615424094
143,"Sparse25",3,1,20,"Group_adjusted","M3","JKI",99,0.397361609995413,0.530475528097535,5.14318003593758,5.34608035859164
144,"Sparse25",4,1,20,"Group_adjusted","M3","ABR33",100,0.405868528044679,0.311967854053011,9.86110637898126,10.2035297746193
144,"Sparse25",4,1,20,"Group_adjusted","M3","JKI",99,0.223327830757881,0.514031260851859,5.31646936657294,5.39623979240534
145,"Sparse25",5,1,20,"Group_adjusted","M3","ABR33",100,0.228077418420862,0.436181384489647,8.84966890381407,8.9530399827432
145,"Sparse25",5,1,20,"Group_adjusted","M3","JKI",99,0.28813462653238,0.480949632092929,5.33396404177205,5.48779145101941
146,"Sparse25",6,1,20,"Group_adjusted","M3","ABR33",100,0.189837660169751,0.421494172801985,8.65947701386878,8.72702340115674
146,"Sparse25",6,1,20,"Group_adjusted","M3","JKI",99,0.246191595407501,0.501603860852585,5.40005331244215,5.55384446066237
147,"Sparse25",7,1,20,"Group_adjusted","M3","ABR33",100,0.394039840304455,0.50107934207282,7.84752559640212,8.09909796275492
147,"Sparse25",7,1,20,"Group_adjusted","M3","JKI",99,0.192642131035858,0.467611053427854,5.34220287823225,5.43595743496727
148,"Sparse25",8,1,20,"Group_adjusted","M3","ABR33",100,0.280961215264503,0.399792830186255,8.44301554063026,8.54697089181532
148,"Sparse25",8,1,20,"Group_adjusted","M3","JKI",99,0.212577186688803,0.32607420568167,5.70541021390685,5.84511681823852
149,"Sparse25",9,1,20,"Group_adjusted","M3","ABR33",100,0.375351723109982,0.498339394145543,7.99300347999414,8.25000753927292
149,"Sparse25",9,1,20,"Group_adjusted","M3","JKI",99,0.204549789544274,0.549601496680555,5.36499842987129,5.44182640948261
150,"Sparse25",10,1,20,"Group_adjusted","M3","ABR33",100,0.206991252315317,0.512613625086098,9.2279201810356,9.35987967481403
150,"Sparse25",10,1,20,"Group_adjusted","M3","JKI",99,0.198258853367558,0.527097812760696,5.6021320974733,5.66251029073364
151,"Sparse25",1,1,25,"Group_adjusted","M3","ABR33",100,0.0823654820942979,0.530271326351173,8.16140414795935,8.19133746761789
151,"Sparse25",1,1,25,"Group_adjusted","M3","JKI",99,0.00450482563299433,0.415337711501164,5.54940062322675,5.52951147563257
152,"Sparse25",2,1,25,"Group_adjusted","M3","ABR33",100,0.254604363931445,0.456879072784645,8.82972495628913,8.90536823450024
152,"Sparse25",2,1,25,"Group_adjusted","M3","JKI",99,0.319537523395895,0.502242152600704,5.3961256238578,5.49941152146847
153,"Sparse25",3,1,25,"Group_adjusted","M3","ABR33",100,0.117163319529106,0.394426183572266,8.79626511206084,8.84093290835833
153,"Sparse25",3,1,25,"Group_adjusted","M3","JKI",99,0.118717757277227,0.448545921190482,5.51088616847528,5.54092277162478
154,"Sparse25",4,1,25,"Group_adjusted","M3","ABR33",100,0.377974804648989,0.420021723211945,8.97458699601597,9.20466244605614
154,"Sparse25",4,1,25,"Group_adjusted","M3","JKI",99,0.446697798607762,0.460331888229219,5.34140112250357,5.53940155100562
155,"Sparse25",5,1,25,"Group_adjusted","M3","ABR33",100,0.330912286006876,0.490044725802001,7.71909769158338,7.91664936944219
155,"Sparse25",5,1,25,"Group_adjusted","M3","JKI",99,0.114202691355645,0.482349164596177,5.27145608494516,5.30896254787675
156,"Sparse25",6,1,25,"Group_adjusted","M3","ABR33",100,0.295257967154363,0.463389929724111,8.40745759021108,8.51638178159863
156,"Sparse25",6,1,25,"Group_adjusted","M3","JKI",99,0.340331938183292,0.509577855275913,5.0263244328493,5.17482013992652
157,"Sparse25",7,1,25,"Group_adjusted","M3","ABR33",100,0.355708605773274,0.457597169032759,8.56717641760247,8.69508698022222
157,"Sparse25",7,1,25,"Group_adjusted","M3","JKI",99,0.216774480641459,0.453975372113163,5.54885404417859,5.58941933759453
158,"Sparse25",8,1,25,"Group_adjusted","M3","ABR33",100,0.0291533928306787,0.459567035472116,8.5178833056814,8.58242750484701
158,"Sparse25",8,1,25,"Group_adjusted","M3","JKI",99,-0.0710532857958419,0.538899056004222,5.51604362258825,5.55339441896235
159,"Sparse25",9,1,25,"Group_adjusted","M3","ABR33",100,-0.0747297284194152,0.463183156338789,9.70465867447043,9.5365302777335
159,"Sparse25",9,1,25,"Group_adjusted","M3","JKI",99,0.00973530103326391,0.308237401016324,6.5593515229809,6.50320940498171
160,"Sparse25",10,1,25,"Group_adjusted","M3","ABR33",100,0.381829343465298,0.462483329373636,8.00781622937003,8.19560446284842
160,"Sparse25",10,1,25,"Group_adjusted","M3","JKI",99,0.362639893073684,0.482089184543066,5.22838131892493,5.34220659625768
