"scheme","rep","overlap","target","model","Environment","n","PA_target","PA_raw","PA_within_pooled","RMSE_raw","RMSE_group_only"
"CV1",1,NA,"Group_adjusted","M1","ABR33",125,NA,NA,NA,8.67787106855445,8.6850430890241
"CV1",1,NA,"Group_adjusted","M1","JKI",124,NA,NA,NA,5.61456048637438,5.62857383136789
"CV1",1,NA,"Group_adjusted","M2","ABR33",125,0.379903510643983,0.432584376790167,-0.0418894660092956,8.32868388000365,8.6850430890241
"CV1",1,NA,"Group_adjusted","M2","JKI",124,0.373941831016104,0.472355073916676,0.094198870884525,5.31425693475248,5.62857383136789
"CV1",1,NA,"Group_adjusted","M3","ABR33",125,0.383153881991874,0.444436198314998,0.0220233552940772,8.27300417282423,8.6850430890241
"CV1",1,NA,"Group_adjusted","M3","JKI",124,0.373653121705968,0.47457733431127,0.0990768244281802,5.30878291325551,5.62857383136789
"CV1",1,NA,"Raw","M1","ABR33",125,NA,NA,NA,9.41718535962866,8.6850430890241
"CV1",1,NA,"Raw","M1","JKI",124,NA,NA,NA,6.15914283718517,5.62857383136789
"CV1",1,NA,"Raw","M2","ABR33",125,0.442195254042396,0.442195254042396,0.0379354707428555,8.28562052974111,8.6850430890241
"CV1",1,NA,"Raw","M2","JKI",124,0.458463212890836,0.458463212890836,0.0658270363118271,5.41572928639112,5.62857383136789
"CV1",1,NA,"Raw","M3","ABR33",125,0.448997029797664,0.448997029797664,0.0577534211356897,8.24373333971917,8.6850430890241
"CV1",1,NA,"Raw","M3","JKI",124,0.46175376271786,0.46175376271786,0.0943363871568176,5.34888089091002,5.62857383136789
"CV1",2,NA,"Group_adjusted","M1","ABR33",125,NA,NA,NA,8.39212321436929,8.39170881294747
"CV1",2,NA,"Group_adjusted","M1","JKI",124,NA,NA,NA,5.51211432753755,5.50636725201255
"CV1",2,NA,"Group_adjusted","M2","ABR33",125,0.407887188078911,0.491885309718733,0.188052327052634,8.0301146537645,8.39170881294747
"CV1",2,NA,"Group_adjusted","M2","JKI",124,0.417372022297903,0.514514770583732,0.210712230912365,5.1651147289939,5.50636725201255
"CV1",2,NA,"Group_adjusted","M3","ABR33",125,0.412981773645126,0.505077895264455,0.241543393651746,7.96034166136247,8.39170881294747
"CV1",2,NA,"Group_adjusted","M3","JKI",124,0.424842627748363,0.520029808019787,0.228224711477502,5.14485628074645,5.50636725201255
"CV1",2,NA,"Raw","M1","ABR33",125,NA,NA,NA,9.25410925595423,8.39170881294747
"CV1",2,NA,"Raw","M1","JKI",124,NA,NA,NA,6.04786122905427,5.50636725201255
"CV1",2,NA,"Raw","M2","ABR33",125,0.519619878595179,0.519619878595179,0.293128848269356,7.97449854415623,8.39170881294747
"CV1",2,NA,"Raw","M2","JKI",124,0.51515205656707,0.51515205656707,0.243354241814031,5.18610117953602,5.50636725201255
"CV1",2,NA,"Raw","M3","ABR33",125,0.52089948133488,0.52089948133488,0.303720129718108,7.88872452691528,8.39170881294747
"CV1",2,NA,"Raw","M3","JKI",124,0.528791771231733,0.528791771231733,0.277100815562923,5.11476645713523,5.50636725201255
"CV1",3,NA,"Group_adjusted","M1","ABR33",125,NA,NA,NA,8.48959595751366,8.4918966293676
"CV1",3,NA,"Group_adjusted","M1","JKI",124,NA,NA,NA,5.54085737254472,5.54561597850807
"CV1",3,NA,"Group_adjusted","M2","ABR33",125,0.415802723643023,0.478709597970942,0.128021026232367,8.09756591511684,8.4918966293676
"CV1",3,NA,"Group_adjusted","M2","JKI",124,0.420514712255827,0.510305891407803,0.196526029511992,5.17971927513584,5.54561597850807
"CV1",3,NA,"Group_adjusted","M3","ABR33",125,0.422696504707261,0.489887986764857,0.177299737518061,8.04023608884112,8.4918966293676
"CV1",3,NA,"Group_adjusted","M3","JKI",124,0.424253088961194,0.512333881285623,0.201530334903134,5.17254402793878,5.54561597850807
"CV1",3,NA,"Raw","M1","ABR33",125,NA,NA,NA,9.39968091276548,8.4918966293676
"CV1",3,NA,"Raw","M1","JKI",124,NA,NA,NA,6.12626262799834,5.54561597850807
"CV1",3,NA,"Raw","M2","ABR33",125,0.483870858578816,0.483870858578816,0.15824479930369,8.11621343479775,8.4918966293676
"CV1",3,NA,"Raw","M2","JKI",124,0.505631562827121,0.505631562827121,0.207330130141076,5.22464031660115,5.54561597850807
"CV1",3,NA,"Raw","M3","ABR33",125,0.488428272055598,0.488428272055598,0.175749623772729,8.05218081363027,8.4918966293676
"CV1",3,NA,"Raw","M3","JKI",124,0.509855326131897,0.509855326131897,0.215089141765067,5.1825596672678,5.54561597850807
"CV1",4,NA,"Group_adjusted","M1","ABR33",125,NA,NA,NA,8.33468274513401,8.33822752965571
"CV1",4,NA,"Group_adjusted","M1","JKI",124,NA,NA,NA,5.37945163265972,5.38291842383068
"CV1",4,NA,"Group_adjusted","M2","ABR33",125,0.381152124755813,0.494675720256951,0.205647404583728,8.01536641395831,8.33822752965571
"CV1",4,NA,"Group_adjusted","M2","JKI",124,0.442743258514764,0.552622356928835,0.356473297762442,5.02462234295265,5.38291842383068
"CV1",4,NA,"Group_adjusted","M3","ABR33",125,0.410863925308223,0.508453737616166,0.264301497015883,7.94329629098662,8.33822752965571
"CV1",4,NA,"Group_adjusted","M3","JKI",124,0.425939667841709,0.550426417593113,0.339991447870744,5.03358008493132,5.38291842383068
"CV1",4,NA,"Raw","M1","ABR33",125,NA,NA,NA,9.27278616809728,8.33822752965571
"CV1",4,NA,"Raw","M1","JKI",124,NA,NA,NA,6.05821295288836,5.38291842383068
"CV1",4,NA,"Raw","M2","ABR33",125,0.513468368542022,0.513468368542022,0.274754139113195,7.9903518634391,8.33822752965571
"CV1",4,NA,"Raw","M2","JKI",124,0.540861714018904,0.540861714018904,0.358670298049531,5.07688021946688,5.38291842383068
"CV1",4,NA,"Raw","M3","ABR33",125,0.515469275240388,0.515469275240388,0.287446137780403,7.91735728782334,8.33822752965571
"CV1",4,NA,"Raw","M3","JKI",124,0.546382434204672,0.546382434204672,0.341540496295443,5.05539690619683,5.38291842383068
"CV1",5,NA,"Group_adjusted","M1","ABR33",125,NA,NA,NA,8.32404950297544,8.32359634604822
"CV1",5,NA,"Group_adjusted","M1","JKI",124,NA,NA,NA,5.35054810955054,5.3464508953552
"CV1",5,NA,"Group_adjusted","M2","ABR33",125,0.401777566347452,0.505546016381209,0.246500745301488,7.96013575192915,8.32359634604822
"CV1",5,NA,"Group_adjusted","M2","JKI",124,0.42823600044625,0.56365197897493,0.376117523864064,4.98817610023046,5.3464508953552
"CV1",5,NA,"Group_adjusted","M3","ABR33",125,0.392624224825725,0.51321204636207,0.265220782726068,7.91885816234338,8.32359634604822
"CV1",5,NA,"Group_adjusted","M3","JKI",124,0.425868765733079,0.562374993934366,0.370235183337061,4.99079874499499,5.3464508953552
"CV1",5,NA,"Raw","M1","ABR33",125,NA,NA,NA,9.25317806904891,8.32359634604822
"CV1",5,NA,"Raw","M1","JKI",124,NA,NA,NA,6.05644130229219,5.3464508953552
"CV1",5,NA,"Raw","M2","ABR33",125,0.528812427136338,0.528812427136338,0.32296496948885,7.94263259209827,8.32359634604822
"CV1",5,NA,"Raw","M2","JKI",124,0.540282195104237,0.540282195104237,0.333386327910906,5.07497034674053,5.3464508953552
"CV1",5,NA,"Raw","M3","ABR33",125,0.520865409951459,0.520865409951459,0.290877485422601,7.89423049929672,8.32359634604822
"CV1",5,NA,"Raw","M3","JKI",124,0.552949836421487,0.552949836421487,0.352470719509395,5.03329367199828,5.3464508953552
"CV1",6,NA,"Group_adjusted","M1","ABR33",125,NA,NA,NA,8.35030514368292,8.34870280506553
"CV1",6,NA,"Group_adjusted","M1","JKI",124,NA,NA,NA,5.39288069194095,5.39276877043496
"CV1",6,NA,"Group_adjusted","M2","ABR33",125,0.407802349274269,0.501344731359623,0.230694310677364,7.98229629428328,8.34870280506553
"CV1",6,NA,"Group_adjusted","M2","JKI",124,0.451280835433625,0.558108617176558,0.358216668015916,5.00986765411922,5.39276877043496
"CV1",6,NA,"Group_adjusted","M3","ABR33",125,0.417990455068301,0.513428673020804,0.273677447380712,7.9192173013071,8.34870280506553
"CV1",6,NA,"Group_adjusted","M3","JKI",124,0.436198060369796,0.556730878801167,0.344924839144022,5.0123343473724,5.39276877043496
"CV1",6,NA,"Raw","M1","ABR33",125,NA,NA,NA,9.26034740279651,8.34870280506553
"CV1",6,NA,"Raw","M1","JKI",124,NA,NA,NA,6.06499650151578,5.39276877043496
"CV1",6,NA,"Raw","M2","ABR33",125,0.528581335596477,0.528581335596477,0.322158029524501,7.94409426378381,8.34870280506553
"CV1",6,NA,"Raw","M2","JKI",124,0.544784648382784,0.544784648382784,0.35665912921583,5.05552463260193,5.39276877043496
"CV1",6,NA,"Raw","M3","ABR33",125,0.529547440002504,0.529547440002504,0.330120387328273,7.85385291098046,8.34870280506553
"CV1",6,NA,"Raw","M3","JKI",124,0.554704718412695,0.554704718412695,0.352958372051196,5.02749652186655,5.39276877043496
"CV1",7,NA,"Group_adjusted","M1","ABR33",125,NA,NA,NA,8.31077390588474,8.3060468969021
"CV1",7,NA,"Group_adjusted","M1","JKI",124,NA,NA,NA,5.5065817930954,5.50484984099389
"CV1",7,NA,"Group_adjusted","M2","ABR33",125,0.408669462567546,0.509506004143254,0.282504176634817,7.93966758247436,8.3060468969021
"CV1",7,NA,"Group_adjusted","M2","JKI",124,0.412375943020422,0.514999168752035,0.214161709426002,5.16379170424107,5.50484984099389
"CV1",7,NA,"Group_adjusted","M3","ABR33",125,0.423608876473268,0.522762809498727,0.325679537366554,7.86921051101583,8.3060468969021
"CV1",7,NA,"Group_adjusted","M3","JKI",124,0.431477194309888,0.52189162845735,0.234620467314998,5.13946369438376,5.50484984099389
"CV1",7,NA,"Raw","M1","ABR33",125,NA,NA,NA,9.26559928549082,8.3060468969021
"CV1",7,NA,"Raw","M1","JKI",124,NA,NA,NA,6.03683551620038,5.50484984099389
"CV1",7,NA,"Raw","M2","ABR33",125,0.533085130724614,0.533085130724614,0.343840045537331,7.9169239236181,8.3060468969021
"CV1",7,NA,"Raw","M2","JKI",124,0.53673012319298,0.53673012319298,0.325765080754126,5.09332095970307,5.50484984099389
"CV1",7,NA,"Raw","M3","ABR33",125,0.530149288629249,0.530149288629249,0.33870476710032,7.84593293600675,8.3060468969021
"CV1",7,NA,"Raw","M3","JKI",124,0.540691863048631,0.540691863048631,0.3063276518469,5.07305512905576,5.50484984099389
"CV1",8,NA,"Group_adjusted","M1","ABR33",125,NA,NA,NA,8.39505757630257,8.39426144989121
"CV1",8,NA,"Group_adjusted","M1","JKI",124,NA,NA,NA,5.49038173361364,5.48595916664721
"CV1",8,NA,"Group_adjusted","M2","ABR33",125,0.423156186447923,0.497497609861905,0.20688405158041,8.00010013828588,8.39426144989121
"CV1",8,NA,"Group_adjusted","M2","JKI",124,0.471788718039893,0.541544989039555,0.302862395228539,5.06811717217513,5.48595916664721
"CV1",8,NA,"Group_adjusted","M3","ABR33",125,0.455083252435792,0.513637099252817,0.270825585353562,7.91429302897234,8.39426144989121
"CV1",8,NA,"Group_adjusted","M3","JKI",124,0.460112647086346,0.536123394896394,0.282877755575478,5.08677623219526,5.48595916664721
"CV1",8,NA,"Raw","M1","ABR33",125,NA,NA,NA,9.24882528236673,8.39426144989121
"CV1",8,NA,"Raw","M1","JKI",124,NA,NA,NA,6.06799339769047,5.48595916664721
"CV1",8,NA,"Raw","M2","ABR33",125,0.528766930761669,0.528766930761669,0.329297110784985,7.92784342966795,8.39426144989121
"CV1",8,NA,"Raw","M2","JKI",124,0.542718630543349,0.542718630543349,0.353503371328137,5.06890303260208,5.48595916664721
"CV1",8,NA,"Raw","M3","ABR33",125,0.528002481577444,0.528002481577444,0.327512710672121,7.85175070354457,8.39426144989121
"CV1",8,NA,"Raw","M3","JKI",124,0.546587309174989,0.546587309174989,0.342710416078655,5.05421350452883,5.48595916664721
"CV1",9,NA,"Group_adjusted","M1","ABR33",125,NA,NA,NA,8.38353357354048,8.38517743520807
"CV1",9,NA,"Group_adjusted","M1","JKI",124,NA,NA,NA,5.43112609277229,5.43753732783721
"CV1",9,NA,"Group_adjusted","M2","ABR33",125,0.38216965691743,0.492039049893823,0.185262779443379,8.02962634203991,8.38517743520807
"CV1",9,NA,"Group_adjusted","M2","JKI",124,0.408673785403873,0.535959865763137,0.278788935464402,5.08682099766475,5.43753732783721
"CV1",9,NA,"Group_adjusted","M3","ABR33",125,0.408371808373965,0.505240434597373,0.23626085793981,7.96140673108297,8.38517743520807
"CV1",9,NA,"Group_adjusted","M3","JKI",124,0.40039313983676,0.529801249523211,0.259332750672374,5.10935091580941,5.43753732783721
"CV1",9,NA,"Raw","M1","ABR33",125,NA,NA,NA,9.35885446773355,8.38517743520807
"CV1",9,NA,"Raw","M1","JKI",124,NA,NA,NA,6.11306858061698,5.43753732783721
"CV1",9,NA,"Raw","M2","ABR33",125,0.503849953284816,0.503849953284816,0.228060534454291,8.03771193222415,8.38517743520807
"CV1",9,NA,"Raw","M2","JKI",124,0.520555913653331,0.520555913653331,0.259434952844003,5.16066067752628,5.43753732783721
"CV1",9,NA,"Raw","M3","ABR33",125,0.509118233179231,0.509118233179231,0.250514992412531,7.95238730959581,8.38517743520807
"CV1",9,NA,"Raw","M3","JKI",124,0.519392543978537,0.519392543978537,0.244710739463126,5.14950772121235,5.43753732783721
"CV1",10,NA,"Group_adjusted","M1","ABR33",125,NA,NA,NA,8.30713148805637,8.30595001605143
"CV1",10,NA,"Group_adjusted","M1","JKI",124,NA,NA,NA,5.33875998789714,5.33779742228892
"CV1",10,NA,"Group_adjusted","M2","ABR33",125,0.406374168443216,0.508896624732507,0.274464540905465,7.94177946846051,8.30595001605143
"CV1",10,NA,"Group_adjusted","M2","JKI",124,0.406334519478879,0.557371177436073,0.35646904938156,5.00699363286355,5.33779742228892
"CV1",10,NA,"Group_adjusted","M3","ABR33",125,0.446394028005147,0.529192068939522,0.343195130231932,7.83259226699628,8.30595001605143
"CV1",10,NA,"Group_adjusted","M3","JKI",124,0.42710902021681,0.566095113211812,0.375670968254899,4.97464957762044,5.33779742228892
"CV1",10,NA,"Raw","M1","ABR33",125,NA,NA,NA,9.3226383647744,8.30595001605143
"CV1",10,NA,"Raw","M1","JKI",124,NA,NA,NA,6.06745705056676,5.33779742228892
"CV1",10,NA,"Raw","M2","ABR33",125,0.532523855314945,0.532523855314945,0.343824429945729,7.91923107964539,8.30595001605143
"CV1",10,NA,"Raw","M2","JKI",124,0.542997174030674,0.542997174030674,0.34783402587411,5.06893499418409,5.33779742228892
"CV1",10,NA,"Raw","M3","ABR33",125,0.5420343830587,0.5420343830587,0.378318633493555,7.78383181260465,8.30595001605143
"CV1",10,NA,"Raw","M3","JKI",124,0.562669294806223,0.562669294806223,0.374629921899786,4.99606676222551,5.33779742228892
"CV2",1,NA,"Group_adjusted","M1","ABR33",124,0.711269151074793,0.701555702916922,0.653702446844657,6.62987404217901,8.45299319696489
"CV2",1,NA,"Group_adjusted","M1","JKI",124,0.696666962838371,0.767144806604288,0.692392108205426,4.01791583103908,5.31959820944395
"CV2",1,NA,"Group_adjusted","M2","ABR33",124,0.724416743882157,0.722272967920455,0.676326055051246,6.44808543566339,8.45299319696489
"CV2",1,NA,"Group_adjusted","M2","JKI",124,0.717448338754568,0.780404616935143,0.713837566198368,3.95349626733379,5.31959820944395
"CV2",1,NA,"Group_adjusted","M3","ABR33",124,0.746188205261106,0.73250529727122,0.704918871902113,6.38052463184901,8.45299319696489
"CV2",1,NA,"Group_adjusted","M3","JKI",124,0.727046772212387,0.790469383134778,0.723062541335505,3.77217132381878,5.31959820944395
"CV2",1,NA,"Raw","M1","ABR33",124,0.77247207667461,0.77247207667461,0.710339498936919,6.58407928440394,8.45299319696489
"CV2",1,NA,"Raw","M1","JKI",124,0.76801447895934,0.76801447895934,0.705161406668913,4.1986320365852,5.31959820944395
"CV2",1,NA,"Raw","M2","ABR33",124,0.777773844245159,0.777773844245159,0.71523664117991,6.30201314837533,8.45299319696489
"CV2",1,NA,"Raw","M2","JKI",124,0.790000127906958,0.790000127906958,0.717641268110896,4.09824104707896,5.31959820944395
"CV2",1,NA,"Raw","M3","ABR33",124,0.75409251643484,0.75409251643484,0.721879946000352,6.24114192657075,8.45299319696489
"CV2",1,NA,"Raw","M3","JKI",124,0.789583098566989,0.789583098566989,0.723606510478282,3.81075106021232,5.31959820944395
"CV2",2,NA,"Group_adjusted","M1","ABR33",124,0.712041015535495,0.713887337632704,0.663875242158769,6.55974223836852,8.370142228581
"CV2",2,NA,"Group_adjusted","M1","JKI",124,0.718217760477912,0.775114618623223,0.701571611687886,3.90926306956696,5.43968469746376
"CV2",2,NA,"Group_adjusted","M2","ABR33",124,0.729856572131177,0.736507157399568,0.690181514424179,6.36200603955246,8.370142228581
"CV2",2,NA,"Group_adjusted","M2","JKI",124,0.729688073245347,0.781166628926504,0.714252365706921,3.9182920817786,5.43968469746376
"CV2",2,NA,"Group_adjusted","M3","ABR33",124,0.754377427148476,0.747369977402327,0.717115464899705,6.28003352296375,8.370142228581
"CV2",2,NA,"Group_adjusted","M3","JKI",124,0.737973705274113,0.789850229757761,0.721933812853237,3.7699751359724,5.43968469746376
"CV2",2,NA,"Raw","M1","ABR33",124,0.77261104524837,0.77261104524837,0.710388602833842,6.63461057065734,8.370142228581
"CV2",2,NA,"Raw","M1","JKI",124,0.771929971727294,0.771929971727294,0.7086362136004,4.11486121960908,5.43968469746376
"CV2",2,NA,"Raw","M2","ABR33",124,0.788143351165087,0.788143351165087,0.730323866044506,6.26690978549815,8.370142228581
"CV2",2,NA,"Raw","M2","JKI",124,0.79137519526995,0.79137519526995,0.718995122867694,4.05748042049665,5.43968469746376
"CV2",2,NA,"Raw","M3","ABR33",124,0.76505423050276,0.76505423050276,0.733767114105837,6.17900690742165,8.370142228581
"CV2",2,NA,"Raw","M3","JKI",124,0.792318360289356,0.792318360289356,0.727310011307726,3.77314135200925,5.43968469746376
"CV2",3,NA,"Group_adjusted","M1","ABR33",124,0.724098347358411,0.725994058689063,0.687839186587672,6.46655482400725,8.34238919718148
"CV2",3,NA,"Group_adjusted","M1","JKI",124,0.703844514348508,0.772529239415036,0.698812222271298,3.92543554834908,5.33053425318357
"CV2",3,NA,"Group_adjusted","M2","ABR33",124,0.734649048527998,0.744536984830378,0.704936296844081,6.28147699125956,8.34238919718148
"CV2",3,NA,"Group_adjusted","M2","JKI",124,0.717296020298008,0.779398089837655,0.713001095824458,3.92406937787456,5.33053425318357
"CV2",3,NA,"Group_adjusted","M3","ABR33",124,0.751871193784979,0.751838275342322,0.723964424976724,6.23793028259076,8.34238919718148
"CV2",3,NA,"Group_adjusted","M3","JKI",124,0.727730079085968,0.790924294669638,0.722777736082794,3.74393827303361,5.33053425318357
"CV2",3,NA,"Raw","M1","ABR33",124,0.776165236093734,0.776165236093734,0.71647253652813,6.59809568869337,8.34238919718148
"CV2",3,NA,"Raw","M1","JKI",124,0.772850275693186,0.772850275693186,0.70958066091949,4.0961696852219,5.33053425318357
"CV2",3,NA,"Raw","M2","ABR33",124,0.789146336482806,0.789146336482806,0.730867886078663,6.23043183462478,8.34238919718148
"CV2",3,NA,"Raw","M2","JKI",124,0.791832456437113,0.791832456437113,0.719645305735833,4.04103375809895,5.33053425318357
"CV2",3,NA,"Raw","M3","ABR33",124,0.771646696605031,0.771646696605031,0.742276804984156,6.12125778902084,8.34238919718148
"CV2",3,NA,"Raw","M3","JKI",124,0.792770661088908,0.792770661088908,0.726641088150389,3.76075214979359,5.33053425318357
"CV2",4,NA,"Group_adjusted","M1","ABR33",124,0.718576899735993,0.720330620776906,0.671448151398589,6.47063457569055,8.36457158303094
"CV2",4,NA,"Group_adjusted","M1","JKI",124,0.697982579845007,0.768187150549499,0.692871173998653,3.96262393400252,5.33135562288989
"CV2",4,NA,"Group_adjusted","M2","ABR33",124,0.725308223817773,0.734620202301541,0.684526755111435,6.33339631881868,8.36457158303094
"CV2",4,NA,"Group_adjusted","M2","JKI",124,0.713604379709678,0.776776910946793,0.709141695556913,3.94150485497525,5.33135562288989
"CV2",4,NA,"Group_adjusted","M3","ABR33",124,0.742545375033315,0.740826728507952,0.703564779537788,6.30105924809354,8.36457158303094
"CV2",4,NA,"Group_adjusted","M3","JKI",124,0.723876402540233,0.787445914590671,0.719038453894868,3.78068441586236,5.33135562288989
"CV2",4,NA,"Raw","M1","ABR33",124,0.769669355444619,0.769669355444619,0.707526518354769,6.58406490112333,8.36457158303094
"CV2",4,NA,"Raw","M1","JKI",124,0.76836672791469,0.76836672791469,0.706008713868945,4.11393366840751,5.33135562288989
"CV2",4,NA,"Raw","M2","ABR33",124,0.777370815033876,0.777370815033876,0.712833011774984,6.29536563073709,8.36457158303094
"CV2",4,NA,"Raw","M2","JKI",124,0.787990344277464,0.787990344277464,0.714372862738484,4.04909378291162,5.33135562288989
"CV2",4,NA,"Raw","M3","ABR33",124,0.757839178294196,0.757839178294196,0.719136594507605,6.20331200225008,8.36457158303094
"CV2",4,NA,"Raw","M3","JKI",124,0.78808910016934,0.78808910016934,0.721777112316626,3.80427599853019,5.33135562288989
"CV2",5,NA,"Group_adjusted","M1","ABR33",124,0.697127104599681,0.706350899399069,0.648829474743793,6.62813285607467,8.34754462695719
"CV2",5,NA,"Group_adjusted","M1","JKI",124,0.704817275654142,0.767481022026222,0.692037023289454,3.96830922341415,5.41303236168628
"CV2",5,NA,"Group_adjusted","M2","ABR33",124,0.713795575592476,0.729201056967757,0.675172673971365,6.42542197804171,8.34754462695719
"CV2",5,NA,"Group_adjusted","M2","JKI",124,0.720981874186172,0.777347301678578,0.709466499729806,3.933585923597,5.41303236168628
"CV2",5,NA,"Group_adjusted","M3","ABR33",124,0.731968769214357,0.735885988610603,0.696937561552573,6.38373618077426,8.34754462695719
"CV2",5,NA,"Group_adjusted","M3","JKI",124,0.731702017150337,0.788446888714412,0.718760227733176,3.76468157225448,5.41303236168628
"CV2",5,NA,"Raw","M1","ABR33",124,0.74239444590582,0.74239444590582,0.673576277597088,6.78926562378059,8.34754462695719
"CV2",5,NA,"Raw","M1","JKI",124,0.766313449897605,0.766313449897605,0.70227788473243,4.15805698585148,5.41303236168628
"CV2",5,NA,"Raw","M2","ABR33",124,0.76509796851427,0.76509796851427,0.693899819185757,6.40983947360318,8.34754462695719
"CV2",5,NA,"Raw","M2","JKI",124,0.786028844967678,0.786028844967678,0.711440536133284,4.09442406630143,5.41303236168628
"CV2",5,NA,"Raw","M3","ABR33",124,0.753303492002044,0.753303492002044,0.711142848421518,6.28126667062347,8.34754462695719
"CV2",5,NA,"Raw","M3","JKI",124,0.788008665139865,0.788008665139865,0.720690118775096,3.7993669690744,5.41303236168628
"CV2",6,NA,"Group_adjusted","M1","ABR33",124,0.724120136347169,0.72381058321112,0.695273391994069,6.47528832090038,8.32755002191642
"CV2",6,NA,"Group_adjusted","M1","JKI",124,0.69982981358852,0.766448797866955,0.689939477709813,3.97933275325241,5.3924376357191
"CV2",6,NA,"Group_adjusted","M2","ABR33",124,0.731229094040839,0.741089071127872,0.708398881287596,6.31240455670235,8.32755002191642
"CV2",6,NA,"Group_adjusted","M2","JKI",124,0.713194251668737,0.774017744790852,0.704555405896844,3.9745830722244,5.3924376357191
"CV2",6,NA,"Group_adjusted","M3","ABR33",124,0.747084799951545,0.748799055677458,0.730921573677531,6.26313626875768,8.32755002191642
"CV2",6,NA,"Group_adjusted","M3","JKI",124,0.722698259743415,0.783627389671492,0.712629952618142,3.81525536583379,5.3924376357191
"CV2",6,NA,"Raw","M1","ABR33",124,0.776478327121687,0.776478327121687,0.715237441197063,6.60459493215313,8.32755002191642
"CV2",6,NA,"Raw","M1","JKI",124,0.763826957082537,0.763826957082537,0.697998263087913,4.19972941769508,5.3924376357191
"CV2",6,NA,"Raw","M2","ABR33",124,0.786876690360137,0.786876690360137,0.728063678184272,6.26611553823249,8.32755002191642
"CV2",6,NA,"Raw","M2","JKI",124,0.783426359535872,0.783426359535872,0.708138116726296,4.1506457678589,5.3924376357191
"CV2",6,NA,"Raw","M3","ABR33",124,0.762911936157636,0.762911936157636,0.737042712106694,6.18355303536425,8.32755002191642
"CV2",6,NA,"Raw","M3","JKI",124,0.786770434387276,0.786770434387276,0.719405849023317,3.81896491903504,5.3924376357191
"CV2",7,NA,"Group_adjusted","M1","ABR33",124,0.711391416587436,0.724609007343685,0.67506234859686,6.4762133455691,8.30451227008472
"CV2",7,NA,"Group_adjusted","M1","JKI",124,0.71644111131323,0.772854200778932,0.697822215676901,3.90868233713487,5.47555106934992
"CV2",7,NA,"Group_adjusted","M2","ABR33",124,0.724257689701656,0.742205237446606,0.692081123388055,6.31002299263473,8.30451227008472
"CV2",7,NA,"Group_adjusted","M2","JKI",124,0.729705297604006,0.781671922590158,0.713417672739515,3.89142075732336,5.47555106934992
"CV2",7,NA,"Group_adjusted","M3","ABR33",124,0.745012268750931,0.749797771705351,0.713673187866105,6.26209620774044,8.30451227008472
"CV2",7,NA,"Group_adjusted","M3","JKI",124,0.740056402418395,0.791740263591814,0.721535742324819,3.73248571462083,5.47555106934992
"CV2",7,NA,"Raw","M1","ABR33",124,0.774858265895952,0.774858265895952,0.714136375024953,6.58575809992203,8.30451227008472
"CV2",7,NA,"Raw","M1","JKI",124,0.773181352262435,0.773181352262435,0.710259835770607,4.08370577571563,5.47555106934992
"CV2",7,NA,"Raw","M2","ABR33",124,0.788719144218384,0.788719144218384,0.729786963536762,6.24340176835308,8.30451227008472
"CV2",7,NA,"Raw","M2","JKI",124,0.790811828439187,0.790811828439187,0.718322989723826,4.05352761987598,5.47555106934992
"CV2",7,NA,"Raw","M3","ABR33",124,0.76915985637351,0.76915985637351,0.735825467104295,6.14285786547256,8.30451227008472
"CV2",7,NA,"Raw","M3","JKI",124,0.795798496982672,0.795798496982672,0.729280445306356,3.7313318660276,5.47555106934992
"CV2",8,NA,"Group_adjusted","M1","ABR33",124,0.716672511312985,0.723603456897312,0.68078579595972,6.46123539150717,8.33092141176795
"CV2",8,NA,"Group_adjusted","M1","JKI",124,0.713076307435881,0.77504169638971,0.700106006919732,3.90241319421559,5.39452339045275
"CV2",8,NA,"Group_adjusted","M2","ABR33",124,0.727489864443151,0.742059195865376,0.698382560190112,6.28306981945672,8.33092141176795
"CV2",8,NA,"Group_adjusted","M2","JKI",124,0.726796107026075,0.782510989563956,0.714825588682537,3.90272353937033,5.39452339045275
"CV2",8,NA,"Group_adjusted","M3","ABR33",124,0.747861270733105,0.747962340927049,0.72054911817699,6.25791721847412,8.33092141176795
"CV2",8,NA,"Group_adjusted","M3","JKI",124,0.737289038328745,0.792853015581594,0.725011498448823,3.73466384562368,5.39452339045275
"CV2",8,NA,"Raw","M1","ABR33",124,0.762731884961516,0.762731884961516,0.698915352711693,6.63169429819159,8.33092141176795
"CV2",8,NA,"Raw","M1","JKI",124,0.775377385984225,0.775377385984225,0.713234263016233,4.06287358039345,5.39452339045275
"CV2",8,NA,"Raw","M2","ABR33",124,0.779410781720635,0.779410781720635,0.715112444218056,6.27411736396931,8.33092141176795
"CV2",8,NA,"Raw","M2","JKI",124,0.793638745969799,0.793638745969799,0.722107578022595,4.02777228911489,5.39452339045275
"CV2",8,NA,"Raw","M3","ABR33",124,0.763521122612428,0.763521122612428,0.732923648811043,6.16889772078766,8.33092141176795
"CV2",8,NA,"Raw","M3","JKI",124,0.793773175972088,0.793773175972088,0.72816171826322,3.75180525556394,5.39452339045275
"CV2",9,NA,"Group_adjusted","M1","ABR33",124,0.718770326054102,0.70920147706474,0.663832359684194,6.58744499742811,8.41249241002068
"CV2",9,NA,"Group_adjusted","M1","JKI",124,0.706635963713317,0.771491165879132,0.694098903924772,3.96157556101337,5.42508371426308
"CV2",9,NA,"Group_adjusted","M2","ABR33",124,0.727946270760304,0.727802937867319,0.680964443948315,6.41167728645481,8.41249241002068
"CV2",9,NA,"Group_adjusted","M2","JKI",124,0.718326675047973,0.77912258007778,0.707706280589967,3.96397306524762,5.42508371426308
"CV2",9,NA,"Group_adjusted","M3","ABR33",124,0.747017895212669,0.736821745579607,0.704753565787496,6.35656024478427,8.41249241002068
"CV2",9,NA,"Group_adjusted","M3","JKI",124,0.725249403458332,0.785645923699706,0.712691241748893,3.82472061763703,5.42508371426308
"CV2",9,NA,"Raw","M1","ABR33",124,0.769358724916935,0.769358724916935,0.706515766845128,6.65955763042973,8.41249241002068
"CV2",9,NA,"Raw","M1","JKI",124,0.767935011273454,0.767935011273454,0.702810153088134,4.15720122071807,5.42508371426308
"CV2",9,NA,"Raw","M2","ABR33",124,0.783148928962195,0.783148928962195,0.723326381958386,6.2886480654106,8.41249241002068
"CV2",9,NA,"Raw","M2","JKI",124,0.786857437043225,0.786857437043225,0.712401532180252,4.11411631919748,5.42508371426308
"CV2",9,NA,"Raw","M3","ABR33",124,0.754339863699116,0.754339863699116,0.719805049560737,6.25762548915311,8.41249241002068
"CV2",9,NA,"Raw","M3","JKI",124,0.784233097280738,0.784233097280738,0.712908872255103,3.86356822426716,5.42508371426308
"CV2",10,NA,"Group_adjusted","M1","ABR33",124,0.715744242757205,0.707943867910863,0.657646005668316,6.59781544286438,8.4529665410798
"CV2",10,NA,"Group_adjusted","M1","JKI",124,0.717970526966582,0.775342467923284,0.701935681794808,3.89843571070467,5.43379133271185
"CV2",10,NA,"Group_adjusted","M2","ABR33",124,0.731638260707221,0.729990007587461,0.683424832376307,6.40657677761036,8.4529665410798
"CV2",10,NA,"Group_adjusted","M2","JKI",124,0.725754739047089,0.778406272789784,0.71081825885059,3.92942570214287,5.43379133271185
"CV2",10,NA,"Group_adjusted","M3","ABR33",124,0.75347384419535,0.739110232849706,0.710942228519047,6.34847985688463,8.4529665410798
"CV2",10,NA,"Group_adjusted","M3","JKI",124,0.735954189621177,0.788338942219567,0.720485170296383,3.7717665902351,5.43379133271185
"CV2",10,NA,"Raw","M1","ABR33",124,0.775830554781786,0.775830554781786,0.711922301399166,6.58220447519254,8.4529665410798
"CV2",10,NA,"Raw","M1","JKI",124,0.777982602149827,0.777982602149827,0.717733854555838,4.05180988398035,5.43379133271185
"CV2",10,NA,"Raw","M2","ABR33",124,0.780946172946765,0.780946172946765,0.721134536456285,6.29146280694249,8.4529665410798
"CV2",10,NA,"Raw","M2","JKI",124,0.792542738079726,0.792542738079726,0.720961274110086,4.02487405707868,5.43379133271185
"CV2",10,NA,"Raw","M3","ABR33",124,0.756532792692251,0.756532792692251,0.725426507455401,6.24116181465862,8.4529665410798
"CV2",10,NA,"Raw","M3","JKI",124,0.791084998901164,0.791084998901164,0.726962075605478,3.77876614494152,5.43379133271185
"Sparse25",1,0,"Group_adjusted","M1","ABR33",100,0.337129348959667,0.421064452466123,0.365671622247501,8.40048733088682,8.59175837670499
"Sparse25",1,0,"Group_adjusted","M1","JKI",99,0.345625904348667,0.557270307019744,0.345781409626505,5.0457947272704,5.30155144628945
"Sparse25",1,0,"Group_adjusted","M2","ABR33",100,0.402269914175928,0.458990544011235,0.437896492905181,8.23590942531348,8.59175837670499
"Sparse25",1,0,"Group_adjusted","M2","JKI",99,0.405516450522866,0.596001104515173,0.407367963478796,4.91342229140555,5.30155144628945
"Sparse25",1,0,"Group_adjusted","M3","ABR33",100,0.39210756929076,0.454998138142262,0.445823772639531,8.26064482893436,8.59175837670499
"Sparse25",1,0,"Group_adjusted","M3","JKI",99,0.431654454789546,0.606365548897759,0.434843138058916,4.8614955231216,5.30155144628945
"Sparse25",1,0,"Raw","M1","ABR33",100,0.357675661518066,0.357675661518066,0.284823754811495,9.05110659087264,8.59175837670499
"Sparse25",1,0,"Raw","M1","JKI",99,0.381495178066136,0.381495178066136,0.343287358147649,5.72800328658414,5.30155144628945
"Sparse25",1,0,"Raw","M2","ABR33",100,0.606755669706767,0.606755669706767,0.411811816892888,8.07564873473018,8.59175837670499
"Sparse25",1,0,"Raw","M2","JKI",99,0.590183442036788,0.590183442036788,0.387339587799706,4.96390451571974,5.30155144628945
"Sparse25",1,0,"Raw","M3","ABR33",100,0.597498912689489,0.597498912689489,0.400920486293011,8.07533149808593,8.59175837670499
"Sparse25",1,0,"Raw","M3","JKI",99,0.604158368209817,0.604158368209817,0.415107747028322,4.93405964486806,5.30155144628945
"Sparse25",1,5,"Group_adjusted","M1","ABR33",100,0.294174206464482,0.569904895155097,0.299131727981147,8.28839045399355,8.44915704482781
"Sparse25",1,5,"Group_adjusted","M1","JKI",99,0.360605000882298,0.307044906369087,0.437107526439133,6.02804998587833,6.32859958383867
"Sparse25",1,5,"Group_adjusted","M2","ABR33",100,0.346146231524243,0.598395589073679,0.346066671847199,8.16037735353806,8.44915704482781
"Sparse25",1,5,"Group_adjusted","M2","JKI",99,0.411532880176653,0.367308095895555,0.466211974333864,5.81570806781732,6.32859958383867
"Sparse25",1,5,"Group_adjusted","M3","ABR33",100,0.473028612659044,0.610094819524592,0.405733431677263,8.00302556412396,8.44915704482781
"Sparse25",1,5,"Group_adjusted","M3","JKI",99,0.392605233584773,0.346253031049305,0.478947435595762,5.86161416666597,6.32859958383867
"Sparse25",1,5,"Raw","M1","ABR33",100,0.319394492717396,0.319394492717396,0.283919568009293,9.28733797664098,8.44915704482781
"Sparse25",1,5,"Raw","M1","JKI",99,0.394698542368941,0.394698542368941,0.40509055755979,5.73774595770829,6.32859958383867
"Sparse25",1,5,"Raw","M2","ABR33",100,0.618806388154675,0.618806388154675,0.385200637418023,8.53856503451483,8.44915704482781
"Sparse25",1,5,"Raw","M2","JKI",99,0.64319264021564,0.64319264021564,0.441445471261284,4.95275576386048,6.32859958383867
"Sparse25",1,5,"Raw","M3","ABR33",100,0.629987887896459,0.629987887896459,0.426610762720611,8.2544534735057,8.44915704482781
"Sparse25",1,5,"Raw","M3","JKI",99,0.641613453892755,0.641613453892755,0.453328979878693,5.05107287817529,6.32859958383867
"Sparse25",1,10,"Group_adjusted","M1","ABR33",100,0.205680747462538,0.440916213534459,0.222875548584745,8.85017846584681,8.98445019358592
"Sparse25",1,10,"Group_adjusted","M1","JKI",99,0.290409865153509,0.459354044149862,0.291176608717061,5.53083416460328,5.74935772691124
"Sparse25",1,10,"Group_adjusted","M2","ABR33",100,0.272814095395206,0.46005839397079,0.300858597981875,8.72802896183115,8.98445019358592
"Sparse25",1,10,"Group_adjusted","M2","JKI",99,0.38580260007332,0.504098055620183,0.369684664445889,5.30592567211316,5.74935772691124
"Sparse25",1,10,"Group_adjusted","M3","ABR33",100,0.303519917497324,0.462738671784932,0.337817851448007,8.70379378359073,8.98445019358592
"Sparse25",1,10,"Group_adjusted","M3","JKI",99,0.439740126485351,0.514469578742486,0.409549032656469,5.3106253693927,5.74935772691124
"Sparse25",1,10,"Raw","M1","ABR33",100,0.283027170869694,0.283027170869694,0.24847670882643,8.86261171356857,8.98445019358592
"Sparse25",1,10,"Raw","M1","JKI",99,0.408957305723067,0.408957305723067,0.336300634323843,5.67740001690771,5.74935772691124
"Sparse25",1,10,"Raw","M2","ABR33",100,0.485841111200956,0.485841111200956,0.272663123840514,7.95525006593281,8.98445019358592
"Sparse25",1,10,"Raw","M2","JKI",99,0.567180860827716,0.567180860827716,0.316714922252631,4.98104798261005,5.74935772691124
"Sparse25",1,10,"Raw","M3","ABR33",100,0.470950360562612,0.470950360562612,0.260129695757713,8.01394426647497,8.98445019358592
"Sparse25",1,10,"Raw","M3","JKI",99,0.582958435959245,0.582958435959245,0.353137947488983,4.97221282348325,5.74935772691124
"Sparse25",1,15,"Group_adjusted","M1","ABR33",100,0.196230906901415,0.417809214082007,0.159194584496843,8.78230528137818,8.85319767165418
"Sparse25",1,15,"Group_adjusted","M1","JKI",99,0.272639300470968,0.425231138442771,0.208081235771646,5.56643607524806,5.73670043928638
"Sparse25",1,15,"Group_adjusted","M2","ABR33",100,0.324757742222574,0.4271918986295,0.218416183278358,8.65024638371023,8.85319767165418
"Sparse25",1,15,"Group_adjusted","M2","JKI",99,0.322958579335061,0.44394336900924,0.256690508129777,5.47076126152017,5.73670043928638
"Sparse25",1,15,"Group_adjusted","M3","ABR33",100,0.341781926154238,0.4306905704256,0.248152130833534,8.65247569633458,8.85319767165418
"Sparse25",1,15,"Group_adjusted","M3","JKI",99,0.306917922132319,0.441625839647459,0.260376148897873,5.50357494187712,5.73670043928638
"Sparse25",1,15,"Raw","M1","ABR33",100,0.147005701269796,0.147005701269796,0.109511622253352,9.04508663365278,8.85319767165418
"Sparse25",1,15,"Raw","M1","JKI",99,0.315400207173949,0.315400207173949,0.254151047770333,5.77076005033785,5.73670043928638
"Sparse25",1,15,"Raw","M2","ABR33",100,0.43848803665194,0.43848803665194,0.145200452044038,8.21697224178405,8.85319767165418
"Sparse25",1,15,"Raw","M2","JKI",99,0.489822573986296,0.489822573986296,0.202752750783835,5.36560173939253,5.73670043928638
"Sparse25",1,15,"Raw","M3","ABR33",100,0.431521878703534,0.431521878703534,0.11922234334897,8.3047769154459,8.85319767165418
"Sparse25",1,15,"Raw","M3","JKI",99,0.488857223698094,0.488857223698094,0.209322326725767,5.2730010817035,5.73670043928638
"Sparse25",1,20,"Group_adjusted","M1","ABR33",100,0.0524532333949722,0.390171146333361,0.0144735230803323,8.65349120005563,8.63316710530329
"Sparse25",1,20,"Group_adjusted","M1","JKI",99,0.156227827672389,0.453162932981157,0.143160895861326,5.52966569985338,5.49148468654445
"Sparse25",1,20,"Group_adjusted","M2","ABR33",100,0.210435446904106,0.434702220766577,0.145212336595145,8.53161877595456,8.63316710530329
"Sparse25",1,20,"Group_adjusted","M2","JKI",99,0.227304405515111,0.486628647666852,0.199205202997596,5.39589379974495,5.49148468654445
"Sparse25",1,20,"Group_adjusted","M3","ABR33",100,0.253529131139355,0.44978881491155,0.231812945483212,8.49627504840419,8.63316710530329
"Sparse25",1,20,"Group_adjusted","M3","JKI",99,0.249308673002933,0.50179903804912,0.214531192981816,5.36608739139006,5.49148468654445
"Sparse25",1,20,"Raw","M1","ABR33",100,0.101063872769936,0.101063872769936,0.020627197361091,9.19984169608147,8.63316710530329
"Sparse25",1,20,"Raw","M1","JKI",99,0.107690227620598,0.107690227620598,0.110284112422655,6.18300983380977,5.49148468654445
"Sparse25",1,20,"Raw","M2","ABR33",100,0.530587657639665,0.530587657639665,0.12841455438732,8.54047558202419,8.63316710530329
"Sparse25",1,20,"Raw","M2","JKI",99,0.417770337335369,0.417770337335369,0.150313362435094,5.61924807872994,5.49148468654445
"Sparse25",1,20,"Raw","M3","ABR33",100,0.559186546077504,0.559186546077504,0.208720514324649,8.5205939206772,8.63316710530329
"Sparse25",1,20,"Raw","M3","JKI",99,0.468155555088316,0.468155555088316,0.156706221641209,5.52429599633303,5.49148468654445
"Sparse25",1,25,"Group_adjusted","M1","ABR33",100,NA,0.502042472160199,NA,8.17440902967899,8.19133746761789
"Sparse25",1,25,"Group_adjusted","M1","JKI",99,NA,0.416170119008716,NA,5.53616202686521,5.52951147563257
"Sparse25",1,25,"Group_adjusted","M2","ABR33",100,0.0162299777201744,0.52213584526736,0.269968663151835,8.1877328376485,8.19133746761789
"Sparse25",1,25,"Group_adjusted","M2","JKI",99,0.00086374686889571,0.415364046254859,0.190612886161818,5.54650412720062,5.52951147563257
"Sparse25",1,25,"Group_adjusted","M3","ABR33",100,0.0823654820942979,0.530271326351173,0.276981869346108,8.16140414795935,8.19133746761789
"Sparse25",1,25,"Group_adjusted","M3","JKI",99,0.00450482563299433,0.415337711501164,0.296025299129784,5.54940062322675,5.52951147563257
"Sparse25",1,25,"Raw","M1","ABR33",100,NA,NA,NA,9.12852068339569,8.19133746761789
"Sparse25",1,25,"Raw","M1","JKI",99,NA,NA,NA,6.05848896629341,5.52951147563257
"Sparse25",1,25,"Raw","M2","ABR33",100,0.554710092555126,0.554710092555126,0.273788919091281,8.41341815935335,8.19133746761789
"Sparse25",1,25,"Raw","M2","JKI",99,0.509723641557031,0.509723641557031,0.127831349185742,5.46208286677912,5.52951147563257
"Sparse25",1,25,"Raw","M3","ABR33",100,0.55864518884198,0.55864518884198,0.275213640308143,8.29273395141523,8.19133746761789
"Sparse25",1,25,"Raw","M3","JKI",99,0.521485055455887,0.521485055455887,0.231890430358524,5.46906139596941,5.52951147563257
"Sparse25",2,0,"Group_adjusted","M1","ABR33",100,0.306546928814251,0.485943870841528,0.309489420661431,7.94290240906081,8.14878348138324
"Sparse25",2,0,"Group_adjusted","M1","JKI",99,0.315282000846228,0.556243883494321,0.318211275561927,5.24693577288482,5.47463534941267
"Sparse25",2,0,"Group_adjusted","M2","ABR33",100,0.341331375761144,0.506073745990966,0.346815382100034,7.88879806690327,8.14878348138324
"Sparse25",2,0,"Group_adjusted","M2","JKI",99,0.332518566708355,0.564579712330077,0.336694413931151,5.1486662461351,5.47463534941267
"Sparse25",2,0,"Group_adjusted","M3","ABR33",100,0.357536027291943,0.509075650920139,0.368239431209177,7.92506498408772,8.14878348138324
"Sparse25",2,0,"Group_adjusted","M3","JKI",99,0.348840121409577,0.575156004247497,0.354727598591512,5.14689506392783,5.47463534941267
"Sparse25",2,0,"Raw","M1","ABR33",100,0.351743227742879,0.351743227742879,0.286106503123283,8.75211251742191,8.14878348138324
"Sparse25",2,0,"Raw","M1","JKI",99,0.421896635121194,0.421896635121194,0.354932183099383,5.94202187995857,5.47463534941267
"Sparse25",2,0,"Raw","M2","ABR33",100,0.529973958585257,0.529973958585257,0.319665329061719,7.82186246828719,8.14878348138324
"Sparse25",2,0,"Raw","M2","JKI",99,0.569087721634393,0.569087721634393,0.333253133512614,5.28881630879479,5.47463534941267
"Sparse25",2,0,"Raw","M3","ABR33",100,0.519667645174087,0.519667645174087,0.32838498766834,7.75315477475906,8.14878348138324
"Sparse25",2,0,"Raw","M3","JKI",99,0.573309224635206,0.573309224635206,0.343705519199481,5.31966838293464,5.47463534941267
"Sparse25",2,5,"Group_adjusted","M1","ABR33",100,0.298851167377647,0.428479383909049,0.275695914113647,8.60622290814597,8.80459909106034
"Sparse25",2,5,"Group_adjusted","M1","JKI",99,0.306017434624428,0.459943469635648,0.314161569633698,5.64803058581515,5.89822115777206
"Sparse25",2,5,"Group_adjusted","M2","ABR33",100,0.384237773812149,0.448759732289032,0.325420051356329,8.39113467326237,8.80459909106034
"Sparse25",2,5,"Group_adjusted","M2","JKI",99,0.386836401860191,0.492826908842034,0.350916919763146,5.42943643047658,5.89822115777206
"Sparse25",2,5,"Group_adjusted","M3","ABR33",100,0.385220556366981,0.447702170839451,0.333900260229701,8.37818051335567,8.80459909106034
"Sparse25",2,5,"Group_adjusted","M3","JKI",99,0.406995087037274,0.48938858926211,0.374356370130861,5.41948405133992,5.89822115777206
"Sparse25",2,5,"Raw","M1","ABR33",100,0.332812822927766,0.332812822927766,0.233876281050947,8.98623034830645,8.80459909106034
"Sparse25",2,5,"Raw","M1","JKI",99,0.377366442230318,0.377366442230318,0.321432658449003,5.53331026815877,5.89822115777206
"Sparse25",2,5,"Raw","M2","ABR33",100,0.498418160371492,0.498418160371492,0.34134672675231,7.98478799437942,8.80459909106034
"Sparse25",2,5,"Raw","M2","JKI",99,0.516623793652418,0.516623793652418,0.339145594349411,5.2878465669433,5.89822115777206
"Sparse25",2,5,"Raw","M3","ABR33",100,0.492695839039276,0.492695839039276,0.35433075715379,7.96016365025619,8.80459909106034
"Sparse25",2,5,"Raw","M3","JKI",99,0.515023406281639,0.515023406281639,0.352168852842366,5.18381520212779,5.89822115777206
"Sparse25",2,10,"Group_adjusted","M1","ABR33",100,0.395321453878593,0.476753499731192,0.395473860546274,8.03394166587142,8.27720917004972
"Sparse25",2,10,"Group_adjusted","M1","JKI",99,0.323516465803914,0.517945514789197,0.339590217438383,5.21287085045174,5.46093690142423
"Sparse25",2,10,"Group_adjusted","M2","ABR33",100,0.462621886438099,0.508647990171687,0.470934270888381,7.83794656981498,8.27720917004972
"Sparse25",2,10,"Group_adjusted","M2","JKI",99,0.392167472620225,0.555634523629619,0.400214690566432,5.04521088396003,5.46093690142423
"Sparse25",2,10,"Group_adjusted","M3","ABR33",100,0.48402472509775,0.51199292138808,0.488155403313166,7.82058358714618,8.27720917004972
"Sparse25",2,10,"Group_adjusted","M3","JKI",99,0.37765729121967,0.550361279670302,0.428531976679058,5.11647402581868,5.46093690142423
"Sparse25",2,10,"Raw","M1","ABR33",100,0.31898960379303,0.31898960379303,0.275488555956462,8.80985990526508,8.27720917004972
"Sparse25",2,10,"Raw","M1","JKI",99,0.307501594932562,0.307501594932562,0.25286446261612,5.62761255586215,5.46093690142423
"Sparse25",2,10,"Raw","M2","ABR33",100,0.549735390562374,0.549735390562374,0.433765653755833,7.65674883718435,8.27720917004972
"Sparse25",2,10,"Raw","M2","JKI",99,0.534782733576109,0.534782733576109,0.330615568610739,5.18826861751223,5.46093690142423
"Sparse25",2,10,"Raw","M3","ABR33",100,0.542505308864567,0.542505308864567,0.450488056548806,7.64066261709517,8.27720917004972
"Sparse25",2,10,"Raw","M3","JKI",99,0.536057962234053,0.536057962234053,0.352655033576932,5.16323443189677,5.46093690142423
"Sparse25",2,15,"Group_adjusted","M1","ABR33",100,0.203650743345982,0.43232894997212,0.195887363218181,8.52883115075426,8.63826428313386
"Sparse25",2,15,"Group_adjusted","M1","JKI",99,0.0638528496926835,0.437900994377273,0.0574804161872376,5.70991003486183,5.61421940236585
"Sparse25",2,15,"Group_adjusted","M2","ABR33",100,0.323214190653654,0.450290930163282,0.314475721240099,8.42217855854802,8.63826428313386
"Sparse25",2,15,"Group_adjusted","M2","JKI",99,0.166457853173763,0.454975012409024,0.146749302510797,5.62802402660046,5.61421940236585
"Sparse25",2,15,"Group_adjusted","M3","ABR33",100,0.325869878845625,0.451487676562199,0.352660363995682,8.44000757709302,8.63826428313386
"Sparse25",2,15,"Group_adjusted","M3","JKI",99,0.163810963646495,0.455357005450111,0.155763263435679,5.60221804949665,5.61421940236585
"Sparse25",2,15,"Raw","M1","ABR33",100,0.269569028627319,0.269569028627319,0.218702171226673,9.38237235138499,8.63826428313386
"Sparse25",2,15,"Raw","M1","JKI",99,0.102052639457637,0.102052639457637,0.0441485272722266,6.28213964596303,5.61421940236585
"Sparse25",2,15,"Raw","M2","ABR33",100,0.48113139389393,0.48113139389393,0.290075110109408,8.3527173125336,8.63826428313386
"Sparse25",2,15,"Raw","M2","JKI",99,0.430782377914966,0.430782377914966,0.0966083202414262,5.77162525964382,5.61421940236585
"Sparse25",2,15,"Raw","M3","ABR33",100,0.472317847246023,0.472317847246023,0.296889989291795,8.33513245407554,8.63826428313386
"Sparse25",2,15,"Raw","M3","JKI",99,0.429142116907125,0.429142116907125,0.0911076371792084,5.72599888775581,5.61421940236585
"Sparse25",2,20,"Group_adjusted","M1","ABR33",100,0.269667480705057,0.470431751504148,0.285411187448255,8.59942619672541,8.89091961154475
"Sparse25",2,20,"Group_adjusted","M1","JKI",99,0.125548497584772,0.498566094537917,0.122961759185029,5.27658354832533,5.338823529508
"Sparse25",2,20,"Group_adjusted","M2","ABR33",100,0.31417266062549,0.484072619560041,0.340994001692846,8.5375929226826,8.89091961154475
"Sparse25",2,20,"Group_adjusted","M2","JKI",99,0.19689792288705,0.514859564831932,0.195725663369516,5.23105361649719,5.338823529508
"Sparse25",2,20,"Group_adjusted","M3","ABR33",100,0.288486958522162,0.475137485564714,0.343919056641597,8.6160951399991,8.89091961154475
"Sparse25",2,20,"Group_adjusted","M3","JKI",99,0.212792874220913,0.517955983313886,0.216740222015652,5.2069390116125,5.338823529508
"Sparse25",2,20,"Raw","M1","ABR33",100,0.330343527673649,0.330343527673649,0.277067889877989,9.34817140829304,8.89091961154475
"Sparse25",2,20,"Raw","M1","JKI",99,0.210109510535655,0.210109510535655,0.131067989591902,5.9460890391813,5.338823529508
"Sparse25",2,20,"Raw","M2","ABR33",100,0.51127017042139,0.51127017042139,0.349782750406766,8.55035725652812,8.89091961154475
"Sparse25",2,20,"Raw","M2","JKI",99,0.500455672446541,0.500455672446541,0.159917762157984,5.26392883042446,5.338823529508
"Sparse25",2,20,"Raw","M3","ABR33",100,0.491828082669842,0.491828082669842,0.339020654737626,8.56548585398851,8.89091961154475
"Sparse25",2,20,"Raw","M3","JKI",99,0.501730164851464,0.501730164851464,0.168293375763358,5.28201512876772,5.338823529508
"Sparse25",2,25,"Group_adjusted","M1","ABR33",100,NA,0.437821508630916,NA,8.91439979400783,8.90536823450024
"Sparse25",2,25,"Group_adjusted","M1","JKI",99,NA,0.457595424269085,NA,5.49264632958123,5.49941152146847
"Sparse25",2,25,"Group_adjusted","M2","ABR33",100,0.210927998296838,0.450600444268304,0.244577514782064,8.85273004203382,8.90536823450024
"Sparse25",2,25,"Group_adjusted","M2","JKI",99,0.272885881888228,0.486689319728685,0.315792434660329,5.43417520866426,5.49941152146847
"Sparse25",2,25,"Group_adjusted","M3","ABR33",100,0.254604363931445,0.456879072784645,0.263999427700179,8.82972495628913,8.90536823450024
"Sparse25",2,25,"Group_adjusted","M3","JKI",99,0.319537523395895,0.502242152600704,0.349054977029572,5.3961256238578,5.49941152146847
"Sparse25",2,25,"Raw","M1","ABR33",100,NA,NA,NA,10.2170384782236,8.90536823450024
"Sparse25",2,25,"Raw","M1","JKI",99,NA,NA,NA,6.22228011803233,5.49941152146847
"Sparse25",2,25,"Raw","M2","ABR33",100,0.462937529842395,0.462937529842395,0.172925534977854,9.23117202601678,8.90536823450024
"Sparse25",2,25,"Raw","M2","JKI",99,0.495597057143269,0.495597057143269,0.172749786671633,5.41822617658935,5.49941152146847
"Sparse25",2,25,"Raw","M3","ABR33",100,0.465766228248938,0.465766228248938,0.203353614802551,9.02489822497562,8.90536823450024
"Sparse25",2,25,"Raw","M3","JKI",99,0.518456565561382,0.518456565561382,0.300675150887349,5.44220158030112,5.49941152146847
"Sparse25",3,0,"Group_adjusted","M1","ABR33",100,0.306853349101564,0.484601106360645,0.307761220042246,8.39908281903926,8.58771622716717
"Sparse25",3,0,"Group_adjusted","M1","JKI",99,0.386136651116271,0.535292855230869,0.391208170298948,4.99808758070577,5.25248463853448
"Sparse25",3,0,"Group_adjusted","M2","ABR33",100,0.377910246362712,0.521390725855327,0.377315018341459,8.18008611990772,8.58771622716717
"Sparse25",3,0,"Group_adjusted","M2","JKI",99,0.456065973267649,0.595736450817749,0.461677413312887,4.74176854061901,5.25248463853448
"Sparse25",3,0,"Group_adjusted","M3","ABR33",100,0.365115723687089,0.513880675038955,0.367148179801195,8.22468308837781,8.58771622716717
"Sparse25",3,0,"Group_adjusted","M3","JKI",99,0.464564693809732,0.588458132339222,0.480683443341794,4.77530085634236,5.25248463853448
"Sparse25",3,0,"Raw","M1","ABR33",100,0.351569669411071,0.351569669411071,0.276902138151329,9.36674287186217,8.58771622716717
"Sparse25",3,0,"Raw","M1","JKI",99,0.421557352524137,0.421557352524137,0.354769012569818,5.55838223760414,5.25248463853448
"Sparse25",3,0,"Raw","M2","ABR33",100,0.543919859403356,0.543919859403356,0.365549512706234,8.2586456851474,8.58771622716717
"Sparse25",3,0,"Raw","M2","JKI",99,0.576922806934361,0.576922806934361,0.398563261249373,4.8652528842672,5.25248463853448
"Sparse25",3,0,"Raw","M3","ABR33",100,0.52229047425218,0.52229047425218,0.338300057082988,8.33322030394315,8.58771622716717
"Sparse25",3,0,"Raw","M3","JKI",99,0.571556510296064,0.571556510296064,0.402587745352982,4.85550903532311,5.25248463853448
"Sparse25",3,5,"Group_adjusted","M1","ABR33",100,0.323368796264679,0.394369324691881,0.330422688774591,10.0804231285475,10.2072887999669
"Sparse25",3,5,"Group_adjusted","M1","JKI",99,0.179439087349826,0.501479178924226,0.187924064810577,5.59333044450155,5.67889595254234
"Sparse25",3,5,"Group_adjusted","M2","ABR33",100,0.420368508008627,0.410014236223951,0.39697649188045,9.8915691090409,10.2072887999669
"Sparse25",3,5,"Group_adjusted","M2","JKI",99,0.267317732536241,0.535604548491838,0.282646576239758,5.45192209453941,5.67889595254234
"Sparse25",3,5,"Group_adjusted","M3","ABR33",100,0.387993198903538,0.409656122623996,0.418735748166515,9.93032101442327,10.2072887999669
"Sparse25",3,5,"Group_adjusted","M3","JKI",99,0.268723274745495,0.540160458424688,0.298059759285432,5.45022548194806,5.67889595254234
"Sparse25",3,5,"Raw","M1","ABR33",100,0.269201126415465,0.269201126415465,0.2167867196795,9.2811642730462,10.2072887999669
"Sparse25",3,5,"Raw","M1","JKI",99,0.394030520127235,0.394030520127235,0.304562012506019,6.05484799972479,5.67889595254234
"Sparse25",3,5,"Raw","M2","ABR33",100,0.455563814852473,0.455563814852473,0.333832758549543,8.06163292449116,10.2072887999669
"Sparse25",3,5,"Raw","M2","JKI",99,0.550160498326823,0.550160498326823,0.322605333430268,5.65419628586627,5.67889595254234
"Sparse25",3,5,"Raw","M3","ABR33",100,0.431748222408872,0.431748222408872,0.328082295558097,8.33799994082619,10.2072887999669
"Sparse25",3,5,"Raw","M3","JKI",99,0.560941918541376,0.560941918541376,0.33311892799187,5.51565480643379,5.67889595254234
"Sparse25",3,10,"Group_adjusted","M1","ABR33",100,0.323515808396696,0.45163364085439,0.316876404231681,8.44293399467497,8.66524150517186
"Sparse25",3,10,"Group_adjusted","M1","JKI",99,0.250334346130269,0.546869175826419,0.240816040335605,5.05818392457041,5.16941590058268
"Sparse25",3,10,"Group_adjusted","M2","ABR33",100,0.405161105227902,0.480666302000607,0.380301661066286,8.1919989992808,8.66524150517186
"Sparse25",3,10,"Group_adjusted","M2","JKI",99,0.309435403620921,0.57030795247755,0.320153714498252,4.97321140877117,5.16941590058268
"Sparse25",3,10,"Group_adjusted","M3","ABR33",100,0.412932942268525,0.474924268698514,0.389169260581093,8.26039410163745,8.66524150517186
"Sparse25",3,10,"Group_adjusted","M3","JKI",99,0.332410087441256,0.582361072806994,0.335611109291101,4.98047396781223,5.16941590058268
"Sparse25",3,10,"Raw","M1","ABR33",100,0.263382666286029,0.263382666286029,0.288528925736519,8.84437594831089,8.66524150517186
"Sparse25",3,10,"Raw","M1","JKI",99,0.326895811227296,0.326895811227296,0.252134561288578,5.87552013364148,5.16941590058268
"Sparse25",3,10,"Raw","M2","ABR33",100,0.520181566725526,0.520181566725526,0.331821293475505,7.85311981641126,8.66524150517186
"Sparse25",3,10,"Raw","M2","JKI",99,0.564347981476042,0.564347981476042,0.272703357987769,5.00808900022656,5.16941590058268
"Sparse25",3,10,"Raw","M3","ABR33",100,0.487054940803401,0.487054940803401,0.298616707904914,7.90192129086407,8.66524150517186
"Sparse25",3,10,"Raw","M3","JKI",99,0.57653875155472,0.57653875155472,0.305957322663266,5.09027995909533,5.16941590058268
"Sparse25",3,15,"Group_adjusted","M1","ABR33",100,0.199539596376269,0.438644447203649,0.211340889655262,8.23737411131773,8.30742921087736
"Sparse25",3,15,"Group_adjusted","M1","JKI",99,0.278118223322073,0.404175344253989,0.280826764865676,5.79604828699821,5.93929389787319
"Sparse25",3,15,"Group_adjusted","M2","ABR33",100,0.322726584760107,0.452926885491865,0.306740645418312,8.10668707286934,8.30742921087736
"Sparse25",3,15,"Group_adjusted","M2","JKI",99,0.350555734148588,0.438513765765933,0.364724162123907,5.67416755254883,5.93929389787319
"Sparse25",3,15,"Group_adjusted","M3","ABR33",100,0.369972681463435,0.457045255043039,0.340389400462793,8.02784846424983,8.30742921087736
"Sparse25",3,15,"Group_adjusted","M3","JKI",99,0.389540820539353,0.442266572238537,0.400887821232019,5.60764275826402,5.93929389787319
"Sparse25",3,15,"Raw","M1","ABR33",100,0.227598141272997,0.227598141272997,0.158734517080238,8.80054905343124,8.30742921087736
"Sparse25",3,15,"Raw","M1","JKI",99,0.378754034734478,0.378754034734478,0.33566355494368,5.90834090294013,5.93929389787319
"Sparse25",3,15,"Raw","M2","ABR33",100,0.485678034095748,0.485678034095748,0.330183157843797,7.80741535706274,8.30742921087736
"Sparse25",3,15,"Raw","M2","JKI",99,0.52803137654614,0.52803137654614,0.368985826576063,5.37659548820596,5.93929389787319
"Sparse25",3,15,"Raw","M3","ABR33",100,0.482827101955878,0.482827101955878,0.349528065771593,7.78862580733171,8.30742921087736
"Sparse25",3,15,"Raw","M3","JKI",99,0.531996431288583,0.531996431288583,0.388476396372073,5.21109957696811,5.93929389787319
"Sparse25",3,20,"Group_adjusted","M1","ABR33",100,0.160614468932555,0.410445982096098,0.155692707937668,9.50000114358444,9.68355615424094
"Sparse25",3,20,"Group_adjusted","M1","JKI",99,0.218123072649239,0.489861048951158,0.218323022942814,5.3392208231274,5.34608035859164
"Sparse25",3,20,"Group_adjusted","M2","ABR33",100,0.419466851955899,0.424744318980561,0.26898647973471,9.22729963198454,9.68355615424094
"Sparse25",3,20,"Group_adjusted","M2","JKI",99,0.395061720377468,0.532180497388482,0.353223915560883,5.13573111946488,5.34608035859164
"Sparse25",3,20,"Group_adjusted","M3","ABR33",100,0.516406135627199,0.431708553752045,0.338404690951032,9.11372946742904,9.68355615424094
"Sparse25",3,20,"Group_adjusted","M3","JKI",99,0.397361609995413,0.530475528097535,0.39101042176975,5.14318003593758,5.34608035859164
"Sparse25",3,20,"Raw","M1","ABR33",100,0.16725130837179,0.16725130837179,0.155165681186012,8.7723755949532,9.68355615424094
"Sparse25",3,20,"Raw","M1","JKI",99,0.319266013970304,0.319266013970304,0.272395424208758,5.71434750994704,5.34608035859164
"Sparse25",3,20,"Raw","M2","ABR33",100,0.46016917961543,0.46016917961543,0.271327230023874,8.0687810861798,9.68355615424094
"Sparse25",3,20,"Raw","M2","JKI",99,0.526849686384144,0.526849686384144,0.310010561045029,5.4484902224019,5.34608035859164
"Sparse25",3,20,"Raw","M3","ABR33",100,0.457763410731276,0.457763410731276,0.322618969964806,8.1930532446565,9.68355615424094
"Sparse25",3,20,"Raw","M3","JKI",99,0.531621915285718,0.531621915285718,0.331047207216046,5.21390584233142,5.34608035859164
"Sparse25",3,25,"Group_adjusted","M1","ABR33",100,NA,0.382864625653191,NA,8.84161968874799,8.84093290835833
"Sparse25",3,25,"Group_adjusted","M1","JKI",99,NA,0.443474267988391,NA,5.53351951517188,5.54092277162478
"Sparse25",3,25,"Group_adjusted","M2","ABR33",100,-0.0282169284031986,0.38258086815458,0.245546617786043,8.86086058568528,8.84093290835833
"Sparse25",3,25,"Group_adjusted","M2","JKI",99,0.202498802465145,0.455703995176271,0.236360401073733,5.47686258140387,5.54092277162478
"Sparse25",3,25,"Group_adjusted","M3","ABR33",100,0.117163319529106,0.394426183572266,0.17842274786883,8.79626511206084,8.84093290835833
"Sparse25",3,25,"Group_adjusted","M3","JKI",99,0.118717757277227,0.448545921190482,0.0951519679181011,5.51088616847528,5.54092277162478
"Sparse25",3,25,"Raw","M1","ABR33",100,NA,NA,NA,9.64590789776434,8.84093290835833
"Sparse25",3,25,"Raw","M1","JKI",99,NA,NA,NA,6.27956580649463,5.54092277162478
"Sparse25",3,25,"Raw","M2","ABR33",100,0.496131690254923,0.496131690254923,0.14533173300941,8.78324317292531,8.84093290835833
"Sparse25",3,25,"Raw","M2","JKI",99,0.450146638862886,0.450146638862886,0.0476170097816119,5.57437592036192,5.54092277162478
"Sparse25",3,25,"Raw","M3","ABR33",100,0.495147640489175,0.495147640489175,0.133146737721756,8.67534451868357,8.84093290835833
"Sparse25",3,25,"Raw","M3","JKI",99,0.437630332498723,0.437630332498723,-0.0623737118023213,5.56004032338995,5.54092277162478
"Sparse25",4,0,"Group_adjusted","M1","ABR33",100,0.438587375117539,0.513835327168505,0.439056397188548,8.2403039580941,8.4962518228826
"Sparse25",4,0,"Group_adjusted","M1","JKI",99,0.371677923545053,0.476909269897876,0.406956019601292,5.38321154521913,5.69039654739745
"Sparse25",4,0,"Group_adjusted","M2","ABR33",100,0.486808898625317,0.554456335202325,0.487780724243423,7.97458404234961,8.4962518228826
"Sparse25",4,0,"Group_adjusted","M2","JKI",99,0.43555849440304,0.526221171125241,0.460048133205406,5.22340117571864,5.69039654739745
"Sparse25",4,0,"Group_adjusted","M3","ABR33",100,0.499080226355879,0.54808316848958,0.506558335905973,8.06696169177782,8.4962518228826
"Sparse25",4,0,"Group_adjusted","M3","JKI",99,0.418547121131151,0.510555125364303,0.448974517219587,5.27868666032116,5.69039654739745
"Sparse25",4,0,"Raw","M1","ABR33",100,0.50708748432993,0.50708748432993,0.45694589707823,9.13864495361225,8.4962518228826
"Sparse25",4,0,"Raw","M1","JKI",99,0.385866571440173,0.385866571440173,0.305324569097663,5.7079490641582,5.69039654739745
"Sparse25",4,0,"Raw","M2","ABR33",100,0.611395754779187,0.611395754779187,0.513461236513614,8.01066514551164,8.4962518228826
"Sparse25",4,0,"Raw","M2","JKI",99,0.584389857300163,0.584389857300163,0.395185020201299,4.99997013180165,5.69039654739745
"Sparse25",4,0,"Raw","M3","ABR33",100,0.586622204565298,0.586622204565298,0.521328300910108,8.123305836761,8.4962518228826
"Sparse25",4,0,"Raw","M3","JKI",99,0.569173157715747,0.569173157715747,0.371767723511606,5.03150519243071,5.69039654739745
"Sparse25",4,5,"Group_adjusted","M1","ABR33",100,0.364287775939956,0.458860055922059,0.365486230241176,8.27622376022305,8.43332090834891
"Sparse25",4,5,"Group_adjusted","M1","JKI",99,0.428399055507838,0.522754067600743,0.423687290205382,5.3376481127974,5.70112911848774
"Sparse25",4,5,"Group_adjusted","M2","ABR33",100,0.422559435066507,0.477313828768913,0.398547482214126,8.11920503604169,8.43332090834891
"Sparse25",4,5,"Group_adjusted","M2","JKI",99,0.480310133351743,0.565336570461018,0.459077250261323,5.13540521914136,5.70112911848774
"Sparse25",4,5,"Group_adjusted","M3","ABR33",100,0.388998994120639,0.473686231691102,0.412132792428067,8.19971301825434,8.43332090834891
"Sparse25",4,5,"Group_adjusted","M3","JKI",99,0.49302831824613,0.561833718824152,0.467336728060595,5.15421523895292,5.70112911848774
"Sparse25",4,5,"Raw","M1","ABR33",100,0.333832870677594,0.333832870677594,0.251240757046268,9.06320011567419,8.43332090834891
"Sparse25",4,5,"Raw","M1","JKI",99,0.401217646433679,0.401217646433679,0.371201789467233,5.81269086533627,5.70112911848774
"Sparse25",4,5,"Raw","M2","ABR33",100,0.505074521220971,0.505074521220971,0.338994426383874,7.94409175143451,8.43332090834891
"Sparse25",4,5,"Raw","M2","JKI",99,0.547226585329062,0.547226585329062,0.400110036550055,5.1860191109442,5.70112911848774
"Sparse25",4,5,"Raw","M3","ABR33",100,0.48659992308478,0.48659992308478,0.31180433411265,7.90932084999377,8.43332090834891
"Sparse25",4,5,"Raw","M3","JKI",99,0.556576934569994,0.556576934569994,0.420861151763703,5.15348998766448,5.70112911848774
"Sparse25",4,10,"Group_adjusted","M1","ABR33",100,0.254369509623379,0.441501596944476,0.256316172545864,8.29081175010503,8.43767924825668
"Sparse25",4,10,"Group_adjusted","M1","JKI",99,0.217897278865876,0.480676683581173,0.270220698293252,5.22135975701909,5.34981746550252
"Sparse25",4,10,"Group_adjusted","M2","ABR33",100,0.347191055172042,0.474326533284115,0.349711041440742,8.13296168397346,8.43767924825668
"Sparse25",4,10,"Group_adjusted","M2","JKI",99,0.261271026256793,0.505869937852711,0.336991698079539,5.17776075456914,5.34981746550252
"Sparse25",4,10,"Group_adjusted","M3","ABR33",100,0.389591992143085,0.470273205493996,0.358983597329206,8.12364971534966,8.43767924825668
"Sparse25",4,10,"Group_adjusted","M3","JKI",99,0.287673797871108,0.509465575991783,0.371681664079611,5.12690097653594,5.34981746550252
"Sparse25",4,10,"Raw","M1","ABR33",100,0.359588493846946,0.359588493846946,0.297376468600639,8.71121824276055,8.43767924825668
"Sparse25",4,10,"Raw","M1","JKI",99,0.426727304397331,0.426727304397331,0.358408791725001,5.58636825760325,5.34981746550252
"Sparse25",4,10,"Raw","M2","ABR33",100,0.531235912354931,0.531235912354931,0.374931008335506,7.63339878715626,8.43767924825668
"Sparse25",4,10,"Raw","M2","JKI",99,0.559033885199495,0.559033885199495,0.36322055210132,4.99383534900232,5.34981746550252
"Sparse25",4,10,"Raw","M3","ABR33",100,0.523263089773849,0.523263089773849,0.381722962212906,7.61832468385529,8.43767924825668
"Sparse25",4,10,"Raw","M3","JKI",99,0.567530845029958,0.567530845029958,0.395286169682389,4.91213130869856,5.34981746550252
"Sparse25",4,15,"Group_adjusted","M1","ABR33",100,0.301288336531853,0.421371353312231,0.309040633228743,8.55000659701228,8.72864418624303
"Sparse25",4,15,"Group_adjusted","M1","JKI",99,0.259729341922272,0.509964440705003,0.243244969231836,5.18886750537734,5.38138691058193
"Sparse25",4,15,"Group_adjusted","M2","ABR33",100,0.375014153309695,0.446557829477057,0.391684974194952,8.41002746511707,8.72864418624303
"Sparse25",4,15,"Group_adjusted","M2","JKI",99,0.314150506458491,0.534637236067784,0.298133945333758,5.05421889023987,5.38138691058193
"Sparse25",4,15,"Group_adjusted","M3","ABR33",100,0.434886611740479,0.448753323048049,0.438843923019976,8.38437505053618,8.72864418624303
"Sparse25",4,15,"Group_adjusted","M3","JKI",99,0.366190224668555,0.548490799186744,0.343191085288446,5.02443185147306,5.38138691058193
"Sparse25",4,15,"Raw","M1","ABR33",100,0.33494460795244,0.33494460795244,0.313332924792488,8.81471269935567,8.72864418624303
"Sparse25",4,15,"Raw","M1","JKI",99,0.351172075043757,0.351172075043757,0.263803714211727,5.5756159660667,5.38138691058193
"Sparse25",4,15,"Raw","M2","ABR33",100,0.514988010559345,0.514988010559345,0.369327453028014,7.90479137059007,8.72864418624303
"Sparse25",4,15,"Raw","M2","JKI",99,0.569888219790401,0.569888219790401,0.29995788086653,4.95646506587935,5.38138691058193
"Sparse25",4,15,"Raw","M3","ABR33",100,0.501626161043043,0.501626161043043,0.433133504098133,7.92164769675447,8.72864418624303
"Sparse25",4,15,"Raw","M3","JKI",99,0.585114810105461,0.585114810105461,0.344298335127423,4.85408340770262,5.38138691058193
"Sparse25",4,20,"Group_adjusted","M1","ABR33",100,0.261304359185794,0.27690737752489,0.298285780729725,9.93024530772986,10.2035297746193
"Sparse25",4,20,"Group_adjusted","M1","JKI",99,-0.0819894219848238,0.481504142477848,-0.089679697214357,5.41969893226484,5.39623979240534
"Sparse25",4,20,"Group_adjusted","M2","ABR33",100,0.383424795896916,0.309442555747712,0.350876001237622,9.83331949543138,10.2035297746193
"Sparse25",4,20,"Group_adjusted","M2","JKI",99,0.181485349789748,0.504887614869582,0.164500789407473,5.34575344719577,5.39623979240534
"Sparse25",4,20,"Group_adjusted","M3","ABR33",100,0.405868528044679,0.311967854053011,0.356189508757437,9.86110637898126,10.2035297746193
"Sparse25",4,20,"Group_adjusted","M3","JKI",99,0.223327830757881,0.514031260851859,0.234624500986555,5.31646936657294,5.39623979240534
"Sparse25",4,20,"Raw","M1","ABR33",100,0.297864262314892,0.297864262314892,0.320907591962855,10.3520720739128,10.2035297746193
"Sparse25",4,20,"Raw","M1","JKI",99,0.00992523881940454,0.00992523881940454,-0.0919911777867908,6.10228702606265,5.39623979240534
"Sparse25",4,20,"Raw","M2","ABR33",100,0.563253900671244,0.563253900671244,0.311282928115834,9.70119553891516,10.2035297746193
"Sparse25",4,20,"Raw","M2","JKI",99,0.492222573020499,0.492222573020499,0.000317061818506467,5.49633238377595,5.39623979240534
"Sparse25",4,20,"Raw","M3","ABR33",100,0.555817706366459,0.555817706366459,0.293364107594888,9.7575320641995,10.2035297746193
"Sparse25",4,20,"Raw","M3","JKI",99,0.509286178951295,0.509286178951295,0.104466555365986,5.40920788380217,5.39623979240534
"Sparse25",4,25,"Group_adjusted","M1","ABR33",100,NA,0.396090808314202,NA,9.22448423590513,9.20466244605614
"Sparse25",4,25,"Group_adjusted","M1","JKI",99,NA,0.429310993611161,NA,5.55047549449362,5.53940155100562
"Sparse25",4,25,"Group_adjusted","M2","ABR33",100,0.359809804771636,0.409691201830618,0.251188494724908,9.18155922445417,9.20466244605614
"Sparse25",4,25,"Group_adjusted","M2","JKI",99,0.419617836870783,0.450616896908537,0.329312515275765,5.42700169381938,5.53940155100562
"Sparse25",4,25,"Group_adjusted","M3","ABR33",100,0.377974804648989,0.420021723211945,0.266007693856258,8.97458699601597,9.20466244605614
"Sparse25",4,25,"Group_adjusted","M3","JKI",99,0.446697798607762,0.460331888229219,0.344490985320021,5.34140112250357,5.53940155100562
"Sparse25",4,25,"Raw","M1","ABR33",100,NA,NA,NA,9.31058638177778,9.20466244605614
"Sparse25",4,25,"Raw","M1","JKI",99,NA,NA,NA,5.75608566791951,5.53940155100562
"Sparse25",4,25,"Raw","M2","ABR33",100,0.456363357851295,0.456363357851295,0.11497132374376,8.4661077724589,9.20466244605614
"Sparse25",4,25,"Raw","M2","JKI",99,0.44065230064127,0.44065230064127,0.0317147619764662,5.31569188558396,5.53940155100562
"Sparse25",4,25,"Raw","M3","ABR33",100,0.465584297656818,0.465584297656818,0.188954594729277,8.2929185303837,9.20466244605614
"Sparse25",4,25,"Raw","M3","JKI",99,0.452696485199006,0.452696485199006,0.151913512781242,5.19108301838676,5.53940155100562
"Sparse25",5,0,"Group_adjusted","M1","ABR33",100,0.275862694972672,0.388593768789089,0.299602746474504,8.39348034618148,8.53866942225539
"Sparse25",5,0,"Group_adjusted","M1","JKI",99,0.388619786301145,0.530537877225262,0.398073456567337,5.15851915449398,5.46681426126808
"Sparse25",5,0,"Group_adjusted","M2","ABR33",100,0.292526467090772,0.408660517432769,0.311962648942783,8.3111786529597,8.53866942225539
"Sparse25",5,0,"Group_adjusted","M2","JKI",99,0.408151390577481,0.557461019677816,0.423245353321115,5.0709936203019,5.46681426126808
"Sparse25",5,0,"Group_adjusted","M3","ABR33",100,0.41565549479021,0.441678676331132,0.362356513807294,8.18332762374838,8.53866942225539
"Sparse25",5,0,"Group_adjusted","M3","JKI",99,0.410999176116627,0.556861004563848,0.429734070821768,5.04366750805874,5.46681426126808
"Sparse25",5,0,"Raw","M1","ABR33",100,0.360391093063266,0.360391093063266,0.270782700999429,9.08161709265667,8.53866942225539
"Sparse25",5,0,"Raw","M1","JKI",99,0.384503282805414,0.384503282805414,0.361893046814833,5.69597414591087,5.46681426126808
"Sparse25",5,0,"Raw","M2","ABR33",100,0.57787004731855,0.57787004731855,0.29570707786121,8.17081184651835,8.53866942225539
"Sparse25",5,0,"Raw","M2","JKI",99,0.589656019046573,0.589656019046573,0.402865931315968,4.92902633990288,5.46681426126808
"Sparse25",5,0,"Raw","M3","ABR33",100,0.596618042896069,0.596618042896069,0.352406791270664,8.11588157980008,8.53866942225539
"Sparse25",5,0,"Raw","M3","JKI",99,0.587571283738986,0.587571283738986,0.402028164116319,4.87948858537582,5.46681426126808
"Sparse25",5,5,"Group_adjusted","M1","ABR33",100,0.35007218723592,0.365994352125658,0.364693108347013,9.24526767377241,9.53335024544803
"Sparse25",5,5,"Group_adjusted","M1","JKI",99,0.280829239900984,0.435503579336509,0.30781469412428,5.3366833074535,5.51793442569609
"Sparse25",5,5,"Group_adjusted","M2","ABR33",100,0.439618526368464,0.425442685961992,0.403245007249793,9.01915809398318,9.53335024544803
"Sparse25",5,5,"Group_adjusted","M2","JKI",99,0.290428833013366,0.453217004525004,0.349970727985854,5.30165994553612,5.51793442569609
"Sparse25",5,5,"Group_adjusted","M3","ABR33",100,0.488303456655233,0.441597276925849,0.400189794701191,9.0041101783775,9.53335024544803
"Sparse25",5,5,"Group_adjusted","M3","JKI",99,0.282019682842825,0.446939598936788,0.357102113852181,5.32176127316647,5.51793442569609
"Sparse25",5,5,"Raw","M1","ABR33",100,0.367502285315537,0.367502285315537,0.31766492199283,9.66667079567555,9.53335024544803
"Sparse25",5,5,"Raw","M1","JKI",99,0.319885273111087,0.319885273111087,0.285423518711007,5.89113948875092,5.51793442569609
"Sparse25",5,5,"Raw","M2","ABR33",100,0.603994015870182,0.603994015870182,0.38329574296353,8.84835485463004,9.53335024544803
"Sparse25",5,5,"Raw","M2","JKI",99,0.564829619135423,0.564829619135423,0.329276155260954,5.08606398518031,5.51793442569609
"Sparse25",5,5,"Raw","M3","ABR33",100,0.600723413353933,0.600723413353933,0.374228438774296,8.89100672933915,9.53335024544803
"Sparse25",5,5,"Raw","M3","JKI",99,0.577456438445645,0.577456438445645,0.331820680964756,5.04926442053885,5.51793442569609
"Sparse25",5,10,"Group_adjusted","M1","ABR33",100,0.252703422776905,0.487326181446038,0.251251505577616,8.73776530335646,8.94596729704327
"Sparse25",5,10,"Group_adjusted","M1","JKI",99,0.281549253420799,0.467845115425309,0.291224504256142,5.46406803261695,5.63889380446106
"Sparse25",5,10,"Group_adjusted","M2","ABR33",100,0.31801329015959,0.502374143358618,0.313925487900135,8.55762994708585,8.94596729704327
"Sparse25",5,10,"Group_adjusted","M2","JKI",99,0.336560410549855,0.501719484034236,0.350918132731329,5.36779998686379,5.63889380446106
"Sparse25",5,10,"Group_adjusted","M3","ABR33",100,0.29430220874203,0.503596560061607,0.313489377907611,8.58833015004342,8.94596729704327
"Sparse25",5,10,"Group_adjusted","M3","JKI",99,0.331266904130335,0.49717029798281,0.363234852237961,5.36935649269528,5.63889380446106
"Sparse25",5,10,"Raw","M1","ABR33",100,0.353651514142476,0.353651514142476,0.283712260428502,8.82273862946883,8.94596729704327
"Sparse25",5,10,"Raw","M1","JKI",99,0.308267569596713,0.308267569596713,0.298845565803696,5.94549184794994,5.63889380446106
"Sparse25",5,10,"Raw","M2","ABR33",100,0.521755293231592,0.521755293231592,0.297907687403839,7.97689175271241,8.94596729704327
"Sparse25",5,10,"Raw","M2","JKI",99,0.493097914015053,0.493097914015053,0.311330345448746,5.43858960489383,5.63889380446106
"Sparse25",5,10,"Raw","M3","ABR33",100,0.515063881319922,0.515063881319922,0.289776525446092,8.0064390827481,8.94596729704327
"Sparse25",5,10,"Raw","M3","JKI",99,0.490072836612533,0.490072836612533,0.312831637890848,5.39111983423925,5.63889380446106
"Sparse25",5,15,"Group_adjusted","M1","ABR33",100,0.201667998193146,0.475249011759013,0.204229437257897,8.53665706367191,8.65003599306654
"Sparse25",5,15,"Group_adjusted","M1","JKI",99,0.134909101490711,0.470623779896696,0.14694926321534,5.99284919634567,6.00807122989454
"Sparse25",5,15,"Group_adjusted","M2","ABR33",100,0.300348011913338,0.495189563751851,0.298287453420666,8.42017437775885,8.65003599306654
"Sparse25",5,15,"Group_adjusted","M2","JKI",99,0.252062315771016,0.495401081328545,0.243122872805304,5.87715313379363,6.00807122989454
"Sparse25",5,15,"Group_adjusted","M3","ABR33",100,0.284455229858786,0.495208510760004,0.30375373623473,8.43758682086404,8.65003599306654
"Sparse25",5,15,"Group_adjusted","M3","JKI",99,0.234290233172824,0.497283397331408,0.259681489823478,5.87107212525334,6.00807122989454
"Sparse25",5,15,"Raw","M1","ABR33",100,0.279975841848377,0.279975841848377,0.221700882866855,9.40217639827988,8.65003599306654
"Sparse25",5,15,"Raw","M1","JKI",99,0.213270238414339,0.213270238414339,0.149959491954376,6.5373742517811,6.00807122989454
"Sparse25",5,15,"Raw","M2","ABR33",100,0.510881720024982,0.510881720024982,0.290028507976995,8.37606332462687,8.65003599306654
"Sparse25",5,15,"Raw","M2","JKI",99,0.495019711376359,0.495019711376359,0.209898884637261,6.03736801208014,6.00807122989454
"Sparse25",5,15,"Raw","M3","ABR33",100,0.501926686411422,0.501926686411422,0.275322377106089,8.36847818860805,8.65003599306654
"Sparse25",5,15,"Raw","M3","JKI",99,0.49200278291021,0.49200278291021,0.204804487138695,6.0323524305487,6.00807122989454
"Sparse25",5,20,"Group_adjusted","M1","ABR33",100,0.201750440773918,0.430490477750052,0.190877985257415,8.89943264188221,8.9530399827432
"Sparse25",5,20,"Group_adjusted","M1","JKI",99,0.212272808692152,0.458246187074248,0.212662375169712,5.42838421656503,5.48779145101941
"Sparse25",5,20,"Group_adjusted","M2","ABR33",100,0.222215253705084,0.437083343008707,0.216931168584711,8.83835553695648,8.9530399827432
"Sparse25",5,20,"Group_adjusted","M2","JKI",99,0.294174888586257,0.479570949485402,0.330204623125973,5.34403586486848,5.48779145101941
"Sparse25",5,20,"Group_adjusted","M3","ABR33",100,0.228077418420862,0.436181384489647,0.21097910943903,8.84966890381407,8.9530399827432
"Sparse25",5,20,"Group_adjusted","M3","JKI",99,0.28813462653238,0.480949632092929,0.3315280992343,5.33396404177205,5.48779145101941
"Sparse25",5,20,"Raw","M1","ABR33",100,0.128369299648943,0.128369299648943,0.100254471963134,9.81779701067973,8.9530399827432
"Sparse25",5,20,"Raw","M1","JKI",99,0.135608047229161,0.135608047229161,0.0764588208525859,6.02858944539963,5.48779145101941
"Sparse25",5,20,"Raw","M2","ABR33",100,0.456612754146035,0.456612754146035,0.177982931643637,8.93361727922696,8.9530399827432
"Sparse25",5,20,"Raw","M2","JKI",99,0.479919942836967,0.479919942836967,0.17166388032978,5.34386213021826,5.48779145101941
"Sparse25",5,20,"Raw","M3","ABR33",100,0.449247619800336,0.449247619800336,0.147646286156646,8.93071183829771,8.9530399827432
"Sparse25",5,20,"Raw","M3","JKI",99,0.48885606543809,0.48885606543809,0.215165513012707,5.32916528118081,5.48779145101941
"Sparse25",5,25,"Group_adjusted","M1","ABR33",100,NA,0.458674263745348,NA,7.9087544851372,7.91664936944219
"Sparse25",5,25,"Group_adjusted","M1","JKI",99,NA,0.452260933627735,NA,5.30578572507502,5.30896254787675
"Sparse25",5,25,"Group_adjusted","M2","ABR33",100,0.297308055456996,0.476724003640327,0.313478118101297,7.82899194411684,7.91664936944219
"Sparse25",5,25,"Group_adjusted","M2","JKI",99,0.234392163688475,0.482078828858048,0.313301209830748,5.24383907355049,5.30896254787675
"Sparse25",5,25,"Group_adjusted","M3","ABR33",100,0.330912286006876,0.490044725802001,0.340223619850291,7.71909769158338,7.91664936944219
"Sparse25",5,25,"Group_adjusted","M3","JKI",99,0.114202691355645,0.482349164596177,0.288285459036597,5.27145608494516,5.30896254787675
"Sparse25",5,25,"Raw","M1","ABR33",100,NA,NA,NA,8.84251596180875,7.91664936944219
"Sparse25",5,25,"Raw","M1","JKI",99,NA,NA,NA,5.95674589046277,5.30896254787675
"Sparse25",5,25,"Raw","M2","ABR33",100,0.512514581232902,0.512514581232902,0.2721353736358,7.89826920516902,7.91664936944219
"Sparse25",5,25,"Raw","M2","JKI",99,0.531011985685763,0.531011985685763,0.222145282586979,5.11666253873626,5.30896254787675
"Sparse25",5,25,"Raw","M3","ABR33",100,0.520853514610288,0.520853514610288,0.296502016198578,7.70326387320887,7.91664936944219
"Sparse25",5,25,"Raw","M3","JKI",99,0.546124567005475,0.546124567005475,0.256521302877801,5.31504761957319,5.30896254787675
"Sparse25",6,0,"Group_adjusted","M1","ABR33",100,0.387353717653836,0.509319904256433,0.394662787558741,8.70928624714435,8.92473199841051
"Sparse25",6,0,"Group_adjusted","M1","JKI",99,0.309245080178923,0.466510240394449,0.331553831693355,5.4070451177914,5.57982033922702
"Sparse25",6,0,"Group_adjusted","M2","ABR33",100,0.443944779702207,0.558610166099836,0.454298643093717,8.49889346221667,8.92473199841051
"Sparse25",6,0,"Group_adjusted","M2","JKI",99,0.331748036453165,0.496594275701251,0.40413858396132,5.30763889593644,5.57982033922702
"Sparse25",6,0,"Group_adjusted","M3","ABR33",100,0.482802931408096,0.560806319428355,0.47001564475863,8.4526250746915,8.92473199841051
"Sparse25",6,0,"Group_adjusted","M3","JKI",99,0.304506605656184,0.4902142457071,0.433926819803804,5.3498774327568,5.57982033922702
"Sparse25",6,0,"Raw","M1","ABR33",100,0.385993011685466,0.385993011685466,0.358838535247815,9.8499434448503,8.92473199841051
"Sparse25",6,0,"Raw","M1","JKI",99,0.373485530625035,0.373485530625035,0.303657227078839,5.84819280604635,5.57982033922702
"Sparse25",6,0,"Raw","M2","ABR33",100,0.601719827894583,0.601719827894583,0.445536159272089,8.90700856846787,8.92473199841051
"Sparse25",6,0,"Raw","M2","JKI",99,0.609193970584682,0.609193970584682,0.38363602894842,5.04031796057215,5.57982033922702
"Sparse25",6,0,"Raw","M3","ABR33",100,0.590488434746517,0.590488434746517,0.456020521342099,8.74133573049052,8.92473199841051
"Sparse25",6,0,"Raw","M3","JKI",99,0.61649086642379,0.61649086642379,0.418854617722547,5.12975534347087,5.57982033922702
"Sparse25",6,5,"Group_adjusted","M1","ABR33",100,0.334182553786923,0.51438135050299,0.356245481647545,8.69531458613556,8.85791371704923
"Sparse25",6,5,"Group_adjusted","M1","JKI",99,0.372473706583637,0.530747823266256,0.368214329821612,5.52001101140757,5.8235717639786
"Sparse25",6,5,"Group_adjusted","M2","ABR33",100,0.373399794363425,0.55105969935808,0.405765481617055,8.55403584953218,8.85791371704923
"Sparse25",6,5,"Group_adjusted","M2","JKI",99,0.432841727734135,0.568384126204819,0.426021415401381,5.30316232587254,5.8235717639786
"Sparse25",6,5,"Group_adjusted","M3","ABR33",100,0.461996264171005,0.559406146672921,0.421959966603902,8.50784610764612,8.85791371704923
"Sparse25",6,5,"Group_adjusted","M3","JKI",99,0.446624456495152,0.56648531602837,0.441497094851181,5.3513158656589,5.8235717639786
"Sparse25",6,5,"Raw","M1","ABR33",100,0.405479565418407,0.405479565418407,0.325734473105149,9.45891058844286,8.85791371704923
"Sparse25",6,5,"Raw","M1","JKI",99,0.325983246824578,0.325983246824578,0.317128066619109,6.3217731473626,5.8235717639786
"Sparse25",6,5,"Raw","M2","ABR33",100,0.614066400737493,0.614066400737493,0.390167373498726,8.65247873873327,8.85791371704923
"Sparse25",6,5,"Raw","M2","JKI",99,0.568252456258916,0.568252456258916,0.378926584920529,5.53272086021525,5.8235717639786
"Sparse25",6,5,"Raw","M3","ABR33",100,0.611552538663784,0.611552538663784,0.39594980133145,8.684025461215,8.85791371704923
"Sparse25",6,5,"Raw","M3","JKI",99,0.556360016590299,0.556360016590299,0.367415851408127,5.5694174766169,5.8235717639786
"Sparse25",6,10,"Group_adjusted","M1","ABR33",100,0.344725398194269,0.469718514576244,0.345597786980308,9.15496159521572,9.2909846476801
"Sparse25",6,10,"Group_adjusted","M1","JKI",99,0.259782058783918,0.52241808688803,0.251887685302822,5.83813066788257,5.96022502115465
"Sparse25",6,10,"Group_adjusted","M2","ABR33",100,0.39614226049539,0.49640615557626,0.396849340664998,9.06085795104826,9.2909846476801
"Sparse25",6,10,"Group_adjusted","M2","JKI",99,0.332164567042767,0.550212967026955,0.320312816521713,5.72093238386514,5.96022502115465
"Sparse25",6,10,"Group_adjusted","M3","ABR33",100,0.416806031896967,0.499744133245666,0.418321322000962,8.9768597371961,9.2909846476801
"Sparse25",6,10,"Group_adjusted","M3","JKI",99,0.379598919955017,0.557590574064368,0.362011474896025,5.73204703327607,5.96022502115465
"Sparse25",6,10,"Raw","M1","ABR33",100,0.334695324807221,0.334695324807221,0.341119293724023,10.5871208696503,9.2909846476801
"Sparse25",6,10,"Raw","M1","JKI",99,0.330775246115297,0.330775246115297,0.228206921108007,6.05084990878994,5.96022502115465
"Sparse25",6,10,"Raw","M2","ABR33",100,0.547519446755168,0.547519446755168,0.399601216162783,9.69342266817523,9.2909846476801
"Sparse25",6,10,"Raw","M2","JKI",99,0.562148214089877,0.562148214089877,0.254089322027212,5.36604412352491,5.96022502115465
"Sparse25",6,10,"Raw","M3","ABR33",100,0.518772836748066,0.518772836748066,0.387918472627187,9.42412831013153,9.2909846476801
"Sparse25",6,10,"Raw","M3","JKI",99,0.576406717112816,0.576406717112816,0.301899069975957,5.47597668155106,5.96022502115465
"Sparse25",6,15,"Group_adjusted","M1","ABR33",100,0.348943801002616,0.47176243615694,0.357988979093264,8.39158290946959,8.56511108305551
"Sparse25",6,15,"Group_adjusted","M1","JKI",99,0.136138164741436,0.466494546956189,0.119835073443168,5.51452006085923,5.50776463985808
"Sparse25",6,15,"Group_adjusted","M2","ABR33",100,0.426107077874161,0.513009684879363,0.455600435645196,8.23447252210507,8.56511108305551
"Sparse25",6,15,"Group_adjusted","M2","JKI",99,0.230422978348664,0.488834055148706,0.204459700676999,5.47669539576018,5.50776463985808
"Sparse25",6,15,"Group_adjusted","M3","ABR33",100,0.52024835127075,0.526684247857937,0.490994936787766,8.14205266212028,8.56511108305551
"Sparse25",6,15,"Group_adjusted","M3","JKI",99,0.244953343174386,0.492370838717137,0.218746569584905,5.4174976605625,5.50776463985808
"Sparse25",6,15,"Raw","M1","ABR33",100,0.384696965729796,0.384696965729796,0.337352915745789,9.24238806682014,8.56511108305551
"Sparse25",6,15,"Raw","M1","JKI",99,0.118053296634791,0.118053296634791,0.0969987426203483,6.11759609428811,5.50776463985808
"Sparse25",6,15,"Raw","M2","ABR33",100,0.58659162400586,0.58659162400586,0.454036413379223,8.19718066931315,8.56511108305551
"Sparse25",6,15,"Raw","M2","JKI",99,0.471230548070658,0.471230548070658,0.183531327622907,5.55783758063058,5.50776463985808
"Sparse25",6,15,"Raw","M3","ABR33",100,0.58235451522385,0.58235451522385,0.474845686567616,8.13534663935714,8.56511108305551
"Sparse25",6,15,"Raw","M3","JKI",99,0.481184245360376,0.481184245360376,0.190984810639015,5.50123310564964,5.50776463985808
"Sparse25",6,20,"Group_adjusted","M1","ABR33",100,0.113579359930489,0.417223606505897,0.076018232026231,8.68692844355288,8.72702340115674
"Sparse25",6,20,"Group_adjusted","M1","JKI",99,0.251112155474628,0.497385655249844,0.262114223305733,5.37436598564476,5.55384446066237
"Sparse25",6,20,"Group_adjusted","M2","ABR33",100,0.200504510151724,0.424274792541649,0.147129615587246,8.63357550100085,8.72702340115674
"Sparse25",6,20,"Group_adjusted","M2","JKI",99,0.291095781315428,0.51060302346862,0.293299713455359,5.32368229942103,5.55384446066237
"Sparse25",6,20,"Group_adjusted","M3","ABR33",100,0.189837660169751,0.421494172801985,0.120070178030305,8.65947701386878,8.72702340115674
"Sparse25",6,20,"Group_adjusted","M3","JKI",99,0.246191595407501,0.501603860852585,0.28683240457791,5.40005331244215,5.55384446066237
"Sparse25",6,20,"Raw","M1","ABR33",100,0.0999010131567136,0.0999010131567136,0.0417355076543159,9.21405916468808,8.72702340115674
"Sparse25",6,20,"Raw","M1","JKI",99,0.305416822418275,0.305416822418275,0.262525906131063,5.8147233245044,5.55384446066237
"Sparse25",6,20,"Raw","M2","ABR33",100,0.452283883952824,0.452283883952824,0.196342264907563,8.2888716059485,8.72702340115674
"Sparse25",6,20,"Raw","M2","JKI",99,0.516555219048248,0.516555219048248,0.295947771213051,5.32989644925452,5.55384446066237
"Sparse25",6,20,"Raw","M3","ABR33",100,0.443914094995523,0.443914094995523,0.173439120255293,8.36954174317535,8.72702340115674
"Sparse25",6,20,"Raw","M3","JKI",99,0.509917793228416,0.509917793228416,0.278778868719999,5.28008286127178,5.55384446066237
"Sparse25",6,25,"Group_adjusted","M1","ABR33",100,NA,0.438793983125768,NA,8.51945833843687,8.51638178159863
"Sparse25",6,25,"Group_adjusted","M1","JKI",99,NA,0.471958643089886,NA,5.17492459839132,5.17482013992652
"Sparse25",6,25,"Group_adjusted","M2","ABR33",100,0.244185092513445,0.457970647665662,0.281342677642168,8.48296060865461,8.51638178159863
"Sparse25",6,25,"Group_adjusted","M2","JKI",99,0.295042024324995,0.50274317394024,0.354739254524256,5.07822054393693,5.17482013992652
"Sparse25",6,25,"Group_adjusted","M3","ABR33",100,0.295257967154363,0.463389929724111,0.297525268319462,8.40745759021108,8.51638178159863
"Sparse25",6,25,"Group_adjusted","M3","JKI",99,0.340331938183292,0.509577855275913,0.334425770221973,5.0263244328493,5.17482013992652
"Sparse25",6,25,"Raw","M1","ABR33",100,NA,NA,NA,9.35271205237313,8.51638178159863
"Sparse25",6,25,"Raw","M1","JKI",99,NA,NA,NA,5.98819780200439,5.17482013992652
"Sparse25",6,25,"Raw","M2","ABR33",100,0.487741423401412,0.487741423401412,0.204756810713529,8.44588179464117,8.51638178159863
"Sparse25",6,25,"Raw","M2","JKI",99,0.488679529937307,0.488679529937307,0.203920707048642,5.08458162295177,5.17482013992652
"Sparse25",6,25,"Raw","M3","ABR33",100,0.491144731888523,0.491144731888523,0.237352386933332,8.35616577810935,8.51638178159863
"Sparse25",6,25,"Raw","M3","JKI",99,0.496326779973405,0.496326779973405,0.225869602616134,5.08060857735432,5.17482013992652
"Sparse25",7,0,"Group_adjusted","M1","ABR33",100,0.235266466951996,0.399904033746917,0.25533211945021,8.61506879186705,8.73639440521187
"Sparse25",7,0,"Group_adjusted","M1","JKI",99,0.383304675052121,0.553884331547579,0.39060443071887,5.29780128976377,5.63088225554191
"Sparse25",7,0,"Group_adjusted","M2","ABR33",100,0.326775261691645,0.418404861509977,0.338708737564906,8.47822022595383,8.73639440521187
"Sparse25",7,0,"Group_adjusted","M2","JKI",99,0.453621231095917,0.604458204982768,0.459353775929162,5.13916647138599,5.63088225554191
"Sparse25",7,0,"Group_adjusted","M3","ABR33",100,0.378937509424213,0.422648576912776,0.386848788754046,8.43822240729708,8.73639440521187
"Sparse25",7,0,"Group_adjusted","M3","JKI",99,0.478937874383582,0.610398646299332,0.488793798488926,5.11646450608535,5.63088225554191
"Sparse25",7,0,"Raw","M1","ABR33",100,0.343146789675131,0.343146789675131,0.27803217546673,8.66732432275794,8.73639440521187
"Sparse25",7,0,"Raw","M1","JKI",99,0.520134112002335,0.520134112002335,0.427373655007817,5.6728402702281,5.63088225554191
"Sparse25",7,0,"Raw","M2","ABR33",100,0.448185631787261,0.448185631787261,0.296008554730181,7.680909488314,8.73639440521187
"Sparse25",7,0,"Raw","M2","JKI",99,0.605365964999406,0.605365964999406,0.459902924412717,5.47038696287701,5.63088225554191
"Sparse25",7,0,"Raw","M3","ABR33",100,0.434828246992446,0.434828246992446,0.332923090153832,7.92116824072455,8.73639440521187
"Sparse25",7,0,"Raw","M3","JKI",99,0.620505093430323,0.620505093430323,0.470096922518571,5.1552916036305,5.63088225554191
"Sparse25",7,5,"Group_adjusted","M1","ABR33",100,0.215121133357185,0.51632619852056,0.220389925334782,8.4989263073478,8.62448525916763
"Sparse25",7,5,"Group_adjusted","M1","JKI",99,0.301075585942587,0.487591231043015,0.294587863701993,5.43876006620334,5.64757332016001
"Sparse25",7,5,"Group_adjusted","M2","ABR33",100,0.217262610660369,0.542655255801556,0.294422453357108,8.4393394959288,8.62448525916763
"Sparse25",7,5,"Group_adjusted","M2","JKI",99,0.39166676339288,0.527965671971836,0.35756236624436,5.25322334237407,5.64757332016001
"Sparse25",7,5,"Group_adjusted","M3","ABR33",100,0.285247956443679,0.555437217015581,0.3614019703935,8.40374617834123,8.62448525916763
"Sparse25",7,5,"Group_adjusted","M3","JKI",99,0.415237168177475,0.526465876095315,0.378569062912005,5.24314215600807,5.64757332016001
"Sparse25",7,5,"Raw","M1","ABR33",100,0.34391498020737,0.34391498020737,0.240274725291158,9.25894084045728,8.62448525916763
"Sparse25",7,5,"Raw","M1","JKI",99,0.33059594141094,0.33059594141094,0.309112341736358,5.89786206485002,5.64757332016001
"Sparse25",7,5,"Raw","M2","ABR33",100,0.548974870393806,0.548974870393806,0.289504931167879,8.37986711621085,8.62448525916763
"Sparse25",7,5,"Raw","M2","JKI",99,0.521359281803612,0.521359281803612,0.336391233327119,5.24761123276109,5.64757332016001
"Sparse25",7,5,"Raw","M3","ABR33",100,0.561076381983088,0.561076381983088,0.348287750739655,8.34931257553626,8.62448525916763
"Sparse25",7,5,"Raw","M3","JKI",99,0.516638013955488,0.516638013955488,0.339624848505118,5.25443214936092,5.64757332016001
"Sparse25",7,10,"Group_adjusted","M1","ABR33",100,0.182170576644028,0.520334998050011,0.172498220448185,9.54873984077236,9.59219310025229
"Sparse25",7,10,"Group_adjusted","M1","JKI",99,0.184506584225874,0.516064944827139,0.188259667234766,5.72436134390933,5.85423331992725
"Sparse25",7,10,"Group_adjusted","M2","ABR33",100,0.264130608175023,0.533931745056434,0.222884208093755,9.50911789450688,9.59219310025229
"Sparse25",7,10,"Group_adjusted","M2","JKI",99,0.223915505270544,0.523689994136205,0.216792027102193,5.67801348685126,5.85423331992725
"Sparse25",7,10,"Group_adjusted","M3","ABR33",100,0.36115253451414,0.538816763786806,0.25028003434337,9.41412439226124,9.59219310025229
"Sparse25",7,10,"Group_adjusted","M3","JKI",99,0.272044539143172,0.547040645607901,0.278161096413976,5.60466650846573,5.85423331992725
"Sparse25",7,10,"Raw","M1","ABR33",100,0.269120012185735,0.269120012185735,0.187838940431237,10.33525574134,9.59219310025229
"Sparse25",7,10,"Raw","M1","JKI",99,0.177693519790058,0.177693519790058,0.1599324751624,6.36432426649956,5.85423331992725
"Sparse25",7,10,"Raw","M2","ABR33",100,0.52414435579326,0.52414435579326,0.191495291256298,9.77109009027128,9.59219310025229
"Sparse25",7,10,"Raw","M2","JKI",99,0.475589510434581,0.475589510434581,0.17052838147483,5.84148791920454,5.85423331992725
"Sparse25",7,10,"Raw","M3","ABR33",100,0.529201026098856,0.529201026098856,0.205645435838432,9.70753203934824,9.59219310025229
"Sparse25",7,10,"Raw","M3","JKI",99,0.513578320222472,0.513578320222472,0.219300931226024,5.68580469422331,5.85423331992725
"Sparse25",7,15,"Group_adjusted","M1","ABR33",100,0.214006104416445,0.439270167271234,0.225095268939335,8.58911451799708,8.80984900985972
"Sparse25",7,15,"Group_adjusted","M1","JKI",99,0.108554048833601,0.461706689003531,0.0841156950671538,5.64075205482235,5.61832578469238
"Sparse25",7,15,"Group_adjusted","M2","ABR33",100,0.292906967822666,0.460908549460139,0.288076535463911,8.45934329295658,8.80984900985972
"Sparse25",7,15,"Group_adjusted","M2","JKI",99,0.169442329506042,0.476012488341065,0.166143775032752,5.59447984928283,5.61832578469238
"Sparse25",7,15,"Group_adjusted","M3","ABR33",100,0.332020465862179,0.466407220183361,0.327677949038674,8.45790701218549,8.80984900985972
"Sparse25",7,15,"Group_adjusted","M3","JKI",99,0.148147458499582,0.473289108530188,0.15589132377833,5.59960974869123,5.61832578469238
"Sparse25",7,15,"Raw","M1","ABR33",100,0.242404878631379,0.242404878631379,0.220528937371826,9.61331850503682,8.80984900985972
"Sparse25",7,15,"Raw","M1","JKI",99,0.165702659696767,0.165702659696767,0.0760055787979122,6.18289624473864,5.61832578469238
"Sparse25",7,15,"Raw","M2","ABR33",100,0.515407406735029,0.515407406735029,0.279440679228301,8.60987493273655,8.80984900985972
"Sparse25",7,15,"Raw","M2","JKI",99,0.486310592079574,0.486310592079574,0.122274731974997,5.6944925665044,5.61832578469238
"Sparse25",7,15,"Raw","M3","ABR33",100,0.519004716324704,0.519004716324704,0.31248532189185,8.61021391855208,8.80984900985972
"Sparse25",7,15,"Raw","M3","JKI",99,0.481441211673358,0.481441211673358,0.100416092927173,5.65318997695422,5.61832578469238
"Sparse25",7,20,"Group_adjusted","M1","ABR33",100,0.162650576576793,0.453712848619172,0.107478494039239,8.05365580276889,8.09909796275492
"Sparse25",7,20,"Group_adjusted","M1","JKI",99,0.11308134532117,0.443917370060229,0.0780360911742886,5.40188402800168,5.43595743496727
"Sparse25",7,20,"Group_adjusted","M2","ABR33",100,0.302508134508463,0.482140093849069,0.283454113663799,7.93815149315544,8.09909796275492
"Sparse25",7,20,"Group_adjusted","M2","JKI",99,0.188607779092875,0.463309893544215,0.174596484660599,5.34363289811867,5.43595743496727
"Sparse25",7,20,"Group_adjusted","M3","ABR33",100,0.394039840304455,0.50107934207282,0.367312434858234,7.84752559640212,8.09909796275492
"Sparse25",7,20,"Group_adjusted","M3","JKI",99,0.192642131035858,0.467611053427854,0.226548836237377,5.34220287823225,5.43595743496727
"Sparse25",7,20,"Raw","M1","ABR33",100,0.19685854782094,0.19685854782094,0.116231021883591,8.86998807822836,8.09909796275492
"Sparse25",7,20,"Raw","M1","JKI",99,0.160250970809854,0.160250970809854,0.127792495012674,5.96478229327626,5.43595743496727
"Sparse25",7,20,"Raw","M2","ABR33",100,0.560113769162661,0.560113769162661,0.261265067349426,7.9735324061454,8.09909796275492
"Sparse25",7,20,"Raw","M2","JKI",99,0.513306464268717,0.513306464268717,0.168784679561889,5.28072077603222,5.43595743496727
"Sparse25",7,20,"Raw","M3","ABR33",100,0.57411658398419,0.57411658398419,0.314258297569575,7.81441383933161,8.09909796275492
"Sparse25",7,20,"Raw","M3","JKI",99,0.531199220358386,0.531199220358386,0.227224402513831,5.27613782282038,5.43595743496727
"Sparse25",7,25,"Group_adjusted","M1","ABR33",100,NA,0.438615688021098,NA,8.68494773574284,8.69508698022222
"Sparse25",7,25,"Group_adjusted","M1","JKI",99,NA,0.442208045835559,NA,5.58986018573228,5.58941933759453
"Sparse25",7,25,"Group_adjusted","M2","ABR33",100,0.341664816758049,0.451464569061149,0.379389851282787,8.64370282586309,8.69508698022222
"Sparse25",7,25,"Group_adjusted","M2","JKI",99,0.290156888892583,0.459213336347217,0.278353578306218,5.5245196771402,5.58941933759453
"Sparse25",7,25,"Group_adjusted","M3","ABR33",100,0.355708605773274,0.457597169032759,0.343124139345464,8.56717641760247,8.69508698022222
"Sparse25",7,25,"Group_adjusted","M3","JKI",99,0.216774480641459,0.453975372113163,0.23189712831803,5.54885404417859,5.58941933759453
"Sparse25",7,25,"Raw","M1","ABR33",100,NA,NA,NA,9.63325257486826,8.69508698022222
"Sparse25",7,25,"Raw","M1","JKI",99,NA,NA,NA,6.39927007897381,5.58941933759453
"Sparse25",7,25,"Raw","M2","ABR33",100,0.461533916450289,0.461533916450289,0.161364454594734,8.59065369242889,8.69508698022222
"Sparse25",7,25,"Raw","M2","JKI",99,0.450712806634302,0.450712806634302,-0.0226132512110981,5.50824460078444,5.58941933759453
"Sparse25",7,25,"Raw","M3","ABR33",100,0.464387825450699,0.464387825450699,0.173947539942261,8.52356338163586,8.69508698022222
"Sparse25",7,25,"Raw","M3","JKI",99,0.448080911923196,0.448080911923196,-0.0543458183711949,5.5549228065217,5.58941933759453
"Sparse25",8,0,"Group_adjusted","M1","ABR33",100,0.307640563942622,0.521541456751935,0.314457733658553,8.30088523226096,8.48320376674945
"Sparse25",8,0,"Group_adjusted","M1","JKI",99,0.275669112134452,0.459240451838722,0.293257364499711,5.46240598213062,5.65747645385731
"Sparse25",8,0,"Group_adjusted","M2","ABR33",100,0.359265397048089,0.548836073467007,0.37133415648249,8.18815215174562,8.48320376674945
"Sparse25",8,0,"Group_adjusted","M2","JKI",99,0.320076995470245,0.486097779062265,0.324898895786351,5.38817194124011,5.65747645385731
"Sparse25",8,0,"Group_adjusted","M3","ABR33",100,0.371577630856981,0.541657951579544,0.3594445052313,8.18864225355593,8.48320376674945
"Sparse25",8,0,"Group_adjusted","M3","JKI",99,0.349914352208182,0.493547923113399,0.335310571461011,5.35801346144695,5.65747645385731
"Sparse25",8,0,"Raw","M1","ABR33",100,0.35575336174666,0.35575336174666,0.318224425597852,9.26529746894888,8.48320376674945
"Sparse25",8,0,"Raw","M1","JKI",99,0.308226169413957,0.308226169413957,0.262103493338828,5.85225454304535,5.65747645385731
"Sparse25",8,0,"Raw","M2","ABR33",100,0.577756458825366,0.577756458825366,0.361780374839089,8.463024631981,8.48320376674945
"Sparse25",8,0,"Raw","M2","JKI",99,0.538639069687701,0.538639069687701,0.270607163014464,5.19905586051154,5.65747645385731
"Sparse25",8,0,"Raw","M3","ABR33",100,0.558511853604021,0.558511853604021,0.327782543648506,8.37000775522883,8.48320376674945
"Sparse25",8,0,"Raw","M3","JKI",99,0.549239801669261,0.549239801669261,0.279138414690614,5.1779490826972,5.65747645385731
"Sparse25",8,5,"Group_adjusted","M1","ABR33",100,0.321617293023013,0.534662095411966,0.352222028873358,8.42382680874777,8.5832679519157
"Sparse25",8,5,"Group_adjusted","M1","JKI",99,0.242416902249056,0.52943793219561,0.253669830775734,5.3642471014013,5.47914903539549
"Sparse25",8,5,"Group_adjusted","M2","ABR33",100,0.339267696719384,0.567304749491022,0.404439888637288,8.37005817312261,8.5832679519157
"Sparse25",8,5,"Group_adjusted","M2","JKI",99,0.288888162248511,0.555507551990775,0.325172707558576,5.28523673819926,5.47914903539549
"Sparse25",8,5,"Group_adjusted","M3","ABR33",100,0.377571795195236,0.562397235212055,0.41285658550809,8.34652428480294,8.5832679519157
"Sparse25",8,5,"Group_adjusted","M3","JKI",99,0.322944636568393,0.57989800022981,0.370783429009935,5.23092000287533,5.47914903539549
"Sparse25",8,5,"Raw","M1","ABR33",100,0.328260148711632,0.328260148711632,0.322298570276516,9.43893367064019,8.5832679519157
"Sparse25",8,5,"Raw","M1","JKI",99,0.208001346677819,0.208001346677819,0.170736282761164,6.0008634391692,5.47914903539549
"Sparse25",8,5,"Raw","M2","ABR33",100,0.609355877499426,0.609355877499426,0.414467947380155,8.73216277396308,8.5832679519157
"Sparse25",8,5,"Raw","M2","JKI",99,0.537831921010948,0.537831921010948,0.280873165167257,5.2586333186699,5.47914903539549
"Sparse25",8,5,"Raw","M3","ABR33",100,0.593338864190349,0.593338864190349,0.410623749598089,8.61194020876285,8.5832679519157
"Sparse25",8,5,"Raw","M3","JKI",99,0.571727133483584,0.571727133483584,0.331107628992047,5.238538202525,5.47914903539549
"Sparse25",8,10,"Group_adjusted","M1","ABR33",100,0.353030239859364,0.588880129272156,0.35047458120684,8.55756920204317,8.77272796864338
"Sparse25",8,10,"Group_adjusted","M1","JKI",99,0.264267498039683,0.4559265769689,0.271547870913198,5.42226727315419,5.59718584786013
"Sparse25",8,10,"Group_adjusted","M2","ABR33",100,0.44171443839263,0.603876866461553,0.376976785267246,8.34280332526547,8.77272796864338
"Sparse25",8,10,"Group_adjusted","M2","JKI",99,0.310441211240886,0.48282222789494,0.309420189688482,5.33942170580603,5.59718584786013
"Sparse25",8,10,"Group_adjusted","M3","ABR33",100,0.418574765579472,0.592248658483082,0.348044013711098,8.37311586292713,8.77272796864338
"Sparse25",8,10,"Group_adjusted","M3","JKI",99,0.317118713390622,0.485108589557898,0.317738488006972,5.32191452386569,5.59718584786013
"Sparse25",8,10,"Raw","M1","ABR33",100,0.404692281948629,0.404692281948629,0.362028926823672,9.09191541576405,8.77272796864338
"Sparse25",8,10,"Raw","M1","JKI",99,0.277898266827652,0.277898266827652,0.274198201640427,5.98669673532519,5.59718584786013
"Sparse25",8,10,"Raw","M2","ABR33",100,0.62819716108548,0.62819716108548,0.40122701677857,8.20325435429823,8.77272796864338
"Sparse25",8,10,"Raw","M2","JKI",99,0.522547352862167,0.522547352862167,0.309519092457186,5.3254896958829,5.59718584786013
"Sparse25",8,10,"Raw","M3","ABR33",100,0.615969331340345,0.615969331340345,0.372491868970261,8.27452414858865,8.77272796864338
"Sparse25",8,10,"Raw","M3","JKI",99,0.55020744313508,0.55020744313508,0.319412697320047,5.27519514634459,5.59718584786013
"Sparse25",8,15,"Group_adjusted","M1","ABR33",100,0.329542568104545,0.496881853406177,0.331302102913779,8.86334822907508,8.96799901430073
"Sparse25",8,15,"Group_adjusted","M1","JKI",99,0.270176646655512,0.549186739244429,0.289351611769123,5.44095670659698,5.61204479602532
"Sparse25",8,15,"Group_adjusted","M2","ABR33",100,0.399509436795813,0.52448303499302,0.412918295611022,8.71449201461697,8.96799901430073
"Sparse25",8,15,"Group_adjusted","M2","JKI",99,0.354006947389188,0.593939911038267,0.391353524104132,5.33165043878538,5.61204479602532
"Sparse25",8,15,"Group_adjusted","M3","ABR33",100,0.411008827913589,0.525039301104266,0.419306100755288,8.68917217437351,8.96799901430073
"Sparse25",8,15,"Group_adjusted","M3","JKI",99,0.329811237154468,0.593454338914171,0.390538102071456,5.43964571499886,5.61204479602532
"Sparse25",8,15,"Raw","M1","ABR33",100,0.280914500926756,0.280914500926756,0.265374398110782,9.73323321214764,8.96799901430073
"Sparse25",8,15,"Raw","M1","JKI",99,0.229506532013597,0.229506532013597,0.209922474824607,6.49460637281673,5.61204479602532
"Sparse25",8,15,"Raw","M2","ABR33",100,0.561505555549057,0.561505555549057,0.408426426579524,8.97504608137882,8.96799901430073
"Sparse25",8,15,"Raw","M2","JKI",99,0.558221681995971,0.558221681995971,0.325940078830855,5.50535866995626,5.61204479602532
"Sparse25",8,15,"Raw","M3","ABR33",100,0.541088520172407,0.541088520172407,0.393149419123956,8.85110771732761,8.96799901430073
"Sparse25",8,15,"Raw","M3","JKI",99,0.568324365522027,0.568324365522027,0.348900090542243,5.73901948002891,5.61204479602532
"Sparse25",8,20,"Group_adjusted","M1","ABR33",100,0.096467494349093,0.377630642814033,0.0892235654628108,8.53409634396383,8.54697089181532
"Sparse25",8,20,"Group_adjusted","M1","JKI",99,0.132448913707712,0.301561470887923,0.14310537795552,5.79402303156272,5.84511681823852
"Sparse25",8,20,"Group_adjusted","M2","ABR33",100,0.218307938211185,0.392395525529174,0.204424300651757,8.47426067511081,8.54697089181532
"Sparse25",8,20,"Group_adjusted","M2","JKI",99,0.189108222847908,0.322996831298253,0.203231883752773,5.73041668279833,5.84511681823852
"Sparse25",8,20,"Group_adjusted","M3","ABR33",100,0.280961215264503,0.399792830186255,0.273357094640287,8.44301554063026,8.54697089181532
"Sparse25",8,20,"Group_adjusted","M3","JKI",99,0.212577186688803,0.32607420568167,0.239470375044622,5.70541021390685,5.84511681823852
"Sparse25",8,20,"Raw","M1","ABR33",100,0.114444453110663,0.114444453110663,0.103610811784324,9.08720527631725,8.54697089181532
"Sparse25",8,20,"Raw","M1","JKI",99,0.21134637775488,0.21134637775488,0.185559240707515,5.77400847228901,5.84511681823852
"Sparse25",8,20,"Raw","M2","ABR33",100,0.507994652420292,0.507994652420292,0.263331396692137,8.13824641065555,8.54697089181532
"Sparse25",8,20,"Raw","M2","JKI",99,0.516139351662905,0.516139351662905,0.231989165643004,4.97061843046172,5.84511681823852
"Sparse25",8,20,"Raw","M3","ABR33",100,0.510067418477421,0.510067418477421,0.292386503286673,8.03661574203676,8.54697089181532
"Sparse25",8,20,"Raw","M3","JKI",99,0.526167582441994,0.526167582441994,0.275702352924837,4.96421881574465,5.84511681823852
"Sparse25",8,25,"Group_adjusted","M1","ABR33",100,NA,0.448904753050515,NA,8.56589178458622,8.58242750484701
"Sparse25",8,25,"Group_adjusted","M1","JKI",99,NA,0.532506360076466,NA,5.53886137275657,5.55339441896235
"Sparse25",8,25,"Group_adjusted","M2","ABR33",100,-0.158087156741756,0.445025765039148,0.0618368213062133,8.59217529828188,8.58242750484701
"Sparse25",8,25,"Group_adjusted","M2","JKI",99,-0.272783383021746,0.527794559763987,0.0613959956948008,5.60160324829402,5.55339441896235
"Sparse25",8,25,"Group_adjusted","M3","ABR33",100,0.0291533928306787,0.459567035472116,0.242313183609944,8.5178833056814,8.58242750484701
"Sparse25",8,25,"Group_adjusted","M3","JKI",99,-0.0710532857958419,0.538899056004222,0.140432980431022,5.51604362258825,5.55339441896235
"Sparse25",8,25,"Raw","M1","ABR33",100,NA,NA,NA,9.3470434462843,8.58242750484701
"Sparse25",8,25,"Raw","M1","JKI",99,NA,NA,NA,6.22510240242659,5.55339441896235
"Sparse25",8,25,"Raw","M2","ABR33",100,0.509645439439027,0.509645439439027,0.0352829728969204,8.86614745932791,8.58242750484701
"Sparse25",8,25,"Raw","M2","JKI",99,0.508463572499963,0.508463572499963,-0.131137651108822,5.75630611878911,5.55339441896235
"Sparse25",8,25,"Raw","M3","ABR33",100,0.529265971782815,0.529265971782815,0.15123223021547,8.60365459160413,8.58242750484701
"Sparse25",8,25,"Raw","M3","JKI",99,0.529013502080513,0.529013502080513,0.0402820608999706,5.73580816900871,5.55339441896235
"Sparse25",9,0,"Group_adjusted","M1","ABR33",100,0.38524773719797,0.52654446163582,0.395563119933056,8.48387501909607,8.71263926270175
"Sparse25",9,0,"Group_adjusted","M1","JKI",99,0.346925809776244,0.546080450867926,0.377491437716889,5.22620006022255,5.45147127817953
"Sparse25",9,0,"Group_adjusted","M2","ABR33",100,0.457605874803805,0.571141060496962,0.460120261885222,8.2420691267527,8.71263926270175
"Sparse25",9,0,"Group_adjusted","M2","JKI",99,0.405990795324144,0.574449573417295,0.428664604383073,5.05885373646686,5.45147127817953
"Sparse25",9,0,"Group_adjusted","M3","ABR33",100,0.511283008158544,0.573159504873428,0.499282918980108,8.19007264662205,8.71263926270175
"Sparse25",9,0,"Group_adjusted","M3","JKI",99,0.42187291720623,0.57916409568538,0.443649140966214,5.04888126758075,5.45147127817953
"Sparse25",9,0,"Raw","M1","ABR33",100,0.378197917125638,0.378197917125638,0.367280125430206,9.60008845971553,8.71263926270175
"Sparse25",9,0,"Raw","M1","JKI",99,0.384828983601649,0.384828983601649,0.34769502866527,5.74484991207985,5.45147127817953
"Sparse25",9,0,"Raw","M2","ABR33",100,0.611105992344461,0.611105992344461,0.443589299444642,8.67154874182158,8.71263926270175
"Sparse25",9,0,"Raw","M2","JKI",99,0.621458737955747,0.621458737955747,0.39734110186157,4.9883202263579,5.45147127817953
"Sparse25",9,0,"Raw","M3","ABR33",100,0.602143828289764,0.602143828289764,0.46712418274294,8.48524284958636,8.71263926270175
"Sparse25",9,0,"Raw","M3","JKI",99,0.629183747219932,0.629183747219932,0.417649038850483,5.014449599958,5.45147127817953
"Sparse25",9,5,"Group_adjusted","M1","ABR33",100,0.337765551709645,0.465651937610008,0.342535088176243,8.91551387900627,9.07187123370469
"Sparse25",9,5,"Group_adjusted","M1","JKI",99,0.175812637064988,0.486672334300415,0.178054486312306,5.36656862119655,5.43494342825978
"Sparse25",9,5,"Group_adjusted","M2","ABR33",100,0.411677349359889,0.485909694644169,0.411102883613321,8.75271286142182,9.07187123370469
"Sparse25",9,5,"Group_adjusted","M2","JKI",99,0.23170447322136,0.504963368530706,0.227424750955724,5.30235516666976,5.43494342825978
"Sparse25",9,5,"Group_adjusted","M3","ABR33",100,0.445092216274897,0.485171359002854,0.431371472999025,8.71430203057458,9.07187123370469
"Sparse25",9,5,"Group_adjusted","M3","JKI",99,0.280910154699354,0.521624780576811,0.273570134963645,5.24954332423437,5.43494342825978
"Sparse25",9,5,"Raw","M1","ABR33",100,0.317242244628212,0.317242244628212,0.268836981889959,8.94483031076488,9.07187123370469
"Sparse25",9,5,"Raw","M1","JKI",99,0.289144361587682,0.289144361587682,0.175742645057045,5.8830511521214,5.43494342825978
"Sparse25",9,5,"Raw","M2","ABR33",100,0.536882351046242,0.536882351046242,0.412068848311515,7.95731059611493,9.07187123370469
"Sparse25",9,5,"Raw","M2","JKI",99,0.508996214189919,0.508996214189919,0.187692193805444,5.30327972196457,5.43494342825978
"Sparse25",9,5,"Raw","M3","ABR33",100,0.501664547840047,0.501664547840047,0.373094441633108,8.02053349581333,9.07187123370469
"Sparse25",9,5,"Raw","M3","JKI",99,0.526338221210933,0.526338221210933,0.234207874111035,5.22444591317658,5.43494342825978
"Sparse25",9,10,"Group_adjusted","M1","ABR33",100,0.149198614775482,0.492968789953369,0.153160143406698,8.75909800737984,8.83005494011936
"Sparse25",9,10,"Group_adjusted","M1","JKI",99,0.17548250887424,0.392328551542445,0.177123554774295,5.8511187318942,5.87104683761959
"Sparse25",9,10,"Group_adjusted","M2","ABR33",100,0.224040041526205,0.512836424262159,0.243164907941831,8.68190960083256,8.83005494011936
"Sparse25",9,10,"Group_adjusted","M2","JKI",99,0.207613573245075,0.406965030101722,0.224600847176373,5.79757808298954,5.87104683761959
"Sparse25",9,10,"Group_adjusted","M3","ABR33",100,0.291937419324332,0.522173455376775,0.301183606599176,8.63455365099292,8.83005494011936
"Sparse25",9,10,"Group_adjusted","M3","JKI",99,0.213970468604927,0.407239940671115,0.258450144201468,5.80470857229728,5.87104683761959
"Sparse25",9,10,"Raw","M1","ABR33",100,0.166445706090078,0.166445706090078,0.081230502444842,9.72754837527701,8.83005494011936
"Sparse25",9,10,"Raw","M1","JKI",99,0.229390796628802,0.229390796628802,0.172464211116308,6.09168129335399,5.87104683761959
"Sparse25",9,10,"Raw","M2","ABR33",100,0.524816772411506,0.524816772411506,0.223399011388923,8.99273082339588,8.83005494011936
"Sparse25",9,10,"Raw","M2","JKI",99,0.510121107783218,0.510121107783218,0.194386837045571,5.45246077796781,5.87104683761959
"Sparse25",9,10,"Raw","M3","ABR33",100,0.53185898719271,0.53185898719271,0.255966530219809,8.84634161508103,8.83005494011936
"Sparse25",9,10,"Raw","M3","JKI",99,0.524627738562059,0.524627738562059,0.233383829614207,5.49764207172397,5.87104683761959
"Sparse25",9,15,"Group_adjusted","M1","ABR33",100,0.251288393673861,0.451413922891199,0.243980344600345,8.52102616619101,8.63460227515088
"Sparse25",9,15,"Group_adjusted","M1","JKI",99,0.305156059002831,0.595240533316339,0.324577977284944,5.14015498839011,5.31126678610602
"Sparse25",9,15,"Group_adjusted","M2","ABR33",100,0.3662651050097,0.471351358686247,0.305412311440348,8.32675258411907,8.63460227515088
"Sparse25",9,15,"Group_adjusted","M2","JKI",99,0.285165619067382,0.601711695481107,0.374486440725824,5.1351403375674,5.31126678610602
"Sparse25",9,15,"Group_adjusted","M3","ABR33",100,0.391520915158575,0.469182371820122,0.310927337018176,8.30403364514472,8.63460227515088
"Sparse25",9,15,"Group_adjusted","M3","JKI",99,0.333273083965413,0.614516552158631,0.373160469621777,5.10016081147833,5.31126678610602
"Sparse25",9,15,"Raw","M1","ABR33",100,0.166227818288057,0.166227818288057,0.19934904598342,9.09358825440488,8.63460227515088
"Sparse25",9,15,"Raw","M1","JKI",99,0.285923179796354,0.285923179796354,0.246930026963306,5.80747118842698,5.31126678610602
"Sparse25",9,15,"Raw","M2","ABR33",100,0.522080883801339,0.522080883801339,0.341618257571849,8.22405651609713,8.63460227515088
"Sparse25",9,15,"Raw","M2","JKI",99,0.583748917219119,0.583748917219119,0.305681030127698,4.94856761200353,5.31126678610602
"Sparse25",9,15,"Raw","M3","ABR33",100,0.49007209128066,0.49007209128066,0.306345905156972,8.13966274644378,8.63460227515088
"Sparse25",9,15,"Raw","M3","JKI",99,0.589001219007189,0.589001219007189,0.335347173577982,5.1074408264769,5.31126678610602
"Sparse25",9,20,"Group_adjusted","M1","ABR33",100,0.243920495585788,0.471370377763047,0.239047395875813,8.13946900444073,8.25000753927292
"Sparse25",9,20,"Group_adjusted","M1","JKI",99,0.0984130346853707,0.507339469237142,0.11400177187449,5.46659181864016,5.44182640948261
"Sparse25",9,20,"Group_adjusted","M2","ABR33",100,0.33639856211863,0.496649980191694,0.326150799648043,8.0032875012126,8.25000753927292
"Sparse25",9,20,"Group_adjusted","M2","JKI",99,0.20260092854764,0.549369396612162,0.285626585106755,5.39266996734795,5.44182640948261
"Sparse25",9,20,"Group_adjusted","M3","ABR33",100,0.375351723109982,0.498339394145543,0.365510709806541,7.99300347999414,8.25000753927292
"Sparse25",9,20,"Group_adjusted","M3","JKI",99,0.204549789544274,0.549601496680555,0.27445512303195,5.36499842987129,5.44182640948261
"Sparse25",9,20,"Raw","M1","ABR33",100,0.195428309420882,0.195428309420882,0.244265302772331,9.1195171544194,8.25000753927292
"Sparse25",9,20,"Raw","M1","JKI",99,0.109737523163104,0.109737523163104,0.121085617942117,6.02255196711713,5.44182640948261
"Sparse25",9,20,"Raw","M2","ABR33",100,0.516180450541344,0.516180450541344,0.296559079069278,8.26559297767238,8.25000753927292
"Sparse25",9,20,"Raw","M2","JKI",99,0.549320075426795,0.549320075426795,0.230750807974411,5.22910517315725,5.44182640948261
"Sparse25",9,20,"Raw","M3","ABR33",100,0.50492588030723,0.50492588030723,0.308461525771802,8.07242303734053,8.25000753927292
"Sparse25",9,20,"Raw","M3","JKI",99,0.545683940418518,0.545683940418518,0.223792199060924,5.35014982808824,5.44182640948261
"Sparse25",9,25,"Group_adjusted","M1","ABR33",100,NA,0.461805357194016,NA,9.50101150567514,9.5365302777335
"Sparse25",9,25,"Group_adjusted","M1","JKI",99,NA,0.309907194297687,NA,6.47330474931688,6.50320940498171
"Sparse25",9,25,"Group_adjusted","M2","ABR33",100,-0.114462776086619,0.454224359739852,0.0561743462173744,9.66825957512422,9.5365302777335
"Sparse25",9,25,"Group_adjusted","M2","JKI",99,0.0261765449039239,0.322551660658957,0.337205068317735,6.58879581913182,6.50320940498171
"Sparse25",9,25,"Group_adjusted","M3","ABR33",100,-0.0747297284194152,0.463183156338789,0.144065441733972,9.70465867447043,9.5365302777335
"Sparse25",9,25,"Group_adjusted","M3","JKI",99,0.00973530103326391,0.308237401016324,0.280946172255597,6.5593515229809,6.50320940498171
"Sparse25",9,25,"Raw","M1","ABR33",100,NA,NA,NA,10.4851549498288,9.5365302777335
"Sparse25",9,25,"Raw","M1","JKI",99,NA,NA,NA,6.6812646757915,6.50320940498171
"Sparse25",9,25,"Raw","M2","ABR33",100,0.468592042875635,0.468592042875635,0.0593386650587735,10.2353101185335,9.5365302777335
"Sparse25",9,25,"Raw","M2","JKI",99,0.59820853769453,0.59820853769453,0.305299883377989,6.34125388744976,6.50320940498171
"Sparse25",9,25,"Raw","M3","ABR33",100,0.504808461051809,0.504808461051809,0.162386575742836,10.0314996775846,9.5365302777335
"Sparse25",9,25,"Raw","M3","JKI",99,0.497596403855263,0.497596403855263,0.254757785665545,6.51104463493304,6.50320940498171
"Sparse25",10,0,"Group_adjusted","M1","ABR33",100,0.28003628876587,0.39513241355684,0.336934564188599,10.4518514117574,10.5494896824621
"Sparse25",10,0,"Group_adjusted","M1","JKI",99,0.298391317966144,0.483050463590692,0.3180457769373,5.5305714115962,5.76808624639244
"Sparse25",10,0,"Group_adjusted","M2","ABR33",100,0.362254364589976,0.414760126150317,0.420663972444786,10.3047476728703,10.5494896824621
"Sparse25",10,0,"Group_adjusted","M2","JKI",99,0.330493401061851,0.508768233849576,0.360465191705356,5.48753391195775,5.76808624639244
"Sparse25",10,0,"Group_adjusted","M3","ABR33",100,0.322149802949847,0.409668710328345,0.410284885510027,10.231271785223,10.5494896824621
"Sparse25",10,0,"Group_adjusted","M3","JKI",99,0.3486735112349,0.517592280447361,0.379385336584924,5.46904871647288,5.76808624639244
"Sparse25",10,0,"Raw","M1","ABR33",100,0.353406816774164,0.353406816774164,0.312800403292227,8.85278291859943,10.5494896824621
"Sparse25",10,0,"Raw","M1","JKI",99,0.45962566151681,0.45962566151681,0.398557471710385,5.62554350823963,5.76808624639244
"Sparse25",10,0,"Raw","M2","ABR33",100,0.593290284678037,0.593290284678037,0.471818182409982,8.03379442077173,10.5494896824621
"Sparse25",10,0,"Raw","M2","JKI",99,0.629210456419524,0.629210456419524,0.443937326109292,4.79994251605417,5.76808624639244
"Sparse25",10,0,"Raw","M3","ABR33",100,0.547165477244997,0.547165477244997,0.457917912362133,8.01070317150658,10.5494896824621
"Sparse25",10,0,"Raw","M3","JKI",99,0.638143695804936,0.638143695804936,0.461059942048959,4.92182145728775,5.76808624639244
"Sparse25",10,5,"Group_adjusted","M1","ABR33",100,0.354169345278847,0.459525136611178,0.359954385718795,8.14825037322074,8.38816111359791
"Sparse25",10,5,"Group_adjusted","M1","JKI",99,0.311169315087481,0.488074913953275,0.33321138494033,5.40390642928291,5.59190577271666
"Sparse25",10,5,"Group_adjusted","M2","ABR33",100,0.419297882171081,0.492679295994472,0.401029349296332,7.98029752088275,8.38816111359791
"Sparse25",10,5,"Group_adjusted","M2","JKI",99,0.352770650134967,0.516378192822339,0.358852382214322,5.38019448136736,5.59190577271666
"Sparse25",10,5,"Group_adjusted","M3","ABR33",100,0.421901360286677,0.488016464629143,0.391153481352268,8.00423684353487,8.38816111359791
"Sparse25",10,5,"Group_adjusted","M3","JKI",99,0.342169035278395,0.503811300673106,0.368926225823933,5.34430592042079,5.59190577271666
"Sparse25",10,5,"Raw","M1","ABR33",100,0.376935147918243,0.376935147918243,0.302581805810099,9.00546194900036,8.38816111359791
"Sparse25",10,5,"Raw","M1","JKI",99,0.3528071730995,0.3528071730995,0.304523349082544,5.62981640832043,5.59190577271666
"Sparse25",10,5,"Raw","M2","ABR33",100,0.577447860763847,0.577447860763847,0.403121845673399,7.89122423027629,8.38816111359791
"Sparse25",10,5,"Raw","M2","JKI",99,0.582513625686353,0.582513625686353,0.360744891196558,5.10702290492115,5.59190577271666
"Sparse25",10,5,"Raw","M3","ABR33",100,0.561886935119856,0.561886935119856,0.403071411445137,7.85207959592863,8.38816111359791
"Sparse25",10,5,"Raw","M3","JKI",99,0.585556630900458,0.585556630900458,0.364927628684285,5.02892705376016,5.59190577271666
"Sparse25",10,10,"Group_adjusted","M1","ABR33",100,0.14811103259789,0.430324479549816,0.174392916345886,8.40506415146049,8.46569743368288
"Sparse25",10,10,"Group_adjusted","M1","JKI",99,0.2309321938654,0.286022026307113,0.287261962318177,6.11824582704912,6.29417548809544
"Sparse25",10,10,"Group_adjusted","M2","ABR33",100,0.335515680626323,0.455370954153027,0.295891798242196,8.21131724187452,8.46569743368288
"Sparse25",10,10,"Group_adjusted","M2","JKI",99,0.295972859463214,0.33110148496474,0.346628687692351,5.9953056334351,6.29417548809544
"Sparse25",10,10,"Group_adjusted","M3","ABR33",100,0.399725818527966,0.463495807994789,0.375309504526658,8.17607345726713,8.46569743368288
"Sparse25",10,10,"Group_adjusted","M3","JKI",99,0.300129063106945,0.32129396790557,0.362810941738937,5.99851573285971,6.29417548809544
"Sparse25",10,10,"Raw","M1","ABR33",100,0.284042537947051,0.284042537947051,0.24634827425091,8.99393801838417,8.46569743368288
"Sparse25",10,10,"Raw","M1","JKI",99,0.304259091861838,0.304259091861838,0.254047651257965,5.9433908378982,6.29417548809544
"Sparse25",10,10,"Raw","M2","ABR33",100,0.518666971958396,0.518666971958396,0.359214131222482,7.9863321139652,8.46569743368288
"Sparse25",10,10,"Raw","M2","JKI",99,0.576457925549748,0.576457925549748,0.303444990373824,5.07626179839833,6.29417548809544
"Sparse25",10,10,"Raw","M3","ABR33",100,0.504385187743077,0.504385187743077,0.401909476702658,7.78271181827585,8.46569743368288
"Sparse25",10,10,"Raw","M3","JKI",99,0.571457338960693,0.571457338960693,0.349899335239787,5.24363765909276,6.29417548809544
"Sparse25",10,15,"Group_adjusted","M1","ABR33",100,0.259886330021335,0.459770919619965,0.249105510173706,8.58595715235399,8.68369693041982
"Sparse25",10,15,"Group_adjusted","M1","JKI",99,0.105693834493541,0.337600328349968,0.0895006346645191,5.64853684462707,5.65556157367313
"Sparse25",10,15,"Group_adjusted","M2","ABR33",100,0.326579557912132,0.482390107513671,0.3673070757488,8.48658199986061,8.68369693041982
"Sparse25",10,15,"Group_adjusted","M2","JKI",99,0.156797498228176,0.350338921677169,0.22584539379968,5.60090992031211,5.65556157367313
"Sparse25",10,15,"Group_adjusted","M3","ABR33",100,0.355332808777274,0.478092968329902,0.344820388743579,8.48848847008645,8.68369693041982
"Sparse25",10,15,"Group_adjusted","M3","JKI",99,0.168896771417819,0.352045295107534,0.248754867140651,5.61307336821371,5.65556157367313
"Sparse25",10,15,"Raw","M1","ABR33",100,0.271505251500163,0.271505251500163,0.183135100562855,9.35677154219293,8.68369693041982
"Sparse25",10,15,"Raw","M1","JKI",99,0.0840602263800457,0.0840602263800457,0.0455943171711943,5.92235851512564,5.65556157367313
"Sparse25",10,15,"Raw","M2","ABR33",100,0.563063173035062,0.563063173035062,0.365869357675789,8.52299553677416,8.68369693041982
"Sparse25",10,15,"Raw","M2","JKI",99,0.515619652310419,0.515619652310419,0.198028718059596,5.17237419002562,5.65556157367313
"Sparse25",10,15,"Raw","M3","ABR33",100,0.54017500413853,0.54017500413853,0.329220700099921,8.43679076521346,8.68369693041982
"Sparse25",10,15,"Raw","M3","JKI",99,0.5285432513432,0.5285432513432,0.243680385530066,5.19329066185065,5.65556157367313
"Sparse25",10,20,"Group_adjusted","M1","ABR33",100,0.26032597790132,0.495018997156267,0.286757101451191,9.22798635204113,9.35987967481403
"Sparse25",10,20,"Group_adjusted","M1","JKI",99,0.103699625047106,0.50027271358225,0.0561367244950659,5.636495322012,5.66251029073364
"Sparse25",10,20,"Group_adjusted","M2","ABR33",100,0.223977858218744,0.508811006729078,0.300723741062075,9.21033797964508,9.35987967481403
"Sparse25",10,20,"Group_adjusted","M2","JKI",99,0.112511679011744,0.524072258909794,0.190852068497255,5.62278159468787,5.66251029073364
"Sparse25",10,20,"Group_adjusted","M3","ABR33",100,0.206991252315317,0.512613625086098,0.321256804071957,9.2279201810356,9.35987967481403
"Sparse25",10,20,"Group_adjusted","M3","JKI",99,0.198258853367558,0.527097812760696,0.208858322036616,5.6021320974733,5.66251029073364
"Sparse25",10,20,"Raw","M1","ABR33",100,0.233019781488826,0.233019781488826,0.275382655443934,10.4261784068587,9.35987967481403
"Sparse25",10,20,"Raw","M1","JKI",99,0.121793700930594,0.121793700930594,0.0602652672592779,6.24521657360612,5.66251029073364
"Sparse25",10,20,"Raw","M2","ABR33",100,0.514285444491428,0.514285444491428,0.276080607168066,9.77288886746083,9.35987967481403
"Sparse25",10,20,"Raw","M2","JKI",99,0.510782145764754,0.510782145764754,0.0840184830931628,5.72125438222031,5.66251029073364
"Sparse25",10,20,"Raw","M3","ABR33",100,0.51981320750076,0.51981320750076,0.27672217216368,9.70008564440347,9.35987967481403
"Sparse25",10,20,"Raw","M3","JKI",99,0.524507617761615,0.524507617761615,0.126683197116867,5.69335018201339,5.66251029073364
"Sparse25",10,25,"Group_adjusted","M1","ABR33",100,NA,0.440545818339484,NA,8.19787362918535,8.19560446284842
"Sparse25",10,25,"Group_adjusted","M1","JKI",99,NA,0.458137547821633,NA,5.33357769691077,5.34220659625768
"Sparse25",10,25,"Group_adjusted","M2","ABR33",100,0.451563473481086,0.460520087699316,0.374766809755904,8.03321190275465,8.19560446284842
"Sparse25",10,25,"Group_adjusted","M2","JKI",99,0.415666590924459,0.486118458353911,0.362434336822303,5.20082294878475,5.34220659625768
"Sparse25",10,25,"Group_adjusted","M3","ABR33",100,0.381829343465298,0.462483329373636,0.290248103994592,8.00781622937003,8.19560446284842
"Sparse25",10,25,"Group_adjusted","M3","JKI",99,0.362639893073684,0.482089184543066,0.318338057567086,5.22838131892493,5.34220659625768
"Sparse25",10,25,"Raw","M1","ABR33",100,NA,NA,NA,8.99473859296006,8.19560446284842
"Sparse25",10,25,"Raw","M1","JKI",99,NA,NA,NA,6.17454592467005,5.34220659625768
"Sparse25",10,25,"Raw","M2","ABR33",100,0.489073875612935,0.489073875612935,0.282538636892849,7.9026872497537,8.19560446284842
"Sparse25",10,25,"Raw","M2","JKI",99,0.477098155331888,0.477098155331888,0.16331642478916,5.30464891980527,5.34220659625768
"Sparse25",10,25,"Raw","M3","ABR33",100,0.479000053644526,0.479000053644526,0.198128016214715,7.81060110650268,8.19560446284842
"Sparse25",10,25,"Raw","M3","JKI",99,0.47519308109754,0.47519308109754,0.149714429662781,5.34231529816482,5.34220659625768
