"scheme","rep","overlap","target","model","Environment","PopGroup","n","PA","RMSE"
"CV1",1,NA,"Group_adjusted","M1","ABR33","M. sacchariflorus",56,NA,6.6365348754612
"CV1",1,NA,"Group_adjusted","M1","ABR33","M. sinensis",47,NA,11.1364464858116
"CV1",1,NA,"Group_adjusted","M1","ABR33","M. x gig",22,NA,7.12798186775067
"CV1",1,NA,"Group_adjusted","M1","JKI","M. sacchariflorus",56,NA,3.70152407532039
"CV1",1,NA,"Group_adjusted","M1","JKI","M. sinensis",46,NA,7.5208764140591
"CV1",1,NA,"Group_adjusted","M1","JKI","M. x gig",22,NA,4.9529211395178
"CV1",1,NA,"Group_adjusted","M2","ABR33","M. sacchariflorus",56,-0.0389662470314929,6.62267399846254
"CV1",1,NA,"Group_adjusted","M2","ABR33","M. sinensis",47,-0.0942133840482086,10.5048827868641
"CV1",1,NA,"Group_adjusted","M2","ABR33","M. x gig",22,0.232093365716665,6.8362405125637
"CV1",1,NA,"Group_adjusted","M2","JKI","M. sacchariflorus",56,0.217071830486855,3.54300813611068
"CV1",1,NA,"Group_adjusted","M2","JKI","M. sinensis",46,-0.0202814158020451,7.13227555381993
"CV1",1,NA,"Group_adjusted","M2","JKI","M. x gig",22,0.463828020030398,4.56753084420616
"CV1",1,NA,"Group_adjusted","M3","ABR33","M. sacchariflorus",56,-0.0699670026954144,6.64272608631691
"CV1",1,NA,"Group_adjusted","M3","ABR33","M. sinensis",47,-0.0084294521513089,10.403483564354
"CV1",1,NA,"Group_adjusted","M3","ABR33","M. x gig",22,0.332090155639109,6.73307069126754
"CV1",1,NA,"Group_adjusted","M3","JKI","M. sacchariflorus",56,0.347741437691492,3.42650172449191
"CV1",1,NA,"Group_adjusted","M3","JKI","M. sinensis",46,-0.0740527247112577,7.20161379067762
"CV1",1,NA,"Group_adjusted","M3","JKI","M. x gig",22,0.463853832225875,4.5302696284426
"CV1",1,NA,"Raw","M1","ABR33","M. sacchariflorus",56,NA,7.96493490899417
"CV1",1,NA,"Raw","M1","ABR33","M. sinensis",47,NA,11.7198255172692
"CV1",1,NA,"Raw","M1","ABR33","M. x gig",22,NA,6.99714032838272
"CV1",1,NA,"Raw","M1","JKI","M. sacchariflorus",56,NA,4.92980356096941
"CV1",1,NA,"Raw","M1","JKI","M. sinensis",46,NA,7.79761783185714
"CV1",1,NA,"Raw","M1","JKI","M. x gig",22,NA,4.9820051962195
"CV1",1,NA,"Raw","M2","ABR33","M. sacchariflorus",56,0.0736994899479586,6.63407180933307
"CV1",1,NA,"Raw","M2","ABR33","M. sinensis",47,-0.0122323869740596,10.3967626496674
"CV1",1,NA,"Raw","M2","ABR33","M. x gig",22,0.25695289218694,6.86384432193032
"CV1",1,NA,"Raw","M2","JKI","M. sacchariflorus",56,0.258976325628556,3.50671097743351
"CV1",1,NA,"Raw","M2","JKI","M. sinensis",46,-0.0511516319781739,7.28246765190779
"CV1",1,NA,"Raw","M2","JKI","M. x gig",22,0.438500884674438,4.80871698699751
"CV1",1,NA,"Raw","M3","ABR33","M. sacchariflorus",56,0.0801946912211035,6.54958522240011
"CV1",1,NA,"Raw","M3","ABR33","M. sinensis",47,0.00526132481613487,10.3912130979525
"CV1",1,NA,"Raw","M3","ABR33","M. x gig",22,0.323031713710324,6.80148092113003
"CV1",1,NA,"Raw","M3","JKI","M. sacchariflorus",56,0.358158396459331,3.4495278492398
"CV1",1,NA,"Raw","M3","JKI","M. sinensis",46,-0.0620186812512617,7.20576457844959
"CV1",1,NA,"Raw","M3","JKI","M. x gig",22,0.435909856695837,4.73328524468293
"CV1",2,NA,"Group_adjusted","M1","ABR33","M. sacchariflorus",56,NA,6.64567416797148
"CV1",2,NA,"Group_adjusted","M1","ABR33","M. sinensis",47,NA,10.4412920927665
"CV1",2,NA,"Group_adjusted","M1","ABR33","M. x gig",22,NA,7.40472837509685
"CV1",2,NA,"Group_adjusted","M1","JKI","M. sacchariflorus",56,NA,3.73273384347692
"CV1",2,NA,"Group_adjusted","M1","JKI","M. sinensis",46,NA,7.07649135737078
"CV1",2,NA,"Group_adjusted","M1","JKI","M. x gig",22,NA,5.57489361825946
"CV1",2,NA,"Group_adjusted","M2","ABR33","M. sacchariflorus",56,-0.114349931694867,6.67008258129239
"CV1",2,NA,"Group_adjusted","M2","ABR33","M. sinensis",47,0.350466806649144,9.78164377512983
"CV1",2,NA,"Group_adjusted","M2","ABR33","M. x gig",22,0.051786813134735,6.98022041465822
"CV1",2,NA,"Group_adjusted","M2","JKI","M. sacchariflorus",56,0.161176205155567,3.57874795590664
"CV1",2,NA,"Group_adjusted","M2","JKI","M. sinensis",46,0.29116115303438,6.64471478982513
"CV1",2,NA,"Group_adjusted","M2","JKI","M. x gig",22,0.0303884510833437,5.04481551493827
"CV1",2,NA,"Group_adjusted","M3","ABR33","M. sacchariflorus",56,-0.150271430841238,6.69564697087959
"CV1",2,NA,"Group_adjusted","M3","ABR33","M. sinensis",47,0.372281969357444,9.68207203882811
"CV1",2,NA,"Group_adjusted","M3","ABR33","M. x gig",22,0.256387408638943,6.75683822394644
"CV1",2,NA,"Group_adjusted","M3","JKI","M. sacchariflorus",56,0.317695366424712,3.4464526751249
"CV1",2,NA,"Group_adjusted","M3","JKI","M. sinensis",46,0.250900982494009,6.70213193778565
"CV1",2,NA,"Group_adjusted","M3","JKI","M. x gig",22,0.0783227231249445,5.00363217468106
"CV1",2,NA,"Raw","M1","ABR33","M. sacchariflorus",56,NA,7.93416774840968
"CV1",2,NA,"Raw","M1","ABR33","M. sinensis",47,NA,11.4300468424034
"CV1",2,NA,"Raw","M1","ABR33","M. x gig",22,NA,6.87287036923053
"CV1",2,NA,"Raw","M1","JKI","M. sacchariflorus",56,NA,4.86599181912949
"CV1",2,NA,"Raw","M1","JKI","M. sinensis",46,NA,7.60868162278519
"CV1",2,NA,"Raw","M1","JKI","M. x gig",22,NA,4.98409661778313
"CV1",2,NA,"Raw","M2","ABR33","M. sacchariflorus",56,0.0369708323534297,6.64579771531263
"CV1",2,NA,"Raw","M2","ABR33","M. sinensis",47,0.38238394348941,9.78278115992055
"CV1",2,NA,"Raw","M2","ABR33","M. x gig",22,0.374053453484861,6.66645371204942
"CV1",2,NA,"Raw","M2","JKI","M. sacchariflorus",56,0.156225780658666,3.58403599222983
"CV1",2,NA,"Raw","M2","JKI","M. sinensis",46,0.235534799486851,6.789146854898
"CV1",2,NA,"Raw","M2","JKI","M. x gig",22,0.384453425648364,4.74565236756525
"CV1",2,NA,"Raw","M3","ABR33","M. sacchariflorus",56,0.0133364277006469,6.59869398612001
"CV1",2,NA,"Raw","M3","ABR33","M. sinensis",47,0.362969344321189,9.68896482655367
"CV1",2,NA,"Raw","M3","ABR33","M. x gig",22,0.517689240911607,6.49625168272812
"CV1",2,NA,"Raw","M3","JKI","M. sacchariflorus",56,0.317041989239278,3.46820688302179
"CV1",2,NA,"Raw","M3","JKI","M. sinensis",46,0.22114071247579,6.73817882773779
"CV1",2,NA,"Raw","M3","JKI","M. x gig",22,0.418333091373818,4.67978957289844
"CV1",3,NA,"Group_adjusted","M1","ABR33","M. sacchariflorus",56,NA,6.66685933893849
"CV1",3,NA,"Group_adjusted","M1","ABR33","M. sinensis",47,NA,10.6774055295989
"CV1",3,NA,"Group_adjusted","M1","ABR33","M. x gig",22,NA,7.26696670387
"CV1",3,NA,"Group_adjusted","M1","JKI","M. sacchariflorus",56,NA,3.66730192492934
"CV1",3,NA,"Group_adjusted","M1","JKI","M. sinensis",46,NA,7.27882154809191
"CV1",3,NA,"Group_adjusted","M1","JKI","M. x gig",22,NA,5.29429142663874
"CV1",3,NA,"Group_adjusted","M2","ABR33","M. sacchariflorus",56,-0.0370572519494678,6.62745247314936
"CV1",3,NA,"Group_adjusted","M2","ABR33","M. sinensis",47,0.183020105780117,10.0159070864409
"CV1",3,NA,"Group_adjusted","M2","ABR33","M. x gig",22,0.205808039715024,6.81463029375956
"CV1",3,NA,"Group_adjusted","M2","JKI","M. sacchariflorus",56,0.229184516903591,3.52814655139197
"CV1",3,NA,"Group_adjusted","M2","JKI","M. sinensis",46,0.146619224121287,6.83570015166521
"CV1",3,NA,"Group_adjusted","M2","JKI","M. x gig",22,0.326606139039715,4.67267941690199
"CV1",3,NA,"Group_adjusted","M3","ABR33","M. sacchariflorus",56,-0.0509528707618326,6.63684020443812
"CV1",3,NA,"Group_adjusted","M3","ABR33","M. sinensis",47,0.225029466528391,9.94179612652785
"CV1",3,NA,"Group_adjusted","M3","ABR33","M. x gig",22,0.33477300798242,6.63516349997986
"CV1",3,NA,"Group_adjusted","M3","JKI","M. sacchariflorus",56,0.349784696727787,3.42105234737857
"CV1",3,NA,"Group_adjusted","M3","JKI","M. sinensis",46,0.0821342631826485,6.91626844986814
"CV1",3,NA,"Group_adjusted","M3","JKI","M. x gig",22,0.39726478263402,4.58180846487655
"CV1",3,NA,"Raw","M1","ABR33","M. sacchariflorus",56,NA,7.97862880878118
"CV1",3,NA,"Raw","M1","ABR33","M. sinensis",47,NA,11.6222068732793
"CV1",3,NA,"Raw","M1","ABR33","M. x gig",22,NA,7.16942883439301
"CV1",3,NA,"Raw","M1","JKI","M. sacchariflorus",56,NA,4.87736705432842
"CV1",3,NA,"Raw","M1","JKI","M. sinensis",46,NA,7.75110386287732
"CV1",3,NA,"Raw","M1","JKI","M. x gig",22,NA,5.03634875815305
"CV1",3,NA,"Raw","M2","ABR33","M. sacchariflorus",56,0.10608059106116,6.57998619900494
"CV1",3,NA,"Raw","M2","ABR33","M. sinensis",47,0.174928352113892,10.0702574782951
"CV1",3,NA,"Raw","M2","ABR33","M. x gig",22,0.187366299617098,6.88626039413783
"CV1",3,NA,"Raw","M2","JKI","M. sacchariflorus",56,0.167049428157678,3.57968490652227
"CV1",3,NA,"Raw","M2","JKI","M. sinensis",46,0.147375559343265,6.89908298666414
"CV1",3,NA,"Raw","M2","JKI","M. x gig",22,0.440291696271318,4.65999148457293
"CV1",3,NA,"Raw","M3","ABR33","M. sacchariflorus",56,0.07263968523411,6.55471773318331
"CV1",3,NA,"Raw","M3","ABR33","M. sinensis",47,0.18442840343121,10.0032773889116
"CV1",3,NA,"Raw","M3","ABR33","M. x gig",22,0.304225771210683,6.72721256624512
"CV1",3,NA,"Raw","M3","JKI","M. sacchariflorus",56,0.339593991583986,3.4523650947395
"CV1",3,NA,"Raw","M3","JKI","M. sinensis",46,0.0744345509555918,6.92953162606393
"CV1",3,NA,"Raw","M3","JKI","M. x gig",22,0.498377517255154,4.54375537481993
"CV1",4,NA,"Group_adjusted","M1","ABR33","M. sacchariflorus",56,NA,6.60543473592718
"CV1",4,NA,"Group_adjusted","M1","ABR33","M. sinensis",47,NA,10.4292045851597
"CV1",4,NA,"Group_adjusted","M1","ABR33","M. x gig",22,NA,7.16010905771002
"CV1",4,NA,"Group_adjusted","M1","JKI","M. sacchariflorus",56,NA,3.66558739883722
"CV1",4,NA,"Group_adjusted","M1","JKI","M. sinensis",46,NA,6.99714833292079
"CV1",4,NA,"Group_adjusted","M1","JKI","M. x gig",22,NA,5.15118851412652
"CV1",4,NA,"Group_adjusted","M2","ABR33","M. sacchariflorus",56,-0.0370009796546573,6.64060323353989
"CV1",4,NA,"Group_adjusted","M2","ABR33","M. sinensis",47,0.31212559431105,9.86353858074258
"CV1",4,NA,"Group_adjusted","M2","ABR33","M. x gig",22,0.30535759345836,6.70377988344857
"CV1",4,NA,"Group_adjusted","M2","JKI","M. sacchariflorus",56,0.335506533595135,3.44511558938597
"CV1",4,NA,"Group_adjusted","M2","JKI","M. sinensis",46,0.372799705008521,6.58277368561184
"CV1",4,NA,"Group_adjusted","M2","JKI","M. x gig",22,0.361112091140808,4.63503971494669
"CV1",4,NA,"Group_adjusted","M3","ABR33","M. sacchariflorus",56,0.00782611681707726,6.59873712143142
"CV1",4,NA,"Group_adjusted","M3","ABR33","M. sinensis",47,0.379922523811052,9.72455211256272
"CV1",4,NA,"Group_adjusted","M3","ABR33","M. x gig",22,0.272359078048014,6.75521003710291
"CV1",4,NA,"Group_adjusted","M3","JKI","M. sacchariflorus",56,0.417890876353616,3.34168922188463
"CV1",4,NA,"Group_adjusted","M3","JKI","M. sinensis",46,0.313889179999201,6.66309822893955
"CV1",4,NA,"Group_adjusted","M3","JKI","M. x gig",22,0.353491617446215,4.64257509925015
"CV1",4,NA,"Raw","M1","ABR33","M. sacchariflorus",56,NA,7.91102604680462
"CV1",4,NA,"Raw","M1","ABR33","M. sinensis",47,NA,11.4665538739107
"CV1",4,NA,"Raw","M1","ABR33","M. x gig",22,NA,6.95341788629472
"CV1",4,NA,"Raw","M1","JKI","M. sacchariflorus",56,NA,4.88094066248117
"CV1",4,NA,"Raw","M1","JKI","M. sinensis",46,NA,7.60650980455538
"CV1",4,NA,"Raw","M1","JKI","M. x gig",22,NA,5.02451669265875
"CV1",4,NA,"Raw","M2","ABR33","M. sacchariflorus",56,0.0917878623765604,6.58945233012432
"CV1",4,NA,"Raw","M2","ABR33","M. sinensis",47,0.339788613322568,9.87129155446298
"CV1",4,NA,"Raw","M2","ABR33","M. x gig",22,0.39478418292096,6.63788477152065
"CV1",4,NA,"Raw","M2","JKI","M. sacchariflorus",56,0.365952595477382,3.42971863376033
"CV1",4,NA,"Raw","M2","JKI","M. sinensis",46,0.334657729958605,6.68428644941818
"CV1",4,NA,"Raw","M2","JKI","M. x gig",22,0.43865432912093,4.68106700282179
"CV1",4,NA,"Raw","M3","ABR33","M. sacchariflorus",56,0.139128830535097,6.49378184511542
"CV1",4,NA,"Raw","M3","ABR33","M. sinensis",47,0.347734091484218,9.7602105955212
"CV1",4,NA,"Raw","M3","ABR33","M. x gig",22,0.330186814384961,6.73117760713163
"CV1",4,NA,"Raw","M3","JKI","M. sacchariflorus",56,0.431389208201244,3.35853135719608
"CV1",4,NA,"Raw","M3","JKI","M. sinensis",46,0.279636856851541,6.68861723633984
"CV1",4,NA,"Raw","M3","JKI","M. x gig",22,0.425012223385339,4.66845327371887
"CV1",5,NA,"Group_adjusted","M1","ABR33","M. sacchariflorus",56,NA,6.69452693122085
"CV1",5,NA,"Group_adjusted","M1","ABR33","M. sinensis",47,NA,10.2573829638068
"CV1",5,NA,"Group_adjusted","M1","ABR33","M. x gig",22,NA,7.40527079441034
"CV1",5,NA,"Group_adjusted","M1","JKI","M. sacchariflorus",56,NA,3.68193989395043
"CV1",5,NA,"Group_adjusted","M1","JKI","M. sinensis",46,NA,6.94393557006935
"CV1",5,NA,"Group_adjusted","M1","JKI","M. x gig",22,NA,5.10215647953463
"CV1",5,NA,"Group_adjusted","M2","ABR33","M. sacchariflorus",56,-0.0676808898610769,6.64017190554052
"CV1",5,NA,"Group_adjusted","M2","ABR33","M. sinensis",47,0.432959053544545,9.67634358266098
"CV1",5,NA,"Group_adjusted","M2","ABR33","M. x gig",22,0.117136885397774,6.91059240711224
"CV1",5,NA,"Group_adjusted","M2","JKI","M. sacchariflorus",56,0.336984146582296,3.45596618051781
"CV1",5,NA,"Group_adjusted","M2","JKI","M. sinensis",46,0.369552047831482,6.54707719644412
"CV1",5,NA,"Group_adjusted","M2","JKI","M. x gig",22,0.451296756320844,4.49623207415389
"CV1",5,NA,"Group_adjusted","M3","ABR33","M. sacchariflorus",56,-0.133195024164341,6.69592123155125
"CV1",5,NA,"Group_adjusted","M3","ABR33","M. sinensis",47,0.419934022430879,9.60475812945018
"CV1",5,NA,"Group_adjusted","M3","ABR33","M. x gig",22,0.254241905641611,6.71478795622706
"CV1",5,NA,"Group_adjusted","M3","JKI","M. sacchariflorus",56,0.391894463229417,3.3782120296973
"CV1",5,NA,"Group_adjusted","M3","JKI","M. sinensis",46,0.343217047889403,6.60341889579223
"CV1",5,NA,"Group_adjusted","M3","JKI","M. x gig",22,0.452985320714815,4.49077198172289
"CV1",5,NA,"Raw","M1","ABR33","M. sacchariflorus",56,NA,7.94798680425506
"CV1",5,NA,"Raw","M1","ABR33","M. sinensis",47,NA,11.3651345387066
"CV1",5,NA,"Raw","M1","ABR33","M. x gig",22,NA,7.0527237318135
"CV1",5,NA,"Raw","M1","JKI","M. sacchariflorus",56,NA,4.88819177622308
"CV1",5,NA,"Raw","M1","JKI","M. sinensis",46,NA,7.60147077500682
"CV1",5,NA,"Raw","M1","JKI","M. x gig",22,NA,5.01046066776644
"CV1",5,NA,"Raw","M2","ABR33","M. sacchariflorus",56,0.105504318900278,6.58771033253855
"CV1",5,NA,"Raw","M2","ABR33","M. sinensis",47,0.417779363705733,9.75036405039274
"CV1",5,NA,"Raw","M2","ABR33","M. x gig",22,0.318490520475743,6.69844441708926
"CV1",5,NA,"Raw","M2","JKI","M. sacchariflorus",56,0.282176582845629,3.49661475024381
"CV1",5,NA,"Raw","M2","JKI","M. sinensis",46,0.30388321189508,6.67314729118201
"CV1",5,NA,"Raw","M2","JKI","M. x gig",22,0.495630911239138,4.575455244387
"CV1",5,NA,"Raw","M3","ABR33","M. sacchariflorus",56,0.00880573729571332,6.60833322719158
"CV1",5,NA,"Raw","M3","ABR33","M. sinensis",47,0.373111272548736,9.68000135110084
"CV1",5,NA,"Raw","M3","ABR33","M. x gig",22,0.419343231520193,6.53772811971097
"CV1",5,NA,"Raw","M3","JKI","M. sacchariflorus",56,0.394775316957217,3.40363948831306
"CV1",5,NA,"Raw","M3","JKI","M. sinensis",46,0.287186848946862,6.65759191785285
"CV1",5,NA,"Raw","M3","JKI","M. x gig",22,0.516624640921734,4.54168850164133
"CV1",6,NA,"Group_adjusted","M1","ABR33","M. sacchariflorus",56,NA,6.57260429025902
"CV1",6,NA,"Group_adjusted","M1","ABR33","M. sinensis",47,NA,10.3304883596264
"CV1",6,NA,"Group_adjusted","M1","ABR33","M. x gig",22,NA,7.63069715672668
"CV1",6,NA,"Group_adjusted","M1","JKI","M. sacchariflorus",56,NA,3.6604405043776
"CV1",6,NA,"Group_adjusted","M1","JKI","M. sinensis",46,NA,7.00535661361871
"CV1",6,NA,"Group_adjusted","M1","JKI","M. x gig",22,NA,5.21591509467788
"CV1",6,NA,"Group_adjusted","M2","ABR33","M. sacchariflorus",56,0.093512006985186,6.52591282666443
"CV1",6,NA,"Group_adjusted","M2","ABR33","M. sinensis",47,0.368613828169978,9.75035971645205
"CV1",6,NA,"Group_adjusted","M2","ABR33","M. x gig",22,-0.0052902527343607,7.10781400872453
"CV1",6,NA,"Group_adjusted","M2","JKI","M. sacchariflorus",56,0.322201952667258,3.45972173163653
"CV1",6,NA,"Group_adjusted","M2","JKI","M. sinensis",46,0.342339241949101,6.57439167655729
"CV1",6,NA,"Group_adjusted","M2","JKI","M. x gig",22,0.464227682549219,4.54125234584312
"CV1",6,NA,"Group_adjusted","M3","ABR33","M. sacchariflorus",56,0.040664889563102,6.55970969564458
"CV1",6,NA,"Group_adjusted","M3","ABR33","M. sinensis",47,0.404447841670167,9.63359028952439
"CV1",6,NA,"Group_adjusted","M3","ABR33","M. x gig",22,0.120743718544419,6.9664687583389
"CV1",6,NA,"Group_adjusted","M3","JKI","M. sacchariflorus",56,0.372442798377107,3.38557243993728
"CV1",6,NA,"Group_adjusted","M3","JKI","M. sinensis",46,0.312354689138336,6.62322658263366
"CV1",6,NA,"Group_adjusted","M3","JKI","M. x gig",22,0.433286765726354,4.55046359804104
"CV1",6,NA,"Raw","M1","ABR33","M. sacchariflorus",56,NA,7.89044486323584
"CV1",6,NA,"Raw","M1","ABR33","M. sinensis",47,NA,11.4340043494961
"CV1",6,NA,"Raw","M1","ABR33","M. x gig",22,NA,7.03281308617395
"CV1",6,NA,"Raw","M1","JKI","M. sacchariflorus",56,NA,4.87684076301066
"CV1",6,NA,"Raw","M1","JKI","M. sinensis",46,NA,7.62161049133626
"CV1",6,NA,"Raw","M1","JKI","M. x gig",22,NA,5.03292276077763
"CV1",6,NA,"Raw","M2","ABR33","M. sacchariflorus",56,0.242422677665173,6.50714292432254
"CV1",6,NA,"Raw","M2","ABR33","M. sinensis",47,0.337412078657998,9.83497792148987
"CV1",6,NA,"Raw","M2","ABR33","M. x gig",22,0.402207049296688,6.64426320978847
"CV1",6,NA,"Raw","M2","JKI","M. sacchariflorus",56,0.30865988998011,3.46295461058453
"CV1",6,NA,"Raw","M2","JKI","M. sinensis",46,0.309443366741963,6.6713501136783
"CV1",6,NA,"Raw","M2","JKI","M. x gig",22,0.6166509440278,4.52447790749912
"CV1",6,NA,"Raw","M3","ABR33","M. sacchariflorus",56,0.197297732118702,6.45989907877706
"CV1",6,NA,"Raw","M3","ABR33","M. sinensis",47,0.352028658901184,9.70966720503225
"CV1",6,NA,"Raw","M3","ABR33","M. x gig",22,0.454178056416105,6.54505420993205
"CV1",6,NA,"Raw","M3","JKI","M. sacchariflorus",56,0.385994739409686,3.40076032904418
"CV1",6,NA,"Raw","M3","JKI","M. sinensis",46,0.275617488754931,6.66218955177019
"CV1",6,NA,"Raw","M3","JKI","M. x gig",22,0.579950702858497,4.49666780683502
"CV1",7,NA,"Group_adjusted","M1","ABR33","M. sacchariflorus",56,NA,6.68468696920294
"CV1",7,NA,"Group_adjusted","M1","ABR33","M. sinensis",47,NA,10.2464609241002
"CV1",7,NA,"Group_adjusted","M1","ABR33","M. x gig",22,NA,7.37541968674768
"CV1",7,NA,"Group_adjusted","M1","JKI","M. sacchariflorus",56,NA,3.66314142583295
"CV1",7,NA,"Group_adjusted","M1","JKI","M. sinensis",46,NA,7.05302752643634
"CV1",7,NA,"Group_adjusted","M1","JKI","M. x gig",22,NA,5.72181620985862
"CV1",7,NA,"Group_adjusted","M2","ABR33","M. sacchariflorus",56,-0.0823708938990825,6.65926459123194
"CV1",7,NA,"Group_adjusted","M2","ABR33","M. sinensis",47,0.500380772837114,9.60570926018058
"CV1",7,NA,"Group_adjusted","M2","ABR33","M. x gig",22,0.0749482527031833,6.94049881120591
"CV1",7,NA,"Group_adjusted","M2","JKI","M. sacchariflorus",56,0.27186789819247,3.49990577240704
"CV1",7,NA,"Group_adjusted","M2","JKI","M. sinensis",46,0.277633618288294,6.65235020545988
"CV1",7,NA,"Group_adjusted","M2","JKI","M. x gig",22,-0.0775812578017437,5.1557213487598
"CV1",7,NA,"Group_adjusted","M3","ABR33","M. sacchariflorus",56,-0.103043042387984,6.66795340007071
"CV1",7,NA,"Group_adjusted","M3","ABR33","M. sinensis",47,0.509111307921597,9.49158191445225
"CV1",7,NA,"Group_adjusted","M3","ABR33","M. x gig",22,0.229360024360391,6.79730406305877
"CV1",7,NA,"Group_adjusted","M3","JKI","M. sacchariflorus",56,0.35789816936217,3.40536238723761
"CV1",7,NA,"Group_adjusted","M3","JKI","M. sinensis",46,0.253073480846604,6.69401187099911
"CV1",7,NA,"Group_adjusted","M3","JKI","M. x gig",22,-0.0266265197624601,5.06634448673325
"CV1",7,NA,"Raw","M1","ABR33","M. sacchariflorus",56,NA,7.9508913713905
"CV1",7,NA,"Raw","M1","ABR33","M. sinensis",47,NA,11.4062765125323
"CV1",7,NA,"Raw","M1","ABR33","M. x gig",22,NA,6.99491627396203
"CV1",7,NA,"Raw","M1","JKI","M. sacchariflorus",56,NA,4.83972653944697
"CV1",7,NA,"Raw","M1","JKI","M. sinensis",46,NA,7.6219580133646
"CV1",7,NA,"Raw","M1","JKI","M. x gig",22,NA,4.9311574771679
"CV1",7,NA,"Raw","M2","ABR33","M. sacchariflorus",56,0.127830489698898,6.56579310353186
"CV1",7,NA,"Raw","M2","ABR33","M. sinensis",47,0.468239971448156,9.67596277576138
"CV1",7,NA,"Raw","M2","ABR33","M. x gig",22,0.245115709027979,6.80985498501556
"CV1",7,NA,"Raw","M2","JKI","M. sacchariflorus",56,0.282714736398426,3.49529692731871
"CV1",7,NA,"Raw","M2","JKI","M. sinensis",46,0.327400100679715,6.65257942933331
"CV1",7,NA,"Raw","M2","JKI","M. x gig",22,0.373504596294605,4.75216145237794
"CV1",7,NA,"Raw","M3","ABR33","M. sacchariflorus",56,0.0693666141545793,6.55429000604688
"CV1",7,NA,"Raw","M3","ABR33","M. sinensis",47,0.444811965472041,9.57810441680369
"CV1",7,NA,"Raw","M3","ABR33","M. x gig",22,0.36553788500184,6.66524505847242
"CV1",7,NA,"Raw","M3","JKI","M. sacchariflorus",56,0.334683741595778,3.43422044561988
"CV1",7,NA,"Raw","M3","JKI","M. sinensis",46,0.255058499707983,6.68766967068224
"CV1",7,NA,"Raw","M3","JKI","M. x gig",22,0.45938046128957,4.638998970588
"CV1",8,NA,"Group_adjusted","M1","ABR33","M. sacchariflorus",56,NA,6.72313521760366
"CV1",8,NA,"Group_adjusted","M1","ABR33","M. sinensis",47,NA,10.3834799824305
"CV1",8,NA,"Group_adjusted","M1","ABR33","M. x gig",22,NA,7.41929445740504
"CV1",8,NA,"Group_adjusted","M1","JKI","M. sacchariflorus",56,NA,3.70378044528299
"CV1",8,NA,"Group_adjusted","M1","JKI","M. sinensis",46,NA,7.09609254645826
"CV1",8,NA,"Group_adjusted","M1","JKI","M. x gig",22,NA,5.4496721564086
"CV1",8,NA,"Group_adjusted","M2","ABR33","M. sacchariflorus",56,-0.0556223003724933,6.65319158199232
"CV1",8,NA,"Group_adjusted","M2","ABR33","M. sinensis",47,0.395720111268186,9.7222017374134
"CV1",8,NA,"Group_adjusted","M2","ABR33","M. x gig",22,0.070219275707143,7.00281081829768
"CV1",8,NA,"Group_adjusted","M2","JKI","M. sacchariflorus",56,0.373606216499084,3.44035783744781
"CV1",8,NA,"Group_adjusted","M2","JKI","M. sinensis",46,0.319402632447567,6.6139456538345
"CV1",8,NA,"Group_adjusted","M2","JKI","M. x gig",22,0.197674693703372,4.81467654564613
"CV1",8,NA,"Group_adjusted","M3","ABR33","M. sacchariflorus",56,-0.0348070001740707,6.6251747303757
"CV1",8,NA,"Group_adjusted","M3","ABR33","M. sinensis",47,0.441632650102114,9.58880921121406
"CV1",8,NA,"Group_adjusted","M3","ABR33","M. x gig",22,0.132747212941285,6.90873063831208
"CV1",8,NA,"Group_adjusted","M3","JKI","M. sacchariflorus",56,0.469888651491022,3.31954785025539
"CV1",8,NA,"Group_adjusted","M3","JKI","M. sinensis",46,0.272225461499375,6.68530338014379
"CV1",8,NA,"Group_adjusted","M3","JKI","M. x gig",22,0.0920261345938349,4.93392264623873
"CV1",8,NA,"Raw","M1","ABR33","M. sacchariflorus",56,NA,7.92194968567586
"CV1",8,NA,"Raw","M1","ABR33","M. sinensis",47,NA,11.4144133861405
"CV1",8,NA,"Raw","M1","ABR33","M. x gig",22,NA,6.92365158279572
"CV1",8,NA,"Raw","M1","JKI","M. sacchariflorus",56,NA,4.92752051338287
"CV1",8,NA,"Raw","M1","JKI","M. sinensis",46,NA,7.64041294200099
"CV1",8,NA,"Raw","M1","JKI","M. x gig",22,NA,4.86522872937293
"CV1",8,NA,"Raw","M2","ABR33","M. sacchariflorus",56,0.169662001019863,6.53359081149703
"CV1",8,NA,"Raw","M2","ABR33","M. sinensis",47,0.415882457359165,9.75090007131797
"CV1",8,NA,"Raw","M2","ABR33","M. x gig",22,0.297370555225972,6.73207360081981
"CV1",8,NA,"Raw","M2","JKI","M. sacchariflorus",56,0.374469087488711,3.4411070327838
"CV1",8,NA,"Raw","M2","JKI","M. sinensis",46,0.307912542529428,6.68625574506065
"CV1",8,NA,"Raw","M2","JKI","M. x gig",22,0.495425855968015,4.60456072923087
"CV1",8,NA,"Raw","M3","ABR33","M. sacchariflorus",56,0.129365314943206,6.4986127684207
"CV1",8,NA,"Raw","M3","ABR33","M. sinensis",47,0.411688977092106,9.62994123048232
"CV1",8,NA,"Raw","M3","ABR33","M. x gig",22,0.335179304837468,6.68334882997809
"CV1",8,NA,"Raw","M3","JKI","M. sacchariflorus",56,0.477098339491735,3.33779074406345
"CV1",8,NA,"Raw","M3","JKI","M. sinensis",46,0.269780821361503,6.68738456923813
"CV1",8,NA,"Raw","M3","JKI","M. x gig",22,0.403526953398971,4.70266167533897
"CV1",9,NA,"Group_adjusted","M1","ABR33","M. sacchariflorus",56,NA,6.8831935159406
"CV1",9,NA,"Group_adjusted","M1","ABR33","M. sinensis",47,NA,10.3141385541165
"CV1",9,NA,"Group_adjusted","M1","ABR33","M. x gig",22,NA,7.1742541178295
"CV1",9,NA,"Group_adjusted","M1","JKI","M. sacchariflorus",56,NA,3.75548897386958
"CV1",9,NA,"Group_adjusted","M1","JKI","M. sinensis",46,NA,7.05816666258636
"CV1",9,NA,"Group_adjusted","M1","JKI","M. x gig",22,NA,5.11780393811901
"CV1",9,NA,"Group_adjusted","M2","ABR33","M. sacchariflorus",56,-0.227547430613129,6.8582715177717
"CV1",9,NA,"Group_adjusted","M2","ABR33","M. sinensis",47,0.429203236799739,9.69875173235376
"CV1",9,NA,"Group_adjusted","M2","ABR33","M. x gig",22,0.244109102595829,6.75634636491908
"CV1",9,NA,"Group_adjusted","M2","JKI","M. sacchariflorus",56,0.161172656957925,3.57902640154185
"CV1",9,NA,"Group_adjusted","M2","JKI","M. sinensis",46,0.285204574581371,6.65194095094206
"CV1",9,NA,"Group_adjusted","M2","JKI","M. x gig",22,0.407755071600174,4.55193270039867
"CV1",9,NA,"Group_adjusted","M3","ABR33","M. sacchariflorus",56,-0.238836927388191,6.85741990026152
"CV1",9,NA,"Group_adjusted","M3","ABR33","M. sinensis",47,0.450868649622557,9.59498225714295
"CV1",9,NA,"Group_adjusted","M3","ABR33","M. x gig",22,0.343127786486201,6.6148965478778
"CV1",9,NA,"Group_adjusted","M3","JKI","M. sacchariflorus",56,0.271117328836137,3.48520031114254
"CV1",9,NA,"Group_adjusted","M3","JKI","M. sinensis",46,0.242093699776387,6.72322739518862
"CV1",9,NA,"Group_adjusted","M3","JKI","M. x gig",22,0.328664612689476,4.65922793641439
"CV1",9,NA,"Raw","M1","ABR33","M. sacchariflorus",56,NA,8.04153858996235
"CV1",9,NA,"Raw","M1","ABR33","M. sinensis",47,NA,11.4905821583325
"CV1",9,NA,"Raw","M1","ABR33","M. x gig",22,NA,7.14025379805465
"CV1",9,NA,"Raw","M1","JKI","M. sacchariflorus",56,NA,4.90921867486291
"CV1",9,NA,"Raw","M1","JKI","M. sinensis",46,NA,7.68156522171317
"CV1",9,NA,"Raw","M1","JKI","M. x gig",22,NA,5.08969959297335
"CV1",9,NA,"Raw","M2","ABR33","M. sacchariflorus",56,-0.0648122042337914,6.73019720862349
"CV1",9,NA,"Raw","M2","ABR33","M. sinensis",47,0.362552123077617,9.81896029953567
"CV1",9,NA,"Raw","M2","ABR33","M. x gig",22,0.267619462590078,6.76786344668704
"CV1",9,NA,"Raw","M2","JKI","M. sacchariflorus",56,0.0971151425057691,3.63627493890259
"CV1",9,NA,"Raw","M2","JKI","M. sinensis",46,0.266411971209516,6.73261112564513
"CV1",9,NA,"Raw","M2","JKI","M. x gig",22,0.437606280014281,4.65573813896018
"CV1",9,NA,"Raw","M3","ABR33","M. sacchariflorus",56,-0.0991628693755501,6.71717148625709
"CV1",9,NA,"Raw","M3","ABR33","M. sinensis",47,0.379407391618779,9.68541080143401
"CV1",9,NA,"Raw","M3","ABR33","M. x gig",22,0.366198228683374,6.63797074117212
"CV1",9,NA,"Raw","M3","JKI","M. sacchariflorus",56,0.274877766560919,3.50140526006713
"CV1",9,NA,"Raw","M3","JKI","M. sinensis",46,0.203093978499179,6.76337957342306
"CV1",9,NA,"Raw","M3","JKI","M. x gig",22,0.347410089260035,4.75498957725986
"CV1",10,NA,"Group_adjusted","M1","ABR33","M. sacchariflorus",56,NA,6.68049225255701
"CV1",10,NA,"Group_adjusted","M1","ABR33","M. sinensis",47,NA,10.2252603898738
"CV1",10,NA,"Group_adjusted","M1","ABR33","M. x gig",22,NA,7.42447379777824
"CV1",10,NA,"Group_adjusted","M1","JKI","M. sacchariflorus",56,NA,3.6663486551943
"CV1",10,NA,"Group_adjusted","M1","JKI","M. sinensis",46,NA,6.90938475946164
"CV1",10,NA,"Group_adjusted","M1","JKI","M. x gig",22,NA,5.15889621430885
"CV1",10,NA,"Group_adjusted","M2","ABR33","M. sacchariflorus",56,0.0085713078912531,6.58788507616706
"CV1",10,NA,"Group_adjusted","M2","ABR33","M. sinensis",47,0.484064309834664,9.63199722812263
"CV1",10,NA,"Group_adjusted","M2","ABR33","M. x gig",22,0.0549215249395768,7.04894368259029
"CV1",10,NA,"Group_adjusted","M2","JKI","M. sacchariflorus",56,0.284718862185611,3.48537468069504
"CV1",10,NA,"Group_adjusted","M2","JKI","M. sinensis",46,0.407597597986321,6.49220398339619
"CV1",10,NA,"Group_adjusted","M2","JKI","M. x gig",22,0.307144673040878,4.71727260674116
"CV1",10,NA,"Group_adjusted","M3","ABR33","M. sacchariflorus",56,0.0700146451321165,6.54069005366268
"CV1",10,NA,"Group_adjusted","M3","ABR33","M. sinensis",47,0.481983067420752,9.50583217269529
"CV1",10,NA,"Group_adjusted","M3","ABR33","M. x gig",22,0.208287745423171,6.82912511556054
"CV1",10,NA,"Group_adjusted","M3","JKI","M. sacchariflorus",56,0.405569756329658,3.35722273002314
"CV1",10,NA,"Group_adjusted","M3","JKI","M. sinensis",46,0.369633691288682,6.55313923396364
"CV1",10,NA,"Group_adjusted","M3","JKI","M. x gig",22,0.386754735456457,4.58289863953162
"CV1",10,NA,"Raw","M1","ABR33","M. sacchariflorus",56,NA,8.00173370755564
"CV1",10,NA,"Raw","M1","ABR33","M. sinensis",47,NA,11.4409874184738
"CV1",10,NA,"Raw","M1","ABR33","M. x gig",22,NA,7.15501608409103
"CV1",10,NA,"Raw","M1","JKI","M. sacchariflorus",56,NA,4.88824623828762
"CV1",10,NA,"Raw","M1","JKI","M. sinensis",46,NA,7.60807670422726
"CV1",10,NA,"Raw","M1","JKI","M. x gig",22,NA,5.06419177413357
"CV1",10,NA,"Raw","M2","ABR33","M. sacchariflorus",56,0.171999584794303,6.53915260093649
"CV1",10,NA,"Raw","M2","ABR33","M. sinensis",47,0.446912679847988,9.70925825439993
"CV1",10,NA,"Raw","M2","ABR33","M. x gig",22,0.27579981773642,6.78907199869489
"CV1",10,NA,"Raw","M2","JKI","M. sacchariflorus",56,0.283626252055596,3.49285584266789
"CV1",10,NA,"Raw","M2","JKI","M. sinensis",46,0.358471474668351,6.61026193528025
"CV1",10,NA,"Raw","M2","JKI","M. x gig",22,0.393098740807868,4.73320190100611
"CV1",10,NA,"Raw","M3","ABR33","M. sacchariflorus",56,0.217055168279193,6.43664623954
"CV1",10,NA,"Raw","M3","ABR33","M. sinensis",47,0.436313248327671,9.56785467331134
"CV1",10,NA,"Raw","M3","ABR33","M. x gig",22,0.412750062667224,6.57419493172129
"CV1",10,NA,"Raw","M3","JKI","M. sacchariflorus",56,0.403174575510537,3.38566148133782
"CV1",10,NA,"Raw","M3","JKI","M. sinensis",46,0.331337177536909,6.59281652877611
"CV1",10,NA,"Raw","M3","JKI","M. x gig",22,0.493241650394165,4.54178943609146
"CV2",1,NA,"Group_adjusted","M1","ABR33","M. sacchariflorus",56,0.414826751664986,5.98636135151369
"CV2",1,NA,"Group_adjusted","M1","ABR33","M. sinensis",46,0.765602040695423,7.6903734161126
"CV2",1,NA,"Group_adjusted","M1","ABR33","M. x gig",22,0.641218914620048,5.73299248094241
"CV2",1,NA,"Group_adjusted","M1","JKI","M. sacchariflorus",56,0.537824379941742,3.77903724907369
"CV2",1,NA,"Group_adjusted","M1","JKI","M. sinensis",46,0.772972992555344,4.43930982352253
"CV2",1,NA,"Group_adjusted","M1","JKI","M. x gig",22,0.679650022372571,3.66510414859501
"CV2",1,NA,"Group_adjusted","M2","ABR33","M. sacchariflorus",56,0.411240322587543,5.98829473606533
"CV2",1,NA,"Group_adjusted","M2","ABR33","M. sinensis",46,0.794891567607231,7.33138104848578
"CV2",1,NA,"Group_adjusted","M2","ABR33","M. x gig",22,0.66347452182611,5.53930324814665
"CV2",1,NA,"Group_adjusted","M2","JKI","M. sacchariflorus",56,0.551890389395443,3.63323134060177
"CV2",1,NA,"Group_adjusted","M2","JKI","M. sinensis",46,0.779772545360147,4.46777002133909
"CV2",1,NA,"Group_adjusted","M2","JKI","M. x gig",22,0.718135933480749,3.57205802886613
"CV2",1,NA,"Group_adjusted","M3","ABR33","M. sacchariflorus",56,0.450248409487502,5.91990316092862
"CV2",1,NA,"Group_adjusted","M3","ABR33","M. sinensis",46,0.812295745333877,7.26571861213641
"CV2",1,NA,"Group_adjusted","M3","ABR33","M. x gig",22,0.698633638514491,5.46588949570966
"CV2",1,NA,"Group_adjusted","M3","JKI","M. sacchariflorus",56,0.59408533596443,3.35017761938263
"CV2",1,NA,"Group_adjusted","M3","JKI","M. sinensis",46,0.77651181118954,4.39554866525568
"CV2",1,NA,"Group_adjusted","M3","JKI","M. x gig",22,0.738303614495745,3.35169312585402
"CV2",1,NA,"Raw","M1","ABR33","M. sacchariflorus",56,0.493282595470084,6.21686505624324
"CV2",1,NA,"Raw","M1","ABR33","M. sinensis",46,0.806287318860382,7.54736581676253
"CV2",1,NA,"Raw","M1","ABR33","M. x gig",22,0.70511349706601,5.18196068647392
"CV2",1,NA,"Raw","M1","JKI","M. sacchariflorus",56,0.535240167219382,4.07104770066206
"CV2",1,NA,"Raw","M1","JKI","M. sinensis",46,0.790805890828609,4.49012153112785
"CV2",1,NA,"Raw","M1","JKI","M. x gig",22,0.675201999429466,3.87537982451641
"CV2",1,NA,"Raw","M2","ABR33","M. sacchariflorus",56,0.472799697421182,5.94827046561645
"CV2",1,NA,"Raw","M2","ABR33","M. sinensis",46,0.818275029676972,7.17413578809223
"CV2",1,NA,"Raw","M2","ABR33","M. x gig",22,0.722816070856675,5.1158395813675
"CV2",1,NA,"Raw","M2","JKI","M. sacchariflorus",56,0.549300701239966,3.74968600759371
"CV2",1,NA,"Raw","M2","JKI","M. sinensis",46,0.786954659324536,4.65300893615727
"CV2",1,NA,"Raw","M2","JKI","M. x gig",22,0.709953770263788,3.68881055137631
"CV2",1,NA,"Raw","M3","ABR33","M. sacchariflorus",56,0.494841781722887,5.81056692051622
"CV2",1,NA,"Raw","M3","ABR33","M. sinensis",46,0.812234808853079,7.19087933360571
"CV2",1,NA,"Raw","M3","ABR33","M. x gig",22,0.750255386603982,5.04847814253187
"CV2",1,NA,"Raw","M3","JKI","M. sacchariflorus",56,0.592095504286506,3.40748649333055
"CV2",1,NA,"Raw","M3","JKI","M. sinensis",46,0.778447414870919,4.4065210933728
"CV2",1,NA,"Raw","M3","JKI","M. x gig",22,0.734061968912181,3.41979825072297
"CV2",2,NA,"Group_adjusted","M1","ABR33","M. sacchariflorus",56,0.501485922878433,5.77628581837233
"CV2",2,NA,"Group_adjusted","M1","ABR33","M. sinensis",46,0.741041453632672,7.79949768039896
"CV2",2,NA,"Group_adjusted","M1","ABR33","M. x gig",22,0.657017764345593,5.51444695168471
"CV2",2,NA,"Group_adjusted","M1","JKI","M. sacchariflorus",56,0.508101936853849,3.67910480986548
"CV2",2,NA,"Group_adjusted","M1","JKI","M. sinensis",46,0.798257329897616,4.18698494943043
"CV2",2,NA,"Group_adjusted","M1","JKI","M. x gig",22,0.638940669670987,3.8764183378269
"CV2",2,NA,"Group_adjusted","M2","ABR33","M. sacchariflorus",56,0.495956203877162,5.79364410237597
"CV2",2,NA,"Group_adjusted","M2","ABR33","M. sinensis",46,0.777444272117855,7.41408587849105
"CV2",2,NA,"Group_adjusted","M2","ABR33","M. x gig",22,0.687863439853639,5.26844258891053
"CV2",2,NA,"Group_adjusted","M2","JKI","M. sacchariflorus",56,0.52405800938093,3.59398878372139
"CV2",2,NA,"Group_adjusted","M2","JKI","M. sinensis",46,0.792068096042238,4.34395099622464
"CV2",2,NA,"Group_adjusted","M2","JKI","M. x gig",22,0.683486710065419,3.768405853803
"CV2",2,NA,"Group_adjusted","M3","ABR33","M. sacchariflorus",56,0.53717723116556,5.7343361744817
"CV2",2,NA,"Group_adjusted","M3","ABR33","M. sinensis",46,0.798216110707867,7.2916954213913
"CV2",2,NA,"Group_adjusted","M3","ABR33","M. x gig",22,0.707418848639214,5.2363318025909
"CV2",2,NA,"Group_adjusted","M3","JKI","M. sacchariflorus",56,0.573844804193499,3.33787725157393
"CV2",2,NA,"Group_adjusted","M3","JKI","M. sinensis",46,0.788426055814085,4.2897174491981
"CV2",2,NA,"Group_adjusted","M3","JKI","M. x gig",22,0.687156891089889,3.64304750097118
"CV2",2,NA,"Raw","M1","ABR33","M. sacchariflorus",56,0.525745589611652,6.1134358070172
"CV2",2,NA,"Raw","M1","ABR33","M. sinensis",46,0.797419033814952,7.7646620403648
"CV2",2,NA,"Raw","M1","ABR33","M. x gig",22,0.705283514388618,5.18718151020372
"CV2",2,NA,"Raw","M1","JKI","M. sacchariflorus",56,0.514279543378157,3.98930744020131
"CV2",2,NA,"Raw","M1","JKI","M. sinensis",46,0.799686170052829,4.3768839513807
"CV2",2,NA,"Raw","M1","JKI","M. x gig",22,0.669678349054634,3.85613404372274
"CV2",2,NA,"Raw","M2","ABR33","M. sacchariflorus",56,0.535218343290724,5.79088557532504
"CV2",2,NA,"Raw","M2","ABR33","M. sinensis",46,0.819366862075602,7.25745364426296
"CV2",2,NA,"Raw","M2","ABR33","M. x gig",22,0.723995797292105,5.08662491265873
"CV2",2,NA,"Raw","M2","JKI","M. sacchariflorus",56,0.52705247453353,3.687956341946
"CV2",2,NA,"Raw","M2","JKI","M. sinensis",46,0.793864052867413,4.61880542215865
"CV2",2,NA,"Raw","M2","JKI","M. x gig",22,0.70287489864398,3.68312071121175
"CV2",2,NA,"Raw","M3","ABR33","M. sacchariflorus",56,0.562821185491228,5.65519681127077
"CV2",2,NA,"Raw","M3","ABR33","M. sinensis",46,0.807710928768058,7.19572131513767
"CV2",2,NA,"Raw","M3","ABR33","M. x gig",22,0.741015934893435,5.05235756423837
"CV2",2,NA,"Raw","M3","JKI","M. sacchariflorus",56,0.575697397325818,3.38265099584306
"CV2",2,NA,"Raw","M3","JKI","M. sinensis",46,0.791363164724229,4.28717739587493
"CV2",2,NA,"Raw","M3","JKI","M. x gig",22,0.709978726738595,3.56174476196082
"CV2",3,NA,"Group_adjusted","M1","ABR33","M. sacchariflorus",56,0.51810167338154,5.74684686036531
"CV2",3,NA,"Group_adjusted","M1","ABR33","M. sinensis",46,0.790966242882807,7.49834892754879
"CV2",3,NA,"Group_adjusted","M1","ABR33","M. x gig",22,0.567909550278105,5.83638376497165
"CV2",3,NA,"Group_adjusted","M1","JKI","M. sacchariflorus",56,0.50356741186024,3.74261452694327
"CV2",3,NA,"Group_adjusted","M1","JKI","M. sinensis",46,0.795230173471428,4.21141050452082
"CV2",3,NA,"Group_adjusted","M1","JKI","M. x gig",22,0.657870400694124,3.75660220211735
"CV2",3,NA,"Group_adjusted","M2","ABR33","M. sacchariflorus",56,0.504349769967892,5.76877116048136
"CV2",3,NA,"Group_adjusted","M2","ABR33","M. sinensis",46,0.814430621089601,7.12633438426329
"CV2",3,NA,"Group_adjusted","M2","ABR33","M. x gig",22,0.609756834235618,5.61232537962926
"CV2",3,NA,"Group_adjusted","M2","JKI","M. sacchariflorus",56,0.524465545153745,3.62053771897481
"CV2",3,NA,"Group_adjusted","M2","JKI","M. sinensis",46,0.788766492422203,4.37156774929768
"CV2",3,NA,"Group_adjusted","M2","JKI","M. x gig",22,0.69567503478631,3.66952746433363
"CV2",3,NA,"Group_adjusted","M3","ABR33","M. sacchariflorus",56,0.526134560243282,5.75940791739096
"CV2",3,NA,"Group_adjusted","M3","ABR33","M. sinensis",46,0.829371962314265,7.06641300166489
"CV2",3,NA,"Group_adjusted","M3","ABR33","M. x gig",22,0.636933482015341,5.52071916483768
"CV2",3,NA,"Group_adjusted","M3","JKI","M. sacchariflorus",56,0.579811875461567,3.32890363538312
"CV2",3,NA,"Group_adjusted","M3","JKI","M. sinensis",46,0.788242868656008,4.27338245390916
"CV2",3,NA,"Group_adjusted","M3","JKI","M. x gig",22,0.697038012522434,3.55159947065267
"CV2",3,NA,"Raw","M1","ABR33","M. sacchariflorus",56,0.526889713505277,6.13745130307868
"CV2",3,NA,"Raw","M1","ABR33","M. sinensis",46,0.807423424711338,7.62710917500483
"CV2",3,NA,"Raw","M1","ABR33","M. x gig",22,0.687758782519638,5.27838498094585
"CV2",3,NA,"Raw","M1","JKI","M. sacchariflorus",56,0.51060304655961,4.04901846356073
"CV2",3,NA,"Raw","M1","JKI","M. sinensis",46,0.802006855428451,4.31083664068532
"CV2",3,NA,"Raw","M1","JKI","M. x gig",22,0.692824519082504,3.73934820031791
"CV2",3,NA,"Raw","M2","ABR33","M. sacchariflorus",56,0.538651375735922,5.7775602713086
"CV2",3,NA,"Raw","M2","ABR33","M. sinensis",46,0.823688960119832,7.14393103324053
"CV2",3,NA,"Raw","M2","ABR33","M. x gig",22,0.694578233270211,5.20721067531482
"CV2",3,NA,"Raw","M2","JKI","M. sacchariflorus",56,0.524567199969956,3.74019520179958
"CV2",3,NA,"Raw","M2","JKI","M. sinensis",46,0.794004099444648,4.57629240017962
"CV2",3,NA,"Raw","M2","JKI","M. x gig",22,0.723314007181655,3.55587931264982
"CV2",3,NA,"Raw","M3","ABR33","M. sacchariflorus",56,0.56736969349745,5.65591973425722
"CV2",3,NA,"Raw","M3","ABR33","M. sinensis",46,0.823982213527523,7.04711636471927
"CV2",3,NA,"Raw","M3","ABR33","M. x gig",22,0.724980804989818,5.09189101822731
"CV2",3,NA,"Raw","M3","JKI","M. sacchariflorus",56,0.580234162107228,3.38858938908556
"CV2",3,NA,"Raw","M3","JKI","M. sinensis",46,0.788688156493568,4.29618442989356
"CV2",3,NA,"Raw","M3","JKI","M. x gig",22,0.721639379014273,3.4490477865868
"CV2",4,NA,"Group_adjusted","M1","ABR33","M. sacchariflorus",56,0.53088380843021,5.70470427629389
"CV2",4,NA,"Group_adjusted","M1","ABR33","M. sinensis",46,0.768308276960665,7.48925471432584
"CV2",4,NA,"Group_adjusted","M1","ABR33","M. x gig",22,0.513896275913796,5.98951489660612
"CV2",4,NA,"Group_adjusted","M1","JKI","M. sacchariflorus",56,0.525508027664419,3.66693765423021
"CV2",4,NA,"Group_adjusted","M1","JKI","M. sinensis",46,0.775241666915554,4.40080356217675
"CV2",4,NA,"Group_adjusted","M1","JKI","M. x gig",22,0.666780770409197,3.71245248892972
"CV2",4,NA,"Group_adjusted","M2","ABR33","M. sacchariflorus",56,0.513404990110835,5.73935439208061
"CV2",4,NA,"Group_adjusted","M2","ABR33","M. sinensis",46,0.791498431738971,7.19525617175342
"CV2",4,NA,"Group_adjusted","M2","ABR33","M. x gig",22,0.547545582327272,5.82988932220201
"CV2",4,NA,"Group_adjusted","M2","JKI","M. sacchariflorus",56,0.542222797962782,3.54221916951943
"CV2",4,NA,"Group_adjusted","M2","JKI","M. sinensis",46,0.773625560444107,4.51512768835821
"CV2",4,NA,"Group_adjusted","M2","JKI","M. x gig",22,0.706495692490675,3.60538727365759
"CV2",4,NA,"Group_adjusted","M3","ABR33","M. sacchariflorus",56,0.534448618322263,5.74086837131453
"CV2",4,NA,"Group_adjusted","M3","ABR33","M. sinensis",46,0.812981734701012,7.12477585071808
"CV2",4,NA,"Group_adjusted","M3","ABR33","M. x gig",22,0.557302206695891,5.80955085540868
"CV2",4,NA,"Group_adjusted","M3","JKI","M. sacchariflorus",56,0.592413092606065,3.30402828226185
"CV2",4,NA,"Group_adjusted","M3","JKI","M. sinensis",46,0.772505259865883,4.43248817779676
"CV2",4,NA,"Group_adjusted","M3","JKI","M. x gig",22,0.720264846040097,3.41995300686295
"CV2",4,NA,"Raw","M1","ABR33","M. sacchariflorus",56,0.529519422251966,6.11959389783154
"CV2",4,NA,"Raw","M1","ABR33","M. sinensis",46,0.79672452722626,7.57171210543719
"CV2",4,NA,"Raw","M1","ABR33","M. x gig",22,0.657302079285366,5.39782343777012
"CV2",4,NA,"Raw","M1","JKI","M. sacchariflorus",56,0.535594304546962,3.93580092625857
"CV2",4,NA,"Raw","M1","JKI","M. sinensis",46,0.789213074483525,4.42883013117227
"CV2",4,NA,"Raw","M1","JKI","M. x gig",22,0.677601852179459,3.86648499591207
"CV2",4,NA,"Raw","M2","ABR33","M. sacchariflorus",56,0.533253189175758,5.80281519985461
"CV2",4,NA,"Raw","M2","ABR33","M. sinensis",46,0.804706824413053,7.21331748153476
"CV2",4,NA,"Raw","M2","ABR33","M. x gig",22,0.656785449367039,5.37326322426945
"CV2",4,NA,"Raw","M2","JKI","M. sacchariflorus",56,0.541021513452905,3.651308001188
"CV2",4,NA,"Raw","M2","JKI","M. sinensis",46,0.782862650302813,4.63821837364184
"CV2",4,NA,"Raw","M2","JKI","M. x gig",22,0.708983292172216,3.67302133091341
"CV2",4,NA,"Raw","M3","ABR33","M. sacchariflorus",56,0.563847495101894,5.66145964487433
"CV2",4,NA,"Raw","M3","ABR33","M. sinensis",46,0.803542879207412,7.13076851569639
"CV2",4,NA,"Raw","M3","ABR33","M. x gig",22,0.6576222616331,5.38403926917916
"CV2",4,NA,"Raw","M3","JKI","M. sacchariflorus",56,0.593616651070197,3.35251964025534
"CV2",4,NA,"Raw","M3","JKI","M. sinensis",46,0.772860584999868,4.45409604011962
"CV2",4,NA,"Raw","M3","JKI","M. x gig",22,0.733571916141372,3.38843992739496
"CV2",5,NA,"Group_adjusted","M1","ABR33","M. sacchariflorus",56,0.432518187639396,5.94609104211636
"CV2",5,NA,"Group_adjusted","M1","ABR33","M. sinensis",46,0.781493535243946,7.5934642781991
"CV2",5,NA,"Group_adjusted","M1","ABR33","M. x gig",22,0.49381990179485,6.08746060350705
"CV2",5,NA,"Group_adjusted","M1","JKI","M. sacchariflorus",56,0.530459791001187,3.70665580391852
"CV2",5,NA,"Group_adjusted","M1","JKI","M. sinensis",46,0.787723397146298,4.27576270729282
"CV2",5,NA,"Group_adjusted","M1","JKI","M. x gig",22,0.618078984411517,3.94454679975821
"CV2",5,NA,"Group_adjusted","M2","ABR33","M. sacchariflorus",56,0.424109878358787,5.95912290611824
"CV2",5,NA,"Group_adjusted","M2","ABR33","M. sinensis",46,0.813830523952837,7.17982969663292
"CV2",5,NA,"Group_adjusted","M2","ABR33","M. x gig",22,0.548228930305483,5.87578942772528
"CV2",5,NA,"Group_adjusted","M2","JKI","M. sacchariflorus",56,0.542701398897245,3.59704037487789
"CV2",5,NA,"Group_adjusted","M2","JKI","M. sinensis",46,0.785984247458969,4.37615375827232
"CV2",5,NA,"Group_adjusted","M2","JKI","M. x gig",22,0.66997092741959,3.7728926114019
"CV2",5,NA,"Group_adjusted","M3","ABR33","M. sacchariflorus",56,0.451088882130461,5.92405257613953
"CV2",5,NA,"Group_adjusted","M3","ABR33","M. sinensis",46,0.819613313187313,7.18371977539505
"CV2",5,NA,"Group_adjusted","M3","ABR33","M. x gig",22,0.606949046521572,5.69730540165147
"CV2",5,NA,"Group_adjusted","M3","JKI","M. sacchariflorus",56,0.564026124172421,3.42021663230437
"CV2",5,NA,"Group_adjusted","M3","JKI","M. sinensis",46,0.791034481858328,4.24090750618968
"CV2",5,NA,"Group_adjusted","M3","JKI","M. x gig",22,0.698035730870815,3.53569827778748
"CV2",5,NA,"Raw","M1","ABR33","M. sacchariflorus",56,0.449262199379207,6.31756512384957
"CV2",5,NA,"Raw","M1","ABR33","M. sinensis",46,0.780558106138918,7.83472957921992
"CV2",5,NA,"Raw","M1","ABR33","M. x gig",22,0.642256220695033,5.46477637463615
"CV2",5,NA,"Raw","M1","JKI","M. sacchariflorus",56,0.515304042655626,4.09741138161011
"CV2",5,NA,"Raw","M1","JKI","M. sinensis",46,0.799816491948406,4.31943109529325
"CV2",5,NA,"Raw","M1","JKI","M. x gig",22,0.659115866128822,3.96274874878131
"CV2",5,NA,"Raw","M2","ABR33","M. sacchariflorus",56,0.447637209772325,6.00623665914848
"CV2",5,NA,"Raw","M2","ABR33","M. sinensis",46,0.808152279560685,7.2744891286788
"CV2",5,NA,"Raw","M2","ABR33","M. x gig",22,0.661918379992129,5.39460660223556
"CV2",5,NA,"Raw","M2","JKI","M. sacchariflorus",56,0.519249541717105,3.81217668620413
"CV2",5,NA,"Raw","M2","JKI","M. sinensis",46,0.791896287232308,4.5514233381587
"CV2",5,NA,"Raw","M2","JKI","M. x gig",22,0.695522307620762,3.76607248093632
"CV2",5,NA,"Raw","M3","ABR33","M. sacchariflorus",56,0.483132371046332,5.84197067954078
"CV2",5,NA,"Raw","M3","ABR33","M. sinensis",46,0.80967827295682,7.18377448362173
"CV2",5,NA,"Raw","M3","ABR33","M. x gig",22,0.704681657865755,5.25368889726408
"CV2",5,NA,"Raw","M3","JKI","M. sacchariflorus",56,0.557562745253079,3.50942268173662
"CV2",5,NA,"Raw","M3","JKI","M. sinensis",46,0.790657017336029,4.26068741706729
"CV2",5,NA,"Raw","M3","JKI","M. x gig",22,0.723983312393937,3.47200350729791
"CV2",6,NA,"Group_adjusted","M1","ABR33","M. sacchariflorus",56,0.499021717424528,5.80336816364953
"CV2",6,NA,"Group_adjusted","M1","ABR33","M. sinensis",46,0.786732948565261,7.55746785429626
"CV2",6,NA,"Group_adjusted","M1","ABR33","M. x gig",22,0.673834165024438,5.583690391946
"CV2",6,NA,"Group_adjusted","M1","JKI","M. sacchariflorus",56,0.5133220543735,3.67331011541327
"CV2",6,NA,"Group_adjusted","M1","JKI","M. sinensis",46,0.790618061795606,4.26481015367598
"CV2",6,NA,"Group_adjusted","M1","JKI","M. x gig",22,0.5808460532837,4.10795012360271
"CV2",6,NA,"Group_adjusted","M2","ABR33","M. sacchariflorus",56,0.472999778442946,5.86077146857674
"CV2",6,NA,"Group_adjusted","M2","ABR33","M. sinensis",46,0.812927954879804,7.19072152625869
"CV2",6,NA,"Group_adjusted","M2","ABR33","M. x gig",22,0.683646540573296,5.38912244890508
"CV2",6,NA,"Group_adjusted","M2","JKI","M. sacchariflorus",56,0.524213625750675,3.58226028632159
"CV2",6,NA,"Group_adjusted","M2","JKI","M. sinensis",46,0.788820084140728,4.37937824033921
"CV2",6,NA,"Group_adjusted","M2","JKI","M. x gig",22,0.62733573775755,4.0340013416751
"CV2",6,NA,"Group_adjusted","M3","ABR33","M. sacchariflorus",56,0.524958632532519,5.78608853509436
"CV2",6,NA,"Group_adjusted","M3","ABR33","M. sinensis",46,0.821869944132641,7.1810917325448
"CV2",6,NA,"Group_adjusted","M3","ABR33","M. x gig",22,0.710145898957664,5.29659862775575
"CV2",6,NA,"Group_adjusted","M3","JKI","M. sacchariflorus",56,0.583527185502769,3.33458042851564
"CV2",6,NA,"Group_adjusted","M3","JKI","M. sinensis",46,0.786598850501858,4.29306942524532
"CV2",6,NA,"Group_adjusted","M3","JKI","M. x gig",22,0.627562786074364,3.89916744698961
"CV2",6,NA,"Raw","M1","ABR33","M. sacchariflorus",56,0.53290098019957,6.08917508264642
"CV2",6,NA,"Raw","M1","ABR33","M. sinensis",46,0.799103445926549,7.71453000479497
"CV2",6,NA,"Raw","M1","ABR33","M. x gig",22,0.707274044410539,5.20030531256945
"CV2",6,NA,"Raw","M1","JKI","M. sacchariflorus",56,0.510986788927609,4.08032562050289
"CV2",6,NA,"Raw","M1","JKI","M. sinensis",46,0.792423538844845,4.43510464691081
"CV2",6,NA,"Raw","M1","JKI","M. x gig",22,0.65211128284649,3.98807267492669
"CV2",6,NA,"Raw","M2","ABR33","M. sacchariflorus",56,0.529653178435607,5.8109015934475
"CV2",6,NA,"Raw","M2","ABR33","M. sinensis",46,0.819990571240634,7.20659186743822
"CV2",6,NA,"Raw","M2","ABR33","M. x gig",22,0.706424640453622,5.17346598320525
"CV2",6,NA,"Raw","M2","JKI","M. sacchariflorus",56,0.520968745505521,3.75840409099466
"CV2",6,NA,"Raw","M2","JKI","M. sinensis",46,0.786266947785773,4.68470868523367
"CV2",6,NA,"Raw","M2","JKI","M. x gig",22,0.675215063036009,3.90618513705974
"CV2",6,NA,"Raw","M3","ABR33","M. sacchariflorus",56,0.563052142923865,5.67652101286584
"CV2",6,NA,"Raw","M3","ABR33","M. sinensis",46,0.816344375954774,7.16474383087078
"CV2",6,NA,"Raw","M3","ABR33","M. x gig",22,0.728058658542872,5.11450394253121
"CV2",6,NA,"Raw","M3","JKI","M. sacchariflorus",56,0.578443396792888,3.42524950030755
"CV2",6,NA,"Raw","M3","JKI","M. sinensis",46,0.788103230290438,4.30218742416175
"CV2",6,NA,"Raw","M3","JKI","M. x gig",22,0.682477271679476,3.69311928791793
"CV2",7,NA,"Group_adjusted","M1","ABR33","M. sacchariflorus",56,0.513895252226621,5.75646697519209
"CV2",7,NA,"Group_adjusted","M1","ABR33","M. sinensis",46,0.776217090090964,7.49217474362043
"CV2",7,NA,"Group_adjusted","M1","ABR33","M. x gig",22,0.545278361769213,5.88895579930019
"CV2",7,NA,"Group_adjusted","M1","JKI","M. sacchariflorus",56,0.512062667105554,3.66323062979553
"CV2",7,NA,"Group_adjusted","M1","JKI","M. sinensis",46,0.802792678952673,4.13515011454089
"CV2",7,NA,"Group_adjusted","M1","JKI","M. x gig",22,0.588171314424784,4.02488261895395
"CV2",7,NA,"Group_adjusted","M2","ABR33","M. sacchariflorus",56,0.500034198299611,5.78966894970939
"CV2",7,NA,"Group_adjusted","M2","ABR33","M. sinensis",46,0.797001258077328,7.17253466338332
"CV2",7,NA,"Group_adjusted","M2","ABR33","M. x gig",22,0.599129581937592,5.61497912751299
"CV2",7,NA,"Group_adjusted","M2","JKI","M. sacchariflorus",56,0.534226012352504,3.54893651288806
"CV2",7,NA,"Group_adjusted","M2","JKI","M. sinensis",46,0.796568962289001,4.28326804352886
"CV2",7,NA,"Group_adjusted","M2","JKI","M. x gig",22,0.643607023437526,3.86417312300316
"CV2",7,NA,"Group_adjusted","M3","ABR33","M. sacchariflorus",56,0.522956042029863,5.7848242294883
"CV2",7,NA,"Group_adjusted","M3","ABR33","M. sinensis",46,0.807445508694052,7.14891308339006
"CV2",7,NA,"Group_adjusted","M3","ABR33","M. x gig",22,0.661059786014677,5.3834868236186
"CV2",7,NA,"Group_adjusted","M3","JKI","M. sacchariflorus",56,0.574593973766049,3.32833451292863
"CV2",7,NA,"Group_adjusted","M3","JKI","M. sinensis",46,0.797783681996529,4.17545021172964
"CV2",7,NA,"Group_adjusted","M3","JKI","M. x gig",22,0.655061722939427,3.72437103106501
"CV2",7,NA,"Raw","M1","ABR33","M. sacchariflorus",56,0.532461469321968,6.11173326718548
"CV2",7,NA,"Raw","M1","ABR33","M. sinensis",46,0.803229657670142,7.60662995329042
"CV2",7,NA,"Raw","M1","ABR33","M. x gig",22,0.672026973703906,5.32904752754959
"CV2",7,NA,"Raw","M1","JKI","M. sacchariflorus",56,0.520174697988342,3.96776581519861
"CV2",7,NA,"Raw","M1","JKI","M. sinensis",46,0.794459809073782,4.40440312560821
"CV2",7,NA,"Raw","M1","JKI","M. x gig",22,0.702146242922045,3.65528512936873
"CV2",7,NA,"Raw","M2","ABR33","M. sacchariflorus",56,0.541353631923347,5.79763418162135
"CV2",7,NA,"Raw","M2","ABR33","M. sinensis",46,0.818973733975828,7.15306690660728
"CV2",7,NA,"Raw","M2","ABR33","M. x gig",22,0.696785587060384,5.21175165910553
"CV2",7,NA,"Raw","M2","JKI","M. sacchariflorus",56,0.530477549617102,3.69805946563357
"CV2",7,NA,"Raw","M2","JKI","M. sinensis",46,0.78693506442697,4.66798940892646
"CV2",7,NA,"Raw","M2","JKI","M. x gig",22,0.730878258131178,3.49852485426957
"CV2",7,NA,"Raw","M3","ABR33","M. sacchariflorus",56,0.558757993826593,5.68538444970396
"CV2",7,NA,"Raw","M3","ABR33","M. sinensis",46,0.812695894840445,7.0768043620598
"CV2",7,NA,"Raw","M3","ABR33","M. x gig",22,0.735711964776457,5.06883699924895
"CV2",7,NA,"Raw","M3","JKI","M. sacchariflorus",56,0.567584409125051,3.41835459428149
"CV2",7,NA,"Raw","M3","JKI","M. sinensis",46,0.793043966626275,4.24967120860712
"CV2",7,NA,"Raw","M3","JKI","M. x gig",22,0.743716581780195,3.31194193491728
"CV2",8,NA,"Group_adjusted","M1","ABR33","M. sacchariflorus",56,0.473949781182017,5.85849971151431
"CV2",8,NA,"Group_adjusted","M1","ABR33","M. sinensis",46,0.781383757307703,7.47988668018854
"CV2",8,NA,"Group_adjusted","M1","ABR33","M. x gig",22,0.634638443037297,5.56378023116254
"CV2",8,NA,"Group_adjusted","M1","JKI","M. sacchariflorus",56,0.518625143196833,3.72677531972222
"CV2",8,NA,"Group_adjusted","M1","JKI","M. sinensis",46,0.793166441993312,4.21729270062226
"CV2",8,NA,"Group_adjusted","M1","JKI","M. x gig",22,0.675428969212409,3.64606430669503
"CV2",8,NA,"Group_adjusted","M2","ABR33","M. sacchariflorus",56,0.462724225558574,5.88180151267325
"CV2",8,NA,"Group_adjusted","M2","ABR33","M. sinensis",46,0.806202367131526,7.11082371950789
"CV2",8,NA,"Group_adjusted","M2","ABR33","M. x gig",22,0.662292182083981,5.35916971018959
"CV2",8,NA,"Group_adjusted","M2","JKI","M. sacchariflorus",56,0.532699916262526,3.6452814677887
"CV2",8,NA,"Group_adjusted","M2","JKI","M. sinensis",46,0.790474061156429,4.3332063838879
"CV2",8,NA,"Group_adjusted","M2","JKI","M. x gig",22,0.706215798344512,3.57272272170534
"CV2",8,NA,"Group_adjusted","M3","ABR33","M. sacchariflorus",56,0.487729031577322,5.86069961383851
"CV2",8,NA,"Group_adjusted","M3","ABR33","M. sinensis",46,0.821436003041559,7.10372827649122
"CV2",8,NA,"Group_adjusted","M3","ABR33","M. x gig",22,0.70141365769188,5.27109059646746
"CV2",8,NA,"Group_adjusted","M3","JKI","M. sacchariflorus",56,0.587445517389362,3.34485091021831
"CV2",8,NA,"Group_adjusted","M3","JKI","M. sinensis",46,0.788578253873512,4.26847755421996
"CV2",8,NA,"Group_adjusted","M3","JKI","M. x gig",22,0.711309536007558,3.46981507017609
"CV2",8,NA,"Raw","M1","ABR33","M. sacchariflorus",56,0.486987120691333,6.25628205881831
"CV2",8,NA,"Raw","M1","ABR33","M. sinensis",46,0.796994410914728,7.60193288156084
"CV2",8,NA,"Raw","M1","ABR33","M. x gig",22,0.679895026972602,5.23636973051494
"CV2",8,NA,"Raw","M1","JKI","M. sacchariflorus",56,0.527843479894335,3.99420784106662
"CV2",8,NA,"Raw","M1","JKI","M. sinensis",46,0.803854253349885,4.2777639475875
"CV2",8,NA,"Raw","M1","JKI","M. x gig",22,0.685814422892132,3.76398978965346
"CV2",8,NA,"Raw","M2","ABR33","M. sacchariflorus",56,0.499412635976844,5.89432735416288
"CV2",8,NA,"Raw","M2","ABR33","M. sinensis",46,0.813198088363602,7.14758972404424
"CV2",8,NA,"Raw","M2","ABR33","M. x gig",22,0.69556932240644,5.15902093006581
"CV2",8,NA,"Raw","M2","JKI","M. sacchariflorus",56,0.533215934073544,3.71152648463456
"CV2",8,NA,"Raw","M2","JKI","M. sinensis",46,0.79771672100736,4.55043710285605
"CV2",8,NA,"Raw","M2","JKI","M. x gig",22,0.712825802505037,3.61640049935993
"CV2",8,NA,"Raw","M3","ABR33","M. sacchariflorus",56,0.530830268963121,5.75479817237313
"CV2",8,NA,"Raw","M3","ABR33","M. sinensis",46,0.81781357318167,7.07904163479721
"CV2",8,NA,"Raw","M3","ABR33","M. x gig",22,0.740455669754759,5.04108381810744
"CV2",8,NA,"Raw","M3","JKI","M. sacchariflorus",56,0.588413992832516,3.38227222765591
"CV2",8,NA,"Raw","M3","JKI","M. sinensis",46,0.789395458065387,4.28273903526199
"CV2",8,NA,"Raw","M3","JKI","M. x gig",22,0.724517738099077,3.44487208182028
"CV2",9,NA,"Group_adjusted","M1","ABR33","M. sacchariflorus",56,0.519190860904004,5.77775752290262
"CV2",9,NA,"Group_adjusted","M1","ABR33","M. sinensis",46,0.72700448713962,7.85294087274866
"CV2",9,NA,"Group_adjusted","M1","ABR33","M. x gig",22,0.66610034470304,5.5380142071907
"CV2",9,NA,"Group_adjusted","M1","JKI","M. sacchariflorus",56,0.486198699455571,3.83711682404605
"CV2",9,NA,"Group_adjusted","M1","JKI","M. sinensis",46,0.787268691775341,4.2865377808035
"CV2",9,NA,"Group_adjusted","M1","JKI","M. x gig",22,0.70234640397505,3.54406855856496
"CV2",9,NA,"Group_adjusted","M2","ABR33","M. sacchariflorus",56,0.490584653973726,5.81527993354883
"CV2",9,NA,"Group_adjusted","M2","ABR33","M. sinensis",46,0.765388119321177,7.49931795917666
"CV2",9,NA,"Group_adjusted","M2","ABR33","M. x gig",22,0.680103684982057,5.29486356953293
"CV2",9,NA,"Group_adjusted","M2","JKI","M. sacchariflorus",56,0.494512417880019,3.76941722634466
"CV2",9,NA,"Group_adjusted","M2","JKI","M. sinensis",46,0.785108891756909,4.39605966265473
"CV2",9,NA,"Group_adjusted","M2","JKI","M. x gig",22,0.734874725185878,3.46265932332998
"CV2",9,NA,"Group_adjusted","M3","ABR33","M. sacchariflorus",56,0.537820352582555,5.76161797905465
"CV2",9,NA,"Group_adjusted","M3","ABR33","M. sinensis",46,0.775855026563925,7.45790262176055
"CV2",9,NA,"Group_adjusted","M3","ABR33","M. x gig",22,0.71465285663539,5.19091226473001
"CV2",9,NA,"Group_adjusted","M3","JKI","M. sacchariflorus",56,0.524512300782173,3.582441831103
"CV2",9,NA,"Group_adjusted","M3","JKI","M. sinensis",46,0.787203646764615,4.28719454984823
"CV2",9,NA,"Group_adjusted","M3","JKI","M. x gig",22,0.732970950769891,3.3693334253675
"CV2",9,NA,"Raw","M1","ABR33","M. sacchariflorus",56,0.519794375668336,6.16715251830827
"CV2",9,NA,"Raw","M1","ABR33","M. sinensis",46,0.788363137635843,7.76159814177152
"CV2",9,NA,"Raw","M1","ABR33","M. x gig",22,0.704839582112568,5.21502191281645
"CV2",9,NA,"Raw","M1","JKI","M. sacchariflorus",56,0.496274738565007,4.1610931028731
"CV2",9,NA,"Raw","M1","JKI","M. sinensis",46,0.799093181207345,4.34027074044669
"CV2",9,NA,"Raw","M1","JKI","M. x gig",22,0.696001396058449,3.73460023832413
"CV2",9,NA,"Raw","M2","ABR33","M. sacchariflorus",56,0.532369656012186,5.81756364188422
"CV2",9,NA,"Raw","M2","ABR33","M. sinensis",46,0.808897557797931,7.27632387045234
"CV2",9,NA,"Raw","M2","ABR33","M. x gig",22,0.717351000377172,5.10395658905775
"CV2",9,NA,"Raw","M2","JKI","M. sacchariflorus",56,0.498616231238981,3.89277666696969
"CV2",9,NA,"Raw","M2","JKI","M. sinensis",46,0.796384820051374,4.57647440023501
"CV2",9,NA,"Raw","M2","JKI","M. x gig",22,0.71708833105757,3.61047080676526
"CV2",9,NA,"Raw","M3","ABR33","M. sacchariflorus",56,0.574710121920208,5.66546443237205
"CV2",9,NA,"Raw","M3","ABR33","M. sinensis",46,0.778884546955455,7.38218749273875
"CV2",9,NA,"Raw","M3","ABR33","M. x gig",22,0.749494606979226,5.0057675518697
"CV2",9,NA,"Raw","M3","JKI","M. sacchariflorus",56,0.530214865111215,3.61272012611678
"CV2",9,NA,"Raw","M3","JKI","M. sinensis",46,0.787288992838318,4.32448206803479
"CV2",9,NA,"Raw","M3","JKI","M. x gig",22,0.726101896301856,3.43655003780376
"CV2",10,NA,"Group_adjusted","M1","ABR33","M. sacchariflorus",56,0.45561884746025,5.90151791284446
"CV2",10,NA,"Group_adjusted","M1","ABR33","M. sinensis",46,0.768238441372724,7.66476320424073
"CV2",10,NA,"Group_adjusted","M1","ABR33","M. x gig",22,0.571591027017025,5.81950628124387
"CV2",10,NA,"Group_adjusted","M1","JKI","M. sacchariflorus",56,0.548836434958571,3.54025502496184
"CV2",10,NA,"Group_adjusted","M1","JKI","M. sinensis",46,0.790572684361135,4.25469115078045
"CV2",10,NA,"Group_adjusted","M1","JKI","M. x gig",22,0.613192078856806,3.98831449139715
"CV2",10,NA,"Group_adjusted","M2","ABR33","M. sacchariflorus",56,0.456754646890044,5.88976449337173
"CV2",10,NA,"Group_adjusted","M2","ABR33","M. sinensis",46,0.797810079496211,7.32379617446975
"CV2",10,NA,"Group_adjusted","M2","ABR33","M. x gig",22,0.622151356973812,5.55769009484747
"CV2",10,NA,"Group_adjusted","M2","JKI","M. sacchariflorus",56,0.563199588197199,3.45861887133006
"CV2",10,NA,"Group_adjusted","M2","JKI","M. sinensis",46,0.784084621674946,4.41400987045493
"CV2",10,NA,"Group_adjusted","M2","JKI","M. x gig",22,0.638306117573363,3.98002507482644
"CV2",10,NA,"Group_adjusted","M3","ABR33","M. sacchariflorus",56,0.489868390522991,5.85225478535787
"CV2",10,NA,"Group_adjusted","M3","ABR33","M. sinensis",46,0.811994461112734,7.26631225002695
"CV2",10,NA,"Group_adjusted","M3","ABR33","M. x gig",22,0.67313859396102,5.43929822598623
"CV2",10,NA,"Group_adjusted","M3","JKI","M. sacchariflorus",56,0.60186231453076,3.24501089033766
"CV2",10,NA,"Group_adjusted","M3","JKI","M. sinensis",46,0.783404952195284,4.32770733321132
"CV2",10,NA,"Group_adjusted","M3","JKI","M. x gig",22,0.660564302063971,3.77088116752278
"CV2",10,NA,"Raw","M1","ABR33","M. sacchariflorus",56,0.518952694952848,6.13518449590228
"CV2",10,NA,"Raw","M1","ABR33","M. sinensis",46,0.803272705821077,7.57568786520988
"CV2",10,NA,"Raw","M1","ABR33","M. x gig",22,0.675678157061497,5.32786856428169
"CV2",10,NA,"Raw","M1","JKI","M. sacchariflorus",56,0.541495447604211,3.93559862376758
"CV2",10,NA,"Raw","M1","JKI","M. sinensis",46,0.804620287343828,4.29253621684109
"CV2",10,NA,"Raw","M1","JKI","M. x gig",22,0.682389386855115,3.81836422715435
"CV2",10,NA,"Raw","M2","ABR33","M. sacchariflorus",56,0.498693167039713,5.89046799183611
"CV2",10,NA,"Raw","M2","ABR33","M. sinensis",46,0.821311891352926,7.17169441457026
"CV2",10,NA,"Raw","M2","ABR33","M. x gig",22,0.698590708487705,5.21900789216721
"CV2",10,NA,"Raw","M2","JKI","M. sacchariflorus",56,0.551203248913825,3.64691359531915
"CV2",10,NA,"Raw","M2","JKI","M. sinensis",46,0.793310988815836,4.5530875259335
"CV2",10,NA,"Raw","M2","JKI","M. x gig",22,0.69235563812128,3.75587477802768
"CV2",10,NA,"Raw","M3","ABR33","M. sacchariflorus",56,0.515575514952027,5.77909304230443
"CV2",10,NA,"Raw","M3","ABR33","M. sinensis",46,0.812059150205083,7.18869339819788
"CV2",10,NA,"Raw","M3","ABR33","M. x gig",22,0.735189305717098,5.14614062493613
"CV2",10,NA,"Raw","M3","JKI","M. sacchariflorus",56,0.59589792360066,3.34541947272662
"CV2",10,NA,"Raw","M3","JKI","M. sinensis",46,0.785703359998293,4.33260282275645
"CV2",10,NA,"Raw","M3","JKI","M. x gig",22,0.708421627367486,3.56992481755968
"Sparse25",1,0,"Group_adjusted","M1","ABR33","M. sacchariflorus",43,0.176861383646797,6.21452997774872
"Sparse25",1,0,"Group_adjusted","M1","ABR33","M. sinensis",38,0.427371035952803,10.1899445150923
"Sparse25",1,0,"Group_adjusted","M1","ABR33","M. x gig",19,0.317446798631393,8.73713624932904
"Sparse25",1,0,"Group_adjusted","M1","JKI","M. sacchariflorus",44,0.301928103197414,3.72594173682874
"Sparse25",1,0,"Group_adjusted","M1","JKI","M. sinensis",36,0.41647206354982,6.36610917819447
"Sparse25",1,0,"Group_adjusted","M1","JKI","M. x gig",19,0.226644019020082,4.87055438170437
"Sparse25",1,0,"Group_adjusted","M2","ABR33","M. sacchariflorus",43,0.175111956605317,6.19993965823718
"Sparse25",1,0,"Group_adjusted","M2","ABR33","M. sinensis",38,0.503860368876406,9.94058113112748
"Sparse25",1,0,"Group_adjusted","M2","ABR33","M. x gig",19,0.475707736809601,8.50744799924117
"Sparse25",1,0,"Group_adjusted","M2","JKI","M. sacchariflorus",44,0.323654445766765,3.70574400496629
"Sparse25",1,0,"Group_adjusted","M2","JKI","M. sinensis",36,0.467688842004848,6.17284254532383
"Sparse25",1,0,"Group_adjusted","M2","JKI","M. x gig",19,0.393935464005466,4.66822957426237
"Sparse25",1,0,"Group_adjusted","M3","ABR33","M. sacchariflorus",43,0.141186348719493,6.24874675715495
"Sparse25",1,0,"Group_adjusted","M3","ABR33","M. sinensis",38,0.506876068657061,9.97879064456494
"Sparse25",1,0,"Group_adjusted","M3","ABR33","M. x gig",19,0.549072444916076,8.46327473576115
"Sparse25",1,0,"Group_adjusted","M3","JKI","M. sacchariflorus",44,0.353621354900313,3.64508942881503
"Sparse25",1,0,"Group_adjusted","M3","JKI","M. sinensis",36,0.483086770114319,6.12810920291142
"Sparse25",1,0,"Group_adjusted","M3","JKI","M. x gig",19,0.44021769137734,4.60681384000135
"Sparse25",1,0,"Raw","M1","ABR33","M. sacchariflorus",43,0.0189833572784261,7.20748075223509
"Sparse25",1,0,"Raw","M1","ABR33","M. sinensis",38,0.368224212740174,11.6642849480728
"Sparse25",1,0,"Raw","M1","ABR33","M. x gig",19,0.336592041861519,6.44159148570288
"Sparse25",1,0,"Raw","M1","JKI","M. sacchariflorus",44,0.245035594074933,4.90114530020443
"Sparse25",1,0,"Raw","M1","JKI","M. sinensis",36,0.41609611923739,6.98442635538165
"Sparse25",1,0,"Raw","M1","JKI","M. x gig",19,0.336073035787001,4.78538684462919
"Sparse25",1,0,"Raw","M2","ABR33","M. sacchariflorus",43,0.195750402897638,6.38215151248724
"Sparse25",1,0,"Raw","M2","ABR33","M. sinensis",38,0.463733581538142,10.2880633756858
"Sparse25",1,0,"Raw","M2","ABR33","M. x gig",19,0.503128293920749,6.27467312176616
"Sparse25",1,0,"Raw","M2","JKI","M. sacchariflorus",44,0.269490032427211,3.88492292860985
"Sparse25",1,0,"Raw","M2","JKI","M. sinensis",36,0.448928688912781,6.1896938696487
"Sparse25",1,0,"Raw","M2","JKI","M. x gig",19,0.429505855504291,4.56575201498128
"Sparse25",1,0,"Raw","M3","ABR33","M. sacchariflorus",43,0.144297111853372,6.37373288083408
"Sparse25",1,0,"Raw","M3","ABR33","M. sinensis",38,0.454713515163194,10.3001640743017
"Sparse25",1,0,"Raw","M3","ABR33","M. x gig",19,0.52267944055999,6.25214572031843
"Sparse25",1,0,"Raw","M3","JKI","M. sacchariflorus",44,0.302542348265174,3.88394619745154
"Sparse25",1,0,"Raw","M3","JKI","M. sinensis",36,0.461779853516751,6.14490065745656
"Sparse25",1,0,"Raw","M3","JKI","M. x gig",19,0.477067648456038,4.51345876967372
"Sparse25",1,5,"Group_adjusted","M1","ABR33","M. sacchariflorus",46,0.367462333833865,5.79683682494712
"Sparse25",1,5,"Group_adjusted","M1","ABR33","M. sinensis",37,0.311828235068657,10.7883165659438
"Sparse25",1,5,"Group_adjusted","M1","ABR33","M. x gig",17,0.1833054401004,7.73700577299315
"Sparse25",1,5,"Group_adjusted","M1","JKI","M. sacchariflorus",43,0.538763444210399,3.54965395015935
"Sparse25",1,5,"Group_adjusted","M1","JKI","M. sinensis",37,0.428480717613228,6.69417494557447
"Sparse25",1,5,"Group_adjusted","M1","JKI","M. x gig",19,0.441776432941486,8.5764556137173
"Sparse25",1,5,"Group_adjusted","M2","ABR33","M. sacchariflorus",46,0.37011824152489,5.72349164578125
"Sparse25",1,5,"Group_adjusted","M2","ABR33","M. sinensis",37,0.365725949396323,10.5815827478093
"Sparse25",1,5,"Group_adjusted","M2","ABR33","M. x gig",17,0.33645169060874,7.70563351261074
"Sparse25",1,5,"Group_adjusted","M2","JKI","M. sacchariflorus",43,0.593899894081233,3.27996750086693
"Sparse25",1,5,"Group_adjusted","M2","JKI","M. sinensis",37,0.436813694583835,6.58382842628243
"Sparse25",1,5,"Group_adjusted","M2","JKI","M. x gig",19,0.490805708866671,8.21420483501054
"Sparse25",1,5,"Group_adjusted","M3","ABR33","M. sacchariflorus",46,0.375597741668173,5.70077976833458
"Sparse25",1,5,"Group_adjusted","M3","ABR33","M. sinensis",37,0.42773016208765,10.3012472163454
"Sparse25",1,5,"Group_adjusted","M3","ABR33","M. x gig",17,0.485869755928647,7.60654591807353
"Sparse25",1,5,"Group_adjusted","M3","JKI","M. sacchariflorus",43,0.59990266373277,3.3548622402031
"Sparse25",1,5,"Group_adjusted","M3","JKI","M. sinensis",37,0.449901049385063,6.68059111253238
"Sparse25",1,5,"Group_adjusted","M3","JKI","M. x gig",19,0.499383140146863,8.16347192517695
"Sparse25",1,5,"Raw","M1","ABR33","M. sacchariflorus",46,0.152950285094367,6.33205911803092
"Sparse25",1,5,"Raw","M1","ABR33","M. sinensis",37,0.302214108379762,12.481785344605
"Sparse25",1,5,"Raw","M1","ABR33","M. x gig",17,0.46223165063132,7.7333586297415
"Sparse25",1,5,"Raw","M1","JKI","M. sacchariflorus",43,0.528891278500968,5.21929714163246
"Sparse25",1,5,"Raw","M1","JKI","M. sinensis",37,0.379589399312618,6.80370837230097
"Sparse25",1,5,"Raw","M1","JKI","M. x gig",19,0.513578725013006,4.44343917901043
"Sparse25",1,5,"Raw","M2","ABR33","M. sacchariflorus",46,0.348239911614654,5.78234589046098
"Sparse25",1,5,"Raw","M2","ABR33","M. sinensis",37,0.394429638504344,11.3530199673421
"Sparse25",1,5,"Raw","M2","ABR33","M. x gig",17,0.41859435522605,7.60690813354387
"Sparse25",1,5,"Raw","M2","JKI","M. sacchariflorus",43,0.561856157520201,4.03252814994196
"Sparse25",1,5,"Raw","M2","JKI","M. sinensis",37,0.428325115580567,6.06404240429386
"Sparse25",1,5,"Raw","M2","JKI","M. x gig",19,0.311151675388892,4.40470689953808
"Sparse25",1,5,"Raw","M3","ABR33","M. sacchariflorus",46,0.344759768196987,5.71279156791417
"Sparse25",1,5,"Raw","M3","ABR33","M. sinensis",37,0.452568944454731,10.8217098123095
"Sparse25",1,5,"Raw","M3","ABR33","M. x gig",17,0.452385825447284,7.58984177550057
"Sparse25",1,5,"Raw","M3","JKI","M. sacchariflorus",43,0.544243689655881,4.23077761425396
"Sparse25",1,5,"Raw","M3","JKI","M. sinensis",37,0.446108930603562,6.1450531460444
"Sparse25",1,5,"Raw","M3","JKI","M. x gig",19,0.389914105863966,4.34656964636406
"Sparse25",1,10,"Group_adjusted","M1","ABR33","M. sacchariflorus",40,0.153040687441128,6.77198379259335
"Sparse25",1,10,"Group_adjusted","M1","ABR33","M. sinensis",40,0.223468373142804,10.8510957532939
"Sparse25",1,10,"Group_adjusted","M1","ABR33","M. x gig",20,0.326633746910462,8.02597080222023
"Sparse25",1,10,"Group_adjusted","M1","JKI","M. sacchariflorus",46,0.191236853644111,3.91462589597754
"Sparse25",1,10,"Group_adjusted","M1","JKI","M. sinensis",37,0.442363746133124,7.0830871076971
"Sparse25",1,10,"Group_adjusted","M1","JKI","M. x gig",16,NA,5.40376238920371
"Sparse25",1,10,"Group_adjusted","M2","ABR33","M. sacchariflorus",40,0.171268559967741,6.75873838887413
"Sparse25",1,10,"Group_adjusted","M2","ABR33","M. sinensis",40,0.320644962299133,10.7070728352915
"Sparse25",1,10,"Group_adjusted","M2","ABR33","M. x gig",20,0.402445801210322,7.76199337630862
"Sparse25",1,10,"Group_adjusted","M2","JKI","M. sacchariflorus",46,0.180576164340485,3.84432710160763
"Sparse25",1,10,"Group_adjusted","M2","JKI","M. sinensis",37,0.525764782912759,6.70490037887983
"Sparse25",1,10,"Group_adjusted","M2","JKI","M. x gig",16,0.593215629680502,5.26749608717122
"Sparse25",1,10,"Group_adjusted","M3","ABR33","M. sacchariflorus",40,0.211707504943087,6.75053522881216
"Sparse25",1,10,"Group_adjusted","M3","ABR33","M. sinensis",40,0.349921903157057,10.7142423191895
"Sparse25",1,10,"Group_adjusted","M3","ABR33","M. x gig",20,0.471869426569454,7.61910115675547
"Sparse25",1,10,"Group_adjusted","M3","JKI","M. sacchariflorus",46,0.242241364609681,3.84513875574735
"Sparse25",1,10,"Group_adjusted","M3","JKI","M. sinensis",37,0.541435773198045,6.78752416160294
"Sparse25",1,10,"Group_adjusted","M3","JKI","M. x gig",16,0.604747726506745,5.04572398302059
"Sparse25",1,10,"Raw","M1","ABR33","M. sacchariflorus",40,0.169182298963201,7.55501563977171
"Sparse25",1,10,"Raw","M1","ABR33","M. sinensis",40,0.213705100900067,10.7854149754114
"Sparse25",1,10,"Raw","M1","ABR33","M. x gig",20,0.460610443408197,6.77661839779742
"Sparse25",1,10,"Raw","M1","JKI","M. sacchariflorus",46,0.262753085881928,4.19298110600602
"Sparse25",1,10,"Raw","M1","JKI","M. sinensis",37,0.408425300610101,7.37782007453665
"Sparse25",1,10,"Raw","M1","JKI","M. x gig",16,NA,4.79799166167975
"Sparse25",1,10,"Raw","M2","ABR33","M. sacchariflorus",40,0.244568166621908,6.75760361778604
"Sparse25",1,10,"Raw","M2","ABR33","M. sinensis",40,0.207705802171376,9.5636590498446
"Sparse25",1,10,"Raw","M2","ABR33","M. x gig",20,0.529352400407926,6.4940323300736
"Sparse25",1,10,"Raw","M2","JKI","M. sacchariflorus",46,0.129280128712033,3.79641646167101
"Sparse25",1,10,"Raw","M2","JKI","M. sinensis",37,0.417171609549918,6.30294392175364
"Sparse25",1,10,"Raw","M2","JKI","M. x gig",16,0.587459428384804,4.49570975203179
"Sparse25",1,10,"Raw","M3","ABR33","M. sacchariflorus",40,0.256186116579697,6.61843877510993
"Sparse25",1,10,"Raw","M3","ABR33","M. sinensis",40,0.15744779031834,9.78521965252571
"Sparse25",1,10,"Raw","M3","ABR33","M. x gig",20,0.561365353844469,6.4813580825879
"Sparse25",1,10,"Raw","M3","JKI","M. sacchariflorus",46,0.171640723722719,3.64586875274542
"Sparse25",1,10,"Raw","M3","JKI","M. sinensis",37,0.448109142118931,6.41554394625269
"Sparse25",1,10,"Raw","M3","JKI","M. x gig",16,0.634018486758567,4.42456262600284
"Sparse25",1,15,"Group_adjusted","M1","ABR33","M. sacchariflorus",46,-0.0374836858540383,7.8780204920383
"Sparse25",1,15,"Group_adjusted","M1","ABR33","M. sinensis",38,0.253542830838307,10.500955076346
"Sparse25",1,15,"Group_adjusted","M1","ABR33","M. x gig",16,0.354484149563916,6.46006435624307
"Sparse25",1,15,"Group_adjusted","M1","JKI","M. sacchariflorus",47,0.0294203566859847,3.67493710407147
"Sparse25",1,15,"Group_adjusted","M1","JKI","M. sinensis",35,0.190223728913685,7.29884053224882
"Sparse25",1,15,"Group_adjusted","M1","JKI","M. x gig",17,0.41416087890998,5.78148993916397
"Sparse25",1,15,"Group_adjusted","M2","ABR33","M. sacchariflorus",46,-0.0583419992571765,7.75486034175901
"Sparse25",1,15,"Group_adjusted","M2","ABR33","M. sinensis",38,0.316839721307019,10.3669517431669
"Sparse25",1,15,"Group_adjusted","M2","ABR33","M. x gig",16,0.478302249851374,6.28656592785767
"Sparse25",1,15,"Group_adjusted","M2","JKI","M. sacchariflorus",47,0.0717550584338414,3.67114567935273
"Sparse25",1,15,"Group_adjusted","M2","JKI","M. sinensis",35,0.235717590613336,7.22325797955533
"Sparse25",1,15,"Group_adjusted","M2","JKI","M. x gig",17,0.485538979514631,5.44177250939255
"Sparse25",1,15,"Group_adjusted","M3","ABR33","M. sacchariflorus",46,-0.0721933567046592,7.83543611430416
"Sparse25",1,15,"Group_adjusted","M3","ABR33","M. sinensis",38,0.367302650927281,10.3625950893189
"Sparse25",1,15,"Group_adjusted","M3","ABR33","M. x gig",16,0.620164468215413,6.03033230566337
"Sparse25",1,15,"Group_adjusted","M3","JKI","M. sacchariflorus",47,0.103694915378505,3.65073271826167
"Sparse25",1,15,"Group_adjusted","M3","JKI","M. sinensis",35,0.232069720488607,7.22512834187659
"Sparse25",1,15,"Group_adjusted","M3","JKI","M. x gig",17,0.49690407860445,5.66282340510338
"Sparse25",1,15,"Raw","M1","ABR33","M. sacchariflorus",46,-0.00107808353123333,7.67321224100722
"Sparse25",1,15,"Raw","M1","ABR33","M. sinensis",38,0.127350474157535,11.4073414809383
"Sparse25",1,15,"Raw","M1","ABR33","M. x gig",16,0.354484149563915,5.74521514745927
"Sparse25",1,15,"Raw","M1","JKI","M. sacchariflorus",47,0.187423770848915,4.92748368663917
"Sparse25",1,15,"Raw","M1","JKI","M. sinensis",35,0.249600567307629,7.29009627871769
"Sparse25",1,15,"Raw","M1","JKI","M. x gig",17,0.417699850289871,4.16997930088257
"Sparse25",1,15,"Raw","M2","ABR33","M. sacchariflorus",46,0.058890278925627,6.87936777912572
"Sparse25",1,15,"Raw","M2","ABR33","M. sinensis",38,0.164461636696324,10.3061087576104
"Sparse25",1,15,"Raw","M2","ABR33","M. x gig",16,0.289240719510747,5.80235771509557
"Sparse25",1,15,"Raw","M2","JKI","M. sacchariflorus",47,0.0344125321841379,3.78146730932906
"Sparse25",1,15,"Raw","M2","JKI","M. sinensis",35,0.174454399337001,7.3071861401403
"Sparse25",1,15,"Raw","M2","JKI","M. x gig",17,0.444668780699875,4.26530689866616
"Sparse25",1,15,"Raw","M3","ABR33","M. sacchariflorus",46,0.101284876046619,7.02524405116235
"Sparse25",1,15,"Raw","M3","ABR33","M. sinensis",38,0.110967975426029,10.3461354799992
"Sparse25",1,15,"Raw","M3","ABR33","M. x gig",16,0.211366119786578,5.91095245311258
"Sparse25",1,15,"Raw","M3","JKI","M. sacchariflorus",47,0.081787489108283,3.66799847155695
"Sparse25",1,15,"Raw","M3","JKI","M. sinensis",35,0.148329842668937,7.20445056613727
"Sparse25",1,15,"Raw","M3","JKI","M. x gig",17,0.479714331369066,4.22637183266299
"Sparse25",1,20,"Group_adjusted","M1","ABR33","M. sacchariflorus",44,0.0633990049157659,6.49523068146034
"Sparse25",1,20,"Group_adjusted","M1","ABR33","M. sinensis",37,0.000771315076873812,11.0306085590609
"Sparse25",1,20,"Group_adjusted","M1","ABR33","M. x gig",19,NA,7.71215040162265
"Sparse25",1,20,"Group_adjusted","M1","JKI","M. sacchariflorus",42,0.174292509018613,3.96827530735596
"Sparse25",1,20,"Group_adjusted","M1","JKI","M. sinensis",37,0.0967293421363721,6.90828719744822
"Sparse25",1,20,"Group_adjusted","M1","JKI","M. x gig",20,0.356720905682937,5.47702617276372
"Sparse25",1,20,"Group_adjusted","M2","ABR33","M. sacchariflorus",44,0.0529019580631668,6.4157719312422
"Sparse25",1,20,"Group_adjusted","M2","ABR33","M. sinensis",37,0.142255201521855,10.9527418217747
"Sparse25",1,20,"Group_adjusted","M2","ABR33","M. x gig",19,0.512989575121713,7.35957564796342
"Sparse25",1,20,"Group_adjusted","M2","JKI","M. sacchariflorus",42,0.239629201930185,3.798993247747
"Sparse25",1,20,"Group_adjusted","M2","JKI","M. sinensis",37,0.153182683929427,6.84783225344255
"Sparse25",1,20,"Group_adjusted","M2","JKI","M. x gig",20,0.390951616458791,5.20220525127021
"Sparse25",1,20,"Group_adjusted","M3","ABR33","M. sacchariflorus",44,0.0984964899728118,6.39790764920936
"Sparse25",1,20,"Group_adjusted","M3","ABR33","M. sinensis",37,0.243491261057629,10.906820048595
"Sparse25",1,20,"Group_adjusted","M3","ABR33","M. x gig",19,0.450006784191537,7.31305399869866
"Sparse25",1,20,"Group_adjusted","M3","JKI","M. sacchariflorus",42,0.262614470985509,3.7071419279311
"Sparse25",1,20,"Group_adjusted","M3","JKI","M. sinensis",37,0.166719508200526,6.80341592866304
"Sparse25",1,20,"Group_adjusted","M3","JKI","M. x gig",20,0.41808448722253,5.29572145590471
"Sparse25",1,20,"Raw","M1","ABR33","M. sacchariflorus",44,0.0979981064600371,7.42948389300134
"Sparse25",1,20,"Raw","M1","ABR33","M. sinensis",37,0.000771315076873805,11.85223082412
"Sparse25",1,20,"Raw","M1","ABR33","M. x gig",19,NA,6.63896658560834
"Sparse25",1,20,"Raw","M1","JKI","M. sacchariflorus",42,0.139811301120561,5.51886137188207
"Sparse25",1,20,"Raw","M1","JKI","M. sinensis",37,0.0840664894902594,7.39336825545173
"Sparse25",1,20,"Raw","M1","JKI","M. x gig",20,0.356720905682937,4.91432839043633
"Sparse25",1,20,"Raw","M2","ABR33","M. sacchariflorus",44,0.188512994014283,6.56962221715782
"Sparse25",1,20,"Raw","M2","ABR33","M. sinensis",37,0.0788704599815845,11.1366149869452
"Sparse25",1,20,"Raw","M2","ABR33","M. x gig",19,0.389677676023998,6.51330611646069
"Sparse25",1,20,"Raw","M2","JKI","M. sacchariflorus",42,0.221977694781999,4.52387790675684
"Sparse25",1,20,"Raw","M2","JKI","M. sinensis",37,0.115731474243204,6.93017086643234
"Sparse25",1,20,"Raw","M2","JKI","M. x gig",20,0.264666519674924,4.94702045688337
"Sparse25",1,20,"Raw","M3","ABR33","M. sacchariflorus",44,0.214629730811781,6.53423889313402
"Sparse25",1,20,"Raw","M3","ABR33","M. sinensis",37,0.180539639035513,11.1258122976469
"Sparse25",1,20,"Raw","M3","ABR33","M. x gig",19,0.382177790123558,6.49460899720394
"Sparse25",1,20,"Raw","M3","JKI","M. sacchariflorus",42,0.239037528374959,4.35108266224601
"Sparse25",1,20,"Raw","M3","JKI","M. sinensis",37,0.117533692160594,6.85100524437229
"Sparse25",1,20,"Raw","M3","JKI","M. x gig",20,0.276887668379341,4.94714073722535
"Sparse25",1,25,"Group_adjusted","M1","ABR33","M. sacchariflorus",45,NA,6.79572781968761
"Sparse25",1,25,"Group_adjusted","M1","ABR33","M. sinensis",36,NA,10.0294718783676
"Sparse25",1,25,"Group_adjusted","M1","ABR33","M. x gig",19,NA,7.19158510365648
"Sparse25",1,25,"Group_adjusted","M1","JKI","M. sacchariflorus",45,NA,3.89069151802289
"Sparse25",1,25,"Group_adjusted","M1","JKI","M. sinensis",35,NA,6.85463636244438
"Sparse25",1,25,"Group_adjusted","M1","JKI","M. x gig",19,NA,6.10677750603884
"Sparse25",1,25,"Group_adjusted","M2","ABR33","M. sacchariflorus",45,-0.0417736542256832,6.98968695911208
"Sparse25",1,25,"Group_adjusted","M2","ABR33","M. sinensis",36,0.414933459040911,9.91364881257981
"Sparse25",1,25,"Group_adjusted","M2","ABR33","M. x gig",19,0.180561000696694,7.13513822251557
"Sparse25",1,25,"Group_adjusted","M2","JKI","M. sacchariflorus",45,-0.428845613983379,4.05127759074863
"Sparse25",1,25,"Group_adjusted","M2","JKI","M. sinensis",35,0.338637102671646,6.78053800769496
"Sparse25",1,25,"Group_adjusted","M2","JKI","M. x gig",19,0.343731240757216,6.0605692428962
"Sparse25",1,25,"Group_adjusted","M3","ABR33","M. sacchariflorus",45,-0.134837448206435,7.06005063932722
"Sparse25",1,25,"Group_adjusted","M3","ABR33","M. sinensis",36,0.462717896951845,9.81980814024519
"Sparse25",1,25,"Group_adjusted","M3","ABR33","M. x gig",19,0.311115091692607,7.05775736516314
"Sparse25",1,25,"Group_adjusted","M3","JKI","M. sacchariflorus",45,0.0193717495564653,4.01240216722563
"Sparse25",1,25,"Group_adjusted","M3","JKI","M. sinensis",35,0.367226900543746,6.77910877196292
"Sparse25",1,25,"Group_adjusted","M3","JKI","M. x gig",19,0.355319028009181,6.138086996846
"Sparse25",1,25,"Raw","M1","ABR33","M. sacchariflorus",45,NA,8.17068436254358
"Sparse25",1,25,"Raw","M1","ABR33","M. sinensis",36,NA,11.0074401936949
"Sparse25",1,25,"Raw","M1","ABR33","M. x gig",19,NA,7.13365126714842
"Sparse25",1,25,"Raw","M1","JKI","M. sacchariflorus",45,NA,5.13821014622254
"Sparse25",1,25,"Raw","M1","JKI","M. sinensis",35,NA,7.53234093773431
"Sparse25",1,25,"Raw","M1","JKI","M. x gig",19,NA,4.92043969490275
"Sparse25",1,25,"Raw","M2","ABR33","M. sacchariflorus",45,0.0613875600660081,7.24445570867553
"Sparse25",1,25,"Raw","M2","ABR33","M. sinensis",36,0.396332577837933,10.2400880003696
"Sparse25",1,25,"Raw","M2","ABR33","M. x gig",19,0.297473438240776,7.04095462296039
"Sparse25",1,25,"Raw","M2","JKI","M. sacchariflorus",45,-0.378997210171088,4.30782897698773
"Sparse25",1,25,"Raw","M2","JKI","M. sinensis",35,0.344076186948103,6.88320827261379
"Sparse25",1,25,"Raw","M2","JKI","M. x gig",19,0.316167042113983,4.92185533317037
"Sparse25",1,25,"Raw","M3","ABR33","M. sacchariflorus",45,-0.0439075698484985,7.13684915291855
"Sparse25",1,25,"Raw","M3","ABR33","M. sinensis",36,0.451252123737625,10.0890816157341
"Sparse25",1,25,"Raw","M3","ABR33","M. x gig",19,0.41078855779965,6.96026876339586
"Sparse25",1,25,"Raw","M3","JKI","M. sacchariflorus",45,-0.0990996124444816,4.31672144930753
"Sparse25",1,25,"Raw","M3","JKI","M. sinensis",35,0.338189920601012,6.8853916394756
"Sparse25",1,25,"Raw","M3","JKI","M. x gig",19,0.370578023683626,4.93812881954908
"Sparse25",2,0,"Group_adjusted","M1","ABR33","M. sacchariflorus",45,0.468730880034329,5.85371261189629
"Sparse25",2,0,"Group_adjusted","M1","ABR33","M. sinensis",37,0.23744067028552,10.1414364180372
"Sparse25",2,0,"Group_adjusted","M1","ABR33","M. x gig",18,0.259848042883218,7.30904671769377
"Sparse25",2,0,"Group_adjusted","M1","JKI","M. sacchariflorus",44,0.280534144421741,3.59837226228889
"Sparse25",2,0,"Group_adjusted","M1","JKI","M. sinensis",37,0.370122121676262,6.73806410687423
"Sparse25",2,0,"Group_adjusted","M1","JKI","M. x gig",18,0.194573963140394,5.14199984653503
"Sparse25",2,0,"Group_adjusted","M2","ABR33","M. sacchariflorus",45,0.467979014890083,5.79864952100447
"Sparse25",2,0,"Group_adjusted","M2","ABR33","M. sinensis",37,0.282612950288259,10.1135775619576
"Sparse25",2,0,"Group_adjusted","M2","ABR33","M. x gig",18,0.354284971405906,7.17129180691457
"Sparse25",2,0,"Group_adjusted","M2","JKI","M. sacchariflorus",44,0.279900361238576,3.57646486586115
"Sparse25",2,0,"Group_adjusted","M2","JKI","M. sinensis",37,0.392790973934166,6.5802524941957
"Sparse25",2,0,"Group_adjusted","M2","JKI","M. x gig",18,0.171531521376804,5.05233421986439
"Sparse25",2,0,"Group_adjusted","M3","ABR33","M. sacchariflorus",45,0.475170974528535,5.829978009069
"Sparse25",2,0,"Group_adjusted","M3","ABR33","M. sinensis",37,0.319705601961193,10.1607667345171
"Sparse25",2,0,"Group_adjusted","M3","ABR33","M. x gig",18,0.348684188332085,7.19279290289212
"Sparse25",2,0,"Group_adjusted","M3","JKI","M. sacchariflorus",44,0.33301966952235,3.55488295309039
"Sparse25",2,0,"Group_adjusted","M3","JKI","M. sinensis",37,0.392735158262622,6.60159883873068
"Sparse25",2,0,"Group_adjusted","M3","JKI","M. x gig",18,0.272621872859009,5.02231077871071
"Sparse25",2,0,"Raw","M1","ABR33","M. sacchariflorus",45,0.400020716463654,7.59059239218342
"Sparse25",2,0,"Raw","M1","ABR33","M. sinensis",37,0.22529476833925,10.5339348281931
"Sparse25",2,0,"Raw","M1","ABR33","M. x gig",18,0.265141891060102,7.30873983353781
"Sparse25",2,0,"Raw","M1","JKI","M. sacchariflorus",44,0.308578340417768,5.56058716305843
"Sparse25",2,0,"Raw","M1","JKI","M. sinensis",37,0.413687319121119,6.80164018343177
"Sparse25",2,0,"Raw","M1","JKI","M. x gig",18,0.194665690506204,4.84919028760765
"Sparse25",2,0,"Raw","M2","ABR33","M. sacchariflorus",45,0.561642980675259,6.05660857715791
"Sparse25",2,0,"Raw","M2","ABR33","M. sinensis",37,0.216170567982349,9.74956071115254
"Sparse25",2,0,"Raw","M2","ABR33","M. x gig",18,0.239620313983629,7.26653230564899
"Sparse25",2,0,"Raw","M2","JKI","M. sacchariflorus",44,0.286448687699145,3.73961009772058
"Sparse25",2,0,"Raw","M2","JKI","M. sinensis",37,0.405261866698778,6.79416963989155
"Sparse25",2,0,"Raw","M2","JKI","M. x gig",18,0.018730609821281,4.97724106017838
"Sparse25",2,0,"Raw","M3","ABR33","M. sacchariflorus",45,0.565218371059519,5.80320541877543
"Sparse25",2,0,"Raw","M3","ABR33","M. sinensis",37,0.232697697784702,9.77305209356905
"Sparse25",2,0,"Raw","M3","ABR33","M. x gig",18,0.211364176260727,7.3094419831874
"Sparse25",2,0,"Raw","M3","JKI","M. sacchariflorus",44,0.318321260497256,4.05771651883174
"Sparse25",2,0,"Raw","M3","JKI","M. sinensis",37,0.397312373420794,6.67403518566
"Sparse25",2,0,"Raw","M3","JKI","M. x gig",18,0.128522127993274,4.88218941129345
"Sparse25",2,5,"Group_adjusted","M1","ABR33","M. sacchariflorus",46,0.627727029888788,6.64485150721452
"Sparse25",2,5,"Group_adjusted","M1","ABR33","M. sinensis",36,0.195461511159105,11.0263485109143
"Sparse25",2,5,"Group_adjusted","M1","ABR33","M. x gig",18,-0.0879174269159661,7.44881754078273
"Sparse25",2,5,"Group_adjusted","M1","JKI","M. sacchariflorus",40,0.292502644994386,3.80871258219336
"Sparse25",2,5,"Group_adjusted","M1","JKI","M. sinensis",40,0.358671299451094,7.04539525633663
"Sparse25",2,5,"Group_adjusted","M1","JKI","M. x gig",19,0.13019384006996,5.58366634060683
"Sparse25",2,5,"Group_adjusted","M2","ABR33","M. sacchariflorus",46,0.578279750857225,6.61781400731454
"Sparse25",2,5,"Group_adjusted","M2","ABR33","M. sinensis",36,0.290707088291581,10.5911086236583
"Sparse25",2,5,"Group_adjusted","M2","ABR33","M. x gig",18,0.0860132608724764,7.41000037502311
"Sparse25",2,5,"Group_adjusted","M2","JKI","M. sacchariflorus",40,0.279942774413279,3.81495094132424
"Sparse25",2,5,"Group_adjusted","M2","JKI","M. sinensis",40,0.389065610033124,6.61995905132002
"Sparse25",2,5,"Group_adjusted","M2","JKI","M. x gig",19,0.295300472147043,5.54071472812831
"Sparse25",2,5,"Group_adjusted","M3","ABR33","M. sacchariflorus",46,0.519379156166247,6.70884485831619
"Sparse25",2,5,"Group_adjusted","M3","ABR33","M. sinensis",36,0.320055889878872,10.5108196282659
"Sparse25",2,5,"Group_adjusted","M3","ABR33","M. x gig",18,0.198737221134806,7.34775645590565
"Sparse25",2,5,"Group_adjusted","M3","JKI","M. sacchariflorus",40,0.347239810403137,3.75098580736001
"Sparse25",2,5,"Group_adjusted","M3","JKI","M. sinensis",40,0.390948184546871,6.61548771962662
"Sparse25",2,5,"Group_adjusted","M3","JKI","M. x gig",19,0.359492585525231,5.59288570214631
"Sparse25",2,5,"Raw","M1","ABR33","M. sacchariflorus",46,0.291466666823667,9.09779238551624
"Sparse25",2,5,"Raw","M1","ABR33","M. sinensis",36,0.233200410502465,9.53207894446369
"Sparse25",2,5,"Raw","M1","ABR33","M. x gig",18,0.00495575120792637,7.44178343999002
"Sparse25",2,5,"Raw","M1","JKI","M. sacchariflorus",40,0.290853314025236,4.36763681029361
"Sparse25",2,5,"Raw","M1","JKI","M. sinensis",40,0.369821436301395,6.60203548252123
"Sparse25",2,5,"Raw","M1","JKI","M. x gig",19,0.145472033741518,5.25462090917368
"Sparse25",2,5,"Raw","M2","ABR33","M. sacchariflorus",46,0.533016847127719,6.7917461091225
"Sparse25",2,5,"Raw","M2","ABR33","M. sinensis",36,0.272236583775943,9.61071548755916
"Sparse25",2,5,"Raw","M2","ABR33","M. x gig",18,0.282986510428087,7.18267109569783
"Sparse25",2,5,"Raw","M2","JKI","M. sacchariflorus",40,0.207919484836295,3.87568990171697
"Sparse25",2,5,"Raw","M2","JKI","M. sinensis",40,0.397279593253052,6.5272079192638
"Sparse25",2,5,"Raw","M2","JKI","M. x gig",19,0.287150598833662,4.93726001583357
"Sparse25",2,5,"Raw","M3","ABR33","M. sacchariflorus",46,0.46483611679634,6.69489936686807
"Sparse25",2,5,"Raw","M3","ABR33","M. sinensis",36,0.295335586073895,9.69282919513732
"Sparse25",2,5,"Raw","M3","ABR33","M. x gig",18,0.38244822932069,7.04110789251082
"Sparse25",2,5,"Raw","M3","JKI","M. sacchariflorus",40,0.27015332794111,3.74756217261468
"Sparse25",2,5,"Raw","M3","JKI","M. sinensis",40,0.39040078204419,6.38697163936297
"Sparse25",2,5,"Raw","M3","JKI","M. x gig",19,0.319124044677636,4.95674397874533
"Sparse25",2,10,"Group_adjusted","M1","ABR33","M. sacchariflorus",46,0.65665160488143,6.46572563688737
"Sparse25",2,10,"Group_adjusted","M1","ABR33","M. sinensis",37,0.216032171005431,10.0704517713518
"Sparse25",2,10,"Group_adjusted","M1","ABR33","M. x gig",17,0.319429427369558,6.76950750665765
"Sparse25",2,10,"Group_adjusted","M1","JKI","M. sacchariflorus",41,0.131893985583276,3.22954650365628
"Sparse25",2,10,"Group_adjusted","M1","JKI","M. sinensis",41,0.392650060834924,6.73909967946334
"Sparse25",2,10,"Group_adjusted","M1","JKI","M. x gig",17,0.321404893364041,4.85413946075361
"Sparse25",2,10,"Group_adjusted","M2","ABR33","M. sacchariflorus",46,0.646548814229735,6.32455048583297
"Sparse25",2,10,"Group_adjusted","M2","ABR33","M. sinensis",37,0.348106547366941,9.82180461679033
"Sparse25",2,10,"Group_adjusted","M2","ABR33","M. x gig",17,0.511631713177081,6.57102891352908
"Sparse25",2,10,"Group_adjusted","M2","JKI","M. sacchariflorus",41,0.177801007509421,3.18529352128732
"Sparse25",2,10,"Group_adjusted","M2","JKI","M. sinensis",41,0.432765865318443,6.52208118744091
"Sparse25",2,10,"Group_adjusted","M2","JKI","M. x gig",17,0.58762733242247,4.60135518639951
"Sparse25",2,10,"Group_adjusted","M3","ABR33","M. sacchariflorus",46,0.655878889455189,6.40019379424347
"Sparse25",2,10,"Group_adjusted","M3","ABR33","M. sinensis",37,0.4153920604182,9.72609666721914
"Sparse25",2,10,"Group_adjusted","M3","ABR33","M. x gig",17,0.444206088848511,6.56098661210832
"Sparse25",2,10,"Group_adjusted","M3","JKI","M. sacchariflorus",41,0.321567965641059,3.0980433036413
"Sparse25",2,10,"Group_adjusted","M3","JKI","M. sinensis",41,0.44707814346526,6.68632286908428
"Sparse25",2,10,"Group_adjusted","M3","JKI","M. x gig",17,0.53257469812926,4.63462747138588
"Sparse25",2,10,"Raw","M1","ABR33","M. sacchariflorus",46,0.405765234662068,7.9390364774758
"Sparse25",2,10,"Raw","M1","ABR33","M. sinensis",37,0.177980830556752,10.6079737875245
"Sparse25",2,10,"Raw","M1","ABR33","M. x gig",17,0.289250144504712,6.40993876646028
"Sparse25",2,10,"Raw","M1","JKI","M. sacchariflorus",41,0.115773442298867,4.28824733827163
"Sparse25",2,10,"Raw","M1","JKI","M. sinensis",41,0.282681578367628,6.92819917518625
"Sparse25",2,10,"Raw","M1","JKI","M. x gig",17,0.309608447709304,4.93119072815068
"Sparse25",2,10,"Raw","M2","ABR33","M. sacchariflorus",46,0.631968845856002,6.30757208585651
"Sparse25",2,10,"Raw","M2","ABR33","M. sinensis",37,0.247021419430349,9.62598052641721
"Sparse25",2,10,"Raw","M2","ABR33","M. x gig",17,0.655041766827355,5.96088878399676
"Sparse25",2,10,"Raw","M2","JKI","M. sacchariflorus",41,0.101612748256938,3.26676511383296
"Sparse25",2,10,"Raw","M2","JKI","M. sinensis",41,0.361387619695986,6.74540645867617
"Sparse25",2,10,"Raw","M2","JKI","M. x gig",17,0.46723076962762,4.61348551932143
"Sparse25",2,10,"Raw","M3","ABR33","M. sacchariflorus",46,0.623367029951838,6.34919483753574
"Sparse25",2,10,"Raw","M3","ABR33","M. sinensis",37,0.302893353006216,9.55289020695347
"Sparse25",2,10,"Raw","M3","ABR33","M. x gig",17,0.623000904093097,5.97579702088559
"Sparse25",2,10,"Raw","M3","JKI","M. sacchariflorus",41,0.226561864879054,3.16126906640466
"Sparse25",2,10,"Raw","M3","JKI","M. sinensis",41,0.375383087133281,6.72819879522199
"Sparse25",2,10,"Raw","M3","JKI","M. x gig",17,0.40090453453479,4.68719446631631
"Sparse25",2,15,"Group_adjusted","M1","ABR33","M. sacchariflorus",41,0.305475858939395,6.87644743252226
"Sparse25",2,15,"Group_adjusted","M1","ABR33","M. sinensis",41,0.16962647078359,10.2073677047743
"Sparse25",2,15,"Group_adjusted","M1","ABR33","M. x gig",18,0.218229556174911,7.68687483436849
"Sparse25",2,15,"Group_adjusted","M1","JKI","M. sacchariflorus",45,0.0012314083364159,3.75921578253734
"Sparse25",2,15,"Group_adjusted","M1","JKI","M. sinensis",36,0.0668751477275488,7.72972535761073
"Sparse25",2,15,"Group_adjusted","M1","JKI","M. x gig",18,0.395126510705631,4.94877084504947
"Sparse25",2,15,"Group_adjusted","M2","ABR33","M. sacchariflorus",41,0.294640679226879,6.87465082376025
"Sparse25",2,15,"Group_adjusted","M2","ABR33","M. sinensis",41,0.320342247611967,9.99627240997377
"Sparse25",2,15,"Group_adjusted","M2","ABR33","M. x gig",18,0.391879004545127,7.66909903241703
"Sparse25",2,15,"Group_adjusted","M2","JKI","M. sacchariflorus",45,-0.0165514379304786,3.82964688041056
"Sparse25",2,15,"Group_adjusted","M2","JKI","M. sinensis",36,0.194422481604881,7.58251348443295
"Sparse25",2,15,"Group_adjusted","M2","JKI","M. x gig",18,0.653332096921536,4.74932520334687
"Sparse25",2,15,"Group_adjusted","M3","ABR33","M. sacchariflorus",41,0.284074361677788,6.92810292188485
"Sparse25",2,15,"Group_adjusted","M3","ABR33","M. sinensis",41,0.367930927483898,9.9731474735769
"Sparse25",2,15,"Group_adjusted","M3","ABR33","M. x gig",18,0.456861706773569,7.73670646433506
"Sparse25",2,15,"Group_adjusted","M3","JKI","M. sacchariflorus",45,0.0450340717150382,3.74280433072529
"Sparse25",2,15,"Group_adjusted","M3","JKI","M. sinensis",36,0.159590628454165,7.6095177950771
"Sparse25",2,15,"Group_adjusted","M3","JKI","M. x gig",18,0.670679419693242,4.66751284038442
"Sparse25",2,15,"Raw","M1","ABR33","M. sacchariflorus",41,0.209309414765954,7.06527921145052
"Sparse25",2,15,"Raw","M1","ABR33","M. sinensis",41,0.240513005321134,11.8105071107338
"Sparse25",2,15,"Raw","M1","ABR33","M. x gig",18,0.218229556174911,7.59105798334451
"Sparse25",2,15,"Raw","M1","JKI","M. sacchariflorus",45,0.0222442137733805,5.76534245839488
"Sparse25",2,15,"Raw","M1","JKI","M. sinensis",36,0.030496761436917,7.45311291459009
"Sparse25",2,15,"Raw","M1","JKI","M. x gig",18,0.395126510705631,4.78155973829738
"Sparse25",2,15,"Raw","M2","ABR33","M. sacchariflorus",41,0.372182581899024,6.66404028900522
"Sparse25",2,15,"Raw","M2","ABR33","M. sinensis",41,0.249508615703311,10.1205293036316
"Sparse25",2,15,"Raw","M2","ABR33","M. x gig",18,0.354397847247012,7.28991788394793
"Sparse25",2,15,"Raw","M2","JKI","M. sacchariflorus",45,-0.0595290857385474,4.08455532199201
"Sparse25",2,15,"Raw","M2","JKI","M. sinensis",36,0.133060699151685,7.74126552394853
"Sparse25",2,15,"Raw","M2","JKI","M. x gig",18,0.435848420298179,4.65303723250642
"Sparse25",2,15,"Raw","M3","ABR33","M. sacchariflorus",41,0.361177695610144,6.7712662851065
"Sparse25",2,15,"Raw","M3","ABR33","M. sinensis",41,0.252733111922237,9.99661580032371
"Sparse25",2,15,"Raw","M3","ABR33","M. x gig",18,0.36617995816703,7.34228977912346
"Sparse25",2,15,"Raw","M3","JKI","M. sacchariflorus",45,-0.0175402351979011,4.02621371041965
"Sparse25",2,15,"Raw","M3","JKI","M. sinensis",36,0.0974584968034275,7.69019226755947
"Sparse25",2,15,"Raw","M3","JKI","M. x gig",18,0.439132384120093,4.63947643761702
"Sparse25",2,20,"Group_adjusted","M1","ABR33","M. sacchariflorus",45,-0.0464626017868036,7.27866888444584
"Sparse25",2,20,"Group_adjusted","M1","ABR33","M. sinensis",36,0.388290818798953,10.2710348302707
"Sparse25",2,20,"Group_adjusted","M1","ABR33","M. x gig",19,-0.15027367900366,7.99067721595774
"Sparse25",2,20,"Group_adjusted","M1","JKI","M. sacchariflorus",47,-0.241092610192116,3.85630581932836
"Sparse25",2,20,"Group_adjusted","M1","JKI","M. sinensis",34,0.237446986854608,6.72178898107195
"Sparse25",2,20,"Group_adjusted","M1","JKI","M. x gig",18,NA,5.38127625199181
"Sparse25",2,20,"Group_adjusted","M2","ABR33","M. sacchariflorus",45,0.0569277548432205,7.29151309414386
"Sparse25",2,20,"Group_adjusted","M2","ABR33","M. sinensis",36,0.46066771201508,10.0920813619886
"Sparse25",2,20,"Group_adjusted","M2","ABR33","M. x gig",19,-0.0163653596866086,8.04581657704908
"Sparse25",2,20,"Group_adjusted","M2","JKI","M. sacchariflorus",47,-0.165707969271591,3.84625088587431
"Sparse25",2,20,"Group_adjusted","M2","JKI","M. sinensis",34,0.314586551521801,6.60743663464468
"Sparse25",2,20,"Group_adjusted","M2","JKI","M. x gig",18,-0.0202280982795339,5.42293213920836
"Sparse25",2,20,"Group_adjusted","M3","ABR33","M. sacchariflorus",45,0.0778136092009778,7.34533009342954
"Sparse25",2,20,"Group_adjusted","M3","ABR33","M. sinensis",36,0.459273084406442,10.2083031816562
"Sparse25",2,20,"Group_adjusted","M3","ABR33","M. x gig",19,0.0847762663964254,8.0923774056588
"Sparse25",2,20,"Group_adjusted","M3","JKI","M. sacchariflorus",47,0.047543245807904,3.72937982271215
"Sparse25",2,20,"Group_adjusted","M3","JKI","M. sinensis",34,0.312921055300897,6.63902593204647
"Sparse25",2,20,"Group_adjusted","M3","JKI","M. x gig",18,-0.132083919482838,5.43555006201962
"Sparse25",2,20,"Raw","M1","ABR33","M. sacchariflorus",45,0.0464626017868035,7.79723574205783
"Sparse25",2,20,"Raw","M1","ABR33","M. sinensis",36,0.372934853490749,11.7202316149488
"Sparse25",2,20,"Raw","M1","ABR33","M. x gig",19,-0.15027367900366,7.46173813960975
"Sparse25",2,20,"Raw","M1","JKI","M. sacchariflorus",47,-0.0965836454373775,5.05654543928698
"Sparse25",2,20,"Raw","M1","JKI","M. sinensis",34,0.238090045499695,7.23037069311797
"Sparse25",2,20,"Raw","M1","JKI","M. x gig",18,NA,5.38028306488285
"Sparse25",2,20,"Raw","M2","ABR33","M. sacchariflorus",45,0.25193526631074,7.05398752729491
"Sparse25",2,20,"Raw","M2","ABR33","M. sinensis",36,0.474662839444508,10.4821126404057
"Sparse25",2,20,"Raw","M2","ABR33","M. x gig",19,-0.148618455003378,7.6647825705397
"Sparse25",2,20,"Raw","M2","JKI","M. sacchariflorus",47,-0.164562784477725,3.87854673359934
"Sparse25",2,20,"Raw","M2","JKI","M. sinensis",34,0.337618541911016,6.5347787815322
"Sparse25",2,20,"Raw","M2","JKI","M. x gig",18,-0.303334033778333,5.69719968202161
"Sparse25",2,20,"Raw","M3","ABR33","M. sacchariflorus",45,0.275125618248613,7.11868758976825
"Sparse25",2,20,"Raw","M3","ABR33","M. sinensis",36,0.448867517562034,10.4401638779814
"Sparse25",2,20,"Raw","M3","ABR33","M. x gig",19,-0.0298497703622087,7.72029083747031
"Sparse25",2,20,"Raw","M3","JKI","M. sacchariflorus",47,-0.0613166493482181,3.90008291622064
"Sparse25",2,20,"Raw","M3","JKI","M. sinensis",34,0.331110672478029,6.59281909133398
"Sparse25",2,20,"Raw","M3","JKI","M. x gig",18,-0.38336396454832,5.6241016043404
"Sparse25",2,25,"Group_adjusted","M1","ABR33","M. sacchariflorus",42,NA,7.50785171981816
"Sparse25",2,25,"Group_adjusted","M1","ABR33","M. sinensis",39,NA,10.3457056657471
"Sparse25",2,25,"Group_adjusted","M1","ABR33","M. x gig",19,NA,8.5989344285009
"Sparse25",2,25,"Group_adjusted","M1","JKI","M. sacchariflorus",42,NA,3.50314543985153
"Sparse25",2,25,"Group_adjusted","M1","JKI","M. sinensis",38,NA,7.17606904971125
"Sparse25",2,25,"Group_adjusted","M1","JKI","M. x gig",19,NA,5.20361860627695
"Sparse25",2,25,"Group_adjusted","M2","ABR33","M. sacchariflorus",42,-0.00107080724883462,7.45734413844911
"Sparse25",2,25,"Group_adjusted","M2","ABR33","M. sinensis",39,0.374211601006389,10.2482418355045
"Sparse25",2,25,"Group_adjusted","M2","ABR33","M. x gig",19,0.181414710925793,8.60032962802641
"Sparse25",2,25,"Group_adjusted","M2","JKI","M. sacchariflorus",42,0.359497821882583,3.43370441974527
"Sparse25",2,25,"Group_adjusted","M2","JKI","M. sinensis",38,0.244645507485574,7.16058978478348
"Sparse25",2,25,"Group_adjusted","M2","JKI","M. x gig",19,0.489373651485676,5.02566212118648
"Sparse25",2,25,"Group_adjusted","M3","ABR33","M. sacchariflorus",42,0.0756713354898183,7.51640383104685
"Sparse25",2,25,"Group_adjusted","M3","ABR33","M. sinensis",39,0.339628646462355,10.1734457698666
"Sparse25",2,25,"Group_adjusted","M3","ABR33","M. x gig",19,0.234161728368757,8.54430438408349
"Sparse25",2,25,"Group_adjusted","M3","JKI","M. sacchariflorus",42,0.476095820911243,3.31982230127562
"Sparse25",2,25,"Group_adjusted","M3","JKI","M. sinensis",38,0.340754887967466,7.12548919797737
"Sparse25",2,25,"Group_adjusted","M3","JKI","M. x gig",19,0.275216820801031,5.08066043465106
"Sparse25",2,25,"Raw","M1","ABR33","M. sacchariflorus",42,NA,7.05674291860272
"Sparse25",2,25,"Raw","M1","ABR33","M. sinensis",39,NA,13.3741018554039
"Sparse25",2,25,"Raw","M1","ABR33","M. x gig",19,NA,8.4960983101894
"Sparse25",2,25,"Raw","M1","JKI","M. sacchariflorus",42,NA,3.97863069520099
"Sparse25",2,25,"Raw","M1","JKI","M. sinensis",38,NA,8.28282665553488
"Sparse25",2,25,"Raw","M1","JKI","M. x gig",19,NA,5.43440725802341
"Sparse25",2,25,"Raw","M2","ABR33","M. sacchariflorus",42,0.229081061050781,7.13232582619799
"Sparse25",2,25,"Raw","M2","ABR33","M. sinensis",39,0.196974659973304,11.4215556063486
"Sparse25",2,25,"Raw","M2","ABR33","M. x gig",19,0.00013570242328905,8.26306085788042
"Sparse25",2,25,"Raw","M2","JKI","M. sacchariflorus",42,0.200587852166988,3.40033856691447
"Sparse25",2,25,"Raw","M2","JKI","M. sinensis",38,0.120452160421688,7.05900301087095
"Sparse25",2,25,"Raw","M2","JKI","M. x gig",19,0.315552572007803,5.2676856116353
"Sparse25",2,25,"Raw","M3","ABR33","M. sacchariflorus",42,0.273035238164434,7.31716944665065
"Sparse25",2,25,"Raw","M3","ABR33","M. sinensis",39,0.195043161576561,10.8874714663382
"Sparse25",2,25,"Raw","M3","ABR33","M. x gig",19,0.128166170334204,8.18603994284778
"Sparse25",2,25,"Raw","M3","JKI","M. sacchariflorus",42,0.54015920753661,3.28383241705877
"Sparse25",2,25,"Raw","M3","JKI","M. sinensis",38,0.258131786332997,7.14140462205529
"Sparse25",2,25,"Raw","M3","JKI","M. x gig",19,0.142653629361433,5.33726641307286
"Sparse25",3,0,"Group_adjusted","M1","ABR33","M. sacchariflorus",47,0.115219711127597,7.37253642825699
"Sparse25",3,0,"Group_adjusted","M1","ABR33","M. sinensis",39,0.331026837846443,10.07953179512
"Sparse25",3,0,"Group_adjusted","M1","ABR33","M. x gig",14,0.633492727261979,6.19634652622365
"Sparse25",3,0,"Group_adjusted","M1","JKI","M. sacchariflorus",41,-0.103044965477085,3.72840948671513
"Sparse25",3,0,"Group_adjusted","M1","JKI","M. sinensis",40,0.440531019224366,6.36937140691173
"Sparse25",3,0,"Group_adjusted","M1","JKI","M. x gig",18,0.58382025738161,3.94693166961526
"Sparse25",3,0,"Group_adjusted","M2","ABR33","M. sacchariflorus",47,0.130899072554316,7.32477733981825
"Sparse25",3,0,"Group_adjusted","M2","ABR33","M. sinensis",39,0.442866805523407,9.74680123279581
"Sparse25",3,0,"Group_adjusted","M2","ABR33","M. x gig",14,0.633219501326317,5.76141470508218
"Sparse25",3,0,"Group_adjusted","M2","JKI","M. sacchariflorus",41,0.107128948144414,3.67112800195126
"Sparse25",3,0,"Group_adjusted","M2","JKI","M. sinensis",40,0.496526386127214,6.04656631729846
"Sparse25",3,0,"Group_adjusted","M2","JKI","M. x gig",18,0.659419025966821,3.42336366533902
"Sparse25",3,0,"Group_adjusted","M3","ABR33","M. sacchariflorus",47,0.0801471189998407,7.37231499374461
"Sparse25",3,0,"Group_adjusted","M3","ABR33","M. sinensis",39,0.45402585462916,9.78127681843711
"Sparse25",3,0,"Group_adjusted","M3","ABR33","M. x gig",14,0.627109434646166,5.84796170484873
"Sparse25",3,0,"Group_adjusted","M3","JKI","M. sacchariflorus",41,0.217193054552397,3.61676256429245
"Sparse25",3,0,"Group_adjusted","M3","JKI","M. sinensis",40,0.503140353332281,6.1339099587014
"Sparse25",3,0,"Group_adjusted","M3","JKI","M. x gig",18,0.6757637623834,3.46596502536066
"Sparse25",3,0,"Raw","M1","ABR33","M. sacchariflorus",47,0.240823856382527,7.24389993232352
"Sparse25",3,0,"Raw","M1","ABR33","M. sinensis",39,0.217705361569179,12.0934894672608
"Sparse25",3,0,"Raw","M1","ABR33","M. x gig",14,0.656900622536864,6.56537528943433
"Sparse25",3,0,"Raw","M1","JKI","M. sacchariflorus",41,0.125506890821713,4.44996001790602
"Sparse25",3,0,"Raw","M1","JKI","M. sinensis",40,0.368193377362905,6.97829912184705
"Sparse25",3,0,"Raw","M1","JKI","M. x gig",18,0.556871651151465,4.07506946684969
"Sparse25",3,0,"Raw","M2","ABR33","M. sacchariflorus",47,0.270699930845453,6.86642247380726
"Sparse25",3,0,"Raw","M2","ABR33","M. sinensis",39,0.36853957785683,10.1957690497038
"Sparse25",3,0,"Raw","M2","ABR33","M. x gig",14,0.587769736580868,6.27001762657307
"Sparse25",3,0,"Raw","M2","JKI","M. sacchariflorus",41,0.122833991920962,3.64094448827743
"Sparse25",3,0,"Raw","M2","JKI","M. sinensis",40,0.430094356812846,6.21977663308238
"Sparse25",3,0,"Raw","M2","JKI","M. x gig",18,0.550313676416479,3.74505210693776
"Sparse25",3,0,"Raw","M3","ABR33","M. sacchariflorus",47,0.255291772034473,6.98937898072185
"Sparse25",3,0,"Raw","M3","ABR33","M. sinensis",39,0.336136464333956,10.1934460931603
"Sparse25",3,0,"Raw","M3","ABR33","M. x gig",14,0.556087874105591,6.52408726672214
"Sparse25",3,0,"Raw","M3","JKI","M. sacchariflorus",41,0.168228790869651,3.62105646045659
"Sparse25",3,0,"Raw","M3","JKI","M. sinensis",40,0.429116749236507,6.20879467483114
"Sparse25",3,0,"Raw","M3","JKI","M. x gig",18,0.550907739283814,3.75988721142509
"Sparse25",3,5,"Group_adjusted","M1","ABR33","M. sacchariflorus",41,0.394659202230271,7.35885392251136
"Sparse25",3,5,"Group_adjusted","M1","ABR33","M. sinensis",42,0.316247255211212,12.8496553303153
"Sparse25",3,5,"Group_adjusted","M1","ABR33","M. x gig",17,0.269868830767537,7.69437572805538
"Sparse25",3,5,"Group_adjusted","M1","JKI","M. sacchariflorus",43,0.33413602811136,3.56674242411753
"Sparse25",3,5,"Group_adjusted","M1","JKI","M. sinensis",39,0.11484765261875,7.22883817450138
"Sparse25",3,5,"Group_adjusted","M1","JKI","M. x gig",17,0.346491124591489,5.4891884782479
"Sparse25",3,5,"Group_adjusted","M2","ABR33","M. sacchariflorus",41,0.351830903407604,7.2432613201264
"Sparse25",3,5,"Group_adjusted","M2","ABR33","M. sinensis",42,0.431888989057088,12.5995139693943
"Sparse25",3,5,"Group_adjusted","M2","ABR33","M. x gig",17,0.505422113611736,7.53755355906286
"Sparse25",3,5,"Group_adjusted","M2","JKI","M. sacchariflorus",43,0.450743224422256,3.4601228930829
"Sparse25",3,5,"Group_adjusted","M2","JKI","M. sinensis",39,0.187808848802593,7.13543816680072
"Sparse25",3,5,"Group_adjusted","M2","JKI","M. x gig",17,0.504258671307808,5.09983848530511
"Sparse25",3,5,"Group_adjusted","M3","ABR33","M. sacchariflorus",41,0.327941058801714,7.37479337031195
"Sparse25",3,5,"Group_adjusted","M3","ABR33","M. sinensis",42,0.480394671587402,12.5949499012322
"Sparse25",3,5,"Group_adjusted","M3","ABR33","M. x gig",17,0.546987464576479,7.54851302416558
"Sparse25",3,5,"Group_adjusted","M3","JKI","M. sacchariflorus",43,0.500893144540924,3.45319184863446
"Sparse25",3,5,"Group_adjusted","M3","JKI","M. sinensis",39,0.193992202086822,7.11935362603534
"Sparse25",3,5,"Group_adjusted","M3","JKI","M. x gig",17,0.483526639081101,5.15245924711978
"Sparse25",3,5,"Raw","M1","ABR33","M. sacchariflorus",41,0.106545292341639,6.92100881006016
"Sparse25",3,5,"Raw","M1","ABR33","M. sinensis",42,0.323431705621928,11.5194614219488
"Sparse25",3,5,"Raw","M1","ABR33","M. x gig",17,0.211789032806282,7.95860800881864
"Sparse25",3,5,"Raw","M1","JKI","M. sacchariflorus",43,0.378741332197149,5.26050641557229
"Sparse25",3,5,"Raw","M1","JKI","M. sinensis",39,0.282174239397748,7.20926728374597
"Sparse25",3,5,"Raw","M1","JKI","M. x gig",17,0.364808179124278,4.92624123821378
"Sparse25",3,5,"Raw","M2","ABR33","M. sacchariflorus",41,0.47526317488612,6.53408231246166
"Sparse25",3,5,"Raw","M2","ABR33","M. sinensis",42,0.256092651786703,9.53855093724473
"Sparse25",3,5,"Raw","M2","ABR33","M. x gig",17,0.295249352812427,7.38521167547081
"Sparse25",3,5,"Raw","M2","JKI","M. sacchariflorus",43,0.470341662814513,3.16770343518076
"Sparse25",3,5,"Raw","M2","JKI","M. sinensis",39,0.277458019985168,7.7254383132793
"Sparse25",3,5,"Raw","M2","JKI","M. x gig",17,0.352343185403075,4.88655600374923
"Sparse25",3,5,"Raw","M3","ABR33","M. sacchariflorus",41,0.431829799945513,6.97674587414512
"Sparse25",3,5,"Raw","M3","ABR33","M. sinensis",42,0.286649228993584,9.83239339578059
"Sparse25",3,5,"Raw","M3","ABR33","M. x gig",17,0.283170977748179,7.26052859556362
"Sparse25",3,5,"Raw","M3","JKI","M. sacchariflorus",43,0.535244952244294,3.81732415623096
"Sparse25",3,5,"Raw","M3","JKI","M. sinensis",39,0.265024667397222,7.12724785319597
"Sparse25",3,5,"Raw","M3","JKI","M. x gig",17,0.367577652695457,4.87562418486265
"Sparse25",3,10,"Group_adjusted","M1","ABR33","M. sacchariflorus",43,0.1251485922882,7.04991747033506
"Sparse25",3,10,"Group_adjusted","M1","ABR33","M. sinensis",40,0.40090944017513,10.1634401573803
"Sparse25",3,10,"Group_adjusted","M1","ABR33","M. x gig",17,0.271571912880316,7.10979170697113
"Sparse25",3,10,"Group_adjusted","M1","JKI","M. sacchariflorus",48,0.0854718435339814,3.79772196153143
"Sparse25",3,10,"Group_adjusted","M1","JKI","M. sinensis",35,0.267275759422797,6.57687668333719
"Sparse25",3,10,"Group_adjusted","M1","JKI","M. x gig",16,0.42219594105979,4.51879598475155
"Sparse25",3,10,"Group_adjusted","M2","ABR33","M. sacchariflorus",43,0.151131033813063,7.07009202745793
"Sparse25",3,10,"Group_adjusted","M2","ABR33","M. sinensis",40,0.48847580699132,9.73943164589255
"Sparse25",3,10,"Group_adjusted","M2","ABR33","M. x gig",17,0.340230401671347,6.71791701839231
"Sparse25",3,10,"Group_adjusted","M2","JKI","M. sacchariflorus",48,0.0810686376300194,3.9573011404506
"Sparse25",3,10,"Group_adjusted","M2","JKI","M. sinensis",35,0.360500580606128,6.37597993021254
"Sparse25",3,10,"Group_adjusted","M2","JKI","M. x gig",16,0.546665961022814,4.13823623564535
"Sparse25",3,10,"Group_adjusted","M3","ABR33","M. sacchariflorus",43,0.0975782550999248,7.07466483044888
"Sparse25",3,10,"Group_adjusted","M3","ABR33","M. sinensis",40,0.533036269435418,9.89762969092062
"Sparse25",3,10,"Group_adjusted","M3","ABR33","M. x gig",17,0.377496049649093,6.65405752187765
"Sparse25",3,10,"Group_adjusted","M3","JKI","M. sacchariflorus",48,0.0953146034920779,3.93141510490013
"Sparse25",3,10,"Group_adjusted","M3","JKI","M. sinensis",35,0.375257509283921,6.41880603627076
"Sparse25",3,10,"Group_adjusted","M3","JKI","M. x gig",16,0.582735149360139,4.12144016068256
"Sparse25",3,10,"Raw","M1","ABR33","M. sacchariflorus",43,-0.0433755403718643,7.71240691953071
"Sparse25",3,10,"Raw","M1","ABR33","M. sinensis",40,0.391815730597026,10.8814744056833
"Sparse25",3,10,"Raw","M1","ABR33","M. x gig",17,0.266965102291494,5.57487378211181
"Sparse25",3,10,"Raw","M1","JKI","M. sacchariflorus",48,0.110714956653525,5.65281724179347
"Sparse25",3,10,"Raw","M1","JKI","M. sinensis",35,0.261157205357253,6.6846263253126
"Sparse25",3,10,"Raw","M1","JKI","M. x gig",16,0.45849068425733,4.4714055082476
"Sparse25",3,10,"Raw","M2","ABR33","M. sacchariflorus",43,0.174359625523352,6.74268206803958
"Sparse25",3,10,"Raw","M2","ABR33","M. sinensis",40,0.428405861304476,9.57509655968877
"Sparse25",3,10,"Raw","M2","ABR33","M. x gig",17,0.219475214419749,5.66157521604601
"Sparse25",3,10,"Raw","M2","JKI","M. sacchariflorus",48,0.016229800193682,3.66409563075176
"Sparse25",3,10,"Raw","M2","JKI","M. sinensis",35,0.330720128802129,6.61650672647149
"Sparse25",3,10,"Raw","M2","JKI","M. x gig",16,0.481225713224484,4.37571635458294
"Sparse25",3,10,"Raw","M3","ABR33","M. sacchariflorus",43,0.0853996258294387,6.81934951173074
"Sparse25",3,10,"Raw","M3","ABR33","M. sinensis",40,0.419090896669281,9.61813704973203
"Sparse25",3,10,"Raw","M3","ABR33","M. x gig",17,0.209201403379522,5.65707211003786
"Sparse25",3,10,"Raw","M3","JKI","M. sacchariflorus",48,0.0546654640176474,4.15151918706459
"Sparse25",3,10,"Raw","M3","JKI","M. sinensis",35,0.358248341339205,6.45712746460446
"Sparse25",3,10,"Raw","M3","JKI","M. x gig",16,0.533310379351908,4.17276416878266
"Sparse25",3,15,"Group_adjusted","M1","ABR33","M. sacchariflorus",47,0.367750635027868,6.95466616738408
"Sparse25",3,15,"Group_adjusted","M1","ABR33","M. sinensis",36,0.132932763789498,10.1257432673132
"Sparse25",3,15,"Group_adjusted","M1","ABR33","M. x gig",17,0.212293867840025,6.94965903832608
"Sparse25",3,15,"Group_adjusted","M1","JKI","M. sacchariflorus",45,0.000551431105663475,3.79128616761779
"Sparse25",3,15,"Group_adjusted","M1","JKI","M. sinensis",36,0.315710203342156,7.5327699172071
"Sparse25",3,15,"Group_adjusted","M1","JKI","M. x gig",18,0.334231139886333,5.94542633758055
"Sparse25",3,15,"Group_adjusted","M2","ABR33","M. sacchariflorus",47,0.269512968709766,6.9235036360241
"Sparse25",3,15,"Group_adjusted","M2","ABR33","M. sinensis",36,0.29120361346735,9.88498220480066
"Sparse25",3,15,"Group_adjusted","M2","ABR33","M. x gig",17,0.505099203560392,6.86523069670527
"Sparse25",3,15,"Group_adjusted","M2","JKI","M. sacchariflorus",45,0.324960561590586,3.80221342194473
"Sparse25",3,15,"Group_adjusted","M2","JKI","M. sinensis",36,0.370743384990882,7.36186060817975
"Sparse25",3,15,"Group_adjusted","M2","JKI","M. x gig",18,0.487842768270768,5.7046406797983
"Sparse25",3,15,"Group_adjusted","M3","ABR33","M. sacchariflorus",47,0.258993039106865,6.92682280635175
"Sparse25",3,15,"Group_adjusted","M3","ABR33","M. sinensis",36,0.332190367272215,9.70804521737704
"Sparse25",3,15,"Group_adjusted","M3","ABR33","M. x gig",17,0.554735395166384,6.84566371810285
"Sparse25",3,15,"Group_adjusted","M3","JKI","M. sacchariflorus",45,0.408399767695063,3.63272845157433
"Sparse25",3,15,"Group_adjusted","M3","JKI","M. sinensis",36,0.376536546845278,7.30744391897925
"Sparse25",3,15,"Group_adjusted","M3","JKI","M. x gig",18,0.570412462455992,5.75863281590886
"Sparse25",3,15,"Raw","M1","ABR33","M. sacchariflorus",47,0.0358729172354436,8.51305884837906
"Sparse25",3,15,"Raw","M1","ABR33","M. sinensis",36,0.220186044785461,10.0089838530007
"Sparse25",3,15,"Raw","M1","ABR33","M. x gig",17,0.212293867840025,6.56328042775953
"Sparse25",3,15,"Raw","M1","JKI","M. sacchariflorus",45,0.0915238780983144,6.02443424647586
"Sparse25",3,15,"Raw","M1","JKI","M. sinensis",36,0.394070513423711,6.38668449533228
"Sparse25",3,15,"Raw","M1","JKI","M. x gig",18,0.334188602474195,4.43651998511683
"Sparse25",3,15,"Raw","M2","ABR33","M. sacchariflorus",47,0.374201291101646,6.84509244638345
"Sparse25",3,15,"Raw","M2","ABR33","M. sinensis",36,0.275484127348612,9.39170310199233
"Sparse25",3,15,"Raw","M2","ABR33","M. x gig",17,0.437085399728958,6.49899385867548
"Sparse25",3,15,"Raw","M2","JKI","M. sacchariflorus",45,0.195814172659216,3.76062043528042
"Sparse25",3,15,"Raw","M2","JKI","M. sinensis",36,0.39237134514046,7.27344002397156
"Sparse25",3,15,"Raw","M2","JKI","M. x gig",18,0.459147298727317,4.22270766578002
"Sparse25",3,15,"Raw","M3","ABR33","M. sacchariflorus",47,0.356400450367466,6.79337172677134
"Sparse25",3,15,"Raw","M3","ABR33","M. sinensis",36,0.299547140289744,9.38800054900988
"Sparse25",3,15,"Raw","M3","ABR33","M. x gig",17,0.519894721271405,6.52767848525788
"Sparse25",3,15,"Raw","M3","JKI","M. sacchariflorus",45,0.279523142883334,3.77582727995471
"Sparse25",3,15,"Raw","M3","JKI","M. sinensis",36,0.375204588581868,6.96362654462262
"Sparse25",3,15,"Raw","M3","JKI","M. x gig",18,0.559057429112008,4.09013508088105
"Sparse25",3,20,"Group_adjusted","M1","ABR33","M. sacchariflorus",45,0.170949669857114,7.05641233107575
"Sparse25",3,20,"Group_adjusted","M1","ABR33","M. sinensis",39,0.175418668690062,11.8252881024999
"Sparse25",3,20,"Group_adjusted","M1","ABR33","M. x gig",16,NA,9.11955004665656
"Sparse25",3,20,"Group_adjusted","M1","JKI","M. sacchariflorus",44,-0.0201230009290029,3.7394782570908
"Sparse25",3,20,"Group_adjusted","M1","JKI","M. sinensis",39,0.348200124010095,6.66357636360372
"Sparse25",3,20,"Group_adjusted","M1","JKI","M. x gig",16,NA,5.44983472612265
"Sparse25",3,20,"Group_adjusted","M2","ABR33","M. sacchariflorus",45,0.14311393593961,6.97983811190022
"Sparse25",3,20,"Group_adjusted","M2","ABR33","M. sinensis",39,0.318776305803481,11.4185864684603
"Sparse25",3,20,"Group_adjusted","M2","ABR33","M. x gig",16,0.293195131220906,8.79278463498852
"Sparse25",3,20,"Group_adjusted","M2","JKI","M. sacchariflorus",44,0.00812265287641316,3.7449767184711
"Sparse25",3,20,"Group_adjusted","M2","JKI","M. sinensis",39,0.456547271070264,6.37273137892373
"Sparse25",3,20,"Group_adjusted","M2","JKI","M. x gig",16,0.67769129019402,5.06364337557786
"Sparse25",3,20,"Group_adjusted","M3","ABR33","M. sacchariflorus",45,0.223671037699284,6.90844892326824
"Sparse25",3,20,"Group_adjusted","M3","ABR33","M. sinensis",39,0.396216979408619,11.2473987786879
"Sparse25",3,20,"Group_adjusted","M3","ABR33","M. x gig",16,0.304054264620437,8.74875453535655
"Sparse25",3,20,"Group_adjusted","M3","JKI","M. sacchariflorus",44,0.12948408033638,3.63945642482389
"Sparse25",3,20,"Group_adjusted","M3","JKI","M. sinensis",39,0.467496788623019,6.48924091396194
"Sparse25",3,20,"Group_adjusted","M3","JKI","M. x gig",16,0.65949052185439,4.96027868663968
"Sparse25",3,20,"Raw","M1","ABR33","M. sacchariflorus",45,0.158724399029904,8.39371121617701
"Sparse25",3,20,"Raw","M1","ABR33","M. sinensis",39,0.175418668690062,9.81199613747072
"Sparse25",3,20,"Raw","M1","ABR33","M. x gig",16,NA,6.93845461404803
"Sparse25",3,20,"Raw","M1","JKI","M. sacchariflorus",44,0.0499384981798756,5.36097937098503
"Sparse25",3,20,"Raw","M1","JKI","M. sinensis",39,0.341872909267428,6.4166644454494
"Sparse25",3,20,"Raw","M1","JKI","M. x gig",16,NA,4.7591285012035
"Sparse25",3,20,"Raw","M2","ABR33","M. sacchariflorus",45,0.200213771942269,6.88206120029575
"Sparse25",3,20,"Raw","M2","ABR33","M. sinensis",39,0.286754136788117,9.63570970026032
"Sparse25",3,20,"Raw","M2","ABR33","M. x gig",16,0.537488423009268,6.88371801600346
"Sparse25",3,20,"Raw","M2","JKI","M. sacchariflorus",44,-0.111067298674808,3.8447530275578
"Sparse25",3,20,"Raw","M2","JKI","M. sinensis",39,0.442157587044179,7.03463091467249
"Sparse25",3,20,"Raw","M2","JKI","M. x gig",16,0.189939320843199,4.73385239160499
"Sparse25",3,20,"Raw","M3","ABR33","M. sacchariflorus",45,0.273781010291913,6.60668829928292
"Sparse25",3,20,"Raw","M3","ABR33","M. sinensis",39,0.331233028560371,10.1204718577865
"Sparse25",3,20,"Raw","M3","ABR33","M. x gig",16,0.464302629949334,6.86432448359462
"Sparse25",3,20,"Raw","M3","JKI","M. sacchariflorus",44,0.0156272905497253,3.85874028111
"Sparse25",3,20,"Raw","M3","JKI","M. sinensis",39,0.443718674538876,6.57852860730932
"Sparse25",3,20,"Raw","M3","JKI","M. x gig",16,0.278755439981385,4.66595062511451
"Sparse25",3,25,"Group_adjusted","M1","ABR33","M. sacchariflorus",46,NA,7.48553310701244
"Sparse25",3,25,"Group_adjusted","M1","ABR33","M. sinensis",34,NA,10.7486090046982
"Sparse25",3,25,"Group_adjusted","M1","ABR33","M. x gig",20,NA,8.09872876629861
"Sparse25",3,25,"Group_adjusted","M1","JKI","M. sacchariflorus",46,NA,3.9191637402114
"Sparse25",3,25,"Group_adjusted","M1","JKI","M. sinensis",33,NA,7.26341634757438
"Sparse25",3,25,"Group_adjusted","M1","JKI","M. x gig",20,NA,5.40288339016319
"Sparse25",3,25,"Group_adjusted","M2","ABR33","M. sacchariflorus",46,-0.082486362738012,7.63796160965275
"Sparse25",3,25,"Group_adjusted","M2","ABR33","M. sinensis",34,0.307865769705415,10.6794950945013
"Sparse25",3,25,"Group_adjusted","M2","ABR33","M. x gig",20,0.340902553811405,8.03169053958299
"Sparse25",3,25,"Group_adjusted","M2","JKI","M. sacchariflorus",46,0.0226121470417646,3.92627851406249
"Sparse25",3,25,"Group_adjusted","M2","JKI","M. sinensis",33,0.215570413833415,7.17826562132728
"Sparse25",3,25,"Group_adjusted","M2","JKI","M. x gig",20,0.492114994962311,5.29187320947062
"Sparse25",3,25,"Group_adjusted","M3","ABR33","M. sacchariflorus",46,-0.163181868181986,7.46756801983236
"Sparse25",3,25,"Group_adjusted","M3","ABR33","M. sinensis",34,0.311324724182215,10.6198738821641
"Sparse25",3,25,"Group_adjusted","M3","ABR33","M. x gig",20,0.102211056596134,8.17826127873037
"Sparse25",3,25,"Group_adjusted","M3","JKI","M. sacchariflorus",46,-0.261637204613248,3.95237973247927
"Sparse25",3,25,"Group_adjusted","M3","JKI","M. sinensis",33,0.184162946517822,7.20393405004199
"Sparse25",3,25,"Group_adjusted","M3","JKI","M. x gig",20,0.127607916552064,5.36398519399446
"Sparse25",3,25,"Raw","M1","ABR33","M. sacchariflorus",46,NA,9.0642403025236
"Sparse25",3,25,"Raw","M1","ABR33","M. sinensis",34,NA,11.4983731558459
"Sparse25",3,25,"Raw","M1","ABR33","M. x gig",20,NA,7.17546240778777
"Sparse25",3,25,"Raw","M1","JKI","M. sacchariflorus",46,NA,5.81524934392832
"Sparse25",3,25,"Raw","M1","JKI","M. sinensis",33,NA,7.47809093517633
"Sparse25",3,25,"Raw","M1","JKI","M. x gig",20,NA,5.01424533239833
"Sparse25",3,25,"Raw","M2","ABR33","M. sacchariflorus",46,0.0443207096217627,7.60715364319712
"Sparse25",3,25,"Raw","M2","ABR33","M. sinensis",34,0.234736269893407,10.8817983535085
"Sparse25",3,25,"Raw","M2","ABR33","M. x gig",20,0.0480229890120659,7.16418759630178
"Sparse25",3,25,"Raw","M2","JKI","M. sacchariflorus",46,-0.1319953711604,4.34945890268135
"Sparse25",3,25,"Raw","M2","JKI","M. sinensis",33,0.148118441178046,7.19435461534512
"Sparse25",3,25,"Raw","M2","JKI","M. x gig",20,0.0273551014587281,4.99017129963582
"Sparse25",3,25,"Raw","M3","ABR33","M. sacchariflorus",46,-0.0417673053770163,7.39324117654907
"Sparse25",3,25,"Raw","M3","ABR33","M. sinensis",34,0.277166378756643,10.8080329396704
"Sparse25",3,25,"Raw","M3","ABR33","M. x gig",20,-0.0344286932593521,7.21158086893147
"Sparse25",3,25,"Raw","M3","JKI","M. sacchariflorus",46,-0.2457323006966,4.24007626613551
"Sparse25",3,25,"Raw","M3","JKI","M. sinensis",33,0.111382652069091,7.21584170299036
"Sparse25",3,25,"Raw","M3","JKI","M. x gig",20,-0.21773291737686,5.07560431025959
"Sparse25",4,0,"Group_adjusted","M1","ABR33","M. sacchariflorus",45,0.348698698253429,7.37230579907228
"Sparse25",4,0,"Group_adjusted","M1","ABR33","M. sinensis",36,0.534513843543334,9.39248009915572
"Sparse25",4,0,"Group_adjusted","M1","ABR33","M. x gig",19,0.221770563336567,7.8425230551219
"Sparse25",4,0,"Group_adjusted","M1","JKI","M. sacchariflorus",45,0.25492407977404,3.67245605642759
"Sparse25",4,0,"Group_adjusted","M1","JKI","M. sinensis",36,0.476282563955499,5.97204367666961
"Sparse25",4,0,"Group_adjusted","M1","JKI","M. x gig",18,0.339526019427373,7.37132083856852
"Sparse25",4,0,"Group_adjusted","M2","ABR33","M. sacchariflorus",45,0.398262026872583,7.19603208927928
"Sparse25",4,0,"Group_adjusted","M2","ABR33","M. sinensis",36,0.603871557839557,8.93967582038152
"Sparse25",4,0,"Group_adjusted","M2","ABR33","M. x gig",19,0.149778701877285,7.7870629104541
"Sparse25",4,0,"Group_adjusted","M2","JKI","M. sacchariflorus",45,0.333966691946513,3.56486768646981
"Sparse25",4,0,"Group_adjusted","M2","JKI","M. sinensis",36,0.530399306106906,5.64672723562959
"Sparse25",4,0,"Group_adjusted","M2","JKI","M. x gig",18,0.413841108952915,7.38375230702183
"Sparse25",4,0,"Group_adjusted","M3","ABR33","M. sacchariflorus",45,0.363642773656342,7.24382620935212
"Sparse25",4,0,"Group_adjusted","M3","ABR33","M. sinensis",36,0.62512632270147,9.10554028488933
"Sparse25",4,0,"Group_adjusted","M3","ABR33","M. x gig",19,0.301525125849424,7.81870287122656
"Sparse25",4,0,"Group_adjusted","M3","JKI","M. sacchariflorus",45,0.300687922535504,3.61835735644215
"Sparse25",4,0,"Group_adjusted","M3","JKI","M. sinensis",36,0.522858227837473,5.76578496764082
"Sparse25",4,0,"Group_adjusted","M3","JKI","M. x gig",18,0.41019261782801,7.35085731290888
"Sparse25",4,0,"Raw","M1","ABR33","M. sacchariflorus",45,0.304851739312171,7.04136277984028
"Sparse25",4,0,"Raw","M1","ABR33","M. sinensis",36,0.531422375735991,11.8535305942649
"Sparse25",4,0,"Raw","M1","ABR33","M. x gig",19,0.529695221418706,7.4767177789264
"Sparse25",4,0,"Raw","M1","JKI","M. sacchariflorus",45,0.268649274274882,5.61152709349179
"Sparse25",4,0,"Raw","M1","JKI","M. sinensis",36,0.329644018397642,6.19667918328471
"Sparse25",4,0,"Raw","M1","JKI","M. x gig",18,0.340860376403551,4.86549044301245
"Sparse25",4,0,"Raw","M2","ABR33","M. sacchariflorus",45,0.45359249452228,6.81856261630426
"Sparse25",4,0,"Raw","M2","ABR33","M. sinensis",36,0.574878778874143,9.6247332719466
"Sparse25",4,0,"Raw","M2","ABR33","M. x gig",19,0.457845306764119,7.21847819094765
"Sparse25",4,0,"Raw","M2","JKI","M. sacchariflorus",45,0.187028912122953,3.94923664246101
"Sparse25",4,0,"Raw","M2","JKI","M. sinensis",36,0.477341934917455,6.11069767343212
"Sparse25",4,0,"Raw","M2","JKI","M. x gig",18,0.311714265779004,4.88118120913661
"Sparse25",4,0,"Raw","M3","ABR33","M. sacchariflorus",45,0.462523852022461,6.97124684175786
"Sparse25",4,0,"Raw","M3","ABR33","M. sinensis",36,0.574646987500213,9.67637792543558
"Sparse25",4,0,"Raw","M3","ABR33","M. x gig",19,0.484624468586351,7.40243426090126
"Sparse25",4,0,"Raw","M3","JKI","M. sacchariflorus",45,0.0692145592147914,4.05194380214299
"Sparse25",4,0,"Raw","M3","JKI","M. sinensis",36,0.471013700888628,6.07864674108149
"Sparse25",4,0,"Raw","M3","JKI","M. x gig",18,0.327322518118217,4.92876565815227
"Sparse25",4,5,"Group_adjusted","M1","ABR33","M. sacchariflorus",40,0.625998660029992,5.94297921729755
"Sparse25",4,5,"Group_adjusted","M1","ABR33","M. sinensis",41,0.195647121895691,10.5109027980337
"Sparse25",4,5,"Group_adjusted","M1","ABR33","M. x gig",19,0.529684423185368,6.90989264529532
"Sparse25",4,5,"Group_adjusted","M1","JKI","M. sacchariflorus",45,0.50447311688385,3.63546025660132
"Sparse25",4,5,"Group_adjusted","M1","JKI","M. sinensis",37,0.457932956999908,6.99701916689133
"Sparse25",4,5,"Group_adjusted","M1","JKI","M. x gig",17,0.307817350916293,4.9369929258067
"Sparse25",4,5,"Group_adjusted","M2","ABR33","M. sacchariflorus",40,0.573254824040594,5.85646324283645
"Sparse25",4,5,"Group_adjusted","M2","ABR33","M. sinensis",41,0.288446069085171,10.3088857084849
"Sparse25",4,5,"Group_adjusted","M2","ABR33","M. x gig",19,0.538808926169951,6.73960980662626
"Sparse25",4,5,"Group_adjusted","M2","JKI","M. sacchariflorus",45,0.506355092008879,3.44830885391507
"Sparse25",4,5,"Group_adjusted","M2","JKI","M. sinensis",37,0.490441286285632,6.7635354827667
"Sparse25",4,5,"Group_adjusted","M2","JKI","M. x gig",17,0.407494190561766,4.74774565382666
"Sparse25",4,5,"Group_adjusted","M3","ABR33","M. sacchariflorus",40,0.544671601800001,5.89676587180604
"Sparse25",4,5,"Group_adjusted","M3","ABR33","M. sinensis",41,0.32398980487654,10.4300874081285
"Sparse25",4,5,"Group_adjusted","M3","ABR33","M. x gig",19,0.539110539058362,6.77611824645101
"Sparse25",4,5,"Group_adjusted","M3","JKI","M. sacchariflorus",45,0.526468289908565,3.44416027949006
"Sparse25",4,5,"Group_adjusted","M3","JKI","M. sinensis",37,0.496751653431271,6.78595224758116
"Sparse25",4,5,"Group_adjusted","M3","JKI","M. x gig",17,0.376122038537341,4.80446033139129
"Sparse25",4,5,"Raw","M1","ABR33","M. sacchariflorus",40,0.22527606213114,6.50112028421133
"Sparse25",4,5,"Raw","M1","ABR33","M. sinensis",41,0.171612980843738,11.6422829629402
"Sparse25",4,5,"Raw","M1","ABR33","M. x gig",19,0.571958396231711,7.13156135384132
"Sparse25",4,5,"Raw","M1","JKI","M. sacchariflorus",45,0.452673125193546,4.32919876871247
"Sparse25",4,5,"Raw","M1","JKI","M. sinensis",37,0.381415367632731,7.49243742081682
"Sparse25",4,5,"Raw","M1","JKI","M. x gig",17,0.259985355769824,4.99709892758238
"Sparse25",4,5,"Raw","M2","ABR33","M. sacchariflorus",40,0.608148780840969,5.7657173832628
"Sparse25",4,5,"Raw","M2","ABR33","M. sinensis",41,0.106432523137627,10.0663751213616
"Sparse25",4,5,"Raw","M2","ABR33","M. x gig",19,0.667751170290995,6.59549793153184
"Sparse25",4,5,"Raw","M2","JKI","M. sacchariflorus",45,0.468764795918455,3.266415592161
"Sparse25",4,5,"Raw","M2","JKI","M. sinensis",37,0.404707444335498,6.93552439083127
"Sparse25",4,5,"Raw","M2","JKI","M. x gig",17,0.370261312293396,4.86707421142337
"Sparse25",4,5,"Raw","M3","ABR33","M. sacchariflorus",40,0.592401142386854,5.78149666216391
"Sparse25",4,5,"Raw","M3","ABR33","M. sinensis",41,0.0773459884267128,9.97766536149282
"Sparse25",4,5,"Raw","M3","ABR33","M. x gig",19,0.662327997334331,6.63722134285455
"Sparse25",4,5,"Raw","M3","JKI","M. sacchariflorus",45,0.513491038910367,3.19011152101807
"Sparse25",4,5,"Raw","M3","JKI","M. sinensis",37,0.428826412921363,6.88675645821271
"Sparse25",4,5,"Raw","M3","JKI","M. x gig",17,0.313953554254332,4.94984605199536
"Sparse25",4,10,"Group_adjusted","M1","ABR33","M. sacchariflorus",46,0.100607794594199,6.95816962939541
"Sparse25",4,10,"Group_adjusted","M1","ABR33","M. sinensis",35,0.372857624424705,9.52296122394866
"Sparse25",4,10,"Group_adjusted","M1","ABR33","M. x gig",19,0.155363756900473,8.80363725612932
"Sparse25",4,10,"Group_adjusted","M1","JKI","M. sacchariflorus",47,0.128355591617761,3.52429924502051
"Sparse25",4,10,"Group_adjusted","M1","JKI","M. sinensis",36,0.339000619225798,6.62881277950226
"Sparse25",4,10,"Group_adjusted","M1","JKI","M. x gig",16,-0.0147569257468092,5.77355637490582
"Sparse25",4,10,"Group_adjusted","M2","ABR33","M. sacchariflorus",46,0.143542162307314,6.9206364178614
"Sparse25",4,10,"Group_adjusted","M2","ABR33","M. sinensis",35,0.481913511032729,9.29567928561893
"Sparse25",4,10,"Group_adjusted","M2","ABR33","M. x gig",19,0.286214476014834,8.5439702322488
"Sparse25",4,10,"Group_adjusted","M2","JKI","M. sacchariflorus",47,0.285172502746188,3.43067357736715
"Sparse25",4,10,"Group_adjusted","M2","JKI","M. sinensis",36,0.376296593133711,6.5954469285569
"Sparse25",4,10,"Group_adjusted","M2","JKI","M. x gig",16,0.185251496031979,5.78222931618061
"Sparse25",4,10,"Group_adjusted","M3","ABR33","M. sacchariflorus",46,0.12044145038332,6.92432787498171
"Sparse25",4,10,"Group_adjusted","M3","ABR33","M. sinensis",35,0.481035068550056,9.25882531867577
"Sparse25",4,10,"Group_adjusted","M3","ABR33","M. x gig",19,0.356245537998787,8.56379554924876
"Sparse25",4,10,"Group_adjusted","M3","JKI","M. sacchariflorus",47,0.396542511180406,3.36500920430674
"Sparse25",4,10,"Group_adjusted","M3","JKI","M. sinensis",36,0.397881781386892,6.50905663621986
"Sparse25",4,10,"Group_adjusted","M3","JKI","M. x gig",16,0.203068488710414,5.83518585668242
"Sparse25",4,10,"Raw","M1","ABR33","M. sacchariflorus",46,0.176921393062885,8.67960902277393
"Sparse25",4,10,"Raw","M1","ABR33","M. sinensis",35,0.379425448702251,9.77585268770199
"Sparse25",4,10,"Raw","M1","ABR33","M. x gig",19,0.267165826019694,6.39999501247585
"Sparse25",4,10,"Raw","M1","JKI","M. sacchariflorus",47,0.295025198606999,5.10108953659372
"Sparse25",4,10,"Raw","M1","JKI","M. sinensis",36,0.409032118794341,6.52844166329632
"Sparse25",4,10,"Raw","M1","JKI","M. x gig",16,0.0212709467711605,4.55666627845695
"Sparse25",4,10,"Raw","M2","ABR33","M. sacchariflorus",46,0.25593713725053,6.98309853604093
"Sparse25",4,10,"Raw","M2","ABR33","M. sinensis",35,0.477440294954409,9.01267275652232
"Sparse25",4,10,"Raw","M2","ABR33","M. x gig",19,0.281602699879306,6.24398510258034
"Sparse25",4,10,"Raw","M2","JKI","M. sacchariflorus",47,0.342097569852779,3.34003724739597
"Sparse25",4,10,"Raw","M2","JKI","M. sinensis",36,0.398663472698111,6.64951434519217
"Sparse25",4,10,"Raw","M2","JKI","M. x gig",16,0.186100974049914,4.69573201545119
"Sparse25",4,10,"Raw","M3","ABR33","M. sacchariflorus",46,0.29931414565124,6.86169112487729
"Sparse25",4,10,"Raw","M3","ABR33","M. sinensis",35,0.471095350015592,9.07728005560169
"Sparse25",4,10,"Raw","M3","ABR33","M. x gig",19,0.251518936651955,6.30030326046178
"Sparse25",4,10,"Raw","M3","JKI","M. sacchariflorus",47,0.444923439536398,3.45743682267018
"Sparse25",4,10,"Raw","M3","JKI","M. sinensis",36,0.4107354852808,6.41209636380397
"Sparse25",4,10,"Raw","M3","JKI","M. x gig",16,0.280902236213888,4.65566343535456
"Sparse25",4,15,"Group_adjusted","M1","ABR33","M. sacchariflorus",45,0.228718972458244,7.04421590327358
"Sparse25",4,15,"Group_adjusted","M1","ABR33","M. sinensis",36,0.414070294375109,10.0365452470754
"Sparse25",4,15,"Group_adjusted","M1","ABR33","M. x gig",19,-0.139616162558596,8.73877212524165
"Sparse25",4,15,"Group_adjusted","M1","JKI","M. sacchariflorus",45,0.0939099640074835,3.97357765949927
"Sparse25",4,15,"Group_adjusted","M1","JKI","M. sinensis",35,0.3328957162333,6.37899260045325
"Sparse25",4,15,"Group_adjusted","M1","JKI","M. x gig",19,-0.0822636807421566,5.28546541416418
"Sparse25",4,15,"Group_adjusted","M2","ABR33","M. sacchariflorus",45,0.303825807185604,7.02867825273564
"Sparse25",4,15,"Group_adjusted","M2","ABR33","M. sinensis",36,0.496338693625556,9.73990298585194
"Sparse25",4,15,"Group_adjusted","M2","ABR33","M. x gig",19,0.139237478152074,8.68933502701876
"Sparse25",4,15,"Group_adjusted","M2","JKI","M. sacchariflorus",45,0.00268058710571783,3.9591271961366
"Sparse25",4,15,"Group_adjusted","M2","JKI","M. sinensis",35,0.387033720235057,6.11768934266728
"Sparse25",4,15,"Group_adjusted","M2","JKI","M. x gig",19,0.304579312572852,5.19965819829761
"Sparse25",4,15,"Group_adjusted","M3","ABR33","M. sacchariflorus",45,0.311175043078465,7.03470417051554
"Sparse25",4,15,"Group_adjusted","M3","ABR33","M. sinensis",36,0.556758915094798,9.6377616217179
"Sparse25",4,15,"Group_adjusted","M3","ABR33","M. x gig",19,0.196223232660172,8.76279367713035
"Sparse25",4,15,"Group_adjusted","M3","JKI","M. sacchariflorus",45,0.320289823393214,3.94734217619127
"Sparse25",4,15,"Group_adjusted","M3","JKI","M. sinensis",35,0.400027099332884,6.07232975312768
"Sparse25",4,15,"Group_adjusted","M3","JKI","M. x gig",19,0.323159393923189,5.1683096289191
"Sparse25",4,15,"Raw","M1","ABR33","M. sacchariflorus",45,0.2843858578392,7.70293442004859
"Sparse25",4,15,"Raw","M1","ABR33","M. sinensis",36,0.407320122509953,10.6136268393141
"Sparse25",4,15,"Raw","M1","ABR33","M. x gig",19,-0.126790370054553,7.41430114535438
"Sparse25",4,15,"Raw","M1","JKI","M. sacchariflorus",45,0.162298138064419,4.37188002221085
"Sparse25",4,15,"Raw","M1","JKI","M. sinensis",35,0.323185941867263,6.98141447924538
"Sparse25",4,15,"Raw","M1","JKI","M. x gig",19,0.240223904507625,5.18934429653615
"Sparse25",4,15,"Raw","M2","ABR33","M. sacchariflorus",45,0.278262508128154,6.77726151703845
"Sparse25",4,15,"Raw","M2","ABR33","M. sinensis",36,0.488673248512248,9.34278117601748
"Sparse25",4,15,"Raw","M2","ABR33","M. x gig",19,0.0152027746027677,7.39599173942989
"Sparse25",4,15,"Raw","M2","JKI","M. sacchariflorus",45,-0.0441380922728797,4.13701217512009
"Sparse25",4,15,"Raw","M2","JKI","M. sinensis",35,0.393506243476507,5.80440376037436
"Sparse25",4,15,"Raw","M2","JKI","M. x gig",19,0.410872780506205,5.04052161742653
"Sparse25",4,15,"Raw","M3","ABR33","M. sacchariflorus",45,0.345702823233994,6.82239946669615
"Sparse25",4,15,"Raw","M3","ABR33","M. sinensis",36,0.544055251005472,9.33390829305532
"Sparse25",4,15,"Raw","M3","ABR33","M. x gig",19,0.14418357813681,7.41383055537567
"Sparse25",4,15,"Raw","M3","JKI","M. sacchariflorus",45,0.192919824427177,3.79957717480611
"Sparse25",4,15,"Raw","M3","JKI","M. sinensis",35,0.405511693861415,5.83282929506409
"Sparse25",4,15,"Raw","M3","JKI","M. x gig",19,0.398787347586181,5.08986934920777
"Sparse25",4,20,"Group_adjusted","M1","ABR33","M. sacchariflorus",43,0.416924246520512,6.82430842666702
"Sparse25",4,20,"Group_adjusted","M1","ABR33","M. sinensis",39,0.255382276610629,13.3428893259413
"Sparse25",4,20,"Group_adjusted","M1","ABR33","M. x gig",18,NA,7.1302995244968
"Sparse25",4,20,"Group_adjusted","M1","JKI","M. sacchariflorus",42,0.214316318536463,3.44907429608354
"Sparse25",4,20,"Group_adjusted","M1","JKI","M. sinensis",38,-0.193414077046722,7.04144002187823
"Sparse25",4,20,"Group_adjusted","M1","JKI","M. x gig",19,-0.0279106433669475,5.2525302174635
"Sparse25",4,20,"Group_adjusted","M2","ABR33","M. sacchariflorus",43,0.416060722877942,6.84692241478698
"Sparse25",4,20,"Group_adjusted","M2","ABR33","M. sinensis",39,0.336098324852372,13.1727430333055
"Sparse25",4,20,"Group_adjusted","M2","ABR33","M. x gig",18,0.328651902819854,7.01679384784897
"Sparse25",4,20,"Group_adjusted","M2","JKI","M. sacchariflorus",42,0.528311094238958,3.33276734016017
"Sparse25",4,20,"Group_adjusted","M2","JKI","M. sinensis",38,-0.00471516527747625,6.96147950052014
"Sparse25",4,20,"Group_adjusted","M2","JKI","M. x gig",19,0.245347541743251,5.23680914345933
"Sparse25",4,20,"Group_adjusted","M3","ABR33","M. sacchariflorus",43,0.383433604242076,6.90743282175246
"Sparse25",4,20,"Group_adjusted","M3","ABR33","M. sinensis",39,0.353837388951888,13.2199707459171
"Sparse25",4,20,"Group_adjusted","M3","ABR33","M. x gig",18,0.449792414416162,6.8983148317513
"Sparse25",4,20,"Group_adjusted","M3","JKI","M. sacchariflorus",42,0.510838478045328,3.31307575657027
"Sparse25",4,20,"Group_adjusted","M3","JKI","M. sinensis",38,0.109096255515664,6.90946072954219
"Sparse25",4,20,"Group_adjusted","M3","JKI","M. x gig",19,0.283224108410709,5.24687083477474
"Sparse25",4,20,"Raw","M1","ABR33","M. sacchariflorus",43,0.438310638090596,6.69217076446943
"Sparse25",4,20,"Raw","M1","ABR33","M. sinensis",39,0.279854941672511,14.1408595399965
"Sparse25",4,20,"Raw","M1","ABR33","M. x gig",18,NA,7.42438085494497
"Sparse25",4,20,"Raw","M1","JKI","M. sacchariflorus",42,0.214316318536463,4.30842373555695
"Sparse25",4,20,"Raw","M1","JKI","M. sinensis",38,-0.27216171543708,7.98811194785006
"Sparse25",4,20,"Raw","M1","JKI","M. x gig",19,0.0279106433669475,5.03748955673224
"Sparse25",4,20,"Raw","M2","ABR33","M. sacchariflorus",43,0.464745521925364,6.66781608408702
"Sparse25",4,20,"Raw","M2","ABR33","M. sinensis",39,0.292030672309116,12.9133192480232
"Sparse25",4,20,"Raw","M2","ABR33","M. x gig",18,-0.295963035054816,7.43920013297228
"Sparse25",4,20,"Raw","M2","JKI","M. sacchariflorus",42,0.31776839026158,3.57389344290641
"Sparse25",4,20,"Raw","M2","JKI","M. sinensis",38,-0.0396570098452813,7.17504263938042
"Sparse25",4,20,"Raw","M2","JKI","M. x gig",19,-0.221210225527796,5.11970544982182
"Sparse25",4,20,"Raw","M3","ABR33","M. sacchariflorus",43,0.416824341323149,6.72853947253277
"Sparse25",4,20,"Raw","M3","ABR33","M. sinensis",39,0.313057587455527,12.9694587380828
"Sparse25",4,20,"Raw","M3","ABR33","M. x gig",18,-0.308506292571601,7.50602051820981
"Sparse25",4,20,"Raw","M3","JKI","M. sacchariflorus",42,0.428965182103136,3.51406042379932
"Sparse25",4,20,"Raw","M3","JKI","M. sinensis",38,0.053625750739523,7.04445116742607
"Sparse25",4,20,"Raw","M3","JKI","M. x gig",19,-0.132422987985994,5.09038458773688
"Sparse25",4,25,"Group_adjusted","M1","ABR33","M. sacchariflorus",43,NA,7.2170989013501
"Sparse25",4,25,"Group_adjusted","M1","ABR33","M. sinensis",38,NA,10.5490343728005
"Sparse25",4,25,"Group_adjusted","M1","ABR33","M. x gig",19,NA,10.3635747098645
"Sparse25",4,25,"Group_adjusted","M1","JKI","M. sacchariflorus",43,NA,4.04287250689359
"Sparse25",4,25,"Group_adjusted","M1","JKI","M. sinensis",37,NA,6.81830542462534
"Sparse25",4,25,"Group_adjusted","M1","JKI","M. x gig",19,NA,5.74474211199398
"Sparse25",4,25,"Group_adjusted","M2","ABR33","M. sacchariflorus",43,0.0900824353843304,7.24124142412714
"Sparse25",4,25,"Group_adjusted","M2","ABR33","M. sinensis",38,0.320429384511549,10.4958224754424
"Sparse25",4,25,"Group_adjusted","M2","ABR33","M. x gig",19,0.31110453536234,10.2320604347332
"Sparse25",4,25,"Group_adjusted","M2","JKI","M. sacchariflorus",43,0.321552443284957,3.95063463056359
"Sparse25",4,25,"Group_adjusted","M2","JKI","M. sinensis",37,0.373926904307193,6.69826093566417
"Sparse25",4,25,"Group_adjusted","M2","JKI","M. x gig",19,0.228376164227469,5.54688820284856
"Sparse25",4,25,"Group_adjusted","M3","ABR33","M. sacchariflorus",43,0.0470247289707697,7.20576971601686
"Sparse25",4,25,"Group_adjusted","M3","ABR33","M. sinensis",38,0.359433790709347,10.3131223030402
"Sparse25",4,25,"Group_adjusted","M3","ABR33","M. x gig",19,0.364576704575456,9.67886588906275
"Sparse25",4,25,"Group_adjusted","M3","JKI","M. sacchariflorus",43,0.289787822422634,3.96212093255426
"Sparse25",4,25,"Group_adjusted","M3","JKI","M. sinensis",37,0.353215630794139,6.62038862913164
"Sparse25",4,25,"Group_adjusted","M3","JKI","M. x gig",19,0.396360422599396,5.27058143077212
"Sparse25",4,25,"Raw","M1","ABR33","M. sacchariflorus",43,NA,9.48255131989447
"Sparse25",4,25,"Raw","M1","ABR33","M. sinensis",38,NA,10.4045610989178
"Sparse25",4,25,"Raw","M1","ABR33","M. x gig",19,NA,6.0197415320964
"Sparse25",4,25,"Raw","M1","JKI","M. sacchariflorus",43,NA,4.89399197414205
"Sparse25",4,25,"Raw","M1","JKI","M. sinensis",37,NA,7.02825900604928
"Sparse25",4,25,"Raw","M1","JKI","M. x gig",19,NA,4.71588701877226
"Sparse25",4,25,"Raw","M2","ABR33","M. sacchariflorus",43,0.236387233554145,7.64713755910835
"Sparse25",4,25,"Raw","M2","ABR33","M. sinensis",38,0.170513833553842,10.1502546761744
"Sparse25",4,25,"Raw","M2","ABR33","M. x gig",19,-0.191177950203881,6.2317606254384
"Sparse25",4,25,"Raw","M2","JKI","M. sacchariflorus",43,-0.0257724635521845,3.86018099176074
"Sparse25",4,25,"Raw","M2","JKI","M. sinensis",37,0.280242750183015,6.75214395327245
"Sparse25",4,25,"Raw","M2","JKI","M. x gig",19,-0.344112827919572,4.97242387075672
"Sparse25",4,25,"Raw","M3","ABR33","M. sacchariflorus",43,0.208364363159983,7.35380558648287
"Sparse25",4,25,"Raw","M3","ABR33","M. sinensis",38,0.262888413238981,10.1117613551992
"Sparse25",4,25,"Raw","M3","ABR33","M. x gig",19,-0.0572054729028847,5.92258331093475
"Sparse25",4,25,"Raw","M3","JKI","M. sacchariflorus",43,0.0835944112320248,3.79208624284523
"Sparse25",4,25,"Raw","M3","JKI","M. sinensis",37,0.301355325868092,6.58308954219252
"Sparse25",4,25,"Raw","M3","JKI","M. x gig",19,-0.170429553018493,4.84485053415958
"Sparse25",5,0,"Group_adjusted","M1","ABR33","M. sacchariflorus",43,0.258185524392161,6.27634406383277
"Sparse25",5,0,"Group_adjusted","M1","ABR33","M. sinensis",37,0.362296275547721,10.3515790227441
"Sparse25",5,0,"Group_adjusted","M1","ABR33","M. x gig",20,-0.0503603026765344,8.32595937317147
"Sparse25",5,0,"Group_adjusted","M1","JKI","M. sacchariflorus",42,0.389964178125882,3.29132706331116
"Sparse25",5,0,"Group_adjusted","M1","JKI","M. sinensis",38,0.457273570189283,6.21629017015948
"Sparse25",5,0,"Group_adjusted","M1","JKI","M. x gig",19,0.172991243299227,6.11743252582535
"Sparse25",5,0,"Group_adjusted","M2","ABR33","M. sacchariflorus",43,0.273225197387769,6.25576759614686
"Sparse25",5,0,"Group_adjusted","M2","ABR33","M. sinensis",37,0.372691128132869,10.1624668441326
"Sparse25",5,0,"Group_adjusted","M2","ABR33","M. x gig",20,-0.00326060463743205,8.37728461245276
"Sparse25",5,0,"Group_adjusted","M2","JKI","M. sacchariflorus",42,0.440338231965317,3.20653180772174
"Sparse25",5,0,"Group_adjusted","M2","JKI","M. sinensis",38,0.468922225858865,6.04663297140242
"Sparse25",5,0,"Group_adjusted","M2","JKI","M. x gig",19,0.19433727252213,6.17549418665877
"Sparse25",5,0,"Group_adjusted","M3","ABR33","M. sacchariflorus",43,0.340353387078996,6.14486073621332
"Sparse25",5,0,"Group_adjusted","M3","ABR33","M. sinensis",37,0.421043215971031,10.08186724182
"Sparse25",5,0,"Group_adjusted","M3","ABR33","M. x gig",20,0.0760470698063572,8.10001505750888
"Sparse25",5,0,"Group_adjusted","M3","JKI","M. sacchariflorus",42,0.49829296693976,3.09162079118782
"Sparse25",5,0,"Group_adjusted","M3","JKI","M. sinensis",38,0.475166469786737,6.04652484996118
"Sparse25",5,0,"Group_adjusted","M3","JKI","M. x gig",19,0.101366247303638,6.18861868540771
"Sparse25",5,0,"Raw","M1","ABR33","M. sacchariflorus",43,0.262045157163991,6.81257960257737
"Sparse25",5,0,"Raw","M1","ABR33","M. sinensis",37,0.305599734871181,11.9898429308228
"Sparse25",5,0,"Raw","M1","ABR33","M. x gig",20,0.0833652397860304,6.82974818666924
"Sparse25",5,0,"Raw","M1","JKI","M. sacchariflorus",42,0.349704771316274,3.90919375254215
"Sparse25",5,0,"Raw","M1","JKI","M. sinensis",38,0.391267400145733,7.34563927250278
"Sparse25",5,0,"Raw","M1","JKI","M. x gig",19,0.295287098065133,5.23003865340087
"Sparse25",5,0,"Raw","M2","ABR33","M. sacchariflorus",43,0.380946804630725,6.19705623159334
"Sparse25",5,0,"Raw","M2","ABR33","M. sinensis",37,0.289889803397659,10.5379769201742
"Sparse25",5,0,"Raw","M2","ABR33","M. x gig",20,0.122827931806085,6.76777082100198
"Sparse25",5,0,"Raw","M2","JKI","M. sacchariflorus",42,0.424617213273531,3.19341204697382
"Sparse25",5,0,"Raw","M2","JKI","M. sinensis",38,0.429344953884472,6.23961345643599
"Sparse25",5,0,"Raw","M2","JKI","M. x gig",19,0.276262391712976,5.11693932446234
"Sparse25",5,0,"Raw","M3","ABR33","M. sacchariflorus",43,0.434953997985053,6.06983117024287
"Sparse25",5,0,"Raw","M3","ABR33","M. sinensis",37,0.343270049316268,10.4903587687005
"Sparse25",5,0,"Raw","M3","ABR33","M. x gig",20,0.218849992280531,6.82183483552672
"Sparse25",5,0,"Raw","M3","JKI","M. sacchariflorus",42,0.485062999077331,3.09679213412368
"Sparse25",5,0,"Raw","M3","JKI","M. sinensis",38,0.426368157583646,6.16506898014682
"Sparse25",5,0,"Raw","M3","JKI","M. x gig",19,0.193696082368765,5.18113736022528
"Sparse25",5,5,"Group_adjusted","M1","ABR33","M. sacchariflorus",45,0.37243944994787,7.00527140357914
"Sparse25",5,5,"Group_adjusted","M1","ABR33","M. sinensis",39,0.391374060903949,11.9874251451202
"Sparse25",5,5,"Group_adjusted","M1","ABR33","M. x gig",16,0.11064692050443,6.7774400517656
"Sparse25",5,5,"Group_adjusted","M1","JKI","M. sacchariflorus",48,-0.0566089030164649,3.60223646853145
"Sparse25",5,5,"Group_adjusted","M1","JKI","M. sinensis",31,0.365129135338982,6.83109580703537
"Sparse25",5,5,"Group_adjusted","M1","JKI","M. x gig",20,0.435745616136092,6.12415525766203
"Sparse25",5,5,"Group_adjusted","M2","ABR33","M. sacchariflorus",45,0.361862157290822,6.9375997846103
"Sparse25",5,5,"Group_adjusted","M2","ABR33","M. sinensis",39,0.440320355497727,11.6462932008315
"Sparse25",5,5,"Group_adjusted","M2","ABR33","M. x gig",16,0.29088397729488,6.51368041242102
"Sparse25",5,5,"Group_adjusted","M2","JKI","M. sacchariflorus",48,0.0668155681910594,3.52307028668874
"Sparse25",5,5,"Group_adjusted","M2","JKI","M. sinensis",31,0.393477489073974,6.6887714954989
"Sparse25",5,5,"Group_adjusted","M2","JKI","M. x gig",20,0.482928144221766,6.32433976074022
"Sparse25",5,5,"Group_adjusted","M3","ABR33","M. sacchariflorus",45,0.339776066828723,6.9819030949004
"Sparse25",5,5,"Group_adjusted","M3","ABR33","M. sinensis",39,0.425317289112861,11.6550250499943
"Sparse25",5,5,"Group_adjusted","M3","ABR33","M. x gig",16,0.453084287839092,6.20504621012325
"Sparse25",5,5,"Group_adjusted","M3","JKI","M. sacchariflorus",48,0.137618645987898,3.48031686497577
"Sparse25",5,5,"Group_adjusted","M3","JKI","M. sinensis",31,0.381687349036577,6.73388139581712
"Sparse25",5,5,"Group_adjusted","M3","JKI","M. x gig",20,0.492589691964106,6.39018067231869
"Sparse25",5,5,"Raw","M1","ABR33","M. sacchariflorus",45,0.257167379099389,7.32735012175162
"Sparse25",5,5,"Raw","M1","ABR33","M. sinensis",39,0.377017201631673,12.750528680031
"Sparse25",5,5,"Raw","M1","ABR33","M. x gig",16,0.142961791901975,6.06185023684113
"Sparse25",5,5,"Raw","M1","JKI","M. sacchariflorus",48,-0.15395699496643,5.59064435796431
"Sparse25",5,5,"Raw","M1","JKI","M. sinensis",31,0.340318664860193,7.14271391858686
"Sparse25",5,5,"Raw","M1","JKI","M. x gig",20,0.494514077649412,4.20727399347064
"Sparse25",5,5,"Raw","M2","ABR33","M. sacchariflorus",45,0.388591799036865,6.94231593348466
"Sparse25",5,5,"Raw","M2","ABR33","M. sinensis",39,0.408021053499379,11.4172859412322
"Sparse25",5,5,"Raw","M2","ABR33","M. x gig",16,0.227521943130318,6.00368260757936
"Sparse25",5,5,"Raw","M2","JKI","M. sacchariflorus",48,-0.048862414731834,4.1385824822298
"Sparse25",5,5,"Raw","M2","JKI","M. sinensis",31,0.365553057298198,6.7605753284721
"Sparse25",5,5,"Raw","M2","JKI","M. x gig",20,0.528976408119852,4.01205919171581
"Sparse25",5,5,"Raw","M3","ABR33","M. sacchariflorus",45,0.383623607254997,6.93804998656722
"Sparse25",5,5,"Raw","M3","ABR33","M. sinensis",39,0.38316125879554,11.5061908739518
"Sparse25",5,5,"Raw","M3","ABR33","M. x gig",16,0.320331774823808,5.99766186060242
"Sparse25",5,5,"Raw","M3","JKI","M. sacchariflorus",48,0.0167470712238492,4.00153287829041
"Sparse25",5,5,"Raw","M3","JKI","M. sinensis",31,0.342039119128107,6.80249638243511
"Sparse25",5,5,"Raw","M3","JKI","M. x gig",20,0.538982465930162,4.00581228709749
"Sparse25",5,10,"Group_adjusted","M1","ABR33","M. sacchariflorus",46,0.186070145405201,5.57675106350566
"Sparse25",5,10,"Group_adjusted","M1","ABR33","M. sinensis",40,0.298766944817009,11.7489703444299
"Sparse25",5,10,"Group_adjusted","M1","ABR33","M. x gig",14,0.109313783818491,6.98322005117525
"Sparse25",5,10,"Group_adjusted","M1","JKI","M. sacchariflorus",46,0.514980745169097,3.23281393381747
"Sparse25",5,10,"Group_adjusted","M1","JKI","M. sinensis",34,0.239466302119427,7.75567558865198
"Sparse25",5,10,"Group_adjusted","M1","JKI","M. x gig",19,0.338341305179461,4.75660661768165
"Sparse25",5,10,"Group_adjusted","M2","ABR33","M. sacchariflorus",46,0.104288401940835,5.56517461132859
"Sparse25",5,10,"Group_adjusted","M2","ABR33","M. sinensis",40,0.385910784205188,11.4964005779386
"Sparse25",5,10,"Group_adjusted","M2","ABR33","M. x gig",14,0.205730241542041,6.61135512518567
"Sparse25",5,10,"Group_adjusted","M2","JKI","M. sacchariflorus",46,0.561839369750464,2.99756605497718
"Sparse25",5,10,"Group_adjusted","M2","JKI","M. sinensis",34,0.512728787688927,7.69078021222823
"Sparse25",5,10,"Group_adjusted","M2","JKI","M. x gig",19,0.346133048977233,4.7470238889418
"Sparse25",5,10,"Group_adjusted","M3","ABR33","M. sacchariflorus",46,0.0946727829474024,5.57326331830936
"Sparse25",5,10,"Group_adjusted","M3","ABR33","M. sinensis",40,0.410819770087508,11.5454697463861
"Sparse25",5,10,"Group_adjusted","M3","ABR33","M. x gig",14,0.139809210398491,6.62898648429753
"Sparse25",5,10,"Group_adjusted","M3","JKI","M. sacchariflorus",46,0.596158753994947,3.01290889775952
"Sparse25",5,10,"Group_adjusted","M3","JKI","M. sinensis",34,0.392930945711885,7.71439294327732
"Sparse25",5,10,"Group_adjusted","M3","JKI","M. x gig",19,0.383357513237025,4.66338038552767
"Sparse25",5,10,"Raw","M1","ABR33","M. sacchariflorus",46,0.24136555310693,8.32353973866898
"Sparse25",5,10,"Raw","M1","ABR33","M. sinensis",40,0.379850265865299,9.99524088621447
"Sparse25",5,10,"Raw","M1","ABR33","M. x gig",14,0.146750736602802,6.5516499749449
"Sparse25",5,10,"Raw","M1","JKI","M. sacchariflorus",46,0.45413813924663,5.35430732372123
"Sparse25",5,10,"Raw","M1","JKI","M. sinensis",34,0.239466302119427,7.16897123533149
"Sparse25",5,10,"Raw","M1","JKI","M. x gig",19,0.353845231215766,4.77593467530153
"Sparse25",5,10,"Raw","M2","ABR33","M. sacchariflorus",46,0.380084798276632,6.15526964260157
"Sparse25",5,10,"Raw","M2","ABR33","M. sinensis",40,0.279882786681249,10.0579096132022
"Sparse25",5,10,"Raw","M2","ABR33","M. x gig",14,0.2499494917273,6.40201157444836
"Sparse25",5,10,"Raw","M2","JKI","M. sacchariflorus",46,0.507553484346808,3.1338418577155
"Sparse25",5,10,"Raw","M2","JKI","M. sinensis",34,0.267399589808264,7.74041026337019
"Sparse25",5,10,"Raw","M2","JKI","M. x gig",19,0.333760687089634,4.80903052005677
"Sparse25",5,10,"Raw","M3","ABR33","M. sacchariflorus",46,0.37197232181729,5.75880772285093
"Sparse25",5,10,"Raw","M3","ABR33","M. sinensis",40,0.275518266743141,10.3659479790651
"Sparse25",5,10,"Raw","M3","ABR33","M. x gig",14,0.173369372492585,6.47331734620212
"Sparse25",5,10,"Raw","M3","JKI","M. sacchariflorus",46,0.537476228329175,3.11540175600522
"Sparse25",5,10,"Raw","M3","JKI","M. sinensis",34,0.168522186477442,7.70289140686314
"Sparse25",5,10,"Raw","M3","JKI","M. x gig",19,0.378416488061445,4.66518694894445
"Sparse25",5,15,"Group_adjusted","M1","ABR33","M. sacchariflorus",48,0.15571708572483,6.87504175238324
"Sparse25",5,15,"Group_adjusted","M1","ABR33","M. sinensis",39,0.239117581771592,10.6970970265418
"Sparse25",5,15,"Group_adjusted","M1","ABR33","M. x gig",13,-0.119393089929857,6.53973840104091
"Sparse25",5,15,"Group_adjusted","M1","JKI","M. sacchariflorus",46,0.0363804149867636,3.69993166620913
"Sparse25",5,15,"Group_adjusted","M1","JKI","M. sinensis",39,0.177194881514686,7.87931570836214
"Sparse25",5,15,"Group_adjusted","M1","JKI","M. x gig",14,0.186507030971562,6.00316668149831
"Sparse25",5,15,"Group_adjusted","M2","ABR33","M. sacchariflorus",48,0.123634634135705,6.89122335335347
"Sparse25",5,15,"Group_adjusted","M2","ABR33","M. sinensis",39,0.349062202812735,10.534320020394
"Sparse25",5,15,"Group_adjusted","M2","ABR33","M. x gig",13,0.455103904002955,6.09261580248625
"Sparse25",5,15,"Group_adjusted","M2","JKI","M. sacchariflorus",46,0.073725353248419,3.70762370516363
"Sparse25",5,15,"Group_adjusted","M2","JKI","M. sinensis",39,0.268104398927544,7.78770271491579
"Sparse25",5,15,"Group_adjusted","M2","JKI","M. x gig",14,0.381116037567936,5.4897954332783
"Sparse25",5,15,"Group_adjusted","M3","ABR33","M. sacchariflorus",48,0.142085646355998,6.85691864361668
"Sparse25",5,15,"Group_adjusted","M3","ABR33","M. sinensis",39,0.34822375454029,10.6137970171701
"Sparse25",5,15,"Group_adjusted","M3","ABR33","M. x gig",13,0.4406335655599,6.00640901632117
"Sparse25",5,15,"Group_adjusted","M3","JKI","M. sacchariflorus",46,0.210859031307931,3.59426753482426
"Sparse25",5,15,"Group_adjusted","M3","JKI","M. sinensis",39,0.248109185285988,7.87341248510455
"Sparse25",5,15,"Group_adjusted","M3","JKI","M. x gig",14,0.399326009649681,5.34911234747233
"Sparse25",5,15,"Raw","M1","ABR33","M. sacchariflorus",48,0.192380059293442,8.93886565722648
"Sparse25",5,15,"Raw","M1","ABR33","M. sinensis",39,0.25621040277125,10.7270255219797
"Sparse25",5,15,"Raw","M1","ABR33","M. x gig",13,-0.119393089929857,6.30652161592002
"Sparse25",5,15,"Raw","M1","JKI","M. sacchariflorus",46,-0.0176604211359992,6.79854301460373
"Sparse25",5,15,"Raw","M1","JKI","M. sinensis",39,0.196551506292513,6.57741094570037
"Sparse25",5,15,"Raw","M1","JKI","M. x gig",14,0.195168066702023,5.46174544246399
"Sparse25",5,15,"Raw","M2","ABR33","M. sacchariflorus",48,0.22281203264016,7.16680742089715
"Sparse25",5,15,"Raw","M2","ABR33","M. sinensis",39,0.294819395907088,10.2781574183652
"Sparse25",5,15,"Raw","M2","ABR33","M. x gig",13,0.550426493867794,5.75415055463293
"Sparse25",5,15,"Raw","M2","JKI","M. sacchariflorus",46,-0.0159156048229514,4.55638227304328
"Sparse25",5,15,"Raw","M2","JKI","M. sinensis",39,0.248910976120353,7.67290841164078
"Sparse25",5,15,"Raw","M2","JKI","M. x gig",14,0.38357032955139,5.05311452288257
"Sparse25",5,15,"Raw","M3","ABR33","M. sacchariflorus",48,0.223696995555637,7.02837475879977
"Sparse25",5,15,"Raw","M3","ABR33","M. sinensis",39,0.265455710428044,10.3893448109857
"Sparse25",5,15,"Raw","M3","ABR33","M. x gig",13,0.571746150257523,5.70044058252548
"Sparse25",5,15,"Raw","M3","JKI","M. sacchariflorus",46,0.0918845026147395,4.31786117892587
"Sparse25",5,15,"Raw","M3","JKI","M. sinensis",39,0.208914553627657,7.83626109155052
"Sparse25",5,15,"Raw","M3","JKI","M. x gig",14,0.392757118003038,5.00032301459101
"Sparse25",5,20,"Group_adjusted","M1","ABR33","M. sacchariflorus",46,0.0370221445855263,7.16457078226986
"Sparse25",5,20,"Group_adjusted","M1","ABR33","M. sinensis",39,0.246173464189974,10.5392213463863
"Sparse25",5,20,"Group_adjusted","M1","ABR33","M. x gig",15,NA,9.04370289601878
"Sparse25",5,20,"Group_adjusted","M1","JKI","M. sacchariflorus",44,NA,3.63713647724815
"Sparse25",5,20,"Group_adjusted","M1","JKI","M. sinensis",39,0.237551794127344,6.96507479135417
"Sparse25",5,20,"Group_adjusted","M1","JKI","M. x gig",16,0.411449035676337,5.26322287650211
"Sparse25",5,20,"Group_adjusted","M2","ABR33","M. sacchariflorus",46,-0.0248070292080804,7.1218000432596
"Sparse25",5,20,"Group_adjusted","M2","ABR33","M. sinensis",39,0.302191607212045,10.442390382848
"Sparse25",5,20,"Group_adjusted","M2","ABR33","M. x gig",15,0.200306598349191,9.04003706104846
"Sparse25",5,20,"Group_adjusted","M2","JKI","M. sacchariflorus",44,0.231542013448536,3.58482099805069
"Sparse25",5,20,"Group_adjusted","M2","JKI","M. sinensis",39,0.297405538557849,6.86884657360846
"Sparse25",5,20,"Group_adjusted","M2","JKI","M. x gig",16,0.669331605548454,5.13450768380634
"Sparse25",5,20,"Group_adjusted","M3","ABR33","M. sacchariflorus",46,-0.0243776038734236,7.11840023281039
"Sparse25",5,20,"Group_adjusted","M3","ABR33","M. sinensis",39,0.265375994798601,10.486449157894
"Sparse25",5,20,"Group_adjusted","M3","ABR33","M. x gig",15,0.381152638247669,8.9892911948415
"Sparse25",5,20,"Group_adjusted","M3","JKI","M. sacchariflorus",44,0.223448585495548,3.60220167203957
"Sparse25",5,20,"Group_adjusted","M3","JKI","M. sinensis",39,0.322068281896112,6.87442316097595
"Sparse25",5,20,"Group_adjusted","M3","JKI","M. x gig",16,0.569773794142949,5.01671148797008
"Sparse25",5,20,"Raw","M1","ABR33","M. sacchariflorus",46,0.0266109295231963,7.14516204152814
"Sparse25",5,20,"Raw","M1","ABR33","M. sinensis",39,0.13579608271482,12.6644417740216
"Sparse25",5,20,"Raw","M1","ABR33","M. x gig",15,NA,8.3079271953538
"Sparse25",5,20,"Raw","M1","JKI","M. sacchariflorus",44,NA,4.88477332679615
"Sparse25",5,20,"Raw","M1","JKI","M. sinensis",39,0.062016680210549,7.53939899462231
"Sparse25",5,20,"Raw","M1","JKI","M. x gig",16,0.411449035676337,4.55042421531331
"Sparse25",5,20,"Raw","M2","ABR33","M. sacchariflorus",46,0.153398152988206,6.820352073692
"Sparse25",5,20,"Raw","M2","ABR33","M. sinensis",39,0.168568618918328,11.0788260086088
"Sparse25",5,20,"Raw","M2","ABR33","M. x gig",15,0.312226429751343,8.38365638178999
"Sparse25",5,20,"Raw","M2","JKI","M. sacchariflorus",44,0.151689974131068,3.62458005573128
"Sparse25",5,20,"Raw","M2","JKI","M. sinensis",39,0.0940724204515646,7.04264959305522
"Sparse25",5,20,"Raw","M2","JKI","M. x gig",16,0.641313664548549,4.4350748326664
"Sparse25",5,20,"Raw","M3","ABR33","M. sacchariflorus",46,0.197677155169325,6.89631466608311
"Sparse25",5,20,"Raw","M3","ABR33","M. sinensis",39,0.0656411063499749,11.032822193269
"Sparse25",5,20,"Raw","M3","ABR33","M. x gig",15,0.501954085229344,8.33001305601505
"Sparse25",5,20,"Raw","M3","JKI","M. sacchariflorus",44,0.172989291595621,3.75275861775329
"Sparse25",5,20,"Raw","M3","JKI","M. sinensis",39,0.125568954517373,6.96212057441248
"Sparse25",5,20,"Raw","M3","JKI","M. x gig",16,0.665161001622737,4.34141239481141
"Sparse25",5,25,"Group_adjusted","M1","ABR33","M. sacchariflorus",47,NA,5.71032247743138
"Sparse25",5,25,"Group_adjusted","M1","ABR33","M. sinensis",38,NA,10.0574450967511
"Sparse25",5,25,"Group_adjusted","M1","ABR33","M. x gig",15,NA,7.65284386345136
"Sparse25",5,25,"Group_adjusted","M1","JKI","M. sacchariflorus",47,NA,3.7519975941724
"Sparse25",5,25,"Group_adjusted","M1","JKI","M. sinensis",37,NA,6.83511999831099
"Sparse25",5,25,"Group_adjusted","M1","JKI","M. x gig",15,NA,5.14292390836399
"Sparse25",5,25,"Group_adjusted","M2","ABR33","M. sacchariflorus",47,0.0230605803269306,5.76665019966102
"Sparse25",5,25,"Group_adjusted","M2","ABR33","M. sinensis",38,0.400100321916906,9.94100420835327
"Sparse25",5,25,"Group_adjusted","M2","ABR33","M. x gig",15,0.536819189083776,7.35330341156937
"Sparse25",5,25,"Group_adjusted","M2","JKI","M. sacchariflorus",47,0.247536860503192,3.85253941353222
"Sparse25",5,25,"Group_adjusted","M2","JKI","M. sinensis",37,0.313968607235945,6.71704284075651
"Sparse25",5,25,"Group_adjusted","M2","JKI","M. x gig",15,0.495220329079984,4.86702900785159
"Sparse25",5,25,"Group_adjusted","M3","ABR33","M. sacchariflorus",47,0.112885548899516,5.70545432464547
"Sparse25",5,25,"Group_adjusted","M3","ABR33","M. sinensis",38,0.433816265054925,9.71803758710062
"Sparse25",5,25,"Group_adjusted","M3","ABR33","M. x gig",15,0.426498372951271,7.4822608845118
"Sparse25",5,25,"Group_adjusted","M3","JKI","M. sacchariflorus",47,0.367835268289128,3.83667948055542
"Sparse25",5,25,"Group_adjusted","M3","JKI","M. sinensis",37,0.238299609581161,6.76217736111736
"Sparse25",5,25,"Group_adjusted","M3","JKI","M. x gig",15,0.423854983097103,4.94833948067512
"Sparse25",5,25,"Raw","M1","ABR33","M. sacchariflorus",47,NA,7.29304377262341
"Sparse25",5,25,"Raw","M1","ABR33","M. sinensis",38,NA,10.9552402819835
"Sparse25",5,25,"Raw","M1","ABR33","M. x gig",15,NA,7.11099119323802
"Sparse25",5,25,"Raw","M1","JKI","M. sacchariflorus",47,NA,5.10813676419235
"Sparse25",5,25,"Raw","M1","JKI","M. sinensis",37,NA,7.40602283651625
"Sparse25",5,25,"Raw","M1","JKI","M. x gig",15,NA,4.1392915242133
"Sparse25",5,25,"Raw","M2","ABR33","M. sacchariflorus",47,0.167425612711918,6.16059541463837
"Sparse25",5,25,"Raw","M2","ABR33","M. sinensis",38,0.26120036806548,9.9294468658754
"Sparse25",5,25,"Raw","M2","ABR33","M. x gig",15,0.535566734668692,6.86978352794484
"Sparse25",5,25,"Raw","M2","JKI","M. sacchariflorus",47,0.15808261043213,3.75587048742642
"Sparse25",5,25,"Raw","M2","JKI","M. sinensis",37,0.208035335365656,6.74871036386181
"Sparse25",5,25,"Raw","M2","JKI","M. x gig",15,0.467839620804048,4.03043805020722
"Sparse25",5,25,"Raw","M3","ABR33","M. sacchariflorus",47,0.247375786237622,5.70473352144413
"Sparse25",5,25,"Raw","M3","ABR33","M. sinensis",38,0.331935109730507,9.80691519822452
"Sparse25",5,25,"Raw","M3","ABR33","M. x gig",15,0.29636871626255,7.07006788911203
"Sparse25",5,25,"Raw","M3","JKI","M. sacchariflorus",47,0.327692624099645,4.12063443068133
"Sparse25",5,25,"Raw","M3","JKI","M. sinensis",37,0.181755782688052,6.89017431354628
"Sparse25",5,25,"Raw","M3","JKI","M. x gig",15,0.468379854758193,4.01766342354941
"Sparse25",6,0,"Group_adjusted","M1","ABR33","M. sacchariflorus",44,0.294266399351362,6.94584149723132
"Sparse25",6,0,"Group_adjusted","M1","ABR33","M. sinensis",39,0.409229064295361,10.8980105920536
"Sparse25",6,0,"Group_adjusted","M1","ABR33","M. x gig",17,0.5619140345812,6.98949006449592
"Sparse25",6,0,"Group_adjusted","M1","JKI","M. sacchariflorus",43,0.146591331178918,3.79057243664831
"Sparse25",6,0,"Group_adjusted","M1","JKI","M. sinensis",39,0.367923894298986,6.57168777742326
"Sparse25",6,0,"Group_adjusted","M1","JKI","M. x gig",17,0.434853062562081,5.90233518130678
"Sparse25",6,0,"Group_adjusted","M2","ABR33","M. sacchariflorus",44,0.278463265717852,6.88729262549017
"Sparse25",6,0,"Group_adjusted","M2","ABR33","M. sinensis",39,0.499401399572833,10.593625806092
"Sparse25",6,0,"Group_adjusted","M2","ABR33","M. x gig",17,0.615875514122666,6.6827980224414
"Sparse25",6,0,"Group_adjusted","M2","JKI","M. sacchariflorus",43,0.27155772723635,3.79528166247492
"Sparse25",6,0,"Group_adjusted","M2","JKI","M. sinensis",39,0.417241723480654,6.3721015535811
"Sparse25",6,0,"Group_adjusted","M2","JKI","M. x gig",17,0.522275167656849,5.87121382161912
"Sparse25",6,0,"Group_adjusted","M3","ABR33","M. sacchariflorus",44,0.248379224279554,6.92136167268028
"Sparse25",6,0,"Group_adjusted","M3","ABR33","M. sinensis",39,0.523231085392023,10.5000551093745
"Sparse25",6,0,"Group_adjusted","M3","ABR33","M. x gig",17,0.671626468389168,6.58456771932359
"Sparse25",6,0,"Group_adjusted","M3","JKI","M. sacchariflorus",43,0.309151975479989,3.75880639287502
"Sparse25",6,0,"Group_adjusted","M3","JKI","M. sinensis",39,0.42873508006199,6.43003429826058
"Sparse25",6,0,"Group_adjusted","M3","JKI","M. x gig",17,0.629269071945045,6.00734093838024
"Sparse25",6,0,"Raw","M1","ABR33","M. sacchariflorus",44,0.227381194638417,7.21415157299593
"Sparse25",6,0,"Raw","M1","ABR33","M. sinensis",39,0.400141680040791,12.8433064631874
"Sparse25",6,0,"Raw","M1","ABR33","M. x gig",17,0.490005670695129,7.58920682087081
"Sparse25",6,0,"Raw","M1","JKI","M. sacchariflorus",43,0.180861824205881,4.69168796203463
"Sparse25",6,0,"Raw","M1","JKI","M. sinensis",39,0.305815871967439,7.31891213409773
"Sparse25",6,0,"Raw","M1","JKI","M. x gig",17,0.479350376990002,4.53955677552809
"Sparse25",6,0,"Raw","M2","ABR33","M. sacchariflorus",44,0.309577174100515,6.86795321855188
"Sparse25",6,0,"Raw","M2","ABR33","M. sinensis",39,0.480989927776592,11.2603030178629
"Sparse25",6,0,"Raw","M2","ABR33","M. x gig",17,0.575971587643077,7.32871565519093
"Sparse25",6,0,"Raw","M2","JKI","M. sacchariflorus",43,0.243143779033699,3.8123838376001
"Sparse25",6,0,"Raw","M2","JKI","M. sinensis",39,0.380710282247632,6.40886363501031
"Sparse25",6,0,"Raw","M2","JKI","M. x gig",17,0.576635249365996,4.11763985830154
"Sparse25",6,0,"Raw","M3","ABR33","M. sacchariflorus",44,0.28497274682555,6.87318859430556
"Sparse25",6,0,"Raw","M3","ABR33","M. sinensis",39,0.488123000050951,10.9542280759145
"Sparse25",6,0,"Raw","M3","ABR33","M. x gig",17,0.658149638724347,7.20577339834416
"Sparse25",6,0,"Raw","M3","JKI","M. sacchariflorus",43,0.288970703129793,3.86005342583679
"Sparse25",6,0,"Raw","M3","JKI","M. sinensis",39,0.400716855406105,6.53226952177585
"Sparse25",6,0,"Raw","M3","JKI","M. x gig",17,0.663587807401396,4.20274982838381
"Sparse25",6,5,"Group_adjusted","M1","ABR33","M. sacchariflorus",47,0.282201336552559,6.45145946222601
"Sparse25",6,5,"Group_adjusted","M1","ABR33","M. sinensis",35,0.34163786202777,11.7491131506277
"Sparse25",6,5,"Group_adjusted","M1","ABR33","M. x gig",18,0.550278911880759,6.55400220903373
"Sparse25",6,5,"Group_adjusted","M1","JKI","M. sacchariflorus",45,0.156559416423648,3.90842671211106
"Sparse25",6,5,"Group_adjusted","M1","JKI","M. sinensis",36,0.446193439481418,7.34903812683115
"Sparse25",6,5,"Group_adjusted","M1","JKI","M. x gig",18,0.475009623138861,4.62402934941382
"Sparse25",6,5,"Group_adjusted","M2","ABR33","M. sacchariflorus",47,0.250769930212465,6.43339633052992
"Sparse25",6,5,"Group_adjusted","M2","ABR33","M. sinensis",35,0.449542800869169,11.5406706984086
"Sparse25",6,5,"Group_adjusted","M2","ABR33","M. x gig",18,0.6065443629395,6.28199133919362
"Sparse25",6,5,"Group_adjusted","M2","JKI","M. sacchariflorus",45,0.195468816765693,3.86640561963971
"Sparse25",6,5,"Group_adjusted","M2","JKI","M. sinensis",36,0.492909645535573,7.0385686377368
"Sparse25",6,5,"Group_adjusted","M2","JKI","M. x gig",18,0.561845989382114,4.26893319517047
"Sparse25",6,5,"Group_adjusted","M3","ABR33","M. sacchariflorus",47,0.259400920249411,6.44359866667201
"Sparse25",6,5,"Group_adjusted","M3","ABR33","M. sinensis",35,0.494159845800864,11.4245507653666
"Sparse25",6,5,"Group_adjusted","M3","ABR33","M. x gig",18,0.577125251553605,6.31881509175447
"Sparse25",6,5,"Group_adjusted","M3","JKI","M. sacchariflorus",45,0.240748291748479,3.88543722506893
"Sparse25",6,5,"Group_adjusted","M3","JKI","M. sinensis",36,0.501183358546403,7.12813741814619
"Sparse25",6,5,"Group_adjusted","M3","JKI","M. x gig",18,0.584050143152448,4.25898532968354
"Sparse25",6,5,"Raw","M1","ABR33","M. sacchariflorus",47,0.147526475413567,6.88305284409896
"Sparse25",6,5,"Raw","M1","ABR33","M. sinensis",35,0.384156479049264,12.9450695492328
"Sparse25",6,5,"Raw","M1","ABR33","M. x gig",18,0.56173814955452,6.89318698039399
"Sparse25",6,5,"Raw","M1","JKI","M. sacchariflorus",45,0.0865503873513884,6.59012476558989
"Sparse25",6,5,"Raw","M1","JKI","M. sinensis",36,0.404809023668342,6.7082156956419
"Sparse25",6,5,"Raw","M1","JKI","M. x gig",18,0.451320425996211,4.60779880130592
"Sparse25",6,5,"Raw","M2","ABR33","M. sacchariflorus",47,0.273597849231928,6.40207665932156
"Sparse25",6,5,"Raw","M2","ABR33","M. sinensis",35,0.405947677174855,11.6312616728786
"Sparse25",6,5,"Raw","M2","ABR33","M. x gig",18,0.585447903264008,6.77065000934599
"Sparse25",6,5,"Raw","M2","JKI","M. sacchariflorus",45,0.149531543489702,4.91808846000394
"Sparse25",6,5,"Raw","M2","JKI","M. sinensis",36,0.460959746173011,6.66654011241922
"Sparse25",6,5,"Raw","M2","JKI","M. x gig",18,0.459909192118177,4.35958727998268
"Sparse25",6,5,"Raw","M3","ABR33","M. sacchariflorus",47,0.291969461550359,6.40920928061356
"Sparse25",6,5,"Raw","M3","ABR33","M. sinensis",35,0.417743688921473,11.6579321621321
"Sparse25",6,5,"Raw","M3","ABR33","M. x gig",18,0.565106180864263,6.88721501279893
"Sparse25",6,5,"Raw","M3","JKI","M. sacchariflorus",45,0.181394496297111,4.66016683216443
"Sparse25",6,5,"Raw","M3","JKI","M. sinensis",36,0.440229839938625,6.96387966250044
"Sparse25",6,5,"Raw","M3","JKI","M. x gig",18,0.439544769397208,4.39512610650296
"Sparse25",6,10,"Group_adjusted","M1","ABR33","M. sacchariflorus",42,-0.018395743507104,7.88631290480466
"Sparse25",6,10,"Group_adjusted","M1","ABR33","M. sinensis",39,0.47000475108846,10.8017212674033
"Sparse25",6,10,"Group_adjusted","M1","ABR33","M. x gig",19,-0.0928066842238638,8.00912952105183
"Sparse25",6,10,"Group_adjusted","M1","JKI","M. sacchariflorus",44,0.172405885193355,3.87097694811395
"Sparse25",6,10,"Group_adjusted","M1","JKI","M. sinensis",35,0.298802607027316,7.27617458928224
"Sparse25",6,10,"Group_adjusted","M1","JKI","M. x gig",20,0.202850858177661,6.56498958684338
"Sparse25",6,10,"Group_adjusted","M2","ABR33","M. sacchariflorus",42,-0.050181303894321,7.92417794759756
"Sparse25",6,10,"Group_adjusted","M2","ABR33","M. sinensis",39,0.537613994360809,10.5627866980934
"Sparse25",6,10,"Group_adjusted","M2","ABR33","M. x gig",19,0.0275456070669758,8.01741391715904
"Sparse25",6,10,"Group_adjusted","M2","JKI","M. sacchariflorus",44,0.236575237859024,3.82469745834216
"Sparse25",6,10,"Group_adjusted","M2","JKI","M. sinensis",35,0.383467613467981,7.07177362664607
"Sparse25",6,10,"Group_adjusted","M2","JKI","M. x gig",20,0.175852009955994,6.50454694925454
"Sparse25",6,10,"Group_adjusted","M3","ABR33","M. sacchariflorus",42,0.080845219140016,7.80240710919263
"Sparse25",6,10,"Group_adjusted","M3","ABR33","M. sinensis",39,0.559039743905756,10.4911938366471
"Sparse25",6,10,"Group_adjusted","M3","ABR33","M. x gig",19,-0.161509063810248,7.97695007085364
"Sparse25",6,10,"Group_adjusted","M3","JKI","M. sacchariflorus",44,0.403862683793098,3.78034346520105
"Sparse25",6,10,"Group_adjusted","M3","JKI","M. sinensis",35,0.404043307672852,7.05535985655243
"Sparse25",6,10,"Group_adjusted","M3","JKI","M. x gig",20,0.0801780519276369,6.6398136488584
"Sparse25",6,10,"Raw","M1","ABR33","M. sacchariflorus",42,0.161619322270367,7.00449510160364
"Sparse25",6,10,"Raw","M1","ABR33","M. sinensis",39,0.42889706495757,14.0138940529101
"Sparse25",6,10,"Raw","M1","ABR33","M. x gig",19,0.113023197405999,8.85226414078045
"Sparse25",6,10,"Raw","M1","JKI","M. sacchariflorus",44,0.276195121229448,3.93762300811598
"Sparse25",6,10,"Raw","M1","JKI","M. sinensis",35,0.243303994191693,8.15227616365026
"Sparse25",6,10,"Raw","M1","JKI","M. x gig",20,0.0784013888124505,5.55141849701033
"Sparse25",6,10,"Raw","M2","ABR33","M. sacchariflorus",42,0.110401171509042,7.43268984247565
"Sparse25",6,10,"Raw","M2","ABR33","M. sinensis",39,0.521246790166636,12.0065456913433
"Sparse25",6,10,"Raw","M2","ABR33","M. x gig",19,0.0737013475751094,8.74742360845265
"Sparse25",6,10,"Raw","M2","JKI","M. sacchariflorus",44,0.247818388984218,3.80113671448979
"Sparse25",6,10,"Raw","M2","JKI","M. sinensis",35,0.318772650287092,6.69985162520007
"Sparse25",6,10,"Raw","M2","JKI","M. x gig",20,-0.0743966958786527,5.67374627939067
"Sparse25",6,10,"Raw","M3","ABR33","M. sacchariflorus",42,0.2888596123919,7.51861118289258
"Sparse25",6,10,"Raw","M3","ABR33","M. sinensis",39,0.505567386866934,11.4298861092907
"Sparse25",6,10,"Raw","M3","ABR33","M. x gig",19,-0.102744686091247,8.62105832183045
"Sparse25",6,10,"Raw","M3","JKI","M. sacchariflorus",44,0.380877275811606,3.66344625175673
"Sparse25",6,10,"Raw","M3","JKI","M. sinensis",35,0.348489804937659,6.9894007561642
"Sparse25",6,10,"Raw","M3","JKI","M. x gig",20,-0.0753271552907813,5.78065111892399
"Sparse25",6,15,"Group_adjusted","M1","ABR33","M. sacchariflorus",43,0.363604917516313,6.90284776050536
"Sparse25",6,15,"Group_adjusted","M1","ABR33","M. sinensis",38,0.397407118436019,10.1704011384293
"Sparse25",6,15,"Group_adjusted","M1","ABR33","M. x gig",19,0.00166507032743616,7.47746758714087
"Sparse25",6,15,"Group_adjusted","M1","JKI","M. sacchariflorus",43,-0.00337636344309973,3.95959177940131
"Sparse25",6,15,"Group_adjusted","M1","JKI","M. sinensis",37,0.102331453497584,7.14384806545077
"Sparse25",6,15,"Group_adjusted","M1","JKI","M. x gig",19,0.336266494374367,4.8565448155237
"Sparse25",6,15,"Group_adjusted","M2","ABR33","M. sacchariflorus",43,0.335130412639773,6.90525590171452
"Sparse25",6,15,"Group_adjusted","M2","ABR33","M. sinensis",38,0.521351828796056,9.87334855372985
"Sparse25",6,15,"Group_adjusted","M2","ABR33","M. x gig",19,0.391373196178002,7.34828762218442
"Sparse25",6,15,"Group_adjusted","M2","JKI","M. sacchariflorus",43,-0.0230711076747828,4.07895100719614
"Sparse25",6,15,"Group_adjusted","M2","JKI","M. sinensis",37,0.171461472476228,7.09908214372158
"Sparse25",6,15,"Group_adjusted","M2","JKI","M. x gig",19,0.577014071427355,4.52658862565465
"Sparse25",6,15,"Group_adjusted","M3","ABR33","M. sacchariflorus",43,0.280054980966414,6.90429690744039
"Sparse25",6,15,"Group_adjusted","M3","ABR33","M. sinensis",38,0.55323269766419,9.77357528785327
"Sparse25",6,15,"Group_adjusted","M3","ABR33","M. x gig",19,0.623060562909548,7.06978808583363
"Sparse25",6,15,"Group_adjusted","M3","JKI","M. sacchariflorus",43,-0.0770123968421812,4.06216518737842
"Sparse25",6,15,"Group_adjusted","M3","JKI","M. sinensis",37,0.181503419460933,7.02319102747617
"Sparse25",6,15,"Group_adjusted","M3","JKI","M. x gig",19,0.660167965671839,4.41882908517395
"Sparse25",6,15,"Raw","M1","ABR33","M. sacchariflorus",43,0.289775674769786,7.63380999772093
"Sparse25",6,15,"Raw","M1","ABR33","M. sinensis",38,0.394780350153855,11.6228128238527
"Sparse25",6,15,"Raw","M1","ABR33","M. x gig",19,0.00166507032743616,6.89368432399087
"Sparse25",6,15,"Raw","M1","JKI","M. sacchariflorus",43,-0.194260847358586,5.92894513902891
"Sparse25",6,15,"Raw","M1","JKI","M. sinensis",37,0.0873921468952461,6.89932322265751
"Sparse25",6,15,"Raw","M1","JKI","M. x gig",19,0.336266494374367,4.76994963576354
"Sparse25",6,15,"Raw","M2","ABR33","M. sacchariflorus",43,0.395886239060269,6.91952399866823
"Sparse25",6,15,"Raw","M2","ABR33","M. sinensis",38,0.5241327968316,9.99624315068428
"Sparse25",6,15,"Raw","M2","ABR33","M. x gig",19,0.207018317242213,6.74107530800998
"Sparse25",6,15,"Raw","M2","JKI","M. sacchariflorus",43,-0.117424173445339,4.63535996017282
"Sparse25",6,15,"Raw","M2","JKI","M. sinensis",37,0.168858131716854,6.85614086376091
"Sparse25",6,15,"Raw","M2","JKI","M. x gig",19,0.476196083957478,4.55895553181427
"Sparse25",6,15,"Raw","M3","ABR33","M. sacchariflorus",43,0.353642721222673,6.88990937239626
"Sparse25",6,15,"Raw","M3","ABR33","M. sinensis",38,0.535468158490312,9.94514479749077
"Sparse25",6,15,"Raw","M3","ABR33","M. x gig",19,0.460997244587154,6.56431943296049
"Sparse25",6,15,"Raw","M3","JKI","M. sacchariflorus",43,-0.156044619584436,4.47007549606322
"Sparse25",6,15,"Raw","M3","JKI","M. sinensis",37,0.174384234461911,6.8964227875752
"Sparse25",6,15,"Raw","M3","JKI","M. x gig",19,0.537895032157386,4.45528267955822
"Sparse25",6,20,"Group_adjusted","M1","ABR33","M. sacchariflorus",46,0.0631464814173001,7.19692937531186
"Sparse25",6,20,"Group_adjusted","M1","ABR33","M. sinensis",37,0.223892610104285,10.2845989026314
"Sparse25",6,20,"Group_adjusted","M1","ABR33","M. x gig",17,-0.125525777133497,8.57515586089234
"Sparse25",6,20,"Group_adjusted","M1","JKI","M. sacchariflorus",45,0.173062310066206,3.90070762905369
"Sparse25",6,20,"Group_adjusted","M1","JKI","M. sinensis",37,0.31450660064056,6.80310480241466
"Sparse25",6,20,"Group_adjusted","M1","JKI","M. x gig",17,0.0519271069298603,5.2151141854241
"Sparse25",6,20,"Group_adjusted","M2","ABR33","M. sacchariflorus",46,0.078533717613867,7.18354295116059
"Sparse25",6,20,"Group_adjusted","M2","ABR33","M. sinensis",37,0.391730372299876,10.1641070427672
"Sparse25",6,20,"Group_adjusted","M2","ABR33","M. x gig",17,-0.166571901604924,8.6012161273232
"Sparse25",6,20,"Group_adjusted","M2","JKI","M. sacchariflorus",45,0.248128310081022,3.84451016743064
"Sparse25",6,20,"Group_adjusted","M2","JKI","M. sinensis",37,0.32793263506345,6.75239834821843
"Sparse25",6,20,"Group_adjusted","M2","JKI","M. x gig",17,0.141167659823021,5.16603962712462
"Sparse25",6,20,"Group_adjusted","M3","ABR33","M. sacchariflorus",46,0.0107056998609379,7.23370216837783
"Sparse25",6,20,"Group_adjusted","M3","ABR33","M. sinensis",37,0.419039425070392,10.1362295598311
"Sparse25",6,20,"Group_adjusted","M3","ABR33","M. x gig",17,-0.28850939124711,8.71152418642279
"Sparse25",6,20,"Group_adjusted","M3","JKI","M. sacchariflorus",45,0.261851099030216,3.95336809843554
"Sparse25",6,20,"Group_adjusted","M3","JKI","M. sinensis",37,0.327506934918931,6.80140544650272
"Sparse25",6,20,"Group_adjusted","M3","JKI","M. x gig",17,0.0279406046597713,5.26921882089048
"Sparse25",6,20,"Raw","M1","ABR33","M. sacchariflorus",46,0.0958540065731481,7.38895568714089
"Sparse25",6,20,"Raw","M1","ABR33","M. sinensis",37,0.223892610104285,11.545534568913
"Sparse25",6,20,"Raw","M1","ABR33","M. x gig",17,-0.125525777133497,7.84543836162925
"Sparse25",6,20,"Raw","M1","JKI","M. sacchariflorus",45,0.207500667787033,4.44706947158853
"Sparse25",6,20,"Raw","M1","JKI","M. sinensis",37,0.310571931447333,7.43308725088011
"Sparse25",6,20,"Raw","M1","JKI","M. x gig",17,0.0519271069298603,4.92933256400596
"Sparse25",6,20,"Raw","M2","ABR33","M. sacchariflorus",46,0.207948437810536,6.75006011749815
"Sparse25",6,20,"Raw","M2","ABR33","M. sinensis",37,0.344803376152674,10.0231162855159
"Sparse25",6,20,"Raw","M2","ABR33","M. x gig",17,-0.0935672356929864,7.88707466144044
"Sparse25",6,20,"Raw","M2","JKI","M. sacchariflorus",45,0.234565445434131,3.90568916736141
"Sparse25",6,20,"Raw","M2","JKI","M. sinensis",37,0.335220368659956,6.79983351188268
"Sparse25",6,20,"Raw","M2","JKI","M. x gig",17,0.180368316651881,4.94158370286334
"Sparse25",6,20,"Raw","M3","ABR33","M. sacchariflorus",46,0.183749597427419,6.93701703568964
"Sparse25",6,20,"Raw","M3","ABR33","M. sinensis",37,0.366629702836929,9.98897137895002
"Sparse25",6,20,"Raw","M3","ABR33","M. x gig",17,-0.19091030335757,8.04201515595362
"Sparse25",6,20,"Raw","M3","JKI","M. sacchariflorus",45,0.224122090805065,3.7725436203582
"Sparse25",6,20,"Raw","M3","JKI","M. sinensis",37,0.331396105950208,6.75641708104477
"Sparse25",6,20,"Raw","M3","JKI","M. x gig",17,-0.00668542871023452,5.03274588848881
"Sparse25",6,25,"Group_adjusted","M1","ABR33","M. sacchariflorus",48,NA,6.83517542932394
"Sparse25",6,25,"Group_adjusted","M1","ABR33","M. sinensis",35,NA,10.2474171494758
"Sparse25",6,25,"Group_adjusted","M1","ABR33","M. x gig",17,NA,8.87905860343754
"Sparse25",6,25,"Group_adjusted","M1","JKI","M. sacchariflorus",48,NA,3.7293313977985
"Sparse25",6,25,"Group_adjusted","M1","JKI","M. sinensis",34,NA,6.78842527971597
"Sparse25",6,25,"Group_adjusted","M1","JKI","M. x gig",17,NA,4.95160343882601
"Sparse25",6,25,"Group_adjusted","M2","ABR33","M. sacchariflorus",48,0.0384549847720823,6.87174528315836
"Sparse25",6,25,"Group_adjusted","M2","ABR33","M. sinensis",35,0.372763840534266,10.0976623057494
"Sparse25",6,25,"Group_adjusted","M2","ABR33","M. x gig",17,0.363640720655599,8.94677803328888
"Sparse25",6,25,"Group_adjusted","M2","JKI","M. sacchariflorus",48,0.136078839371045,3.7850391579327
"Sparse25",6,25,"Group_adjusted","M2","JKI","M. sinensis",34,0.304715325885651,6.63900701924871
"Sparse25",6,25,"Group_adjusted","M2","JKI","M. x gig",17,0.670446266553802,4.64487670980473
"Sparse25",6,25,"Group_adjusted","M3","ABR33","M. sacchariflorus",48,-0.0391423751388231,6.847538068411
"Sparse25",6,25,"Group_adjusted","M3","ABR33","M. sinensis",35,0.424665829642069,10.0097223558501
"Sparse25",6,25,"Group_adjusted","M3","ABR33","M. x gig",17,0.262080334533229,8.78187984350329
"Sparse25",6,25,"Group_adjusted","M3","JKI","M. sacchariflorus",48,0.265010797521877,3.68051037146424
"Sparse25",6,25,"Group_adjusted","M3","JKI","M. sinensis",34,0.286199880583347,6.61619952961385
"Sparse25",6,25,"Group_adjusted","M3","JKI","M. x gig",17,0.540939911030651,4.61834580301039
"Sparse25",6,25,"Raw","M1","ABR33","M. sacchariflorus",48,NA,7.88913872509205
"Sparse25",6,25,"Raw","M1","ABR33","M. sinensis",35,NA,11.6690497566399
"Sparse25",6,25,"Raw","M1","ABR33","M. x gig",17,NA,7.64675449847029
"Sparse25",6,25,"Raw","M1","JKI","M. sacchariflorus",48,NA,5.56919923263524
"Sparse25",6,25,"Raw","M1","JKI","M. sinensis",34,NA,6.96376860290602
"Sparse25",6,25,"Raw","M1","JKI","M. x gig",17,NA,4.92548741666627
"Sparse25",6,25,"Raw","M2","ABR33","M. sacchariflorus",48,0.185675552134452,6.74879633793861
"Sparse25",6,25,"Raw","M2","ABR33","M. sinensis",35,0.168567216475971,10.5554785006979
"Sparse25",6,25,"Raw","M2","ABR33","M. x gig",17,0.338681918404717,7.84945636605424
"Sparse25",6,25,"Raw","M2","JKI","M. sacchariflorus",48,-0.0120590280977366,3.72698642992954
"Sparse25",6,25,"Raw","M2","JKI","M. sinensis",34,0.141978389077213,6.69134170573995
"Sparse25",6,25,"Raw","M2","JKI","M. x gig",17,0.614208938883052,4.66769681861154
"Sparse25",6,25,"Raw","M3","ABR33","M. sacchariflorus",48,0.184227504874432,6.75043710766536
"Sparse25",6,25,"Raw","M3","ABR33","M. sinensis",35,0.245738059848698,10.3595564684967
"Sparse25",6,25,"Raw","M3","ABR33","M. x gig",17,0.313773008466886,7.81797716558508
"Sparse25",6,25,"Raw","M3","JKI","M. sacchariflorus",48,0.065352231916777,3.78491096325665
"Sparse25",6,25,"Raw","M3","JKI","M. sinensis",34,0.1476209530204,6.65811472390232
"Sparse25",6,25,"Raw","M3","JKI","M. x gig",17,0.557002472800209,4.60551206271587
"Sparse25",7,0,"Group_adjusted","M1","ABR33","M. sacchariflorus",47,0.2066107177106,7.12208766153264
"Sparse25",7,0,"Group_adjusted","M1","ABR33","M. sinensis",33,0.301284177830095,11.1382042259891
"Sparse25",7,0,"Group_adjusted","M1","ABR33","M. x gig",20,0.249564442020965,6.87000805084424
"Sparse25",7,0,"Group_adjusted","M1","JKI","M. sacchariflorus",41,0.0871485387501574,3.68135785108052
"Sparse25",7,0,"Group_adjusted","M1","JKI","M. sinensis",39,0.465171764832992,6.50681593165965
"Sparse25",7,0,"Group_adjusted","M1","JKI","M. x gig",19,0.432172757618858,5.48561488262352
"Sparse25",7,0,"Group_adjusted","M2","ABR33","M. sacchariflorus",47,0.17774540097022,7.19031865037752
"Sparse25",7,0,"Group_adjusted","M2","ABR33","M. sinensis",33,0.437125362129657,10.7760913192309
"Sparse25",7,0,"Group_adjusted","M2","ABR33","M. x gig",20,0.46163478768847,6.8043846018118
"Sparse25",7,0,"Group_adjusted","M2","JKI","M. sacchariflorus",41,0.16681803460339,3.76646316401562
"Sparse25",7,0,"Group_adjusted","M2","JKI","M. sinensis",39,0.514393968018669,6.21072847635292
"Sparse25",7,0,"Group_adjusted","M2","JKI","M. x gig",19,0.592946487322745,5.27508221221827
"Sparse25",7,0,"Group_adjusted","M3","ABR33","M. sacchariflorus",47,0.15425860088234,7.18512544318536
"Sparse25",7,0,"Group_adjusted","M3","ABR33","M. sinensis",33,0.544555483960009,10.7053258058262
"Sparse25",7,0,"Group_adjusted","M3","ABR33","M. x gig",20,0.429742057596966,6.75279357227512
"Sparse25",7,0,"Group_adjusted","M3","JKI","M. sacchariflorus",41,0.288152093068403,3.61759273124172
"Sparse25",7,0,"Group_adjusted","M3","JKI","M. sinensis",39,0.53477534428058,6.25561572842836
"Sparse25",7,0,"Group_adjusted","M3","JKI","M. x gig",19,0.558506216908923,5.27606429122668
"Sparse25",7,0,"Raw","M1","ABR33","M. sacchariflorus",47,0.271032103598492,8.41362945754853
"Sparse25",7,0,"Raw","M1","ABR33","M. sinensis",33,0.310015250332523,9.91591894441355
"Sparse25",7,0,"Raw","M1","ABR33","M. x gig",20,0.200713288085077,6.8571887103447
"Sparse25",7,0,"Raw","M1","JKI","M. sacchariflorus",41,0.290636983560122,4.87157094840414
"Sparse25",7,0,"Raw","M1","JKI","M. sinensis",39,0.495463186826378,6.73947717623057
"Sparse25",7,0,"Raw","M1","JKI","M. x gig",19,0.411447633765051,4.82050805879648
"Sparse25",7,0,"Raw","M2","ABR33","M. sacchariflorus",47,0.26780140533389,6.38778062033395
"Sparse25",7,0,"Raw","M2","ABR33","M. sinensis",33,0.319980156133095,9.68279011755354
"Sparse25",7,0,"Raw","M2","ABR33","M. x gig",20,0.27574479335019,6.66295433967728
"Sparse25",7,0,"Raw","M2","JKI","M. sacchariflorus",41,0.283443881495955,3.47181233605427
"Sparse25",7,0,"Raw","M2","JKI","M. sinensis",39,0.527692433530479,7.2044862645286
"Sparse25",7,0,"Raw","M2","JKI","M. x gig",19,0.359904672679342,4.83471672807846
"Sparse25",7,0,"Raw","M3","ABR33","M. sacchariflorus",47,0.316631866779379,6.61764674723468
"Sparse25",7,0,"Raw","M3","ABR33","M. sinensis",33,0.379385166385821,10.020019232734
"Sparse25",7,0,"Raw","M3","ABR33","M. x gig",20,0.246765727319842,6.7193081215134
"Sparse25",7,0,"Raw","M3","JKI","M. sacchariflorus",41,0.32768924148151,3.8418103828044
"Sparse25",7,0,"Raw","M3","JKI","M. sinensis",39,0.53722988177718,6.35836108450744
"Sparse25",7,0,"Raw","M3","JKI","M. x gig",19,0.322851037832977,4.86266583294711
"Sparse25",7,5,"Group_adjusted","M1","ABR33","M. sacchariflorus",45,0.108350960326898,7.05150695923162
"Sparse25",7,5,"Group_adjusted","M1","ABR33","M. sinensis",40,0.272878667152716,10.4345609244054
"Sparse25",7,5,"Group_adjusted","M1","ABR33","M. x gig",15,0.428437028170955,6.48281627352194
"Sparse25",7,5,"Group_adjusted","M1","JKI","M. sacchariflorus",42,0.416658477531446,3.57711654132091
"Sparse25",7,5,"Group_adjusted","M1","JKI","M. sinensis",40,0.213831951873887,7.11967319255275
"Sparse25",7,5,"Group_adjusted","M1","JKI","M. x gig",17,0.453876396539465,4.62359106970067
"Sparse25",7,5,"Group_adjusted","M2","ABR33","M. sacchariflorus",45,0.114253877977546,7.25665966247381
"Sparse25",7,5,"Group_adjusted","M2","ABR33","M. sinensis",40,0.375589529125179,10.2433784644985
"Sparse25",7,5,"Group_adjusted","M2","ABR33","M. x gig",15,0.515934417192339,6.08557361039166
"Sparse25",7,5,"Group_adjusted","M2","JKI","M. sacchariflorus",42,0.459295671185739,3.4313617319102
"Sparse25",7,5,"Group_adjusted","M2","JKI","M. sinensis",40,0.269669547516058,6.94389024626061
"Sparse25",7,5,"Group_adjusted","M2","JKI","M. x gig",17,0.575900213235142,4.26212114298969
"Sparse25",7,5,"Group_adjusted","M3","ABR33","M. sacchariflorus",45,0.154994837618036,7.263606989757
"Sparse25",7,5,"Group_adjusted","M3","ABR33","M. sinensis",40,0.491452817171139,10.1829427153739
"Sparse25",7,5,"Group_adjusted","M3","ABR33","M. x gig",15,0.484185952665117,6.0022367866262
"Sparse25",7,5,"Group_adjusted","M3","JKI","M. sacchariflorus",42,0.487335660199633,3.36526395667631
"Sparse25",7,5,"Group_adjusted","M3","JKI","M. sinensis",40,0.297202686935586,6.93836451313463
"Sparse25",7,5,"Group_adjusted","M3","JKI","M. x gig",17,0.575994997816157,4.34048844864092
"Sparse25",7,5,"Raw","M1","ABR33","M. sacchariflorus",45,0.197913815829817,8.57262284651003
"Sparse25",7,5,"Raw","M1","ABR33","M. sinensis",40,0.24513817315701,10.8545938048245
"Sparse25",7,5,"Raw","M1","ABR33","M. x gig",15,0.471788359915827,6.07105960502586
"Sparse25",7,5,"Raw","M1","JKI","M. sacchariflorus",42,0.367165528967819,4.02644228722327
"Sparse25",7,5,"Raw","M1","JKI","M. sinensis",40,0.265417176637802,7.70249170980903
"Sparse25",7,5,"Raw","M1","JKI","M. x gig",17,0.470367062196063,4.78750702901252
"Sparse25",7,5,"Raw","M2","ABR33","M. sacchariflorus",45,0.192368265047004,7.20245087372763
"Sparse25",7,5,"Raw","M2","ABR33","M. sinensis",40,0.297197299723748,10.2473154523024
"Sparse25",7,5,"Raw","M2","ABR33","M. x gig",15,0.617242931567878,5.70105190816959
"Sparse25",7,5,"Raw","M2","JKI","M. sacchariflorus",42,0.430260912795448,3.25087327576534
"Sparse25",7,5,"Raw","M2","JKI","M. sinensis",40,0.258348443929901,6.94096368377528
"Sparse25",7,5,"Raw","M2","JKI","M. x gig",17,0.539528435437651,4.57141007128103
"Sparse25",7,5,"Raw","M3","ABR33","M. sacchariflorus",45,0.223458929285983,7.21691230628395
"Sparse25",7,5,"Raw","M3","ABR33","M. sinensis",40,0.406641280330334,10.1819653982641
"Sparse25",7,5,"Raw","M3","ABR33","M. x gig",15,0.554594774307542,5.65940649359528
"Sparse25",7,5,"Raw","M3","JKI","M. sacchariflorus",42,0.441693976020928,3.23231215829745
"Sparse25",7,5,"Raw","M3","JKI","M. sinensis",40,0.267682921277175,6.96062334542772
"Sparse25",7,5,"Raw","M3","JKI","M. x gig",17,0.515004305352301,4.57921268862655
"Sparse25",7,10,"Group_adjusted","M1","ABR33","M. sacchariflorus",44,0.133638188456003,6.8551709638615
"Sparse25",7,10,"Group_adjusted","M1","ABR33","M. sinensis",40,0.185724232815423,12.2589719015402
"Sparse25",7,10,"Group_adjusted","M1","ABR33","M. x gig",16,0.319340232708229,8.05775766668131
"Sparse25",7,10,"Group_adjusted","M1","JKI","M. sacchariflorus",43,0.233151151270738,3.64549117395034
"Sparse25",7,10,"Group_adjusted","M1","JKI","M. sinensis",39,0.110691047378804,7.70402586706303
"Sparse25",7,10,"Group_adjusted","M1","JKI","M. x gig",17,0.434985948171002,4.58822883450293
"Sparse25",7,10,"Group_adjusted","M2","ABR33","M. sacchariflorus",44,0.135055950403352,6.8331026300507
"Sparse25",7,10,"Group_adjusted","M2","ABR33","M. sinensis",40,0.266481812725884,12.2308614641687
"Sparse25",7,10,"Group_adjusted","M2","ABR33","M. x gig",16,0.398647672681359,7.92210751083723
"Sparse25",7,10,"Group_adjusted","M2","JKI","M. sacchariflorus",43,0.211203761000528,3.66419776325888
"Sparse25",7,10,"Group_adjusted","M2","JKI","M. sinensis",39,0.141283469559882,7.6581610124739
"Sparse25",7,10,"Group_adjusted","M2","JKI","M. x gig",17,0.546631697369662,4.38688727397717
"Sparse25",7,10,"Group_adjusted","M3","ABR33","M. sacchariflorus",44,0.0898850201329881,6.84706246400255
"Sparse25",7,10,"Group_adjusted","M3","ABR33","M. sinensis",40,0.381447687539195,12.0625373647445
"Sparse25",7,10,"Group_adjusted","M3","ABR33","M. x gig",16,0.423770727006648,7.8244882711291
"Sparse25",7,10,"Group_adjusted","M3","JKI","M. sacchariflorus",43,0.338967611214701,3.53407303539533
"Sparse25",7,10,"Group_adjusted","M3","JKI","M. sinensis",39,0.162476347239286,7.60686341800154
"Sparse25",7,10,"Group_adjusted","M3","JKI","M. x gig",17,0.623953845220224,4.31174868071965
"Sparse25",7,10,"Raw","M1","ABR33","M. sacchariflorus",44,0.248623407637211,6.90535412352012
"Sparse25",7,10,"Raw","M1","ABR33","M. sinensis",40,0.102289436195219,13.6409502019991
"Sparse25",7,10,"Raw","M1","ABR33","M. x gig",16,0.31110469784486,8.4433329549851
"Sparse25",7,10,"Raw","M1","JKI","M. sacchariflorus",43,0.218874342114867,4.09350976364141
"Sparse25",7,10,"Raw","M1","JKI","M. sinensis",39,0.0696824195994724,8.58877487050312
"Sparse25",7,10,"Raw","M1","JKI","M. x gig",17,0.408445874207122,4.92591742616017
"Sparse25",7,10,"Raw","M2","ABR33","M. sacchariflorus",44,0.247984586934975,6.74873161389093
"Sparse25",7,10,"Raw","M2","ABR33","M. sinensis",40,0.109161150806119,12.706415138418
"Sparse25",7,10,"Raw","M2","ABR33","M. x gig",16,0.313447109611496,8.23598840071907
"Sparse25",7,10,"Raw","M2","JKI","M. sacchariflorus",43,0.190484606433659,3.78497882851135
"Sparse25",7,10,"Raw","M2","JKI","M. sinensis",39,0.0867046762050677,7.83043182424642
"Sparse25",7,10,"Raw","M2","JKI","M. x gig",17,0.453269069107827,4.6705806844569
"Sparse25",7,10,"Raw","M3","ABR33","M. sacchariflorus",44,0.186241635749124,6.78114941021648
"Sparse25",7,10,"Raw","M3","ABR33","M. sinensis",40,0.215222189678632,12.5873405577845
"Sparse25",7,10,"Raw","M3","ABR33","M. x gig",16,0.328519061411441,8.14968057100058
"Sparse25",7,10,"Raw","M3","JKI","M. sacchariflorus",43,0.309746713922911,3.66395716684014
"Sparse25",7,10,"Raw","M3","JKI","M. sinensis",39,0.0965920884368234,7.62105483703076
"Sparse25",7,10,"Raw","M3","JKI","M. x gig",17,0.504289608278743,4.58971676399781
"Sparse25",7,15,"Group_adjusted","M1","ABR33","M. sacchariflorus",43,0.151054633210833,7.56079485885169
"Sparse25",7,15,"Group_adjusted","M1","ABR33","M. sinensis",38,0.202452849810334,10.3908233271359
"Sparse25",7,15,"Group_adjusted","M1","ABR33","M. x gig",19,0.567457309168617,6.55477828895538
"Sparse25",7,15,"Group_adjusted","M1","JKI","M. sacchariflorus",41,0.183417810833434,4.1691689509369
"Sparse25",7,15,"Group_adjusted","M1","JKI","M. sinensis",39,0.0570384216230721,7.11827997520454
"Sparse25",7,15,"Group_adjusted","M1","JKI","M. x gig",19,0.127936732026335,4.92684936607588
"Sparse25",7,15,"Group_adjusted","M2","ABR33","M. sacchariflorus",43,0.134289095433818,7.49594785914557
"Sparse25",7,15,"Group_adjusted","M2","ABR33","M. sinensis",38,0.289539328920349,10.2304031057736
"Sparse25",7,15,"Group_adjusted","M2","ABR33","M. x gig",19,0.635892211674527,6.33614612552066
"Sparse25",7,15,"Group_adjusted","M2","JKI","M. sacchariflorus",41,0.319800901851943,4.10427916998381
"Sparse25",7,15,"Group_adjusted","M2","JKI","M. sinensis",39,0.132751888345029,7.06818161651473
"Sparse25",7,15,"Group_adjusted","M2","JKI","M. x gig",19,0.186473765895746,4.91755396358162
"Sparse25",7,15,"Group_adjusted","M3","ABR33","M. sacchariflorus",43,0.1188216827582,7.4515082294825
"Sparse25",7,15,"Group_adjusted","M3","ABR33","M. sinensis",38,0.36346229184565,10.2904971988965
"Sparse25",7,15,"Group_adjusted","M3","ABR33","M. x gig",19,0.628363310047214,6.24946542309535
"Sparse25",7,15,"Group_adjusted","M3","JKI","M. sacchariflorus",41,0.382114095174998,3.95785639963364
"Sparse25",7,15,"Group_adjusted","M3","JKI","M. sinensis",39,0.0953605905474665,7.15490794822045
"Sparse25",7,15,"Group_adjusted","M3","JKI","M. x gig",19,0.185755850840526,4.94943901014827
"Sparse25",7,15,"Raw","M1","ABR33","M. sacchariflorus",43,0.147008874465102,7.00790904125672
"Sparse25",7,15,"Raw","M1","ABR33","M. sinensis",38,0.213018872111555,12.8017614929543
"Sparse25",7,15,"Raw","M1","ABR33","M. x gig",19,0.567457309168617,6.89084685446113
"Sparse25",7,15,"Raw","M1","JKI","M. sacchariflorus",41,0.10251949009057,5.7957638408412
"Sparse25",7,15,"Raw","M1","JKI","M. sinensis",39,0.0528065451988498,7.06526100952984
"Sparse25",7,15,"Raw","M1","JKI","M. x gig",19,0.127936732026335,4.9234549311257
"Sparse25",7,15,"Raw","M2","ABR33","M. sacchariflorus",43,0.240494092085023,6.94160074076433
"Sparse25",7,15,"Raw","M2","ABR33","M. sinensis",38,0.240750298224524,10.8836917823058
"Sparse25",7,15,"Raw","M2","ABR33","M. x gig",19,0.618098521256316,6.64800706413901
"Sparse25",7,15,"Raw","M2","JKI","M. sacchariflorus",41,0.282669574185255,4.15194192189789
"Sparse25",7,15,"Raw","M2","JKI","M. sinensis",39,0.0979855820694827,7.176812577239
"Sparse25",7,15,"Raw","M2","JKI","M. x gig",19,0.0940583423825022,5.1029140838104
"Sparse25",7,15,"Raw","M3","ABR33","M. sacchariflorus",43,0.27195412829798,7.01715904060456
"Sparse25",7,15,"Raw","M3","ABR33","M. sinensis",38,0.276150237183538,10.8008986803758
"Sparse25",7,15,"Raw","M3","ABR33","M. x gig",19,0.576127446230941,6.74021045170256
"Sparse25",7,15,"Raw","M3","JKI","M. sacchariflorus",41,0.345003636530678,4.24724843204906
"Sparse25",7,15,"Raw","M3","JKI","M. sinensis",39,0.03884485935959,7.08856360503454
"Sparse25",7,15,"Raw","M3","JKI","M. x gig",19,0.106508931798202,4.94512849245316
"Sparse25",7,20,"Group_adjusted","M1","ABR33","M. sacchariflorus",44,0.105258033648827,6.03647083640655
"Sparse25",7,20,"Group_adjusted","M1","ABR33","M. sinensis",38,0.0954781163841369,9.87867027440002
"Sparse25",7,20,"Group_adjusted","M1","ABR33","M. x gig",18,0.157172160838965,8.07765521921338
"Sparse25",7,20,"Group_adjusted","M1","JKI","M. sacchariflorus",43,0.0841129549017507,3.71686822364796
"Sparse25",7,20,"Group_adjusted","M1","JKI","M. sinensis",38,-0.000347191832005556,6.77626195400455
"Sparse25",7,20,"Group_adjusted","M1","JKI","M. x gig",18,0.329468882251948,5.52736354501923
"Sparse25",7,20,"Group_adjusted","M2","ABR33","M. sacchariflorus",44,0.129456821172595,6.02284313511872
"Sparse25",7,20,"Group_adjusted","M2","ABR33","M. sinensis",38,0.300489744670745,9.73754025975168
"Sparse25",7,20,"Group_adjusted","M2","ABR33","M. x gig",18,0.407508156236654,7.82514659467555
"Sparse25",7,20,"Group_adjusted","M2","JKI","M. sacchariflorus",43,0.0317283175638081,3.75019096724331
"Sparse25",7,20,"Group_adjusted","M2","JKI","M. sinensis",38,0.0840425883103075,6.73118499083851
"Sparse25",7,20,"Group_adjusted","M2","JKI","M. x gig",18,0.564909375174668,5.27257791395906
"Sparse25",7,20,"Group_adjusted","M3","ABR33","M. sacchariflorus",44,0.0888984175961317,5.99357668481797
"Sparse25",7,20,"Group_adjusted","M3","ABR33","M. sinensis",38,0.428338361800416,9.62198689754286
"Sparse25",7,20,"Group_adjusted","M3","ABR33","M. x gig",18,0.508241012575289,7.6725176336398
"Sparse25",7,20,"Group_adjusted","M3","JKI","M. sacchariflorus",43,0.291642933507392,3.66587388009348
"Sparse25",7,20,"Group_adjusted","M3","JKI","M. sinensis",38,0.129756635115561,6.69465200486925
"Sparse25",7,20,"Group_adjusted","M3","JKI","M. x gig",18,0.526914812161219,5.49957065901704
"Sparse25",7,20,"Raw","M1","ABR33","M. sacchariflorus",44,0.0709879983755717,7.4743618567079
"Sparse25",7,20,"Raw","M1","ABR33","M. sinensis",38,0.123956980974307,11.0247564329435
"Sparse25",7,20,"Raw","M1","ABR33","M. x gig",18,0.157172160838965,6.62839613629287
"Sparse25",7,20,"Raw","M1","JKI","M. sacchariflorus",43,0.0841129549017508,5.06449896414768
"Sparse25",7,20,"Raw","M1","JKI","M. sinensis",38,0.0565619322548317,7.31726006973275
"Sparse25",7,20,"Raw","M1","JKI","M. x gig",18,0.329468882251948,4.62339164801207
"Sparse25",7,20,"Raw","M2","ABR33","M. sacchariflorus",44,0.165948649289161,6.43321996545933
"Sparse25",7,20,"Raw","M2","ABR33","M. sinensis",38,0.278673318686953,9.99205511330269
"Sparse25",7,20,"Raw","M2","ABR33","M. x gig",18,0.340421746398651,6.42373886028823
"Sparse25",7,20,"Raw","M2","JKI","M. sacchariflorus",43,-0.0458690454895336,4.00887181786032
"Sparse25",7,20,"Raw","M2","JKI","M. sinensis",38,0.0993318291691137,6.74170258952298
"Sparse25",7,20,"Raw","M2","JKI","M. x gig",18,0.455723437868296,4.3623314681095
"Sparse25",7,20,"Raw","M3","ABR33","M. sacchariflorus",44,0.11384864456661,6.23857824125726
"Sparse25",7,20,"Raw","M3","ABR33","M. sinensis",38,0.386844288549864,9.80892756433762
"Sparse25",7,20,"Raw","M3","ABR33","M. x gig",18,0.371917027779833,6.40251822801429
"Sparse25",7,20,"Raw","M3","JKI","M. sacchariflorus",43,0.215501529993903,3.9301482335684
"Sparse25",7,20,"Raw","M3","JKI","M. sinensis",38,0.151220580631973,6.74654130313639
"Sparse25",7,20,"Raw","M3","JKI","M. x gig",18,0.446488543172588,4.48542985801263
"Sparse25",7,25,"Group_adjusted","M1","ABR33","M. sacchariflorus",41,NA,7.05565394217475
"Sparse25",7,25,"Group_adjusted","M1","ABR33","M. sinensis",42,NA,10.3945768676072
"Sparse25",7,25,"Group_adjusted","M1","ABR33","M. x gig",17,NA,7.52945500668458
"Sparse25",7,25,"Group_adjusted","M1","JKI","M. sacchariflorus",41,NA,4.08745760834318
"Sparse25",7,25,"Group_adjusted","M1","JKI","M. sinensis",41,NA,6.84061863775805
"Sparse25",7,25,"Group_adjusted","M1","JKI","M. x gig",17,NA,5.36793781069002
"Sparse25",7,25,"Group_adjusted","M2","ABR33","M. sacchariflorus",41,0.180359410497253,7.03841310523635
"Sparse25",7,25,"Group_adjusted","M2","ABR33","M. sinensis",42,0.409778319509823,10.3605392489202
"Sparse25",7,25,"Group_adjusted","M2","ABR33","M. x gig",17,0.598274723439865,7.4040439878225
"Sparse25",7,25,"Group_adjusted","M2","JKI","M. sacchariflorus",41,-0.208577800805331,4.10120316570147
"Sparse25",7,25,"Group_adjusted","M2","JKI","M. sinensis",41,0.355404388796146,6.74521235176552
"Sparse25",7,25,"Group_adjusted","M2","JKI","M. x gig",17,0.493425146942083,5.23833947926388
"Sparse25",7,25,"Group_adjusted","M3","ABR33","M. sacchariflorus",41,-0.039833267464905,7.06648056666513
"Sparse25",7,25,"Group_adjusted","M3","ABR33","M. sinensis",42,0.449103370975327,10.260283182389
"Sparse25",7,25,"Group_adjusted","M3","ABR33","M. x gig",17,0.583641897337184,7.15717190365045
"Sparse25",7,25,"Group_adjusted","M3","JKI","M. sacchariflorus",41,-0.112511125625751,4.06647485496223
"Sparse25",7,25,"Group_adjusted","M3","JKI","M. sinensis",41,0.314356628988945,6.78620798016024
"Sparse25",7,25,"Group_adjusted","M3","JKI","M. x gig",17,0.253660717739078,5.32500230775348
"Sparse25",7,25,"Raw","M1","ABR33","M. sacchariflorus",41,NA,7.79551768277875
"Sparse25",7,25,"Raw","M1","ABR33","M. sinensis",42,NA,11.9388922499814
"Sparse25",7,25,"Raw","M1","ABR33","M. x gig",17,NA,6.86774798647535
"Sparse25",7,25,"Raw","M1","JKI","M. sacchariflorus",41,NA,4.12913300906248
"Sparse25",7,25,"Raw","M1","JKI","M. sinensis",41,NA,8.26260005694682
"Sparse25",7,25,"Raw","M1","JKI","M. x gig",17,NA,5.71881740865563
"Sparse25",7,25,"Raw","M2","ABR33","M. sacchariflorus",41,0.152089499132181,7.19671060321309
"Sparse25",7,25,"Raw","M2","ABR33","M. sinensis",42,0.0161419606085752,10.3767138794708
"Sparse25",7,25,"Raw","M2","ABR33","M. x gig",17,0.693061096088961,6.57103574624335
"Sparse25",7,25,"Raw","M2","JKI","M. sacchariflorus",41,-0.335224551364963,4.08028004905431
"Sparse25",7,25,"Raw","M2","JKI","M. sinensis",41,0.0560208315367152,6.71692643144786
"Sparse25",7,25,"Raw","M2","JKI","M. x gig",17,0.349599879738194,5.26552536395153
"Sparse25",7,25,"Raw","M3","ABR33","M. sacchariflorus",41,0.0725629018017452,7.1438052824547
"Sparse25",7,25,"Raw","M3","ABR33","M. sinensis",42,0.0920909679571083,10.3088391435718
"Sparse25",7,25,"Raw","M3","ABR33","M. x gig",17,0.695379979894944,6.45933093020353
"Sparse25",7,25,"Raw","M3","JKI","M. sacchariflorus",41,-0.33777991720323,4.01387923673838
"Sparse25",7,25,"Raw","M3","JKI","M. sinensis",41,0.075786697197009,6.81493902952744
"Sparse25",7,25,"Raw","M3","JKI","M. x gig",17,0.170912977775482,5.36941299573991
"Sparse25",8,0,"Group_adjusted","M1","ABR33","M. sacchariflorus",47,0.114281294270169,6.51723451866249
"Sparse25",8,0,"Group_adjusted","M1","ABR33","M. sinensis",37,0.368014130902596,10.5804610861672
"Sparse25",8,0,"Group_adjusted","M1","ABR33","M. x gig",16,0.389653106290133,6.85641812109294
"Sparse25",8,0,"Group_adjusted","M1","JKI","M. sacchariflorus",44,0.292351915487069,3.74932173058233
"Sparse25",8,0,"Group_adjusted","M1","JKI","M. sinensis",39,0.198301098147361,6.96255793734339
"Sparse25",8,0,"Group_adjusted","M1","JKI","M. x gig",16,0.625142379552666,5.27264481018544
"Sparse25",8,0,"Group_adjusted","M2","ABR33","M. sacchariflorus",47,0.149053953796134,6.52207737886628
"Sparse25",8,0,"Group_adjusted","M2","ABR33","M. sinensis",37,0.412819370941769,10.4086383212611
"Sparse25",8,0,"Group_adjusted","M2","ABR33","M. x gig",16,0.534675212103248,6.59900828828155
"Sparse25",8,0,"Group_adjusted","M2","JKI","M. sacchariflorus",44,0.273656277267512,3.76250667011412
"Sparse25",8,0,"Group_adjusted","M2","JKI","M. sinensis",39,0.229567917478495,6.94795899073775
"Sparse25",8,0,"Group_adjusted","M2","JKI","M. x gig",16,0.690571517209106,4.79994775459615
"Sparse25",8,0,"Group_adjusted","M3","ABR33","M. sacchariflorus",47,0.14759412197365,6.4998162590103
"Sparse25",8,0,"Group_adjusted","M3","ABR33","M. sinensis",37,0.403614581668862,10.4196907064458
"Sparse25",8,0,"Group_adjusted","M3","ABR33","M. x gig",16,0.510219183301714,6.62693437026285
"Sparse25",8,0,"Group_adjusted","M3","JKI","M. sacchariflorus",44,0.310350123703966,3.74159830998793
"Sparse25",8,0,"Group_adjusted","M3","JKI","M. sinensis",39,0.232733632644179,6.88330939289234
"Sparse25",8,0,"Group_adjusted","M3","JKI","M. x gig",16,0.694983227036587,4.86263810300866
"Sparse25",8,0,"Raw","M1","ABR33","M. sacchariflorus",47,0.0835184225617929,7.50640928766047
"Sparse25",8,0,"Raw","M1","ABR33","M. sinensis",37,0.358545410295124,11.9076520082089
"Sparse25",8,0,"Raw","M1","ABR33","M. x gig",16,0.621740509303222,6.56692810319576
"Sparse25",8,0,"Raw","M1","JKI","M. sacchariflorus",44,0.321329790765437,4.60155668494405
"Sparse25",8,0,"Raw","M1","JKI","M. sinensis",39,0.144056203740472,7.4200508172431
"Sparse25",8,0,"Raw","M1","JKI","M. x gig",16,0.579447609233252,4.4140413500939
"Sparse25",8,0,"Raw","M2","ABR33","M. sacchariflorus",47,0.199219368321648,6.6833322439274
"Sparse25",8,0,"Raw","M2","ABR33","M. sinensis",37,0.355400453737719,10.9422646029342
"Sparse25",8,0,"Raw","M2","ABR33","M. x gig",16,0.647744939104774,6.28890971254512
"Sparse25",8,0,"Raw","M2","JKI","M. sacchariflorus",44,0.223750503346294,3.92058910582712
"Sparse25",8,0,"Raw","M2","JKI","M. sinensis",39,0.17569961501326,6.66264395544753
"Sparse25",8,0,"Raw","M2","JKI","M. x gig",16,0.633622910800222,4.09588981792789
"Sparse25",8,0,"Raw","M3","ABR33","M. sacchariflorus",47,0.204941718873931,6.53541891127283
"Sparse25",8,0,"Raw","M3","ABR33","M. sinensis",37,0.312030156390668,10.8388817096009
"Sparse25",8,0,"Raw","M3","ABR33","M. x gig",16,0.59062207817391,6.38084471073735
"Sparse25",8,0,"Raw","M3","JKI","M. sacchariflorus",44,0.24590153078359,3.87588828590715
"Sparse25",8,0,"Raw","M3","JKI","M. sinensis",39,0.181177389175208,6.62776678611591
"Sparse25",8,0,"Raw","M3","JKI","M. x gig",16,0.643216195284123,4.18441799350836
"Sparse25",8,5,"Group_adjusted","M1","ABR33","M. sacchariflorus",46,0.454476221274427,6.3945735510758
"Sparse25",8,5,"Group_adjusted","M1","ABR33","M. sinensis",37,0.332860275682211,10.8929913924482
"Sparse25",8,5,"Group_adjusted","M1","ABR33","M. x gig",17,0.232248550711933,6.96546470035499
"Sparse25",8,5,"Group_adjusted","M1","JKI","M. sacchariflorus",44,0.358988423246101,3.27015534104469
"Sparse25",8,5,"Group_adjusted","M1","JKI","M. sinensis",38,0.25926805758913,7.26701805754801
"Sparse25",8,5,"Group_adjusted","M1","JKI","M. x gig",17,-0.132533811386597,4.67436244455337
"Sparse25",8,5,"Group_adjusted","M2","ABR33","M. sacchariflorus",46,0.416431336083553,6.36073689370283
"Sparse25",8,5,"Group_adjusted","M2","ABR33","M. sinensis",37,0.432641280153304,10.8642819731481
"Sparse25",8,5,"Group_adjusted","M2","ABR33","M. x gig",17,0.375668118956261,6.76264629119599
"Sparse25",8,5,"Group_adjusted","M2","JKI","M. sacchariflorus",44,0.432149285838279,3.14870924231588
"Sparse25",8,5,"Group_adjusted","M2","JKI","M. sinensis",38,0.309642496051441,7.22518576582845
"Sparse25",8,5,"Group_adjusted","M2","JKI","M. x gig",17,0.225980139022509,4.50803844063518
"Sparse25",8,5,"Group_adjusted","M3","ABR33","M. sacchariflorus",46,0.398768083442389,6.41647301401298
"Sparse25",8,5,"Group_adjusted","M3","ABR33","M. sinensis",37,0.472955136537263,10.7602888557258
"Sparse25",8,5,"Group_adjusted","M3","ABR33","M. x gig",17,0.346543060813945,6.81077765660315
"Sparse25",8,5,"Group_adjusted","M3","JKI","M. sacchariflorus",44,0.489399015970327,3.11305099660012
"Sparse25",8,5,"Group_adjusted","M3","JKI","M. sinensis",38,0.345549424484185,7.1587477609864
"Sparse25",8,5,"Group_adjusted","M3","JKI","M. x gig",17,0.310744807286809,4.43959878975791
"Sparse25",8,5,"Raw","M1","ABR33","M. sacchariflorus",46,0.429861865342967,6.89159712614859
"Sparse25",8,5,"Raw","M1","ABR33","M. sinensis",37,0.280383874645775,12.5706105568187
"Sparse25",8,5,"Raw","M1","ABR33","M. x gig",17,0.256007864865714,7.18605077943955
"Sparse25",8,5,"Raw","M1","JKI","M. sacchariflorus",44,0.301410125277926,3.94875006567211
"Sparse25",8,5,"Raw","M1","JKI","M. sinensis",38,0.145725253598984,8.06614985842557
"Sparse25",8,5,"Raw","M1","JKI","M. x gig",17,-0.0517528644954533,4.8903557762059
"Sparse25",8,5,"Raw","M2","ABR33","M. sacchariflorus",46,0.493516320856267,6.33961605858783
"Sparse25",8,5,"Raw","M2","ABR33","M. sinensis",37,0.387944277941909,11.5291041595906
"Sparse25",8,5,"Raw","M2","ABR33","M. x gig",17,0.365860607773963,7.10527570738443
"Sparse25",8,5,"Raw","M2","JKI","M. sacchariflorus",44,0.408338585611616,3.30032388819443
"Sparse25",8,5,"Raw","M2","JKI","M. sinensis",38,0.247985201129632,7.0474760887201
"Sparse25",8,5,"Raw","M2","JKI","M. x gig",17,0.356296676898418,4.67202073357219
"Sparse25",8,5,"Raw","M3","ABR33","M. sacchariflorus",46,0.500942894548038,6.34407670098006
"Sparse25",8,5,"Raw","M3","ABR33","M. sinensis",37,0.398858343204895,11.2578393082163
"Sparse25",8,5,"Raw","M3","ABR33","M. x gig",17,0.294495710251709,7.1777195926844
"Sparse25",8,5,"Raw","M3","JKI","M. sacchariflorus",44,0.477037620723256,3.32962396074368
"Sparse25",8,5,"Raw","M3","JKI","M. sinensis",38,0.290129914736933,7.01204523372617
"Sparse25",8,5,"Raw","M3","JKI","M. x gig",17,0.362041892093765,4.6054378222007
"Sparse25",8,10,"Group_adjusted","M1","ABR33","M. sacchariflorus",47,0.25546869379395,7.90678251582588
"Sparse25",8,10,"Group_adjusted","M1","ABR33","M. sinensis",36,0.415005275033133,10.0220976630906
"Sparse25",8,10,"Group_adjusted","M1","ABR33","M. x gig",17,0.0198916092388668,6.7255540333253
"Sparse25",8,10,"Group_adjusted","M1","JKI","M. sacchariflorus",45,0.191204807534214,3.9107871350189
"Sparse25",8,10,"Group_adjusted","M1","JKI","M. sinensis",36,0.323112893963325,6.64159685349151
"Sparse25",8,10,"Group_adjusted","M1","JKI","M. x gig",18,0.224081915389571,5.93701486701562
"Sparse25",8,10,"Group_adjusted","M2","ABR33","M. sacchariflorus",47,0.131210363840868,7.69835326619821
"Sparse25",8,10,"Group_adjusted","M2","ABR33","M. sinensis",36,0.504549589549172,9.71322509792118
"Sparse25",8,10,"Group_adjusted","M2","ABR33","M. x gig",17,-0.0707142915834209,6.76633451024259
"Sparse25",8,10,"Group_adjusted","M2","JKI","M. sacchariflorus",45,0.248047030118548,3.77889297921515
"Sparse25",8,10,"Group_adjusted","M2","JKI","M. sinensis",36,0.378083497581964,6.47797795229
"Sparse25",8,10,"Group_adjusted","M2","JKI","M. x gig",18,0.180166129969688,6.09699563447153
"Sparse25",8,10,"Group_adjusted","M3","ABR33","M. sacchariflorus",47,0.030143937303439,7.73988121775669
"Sparse25",8,10,"Group_adjusted","M3","ABR33","M. sinensis",36,0.501016739006312,9.75535612944012
"Sparse25",8,10,"Group_adjusted","M3","ABR33","M. x gig",17,0.0048732646888687,6.72714042170454
"Sparse25",8,10,"Group_adjusted","M3","JKI","M. sacchariflorus",45,0.272543793429959,3.7003195818543
"Sparse25",8,10,"Group_adjusted","M3","JKI","M. sinensis",36,0.381019924915599,6.49090681835217
"Sparse25",8,10,"Group_adjusted","M3","JKI","M. x gig",18,0.18047311957365,6.10578438266794
"Sparse25",8,10,"Raw","M1","ABR33","M. sacchariflorus",47,0.289092244451292,8.62697691606208
"Sparse25",8,10,"Raw","M1","ABR33","M. sinensis",36,0.410003732285916,10.534552283855
"Sparse25",8,10,"Raw","M1","ABR33","M. x gig",17,0.241730695236262,6.74391117009527
"Sparse25",8,10,"Raw","M1","JKI","M. sacchariflorus",45,0.161185986332635,5.60638245821104
"Sparse25",8,10,"Raw","M1","JKI","M. sinensis",36,0.33811403529483,6.8882819491337
"Sparse25",8,10,"Raw","M1","JKI","M. x gig",18,0.216614160884285,4.86284801461859
"Sparse25",8,10,"Raw","M2","ABR33","M. sacchariflorus",47,0.24671858070132,7.3014102857405
"Sparse25",8,10,"Raw","M2","ABR33","M. sinensis",36,0.48478013819756,9.81446306881297
"Sparse25",8,10,"Raw","M2","ABR33","M. x gig",17,0.133805530737252,6.66901393509434
"Sparse25",8,10,"Raw","M2","JKI","M. sacchariflorus",45,0.255362783799043,4.33090727525295
"Sparse25",8,10,"Raw","M2","JKI","M. sinensis",36,0.373080701386712,6.46991958407942
"Sparse25",8,10,"Raw","M2","JKI","M. x gig",18,0.190103049854473,5.0371628263583
"Sparse25",8,10,"Raw","M3","ABR33","M. sacchariflorus",47,0.137413357477882,7.36156573776788
"Sparse25",8,10,"Raw","M3","ABR33","M. sinensis",36,0.483214946771423,9.92952726832683
"Sparse25",8,10,"Raw","M3","ABR33","M. x gig",17,0.17704992846191,6.64336028328573
"Sparse25",8,10,"Raw","M3","JKI","M. sacchariflorus",45,0.273181409115583,4.21643490009095
"Sparse25",8,10,"Raw","M3","JKI","M. sinensis",36,0.371449533466413,6.49643835217547
"Sparse25",8,10,"Raw","M3","JKI","M. x gig",18,0.225119517168466,4.919250998079
"Sparse25",8,15,"Group_adjusted","M1","ABR33","M. sacchariflorus",48,0.357172548344703,7.04015729670039
"Sparse25",8,15,"Group_adjusted","M1","ABR33","M. sinensis",36,0.358357409512358,10.9420951176666
"Sparse25",8,15,"Group_adjusted","M1","ABR33","M. x gig",16,NA,8.53877565172879
"Sparse25",8,15,"Group_adjusted","M1","JKI","M. sacchariflorus",47,0.365742425139254,4.21848155353552
"Sparse25",8,15,"Group_adjusted","M1","JKI","M. sinensis",34,0.289996797671064,6.98308950113978
"Sparse25",8,15,"Group_adjusted","M1","JKI","M. x gig",18,0.497799582717416,4.92411346814053
"Sparse25",8,15,"Group_adjusted","M2","ABR33","M. sacchariflorus",48,0.335952669481427,6.95041654194764
"Sparse25",8,15,"Group_adjusted","M2","ABR33","M. sinensis",36,0.49234411839472,10.7159419587344
"Sparse25",8,15,"Group_adjusted","M2","ABR33","M. x gig",16,0.333189004364208,8.4465538383257
"Sparse25",8,15,"Group_adjusted","M2","JKI","M. sacchariflorus",47,0.453433138348623,4.26934965468338
"Sparse25",8,15,"Group_adjusted","M2","JKI","M. sinensis",34,0.357297251786573,6.81003566333427
"Sparse25",8,15,"Group_adjusted","M2","JKI","M. x gig",18,0.751839994258927,4.59911793743063
"Sparse25",8,15,"Group_adjusted","M3","ABR33","M. sacchariflorus",48,0.34543217292319,6.93899272117442
"Sparse25",8,15,"Group_adjusted","M3","ABR33","M. sinensis",36,0.485444956493358,10.710009483435
"Sparse25",8,15,"Group_adjusted","M3","ABR33","M. x gig",16,0.371466158982961,8.32779470907692
"Sparse25",8,15,"Group_adjusted","M3","JKI","M. sacchariflorus",47,0.440527812522154,4.47135522859048
"Sparse25",8,15,"Group_adjusted","M3","JKI","M. sinensis",34,0.339769416863744,6.87299352102199
"Sparse25",8,15,"Group_adjusted","M3","JKI","M. x gig",18,0.768976702496555,4.61651396097658
"Sparse25",8,15,"Raw","M1","ABR33","M. sacchariflorus",48,0.246674259946642,7.12802530004703
"Sparse25",8,15,"Raw","M1","ABR33","M. sinensis",36,0.327337129962346,12.8879962286618
"Sparse25",8,15,"Raw","M1","ABR33","M. x gig",16,NA,8.12075676590586
"Sparse25",8,15,"Raw","M1","JKI","M. sacchariflorus",47,0.084118491231638,6.59062998509936
"Sparse25",8,15,"Raw","M1","JKI","M. sinensis",34,0.220101535270437,7.04360115731948
"Sparse25",8,15,"Raw","M1","JKI","M. x gig",18,0.49772287217816,4.98598884468007
"Sparse25",8,15,"Raw","M2","ABR33","M. sacchariflorus",48,0.414251470061655,6.60402830230812
"Sparse25",8,15,"Raw","M2","ABR33","M. sinensis",36,0.42420360391454,11.6345962858462
"Sparse25",8,15,"Raw","M2","ABR33","M. x gig",16,0.366332407982117,8.24853850157633
"Sparse25",8,15,"Raw","M2","JKI","M. sacchariflorus",47,0.401323937573681,4.4483170369031
"Sparse25",8,15,"Raw","M2","JKI","M. sinensis",34,0.28398664833552,7.05401440313798
"Sparse25",8,15,"Raw","M2","JKI","M. x gig",18,0.773628396464258,4.58720885818278
"Sparse25",8,15,"Raw","M3","ABR33","M. sacchariflorus",48,0.411492325359422,6.67550846478354
"Sparse25",8,15,"Raw","M3","ABR33","M. sinensis",36,0.395519294278745,11.3251161355043
"Sparse25",8,15,"Raw","M3","ABR33","M. x gig",16,0.368556265950874,8.20791442890198
"Sparse25",8,15,"Raw","M3","JKI","M. sacchariflorus",47,0.434868698489349,5.1042525399569
"Sparse25",8,15,"Raw","M3","JKI","M. sinensis",34,0.284392355969452,6.97048974239047
"Sparse25",8,15,"Raw","M3","JKI","M. x gig",18,0.823660840888893,4.62004010658951
"Sparse25",8,20,"Group_adjusted","M1","ABR33","M. sacchariflorus",47,0.0301462074966528,6.38748629927487
"Sparse25",8,20,"Group_adjusted","M1","ABR33","M. sinensis",34,0.143991347897932,10.3084588263477
"Sparse25",8,20,"Group_adjusted","M1","ABR33","M. x gig",19,0.0606335580279732,9.60398472283231
"Sparse25",8,20,"Group_adjusted","M1","JKI","M. sacchariflorus",47,0.101404169147257,3.66767838702896
"Sparse25",8,20,"Group_adjusted","M1","JKI","M. sinensis",35,0.165452414336296,6.90626113173822
"Sparse25",8,20,"Group_adjusted","M1","JKI","M. x gig",17,NA,7.75312629226274
"Sparse25",8,20,"Group_adjusted","M2","ABR33","M. sacchariflorus",47,0.0197417920952229,6.37569383777278
"Sparse25",8,20,"Group_adjusted","M2","ABR33","M. sinensis",34,0.384734739138759,10.1565161736807
"Sparse25",8,20,"Group_adjusted","M2","ABR33","M. x gig",19,0.00631146734141001,9.63415063945142
"Sparse25",8,20,"Group_adjusted","M2","JKI","M. sacchariflorus",47,0.170950811996362,3.57488810147244
"Sparse25",8,20,"Group_adjusted","M2","JKI","M. sinensis",35,0.222687583031972,6.81236258620254
"Sparse25",8,20,"Group_adjusted","M2","JKI","M. x gig",17,0.205502351923596,7.76867067210005
"Sparse25",8,20,"Group_adjusted","M3","ABR33","M. sacchariflorus",47,-0.0171542654964729,6.38164735384663
"Sparse25",8,20,"Group_adjusted","M3","ABR33","M. sinensis",34,0.532501189337085,10.0781297512485
"Sparse25",8,20,"Group_adjusted","M3","ABR33","M. x gig",19,0.0304325725895789,9.62731991922245
"Sparse25",8,20,"Group_adjusted","M3","JKI","M. sacchariflorus",47,0.235909848520516,3.53421544912354
"Sparse25",8,20,"Group_adjusted","M3","JKI","M. sinensis",35,0.249918466426284,6.75542679487556
"Sparse25",8,20,"Group_adjusted","M3","JKI","M. x gig",17,0.234713717161531,7.81515973392631
"Sparse25",8,20,"Raw","M1","ABR33","M. sacchariflorus",47,0.0301436085439639,7.8443760715156
"Sparse25",8,20,"Raw","M1","ABR33","M. sinensis",34,0.143991347897932,11.4450599059907
"Sparse25",8,20,"Raw","M1","ABR33","M. x gig",19,0.295718639575801,6.92813262271369
"Sparse25",8,20,"Raw","M1","JKI","M. sacchariflorus",47,0.132889328405439,5.3964707992038
"Sparse25",8,20,"Raw","M1","JKI","M. sinensis",35,0.218806801999084,6.80136765151608
"Sparse25",8,20,"Raw","M1","JKI","M. x gig",17,NA,4.28950826269471
"Sparse25",8,20,"Raw","M2","ABR33","M. sacchariflorus",47,0.162015598818793,6.42667088811474
"Sparse25",8,20,"Raw","M2","ABR33","M. sinensis",34,0.345627233851705,10.4431663756291
"Sparse25",8,20,"Raw","M2","ABR33","M. x gig",19,0.345981026326767,7.15937446066242
"Sparse25",8,20,"Raw","M2","JKI","M. sacchariflorus",47,0.163883157658753,3.45115655338851
"Sparse25",8,20,"Raw","M2","JKI","M. sinensis",35,0.246715050572269,6.62599084446324
"Sparse25",8,20,"Raw","M2","JKI","M. x gig",17,0.335271009690291,4.53466169650422
"Sparse25",8,20,"Raw","M3","ABR33","M. sacchariflorus",47,0.138280109591949,6.30419453260726
"Sparse25",8,20,"Raw","M3","ABR33","M. sinensis",34,0.428221927514876,10.2877345540229
"Sparse25",8,20,"Raw","M3","ABR33","M. x gig",19,0.356302629492818,7.22688705185517
"Sparse25",8,20,"Raw","M3","JKI","M. sacchariflorus",47,0.217082249514234,3.5773145853388
"Sparse25",8,20,"Raw","M3","JKI","M. sinensis",35,0.278555679562664,6.53473268343733
"Sparse25",8,20,"Raw","M3","JKI","M. x gig",17,0.432976468436585,4.49601352751289
"Sparse25",8,25,"Group_adjusted","M1","ABR33","M. sacchariflorus",45,NA,6.60010864499861
"Sparse25",8,25,"Group_adjusted","M1","ABR33","M. sinensis",36,NA,10.6621876602222
"Sparse25",8,25,"Group_adjusted","M1","ABR33","M. x gig",19,NA,8.22264148107389
"Sparse25",8,25,"Group_adjusted","M1","JKI","M. sacchariflorus",45,NA,4.41592420030956
"Sparse25",8,25,"Group_adjusted","M1","JKI","M. sinensis",35,NA,6.89994071000238
"Sparse25",8,25,"Group_adjusted","M1","JKI","M. x gig",19,NA,5.0958227881229
"Sparse25",8,25,"Group_adjusted","M2","ABR33","M. sacchariflorus",45,-0.248995739430307,6.71031399647239
"Sparse25",8,25,"Group_adjusted","M2","ABR33","M. sinensis",36,0.0851618794417696,10.6922532670425
"Sparse25",8,25,"Group_adjusted","M2","ABR33","M. x gig",19,0.412579045172996,8.08051402539417
"Sparse25",8,25,"Group_adjusted","M2","JKI","M. sacchariflorus",45,-0.0954566932377875,4.55091195164804
"Sparse25",8,25,"Group_adjusted","M2","JKI","M. sinensis",35,-0.00880439581030048,6.95072643983862
"Sparse25",8,25,"Group_adjusted","M2","JKI","M. x gig",19,0.391188228043616,5.04449164463272
"Sparse25",8,25,"Group_adjusted","M3","ABR33","M. sacchariflorus",45,0.0347842322521102,6.60211924654297
"Sparse25",8,25,"Group_adjusted","M3","ABR33","M. sinensis",36,0.216019156805585,10.6723472233268
"Sparse25",8,25,"Group_adjusted","M3","ABR33","M. x gig",19,0.63002540187066,7.92600894185434
"Sparse25",8,25,"Group_adjusted","M3","JKI","M. sacchariflorus",45,0.322971446950678,4.26378043318032
"Sparse25",8,25,"Group_adjusted","M3","JKI","M. sinensis",35,-0.0179110380956824,6.97929145865521
"Sparse25",8,25,"Group_adjusted","M3","JKI","M. x gig",19,0.308991470012519,5.07463818729254
"Sparse25",8,25,"Raw","M1","ABR33","M. sacchariflorus",45,NA,8.45225371588868
"Sparse25",8,25,"Raw","M1","ABR33","M. sinensis",36,NA,11.3367389323799
"Sparse25",8,25,"Raw","M1","ABR33","M. x gig",19,NA,6.86377237392452
"Sparse25",8,25,"Raw","M1","JKI","M. sacchariflorus",45,NA,5.86142087778472
"Sparse25",8,25,"Raw","M1","JKI","M. sinensis",35,NA,7.16338920972185
"Sparse25",8,25,"Raw","M1","JKI","M. x gig",19,NA,5.10114309380788
"Sparse25",8,25,"Raw","M2","ABR33","M. sacchariflorus",45,0.153391849632063,7.64565042722523
"Sparse25",8,25,"Raw","M2","ABR33","M. sinensis",36,-0.111644032780043,10.9963709487536
"Sparse25",8,25,"Raw","M2","ABR33","M. x gig",19,0.246535557396637,6.79478182536351
"Sparse25",8,25,"Raw","M2","JKI","M. sacchariflorus",45,-0.203809488510938,4.94145989285394
"Sparse25",8,25,"Raw","M2","JKI","M. sinensis",35,-0.147992115062003,6.93873524861255
"Sparse25",8,25,"Raw","M2","JKI","M. x gig",19,-0.050270740149047,5.11163867615169
"Sparse25",8,25,"Raw","M3","ABR33","M. sacchariflorus",45,0.243079541115004,7.13042397806631
"Sparse25",8,25,"Raw","M3","ABR33","M. sinensis",36,0.0147675235597075,10.8781604943432
"Sparse25",8,25,"Raw","M3","ABR33","M. x gig",19,0.379755212503041,6.70552455534381
"Sparse25",8,25,"Raw","M3","JKI","M. sacchariflorus",45,0.281515136423802,4.84812766728027
"Sparse25",8,25,"Raw","M3","JKI","M. sinensis",35,-0.109926050538061,6.99218015918466
"Sparse25",8,25,"Raw","M3","JKI","M. x gig",19,0.0990622786380436,5.06891578278573
"Sparse25",9,0,"Group_adjusted","M1","ABR33","M. sacchariflorus",45,0.410488998898134,6.84714715881479
"Sparse25",9,0,"Group_adjusted","M1","ABR33","M. sinensis",38,0.366113336043119,10.2770824434446
"Sparse25",9,0,"Group_adjusted","M1","ABR33","M. x gig",17,0.494479205093682,7.94969237080624
"Sparse25",9,0,"Group_adjusted","M1","JKI","M. sacchariflorus",41,0.182305017990407,3.96098331809854
"Sparse25",9,0,"Group_adjusted","M1","JKI","M. sinensis",39,0.393247396364943,6.38315146154217
"Sparse25",9,0,"Group_adjusted","M1","JKI","M. x gig",19,0.495990217227089,4.98259241614224
"Sparse25",9,0,"Group_adjusted","M2","ABR33","M. sacchariflorus",45,0.413886707619306,6.72103264507815
"Sparse25",9,0,"Group_adjusted","M2","ABR33","M. sinensis",38,0.469932654142023,9.90696066881854
"Sparse25",9,0,"Group_adjusted","M2","ABR33","M. x gig",17,0.533768759181794,7.78686189505061
"Sparse25",9,0,"Group_adjusted","M2","JKI","M. sacchariflorus",41,0.206811397780755,3.94045766469117
"Sparse25",9,0,"Group_adjusted","M2","JKI","M. sinensis",39,0.437277500598826,6.12139708191833
"Sparse25",9,0,"Group_adjusted","M2","JKI","M. x gig",19,0.585618805101519,4.78816552898989
"Sparse25",9,0,"Group_adjusted","M3","ABR33","M. sacchariflorus",45,0.467978239166694,6.70570090544519
"Sparse25",9,0,"Group_adjusted","M3","ABR33","M. sinensis",38,0.51229246150715,9.81900471639879
"Sparse25",9,0,"Group_adjusted","M3","ABR33","M. x gig",17,0.519292394220557,7.74806028709406
"Sparse25",9,0,"Group_adjusted","M3","JKI","M. sacchariflorus",41,0.318567793657635,3.70521953400034
"Sparse25",9,0,"Group_adjusted","M3","JKI","M. sinensis",39,0.445048251394054,6.17644287992711
"Sparse25",9,0,"Group_adjusted","M3","JKI","M. x gig",19,0.550668182685307,4.98927724143918
"Sparse25",9,0,"Raw","M1","ABR33","M. sacchariflorus",45,0.370812392558583,7.29600211793424
"Sparse25",9,0,"Raw","M1","ABR33","M. sinensis",38,0.347943164040339,12.368236642125
"Sparse25",9,0,"Raw","M1","ABR33","M. x gig",17,0.449669445648836,7.6993551393944
"Sparse25",9,0,"Raw","M1","JKI","M. sacchariflorus",41,0.221661970831302,5.01086034713138
"Sparse25",9,0,"Raw","M1","JKI","M. sinensis",39,0.347112071310428,6.90944330429204
"Sparse25",9,0,"Raw","M1","JKI","M. x gig",19,0.509099063492987,4.44849654276973
"Sparse25",9,0,"Raw","M2","ABR33","M. sacchariflorus",45,0.445348211903001,6.71464348844573
"Sparse25",9,0,"Raw","M2","ABR33","M. sinensis",38,0.431483693044468,10.8949746480062
"Sparse25",9,0,"Raw","M2","ABR33","M. x gig",17,0.490900604705913,7.59282992717288
"Sparse25",9,0,"Raw","M2","JKI","M. sacchariflorus",41,0.202971836635735,4.05850817368277
"Sparse25",9,0,"Raw","M2","JKI","M. sinensis",39,0.399049063802036,6.12397098027934
"Sparse25",9,0,"Raw","M2","JKI","M. x gig",19,0.567058744407237,4.13904193614239
"Sparse25",9,0,"Raw","M3","ABR33","M. sacchariflorus",45,0.50584929816916,6.65350635008702
"Sparse25",9,0,"Raw","M3","ABR33","M. sinensis",38,0.443228090928643,10.5535984503103
"Sparse25",9,0,"Raw","M3","ABR33","M. x gig",17,0.478213710948683,7.57488997532831
"Sparse25",9,0,"Raw","M3","JKI","M. sacchariflorus",41,0.290210190821337,4.01042498005873
"Sparse25",9,0,"Raw","M3","JKI","M. sinensis",39,0.414058414941274,6.17274274442525
"Sparse25",9,0,"Raw","M3","JKI","M. x gig",19,0.547781214041434,4.2543758175876
"Sparse25",9,5,"Group_adjusted","M1","ABR33","M. sacchariflorus",43,0.447405201868408,6.40886693209509
"Sparse25",9,5,"Group_adjusted","M1","ABR33","M. sinensis",41,0.289154718890318,11.6096092044955
"Sparse25",9,5,"Group_adjusted","M1","ABR33","M. x gig",16,0.353268828461229,6.40493448131012
"Sparse25",9,5,"Group_adjusted","M1","JKI","M. sacchariflorus",44,0.0704643062110342,3.49373199769919
"Sparse25",9,5,"Group_adjusted","M1","JKI","M. sinensis",37,0.153099013248583,7.11292476829755
"Sparse25",9,5,"Group_adjusted","M1","JKI","M. x gig",18,0.367858819878667,4.95629666730561
"Sparse25",9,5,"Group_adjusted","M2","ABR33","M. sacchariflorus",43,0.43610573918829,6.33461922862431
"Sparse25",9,5,"Group_adjusted","M2","ABR33","M. sinensis",41,0.378708424131186,11.4222903758641
"Sparse25",9,5,"Group_adjusted","M2","ABR33","M. x gig",16,0.551527603988217,6.05342153050545
"Sparse25",9,5,"Group_adjusted","M2","JKI","M. sacchariflorus",44,0.0492870983565367,3.56119972478829
"Sparse25",9,5,"Group_adjusted","M2","JKI","M. sinensis",37,0.21059003171077,7.03785102545495
"Sparse25",9,5,"Group_adjusted","M2","JKI","M. x gig",18,0.457731171300852,4.67087849716153
"Sparse25",9,5,"Group_adjusted","M3","ABR33","M. sacchariflorus",43,0.412616416829397,6.37499687323177
"Sparse25",9,5,"Group_adjusted","M3","ABR33","M. sinensis",41,0.434838372719084,11.3378413057584
"Sparse25",9,5,"Group_adjusted","M3","ABR33","M. x gig",16,0.49806978313452,5.99973105022655
"Sparse25",9,5,"Group_adjusted","M3","JKI","M. sacchariflorus",44,0.16046715489056,3.43646802502339
"Sparse25",9,5,"Group_adjusted","M3","JKI","M. sinensis",37,0.262682982987494,6.98141632338413
"Sparse25",9,5,"Group_adjusted","M3","JKI","M. x gig",18,0.445410719046939,4.74468488114542
"Sparse25",9,5,"Raw","M1","ABR33","M. sacchariflorus",43,0.341105481880098,7.8367783279472
"Sparse25",9,5,"Raw","M1","ABR33","M. sinensis",41,0.221439064530914,10.8804267844658
"Sparse25",9,5,"Raw","M1","ABR33","M. x gig",16,0.326874221256716,5.62593711750222
"Sparse25",9,5,"Raw","M1","JKI","M. sacchariflorus",44,0.048687703019011,4.40648789970941
"Sparse25",9,5,"Raw","M1","JKI","M. sinensis",37,0.179654776169753,7.62964384478453
"Sparse25",9,5,"Raw","M1","JKI","M. x gig",18,0.358860013135601,4.82033087730786
"Sparse25",9,5,"Raw","M2","ABR33","M. sacchariflorus",43,0.486184741958888,6.56406426731504
"Sparse25",9,5,"Raw","M2","ABR33","M. sinensis",41,0.35159869387028,9.89721414666556
"Sparse25",9,5,"Raw","M2","ABR33","M. x gig",16,0.573584680742632,5.37931235444552
"Sparse25",9,5,"Raw","M2","JKI","M. sacchariflorus",44,-0.0300841616365133,3.73167631933043
"Sparse25",9,5,"Raw","M2","JKI","M. sinensis",37,0.208047392681772,6.92159528771792
"Sparse25",9,5,"Raw","M2","JKI","M. x gig",18,0.390113013772171,4.70827308123166
"Sparse25",9,5,"Raw","M3","ABR33","M. sacchariflorus",43,0.44783742414134,6.34807601099161
"Sparse25",9,5,"Raw","M3","ABR33","M. sinensis",41,0.308194287852382,10.1571814124292
"Sparse25",9,5,"Raw","M3","ABR33","M. x gig",16,0.533618496916036,5.42089177928997
"Sparse25",9,5,"Raw","M3","JKI","M. sacchariflorus",44,0.0853686336640631,3.55398220447152
"Sparse25",9,5,"Raw","M3","JKI","M. sinensis",37,0.247769913759497,6.86355607078669
"Sparse25",9,5,"Raw","M3","JKI","M. x gig",18,0.387294262111374,4.73417284093601
"Sparse25",9,10,"Group_adjusted","M1","ABR33","M. sacchariflorus",45,0.0443075576746325,7.04052287232277
"Sparse25",9,10,"Group_adjusted","M1","ABR33","M. sinensis",36,0.215642594224293,10.659524377054
"Sparse25",9,10,"Group_adjusted","M1","ABR33","M. x gig",19,NA,8.43258070026054
"Sparse25",9,10,"Group_adjusted","M1","JKI","M. sacchariflorus",47,0.049309694326965,3.80240840259647
"Sparse25",9,10,"Group_adjusted","M1","JKI","M. sinensis",31,0.258139167651328,7.41605406133343
"Sparse25",9,10,"Group_adjusted","M1","JKI","M. x gig",21,-0.178610455373246,6.91736704648583
"Sparse25",9,10,"Group_adjusted","M2","ABR33","M. sacchariflorus",45,0.032961643652642,7.03490384182696
"Sparse25",9,10,"Group_adjusted","M2","ABR33","M. sinensis",36,0.325953052350092,10.5233219619461
"Sparse25",9,10,"Group_adjusted","M2","ABR33","M. x gig",19,0.379881794176551,8.347266191937
"Sparse25",9,10,"Group_adjusted","M2","JKI","M. sacchariflorus",47,-0.00869911012792616,3.88138820602724
"Sparse25",9,10,"Group_adjusted","M2","JKI","M. sinensis",31,0.309860880964283,7.3056160907119
"Sparse25",9,10,"Group_adjusted","M2","JKI","M. x gig",21,0.375880314541146,6.77875966221687
"Sparse25",9,10,"Group_adjusted","M3","ABR33","M. sacchariflorus",45,0.0654433000038745,7.02364785179698
"Sparse25",9,10,"Group_adjusted","M3","ABR33","M. sinensis",36,0.381005321089316,10.4588849682501
"Sparse25",9,10,"Group_adjusted","M3","ABR33","M. x gig",19,0.452926913750173,8.26422369254502
"Sparse25",9,10,"Group_adjusted","M3","JKI","M. sacchariflorus",47,0.0823539482381158,3.81594539375875
"Sparse25",9,10,"Group_adjusted","M3","JKI","M. sinensis",31,0.322943103314793,7.33387926569408
"Sparse25",9,10,"Group_adjusted","M3","JKI","M. x gig",21,0.38085662706279,6.84530613270965
"Sparse25",9,10,"Raw","M1","ABR33","M. sacchariflorus",45,-0.0404181491629289,7.2781445382536
"Sparse25",9,10,"Raw","M1","ABR33","M. sinensis",36,0.146488906620304,12.7712736711713
"Sparse25",9,10,"Raw","M1","ABR33","M. x gig",19,NA,7.97037858285341
"Sparse25",9,10,"Raw","M1","JKI","M. sacchariflorus",47,0.111248506292607,5.09328614363604
"Sparse25",9,10,"Raw","M1","JKI","M. sinensis",31,0.231854536481502,7.90498457891428
"Sparse25",9,10,"Raw","M1","JKI","M. x gig",21,-0.23019536170662,4.96340802749848
"Sparse25",9,10,"Raw","M2","ABR33","M. sacchariflorus",45,0.0822013356152934,6.96651020843275
"Sparse25",9,10,"Raw","M2","ABR33","M. sinensis",36,0.284322895614227,11.4290030198217
"Sparse25",9,10,"Raw","M2","ABR33","M. x gig",19,0.29197971000577,7.94909098888254
"Sparse25",9,10,"Raw","M2","JKI","M. sacchariflorus",47,-0.0236311222760556,3.98268022789764
"Sparse25",9,10,"Raw","M2","JKI","M. sinensis",31,0.288585008851841,7.32765065680359
"Sparse25",9,10,"Raw","M2","JKI","M. x gig",21,0.240478716070021,5.03877003089145
"Sparse25",9,10,"Raw","M3","ABR33","M. sacchariflorus",45,0.113455527513146,6.96931512373731
"Sparse25",9,10,"Raw","M3","ABR33","M. sinensis",36,0.307032447073667,11.1148550977155
"Sparse25",9,10,"Raw","M3","ABR33","M. x gig",19,0.362010193007348,7.92273530811932
"Sparse25",9,10,"Raw","M3","JKI","M. sacchariflorus",47,0.0531258075332182,4.06385944090257
"Sparse25",9,10,"Raw","M3","JKI","M. sinensis",31,0.299722291327175,7.39456308575406
"Sparse25",9,10,"Raw","M3","JKI","M. x gig",21,0.372461208798856,4.98050240973382
"Sparse25",9,15,"Group_adjusted","M1","ABR33","M. sacchariflorus",46,0.252563293888335,7.81382696840434
"Sparse25",9,15,"Group_adjusted","M1","ABR33","M. sinensis",37,0.247421945959611,9.9764360390748
"Sparse25",9,15,"Group_adjusted","M1","ABR33","M. x gig",17,0.295185803808353,6.72849275975346
"Sparse25",9,15,"Group_adjusted","M1","JKI","M. sacchariflorus",47,0.243554469084375,3.6327837497281
"Sparse25",9,15,"Group_adjusted","M1","JKI","M. sinensis",36,0.367430554072563,6.70563183312866
"Sparse25",9,15,"Group_adjusted","M1","JKI","M. x gig",16,0.288852651352232,4.85203348950257
"Sparse25",9,15,"Group_adjusted","M2","ABR33","M. sacchariflorus",46,0.224762344424526,7.60456113212695
"Sparse25",9,15,"Group_adjusted","M2","ABR33","M. sinensis",37,0.317056235186965,9.80586115561304
"Sparse25",9,15,"Group_adjusted","M2","ABR33","M. x gig",17,0.426948918508082,6.4879933362583
"Sparse25",9,15,"Group_adjusted","M2","JKI","M. sacchariflorus",47,0.310303974638994,3.64428080754666
"Sparse25",9,15,"Group_adjusted","M2","JKI","M. sinensis",36,0.391371173797622,6.74378997337527
"Sparse25",9,15,"Group_adjusted","M2","JKI","M. x gig",16,0.602447690302875,4.67150179669833
"Sparse25",9,15,"Group_adjusted","M3","ABR33","M. sacchariflorus",46,0.194694615758679,7.52105834205947
"Sparse25",9,15,"Group_adjusted","M3","ABR33","M. sinensis",37,0.330309339781044,9.81377152280503
"Sparse25",9,15,"Group_adjusted","M3","ABR33","M. x gig",17,0.437873725256787,6.55372681361658
"Sparse25",9,15,"Group_adjusted","M3","JKI","M. sacchariflorus",47,0.28132167616195,3.59973083978716
"Sparse25",9,15,"Group_adjusted","M3","JKI","M. sinensis",36,0.407955984877927,6.65669996452431
"Sparse25",9,15,"Group_adjusted","M3","JKI","M. x gig",16,0.473003654743285,4.8147164465111
"Sparse25",9,15,"Raw","M1","ABR33","M. sacchariflorus",46,0.0976883740290505,7.06909094075456
"Sparse25",9,15,"Raw","M1","ABR33","M. sinensis",37,0.214421180343568,11.8058495373477
"Sparse25",9,15,"Raw","M1","ABR33","M. x gig",17,0.294494382670439,6.91814112444923
"Sparse25",9,15,"Raw","M1","JKI","M. sacchariflorus",47,0.125895600855275,4.94600021992879
"Sparse25",9,15,"Raw","M1","JKI","M. sinensis",36,0.308172987416906,7.10499439756415
"Sparse25",9,15,"Raw","M1","JKI","M. x gig",16,0.408482882764927,4.82101033606623
"Sparse25",9,15,"Raw","M2","ABR33","M. sacchariflorus",46,0.337103923228261,6.53007543214266
"Sparse25",9,15,"Raw","M2","ABR33","M. sinensis",37,0.344509277756795,10.4270028534996
"Sparse25",9,15,"Raw","M2","ABR33","M. x gig",17,0.423689210046256,6.77041777477708
"Sparse25",9,15,"Raw","M2","JKI","M. sacchariflorus",47,0.157835146406556,3.68574454113724
"Sparse25",9,15,"Raw","M2","JKI","M. sinensis",36,0.37022042563863,6.2511194862614
"Sparse25",9,15,"Raw","M2","JKI","M. x gig",16,0.409116081503188,4.86767721206221
"Sparse25",9,15,"Raw","M3","ABR33","M. sacchariflorus",46,0.26942098362204,6.73705310851742
"Sparse25",9,15,"Raw","M3","ABR33","M. sinensis",37,0.302298136266909,10.0586473635686
"Sparse25",9,15,"Raw","M3","ABR33","M. x gig",17,0.408889904096383,6.83435078267935
"Sparse25",9,15,"Raw","M3","JKI","M. sacchariflorus",47,0.196332563236073,3.84339021874688
"Sparse25",9,15,"Raw","M3","JKI","M. sinensis",36,0.399520770722147,6.45511945619418
"Sparse25",9,15,"Raw","M3","JKI","M. x gig",16,0.34955215651281,4.92552874870141
"Sparse25",9,20,"Group_adjusted","M1","ABR33","M. sacchariflorus",45,-0.0430843049121514,7.28361176836305
"Sparse25",9,20,"Group_adjusted","M1","ABR33","M. sinensis",37,0.331545631023201,9.51043981387888
"Sparse25",9,20,"Group_adjusted","M1","ABR33","M. x gig",18,NA,7.03644215652509
"Sparse25",9,20,"Group_adjusted","M1","JKI","M. sacchariflorus",46,-0.0352185923633359,3.58331856240718
"Sparse25",9,20,"Group_adjusted","M1","JKI","M. sinensis",34,0.0967916776826385,7.20931736759595
"Sparse25",9,20,"Group_adjusted","M1","JKI","M. x gig",19,0.278278907284291,5.62282164564714
"Sparse25",9,20,"Group_adjusted","M2","ABR33","M. sacchariflorus",45,0.0511470762080685,7.2442041256093
"Sparse25",9,20,"Group_adjusted","M2","ABR33","M. sinensis",37,0.426697365583244,9.28574883206128
"Sparse25",9,20,"Group_adjusted","M2","ABR33","M. x gig",18,0.302796370604033,6.88556871826304
"Sparse25",9,20,"Group_adjusted","M2","JKI","M. sacchariflorus",46,0.385567469337427,3.50006535021654
"Sparse25",9,20,"Group_adjusted","M2","JKI","M. sinensis",34,0.229605195598451,7.15882929698242
"Sparse25",9,20,"Group_adjusted","M2","JKI","M. x gig",19,0.513158636962253,5.4917476396642
"Sparse25",9,20,"Group_adjusted","M3","ABR33","M. sacchariflorus",45,0.0869874462070627,7.25307006077299
"Sparse25",9,20,"Group_adjusted","M3","ABR33","M. sinensis",37,0.469008025460917,9.26897552116424
"Sparse25",9,20,"Group_adjusted","M3","ABR33","M. x gig",18,0.346424534387216,6.84218839864658
"Sparse25",9,20,"Group_adjusted","M3","JKI","M. sacchariflorus",46,0.356770966966907,3.5048707895258
"Sparse25",9,20,"Group_adjusted","M3","JKI","M. sinensis",34,0.223538605227356,7.10759768448203
"Sparse25",9,20,"Group_adjusted","M3","JKI","M. x gig",19,0.449200507413189,5.4621086964733
"Sparse25",9,20,"Raw","M1","ABR33","M. sacchariflorus",45,0.0430843049121514,8.05881180236734
"Sparse25",9,20,"Raw","M1","ABR33","M. sinensis",37,0.336054180981332,11.0175155417692
"Sparse25",9,20,"Raw","M1","ABR33","M. x gig",18,NA,7.08202013560644
"Sparse25",9,20,"Raw","M1","JKI","M. sacchariflorus",46,0.100993515499167,4.52001162806633
"Sparse25",9,20,"Raw","M1","JKI","M. sinensis",34,0.0550305725066046,7.9927257542355
"Sparse25",9,20,"Raw","M1","JKI","M. x gig",19,0.278278907284291,5.02097832070309
"Sparse25",9,20,"Raw","M2","ABR33","M. sacchariflorus",45,0.255913284092571,7.18674594750512
"Sparse25",9,20,"Raw","M2","ABR33","M. sinensis",37,0.355090206455978,9.87424033054472
"Sparse25",9,20,"Raw","M2","ABR33","M. x gig",18,0.21805789125389,7.0720908044202
"Sparse25",9,20,"Raw","M2","JKI","M. sacchariflorus",46,0.237367949704636,3.51170410765078
"Sparse25",9,20,"Raw","M2","JKI","M. sinensis",34,0.185796798720129,6.95209297790289
"Sparse25",9,20,"Raw","M2","JKI","M. x gig",19,0.364327185554596,5.11170604933022
"Sparse25",9,20,"Raw","M3","ABR33","M. sacchariflorus",45,0.254742686581189,7.07242997005133
"Sparse25",9,20,"Raw","M3","ABR33","M. sinensis",37,0.363933861023415,9.54913482173887
"Sparse25",9,20,"Raw","M3","ABR33","M. x gig",18,0.21678234164305,7.03820253056452
"Sparse25",9,20,"Raw","M3","JKI","M. sacchariflorus",46,0.281928069750396,3.65213639984849
"Sparse25",9,20,"Raw","M3","JKI","M. sinensis",34,0.186173401017161,7.14712884038729
"Sparse25",9,20,"Raw","M3","JKI","M. x gig",19,0.32123011299926,5.04435212895255
"Sparse25",9,25,"Group_adjusted","M1","ABR33","M. sacchariflorus",42,NA,6.51298141001204
"Sparse25",9,25,"Group_adjusted","M1","ABR33","M. sinensis",39,NA,12.0849652522619
"Sparse25",9,25,"Group_adjusted","M1","ABR33","M. x gig",19,NA,9.03070206144627
"Sparse25",9,25,"Group_adjusted","M1","JKI","M. sacchariflorus",42,NA,3.31938722403071
"Sparse25",9,25,"Group_adjusted","M1","JKI","M. sinensis",38,NA,9.16241265427973
"Sparse25",9,25,"Group_adjusted","M1","JKI","M. x gig",19,NA,5.10727666626264
"Sparse25",9,25,"Group_adjusted","M2","ABR33","M. sacchariflorus",42,-0.144299253398999,6.59088928568295
"Sparse25",9,25,"Group_adjusted","M2","ABR33","M. sinensis",39,0.415714989685622,12.2785484238153
"Sparse25",9,25,"Group_adjusted","M2","ABR33","M. x gig",19,0.036688879286879,9.29998446675985
"Sparse25",9,25,"Group_adjusted","M2","JKI","M. sacchariflorus",42,0.520330883196532,3.12702208115309
"Sparse25",9,25,"Group_adjusted","M2","JKI","M. sinensis",38,0.350926354300673,9.43263196514613
"Sparse25",9,25,"Group_adjusted","M2","JKI","M. x gig",19,0.322921366117132,5.16104256208715
"Sparse25",9,25,"Group_adjusted","M3","ABR33","M. sacchariflorus",42,-0.0595722428924208,6.56778686378489
"Sparse25",9,25,"Group_adjusted","M3","ABR33","M. sinensis",39,0.568778873848577,12.3315482950404
"Sparse25",9,25,"Group_adjusted","M3","ABR33","M. x gig",19,-0.0841068826875534,9.39125889193979
"Sparse25",9,25,"Group_adjusted","M3","JKI","M. sacchariflorus",42,0.521642910105024,3.1082454160324
"Sparse25",9,25,"Group_adjusted","M3","JKI","M. sinensis",38,0.167806899899634,9.40267374513861
"Sparse25",9,25,"Group_adjusted","M3","JKI","M. x gig",19,0.301881896679757,5.09965835197962
"Sparse25",9,25,"Raw","M1","ABR33","M. sacchariflorus",42,NA,6.53168752384768
"Sparse25",9,25,"Raw","M1","ABR33","M. sinensis",39,NA,14.1427619106498
"Sparse25",9,25,"Raw","M1","ABR33","M. x gig",19,NA,8.58797509377402
"Sparse25",9,25,"Raw","M1","JKI","M. sacchariflorus",42,NA,3.47331592958517
"Sparse25",9,25,"Raw","M1","JKI","M. sinensis",38,NA,9.2710211743855
"Sparse25",9,25,"Raw","M1","JKI","M. x gig",19,NA,5.83291929601999
"Sparse25",9,25,"Raw","M2","ABR33","M. sacchariflorus",42,-0.0434547247752819,6.51414722216864
"Sparse25",9,25,"Raw","M2","ABR33","M. sinensis",39,0.264675979812382,13.6263340800199
"Sparse25",9,25,"Raw","M2","ABR33","M. x gig",19,-0.0350683953603653,8.74348568019454
"Sparse25",9,25,"Raw","M2","JKI","M. sacchariflorus",42,0.552215636081332,3.14268023615259
"Sparse25",9,25,"Raw","M2","JKI","M. sinensis",38,0.238279730817762,8.73814109544711
"Sparse25",9,25,"Raw","M2","JKI","M. x gig",19,0.222952749094359,5.91445140176614
"Sparse25",9,25,"Raw","M3","ABR33","M. sacchariflorus",42,0.0660220505963802,6.49032092525771
"Sparse25",9,25,"Raw","M3","ABR33","M. sinensis",39,0.411148298836818,13.2233991089399
"Sparse25",9,25,"Raw","M3","ABR33","M. x gig",19,-0.060301138285219,8.80910516520323
"Sparse25",9,25,"Raw","M3","JKI","M. sacchariflorus",42,0.547652018783376,3.18779170075916
"Sparse25",9,25,"Raw","M3","JKI","M. sinensis",38,0.121029552129403,9.06708019889646
"Sparse25",9,25,"Raw","M3","JKI","M. x gig",19,0.208563432741508,5.83148444564663
"Sparse25",10,0,"Group_adjusted","M1","ABR33","M. sacchariflorus",44,-0.0069685881151887,6.6078512477676
"Sparse25",10,0,"Group_adjusted","M1","ABR33","M. sinensis",40,0.36333128825498,13.9776849972796
"Sparse25",10,0,"Group_adjusted","M1","ABR33","M. x gig",16,0.525097002127346,8.61644489139521
"Sparse25",10,0,"Group_adjusted","M1","JKI","M. sacchariflorus",46,0.494852807563121,3.47314900613265
"Sparse25",10,0,"Group_adjusted","M1","JKI","M. sinensis",36,0.256212981039001,7.50514864360667
"Sparse25",10,0,"Group_adjusted","M1","JKI","M. x gig",17,0.106694442152907,5.11897523647658
"Sparse25",10,0,"Group_adjusted","M2","ABR33","M. sacchariflorus",44,0.0745007441752393,6.68117128720589
"Sparse25",10,0,"Group_adjusted","M2","ABR33","M. sinensis",40,0.447259788297785,13.7117127217192
"Sparse25",10,0,"Group_adjusted","M2","ABR33","M. x gig",16,0.5950589893198,8.41971510726098
"Sparse25",10,0,"Group_adjusted","M2","JKI","M. sacchariflorus",46,0.529177712467195,3.34391250422235
"Sparse25",10,0,"Group_adjusted","M2","JKI","M. sinensis",36,0.295189578913825,7.5585555654992
"Sparse25",10,0,"Group_adjusted","M2","JKI","M. x gig",17,0.302337420165815,4.91148615390493
"Sparse25",10,0,"Group_adjusted","M3","ABR33","M. sacchariflorus",44,0.0829274399417909,6.47366796291063
"Sparse25",10,0,"Group_adjusted","M3","ABR33","M. sinensis",40,0.434070570838638,13.6277017609776
"Sparse25",10,0,"Group_adjusted","M3","ABR33","M. x gig",16,0.597002651478053,8.64347094461805
"Sparse25",10,0,"Group_adjusted","M3","JKI","M. sacchariflorus",46,0.536643390528653,3.33297414066615
"Sparse25",10,0,"Group_adjusted","M3","JKI","M. sinensis",36,0.294073891845445,7.57954235347031
"Sparse25",10,0,"Group_adjusted","M3","JKI","M. x gig",17,0.561285843659165,4.74005017008898
"Sparse25",10,0,"Raw","M1","ABR33","M. sacchariflorus",44,0.04616710305408,8.73409244274345
"Sparse25",10,0,"Raw","M1","ABR33","M. sinensis",40,0.352324328333297,9.4933091570282
"Sparse25",10,0,"Raw","M1","ABR33","M. x gig",16,0.49468754590635,7.39825771389316
"Sparse25",10,0,"Raw","M1","JKI","M. sacchariflorus",46,0.43572044428521,4.30929335819077
"Sparse25",10,0,"Raw","M1","JKI","M. sinensis",36,0.416196317786937,7.25229057615465
"Sparse25",10,0,"Raw","M1","JKI","M. x gig",17,0.297007565854785,4.76112283810367
"Sparse25",10,0,"Raw","M2","ABR33","M. sacchariflorus",44,0.311936883426071,7.15661830022285
"Sparse25",10,0,"Raw","M2","ABR33","M. sinensis",40,0.485089695377534,9.2611191137604
"Sparse25",10,0,"Raw","M2","ABR33","M. x gig",16,0.569984139065161,6.93675008635279
"Sparse25",10,0,"Raw","M2","JKI","M. sacchariflorus",46,0.493049727534227,3.31683633474533
"Sparse25",10,0,"Raw","M2","JKI","M. sinensis",36,0.443139057639327,6.13050406631998
"Sparse25",10,0,"Raw","M2","JKI","M. x gig",17,0.434181002212846,4.98143573231802
"Sparse25",10,0,"Raw","M3","ABR33","M. sacchariflorus",44,0.357891826453113,6.19860104783839
"Sparse25",10,0,"Raw","M3","ABR33","M. sinensis",40,0.440706958966932,9.97687814785818
"Sparse25",10,0,"Raw","M3","ABR33","M. x gig",16,0.615235610000128,6.82374443257956
"Sparse25",10,0,"Raw","M3","JKI","M. sacchariflorus",46,0.522621881489149,3.33473624561638
"Sparse25",10,0,"Raw","M3","JKI","M. sinensis",36,0.423452639011362,6.48827434398582
"Sparse25",10,0,"Raw","M3","JKI","M. x gig",17,0.602864314960726,4.67250750506202
"Sparse25",10,5,"Group_adjusted","M1","ABR33","M. sacchariflorus",43,0.253575223309393,7.0173390593488
"Sparse25",10,5,"Group_adjusted","M1","ABR33","M. sinensis",40,0.436894379725484,9.39744210574186
"Sparse25",10,5,"Group_adjusted","M1","ABR33","M. x gig",17,0.032926860945009,7.62916481383163
"Sparse25",10,5,"Group_adjusted","M1","JKI","M. sacchariflorus",39,0.0163364456399864,3.92699000053846
"Sparse25",10,5,"Group_adjusted","M1","JKI","M. sinensis",40,0.454774374796154,5.82354085957145
"Sparse25",10,5,"Group_adjusted","M1","JKI","M. x gig",20,0.226788727813597,6.83024293534028
"Sparse25",10,5,"Group_adjusted","M2","ABR33","M. sacchariflorus",43,0.283547967728705,6.96625691362789
"Sparse25",10,5,"Group_adjusted","M2","ABR33","M. sinensis",40,0.508921580628627,9.10752618571373
"Sparse25",10,5,"Group_adjusted","M2","ABR33","M. x gig",17,-0.244767618057998,7.52993204256319
"Sparse25",10,5,"Group_adjusted","M2","JKI","M. sacchariflorus",39,0.130369430659396,3.95089469102269
"Sparse25",10,5,"Group_adjusted","M2","JKI","M. sinensis",40,0.493141928445264,5.62254413191494
"Sparse25",10,5,"Group_adjusted","M2","JKI","M. x gig",20,0.145794622691337,7.04418017565034
"Sparse25",10,5,"Group_adjusted","M3","ABR33","M. sacchariflorus",43,0.2918033464026,6.97274995853568
"Sparse25",10,5,"Group_adjusted","M3","ABR33","M. sinensis",40,0.530137658870204,9.12088659688957
"Sparse25",10,5,"Group_adjusted","M3","ABR33","M. x gig",17,-0.285140304546799,7.62553931317097
"Sparse25",10,5,"Group_adjusted","M3","JKI","M. sacchariflorus",39,0.230813975620521,3.8167383944656
"Sparse25",10,5,"Group_adjusted","M3","JKI","M. sinensis",40,0.48019922640132,5.70448413681929
"Sparse25",10,5,"Group_adjusted","M3","JKI","M. x gig",20,0.148670834979774,6.9203367466648
"Sparse25",10,5,"Raw","M1","ABR33","M. sacchariflorus",43,0.131470099616321,7.5517598672011
"Sparse25",10,5,"Raw","M1","ABR33","M. sinensis",40,0.420932393083365,11.2694990638929
"Sparse25",10,5,"Raw","M1","ABR33","M. x gig",17,-0.0329268609450091,5.82852927920668
"Sparse25",10,5,"Raw","M1","JKI","M. sacchariflorus",39,-0.0448384735490868,5.05200624991028
"Sparse25",10,5,"Raw","M1","JKI","M. sinensis",40,0.407495332458436,6.52270965587721
"Sparse25",10,5,"Raw","M1","JKI","M. x gig",20,0.310289957708992,4.69345755992789
"Sparse25",10,5,"Raw","M2","ABR33","M. sacchariflorus",43,0.32524688423011,6.92247515498361
"Sparse25",10,5,"Raw","M2","ABR33","M. sinensis",40,0.49936673990402,9.44343278115751
"Sparse25",10,5,"Raw","M2","ABR33","M. x gig",17,-0.295481031211602,5.93799629451093
"Sparse25",10,5,"Raw","M2","JKI","M. sacchariflorus",39,0.0514537754783778,4.29804330412706
"Sparse25",10,5,"Raw","M2","JKI","M. sinensis",40,0.49501471434599,5.7397034998834
"Sparse25",10,5,"Raw","M2","JKI","M. x gig",20,0.230236166239375,5.21471422037049
"Sparse25",10,5,"Raw","M3","ABR33","M. sacchariflorus",43,0.358570758560453,6.89669429699176
"Sparse25",10,5,"Raw","M3","ABR33","M. sinensis",40,0.512509928094539,9.36302620172605
"Sparse25",10,5,"Raw","M3","ABR33","M. x gig",17,-0.328343750912786,6.00781915108627
"Sparse25",10,5,"Raw","M3","JKI","M. sacchariflorus",39,0.129880965798492,4.18030875895569
"Sparse25",10,5,"Raw","M3","JKI","M. sinensis",40,0.482337991290591,5.71815481468175
"Sparse25",10,5,"Raw","M3","JKI","M. x gig",20,0.219925824283201,5.07101850232009
"Sparse25",10,10,"Group_adjusted","M1","ABR33","M. sacchariflorus",48,0.0837351855810297,7.29606245014777
"Sparse25",10,10,"Group_adjusted","M1","ABR33","M. sinensis",35,0.219225080296229,10.3174613809395
"Sparse25",10,10,"Group_adjusted","M1","ABR33","M. x gig",17,0.174044354850688,6.78925926218358
"Sparse25",10,10,"Group_adjusted","M1","JKI","M. sacchariflorus",45,0.294586589938027,3.54295341869143
"Sparse25",10,10,"Group_adjusted","M1","JKI","M. sinensis",37,0.237313049982084,7.65666708454811
"Sparse25",10,10,"Group_adjusted","M1","JKI","M. x gig",17,0.546708825246264,7.5610788799542
"Sparse25",10,10,"Group_adjusted","M2","ABR33","M. sacchariflorus",48,0.128890840428064,7.27684238885726
"Sparse25",10,10,"Group_adjusted","M2","ABR33","M. sinensis",35,0.371534819825179,10.0169351475047
"Sparse25",10,10,"Group_adjusted","M2","ABR33","M. x gig",17,0.331384042891626,6.36623240753888
"Sparse25",10,10,"Group_adjusted","M2","JKI","M. sacchariflorus",45,0.497483755386187,3.41984559427079
"Sparse25",10,10,"Group_adjusted","M2","JKI","M. sinensis",37,0.29533879146788,7.5406114536239
"Sparse25",10,10,"Group_adjusted","M2","JKI","M. x gig",17,0.55452710893539,7.38951729182386
"Sparse25",10,10,"Group_adjusted","M3","ABR33","M. sacchariflorus",48,0.136280599097173,7.37144597712143
"Sparse25",10,10,"Group_adjusted","M3","ABR33","M. sinensis",35,0.486205917411124,9.90604438441085
"Sparse25",10,10,"Group_adjusted","M3","ABR33","M. x gig",17,0.381585566977144,6.14550683623665
"Sparse25",10,10,"Group_adjusted","M3","JKI","M. sacchariflorus",45,0.533426463968755,3.40463107055504
"Sparse25",10,10,"Group_adjusted","M3","JKI","M. sinensis",37,0.315213777154059,7.55317179679184
"Sparse25",10,10,"Group_adjusted","M3","JKI","M. x gig",17,0.537767844822314,7.39536373422039
"Sparse25",10,10,"Raw","M1","ABR33","M. sacchariflorus",48,0.133332258932033,8.57480059612139
"Sparse25",10,10,"Raw","M1","ABR33","M. sinensis",35,0.219814215786911,10.7673408066873
"Sparse25",10,10,"Raw","M1","ABR33","M. x gig",17,0.729350036249802,5.43430970539481
"Sparse25",10,10,"Raw","M1","JKI","M. sacchariflorus",45,0.0468830808229061,5.03425072366091
"Sparse25",10,10,"Raw","M1","JKI","M. sinensis",37,0.230246127060311,7.43136879847773
"Sparse25",10,10,"Raw","M1","JKI","M. x gig",17,0.529958019871652,4.2927160794292
"Sparse25",10,10,"Raw","M2","ABR33","M. sacchariflorus",48,0.256402880739562,7.09015731144109
"Sparse25",10,10,"Raw","M2","ABR33","M. sinensis",35,0.327146608514211,10.0822877975543
"Sparse25",10,10,"Raw","M2","ABR33","M. x gig",17,0.763848257446704,4.89498985556336
"Sparse25",10,10,"Raw","M2","JKI","M. sacchariflorus",45,0.0603436369141951,3.76143627869967
"Sparse25",10,10,"Raw","M2","JKI","M. sinensis",37,0.285625685499001,6.62333892928504
"Sparse25",10,10,"Raw","M2","JKI","M. x gig",17,0.559139242978185,4.13918103599704
"Sparse25",10,10,"Raw","M3","ABR33","M. sacchariflorus",48,0.29169138039412,6.78849208691975
"Sparse25",10,10,"Raw","M3","ABR33","M. sinensis",35,0.403951582471486,9.93968381439538
"Sparse25",10,10,"Raw","M3","ABR33","M. x gig",17,0.744154523170749,4.77210233604975
"Sparse25",10,10,"Raw","M3","JKI","M. sacchariflorus",45,0.295916617015369,4.03521801967906
"Sparse25",10,10,"Raw","M3","JKI","M. sinensis",37,0.312544888640432,6.78724947941849
"Sparse25",10,10,"Raw","M3","JKI","M. x gig",17,0.592109634300758,4.0935645315202
"Sparse25",10,15,"Group_adjusted","M1","ABR33","M. sacchariflorus",48,0.319399890561104,6.85838084592352
"Sparse25",10,15,"Group_adjusted","M1","ABR33","M. sinensis",35,0.231268219910989,10.2634139277177
"Sparse25",10,15,"Group_adjusted","M1","ABR33","M. x gig",17,NA,9.16275425990638
"Sparse25",10,15,"Group_adjusted","M1","JKI","M. sacchariflorus",46,0.210332553895614,3.64300735902428
"Sparse25",10,15,"Group_adjusted","M1","JKI","M. sinensis",33,0.038011366582018,6.83551261783859
"Sparse25",10,15,"Group_adjusted","M1","JKI","M. x gig",20,0.268360322072719,7.09331403117541
"Sparse25",10,15,"Group_adjusted","M2","ABR33","M. sacchariflorus",48,0.315865421214163,6.85739681121169
"Sparse25",10,15,"Group_adjusted","M2","ABR33","M. sinensis",35,0.408920361452537,10.0507388500774
"Sparse25",10,15,"Group_adjusted","M2","ABR33","M. x gig",17,0.433240584997177,9.10543901655647
"Sparse25",10,15,"Group_adjusted","M2","JKI","M. sacchariflorus",46,0.322942559443172,3.6801901813123
"Sparse25",10,15,"Group_adjusted","M2","JKI","M. sinensis",33,0.172450975048825,6.71861463120861
"Sparse25",10,15,"Group_adjusted","M2","JKI","M. x gig",20,0.420903746940416,7.04635149418465
"Sparse25",10,15,"Group_adjusted","M3","ABR33","M. sacchariflorus",48,0.345459751165745,6.8069639891587
"Sparse25",10,15,"Group_adjusted","M3","ABR33","M. sinensis",35,0.361222177921167,10.0615175496975
"Sparse25",10,15,"Group_adjusted","M3","ABR33","M. x gig",17,0.291166000697223,9.19776344806921
"Sparse25",10,15,"Group_adjusted","M3","JKI","M. sacchariflorus",46,0.448116326858031,3.57179018848582
"Sparse25",10,15,"Group_adjusted","M3","JKI","M. sinensis",33,0.177453766800243,6.73291088213823
"Sparse25",10,15,"Group_adjusted","M3","JKI","M. x gig",20,0.319138973976938,7.19840336077112
"Sparse25",10,15,"Raw","M1","ABR33","M. sacchariflorus",48,0.259385984166864,7.68932667295993
"Sparse25",10,15,"Raw","M1","ABR33","M. sinensis",35,0.147263430485773,11.7981883800513
"Sparse25",10,15,"Raw","M1","ABR33","M. x gig",17,NA,7.84023524437091
"Sparse25",10,15,"Raw","M1","JKI","M. sacchariflorus",46,0.0655479850326247,5.14850441036908
"Sparse25",10,15,"Raw","M1","JKI","M. sinensis",33,0.00694493541374296,7.36313723562825
"Sparse25",10,15,"Raw","M1","JKI","M. x gig",20,0.15972571907747,4.81617663135582
"Sparse25",10,15,"Raw","M2","ABR33","M. sacchariflorus",48,0.363066483517126,6.90043765519419
"Sparse25",10,15,"Raw","M2","ABR33","M. sinensis",35,0.37212888735354,10.5948827835499
"Sparse25",10,15,"Raw","M2","ABR33","M. x gig",17,0.425678081719117,7.85819706193655
"Sparse25",10,15,"Raw","M2","JKI","M. sacchariflorus",46,0.238852794355244,3.81298475134281
"Sparse25",10,15,"Raw","M2","JKI","M. sinensis",33,0.174697800534157,6.73538918484538
"Sparse25",10,15,"Raw","M2","JKI","M. x gig",20,0.238665636871738,4.9129643292312
"Sparse25",10,15,"Raw","M3","ABR33","M. sacchariflorus",48,0.394788708650265,6.72786549727255
"Sparse25",10,15,"Raw","M3","ABR33","M. sinensis",35,0.299073016902004,10.4914150356365
"Sparse25",10,15,"Raw","M3","ABR33","M. x gig",17,0.259193671821341,8.0177041296454
"Sparse25",10,15,"Raw","M3","JKI","M. sacchariflorus",46,0.422552241319537,3.81665359093706
"Sparse25",10,15,"Raw","M3","JKI","M. sinensis",33,0.183488526672676,6.77281754445027
"Sparse25",10,15,"Raw","M3","JKI","M. x gig",20,0.252839831356626,4.9307036599081
"Sparse25",10,20,"Group_adjusted","M1","ABR33","M. sacchariflorus",41,0.415772838453337,7.06564564579089
"Sparse25",10,20,"Group_adjusted","M1","ABR33","M. sinensis",43,0.252056850934832,11.3161588662757
"Sparse25",10,20,"Group_adjusted","M1","ABR33","M. x gig",16,NA,7.75536714696063
"Sparse25",10,20,"Group_adjusted","M1","JKI","M. sacchariflorus",43,0.223384185941457,3.30642891228917
"Sparse25",10,20,"Group_adjusted","M1","JKI","M. sinensis",39,NA,7.32147694059663
"Sparse25",10,20,"Group_adjusted","M1","JKI","M. x gig",17,0.063564272398874,5.86407111333616
"Sparse25",10,20,"Group_adjusted","M2","ABR33","M. sacchariflorus",41,0.387945338095453,7.03689460175388
"Sparse25",10,20,"Group_adjusted","M2","ABR33","M. sinensis",43,0.296878120489336,11.2990327952556
"Sparse25",10,20,"Group_adjusted","M2","ABR33","M. x gig",16,-0.0704060510613758,7.75833885325198
"Sparse25",10,20,"Group_adjusted","M2","JKI","M. sacchariflorus",43,0.411922845903472,3.29969747229622
"Sparse25",10,20,"Group_adjusted","M2","JKI","M. sinensis",39,0.496899552821851,7.32771681537147
"Sparse25",10,20,"Group_adjusted","M2","JKI","M. x gig",17,0.136842363339303,5.77848724044884
"Sparse25",10,20,"Group_adjusted","M3","ABR33","M. sacchariflorus",41,0.411210753842949,7.02256545384667
"Sparse25",10,20,"Group_adjusted","M3","ABR33","M. sinensis",43,0.313357399456454,11.3478645329397
"Sparse25",10,20,"Group_adjusted","M3","ABR33","M. x gig",16,0.0393090650269096,7.73059818339013
"Sparse25",10,20,"Group_adjusted","M3","JKI","M. sacchariflorus",43,0.61904364688233,3.16475678052584
"Sparse25",10,20,"Group_adjusted","M3","JKI","M. sinensis",39,0.331305791677787,7.30262243747608
"Sparse25",10,20,"Group_adjusted","M3","JKI","M. x gig",17,-0.0579831917899963,5.92366420768857
"Sparse25",10,20,"Raw","M1","ABR33","M. sacchariflorus",41,0.404359611957274,7.18876417597881
"Sparse25",10,20,"Raw","M1","ABR33","M. sinensis",43,0.243107043252885,13.2677110968049
"Sparse25",10,20,"Raw","M1","ABR33","M. x gig",16,NA,8.59623932490699
"Sparse25",10,20,"Raw","M1","JKI","M. sacchariflorus",43,0.194307474255883,3.8986109131897
"Sparse25",10,20,"Raw","M1","JKI","M. sinensis",39,NA,8.2702949796734
"Sparse25",10,20,"Raw","M1","JKI","M. x gig",17,0.063564272398874,5.63702418801529
"Sparse25",10,20,"Raw","M2","ABR33","M. sacchariflorus",41,0.440468964092211,7.03112125205554
"Sparse25",10,20,"Raw","M2","ABR33","M. sinensis",43,0.252357915683043,12.1918613845178
"Sparse25",10,20,"Raw","M2","ABR33","M. x gig",16,-0.170614618960567,8.41296826422939
"Sparse25",10,20,"Raw","M2","JKI","M. sacchariflorus",43,0.293061747777898,3.41863142075379
"Sparse25",10,20,"Raw","M2","JKI","M. sinensis",39,0.140841484095988,7.5281517462337
"Sparse25",10,20,"Raw","M2","JKI","M. x gig",17,0.0253090779503386,5.57172475689104
"Sparse25",10,20,"Raw","M3","ABR33","M. sacchariflorus",41,0.456518537586804,7.0069243713845
"Sparse25",10,20,"Raw","M3","ABR33","M. sinensis",43,0.251164291106904,12.0805940411616
"Sparse25",10,20,"Raw","M3","ABR33","M. x gig",16,-0.27653904645564,8.36935348168333
"Sparse25",10,20,"Raw","M3","JKI","M. sacchariflorus",43,0.567500019862985,3.31229536889127
"Sparse25",10,20,"Raw","M3","JKI","M. sinensis",39,0.140897806313804,7.49636822029198
"Sparse25",10,20,"Raw","M3","JKI","M. x gig",17,-0.0734676570279315,5.66525812542471
"Sparse25",10,25,"Group_adjusted","M1","ABR33","M. sacchariflorus",49,NA,6.93420284796181
"Sparse25",10,25,"Group_adjusted","M1","ABR33","M. sinensis",36,NA,10.029223952438
"Sparse25",10,25,"Group_adjusted","M1","ABR33","M. x gig",15,NA,7.03972501895838
"Sparse25",10,25,"Group_adjusted","M1","JKI","M. sacchariflorus",49,NA,3.81287072572258
"Sparse25",10,25,"Group_adjusted","M1","JKI","M. sinensis",35,NA,6.83159787332093
"Sparse25",10,25,"Group_adjusted","M1","JKI","M. x gig",15,NA,5.60012705730961
"Sparse25",10,25,"Group_adjusted","M2","ABR33","M. sacchariflorus",49,0.204172155480612,6.74736331865012
"Sparse25",10,25,"Group_adjusted","M2","ABR33","M. sinensis",36,0.46132902423589,9.86154691266573
"Sparse25",10,25,"Group_adjusted","M2","ABR33","M. x gig",15,0.346613887048846,6.93506453289396
"Sparse25",10,25,"Group_adjusted","M2","JKI","M. sacchariflorus",49,0.325628600122979,3.66627150191999
"Sparse25",10,25,"Group_adjusted","M2","JKI","M. sinensis",35,0.400773379682131,6.68859247609923
"Sparse25",10,25,"Group_adjusted","M2","JKI","M. x gig",15,0.265491417792852,5.49767926587011
"Sparse25",10,25,"Group_adjusted","M3","ABR33","M. sacchariflorus",49,0.0481834904891617,6.77290537493142
"Sparse25",10,25,"Group_adjusted","M3","ABR33","M. sinensis",36,0.371733337895323,9.82185413786742
"Sparse25",10,25,"Group_adjusted","M3","ABR33","M. x gig",15,0.419879779986046,6.79163450756721
"Sparse25",10,25,"Group_adjusted","M3","JKI","M. sacchariflorus",49,0.3001729559032,3.67985554453724
"Sparse25",10,25,"Group_adjusted","M3","JKI","M. sinensis",35,0.341394513968167,6.73367456827887
"Sparse25",10,25,"Group_adjusted","M3","JKI","M. x gig",15,0.257961218377532,5.51212351147196
"Sparse25",10,25,"Raw","M1","ABR33","M. sacchariflorus",49,NA,8.41256044051207
"Sparse25",10,25,"Raw","M1","ABR33","M. sinensis",36,NA,10.554420921279
"Sparse25",10,25,"Raw","M1","ABR33","M. x gig",15,NA,6.39007519550548
"Sparse25",10,25,"Raw","M1","JKI","M. sacchariflorus",49,NA,5.84909805801958
"Sparse25",10,25,"Raw","M1","JKI","M. sinensis",35,NA,6.86003494738638
"Sparse25",10,25,"Raw","M1","JKI","M. x gig",15,NA,5.4826300374201
"Sparse25",10,25,"Raw","M2","ABR33","M. sacchariflorus",49,0.282388974018587,6.69935419908714
"Sparse25",10,25,"Raw","M2","ABR33","M. sinensis",36,0.348942682262294,9.7894591816719
"Sparse25",10,25,"Raw","M2","ABR33","M. x gig",15,-0.0153937185189498,6.30372477550192
"Sparse25",10,25,"Raw","M2","JKI","M. sacchariflorus",49,0.0723088942108731,3.83767023875132
"Sparse25",10,25,"Raw","M2","JKI","M. sinensis",35,0.333447383046744,6.78008384024557
"Sparse25",10,25,"Raw","M2","JKI","M. x gig",15,-0.241144473787549,5.50877478841214
"Sparse25",10,25,"Raw","M3","ABR33","M. sacchariflorus",49,0.178243750412944,6.48240257341991
"Sparse25",10,25,"Raw","M3","ABR33","M. sinensis",36,0.249574148745612,9.80198674490771
"Sparse25",10,25,"Raw","M3","ABR33","M. x gig",15,0.0247414336179152,6.23244928908605
"Sparse25",10,25,"Raw","M3","JKI","M. sacchariflorus",49,0.143861866795532,3.96695957604168
"Sparse25",10,25,"Raw","M3","JKI","M. sinensis",35,0.260254537805223,6.75647087335061
"Sparse25",10,25,"Raw","M3","JKI","M. x gig",15,-0.254666538636955,5.51751660895162
