"split","scheme","rep","fold","overlap","target","model","Environment","n","PA","raw_scale_PA","RMSE","baseline_RMSE"
1,"CV1",1,1,NA,"Raw","M1","ABR33",25,NA,NA,1.12237971776184,0.890411066262453
1,"CV1",1,1,NA,"Raw","M1","JKI",25,NA,NA,0.71504187019828,0.618925137706503
2,"CV1",1,2,NA,"Raw","M1","ABR33",25,NA,NA,1.16150323481231,0.896189286785138
2,"CV1",1,2,NA,"Raw","M1","JKI",25,NA,NA,0.562042663961044,0.478671798696215
3,"CV1",1,3,NA,"Raw","M1","ABR33",25,NA,NA,0.644432270028728,0.609631697804817
3,"CV1",1,3,NA,"Raw","M1","JKI",25,NA,NA,0.353509250521427,0.337167745562773
4,"CV1",1,4,NA,"Raw","M1","ABR33",25,NA,NA,0.741744716922456,0.663501030049754
4,"CV1",1,4,NA,"Raw","M1","JKI",25,NA,NA,0.59696039122202,0.488394061933118
5,"CV1",1,5,NA,"Raw","M1","ABR33",25,NA,NA,0.755343215714092,0.753974174613063
5,"CV1",1,5,NA,"Raw","M1","JKI",24,NA,NA,0.571386892197285,0.458063325802365
6,"CV1",2,1,NA,"Raw","M1","ABR33",25,NA,NA,1.03106724144622,0.727426104930272
6,"CV1",2,1,NA,"Raw","M1","JKI",25,NA,NA,0.710140544646,0.548571395182672
7,"CV1",2,2,NA,"Raw","M1","ABR33",25,NA,NA,0.852111318786572,0.805827534472638
7,"CV1",2,2,NA,"Raw","M1","JKI",24,NA,NA,0.50924337867618,0.50393268740709
8,"CV1",2,3,NA,"Raw","M1","ABR33",25,NA,NA,1.13603724914143,0.906372739370291
8,"CV1",2,3,NA,"Raw","M1","JKI",25,NA,NA,0.634530302719882,0.475490837737943
9,"CV1",2,4,NA,"Raw","M1","ABR33",25,NA,NA,0.787074439058372,0.679355984971475
9,"CV1",2,4,NA,"Raw","M1","JKI",25,NA,NA,0.450376573456716,0.363977836970186
10,"CV1",2,5,NA,"Raw","M1","ABR33",25,NA,NA,0.67075538107479,0.597329056340615
10,"CV1",2,5,NA,"Raw","M1","JKI",25,NA,NA,0.512088755860854,0.494737479741847
11,"CV1",3,1,NA,"Raw","M1","ABR33",25,NA,NA,0.701009878721718,0.584749097813495
11,"CV1",3,1,NA,"Raw","M1","JKI",24,NA,NA,0.453216451380093,0.42390916815501
12,"CV1",3,2,NA,"Raw","M1","ABR33",25,NA,NA,0.857051124186514,0.685255670250819
12,"CV1",3,2,NA,"Raw","M1","JKI",25,NA,NA,0.478836766131973,0.434641758187376
13,"CV1",3,3,NA,"Raw","M1","ABR33",25,NA,NA,1.05879651744337,0.853482927865225
13,"CV1",3,3,NA,"Raw","M1","JKI",25,NA,NA,0.708486524475798,0.597637377471553
14,"CV1",3,4,NA,"Raw","M1","ABR33",25,NA,NA,1.17184104196135,0.926216122720034
14,"CV1",3,4,NA,"Raw","M1","JKI",25,NA,NA,0.61630706933244,0.474984130474295
15,"CV1",3,5,NA,"Raw","M1","ABR33",25,NA,NA,0.745598739895994,0.714977654447644
15,"CV1",3,5,NA,"Raw","M1","JKI",25,NA,NA,0.570433622374122,0.492117070758203
16,"CV1",4,1,NA,"Raw","M1","ABR33",25,NA,NA,0.899590854340435,0.625992224233933
16,"CV1",4,1,NA,"Raw","M1","JKI",24,NA,NA,0.609488787452756,0.534514628453866
17,"CV1",4,2,NA,"Raw","M1","ABR33",25,NA,NA,0.932045168306689,0.775084440449188
17,"CV1",4,2,NA,"Raw","M1","JKI",25,NA,NA,0.466701567461084,0.420005295343873
18,"CV1",4,3,NA,"Raw","M1","ABR33",25,NA,NA,0.881730769100965,0.807368173180382
18,"CV1",4,3,NA,"Raw","M1","JKI",25,NA,NA,0.596698956782326,0.55751754243879
19,"CV1",4,4,NA,"Raw","M1","ABR33",25,NA,NA,0.886137615028448,0.826010453484467
19,"CV1",4,4,NA,"Raw","M1","JKI",25,NA,NA,0.598261919598636,0.433507760778624
20,"CV1",4,5,NA,"Raw","M1","ABR33",25,NA,NA,0.952902576443014,0.751598125005081
20,"CV1",4,5,NA,"Raw","M1","JKI",25,NA,NA,0.570622747129919,0.46263880219347
21,"CV1",5,1,NA,"Raw","M1","ABR33",25,NA,NA,0.839409666933709,0.655858563377863
21,"CV1",5,1,NA,"Raw","M1","JKI",25,NA,NA,0.483369951724572,0.417226960523164
22,"CV1",5,2,NA,"Raw","M1","ABR33",25,NA,NA,0.95458490799922,0.855577838016031
22,"CV1",5,2,NA,"Raw","M1","JKI",25,NA,NA,0.607890542461268,0.535285756455753
23,"CV1",5,3,NA,"Raw","M1","ABR33",25,NA,NA,1.01998207527829,0.691426372556003
23,"CV1",5,3,NA,"Raw","M1","JKI",25,NA,NA,0.637880000624604,0.535966651833768
24,"CV1",5,4,NA,"Raw","M1","ABR33",25,NA,NA,0.917536565743236,0.760873866214104
24,"CV1",5,4,NA,"Raw","M1","JKI",25,NA,NA,0.55294416879319,0.436359215193862
25,"CV1",5,5,NA,"Raw","M1","ABR33",25,NA,NA,0.815429111978069,0.794443199949363
25,"CV1",5,5,NA,"Raw","M1","JKI",24,NA,NA,0.549798835045512,0.462073360656714
26,"CV1",6,1,NA,"Raw","M1","ABR33",25,NA,NA,0.982268058774266,0.98314585992551
26,"CV1",6,1,NA,"Raw","M1","JKI",25,NA,NA,0.433256473214617,0.526157252121742
27,"CV1",6,2,NA,"Raw","M1","ABR33",25,NA,NA,1.0339480826991,0.816083799971684
27,"CV1",6,2,NA,"Raw","M1","JKI",25,NA,NA,0.600692650373537,0.427897026148391
28,"CV1",6,3,NA,"Raw","M1","ABR33",25,NA,NA,0.780304323664569,0.594396962951093
28,"CV1",6,3,NA,"Raw","M1","JKI",25,NA,NA,0.484580806450494,0.42926011617494
29,"CV1",6,4,NA,"Raw","M1","ABR33",25,NA,NA,0.860536641647909,0.702472116499211
29,"CV1",6,4,NA,"Raw","M1","JKI",24,NA,NA,0.607943929759081,0.503431168534803
30,"CV1",6,5,NA,"Raw","M1","ABR33",25,NA,NA,0.851232869143521,0.646811105280015
30,"CV1",6,5,NA,"Raw","M1","JKI",25,NA,NA,0.683549395109973,0.542856849198292
31,"CV1",7,1,NA,"Raw","M1","ABR33",25,NA,NA,1.16518886759585,0.921471082667298
31,"CV1",7,1,NA,"Raw","M1","JKI",25,NA,NA,0.795999674434901,0.593807659500662
32,"CV1",7,2,NA,"Raw","M1","ABR33",25,NA,NA,1.04862388726735,0.971056879282896
32,"CV1",7,2,NA,"Raw","M1","JKI",25,NA,NA,0.685092015033402,0.636644392765332
33,"CV1",7,3,NA,"Raw","M1","ABR33",25,NA,NA,0.646878603160418,0.442983133943219
33,"CV1",7,3,NA,"Raw","M1","JKI",24,NA,NA,0.386518720177035,0.384653066440843
34,"CV1",7,4,NA,"Raw","M1","ABR33",25,NA,NA,0.677993738049196,0.609058103490324
34,"CV1",7,4,NA,"Raw","M1","JKI",25,NA,NA,0.443079613127264,0.444206020488699
35,"CV1",7,5,NA,"Raw","M1","ABR33",25,NA,NA,0.922973087241255,0.763840366952098
35,"CV1",7,5,NA,"Raw","M1","JKI",25,NA,NA,0.401607503855655,0.413986416960897
36,"CV1",8,1,NA,"Raw","M1","ABR33",25,NA,NA,0.926483237126612,0.782787334253746
36,"CV1",8,1,NA,"Raw","M1","JKI",25,NA,NA,0.447702065262389,0.39066272700355
37,"CV1",8,2,NA,"Raw","M1","ABR33",25,NA,NA,0.969678478389018,0.745680840323759
37,"CV1",8,2,NA,"Raw","M1","JKI",25,NA,NA,0.625682977920965,0.539882910572619
38,"CV1",8,3,NA,"Raw","M1","ABR33",25,NA,NA,1.01261936694939,0.781204649425439
38,"CV1",8,3,NA,"Raw","M1","JKI",24,NA,NA,0.675454372777702,0.590661129162233
39,"CV1",8,4,NA,"Raw","M1","ABR33",25,NA,NA,0.979707257110543,0.792115063619225
39,"CV1",8,4,NA,"Raw","M1","JKI",25,NA,NA,0.458071348601334,0.374467096227964
40,"CV1",8,5,NA,"Raw","M1","ABR33",25,NA,NA,0.664294202513992,0.648741883905244
40,"CV1",8,5,NA,"Raw","M1","JKI",25,NA,NA,0.596916987431346,0.485486591279108
41,"CV1",9,1,NA,"Raw","M1","ABR33",25,NA,NA,0.936633274243977,0.70668496992133
41,"CV1",9,1,NA,"Raw","M1","JKI",25,NA,NA,0.698514860750422,0.587083909674479
42,"CV1",9,2,NA,"Raw","M1","ABR33",25,NA,NA,0.980356396308638,0.915655751788652
42,"CV1",9,2,NA,"Raw","M1","JKI",25,NA,NA,0.397257717305353,0.434468758772714
43,"CV1",9,3,NA,"Raw","M1","ABR33",25,NA,NA,0.973921915275904,0.711614785880867
43,"CV1",9,3,NA,"Raw","M1","JKI",24,NA,NA,0.629408915761371,0.526209278864759
44,"CV1",9,4,NA,"Raw","M1","ABR33",25,NA,NA,0.859329964535755,0.691510805928174
44,"CV1",9,4,NA,"Raw","M1","JKI",25,NA,NA,0.53289374909025,0.383810609037121
45,"CV1",9,5,NA,"Raw","M1","ABR33",25,NA,NA,0.77435131622495,0.742688129407913
45,"CV1",9,5,NA,"Raw","M1","JKI",25,NA,NA,0.550824652800042,0.525904225315961
46,"CV1",10,1,NA,"Raw","M1","ABR33",25,NA,NA,1.01593287877928,0.880845645521862
46,"CV1",10,1,NA,"Raw","M1","JKI",25,NA,NA,0.584136670466011,0.45494186206619
47,"CV1",10,2,NA,"Raw","M1","ABR33",25,NA,NA,1.03560186776652,0.802092455033136
47,"CV1",10,2,NA,"Raw","M1","JKI",25,NA,NA,0.684699086409153,0.566611725749042
48,"CV1",10,3,NA,"Raw","M1","ABR33",25,NA,NA,0.908321233247619,0.827902501517029
48,"CV1",10,3,NA,"Raw","M1","JKI",25,NA,NA,0.501946612755709,0.408209396322254
49,"CV1",10,4,NA,"Raw","M1","ABR33",25,NA,NA,0.914049104075097,0.624376321341623
49,"CV1",10,4,NA,"Raw","M1","JKI",24,NA,NA,0.624016461851271,0.579723483793462
50,"CV1",10,5,NA,"Raw","M1","ABR33",25,NA,NA,0.627907194497233,0.560087516878114
50,"CV1",10,5,NA,"Raw","M1","JKI",25,NA,NA,0.437275520832668,0.371802053762173
51,"CV2",1,1,NA,"Raw","M1","ABR33",25,0.695302182674065,0.695302182674065,0.901107491253104,1.02318380347761
51,"CV2",1,1,NA,"Raw","M1","JKI",20,0.333421687774388,0.333421687774388,0.449102072053979,0.463807054307644
52,"CV2",1,2,NA,"Raw","M1","ABR33",28,0.613825051838188,0.613825051838188,0.698481681287762,0.617184571224938
52,"CV2",1,2,NA,"Raw","M1","JKI",26,0.587567508187812,0.587567508187812,0.564170313899898,0.515325065409041
53,"CV2",1,3,NA,"Raw","M1","ABR33",24,0.323209319375215,0.323209319375215,0.860341592660642,0.695683638658662
53,"CV2",1,3,NA,"Raw","M1","JKI",30,0.571983202935098,0.571983202935098,0.539914838678376,0.506906997152504
54,"CV2",1,4,NA,"Raw","M1","ABR33",27,0.463394392611239,0.463394392611239,0.655997612748421,0.568768609155549
54,"CV2",1,4,NA,"Raw","M1","JKI",16,0.738585860309481,0.738585860309481,0.424544549175614,0.510807771823136
55,"CV2",1,5,NA,"Raw","M1","ABR33",20,0.640198648829731,0.640198648829731,0.863470007657698,0.792766287696571
55,"CV2",1,5,NA,"Raw","M1","JKI",32,0.608541114290178,0.608541114290178,0.359258164092058,0.422803107697081
56,"CV2",2,1,NA,"Raw","M1","ABR33",23,0.542928425223491,0.542928425223491,0.591273326724173,0.749447742227245
56,"CV2",2,1,NA,"Raw","M1","JKI",24,0.839818111247884,0.839818111247884,0.428558666674671,0.526659858466365
57,"CV2",2,2,NA,"Raw","M1","ABR33",31,0.510755125791444,0.510755125791444,0.852224335583621,0.712282666149982
57,"CV2",2,2,NA,"Raw","M1","JKI",23,0.296626615556877,0.296626615556877,0.602338530759291,0.473019486459267
58,"CV2",2,3,NA,"Raw","M1","ABR33",34,0.624386557415925,0.624386557415925,0.867186461351493,0.81025980214054
58,"CV2",2,3,NA,"Raw","M1","JKI",27,0.556803185444293,0.556803185444293,0.442549774170071,0.417144398917884
59,"CV2",2,4,NA,"Raw","M1","ABR33",15,0.778144049303621,0.778144049303621,0.899369054349211,0.86222676376719
59,"CV2",2,4,NA,"Raw","M1","JKI",28,0.365015457665883,0.365015457665883,0.536456333727724,0.480178465193998
60,"CV2",2,5,NA,"Raw","M1","ABR33",21,0.441093512721181,0.441093512721181,0.622992812109158,0.622404997541113
60,"CV2",2,5,NA,"Raw","M1","JKI",22,0.77782628332476,0.77782628332476,0.359506224445906,0.574532770413865
61,"CV2",3,1,NA,"Raw","M1","ABR33",27,0.435286062334789,0.435286062334789,0.561626691014448,0.516670526593011
61,"CV2",3,1,NA,"Raw","M1","JKI",24,0.580257807003332,0.580257807003332,0.436507234997244,0.542697472199157
62,"CV2",3,2,NA,"Raw","M1","ABR33",26,0.217926599149007,0.217926599149007,0.746934079198954,0.780776798469646
62,"CV2",3,2,NA,"Raw","M1","JKI",26,0.708425801612491,0.708425801612491,0.481391329096756,0.535516971977414
63,"CV2",3,3,NA,"Raw","M1","ABR33",22,0.60097671510309,0.60097671510309,0.729748698623236,0.58589324428102
63,"CV2",3,3,NA,"Raw","M1","JKI",31,0.727145053448894,0.727145053448894,0.434699378188342,0.471451105047968
64,"CV2",3,4,NA,"Raw","M1","ABR33",27,0.734268063532976,0.734268063532976,1.02782955627754,1.00519392001203
64,"CV2",3,4,NA,"Raw","M1","JKI",25,0.260567199616119,0.260567199616119,0.497020753731853,0.464168401885686
65,"CV2",3,5,NA,"Raw","M1","ABR33",22,0.747896686701805,0.747896686701805,0.83699874022167,0.808772930069803
65,"CV2",3,5,NA,"Raw","M1","JKI",18,0.504482524369805,0.504482524369805,0.596684239151002,0.392470482711882
66,"CV2",4,1,NA,"Raw","M1","ABR33",21,0.240263936406732,0.240263936406732,0.921674645751264,0.941413860668082
66,"CV2",4,1,NA,"Raw","M1","JKI",26,0.828812814384399,0.828812814384399,0.413329123174139,0.56786012160291
67,"CV2",4,2,NA,"Raw","M1","ABR33",24,0.567492081808655,0.567492081808655,0.797779340386183,0.704541365207992
67,"CV2",4,2,NA,"Raw","M1","JKI",35,0.536110371694503,0.536110371694503,0.426402062626258,0.478371397249219
68,"CV2",4,3,NA,"Raw","M1","ABR33",27,0.6666363346004,0.6666363346004,0.806411417060498,0.814922125871096
68,"CV2",4,3,NA,"Raw","M1","JKI",18,0.616940384470371,0.616940384470371,0.474593340605604,0.453123338171876
69,"CV2",4,4,NA,"Raw","M1","ABR33",35,0.731900745594636,0.731900745594636,0.773693365621821,0.71678883677637
69,"CV2",4,4,NA,"Raw","M1","JKI",19,0.18913902100857,0.18913902100857,0.529146223449975,0.331323589442201
70,"CV2",4,5,NA,"Raw","M1","ABR33",17,0.531297526776841,0.531297526776841,0.583614904488055,0.517689686464378
70,"CV2",4,5,NA,"Raw","M1","JKI",26,0.462452006083887,0.462452006083887,0.515423780468048,0.554985456396977
71,"CV2",5,1,NA,"Raw","M1","ABR33",19,0.79812353800467,0.79812353800467,0.691166628748396,0.755238754894001
71,"CV2",5,1,NA,"Raw","M1","JKI",34,0.533135117843013,0.533135117843013,0.526916040210716,0.463782596028731
72,"CV2",5,2,NA,"Raw","M1","ABR33",35,0.3735123910614,0.3735123910614,0.871308464076161,0.861716414630741
72,"CV2",5,2,NA,"Raw","M1","JKI",27,0.704221256938069,0.704221256938069,0.452314924775729,0.506703643513046
73,"CV2",5,3,NA,"Raw","M1","ABR33",26,0.509177349947184,0.509177349947184,0.815339821617982,0.649364210100658
73,"CV2",5,3,NA,"Raw","M1","JKI",22,0.767196498721271,0.767196498721271,0.359645768409077,0.434628123477341
74,"CV2",5,4,NA,"Raw","M1","ABR33",21,0.821548576944333,0.821548576944333,0.627082702230924,0.576849269817312
74,"CV2",5,4,NA,"Raw","M1","JKI",26,0.356011575728544,0.356011575728544,0.551714912473198,0.471557026567411
75,"CV2",5,5,NA,"Raw","M1","ABR33",23,0.572683817967945,0.572683817967945,0.829891285362986,0.806252977915557
75,"CV2",5,5,NA,"Raw","M1","JKI",15,0.522758463084596,0.522758463084596,0.404626177578514,0.589092287212052
76,"CV2",6,1,NA,"Raw","M1","ABR33",23,0.442927616367112,0.442927616367112,0.645477133277773,0.509991506038305
76,"CV2",6,1,NA,"Raw","M1","JKI",25,0.34554260547577,0.34554260547577,0.554181680587918,0.562183837637261
77,"CV2",6,2,NA,"Raw","M1","ABR33",21,0.437073841712849,0.437073841712849,0.774465891645564,0.794125538740315
77,"CV2",6,2,NA,"Raw","M1","JKI",30,0.273560393274896,0.273560393274896,0.582889766115968,0.421689840200986
78,"CV2",6,3,NA,"Raw","M1","ABR33",29,0.54233180046765,0.54233180046765,0.882004034448021,0.836820095648554
78,"CV2",6,3,NA,"Raw","M1","JKI",20,0.701663157985198,0.701663157985198,0.481714429318678,0.501649516758586
79,"CV2",6,4,NA,"Raw","M1","ABR33",33,0.803438000740263,0.803438000740263,0.895120576878094,0.737544461341166
79,"CV2",6,4,NA,"Raw","M1","JKI",21,0.787703882797536,0.787703882797536,0.437245264692593,0.533687547327584
80,"CV2",6,5,NA,"Raw","M1","ABR33",18,0.327150853505387,0.327150853505387,0.791321702979301,0.921472834438474
80,"CV2",6,5,NA,"Raw","M1","JKI",28,0.785033738872484,0.785033738872484,0.313429146865577,0.413732477158853
81,"CV2",7,1,NA,"Raw","M1","ABR33",28,0.47775156075537,0.47775156075537,0.866711707732658,0.774235550671069
81,"CV2",7,1,NA,"Raw","M1","JKI",26,0.861216665090594,0.861216665090594,0.402634069379816,0.550665219086928
82,"CV2",7,2,NA,"Raw","M1","ABR33",22,0.841739558220458,0.841739558220458,0.980393017878358,1.01203459156102
82,"CV2",7,2,NA,"Raw","M1","JKI",25,-0.00705638424625501,-0.00705638424625501,0.66297083111622,0.41102725379784
83,"CV2",7,3,NA,"Raw","M1","ABR33",20,0.653001376767216,0.653001376767216,0.834486367132431,0.705387858737112
83,"CV2",7,3,NA,"Raw","M1","JKI",28,0.641356857836605,0.641356857836605,0.382907389683178,0.568992206214004
84,"CV2",7,4,NA,"Raw","M1","ABR33",29,0.208130754925906,0.208130754925906,0.690403164823745,0.72075013239348
84,"CV2",7,4,NA,"Raw","M1","JKI",22,0.727507458014602,0.727507458014602,0.44875405987135,0.511668080099191
85,"CV2",7,5,NA,"Raw","M1","ABR33",25,0.604705386344382,0.604705386344382,0.549747924794535,0.583811749806364
85,"CV2",7,5,NA,"Raw","M1","JKI",23,0.182193689392805,0.182193689392805,0.458917730682848,0.374927245849518
86,"CV2",8,1,NA,"Raw","M1","ABR33",21,0.56025694469835,0.56025694469835,0.837998889978496,0.757161078850365
86,"CV2",8,1,NA,"Raw","M1","JKI",23,0.604548889006776,0.604548889006776,0.401378808703252,0.455778323295604
87,"CV2",8,2,NA,"Raw","M1","ABR33",31,0.864732858582854,0.864732858582854,1.03758016100845,0.99589881245327
87,"CV2",8,2,NA,"Raw","M1","JKI",22,0.268103182334057,0.268103182334057,0.43314582164084,0.428432173203908
88,"CV2",8,3,NA,"Raw","M1","ABR33",26,0.356672464828421,0.356672464828421,0.556301715394958,0.618528069827524
88,"CV2",8,3,NA,"Raw","M1","JKI",23,0.564929067496728,0.564929067496728,0.49046041433887,0.465440744021465
89,"CV2",8,4,NA,"Raw","M1","ABR33",24,0.166884464038148,0.166884464038148,0.683271469201013,0.571894150693034
89,"CV2",8,4,NA,"Raw","M1","JKI",34,0.577710999395175,0.577710999395175,0.514577858589371,0.526061110740059
90,"CV2",8,5,NA,"Raw","M1","ABR33",22,0.43597554993787,0.43597554993787,0.881671258370653,0.887006961001279
90,"CV2",8,5,NA,"Raw","M1","JKI",22,0.710642064808283,0.710642064808283,0.447768330393119,0.523017108836822
91,"CV2",9,1,NA,"Raw","M1","ABR33",28,0.519779864368179,0.519779864368179,0.639795612857144,0.593464966122253
91,"CV2",9,1,NA,"Raw","M1","JKI",22,0.63877930556495,0.63877930556495,0.533007838371638,0.570258617345207
92,"CV2",9,2,NA,"Raw","M1","ABR33",16,0.524153702730173,0.524153702730173,1.11475543273446,1.09688091248055
92,"CV2",9,2,NA,"Raw","M1","JKI",34,0.382587219140838,0.382587219140838,0.573999953790853,0.38346809578262
93,"CV2",9,3,NA,"Raw","M1","ABR33",19,0.773692503384053,0.773692503384053,0.894130987998095,0.890375140657344
93,"CV2",9,3,NA,"Raw","M1","JKI",24,0.834887594310943,0.834887594310943,0.502700434017593,0.586352033684551
94,"CV2",9,4,NA,"Raw","M1","ABR33",33,0.706047118600964,0.706047118600964,0.85413450226938,0.777765178386343
94,"CV2",9,4,NA,"Raw","M1","JKI",27,0.471054472244332,0.471054472244332,0.479814486116488,0.547545459920607
95,"CV2",9,5,NA,"Raw","M1","ABR33",28,0.227420800364517,0.227420800364517,0.630965831141786,0.586396055096706
95,"CV2",9,5,NA,"Raw","M1","JKI",17,0.591655310242148,0.591655310242148,0.38818135313412,0.335488627733079
96,"CV2",10,1,NA,"Raw","M1","ABR33",16,0.743393910904854,0.743393910904854,1.02619041409759,0.981550561395482
96,"CV2",10,1,NA,"Raw","M1","JKI",31,0.335792321170831,0.335792321170831,0.494800848368528,0.478286928789125
97,"CV2",10,2,NA,"Raw","M1","ABR33",21,0.666691595459587,0.666691595459587,0.617492506308197,0.511215046538876
97,"CV2",10,2,NA,"Raw","M1","JKI",25,0.643069398464772,0.643069398464772,0.477973480510967,0.485141355605646
98,"CV2",10,3,NA,"Raw","M1","ABR33",31,0.635628767491578,0.635628767491578,0.710556305695056,0.650026129845789
98,"CV2",10,3,NA,"Raw","M1","JKI",22,0.774663036414726,0.774663036414726,0.405778968986324,0.544657329426186
99,"CV2",10,4,NA,"Raw","M1","ABR33",27,0.450767506406787,0.450767506406787,0.934116845424245,0.842629295123283
99,"CV2",10,4,NA,"Raw","M1","JKI",26,0.724259797960132,0.724259797960132,0.42109640427841,0.463639650773593
100,"CV2",10,5,NA,"Raw","M1","ABR33",29,0.31767074177927,0.31767074177927,0.727513862445541,0.787704706993756
100,"CV2",10,5,NA,"Raw","M1","JKI",20,0.31260211406893,0.31260211406893,0.607816514216891,0.435684118011067
101,"Sparse25",1,1,0,"Raw","M1","ABR33",100,0.275465926288208,0.275465926288208,0.960963331796967,0.798827690689508
101,"Sparse25",1,1,0,"Raw","M1","JKI",99,0.399292490985239,0.399292490985239,0.611791606719586,0.52325906797857
102,"Sparse25",2,1,0,"Raw","M1","ABR33",100,0.27901659462743,0.27901659462743,0.849942122693587,1.0096360600927
102,"Sparse25",2,1,0,"Raw","M1","JKI",99,0.442841091395422,0.442841091395422,0.531765264579026,0.502525090333866
103,"Sparse25",3,1,0,"Raw","M1","ABR33",100,0.240926866795934,0.240926866795934,1.00550592374945,0.831889917616095
103,"Sparse25",3,1,0,"Raw","M1","JKI",99,0.112902067654837,0.112902067654837,0.627308019284364,0.538299300975287
104,"Sparse25",4,1,0,"Raw","M1","ABR33",100,0.210672735556632,0.210672735556632,0.882860543128173,0.748605501713183
104,"Sparse25",4,1,0,"Raw","M1","JKI",99,0.18526170227408,0.18526170227408,0.567453262326218,0.484782689097445
105,"Sparse25",5,1,0,"Raw","M1","ABR33",100,0.350596787304565,0.350596787304565,0.820372365631449,0.720182762476439
105,"Sparse25",5,1,0,"Raw","M1","JKI",99,0.271668809707375,0.271668809707375,0.574497235644433,0.492682179066675
106,"Sparse25",6,1,0,"Raw","M1","ABR33",100,0.3656809082143,0.3656809082143,0.939249699331749,0.828772194045631
106,"Sparse25",6,1,0,"Raw","M1","JKI",99,0.244940985352513,0.244940985352513,0.531348003663682,0.448432130950556
107,"Sparse25",7,1,0,"Raw","M1","ABR33",100,0.174699227194553,0.174699227194553,0.909722043417103,0.756470915885821
107,"Sparse25",7,1,0,"Raw","M1","JKI",99,0.17410168289369,0.17410168289369,0.587901329422788,0.529270251197357
108,"Sparse25",8,1,0,"Raw","M1","ABR33",100,0.291679956526183,0.291679956526183,0.861179902629789,0.700070430770548
108,"Sparse25",8,1,0,"Raw","M1","JKI",99,0.350766211939454,0.350766211939454,0.526077180191293,0.482415694643912
109,"Sparse25",9,1,0,"Raw","M1","ABR33",100,0.0385619160485772,0.0385619160485772,0.951109952903918,0.814851848910908
109,"Sparse25",9,1,0,"Raw","M1","JKI",99,0.127750476557205,0.127750476557205,0.60142689825116,0.521135780708112
110,"Sparse25",10,1,0,"Raw","M1","ABR33",100,0.333105271918246,0.333105271918246,0.909960014998482,0.837826708942096
110,"Sparse25",10,1,0,"Raw","M1","JKI",99,0.292418183422062,0.292418183422062,0.554453311949543,0.503514918274307
111,"Sparse25",1,1,5,"Raw","M1","ABR33",100,0.0409021087238042,0.0409021087238042,0.873233473794672,0.784540826672516
111,"Sparse25",1,1,5,"Raw","M1","JKI",99,0.470709017735749,0.470709017735749,0.567549761928043,0.521603863393921
112,"Sparse25",2,1,5,"Raw","M1","ABR33",100,0.365026793457808,0.365026793457808,0.881875522626258,0.803276188100469
112,"Sparse25",2,1,5,"Raw","M1","JKI",99,0.344419272041796,0.344419272041796,0.522163992960146,0.507617596199908
113,"Sparse25",3,1,5,"Raw","M1","ABR33",100,0.297194257622245,0.297194257622245,0.875746995852663,0.807398636751499
113,"Sparse25",3,1,5,"Raw","M1","JKI",99,0.199308355721163,0.199308355721163,0.541943438201468,0.498585580172163
114,"Sparse25",4,1,5,"Raw","M1","ABR33",100,0.465714021477498,0.465714021477498,0.860249051456234,0.855483617088876
114,"Sparse25",4,1,5,"Raw","M1","JKI",99,0.374498398994399,0.374498398994399,0.500304289469813,0.457811236296454
115,"Sparse25",5,1,5,"Raw","M1","ABR33",100,0.309633499670453,0.309633499670453,0.864028676762636,0.693652570626521
115,"Sparse25",5,1,5,"Raw","M1","JKI",99,0.395959243209061,0.395959243209061,0.603512545439485,0.546035028529017
116,"Sparse25",6,1,5,"Raw","M1","ABR33",100,0.104544534094186,0.104544534094186,0.873875325880079,0.831991024500681
116,"Sparse25",6,1,5,"Raw","M1","JKI",99,0.41822905506845,0.41822905506845,0.498355514012389,0.507473718232789
117,"Sparse25",7,1,5,"Raw","M1","ABR33",100,0.357423093279086,0.357423093279086,0.907838432730764,0.779107418007819
117,"Sparse25",7,1,5,"Raw","M1","JKI",99,0.30904617963408,0.30904617963408,0.539864734494417,0.472586386369428
118,"Sparse25",8,1,5,"Raw","M1","ABR33",100,0.184742688478666,0.184742688478666,0.853464717373497,0.718489643553938
118,"Sparse25",8,1,5,"Raw","M1","JKI",99,0.433692443883624,0.433692443883624,0.514032334669857,0.490095541781131
119,"Sparse25",9,1,5,"Raw","M1","ABR33",100,0.126639368228593,0.126639368228593,0.912084668241746,0.797961545765441
119,"Sparse25",9,1,5,"Raw","M1","JKI",99,0.20381198014421,0.20381198014421,0.606795859354548,0.523184999755101
120,"Sparse25",10,1,5,"Raw","M1","ABR33",100,0.302854460854643,0.302854460854643,0.857666799056462,0.737263250920316
120,"Sparse25",10,1,5,"Raw","M1","JKI",99,0.328996094659085,0.328996094659085,0.550311394618674,0.531563104902989
121,"Sparse25",1,1,10,"Raw","M1","ABR33",100,0.21271022099961,0.21271022099961,0.884344489979677,0.880266543577972
121,"Sparse25",1,1,10,"Raw","M1","JKI",99,0.185347693521463,0.185347693521463,0.531403831036871,0.468917592907765
122,"Sparse25",2,1,10,"Raw","M1","ABR33",100,0.141012307718164,0.141012307718164,0.957846001276876,0.859374879993853
122,"Sparse25",2,1,10,"Raw","M1","JKI",99,0.0318789478976566,0.0318789478976566,0.598241426975512,0.60651528719256
123,"Sparse25",3,1,10,"Raw","M1","ABR33",100,0.262280363428694,0.262280363428694,0.913082559523785,0.793920769167343
123,"Sparse25",3,1,10,"Raw","M1","JKI",99,0.140676047093415,0.140676047093415,0.550679119683552,0.512061817444378
124,"Sparse25",4,1,10,"Raw","M1","ABR33",100,0.439398207892282,0.439398207892282,0.895861841047988,0.822255906780731
124,"Sparse25",4,1,10,"Raw","M1","JKI",99,0.160706985349347,0.160706985349347,0.562703134083292,0.479478100295897
125,"Sparse25",5,1,10,"Raw","M1","ABR33",100,0.121678025230682,0.121678025230682,0.879877501579982,0.72629356043717
125,"Sparse25",5,1,10,"Raw","M1","JKI",99,0.390652818258778,0.390652818258778,0.588593716493665,0.530460305743613
126,"Sparse25",6,1,10,"Raw","M1","ABR33",100,0.336538295727168,0.336538295727168,0.955876276826383,0.940660260336075
126,"Sparse25",6,1,10,"Raw","M1","JKI",99,0.162854951536413,0.162854951536413,0.626348707705344,0.518808123074536
127,"Sparse25",7,1,10,"Raw","M1","ABR33",100,0.142828441620041,0.142828441620041,0.864328102685191,0.711215281613336
127,"Sparse25",7,1,10,"Raw","M1","JKI",99,0.331446069567133,0.331446069567133,0.574615055552771,0.542735380412914
128,"Sparse25",8,1,10,"Raw","M1","ABR33",100,0.244345201542329,0.244345201542329,0.872532117426657,0.74426512575917
128,"Sparse25",8,1,10,"Raw","M1","JKI",99,0.262828187840055,0.262828187840055,0.581382561839416,0.518653538083869
129,"Sparse25",9,1,10,"Raw","M1","ABR33",100,0.144755474410875,0.144755474410875,0.863276799942624,0.913700647816354
129,"Sparse25",9,1,10,"Raw","M1","JKI",99,0.340743095285434,0.340743095285434,0.615837583740404,0.504835458027358
130,"Sparse25",10,1,10,"Raw","M1","ABR33",100,0.377903551237451,0.377903551237451,0.875602375281266,0.746647164466856
130,"Sparse25",10,1,10,"Raw","M1","JKI",99,0.211425356108292,0.211425356108292,0.53360631758399,0.497718155950143
131,"Sparse25",1,1,15,"Raw","M1","ABR33",100,0.103271699267128,0.103271699267128,0.935568593529761,0.777900195162002
131,"Sparse25",1,1,15,"Raw","M1","JKI",99,0.0858847952335654,0.0858847952335654,0.604919708227655,0.605234816904218
132,"Sparse25",2,1,15,"Raw","M1","ABR33",100,0.365811671660416,0.365811671660416,0.843589918190608,0.855107016447067
132,"Sparse25",2,1,15,"Raw","M1","JKI",99,0.124321750304562,0.124321750304562,0.530446178426191,0.498622812884084
133,"Sparse25",3,1,15,"Raw","M1","ABR33",100,0.129928630534158,0.129928630534158,0.927746559958735,0.770062257872543
133,"Sparse25",3,1,15,"Raw","M1","JKI",99,0.134944303864396,0.134944303864396,0.574942980706754,0.525055402271422
134,"Sparse25",4,1,15,"Raw","M1","ABR33",100,0.132794234943901,0.132794234943901,0.927465813874703,0.796170134897069
134,"Sparse25",4,1,15,"Raw","M1","JKI",99,0.202871281438929,0.202871281438929,0.598017330000218,0.501397981214046
135,"Sparse25",5,1,15,"Raw","M1","ABR33",100,0.0527570004788724,0.0527570004788724,0.966126524923972,0.792803784734879
135,"Sparse25",5,1,15,"Raw","M1","JKI",99,0.320161433768586,0.320161433768586,0.565924247209946,0.489828263113089
136,"Sparse25",6,1,15,"Raw","M1","ABR33",100,0.215815118325453,0.215815118325453,0.903335275312768,0.773095607757283
136,"Sparse25",6,1,15,"Raw","M1","JKI",99,0.0799392769279505,0.0799392769279505,0.585646967710354,0.494465655103646
137,"Sparse25",7,1,15,"Raw","M1","ABR33",100,0.131221613272428,0.131221613272428,0.963235714000745,0.871369848718522
137,"Sparse25",7,1,15,"Raw","M1","JKI",99,0.0489952137604763,0.0489952137604763,0.617377351393835,0.570222225903467
138,"Sparse25",8,1,15,"Raw","M1","ABR33",100,0.120126225014634,0.120126225014634,0.959576096268475,0.797014948470747
138,"Sparse25",8,1,15,"Raw","M1","JKI",99,0.135647346815813,0.135647346815813,0.605415585195358,0.515967997909023
139,"Sparse25",9,1,15,"Raw","M1","ABR33",100,0.137177562412912,0.137177562412912,0.91137811971355,0.76367223679745
139,"Sparse25",9,1,15,"Raw","M1","JKI",99,0.106775407144541,0.106775407144541,0.575010130784901,0.488111763286701
140,"Sparse25",10,1,15,"Raw","M1","ABR33",100,0.00753012773525001,0.00753012773525001,0.907903367779773,0.737648698867132
140,"Sparse25",10,1,15,"Raw","M1","JKI",99,0.197221579351429,0.197221579351429,0.591834422864186,0.492596655379022
141,"Sparse25",1,1,20,"Raw","M1","ABR33",100,-0.0178963798692904,-0.0178963798692904,0.950436593969091,0.781685861253169
141,"Sparse25",1,1,20,"Raw","M1","JKI",99,0.187126789010492,0.187126789010492,0.59923192411448,0.53345474161441
142,"Sparse25",2,1,20,"Raw","M1","ABR33",100,0.0623746830485685,0.0623746830485685,0.918266246210764,0.749190434274352
142,"Sparse25",2,1,20,"Raw","M1","JKI",99,0.0210574498349124,0.0210574498349124,0.652531371452593,0.54800159919341
143,"Sparse25",3,1,20,"Raw","M1","ABR33",100,0.0663439889464027,0.0663439889464027,0.891617565433755,0.771892772153834
143,"Sparse25",3,1,20,"Raw","M1","JKI",99,0.149763626673917,0.149763626673917,0.553333098072179,0.498666249014728
144,"Sparse25",4,1,20,"Raw","M1","ABR33",100,0.100392265964743,0.100392265964743,0.907528632661041,0.826435376157517
144,"Sparse25",4,1,20,"Raw","M1","JKI",99,0.15151650331806,0.15151650331806,0.610796233096262,0.538798003373712
145,"Sparse25",5,1,20,"Raw","M1","ABR33",100,0.133495752490111,0.133495752490111,0.94744508341641,0.816687228050838
145,"Sparse25",5,1,20,"Raw","M1","JKI",99,0.112192605082794,0.112192605082794,0.60243780727559,0.532803625949386
146,"Sparse25",6,1,20,"Raw","M1","ABR33",100,0.0537530934923914,0.0537530934923914,0.880759744477638,0.742687680032246
146,"Sparse25",6,1,20,"Raw","M1","JKI",99,0.0749350484199482,0.0749350484199482,0.60672046778853,0.536148691634422
147,"Sparse25",7,1,20,"Raw","M1","ABR33",100,0.183897636167724,0.183897636167724,0.860690390849074,0.696203551573933
147,"Sparse25",7,1,20,"Raw","M1","JKI",99,-0.0229130569696281,-0.0229130569696281,0.556831058731165,0.466245356432766
148,"Sparse25",8,1,20,"Raw","M1","ABR33",100,0.103082414568145,0.103082414568145,0.893058184411523,0.746020744900072
148,"Sparse25",8,1,20,"Raw","M1","JKI",99,0.00914505832761699,0.00914505832761699,0.555467042365697,0.456055030218987
149,"Sparse25",9,1,20,"Raw","M1","ABR33",100,0.119471640541654,0.119471640541654,0.86528984585051,0.719987387374821
149,"Sparse25",9,1,20,"Raw","M1","JKI",99,-0.0460280169036091,-0.0460280169036091,0.598838014974998,0.463008504593611
150,"Sparse25",10,1,20,"Raw","M1","ABR33",100,0.145618499576871,0.145618499576871,0.838488585869473,0.873222179361931
150,"Sparse25",10,1,20,"Raw","M1","JKI",99,0.332407779596234,0.332407779596234,0.595192503332477,0.536051901989427
151,"Sparse25",1,1,25,"Raw","M1","ABR33",100,NA,NA,0.92081718500142,0.796721740000133
151,"Sparse25",1,1,25,"Raw","M1","JKI",99,NA,NA,0.565753906932135,0.477815451420076
152,"Sparse25",2,1,25,"Raw","M1","ABR33",100,NA,NA,0.864852731531754,0.974736156139261
152,"Sparse25",2,1,25,"Raw","M1","JKI",99,NA,NA,0.550091012778059,0.551699317139474
153,"Sparse25",3,1,25,"Raw","M1","ABR33",100,NA,NA,1.01007540501797,0.829418944701392
153,"Sparse25",3,1,25,"Raw","M1","JKI",99,NA,NA,0.619455899173556,0.486680408823835
154,"Sparse25",4,1,25,"Raw","M1","ABR33",100,NA,NA,1.01022858482507,0.853302011604524
154,"Sparse25",4,1,25,"Raw","M1","JKI",99,NA,NA,0.596605172909204,0.499048077681974
155,"Sparse25",5,1,25,"Raw","M1","ABR33",100,NA,NA,0.942385240481514,0.732042388205461
155,"Sparse25",5,1,25,"Raw","M1","JKI",99,NA,NA,0.553248965694969,0.475043229215405
156,"Sparse25",6,1,25,"Raw","M1","ABR33",100,NA,NA,0.866244189414943,0.811397547072012
156,"Sparse25",6,1,25,"Raw","M1","JKI",99,NA,NA,0.539457923825503,0.483157062521289
157,"Sparse25",7,1,25,"Raw","M1","ABR33",100,NA,NA,0.854520365416191,0.783093894751196
157,"Sparse25",7,1,25,"Raw","M1","JKI",99,NA,NA,0.546732134081138,0.543060382602061
158,"Sparse25",8,1,25,"Raw","M1","ABR33",100,NA,NA,0.927114689719981,0.766939008278104
158,"Sparse25",8,1,25,"Raw","M1","JKI",99,NA,NA,0.587891469258661,0.496029203518035
159,"Sparse25",9,1,25,"Raw","M1","ABR33",100,NA,NA,0.944243150261374,0.800310501128628
159,"Sparse25",9,1,25,"Raw","M1","JKI",99,NA,NA,0.608413729863659,0.555050780158268
160,"Sparse25",10,1,25,"Raw","M1","ABR33",100,NA,NA,0.958408127517832,0.765333424131855
160,"Sparse25",10,1,25,"Raw","M1","JKI",99,NA,NA,0.59606875926857,0.513555227841377
1,"CV1",1,1,NA,"Raw","M2","ABR33",25,0.410292201711338,0.410292201711338,1.08051782231254,0.890411066262453
1,"CV1",1,1,NA,"Raw","M2","JKI",25,0.0373343251219718,0.0373343251219718,0.738470933556771,0.618925137706503
2,"CV1",1,2,NA,"Raw","M2","ABR33",25,0.694306343947658,0.694306343947658,1.04771413079364,0.896189286785138
2,"CV1",1,2,NA,"Raw","M2","JKI",25,0.633445325770177,0.633445325770177,0.469336479588791,0.478671798696215
3,"CV1",1,3,NA,"Raw","M2","ABR33",25,0.486041255646428,0.486041255646428,0.572703009622427,0.609631697804817
3,"CV1",1,3,NA,"Raw","M2","JKI",25,0.137180056116529,0.137180056116529,0.360711064107022,0.337167745562773
4,"CV1",1,4,NA,"Raw","M2","ABR33",25,0.451473374326181,0.451473374326181,0.677570832615117,0.663501030049754
4,"CV1",1,4,NA,"Raw","M2","JKI",25,0.410687502067355,0.410687502067355,0.548831061746074,0.488394061933118
5,"CV1",1,5,NA,"Raw","M2","ABR33",25,0.499076080384753,0.499076080384753,0.67982071639181,0.753974174613063
5,"CV1",1,5,NA,"Raw","M2","JKI",24,0.528712026920542,0.528712026920542,0.488552560615856,0.458063325802365
6,"CV1",2,1,NA,"Raw","M2","ABR33",25,0.679440211384317,0.679440211384317,0.904309437974341,0.727426104930272
6,"CV1",2,1,NA,"Raw","M2","JKI",25,0.498821366467856,0.498821366467856,0.633102345360299,0.548571395182672
7,"CV1",2,2,NA,"Raw","M2","ABR33",25,0.540248500916058,0.540248500916058,0.768509163319171,0.805827534472638
7,"CV1",2,2,NA,"Raw","M2","JKI",24,0.503143905195118,0.503143905195118,0.450051385384448,0.50393268740709
8,"CV1",2,3,NA,"Raw","M2","ABR33",25,0.560562804650336,0.560562804650336,1.0238437183802,0.906372739370291
8,"CV1",2,3,NA,"Raw","M2","JKI",25,0.59412949833334,0.59412949833334,0.525906596265876,0.475490837737943
9,"CV1",2,4,NA,"Raw","M2","ABR33",25,0.447566476451372,0.447566476451372,0.723291088532422,0.679355984971475
9,"CV1",2,4,NA,"Raw","M2","JKI",25,0.329476547593071,0.329476547593071,0.422387277687911,0.363977836970186
10,"CV1",2,5,NA,"Raw","M2","ABR33",25,0.665215386435942,0.665215386435942,0.550269970263886,0.597329056340615
10,"CV1",2,5,NA,"Raw","M2","JKI",25,0.249871417700956,0.249871417700956,0.488644260217816,0.494737479741847
11,"CV1",3,1,NA,"Raw","M2","ABR33",25,0.414018724930543,0.414018724930543,0.612164105135638,0.584749097813495
11,"CV1",3,1,NA,"Raw","M2","JKI",24,0.462766119415695,0.462766119415695,0.396358943540349,0.42390916815501
12,"CV1",3,2,NA,"Raw","M2","ABR33",25,0.542815647134452,0.542815647134452,0.745743688901194,0.685255670250819
12,"CV1",3,2,NA,"Raw","M2","JKI",25,0.193011278392586,0.193011278392586,0.45306200574455,0.434641758187376
13,"CV1",3,3,NA,"Raw","M2","ABR33",25,0.790516311361034,0.790516311361034,0.927927766336324,0.853482927865225
13,"CV1",3,3,NA,"Raw","M2","JKI",25,0.73959197007861,0.73959197007861,0.59027215811223,0.597637377471553
14,"CV1",3,4,NA,"Raw","M2","ABR33",25,0.758733068173925,0.758733068173925,1.06166239032549,0.926216122720034
14,"CV1",3,4,NA,"Raw","M2","JKI",25,0.603685479234817,0.603685479234817,0.536341206661771,0.474984130474295
15,"CV1",3,5,NA,"Raw","M2","ABR33",25,0.534641679509538,0.534641679509538,0.656292313036926,0.714977654447644
15,"CV1",3,5,NA,"Raw","M2","JKI",25,0.244912044708771,0.244912044708771,0.560761894286144,0.492117070758203
16,"CV1",4,1,NA,"Raw","M2","ABR33",25,0.666830482241289,0.666830482241289,0.780495969313371,0.625992224233933
16,"CV1",4,1,NA,"Raw","M2","JKI",24,0.372840327147901,0.372840327147901,0.568068868867739,0.534514628453866
17,"CV1",4,2,NA,"Raw","M2","ABR33",25,0.582570589632592,0.582570589632592,0.824986054805329,0.775084440449188
17,"CV1",4,2,NA,"Raw","M2","JKI",25,0.354259237867178,0.354259237867178,0.435983305842253,0.420005295343873
18,"CV1",4,3,NA,"Raw","M2","ABR33",25,0.663909709627667,0.663909709627667,0.783051944555343,0.807368173180382
18,"CV1",4,3,NA,"Raw","M2","JKI",25,0.500950682840508,0.500950682840508,0.534450999130366,0.55751754243879
19,"CV1",4,4,NA,"Raw","M2","ABR33",25,0.397231696983445,0.397231696983445,0.82423729938491,0.826010453484467
19,"CV1",4,4,NA,"Raw","M2","JKI",25,0.372230001381016,0.372230001381016,0.55556242827471,0.433507760778624
20,"CV1",4,5,NA,"Raw","M2","ABR33",25,0.579416779202242,0.579416779202242,0.84239177126446,0.751598125005081
20,"CV1",4,5,NA,"Raw","M2","JKI",25,0.645495091036148,0.645495091036148,0.458477067511957,0.46263880219347
21,"CV1",5,1,NA,"Raw","M2","ABR33",25,0.591639888477315,0.591639888477315,0.739251443924264,0.655858563377863
21,"CV1",5,1,NA,"Raw","M2","JKI",25,0.328431193716657,0.328431193716657,0.45840499426675,0.417226960523164
22,"CV1",5,2,NA,"Raw","M2","ABR33",25,0.610720170632905,0.610720170632905,0.830990743381903,0.855577838016031
22,"CV1",5,2,NA,"Raw","M2","JKI",25,0.498780728373805,0.498780728373805,0.529038863181084,0.535285756455753
23,"CV1",5,3,NA,"Raw","M2","ABR33",25,0.699191984913796,0.699191984913796,0.897554525710889,0.691426372556003
23,"CV1",5,3,NA,"Raw","M2","JKI",25,0.415501444258045,0.415501444258045,0.581454001541732,0.535966651833768
24,"CV1",5,4,NA,"Raw","M2","ABR33",25,0.544025871814988,0.544025871814988,0.82366155468942,0.760873866214104
24,"CV1",5,4,NA,"Raw","M2","JKI",25,0.302816591490198,0.302816591490198,0.529649037763781,0.436359215193862
25,"CV1",5,5,NA,"Raw","M2","ABR33",25,0.282321043801345,0.282321043801345,0.778750368772172,0.794443199949363
25,"CV1",5,5,NA,"Raw","M2","JKI",24,0.506821054906793,0.506821054906793,0.475758248744464,0.462073360656714
26,"CV1",6,1,NA,"Raw","M2","ABR33",25,0.533363124839223,0.533363124839223,0.92233957517206,0.98314585992551
26,"CV1",6,1,NA,"Raw","M2","JKI",25,0.179254657987641,0.179254657987641,0.413276185679576,0.526157252121742
27,"CV1",6,2,NA,"Raw","M2","ABR33",25,0.636570749587019,0.636570749587019,0.933869917623995,0.816083799971684
27,"CV1",6,2,NA,"Raw","M2","JKI",25,0.578715548393738,0.578715548393738,0.521779309975284,0.427897026148391
28,"CV1",6,3,NA,"Raw","M2","ABR33",25,0.607088338067637,0.607088338067637,0.673355616468664,0.594396962951093
28,"CV1",6,3,NA,"Raw","M2","JKI",25,0.398915428530673,0.398915428530673,0.439575909671827,0.42926011617494
29,"CV1",6,4,NA,"Raw","M2","ABR33",25,0.508153142202511,0.508153142202511,0.774229111330484,0.702472116499211
29,"CV1",6,4,NA,"Raw","M2","JKI",24,0.332404415136034,0.332404415136034,0.585153889732054,0.503431168534803
30,"CV1",6,5,NA,"Raw","M2","ABR33",25,0.602987446222454,0.602987446222454,0.741394226996011,0.646811105280015
30,"CV1",6,5,NA,"Raw","M2","JKI",25,0.589971532024795,0.589971532024795,0.586601783571913,0.542856849198292
31,"CV1",7,1,NA,"Raw","M2","ABR33",25,0.566634533243312,0.566634533243312,1.07362173764495,0.921471082667298
31,"CV1",7,1,NA,"Raw","M2","JKI",25,0.565713926913058,0.565713926913058,0.711293230938863,0.593807659500662
32,"CV1",7,2,NA,"Raw","M2","ABR33",25,0.570861169994316,0.570861169994316,0.957910053512055,0.971056879282896
32,"CV1",7,2,NA,"Raw","M2","JKI",25,0.625987460706791,0.625987460706791,0.589415420409657,0.636644392765332
33,"CV1",7,3,NA,"Raw","M2","ABR33",25,0.666991343373464,0.666991343373464,0.539417323248264,0.442983133943219
33,"CV1",7,3,NA,"Raw","M2","JKI",24,0.116493924439465,0.116493924439465,0.4020010299915,0.384653066440843
34,"CV1",7,4,NA,"Raw","M2","ABR33",25,0.455595822508461,0.455595822508461,0.618603797107067,0.609058103490324
34,"CV1",7,4,NA,"Raw","M2","JKI",25,-0.0690440956830116,-0.0690440956830116,0.49187239068505,0.444206020488699
35,"CV1",7,5,NA,"Raw","M2","ABR33",25,0.69367619197041,0.69367619197041,0.792369677461713,0.763840366952098
35,"CV1",7,5,NA,"Raw","M2","JKI",25,0.297294125089773,0.297294125089773,0.388232261080718,0.413986416960897
36,"CV1",8,1,NA,"Raw","M2","ABR33",25,0.419433777453405,0.419433777453405,0.877518530888632,0.782787334253746
36,"CV1",8,1,NA,"Raw","M2","JKI",25,-0.052397573166822,-0.052397573166822,0.478567199783057,0.39066272700355
37,"CV1",8,2,NA,"Raw","M2","ABR33",25,0.824784935459427,0.824784935459427,0.836561225602807,0.745680840323759
37,"CV1",8,2,NA,"Raw","M2","JKI",25,0.724131326771803,0.724131326771803,0.534780396425068,0.539882910572619
38,"CV1",8,3,NA,"Raw","M2","ABR33",25,0.767179447739619,0.767179447739619,0.865140620700218,0.781204649425439
38,"CV1",8,3,NA,"Raw","M2","JKI",24,0.597664031897378,0.597664031897378,0.572613060246738,0.590661129162233
39,"CV1",8,4,NA,"Raw","M2","ABR33",25,0.52826360600977,0.52826360600977,0.890909032157028,0.792115063619225
39,"CV1",8,4,NA,"Raw","M2","JKI",25,0.174781391720864,0.174781391720864,0.465795222920006,0.374467096227964
40,"CV1",8,5,NA,"Raw","M2","ABR33",25,0.546461352061793,0.546461352061793,0.590434612798623,0.648741883905244
40,"CV1",8,5,NA,"Raw","M2","JKI",25,0.549358040129938,0.549358040129938,0.503686519657008,0.485486591279108
41,"CV1",9,1,NA,"Raw","M2","ABR33",25,0.801842865899557,0.801842865899557,0.803266554513806,0.70668496992133
41,"CV1",9,1,NA,"Raw","M2","JKI",25,0.710134737786703,0.710134737786703,0.587786968371323,0.587083909674479
42,"CV1",9,2,NA,"Raw","M2","ABR33",25,0.502762847136316,0.502762847136316,0.906814997929223,0.915655751788652
42,"CV1",9,2,NA,"Raw","M2","JKI",25,0.471018984870212,0.471018984870212,0.353188070876519,0.434468758772714
43,"CV1",9,3,NA,"Raw","M2","ABR33",25,0.730540215084339,0.730540215084339,0.830825290487301,0.711614785880867
43,"CV1",9,3,NA,"Raw","M2","JKI",24,0.495054969167229,0.495054969167229,0.568322316754064,0.526209278864759
44,"CV1",9,4,NA,"Raw","M2","ABR33",25,0.543151652679668,0.543151652679668,0.766542499987961,0.691510805928174
44,"CV1",9,4,NA,"Raw","M2","JKI",25,0.308226410622295,0.308226410622295,0.504986103399464,0.383810609037121
45,"CV1",9,5,NA,"Raw","M2","ABR33",25,0.472978660857219,0.472978660857219,0.694230161997867,0.742688129407913
45,"CV1",9,5,NA,"Raw","M2","JKI",25,0.232446015793792,0.232446015793792,0.536118067430242,0.525904225315961
46,"CV1",10,1,NA,"Raw","M2","ABR33",25,0.628219687761954,0.628219687761954,0.903254778470616,0.880845645521862
46,"CV1",10,1,NA,"Raw","M2","JKI",25,0.597368020242,0.597368020242,0.491903969536348,0.45494186206619
47,"CV1",10,2,NA,"Raw","M2","ABR33",25,0.676619463922209,0.676619463922209,0.906812401937331,0.802092455033136
47,"CV1",10,2,NA,"Raw","M2","JKI",25,0.319184727111984,0.319184727111984,0.638301135484001,0.566611725749042
48,"CV1",10,3,NA,"Raw","M2","ABR33",25,0.48126721695701,0.48126721695701,0.832956054818318,0.827902501517029
48,"CV1",10,3,NA,"Raw","M2","JKI",25,0.313682041836942,0.313682041836942,0.482387450307241,0.408209396322254
49,"CV1",10,4,NA,"Raw","M2","ABR33",25,0.817380994760955,0.817380994760955,0.764801784993266,0.624376321341623
49,"CV1",10,4,NA,"Raw","M2","JKI",24,0.558178196554649,0.558178196554649,0.560596146354331,0.579723483793462
50,"CV1",10,5,NA,"Raw","M2","ABR33",25,0.503301321277558,0.503301321277558,0.547590775332393,0.560087516878114
50,"CV1",10,5,NA,"Raw","M2","JKI",25,0.552398941361988,0.552398941361988,0.363416442220844,0.371802053762173
51,"CV2",1,1,NA,"Raw","M2","ABR33",25,0.688751516349032,0.688751516349032,0.841159846485254,1.02318380347761
51,"CV2",1,1,NA,"Raw","M2","JKI",20,0.35520323728675,0.35520323728675,0.518646675309728,0.463807054307644
52,"CV2",1,2,NA,"Raw","M2","ABR33",28,0.69826758418154,0.69826758418154,0.633328201162968,0.617184571224938
52,"CV2",1,2,NA,"Raw","M2","JKI",26,0.620155154563812,0.620155154563812,0.610032169081187,0.515325065409041
53,"CV2",1,3,NA,"Raw","M2","ABR33",24,0.541715450313489,0.541715450313489,0.797944557751361,0.695683638658662
53,"CV2",1,3,NA,"Raw","M2","JKI",30,0.60028899019084,0.60028899019084,0.540266793778938,0.506906997152504
54,"CV2",1,4,NA,"Raw","M2","ABR33",27,0.627448679930265,0.627448679930265,0.59484290038362,0.568768609155549
54,"CV2",1,4,NA,"Raw","M2","JKI",16,0.73875292157004,0.73875292157004,0.419549285209312,0.510807771823136
55,"CV2",1,5,NA,"Raw","M2","ABR33",20,0.703270388988108,0.703270388988108,0.792051965099491,0.792766287696571
55,"CV2",1,5,NA,"Raw","M2","JKI",32,0.584871494212182,0.584871494212182,0.3891118985792,0.422803107697081
56,"CV2",2,1,NA,"Raw","M2","ABR33",23,0.513080662245277,0.513080662245277,0.579925691156169,0.749447742227245
56,"CV2",2,1,NA,"Raw","M2","JKI",24,0.799159328777587,0.799159328777587,0.429554234389739,0.526659858466365
57,"CV2",2,2,NA,"Raw","M2","ABR33",31,0.65828988570942,0.65828988570942,0.78550622574242,0.712282666149982
57,"CV2",2,2,NA,"Raw","M2","JKI",23,0.333649046047632,0.333649046047632,0.600697939943734,0.473019486459267
58,"CV2",2,3,NA,"Raw","M2","ABR33",34,0.682080104560601,0.682080104560601,0.80370593445643,0.81025980214054
58,"CV2",2,3,NA,"Raw","M2","JKI",27,0.567775580051674,0.567775580051674,0.494190561777264,0.417144398917884
59,"CV2",2,4,NA,"Raw","M2","ABR33",15,0.842997830213894,0.842997830213894,0.793129152602563,0.86222676376719
59,"CV2",2,4,NA,"Raw","M2","JKI",28,0.421564790475843,0.421564790475843,0.545874328924996,0.480178465193998
60,"CV2",2,5,NA,"Raw","M2","ABR33",21,0.552225465179622,0.552225465179622,0.577335646558943,0.622404997541113
60,"CV2",2,5,NA,"Raw","M2","JKI",22,0.778378672689183,0.778378672689183,0.398507302904829,0.574532770413865
61,"CV2",3,1,NA,"Raw","M2","ABR33",27,0.570460463929489,0.570460463929489,0.508596029087042,0.516670526593011
61,"CV2",3,1,NA,"Raw","M2","JKI",24,0.560433246143578,0.560433246143578,0.470562393355017,0.542697472199157
62,"CV2",3,2,NA,"Raw","M2","ABR33",26,0.29230676355842,0.29230676355842,0.729440095818422,0.780776798469646
62,"CV2",3,2,NA,"Raw","M2","JKI",26,0.714972717680663,0.714972717680663,0.504097849156852,0.535516971977414
63,"CV2",3,3,NA,"Raw","M2","ABR33",22,0.773543438130523,0.773543438130523,0.630481516927308,0.58589324428102
63,"CV2",3,3,NA,"Raw","M2","JKI",31,0.741829468891698,0.741829468891698,0.408009244394878,0.471451105047968
64,"CV2",3,4,NA,"Raw","M2","ABR33",27,0.778768402183535,0.778768402183535,0.957395722577104,1.00519392001203
64,"CV2",3,4,NA,"Raw","M2","JKI",25,0.325891422682451,0.325891422682451,0.518146493670109,0.464168401885686
65,"CV2",3,5,NA,"Raw","M2","ABR33",22,0.790669879303257,0.790669879303257,0.762646381795796,0.808772930069803
65,"CV2",3,5,NA,"Raw","M2","JKI",18,0.51876263544966,0.51876263544966,0.634190764492055,0.392470482711882
66,"CV2",4,1,NA,"Raw","M2","ABR33",21,0.325206081606848,0.325206081606848,0.892718397502452,0.941413860668082
66,"CV2",4,1,NA,"Raw","M2","JKI",26,0.817878359192065,0.817878359192065,0.414198249414295,0.56786012160291
67,"CV2",4,2,NA,"Raw","M2","ABR33",24,0.690246022685994,0.690246022685994,0.719771470102743,0.704541365207992
67,"CV2",4,2,NA,"Raw","M2","JKI",35,0.580608922713581,0.580608922713581,0.42748936458692,0.478371397249219
68,"CV2",4,3,NA,"Raw","M2","ABR33",27,0.73961997084151,0.73961997084151,0.741991663897073,0.814922125871096
68,"CV2",4,3,NA,"Raw","M2","JKI",18,0.623831501865531,0.623831501865531,0.522329798712787,0.453123338171876
69,"CV2",4,4,NA,"Raw","M2","ABR33",35,0.780731904231594,0.780731904231594,0.699932976115219,0.71678883677637
69,"CV2",4,4,NA,"Raw","M2","JKI",19,0.278614544840122,0.278614544840122,0.556690708385191,0.331323589442201
70,"CV2",4,5,NA,"Raw","M2","ABR33",17,0.701607811428705,0.701607811428705,0.503048404263217,0.517689686464378
70,"CV2",4,5,NA,"Raw","M2","JKI",26,0.48876028602677,0.48876028602677,0.539519010348126,0.554985456396977
71,"CV2",5,1,NA,"Raw","M2","ABR33",19,0.867543460948153,0.867543460948153,0.594301215069879,0.755238754894001
71,"CV2",5,1,NA,"Raw","M2","JKI",34,0.559823261936486,0.559823261936486,0.556463253785493,0.463782596028731
72,"CV2",5,2,NA,"Raw","M2","ABR33",35,0.461911802124253,0.461911802124253,0.833596742459062,0.861716414630741
72,"CV2",5,2,NA,"Raw","M2","JKI",27,0.69092351967665,0.69092351967665,0.478563479720947,0.506703643513046
73,"CV2",5,3,NA,"Raw","M2","ABR33",26,0.677144479472586,0.677144479472586,0.736939414669967,0.649364210100658
73,"CV2",5,3,NA,"Raw","M2","JKI",22,0.728022808988772,0.728022808988772,0.39082046214857,0.434628123477341
74,"CV2",5,4,NA,"Raw","M2","ABR33",21,0.869329217519777,0.869329217519777,0.540124784035439,0.576849269817312
74,"CV2",5,4,NA,"Raw","M2","JKI",26,0.421943654371065,0.421943654371065,0.564166343942934,0.471557026567411
75,"CV2",5,5,NA,"Raw","M2","ABR33",23,0.609358716854296,0.609358716854296,0.791037140360802,0.806252977915557
75,"CV2",5,5,NA,"Raw","M2","JKI",15,0.496212844287143,0.496212844287143,0.400743125808095,0.589092287212052
76,"CV2",6,1,NA,"Raw","M2","ABR33",23,0.609111879531368,0.609111879531368,0.576136953842625,0.509991506038305
76,"CV2",6,1,NA,"Raw","M2","JKI",25,0.340991148503375,0.340991148503375,0.594535143527838,0.562183837637261
77,"CV2",6,2,NA,"Raw","M2","ABR33",21,0.587203866794285,0.587203866794285,0.724031723592818,0.794125538740315
77,"CV2",6,2,NA,"Raw","M2","JKI",30,0.336204071100872,0.336204071100872,0.57728473167301,0.421689840200986
78,"CV2",6,3,NA,"Raw","M2","ABR33",29,0.637406921474817,0.637406921474817,0.816826502403256,0.836820095648554
78,"CV2",6,3,NA,"Raw","M2","JKI",20,0.691740420166933,0.691740420166933,0.483654889073283,0.501649516758586
79,"CV2",6,4,NA,"Raw","M2","ABR33",33,0.887042853852606,0.887042853852606,0.736100132430252,0.737544461341166
79,"CV2",6,4,NA,"Raw","M2","JKI",21,0.801438252257576,0.801438252257576,0.392860558415572,0.533687547327584
80,"CV2",6,5,NA,"Raw","M2","ABR33",18,0.318918361659054,0.318918361659054,0.799573135163787,0.921472834438474
80,"CV2",6,5,NA,"Raw","M2","JKI",28,0.77114086129845,0.77114086129845,0.348313947712805,0.413732477158853
81,"CV2",7,1,NA,"Raw","M2","ABR33",28,0.605971903395755,0.605971903395755,0.784829039520845,0.774235550671069
81,"CV2",7,1,NA,"Raw","M2","JKI",26,0.846193792392715,0.846193792392715,0.401644338864943,0.550665219086928
82,"CV2",7,2,NA,"Raw","M2","ABR33",22,0.871433400816833,0.871433400816833,0.911526133853978,1.01203459156102
82,"CV2",7,2,NA,"Raw","M2","JKI",25,0.0884239164388333,0.0884239164388333,0.66712532283238,0.41102725379784
83,"CV2",7,3,NA,"Raw","M2","ABR33",20,0.788700461531762,0.788700461531762,0.748414807335386,0.705387858737112
83,"CV2",7,3,NA,"Raw","M2","JKI",28,0.626288615866265,0.626288615866265,0.402525820103132,0.568992206214004
84,"CV2",7,4,NA,"Raw","M2","ABR33",29,0.302292953001038,0.302292953001038,0.663202522978523,0.72075013239348
84,"CV2",7,4,NA,"Raw","M2","JKI",22,0.730876982054441,0.730876982054441,0.471346208269184,0.511668080099191
85,"CV2",7,5,NA,"Raw","M2","ABR33",25,0.651952124781753,0.651952124781753,0.505903715494819,0.583811749806364
85,"CV2",7,5,NA,"Raw","M2","JKI",23,0.152668684540932,0.152668684540932,0.514206527515729,0.374927245849518
86,"CV2",8,1,NA,"Raw","M2","ABR33",21,0.698076814052203,0.698076814052203,0.768307135470483,0.757161078850365
86,"CV2",8,1,NA,"Raw","M2","JKI",23,0.563539672785025,0.563539672785025,0.452955270596116,0.455778323295604
87,"CV2",8,2,NA,"Raw","M2","ABR33",31,0.886033008563377,0.886033008563377,0.917247848612959,0.99589881245327
87,"CV2",8,2,NA,"Raw","M2","JKI",22,0.346045965757921,0.346045965757921,0.444235724153966,0.428432173203908
88,"CV2",8,3,NA,"Raw","M2","ABR33",26,0.441605287428584,0.441605287428584,0.528662084203356,0.618528069827524
88,"CV2",8,3,NA,"Raw","M2","JKI",23,0.620787544747653,0.620787544747653,0.506028771317794,0.465440744021465
89,"CV2",8,4,NA,"Raw","M2","ABR33",24,0.279934771192992,0.279934771192992,0.634471563392589,0.571894150693034
89,"CV2",8,4,NA,"Raw","M2","JKI",34,0.601166870483537,0.601166870483537,0.525831285553444,0.526061110740059
90,"CV2",8,5,NA,"Raw","M2","ABR33",22,0.516837456845805,0.516837456845805,0.839518715649209,0.887006961001279
90,"CV2",8,5,NA,"Raw","M2","JKI",22,0.706959269802583,0.706959269802583,0.493194875985945,0.523017108836822
91,"CV2",9,1,NA,"Raw","M2","ABR33",28,0.687374252460385,0.687374252460385,0.579156174803058,0.593464966122253
91,"CV2",9,1,NA,"Raw","M2","JKI",22,0.679626285194871,0.679626285194871,0.501101775913805,0.570258617345207
92,"CV2",9,2,NA,"Raw","M2","ABR33",16,0.568731467528129,0.568731467528129,1.06903691775702,1.09688091248055
92,"CV2",9,2,NA,"Raw","M2","JKI",34,0.411272063417916,0.411272063417916,0.607651107004864,0.38346809578262
93,"CV2",9,3,NA,"Raw","M2","ABR33",19,0.818550392679503,0.818550392679503,0.789572194621728,0.890375140657344
93,"CV2",9,3,NA,"Raw","M2","JKI",24,0.838025664813818,0.838025664813818,0.419678810243765,0.586352033684551
94,"CV2",9,4,NA,"Raw","M2","ABR33",33,0.776882720482903,0.776882720482903,0.761675715671812,0.777765178386343
94,"CV2",9,4,NA,"Raw","M2","JKI",27,0.453838834661362,0.453838834661362,0.538294256570165,0.547545459920607
95,"CV2",9,5,NA,"Raw","M2","ABR33",28,0.32697349135159,0.32697349135159,0.60294430686354,0.586396055096706
95,"CV2",9,5,NA,"Raw","M2","JKI",17,0.610744151559862,0.610744151559862,0.434034918526596,0.335488627733079
96,"CV2",10,1,NA,"Raw","M2","ABR33",16,0.766068801542011,0.766068801542011,0.915935115605844,0.981550561395482
96,"CV2",10,1,NA,"Raw","M2","JKI",31,0.325799064171408,0.325799064171408,0.53351065054832,0.478286928789125
97,"CV2",10,2,NA,"Raw","M2","ABR33",21,0.790336702415997,0.790336702415997,0.548715087226265,0.511215046538876
97,"CV2",10,2,NA,"Raw","M2","JKI",25,0.672538553683642,0.672538553683642,0.466854715713596,0.485141355605646
98,"CV2",10,3,NA,"Raw","M2","ABR33",31,0.692177481643048,0.692177481643048,0.635523086814728,0.650026129845789
98,"CV2",10,3,NA,"Raw","M2","JKI",22,0.769664879230599,0.769664879230599,0.395521156766411,0.544657329426186
99,"CV2",10,4,NA,"Raw","M2","ABR33",27,0.57637319222548,0.57637319222548,0.876507850202256,0.842629295123283
99,"CV2",10,4,NA,"Raw","M2","JKI",26,0.727786045595049,0.727786045595049,0.460719247739799,0.463639650773593
100,"CV2",10,5,NA,"Raw","M2","ABR33",29,0.435784052881023,0.435784052881023,0.695560945837288,0.787704706993756
100,"CV2",10,5,NA,"Raw","M2","JKI",20,0.369951961671901,0.369951961671901,0.616056947289704,0.435684118011067
101,"Sparse25",1,1,0,"Raw","M2","ABR33",100,0.427806155859162,0.427806155859162,0.930818303765178,0.798827690689508
101,"Sparse25",1,1,0,"Raw","M2","JKI",99,0.494144146907494,0.494144146907494,0.584060150152947,0.52325906797857
102,"Sparse25",2,1,0,"Raw","M2","ABR33",100,0.523847434322494,0.523847434322494,0.801999152199123,1.0096360600927
102,"Sparse25",2,1,0,"Raw","M2","JKI",99,0.468874622964649,0.468874622964649,0.510761812271274,0.502525090333866
103,"Sparse25",3,1,0,"Raw","M2","ABR33",100,0.409290942452624,0.409290942452624,0.955723189015844,0.831889917616095
103,"Sparse25",3,1,0,"Raw","M2","JKI",99,0.0802009252455567,0.0802009252455567,0.630757915478477,0.538299300975287
104,"Sparse25",4,1,0,"Raw","M2","ABR33",100,0.432081510210753,0.432081510210753,0.838859820835007,0.748605501713183
104,"Sparse25",4,1,0,"Raw","M2","JKI",99,0.233159867094248,0.233159867094248,0.569583590610008,0.484782689097445
105,"Sparse25",5,1,0,"Raw","M2","ABR33",100,0.529030796507045,0.529030796507045,0.768214334441046,0.720182762476439
105,"Sparse25",5,1,0,"Raw","M2","JKI",99,0.265634515046562,0.265634515046562,0.577693337707663,0.492682179066675
106,"Sparse25",6,1,0,"Raw","M2","ABR33",100,0.58513685079342,0.58513685079342,0.883115501664936,0.828772194045631
106,"Sparse25",6,1,0,"Raw","M2","JKI",99,0.34421066492957,0.34421066492957,0.509354798801278,0.448432130950556
107,"Sparse25",7,1,0,"Raw","M2","ABR33",100,0.402360877105101,0.402360877105101,0.873001000807657,0.756470915885821
107,"Sparse25",7,1,0,"Raw","M2","JKI",99,0.195883599948791,0.195883599948791,0.580421306888193,0.529270251197357
108,"Sparse25",8,1,0,"Raw","M2","ABR33",100,0.519728561610057,0.519728561610057,0.801836647273528,0.700070430770548
108,"Sparse25",8,1,0,"Raw","M2","JKI",99,0.351792324598626,0.351792324598626,0.530551617997385,0.482415694643912
109,"Sparse25",9,1,0,"Raw","M2","ABR33",100,0.270843791079677,0.270843791079677,0.92791927272037,0.814851848910908
109,"Sparse25",9,1,0,"Raw","M2","JKI",99,0.101395931183743,0.101395931183743,0.60358458561571,0.521135780708112
110,"Sparse25",10,1,0,"Raw","M2","ABR33",100,0.468375333153802,0.468375333153802,0.859009283201014,0.837826708942096
110,"Sparse25",10,1,0,"Raw","M2","JKI",99,0.23035726678508,0.23035726678508,0.57916188455404,0.503514918274307
111,"Sparse25",1,1,5,"Raw","M2","ABR33",100,0.264201782749576,0.264201782749576,0.846504533943881,0.784540826672516
111,"Sparse25",1,1,5,"Raw","M2","JKI",99,0.552364775664586,0.552364775664586,0.527626818158607,0.521603863393921
112,"Sparse25",2,1,5,"Raw","M2","ABR33",100,0.522887086682483,0.522887086682483,0.817890558010552,0.803276188100469
112,"Sparse25",2,1,5,"Raw","M2","JKI",99,0.327435973252086,0.327435973252086,0.52578649039008,0.507617596199908
113,"Sparse25",3,1,5,"Raw","M2","ABR33",100,0.430548546155453,0.430548546155453,0.832674715419715,0.807398636751499
113,"Sparse25",3,1,5,"Raw","M2","JKI",99,0.183754713678537,0.183754713678537,0.571731822779619,0.498585580172163
114,"Sparse25",4,1,5,"Raw","M2","ABR33",100,0.609069687585151,0.609069687585151,0.784516497459682,0.855483617088876
114,"Sparse25",4,1,5,"Raw","M2","JKI",99,0.326970737222224,0.326970737222224,0.510242567648857,0.457811236296454
115,"Sparse25",5,1,5,"Raw","M2","ABR33",100,0.490024808946116,0.490024808946116,0.835978532840727,0.693652570626521
115,"Sparse25",5,1,5,"Raw","M2","JKI",99,0.48548983540276,0.48548983540276,0.567926933983835,0.546035028529017
116,"Sparse25",6,1,5,"Raw","M2","ABR33",100,0.12511880081868,0.12511880081868,0.871605177162708,0.831991024500681
116,"Sparse25",6,1,5,"Raw","M2","JKI",99,0.481161435807368,0.481161435807368,0.479019366534474,0.507473718232789
117,"Sparse25",7,1,5,"Raw","M2","ABR33",100,0.56053902263344,0.56053902263344,0.864515908865054,0.779107418007819
117,"Sparse25",7,1,5,"Raw","M2","JKI",99,0.392338335139575,0.392338335139575,0.51854963778146,0.472586386369428
118,"Sparse25",8,1,5,"Raw","M2","ABR33",100,0.527335860816857,0.527335860816857,0.78867918634689,0.718489643553938
118,"Sparse25",8,1,5,"Raw","M2","JKI",99,0.474130017031283,0.474130017031283,0.492762452107925,0.490095541781131
119,"Sparse25",9,1,5,"Raw","M2","ABR33",100,0.375665159806922,0.375665159806922,0.872127028237278,0.797961545765441
119,"Sparse25",9,1,5,"Raw","M2","JKI",99,0.17751477717177,0.17751477717177,0.612419849988524,0.523184999755101
120,"Sparse25",10,1,5,"Raw","M2","ABR33",100,0.510021975268685,0.510021975268685,0.812454242304606,0.737263250920316
120,"Sparse25",10,1,5,"Raw","M2","JKI",99,0.403257846638423,0.403257846638423,0.530428643898278,0.531563104902989
121,"Sparse25",1,1,10,"Raw","M2","ABR33",100,0.474439629731063,0.474439629731063,0.832546766036027,0.880266543577972
121,"Sparse25",1,1,10,"Raw","M2","JKI",99,0.258873258880524,0.258873258880524,0.523839127013038,0.468917592907765
122,"Sparse25",2,1,10,"Raw","M2","ABR33",100,0.312202356309156,0.312202356309156,0.932230776674062,0.859374879993853
122,"Sparse25",2,1,10,"Raw","M2","JKI",99,-0.0283197136571554,-0.0283197136571554,0.630163027225415,0.60651528719256
123,"Sparse25",3,1,10,"Raw","M2","ABR33",100,0.419134855517023,0.419134855517023,0.86218488196289,0.793920769167343
123,"Sparse25",3,1,10,"Raw","M2","JKI",99,0.0567689920752523,0.0567689920752523,0.604157935552508,0.512061817444378
124,"Sparse25",4,1,10,"Raw","M2","ABR33",100,0.590160697802811,0.590160697802811,0.827489989697462,0.822255906780731
124,"Sparse25",4,1,10,"Raw","M2","JKI",99,0.185397225520914,0.185397225520914,0.576792185348961,0.479478100295897
125,"Sparse25",5,1,10,"Raw","M2","ABR33",100,0.474431526611287,0.474431526611287,0.841667794546386,0.72629356043717
125,"Sparse25",5,1,10,"Raw","M2","JKI",99,0.423989275709119,0.423989275709119,0.557178479096737,0.530460305743613
126,"Sparse25",6,1,10,"Raw","M2","ABR33",100,0.470155024945923,0.470155024945923,0.924970192099751,0.940660260336075
126,"Sparse25",6,1,10,"Raw","M2","JKI",99,0.133539713189056,0.133539713189056,0.6242689832976,0.518808123074536
127,"Sparse25",7,1,10,"Raw","M2","ABR33",100,0.501598894616947,0.501598894616947,0.81382407507355,0.711215281613336
127,"Sparse25",7,1,10,"Raw","M2","JKI",99,0.443865098001695,0.443865098001695,0.540160488769825,0.542735380412914
128,"Sparse25",8,1,10,"Raw","M2","ABR33",100,0.464995048994998,0.464995048994998,0.838089128074794,0.74426512575917
128,"Sparse25",8,1,10,"Raw","M2","JKI",99,0.323224941110401,0.323224941110401,0.56394686050232,0.518653538083869
129,"Sparse25",9,1,10,"Raw","M2","ABR33",100,0.500231860616874,0.500231860616874,0.824542685687015,0.913700647816354
129,"Sparse25",9,1,10,"Raw","M2","JKI",99,0.402474955798405,0.402474955798405,0.596201145538394,0.504835458027358
130,"Sparse25",10,1,10,"Raw","M2","ABR33",100,0.546490840249853,0.546490840249853,0.810924659243417,0.746647164466856
130,"Sparse25",10,1,10,"Raw","M2","JKI",99,0.237678251973455,0.237678251973455,0.54480811368054,0.497718155950143
131,"Sparse25",1,1,15,"Raw","M2","ABR33",100,0.395580695222393,0.395580695222393,0.904311044397335,0.777900195162002
131,"Sparse25",1,1,15,"Raw","M2","JKI",99,0.0949924687061839,0.0949924687061839,0.604509782605678,0.605234816904218
132,"Sparse25",2,1,15,"Raw","M2","ABR33",100,0.440081972708275,0.440081972708275,0.806064332934089,0.855107016447067
132,"Sparse25",2,1,15,"Raw","M2","JKI",99,0.0455564821223658,0.0455564821223658,0.576961185592066,0.498622812884084
133,"Sparse25",3,1,15,"Raw","M2","ABR33",100,0.280651556288717,0.280651556288717,0.913667468441856,0.770062257872543
133,"Sparse25",3,1,15,"Raw","M2","JKI",99,0.261644532068272,0.261644532068272,0.561362769613962,0.525055402271422
134,"Sparse25",4,1,15,"Raw","M2","ABR33",100,0.45844520151892,0.45844520151892,0.88593320131669,0.796170134897069
134,"Sparse25",4,1,15,"Raw","M2","JKI",99,0.267432514983588,0.267432514983588,0.584562991234393,0.501397981214046
135,"Sparse25",5,1,15,"Raw","M2","ABR33",100,0.347392544094038,0.347392544094038,0.908785145735111,0.792803784734879
135,"Sparse25",5,1,15,"Raw","M2","JKI",99,0.245388636077395,0.245388636077395,0.571389643067607,0.489828263113089
136,"Sparse25",6,1,15,"Raw","M2","ABR33",100,0.392995164296992,0.392995164296992,0.860398182473788,0.773095607757283
136,"Sparse25",6,1,15,"Raw","M2","JKI",99,0.0623697638305183,0.0623697638305183,0.604456165552787,0.494465655103646
137,"Sparse25",7,1,15,"Raw","M2","ABR33",100,0.366782345060137,0.366782345060137,0.936237407299078,0.871369848718522
137,"Sparse25",7,1,15,"Raw","M2","JKI",99,0.0328623840344114,0.0328623840344114,0.620760661348585,0.570222225903467
138,"Sparse25",8,1,15,"Raw","M2","ABR33",100,0.506442716593429,0.506442716593429,0.92145201119108,0.797014948470747
138,"Sparse25",8,1,15,"Raw","M2","JKI",99,0.212360550989646,0.212360550989646,0.599916674838809,0.515967997909023
139,"Sparse25",9,1,15,"Raw","M2","ABR33",100,0.407462580600344,0.407462580600344,0.873386527608274,0.76367223679745
139,"Sparse25",9,1,15,"Raw","M2","JKI",99,0.247844593248539,0.247844593248539,0.5657985905532,0.488111763286701
140,"Sparse25",10,1,15,"Raw","M2","ABR33",100,0.34127024206229,0.34127024206229,0.880259916482801,0.737648698867132
140,"Sparse25",10,1,15,"Raw","M2","JKI",99,0.279792541560159,0.279792541560159,0.579819952876809,0.492596655379022
141,"Sparse25",1,1,20,"Raw","M2","ABR33",100,0.28117612734405,0.28117612734405,0.930253090625344,0.781685861253169
141,"Sparse25",1,1,20,"Raw","M2","JKI",99,0.129634186629803,0.129634186629803,0.604410694012979,0.53345474161441
142,"Sparse25",2,1,20,"Raw","M2","ABR33",100,0.392135318825311,0.392135318825311,0.891118199630247,0.749190434274352
142,"Sparse25",2,1,20,"Raw","M2","JKI",99,0.122301581993318,0.122301581993318,0.658564852837044,0.54800159919341
143,"Sparse25",3,1,20,"Raw","M2","ABR33",100,0.379091237362771,0.379091237362771,0.847225996028467,0.771892772153834
143,"Sparse25",3,1,20,"Raw","M2","JKI",99,0.0934956555975604,0.0934956555975604,0.578341132585197,0.498666249014728
144,"Sparse25",4,1,20,"Raw","M2","ABR33",100,0.376727910918995,0.376727910918995,0.879040194265665,0.826435376157517
144,"Sparse25",4,1,20,"Raw","M2","JKI",99,0.187106624575807,0.187106624575807,0.600500268279607,0.538798003373712
145,"Sparse25",5,1,20,"Raw","M2","ABR33",100,0.419887150570496,0.419887150570496,0.90933883069539,0.816687228050838
145,"Sparse25",5,1,20,"Raw","M2","JKI",99,0.10885960002844,0.10885960002844,0.606261634387308,0.532803625949386
146,"Sparse25",6,1,20,"Raw","M2","ABR33",100,0.324159891908292,0.324159891908292,0.843075486404283,0.742687680032246
146,"Sparse25",6,1,20,"Raw","M2","JKI",99,0.010044180390718,0.010044180390718,0.630123665693717,0.536148691634422
147,"Sparse25",7,1,20,"Raw","M2","ABR33",100,0.480391508075429,0.480391508075429,0.81786513011577,0.696203551573933
147,"Sparse25",7,1,20,"Raw","M2","JKI",99,0.107151663849243,0.107151663849243,0.551643149070927,0.466245356432766
148,"Sparse25",8,1,20,"Raw","M2","ABR33",100,0.491111925474297,0.491111925474297,0.859563678361619,0.746020744900072
148,"Sparse25",8,1,20,"Raw","M2","JKI",99,0.260241254113502,0.260241254113502,0.539804843437419,0.456055030218987
149,"Sparse25",9,1,20,"Raw","M2","ABR33",100,0.411342693883214,0.411342693883214,0.825157738922794,0.719987387374821
149,"Sparse25",9,1,20,"Raw","M2","JKI",99,0.108794202044758,0.108794202044758,0.606449735622162,0.463008504593611
150,"Sparse25",10,1,20,"Raw","M2","ABR33",100,0.40505871090876,0.40505871090876,0.799161719060343,0.873222179361931
150,"Sparse25",10,1,20,"Raw","M2","JKI",99,0.22629878228739,0.22629878228739,0.598456007537039,0.536051901989427
151,"Sparse25",1,1,25,"Raw","M2","ABR33",100,0.520521661861989,0.520521661861989,0.88923460384424,0.796721740000133
151,"Sparse25",1,1,25,"Raw","M2","JKI",99,0.329420702211544,0.329420702211544,0.548093290351668,0.477815451420076
152,"Sparse25",2,1,25,"Raw","M2","ABR33",100,0.357097364874124,0.357097364874124,0.836167755358752,0.974736156139261
152,"Sparse25",2,1,25,"Raw","M2","JKI",99,0.535207924587568,0.535207924587568,0.505614348319853,0.551699317139474
153,"Sparse25",3,1,25,"Raw","M2","ABR33",100,0.368162668540439,0.368162668540439,0.997515415333807,0.829418944701392
153,"Sparse25",3,1,25,"Raw","M2","JKI",99,0.446063314540617,0.446063314540617,0.605364952213337,0.486680408823835
154,"Sparse25",4,1,25,"Raw","M2","ABR33",100,0.378040536738958,0.378040536738958,0.992208826325347,0.853302011604524
154,"Sparse25",4,1,25,"Raw","M2","JKI",99,0.00382526731913432,0.00382526731913432,0.597969576462712,0.499048077681974
155,"Sparse25",5,1,25,"Raw","M2","ABR33",100,0.559878962128691,0.559878962128691,0.891599180670299,0.732042388205461
155,"Sparse25",5,1,25,"Raw","M2","JKI",99,0.208481988903907,0.208481988903907,0.54118241162877,0.475043229215405
156,"Sparse25",6,1,25,"Raw","M2","ABR33",100,0.544287343870961,0.544287343870961,0.802004068130994,0.811397547072012
156,"Sparse25",6,1,25,"Raw","M2","JKI",99,0.401694141883419,0.401694141883419,0.493625403800556,0.483157062521289
157,"Sparse25",7,1,25,"Raw","M2","ABR33",100,0.423590007809856,0.423590007809856,0.798196912460819,0.783093894751196
157,"Sparse25",7,1,25,"Raw","M2","JKI",99,0.0910874081740711,0.0910874081740711,0.608160177198657,0.543060382602061
158,"Sparse25",8,1,25,"Raw","M2","ABR33",100,0.402883290308936,0.402883290308936,0.892557022634925,0.766939008278104
158,"Sparse25",8,1,25,"Raw","M2","JKI",99,0.00515271311643626,0.00515271311643626,0.591664572577308,0.496029203518035
159,"Sparse25",9,1,25,"Raw","M2","ABR33",100,0.354836089624627,0.354836089624627,0.91601611025374,0.800310501128628
159,"Sparse25",9,1,25,"Raw","M2","JKI",99,0.0842454766730647,0.0842454766730647,0.598047662937587,0.555050780158268
160,"Sparse25",10,1,25,"Raw","M2","ABR33",100,0.397672601825896,0.397672601825896,0.923262499564445,0.765333424131855
160,"Sparse25",10,1,25,"Raw","M2","JKI",99,0.111733210345494,0.111733210345494,0.59498546050606,0.513555227841377
1,"CV1",1,1,NA,"Raw","M3","ABR33",25,0.302607093605619,0.302607093605619,1.08700657002079,0.890411066262453
1,"CV1",1,1,NA,"Raw","M3","JKI",25,0.495287956442489,0.495287956442489,0.684867145216124,0.618925137706503
2,"CV1",1,2,NA,"Raw","M3","ABR33",25,0.659258766718828,0.659258766718828,0.992539714217573,0.896189286785138
2,"CV1",1,2,NA,"Raw","M3","JKI",25,0.550447474891016,0.550447474891016,0.496802715459404,0.478671798696215
3,"CV1",1,3,NA,"Raw","M3","ABR33",25,0.368435580805767,0.368435580805767,0.595060183456047,0.609631697804817
3,"CV1",1,3,NA,"Raw","M3","JKI",25,0.427389720792524,0.427389720792524,0.305170541245718,0.337167745562773
4,"CV1",1,4,NA,"Raw","M3","ABR33",25,0.509639759584818,0.509639759584818,0.649215642395857,0.663501030049754
4,"CV1",1,4,NA,"Raw","M3","JKI",25,0.523243047283703,0.523243047283703,0.524981848069193,0.488394061933118
5,"CV1",1,5,NA,"Raw","M3","ABR33",25,0.453309786334414,0.453309786334414,0.677573456149373,0.753974174613063
5,"CV1",1,5,NA,"Raw","M3","JKI",24,0.62591539231584,0.62591539231584,0.47328313387541,0.458063325802365
6,"CV1",2,1,NA,"Raw","M3","ABR33",25,0.65405580483263,0.65405580483263,0.845607262095166,0.727426104930272
6,"CV1",2,1,NA,"Raw","M3","JKI",25,0.579607609123059,0.579607609123059,0.620512365692392,0.548571395182672
7,"CV1",2,2,NA,"Raw","M3","ABR33",25,0.426041302495058,0.426041302495058,0.771186247897737,0.805827534472638
7,"CV1",2,2,NA,"Raw","M3","JKI",24,0.743499385780856,0.743499385780856,0.417627282791683,0.50393268740709
8,"CV1",2,3,NA,"Raw","M3","ABR33",25,0.599670649857902,0.599670649857902,0.97636374756023,0.906372739370291
8,"CV1",2,3,NA,"Raw","M3","JKI",25,0.632896868846473,0.632896868846473,0.510499862037979,0.475490837737943
9,"CV1",2,4,NA,"Raw","M3","ABR33",25,0.435487569524554,0.435487569524554,0.705707687512235,0.679355984971475
9,"CV1",2,4,NA,"Raw","M3","JKI",25,0.627300472375758,0.627300472375758,0.380125150971091,0.363977836970186
10,"CV1",2,5,NA,"Raw","M3","ABR33",25,0.621908746086628,0.621908746086628,0.528797585344657,0.597329056340615
10,"CV1",2,5,NA,"Raw","M3","JKI",25,0.412342031445884,0.412342031445884,0.448471685426593,0.494737479741847
11,"CV1",3,1,NA,"Raw","M3","ABR33",25,0.434267921487692,0.434267921487692,0.594448834370962,0.584749097813495
11,"CV1",3,1,NA,"Raw","M3","JKI",24,0.711017387420663,0.711017387420663,0.346621535501019,0.42390916815501
12,"CV1",3,2,NA,"Raw","M3","ABR33",25,0.55171055526627,0.55171055526627,0.70290609877558,0.685255670250819
12,"CV1",3,2,NA,"Raw","M3","JKI",25,0.297090192820522,0.297090192820522,0.432938923986249,0.434641758187376
13,"CV1",3,3,NA,"Raw","M3","ABR33",25,0.688842326095478,0.688842326095478,0.879413129526986,0.853482927865225
13,"CV1",3,3,NA,"Raw","M3","JKI",25,0.665739238184624,0.665739238184624,0.594983573175402,0.597637377471553
14,"CV1",3,4,NA,"Raw","M3","ABR33",25,0.69512659118758,0.69512659118758,1.00506208696362,0.926216122720034
14,"CV1",3,4,NA,"Raw","M3","JKI",25,0.676897315935718,0.676897315935718,0.539632844836928,0.474984130474295
15,"CV1",3,5,NA,"Raw","M3","ABR33",25,0.48139865810519,0.48139865810519,0.658473041769322,0.714977654447644
15,"CV1",3,5,NA,"Raw","M3","JKI",25,0.548447610594787,0.548447610594787,0.493308391795531,0.492117070758203
16,"CV1",4,1,NA,"Raw","M3","ABR33",25,0.499854736046459,0.499854736046459,0.784729410070438,0.625992224233933
16,"CV1",4,1,NA,"Raw","M3","JKI",24,0.560981431467378,0.560981431467378,0.543019580164302,0.534514628453866
17,"CV1",4,2,NA,"Raw","M3","ABR33",25,0.626245988830454,0.626245988830454,0.772918608547599,0.775084440449188
17,"CV1",4,2,NA,"Raw","M3","JKI",25,0.425158896934176,0.425158896934176,0.419341161957343,0.420005295343873
18,"CV1",4,3,NA,"Raw","M3","ABR33",25,0.549676360074248,0.549676360074248,0.753785287236412,0.807368173180382
18,"CV1",4,3,NA,"Raw","M3","JKI",25,0.744524792513931,0.744524792513931,0.509757902324117,0.55751754243879
19,"CV1",4,4,NA,"Raw","M3","ABR33",25,0.410904343553338,0.410904343553338,0.803065001945897,0.826010453484467
19,"CV1",4,4,NA,"Raw","M3","JKI",25,0.619760697346964,0.619760697346964,0.525014376693479,0.433507760778624
20,"CV1",4,5,NA,"Raw","M3","ABR33",25,0.549816689754305,0.549816689754305,0.811972962518871,0.751598125005081
20,"CV1",4,5,NA,"Raw","M3","JKI",25,0.745023353409772,0.745023353409772,0.433642695764153,0.46263880219347
21,"CV1",5,1,NA,"Raw","M3","ABR33",25,0.608344334114728,0.608344334114728,0.693013371592466,0.655858563377863
21,"CV1",5,1,NA,"Raw","M3","JKI",25,0.57900259086815,0.57900259086815,0.422087680800575,0.417226960523164
22,"CV1",5,2,NA,"Raw","M3","ABR33",25,0.560188906252527,0.560188906252527,0.809290710333961,0.855577838016031
22,"CV1",5,2,NA,"Raw","M3","JKI",25,0.717599793467402,0.717599793467402,0.47706308733072,0.535285756455753
23,"CV1",5,3,NA,"Raw","M3","ABR33",25,0.615059705357717,0.615059705357717,0.85663578120979,0.691426372556003
23,"CV1",5,3,NA,"Raw","M3","JKI",25,0.430597837243974,0.430597837243974,0.577507018783082,0.535966651833768
24,"CV1",5,4,NA,"Raw","M3","ABR33",25,0.486164598601713,0.486164598601713,0.811810786177459,0.760873866214104
24,"CV1",5,4,NA,"Raw","M3","JKI",25,0.667719559262556,0.667719559262556,0.470453518763332,0.436359215193862
25,"CV1",5,5,NA,"Raw","M3","ABR33",25,0.42540753645642,0.42540753645642,0.731595642869096,0.794443199949363
25,"CV1",5,5,NA,"Raw","M3","JKI",24,0.358291854856733,0.358291854856733,0.499163094241763,0.462073360656714
26,"CV1",6,1,NA,"Raw","M3","ABR33",25,0.611091833325416,0.611091833325416,0.868448083598666,0.98314585992551
26,"CV1",6,1,NA,"Raw","M3","JKI",25,0.181357248357277,0.181357248357277,0.405748250481791,0.526157252121742
27,"CV1",6,2,NA,"Raw","M3","ABR33",25,0.549597512658639,0.549597512658639,0.905125968032894,0.816083799971684
27,"CV1",6,2,NA,"Raw","M3","JKI",25,0.814175358458618,0.814175358458618,0.480517993448263,0.427897026148391
28,"CV1",6,3,NA,"Raw","M3","ABR33",25,0.563497509165224,0.563497509165224,0.651367937667425,0.594396962951093
28,"CV1",6,3,NA,"Raw","M3","JKI",25,0.505894019313453,0.505894019313453,0.432869393009651,0.42926011617494
29,"CV1",6,4,NA,"Raw","M3","ABR33",25,0.415298517505063,0.415298517505063,0.791819274455415,0.702472116499211
29,"CV1",6,4,NA,"Raw","M3","JKI",24,0.576464830740467,0.576464830740467,0.524170175524307,0.503431168534803
30,"CV1",6,5,NA,"Raw","M3","ABR33",25,0.561904574675754,0.561904574675754,0.707573268281989,0.646811105280015
30,"CV1",6,5,NA,"Raw","M3","JKI",25,0.671358087368262,0.671358087368262,0.576320715660434,0.542856849198292
31,"CV1",7,1,NA,"Raw","M3","ABR33",25,0.528883513833278,0.528883513833278,1.02185814015439,0.921471082667298
31,"CV1",7,1,NA,"Raw","M3","JKI",25,0.789616386082883,0.789616386082883,0.672093701756904,0.593807659500662
32,"CV1",7,2,NA,"Raw","M3","ABR33",25,0.657391125624491,0.657391125624491,0.892693163167051,0.971056879282896
32,"CV1",7,2,NA,"Raw","M3","JKI",25,0.455512634789042,0.455512634789042,0.621830750940039,0.636644392765332
33,"CV1",7,3,NA,"Raw","M3","ABR33",25,0.600668291085109,0.600668291085109,0.525074395608889,0.442983133943219
33,"CV1",7,3,NA,"Raw","M3","JKI",24,0.48149850359589,0.48149850359589,0.338535822831197,0.384653066440843
34,"CV1",7,4,NA,"Raw","M3","ABR33",25,0.416495841978706,0.416495841978706,0.639840253746742,0.609058103490324
34,"CV1",7,4,NA,"Raw","M3","JKI",25,0.203948887393129,0.203948887393129,0.430471916768165,0.444206020488699
35,"CV1",7,5,NA,"Raw","M3","ABR33",25,0.691974959636708,0.691974959636708,0.730205017363632,0.763840366952098
35,"CV1",7,5,NA,"Raw","M3","JKI",25,0.377760005536934,0.377760005536934,0.369152803667657,0.413986416960897
36,"CV1",8,1,NA,"Raw","M3","ABR33",25,0.393281587282982,0.393281587282982,0.855718675901955,0.782787334253746
36,"CV1",8,1,NA,"Raw","M3","JKI",25,0.321973857837579,0.321973857837579,0.416977827819143,0.39066272700355
37,"CV1",8,2,NA,"Raw","M3","ABR33",25,0.715937581091591,0.715937581091591,0.773897369209916,0.745680840323759
37,"CV1",8,2,NA,"Raw","M3","JKI",25,0.570342597137975,0.570342597137975,0.551990427071745,0.539882910572619
38,"CV1",8,3,NA,"Raw","M3","ABR33",25,0.676395642366777,0.676395642366777,0.804804179060386,0.781204649425439
38,"CV1",8,3,NA,"Raw","M3","JKI",24,0.779660263238681,0.779660263238681,0.538924461372951,0.590661129162233
39,"CV1",8,4,NA,"Raw","M3","ABR33",25,0.48387903699304,0.48387903699304,0.866097767535573,0.792115063619225
39,"CV1",8,4,NA,"Raw","M3","JKI",25,0.388687583258632,0.388687583258632,0.42664738211564,0.374467096227964
40,"CV1",8,5,NA,"Raw","M3","ABR33",25,0.584226043172913,0.584226043172913,0.566589808089931,0.648741883905244
40,"CV1",8,5,NA,"Raw","M3","JKI",25,0.590680932178068,0.590680932178068,0.507216030867942,0.485486591279108
41,"CV1",9,1,NA,"Raw","M3","ABR33",25,0.725982058113461,0.725982058113461,0.74506165222407,0.70668496992133
41,"CV1",9,1,NA,"Raw","M3","JKI",25,0.616418980338656,0.616418980338656,0.607954184815799,0.587083909674479
42,"CV1",9,2,NA,"Raw","M3","ABR33",25,0.589330989456824,0.589330989456824,0.844820287441644,0.915655751788652
42,"CV1",9,2,NA,"Raw","M3","JKI",25,0.290896348978677,0.290896348978677,0.382532679931056,0.434468758772714
43,"CV1",9,3,NA,"Raw","M3","ABR33",25,0.642601241641074,0.642601241641074,0.795710310242614,0.711614785880867
43,"CV1",9,3,NA,"Raw","M3","JKI",24,0.637553669892278,0.637553669892278,0.533325193590211,0.526209278864759
44,"CV1",9,4,NA,"Raw","M3","ABR33",25,0.535883368327414,0.535883368327414,0.730213467161487,0.691510805928174
44,"CV1",9,4,NA,"Raw","M3","JKI",25,0.606949288974927,0.606949288974927,0.455991043300623,0.383810609037121
45,"CV1",9,5,NA,"Raw","M3","ABR33",25,0.434736675864325,0.434736675864325,0.69470781140676,0.742688129407913
45,"CV1",9,5,NA,"Raw","M3","JKI",25,0.503471623024448,0.503471623024448,0.480584856138404,0.525904225315961
46,"CV1",10,1,NA,"Raw","M3","ABR33",25,0.573023095424393,0.573023095424393,0.863334625034353,0.880845645521862
46,"CV1",10,1,NA,"Raw","M3","JKI",25,0.604715447538688,0.604715447538688,0.48925196811275,0.45494186206619
47,"CV1",10,2,NA,"Raw","M3","ABR33",25,0.620373264643613,0.620373264643613,0.858675784478007,0.802092455033136
47,"CV1",10,2,NA,"Raw","M3","JKI",25,0.654614853678375,0.654614853678375,0.593979827253025,0.566611725749042
48,"CV1",10,3,NA,"Raw","M3","ABR33",25,0.441438685032067,0.441438685032067,0.817841351598188,0.827902501517029
48,"CV1",10,3,NA,"Raw","M3","JKI",25,0.509199034670884,0.509199034670884,0.441044037348388,0.408209396322254
49,"CV1",10,4,NA,"Raw","M3","ABR33",25,0.756693657845835,0.756693657845835,0.691527324802588,0.624376321341623
49,"CV1",10,4,NA,"Raw","M3","JKI",24,0.581502781505115,0.581502781505115,0.552630105796234,0.579723483793462
50,"CV1",10,5,NA,"Raw","M3","ABR33",25,0.4995856346967,0.4995856346967,0.539842338735627,0.560087516878114
50,"CV1",10,5,NA,"Raw","M3","JKI",25,0.648925941315126,0.648925941315126,0.353398784303868,0.371802053762173
51,"CV2",1,1,NA,"Raw","M3","ABR33",25,0.643431918153846,0.643431918153846,0.858308287733754,1.02318380347761
51,"CV2",1,1,NA,"Raw","M3","JKI",20,0.399114109366955,0.399114109366955,0.41312212337158,0.463807054307644
52,"CV2",1,2,NA,"Raw","M3","ABR33",28,0.758066765456296,0.758066765456296,0.554244834367655,0.617184571224938
52,"CV2",1,2,NA,"Raw","M3","JKI",26,0.651999231293758,0.651999231293758,0.542710900982767,0.515325065409041
53,"CV2",1,3,NA,"Raw","M3","ABR33",24,0.74479758319336,0.74479758319336,0.698545898019016,0.695683638658662
53,"CV2",1,3,NA,"Raw","M3","JKI",30,0.632036582671495,0.632036582671495,0.50520725683513,0.506906997152504
54,"CV2",1,4,NA,"Raw","M3","ABR33",27,0.622586969971495,0.622586969971495,0.579807658976437,0.568768609155549
54,"CV2",1,4,NA,"Raw","M3","JKI",16,0.803065485245757,0.803065485245757,0.37188500119425,0.510807771823136
55,"CV2",1,5,NA,"Raw","M3","ABR33",20,0.768976540368866,0.768976540368866,0.719023780703059,0.792766287696571
55,"CV2",1,5,NA,"Raw","M3","JKI",32,0.673999812793732,0.673999812793732,0.340061540180977,0.422803107697081
56,"CV2",2,1,NA,"Raw","M3","ABR33",23,0.450614609666952,0.450614609666952,0.614980508164541,0.749447742227245
56,"CV2",2,1,NA,"Raw","M3","JKI",24,0.864499341770776,0.864499341770776,0.382753880578627,0.526659858466365
57,"CV2",2,2,NA,"Raw","M3","ABR33",31,0.688624935678842,0.688624935678842,0.736837821876285,0.712282666149982
57,"CV2",2,2,NA,"Raw","M3","JKI",23,0.3882245003786,0.3882245003786,0.555984343800739,0.473019486459267
58,"CV2",2,3,NA,"Raw","M3","ABR33",34,0.767966881184615,0.767966881184615,0.742421417952315,0.81025980214054
58,"CV2",2,3,NA,"Raw","M3","JKI",27,0.617033868422283,0.617033868422283,0.423118684623054,0.417144398917884
59,"CV2",2,4,NA,"Raw","M3","ABR33",15,0.89343001858997,0.89343001858997,0.700554111324347,0.86222676376719
59,"CV2",2,4,NA,"Raw","M3","JKI",28,0.44969525106106,0.44969525106106,0.513953431772316,0.480178465193998
60,"CV2",2,5,NA,"Raw","M3","ABR33",21,0.618752219076932,0.618752219076932,0.53605591218318,0.622404997541113
60,"CV2",2,5,NA,"Raw","M3","JKI",22,0.845053027005342,0.845053027005342,0.320603730978367,0.574532770413865
61,"CV2",3,1,NA,"Raw","M3","ABR33",27,0.635938130539638,0.635938130539638,0.462313752018681,0.516670526593011
61,"CV2",3,1,NA,"Raw","M3","JKI",24,0.615812786731667,0.615812786731667,0.42912783624498,0.542697472199157
62,"CV2",3,2,NA,"Raw","M3","ABR33",26,0.425585120480783,0.425585120480783,0.691046913342245,0.780776798469646
62,"CV2",3,2,NA,"Raw","M3","JKI",26,0.788373348272389,0.788373348272389,0.413678367149375,0.535516971977414
63,"CV2",3,3,NA,"Raw","M3","ABR33",22,0.710441573475994,0.710441573475994,0.601154581034492,0.58589324428102
63,"CV2",3,3,NA,"Raw","M3","JKI",31,0.737446748059595,0.737446748059595,0.407213415768315,0.471451105047968
64,"CV2",3,4,NA,"Raw","M3","ABR33",27,0.837855747871294,0.837855747871294,0.892719295844482,1.00519392001203
64,"CV2",3,4,NA,"Raw","M3","JKI",25,0.430054898250949,0.430054898250949,0.459893390378968,0.464168401885686
65,"CV2",3,5,NA,"Raw","M3","ABR33",22,0.798278606447805,0.798278606447805,0.742678775668791,0.808772930069803
65,"CV2",3,5,NA,"Raw","M3","JKI",18,0.517256973277795,0.517256973277795,0.534911689080412,0.392470482711882
66,"CV2",4,1,NA,"Raw","M3","ABR33",21,0.489446729507295,0.489446729507295,0.817266170741234,0.941413860668082
66,"CV2",4,1,NA,"Raw","M3","JKI",26,0.871365795043377,0.871365795043377,0.35431704890957,0.56786012160291
67,"CV2",4,2,NA,"Raw","M3","ABR33",24,0.7517534394372,0.7517534394372,0.64212536063683,0.704541365207992
67,"CV2",4,2,NA,"Raw","M3","JKI",35,0.50990156901529,0.50990156901529,0.456553265157974,0.478371397249219
68,"CV2",4,3,NA,"Raw","M3","ABR33",27,0.726842191220164,0.726842191220164,0.713730863159453,0.814922125871096
68,"CV2",4,3,NA,"Raw","M3","JKI",18,0.765177450232498,0.765177450232498,0.38381448146686,0.453123338171876
69,"CV2",4,4,NA,"Raw","M3","ABR33",35,0.803586305688746,0.803586305688746,0.646668459818004,0.71678883677637
69,"CV2",4,4,NA,"Raw","M3","JKI",19,0.386226314863318,0.386226314863318,0.461449620984771,0.331323589442201
70,"CV2",4,5,NA,"Raw","M3","ABR33",17,0.601677335751017,0.601677335751017,0.464523333494399,0.517689686464378
70,"CV2",4,5,NA,"Raw","M3","JKI",26,0.51123080345669,0.51123080345669,0.494110911066386,0.554985456396977
71,"CV2",5,1,NA,"Raw","M3","ABR33",19,0.821739340921235,0.821739340921235,0.584116402695199,0.755238754894001
71,"CV2",5,1,NA,"Raw","M3","JKI",34,0.595718131217454,0.595718131217454,0.50248200016639,0.463782596028731
72,"CV2",5,2,NA,"Raw","M3","ABR33",35,0.570941485518392,0.570941485518392,0.776265293985273,0.861716414630741
72,"CV2",5,2,NA,"Raw","M3","JKI",27,0.774606142796341,0.774606142796341,0.403263734366241,0.506703643513046
73,"CV2",5,3,NA,"Raw","M3","ABR33",26,0.796781657159632,0.796781657159632,0.640520997154473,0.649364210100658
73,"CV2",5,3,NA,"Raw","M3","JKI",22,0.826924529757847,0.826924529757847,0.316556691644263,0.434628123477341
74,"CV2",5,4,NA,"Raw","M3","ABR33",21,0.814208115818013,0.814208115818013,0.507051383770005,0.576849269817312
74,"CV2",5,4,NA,"Raw","M3","JKI",26,0.490548549401102,0.490548549401102,0.494723806706056,0.471557026567411
75,"CV2",5,5,NA,"Raw","M3","ABR33",23,0.596542845841938,0.596542845841938,0.768021425094077,0.806252977915557
75,"CV2",5,5,NA,"Raw","M3","JKI",15,0.460331850830515,0.460331850830515,0.418504852191705,0.589092287212052
76,"CV2",6,1,NA,"Raw","M3","ABR33",23,0.65661011322144,0.65661011322144,0.518717200263413,0.509991506038305
76,"CV2",6,1,NA,"Raw","M3","JKI",25,0.392311076830677,0.392311076830677,0.52436164521624,0.562183837637261
77,"CV2",6,2,NA,"Raw","M3","ABR33",21,0.65611155810898,0.65611155810898,0.656433286344364,0.794125538740315
77,"CV2",6,2,NA,"Raw","M3","JKI",30,0.403174845732508,0.403174845732508,0.532710512453929,0.421689840200986
78,"CV2",6,3,NA,"Raw","M3","ABR33",29,0.658074474215279,0.658074474215279,0.78125003113976,0.836820095648554
78,"CV2",6,3,NA,"Raw","M3","JKI",20,0.848773811444681,0.848773811444681,0.372037573925601,0.501649516758586
79,"CV2",6,4,NA,"Raw","M3","ABR33",33,0.872743152488165,0.872743152488165,0.682235772467453,0.737544461341166
79,"CV2",6,4,NA,"Raw","M3","JKI",21,0.815360674376586,0.815360674376586,0.383056668797917,0.533687547327584
80,"CV2",6,5,NA,"Raw","M3","ABR33",18,0.43322665766508,0.43322665766508,0.763144928527009,0.921472834438474
80,"CV2",6,5,NA,"Raw","M3","JKI",28,0.810906046541297,0.810906046541297,0.299756261996117,0.413732477158853
81,"CV2",7,1,NA,"Raw","M3","ABR33",28,0.684827246488884,0.684827246488884,0.731042043411733,0.774235550671069
81,"CV2",7,1,NA,"Raw","M3","JKI",26,0.865407720373105,0.865407720373105,0.370879262696987,0.550665219086928
82,"CV2",7,2,NA,"Raw","M3","ABR33",22,0.805884608462374,0.805884608462374,0.879675708613067,1.01203459156102
82,"CV2",7,2,NA,"Raw","M3","JKI",25,0.179744056773618,0.179744056773618,0.593507630784968,0.41102725379784
83,"CV2",7,3,NA,"Raw","M3","ABR33",20,0.891149098918869,0.891149098918869,0.614918932743556,0.705387858737112
83,"CV2",7,3,NA,"Raw","M3","JKI",28,0.616625918655803,0.616625918655803,0.399828227039975,0.568992206214004
84,"CV2",7,4,NA,"Raw","M3","ABR33",29,0.499537361561602,0.499537361561602,0.582393304113247,0.72075013239348
84,"CV2",7,4,NA,"Raw","M3","JKI",22,0.737086472586487,0.737086472586487,0.442632954669213,0.511668080099191
85,"CV2",7,5,NA,"Raw","M3","ABR33",25,0.626060892214469,0.626060892214469,0.517822562747962,0.583811749806364
85,"CV2",7,5,NA,"Raw","M3","JKI",23,0.365579075932727,0.365579075932727,0.380813680389248,0.374927245849518
86,"CV2",8,1,NA,"Raw","M3","ABR33",21,0.764712796140085,0.764712796140085,0.70244395350042,0.757161078850365
86,"CV2",8,1,NA,"Raw","M3","JKI",23,0.702639554446368,0.702639554446368,0.3608076299951,0.455778323295604
87,"CV2",8,2,NA,"Raw","M3","ABR33",31,0.735279411162897,0.735279411162897,0.927028348212205,0.99589881245327
87,"CV2",8,2,NA,"Raw","M3","JKI",22,0.27242828931663,0.27242828931663,0.463318192495648,0.428432173203908
88,"CV2",8,3,NA,"Raw","M3","ABR33",26,0.477947372365846,0.477947372365846,0.539743370075497,0.618528069827524
88,"CV2",8,3,NA,"Raw","M3","JKI",23,0.637259843787934,0.637259843787934,0.448335978478012,0.465440744021465
89,"CV2",8,4,NA,"Raw","M3","ABR33",24,0.521293109883846,0.521293109883846,0.542339358745378,0.571894150693034
89,"CV2",8,4,NA,"Raw","M3","JKI",34,0.674470507904266,0.674470507904266,0.461107360283812,0.526061110740059
90,"CV2",8,5,NA,"Raw","M3","ABR33",22,0.630289117526216,0.630289117526216,0.765144405514231,0.887006961001279
90,"CV2",8,5,NA,"Raw","M3","JKI",22,0.761646306820635,0.761646306820635,0.415627156162413,0.523017108836822
91,"CV2",9,1,NA,"Raw","M3","ABR33",28,0.565460988537093,0.565460988537093,0.619330682689293,0.593464966122253
91,"CV2",9,1,NA,"Raw","M3","JKI",22,0.749339791619174,0.749339791619174,0.453645214044045,0.570258617345207
92,"CV2",9,2,NA,"Raw","M3","ABR33",16,0.639436550880606,0.639436550880606,1.00336452272524,1.09688091248055
92,"CV2",9,2,NA,"Raw","M3","JKI",34,0.465684205449805,0.465684205449805,0.530123877593766,0.38346809578262
93,"CV2",9,3,NA,"Raw","M3","ABR33",19,0.780246971422686,0.780246971422686,0.732113570589173,0.890375140657344
93,"CV2",9,3,NA,"Raw","M3","JKI",24,0.827783355038365,0.827783355038365,0.436006178197014,0.586352033684551
94,"CV2",9,4,NA,"Raw","M3","ABR33",33,0.843281178377995,0.843281178377995,0.67655494651683,0.777765178386343
94,"CV2",9,4,NA,"Raw","M3","JKI",27,0.532622404795032,0.532622404795032,0.463757595860038,0.547545459920607
95,"CV2",9,5,NA,"Raw","M3","ABR33",28,0.446863241474697,0.446863241474697,0.569189606411063,0.586396055096706
95,"CV2",9,5,NA,"Raw","M3","JKI",17,0.662059112250148,0.662059112250148,0.324506105937792,0.335488627733079
96,"CV2",10,1,NA,"Raw","M3","ABR33",16,0.661910911847496,0.661910911847496,0.982834541471261,0.981550561395482
96,"CV2",10,1,NA,"Raw","M3","JKI",31,0.51664823185076,0.51664823185076,0.437679682010095,0.478286928789125
97,"CV2",10,2,NA,"Raw","M3","ABR33",21,0.820479042597714,0.820479042597714,0.453677493062306,0.511215046538876
97,"CV2",10,2,NA,"Raw","M3","JKI",25,0.642764409298599,0.642764409298599,0.488110127794606,0.485141355605646
98,"CV2",10,3,NA,"Raw","M3","ABR33",31,0.647646816646111,0.647646816646111,0.614072223115587,0.650026129845789
98,"CV2",10,3,NA,"Raw","M3","JKI",22,0.779181284759995,0.779181284759995,0.377507779020877,0.544657329426186
99,"CV2",10,4,NA,"Raw","M3","ABR33",27,0.72616042437887,0.72616042437887,0.782172827865362,0.842629295123283
99,"CV2",10,4,NA,"Raw","M3","JKI",26,0.779890867615313,0.779890867615313,0.39454837592467,0.463639650773593
100,"CV2",10,5,NA,"Raw","M3","ABR33",29,0.485849831532399,0.485849831532399,0.67805986378724,0.787704706993756
100,"CV2",10,5,NA,"Raw","M3","JKI",20,0.503197789782568,0.503197789782568,0.500301725049195,0.435684118011067
101,"Sparse25",1,1,0,"Raw","M3","ABR33",100,0.532284727194513,0.532284727194513,0.896042387008844,0.798827690689508
101,"Sparse25",1,1,0,"Raw","M3","JKI",99,0.478474078919769,0.478474078919769,0.575558049584848,0.52325906797857
102,"Sparse25",2,1,0,"Raw","M3","ABR33",100,0.547190167794063,0.547190167794063,0.78285191612832,1.0096360600927
102,"Sparse25",2,1,0,"Raw","M3","JKI",99,0.531352725065234,0.531352725065234,0.491007496551893,0.502525090333866
103,"Sparse25",3,1,0,"Raw","M3","ABR33",100,0.372971223944388,0.372971223944388,0.941833778741803,0.831889917616095
103,"Sparse25",3,1,0,"Raw","M3","JKI",99,0.178930733131242,0.178930733131242,0.622319455532963,0.538299300975287
104,"Sparse25",4,1,0,"Raw","M3","ABR33",100,0.396998043016377,0.396998043016377,0.824302741946453,0.748605501713183
104,"Sparse25",4,1,0,"Raw","M3","JKI",99,0.376840955173777,0.376840955173777,0.53718424971846,0.484782689097445
105,"Sparse25",5,1,0,"Raw","M3","ABR33",100,0.419051441980865,0.419051441980865,0.76318927183941,0.720182762476439
105,"Sparse25",5,1,0,"Raw","M3","JKI",99,0.403318515451223,0.403318515451223,0.543940469724909,0.492682179066675
106,"Sparse25",6,1,0,"Raw","M3","ABR33",100,0.566177607401363,0.566177607401363,0.868248202850669,0.828772194045631
106,"Sparse25",6,1,0,"Raw","M3","JKI",99,0.466359581062575,0.466359581062575,0.497927558592635,0.448432130950556
107,"Sparse25",7,1,0,"Raw","M3","ABR33",100,0.360227713786241,0.360227713786241,0.859402648009497,0.756470915885821
107,"Sparse25",7,1,0,"Raw","M3","JKI",99,0.351339237155658,0.351339237155658,0.567136273598406,0.529270251197357
108,"Sparse25",8,1,0,"Raw","M3","ABR33",100,0.49923554723544,0.49923554723544,0.771130721763472,0.700070430770548
108,"Sparse25",8,1,0,"Raw","M3","JKI",99,0.431577607197002,0.431577607197002,0.503108423394876,0.482415694643912
109,"Sparse25",9,1,0,"Raw","M3","ABR33",100,0.304567953065044,0.304567953065044,0.908661707436117,0.814851848910908
109,"Sparse25",9,1,0,"Raw","M3","JKI",99,0.213441351845654,0.213441351845654,0.594884248212375,0.521135780708112
110,"Sparse25",10,1,0,"Raw","M3","ABR33",100,0.321736438850033,0.321736438850033,0.895901360211662,0.837826708942096
110,"Sparse25",10,1,0,"Raw","M3","JKI",99,0.387638453613469,0.387638453613469,0.536976288963756,0.503514918274307
111,"Sparse25",1,1,5,"Raw","M3","ABR33",100,0.399186755606523,0.399186755606523,0.817637306614498,0.784540826672516
111,"Sparse25",1,1,5,"Raw","M3","JKI",99,0.579603396257579,0.579603396257579,0.533704837743094,0.521603863393921
112,"Sparse25",2,1,5,"Raw","M3","ABR33",100,0.51243425272547,0.51243425272547,0.801053698087582,0.803276188100469
112,"Sparse25",2,1,5,"Raw","M3","JKI",99,0.430237548993403,0.430237548993403,0.501517219685807,0.507617596199908
113,"Sparse25",3,1,5,"Raw","M3","ABR33",100,0.386805286485001,0.386805286485001,0.846124412631711,0.807398636751499
113,"Sparse25",3,1,5,"Raw","M3","JKI",99,0.329042687779113,0.329042687779113,0.522688487111187,0.498585580172163
114,"Sparse25",4,1,5,"Raw","M3","ABR33",100,0.512838984091068,0.512838984091068,0.799574340219835,0.855483617088876
114,"Sparse25",4,1,5,"Raw","M3","JKI",99,0.470609493636429,0.470609493636429,0.471368973709306,0.457811236296454
115,"Sparse25",5,1,5,"Raw","M3","ABR33",100,0.630241717358112,0.630241717358112,0.796367980510407,0.693652570626521
115,"Sparse25",5,1,5,"Raw","M3","JKI",99,0.461646615614816,0.461646615614816,0.558295600080666,0.546035028529017
116,"Sparse25",6,1,5,"Raw","M3","ABR33",100,0.183371470286282,0.183371470286282,0.863307486760419,0.831991024500681
116,"Sparse25",6,1,5,"Raw","M3","JKI",99,0.491586355658077,0.491586355658077,0.478117530631431,0.507473718232789
117,"Sparse25",7,1,5,"Raw","M3","ABR33",100,0.560588063165836,0.560588063165836,0.84263811150478,0.779107418007819
117,"Sparse25",7,1,5,"Raw","M3","JKI",99,0.498387292727331,0.498387292727331,0.507233756124005,0.472586386369428
118,"Sparse25",8,1,5,"Raw","M3","ABR33",100,0.553439280117255,0.553439280117255,0.76548864535605,0.718489643553938
118,"Sparse25",8,1,5,"Raw","M3","JKI",99,0.523334137707715,0.523334137707715,0.482741537749517,0.490095541781131
119,"Sparse25",9,1,5,"Raw","M3","ABR33",100,0.320556346148277,0.320556346148277,0.882231351172969,0.797961545765441
119,"Sparse25",9,1,5,"Raw","M3","JKI",99,0.29173582850994,0.29173582850994,0.586793581640667,0.523184999755101
120,"Sparse25",10,1,5,"Raw","M3","ABR33",100,0.466000200344028,0.466000200344028,0.78617175992544,0.737263250920316
120,"Sparse25",10,1,5,"Raw","M3","JKI",99,0.509621657215819,0.509621657215819,0.509538737630301,0.531563104902989
121,"Sparse25",1,1,10,"Raw","M3","ABR33",100,0.430785943879191,0.430785943879191,0.820440923653288,0.880266543577972
121,"Sparse25",1,1,10,"Raw","M3","JKI",99,0.414948514318635,0.414948514318635,0.502895519597298,0.468917592907765
122,"Sparse25",2,1,10,"Raw","M3","ABR33",100,0.329898207607569,0.329898207607569,0.920983871794479,0.859374879993853
122,"Sparse25",2,1,10,"Raw","M3","JKI",99,0.0232740747352703,0.0232740747352703,0.609657554310822,0.60651528719256
123,"Sparse25",3,1,10,"Raw","M3","ABR33",100,0.397629768519949,0.397629768519949,0.856716882866794,0.793920769167343
123,"Sparse25",3,1,10,"Raw","M3","JKI",99,0.0988574968718176,0.0988574968718176,0.572011024626346,0.512061817444378
124,"Sparse25",4,1,10,"Raw","M3","ABR33",100,0.526968805580273,0.526968805580273,0.829122240068938,0.822255906780731
124,"Sparse25",4,1,10,"Raw","M3","JKI",99,0.272424369484871,0.272424369484871,0.5469916013553,0.479478100295897
125,"Sparse25",5,1,10,"Raw","M3","ABR33",100,0.47021017057576,0.47021017057576,0.807813398330875,0.72629356043717
125,"Sparse25",5,1,10,"Raw","M3","JKI",99,0.490170111038869,0.490170111038869,0.549567825132875,0.530460305743613
126,"Sparse25",6,1,10,"Raw","M3","ABR33",100,0.329745556122321,0.329745556122321,0.915700908900999,0.940660260336075
126,"Sparse25",6,1,10,"Raw","M3","JKI",99,0.213508705163965,0.213508705163965,0.615430011572655,0.518808123074536
127,"Sparse25",7,1,10,"Raw","M3","ABR33",100,0.545690933568693,0.545690933568693,0.785416538075736,0.711215281613336
127,"Sparse25",7,1,10,"Raw","M3","JKI",99,0.477875558665633,0.477875558665633,0.536125953133978,0.542735380412914
128,"Sparse25",8,1,10,"Raw","M3","ABR33",100,0.487708017936544,0.487708017936544,0.809233103099929,0.74426512575917
128,"Sparse25",8,1,10,"Raw","M3","JKI",99,0.378133090702089,0.378133090702089,0.556578530665398,0.518653538083869
129,"Sparse25",9,1,10,"Raw","M3","ABR33",100,0.4989566819945,0.4989566819945,0.78664556830623,0.913700647816354
129,"Sparse25",9,1,10,"Raw","M3","JKI",99,0.44693039850824,0.44693039850824,0.57899345319914,0.504835458027358
130,"Sparse25",10,1,10,"Raw","M3","ABR33",100,0.409742798773471,0.409742798773471,0.793370013581106,0.746647164466856
130,"Sparse25",10,1,10,"Raw","M3","JKI",99,0.431513486568867,0.431513486568867,0.49633892030291,0.497718155950143
131,"Sparse25",1,1,15,"Raw","M3","ABR33",100,0.401666667238871,0.401666667238871,0.882996000436266,0.777900195162002
131,"Sparse25",1,1,15,"Raw","M3","JKI",99,0.144688235833682,0.144688235833682,0.59639057932073,0.605234816904218
132,"Sparse25",2,1,15,"Raw","M3","ABR33",100,0.364908700045882,0.364908700045882,0.853752011449893,0.855107016447067
132,"Sparse25",2,1,15,"Raw","M3","JKI",99,0.078273872900066,0.078273872900066,0.538040015240322,0.498622812884084
133,"Sparse25",3,1,15,"Raw","M3","ABR33",100,0.38925593175194,0.38925593175194,0.886355228123799,0.770062257872543
133,"Sparse25",3,1,15,"Raw","M3","JKI",99,0.297398643391983,0.297398643391983,0.555633780249786,0.525055402271422
134,"Sparse25",4,1,15,"Raw","M3","ABR33",100,0.439784849649808,0.439784849649808,0.868848831935314,0.796170134897069
134,"Sparse25",4,1,15,"Raw","M3","JKI",99,0.357385546301804,0.357385546301804,0.573287671741591,0.501397981214046
135,"Sparse25",5,1,15,"Raw","M3","ABR33",100,0.339586872927366,0.339586872927366,0.8935930593875,0.792803784734879
135,"Sparse25",5,1,15,"Raw","M3","JKI",99,0.391300481938464,0.391300481938464,0.53654479212362,0.489828263113089
136,"Sparse25",6,1,15,"Raw","M3","ABR33",100,0.342085095721114,0.342085095721114,0.856796233980334,0.773095607757283
136,"Sparse25",6,1,15,"Raw","M3","JKI",99,0.193456159279557,0.193456159279557,0.573653033390982,0.494465655103646
137,"Sparse25",7,1,15,"Raw","M3","ABR33",100,0.369477549029805,0.369477549029805,0.921123347144404,0.871369848718522
137,"Sparse25",7,1,15,"Raw","M3","JKI",99,0.0664693482913883,0.0664693482913883,0.617277001081875,0.570222225903467
138,"Sparse25",8,1,15,"Raw","M3","ABR33",100,0.474341153969076,0.474341153969076,0.908908638989969,0.797014948470747
138,"Sparse25",8,1,15,"Raw","M3","JKI",99,0.32670050868927,0.32670050868927,0.580833692158535,0.515967997909023
139,"Sparse25",9,1,15,"Raw","M3","ABR33",100,0.420774431869485,0.420774431869485,0.843713180157266,0.76367223679745
139,"Sparse25",9,1,15,"Raw","M3","JKI",99,0.261833581532133,0.261833581532133,0.565516393675508,0.488111763286701
140,"Sparse25",10,1,15,"Raw","M3","ABR33",100,0.361345124886105,0.361345124886105,0.861076163658768,0.737648698867132
140,"Sparse25",10,1,15,"Raw","M3","JKI",99,0.301497320060019,0.301497320060019,0.581921790278392,0.492596655379022
141,"Sparse25",1,1,20,"Raw","M3","ABR33",100,0.313914765612293,0.313914765612293,0.909395910992142,0.781685861253169
141,"Sparse25",1,1,20,"Raw","M3","JKI",99,0.252008905965303,0.252008905965303,0.589827810212628,0.53345474161441
142,"Sparse25",2,1,20,"Raw","M3","ABR33",100,0.359623726855592,0.359623726855592,0.86524528193549,0.749190434274352
142,"Sparse25",2,1,20,"Raw","M3","JKI",99,0.174102709873411,0.174102709873411,0.629227694792167,0.54800159919341
143,"Sparse25",3,1,20,"Raw","M3","ABR33",100,0.348301589839641,0.348301589839641,0.847364260892114,0.771892772153834
143,"Sparse25",3,1,20,"Raw","M3","JKI",99,0.292275431199062,0.292275431199062,0.538414317460957,0.498666249014728
144,"Sparse25",4,1,20,"Raw","M3","ABR33",100,0.394893127140935,0.394893127140935,0.850569622990186,0.826435376157517
144,"Sparse25",4,1,20,"Raw","M3","JKI",99,0.201611628850792,0.201611628850792,0.607986275756317,0.538798003373712
145,"Sparse25",5,1,20,"Raw","M3","ABR33",100,0.374333180977115,0.374333180977115,0.895149259145743,0.816687228050838
145,"Sparse25",5,1,20,"Raw","M3","JKI",99,0.320739723879459,0.320739723879459,0.585486473482648,0.532803625949386
146,"Sparse25",6,1,20,"Raw","M3","ABR33",100,0.309987072359271,0.309987072359271,0.839637138329616,0.742687680032246
146,"Sparse25",6,1,20,"Raw","M3","JKI",99,0.167470431813658,0.167470431813658,0.602122068078009,0.536148691634422
147,"Sparse25",7,1,20,"Raw","M3","ABR33",100,0.448122800889982,0.448122800889982,0.79341231256521,0.696203551573933
147,"Sparse25",7,1,20,"Raw","M3","JKI",99,0.181038836330427,0.181038836330427,0.538673633326708,0.466245356432766
148,"Sparse25",8,1,20,"Raw","M3","ABR33",100,0.516441923486034,0.516441923486034,0.830167332547552,0.746020744900072
148,"Sparse25",8,1,20,"Raw","M3","JKI",99,0.413198114263102,0.413198114263102,0.531687074866631,0.456055030218987
149,"Sparse25",9,1,20,"Raw","M3","ABR33",100,0.365231382773359,0.365231382773359,0.808182867039656,0.719987387374821
149,"Sparse25",9,1,20,"Raw","M3","JKI",99,0.288146810255466,0.288146810255466,0.57202865116657,0.463008504593611
150,"Sparse25",10,1,20,"Raw","M3","ABR33",100,0.346741955031108,0.346741955031108,0.872847824931136,0.873222179361931
150,"Sparse25",10,1,20,"Raw","M3","JKI",99,0.47140015841139,0.47140015841139,0.559674169670613,0.536051901989427
151,"Sparse25",1,1,25,"Raw","M3","ABR33",100,0.434786022871249,0.434786022871249,0.86211097816097,0.796721740000133
151,"Sparse25",1,1,25,"Raw","M3","JKI",99,0.315109328362463,0.315109328362463,0.543236935090765,0.477815451420076
152,"Sparse25",2,1,25,"Raw","M3","ABR33",100,0.518432140570707,0.518432140570707,0.78958991360866,0.974736156139261
152,"Sparse25",2,1,25,"Raw","M3","JKI",99,0.382729229367804,0.382729229367804,0.513157230146219,0.551699317139474
153,"Sparse25",3,1,25,"Raw","M3","ABR33",100,0.418881191400392,0.418881191400392,0.984207267907242,0.829418944701392
153,"Sparse25",3,1,25,"Raw","M3","JKI",99,0.349519784503599,0.349519784503599,0.601658788222076,0.486680408823835
154,"Sparse25",4,1,25,"Raw","M3","ABR33",100,0.33867787725278,0.33867787725278,0.983317479229385,0.853302011604524
154,"Sparse25",4,1,25,"Raw","M3","JKI",99,0.336032511046406,0.336032511046406,0.591044430964736,0.499048077681974
155,"Sparse25",5,1,25,"Raw","M3","ABR33",100,0.512348044688733,0.512348044688733,0.860516952620741,0.732042388205461
155,"Sparse25",5,1,25,"Raw","M3","JKI",99,0.524605086552987,0.524605086552987,0.510553869132682,0.475043229215405
156,"Sparse25",6,1,25,"Raw","M3","ABR33",100,0.543690572773066,0.543690572773066,0.765290423573445,0.811397547072012
156,"Sparse25",6,1,25,"Raw","M3","JKI",99,0.557069039822632,0.557069039822632,0.487592258919751,0.483157062521289
157,"Sparse25",7,1,25,"Raw","M3","ABR33",100,0.438852844577168,0.438852844577168,0.789504484690719,0.783093894751196
157,"Sparse25",7,1,25,"Raw","M3","JKI",99,0.160815995206052,0.160815995206052,0.567457815497858,0.543060382602061
158,"Sparse25",8,1,25,"Raw","M3","ABR33",100,0.404150387484318,0.404150387484318,0.873854850772197,0.766939008278104
158,"Sparse25",8,1,25,"Raw","M3","JKI",99,0.105836217589457,0.105836217589457,0.584981405175918,0.496029203518035
159,"Sparse25",9,1,25,"Raw","M3","ABR33",100,0.338724088646451,0.338724088646451,0.888685814253606,0.800310501128628
159,"Sparse25",9,1,25,"Raw","M3","JKI",99,0.29778821351487,0.29778821351487,0.587606619238752,0.555050780158268
160,"Sparse25",10,1,25,"Raw","M3","ABR33",100,0.359868817441238,0.359868817441238,0.885606578764976,0.765333424131855
160,"Sparse25",10,1,25,"Raw","M3","JKI",99,0.316816615484924,0.316816615484924,0.579420707849451,0.513555227841377
1,"CV1",1,1,NA,"Group_adjusted","M1","ABR33",25,NA,0.667612023861629,0.890487846004089,0.890411066262453
1,"CV1",1,1,NA,"Group_adjusted","M1","JKI",25,NA,0.535097517053252,0.619125998751191,0.618925137706503
2,"CV1",1,2,NA,"Group_adjusted","M1","ABR33",25,NA,0.707500826520732,0.895849579491289,0.896189286785138
2,"CV1",1,2,NA,"Group_adjusted","M1","JKI",25,NA,0.526472446804189,0.478394549205051,0.478671798696215
3,"CV1",1,3,NA,"Group_adjusted","M1","ABR33",25,NA,0.447527826866323,0.609530316699588,0.609631697804817
3,"CV1",1,3,NA,"Group_adjusted","M1","JKI",25,NA,0.436351745149362,0.335965067948118,0.337167745562773
4,"CV1",1,4,NA,"Group_adjusted","M1","ABR33",25,NA,0.45807130096694,0.663326204159816,0.663501030049754
4,"CV1",1,4,NA,"Group_adjusted","M1","JKI",25,NA,0.577914969852186,0.488079626509927,0.488394061933118
5,"CV1",1,5,NA,"Group_adjusted","M1","ABR33",25,NA,0.496418116855476,0.75378727565535,0.753974174613063
5,"CV1",1,5,NA,"Group_adjusted","M1","JKI",24,NA,0.568233921477218,0.458108627491072,0.458063325802365
6,"CV1",2,1,NA,"Group_adjusted","M1","ABR33",25,NA,0.733174564722177,0.727468804502613,0.727426104930272
6,"CV1",2,1,NA,"Group_adjusted","M1","JKI",25,NA,0.683067898006272,0.548285564677237,0.548571395182672
7,"CV1",2,2,NA,"Group_adjusted","M1","ABR33",25,NA,0.373158732895403,0.805776713358507,0.805827534472638
7,"CV1",2,2,NA,"Group_adjusted","M1","JKI",24,NA,0.326361510552276,0.504324748278048,0.50393268740709
8,"CV1",2,3,NA,"Group_adjusted","M1","ABR33",25,NA,0.629036112596864,0.9062723225519,0.906372739370291
8,"CV1",2,3,NA,"Group_adjusted","M1","JKI",25,NA,0.652345930828176,0.477259845670305,0.475490837737943
9,"CV1",2,4,NA,"Group_adjusted","M1","ABR33",25,NA,0.500087478466139,0.679473261409846,0.679355984971475
9,"CV1",2,4,NA,"Group_adjusted","M1","JKI",25,NA,0.577003726694628,0.363896197484283,0.363977836970186
10,"CV1",2,5,NA,"Group_adjusted","M1","ABR33",25,NA,0.497113747866528,0.597242795647073,0.597329056340615
10,"CV1",2,5,NA,"Group_adjusted","M1","JKI",25,NA,0.294192528406539,0.494614508785954,0.494737479741847
11,"CV1",3,1,NA,"Group_adjusted","M1","ABR33",25,NA,0.662323610755045,0.58477437476424,0.584749097813495
11,"CV1",3,1,NA,"Group_adjusted","M1","JKI",24,NA,0.512479946857076,0.423766568727766,0.42390916815501
12,"CV1",3,2,NA,"Group_adjusted","M1","ABR33",25,NA,0.533398692802312,0.685352126563628,0.685255670250819
12,"CV1",3,2,NA,"Group_adjusted","M1","JKI",25,NA,0.301974216423089,0.433979077419533,0.434641758187376
13,"CV1",3,3,NA,"Group_adjusted","M1","ABR33",25,NA,0.651231879393109,0.853125176768328,0.853482927865225
13,"CV1",3,3,NA,"Group_adjusted","M1","JKI",25,NA,0.586404232690332,0.598387150897008,0.597637377471553
14,"CV1",3,4,NA,"Group_adjusted","M1","ABR33",25,NA,0.621783505644332,0.926609781327899,0.926216122720034
14,"CV1",3,4,NA,"Group_adjusted","M1","JKI",25,NA,0.62546447751264,0.475764739947227,0.474984130474295
15,"CV1",3,5,NA,"Group_adjusted","M1","ABR33",25,NA,0.436725063783226,0.714714956302428,0.714977654447644
15,"CV1",3,5,NA,"Group_adjusted","M1","JKI",25,NA,0.511584098855649,0.492013775872901,0.492117070758203
16,"CV1",4,1,NA,"Group_adjusted","M1","ABR33",25,NA,0.76916403681862,0.625895737357923,0.625992224233933
16,"CV1",4,1,NA,"Group_adjusted","M1","JKI",24,NA,0.515024448286408,0.535624971553188,0.534514628453866
17,"CV1",4,2,NA,"Group_adjusted","M1","ABR33",25,NA,0.568591736056558,0.774918271682055,0.775084440449188
17,"CV1",4,2,NA,"Group_adjusted","M1","JKI",25,NA,0.44036799687879,0.420050868193645,0.420005295343873
18,"CV1",4,3,NA,"Group_adjusted","M1","ABR33",25,NA,0.460276838500673,0.807819776203468,0.807368173180382
18,"CV1",4,3,NA,"Group_adjusted","M1","JKI",25,NA,0.457298426336296,0.556946986108337,0.55751754243879
19,"CV1",4,4,NA,"Group_adjusted","M1","ABR33",25,NA,0.445570462169115,0.826204722607883,0.826010453484467
19,"CV1",4,4,NA,"Group_adjusted","M1","JKI",25,NA,0.737296549250701,0.433275368704489,0.433507760778624
20,"CV1",4,5,NA,"Group_adjusted","M1","ABR33",25,NA,0.634221983406039,0.751719671573815,0.751598125005081
20,"CV1",4,5,NA,"Group_adjusted","M1","JKI",25,NA,0.581602758693988,0.463208625165242,0.46263880219347
21,"CV1",5,1,NA,"Group_adjusted","M1","ABR33",25,NA,0.622818985812699,0.65599700393654,0.655858563377863
21,"CV1",5,1,NA,"Group_adjusted","M1","JKI",25,NA,0.515273797642908,0.41750601994305,0.417226960523164
22,"CV1",5,2,NA,"Group_adjusted","M1","ABR33",25,NA,0.467739792823979,0.855774759926241,0.855577838016031
22,"CV1",5,2,NA,"Group_adjusted","M1","JKI",25,NA,0.4723048897638,0.53548638396276,0.535285756455753
23,"CV1",5,3,NA,"Group_adjusted","M1","ABR33",25,NA,0.791254539743981,0.690884551238548,0.691426372556003
23,"CV1",5,3,NA,"Group_adjusted","M1","JKI",25,NA,0.522422423730778,0.535754585428249,0.535966651833768
24,"CV1",5,4,NA,"Group_adjusted","M1","ABR33",25,NA,0.558112320506716,0.761260529855894,0.760873866214104
24,"CV1",5,4,NA,"Group_adjusted","M1","JKI",25,NA,0.625114518949948,0.436294128403356,0.436359215193862
25,"CV1",5,5,NA,"Group_adjusted","M1","ABR33",25,NA,0.279019359125657,0.794434699118587,0.794443199949363
25,"CV1",5,5,NA,"Group_adjusted","M1","JKI",24,NA,0.490531722562675,0.46270687435884,0.462073360656714
26,"CV1",6,1,NA,"Group_adjusted","M1","ABR33",25,NA,0.275214335712036,0.983281123289359,0.98314585992551
26,"CV1",6,1,NA,"Group_adjusted","M1","JKI",25,NA,-0.0269627192678233,0.526200273707379,0.526157252121742
27,"CV1",6,2,NA,"Group_adjusted","M1","ABR33",25,NA,0.643488294454058,0.816061920236438,0.816083799971684
27,"CV1",6,2,NA,"Group_adjusted","M1","JKI",25,NA,0.748775256265355,0.42793102227569,0.427897026148391
28,"CV1",6,3,NA,"Group_adjusted","M1","ABR33",25,NA,0.653212935395026,0.594262204087636,0.594396962951093
28,"CV1",6,3,NA,"Group_adjusted","M1","JKI",25,NA,0.507988420224481,0.430291300044806,0.42926011617494
29,"CV1",6,4,NA,"Group_adjusted","M1","ABR33",25,NA,0.581610380599242,0.702481839914488,0.702472116499211
29,"CV1",6,4,NA,"Group_adjusted","M1","JKI",24,NA,0.570856481702373,0.503610405052478,0.503431168534803
30,"CV1",6,5,NA,"Group_adjusted","M1","ABR33",25,NA,0.64596873062978,0.646896108227227,0.646811105280015
30,"CV1",6,5,NA,"Group_adjusted","M1","JKI",25,NA,0.73199650745394,0.54290655851575,0.542856849198292
31,"CV1",7,1,NA,"Group_adjusted","M1","ABR33",25,NA,0.611701876400993,0.92124647229704,0.921471082667298
31,"CV1",7,1,NA,"Group_adjusted","M1","JKI",25,NA,0.84003486093154,0.59387188408307,0.593807659500662
32,"CV1",7,2,NA,"Group_adjusted","M1","ABR33",25,NA,0.464043286750374,0.972115254087014,0.971056879282896
32,"CV1",7,2,NA,"Group_adjusted","M1","JKI",25,NA,0.451557859406537,0.637627304888809,0.636644392765332
33,"CV1",7,3,NA,"Group_adjusted","M1","ABR33",25,NA,0.733083653213823,0.442382577945976,0.442983133943219
33,"CV1",7,3,NA,"Group_adjusted","M1","JKI",24,NA,0.362320782250862,0.38440880186931,0.384653066440843
34,"CV1",7,4,NA,"Group_adjusted","M1","ABR33",25,NA,0.600717076745372,0.610523118565184,0.609058103490324
34,"CV1",7,4,NA,"Group_adjusted","M1","JKI",25,NA,0.366654998347869,0.44438962248886,0.444206020488699
35,"CV1",7,5,NA,"Group_adjusted","M1","ABR33",25,NA,0.558111915934467,0.763823196449923,0.763840366952098
35,"CV1",7,5,NA,"Group_adjusted","M1","JKI",25,NA,0.374482778159372,0.413185804390578,0.413986416960897
36,"CV1",8,1,NA,"Group_adjusted","M1","ABR33",25,NA,0.523504707329448,0.782563714265155,0.782787334253746
36,"CV1",8,1,NA,"Group_adjusted","M1","JKI",25,NA,0.58759540150662,0.38977346204285,0.39066272700355
37,"CV1",8,2,NA,"Group_adjusted","M1","ABR33",25,NA,0.619759174978932,0.745674455697382,0.745680840323759
37,"CV1",8,2,NA,"Group_adjusted","M1","JKI",25,NA,0.527913504461902,0.539982432715692,0.539882910572619
38,"CV1",8,3,NA,"Group_adjusted","M1","ABR33",25,NA,0.598652304549342,0.78112918083343,0.781204649425439
38,"CV1",8,3,NA,"Group_adjusted","M1","JKI",24,NA,0.4662885900014,0.590714020325105,0.590661129162233
39,"CV1",8,4,NA,"Group_adjusted","M1","ABR33",25,NA,0.626663349038773,0.792023988469897,0.792115063619225
39,"CV1",8,4,NA,"Group_adjusted","M1","JKI",25,NA,0.59734499267486,0.374198755137673,0.374467096227964
40,"CV1",8,5,NA,"Group_adjusted","M1","ABR33",25,NA,0.489561356274755,0.647984347746993,0.648741883905244
40,"CV1",8,5,NA,"Group_adjusted","M1","JKI",25,NA,0.596465361189845,0.485409166041401,0.485486591279108
41,"CV1",9,1,NA,"Group_adjusted","M1","ABR33",25,NA,0.665292604361607,0.706308993897923,0.70668496992133
41,"CV1",9,1,NA,"Group_adjusted","M1","JKI",25,NA,0.549157070172243,0.587166394590882,0.587083909674479
42,"CV1",9,2,NA,"Group_adjusted","M1","ABR33",25,NA,0.393846740232494,0.915696959345329,0.915655751788652
42,"CV1",9,2,NA,"Group_adjusted","M1","JKI",25,NA,0.382387416562329,0.434225120528309,0.434468758772714
43,"CV1",9,3,NA,"Group_adjusted","M1","ABR33",25,NA,0.739777718785896,0.711733411831156,0.711614785880867
43,"CV1",9,3,NA,"Group_adjusted","M1","JKI",24,NA,0.585327393889412,0.526739710898169,0.526209278864759
44,"CV1",9,4,NA,"Group_adjusted","M1","ABR33",25,NA,0.567455201508679,0.691414826297573,0.691510805928174
44,"CV1",9,4,NA,"Group_adjusted","M1","JKI",25,NA,0.808405568341475,0.383679334705981,0.383810609037121
45,"CV1",9,5,NA,"Group_adjusted","M1","ABR33",25,NA,0.498561075139769,0.743464085504825,0.742688129407913
45,"CV1",9,5,NA,"Group_adjusted","M1","JKI",25,NA,0.494505766717555,0.525506063172759,0.525904225315961
46,"CV1",10,1,NA,"Group_adjusted","M1","ABR33",25,NA,0.491710854501037,0.880717730484143,0.880845645521862
46,"CV1",10,1,NA,"Group_adjusted","M1","JKI",25,NA,0.634105354888011,0.454228952559537,0.45494186206619
47,"CV1",10,2,NA,"Group_adjusted","M1","ABR33",25,NA,0.644942695348834,0.801969777852625,0.802092455033136
47,"CV1",10,2,NA,"Group_adjusted","M1","JKI",25,NA,0.579977903558173,0.567347190519343,0.566611725749042
48,"CV1",10,3,NA,"Group_adjusted","M1","ABR33",25,NA,0.422483573586815,0.827895978391234,0.827902501517029
48,"CV1",10,3,NA,"Group_adjusted","M1","JKI",25,NA,0.573579510233688,0.406669822104362,0.408209396322254
49,"CV1",10,4,NA,"Group_adjusted","M1","ABR33",25,NA,0.756149212608534,0.6245422105997,0.624376321341623
49,"CV1",10,4,NA,"Group_adjusted","M1","JKI",24,NA,0.397433071510069,0.579173290708022,0.579723483793462
50,"CV1",10,5,NA,"Group_adjusted","M1","ABR33",25,NA,0.552251007677322,0.560188886257578,0.560087516878114
50,"CV1",10,5,NA,"Group_adjusted","M1","JKI",25,NA,0.560460450572624,0.370740115412991,0.371802053762173
51,"CV2",1,1,NA,"Group_adjusted","M1","ABR33",25,0.565702079059513,0.5394863787868,0.923910945842095,1.02318380347761
51,"CV2",1,1,NA,"Group_adjusted","M1","JKI",20,0.367902795566637,0.435136358639031,0.412632633577398,0.463807054307644
52,"CV2",1,2,NA,"Group_adjusted","M1","ABR33",28,0.536850643706606,0.758867161073993,0.539494115743954,0.617184571224938
52,"CV2",1,2,NA,"Group_adjusted","M1","JKI",26,0.424656077825137,0.656078770190493,0.496310758434857,0.515325065409041
53,"CV2",1,3,NA,"Group_adjusted","M1","ABR33",24,0.331636634286399,0.71893653988884,0.657324724285142,0.695683638658662
53,"CV2",1,3,NA,"Group_adjusted","M1","JKI",30,0.413335021929305,0.679218678565003,0.475297871401001,0.506906997152504
54,"CV2",1,4,NA,"Group_adjusted","M1","ABR33",27,0.278578674611233,0.68027796421594,0.53757314665781,0.568768609155549
54,"CV2",1,4,NA,"Group_adjusted","M1","JKI",16,0.63993850993795,0.779651806461276,0.401282282542325,0.510807771823136
55,"CV2",1,5,NA,"Group_adjusted","M1","ABR33",20,0.524118092723653,0.667803381041913,0.731566326186237,0.792766287696571
55,"CV2",1,5,NA,"Group_adjusted","M1","JKI",32,0.579163201217243,0.64665186699701,0.344718382242298,0.422803107697081
56,"CV2",2,1,NA,"Group_adjusted","M1","ABR33",23,0.556835845551208,0.337185897344158,0.690425982240897,0.749447742227245
56,"CV2",2,1,NA,"Group_adjusted","M1","JKI",24,0.808085990832598,0.849786837917948,0.401300431832227,0.526659858466365
57,"CV2",2,2,NA,"Group_adjusted","M1","ABR33",31,0.258152511945062,0.701749762988755,0.689825370217876,0.712282666149982
57,"CV2",2,2,NA,"Group_adjusted","M1","JKI",23,0.28772966588467,0.491593155807385,0.509061235686626,0.473019486459267
58,"CV2",2,3,NA,"Group_adjusted","M1","ABR33",34,0.56388861105084,0.726931237963398,0.721413998374842,0.81025980214054
58,"CV2",2,3,NA,"Group_adjusted","M1","JKI",27,0.366223876183727,0.63878951325122,0.396338014709669,0.417144398917884
59,"CV2",2,4,NA,"Group_adjusted","M1","ABR33",15,0.718901547643193,0.872417140809764,0.741075944354671,0.86222676376719
59,"CV2",2,4,NA,"Group_adjusted","M1","JKI",28,0.240065837097062,0.508071783467266,0.489221374678597,0.480178465193998
60,"CV2",2,5,NA,"Group_adjusted","M1","ABR33",21,0.382523510940555,0.533724618008783,0.589229571124182,0.622404997541113
60,"CV2",2,5,NA,"Group_adjusted","M1","JKI",22,0.790639830680164,0.743733269777078,0.428624857596811,0.574532770413865
61,"CV2",3,1,NA,"Group_adjusted","M1","ABR33",27,0.394430415927013,0.645516009514684,0.47889576766339,0.516670526593011
61,"CV2",3,1,NA,"Group_adjusted","M1","JKI",24,0.525937585148222,0.550636763937081,0.455411141251329,0.542697472199157
62,"CV2",3,2,NA,"Group_adjusted","M1","ABR33",26,0.165991951115206,0.32592254185642,0.772494341539471,0.780776798469646
62,"CV2",3,2,NA,"Group_adjusted","M1","JKI",26,0.58823873898861,0.780055463589818,0.418385045978214,0.535516971977414
63,"CV2",3,3,NA,"Group_adjusted","M1","ABR33",22,0.401497816171726,0.784557567727824,0.53900698899013,0.58589324428102
63,"CV2",3,3,NA,"Group_adjusted","M1","JKI",31,0.560267002505755,0.785925583846218,0.392112578727309,0.471451105047968
64,"CV2",3,4,NA,"Group_adjusted","M1","ABR33",27,0.697863703330584,0.708642379486563,0.910442719931316,1.00519392001203
64,"CV2",3,4,NA,"Group_adjusted","M1","JKI",25,0.245661728262035,0.443029309033858,0.452210599834373,0.464168401885686
65,"CV2",3,5,NA,"Group_adjusted","M1","ABR33",22,0.658830971319026,0.820075192973817,0.687959450929909,0.808772930069803
65,"CV2",3,5,NA,"Group_adjusted","M1","JKI",18,0.479021903520775,0.587373720053892,0.466357712052589,0.392470482711882
66,"CV2",4,1,NA,"Group_adjusted","M1","ABR33",21,0.208100889767902,0.309614209137252,0.927951854709307,0.941413860668082
66,"CV2",4,1,NA,"Group_adjusted","M1","JKI",26,0.735931611106227,0.856253000950072,0.416154197222833,0.56786012160291
67,"CV2",4,2,NA,"Group_adjusted","M1","ABR33",24,0.497571813776671,0.739197863942276,0.631907036561542,0.704541365207992
67,"CV2",4,2,NA,"Group_adjusted","M1","JKI",35,0.370547350565645,0.538227356532528,0.438828803073454,0.478371397249219
68,"CV2",4,3,NA,"Group_adjusted","M1","ABR33",27,0.561896763418071,0.6621383873793,0.729879303998246,0.814922125871096
68,"CV2",4,3,NA,"Group_adjusted","M1","JKI",18,0.556458869426695,0.801985288344998,0.352462048407371,0.453123338171876
69,"CV2",4,4,NA,"Group_adjusted","M1","ABR33",35,0.575107690885281,0.780549476758819,0.632163106347477,0.71678883677637
69,"CV2",4,4,NA,"Group_adjusted","M1","JKI",19,0.188183118133646,0.496728882688326,0.408997866642073,0.331323589442201
70,"CV2",4,5,NA,"Group_adjusted","M1","ABR33",17,0.507727158965735,0.606837178473332,0.465620593251134,0.517689686464378
70,"CV2",4,5,NA,"Group_adjusted","M1","JKI",26,0.402604773410744,0.481353273667709,0.50749810639191,0.554985456396977
71,"CV2",5,1,NA,"Group_adjusted","M1","ABR33",19,0.778477654992568,0.745267346432968,0.605796861109487,0.755238754894001
71,"CV2",5,1,NA,"Group_adjusted","M1","JKI",34,0.322751983909899,0.610532256951666,0.471488709189317,0.463782596028731
72,"CV2",5,2,NA,"Group_adjusted","M1","ABR33",35,0.32268266910539,0.471890161888332,0.823724658986762,0.861716414630741
72,"CV2",5,2,NA,"Group_adjusted","M1","JKI",27,0.61626571137312,0.72999988280848,0.417764572882075,0.506703643513046
73,"CV2",5,3,NA,"Group_adjusted","M1","ABR33",26,0.412247903063107,0.782522094080086,0.605974256338038,0.649364210100658
73,"CV2",5,3,NA,"Group_adjusted","M1","JKI",22,0.730034842870368,0.847414514554237,0.316042853579851,0.434628123477341
74,"CV2",5,4,NA,"Group_adjusted","M1","ABR33",21,0.71334077221022,0.847449090209296,0.471468704669136,0.576849269817312
74,"CV2",5,4,NA,"Group_adjusted","M1","JKI",26,0.386706553867921,0.561224411472546,0.455175931790746,0.471557026567411
75,"CV2",5,5,NA,"Group_adjusted","M1","ABR33",23,0.362289379077631,0.586662515481849,0.756333754620508,0.806252977915557
75,"CV2",5,5,NA,"Group_adjusted","M1","JKI",15,0.580169433508993,0.315331592029236,0.470006518676456,0.589092287212052
76,"CV2",6,1,NA,"Group_adjusted","M1","ABR33",23,0.332440048970471,0.713155989668167,0.489745229622914,0.509991506038305
76,"CV2",6,1,NA,"Group_adjusted","M1","JKI",25,0.404895275410164,0.364649364467289,0.515894668140876,0.562183837637261
77,"CV2",6,2,NA,"Group_adjusted","M1","ABR33",21,0.498342522561844,0.543246577539319,0.720207729948821,0.794125538740315
77,"CV2",6,2,NA,"Group_adjusted","M1","JKI",30,-0.0458173711640866,0.40250798946182,0.525207713846649,0.421689840200986
78,"CV2",6,3,NA,"Group_adjusted","M1","ABR33",29,0.42424413571046,0.65279145067644,0.77246746099896,0.836820095648554
78,"CV2",6,3,NA,"Group_adjusted","M1","JKI",20,0.703885090075279,0.849654633430912,0.382311776732337,0.501649516758586
79,"CV2",6,4,NA,"Group_adjusted","M1","ABR33",33,0.721467610757316,0.856041315397359,0.655601534258392,0.737544461341166
79,"CV2",6,4,NA,"Group_adjusted","M1","JKI",21,0.683584007441599,0.739494779769777,0.433022588732755,0.533687547327584
80,"CV2",6,5,NA,"Group_adjusted","M1","ABR33",18,0.278856122185703,0.290534877248373,0.892141670019355,0.921472834438474
80,"CV2",6,5,NA,"Group_adjusted","M1","JKI",28,0.646318079771605,0.808989721474927,0.30614791152801,0.413732477158853
81,"CV2",7,1,NA,"Group_adjusted","M1","ABR33",28,0.2996586889456,0.632820094213742,0.741718694537387,0.774235550671069
81,"CV2",7,1,NA,"Group_adjusted","M1","JKI",26,0.763866750305284,0.843744131267711,0.398023298099374,0.550665219086928
82,"CV2",7,2,NA,"Group_adjusted","M1","ABR33",22,0.684257749384899,0.803689342659462,0.856569578362592,1.01203459156102
82,"CV2",7,2,NA,"Group_adjusted","M1","JKI",25,0.0772321625919284,0.370110177830506,0.511526384306385,0.41102725379784
83,"CV2",7,3,NA,"Group_adjusted","M1","ABR33",20,0.559148824279023,0.803711304441907,0.64862644410697,0.705387858737112
83,"CV2",7,3,NA,"Group_adjusted","M1","JKI",28,0.6153220336461,0.474249792955747,0.475583439516615,0.568992206214004
84,"CV2",7,4,NA,"Group_adjusted","M1","ABR33",29,0.419916504062957,0.268866576173524,0.672830304976808,0.72075013239348
84,"CV2",7,4,NA,"Group_adjusted","M1","JKI",22,0.50400863378848,0.715144846617884,0.440684683613351,0.511668080099191
85,"CV2",7,5,NA,"Group_adjusted","M1","ABR33",25,0.436966215041242,0.656501169879578,0.537378560721193,0.583811749806364
85,"CV2",7,5,NA,"Group_adjusted","M1","JKI",23,0.458505190323106,0.445766776221373,0.343288288609679,0.374927245849518
86,"CV2",8,1,NA,"Group_adjusted","M1","ABR33",21,0.485135148605993,0.639683402776613,0.707934143307628,0.757161078850365
86,"CV2",8,1,NA,"Group_adjusted","M1","JKI",23,0.557977612126815,0.641037847976298,0.381781967355316,0.455778323295604
87,"CV2",8,2,NA,"Group_adjusted","M1","ABR33",31,0.662918884153153,0.764385009694087,0.902015632070851,0.99589881245327
87,"CV2",8,2,NA,"Group_adjusted","M1","JKI",22,0.262023219598089,0.432137744786283,0.421909942512992,0.428432173203908
88,"CV2",8,3,NA,"Group_adjusted","M1","ABR33",26,0.12711734275846,0.523901391135404,0.621036530413718,0.618528069827524
88,"CV2",8,3,NA,"Group_adjusted","M1","JKI",23,0.42764812843586,0.625807158835606,0.442076731776745,0.465440744021465
89,"CV2",8,4,NA,"Group_adjusted","M1","ABR33",24,0.355708844339676,0.454862233090595,0.539582005409171,0.571894150693034
89,"CV2",8,4,NA,"Group_adjusted","M1","JKI",34,0.488119369478723,0.685346825832606,0.453628892958434,0.526061110740059
90,"CV2",8,5,NA,"Group_adjusted","M1","ABR33",22,0.46604595371145,0.516528424690237,0.82266619269004,0.887006961001279
90,"CV2",8,5,NA,"Group_adjusted","M1","JKI",22,0.581878488747221,0.74080130035337,0.427658483370156,0.523017108836822
91,"CV2",9,1,NA,"Group_adjusted","M1","ABR33",28,0.471857865217569,0.642239491168605,0.56537921809536,0.593464966122253
91,"CV2",9,1,NA,"Group_adjusted","M1","JKI",22,0.559150842053962,0.721195925542098,0.478717387443375,0.570258617345207
92,"CV2",9,2,NA,"Group_adjusted","M1","ABR33",16,0.369757714661742,0.606062504522194,1.01352196153692,1.09688091248055
92,"CV2",9,2,NA,"Group_adjusted","M1","JKI",34,0.221721307311835,0.486070900409231,0.494631838431103,0.38346809578262
93,"CV2",9,3,NA,"Group_adjusted","M1","ABR33",19,0.777396952239643,0.617445773945266,0.796007923080757,0.890375140657344
93,"CV2",9,3,NA,"Group_adjusted","M1","JKI",24,0.687062896425616,0.775937648459338,0.50052302392808,0.586352033684551
94,"CV2",9,4,NA,"Group_adjusted","M1","ABR33",33,0.600123340557957,0.751418161263353,0.716249798454988,0.777765178386343
94,"CV2",9,4,NA,"Group_adjusted","M1","JKI",27,0.469947529313916,0.498975919603502,0.48287629978636,0.547545459920607
95,"CV2",9,5,NA,"Group_adjusted","M1","ABR33",28,0.180896468782556,0.504228914832249,0.582261585885297,0.586396055096706
95,"CV2",9,5,NA,"Group_adjusted","M1","JKI",17,0.477932496366115,0.679764980131867,0.321234813905288,0.335488627733079
96,"CV2",10,1,NA,"Group_adjusted","M1","ABR33",16,0.560965202182638,0.723751401291619,0.883825863765565,0.981550561395482
96,"CV2",10,1,NA,"Group_adjusted","M1","JKI",31,0.440976460504115,0.558451162529741,0.425111856955048,0.478286928789125
97,"CV2",10,2,NA,"Group_adjusted","M1","ABR33",21,0.621720387035455,0.854751462878876,0.433564496657403,0.511215046538876
97,"CV2",10,2,NA,"Group_adjusted","M1","JKI",25,0.312315834867274,0.653969103194135,0.47316575367756,0.485141355605646
98,"CV2",10,3,NA,"Group_adjusted","M1","ABR33",31,0.490513209644529,0.669562977314422,0.593157779100842,0.650026129845789
98,"CV2",10,3,NA,"Group_adjusted","M1","JKI",22,0.635062740014704,0.665178794197918,0.44696878307781,0.544657329426186
99,"CV2",10,4,NA,"Group_adjusted","M1","ABR33",27,0.371702134409407,0.648732631770186,0.79538085120963,0.842629295123283
99,"CV2",10,4,NA,"Group_adjusted","M1","JKI",26,0.629388852358198,0.757053049333312,0.363994356291505,0.463639650773593
100,"CV2",10,5,NA,"Group_adjusted","M1","ABR33",29,0.431661289888438,0.404187506492964,0.723544126448802,0.787704706993756
100,"CV2",10,5,NA,"Group_adjusted","M1","JKI",20,0.273012601991675,0.535283474578704,0.471061731834702,0.435684118011067
101,"Sparse25",1,1,0,"Group_adjusted","M1","ABR33",100,0.313189111301816,0.605346312461518,0.788916205219443,0.798827690689508
101,"Sparse25",1,1,0,"Group_adjusted","M1","JKI",99,0.295051707551981,0.554911868686974,0.506458371597959,0.52325906797857
102,"Sparse25",2,1,0,"Group_adjusted","M1","ABR33",100,0.100960508202255,0.503737533695066,0.999898504807918,1.0096360600927
102,"Sparse25",2,1,0,"Group_adjusted","M1","JKI",99,0.227802342190046,0.54823429150413,0.49075423183005,0.502525090333866
103,"Sparse25",3,1,0,"Group_adjusted","M1","ABR33",100,0.148492464261541,0.566457501445984,0.828529156588927,0.831889917616095
103,"Sparse25",3,1,0,"Group_adjusted","M1","JKI",99,-0.0615679972749314,0.515868318594986,0.543954947609244,0.538299300975287
104,"Sparse25",4,1,0,"Group_adjusted","M1","ABR33",100,0.141572038658831,0.580951165329762,0.742715427162302,0.748605501713183
104,"Sparse25",4,1,0,"Group_adjusted","M1","JKI",99,0.236149212094566,0.579731187358035,0.470561341691907,0.484782689097445
105,"Sparse25",5,1,0,"Group_adjusted","M1","ABR33",100,0.237783129560781,0.615563073515478,0.710277718703208,0.720182762476439
105,"Sparse25",5,1,0,"Group_adjusted","M1","JKI",99,0.238808012440476,0.572129756928933,0.478550681632097,0.492682179066675
106,"Sparse25",6,1,0,"Group_adjusted","M1","ABR33",100,0.300981620044583,0.583978116833843,0.811581806633957,0.828772194045631
106,"Sparse25",6,1,0,"Group_adjusted","M1","JKI",99,0.0839208366036378,0.569258873185641,0.446799219716385,0.448432130950556
107,"Sparse25",7,1,0,"Group_adjusted","M1","ABR33",100,0.136053823411631,0.574580208729753,0.751454063443887,0.756470915885821
107,"Sparse25",7,1,0,"Group_adjusted","M1","JKI",99,0.221158782151669,0.529868208433686,0.517733081375813,0.529270251197357
108,"Sparse25",8,1,0,"Group_adjusted","M1","ABR33",100,0.224666210312602,0.587179470992866,0.689334967360299,0.700070430770548
108,"Sparse25",8,1,0,"Group_adjusted","M1","JKI",99,0.232303539575083,0.548907364189293,0.471172417706959,0.482415694643912
109,"Sparse25",9,1,0,"Group_adjusted","M1","ABR33",100,0.0041119666845172,0.521927041600188,0.81608267950424,0.814851848910908
109,"Sparse25",9,1,0,"Group_adjusted","M1","JKI",99,0.0700277743741812,0.542262699937019,0.521284910471615,0.521135780708112
110,"Sparse25",10,1,0,"Group_adjusted","M1","ABR33",100,0.238181342009697,0.493138901845341,0.830866194701337,0.837826708942096
110,"Sparse25",10,1,0,"Group_adjusted","M1","JKI",99,0.169820635726265,0.52462677582365,0.497894956862496,0.503514918274307
111,"Sparse25",1,1,5,"Group_adjusted","M1","ABR33",100,-0.019759850153512,0.512339724002815,0.786800259037276,0.784540826672516
111,"Sparse25",1,1,5,"Group_adjusted","M1","JKI",99,0.439910964239164,0.590537986831704,0.48488996561618,0.521603863393921
112,"Sparse25",2,1,5,"Group_adjusted","M1","ABR33",100,0.246774676488333,0.556011667606866,0.790571338848846,0.803276188100469
112,"Sparse25",2,1,5,"Group_adjusted","M1","JKI",99,0.292876422180111,0.571420167392259,0.49300352498552,0.507617596199908
113,"Sparse25",3,1,5,"Group_adjusted","M1","ABR33",100,0.192252002258411,0.527225253261875,0.79846246865872,0.807398636751499
113,"Sparse25",3,1,5,"Group_adjusted","M1","JKI",99,0.0136212519758459,0.499079813253309,0.49992918672749,0.498585580172163
114,"Sparse25",4,1,5,"Group_adjusted","M1","ABR33",100,0.310180149655693,0.573417774248956,0.832244732186797,0.855483617088876
114,"Sparse25",4,1,5,"Group_adjusted","M1","JKI",99,0.169591151150696,0.552561471676644,0.452141437628095,0.457811236296454
115,"Sparse25",5,1,5,"Group_adjusted","M1","ABR33",100,0.337690954386127,0.603575467598913,0.68082562046076,0.693652570626521
115,"Sparse25",5,1,5,"Group_adjusted","M1","JKI",99,0.263417961666179,0.446201670094669,0.528634926098431,0.546035028529017
116,"Sparse25",6,1,5,"Group_adjusted","M1","ABR33",100,0.162218240438256,0.484871660473387,0.824175760240639,0.831991024500681
116,"Sparse25",6,1,5,"Group_adjusted","M1","JKI",99,0.186099965102074,0.544152533103078,0.488628313962796,0.507473718232789
117,"Sparse25",7,1,5,"Group_adjusted","M1","ABR33",100,0.289595085602765,0.643461223864552,0.768150449812613,0.779107418007819
117,"Sparse25",7,1,5,"Group_adjusted","M1","JKI",99,0.207561749162976,0.565305303026604,0.46286818923052,0.472586386369428
118,"Sparse25",8,1,5,"Group_adjusted","M1","ABR33",100,0.186688314764231,0.585867598663772,0.708568372070796,0.718489643553938
118,"Sparse25",8,1,5,"Group_adjusted","M1","JKI",99,0.338411620851284,0.574507967609001,0.466185659566829,0.490095541781131
119,"Sparse25",9,1,5,"Group_adjusted","M1","ABR33",100,0.124210441162952,0.51956158732477,0.796136092986611,0.797961545765441
119,"Sparse25",9,1,5,"Group_adjusted","M1","JKI",99,0.143919767071253,0.575564727004678,0.517166545419846,0.523184999755101
120,"Sparse25",10,1,5,"Group_adjusted","M1","ABR33",100,0.197802072284013,0.569836731812019,0.729109845767742,0.737263250920316
120,"Sparse25",10,1,5,"Group_adjusted","M1","JKI",99,0.262996055214292,0.573936153781106,0.515980077192238,0.531563104902989
121,"Sparse25",1,1,10,"Group_adjusted","M1","ABR33",100,0.252054177382736,0.559252748674459,0.866377147158264,0.880266543577972
121,"Sparse25",1,1,10,"Group_adjusted","M1","JKI",99,0.204682395475543,0.541741805529103,0.459847889062917,0.468917592907765
122,"Sparse25",2,1,10,"Group_adjusted","M1","ABR33",100,0.0664994070165815,0.513473046669582,0.863082282269491,0.859374879993853
122,"Sparse25",2,1,10,"Group_adjusted","M1","JKI",99,0.0679763442271687,0.0382003144902601,0.606269696696047,0.60651528719256
123,"Sparse25",3,1,10,"Group_adjusted","M1","ABR33",100,0.212651856007763,0.556736625983424,0.784424399358359,0.793920769167343
123,"Sparse25",3,1,10,"Group_adjusted","M1","JKI",99,0.0270601650481439,0.424098829349909,0.511692030404739,0.512061817444378
124,"Sparse25",4,1,10,"Group_adjusted","M1","ABR33",100,0.311670472928324,0.570959894922081,0.808246631154314,0.822255906780731
124,"Sparse25",4,1,10,"Group_adjusted","M1","JKI",99,0.19321017096792,0.561284220910261,0.473425675287818,0.479478100295897
125,"Sparse25",5,1,10,"Group_adjusted","M1","ABR33",100,0.032200239300819,0.528222523141799,0.725466581488296,0.72629356043717
125,"Sparse25",5,1,10,"Group_adjusted","M1","JKI",99,0.207212360648809,0.579383711054814,0.516453932803567,0.530460305743613
126,"Sparse25",6,1,10,"Group_adjusted","M1","ABR33",100,0.309038345432735,0.293174046503451,0.931653688855608,0.940660260336075
126,"Sparse25",6,1,10,"Group_adjusted","M1","JKI",99,0.220719483365756,0.533963621390727,0.507937336767997,0.518808123074536
127,"Sparse25",7,1,10,"Group_adjusted","M1","ABR33",100,0.109054448827274,0.596952363477915,0.708960121218594,0.711215281613336
127,"Sparse25",7,1,10,"Group_adjusted","M1","JKI",99,0.213919647923502,0.514455356520563,0.520763260739023,0.542735380412914
128,"Sparse25",8,1,10,"Group_adjusted","M1","ABR33",100,0.294199987397216,0.567857626988739,0.733862924183357,0.74426512575917
128,"Sparse25",8,1,10,"Group_adjusted","M1","JKI",99,0.156121331675608,0.579585126636684,0.507682787857403,0.518653538083869
129,"Sparse25",9,1,10,"Group_adjusted","M1","ABR33",100,0.170006871017473,0.539611945152574,0.909545238827193,0.913700647816354
129,"Sparse25",9,1,10,"Group_adjusted","M1","JKI",99,0.164609917673179,0.567633888179058,0.499027754965657,0.504835458027358
130,"Sparse25",10,1,10,"Group_adjusted","M1","ABR33",100,0.110973230303456,0.543066399678746,0.743052554046867,0.746647164466856
130,"Sparse25",10,1,10,"Group_adjusted","M1","JKI",99,0.183524888396548,0.551673135721957,0.492661865189709,0.497718155950143
131,"Sparse25",1,1,15,"Group_adjusted","M1","ABR33",100,0.205649290113236,0.58861881598924,0.772593384983141,0.777900195162002
131,"Sparse25",1,1,15,"Group_adjusted","M1","JKI",99,0.003557589998036,0.425585967828358,0.594969830531736,0.605234816904218
132,"Sparse25",2,1,15,"Group_adjusted","M1","ABR33",100,0.244853994379545,0.558239439969051,0.852425920108548,0.855107016447067
132,"Sparse25",2,1,15,"Group_adjusted","M1","JKI",99,0.0164508882685603,0.524059145994298,0.501343548624755,0.498622812884084
133,"Sparse25",3,1,15,"Group_adjusted","M1","ABR33",100,0.216113484293073,0.614006153241083,0.760734975644302,0.770062257872543
133,"Sparse25",3,1,15,"Group_adjusted","M1","JKI",99,0.0395346666672356,0.56726494409441,0.518330078099032,0.525055402271422
134,"Sparse25",4,1,15,"Group_adjusted","M1","ABR33",100,0.133309663793298,0.553807409005121,0.792036050443794,0.796170134897069
134,"Sparse25",4,1,15,"Group_adjusted","M1","JKI",99,0.156274607342978,0.55163726334139,0.495903825665038,0.501397981214046
135,"Sparse25",5,1,15,"Group_adjusted","M1","ABR33",100,-0.0178999897677254,0.476948912729365,0.795499148997587,0.792803784734879
135,"Sparse25",5,1,15,"Group_adjusted","M1","JKI",99,0.209527579586275,0.505827694100999,0.485573018917359,0.489828263113089
136,"Sparse25",6,1,15,"Group_adjusted","M1","ABR33",100,0.107943213011581,0.541798296495954,0.769219672499794,0.773095607757283
136,"Sparse25",6,1,15,"Group_adjusted","M1","JKI",99,0.135789398409103,0.548300934892741,0.488650236711805,0.494465655103646
137,"Sparse25",7,1,15,"Group_adjusted","M1","ABR33",100,0.0664035212693054,0.558204215876194,0.870200011247797,0.871369848718522
137,"Sparse25",7,1,15,"Group_adjusted","M1","JKI",99,0.0941223604045338,0.439842937519512,0.567597300989575,0.570222225903467
138,"Sparse25",8,1,15,"Group_adjusted","M1","ABR33",100,0.129732891624993,0.601547996116062,0.793018146115702,0.797014948470747
138,"Sparse25",8,1,15,"Group_adjusted","M1","JKI",99,0.182013220262696,0.523229797976415,0.515203238584176,0.515967997909023
139,"Sparse25",9,1,15,"Group_adjusted","M1","ABR33",100,0.052653806991474,0.56378608499435,0.763685546387494,0.76367223679745
139,"Sparse25",9,1,15,"Group_adjusted","M1","JKI",99,0.104876583437952,0.542373121305888,0.501024159047336,0.488111763286701
140,"Sparse25",10,1,15,"Group_adjusted","M1","ABR33",100,0.0245199773611592,0.592200131419276,0.7369103281949,0.737648698867132
140,"Sparse25",10,1,15,"Group_adjusted","M1","JKI",99,0.193409274833865,0.565448337229236,0.483199866182069,0.492596655379022
141,"Sparse25",1,1,20,"Group_adjusted","M1","ABR33",100,0.0101534257139598,0.566857638866262,0.780634311857783,0.781685861253169
141,"Sparse25",1,1,20,"Group_adjusted","M1","JKI",99,0.135990755107591,0.565641102059392,0.522576801655601,0.53345474161441
142,"Sparse25",2,1,20,"Group_adjusted","M1","ABR33",100,0.130529325835834,0.582176172822196,0.74753214802366,0.749190434274352
142,"Sparse25",2,1,20,"Group_adjusted","M1","JKI",99,-0.0442006807092088,0.491087591701885,0.552630469675608,0.54800159919341
143,"Sparse25",3,1,20,"Group_adjusted","M1","ABR33",100,0.070749151352987,0.528002300353594,0.770214482711069,0.771892772153834
143,"Sparse25",3,1,20,"Group_adjusted","M1","JKI",99,0.121540998778363,0.513615933798525,0.488053056483557,0.498666249014728
144,"Sparse25",4,1,20,"Group_adjusted","M1","ABR33",100,0.130502053259445,0.508443034073383,0.823613028397652,0.826435376157517
144,"Sparse25",4,1,20,"Group_adjusted","M1","JKI",99,0.138596855921618,0.540409639448424,0.517967825432536,0.538798003373712
145,"Sparse25",5,1,20,"Group_adjusted","M1","ABR33",100,0.176033432431639,0.566136634093984,0.813640889585268,0.816687228050838
145,"Sparse25",5,1,20,"Group_adjusted","M1","JKI",99,0.178170688178436,0.554597425951212,0.529110608439007,0.532803625949386
146,"Sparse25",6,1,20,"Group_adjusted","M1","ABR33",100,0.043220937114917,0.549362703795256,0.741352844150661,0.742687680032246
146,"Sparse25",6,1,20,"Group_adjusted","M1","JKI",99,0.0853740972689593,0.539687458630088,0.534611910338109,0.536148691634422
147,"Sparse25",7,1,20,"Group_adjusted","M1","ABR33",100,0.208765430231712,0.616627919154431,0.688152008628331,0.696203551573933
147,"Sparse25",7,1,20,"Group_adjusted","M1","JKI",99,0.0462911954336028,0.521243156610878,0.471840574964356,0.466245356432766
148,"Sparse25",8,1,20,"Group_adjusted","M1","ABR33",100,0.0427481871965077,0.580382208843841,0.745190962524574,0.746020744900072
148,"Sparse25",8,1,20,"Group_adjusted","M1","JKI",99,0.095644902866091,0.584812361907345,0.45330590837784,0.456055030218987
149,"Sparse25",9,1,20,"Group_adjusted","M1","ABR33",100,0.085874839379908,0.568455357786058,0.717607632417441,0.719987387374821
149,"Sparse25",9,1,20,"Group_adjusted","M1","JKI",99,-0.16874931089595,0.533835836962698,0.484475693502543,0.463008504593611
150,"Sparse25",10,1,20,"Group_adjusted","M1","ABR33",100,0.0719395977102971,0.503198457899339,0.86251290963329,0.873222179361931
150,"Sparse25",10,1,20,"Group_adjusted","M1","JKI",99,0.331252314677992,0.579556244934077,0.516729896955365,0.536051901989427
151,"Sparse25",1,1,25,"Group_adjusted","M1","ABR33",100,NA,0.547827744955248,0.797095399243098,0.796721740000133
151,"Sparse25",1,1,25,"Group_adjusted","M1","JKI",99,NA,0.544154406746811,0.477693667976278,0.477815451420076
152,"Sparse25",2,1,25,"Group_adjusted","M1","ABR33",100,NA,0.479714738966751,0.974252132304053,0.974736156139261
152,"Sparse25",2,1,25,"Group_adjusted","M1","JKI",99,NA,0.518683177895242,0.552676282352062,0.551699317139474
153,"Sparse25",3,1,25,"Group_adjusted","M1","ABR33",100,NA,0.553898706336244,0.829412604877114,0.829418944701392
153,"Sparse25",3,1,25,"Group_adjusted","M1","JKI",99,NA,0.551356478770843,0.487746966906372,0.486680408823835
154,"Sparse25",4,1,25,"Group_adjusted","M1","ABR33",100,NA,0.577402724651488,0.852519019142588,0.853302011604524
154,"Sparse25",4,1,25,"Group_adjusted","M1","JKI",99,NA,0.551997241066577,0.499228839247171,0.499048077681974
155,"Sparse25",5,1,25,"Group_adjusted","M1","ABR33",100,NA,0.601102943370829,0.729641636345099,0.732042388205461
155,"Sparse25",5,1,25,"Group_adjusted","M1","JKI",99,NA,0.487478738402813,0.473761803089405,0.475043229215405
156,"Sparse25",6,1,25,"Group_adjusted","M1","ABR33",100,NA,0.537757392056164,0.811070952528184,0.811397547072012
156,"Sparse25",6,1,25,"Group_adjusted","M1","JKI",99,NA,0.536815867229548,0.484463677600531,0.483157062521289
157,"Sparse25",7,1,25,"Group_adjusted","M1","ABR33",100,NA,0.509938262454966,0.783022664751694,0.783093894751196
157,"Sparse25",7,1,25,"Group_adjusted","M1","JKI",99,NA,0.469256435837334,0.543143961371397,0.543060382602061
158,"Sparse25",8,1,25,"Group_adjusted","M1","ABR33",100,NA,0.568098852076171,0.767354608703646,0.766939008278104
158,"Sparse25",8,1,25,"Group_adjusted","M1","JKI",99,NA,0.503711235282892,0.496409284420333,0.496029203518035
159,"Sparse25",9,1,25,"Group_adjusted","M1","ABR33",100,NA,0.542894285643308,0.799751115469488,0.800310501128628
159,"Sparse25",9,1,25,"Group_adjusted","M1","JKI",99,NA,0.464959743082919,0.553832261657286,0.555050780158268
160,"Sparse25",10,1,25,"Group_adjusted","M1","ABR33",100,NA,0.537887233378573,0.764982662020808,0.765333424131855
160,"Sparse25",10,1,25,"Group_adjusted","M1","JKI",99,NA,0.536847603266864,0.515166144306549,0.513555227841377
1,"CV1",1,1,NA,"Group_adjusted","M2","ABR33",25,0.310508996832236,0.69170678025555,0.880175091568239,0.890411066262453
1,"CV1",1,1,NA,"Group_adjusted","M2","JKI",25,0.393701641045466,0.578547739560386,0.606678544635214,0.618925137706503
2,"CV1",1,2,NA,"Group_adjusted","M2","ABR33",25,0.544885504395754,0.741751100624137,0.877960253559719,0.896189286785138
2,"CV1",1,2,NA,"Group_adjusted","M2","JKI",25,0.508742241536579,0.575228175190591,0.460348706718703,0.478671798696215
3,"CV1",1,3,NA,"Group_adjusted","M2","ABR33",25,0.351035734560645,0.477248329972454,0.588180976817161,0.609631697804817
3,"CV1",1,3,NA,"Group_adjusted","M2","JKI",25,0.0811249632899975,0.422517316467028,0.332473040658191,0.337167745562773
4,"CV1",1,4,NA,"Group_adjusted","M2","ABR33",25,0.220669821881574,0.481217808894446,0.652608603089303,0.663501030049754
4,"CV1",1,4,NA,"Group_adjusted","M2","JKI",25,0.392320110962522,0.641071984231572,0.467996604614165,0.488394061933118
5,"CV1",1,5,NA,"Group_adjusted","M2","ABR33",25,-0.139879529175471,0.470444429986748,0.77383160504893,0.753974174613063
5,"CV1",1,5,NA,"Group_adjusted","M2","JKI",24,0.515173151698984,0.646091391754263,0.420516931304074,0.458063325802365
6,"CV1",2,1,NA,"Group_adjusted","M2","ABR33",25,0.459756071895752,0.766773862962665,0.69482546336816,0.727426104930272
6,"CV1",2,1,NA,"Group_adjusted","M2","JKI",25,0.430814367775472,0.730032565629505,0.520686320623152,0.548571395182672
7,"CV1",2,2,NA,"Group_adjusted","M2","ABR33",25,0.320912108404834,0.396919236936589,0.790766125016111,0.805827534472638
7,"CV1",2,2,NA,"Group_adjusted","M2","JKI",24,0.497455137410309,0.386475322169074,0.485195995614498,0.50393268740709
8,"CV1",2,3,NA,"Group_adjusted","M2","ABR33",25,0.184517776936303,0.636740278430733,0.890093040361762,0.906372739370291
8,"CV1",2,3,NA,"Group_adjusted","M2","JKI",25,0.483247332793656,0.708110390462335,0.439241813008954,0.475490837737943
9,"CV1",2,4,NA,"Group_adjusted","M2","ABR33",25,-0.0237864011999058,0.490797185473642,0.682655909504718,0.679355984971475
9,"CV1",2,4,NA,"Group_adjusted","M2","JKI",25,0.336645332191135,0.624864438873772,0.347605872799447,0.363977836970186
10,"CV1",2,5,NA,"Group_adjusted","M2","ABR33",25,0.621400433277275,0.553449858206294,0.566293510809632,0.597329056340615
10,"CV1",2,5,NA,"Group_adjusted","M2","JKI",25,0.39817605833073,0.358715187104875,0.474675933496773,0.494737479741847
11,"CV1",3,1,NA,"Group_adjusted","M2","ABR33",25,0.0276418951915453,0.654167904228168,0.577756632046223,0.584749097813495
11,"CV1",3,1,NA,"Group_adjusted","M2","JKI",24,0.533036611771066,0.593318410285734,0.385552800916204,0.42390916815501
12,"CV1",3,2,NA,"Group_adjusted","M2","ABR33",25,0.381702597196526,0.565697037895293,0.667889408068319,0.685255670250819
12,"CV1",3,2,NA,"Group_adjusted","M2","JKI",25,0.245096927970226,0.345154047358959,0.424204182987995,0.434641758187376
13,"CV1",3,3,NA,"Group_adjusted","M2","ABR33",25,0.305615306829476,0.665401393936681,0.82660541019778,0.853482927865225
13,"CV1",3,3,NA,"Group_adjusted","M2","JKI",25,0.373170531051342,0.623251737989433,0.567976390167316,0.597637377471553
14,"CV1",3,4,NA,"Group_adjusted","M2","ABR33",25,0.539660181033141,0.676048102544428,0.898524094451351,0.926216122720034
14,"CV1",3,4,NA,"Group_adjusted","M2","JKI",25,0.609680403909743,0.702538407716881,0.444109198489825,0.474984130474295
15,"CV1",3,5,NA,"Group_adjusted","M2","ABR33",25,0.44228653925975,0.481208816344478,0.68888056406676,0.714977654447644
15,"CV1",3,5,NA,"Group_adjusted","M2","JKI",25,0.475207020584774,0.577589470285516,0.465754095434222,0.492117070758203
16,"CV1",4,1,NA,"Group_adjusted","M2","ABR33",25,-0.0240989573290714,0.753491610240837,0.62923649940991,0.625992224233933
16,"CV1",4,1,NA,"Group_adjusted","M2","JKI",24,0.0561491632641213,0.516316783049026,0.538147759329497,0.534514628453866
17,"CV1",4,2,NA,"Group_adjusted","M2","ABR33",25,0.38765828885405,0.605276240697025,0.755265894877172,0.775084440449188
17,"CV1",4,2,NA,"Group_adjusted","M2","JKI",25,0.427824894069005,0.513102895283351,0.397302943112036,0.420005295343873
18,"CV1",4,3,NA,"Group_adjusted","M2","ABR33",25,0.738372462412808,0.50565256256518,0.777201690053664,0.807368173180382
18,"CV1",4,3,NA,"Group_adjusted","M2","JKI",25,0.706126981621201,0.533193875446492,0.533183079134327,0.55751754243879
19,"CV1",4,4,NA,"Group_adjusted","M2","ABR33",25,-0.102282244018369,0.430368129257396,0.837447724158714,0.826010453484467
19,"CV1",4,4,NA,"Group_adjusted","M2","JKI",25,0.370302601792249,0.773896759119646,0.413467324884452,0.433507760778624
20,"CV1",4,5,NA,"Group_adjusted","M2","ABR33",25,0.256202331177275,0.655541119282018,0.724825051442308,0.751598125005081
20,"CV1",4,5,NA,"Group_adjusted","M2","JKI",25,0.475181068617961,0.659318558814298,0.423217403826079,0.46263880219347
21,"CV1",5,1,NA,"Group_adjusted","M2","ABR33",25,-0.0248357451253381,0.615893447891353,0.655475593220224,0.655858563377863
21,"CV1",5,1,NA,"Group_adjusted","M2","JKI",25,0.315672401800397,0.563497209512024,0.404381508267921,0.417226960523164
22,"CV1",5,2,NA,"Group_adjusted","M2","ABR33",25,0.371703598041767,0.50896127480412,0.834634435285096,0.855577838016031
22,"CV1",5,2,NA,"Group_adjusted","M2","JKI",25,0.512804148445865,0.556943439168326,0.50146243219012,0.535285756455753
23,"CV1",5,3,NA,"Group_adjusted","M2","ABR33",25,0.14267430987599,0.794878701872458,0.683323720916846,0.691426372556003
23,"CV1",5,3,NA,"Group_adjusted","M2","JKI",25,-0.0857018409274003,0.49921104451248,0.544758205106439,0.535966651833768
24,"CV1",5,4,NA,"Group_adjusted","M2","ABR33",25,0.369890048822912,0.590909501508428,0.740594345755361,0.760873866214104
24,"CV1",5,4,NA,"Group_adjusted","M2","JKI",25,0.38816986582202,0.669387523374404,0.414811700493261,0.436359215193862
25,"CV1",5,5,NA,"Group_adjusted","M2","ABR33",25,0.298653003685894,0.315867516426101,0.779281430605537,0.794443199949363
25,"CV1",5,5,NA,"Group_adjusted","M2","JKI",24,0.568819376359196,0.592486133782752,0.432928991391857,0.462073360656714
26,"CV1",6,1,NA,"Group_adjusted","M2","ABR33",25,0.528104102216275,0.313588174905688,0.963356042746674,0.98314585992551
26,"CV1",6,1,NA,"Group_adjusted","M2","JKI",25,0.636998401292402,0.0222221820519584,0.496664785695959,0.526157252121742
27,"CV1",6,2,NA,"Group_adjusted","M2","ABR33",25,0.0508866301142005,0.646903098488175,0.813820021939271,0.816083799971684
27,"CV1",6,2,NA,"Group_adjusted","M2","JKI",25,0.415149226118227,0.787821442655003,0.407567107703742,0.427897026148391
28,"CV1",6,3,NA,"Group_adjusted","M2","ABR33",25,0.0612628746859169,0.655094175126501,0.595596992830314,0.594396962951093
28,"CV1",6,3,NA,"Group_adjusted","M2","JKI",25,0.0886590930807519,0.517916057621186,0.427818277173965,0.42926011617494
29,"CV1",6,4,NA,"Group_adjusted","M2","ABR33",25,0.39182394294521,0.611997640536344,0.686293994356931,0.702472116499211
29,"CV1",6,4,NA,"Group_adjusted","M2","JKI",24,0.324617954443421,0.603596140817431,0.495014520117951,0.503431168534803
30,"CV1",6,5,NA,"Group_adjusted","M2","ABR33",25,0.373213899258039,0.680234231055438,0.621345649061838,0.646811105280015
30,"CV1",6,5,NA,"Group_adjusted","M2","JKI",25,0.519110419151494,0.776541417683604,0.505953013476917,0.542856849198292
31,"CV1",7,1,NA,"Group_adjusted","M2","ABR33",25,0.54936865983042,0.649870905802299,0.88969270646374,0.921471082667298
31,"CV1",7,1,NA,"Group_adjusted","M2","JKI",25,0.631887525395031,0.883084489919943,0.560355101477719,0.593807659500662
32,"CV1",7,2,NA,"Group_adjusted","M2","ABR33",25,0.33917337560007,0.499186817611081,0.944143631663215,0.971056879282896
32,"CV1",7,2,NA,"Group_adjusted","M2","JKI",25,0.36692847114462,0.506370344186333,0.609725041418214,0.636644392765332
33,"CV1",7,3,NA,"Group_adjusted","M2","ABR33",25,0.21551868743522,0.745128913347255,0.432942860734955,0.442983133943219
33,"CV1",7,3,NA,"Group_adjusted","M2","JKI",24,0.532945619810291,0.432940153278798,0.357255902410341,0.384653066440843
34,"CV1",7,4,NA,"Group_adjusted","M2","ABR33",25,0.268453995434774,0.617289063108433,0.582905766249134,0.609058103490324
34,"CV1",7,4,NA,"Group_adjusted","M2","JKI",25,0.129935557284822,0.374951863534023,0.438834234422156,0.444206020488699
35,"CV1",7,5,NA,"Group_adjusted","M2","ABR33",25,0.123662986903435,0.567082149662174,0.75799270158951,0.763840366952098
35,"CV1",7,5,NA,"Group_adjusted","M2","JKI",25,0.0598708888571662,0.368718702842123,0.417749771342472,0.413986416960897
36,"CV1",8,1,NA,"Group_adjusted","M2","ABR33",25,0.0526107254766444,0.519461551772298,0.788667798465901,0.782787334253746
36,"CV1",8,1,NA,"Group_adjusted","M2","JKI",25,0.323745489017967,0.613142924881359,0.361770683985138,0.39066272700355
37,"CV1",8,2,NA,"Group_adjusted","M2","ABR33",25,0.724861176606136,0.673514546526374,0.706368822165473,0.745680840323759
37,"CV1",8,2,NA,"Group_adjusted","M2","JKI",25,0.470679361105206,0.583591283786906,0.515268599448255,0.539882910572619
38,"CV1",8,3,NA,"Group_adjusted","M2","ABR33",25,0.548687293002706,0.637909891154473,0.753175106258682,0.781204649425439
38,"CV1",8,3,NA,"Group_adjusted","M2","JKI",24,0.598523399148344,0.535002278474886,0.560741792861384,0.590661129162233
39,"CV1",8,4,NA,"Group_adjusted","M2","ABR33",25,0.31935704446363,0.644038183022975,0.775762937216444,0.792115063619225
39,"CV1",8,4,NA,"Group_adjusted","M2","JKI",25,0.130141691486784,0.606458931391407,0.369216434225619,0.374467096227964
40,"CV1",8,5,NA,"Group_adjusted","M2","ABR33",25,-0.0466616279933479,0.508362174679031,0.665760915180032,0.648741883905244
40,"CV1",8,5,NA,"Group_adjusted","M2","JKI",25,0.173674581428922,0.601125217006276,0.478722844484606,0.485486591279108
41,"CV1",9,1,NA,"Group_adjusted","M2","ABR33",25,0.618287736912495,0.717439100572372,0.663896771871241,0.70668496992133
41,"CV1",9,1,NA,"Group_adjusted","M2","JKI",25,0.507118159492894,0.620298852627298,0.553748000856065,0.587083909674479
42,"CV1",9,2,NA,"Group_adjusted","M2","ABR33",25,0.230476629404314,0.407348977302198,0.903102207556237,0.915655751788652
42,"CV1",9,2,NA,"Group_adjusted","M2","JKI",25,0.351943912415216,0.406144773812035,0.418644089556022,0.434468758772714
43,"CV1",9,3,NA,"Group_adjusted","M2","ABR33",25,0.557001595719091,0.7658970094185,0.680168836364764,0.711614785880867
43,"CV1",9,3,NA,"Group_adjusted","M2","JKI",24,0.500610662249059,0.640771972074303,0.500191403002418,0.526209278864759
44,"CV1",9,4,NA,"Group_adjusted","M2","ABR33",25,0.276235484090337,0.589733528128294,0.68005137440259,0.691510805928174
44,"CV1",9,4,NA,"Group_adjusted","M2","JKI",25,0.38486976160595,0.837275693845881,0.368050588823025,0.383810609037121
45,"CV1",9,5,NA,"Group_adjusted","M2","ABR33",25,0.282705789470058,0.518874105232069,0.717893041992008,0.742688129407913
45,"CV1",9,5,NA,"Group_adjusted","M2","JKI",25,0.318278996123229,0.530382694264108,0.495450508536358,0.525904225315961
46,"CV1",10,1,NA,"Group_adjusted","M2","ABR33",25,0.203770139209691,0.50682864356305,0.870023937845767,0.880845645521862
46,"CV1",10,1,NA,"Group_adjusted","M2","JKI",25,0.157472364523867,0.645538658559688,0.448007781307198,0.45494186206619
47,"CV1",10,2,NA,"Group_adjusted","M2","ABR33",25,0.630491661477321,0.684611464346343,0.767041927439254,0.802092455033136
47,"CV1",10,2,NA,"Group_adjusted","M2","JKI",25,0.436688817902203,0.624013585125353,0.541521938044271,0.566611725749042
48,"CV1",10,3,NA,"Group_adjusted","M2","ABR33",25,0.323376271552026,0.450059720259636,0.813340994115091,0.827902501517029
48,"CV1",10,3,NA,"Group_adjusted","M2","JKI",25,0.185581366134002,0.591809012726145,0.403841411014701,0.408209396322254
49,"CV1",10,4,NA,"Group_adjusted","M2","ABR33",25,0.587303862449067,0.789359699646695,0.594907570752207,0.624376321341623
49,"CV1",10,4,NA,"Group_adjusted","M2","JKI",24,0.402510487982824,0.462096451919788,0.558302037773537,0.579723483793462
50,"CV1",10,5,NA,"Group_adjusted","M2","ABR33",25,-0.0527451552754775,0.535620158816451,0.573016548789877,0.560087516878114
50,"CV1",10,5,NA,"Group_adjusted","M2","JKI",25,0.456049356873573,0.657872943589631,0.335227605348936,0.371802053762173
51,"CV2",1,1,NA,"Group_adjusted","M2","ABR33",25,0.561101820798891,0.579812820219282,0.89408647571258,1.02318380347761
51,"CV2",1,1,NA,"Group_adjusted","M2","JKI",20,0.372429181604995,0.435741705584178,0.419552716606936,0.463807054307644
52,"CV2",1,2,NA,"Group_adjusted","M2","ABR33",28,0.542631930574654,0.771699649500789,0.527214001682222,0.617184571224938
52,"CV2",1,2,NA,"Group_adjusted","M2","JKI",26,0.448627039768685,0.658799504591822,0.525130466993674,0.515325065409041
53,"CV2",1,3,NA,"Group_adjusted","M2","ABR33",24,0.399358900083163,0.744676943420073,0.641014396084939,0.695683638658662
53,"CV2",1,3,NA,"Group_adjusted","M2","JKI",30,0.440633340426822,0.664450522681077,0.483662123832513,0.506906997152504
54,"CV2",1,4,NA,"Group_adjusted","M2","ABR33",27,0.34876074025392,0.700186610470701,0.520968963536672,0.568768609155549
54,"CV2",1,4,NA,"Group_adjusted","M2","JKI",16,0.641506656499183,0.77958879332884,0.395371026240463,0.510807771823136
55,"CV2",1,5,NA,"Group_adjusted","M2","ABR33",20,0.509270347919067,0.681425744114652,0.719397977642677,0.792766287696571
55,"CV2",1,5,NA,"Group_adjusted","M2","JKI",32,0.591817784223554,0.677797595841778,0.33554207800924,0.422803107697081
56,"CV2",2,1,NA,"Group_adjusted","M2","ABR33",23,0.484410120898072,0.361994777915397,0.6831427897547,0.749447742227245
56,"CV2",2,1,NA,"Group_adjusted","M2","JKI",24,0.827037257583275,0.887803389341063,0.348091642074832,0.526659858466365
57,"CV2",2,2,NA,"Group_adjusted","M2","ABR33",31,0.323229198617788,0.719225791463701,0.675892507612247,0.712282666149982
57,"CV2",2,2,NA,"Group_adjusted","M2","JKI",23,0.298257594448598,0.468258948974355,0.519911088520381,0.473019486459267
58,"CV2",2,3,NA,"Group_adjusted","M2","ABR33",34,0.582226805320303,0.757161280068366,0.691414148010966,0.81025980214054
58,"CV2",2,3,NA,"Group_adjusted","M2","JKI",27,0.373723169940135,0.62829226987105,0.421945384041834,0.417144398917884
59,"CV2",2,4,NA,"Group_adjusted","M2","ABR33",15,0.754994612729778,0.877893983647285,0.696151698205233,0.86222676376719
59,"CV2",2,4,NA,"Group_adjusted","M2","JKI",28,0.239935278816068,0.485862214052333,0.502249087726323,0.480178465193998
60,"CV2",2,5,NA,"Group_adjusted","M2","ABR33",21,0.385551271722639,0.550462711975582,0.585617044550237,0.622404997541113
60,"CV2",2,5,NA,"Group_adjusted","M2","JKI",22,0.793724558873462,0.805251155047972,0.397945615923012,0.574532770413865
61,"CV2",3,1,NA,"Group_adjusted","M2","ABR33",27,0.41732054040735,0.655026362421286,0.46968904045238,0.516670526593011
61,"CV2",3,1,NA,"Group_adjusted","M2","JKI",24,0.556655360786049,0.593823103749246,0.441102356759621,0.542697472199157
62,"CV2",3,2,NA,"Group_adjusted","M2","ABR33",26,0.186483297173794,0.339528990653016,0.771776806355398,0.780776798469646
62,"CV2",3,2,NA,"Group_adjusted","M2","JKI",26,0.594629179980936,0.771781163805952,0.421994601463037,0.535516971977414
63,"CV2",3,3,NA,"Group_adjusted","M2","ABR33",22,0.487199080954712,0.803439947486039,0.515907623268968,0.58589324428102
63,"CV2",3,3,NA,"Group_adjusted","M2","JKI",31,0.583882888788834,0.774187828933506,0.385520255573981,0.471451105047968
64,"CV2",3,4,NA,"Group_adjusted","M2","ABR33",27,0.670877450107579,0.743636341919483,0.881005749750731,1.00519392001203
64,"CV2",3,4,NA,"Group_adjusted","M2","JKI",25,0.285669481163601,0.46791158424108,0.451270619853753,0.464168401885686
65,"CV2",3,5,NA,"Group_adjusted","M2","ABR33",22,0.663409962146405,0.832120914530203,0.660582880860243,0.808772930069803
65,"CV2",3,5,NA,"Group_adjusted","M2","JKI",18,0.502873245669335,0.57656846104262,0.500395033134263,0.392470482711882
66,"CV2",4,1,NA,"Group_adjusted","M2","ABR33",21,0.217499981585995,0.326111341609489,0.923534259682748,0.941413860668082
66,"CV2",4,1,NA,"Group_adjusted","M2","JKI",26,0.767510579890826,0.869433781839131,0.379323637785295,0.56786012160291
67,"CV2",4,2,NA,"Group_adjusted","M2","ABR33",24,0.495047820199684,0.750763313872262,0.621355840055954,0.704541365207992
67,"CV2",4,2,NA,"Group_adjusted","M2","JKI",35,0.378988437429388,0.528803149985106,0.451633790288129,0.478371397249219
68,"CV2",4,3,NA,"Group_adjusted","M2","ABR33",27,0.579982872895061,0.694977102414899,0.702980139852711,0.814922125871096
68,"CV2",4,3,NA,"Group_adjusted","M2","JKI",18,0.579292193229819,0.791218809474806,0.353206584891637,0.453123338171876
69,"CV2",4,4,NA,"Group_adjusted","M2","ABR33",35,0.594248276143495,0.792757648813379,0.611774213160132,0.71678883677637
69,"CV2",4,4,NA,"Group_adjusted","M2","JKI",19,0.220456934439082,0.485246596102824,0.430495885603175,0.331323589442201
70,"CV2",4,5,NA,"Group_adjusted","M2","ABR33",17,0.542774418981921,0.624936572055843,0.450917256499102,0.517689686464378
70,"CV2",4,5,NA,"Group_adjusted","M2","JKI",26,0.432249136493803,0.514097966046196,0.502820347514367,0.554985456396977
71,"CV2",5,1,NA,"Group_adjusted","M2","ABR33",19,0.80817233815357,0.793782142890735,0.553400169548968,0.755238754894001
71,"CV2",5,1,NA,"Group_adjusted","M2","JKI",34,0.329059094561855,0.576680720142751,0.505988739861916,0.463782596028731
72,"CV2",5,2,NA,"Group_adjusted","M2","ABR33",35,0.328884193598277,0.48432013112583,0.818643758309544,0.861716414630741
72,"CV2",5,2,NA,"Group_adjusted","M2","JKI",27,0.650521625454928,0.764813638240293,0.401392956659086,0.506703643513046
73,"CV2",5,3,NA,"Group_adjusted","M2","ABR33",26,0.437597477627024,0.801794679671074,0.590553367041263,0.649364210100658
73,"CV2",5,3,NA,"Group_adjusted","M2","JKI",22,0.719573226735252,0.842139092389141,0.303119277358464,0.434628123477341
74,"CV2",5,4,NA,"Group_adjusted","M2","ABR33",21,0.762504541170835,0.870050770167563,0.435046810117073,0.576849269817312
74,"CV2",5,4,NA,"Group_adjusted","M2","JKI",26,0.410466788727235,0.572596949980193,0.465505872635027,0.471557026567411
75,"CV2",5,5,NA,"Group_adjusted","M2","ABR33",23,0.371447560162409,0.59509950818554,0.750877151814844,0.806252977915557
75,"CV2",5,5,NA,"Group_adjusted","M2","JKI",15,0.60987499736265,0.378223133050304,0.447788700254968,0.589092287212052
76,"CV2",6,1,NA,"Group_adjusted","M2","ABR33",23,0.349432557507867,0.714497577624168,0.485370507523842,0.509991506038305
76,"CV2",6,1,NA,"Group_adjusted","M2","JKI",25,0.418040691296782,0.389953257997855,0.521763706395259,0.562183837637261
77,"CV2",6,2,NA,"Group_adjusted","M2","ABR33",21,0.567363970759074,0.57242527021002,0.700471699230277,0.794125538740315
77,"CV2",6,2,NA,"Group_adjusted","M2","JKI",30,-0.0689355530788376,0.37281190985735,0.536290880931542,0.421689840200986
78,"CV2",6,3,NA,"Group_adjusted","M2","ABR33",29,0.478106819791987,0.682814600267704,0.742814231537094,0.836820095648554
78,"CV2",6,3,NA,"Group_adjusted","M2","JKI",20,0.73139832806538,0.854575280255726,0.366101691801578,0.501649516758586
79,"CV2",6,4,NA,"Group_adjusted","M2","ABR33",33,0.738886697548766,0.886456194673902,0.608678033022876,0.737544461341166
79,"CV2",6,4,NA,"Group_adjusted","M2","JKI",21,0.714823646658362,0.794521314794176,0.403389200071536,0.533687547327584
80,"CV2",6,5,NA,"Group_adjusted","M2","ABR33",18,0.1718856686666,0.293401135607622,0.907686165918277,0.921472834438474
80,"CV2",6,5,NA,"Group_adjusted","M2","JKI",28,0.661406558674959,0.817732380329886,0.297819584490114,0.413732477158853
81,"CV2",7,1,NA,"Group_adjusted","M2","ABR33",28,0.375448511681847,0.658805827988017,0.720458951751472,0.774235550671069
81,"CV2",7,1,NA,"Group_adjusted","M2","JKI",26,0.752611877768185,0.852109414806389,0.381137275266187,0.550665219086928
82,"CV2",7,2,NA,"Group_adjusted","M2","ABR33",22,0.689600975222067,0.814954290442711,0.835341711336608,1.01203459156102
82,"CV2",7,2,NA,"Group_adjusted","M2","JKI",25,0.099405123406622,0.322291875630809,0.534923718458347,0.41102725379784
83,"CV2",7,3,NA,"Group_adjusted","M2","ABR33",20,0.624890771990715,0.832321570882299,0.620888304277153,0.705387858737112
83,"CV2",7,3,NA,"Group_adjusted","M2","JKI",28,0.641581289525275,0.531955390076742,0.453335984907487,0.568992206214004
84,"CV2",7,4,NA,"Group_adjusted","M2","ABR33",29,0.458911544388951,0.307178922111778,0.657949662657584,0.72075013239348
84,"CV2",7,4,NA,"Group_adjusted","M2","JKI",22,0.527682253522411,0.723536522409934,0.437999118418583,0.511668080099191
85,"CV2",7,5,NA,"Group_adjusted","M2","ABR33",25,0.372277068838969,0.655649994330874,0.542249523136063,0.583811749806364
85,"CV2",7,5,NA,"Group_adjusted","M2","JKI",23,0.503671202429607,0.484495622998095,0.349279090373334,0.374927245849518
86,"CV2",8,1,NA,"Group_adjusted","M2","ABR33",21,0.58203061501406,0.669404824563036,0.687249020819968,0.757161078850365
86,"CV2",8,1,NA,"Group_adjusted","M2","JKI",23,0.586551870522215,0.664100134697593,0.374733395540957,0.455778323295604
87,"CV2",8,2,NA,"Group_adjusted","M2","ABR33",31,0.68289091776687,0.787214970801985,0.863241010153836,0.99589881245327
87,"CV2",8,2,NA,"Group_adjusted","M2","JKI",22,0.286507023206444,0.410638105610752,0.435474701797518,0.428432173203908
88,"CV2",8,3,NA,"Group_adjusted","M2","ABR33",26,0.0845903209322361,0.509702072119179,0.642050688094568,0.618528069827524
88,"CV2",8,3,NA,"Group_adjusted","M2","JKI",23,0.467537396346161,0.627650991975226,0.451882441503139,0.465440744021465
89,"CV2",8,4,NA,"Group_adjusted","M2","ABR33",24,0.373766755101541,0.469439640492317,0.532122052358368,0.571894150693034
89,"CV2",8,4,NA,"Group_adjusted","M2","JKI",34,0.515025930100484,0.673381730727138,0.459120779779247,0.526061110740059
90,"CV2",8,5,NA,"Group_adjusted","M2","ABR33",22,0.469482478460228,0.544990225659834,0.805315920203604,0.887006961001279
90,"CV2",8,5,NA,"Group_adjusted","M2","JKI",22,0.605562142436374,0.76887771323653,0.405337268902455,0.523017108836822
91,"CV2",9,1,NA,"Group_adjusted","M2","ABR33",28,0.58214884938492,0.688680381129401,0.545978190753633,0.593464966122253
91,"CV2",9,1,NA,"Group_adjusted","M2","JKI",22,0.618868750606125,0.754190406356704,0.449338902420908,0.570258617345207
92,"CV2",9,2,NA,"Group_adjusted","M2","ABR33",16,0.388716508279221,0.614583316839653,1.00309070537636,1.09688091248055
92,"CV2",9,2,NA,"Group_adjusted","M2","JKI",34,0.221193328722404,0.476313623580755,0.511032523906483,0.38346809578262
93,"CV2",9,3,NA,"Group_adjusted","M2","ABR33",19,0.817600206264051,0.679179065082794,0.745234973580505,0.890375140657344
93,"CV2",9,3,NA,"Group_adjusted","M2","JKI",24,0.694930040239093,0.802248284988001,0.457061328679731,0.586352033684551
94,"CV2",9,4,NA,"Group_adjusted","M2","ABR33",33,0.62545778758618,0.776650884875869,0.683245976557232,0.777765178386343
94,"CV2",9,4,NA,"Group_adjusted","M2","JKI",27,0.478667836857977,0.516474681798749,0.491361678752745,0.547545459920607
95,"CV2",9,5,NA,"Group_adjusted","M2","ABR33",28,0.152449734651395,0.47649264851286,0.59603625387941,0.586396055096706
95,"CV2",9,5,NA,"Group_adjusted","M2","JKI",17,0.497053441129744,0.671652941792362,0.336691353642216,0.335488627733079
96,"CV2",10,1,NA,"Group_adjusted","M2","ABR33",16,0.575166845486923,0.740814139866951,0.847831185908702,0.981550561395482
96,"CV2",10,1,NA,"Group_adjusted","M2","JKI",31,0.463046076667314,0.554487377077387,0.427197784145127,0.478286928789125
97,"CV2",10,2,NA,"Group_adjusted","M2","ABR33",21,0.661902588878806,0.867739971628168,0.415579879043918,0.511215046538876
97,"CV2",10,2,NA,"Group_adjusted","M2","JKI",25,0.302112655845376,0.636446947850973,0.486523574224371,0.485141355605646
98,"CV2",10,3,NA,"Group_adjusted","M2","ABR33",31,0.486702337738743,0.688071423624858,0.57540933050359,0.650026129845789
98,"CV2",10,3,NA,"Group_adjusted","M2","JKI",22,0.663227716289259,0.725251471963294,0.416394731533584,0.544657329426186
99,"CV2",10,4,NA,"Group_adjusted","M2","ABR33",27,0.429693828127905,0.675200074452141,0.777028769989345,0.842629295123283
99,"CV2",10,4,NA,"Group_adjusted","M2","JKI",26,0.636415384055244,0.769644614737912,0.375804797121119,0.463639650773593
100,"CV2",10,5,NA,"Group_adjusted","M2","ABR33",29,0.448483896237171,0.426555961699672,0.708546453164397,0.787704706993756
100,"CV2",10,5,NA,"Group_adjusted","M2","JKI",20,0.30827171533635,0.530301452603149,0.477897020461066,0.435684118011067
101,"Sparse25",1,1,0,"Group_adjusted","M2","ABR33",100,0.324910217705142,0.62037304209241,0.775368069444315,0.798827690689508
101,"Sparse25",1,1,0,"Group_adjusted","M2","JKI",99,0.333923338862422,0.580935922515928,0.498857937370779,0.52325906797857
102,"Sparse25",2,1,0,"Group_adjusted","M2","ABR33",100,0.115498142105692,0.509190537643698,1.00502319251973,1.0096360600927
102,"Sparse25",2,1,0,"Group_adjusted","M2","JKI",99,0.222966383180349,0.550291142917799,0.490021821111058,0.502525090333866
103,"Sparse25",3,1,0,"Group_adjusted","M2","ABR33",100,0.159620583088534,0.570396819226854,0.823953297092364,0.831889917616095
103,"Sparse25",3,1,0,"Group_adjusted","M2","JKI",99,-0.0844202821532369,0.496838081692122,0.55350859379817,0.538299300975287
104,"Sparse25",4,1,0,"Group_adjusted","M2","ABR33",100,0.200477772739413,0.590773909745491,0.737832766275182,0.748605501713183
104,"Sparse25",4,1,0,"Group_adjusted","M2","JKI",99,0.287814951618838,0.596056062654992,0.464173161189541,0.484782689097445
105,"Sparse25",5,1,0,"Group_adjusted","M2","ABR33",100,0.340929304680842,0.629369161414511,0.703743134750147,0.720182762476439
105,"Sparse25",5,1,0,"Group_adjusted","M2","JKI",99,0.259007195311897,0.581338816094471,0.479158473178787,0.492682179066675
106,"Sparse25",6,1,0,"Group_adjusted","M2","ABR33",100,0.36617894973114,0.608203338543094,0.794497623067211,0.828772194045631
106,"Sparse25",6,1,0,"Group_adjusted","M2","JKI",99,0.151078600472415,0.578142879813872,0.442635363356028,0.448432130950556
107,"Sparse25",7,1,0,"Group_adjusted","M2","ABR33",100,0.178966362995534,0.582232966116374,0.747319671946619,0.756470915885821
107,"Sparse25",7,1,0,"Group_adjusted","M2","JKI",99,0.304248543241498,0.555066415227182,0.504133523525104,0.529270251197357
108,"Sparse25",8,1,0,"Group_adjusted","M2","ABR33",100,0.331975307309709,0.602828134232005,0.679980554958932,0.700070430770548
108,"Sparse25",8,1,0,"Group_adjusted","M2","JKI",99,0.273151890574381,0.561628092516033,0.466472691531418,0.482415694643912
109,"Sparse25",9,1,0,"Group_adjusted","M2","ABR33",100,0.00497997845358854,0.517620989605991,0.81777355937047,0.814851848910908
109,"Sparse25",9,1,0,"Group_adjusted","M2","JKI",99,0.0808350194014854,0.513756712456122,0.522969587015751,0.521135780708112
110,"Sparse25",10,1,0,"Group_adjusted","M2","ABR33",100,0.188051598004362,0.499104735770997,0.82787075716685,0.837826708942096
110,"Sparse25",10,1,0,"Group_adjusted","M2","JKI",99,0.187885293625624,0.514232486045642,0.499633803253855,0.503514918274307
111,"Sparse25",1,1,5,"Group_adjusted","M2","ABR33",100,-0.0193067433189243,0.511626527694837,0.789412056518312,0.784540826672516
111,"Sparse25",1,1,5,"Group_adjusted","M2","JKI",99,0.477683320730361,0.62725761696055,0.468015285249184,0.521603863393921
112,"Sparse25",2,1,5,"Group_adjusted","M2","ABR33",100,0.282680232655805,0.567530148688908,0.778666089604786,0.803276188100469
112,"Sparse25",2,1,5,"Group_adjusted","M2","JKI",99,0.335155461448314,0.593437482427724,0.479091132836707,0.507617596199908
113,"Sparse25",3,1,5,"Group_adjusted","M2","ABR33",100,0.258332892477024,0.536839478562311,0.790212218720967,0.807398636751499
113,"Sparse25",3,1,5,"Group_adjusted","M2","JKI",99,0.103459165161849,0.509932610249433,0.49394758354405,0.498585580172163
114,"Sparse25",4,1,5,"Group_adjusted","M2","ABR33",100,0.328008262505941,0.586970937467185,0.818683368902647,0.855483617088876
114,"Sparse25",4,1,5,"Group_adjusted","M2","JKI",99,0.25319949709973,0.578312111748586,0.444668852771734,0.457811236296454
115,"Sparse25",5,1,5,"Group_adjusted","M2","ABR33",100,0.350220588339519,0.615649818499338,0.67350828590358,0.693652570626521
115,"Sparse25",5,1,5,"Group_adjusted","M2","JKI",99,0.269597743472,0.458629540581486,0.525941861313983,0.546035028529017
116,"Sparse25",6,1,5,"Group_adjusted","M2","ABR33",100,0.180380447366659,0.485151384438679,0.820355157850748,0.831991024500681
116,"Sparse25",6,1,5,"Group_adjusted","M2","JKI",99,0.232332560785945,0.554907027397556,0.479328028769573,0.507473718232789
117,"Sparse25",7,1,5,"Group_adjusted","M2","ABR33",100,0.303610816978568,0.65296073880787,0.758921969651294,0.779107418007819
117,"Sparse25",7,1,5,"Group_adjusted","M2","JKI",99,0.248533391320597,0.581584924503291,0.457765782547389,0.472586386369428
118,"Sparse25",8,1,5,"Group_adjusted","M2","ABR33",100,0.256142195673711,0.597701912113665,0.698016491336753,0.718489643553938
118,"Sparse25",8,1,5,"Group_adjusted","M2","JKI",99,0.39470946292692,0.608363364715717,0.453056357116282,0.490095541781131
119,"Sparse25",9,1,5,"Group_adjusted","M2","ABR33",100,0.160726201847422,0.526545414790148,0.790756921619602,0.797961545765441
119,"Sparse25",9,1,5,"Group_adjusted","M2","JKI",99,0.168922799673408,0.54725977772952,0.511018328362564,0.523184999755101
120,"Sparse25",10,1,5,"Group_adjusted","M2","ABR33",100,0.248126477397157,0.583777562421242,0.721315576974768,0.737263250920316
120,"Sparse25",10,1,5,"Group_adjusted","M2","JKI",99,0.332721681758369,0.603261234271773,0.511564329355682,0.531563104902989
121,"Sparse25",1,1,10,"Group_adjusted","M2","ABR33",100,0.318848280751956,0.570648307947871,0.856377793788181,0.880266543577972
121,"Sparse25",1,1,10,"Group_adjusted","M2","JKI",99,0.283800950881703,0.564907728495306,0.4530918831382,0.468917592907765
122,"Sparse25",2,1,10,"Group_adjusted","M2","ABR33",100,0.0999643173349677,0.515113924198422,0.864441582703849,0.859374879993853
122,"Sparse25",2,1,10,"Group_adjusted","M2","JKI",99,0.0705406702799659,0.055840046118493,0.610719495288924,0.60651528719256
123,"Sparse25",3,1,10,"Group_adjusted","M2","ABR33",100,0.206786856627946,0.563487125237727,0.78720429767087,0.793920769167343
123,"Sparse25",3,1,10,"Group_adjusted","M2","JKI",99,0.0119476327108703,0.405165097938408,0.520337249399936,0.512061817444378
124,"Sparse25",4,1,10,"Group_adjusted","M2","ABR33",100,0.322093790211074,0.587037371825627,0.801488616976436,0.822255906780731
124,"Sparse25",4,1,10,"Group_adjusted","M2","JKI",99,0.237924751659719,0.572745209642381,0.470149877743553,0.479478100295897
125,"Sparse25",5,1,10,"Group_adjusted","M2","ABR33",100,0.0148453411900746,0.527074456694129,0.726180962788412,0.72629356043717
125,"Sparse25",5,1,10,"Group_adjusted","M2","JKI",99,0.206341309134224,0.558924480033252,0.513213402226268,0.530460305743613
126,"Sparse25",6,1,10,"Group_adjusted","M2","ABR33",100,0.414847033947913,0.317694549914201,0.920884570336818,0.940660260336075
126,"Sparse25",6,1,10,"Group_adjusted","M2","JKI",99,0.250310922719648,0.545409057390207,0.501913091999654,0.518808123074536
127,"Sparse25",7,1,10,"Group_adjusted","M2","ABR33",100,0.235190547942638,0.613550077928659,0.69979076257195,0.711215281613336
127,"Sparse25",7,1,10,"Group_adjusted","M2","JKI",99,0.258708191410916,0.526482734780101,0.515089374395668,0.542735380412914
128,"Sparse25",8,1,10,"Group_adjusted","M2","ABR33",100,0.22549632732283,0.571215994339821,0.733698088911602,0.74426512575917
128,"Sparse25",8,1,10,"Group_adjusted","M2","JKI",99,0.193996581761329,0.550807933108297,0.503402752804978,0.518653538083869
129,"Sparse25",9,1,10,"Group_adjusted","M2","ABR33",100,0.219724235567076,0.545129004575365,0.905619044351586,0.913700647816354
129,"Sparse25",9,1,10,"Group_adjusted","M2","JKI",99,0.210069132736131,0.57585730474432,0.493342139938968,0.504835458027358
130,"Sparse25",10,1,10,"Group_adjusted","M2","ABR33",100,0.170984757530012,0.55247786760939,0.737740555021653,0.746647164466856
130,"Sparse25",10,1,10,"Group_adjusted","M2","JKI",99,0.208784836130703,0.560965267464011,0.497277777967364,0.497718155950143
131,"Sparse25",1,1,15,"Group_adjusted","M2","ABR33",100,0.241115834001171,0.597576109161544,0.76708805026394,0.777900195162002
131,"Sparse25",1,1,15,"Group_adjusted","M2","JKI",99,0.024123951198892,0.361517443920802,0.595308534201559,0.605234816904218
132,"Sparse25",2,1,15,"Group_adjusted","M2","ABR33",100,0.287282135082759,0.566923835449272,0.841208720538932,0.855107016447067
132,"Sparse25",2,1,15,"Group_adjusted","M2","JKI",99,0.13525466515246,0.534101042240241,0.493462435641217,0.498622812884084
133,"Sparse25",3,1,15,"Group_adjusted","M2","ABR33",100,0.213714543858521,0.620097436785037,0.757097987338304,0.770062257872543
133,"Sparse25",3,1,15,"Group_adjusted","M2","JKI",99,0.0826220386827837,0.531869035008992,0.516070925641315,0.525055402271422
134,"Sparse25",4,1,15,"Group_adjusted","M2","ABR33",100,0.214739913199595,0.56221810889206,0.785560576257532,0.796170134897069
134,"Sparse25",4,1,15,"Group_adjusted","M2","JKI",99,0.219706280320493,0.566920864120753,0.487386995555452,0.501397981214046
135,"Sparse25",5,1,15,"Group_adjusted","M2","ABR33",100,0.1417369909411,0.483875131636316,0.787600726716429,0.792803784734879
135,"Sparse25",5,1,15,"Group_adjusted","M2","JKI",99,0.300657730731859,0.534209876679226,0.476594623539937,0.489828263113089
136,"Sparse25",6,1,15,"Group_adjusted","M2","ABR33",100,0.0981510576901726,0.54365333098988,0.769655106555155,0.773095607757283
136,"Sparse25",6,1,15,"Group_adjusted","M2","JKI",99,0.0849216948931514,0.535621138412141,0.495919820788223,0.494465655103646
137,"Sparse25",7,1,15,"Group_adjusted","M2","ABR33",100,0.247669968806211,0.57283969286063,0.862105692875359,0.871369848718522
137,"Sparse25",7,1,15,"Group_adjusted","M2","JKI",99,0.147166052273926,0.421744935072577,0.563735112167523,0.570222225903467
138,"Sparse25",8,1,15,"Group_adjusted","M2","ABR33",100,0.231224317169026,0.615346599935032,0.788051660911384,0.797014948470747
138,"Sparse25",8,1,15,"Group_adjusted","M2","JKI",99,0.215406677533897,0.53568910226936,0.511053597788585,0.515967997909023
139,"Sparse25",9,1,15,"Group_adjusted","M2","ABR33",100,0.179256967894281,0.578417692313178,0.753429677663555,0.76367223679745
139,"Sparse25",9,1,15,"Group_adjusted","M2","JKI",99,0.150189732883748,0.551202470825636,0.497433259333559,0.488111763286701
140,"Sparse25",10,1,15,"Group_adjusted","M2","ABR33",100,0.108452920332001,0.599420131626564,0.731413737277514,0.737648698867132
140,"Sparse25",10,1,15,"Group_adjusted","M2","JKI",99,0.253898934095731,0.580140218408266,0.476188656278782,0.492596655379022
141,"Sparse25",1,1,20,"Group_adjusted","M2","ABR33",100,0.0692564906203157,0.569055139629034,0.780166419977231,0.781685861253169
141,"Sparse25",1,1,20,"Group_adjusted","M2","JKI",99,0.165428624433432,0.565519160437482,0.519401249787607,0.53345474161441
142,"Sparse25",2,1,20,"Group_adjusted","M2","ABR33",100,0.192193835164014,0.58713052134889,0.744435040848322,0.749190434274352
142,"Sparse25",2,1,20,"Group_adjusted","M2","JKI",99,0.0282100384923116,0.495229364931566,0.552504804837854,0.54800159919341
143,"Sparse25",3,1,20,"Group_adjusted","M2","ABR33",100,0.43568369113328,0.542492342030566,0.758618546606806,0.771892772153834
143,"Sparse25",3,1,20,"Group_adjusted","M2","JKI",99,0.288030509805164,0.541568967258514,0.474463488160471,0.498666249014728
144,"Sparse25",4,1,20,"Group_adjusted","M2","ABR33",100,0.1207086783844,0.515342749326878,0.822007914862834,0.826435376157517
144,"Sparse25",4,1,20,"Group_adjusted","M2","JKI",99,0.175360966006743,0.547867040547751,0.509681684795213,0.538798003373712
145,"Sparse25",5,1,20,"Group_adjusted","M2","ABR33",100,0.287597184655018,0.581469285854758,0.807511787343413,0.816687228050838
145,"Sparse25",5,1,20,"Group_adjusted","M2","JKI",99,0.251303376188905,0.580460712698598,0.523153898047282,0.532803625949386
146,"Sparse25",6,1,20,"Group_adjusted","M2","ABR33",100,0.177426605689607,0.55610080331607,0.736273329087773,0.742687680032246
146,"Sparse25",6,1,20,"Group_adjusted","M2","JKI",99,0.193332707136389,0.560839652181736,0.529592448250494,0.536148691634422
147,"Sparse25",7,1,20,"Group_adjusted","M2","ABR33",100,0.3513766434468,0.637139645209419,0.674923604286153,0.696203551573933
147,"Sparse25",7,1,20,"Group_adjusted","M2","JKI",99,0.166079289703,0.541871925663755,0.463333952786,0.466245356432766
148,"Sparse25",8,1,20,"Group_adjusted","M2","ABR33",100,0.12273372171743,0.583921975039487,0.740832043578528,0.746020744900072
148,"Sparse25",8,1,20,"Group_adjusted","M2","JKI",99,0.277899117741782,0.614992374380086,0.44329155835023,0.456055030218987
149,"Sparse25",9,1,20,"Group_adjusted","M2","ABR33",100,0.26637156470542,0.586476308879827,0.704756766740028,0.719987387374821
149,"Sparse25",9,1,20,"Group_adjusted","M2","JKI",99,0.0201744740958783,0.555304521053413,0.47940110839717,0.463008504593611
150,"Sparse25",10,1,20,"Group_adjusted","M2","ABR33",100,0.239752489550699,0.516988445841606,0.852619418931323,0.873222179361931
150,"Sparse25",10,1,20,"Group_adjusted","M2","JKI",99,0.414949488659933,0.608304145693835,0.500786359701439,0.536051901989427
151,"Sparse25",1,1,25,"Group_adjusted","M2","ABR33",100,0.156991941335753,0.55179366357386,0.792250572698405,0.796721740000133
151,"Sparse25",1,1,25,"Group_adjusted","M2","JKI",99,0.249249357801861,0.559561278678981,0.471167963411968,0.477815451420076
152,"Sparse25",2,1,25,"Group_adjusted","M2","ABR33",100,0.0422355477941716,0.479513106338058,0.973244005202135,0.974736156139261
152,"Sparse25",2,1,25,"Group_adjusted","M2","JKI",99,0.228636489769223,0.534951517819035,0.541812437665588,0.551699317139474
153,"Sparse25",3,1,25,"Group_adjusted","M2","ABR33",100,0.161361534018931,0.557739824178587,0.824852032243253,0.829418944701392
153,"Sparse25",3,1,25,"Group_adjusted","M2","JKI",99,0.203140488747824,0.559320904527722,0.483576452743746,0.486680408823835
154,"Sparse25",4,1,25,"Group_adjusted","M2","ABR33",100,0.134229916192652,0.580732908490191,0.847422147882181,0.853302011604524
154,"Sparse25",4,1,25,"Group_adjusted","M2","JKI",99,-0.0500146161189416,0.551332140502792,0.499784076289644,0.499048077681974
155,"Sparse25",5,1,25,"Group_adjusted","M2","ABR33",100,0.33097817519747,0.619537653755107,0.726728742634949,0.732042388205461
155,"Sparse25",5,1,25,"Group_adjusted","M2","JKI",99,0.336673910496166,0.511745165141947,0.46867392873533,0.475043229215405
156,"Sparse25",6,1,25,"Group_adjusted","M2","ABR33",100,0.205703564772831,0.543377928616398,0.801168613184891,0.811397547072012
156,"Sparse25",6,1,25,"Group_adjusted","M2","JKI",99,0.362555052236647,0.558566599457058,0.463129153726286,0.483157062521289
157,"Sparse25",7,1,25,"Group_adjusted","M2","ABR33",100,0.12140738075635,0.517662563022647,0.780234519646073,0.783093894751196
157,"Sparse25",7,1,25,"Group_adjusted","M2","JKI",99,0.119857226274153,0.482827592911576,0.550225633380293,0.543060382602061
158,"Sparse25",8,1,25,"Group_adjusted","M2","ABR33",100,0.32729956972529,0.575238380919085,0.761326867353984,0.766939008278104
158,"Sparse25",8,1,25,"Group_adjusted","M2","JKI",99,0.205381035440736,0.512536191228525,0.492492473591975,0.496029203518035
159,"Sparse25",9,1,25,"Group_adjusted","M2","ABR33",100,0.222811384184418,0.55120752753293,0.79349909727157,0.800310501128628
159,"Sparse25",9,1,25,"Group_adjusted","M2","JKI",99,0.32022454892192,0.523658108468671,0.54265448333351,0.555050780158268
160,"Sparse25",10,1,25,"Group_adjusted","M2","ABR33",100,0.0288864868894698,0.53960316179626,0.765123416230414,0.765333424131855
160,"Sparse25",10,1,25,"Group_adjusted","M2","JKI",99,0.123907718557121,0.542941584862162,0.512774654234107,0.513555227841377
1,"CV1",1,1,NA,"Group_adjusted","M3","ABR33",25,0.16756539765748,0.699611363227457,0.884564131278052,0.890411066262453
1,"CV1",1,1,NA,"Group_adjusted","M3","JKI",25,0.404606229580659,0.583902626334605,0.598012980869272,0.618925137706503
2,"CV1",1,2,NA,"Group_adjusted","M3","ABR33",25,0.427342836080212,0.73739312319858,0.877306843479791,0.896189286785138
2,"CV1",1,2,NA,"Group_adjusted","M3","JKI",25,0.529945684329348,0.599003119651604,0.452429646614298,0.478671798696215
3,"CV1",1,3,NA,"Group_adjusted","M3","ABR33",25,0.326470302779568,0.479353504268307,0.587613651708427,0.609631697804817
3,"CV1",1,3,NA,"Group_adjusted","M3","JKI",25,0.0994450848962542,0.427121993497184,0.332988370452876,0.337167745562773
4,"CV1",1,4,NA,"Group_adjusted","M3","ABR33",25,0.173643952397735,0.486114562382238,0.654726251706499,0.663501030049754
4,"CV1",1,4,NA,"Group_adjusted","M3","JKI",25,0.388761319406385,0.650289806784877,0.462030516328039,0.488394061933118
5,"CV1",1,5,NA,"Group_adjusted","M3","ABR33",25,-0.210528027923064,0.458100555861944,0.790118270898303,0.753974174613063
5,"CV1",1,5,NA,"Group_adjusted","M3","JKI",24,0.475764173076171,0.647245729805196,0.4204584387821,0.458063325802365
6,"CV1",2,1,NA,"Group_adjusted","M3","ABR33",25,0.52193869471081,0.779280439507486,0.67356124459037,0.727426104930272
6,"CV1",2,1,NA,"Group_adjusted","M3","JKI",25,0.360724030178617,0.735158086046424,0.519835034495283,0.548571395182672
7,"CV1",2,2,NA,"Group_adjusted","M3","ABR33",25,0.148159802988067,0.381713777068307,0.79715143326268,0.805827534472638
7,"CV1",2,2,NA,"Group_adjusted","M3","JKI",24,0.610096034856486,0.434475937980418,0.470323317770416,0.50393268740709
8,"CV1",2,3,NA,"Group_adjusted","M3","ABR33",25,0.231653939777019,0.643160337080595,0.88116853868635,0.906372739370291
8,"CV1",2,3,NA,"Group_adjusted","M3","JKI",25,0.439418178046855,0.707450346936329,0.438970900930193,0.475490837737943
9,"CV1",2,4,NA,"Group_adjusted","M3","ABR33",25,-0.00418357272490265,0.493047106860943,0.682774891936485,0.679355984971475
9,"CV1",2,4,NA,"Group_adjusted","M3","JKI",25,0.367768462182263,0.636737503388779,0.343462572457842,0.363977836970186
10,"CV1",2,5,NA,"Group_adjusted","M3","ABR33",25,0.672491168075109,0.584111908496234,0.54946208915449,0.597329056340615
10,"CV1",2,5,NA,"Group_adjusted","M3","JKI",25,0.430363827660769,0.392961593112159,0.464006862286138,0.494737479741847
11,"CV1",3,1,NA,"Group_adjusted","M3","ABR33",25,0.0164275139857519,0.657505244887251,0.583931261280667,0.584749097813495
11,"CV1",3,1,NA,"Group_adjusted","M3","JKI",24,0.552194258685312,0.598472179223652,0.381258646239355,0.42390916815501
12,"CV1",3,2,NA,"Group_adjusted","M3","ABR33",25,0.364815602478205,0.571583315900105,0.664882259224306,0.685255670250819
12,"CV1",3,2,NA,"Group_adjusted","M3","JKI",25,0.31339808759523,0.373744532391588,0.418628738942104,0.434641758187376
13,"CV1",3,3,NA,"Group_adjusted","M3","ABR33",25,0.303942007931739,0.67196615370793,0.819158377864187,0.853482927865225
13,"CV1",3,3,NA,"Group_adjusted","M3","JKI",25,0.430730737702006,0.636243226970177,0.555909414717426,0.597637377471553
14,"CV1",3,4,NA,"Group_adjusted","M3","ABR33",25,0.626425516570886,0.691654258376067,0.882703843070944,0.926216122720034
14,"CV1",3,4,NA,"Group_adjusted","M3","JKI",25,0.442275761749502,0.696903728365843,0.451197667576309,0.474984130474295
15,"CV1",3,5,NA,"Group_adjusted","M3","ABR33",25,0.450708504483513,0.499477440683398,0.680514696711096,0.714977654447644
15,"CV1",3,5,NA,"Group_adjusted","M3","JKI",25,0.505482260297468,0.599048664496073,0.456663146325264,0.492117070758203
16,"CV1",4,1,NA,"Group_adjusted","M3","ABR33",25,-0.0918375090243595,0.735530553371819,0.63885192516549,0.625992224233933
16,"CV1",4,1,NA,"Group_adjusted","M3","JKI",24,0.194734280253686,0.537381162786216,0.527571490042293,0.534514628453866
17,"CV1",4,2,NA,"Group_adjusted","M3","ABR33",25,0.373386429175652,0.617863318278944,0.748907237877776,0.775084440449188
17,"CV1",4,2,NA,"Group_adjusted","M3","JKI",25,0.393808292756487,0.518316206012418,0.39519320140146,0.420005295343873
18,"CV1",4,3,NA,"Group_adjusted","M3","ABR33",25,0.71163474015047,0.520790145410642,0.769248460839662,0.807368173180382
18,"CV1",4,3,NA,"Group_adjusted","M3","JKI",25,0.733385547425167,0.569267846713874,0.515543235276102,0.55751754243879
19,"CV1",4,4,NA,"Group_adjusted","M3","ABR33",25,0.0284643135645142,0.445293570781018,0.830828091316867,0.826010453484467
19,"CV1",4,4,NA,"Group_adjusted","M3","JKI",25,0.366456448143937,0.788585694207744,0.410895887872301,0.433507760778624
20,"CV1",4,5,NA,"Group_adjusted","M3","ABR33",25,0.240745572255558,0.656771994957494,0.722682750102369,0.751598125005081
20,"CV1",4,5,NA,"Group_adjusted","M3","JKI",25,0.477775156435897,0.66734175021786,0.418316802440726,0.46263880219347
21,"CV1",5,1,NA,"Group_adjusted","M3","ABR33",25,0.164615253934283,0.637295533955452,0.642193532260756,0.655858563377863
21,"CV1",5,1,NA,"Group_adjusted","M3","JKI",25,0.35451470778023,0.573485325028652,0.400501047149747,0.417226960523164
22,"CV1",5,2,NA,"Group_adjusted","M3","ABR33",25,0.353283876447646,0.520031204966123,0.82962652855315,0.855577838016031
22,"CV1",5,2,NA,"Group_adjusted","M3","JKI",25,0.576077434703515,0.578742628630446,0.49119236677439,0.535285756455753
23,"CV1",5,3,NA,"Group_adjusted","M3","ABR33",25,0.0834993784471964,0.784858466564291,0.687975054116195,0.691426372556003
23,"CV1",5,3,NA,"Group_adjusted","M3","JKI",25,0.0657436093959704,0.518859441031482,0.535665581265882,0.535966651833768
24,"CV1",5,4,NA,"Group_adjusted","M3","ABR33",25,0.379155865323806,0.605128618121968,0.731298506547706,0.760873866214104
24,"CV1",5,4,NA,"Group_adjusted","M3","JKI",25,0.451126254895115,0.692280878089948,0.40332647892159,0.436359215193862
25,"CV1",5,5,NA,"Group_adjusted","M3","ABR33",25,0.354555646576555,0.338864168973345,0.770537979037436,0.794443199949363
25,"CV1",5,5,NA,"Group_adjusted","M3","JKI",24,0.501323285706525,0.587586342001175,0.431829668368985,0.462073360656714
26,"CV1",6,1,NA,"Group_adjusted","M3","ABR33",25,0.544946216646757,0.332765837192674,0.955018442750252,0.98314585992551
26,"CV1",6,1,NA,"Group_adjusted","M3","JKI",25,0.659209224265733,0.0253534716321486,0.486638386917196,0.526157252121742
27,"CV1",6,2,NA,"Group_adjusted","M3","ABR33",25,0.120690054793217,0.655483275249874,0.807346621885931,0.816083799971684
27,"CV1",6,2,NA,"Group_adjusted","M3","JKI",25,0.40032518215192,0.78777011541214,0.404820622834655,0.427897026148391
28,"CV1",6,3,NA,"Group_adjusted","M3","ABR33",25,0.0399507189894021,0.65347549262539,0.599110797458338,0.594396962951093
28,"CV1",6,3,NA,"Group_adjusted","M3","JKI",25,0.173882251336806,0.527069323520369,0.424941958233681,0.42926011617494
29,"CV1",6,4,NA,"Group_adjusted","M3","ABR33",25,0.255179957249301,0.609415435836981,0.69156875979213,0.702472116499211
29,"CV1",6,4,NA,"Group_adjusted","M3","JKI",24,0.414913903055417,0.638447771086605,0.478705117664125,0.503431168534803
30,"CV1",6,5,NA,"Group_adjusted","M3","ABR33",25,0.363245337434891,0.687343403294104,0.614170436654335,0.646811105280015
30,"CV1",6,5,NA,"Group_adjusted","M3","JKI",25,0.494509449593964,0.7830005821949,0.502324235967749,0.542856849198292
31,"CV1",7,1,NA,"Group_adjusted","M3","ABR33",25,0.575011653959415,0.674403261071745,0.866142087437129,0.921471082667298
31,"CV1",7,1,NA,"Group_adjusted","M3","JKI",25,0.707285146537517,0.894376351201539,0.546205371015635,0.593807659500662
32,"CV1",7,2,NA,"Group_adjusted","M3","ABR33",25,0.378814517799365,0.512923657375129,0.935939404957162,0.971056879282896
32,"CV1",7,2,NA,"Group_adjusted","M3","JKI",25,0.309192944599992,0.501060389290971,0.609893404814484,0.636644392765332
33,"CV1",7,3,NA,"Group_adjusted","M3","ABR33",25,0.19679973310494,0.744206143289585,0.432836401536393,0.442983133943219
33,"CV1",7,3,NA,"Group_adjusted","M3","JKI",24,0.620986322708322,0.45096741465194,0.346094790222318,0.384653066440843
34,"CV1",7,4,NA,"Group_adjusted","M3","ABR33",25,0.278757408876443,0.627240831492621,0.57520428195479,0.609058103490324
34,"CV1",7,4,NA,"Group_adjusted","M3","JKI",25,0.310116926906666,0.385393155145655,0.426770102162869,0.444206020488699
35,"CV1",7,5,NA,"Group_adjusted","M3","ABR33",25,0.2575264399691,0.587573168700141,0.744670419430612,0.763840366952098
35,"CV1",7,5,NA,"Group_adjusted","M3","JKI",25,0.048651272476846,0.358135217352244,0.42075877474956,0.413986416960897
36,"CV1",8,1,NA,"Group_adjusted","M3","ABR33",25,0.0903250205766978,0.523467419746855,0.785777419556035,0.782787334253746
36,"CV1",8,1,NA,"Group_adjusted","M3","JKI",25,0.281061748018521,0.602667795527116,0.361309558206668,0.39066272700355
37,"CV1",8,2,NA,"Group_adjusted","M3","ABR33",25,0.761987225666951,0.69235012534445,0.692224980807638,0.745680840323759
37,"CV1",8,2,NA,"Group_adjusted","M3","JKI",25,0.419628433371611,0.58152806315152,0.512789442174183,0.539882910572619
38,"CV1",8,3,NA,"Group_adjusted","M3","ABR33",25,0.444011688421778,0.652822623980525,0.739762411864567,0.781204649425439
38,"CV1",8,3,NA,"Group_adjusted","M3","JKI",24,0.72582922440955,0.577008406288845,0.5400018540162,0.590661129162233
39,"CV1",8,4,NA,"Group_adjusted","M3","ABR33",25,0.348722499036693,0.648540843888974,0.76862703069646,0.792115063619225
39,"CV1",8,4,NA,"Group_adjusted","M3","JKI",25,0.0853414892072744,0.595024459089301,0.376247412905293,0.374467096227964
40,"CV1",8,5,NA,"Group_adjusted","M3","ABR33",25,-0.040651605089018,0.516393437295654,0.668011708049747,0.648741883905244
40,"CV1",8,5,NA,"Group_adjusted","M3","JKI",25,0.22667431302706,0.614619162852548,0.475349852520137,0.485486591279108
41,"CV1",9,1,NA,"Group_adjusted","M3","ABR33",25,0.632674538269758,0.740221515468096,0.643635728574134,0.70668496992133
41,"CV1",9,1,NA,"Group_adjusted","M3","JKI",25,0.489724824569702,0.625309498986623,0.550940244140305,0.587083909674479
42,"CV1",9,2,NA,"Group_adjusted","M3","ABR33",25,0.297554089966565,0.421287568357977,0.896164346119683,0.915655751788652
42,"CV1",9,2,NA,"Group_adjusted","M3","JKI",25,0.322971933709205,0.401186053902467,0.418343856684703,0.434468758772714
43,"CV1",9,3,NA,"Group_adjusted","M3","ABR33",25,0.573081824020645,0.774795908002182,0.666193047365722,0.711614785880867
43,"CV1",9,3,NA,"Group_adjusted","M3","JKI",24,0.433446099266771,0.644958366485691,0.496534490264094,0.526209278864759
44,"CV1",9,4,NA,"Group_adjusted","M3","ABR33",25,0.3172476301588,0.60763695762545,0.67019706424726,0.691510805928174
44,"CV1",9,4,NA,"Group_adjusted","M3","JKI",25,0.302678938453111,0.821978832554102,0.369852879289314,0.383810609037121
45,"CV1",9,5,NA,"Group_adjusted","M3","ABR33",25,0.356875553616507,0.542249379468183,0.704077649526821,0.742688129407913
45,"CV1",9,5,NA,"Group_adjusted","M3","JKI",25,0.249137715825488,0.522967488171469,0.492987833813788,0.525904225315961
46,"CV1",10,1,NA,"Group_adjusted","M3","ABR33",25,0.0219924022565139,0.490212136756577,0.883092281719973,0.880845645521862
46,"CV1",10,1,NA,"Group_adjusted","M3","JKI",25,0.183578596627587,0.649827088679635,0.446115234403177,0.45494186206619
47,"CV1",10,2,NA,"Group_adjusted","M3","ABR33",25,0.626881764793511,0.698256437044609,0.749231994312206,0.802092455033136
47,"CV1",10,2,NA,"Group_adjusted","M3","JKI",25,0.513428783167582,0.641818940987976,0.53405777394201,0.566611725749042
48,"CV1",10,3,NA,"Group_adjusted","M3","ABR33",25,0.48668023269159,0.47683448024417,0.799605058063176,0.827902501517029
48,"CV1",10,3,NA,"Group_adjusted","M3","JKI",25,0.133897637386636,0.581734825188281,0.410681127301376,0.408209396322254
49,"CV1",10,4,NA,"Group_adjusted","M3","ABR33",25,0.498645905195294,0.787695252837378,0.589517420014717,0.624376321341623
49,"CV1",10,4,NA,"Group_adjusted","M3","JKI",24,0.528225933425336,0.493659038575279,0.546948985004235,0.579723483793462
50,"CV1",10,5,NA,"Group_adjusted","M3","ABR33",25,-0.0184845758145996,0.536886683096138,0.578632465330993,0.560087516878114
50,"CV1",10,5,NA,"Group_adjusted","M3","JKI",25,0.420652869856498,0.65418518957457,0.341104376874319,0.371802053762173
51,"CV2",1,1,NA,"Group_adjusted","M3","ABR33",25,0.55849813977361,0.569368388131489,0.903302046271726,1.02318380347761
51,"CV2",1,1,NA,"Group_adjusted","M3","JKI",20,0.41300300549899,0.430071259498891,0.405984484499846,0.463807054307644
52,"CV2",1,2,NA,"Group_adjusted","M3","ABR33",28,0.559720528110675,0.772491786193517,0.523493303437996,0.617184571224938
52,"CV2",1,2,NA,"Group_adjusted","M3","JKI",26,0.455455251605906,0.668013768741069,0.497453152348808,0.515325065409041
53,"CV2",1,3,NA,"Group_adjusted","M3","ABR33",24,0.42892854515889,0.749350722898457,0.63572541498685,0.695683638658662
53,"CV2",1,3,NA,"Group_adjusted","M3","JKI",30,0.449646696136012,0.685115320753785,0.471156148584853,0.506906997152504
54,"CV2",1,4,NA,"Group_adjusted","M3","ABR33",27,0.430794953721319,0.724622355813801,0.50449109585238,0.568768609155549
54,"CV2",1,4,NA,"Group_adjusted","M3","JKI",16,0.670245313355069,0.794094362119392,0.381415159307419,0.510807771823136
55,"CV2",1,5,NA,"Group_adjusted","M3","ABR33",20,0.606622068617797,0.701947362981331,0.702093080928338,0.792766287696571
55,"CV2",1,5,NA,"Group_adjusted","M3","JKI",32,0.580360493997911,0.671904855357802,0.338178321492948,0.422803107697081
56,"CV2",2,1,NA,"Group_adjusted","M3","ABR33",23,0.448903969315982,0.352391089224888,0.691350451429064,0.749447742227245
56,"CV2",2,1,NA,"Group_adjusted","M3","JKI",24,0.806045192279054,0.877779352586976,0.3707583463431,0.526659858466365
57,"CV2",2,2,NA,"Group_adjusted","M3","ABR33",31,0.366968932103219,0.732573745571063,0.666842406321442,0.712282666149982
57,"CV2",2,2,NA,"Group_adjusted","M3","JKI",23,0.297533707769932,0.498158614319931,0.506601617504677,0.473019486459267
58,"CV2",2,3,NA,"Group_adjusted","M3","ABR33",34,0.597641339759749,0.754982117764114,0.693306429020622,0.81025980214054
58,"CV2",2,3,NA,"Group_adjusted","M3","JKI",27,0.403296904877199,0.644209609432431,0.399446299328153,0.417144398917884
59,"CV2",2,4,NA,"Group_adjusted","M3","ABR33",15,0.782189141478899,0.885928364979998,0.68620106715815,0.86222676376719
59,"CV2",2,4,NA,"Group_adjusted","M3","JKI",28,0.237942036979479,0.496549903587406,0.488883285302525,0.480178465193998
60,"CV2",2,5,NA,"Group_adjusted","M3","ABR33",21,0.374044641605468,0.549233447348212,0.590119036538565,0.622404997541113
60,"CV2",2,5,NA,"Group_adjusted","M3","JKI",22,0.796974123036979,0.793182006671775,0.391663134368502,0.574532770413865
61,"CV2",3,1,NA,"Group_adjusted","M3","ABR33",27,0.369169018178271,0.64918902979274,0.479141933388127,0.516670526593011
61,"CV2",3,1,NA,"Group_adjusted","M3","JKI",24,0.57174050536252,0.591762623195601,0.437605892544459,0.542697472199157
62,"CV2",3,2,NA,"Group_adjusted","M3","ABR33",26,0.236186392048707,0.360088643474888,0.758027764220951,0.780776798469646
62,"CV2",3,2,NA,"Group_adjusted","M3","JKI",26,0.631306844675227,0.796581347237893,0.400564714328511,0.535516971977414
63,"CV2",3,3,NA,"Group_adjusted","M3","ABR33",22,0.521813398438378,0.805805868347642,0.506578767421881,0.58589324428102
63,"CV2",3,3,NA,"Group_adjusted","M3","JKI",31,0.582410640065082,0.775952053421532,0.384038683363682,0.471451105047968
64,"CV2",3,4,NA,"Group_adjusted","M3","ABR33",27,0.657306148164602,0.739017978968984,0.879733507141611,1.00519392001203
64,"CV2",3,4,NA,"Group_adjusted","M3","JKI",25,0.246609754202217,0.451341368828179,0.458344447899702,0.464168401885686
65,"CV2",3,5,NA,"Group_adjusted","M3","ABR33",22,0.611405747117983,0.814457991421907,0.675286677346593,0.808772930069803
65,"CV2",3,5,NA,"Group_adjusted","M3","JKI",18,0.519833688705898,0.585984701403837,0.460399798912226,0.392470482711882
66,"CV2",4,1,NA,"Group_adjusted","M3","ABR33",21,0.304075444608481,0.350847585800162,0.907726367445265,0.941413860668082
66,"CV2",4,1,NA,"Group_adjusted","M3","JKI",26,0.784354964412374,0.878042494372788,0.374879068816071,0.56786012160291
67,"CV2",4,2,NA,"Group_adjusted","M3","ABR33",24,0.533756325265237,0.759303059483672,0.610819277946506,0.704541365207992
67,"CV2",4,2,NA,"Group_adjusted","M3","JKI",35,0.386517662849364,0.535477030867528,0.444840338569435,0.478371397249219
68,"CV2",4,3,NA,"Group_adjusted","M3","ABR33",27,0.629549095319621,0.708290032144138,0.691025565550333,0.814922125871096
68,"CV2",4,3,NA,"Group_adjusted","M3","JKI",18,0.593317540182157,0.803689855570139,0.342984125301563,0.453123338171876
69,"CV2",4,4,NA,"Group_adjusted","M3","ABR33",35,0.633040013491867,0.802916518646546,0.601356038767236,0.71678883677637
69,"CV2",4,4,NA,"Group_adjusted","M3","JKI",19,0.245570936155825,0.494023924705796,0.415045497111287,0.331323589442201
70,"CV2",4,5,NA,"Group_adjusted","M3","ABR33",17,0.610444592610998,0.6680008699205,0.433130158470528,0.517689686464378
70,"CV2",4,5,NA,"Group_adjusted","M3","JKI",26,0.44931214395514,0.512398893485453,0.495360784257568,0.554985456396977
71,"CV2",5,1,NA,"Group_adjusted","M3","ABR33",19,0.778002028427321,0.773247896167199,0.576297129111795,0.755238754894001
71,"CV2",5,1,NA,"Group_adjusted","M3","JKI",34,0.355297597303238,0.61719825453617,0.473023893750407,0.463782596028731
72,"CV2",5,2,NA,"Group_adjusted","M3","ABR33",35,0.352149506029712,0.494957096504401,0.815103980152213,0.861716414630741
72,"CV2",5,2,NA,"Group_adjusted","M3","JKI",27,0.676330246098704,0.7699162568589,0.39602080256857,0.506703643513046
73,"CV2",5,3,NA,"Group_adjusted","M3","ABR33",26,0.498526400962375,0.809439178002253,0.577553191773947,0.649364210100658
73,"CV2",5,3,NA,"Group_adjusted","M3","JKI",22,0.711490259055882,0.838676258004691,0.308281346541308,0.434628123477341
74,"CV2",5,4,NA,"Group_adjusted","M3","ABR33",21,0.769871113513341,0.872035949208862,0.429897723207566,0.576849269817312
74,"CV2",5,4,NA,"Group_adjusted","M3","JKI",26,0.398885890880672,0.564580273081322,0.459501828352314,0.471557026567411
75,"CV2",5,5,NA,"Group_adjusted","M3","ABR33",23,0.387873545343899,0.595775818177897,0.751145688699809,0.806252977915557
75,"CV2",5,5,NA,"Group_adjusted","M3","JKI",15,0.617195855635494,0.38823510934393,0.449159900524347,0.589092287212052
76,"CV2",6,1,NA,"Group_adjusted","M3","ABR33",23,0.441494359311853,0.744613836371687,0.46000404107957,0.509991506038305
76,"CV2",6,1,NA,"Group_adjusted","M3","JKI",25,0.417961996224247,0.380199435515725,0.517974063601826,0.562183837637261
77,"CV2",6,2,NA,"Group_adjusted","M3","ABR33",21,0.573829452802469,0.574430546408705,0.700462847452362,0.794125538740315
77,"CV2",6,2,NA,"Group_adjusted","M3","JKI",30,-0.0190747201925405,0.428571596154501,0.512327990854392,0.421689840200986
78,"CV2",6,3,NA,"Group_adjusted","M3","ABR33",29,0.50504215269586,0.689814334945361,0.736366485363135,0.836820095648554
78,"CV2",6,3,NA,"Group_adjusted","M3","JKI",20,0.782690680815116,0.879430143138749,0.338882317106165,0.501649516758586
79,"CV2",6,4,NA,"Group_adjusted","M3","ABR33",33,0.765196573802198,0.884089118392271,0.597606546549086,0.737544461341166
79,"CV2",6,4,NA,"Group_adjusted","M3","JKI",21,0.733411989846105,0.799372503389801,0.39632958561245,0.533687547327584
80,"CV2",6,5,NA,"Group_adjusted","M3","ABR33",18,0.164635478242837,0.313385795886219,0.90974473860838,0.921472834438474
80,"CV2",6,5,NA,"Group_adjusted","M3","JKI",28,0.661037601865113,0.817050312431391,0.296742421392798,0.413732477158853
81,"CV2",7,1,NA,"Group_adjusted","M3","ABR33",28,0.419557371798993,0.668931854811377,0.712641557625107,0.774235550671069
81,"CV2",7,1,NA,"Group_adjusted","M3","JKI",26,0.746869733215337,0.848947382285475,0.38644184769427,0.550665219086928
82,"CV2",7,2,NA,"Group_adjusted","M3","ABR33",22,0.72683945798768,0.814212532762807,0.82463362983929,1.01203459156102
82,"CV2",7,2,NA,"Group_adjusted","M3","JKI",25,0.121496703613409,0.377957320810491,0.509034169688985,0.41102725379784
83,"CV2",7,3,NA,"Group_adjusted","M3","ABR33",20,0.707548109205563,0.846545884992573,0.596145474039384,0.705387858737112
83,"CV2",7,3,NA,"Group_adjusted","M3","JKI",28,0.661087538003135,0.517178177955819,0.452256473334298,0.568992206214004
84,"CV2",7,4,NA,"Group_adjusted","M3","ABR33",29,0.498042831572158,0.321657450887132,0.651673153615883,0.72075013239348
84,"CV2",7,4,NA,"Group_adjusted","M3","JKI",22,0.541306579253265,0.73148266099552,0.432312853007124,0.511668080099191
85,"CV2",7,5,NA,"Group_adjusted","M3","ABR33",25,0.283029948472013,0.645752087186103,0.564200004572704,0.583811749806364
85,"CV2",7,5,NA,"Group_adjusted","M3","JKI",23,0.477289075146257,0.439505931707838,0.345312568333454,0.374927245849518
86,"CV2",8,1,NA,"Group_adjusted","M3","ABR33",21,0.630161439358042,0.681284707937763,0.678522397342875,0.757161078850365
86,"CV2",8,1,NA,"Group_adjusted","M3","JKI",23,0.62482419372366,0.687016991175266,0.362646305863737,0.455778323295604
87,"CV2",8,2,NA,"Group_adjusted","M3","ABR33",31,0.700770468362286,0.779361788200146,0.867078941186331,0.99589881245327
87,"CV2",8,2,NA,"Group_adjusted","M3","JKI",22,0.313627237722225,0.430854975352634,0.425058186709466,0.428432173203908
88,"CV2",8,3,NA,"Group_adjusted","M3","ABR33",26,0.0505639755755844,0.503464642444675,0.65410708077664,0.618528069827524
88,"CV2",8,3,NA,"Group_adjusted","M3","JKI",23,0.470829856986329,0.644628035483384,0.434711851969725,0.465440744021465
89,"CV2",8,4,NA,"Group_adjusted","M3","ABR33",24,0.36903527136883,0.47241995676068,0.531646334570083,0.571894150693034
89,"CV2",8,4,NA,"Group_adjusted","M3","JKI",34,0.537181294146655,0.699672229039444,0.44362846521158,0.526061110740059
90,"CV2",8,5,NA,"Group_adjusted","M3","ABR33",22,0.49247106465832,0.556544189085964,0.798119468221257,0.887006961001279
90,"CV2",8,5,NA,"Group_adjusted","M3","JKI",22,0.58585642589394,0.756861680471609,0.414369841610457,0.523017108836822
91,"CV2",9,1,NA,"Group_adjusted","M3","ABR33",28,0.624115524123326,0.707003006182265,0.527274855178404,0.593464966122253
91,"CV2",9,1,NA,"Group_adjusted","M3","JKI",22,0.61109185409632,0.750244846318411,0.451188143609102,0.570258617345207
92,"CV2",9,2,NA,"Group_adjusted","M3","ABR33",16,0.412536701475395,0.62482986292981,0.994545119701536,1.09688091248055
92,"CV2",9,2,NA,"Group_adjusted","M3","JKI",34,0.231350133208689,0.505871793743851,0.485818094363009,0.38346809578262
93,"CV2",9,3,NA,"Group_adjusted","M3","ABR33",19,0.770603670278317,0.657143384668881,0.764263133564334,0.890375140657344
93,"CV2",9,3,NA,"Group_adjusted","M3","JKI",24,0.715390499856992,0.821224752963895,0.450749968558886,0.586352033684551
94,"CV2",9,4,NA,"Group_adjusted","M3","ABR33",33,0.68447826543186,0.784662165729488,0.666311155086144,0.777765178386343
94,"CV2",9,4,NA,"Group_adjusted","M3","JKI",27,0.502124320491892,0.525847867039,0.475076510773128,0.547545459920607
95,"CV2",9,5,NA,"Group_adjusted","M3","ABR33",28,0.158194043747683,0.480244205833975,0.5911841286907,0.586396055096706
95,"CV2",9,5,NA,"Group_adjusted","M3","JKI",17,0.508389840223645,0.673367468169746,0.308838820176228,0.335488627733079
96,"CV2",10,1,NA,"Group_adjusted","M3","ABR33",16,0.448795340428313,0.703139886463631,0.890532753724723,0.981550561395482
96,"CV2",10,1,NA,"Group_adjusted","M3","JKI",31,0.47662931643042,0.577927419861687,0.417907776732276,0.478286928789125
97,"CV2",10,2,NA,"Group_adjusted","M3","ABR33",21,0.651812399387876,0.856670471479187,0.412610353935648,0.511215046538876
97,"CV2",10,2,NA,"Group_adjusted","M3","JKI",25,0.365378781093395,0.669803563857632,0.467173245308345,0.485141355605646
98,"CV2",10,3,NA,"Group_adjusted","M3","ABR33",31,0.47750947677095,0.684704048763959,0.577161555194237,0.650026129845789
98,"CV2",10,3,NA,"Group_adjusted","M3","JKI",22,0.69977431735753,0.731372678917089,0.408441602930072,0.544657329426186
99,"CV2",10,4,NA,"Group_adjusted","M3","ABR33",27,0.469917045564112,0.682182819685559,0.770524617414135,0.842629295123283
99,"CV2",10,4,NA,"Group_adjusted","M3","JKI",26,0.654236292225029,0.778150910340182,0.359472136048332,0.463639650773593
100,"CV2",10,5,NA,"Group_adjusted","M3","ABR33",29,0.493564626057004,0.444342356872069,0.700888854323684,0.787704706993756
100,"CV2",10,5,NA,"Group_adjusted","M3","JKI",20,0.327856927141865,0.559749470661868,0.458226797133256,0.435684118011067
101,"Sparse25",1,1,0,"Group_adjusted","M3","ABR33",100,0.324740946728418,0.621910332566606,0.77286696024373,0.798827690689508
101,"Sparse25",1,1,0,"Group_adjusted","M3","JKI",99,0.359437145443643,0.588173091085385,0.489459230865139,0.52325906797857
102,"Sparse25",2,1,0,"Group_adjusted","M3","ABR33",100,0.126175859118817,0.510614866557178,1.01006753565045,1.0096360600927
102,"Sparse25",2,1,0,"Group_adjusted","M3","JKI",99,0.238809897045652,0.555586286807559,0.489124110954091,0.502525090333866
103,"Sparse25",3,1,0,"Group_adjusted","M3","ABR33",100,0.125600886416137,0.565111788184845,0.825401915381955,0.831889917616095
103,"Sparse25",3,1,0,"Group_adjusted","M3","JKI",99,-0.0747352402499634,0.504214823362372,0.551173270255052,0.538299300975287
104,"Sparse25",4,1,0,"Group_adjusted","M3","ABR33",100,0.223012578157978,0.592934324661802,0.735647399196687,0.748605501713183
104,"Sparse25",4,1,0,"Group_adjusted","M3","JKI",99,0.297102642881019,0.599002814482911,0.462391462126256,0.484782689097445
105,"Sparse25",5,1,0,"Group_adjusted","M3","ABR33",100,0.391413265818262,0.633868306387401,0.693019944919345,0.720182762476439
105,"Sparse25",5,1,0,"Group_adjusted","M3","JKI",99,0.245598274271654,0.576776799315649,0.479057860598336,0.492682179066675
106,"Sparse25",6,1,0,"Group_adjusted","M3","ABR33",100,0.37799920387191,0.606979822705309,0.794653755386835,0.828772194045631
106,"Sparse25",6,1,0,"Group_adjusted","M3","JKI",99,0.244438706546088,0.598977904792206,0.435890091849986,0.448432130950556
107,"Sparse25",7,1,0,"Group_adjusted","M3","ABR33",100,0.174604476971679,0.581803900716104,0.747368045439545,0.756470915885821
107,"Sparse25",7,1,0,"Group_adjusted","M3","JKI",99,0.312595414375365,0.55497254686801,0.505328084246033,0.529270251197357
108,"Sparse25",8,1,0,"Group_adjusted","M3","ABR33",100,0.354003175411635,0.605402655226234,0.678548435344477,0.700070430770548
108,"Sparse25",8,1,0,"Group_adjusted","M3","JKI",99,0.263938399676319,0.56096251239682,0.466751107133405,0.482415694643912
109,"Sparse25",9,1,0,"Group_adjusted","M3","ABR33",100,0.00107982207024214,0.516700401319837,0.817751013467916,0.814851848910908
109,"Sparse25",9,1,0,"Group_adjusted","M3","JKI",99,0.0881407751897357,0.520131662203723,0.523116306095078,0.521135780708112
110,"Sparse25",10,1,0,"Group_adjusted","M3","ABR33",100,0.0309367452481629,0.487813468648675,0.830352620223148,0.837826708942096
110,"Sparse25",10,1,0,"Group_adjusted","M3","JKI",99,0.192580634393831,0.524810066250437,0.496026101288875,0.503514918274307
111,"Sparse25",1,1,5,"Group_adjusted","M3","ABR33",100,0.0771054404862888,0.522350004250411,0.782325605353105,0.784540826672516
111,"Sparse25",1,1,5,"Group_adjusted","M3","JKI",99,0.482458533937951,0.61755384259033,0.47317154626032,0.521603863393921
112,"Sparse25",2,1,5,"Group_adjusted","M3","ABR33",100,0.316770759240939,0.568125975116658,0.774635290423644,0.803276188100469
112,"Sparse25",2,1,5,"Group_adjusted","M3","JKI",99,0.362538001613561,0.594403145709305,0.47457797845641,0.507617596199908
113,"Sparse25",3,1,5,"Group_adjusted","M3","ABR33",100,0.243281944056641,0.534419741870236,0.793008909354826,0.807398636751499
113,"Sparse25",3,1,5,"Group_adjusted","M3","JKI",99,0.122361604351774,0.515204497735959,0.491272813380161,0.498585580172163
114,"Sparse25",4,1,5,"Group_adjusted","M3","ABR33",100,0.347205283313217,0.586481519734858,0.82420626335507,0.855483617088876
114,"Sparse25",4,1,5,"Group_adjusted","M3","JKI",99,0.256315932825783,0.579985493172028,0.444150270999565,0.457811236296454
115,"Sparse25",5,1,5,"Group_adjusted","M3","ABR33",100,0.319051666638613,0.614087554380286,0.671686061334182,0.693652570626521
115,"Sparse25",5,1,5,"Group_adjusted","M3","JKI",99,0.330844429264656,0.484264052018666,0.517172872145607,0.546035028529017
116,"Sparse25",6,1,5,"Group_adjusted","M3","ABR33",100,0.249147943297759,0.488797925662764,0.814929776371947,0.831991024500681
116,"Sparse25",6,1,5,"Group_adjusted","M3","JKI",99,0.243481415977239,0.557714399726578,0.480770076973813,0.507473718232789
117,"Sparse25",7,1,5,"Group_adjusted","M3","ABR33",100,0.298536841491649,0.644363137723084,0.756870055159822,0.779107418007819
117,"Sparse25",7,1,5,"Group_adjusted","M3","JKI",99,0.319400054829614,0.595036731862333,0.450389856563105,0.472586386369428
118,"Sparse25",8,1,5,"Group_adjusted","M3","ABR33",100,0.254652912586822,0.599218701084311,0.699883672467648,0.718489643553938
118,"Sparse25",8,1,5,"Group_adjusted","M3","JKI",99,0.355610032221562,0.59539409325801,0.46036357756099,0.490095541781131
119,"Sparse25",9,1,5,"Group_adjusted","M3","ABR33",100,0.170518223185432,0.528212579258095,0.789956506780313,0.797961545765441
119,"Sparse25",9,1,5,"Group_adjusted","M3","JKI",99,0.159880988480774,0.560652142198361,0.512936215054692,0.523184999755101
120,"Sparse25",10,1,5,"Group_adjusted","M3","ABR33",100,0.231943390486567,0.58676693576461,0.721958919700008,0.737263250920316
120,"Sparse25",10,1,5,"Group_adjusted","M3","JKI",99,0.310469002611419,0.596976121244686,0.511543639238431,0.531563104902989
121,"Sparse25",1,1,10,"Group_adjusted","M3","ABR33",100,0.315875182490521,0.568240344888815,0.85660770588216,0.880266543577972
121,"Sparse25",1,1,10,"Group_adjusted","M3","JKI",99,0.313947275449979,0.567752674387154,0.449172655883871,0.468917592907765
122,"Sparse25",2,1,10,"Group_adjusted","M3","ABR33",100,0.107107731593331,0.513509612923113,0.861460644156377,0.859374879993853
122,"Sparse25",2,1,10,"Group_adjusted","M3","JKI",99,0.100230114828165,0.072411180283088,0.605443253804911,0.60651528719256
123,"Sparse25",3,1,10,"Group_adjusted","M3","ABR33",100,0.226298693632353,0.563038168946697,0.783901342670605,0.793920769167343
123,"Sparse25",3,1,10,"Group_adjusted","M3","JKI",99,0.0358993037380092,0.420456763914946,0.51291754785152,0.512061817444378
124,"Sparse25",4,1,10,"Group_adjusted","M3","ABR33",100,0.34342967587338,0.581779611164427,0.804419852924711,0.822255906780731
124,"Sparse25",4,1,10,"Group_adjusted","M3","JKI",99,0.25718180452865,0.57915066693559,0.467000212216656,0.479478100295897
125,"Sparse25",5,1,10,"Group_adjusted","M3","ABR33",100,0.044302482253965,0.533821327154073,0.725549537722737,0.72629356043717
125,"Sparse25",5,1,10,"Group_adjusted","M3","JKI",99,0.231062554498039,0.57755284920524,0.510191579106157,0.530460305743613
126,"Sparse25",6,1,10,"Group_adjusted","M3","ABR33",100,0.430478356697314,0.322278674267685,0.91993361173086,0.940660260336075
126,"Sparse25",6,1,10,"Group_adjusted","M3","JKI",99,0.236024024164939,0.54224609737886,0.504106764084172,0.518808123074536
127,"Sparse25",7,1,10,"Group_adjusted","M3","ABR33",100,0.218116106180015,0.613352270411794,0.697802850274126,0.711215281613336
127,"Sparse25",7,1,10,"Group_adjusted","M3","JKI",99,0.308589237937635,0.550716294148251,0.501517447236227,0.542735380412914
128,"Sparse25",8,1,10,"Group_adjusted","M3","ABR33",100,0.239327184518912,0.573149326550809,0.732955814887961,0.74426512575917
128,"Sparse25",8,1,10,"Group_adjusted","M3","JKI",99,0.213637240055337,0.573924973640657,0.499769472770264,0.518653538083869
129,"Sparse25",9,1,10,"Group_adjusted","M3","ABR33",100,0.27388750288279,0.549831317703083,0.90316256291944,0.913700647816354
129,"Sparse25",9,1,10,"Group_adjusted","M3","JKI",99,0.209448831317425,0.575237647372882,0.49372290287432,0.504835458027358
130,"Sparse25",10,1,10,"Group_adjusted","M3","ABR33",100,0.0784930562106131,0.548259143690784,0.744811575876127,0.746647164466856
130,"Sparse25",10,1,10,"Group_adjusted","M3","JKI",99,0.24539824205471,0.567974674544222,0.489615643180257,0.497718155950143
131,"Sparse25",1,1,15,"Group_adjusted","M3","ABR33",100,0.247407638175964,0.602298058445226,0.767249865661031,0.777900195162002
131,"Sparse25",1,1,15,"Group_adjusted","M3","JKI",99,0.0224085151396416,0.388968289650621,0.58984614169406,0.605234816904218
132,"Sparse25",2,1,15,"Group_adjusted","M3","ABR33",100,0.294712829579072,0.56744600189072,0.832508144900532,0.855107016447067
132,"Sparse25",2,1,15,"Group_adjusted","M3","JKI",99,0.136906326320033,0.525797247414081,0.491937450082492,0.498622812884084
133,"Sparse25",3,1,15,"Group_adjusted","M3","ABR33",100,0.207071707271765,0.612946874228879,0.7570655397706,0.770062257872543
133,"Sparse25",3,1,15,"Group_adjusted","M3","JKI",99,0.138360981776149,0.542733251647477,0.510796227566473,0.525055402271422
134,"Sparse25",4,1,15,"Group_adjusted","M3","ABR33",100,0.263931383301551,0.564133308606283,0.783233050417748,0.796170134897069
134,"Sparse25",4,1,15,"Group_adjusted","M3","JKI",99,0.245299690563742,0.570796611474055,0.486724752070519,0.501397981214046
135,"Sparse25",5,1,15,"Group_adjusted","M3","ABR33",100,0.185785766614626,0.49015611970011,0.785700813444765,0.792803784734879
135,"Sparse25",5,1,15,"Group_adjusted","M3","JKI",99,0.307433615037994,0.533876268069123,0.475353855728096,0.489828263113089
136,"Sparse25",6,1,15,"Group_adjusted","M3","ABR33",100,0.11002725201643,0.545361956229012,0.768758490907618,0.773095607757283
136,"Sparse25",6,1,15,"Group_adjusted","M3","JKI",99,0.125673159921005,0.543130038054256,0.491402891822454,0.494465655103646
137,"Sparse25",7,1,15,"Group_adjusted","M3","ABR33",100,0.307570460549471,0.569511602763766,0.857777837785454,0.871369848718522
137,"Sparse25",7,1,15,"Group_adjusted","M3","JKI",99,0.151279321563275,0.44448091156392,0.56419754743946,0.570222225903467
138,"Sparse25",8,1,15,"Group_adjusted","M3","ABR33",100,0.222703744064934,0.614643644762653,0.787365792515574,0.797014948470747
138,"Sparse25",8,1,15,"Group_adjusted","M3","JKI",99,0.267247224654036,0.546203798263744,0.503463556892519,0.515967997909023
139,"Sparse25",9,1,15,"Group_adjusted","M3","ABR33",100,0.216322309001613,0.581599143163341,0.749872111845711,0.76367223679745
139,"Sparse25",9,1,15,"Group_adjusted","M3","JKI",99,0.130462912467883,0.546677960573452,0.501680329537959,0.488111763286701
140,"Sparse25",10,1,15,"Group_adjusted","M3","ABR33",100,0.0989571000005973,0.597509655006631,0.733325806678681,0.737648698867132
140,"Sparse25",10,1,15,"Group_adjusted","M3","JKI",99,0.236858429069352,0.573941946185673,0.479140798714189,0.492596655379022
141,"Sparse25",1,1,20,"Group_adjusted","M3","ABR33",100,0.24289725671499,0.576756154915394,0.774605147305006,0.781685861253169
141,"Sparse25",1,1,20,"Group_adjusted","M3","JKI",99,0.196410114059413,0.588511197641401,0.515604492412142,0.53345474161441
142,"Sparse25",2,1,20,"Group_adjusted","M3","ABR33",100,0.173649998062196,0.589058094301683,0.743323976072638,0.749190434274352
142,"Sparse25",2,1,20,"Group_adjusted","M3","JKI",99,0.043681485689522,0.499571965270661,0.543701458166831,0.54800159919341
143,"Sparse25",3,1,20,"Group_adjusted","M3","ABR33",100,0.209956170164893,0.541456054201405,0.76365040295589,0.771892772153834
143,"Sparse25",3,1,20,"Group_adjusted","M3","JKI",99,0.312013742628984,0.546666037950091,0.473001777775045,0.498666249014728
144,"Sparse25",4,1,20,"Group_adjusted","M3","ABR33",100,0.0983925441671819,0.515102912944133,0.823186132375365,0.826435376157517
144,"Sparse25",4,1,20,"Group_adjusted","M3","JKI",99,0.159891771542101,0.544567317565481,0.512340890308108,0.538798003373712
145,"Sparse25",5,1,20,"Group_adjusted","M3","ABR33",100,0.270727022427154,0.57990907692901,0.809134989493441,0.816687228050838
145,"Sparse25",5,1,20,"Group_adjusted","M3","JKI",99,0.292953645938038,0.597915109282079,0.517850861104313,0.532803625949386
146,"Sparse25",6,1,20,"Group_adjusted","M3","ABR33",100,0.0579240936149345,0.553842252546427,0.740022147933888,0.742687680032246
146,"Sparse25",6,1,20,"Group_adjusted","M3","JKI",99,0.214433536273273,0.561894010872757,0.530219163218751,0.536148691634422
147,"Sparse25",7,1,20,"Group_adjusted","M3","ABR33",100,0.456926067798725,0.650449498218033,0.667712438395332,0.696203551573933
147,"Sparse25",7,1,20,"Group_adjusted","M3","JKI",99,0.207384064204111,0.554093747701007,0.456870931417584,0.466245356432766
148,"Sparse25",8,1,20,"Group_adjusted","M3","ABR33",100,0.191810210806723,0.589558164222423,0.736014775795299,0.746020744900072
148,"Sparse25",8,1,20,"Group_adjusted","M3","JKI",99,0.280119451196103,0.614970655269808,0.442939777613707,0.456055030218987
149,"Sparse25",9,1,20,"Group_adjusted","M3","ABR33",100,0.255185058222219,0.587153954931115,0.705862578007846,0.719987387374821
149,"Sparse25",9,1,20,"Group_adjusted","M3","JKI",99,0.0716564464036714,0.567943229555542,0.469275195154394,0.463008504593611
150,"Sparse25",10,1,20,"Group_adjusted","M3","ABR33",100,0.358126017752309,0.523943552343231,0.843999736532042,0.873222179361931
150,"Sparse25",10,1,20,"Group_adjusted","M3","JKI",99,0.424288342123602,0.606244065089531,0.504416643828992,0.536051901989427
151,"Sparse25",1,1,25,"Group_adjusted","M3","ABR33",100,0.205564275118532,0.555235467249973,0.788934305898465,0.796721740000133
151,"Sparse25",1,1,25,"Group_adjusted","M3","JKI",99,0.237038241082833,0.561462644581107,0.470077814446899,0.477815451420076
152,"Sparse25",2,1,25,"Group_adjusted","M3","ABR33",100,0.140586951978766,0.486950213826396,0.967995037137275,0.974736156139261
152,"Sparse25",2,1,25,"Group_adjusted","M3","JKI",99,0.241665428149099,0.534232189789417,0.541504029526054,0.551699317139474
153,"Sparse25",3,1,25,"Group_adjusted","M3","ABR33",100,0.260628487340691,0.564063895916288,0.824309773723319,0.829418944701392
153,"Sparse25",3,1,25,"Group_adjusted","M3","JKI",99,0.16169430494392,0.560231318701053,0.484299145946583,0.486680408823835
154,"Sparse25",4,1,25,"Group_adjusted","M3","ABR33",100,0.0465125804817862,0.581759978957573,0.85430910688338,0.853302011604524
154,"Sparse25",4,1,25,"Group_adjusted","M3","JKI",99,0.232694547765329,0.567294899182346,0.495153843720062,0.499048077681974
155,"Sparse25",5,1,25,"Group_adjusted","M3","ABR33",100,0.163175080106315,0.616471049300297,0.720242353880163,0.732042388205461
155,"Sparse25",5,1,25,"Group_adjusted","M3","JKI",99,0.335395439535034,0.526972327818436,0.4588516789717,0.475043229215405
156,"Sparse25",6,1,25,"Group_adjusted","M3","ABR33",100,0.286049307881501,0.548555878783504,0.798366333290404,0.811397547072012
156,"Sparse25",6,1,25,"Group_adjusted","M3","JKI",99,0.369674410956085,0.56655204080209,0.46103544470303,0.483157062521289
157,"Sparse25",7,1,25,"Group_adjusted","M3","ABR33",100,0.0122284851473548,0.512676374230265,0.7839618433295,0.783093894751196
157,"Sparse25",7,1,25,"Group_adjusted","M3","JKI",99,0.384105869987909,0.499006207860611,0.536760874299267,0.543060382602061
158,"Sparse25",8,1,25,"Group_adjusted","M3","ABR33",100,0.211656529417804,0.577920359426531,0.760312902535186,0.766939008278104
158,"Sparse25",8,1,25,"Group_adjusted","M3","JKI",99,0.454302618429164,0.530672115928035,0.487905622732186,0.496029203518035
159,"Sparse25",9,1,25,"Group_adjusted","M3","ABR33",100,0.328779068768884,0.563773638040169,0.787759790457424,0.800310501128628
159,"Sparse25",9,1,25,"Group_adjusted","M3","JKI",99,0.295124356296479,0.520859821604878,0.538941877091016,0.555050780158268
160,"Sparse25",10,1,25,"Group_adjusted","M3","ABR33",100,0.0720551324899644,0.542687759543778,0.763343800224187,0.765333424131855
160,"Sparse25",10,1,25,"Group_adjusted","M3","JKI",99,0.182187397716453,0.544609601912225,0.511748980010769,0.513555227841377
