"scheme","rep","overlap","target","model","Environment","n","PA_target","PA_raw","PA_within_pooled","RMSE_raw","RMSE_group_only"
"CV1",1,NA,"Group_adjusted","M1","ABR33",125,NA,NA,NA,0.771393439173112,0.771537242717422
"CV1",1,NA,"Group_adjusted","M1","JKI",124,NA,NA,NA,0.484589444149987,0.48481685005426
"CV1",1,NA,"Group_adjusted","M2","ABR33",125,0.165080506125707,0.539307951836822,-0.198574060504106,0.763700543660428,0.771537242717422
"CV1",1,NA,"Group_adjusted","M2","JKI",124,0.355909083070604,0.564240922814338,0.151784562583606,0.466477025271401,0.48481685005426
"CV1",1,NA,"Group_adjusted","M3","ABR33",125,0.0972364914476745,0.533637605134829,-0.165300967783047,0.768161981656896,0.771537242717422
"CV1",1,NA,"Group_adjusted","M3","JKI",124,0.37286738081515,0.577297084132352,0.214385745995283,0.461497267425477,0.48481685005426
"CV1",1,NA,"Raw","M1","ABR33",125,NA,NA,NA,0.910477626807455,0.771537242717422
"CV1",1,NA,"Raw","M1","JKI",124,NA,NA,NA,0.571841076024146,0.48481685005426
"CV1",1,NA,"Raw","M2","ABR33",125,0.445386823890131,0.445386823890131,0.0342000972155725,0.838387838780659,0.771537242717422
"CV1",1,NA,"Raw","M2","JKI",124,0.318121137820452,0.318121137820452,0.101546317074224,0.536205364559472,0.48481685005426
"CV1",1,NA,"Raw","M3","ABR33",125,0.415915439612379,0.415915439612379,-0.0124738646835812,0.824791092133261,0.771537242717422
"CV1",1,NA,"Raw","M3","JKI",124,0.46904550777918,0.46904550777918,0.177494940654208,0.511880623477157,0.48481685005426
"CV1",2,NA,"Group_adjusted","M1","ABR33",125,NA,NA,NA,0.750759530856875,0.750778909132005
"CV1",2,NA,"Group_adjusted","M1","JKI",124,NA,NA,NA,0.481435121333413,0.481106205864128
"CV1",2,NA,"Group_adjusted","M2","ABR33",125,0.310825753306672,0.586524471013774,0.102166544558878,0.733084789186767,0.750778909132005
"CV1",2,NA,"Group_adjusted","M2","JKI",124,0.427302775900628,0.588301030253306,0.293979788842245,0.457066656971541,0.481106205864128
"CV1",2,NA,"Group_adjusted","M3","ABR33",125,0.326745700995694,0.597530392876185,0.186030015929509,0.725766256010075,0.750778909132005
"CV1",2,NA,"Group_adjusted","M3","JKI",124,0.437160875799572,0.60386028598343,0.335713199581354,0.450928407027047,0.481106205864128
"CV1",2,NA,"Raw","M1","ABR33",125,NA,NA,NA,0.910952571903101,0.750778909132005
"CV1",2,NA,"Raw","M1","JKI",124,NA,NA,NA,0.571669512437415,0.481106205864128
"CV1",2,NA,"Raw","M2","ABR33",125,0.570966483627204,0.570966483627204,0.243224529606117,0.810257353228743,0.750778909132005
"CV1",2,NA,"Raw","M2","JKI",124,0.443528878875084,0.443528878875084,0.298826162253135,0.509788253124974,0.481106205864128
"CV1",2,NA,"Raw","M3","ABR33",125,0.534874074192697,0.534874074192697,0.242925848669522,0.779835401182164,0.750778909132005
"CV1",2,NA,"Raw","M3","JKI",124,0.600181236171693,0.600181236171693,0.366009378364641,0.483331794636996,0.481106205864128
"CV1",3,NA,"Group_adjusted","M1","ABR33",125,NA,NA,NA,0.762746921280854,0.762759372477058
"CV1",3,NA,"Group_adjusted","M1","JKI",124,NA,NA,NA,0.489245148904272,0.489070887561257
"CV1",3,NA,"Group_adjusted","M2","ABR33",125,0.370769887495409,0.574374294756432,0.00855183662021847,0.740953098557532,0.762759372477058
"CV1",3,NA,"Group_adjusted","M2","JKI",124,0.466584982483232,0.575047111800543,0.214612869550381,0.46215901773274,0.489070887561257
"CV1",3,NA,"Group_adjusted","M3","ABR33",125,0.370687432830565,0.584663593281334,0.093832547140484,0.734347453399158,0.762759372477058
"CV1",3,NA,"Group_adjusted","M3","JKI",124,0.464221742129051,0.587986423099019,0.267284826476091,0.457012937452906,0.489070887561257
"CV1",3,NA,"Raw","M1","ABR33",125,NA,NA,NA,0.924784348207144,0.762759372477058
"CV1",3,NA,"Raw","M1","JKI",124,NA,NA,NA,0.573904227801919,0.489070887561257
"CV1",3,NA,"Raw","M2","ABR33",125,0.526645574294945,0.526645574294945,0.157987423977114,0.818507802268664,0.762759372477058
"CV1",3,NA,"Raw","M2","JKI",124,0.425562876297466,0.425562876297466,0.245918368253306,0.513255459993658,0.489070887561257
"CV1",3,NA,"Raw","M3","ABR33",125,0.527739049060922,0.527739049060922,0.189030840878399,0.782885738553711,0.762759372477058
"CV1",3,NA,"Raw","M3","JKI",124,0.562230464408404,0.562230464408404,0.298816320317085,0.490091122660308,0.489070887561257
"CV1",4,NA,"Group_adjusted","M1","ABR33",125,NA,NA,NA,0.760593623552756,0.760481233492211
"CV1",4,NA,"Group_adjusted","M1","JKI",124,NA,NA,NA,0.484506066763546,0.48432517708466
"CV1",4,NA,"Group_adjusted","M2","ABR33",125,0.230984581843558,0.564230967953996,-0.0720945223826644,0.747943534910688,0.760481233492211
"CV1",4,NA,"Group_adjusted","M2","JKI",124,0.363087681793567,0.569115287259169,0.178560537574446,0.464510867126418,0.48432517708466
"CV1",4,NA,"Group_adjusted","M3","ABR33",125,0.228855661459079,0.569738315458612,0.00279495185715446,0.744752670670514,0.760481233492211
"CV1",4,NA,"Group_adjusted","M3","JKI",124,0.424980334582549,0.589549363754124,0.274277869505786,0.4563585888826,0.48432517708466
"CV1",4,NA,"Raw","M1","ABR33",125,NA,NA,NA,0.910898923384611,0.760481233492211
"CV1",4,NA,"Raw","M1","JKI",124,NA,NA,NA,0.570442167354578,0.48432517708466
"CV1",4,NA,"Raw","M2","ABR33",125,0.558231903701523,0.558231903701523,0.18879002401517,0.811410786051182,0.760481233492211
"CV1",4,NA,"Raw","M2","JKI",124,0.426547569130308,0.426547569130308,0.222631771251085,0.51281251226633,0.48432517708466
"CV1",4,NA,"Raw","M3","ABR33",125,0.519586697930271,0.519586697930271,0.1589733541971,0.785571024279125,0.760481233492211
"CV1",4,NA,"Raw","M3","JKI",124,0.576411136431653,0.576411136431653,0.311818231230623,0.488261742810534,0.48432517708466
"CV1",5,NA,"Group_adjusted","M1","ABR33",125,NA,NA,NA,0.755069275963568,0.75502362333368
"CV1",5,NA,"Group_adjusted","M1","JKI",124,NA,NA,NA,0.480250319453095,0.480097880060997
"CV1",5,NA,"Group_adjusted","M2","ABR33",125,0.248440878495781,0.573525628539344,0.00878646406333638,0.741478756875764,0.75502362333368
"CV1",5,NA,"Group_adjusted","M2","JKI",124,0.323563131462382,0.572642031514516,0.197204105236426,0.463104364314987,0.480097880060997
"CV1",5,NA,"Group_adjusted","M3","ABR33",125,0.274856392917902,0.583422409191499,0.0891154496925311,0.73519095038784,0.75502362333368
"CV1",5,NA,"Group_adjusted","M3","JKI",124,0.379878967152881,0.591025006748546,0.277123307751119,0.455764751119813,0.480097880060997
"CV1",5,NA,"Raw","M1","ABR33",125,NA,NA,NA,0.912469435712549,0.75502362333368
"CV1",5,NA,"Raw","M1","JKI",124,NA,NA,NA,0.569026329451348,0.480097880060997
"CV1",5,NA,"Raw","M2","ABR33",125,0.536296983952101,0.536296983952101,0.185232070990356,0.815783418940445,0.75502362333368
"CV1",5,NA,"Raw","M2","JKI",124,0.408013624303283,0.408013624303283,0.211218323621895,0.517033682576451,0.480097880060997
"CV1",5,NA,"Raw","M3","ABR33",125,0.527068917324335,0.527068917324335,0.204191207487814,0.782727639208789,0.75502362333368
"CV1",5,NA,"Raw","M3","JKI",124,0.558748310701974,0.558748310701974,0.299393250973663,0.491825375617934,0.480097880060997
"CV1",6,NA,"Group_adjusted","M1","ABR33",125,NA,NA,NA,0.761301740774765,0.761276294180085
"CV1",6,NA,"Group_adjusted","M1","JKI",124,NA,NA,NA,0.488453023074556,0.488207788258614
"CV1",6,NA,"Group_adjusted","M2","ABR33",125,0.229181749780375,0.562882248121174,-0.0769418361455449,0.748620535835446,0.761276294180085
"CV1",6,NA,"Group_adjusted","M2","JKI",124,0.358261946525303,0.560003249127424,0.128105024487383,0.468146996422223,0.488207788258614
"CV1",6,NA,"Group_adjusted","M3","ABR33",125,0.227049168697349,0.568394111359821,-0.00756584809942426,0.745422727890089,0.761276294180085
"CV1",6,NA,"Group_adjusted","M3","JKI",124,0.394644930471266,0.578174954463598,0.217556314909397,0.46088847583306,0.488207788258614
"CV1",6,NA,"Raw","M1","ABR33",125,NA,NA,NA,0.906409920914804,0.761276294180085
"CV1",6,NA,"Raw","M1","JKI",124,NA,NA,NA,0.56892179330168,0.488207788258614
"CV1",6,NA,"Raw","M2","ABR33",125,0.531421315810982,0.531421315810982,0.152682240036704,0.815515446555873,0.761276294180085
"CV1",6,NA,"Raw","M2","JKI",124,0.421446187104278,0.421446187104278,0.207345009759461,0.513740308460412,0.488207788258614
"CV1",6,NA,"Raw","M3","ABR33",125,0.503827576339454,0.503827576339454,0.126020529006947,0.79061659172081,0.761276294180085
"CV1",6,NA,"Raw","M3","JKI",124,0.56630656021969,0.56630656021969,0.30548216784168,0.487508242588153,0.488207788258614
"CV1",7,NA,"Group_adjusted","M1","ABR33",125,NA,NA,NA,0.767537598943018,0.767163392709217
"CV1",7,NA,"Group_adjusted","M1","JKI",124,NA,NA,NA,0.50587602914564,0.505746618243516
"CV1",7,NA,"Group_adjusted","M2","ABR33",125,0.357106986290897,0.566042543517369,-0.0458427582642923,0.746288402401618,0.767163392709217
"CV1",7,NA,"Group_adjusted","M2","JKI",124,0.349155937436345,0.509678901930329,-0.104051194101121,0.486797328840558,0.505746618243516
"CV1",7,NA,"Group_adjusted","M3","ABR33",125,0.400152953219373,0.584134732221787,0.0916248911129943,0.734700760232433,0.767163392709217
"CV1",7,NA,"Group_adjusted","M3","JKI",124,0.389686797026804,0.527345943991001,-0.0083673640755077,0.48035422053839,0.505746618243516
"CV1",7,NA,"Raw","M1","ABR33",125,NA,NA,NA,0.915126648060183,0.767163392709217
"CV1",7,NA,"Raw","M1","JKI",124,NA,NA,NA,0.568670551645312,0.505746618243516
"CV1",7,NA,"Raw","M2","ABR33",125,0.523318199732096,0.523318199732096,0.167060627281765,0.821187763954092,0.767163392709217
"CV1",7,NA,"Raw","M2","JKI",124,0.340781291416711,0.340781291416711,0.108949435761278,0.53149818120343,0.505746618243516
"CV1",7,NA,"Raw","M3","ABR33",125,0.530100029095381,0.530100029095381,0.224250400452983,0.782226716596506,0.767163392709217
"CV1",7,NA,"Raw","M3","JKI",124,0.49380953398691,0.49380953398691,0.199116911247359,0.506009358087971,0.505746618243516
"CV1",8,NA,"Group_adjusted","M1","ABR33",125,NA,NA,NA,0.751769229371677,0.751982571144222
"CV1",8,NA,"Group_adjusted","M1","JKI",124,NA,NA,NA,0.482378281035728,0.482545983641694
"CV1",8,NA,"Group_adjusted","M2","ABR33",125,0.221193921240888,0.576938888693867,0.0336198630812587,0.739360843011355,0.751982571144222
"CV1",8,NA,"Group_adjusted","M2","JKI",124,0.338625743065055,0.572903293669829,0.199645263902971,0.463100133399959,0.482545983641694
"CV1",8,NA,"Group_adjusted","M3","ABR33",125,0.264816755352312,0.58803988812831,0.117512045681203,0.732242740838686,0.751982571144222
"CV1",8,NA,"Group_adjusted","M3","JKI",124,0.365625546885953,0.58521500210029,0.251186693939197,0.458115690310052,0.482545983641694
"CV1",8,NA,"Raw","M1","ABR33",125,NA,NA,NA,0.919256070915737,0.751982571144222
"CV1",8,NA,"Raw","M1","JKI",124,NA,NA,NA,0.567259371272438,0.482545983641694
"CV1",8,NA,"Raw","M2","ABR33",125,0.522892975912744,0.522892975912744,0.180547327363742,0.819838238360496,0.751982571144222
"CV1",8,NA,"Raw","M2","JKI",124,0.43095461426362,0.43095461426362,0.267345955290215,0.512042916741551,0.482545983641694
"CV1",8,NA,"Raw","M3","ABR33",125,0.532435717763281,0.532435717763281,0.209211437453632,0.781028899664023,0.751982571144222
"CV1",8,NA,"Raw","M3","JKI",124,0.55724913032976,0.55724913032976,0.301020615789099,0.491188901472303,0.482545983641694
"CV1",9,NA,"Group_adjusted","M1","ABR33",125,NA,NA,NA,0.758252078690434,0.758155334777707
"CV1",9,NA,"Group_adjusted","M1","JKI",124,NA,NA,NA,0.496568632706814,0.496588525982048
"CV1",9,NA,"Group_adjusted","M2","ABR33",125,0.404902753353512,0.584555969610545,0.0842593149474859,0.734414386912891,0.758155334777707
"CV1",9,NA,"Group_adjusted","M2","JKI",124,0.443388001554172,0.551623122831599,0.0817927233902639,0.471574222462993,0.496588525982048
"CV1",9,NA,"Group_adjusted","M3","ABR33",125,0.446473888801902,0.603100554796533,0.221182023390924,0.721952921484575,0.758155334777707
"CV1",9,NA,"Group_adjusted","M3","JKI",124,0.405496763801769,0.555800268813472,0.112495444992851,0.469870334650433,0.496588525982048
"CV1",9,NA,"Raw","M1","ABR33",125,NA,NA,NA,0.908292067580387,0.758155334777707
"CV1",9,NA,"Raw","M1","JKI",124,NA,NA,NA,0.570340449140145,0.496588525982048
"CV1",9,NA,"Raw","M2","ABR33",125,0.597119330077407,0.597119330077407,0.289695137501183,0.803413241551139,0.758155334777707
"CV1",9,NA,"Raw","M2","JKI",124,0.41160726275919,0.41160726275919,0.214862554236397,0.516412002219482,0.496588525982048
"CV1",9,NA,"Raw","M3","ABR33",125,0.575695459988404,0.575695459988404,0.313902352669007,0.763914096265779,0.758155334777707
"CV1",9,NA,"Raw","M3","JKI",124,0.53333905065194,0.53333905065194,0.238967051772548,0.497551972727707,0.496588525982048
"CV1",10,NA,"Group_adjusted","M1","ABR33",125,NA,NA,NA,0.74941251090728,0.749427478397857
"CV1",10,NA,"Group_adjusted","M1","JKI",124,NA,NA,NA,0.482153139983339,0.482669151571639
"CV1",10,NA,"Group_adjusted","M2","ABR33",125,0.277951847430526,0.586195209646765,0.0988707430050534,0.733359601629086,0.749427478397857
"CV1",10,NA,"Group_adjusted","M2","JKI",124,0.336236364509652,0.569915597899438,0.183251762338187,0.464171029402224,0.482669151571639
"CV1",10,NA,"Group_adjusted","M3","ABR33",125,0.265072327518197,0.592066713791316,0.144091889157393,0.729782861767866,0.749427478397857
"CV1",10,NA,"Group_adjusted","M3","JKI",124,0.336340084639212,0.576839844535635,0.210930338979423,0.461509348153522,0.482669151571639
"CV1",10,NA,"Raw","M1","ABR33",125,NA,NA,NA,0.912073628062627,0.749427478397857
"CV1",10,NA,"Raw","M1","JKI",124,NA,NA,NA,0.572735628148627,0.482669151571639
"CV1",10,NA,"Raw","M2","ABR33",125,0.594562169724337,0.594562169724337,0.275850557921617,0.802093653378939,0.749427478397857
"CV1",10,NA,"Raw","M2","JKI",124,0.414176296003883,0.414176296003883,0.203270327771193,0.515068178863009,0.482669151571639
"CV1",10,NA,"Raw","M3","ABR33",125,0.571300188728402,0.571300188728402,0.264693973898882,0.764352673267551,0.749427478397857
"CV1",10,NA,"Raw","M3","JKI",124,0.532533036392779,0.532533036392779,0.232008713645707,0.492846836197782,0.482669151571639
"CV2",1,NA,"Group_adjusted","M1","ABR33",124,0.468048150260744,0.656246232898547,0.400489961062564,0.686071048270811,0.750041512412116
"CV2",1,NA,"Group_adjusted","M1","JKI",124,0.467864567853428,0.653890526684279,0.441267790974835,0.43036006433946,0.48202137411257
"CV2",1,NA,"Group_adjusted","M2","ABR33",124,0.49518356030062,0.678504771888873,0.447075342700053,0.667855163129056,0.750041512412116
"CV2",1,NA,"Group_adjusted","M2","JKI",124,0.48571395366266,0.655105216226278,0.465946165052737,0.438215745055093,0.48202137411257
"CV2",1,NA,"Group_adjusted","M3","ABR33",124,0.523210079921761,0.684542544742969,0.473669417736853,0.662973219276494,0.750041512412116
"CV2",1,NA,"Group_adjusted","M3","JKI",124,0.503833804020762,0.669646843857427,0.481971707743945,0.424808960668609,0.48202137411257
"CV2",1,NA,"Raw","M1","ABR33",124,0.555571152461038,0.555571152461038,0.455166678321121,0.794413531331629,0.750041512412116
"CV2",1,NA,"Raw","M1","JKI",124,0.573836216449557,0.573836216449557,0.461964480705903,0.475772046868876,0.48202137411257
"CV2",1,NA,"Raw","M2","ABR33",124,0.652096008944834,0.652096008944834,0.484400915053485,0.731224134101583,0.750041512412116
"CV2",1,NA,"Raw","M2","JKI",124,0.586457228431445,0.586457228431445,0.470891576649091,0.503804541843512,0.48202137411257
"CV2",1,NA,"Raw","M3","ABR33",124,0.688866607083355,0.688866607083355,0.487696777207537,0.684779497600067,0.750041512412116
"CV2",1,NA,"Raw","M3","JKI",124,0.647661649186591,0.647661649186591,0.488708469030382,0.445783621582872,0.48202137411257
"CV2",2,NA,"Group_adjusted","M1","ABR33",124,0.460814788507387,0.652296682897809,0.385417752683918,0.6894321941425,0.752707924828782
"CV2",2,NA,"Group_adjusted","M1","JKI",124,0.439397676570245,0.620111715354914,0.377873519318288,0.447302347164997,0.493663662273884
"CV2",2,NA,"Group_adjusted","M2","ABR33",124,0.495937384311173,0.676921179045859,0.440772644682067,0.669741200480429,0.752707924828782
"CV2",2,NA,"Group_adjusted","M2","JKI",124,0.483952578640108,0.640968298821901,0.43859182938083,0.444311497863811,0.493663662273884
"CV2",2,NA,"Group_adjusted","M3","ABR33",124,0.505735893454833,0.677419912828949,0.44844204566587,0.668998323567453,0.752707924828782
"CV2",2,NA,"Group_adjusted","M3","JKI",124,0.490827022926053,0.646164613534544,0.440266557371699,0.436046779586361,0.493663662273884
"CV2",2,NA,"Raw","M1","ABR33",124,0.58375664514856,0.58375664514856,0.47446870265121,0.784978337489673,0.752707924828782
"CV2",2,NA,"Raw","M1","JKI",124,0.547590888471329,0.547590888471329,0.44138215265853,0.483117424133333,0.493663662273884
"CV2",2,NA,"Raw","M2","ABR33",124,0.661588224594984,0.661588224594984,0.496966992096515,0.725460707468625,0.752707924828782
"CV2",2,NA,"Raw","M2","JKI",124,0.57953595086274,0.57953595086274,0.466660624821596,0.501279961642972,0.493663662273884
"CV2",2,NA,"Raw","M3","ABR33",124,0.68781703116489,0.68781703116489,0.477992993685185,0.681944643715075,0.752707924828782
"CV2",2,NA,"Raw","M3","JKI",124,0.625937181562471,0.625937181562471,0.468338621046653,0.450062638502067,0.493663662273884
"CV2",3,NA,"Group_adjusted","M1","ABR33",124,0.457482256531199,0.636635618967919,0.32565260901789,0.700760389173734,0.763487279378619
"CV2",3,NA,"Group_adjusted","M1","JKI",124,0.471531724175124,0.645719412764268,0.426190736709932,0.433685193615059,0.48836367470982
"CV2",3,NA,"Group_adjusted","M2","ABR33",124,0.489384647666631,0.659767698909877,0.390122995813013,0.683063105805994,0.763487279378619
"CV2",3,NA,"Group_adjusted","M2","JKI",124,0.497440965337115,0.654453136104948,0.46228858855228,0.435384711969756,0.48836367470982
"CV2",3,NA,"Group_adjusted","M3","ABR33",124,0.495576992724066,0.660687467823399,0.395457401966654,0.682219022375462,0.763487279378619
"CV2",3,NA,"Group_adjusted","M3","JKI",124,0.513172193389808,0.666995770232543,0.475850715825603,0.425092018046586,0.48836367470982
"CV2",3,NA,"Raw","M1","ABR33",124,0.53871195005105,0.53871195005105,0.431126247876616,0.796535058730235,0.763487279378619
"CV2",3,NA,"Raw","M1","JKI",124,0.555491975780655,0.555491975780655,0.443720263374962,0.483937910313034,0.48836367470982
"CV2",3,NA,"Raw","M2","ABR33",124,0.639649792824891,0.639649792824891,0.46632065740637,0.735656505464361,0.763487279378619
"CV2",3,NA,"Raw","M2","JKI",124,0.586479715586143,0.586479715586143,0.475543270132883,0.500268888181668,0.48836367470982
"CV2",3,NA,"Raw","M3","ABR33",124,0.669836281816051,0.669836281816051,0.443414153058182,0.694388150107286,0.763487279378619
"CV2",3,NA,"Raw","M3","JKI",124,0.646767414895577,0.646767414895577,0.487874768666906,0.444022981951671,0.48836367470982
"CV2",4,NA,"Group_adjusted","M1","ABR33",124,0.464335969794083,0.646206799350733,0.367648757249951,0.693998385037272,0.756657317085887
"CV2",4,NA,"Group_adjusted","M1","JKI",124,0.478600231978344,0.6442977648958,0.411819037928129,0.43397651794834,0.493368931245199
"CV2",4,NA,"Group_adjusted","M2","ABR33",124,0.479788278689274,0.665692681145101,0.409143726078687,0.678447150743457,0.756657317085887
"CV2",4,NA,"Group_adjusted","M2","JKI",124,0.508097801496121,0.658456018639509,0.457182233975234,0.432737312629049,0.493368931245199
"CV2",4,NA,"Group_adjusted","M3","ABR33",124,0.533789224799783,0.681331267370059,0.465280791301719,0.665975535538202,0.756657317085887
"CV2",4,NA,"Group_adjusted","M3","JKI",124,0.521182697431003,0.66788641050135,0.467881619135574,0.424551121056662,0.493368931245199
"CV2",4,NA,"Raw","M1","ABR33",124,0.566398044197844,0.566398044197844,0.46008850579842,0.790127864391394,0.756657317085887
"CV2",4,NA,"Raw","M1","JKI",124,0.584545934239586,0.584545934239586,0.477690007854739,0.467378944413345,0.493368931245199
"CV2",4,NA,"Raw","M2","ABR33",124,0.660571649779364,0.660571649779364,0.495370622773684,0.726698028033453,0.756657317085887
"CV2",4,NA,"Raw","M2","JKI",124,0.606234574070095,0.606234574070095,0.497816699154986,0.48546546617035,0.493368931245199
"CV2",4,NA,"Raw","M3","ABR33",124,0.705566243656928,0.705566243656928,0.512027068813361,0.671906991417284,0.756657317085887
"CV2",4,NA,"Raw","M3","JKI",124,0.661040575898865,0.661040575898865,0.503483709919679,0.436303150966022,0.493368931245199
"CV2",5,NA,"Group_adjusted","M1","ABR33",124,0.475322185393056,0.658350348442006,0.418431848679159,0.684466400423386,0.749887860481471
"CV2",5,NA,"Group_adjusted","M1","JKI",124,0.469473075820378,0.648213592137496,0.425749340063594,0.432251448955841,0.486828244625117
"CV2",5,NA,"Group_adjusted","M2","ABR33",124,0.498687098593011,0.679074987419082,0.456572071143967,0.667717249134202,0.749887860481471
"CV2",5,NA,"Group_adjusted","M2","JKI",124,0.489309464077414,0.653094310516546,0.456267945248282,0.437350663839619,0.486828244625117
"CV2",5,NA,"Group_adjusted","M3","ABR33",124,0.512414252486612,0.679913107892548,0.470339919727912,0.666568766622025,0.749887860481471
"CV2",5,NA,"Group_adjusted","M3","JKI",124,0.504803474573524,0.665999380613313,0.468608984641208,0.425485617928061,0.486828244625117
"CV2",5,NA,"Raw","M1","ABR33",124,0.570923626883854,0.570923626883854,0.46858869910303,0.788170868694039,0.749887860481471
"CV2",5,NA,"Raw","M1","JKI",124,0.56850386734196,0.56850386734196,0.454246202132181,0.476709357800892,0.486828244625117
"CV2",5,NA,"Raw","M2","ABR33",124,0.660384158328742,0.660384158328742,0.499910352846994,0.727734694101282,0.749887860481471
"CV2",5,NA,"Raw","M2","JKI",124,0.591589415070387,0.591589415070387,0.4766335406455,0.498031302413219,0.486828244625117
"CV2",5,NA,"Raw","M3","ABR33",124,0.695267936601698,0.695267936601698,0.490372678849621,0.679219183345736,0.749887860481471
"CV2",5,NA,"Raw","M3","JKI",124,0.649729100485743,0.649729100485743,0.486656956588239,0.441503098097816,0.486828244625117
"CV2",6,NA,"Group_adjusted","M1","ABR33",124,0.446731619649344,0.626766602021128,0.290544587183589,0.708383313489348,0.766055573797376
"CV2",6,NA,"Group_adjusted","M1","JKI",124,0.421023530265784,0.624226760837447,0.385988527981558,0.443721849833354,0.483961635306753
"CV2",6,NA,"Group_adjusted","M2","ABR33",124,0.481268753499666,0.65315098382109,0.369256607157493,0.688499793551302,0.766055573797376
"CV2",6,NA,"Group_adjusted","M2","JKI",124,0.46760626825302,0.642698107955851,0.44137819737136,0.440083041059353,0.483961635306753
"CV2",6,NA,"Group_adjusted","M3","ABR33",124,0.510227134139718,0.661517901958873,0.398532550596829,0.681425079563241,0.766055573797376
"CV2",6,NA,"Group_adjusted","M3","JKI",124,0.492072847009349,0.66112881749364,0.46396769428536,0.42732137965071,0.483961635306753
"CV2",6,NA,"Raw","M1","ABR33",124,0.512091544151145,0.512091544151145,0.388868491357056,0.815430094132923,0.766055573797376
"CV2",6,NA,"Raw","M1","JKI",124,0.537777764496184,0.537777764496184,0.415058782589588,0.48590815111263,0.483961635306753
"CV2",6,NA,"Raw","M2","ABR33",124,0.650632834951164,0.650632834951164,0.476494774346728,0.737151450083933,0.766055573797376
"CV2",6,NA,"Raw","M2","JKI",124,0.58357026831093,0.58357026831093,0.466284884030768,0.493106778315299,0.483961635306753
"CV2",6,NA,"Raw","M3","ABR33",124,0.680979511484103,0.680979511484103,0.469404497725338,0.688502802659485,0.766055573797376
"CV2",6,NA,"Raw","M3","JKI",124,0.650137667771203,0.650137667771203,0.487521651536316,0.437669964327687,0.483961635306753
"CV2",7,NA,"Group_adjusted","M1","ABR33",124,0.489046223156951,0.641344634627128,0.343023369686428,0.697390258018096,0.766508285593652
"CV2",7,NA,"Group_adjusted","M1","JKI",124,0.460117186914599,0.632782110570103,0.396407334084585,0.439725350291162,0.493224206042142
"CV2",7,NA,"Group_adjusted","M2","ABR33",124,0.509359357680826,0.662291881983093,0.398278495366185,0.680963277847125,0.766508285593652
"CV2",7,NA,"Group_adjusted","M2","JKI",124,0.494371028527824,0.64964011909296,0.445494408394159,0.437287511036347,0.493224206042142
"CV2",7,NA,"Group_adjusted","M3","ABR33",124,0.538190182816939,0.668728702099134,0.4265501222414,0.675384992686961,0.766508285593652
"CV2",7,NA,"Group_adjusted","M3","JKI",124,0.506213510047404,0.657395096122474,0.454444315365118,0.430133932211035,0.493224206042142
"CV2",7,NA,"Raw","M1","ABR33",124,0.566782165721148,0.566782165721148,0.472300300607199,0.790492936855276,0.766508285593652
"CV2",7,NA,"Raw","M1","JKI",124,0.552250166081934,0.552250166081934,0.446963768945875,0.480111073381291,0.493224206042142
"CV2",7,NA,"Raw","M2","ABR33",124,0.656218357155014,0.656218357155014,0.495207201258738,0.728909878460306,0.766508285593652
"CV2",7,NA,"Raw","M2","JKI",124,0.584149152020144,0.584149152020144,0.471853663180808,0.498598892026323,0.493224206042142
"CV2",7,NA,"Raw","M3","ABR33",124,0.703622732896939,0.703622732896939,0.508066294536828,0.672563480566214,0.766508285593652
"CV2",7,NA,"Raw","M3","JKI",124,0.644230918635927,0.644230918635927,0.484899328527853,0.444541606956121,0.493224206042142
"CV2",8,NA,"Group_adjusted","M1","ABR33",124,0.420651987441545,0.581821974230493,0.128450656142811,0.738632957331412,0.792561688438051
"CV2",8,NA,"Group_adjusted","M1","JKI",124,0.473924088477805,0.653583438236794,0.432007321723522,0.428647921651975,0.485481791524983
"CV2",8,NA,"Group_adjusted","M2","ABR33",124,0.444249005020952,0.605330091283505,0.22432669661802,0.722901095569446,0.792561688438051
"CV2",8,NA,"Group_adjusted","M2","JKI",124,0.502628362597454,0.66334177276213,0.470529925194316,0.429552030422707,0.485481791524983
"CV2",8,NA,"Group_adjusted","M3","ABR33",124,0.444138307266571,0.604528342498598,0.219740579298442,0.723435669945679,0.792561688438051
"CV2",8,NA,"Group_adjusted","M3","JKI",124,0.517169846320828,0.675113021741245,0.483266286993887,0.419436031543891,0.485481791524983
"CV2",8,NA,"Raw","M1","ABR33",124,0.459080974871757,0.459080974871757,0.346451744184985,0.825370429972754,0.792561688438051
"CV2",8,NA,"Raw","M1","JKI",124,0.594211864412217,0.594211864412217,0.481264661514608,0.46471833524856,0.485481791524983
"CV2",8,NA,"Raw","M2","ABR33",124,0.606209072353249,0.606209072353249,0.418184655438193,0.756217003511713,0.792561688438051
"CV2",8,NA,"Raw","M2","JKI",124,0.609260962862853,0.609260962862853,0.501063043583251,0.48942220278096,0.485481791524983
"CV2",8,NA,"Raw","M3","ABR33",124,0.626988318168254,0.626988318168254,0.371701116499325,0.72131253677308,0.792561688438051
"CV2",8,NA,"Raw","M3","JKI",124,0.66183487717034,0.66183487717034,0.501355114479972,0.434123149311759,0.485481791524983
"CV2",9,NA,"Group_adjusted","M1","ABR33",124,0.398734489389028,0.612599792473106,0.237253177477614,0.717562678323555,0.771283899728175
"CV2",9,NA,"Group_adjusted","M1","JKI",124,0.379310321012474,0.577370876568987,0.317385410943534,0.470265938875074,0.495247400423999
"CV2",9,NA,"Group_adjusted","M2","ABR33",124,0.453358652394338,0.639868759283529,0.327539051098864,0.697635695613535,0.771283899728175
"CV2",9,NA,"Group_adjusted","M2","JKI",124,0.438595215057987,0.606693488653185,0.389194509510741,0.464730269391056,0.495247400423999
"CV2",9,NA,"Group_adjusted","M3","ABR33",124,0.484053964394946,0.64903568165129,0.357783187176816,0.690636110319747,0.771283899728175
"CV2",9,NA,"Group_adjusted","M3","JKI",124,0.4613496139783,0.623527429686292,0.408160788164548,0.449863280069731,0.495247400423999
"CV2",9,NA,"Raw","M1","ABR33",124,0.481848189484453,0.481848189484453,0.34731894883447,0.811989766871737,0.771283899728175
"CV2",9,NA,"Raw","M1","JKI",124,0.497133335484405,0.497133335484405,0.37452462514052,0.510336249328025,0.495247400423999
"CV2",9,NA,"Raw","M2","ABR33",124,0.612999601227545,0.612999601227545,0.418615131223016,0.745126262102814,0.771283899728175
"CV2",9,NA,"Raw","M2","JKI",124,0.554964802118158,0.554964802118158,0.433292219566501,0.518462794038583,0.495247400423999
"CV2",9,NA,"Raw","M3","ABR33",124,0.652110057521707,0.652110057521707,0.412008679162081,0.702575695040964,0.771283899728175
"CV2",9,NA,"Raw","M3","JKI",124,0.616178103659564,0.616178103659564,0.449654907325539,0.460032059359986,0.495247400423999
"CV2",10,NA,"Group_adjusted","M1","ABR33",124,0.475905662179012,0.647234935993929,0.377805197545586,0.693377827627712,0.757576294291106
"CV2",10,NA,"Group_adjusted","M1","JKI",124,0.447642129642521,0.643130593208553,0.418251826258277,0.435125351865538,0.482661610686955
"CV2",10,NA,"Group_adjusted","M2","ABR33",124,0.508606521511804,0.672575533103577,0.439577016016069,0.673537184730085,0.757576294291106
"CV2",10,NA,"Group_adjusted","M2","JKI",124,0.479312036418635,0.654241599688018,0.457918769287863,0.436529552986958,0.482661610686955
"CV2",10,NA,"Group_adjusted","M3","ABR33",124,0.502839988027,0.667470294834428,0.429794766710882,0.677202389460295,0.757576294291106
"CV2",10,NA,"Group_adjusted","M3","JKI",124,0.504995710143993,0.672932306053233,0.481107693339533,0.422164418775576,0.482661610686955
"CV2",10,NA,"Raw","M1","ABR33",124,0.54567159306786,0.54567159306786,0.431802604932946,0.800284350143116,0.757576294291106
"CV2",10,NA,"Raw","M1","JKI",124,0.554085812302954,0.554085812302954,0.443936534977462,0.482957705919731,0.482661610686955
"CV2",10,NA,"Raw","M2","ABR33",124,0.650291741055392,0.650291741055392,0.476863795282041,0.735285510343888,0.757576294291106
"CV2",10,NA,"Raw","M2","JKI",124,0.588656216594058,0.588656216594058,0.475124635392768,0.498574014658261,0.482661610686955
"CV2",10,NA,"Raw","M3","ABR33",124,0.661003764703139,0.661003764703139,0.433510818163886,0.703212508127691,0.757576294291106
"CV2",10,NA,"Raw","M3","JKI",124,0.651716477348955,0.651716477348955,0.491667134193336,0.440705428133879,0.482661610686955
"Sparse25",1,0,"Group_adjusted","M1","ABR33",100,0.313189111301816,0.605346312461518,0.31636491549723,0.788916205219443,0.798827690689508
"Sparse25",1,0,"Group_adjusted","M1","JKI",99,0.295051707551981,0.554911868686974,0.30426769139358,0.506458371597959,0.52325906797857
"Sparse25",1,0,"Group_adjusted","M2","ABR33",100,0.324910217705142,0.62037304209241,0.328548895439991,0.775368069444315,0.798827690689508
"Sparse25",1,0,"Group_adjusted","M2","JKI",99,0.333923338862422,0.580935922515928,0.34923844108884,0.498857937370779,0.52325906797857
"Sparse25",1,0,"Group_adjusted","M3","ABR33",100,0.324740946728418,0.621910332566606,0.339779453380373,0.77286696024373,0.798827690689508
"Sparse25",1,0,"Group_adjusted","M3","JKI",99,0.359437145443643,0.588173091085385,0.375718971343853,0.489459230865139,0.52325906797857
"Sparse25",1,0,"Raw","M1","ABR33",100,0.275465926288208,0.275465926288208,0.285628867727517,0.960963331796967,0.798827690689508
"Sparse25",1,0,"Raw","M1","JKI",99,0.399292490985239,0.399292490985239,0.358045808597075,0.611791606719586,0.52325906797857
"Sparse25",1,0,"Raw","M2","ABR33",100,0.427806155859162,0.427806155859162,0.338525117185523,0.930818303765178,0.798827690689508
"Sparse25",1,0,"Raw","M2","JKI",99,0.494144146907494,0.494144146907494,0.404137249799475,0.584060150152947,0.52325906797857
"Sparse25",1,0,"Raw","M3","ABR33",100,0.532284727194513,0.532284727194513,0.355797858399143,0.896042387008844,0.798827690689508
"Sparse25",1,0,"Raw","M3","JKI",99,0.478474078919769,0.478474078919769,0.425106632434176,0.575558049584848,0.52325906797857
"Sparse25",1,5,"Group_adjusted","M1","ABR33",100,-0.019759850153512,0.512339724002815,9.96445837032477e-05,0.786800259037276,0.784540826672516
"Sparse25",1,5,"Group_adjusted","M1","JKI",99,0.439910964239164,0.590537986831704,0.463762848555962,0.48488996561618,0.521603863393921
"Sparse25",1,5,"Group_adjusted","M2","ABR33",100,-0.0193067433189243,0.511626527694837,0.0115507549310881,0.789412056518312,0.784540826672516
"Sparse25",1,5,"Group_adjusted","M2","JKI",99,0.477683320730361,0.62725761696055,0.498694854501642,0.468015285249184,0.521603863393921
"Sparse25",1,5,"Group_adjusted","M3","ABR33",100,0.0771054404862888,0.522350004250411,0.0908063969348308,0.782325605353105,0.784540826672516
"Sparse25",1,5,"Group_adjusted","M3","JKI",99,0.482458533937951,0.61755384259033,0.499388825483453,0.47317154626032,0.521603863393921
"Sparse25",1,5,"Raw","M1","ABR33",100,0.0409021087238042,0.0409021087238042,-0.112052294377562,0.873233473794672,0.784540826672516
"Sparse25",1,5,"Raw","M1","JKI",99,0.470709017735749,0.470709017735749,0.396651466192711,0.567549761928043,0.521603863393921
"Sparse25",1,5,"Raw","M2","ABR33",100,0.264201782749576,0.264201782749576,-0.0767177857789609,0.846504533943881,0.784540826672516
"Sparse25",1,5,"Raw","M2","JKI",99,0.552364775664586,0.552364775664586,0.458038632029231,0.527626818158607,0.521603863393921
"Sparse25",1,5,"Raw","M3","ABR33",100,0.399186755606523,0.399186755606523,0.0116148202879149,0.817637306614498,0.784540826672516
"Sparse25",1,5,"Raw","M3","JKI",99,0.579603396257579,0.579603396257579,0.466682249984103,0.533704837743094,0.521603863393921
"Sparse25",1,10,"Group_adjusted","M1","ABR33",100,0.252054177382736,0.559252748674459,0.238713429230604,0.866377147158264,0.880266543577972
"Sparse25",1,10,"Group_adjusted","M1","JKI",99,0.204682395475543,0.541741805529103,0.207216222160073,0.459847889062917,0.468917592907765
"Sparse25",1,10,"Group_adjusted","M2","ABR33",100,0.318848280751956,0.570648307947871,0.320140324831295,0.856377793788181,0.880266543577972
"Sparse25",1,10,"Group_adjusted","M2","JKI",99,0.283800950881703,0.564907728495306,0.292627482455526,0.4530918831382,0.468917592907765
"Sparse25",1,10,"Group_adjusted","M3","ABR33",100,0.315875182490521,0.568240344888815,0.297750066196307,0.85660770588216,0.880266543577972
"Sparse25",1,10,"Group_adjusted","M3","JKI",99,0.313947275449979,0.567752674387154,0.31601743666766,0.449172655883871,0.468917592907765
"Sparse25",1,10,"Raw","M1","ABR33",100,0.21271022099961,0.21271022099961,0.0907031120855119,0.884344489979677,0.880266543577972
"Sparse25",1,10,"Raw","M1","JKI",99,0.185347693521463,0.185347693521463,0.217700884693949,0.531403831036871,0.468917592907765
"Sparse25",1,10,"Raw","M2","ABR33",100,0.474439629731063,0.474439629731063,0.205818246847101,0.832546766036027,0.880266543577972
"Sparse25",1,10,"Raw","M2","JKI",99,0.258873258880524,0.258873258880524,0.330257396933262,0.523839127013038,0.468917592907765
"Sparse25",1,10,"Raw","M3","ABR33",100,0.430785943879191,0.430785943879191,0.211493877504632,0.820440923653288,0.880266543577972
"Sparse25",1,10,"Raw","M3","JKI",99,0.414948514318635,0.414948514318635,0.354886089246151,0.502895519597298,0.468917592907765
"Sparse25",1,15,"Group_adjusted","M1","ABR33",100,0.205649290113236,0.58861881598924,0.22168075598587,0.772593384983141,0.777900195162002
"Sparse25",1,15,"Group_adjusted","M1","JKI",99,0.003557589998036,0.425585967828358,0.0299647178423451,0.594969830531736,0.605234816904218
"Sparse25",1,15,"Group_adjusted","M2","ABR33",100,0.241115834001171,0.597576109161544,0.243341396023827,0.76708805026394,0.777900195162002
"Sparse25",1,15,"Group_adjusted","M2","JKI",99,0.024123951198892,0.361517443920802,0.0291184234937877,0.595308534201559,0.605234816904218
"Sparse25",1,15,"Group_adjusted","M3","ABR33",100,0.247407638175964,0.602298058445226,0.26449544122293,0.767249865661031,0.777900195162002
"Sparse25",1,15,"Group_adjusted","M3","JKI",99,0.0224085151396416,0.388968289650621,0.0550294054893818,0.58984614169406,0.605234816904218
"Sparse25",1,15,"Raw","M1","ABR33",100,0.103271699267128,0.103271699267128,0.200416935124094,0.935568593529761,0.777900195162002
"Sparse25",1,15,"Raw","M1","JKI",99,0.0858847952335654,0.0858847952335654,0.0186608647282389,0.604919708227655,0.605234816904218
"Sparse25",1,15,"Raw","M2","ABR33",100,0.395580695222393,0.395580695222393,0.206318677017504,0.904311044397335,0.777900195162002
"Sparse25",1,15,"Raw","M2","JKI",99,0.0949924687061839,0.0949924687061839,0.00304004143629989,0.604509782605678,0.605234816904218
"Sparse25",1,15,"Raw","M3","ABR33",100,0.401666667238871,0.401666667238871,0.2243430016476,0.882996000436266,0.777900195162002
"Sparse25",1,15,"Raw","M3","JKI",99,0.144688235833682,0.144688235833682,0.0293111016561939,0.59639057932073,0.605234816904218
"Sparse25",1,20,"Group_adjusted","M1","ABR33",100,0.0101534257139598,0.566857638866262,0.0040401964234596,0.780634311857783,0.781685861253169
"Sparse25",1,20,"Group_adjusted","M1","JKI",99,0.135990755107591,0.565641102059392,0.13824345271345,0.522576801655601,0.53345474161441
"Sparse25",1,20,"Group_adjusted","M2","ABR33",100,0.0692564906203157,0.569055139629034,0.0849537166715015,0.780166419977231,0.781685861253169
"Sparse25",1,20,"Group_adjusted","M2","JKI",99,0.165428624433432,0.565519160437482,0.170679796600222,0.519401249787607,0.53345474161441
"Sparse25",1,20,"Group_adjusted","M3","ABR33",100,0.24289725671499,0.576756154915394,0.227851403823687,0.774605147305006,0.781685861253169
"Sparse25",1,20,"Group_adjusted","M3","JKI",99,0.196410114059413,0.588511197641401,0.208575659896429,0.515604492412142,0.53345474161441
"Sparse25",1,20,"Raw","M1","ABR33",100,-0.0178963798692904,-0.0178963798692904,0.000504077215680171,0.950436593969091,0.781685861253169
"Sparse25",1,20,"Raw","M1","JKI",99,0.187126789010492,0.187126789010492,0.175560578691414,0.59923192411448,0.53345474161441
"Sparse25",1,20,"Raw","M2","ABR33",100,0.28117612734405,0.28117612734405,-0.000807749641964038,0.930253090625344,0.781685861253169
"Sparse25",1,20,"Raw","M2","JKI",99,0.129634186629803,0.129634186629803,0.152607441763213,0.604410694012979,0.53345474161441
"Sparse25",1,20,"Raw","M3","ABR33",100,0.313914765612293,0.313914765612293,0.075750106903837,0.909395910992142,0.781685861253169
"Sparse25",1,20,"Raw","M3","JKI",99,0.252008905965303,0.252008905965303,0.1779643381842,0.589827810212628,0.53345474161441
"Sparse25",1,25,"Group_adjusted","M1","ABR33",100,NA,0.547827744955248,NA,0.797095399243098,0.796721740000133
"Sparse25",1,25,"Group_adjusted","M1","JKI",99,NA,0.544154406746811,NA,0.477693667976278,0.477815451420076
"Sparse25",1,25,"Group_adjusted","M2","ABR33",100,0.156991941335753,0.55179366357386,0.173397485430977,0.792250572698405,0.796721740000133
"Sparse25",1,25,"Group_adjusted","M2","JKI",99,0.249249357801861,0.559561278678981,0.307348053440229,0.471167963411968,0.477815451420076
"Sparse25",1,25,"Group_adjusted","M3","ABR33",100,0.205564275118532,0.555235467249973,0.20588105075635,0.788934305898465,0.796721740000133
"Sparse25",1,25,"Group_adjusted","M3","JKI",99,0.237038241082833,0.561462644581107,0.297928917478985,0.470077814446899,0.477815451420076
"Sparse25",1,25,"Raw","M1","ABR33",100,NA,NA,NA,0.92081718500142,0.796721740000133
"Sparse25",1,25,"Raw","M1","JKI",99,NA,NA,NA,0.565753906932135,0.477815451420076
"Sparse25",1,25,"Raw","M2","ABR33",100,0.520521661861989,0.520521661861989,0.276502630170256,0.88923460384424,0.796721740000133
"Sparse25",1,25,"Raw","M2","JKI",99,0.329420702211544,0.329420702211544,0.264648397640633,0.548093290351668,0.477815451420076
"Sparse25",1,25,"Raw","M3","ABR33",100,0.434786022871249,0.434786022871249,0.282239779437901,0.86211097816097,0.796721740000133
"Sparse25",1,25,"Raw","M3","JKI",99,0.315109328362463,0.315109328362463,0.313730947304244,0.543236935090765,0.477815451420076
"Sparse25",2,0,"Group_adjusted","M1","ABR33",100,0.100960508202255,0.503737533695066,0.15409276232869,0.999898504807918,1.0096360600927
"Sparse25",2,0,"Group_adjusted","M1","JKI",99,0.227802342190046,0.54823429150413,0.232839021437102,0.49075423183005,0.502525090333866
"Sparse25",2,0,"Group_adjusted","M2","ABR33",100,0.115498142105692,0.509190537643698,0.194905633032361,1.00502319251973,1.0096360600927
"Sparse25",2,0,"Group_adjusted","M2","JKI",99,0.222966383180349,0.550291142917799,0.22882233829348,0.490021821111058,0.502525090333866
"Sparse25",2,0,"Group_adjusted","M3","ABR33",100,0.126175859118817,0.510614866557178,0.228650812475054,1.01006753565045,1.0096360600927
"Sparse25",2,0,"Group_adjusted","M3","JKI",99,0.238809897045652,0.555586286807559,0.248485056485285,0.489124110954091,0.502525090333866
"Sparse25",2,0,"Raw","M1","ABR33",100,0.27901659462743,0.27901659462743,0.157454962723158,0.849942122693587,1.0096360600927
"Sparse25",2,0,"Raw","M1","JKI",99,0.442841091395422,0.442841091395422,0.325851765745579,0.531765264579026,0.502525090333866
"Sparse25",2,0,"Raw","M2","ABR33",100,0.523847434322494,0.523847434322494,0.228952091281688,0.801999152199123,1.0096360600927
"Sparse25",2,0,"Raw","M2","JKI",99,0.468874622964649,0.468874622964649,0.353762789346327,0.510761812271274,0.502525090333866
"Sparse25",2,0,"Raw","M3","ABR33",100,0.547190167794063,0.547190167794063,0.255722748302015,0.78285191612832,1.0096360600927
"Sparse25",2,0,"Raw","M3","JKI",99,0.531352725065234,0.531352725065234,0.374530427443541,0.491007496551893,0.502525090333866
"Sparse25",2,5,"Group_adjusted","M1","ABR33",100,0.246774676488333,0.556011667606866,0.256638618525225,0.790571338848847,0.803276188100469
"Sparse25",2,5,"Group_adjusted","M1","JKI",99,0.292876422180111,0.571420167392259,0.286492213387927,0.49300352498552,0.507617596199908
"Sparse25",2,5,"Group_adjusted","M2","ABR33",100,0.282680232655805,0.567530148688908,0.266884281640086,0.778666089604786,0.803276188100469
"Sparse25",2,5,"Group_adjusted","M2","JKI",99,0.335155461448314,0.593437482427724,0.314100186121403,0.479091132836707,0.507617596199908
"Sparse25",2,5,"Group_adjusted","M3","ABR33",100,0.316770759240939,0.568125975116658,0.280427881781267,0.774635290423644,0.803276188100469
"Sparse25",2,5,"Group_adjusted","M3","JKI",99,0.362538001613561,0.594403145709305,0.326250593920225,0.47457797845641,0.507617596199908
"Sparse25",2,5,"Raw","M1","ABR33",100,0.365026793457808,0.365026793457808,0.326058082953659,0.881875522626258,0.803276188100469
"Sparse25",2,5,"Raw","M1","JKI",99,0.344419272041796,0.344419272041796,0.291493946615932,0.522163992960146,0.507617596199908
"Sparse25",2,5,"Raw","M2","ABR33",100,0.522887086682483,0.522887086682483,0.342846722693411,0.817890558010552,0.803276188100469
"Sparse25",2,5,"Raw","M2","JKI",99,0.327435973252086,0.327435973252086,0.322780489715799,0.52578649039008,0.507617596199908
"Sparse25",2,5,"Raw","M3","ABR33",100,0.51243425272547,0.51243425272547,0.386175594008268,0.801053698087582,0.803276188100469
"Sparse25",2,5,"Raw","M3","JKI",99,0.430237548993403,0.430237548993403,0.341191638057769,0.501517219685807,0.507617596199908
"Sparse25",2,10,"Group_adjusted","M1","ABR33",100,0.0664994070165815,0.513473046669582,0.0561397961954829,0.863082282269491,0.859374879993853
"Sparse25",2,10,"Group_adjusted","M1","JKI",99,0.0679763442271687,0.0382003144902601,0.0554601536836592,0.606269696696048,0.60651528719256
"Sparse25",2,10,"Group_adjusted","M2","ABR33",100,0.0999643173349677,0.515113924198422,0.0920235700632364,0.864441582703849,0.859374879993853
"Sparse25",2,10,"Group_adjusted","M2","JKI",99,0.0705406702799659,0.055840046118493,0.0741143690148293,0.610719495288924,0.60651528719256
"Sparse25",2,10,"Group_adjusted","M3","ABR33",100,0.107107731593331,0.513509612923113,0.083067698689118,0.861460644156377,0.859374879993853
"Sparse25",2,10,"Group_adjusted","M3","JKI",99,0.100230114828165,0.072411180283088,0.122791615692598,0.605443253804911,0.60651528719256
"Sparse25",2,10,"Raw","M1","ABR33",100,0.141012307718164,0.141012307718164,0.075944734787697,0.957846001276876,0.859374879993853
"Sparse25",2,10,"Raw","M1","JKI",99,0.0318789478976566,0.0318789478976566,-0.0297761981216204,0.598241426975512,0.60651528719256
"Sparse25",2,10,"Raw","M2","ABR33",100,0.312202356309156,0.312202356309156,0.0961622290744759,0.932230776674062,0.859374879993853
"Sparse25",2,10,"Raw","M2","JKI",99,-0.0283197136571554,-0.0283197136571554,-0.00378998513975873,0.630163027225415,0.60651528719256
"Sparse25",2,10,"Raw","M3","ABR33",100,0.329898207607569,0.329898207607569,0.0924532754042955,0.920983871794479,0.859374879993853
"Sparse25",2,10,"Raw","M3","JKI",99,0.0232740747352703,0.0232740747352703,0.065136062094337,0.609657554310822,0.60651528719256
"Sparse25",2,15,"Group_adjusted","M1","ABR33",100,0.244853994379545,0.558239439969051,0.300090384767182,0.852425920108548,0.855107016447067
"Sparse25",2,15,"Group_adjusted","M1","JKI",99,0.0164508882685603,0.524059145994298,0.0244126265931268,0.501343548624755,0.498622812884084
"Sparse25",2,15,"Group_adjusted","M2","ABR33",100,0.287282135082759,0.566923835449272,0.317308181015725,0.841208720538932,0.855107016447067
"Sparse25",2,15,"Group_adjusted","M2","JKI",99,0.13525466515246,0.534101042240241,0.116471725921602,0.493462435641217,0.498622812884084
"Sparse25",2,15,"Group_adjusted","M3","ABR33",100,0.294712829579072,0.56744600189072,0.317326335473154,0.832508144900532,0.855107016447067
"Sparse25",2,15,"Group_adjusted","M3","JKI",99,0.136906326320033,0.525797247414081,0.0902846298527087,0.491937450082492,0.498622812884084
"Sparse25",2,15,"Raw","M1","ABR33",100,0.365811671660416,0.365811671660416,0.327196738160339,0.843589918190608,0.855107016447067
"Sparse25",2,15,"Raw","M1","JKI",99,0.124321750304562,0.124321750304562,0.0986342043968405,0.530446178426191,0.498622812884084
"Sparse25",2,15,"Raw","M2","ABR33",100,0.440081972708275,0.440081972708275,0.349754231396033,0.806064332934089,0.855107016447067
"Sparse25",2,15,"Raw","M2","JKI",99,0.0455564821223658,0.0455564821223658,0.180880298109238,0.576961185592066,0.498622812884084
"Sparse25",2,15,"Raw","M3","ABR33",100,0.364908700045882,0.364908700045882,0.350222906422319,0.853752011449893,0.855107016447067
"Sparse25",2,15,"Raw","M3","JKI",99,0.078273872900066,0.078273872900066,0.148313040846265,0.538040015240322,0.498622812884084
"Sparse25",2,20,"Group_adjusted","M1","ABR33",100,0.130529325835834,0.582176172822196,0.139029098642053,0.74753214802366,0.749190434274352
"Sparse25",2,20,"Group_adjusted","M1","JKI",99,-0.0442006807092088,0.491087591701885,-0.0425373589900844,0.552630469675608,0.54800159919341
"Sparse25",2,20,"Group_adjusted","M2","ABR33",100,0.192193835164014,0.58713052134889,0.215719358714086,0.744435040848322,0.749190434274352
"Sparse25",2,20,"Group_adjusted","M2","JKI",99,0.0282100384923116,0.495229364931566,0.0152086259072075,0.552504804837854,0.54800159919341
"Sparse25",2,20,"Group_adjusted","M3","ABR33",100,0.173649998062196,0.589058094301683,0.256248481506692,0.743323976072638,0.749190434274352
"Sparse25",2,20,"Group_adjusted","M3","JKI",99,0.043681485689522,0.499571965270661,0.069722538551062,0.543701458166831,0.54800159919341
"Sparse25",2,20,"Raw","M1","ABR33",100,0.0623746830485685,0.0623746830485685,-0.0390354363932925,0.918266246210764,0.749190434274352
"Sparse25",2,20,"Raw","M1","JKI",99,0.0210574498349124,0.0210574498349124,0.00138793337462468,0.652531371452593,0.54800159919341
"Sparse25",2,20,"Raw","M2","ABR33",100,0.392135318825311,0.392135318825311,0.0450650491841512,0.891118199630247,0.749190434274352
"Sparse25",2,20,"Raw","M2","JKI",99,0.122301581993318,0.122301581993318,0.00263919785606076,0.658564852837044,0.54800159919341
"Sparse25",2,20,"Raw","M3","ABR33",100,0.359623726855592,0.359623726855592,0.114146553502918,0.86524528193549,0.749190434274352
"Sparse25",2,20,"Raw","M3","JKI",99,0.174102709873411,0.174102709873411,0.0587529012693105,0.629227694792167,0.54800159919341
"Sparse25",2,25,"Group_adjusted","M1","ABR33",100,NA,0.479714738966751,NA,0.974252132304053,0.974736156139261
"Sparse25",2,25,"Group_adjusted","M1","JKI",99,NA,0.518683177895242,NA,0.552676282352062,0.551699317139474
"Sparse25",2,25,"Group_adjusted","M2","ABR33",100,0.0422355477941716,0.479513106338058,0.117368768015266,0.973244005202135,0.974736156139261
"Sparse25",2,25,"Group_adjusted","M2","JKI",99,0.228636489769223,0.534951517819035,0.355028775533034,0.541812437665588,0.551699317139474
"Sparse25",2,25,"Group_adjusted","M3","ABR33",100,0.140586951978766,0.486950213826396,0.173015561530215,0.967995037137275,0.974736156139261
"Sparse25",2,25,"Group_adjusted","M3","JKI",99,0.241665428149099,0.534232189789417,0.329569691001604,0.541504029526054,0.551699317139474
"Sparse25",2,25,"Raw","M1","ABR33",100,NA,NA,NA,0.864852731531754,0.974736156139261
"Sparse25",2,25,"Raw","M1","JKI",99,NA,NA,NA,0.550091012778059,0.551699317139474
"Sparse25",2,25,"Raw","M2","ABR33",100,0.357097364874124,0.357097364874124,0.132482654118649,0.836167755358752,0.974736156139261
"Sparse25",2,25,"Raw","M2","JKI",99,0.535207924587568,0.535207924587568,0.301456797574554,0.505614348319853,0.551699317139474
"Sparse25",2,25,"Raw","M3","ABR33",100,0.518432140570707,0.518432140570707,0.184121113710591,0.78958991360866,0.974736156139261
"Sparse25",2,25,"Raw","M3","JKI",99,0.382729229367804,0.382729229367804,0.271100339810865,0.513157230146219,0.551699317139474
"Sparse25",3,0,"Group_adjusted","M1","ABR33",100,0.148492464261541,0.566457501445984,0.157582201213825,0.828529156588927,0.831889917616095
"Sparse25",3,0,"Group_adjusted","M1","JKI",99,-0.0615679972749314,0.515868318594986,-0.0616552953449105,0.543954947609244,0.538299300975287
"Sparse25",3,0,"Group_adjusted","M2","ABR33",100,0.159620583088534,0.570396819226854,0.159474292915177,0.823953297092364,0.831889917616095
"Sparse25",3,0,"Group_adjusted","M2","JKI",99,-0.0844202821532369,0.496838081692122,-0.0840155323925037,0.55350859379817,0.538299300975287
"Sparse25",3,0,"Group_adjusted","M3","ABR33",100,0.125600886416137,0.565111788184845,0.14061730810575,0.825401915381955,0.831889917616095
"Sparse25",3,0,"Group_adjusted","M3","JKI",99,-0.0747352402499634,0.504214823362372,-0.0746547434358187,0.551173270255052,0.538299300975287
"Sparse25",3,0,"Raw","M1","ABR33",100,0.240926866795934,0.240926866795934,0.0801215107572943,1.00550592374945,0.831889917616095
"Sparse25",3,0,"Raw","M1","JKI",99,0.112902067654837,0.112902067654837,-0.0609669178785954,0.627308019284364,0.538299300975287
"Sparse25",3,0,"Raw","M2","ABR33",100,0.409290942452624,0.409290942452624,0.0939650444237342,0.955723189015844,0.831889917616095
"Sparse25",3,0,"Raw","M2","JKI",99,0.0802009252455567,0.0802009252455567,-0.141849583178069,0.630757915478477,0.538299300975287
"Sparse25",3,0,"Raw","M3","ABR33",100,0.372971223944388,0.372971223944388,0.0767622223158328,0.941833778741803,0.831889917616095
"Sparse25",3,0,"Raw","M3","JKI",99,0.178930733131242,0.178930733131242,-0.133027789120891,0.622319455532963,0.538299300975287
"Sparse25",3,5,"Group_adjusted","M1","ABR33",100,0.192252002258411,0.527225253261875,0.208352146761768,0.79846246865872,0.807398636751499
"Sparse25",3,5,"Group_adjusted","M1","JKI",99,0.0136212519758459,0.499079813253309,0.0333882537755594,0.49992918672749,0.498585580172163
"Sparse25",3,5,"Group_adjusted","M2","ABR33",100,0.258332892477024,0.536839478562311,0.240665713007933,0.790212218720967,0.807398636751499
"Sparse25",3,5,"Group_adjusted","M2","JKI",99,0.103459165161849,0.509932610249433,0.0989846653537071,0.49394758354405,0.498585580172163
"Sparse25",3,5,"Group_adjusted","M3","ABR33",100,0.243281944056641,0.534419741870236,0.248764844550713,0.793008909354826,0.807398636751499
"Sparse25",3,5,"Group_adjusted","M3","JKI",99,0.122361604351774,0.515204497735959,0.120867292985196,0.491272813380161,0.498585580172163
"Sparse25",3,5,"Raw","M1","ABR33",100,0.297194257622245,0.297194257622245,0.195073016101705,0.875746995852663,0.807398636751499
"Sparse25",3,5,"Raw","M1","JKI",99,0.199308355721163,0.199308355721163,0.0440961998816176,0.541943438201468,0.498585580172163
"Sparse25",3,5,"Raw","M2","ABR33",100,0.430548546155453,0.430548546155453,0.197122292490344,0.832674715419715,0.807398636751499
"Sparse25",3,5,"Raw","M2","JKI",99,0.183754713678537,0.183754713678537,0.111184996762372,0.571731822779619,0.498585580172163
"Sparse25",3,5,"Raw","M3","ABR33",100,0.386805286485001,0.386805286485001,0.214566351183256,0.846124412631711,0.807398636751499
"Sparse25",3,5,"Raw","M3","JKI",99,0.329042687779113,0.329042687779113,0.128539072800026,0.522688487111187,0.498585580172163
"Sparse25",3,10,"Group_adjusted","M1","ABR33",100,0.212651856007763,0.556736625983424,0.219895454477917,0.784424399358359,0.793920769167343
"Sparse25",3,10,"Group_adjusted","M1","JKI",99,0.0270601650481439,0.424098829349909,0.0491296057821698,0.511692030404739,0.512061817444378
"Sparse25",3,10,"Group_adjusted","M2","ABR33",100,0.206786856627946,0.563487125237727,0.215745779499671,0.78720429767087,0.793920769167343
"Sparse25",3,10,"Group_adjusted","M2","JKI",99,0.0119476327108703,0.405165097938408,0.0243805816833398,0.520337249399936,0.512061817444378
"Sparse25",3,10,"Group_adjusted","M3","ABR33",100,0.226298693632353,0.563038168946697,0.236437601027852,0.783901342670605,0.793920769167343
"Sparse25",3,10,"Group_adjusted","M3","JKI",99,0.0358993037380092,0.420456763914946,0.0705337220345866,0.51291754785152,0.512061817444378
"Sparse25",3,10,"Raw","M1","ABR33",100,0.262280363428694,0.262280363428694,0.159663858110608,0.913082559523785,0.793920769167343
"Sparse25",3,10,"Raw","M1","JKI",99,0.140676047093415,0.140676047093415,0.0171346722078594,0.550679119683552,0.512061817444378
"Sparse25",3,10,"Raw","M2","ABR33",100,0.419134855517023,0.419134855517023,0.155986625120025,0.86218488196289,0.793920769167343
"Sparse25",3,10,"Raw","M2","JKI",99,0.0567689920752523,0.0567689920752523,-0.0661849952316311,0.604157935552508,0.512061817444378
"Sparse25",3,10,"Raw","M3","ABR33",100,0.397629768519949,0.397629768519949,0.154515566439874,0.856716882866794,0.793920769167343
"Sparse25",3,10,"Raw","M3","JKI",99,0.0988574968718176,0.0988574968718176,-0.0373244425730769,0.572011024626346,0.512061817444378
"Sparse25",3,15,"Group_adjusted","M1","ABR33",100,0.216113484293073,0.614006153241083,0.223696358733929,0.760734975644302,0.770062257872543
"Sparse25",3,15,"Group_adjusted","M1","JKI",99,0.0395346666672356,0.56726494409441,0.080012271594642,0.518330078099032,0.525055402271422
"Sparse25",3,15,"Group_adjusted","M2","ABR33",100,0.213714543858521,0.620097436785037,0.222245186553472,0.757097987338304,0.770062257872543
"Sparse25",3,15,"Group_adjusted","M2","JKI",99,0.0826220386827837,0.531869035008992,0.103257450715149,0.516070925641315,0.525055402271422
"Sparse25",3,15,"Group_adjusted","M3","ABR33",100,0.207071707271765,0.612946874228879,0.145775841524653,0.7570655397706,0.770062257872543
"Sparse25",3,15,"Group_adjusted","M3","JKI",99,0.138360981776149,0.542733251647477,0.166548523279984,0.510796227566473,0.525055402271422
"Sparse25",3,15,"Raw","M1","ABR33",100,0.129928630534158,0.129928630534158,0.185764923339901,0.927746559958735,0.770062257872543
"Sparse25",3,15,"Raw","M1","JKI",99,0.134944303864396,0.134944303864396,0.083047554498913,0.574942980706754,0.525055402271422
"Sparse25",3,15,"Raw","M2","ABR33",100,0.280651556288717,0.280651556288717,0.163680540363388,0.913667468441856,0.770062257872543
"Sparse25",3,15,"Raw","M2","JKI",99,0.261644532068272,0.261644532068272,0.102709953318037,0.561362769613962,0.525055402271422
"Sparse25",3,15,"Raw","M3","ABR33",100,0.38925593175194,0.38925593175194,0.100613752455159,0.886355228123799,0.770062257872543
"Sparse25",3,15,"Raw","M3","JKI",99,0.297398643391983,0.297398643391983,0.157136680147114,0.555633780249786,0.525055402271422
"Sparse25",3,20,"Group_adjusted","M1","ABR33",100,0.070749151352987,0.528002300353594,0.0406365633759991,0.770214482711069,0.771892772153834
"Sparse25",3,20,"Group_adjusted","M1","JKI",99,0.121540998778363,0.513615933798525,0.105096540287306,0.488053056483557,0.498666249014728
"Sparse25",3,20,"Group_adjusted","M2","ABR33",100,0.43568369113328,0.542492342030566,0.35146110622432,0.758618546606806,0.771892772153834
"Sparse25",3,20,"Group_adjusted","M2","JKI",99,0.288030509805164,0.541568967258514,0.242554482061956,0.474463488160471,0.498666249014728
"Sparse25",3,20,"Group_adjusted","M3","ABR33",100,0.209956170164893,0.541456054201405,0.360417119017735,0.76365040295589,0.771892772153834
"Sparse25",3,20,"Group_adjusted","M3","JKI",99,0.312013742628984,0.546666037950091,0.251730800515988,0.473001777775045,0.498666249014728
"Sparse25",3,20,"Raw","M1","ABR33",100,0.0663439889464027,0.0663439889464027,0.0511050243971136,0.891617565433755,0.771892772153834
"Sparse25",3,20,"Raw","M1","JKI",99,0.149763626673917,0.149763626673917,0.13541642256776,0.553333098072179,0.498666249014728
"Sparse25",3,20,"Raw","M2","ABR33",100,0.379091237362771,0.379091237362771,0.294509163251395,0.847225996028467,0.771892772153834
"Sparse25",3,20,"Raw","M2","JKI",99,0.0934956555975604,0.0934956555975604,0.235375478073623,0.578341132585197,0.498666249014728
"Sparse25",3,20,"Raw","M3","ABR33",100,0.348301589839641,0.348301589839641,0.244531896005835,0.847364260892114,0.771892772153834
"Sparse25",3,20,"Raw","M3","JKI",99,0.292275431199062,0.292275431199062,0.26803873244593,0.538414317460957,0.498666249014728
"Sparse25",3,25,"Group_adjusted","M1","ABR33",100,NA,0.553898706336244,NA,0.829412604877114,0.829418944701392
"Sparse25",3,25,"Group_adjusted","M1","JKI",99,NA,0.551356478770843,NA,0.487746966906372,0.486680408823835
"Sparse25",3,25,"Group_adjusted","M2","ABR33",100,0.161361534018931,0.557739824178587,0.19162775337988,0.824852032243253,0.829418944701392
"Sparse25",3,25,"Group_adjusted","M2","JKI",99,0.203140488747824,0.559320904527722,0.209896247828582,0.483576452743746,0.486680408823835
"Sparse25",3,25,"Group_adjusted","M3","ABR33",100,0.260628487340691,0.564063895916288,0.196553164716378,0.824309773723319,0.829418944701392
"Sparse25",3,25,"Group_adjusted","M3","JKI",99,0.16169430494392,0.560231318701053,0.14422885371854,0.484299145946583,0.486680408823835
"Sparse25",3,25,"Raw","M1","ABR33",100,NA,NA,NA,1.01007540501797,0.829418944701392
"Sparse25",3,25,"Raw","M1","JKI",99,NA,NA,NA,0.619455899173556,0.486680408823835
"Sparse25",3,25,"Raw","M2","ABR33",100,0.368162668540439,0.368162668540439,0.142241091664802,0.997515415333807,0.829418944701392
"Sparse25",3,25,"Raw","M2","JKI",99,0.446063314540617,0.446063314540617,0.30704497894796,0.605364952213337,0.486680408823835
"Sparse25",3,25,"Raw","M3","ABR33",100,0.418881191400392,0.418881191400392,0.147206187042509,0.984207267907242,0.829418944701392
"Sparse25",3,25,"Raw","M3","JKI",99,0.349519784503599,0.349519784503599,0.283741591870431,0.601658788222076,0.486680408823835
"Sparse25",4,0,"Group_adjusted","M1","ABR33",100,0.141572038658831,0.580951165329762,0.146098019667292,0.742715427162302,0.748605501713183
"Sparse25",4,0,"Group_adjusted","M1","JKI",99,0.236149212094566,0.579731187358035,0.236787950602413,0.470561341691907,0.484782689097445
"Sparse25",4,0,"Group_adjusted","M2","ABR33",100,0.200477772739413,0.590773909745491,0.216103700751035,0.737832766275182,0.748605501713183
"Sparse25",4,0,"Group_adjusted","M2","JKI",99,0.287814951618838,0.596056062654992,0.288361936865183,0.464173161189541,0.484782689097445
"Sparse25",4,0,"Group_adjusted","M3","ABR33",100,0.223012578157978,0.592934324661802,0.276481703568564,0.735647399196687,0.748605501713183
"Sparse25",4,0,"Group_adjusted","M3","JKI",99,0.297102642881019,0.599002814482911,0.293135367614549,0.462391462126256,0.484782689097445
"Sparse25",4,0,"Raw","M1","ABR33",100,0.210672735556632,0.210672735556632,0.096226328800965,0.882860543128173,0.748605501713183
"Sparse25",4,0,"Raw","M1","JKI",99,0.18526170227408,0.18526170227408,0.111785634344418,0.567453262326218,0.484782689097445
"Sparse25",4,0,"Raw","M2","ABR33",100,0.432081510210753,0.432081510210753,0.11200931761173,0.838859820835007,0.748605501713183
"Sparse25",4,0,"Raw","M2","JKI",99,0.233159867094248,0.233159867094248,0.145039758670527,0.569583590610008,0.484782689097445
"Sparse25",4,0,"Raw","M3","ABR33",100,0.396998043016377,0.396998043016377,0.173661243217548,0.824302741946453,0.748605501713183
"Sparse25",4,0,"Raw","M3","JKI",99,0.376840955173777,0.376840955173777,0.1935261517747,0.53718424971846,0.484782689097445
"Sparse25",4,5,"Group_adjusted","M1","ABR33",100,0.310180149655693,0.573417774248956,0.343083300643084,0.832244732186797,0.855483617088876
"Sparse25",4,5,"Group_adjusted","M1","JKI",99,0.169591151150696,0.552561471676644,0.174239306351527,0.452141437628095,0.457811236296454
"Sparse25",4,5,"Group_adjusted","M2","ABR33",100,0.328008262505941,0.586970937467185,0.357818089575886,0.818683368902647,0.855483617088876
"Sparse25",4,5,"Group_adjusted","M2","JKI",99,0.25319949709973,0.578312111748586,0.2632406714074,0.444668852771734,0.457811236296454
"Sparse25",4,5,"Group_adjusted","M3","ABR33",100,0.347205283313217,0.586481519734858,0.38063001183671,0.82420626335507,0.855483617088876
"Sparse25",4,5,"Group_adjusted","M3","JKI",99,0.256315932825783,0.579985493172028,0.280191562070945,0.444150270999565,0.457811236296454
"Sparse25",4,5,"Raw","M1","ABR33",100,0.465714021477498,0.465714021477498,0.39332220788783,0.860249051456234,0.855483617088876
"Sparse25",4,5,"Raw","M1","JKI",99,0.374498398994399,0.374498398994399,0.268133479447506,0.500304289469813,0.457811236296454
"Sparse25",4,5,"Raw","M2","ABR33",100,0.609069687585151,0.609069687585151,0.442687428179728,0.784516497459682,0.855483617088876
"Sparse25",4,5,"Raw","M2","JKI",99,0.326970737222224,0.326970737222224,0.267563911976574,0.510242567648857,0.457811236296454
"Sparse25",4,5,"Raw","M3","ABR33",100,0.512838984091068,0.512838984091068,0.450981939597085,0.799574340219835,0.855483617088876
"Sparse25",4,5,"Raw","M3","JKI",99,0.470609493636429,0.470609493636429,0.274922052959204,0.471368973709306,0.457811236296454
"Sparse25",4,10,"Group_adjusted","M1","ABR33",100,0.311670472928324,0.570959894922081,0.332555721258629,0.808246631154314,0.822255906780731
"Sparse25",4,10,"Group_adjusted","M1","JKI",99,0.19321017096792,0.561284220910261,0.217758775178774,0.473425675287818,0.479478100295897
"Sparse25",4,10,"Group_adjusted","M2","ABR33",100,0.322093790211074,0.587037371825627,0.387440325287785,0.801488616976436,0.822255906780731
"Sparse25",4,10,"Group_adjusted","M2","JKI",99,0.237924751659719,0.572745209642381,0.292516360558583,0.470149877743553,0.479478100295897
"Sparse25",4,10,"Group_adjusted","M3","ABR33",100,0.34342967587338,0.581779611164427,0.396323711496981,0.804419852924711,0.822255906780731
"Sparse25",4,10,"Group_adjusted","M3","JKI",99,0.25718180452865,0.57915066693559,0.315636124600059,0.467000212216656,0.479478100295897
"Sparse25",4,10,"Raw","M1","ABR33",100,0.439398207892282,0.439398207892282,0.370188537434916,0.895861841047988,0.822255906780731
"Sparse25",4,10,"Raw","M1","JKI",99,0.160706985349347,0.160706985349347,0.0757312000190432,0.562703134083292,0.479478100295897
"Sparse25",4,10,"Raw","M2","ABR33",100,0.590160697802811,0.590160697802811,0.423182576655252,0.827489989697462,0.822255906780731
"Sparse25",4,10,"Raw","M2","JKI",99,0.185397225520914,0.185397225520914,0.0935687914248568,0.576792185348961,0.479478100295897
"Sparse25",4,10,"Raw","M3","ABR33",100,0.526968805580273,0.526968805580273,0.371281734999913,0.829122240068938,0.822255906780731
"Sparse25",4,10,"Raw","M3","JKI",99,0.272424369484871,0.272424369484871,0.108568916806437,0.5469916013553,0.479478100295897
"Sparse25",4,15,"Group_adjusted","M1","ABR33",100,0.133309663793298,0.553807409005121,0.150256832532432,0.792036050443794,0.796170134897069
"Sparse25",4,15,"Group_adjusted","M1","JKI",99,0.156274607342978,0.55163726334139,0.157278809214896,0.495903825665038,0.501397981214046
"Sparse25",4,15,"Group_adjusted","M2","ABR33",100,0.214739913199595,0.56221810889206,0.238143888936408,0.785560576257532,0.796170134897069
"Sparse25",4,15,"Group_adjusted","M2","JKI",99,0.219706280320493,0.566920864120753,0.22141800985514,0.487386995555452,0.501397981214046
"Sparse25",4,15,"Group_adjusted","M3","ABR33",100,0.263931383301551,0.564133308606283,0.260770775538912,0.783233050417748,0.796170134897069
"Sparse25",4,15,"Group_adjusted","M3","JKI",99,0.245299690563742,0.570796611474055,0.245265704430717,0.486724752070519,0.501397981214046
"Sparse25",4,15,"Raw","M1","ABR33",100,0.132794234943901,0.132794234943901,0.0655760323503392,0.927465813874703,0.796170134897069
"Sparse25",4,15,"Raw","M1","JKI",99,0.202871281438929,0.202871281438929,0.103914587556548,0.598017330000218,0.501397981214046
"Sparse25",4,15,"Raw","M2","ABR33",100,0.45844520151892,0.45844520151892,0.176827181140675,0.88593320131669,0.796170134897069
"Sparse25",4,15,"Raw","M2","JKI",99,0.267432514983588,0.267432514983588,0.11725843440862,0.584562991234393,0.501397981214046
"Sparse25",4,15,"Raw","M3","ABR33",100,0.439784849649808,0.439784849649808,0.1825687868909,0.868848831935314,0.796170134897069
"Sparse25",4,15,"Raw","M3","JKI",99,0.357385546301804,0.357385546301804,0.146176122773189,0.573287671741591,0.501397981214046
"Sparse25",4,20,"Group_adjusted","M1","ABR33",100,0.130502053259445,0.508443034073383,0.129161682662388,0.823613028397652,0.826435376157517
"Sparse25",4,20,"Group_adjusted","M1","JKI",99,0.138596855921618,0.540409639448424,0.106835808257798,0.517967825432536,0.538798003373712
"Sparse25",4,20,"Group_adjusted","M2","ABR33",100,0.1207086783844,0.515342749326878,0.171203343943704,0.822007914862834,0.826435376157517
"Sparse25",4,20,"Group_adjusted","M2","JKI",99,0.175360966006743,0.547867040547751,0.101747293197148,0.509681684795213,0.538798003373712
"Sparse25",4,20,"Group_adjusted","M3","ABR33",100,0.0983925441671819,0.515102912944133,0.193457974147956,0.823186132375365,0.826435376157517
"Sparse25",4,20,"Group_adjusted","M3","JKI",99,0.159891771542101,0.544567317565481,0.0847939450416499,0.512340890308108,0.538798003373712
"Sparse25",4,20,"Raw","M1","ABR33",100,0.100392265964743,0.100392265964743,0.0810736899223362,0.907528632661041,0.826435376157517
"Sparse25",4,20,"Raw","M1","JKI",99,0.15151650331806,0.15151650331806,0.0649893970275465,0.610796233096262,0.538798003373712
"Sparse25",4,20,"Raw","M2","ABR33",100,0.376727910918995,0.376727910918995,0.0334520500978179,0.879040194265665,0.826435376157517
"Sparse25",4,20,"Raw","M2","JKI",99,0.187106624575807,0.187106624575807,-0.0374275243742465,0.600500268279607,0.538798003373712
"Sparse25",4,20,"Raw","M3","ABR33",100,0.394893127140935,0.394893127140935,0.0349184779255515,0.850569622990186,0.826435376157517
"Sparse25",4,20,"Raw","M3","JKI",99,0.201611628850792,0.201611628850792,-0.0662957150489544,0.607986275756317,0.538798003373712
"Sparse25",4,25,"Group_adjusted","M1","ABR33",100,NA,0.577402724651488,NA,0.852519019142588,0.853302011604524
"Sparse25",4,25,"Group_adjusted","M1","JKI",99,NA,0.551997241066577,NA,0.499228839247171,0.499048077681974
"Sparse25",4,25,"Group_adjusted","M2","ABR33",100,0.134229916192652,0.580732908490191,0.10824930856719,0.847422147882181,0.853302011604524
"Sparse25",4,25,"Group_adjusted","M2","JKI",99,-0.0500146161189416,0.551332140502792,-0.0489191992804677,0.499784076289644,0.499048077681974
"Sparse25",4,25,"Group_adjusted","M3","ABR33",100,0.0465125804817862,0.581759978957573,0.145527255052682,0.85430910688338,0.853302011604524
"Sparse25",4,25,"Group_adjusted","M3","JKI",99,0.232694547765329,0.567294899182346,0.327987090064108,0.495153843720062,0.499048077681974
"Sparse25",4,25,"Raw","M1","ABR33",100,NA,NA,NA,1.01022858482507,0.853302011604524
"Sparse25",4,25,"Raw","M1","JKI",99,NA,NA,NA,0.596605172909204,0.499048077681974
"Sparse25",4,25,"Raw","M2","ABR33",100,0.378040536738958,0.378040536738958,0.172845561041248,0.992208826325347,0.853302011604524
"Sparse25",4,25,"Raw","M2","JKI",99,0.00382526731913432,0.00382526731913432,-0.0679069392528239,0.597969576462712,0.499048077681974
"Sparse25",4,25,"Raw","M3","ABR33",100,0.33867787725278,0.33867787725278,0.190506414670363,0.983317479229385,0.853302011604524
"Sparse25",4,25,"Raw","M3","JKI",99,0.336032511046406,0.336032511046406,0.38072473019981,0.591044430964736,0.499048077681974
"Sparse25",5,0,"Group_adjusted","M1","ABR33",100,0.237783129560781,0.615563073515478,0.256959128035759,0.710277718703208,0.720182762476439
"Sparse25",5,0,"Group_adjusted","M1","JKI",99,0.238808012440476,0.572129756928933,0.242226633014145,0.478550681632097,0.492682179066675
"Sparse25",5,0,"Group_adjusted","M2","ABR33",100,0.340929304680842,0.629369161414511,0.321346433400212,0.703743134750147,0.720182762476439
"Sparse25",5,0,"Group_adjusted","M2","JKI",99,0.259007195311897,0.581338816094471,0.266516696505056,0.479158473178787,0.492682179066675
"Sparse25",5,0,"Group_adjusted","M3","ABR33",100,0.391413265818262,0.633868306387401,0.38159975539909,0.693019944919345,0.720182762476439
"Sparse25",5,0,"Group_adjusted","M3","JKI",99,0.245598274271654,0.576776799315649,0.252040548710425,0.479057860598336,0.492682179066675
"Sparse25",5,0,"Raw","M1","ABR33",100,0.350596787304565,0.350596787304565,0.29036732947237,0.820372365631449,0.720182762476439
"Sparse25",5,0,"Raw","M1","JKI",99,0.271668809707375,0.271668809707375,0.262739232938554,0.574497235644433,0.492682179066675
"Sparse25",5,0,"Raw","M2","ABR33",100,0.529030796507045,0.529030796507045,0.418104919218391,0.768214334441046,0.720182762476439
"Sparse25",5,0,"Raw","M2","JKI",99,0.265634515046562,0.265634515046562,0.33041525931702,0.577693337707663,0.492682179066675
"Sparse25",5,0,"Raw","M3","ABR33",100,0.419051441980865,0.419051441980865,0.467621610139014,0.76318927183941,0.720182762476439
"Sparse25",5,0,"Raw","M3","JKI",99,0.403318515451223,0.403318515451223,0.321530370592699,0.543940469724909,0.492682179066675
"Sparse25",5,5,"Group_adjusted","M1","ABR33",100,0.337690954386127,0.603575467598913,0.342612426797574,0.68082562046076,0.693652570626521
"Sparse25",5,5,"Group_adjusted","M1","JKI",99,0.263417961666179,0.446201670094669,0.283689770159164,0.528634926098431,0.546035028529017
"Sparse25",5,5,"Group_adjusted","M2","ABR33",100,0.350220588339519,0.615649818499338,0.379357943452067,0.67350828590358,0.693652570626521
"Sparse25",5,5,"Group_adjusted","M2","JKI",99,0.269597743472,0.458629540581486,0.307894783462483,0.525941861313983,0.546035028529017
"Sparse25",5,5,"Group_adjusted","M3","ABR33",100,0.319051666638613,0.614087554380286,0.362101113450461,0.671686061334182,0.693652570626521
"Sparse25",5,5,"Group_adjusted","M3","JKI",99,0.330844429264656,0.484264052018666,0.315080447911171,0.517172872145607,0.546035028529017
"Sparse25",5,5,"Raw","M1","ABR33",100,0.309633499670453,0.309633499670453,0.372960023938098,0.864028676762636,0.693652570626521
"Sparse25",5,5,"Raw","M1","JKI",99,0.395959243209061,0.395959243209061,0.296836973661892,0.603512545439485,0.546035028529017
"Sparse25",5,5,"Raw","M2","ABR33",100,0.490024808946116,0.490024808946116,0.438638964539706,0.835978532840727,0.693652570626521
"Sparse25",5,5,"Raw","M2","JKI",99,0.48548983540276,0.48548983540276,0.329810469866379,0.567926933983835,0.546035028529017
"Sparse25",5,5,"Raw","M3","ABR33",100,0.630241717358112,0.630241717358112,0.446382827419079,0.796367980510407,0.693652570626521
"Sparse25",5,5,"Raw","M3","JKI",99,0.461646615614816,0.461646615614816,0.344211730987959,0.558295600080666,0.546035028529017
"Sparse25",5,10,"Group_adjusted","M1","ABR33",100,0.032200239300819,0.528222523141799,0.0279148559940703,0.725466581488296,0.72629356043717
"Sparse25",5,10,"Group_adjusted","M1","JKI",99,0.207212360648809,0.579383711054814,0.213679407655852,0.516453932803567,0.530460305743613
"Sparse25",5,10,"Group_adjusted","M2","ABR33",100,0.0148453411900746,0.527074456694129,0.00987082338284339,0.726180962788412,0.72629356043717
"Sparse25",5,10,"Group_adjusted","M2","JKI",99,0.206341309134224,0.558924480033252,0.212767088927234,0.513213402226268,0.530460305743613
"Sparse25",5,10,"Group_adjusted","M3","ABR33",100,0.044302482253965,0.533821327154073,0.0435499416535756,0.725549537722737,0.72629356043717
"Sparse25",5,10,"Group_adjusted","M3","JKI",99,0.231062554498039,0.57755284920524,0.234520174643924,0.510191579106157,0.530460305743613
"Sparse25",5,10,"Raw","M1","ABR33",100,0.121678025230682,0.121678025230682,-0.00639287942079686,0.879877501579982,0.72629356043717
"Sparse25",5,10,"Raw","M1","JKI",99,0.390652818258778,0.390652818258778,0.235853781257804,0.588593716493665,0.530460305743613
"Sparse25",5,10,"Raw","M2","ABR33",100,0.474431526611287,0.474431526611287,0.104738937634933,0.841667794546386,0.72629356043717
"Sparse25",5,10,"Raw","M2","JKI",99,0.423989275709119,0.423989275709119,0.270084758116466,0.557178479096737,0.530460305743613
"Sparse25",5,10,"Raw","M3","ABR33",100,0.47021017057576,0.47021017057576,0.203848136028489,0.807813398330875,0.72629356043717
"Sparse25",5,10,"Raw","M3","JKI",99,0.490170111038869,0.490170111038869,0.283917904557709,0.549567825132875,0.530460305743613
"Sparse25",5,15,"Group_adjusted","M1","ABR33",100,-0.0178999897677254,0.476948912729365,-0.0503200170446728,0.795499148997587,0.792803784734879
"Sparse25",5,15,"Group_adjusted","M1","JKI",99,0.209527579586275,0.505827694100999,0.23254471944942,0.485573018917359,0.489828263113089
"Sparse25",5,15,"Group_adjusted","M2","ABR33",100,0.1417369909411,0.483875131636316,0.0620548012710101,0.787600726716429,0.792803784734879
"Sparse25",5,15,"Group_adjusted","M2","JKI",99,0.300657730731859,0.534209876679226,0.303139151521987,0.476594623539937,0.489828263113089
"Sparse25",5,15,"Group_adjusted","M3","ABR33",100,0.185785766614626,0.49015611970011,0.118606954526618,0.785700813444765,0.792803784734879
"Sparse25",5,15,"Group_adjusted","M3","JKI",99,0.307433615037994,0.533876268069123,0.327284417635609,0.475353855728096,0.489828263113089
"Sparse25",5,15,"Raw","M1","ABR33",100,0.0527570004788724,0.0527570004788724,-0.0708849660736233,0.966126524923972,0.792803784734879
"Sparse25",5,15,"Raw","M1","JKI",99,0.320161433768586,0.320161433768586,0.271075583782614,0.565924247209946,0.489828263113089
"Sparse25",5,15,"Raw","M2","ABR33",100,0.347392544094038,0.347392544094038,0.0946797327906415,0.908785145735111,0.792803784734879
"Sparse25",5,15,"Raw","M2","JKI",99,0.245388636077395,0.245388636077395,0.356025400612155,0.571389643067607,0.489828263113089
"Sparse25",5,15,"Raw","M3","ABR33",100,0.339586872927366,0.339586872927366,0.140442109407302,0.8935930593875,0.792803784734879
"Sparse25",5,15,"Raw","M3","JKI",99,0.391300481938464,0.391300481938464,0.373918161623565,0.53654479212362,0.489828263113089
"Sparse25",5,20,"Group_adjusted","M1","ABR33",100,0.176033432431639,0.566136634093984,0.176411940832306,0.813640889585268,0.816687228050838
"Sparse25",5,20,"Group_adjusted","M1","JKI",99,0.178170688178436,0.554597425951212,0.200318337006336,0.529110608439007,0.532803625949386
"Sparse25",5,20,"Group_adjusted","M2","ABR33",100,0.287597184655018,0.581469285854758,0.296678393399503,0.807511787343413,0.816687228050838
"Sparse25",5,20,"Group_adjusted","M2","JKI",99,0.251303376188905,0.580460712698598,0.275416854205042,0.523153898047282,0.532803625949386
"Sparse25",5,20,"Group_adjusted","M3","ABR33",100,0.270727022427154,0.57990907692901,0.274621764828063,0.809134989493441,0.816687228050838
"Sparse25",5,20,"Group_adjusted","M3","JKI",99,0.292953645938038,0.597915109282079,0.258972841968035,0.517850861104313,0.532803625949386
"Sparse25",5,20,"Raw","M1","ABR33",100,0.133495752490111,0.133495752490111,0.175352212781571,0.94744508341641,0.816687228050838
"Sparse25",5,20,"Raw","M1","JKI",99,0.112192605082794,0.112192605082794,0.147208697229735,0.60243780727559,0.532803625949386
"Sparse25",5,20,"Raw","M2","ABR33",100,0.419887150570496,0.419887150570496,0.308751454184037,0.90933883069539,0.816687228050838
"Sparse25",5,20,"Raw","M2","JKI",99,0.10885960002844,0.10885960002844,0.233688294663011,0.606261634387308,0.532803625949386
"Sparse25",5,20,"Raw","M3","ABR33",100,0.374333180977115,0.374333180977115,0.271502941798345,0.895149259145743,0.816687228050838
"Sparse25",5,20,"Raw","M3","JKI",99,0.320739723879459,0.320739723879459,0.221482908280085,0.585486473482648,0.532803625949386
"Sparse25",5,25,"Group_adjusted","M1","ABR33",100,NA,0.601102943370829,NA,0.729641636345099,0.732042388205461
"Sparse25",5,25,"Group_adjusted","M1","JKI",99,NA,0.487478738402813,NA,0.473761803089405,0.475043229215405
"Sparse25",5,25,"Group_adjusted","M2","ABR33",100,0.33097817519747,0.619537653755107,0.353702195749354,0.726728742634949,0.732042388205461
"Sparse25",5,25,"Group_adjusted","M2","JKI",99,0.336673910496166,0.511745165141947,0.307605296389397,0.46867392873533,0.475043229215405
"Sparse25",5,25,"Group_adjusted","M3","ABR33",100,0.163175080106315,0.616471049300297,0.201289526321136,0.720242353880163,0.732042388205461
"Sparse25",5,25,"Group_adjusted","M3","JKI",99,0.335395439535034,0.526972327818436,0.293664255657926,0.4588516789717,0.475043229215405
"Sparse25",5,25,"Raw","M1","ABR33",100,NA,NA,NA,0.942385240481514,0.732042388205461
"Sparse25",5,25,"Raw","M1","JKI",99,NA,NA,NA,0.553248965694969,0.475043229215405
"Sparse25",5,25,"Raw","M2","ABR33",100,0.559878962128691,0.559878962128691,0.365628376698172,0.891599180670299,0.732042388205461
"Sparse25",5,25,"Raw","M2","JKI",99,0.208481988903907,0.208481988903907,0.269522530191081,0.54118241162877,0.475043229215405
"Sparse25",5,25,"Raw","M3","ABR33",100,0.512348044688733,0.512348044688733,0.241406543939719,0.860516952620741,0.732042388205461
"Sparse25",5,25,"Raw","M3","JKI",99,0.524605086552987,0.524605086552987,0.292823728103246,0.510553869132682,0.475043229215405
"Sparse25",6,0,"Group_adjusted","M1","ABR33",100,0.300981620044583,0.583978116833843,0.301340613507207,0.811581806633957,0.828772194045631
"Sparse25",6,0,"Group_adjusted","M1","JKI",99,0.0839208366036378,0.569258873185641,0.0835593660194463,0.446799219716385,0.448432130950556
"Sparse25",6,0,"Group_adjusted","M2","ABR33",100,0.36617894973114,0.608203338543094,0.365757569310244,0.794497623067211,0.828772194045631
"Sparse25",6,0,"Group_adjusted","M2","JKI",99,0.151078600472415,0.578142879813872,0.148837762729976,0.442635363356028,0.448432130950556
"Sparse25",6,0,"Group_adjusted","M3","ABR33",100,0.37799920387191,0.606979822705309,0.382798128977125,0.794653755386835,0.828772194045631
"Sparse25",6,0,"Group_adjusted","M3","JKI",99,0.244438706546088,0.598977904792206,0.240406102545855,0.435890091849986,0.448432130950556
"Sparse25",6,0,"Raw","M1","ABR33",100,0.3656809082143,0.3656809082143,0.300375538603883,0.939249699331749,0.828772194045631
"Sparse25",6,0,"Raw","M1","JKI",99,0.244940985352513,0.244940985352513,0.0566346270751278,0.531348003663682,0.448432130950556
"Sparse25",6,0,"Raw","M2","ABR33",100,0.58513685079342,0.58513685079342,0.41336238841743,0.883115501664936,0.828772194045631
"Sparse25",6,0,"Raw","M2","JKI",99,0.34421066492957,0.34421066492957,0.167142582361741,0.509354798801278,0.448432130950556
"Sparse25",6,0,"Raw","M3","ABR33",100,0.566177607401363,0.566177607401363,0.416523160146879,0.868248202850669,0.828772194045631
"Sparse25",6,0,"Raw","M3","JKI",99,0.466359581062575,0.466359581062575,0.214737785745268,0.497927558592635,0.448432130950556
"Sparse25",6,5,"Group_adjusted","M1","ABR33",100,0.162218240438256,0.484871660473387,0.136941594831626,0.824175760240639,0.831991024500681
"Sparse25",6,5,"Group_adjusted","M1","JKI",99,0.186099965102074,0.544152533103078,0.167196151204336,0.488628313962796,0.507473718232789
"Sparse25",6,5,"Group_adjusted","M2","ABR33",100,0.180380447366659,0.485151384438679,0.164336110308884,0.820355157850748,0.831991024500681
"Sparse25",6,5,"Group_adjusted","M2","JKI",99,0.232332560785945,0.554907027397556,0.215646923707918,0.479328028769573,0.507473718232789
"Sparse25",6,5,"Group_adjusted","M3","ABR33",100,0.249147943297759,0.488797925662764,0.145384244598251,0.814929776371947,0.831991024500681
"Sparse25",6,5,"Group_adjusted","M3","JKI",99,0.243481415977239,0.557714399726578,0.230038842687983,0.480770076973813,0.507473718232789
"Sparse25",6,5,"Raw","M1","ABR33",100,0.104544534094186,0.104544534094186,0.0178913730455467,0.873875325880079,0.831991024500681
"Sparse25",6,5,"Raw","M1","JKI",99,0.41822905506845,0.41822905506845,0.341084187720173,0.498355514012389,0.507473718232789
"Sparse25",6,5,"Raw","M2","ABR33",100,0.12511880081868,0.12511880081868,0.10376452994286,0.871605177162708,0.831991024500681
"Sparse25",6,5,"Raw","M2","JKI",99,0.481161435807368,0.481161435807368,0.365200007028817,0.479019366534474,0.507473718232789
"Sparse25",6,5,"Raw","M3","ABR33",100,0.183371470286282,0.183371470286282,0.105011909356657,0.863307486760419,0.831991024500681
"Sparse25",6,5,"Raw","M3","JKI",99,0.491586355658077,0.491586355658077,0.36778335571213,0.478117530631431,0.507473718232789
"Sparse25",6,10,"Group_adjusted","M1","ABR33",100,0.309038345432735,0.293174046503451,0.342459638109946,0.931653688855608,0.940660260336075
"Sparse25",6,10,"Group_adjusted","M1","JKI",99,0.220719483365756,0.533963621390727,0.221608430254389,0.507937336767997,0.518808123074536
"Sparse25",6,10,"Group_adjusted","M2","ABR33",100,0.414847033947913,0.317694549914201,0.367932439527405,0.920884570336818,0.940660260336075
"Sparse25",6,10,"Group_adjusted","M2","JKI",99,0.250310922719648,0.545409057390207,0.265247985363611,0.501913091999654,0.518808123074536
"Sparse25",6,10,"Group_adjusted","M3","ABR33",100,0.430478356697314,0.322278674267685,0.358726988800784,0.91993361173086,0.940660260336075
"Sparse25",6,10,"Group_adjusted","M3","JKI",99,0.236024024164939,0.54224609737886,0.242106503075634,0.504106764084172,0.518808123074536
"Sparse25",6,10,"Raw","M1","ABR33",100,0.336538295727168,0.336538295727168,0.31746621890045,0.955876276826383,0.940660260336075
"Sparse25",6,10,"Raw","M1","JKI",99,0.162854951536413,0.162854951536413,0.225679302473108,0.626348707705344,0.518808123074536
"Sparse25",6,10,"Raw","M2","ABR33",100,0.470155024945923,0.470155024945923,0.315044122101299,0.924970192099751,0.940660260336075
"Sparse25",6,10,"Raw","M2","JKI",99,0.133539713189056,0.133539713189056,0.209440339499264,0.6242689832976,0.518808123074536
"Sparse25",6,10,"Raw","M3","ABR33",100,0.329745556122321,0.329745556122321,0.287126009209505,0.915700908900999,0.940660260336075
"Sparse25",6,10,"Raw","M3","JKI",99,0.213508705163965,0.213508705163965,0.11947497460937,0.615430011572655,0.518808123074536
"Sparse25",6,15,"Group_adjusted","M1","ABR33",100,0.107943213011581,0.541798296495954,0.0877330608236347,0.769219672499794,0.773095607757283
"Sparse25",6,15,"Group_adjusted","M1","JKI",99,0.135789398409103,0.548300934892741,0.121772927855863,0.488650236711805,0.494465655103646
"Sparse25",6,15,"Group_adjusted","M2","ABR33",100,0.0981510576901726,0.54365333098988,0.0860911772326427,0.769655106555155,0.773095607757283
"Sparse25",6,15,"Group_adjusted","M2","JKI",99,0.0849216948931514,0.535621138412141,0.0770983773868785,0.495919820788223,0.494465655103646
"Sparse25",6,15,"Group_adjusted","M3","ABR33",100,0.11002725201643,0.545361956229012,0.0467959255595372,0.768758490907618,0.773095607757283
"Sparse25",6,15,"Group_adjusted","M3","JKI",99,0.125673159921005,0.543130038054256,0.123786350615433,0.491402891822454,0.494465655103646
"Sparse25",6,15,"Raw","M1","ABR33",100,0.215815118325453,0.215815118325453,0.188975922257804,0.903335275312768,0.773095607757283
"Sparse25",6,15,"Raw","M1","JKI",99,0.0799392769279505,0.0799392769279505,0.127388760474785,0.585646967710354,0.494465655103646
"Sparse25",6,15,"Raw","M2","ABR33",100,0.392995164296992,0.392995164296992,0.17790281099515,0.860398182473788,0.773095607757283
"Sparse25",6,15,"Raw","M2","JKI",99,0.0623697638305183,0.0623697638305183,0.0869322754672734,0.604456165552787,0.494465655103646
"Sparse25",6,15,"Raw","M3","ABR33",100,0.342085095721114,0.342085095721114,0.132549114277178,0.856796233980334,0.773095607757283
"Sparse25",6,15,"Raw","M3","JKI",99,0.193456159279557,0.193456159279557,0.127024039891641,0.573653033390982,0.494465655103646
"Sparse25",6,20,"Group_adjusted","M1","ABR33",100,0.043220937114917,0.549362703795256,-0.00472219406290775,0.741352844150661,0.742687680032246
"Sparse25",6,20,"Group_adjusted","M1","JKI",99,0.0853740972689593,0.539687458630088,0.033777063921288,0.534611910338109,0.536148691634422
"Sparse25",6,20,"Group_adjusted","M2","ABR33",100,0.177426605689607,0.55610080331607,0.161439119864736,0.736273329087773,0.742687680032246
"Sparse25",6,20,"Group_adjusted","M2","JKI",99,0.193332707136389,0.560839652181736,0.169690737009953,0.529592448250494,0.536148691634422
"Sparse25",6,20,"Group_adjusted","M3","ABR33",100,0.0579240936149345,0.553842252546427,0.222009154567076,0.740022147933888,0.742687680032246
"Sparse25",6,20,"Group_adjusted","M3","JKI",99,0.214433536273273,0.561894010872757,0.149613756181232,0.530219163218751,0.536148691634422
"Sparse25",6,20,"Raw","M1","ABR33",100,0.0537530934923914,0.0537530934923914,-0.0214963069251793,0.880759744477638,0.742687680032246
"Sparse25",6,20,"Raw","M1","JKI",99,0.0749350484199482,0.0749350484199482,-0.0373160262989019,0.60672046778853,0.536148691634422
"Sparse25",6,20,"Raw","M2","ABR33",100,0.324159891908292,0.324159891908292,0.120775894902932,0.843075486404283,0.742687680032246
"Sparse25",6,20,"Raw","M2","JKI",99,0.010044180390718,0.010044180390718,0.0127430299445592,0.630123665693717,0.536148691634422
"Sparse25",6,20,"Raw","M3","ABR33",100,0.309987072359271,0.309987072359271,0.137264752538108,0.839637138329616,0.742687680032246
"Sparse25",6,20,"Raw","M3","JKI",99,0.167470431813658,0.167470431813658,0.0090428051373057,0.602122068078009,0.536148691634422
"Sparse25",6,25,"Group_adjusted","M1","ABR33",100,NA,0.537757392056164,NA,0.811070952528184,0.811397547072012
"Sparse25",6,25,"Group_adjusted","M1","JKI",99,NA,0.536815867229548,NA,0.484463677600531,0.483157062521289
"Sparse25",6,25,"Group_adjusted","M2","ABR33",100,0.205703564772831,0.543377928616398,0.153559340603364,0.801168613184891,0.811397547072012
"Sparse25",6,25,"Group_adjusted","M2","JKI",99,0.362555052236647,0.558566599457058,0.350749359942622,0.463129153726286,0.483157062521289
"Sparse25",6,25,"Group_adjusted","M3","ABR33",100,0.286049307881501,0.548555878783504,0.241246281518874,0.798366333290404,0.811397547072012
"Sparse25",6,25,"Group_adjusted","M3","JKI",99,0.369674410956085,0.56655204080209,0.329092343059185,0.46103544470303,0.483157062521289
"Sparse25",6,25,"Raw","M1","ABR33",100,NA,NA,NA,0.866244189414943,0.811397547072012
"Sparse25",6,25,"Raw","M1","JKI",99,NA,NA,NA,0.539457923825503,0.483157062521289
"Sparse25",6,25,"Raw","M2","ABR33",100,0.544287343870961,0.544287343870961,0.264781367769829,0.802004068130994,0.811397547072012
"Sparse25",6,25,"Raw","M2","JKI",99,0.401694141883419,0.401694141883419,0.410428120776545,0.493625403800556,0.483157062521289
"Sparse25",6,25,"Raw","M3","ABR33",100,0.543690572773066,0.543690572773066,0.304608939133984,0.765290423573445,0.811397547072012
"Sparse25",6,25,"Raw","M3","JKI",99,0.557069039822632,0.557069039822632,0.370874740250729,0.487592258919751,0.483157062521289
"Sparse25",7,0,"Group_adjusted","M1","ABR33",100,0.136053823411631,0.574580208729753,0.136402627086108,0.751454063443887,0.756470915885821
"Sparse25",7,0,"Group_adjusted","M1","JKI",99,0.221158782151669,0.529868208433686,0.236543334615984,0.517733081375813,0.529270251197357
"Sparse25",7,0,"Group_adjusted","M2","ABR33",100,0.178966362995534,0.582232966116374,0.221834982125086,0.747319671946619,0.756470915885821
"Sparse25",7,0,"Group_adjusted","M2","JKI",99,0.304248543241498,0.555066415227182,0.295834630884454,0.504133523525104,0.529270251197357
"Sparse25",7,0,"Group_adjusted","M3","ABR33",100,0.174604476971679,0.581803900716104,0.231576801603258,0.747368045439545,0.756470915885821
"Sparse25",7,0,"Group_adjusted","M3","JKI",99,0.312595414375365,0.55497254686801,0.321605252607353,0.505328084246033,0.529270251197357
"Sparse25",7,0,"Raw","M1","ABR33",100,0.174699227194553,0.174699227194553,0.0817743570919599,0.909722043417103,0.756470915885821
"Sparse25",7,0,"Raw","M1","JKI",99,0.17410168289369,0.17410168289369,0.148065477336932,0.587901329422788,0.529270251197357
"Sparse25",7,0,"Raw","M2","ABR33",100,0.402360877105101,0.402360877105101,0.164068652452603,0.873001000807657,0.756470915885821
"Sparse25",7,0,"Raw","M2","JKI",99,0.195883599948791,0.195883599948791,0.192448352547985,0.580421306888193,0.529270251197357
"Sparse25",7,0,"Raw","M3","ABR33",100,0.360227713786241,0.360227713786241,0.199663545440234,0.859402648009497,0.756470915885821
"Sparse25",7,0,"Raw","M3","JKI",99,0.351339237155658,0.351339237155658,0.226974013678655,0.567136273598406,0.529270251197357
"Sparse25",7,5,"Group_adjusted","M1","ABR33",100,0.289595085602765,0.643461223864552,0.290521114074918,0.768150449812613,0.779107418007819
"Sparse25",7,5,"Group_adjusted","M1","JKI",99,0.207561749162976,0.565305303026604,0.217514093965994,0.46286818923052,0.472586386369428
"Sparse25",7,5,"Group_adjusted","M2","ABR33",100,0.303610816978568,0.65296073880787,0.281053262924993,0.758921969651294,0.779107418007819
"Sparse25",7,5,"Group_adjusted","M2","JKI",99,0.248533391320597,0.581584924503291,0.266022895642954,0.457765782547389,0.472586386369428
"Sparse25",7,5,"Group_adjusted","M3","ABR33",100,0.298536841491649,0.644363137723084,0.24068914000539,0.756870055159822,0.779107418007819
"Sparse25",7,5,"Group_adjusted","M3","JKI",99,0.319400054829614,0.595036731862333,0.32963477606815,0.450389856563105,0.472586386369428
"Sparse25",7,5,"Raw","M1","ABR33",100,0.357423093279086,0.357423093279086,0.274727877820688,0.907838432730764,0.779107418007819
"Sparse25",7,5,"Raw","M1","JKI",99,0.30904617963408,0.30904617963408,0.19455632400973,0.539864734494417,0.472586386369428
"Sparse25",7,5,"Raw","M2","ABR33",100,0.56053902263344,0.56053902263344,0.290885191810966,0.864515908865054,0.779107418007819
"Sparse25",7,5,"Raw","M2","JKI",99,0.392338335139575,0.392338335139575,0.255471537668711,0.51854963778146,0.472586386369428
"Sparse25",7,5,"Raw","M3","ABR33",100,0.560588063165836,0.560588063165836,0.238327472867177,0.84263811150478,0.779107418007819
"Sparse25",7,5,"Raw","M3","JKI",99,0.498387292727331,0.498387292727331,0.32788067186668,0.507233756124005,0.472586386369428
"Sparse25",7,10,"Group_adjusted","M1","ABR33",100,0.109054448827274,0.596952363477915,0.107161362795032,0.708960121218594,0.711215281613336
"Sparse25",7,10,"Group_adjusted","M1","JKI",99,0.213919647923502,0.514455356520563,0.187661627358961,0.520763260739024,0.542735380412914
"Sparse25",7,10,"Group_adjusted","M2","ABR33",100,0.235190547942638,0.613550077928659,0.243151047340034,0.69979076257195,0.711215281613336
"Sparse25",7,10,"Group_adjusted","M2","JKI",99,0.258708191410916,0.526482734780101,0.231459077466989,0.515089374395668,0.542735380412914
"Sparse25",7,10,"Group_adjusted","M3","ABR33",100,0.218116106180015,0.613352270411794,0.259086127764353,0.697802850274126,0.711215281613336
"Sparse25",7,10,"Group_adjusted","M3","JKI",99,0.308589237937635,0.550716294148251,0.22886974717616,0.501517447236227,0.542735380412914
"Sparse25",7,10,"Raw","M1","ABR33",100,0.142828441620041,0.142828441620041,0.0653630065008122,0.864328102685191,0.711215281613336
"Sparse25",7,10,"Raw","M1","JKI",99,0.331446069567133,0.331446069567133,0.251951869659947,0.574615055552771,0.542735380412914
"Sparse25",7,10,"Raw","M2","ABR33",100,0.501598894616947,0.501598894616947,0.247777336141281,0.81382407507355,0.711215281613336
"Sparse25",7,10,"Raw","M2","JKI",99,0.443865098001695,0.443865098001695,0.303173418640584,0.540160488769825,0.542735380412914
"Sparse25",7,10,"Raw","M3","ABR33",100,0.545690933568693,0.545690933568693,0.272637747741892,0.785416538075736,0.711215281613336
"Sparse25",7,10,"Raw","M3","JKI",99,0.477875558665633,0.477875558665633,0.309380327615701,0.536125953133978,0.542735380412914
"Sparse25",7,15,"Group_adjusted","M1","ABR33",100,0.0664035212693054,0.558204215876194,0.0369294901244705,0.870200011247797,0.871369848718522
"Sparse25",7,15,"Group_adjusted","M1","JKI",99,0.0941223604045338,0.439842937519512,0.110807832998789,0.567597300989575,0.570222225903467
"Sparse25",7,15,"Group_adjusted","M2","ABR33",100,0.247669968806211,0.57283969286063,0.13033822274485,0.862105692875359,0.871369848718522
"Sparse25",7,15,"Group_adjusted","M2","JKI",99,0.147166052273926,0.421744935072577,0.136829154426396,0.563735112167523,0.570222225903467
"Sparse25",7,15,"Group_adjusted","M3","ABR33",100,0.307570460549471,0.569511602763766,0.150481160294707,0.857777837785454,0.871369848718522
"Sparse25",7,15,"Group_adjusted","M3","JKI",99,0.151279321563275,0.44448091156392,0.121353026458886,0.56419754743946,0.570222225903467
"Sparse25",7,15,"Raw","M1","ABR33",100,0.131221613272428,0.131221613272428,0.0626442674422859,0.963235714000745,0.871369848718522
"Sparse25",7,15,"Raw","M1","JKI",99,0.0489952137604763,0.0489952137604763,0.0613268806245419,0.617377351393835,0.570222225903467
"Sparse25",7,15,"Raw","M2","ABR33",100,0.366782345060137,0.366782345060137,0.104702184123164,0.936237407299078,0.871369848718522
"Sparse25",7,15,"Raw","M2","JKI",99,0.0328623840344114,0.0328623840344114,0.0814242247069977,0.620760661348585,0.570222225903467
"Sparse25",7,15,"Raw","M3","ABR33",100,0.369477549029805,0.369477549029805,0.120847752123852,0.921123347144404,0.871369848718522
"Sparse25",7,15,"Raw","M3","JKI",99,0.0664693482913883,0.0664693482913883,0.0696957343404108,0.617277001081875,0.570222225903467
"Sparse25",7,20,"Group_adjusted","M1","ABR33",100,0.208765430231712,0.616627919154431,0.220689026296622,0.688152008628331,0.696203551573933
"Sparse25",7,20,"Group_adjusted","M1","JKI",99,0.0462911954336028,0.521243156610878,0.0102501907104954,0.471840574964356,0.466245356432766
"Sparse25",7,20,"Group_adjusted","M2","ABR33",100,0.3513766434468,0.637139645209419,0.396759928447409,0.674923604286153,0.696203551573933
"Sparse25",7,20,"Group_adjusted","M2","JKI",99,0.166079289703,0.541871925663755,0.118912443341641,0.463333952786,0.466245356432766
"Sparse25",7,20,"Group_adjusted","M3","ABR33",100,0.456926067798725,0.650449498218033,0.444050651708736,0.667712438395332,0.696203551573933
"Sparse25",7,20,"Group_adjusted","M3","JKI",99,0.207384064204111,0.554093747701007,0.144769877465075,0.456870931417584,0.466245356432766
"Sparse25",7,20,"Raw","M1","ABR33",100,0.183897636167724,0.183897636167724,0.149438394391507,0.860690390849074,0.696203551573933
"Sparse25",7,20,"Raw","M1","JKI",99,-0.0229130569696281,-0.0229130569696281,0.0353886807352437,0.556831058731165,0.466245356432766
"Sparse25",7,20,"Raw","M2","ABR33",100,0.480391508075429,0.480391508075429,0.2969897675865,0.81786513011577,0.696203551573933
"Sparse25",7,20,"Raw","M2","JKI",99,0.107151663849243,0.107151663849243,0.139583431484196,0.551643149070927,0.466245356432766
"Sparse25",7,20,"Raw","M3","ABR33",100,0.448122800889982,0.448122800889982,0.360943611015797,0.79341231256521,0.696203551573933
"Sparse25",7,20,"Raw","M3","JKI",99,0.181038836330427,0.181038836330427,0.163238718626669,0.538673633326708,0.466245356432766
"Sparse25",7,25,"Group_adjusted","M1","ABR33",100,NA,0.509938262454966,NA,0.783022664751694,0.783093894751196
"Sparse25",7,25,"Group_adjusted","M1","JKI",99,NA,0.469256435837334,NA,0.543143961371397,0.543060382602061
"Sparse25",7,25,"Group_adjusted","M2","ABR33",100,0.12140738075635,0.517662563022647,0.139522976565871,0.780234519646073,0.783093894751196
"Sparse25",7,25,"Group_adjusted","M2","JKI",99,0.119857226274153,0.482827592911576,0.334896452863018,0.550225633380293,0.543060382602061
"Sparse25",7,25,"Group_adjusted","M3","ABR33",100,0.0122284851473548,0.512676374230265,0.122498963128871,0.7839618433295,0.783093894751196
"Sparse25",7,25,"Group_adjusted","M3","JKI",99,0.384105869987909,0.499006207860611,0.334617314218826,0.536760874299267,0.543060382602061
"Sparse25",7,25,"Raw","M1","ABR33",100,NA,NA,NA,0.854520365416191,0.783093894751196
"Sparse25",7,25,"Raw","M1","JKI",99,NA,NA,NA,0.546732134081138,0.543060382602061
"Sparse25",7,25,"Raw","M2","ABR33",100,0.423590007809856,0.423590007809856,0.21322490393956,0.798196912460819,0.783093894751196
"Sparse25",7,25,"Raw","M2","JKI",99,0.0910874081740711,0.0910874081740711,0.36316527250988,0.608160177198657,0.543060382602061
"Sparse25",7,25,"Raw","M3","ABR33",100,0.438852844577168,0.438852844577168,0.186868095478952,0.789504484690719,0.783093894751196
"Sparse25",7,25,"Raw","M3","JKI",99,0.160815995206052,0.160815995206052,0.377706043651956,0.567457815497858,0.543060382602061
"Sparse25",8,0,"Group_adjusted","M1","ABR33",100,0.224666210312602,0.587179470992866,0.233869604628294,0.689334967360299,0.700070430770548
"Sparse25",8,0,"Group_adjusted","M1","JKI",99,0.232303539575083,0.548907364189293,0.235239007284956,0.471172417706959,0.482415694643912
"Sparse25",8,0,"Group_adjusted","M2","ABR33",100,0.331975307309709,0.602828134232005,0.308868995135482,0.679980554958932,0.700070430770548
"Sparse25",8,0,"Group_adjusted","M2","JKI",99,0.273151890574381,0.561628092516033,0.268402416380422,0.466472691531418,0.482415694643912
"Sparse25",8,0,"Group_adjusted","M3","ABR33",100,0.354003175411635,0.605402655226234,0.343567023808898,0.678548435344477,0.700070430770548
"Sparse25",8,0,"Group_adjusted","M3","JKI",99,0.263938399676319,0.56096251239682,0.276999384436297,0.466751107133405,0.482415694643912
"Sparse25",8,0,"Raw","M1","ABR33",100,0.291679956526183,0.291679956526183,0.123930009703618,0.861179902629789,0.700070430770548
"Sparse25",8,0,"Raw","M1","JKI",99,0.350766211939454,0.350766211939454,0.267294797173191,0.526077180191293,0.482415694643912
"Sparse25",8,0,"Raw","M2","ABR33",100,0.519728561610057,0.519728561610057,0.220987713787749,0.801836647273528,0.700070430770548
"Sparse25",8,0,"Raw","M2","JKI",99,0.351792324598626,0.351792324598626,0.295641000365897,0.530551617997385,0.482415694643912
"Sparse25",8,0,"Raw","M3","ABR33",100,0.49923554723544,0.49923554723544,0.277714461281193,0.771130721763472,0.700070430770548
"Sparse25",8,0,"Raw","M3","JKI",99,0.431577607197002,0.431577607197002,0.3141315544229,0.503108423394876,0.482415694643912
"Sparse25",8,5,"Group_adjusted","M1","ABR33",100,0.186688314764231,0.585867598663772,0.18736724729113,0.708568372070796,0.718489643553938
"Sparse25",8,5,"Group_adjusted","M1","JKI",99,0.338411620851284,0.574507967609001,0.357349193129709,0.466185659566829,0.490095541781131
"Sparse25",8,5,"Group_adjusted","M2","ABR33",100,0.256142195673711,0.597701912113665,0.276886257580377,0.698016491336753,0.718489643553938
"Sparse25",8,5,"Group_adjusted","M2","JKI",99,0.39470946292692,0.608363364715717,0.416944619699367,0.453056357116282,0.490095541781131
"Sparse25",8,5,"Group_adjusted","M3","ABR33",100,0.254652912586822,0.599218701084311,0.28547604940252,0.699883672467648,0.718489643553938
"Sparse25",8,5,"Group_adjusted","M3","JKI",99,0.355610032221562,0.59539409325801,0.418749944115817,0.46036357756099,0.490095541781131
"Sparse25",8,5,"Raw","M1","ABR33",100,0.184742688478666,0.184742688478666,0.0853042169031557,0.853464717373497,0.718489643553938
"Sparse25",8,5,"Raw","M1","JKI",99,0.433692443883624,0.433692443883624,0.368500050990842,0.514032334669857,0.490095541781131
"Sparse25",8,5,"Raw","M2","ABR33",100,0.527335860816857,0.527335860816857,0.228450287803965,0.78867918634689,0.718489643553938
"Sparse25",8,5,"Raw","M2","JKI",99,0.474130017031283,0.474130017031283,0.430083538549329,0.492762452107925,0.490095541781131
"Sparse25",8,5,"Raw","M3","ABR33",100,0.553439280117255,0.553439280117255,0.270526995160756,0.76548864535605,0.718489643553938
"Sparse25",8,5,"Raw","M3","JKI",99,0.523334137707715,0.523334137707715,0.424019411454042,0.482741537749517,0.490095541781131
"Sparse25",8,10,"Group_adjusted","M1","ABR33",100,0.294199987397216,0.567857626988739,0.297874067363232,0.733862924183357,0.74426512575917
"Sparse25",8,10,"Group_adjusted","M1","JKI",99,0.156121331675608,0.579585126636684,0.155791183369041,0.507682787857403,0.518653538083869
"Sparse25",8,10,"Group_adjusted","M2","ABR33",100,0.22549632732283,0.571215994339821,0.258951195925869,0.733698088911602,0.74426512575917
"Sparse25",8,10,"Group_adjusted","M2","JKI",99,0.193996581761329,0.550807933108297,0.177631421517951,0.503402752804978,0.518653538083869
"Sparse25",8,10,"Group_adjusted","M3","ABR33",100,0.239327184518912,0.573149326550809,0.278976641138988,0.732955814887961,0.74426512575917
"Sparse25",8,10,"Group_adjusted","M3","JKI",99,0.213637240055337,0.573924973640657,0.194185741420333,0.499769472770264,0.518653538083869
"Sparse25",8,10,"Raw","M1","ABR33",100,0.244345201542329,0.244345201542329,0.27056083306727,0.872532117426657,0.74426512575917
"Sparse25",8,10,"Raw","M1","JKI",99,0.262828187840055,0.262828187840055,0.155631289935387,0.581382561839416,0.518653538083869
"Sparse25",8,10,"Raw","M2","ABR33",100,0.464995048994998,0.464995048994998,0.165720528388446,0.838089128074794,0.74426512575917
"Sparse25",8,10,"Raw","M2","JKI",99,0.323224941110401,0.323224941110401,0.153024280167633,0.56394686050232,0.518653538083869
"Sparse25",8,10,"Raw","M3","ABR33",100,0.487708017936544,0.487708017936544,0.202071353583739,0.809233103099929,0.74426512575917
"Sparse25",8,10,"Raw","M3","JKI",99,0.378133090702089,0.378133090702089,0.156106832720165,0.556578530665398,0.518653538083869
"Sparse25",8,15,"Group_adjusted","M1","ABR33",100,0.129732891624993,0.601547996116062,0.127935403372938,0.793018146115702,0.797014948470747
"Sparse25",8,15,"Group_adjusted","M1","JKI",99,0.182013220262696,0.523229797976415,0.168884971996029,0.515203238584176,0.515967997909023
"Sparse25",8,15,"Group_adjusted","M2","ABR33",100,0.231224317169026,0.615346599935032,0.228741531145852,0.788051660911384,0.797014948470747
"Sparse25",8,15,"Group_adjusted","M2","JKI",99,0.215406677533897,0.53568910226936,0.181773628061816,0.511053597788585,0.515967997909023
"Sparse25",8,15,"Group_adjusted","M3","ABR33",100,0.222703744064934,0.614643644762653,0.187352711483104,0.787365792515574,0.797014948470747
"Sparse25",8,15,"Group_adjusted","M3","JKI",99,0.267247224654036,0.546203798263744,0.203936891664831,0.503463556892519,0.515967997909023
"Sparse25",8,15,"Raw","M1","ABR33",100,0.120126225014634,0.120126225014634,0.115365328586149,0.959576096268475,0.797014948470747
"Sparse25",8,15,"Raw","M1","JKI",99,0.135647346815813,0.135647346815813,0.0763098238177059,0.605415585195358,0.515967997909023
"Sparse25",8,15,"Raw","M2","ABR33",100,0.506442716593429,0.506442716593429,0.231657319507838,0.92145201119108,0.797014948470747
"Sparse25",8,15,"Raw","M2","JKI",99,0.212360550989646,0.212360550989646,0.090207020289488,0.599916674838809,0.515967997909023
"Sparse25",8,15,"Raw","M3","ABR33",100,0.474341153969076,0.474341153969076,0.1785208908526,0.908908638989969,0.797014948470747
"Sparse25",8,15,"Raw","M3","JKI",99,0.32670050868927,0.32670050868927,0.118958760270057,0.580833692158535,0.515967997909023
"Sparse25",8,20,"Group_adjusted","M1","ABR33",100,0.0427481871965077,0.580382208843841,0.0309115719766091,0.745190962524574,0.746020744900072
"Sparse25",8,20,"Group_adjusted","M1","JKI",99,0.095644902866091,0.584812361907345,0.101043941278836,0.45330590837784,0.456055030218987
"Sparse25",8,20,"Group_adjusted","M2","ABR33",100,0.12273372171743,0.583921975039487,0.119968640929039,0.740832043578528,0.746020744900072
"Sparse25",8,20,"Group_adjusted","M2","JKI",99,0.277899117741782,0.614992374380086,0.277645691764092,0.44329155835023,0.456055030218987
"Sparse25",8,20,"Group_adjusted","M3","ABR33",100,0.191810210806723,0.589558164222423,0.180113458684931,0.736014775795299,0.746020744900072
"Sparse25",8,20,"Group_adjusted","M3","JKI",99,0.280119451196103,0.614970655269808,0.278364601541034,0.442939777613707,0.456055030218987
"Sparse25",8,20,"Raw","M1","ABR33",100,0.103082414568145,0.103082414568145,0.0387453180492906,0.893058184411523,0.746020744900072
"Sparse25",8,20,"Raw","M1","JKI",99,0.00914505832761699,0.00914505832761699,0.0101552331198702,0.555467042365697,0.456055030218987
"Sparse25",8,20,"Raw","M2","ABR33",100,0.491111925474297,0.491111925474297,0.202594409877741,0.859563678361619,0.746020744900072
"Sparse25",8,20,"Raw","M2","JKI",99,0.260241254113502,0.260241254113502,0.195961559403804,0.539804843437419,0.456055030218987
"Sparse25",8,20,"Raw","M3","ABR33",100,0.516441923486034,0.516441923486034,0.299408969561785,0.830167332547552,0.746020744900072
"Sparse25",8,20,"Raw","M3","JKI",99,0.413198114263102,0.413198114263102,0.180806969006485,0.531687074866631,0.456055030218987
"Sparse25",8,25,"Group_adjusted","M1","ABR33",100,NA,0.568098852076171,NA,0.767354608703646,0.766939008278104
"Sparse25",8,25,"Group_adjusted","M1","JKI",99,NA,0.503711235282892,NA,0.496409284420333,0.496029203518035
"Sparse25",8,25,"Group_adjusted","M2","ABR33",100,0.32729956972529,0.575238380919085,0.361635708984099,0.761326867353984,0.766939008278104
"Sparse25",8,25,"Group_adjusted","M2","JKI",99,0.205381035440736,0.512536191228525,0.22609258050515,0.492492473591975,0.496029203518035
"Sparse25",8,25,"Group_adjusted","M3","ABR33",100,0.211656529417804,0.577920359426531,0.276805193742262,0.760312902535186,0.766939008278104
"Sparse25",8,25,"Group_adjusted","M3","JKI",99,0.454302618429164,0.530672115928035,0.372599232940088,0.487905622732186,0.496029203518035
"Sparse25",8,25,"Raw","M1","ABR33",100,NA,NA,NA,0.927114689719981,0.766939008278104
"Sparse25",8,25,"Raw","M1","JKI",99,NA,NA,NA,0.587891469258661,0.496029203518035
"Sparse25",8,25,"Raw","M2","ABR33",100,0.402883290308936,0.402883290308936,0.108454263774413,0.892557022634925,0.766939008278104
"Sparse25",8,25,"Raw","M2","JKI",99,0.00515271311643626,0.00515271311643626,-0.0814848140335622,0.591664572577308,0.496029203518035
"Sparse25",8,25,"Raw","M3","ABR33",100,0.404150387484318,0.404150387484318,0.0685369752077917,0.873854850772197,0.766939008278104
"Sparse25",8,25,"Raw","M3","JKI",99,0.105836217589457,0.105836217589457,-0.00773015666084804,0.584981405175918,0.496029203518035
"Sparse25",9,0,"Group_adjusted","M1","ABR33",100,0.0041119666845172,0.521927041600188,0.0101970087263959,0.81608267950424,0.814851848910908
"Sparse25",9,0,"Group_adjusted","M1","JKI",99,0.0700277743741812,0.542262699937019,0.0743444234964609,0.521284910471615,0.521135780708112
"Sparse25",9,0,"Group_adjusted","M2","ABR33",100,0.00497997845358854,0.517620989605991,0.023861864493685,0.81777355937047,0.814851848910908
"Sparse25",9,0,"Group_adjusted","M2","JKI",99,0.0808350194014854,0.513756712456122,0.0978987857608945,0.522969587015751,0.521135780708112
"Sparse25",9,0,"Group_adjusted","M3","ABR33",100,0.00107982207024214,0.516700401319837,0.0451521949984559,0.817751013467916,0.814851848910908
"Sparse25",9,0,"Group_adjusted","M3","JKI",99,0.0881407751897357,0.520131662203723,0.0885129902020565,0.523116306095078,0.521135780708112
"Sparse25",9,0,"Raw","M1","ABR33",100,0.0385619160485772,0.0385619160485772,-0.000152397816620856,0.951109952903918,0.814851848910908
"Sparse25",9,0,"Raw","M1","JKI",99,0.127750476557205,0.127750476557205,0.0408778903283812,0.60142689825116,0.521135780708112
"Sparse25",9,0,"Raw","M2","ABR33",100,0.270843791079677,0.270843791079677,0.0484350822661814,0.92791927272037,0.814851848910908
"Sparse25",9,0,"Raw","M2","JKI",99,0.101395931183743,0.101395931183743,0.0512218671856053,0.60358458561571,0.521135780708112
"Sparse25",9,0,"Raw","M3","ABR33",100,0.304567953065044,0.304567953065044,0.0787391207912412,0.908661707436117,0.814851848910908
"Sparse25",9,0,"Raw","M3","JKI",99,0.213441351845654,0.213441351845654,0.0137026807024729,0.594884248212375,0.521135780708112
"Sparse25",9,5,"Group_adjusted","M1","ABR33",100,0.124210441162952,0.51956158732477,0.0911757066478406,0.796136092986611,0.797961545765441
"Sparse25",9,5,"Group_adjusted","M1","JKI",99,0.143919767071253,0.575564727004678,0.124020900903076,0.517166545419846,0.523184999755101
"Sparse25",9,5,"Group_adjusted","M2","ABR33",100,0.160726201847422,0.526545414790148,0.122598052157623,0.790756921619602,0.797961545765441
"Sparse25",9,5,"Group_adjusted","M2","JKI",99,0.168922799673408,0.54725977772952,0.131125442825749,0.511018328362564,0.523184999755101
"Sparse25",9,5,"Group_adjusted","M3","ABR33",100,0.170518223185432,0.528212579258095,0.161078046935258,0.789956506780313,0.797961545765441
"Sparse25",9,5,"Group_adjusted","M3","JKI",99,0.159880988480774,0.560652142198361,0.134291713579208,0.512936215054692,0.523184999755101
"Sparse25",9,5,"Raw","M1","ABR33",100,0.126639368228593,0.126639368228593,0.100008209155246,0.912084668241746,0.797961545765441
"Sparse25",9,5,"Raw","M1","JKI",99,0.20381198014421,0.20381198014421,0.0743463533049382,0.606795859354548,0.523184999755101
"Sparse25",9,5,"Raw","M2","ABR33",100,0.375665159806922,0.375665159806922,0.110940578837164,0.872127028237278,0.797961545765441
"Sparse25",9,5,"Raw","M2","JKI",99,0.17751477717177,0.17751477717177,0.0388501860754515,0.612419849988524,0.523184999755101
"Sparse25",9,5,"Raw","M3","ABR33",100,0.320556346148277,0.320556346148277,0.0856210152432564,0.882231351172969,0.797961545765441
"Sparse25",9,5,"Raw","M3","JKI",99,0.29173582850994,0.29173582850994,0.0564143957571343,0.586793581640667,0.523184999755101
"Sparse25",9,10,"Group_adjusted","M1","ABR33",100,0.170006871017473,0.539611945152574,0.198582859568695,0.909545238827193,0.913700647816354
"Sparse25",9,10,"Group_adjusted","M1","JKI",99,0.164609917673179,0.567633888179058,0.150627377104653,0.499027754965657,0.504835458027358
"Sparse25",9,10,"Group_adjusted","M2","ABR33",100,0.219724235567076,0.545129004575365,0.271587640905733,0.905619044351586,0.913700647816354
"Sparse25",9,10,"Group_adjusted","M2","JKI",99,0.210069132736131,0.57585730474432,0.202304635867242,0.493342139938968,0.504835458027358
"Sparse25",9,10,"Group_adjusted","M3","ABR33",100,0.27388750288279,0.549831317703083,0.324340012827717,0.90316256291944,0.913700647816354
"Sparse25",9,10,"Group_adjusted","M3","JKI",99,0.209448831317425,0.575237647372882,0.215120799644843,0.49372290287432,0.504835458027358
"Sparse25",9,10,"Raw","M1","ABR33",100,0.144755474410875,0.144755474410875,0.192907688018777,0.863276799942624,0.913700647816354
"Sparse25",9,10,"Raw","M1","JKI",99,0.340743095285434,0.340743095285434,0.231924634869008,0.615837583740404,0.504835458027358
"Sparse25",9,10,"Raw","M2","ABR33",100,0.500231860616874,0.500231860616874,0.312933341227437,0.824542685687015,0.913700647816354
"Sparse25",9,10,"Raw","M2","JKI",99,0.402474955798405,0.402474955798405,0.260316957691414,0.596201145538394,0.504835458027358
"Sparse25",9,10,"Raw","M3","ABR33",100,0.4989566819945,0.4989566819945,0.367214075512226,0.78664556830623,0.913700647816354
"Sparse25",9,10,"Raw","M3","JKI",99,0.44693039850824,0.44693039850824,0.272495816274769,0.57899345319914,0.504835458027358
"Sparse25",9,15,"Group_adjusted","M1","ABR33",100,0.052653806991474,0.56378608499435,-0.0111156589921036,0.763685546387494,0.76367223679745
"Sparse25",9,15,"Group_adjusted","M1","JKI",99,0.104876583437952,0.542373121305888,0.13734504961925,0.501024159047336,0.488111763286701
"Sparse25",9,15,"Group_adjusted","M2","ABR33",100,0.179256967894281,0.578417692313178,0.0957281041149135,0.753429677663555,0.76367223679745
"Sparse25",9,15,"Group_adjusted","M2","JKI",99,0.150189732883748,0.551202470825636,0.189564233740469,0.497433259333559,0.488111763286701
"Sparse25",9,15,"Group_adjusted","M3","ABR33",100,0.216322309001613,0.581599143163341,0.150473807837757,0.749872111845711,0.76367223679745
"Sparse25",9,15,"Group_adjusted","M3","JKI",99,0.130462912467883,0.546677960573452,0.194119830968153,0.501680329537959,0.488111763286701
"Sparse25",9,15,"Raw","M1","ABR33",100,0.137177562412912,0.137177562412912,-0.0223765978065266,0.91137811971355,0.76367223679745
"Sparse25",9,15,"Raw","M1","JKI",99,0.106775407144541,0.106775407144541,-0.0216879400292484,0.575010130784901,0.488111763286701
"Sparse25",9,15,"Raw","M2","ABR33",100,0.407462580600344,0.407462580600344,0.0236353543366338,0.873386527608274,0.76367223679745
"Sparse25",9,15,"Raw","M2","JKI",99,0.247844593248539,0.247844593248539,-0.0148298002870095,0.5657985905532,0.488111763286701
"Sparse25",9,15,"Raw","M3","ABR33",100,0.420774431869485,0.420774431869485,0.0396127094630183,0.843713180157266,0.76367223679745
"Sparse25",9,15,"Raw","M3","JKI",99,0.261833581532133,0.261833581532133,0.00183514108416314,0.565516393675508,0.488111763286701
"Sparse25",9,20,"Group_adjusted","M1","ABR33",100,0.085874839379908,0.568455357786058,0.12396309869428,0.717607632417441,0.719987387374821
"Sparse25",9,20,"Group_adjusted","M1","JKI",99,-0.16874931089595,0.533835836962698,-0.158460992040772,0.484475693502543,0.463008504593611
"Sparse25",9,20,"Group_adjusted","M2","ABR33",100,0.26637156470542,0.586476308879827,0.291286851315881,0.704756766740028,0.719987387374821
"Sparse25",9,20,"Group_adjusted","M2","JKI",99,0.0201744740958783,0.555304521053413,0.0423346439799777,0.47940110839717,0.463008504593611
"Sparse25",9,20,"Group_adjusted","M3","ABR33",100,0.255185058222219,0.587153954931115,0.37083863803578,0.705862578007846,0.719987387374821
"Sparse25",9,20,"Group_adjusted","M3","JKI",99,0.0716564464036714,0.567943229555542,0.111652757409725,0.469275195154394,0.463008504593611
"Sparse25",9,20,"Raw","M1","ABR33",100,0.119471640541654,0.119471640541654,0.129307951807665,0.86528984585051,0.719987387374821
"Sparse25",9,20,"Raw","M1","JKI",99,-0.0460280169036091,-0.0460280169036091,-0.0881933136464457,0.598838014974998,0.463008504593611
"Sparse25",9,20,"Raw","M2","ABR33",100,0.411342693883214,0.411342693883214,0.326687019732781,0.825157738922794,0.719987387374821
"Sparse25",9,20,"Raw","M2","JKI",99,0.108794202044758,0.108794202044758,0.118071228919182,0.606449735622162,0.463008504593611
"Sparse25",9,20,"Raw","M3","ABR33",100,0.365231382773359,0.365231382773359,0.359658986793711,0.808182867039656,0.719987387374821
"Sparse25",9,20,"Raw","M3","JKI",99,0.288146810255466,0.288146810255466,0.152317854266395,0.57202865116657,0.463008504593611
"Sparse25",9,25,"Group_adjusted","M1","ABR33",100,NA,0.542894285643308,NA,0.799751115469488,0.800310501128628
"Sparse25",9,25,"Group_adjusted","M1","JKI",99,NA,0.464959743082919,NA,0.553832261657286,0.555050780158268
"Sparse25",9,25,"Group_adjusted","M2","ABR33",100,0.222811384184418,0.55120752753293,0.198153902024552,0.79349909727157,0.800310501128628
"Sparse25",9,25,"Group_adjusted","M2","JKI",99,0.32022454892192,0.523658108468671,0.218835258159267,0.54265448333351,0.555050780158268
"Sparse25",9,25,"Group_adjusted","M3","ABR33",100,0.328779068768884,0.563773638040169,0.260379048129572,0.787759790457424,0.800310501128628
"Sparse25",9,25,"Group_adjusted","M3","JKI",99,0.295124356296479,0.520859821604878,0.221688314285061,0.538941877091016,0.555050780158268
"Sparse25",9,25,"Raw","M1","ABR33",100,NA,NA,NA,0.944243150261374,0.800310501128628
"Sparse25",9,25,"Raw","M1","JKI",99,NA,NA,NA,0.608413729863659,0.555050780158268
"Sparse25",9,25,"Raw","M2","ABR33",100,0.354836089624627,0.354836089624627,0.164871744053787,0.91601611025374,0.800310501128628
"Sparse25",9,25,"Raw","M2","JKI",99,0.0842454766730647,0.0842454766730647,0.13516474152027,0.598047662937587,0.555050780158268
"Sparse25",9,25,"Raw","M3","ABR33",100,0.338724088646451,0.338724088646451,0.189088425364006,0.888685814253606,0.800310501128628
"Sparse25",9,25,"Raw","M3","JKI",99,0.29778821351487,0.29778821351487,0.22862263400325,0.587606619238752,0.555050780158268
"Sparse25",10,0,"Group_adjusted","M1","ABR33",100,0.238181342009697,0.493138901845341,0.267584140860827,0.830866194701337,0.837826708942096
"Sparse25",10,0,"Group_adjusted","M1","JKI",99,0.169820635726265,0.52462677582365,0.175728152619896,0.497894956862496,0.503514918274307
"Sparse25",10,0,"Group_adjusted","M2","ABR33",100,0.188051598004362,0.499104735770997,0.294352021240238,0.82787075716685,0.837826708942096
"Sparse25",10,0,"Group_adjusted","M2","JKI",99,0.187885293625624,0.514232486045642,0.172423970109082,0.499633803253855,0.503514918274307
"Sparse25",10,0,"Group_adjusted","M3","ABR33",100,0.0309367452481629,0.487813468648675,0.316780809090053,0.830352620223148,0.837826708942096
"Sparse25",10,0,"Group_adjusted","M3","JKI",99,0.192580634393831,0.524810066250437,0.206338206040991,0.496026101288875,0.503514918274307
"Sparse25",10,0,"Raw","M1","ABR33",100,0.333105271918246,0.333105271918246,0.303253951113886,0.909960014998482,0.837826708942096
"Sparse25",10,0,"Raw","M1","JKI",99,0.292418183422062,0.292418183422062,0.232299517230378,0.554453311949543,0.503514918274307
"Sparse25",10,0,"Raw","M2","ABR33",100,0.468375333153802,0.468375333153802,0.323956712909495,0.859009283201014,0.837826708942096
"Sparse25",10,0,"Raw","M2","JKI",99,0.23035726678508,0.23035726678508,0.202653042593627,0.57916188455404,0.503514918274307
"Sparse25",10,0,"Raw","M3","ABR33",100,0.321736438850033,0.321736438850033,0.23145267020727,0.895901360211662,0.837826708942096
"Sparse25",10,0,"Raw","M3","JKI",99,0.387638453613469,0.387638453613469,0.23614397657391,0.536976288963756,0.503514918274307
"Sparse25",10,5,"Group_adjusted","M1","ABR33",100,0.197802072284013,0.569836731812019,0.229541723033169,0.729109845767742,0.737263250920316
"Sparse25",10,5,"Group_adjusted","M1","JKI",99,0.262996055214292,0.573936153781106,0.288968252721696,0.515980077192238,0.531563104902989
"Sparse25",10,5,"Group_adjusted","M2","ABR33",100,0.248126477397157,0.583777562421242,0.32467369250018,0.721315576974768,0.737263250920316
"Sparse25",10,5,"Group_adjusted","M2","JKI",99,0.332721681758369,0.603261234271773,0.353578058399202,0.511564329355682,0.531563104902989
"Sparse25",10,5,"Group_adjusted","M3","ABR33",100,0.231943390486567,0.58676693576461,0.36129010165015,0.721958919700008,0.737263250920316
"Sparse25",10,5,"Group_adjusted","M3","JKI",99,0.310469002611419,0.596976121244686,0.356790058478782,0.511543639238431,0.531563104902989
"Sparse25",10,5,"Raw","M1","ABR33",100,0.302854460854643,0.302854460854643,0.26969419145133,0.857666799056462,0.737263250920316
"Sparse25",10,5,"Raw","M1","JKI",99,0.328996094659085,0.328996094659085,0.234893860084079,0.550311394618674,0.531563104902989
"Sparse25",10,5,"Raw","M2","ABR33",100,0.510021975268685,0.510021975268685,0.319350979953306,0.812454242304606,0.737263250920316
"Sparse25",10,5,"Raw","M2","JKI",99,0.403257846638423,0.403257846638423,0.336476727495321,0.530428643898278,0.531563104902989
"Sparse25",10,5,"Raw","M3","ABR33",100,0.466000200344028,0.466000200344028,0.368944833106703,0.78617175992544,0.737263250920316
"Sparse25",10,5,"Raw","M3","JKI",99,0.509621657215819,0.509621657215819,0.367592609189183,0.509538737630301,0.531563104902989
"Sparse25",10,10,"Group_adjusted","M1","ABR33",100,0.110973230303456,0.543066399678746,0.151430526021996,0.743052554046867,0.746647164466856
"Sparse25",10,10,"Group_adjusted","M1","JKI",99,0.183524888396548,0.551673135721957,0.190216639011375,0.492661865189709,0.497718155950143
"Sparse25",10,10,"Group_adjusted","M2","ABR33",100,0.170984757530012,0.55247786760939,0.228102641342675,0.737740555021653,0.746647164466856
"Sparse25",10,10,"Group_adjusted","M2","JKI",99,0.208784836130703,0.560965267464011,0.219240946366775,0.497277777967364,0.497718155950143
"Sparse25",10,10,"Group_adjusted","M3","ABR33",100,0.0784930562106131,0.548259143690784,0.248804251772877,0.744811575876127,0.746647164466856
"Sparse25",10,10,"Group_adjusted","M3","JKI",99,0.24539824205471,0.567974674544222,0.248867669431983,0.489615643180257,0.497718155950143
"Sparse25",10,10,"Raw","M1","ABR33",100,0.377903551237451,0.377903551237451,0.243841391958287,0.875602375281266,0.746647164466856
"Sparse25",10,10,"Raw","M1","JKI",99,0.211425356108292,0.211425356108292,0.152794114611825,0.53360631758399,0.497718155950143
"Sparse25",10,10,"Raw","M2","ABR33",100,0.546490840249853,0.546490840249853,0.366630895932832,0.810924659243417,0.746647164466856
"Sparse25",10,10,"Raw","M2","JKI",99,0.237678251973455,0.237678251973455,0.216125963047118,0.54480811368054,0.497718155950143
"Sparse25",10,10,"Raw","M3","ABR33",100,0.409742798773471,0.409742798773471,0.32670720502012,0.793370013581106,0.746647164466856
"Sparse25",10,10,"Raw","M3","JKI",99,0.431513486568867,0.431513486568867,0.277692779746691,0.49633892030291,0.497718155950143
"Sparse25",10,15,"Group_adjusted","M1","ABR33",100,0.0245199773611592,0.592200131419276,0.026977724463831,0.7369103281949,0.737648698867132
"Sparse25",10,15,"Group_adjusted","M1","JKI",99,0.193409274833865,0.565448337229236,0.186476456749949,0.483199866182069,0.492596655379022
"Sparse25",10,15,"Group_adjusted","M2","ABR33",100,0.108452920332001,0.599420131626564,0.115622624964907,0.731413737277514,0.737648698867132
"Sparse25",10,15,"Group_adjusted","M2","JKI",99,0.253898934095731,0.580140218408266,0.243322782303235,0.476188656278782,0.492596655379022
"Sparse25",10,15,"Group_adjusted","M3","ABR33",100,0.0989571000005973,0.597509655006631,0.110930372454699,0.733325806678681,0.737648698867132
"Sparse25",10,15,"Group_adjusted","M3","JKI",99,0.236858429069352,0.573941946185673,0.225301682781225,0.479140798714189,0.492596655379022
"Sparse25",10,15,"Raw","M1","ABR33",100,0.00753012773525001,0.00753012773525001,0.0354728145357835,0.907903367779773,0.737648698867132
"Sparse25",10,15,"Raw","M1","JKI",99,0.197221579351429,0.197221579351429,0.146198876264959,0.591834422864186,0.492596655379022
"Sparse25",10,15,"Raw","M2","ABR33",100,0.34127024206229,0.34127024206229,0.123179869779436,0.880259916482801,0.737648698867132
"Sparse25",10,15,"Raw","M2","JKI",99,0.279792541560159,0.279792541560159,0.214380051437989,0.579819952876809,0.492596655379022
"Sparse25",10,15,"Raw","M3","ABR33",100,0.361345124886105,0.361345124886105,0.0865998536235311,0.861076163658768,0.737648698867132
"Sparse25",10,15,"Raw","M3","JKI",99,0.301497320060019,0.301497320060019,0.20297021600882,0.581921790278392,0.492596655379022
"Sparse25",10,20,"Group_adjusted","M1","ABR33",100,0.0719395977102971,0.503198457899339,0.103625583466146,0.86251290963329,0.873222179361931
"Sparse25",10,20,"Group_adjusted","M1","JKI",99,0.331252314677992,0.579556244934077,0.310603946405866,0.516729896955365,0.536051901989427
"Sparse25",10,20,"Group_adjusted","M2","ABR33",100,0.239752489550699,0.516988445841606,0.287574153856846,0.852619418931323,0.873222179361931
"Sparse25",10,20,"Group_adjusted","M2","JKI",99,0.414949488659933,0.608304145693835,0.40851066057515,0.500786359701439,0.536051901989427
"Sparse25",10,20,"Group_adjusted","M3","ABR33",100,0.358126017752309,0.523943552343231,0.361616461875601,0.843999736532042,0.873222179361931
"Sparse25",10,20,"Group_adjusted","M3","JKI",99,0.424288342123602,0.606244065089531,0.394299176688204,0.504416643828992,0.536051901989427
"Sparse25",10,20,"Raw","M1","ABR33",100,0.145618499576871,0.145618499576871,0.146754376481618,0.838488585869473,0.873222179361931
"Sparse25",10,20,"Raw","M1","JKI",99,0.332407779596234,0.332407779596234,0.256533397166435,0.595192503332477,0.536051901989427
"Sparse25",10,20,"Raw","M2","ABR33",100,0.40505871090876,0.40505871090876,0.227545370506135,0.799161719060343,0.873222179361931
"Sparse25",10,20,"Raw","M2","JKI",99,0.22629878228739,0.22629878228739,0.229465631919887,0.598456007537039,0.536051901989427
"Sparse25",10,20,"Raw","M3","ABR33",100,0.346741955031108,0.346741955031108,0.220313112145614,0.872847824931136,0.873222179361931
"Sparse25",10,20,"Raw","M3","JKI",99,0.47140015841139,0.47140015841139,0.255652009347329,0.559674169670613,0.536051901989427
"Sparse25",10,25,"Group_adjusted","M1","ABR33",100,NA,0.537887233378573,NA,0.764982662020808,0.765333424131855
"Sparse25",10,25,"Group_adjusted","M1","JKI",99,NA,0.536847603266864,NA,0.515166144306549,0.513555227841377
"Sparse25",10,25,"Group_adjusted","M2","ABR33",100,0.0288864868894698,0.53960316179626,0.176251919550638,0.765123416230414,0.765333424131855
"Sparse25",10,25,"Group_adjusted","M2","JKI",99,0.123907718557121,0.542941584862162,0.0884883424660242,0.512774654234107,0.513555227841377
"Sparse25",10,25,"Group_adjusted","M3","ABR33",100,0.0720551324899644,0.542687759543778,0.214568841228492,0.763343800224187,0.765333424131855
"Sparse25",10,25,"Group_adjusted","M3","JKI",99,0.182187397716453,0.544609601912225,0.131131880548998,0.511748980010769,0.513555227841377
"Sparse25",10,25,"Raw","M1","ABR33",100,NA,NA,NA,0.958408127517832,0.765333424131855
"Sparse25",10,25,"Raw","M1","JKI",99,NA,NA,NA,0.59606875926857,0.513555227841377
"Sparse25",10,25,"Raw","M2","ABR33",100,0.397672601825896,0.397672601825896,0.0371900562132109,0.923262499564445,0.765333424131855
"Sparse25",10,25,"Raw","M2","JKI",99,0.111733210345494,0.111733210345494,-0.103768114650925,0.59498546050606,0.513555227841377
"Sparse25",10,25,"Raw","M3","ABR33",100,0.359868817441238,0.359868817441238,0.050732708294653,0.885606578764976,0.765333424131855
"Sparse25",10,25,"Raw","M3","JKI",99,0.316816615484924,0.316816615484924,-0.053937799687344,0.579420707849451,0.513555227841377
