"scheme","rep","overlap","target","model","Environment","PopGroup","n","PA","RMSE"
"CV1",1,NA,"Group_adjusted","M1","ABR33","M. sacchariflorus",56,NA,0.392047563975264
"CV1",1,NA,"Group_adjusted","M1","ABR33","M. sinensis",47,NA,0.855076768386452
"CV1",1,NA,"Group_adjusted","M1","ABR33","M. x gig",22,NA,1.19486329043509
"CV1",1,NA,"Group_adjusted","M1","JKI","M. sacchariflorus",56,NA,0.402113612726191
"CV1",1,NA,"Group_adjusted","M1","JKI","M. sinensis",46,NA,0.463547756648563
"CV1",1,NA,"Group_adjusted","M1","JKI","M. x gig",22,NA,0.680216515569382
"CV1",1,NA,"Group_adjusted","M2","ABR33","M. sacchariflorus",56,-0.124069127264463,0.390244271973383
"CV1",1,NA,"Group_adjusted","M2","ABR33","M. sinensis",47,0.177914095257254,0.83133637175992
"CV1",1,NA,"Group_adjusted","M2","ABR33","M. x gig",22,-0.449857009887434,1.20404421252332
"CV1",1,NA,"Group_adjusted","M2","JKI","M. sacchariflorus",56,-0.00901704365347731,0.391696826869386
"CV1",1,NA,"Group_adjusted","M2","JKI","M. sinensis",46,0.113692543904979,0.450614040092405
"CV1",1,NA,"Group_adjusted","M2","JKI","M. x gig",22,0.331326765511186,0.641382875128913
"CV1",1,NA,"Group_adjusted","M3","ABR33","M. sacchariflorus",56,-0.081117871487612,0.392816567512324
"CV1",1,NA,"Group_adjusted","M3","ABR33","M. sinensis",47,0.262166208273833,0.820333096538557
"CV1",1,NA,"Group_adjusted","M3","ABR33","M. x gig",22,-0.500542881876617,1.23379590808946
"CV1",1,NA,"Group_adjusted","M3","JKI","M. sacchariflorus",56,0.0536565750376245,0.389153304582669
"CV1",1,NA,"Group_adjusted","M3","JKI","M. sinensis",46,0.164175233058589,0.447837093525458
"CV1",1,NA,"Group_adjusted","M3","JKI","M. x gig",22,0.384551090983298,0.62896592242575
"CV1",1,NA,"Raw","M1","ABR33","M. sacchariflorus",56,NA,0.600911900597876
"CV1",1,NA,"Raw","M1","ABR33","M. sinensis",47,NA,0.848325711438149
"CV1",1,NA,"Raw","M1","ABR33","M. x gig",22,NA,1.50115116782599
"CV1",1,NA,"Raw","M1","JKI","M. sacchariflorus",56,NA,0.405831642950009
"CV1",1,NA,"Raw","M1","JKI","M. sinensis",46,NA,0.494795054984681
"CV1",1,NA,"Raw","M1","JKI","M. x gig",22,NA,0.954970109497019
"CV1",1,NA,"Raw","M2","ABR33","M. sacchariflorus",56,0.247386326334377,0.474356603364711
"CV1",1,NA,"Raw","M2","ABR33","M. sinensis",47,0.192304939911894,0.828546172094443
"CV1",1,NA,"Raw","M2","ABR33","M. x gig",22,-0.185605666266979,1.39798564271879
"CV1",1,NA,"Raw","M2","JKI","M. sacchariflorus",56,0.0108615874665136,0.406962804225535
"CV1",1,NA,"Raw","M2","JKI","M. sinensis",46,0.197555282490399,0.505692200917498
"CV1",1,NA,"Raw","M2","JKI","M. x gig",22,0.133654874304719,0.81503005213288
"CV1",1,NA,"Raw","M3","ABR33","M. sacchariflorus",56,0.183385512796148,0.404485719977242
"CV1",1,NA,"Raw","M3","ABR33","M. sinensis",47,0.219361577916223,0.830734110680901
"CV1",1,NA,"Raw","M3","ABR33","M. x gig",22,-0.303709276212371,1.40514243040657
"CV1",1,NA,"Raw","M3","JKI","M. sacchariflorus",56,0.034761030269337,0.399255536240346
"CV1",1,NA,"Raw","M3","JKI","M. sinensis",46,0.224419388418589,0.450311455989473
"CV1",1,NA,"Raw","M3","JKI","M. x gig",22,0.266155494161395,0.804423057321288
"CV1",2,NA,"Group_adjusted","M1","ABR33","M. sacchariflorus",56,NA,0.380002624125817
"CV1",2,NA,"Group_adjusted","M1","ABR33","M. sinensis",47,NA,0.850267704290788
"CV1",2,NA,"Group_adjusted","M1","ABR33","M. x gig",22,NA,1.13597334160177
"CV1",2,NA,"Group_adjusted","M1","JKI","M. sacchariflorus",56,NA,0.392357235580837
"CV1",2,NA,"Group_adjusted","M1","JKI","M. sinensis",46,NA,0.460387052139189
"CV1",2,NA,"Group_adjusted","M1","JKI","M. x gig",22,NA,0.686553648679826
"CV1",2,NA,"Group_adjusted","M2","ABR33","M. sacchariflorus",56,0.0594412771312423,0.378254423229276
"CV1",2,NA,"Group_adjusted","M2","ABR33","M. sinensis",47,0.23160295940436,0.829669965978837
"CV1",2,NA,"Group_adjusted","M2","ABR33","M. x gig",22,0.0317443020304077,1.10395628959337
"CV1",2,NA,"Group_adjusted","M2","JKI","M. sacchariflorus",56,0.128862959912474,0.383302502608729
"CV1",2,NA,"Group_adjusted","M2","JKI","M. sinensis",46,0.19127634144019,0.446550516387364
"CV1",2,NA,"Group_adjusted","M2","JKI","M. x gig",22,0.512023669051643,0.62174706855277
"CV1",2,NA,"Group_adjusted","M3","ABR33","M. sacchariflorus",56,0.149998174786699,0.373706635649328
"CV1",2,NA,"Group_adjusted","M3","ABR33","M. sinensis",47,0.312698574474868,0.817822271361007
"CV1",2,NA,"Group_adjusted","M3","ABR33","M. x gig",22,0.0706691931036281,1.09930032185087
"CV1",2,NA,"Group_adjusted","M3","JKI","M. sacchariflorus",56,0.203039276349673,0.378525689228014
"CV1",2,NA,"Group_adjusted","M3","JKI","M. sinensis",46,0.202192662328039,0.445619406770814
"CV1",2,NA,"Group_adjusted","M3","JKI","M. x gig",22,0.526472909253218,0.60510764963554
"CV1",2,NA,"Raw","M1","ABR33","M. sacchariflorus",56,NA,0.600812032005518
"CV1",2,NA,"Raw","M1","ABR33","M. sinensis",47,NA,0.84771863553688
"CV1",2,NA,"Raw","M1","ABR33","M. x gig",22,NA,1.50362069773487
"CV1",2,NA,"Raw","M1","JKI","M. sacchariflorus",56,NA,0.401824155338076
"CV1",2,NA,"Raw","M1","JKI","M. sinensis",46,NA,0.493863907242231
"CV1",2,NA,"Raw","M1","JKI","M. x gig",22,NA,0.959700893034216
"CV1",2,NA,"Raw","M2","ABR33","M. sacchariflorus",56,0.279121418115733,0.469014263245593
"CV1",2,NA,"Raw","M2","ABR33","M. sinensis",47,0.247343961196376,0.825152602075198
"CV1",2,NA,"Raw","M2","ABR33","M. x gig",22,0.277265990279787,1.30983771880093
"CV1",2,NA,"Raw","M2","JKI","M. sacchariflorus",56,0.108530211780751,0.397808113065003
"CV1",2,NA,"Raw","M2","JKI","M. sinensis",46,0.294351209612627,0.49955474914344
"CV1",2,NA,"Raw","M2","JKI","M. x gig",22,0.508123702095732,0.73497135766833
"CV1",2,NA,"Raw","M3","ABR33","M. sacchariflorus",56,0.283882689125862,0.39201012588027
"CV1",2,NA,"Raw","M3","ABR33","M. sinensis",47,0.265340720285966,0.830236277230396
"CV1",2,NA,"Raw","M3","ABR33","M. x gig",22,0.263767893992436,1.26159244736289
"CV1",2,NA,"Raw","M3","JKI","M. sacchariflorus",56,0.176951865206594,0.385380099173323
"CV1",2,NA,"Raw","M3","JKI","M. sinensis",46,0.281477982948102,0.444523900320366
"CV1",2,NA,"Raw","M3","JKI","M. x gig",22,0.561684321036292,0.724911482581208
"CV1",3,NA,"Group_adjusted","M1","ABR33","M. sacchariflorus",56,NA,0.39760975699102
"CV1",3,NA,"Group_adjusted","M1","ABR33","M. sinensis",47,NA,0.854305516479199
"CV1",3,NA,"Group_adjusted","M1","ABR33","M. x gig",22,NA,1.15929522392425
"CV1",3,NA,"Group_adjusted","M1","JKI","M. sacchariflorus",56,NA,0.39630397238506
"CV1",3,NA,"Group_adjusted","M1","JKI","M. sinensis",46,NA,0.467804894481015
"CV1",3,NA,"Group_adjusted","M1","JKI","M. x gig",22,NA,0.7012603233618
"CV1",3,NA,"Group_adjusted","M2","ABR33","M. sacchariflorus",56,-0.0863159131743347,0.387305554312505
"CV1",3,NA,"Group_adjusted","M2","ABR33","M. sinensis",47,0.188909860688896,0.830742974626335
"CV1",3,NA,"Group_adjusted","M2","ABR33","M. x gig",22,-0.0872300579891035,1.12391019504148
"CV1",3,NA,"Group_adjusted","M2","JKI","M. sacchariflorus",56,0.0881297742775008,0.385500335937666
"CV1",3,NA,"Group_adjusted","M2","JKI","M. sinensis",46,0.124060666640877,0.450073890179185
"CV1",3,NA,"Group_adjusted","M2","JKI","M. x gig",22,0.386199385821277,0.634071652900793
"CV1",3,NA,"Group_adjusted","M3","ABR33","M. sacchariflorus",56,-0.0237280754050116,0.385618471949626
"CV1",3,NA,"Group_adjusted","M3","ABR33","M. sinensis",47,0.270198081729568,0.820620704160812
"CV1",3,NA,"Group_adjusted","M3","ABR33","M. x gig",22,-0.0165896406254288,1.11661666071625
"CV1",3,NA,"Group_adjusted","M3","JKI","M. sacchariflorus",56,0.136134405074938,0.383190669510266
"CV1",3,NA,"Group_adjusted","M3","JKI","M. sinensis",46,0.149554728739647,0.448684750156987
"CV1",3,NA,"Group_adjusted","M3","JKI","M. x gig",22,0.450992962277684,0.618478671406135
"CV1",3,NA,"Raw","M1","ABR33","M. sacchariflorus",56,NA,0.625251505423776
"CV1",3,NA,"Raw","M1","ABR33","M. sinensis",47,NA,0.857743681156126
"CV1",3,NA,"Raw","M1","ABR33","M. x gig",22,NA,1.514049566165
"CV1",3,NA,"Raw","M1","JKI","M. sacchariflorus",56,NA,0.404778559971094
"CV1",3,NA,"Raw","M1","JKI","M. sinensis",46,NA,0.495802295986644
"CV1",3,NA,"Raw","M1","JKI","M. x gig",22,NA,0.961965728426564
"CV1",3,NA,"Raw","M2","ABR33","M. sacchariflorus",56,0.17744605819753,0.482344450578504
"CV1",3,NA,"Raw","M2","ABR33","M. sinensis",47,0.173599421487229,0.830204250822175
"CV1",3,NA,"Raw","M2","ABR33","M. x gig",22,0.16485427293138,1.31980361353682
"CV1",3,NA,"Raw","M2","JKI","M. sacchariflorus",56,0.0733025098006131,0.401591660682282
"CV1",3,NA,"Raw","M2","JKI","M. sinensis",46,0.22919237843396,0.502713536954382
"CV1",3,NA,"Raw","M2","JKI","M. x gig",22,0.431414363098166,0.738821391120036
"CV1",3,NA,"Raw","M3","ABR33","M. sacchariflorus",56,0.176029229471695,0.411346034596365
"CV1",3,NA,"Raw","M3","ABR33","M. sinensis",47,0.24970312038306,0.828352513202678
"CV1",3,NA,"Raw","M3","ABR33","M. x gig",22,0.189711674379103,1.25929919067205
"CV1",3,NA,"Raw","M3","JKI","M. sacchariflorus",56,0.100984374657884,0.394294047545805
"CV1",3,NA,"Raw","M3","JKI","M. sinensis",46,0.178161549314949,0.453348212616715
"CV1",3,NA,"Raw","M3","JKI","M. x gig",22,0.514042028694403,0.726859558668294
"CV1",4,NA,"Group_adjusted","M1","ABR33","M. sacchariflorus",56,NA,0.391544296121486
"CV1",4,NA,"Group_adjusted","M1","ABR33","M. sinensis",47,NA,0.862165494599195
"CV1",4,NA,"Group_adjusted","M1","ABR33","M. x gig",22,NA,1.14397959958333
"CV1",4,NA,"Group_adjusted","M1","JKI","M. sacchariflorus",56,NA,0.392916006024827
"CV1",4,NA,"Group_adjusted","M1","JKI","M. sinensis",46,NA,0.470192226108154
"CV1",4,NA,"Group_adjusted","M1","JKI","M. x gig",22,NA,0.684017513388212
"CV1",4,NA,"Group_adjusted","M2","ABR33","M. sacchariflorus",56,0.0404599463553528,0.378796990487152
"CV1",4,NA,"Group_adjusted","M2","ABR33","M. sinensis",47,-0.0238731278610329,0.847511701638095
"CV1",4,NA,"Group_adjusted","M2","ABR33","M. x gig",22,-0.161658357747537,1.13083204482531
"CV1",4,NA,"Group_adjusted","M2","JKI","M. sacchariflorus",56,0.142749656999348,0.382459930726284
"CV1",4,NA,"Group_adjusted","M2","JKI","M. sinensis",46,-0.0882851120857585,0.463568359406886
"CV1",4,NA,"Group_adjusted","M2","JKI","M. x gig",22,0.432150365519854,0.628088392922492
"CV1",4,NA,"Group_adjusted","M3","ABR33","M. sacchariflorus",56,0.0497630943324825,0.379619106725598
"CV1",4,NA,"Group_adjusted","M3","ABR33","M. sinensis",47,0.0847355490503705,0.839147020229522
"CV1",4,NA,"Group_adjusted","M3","ABR33","M. x gig",22,-0.116383265000061,1.13149111873006
"CV1",4,NA,"Group_adjusted","M3","JKI","M. sacchariflorus",56,0.183512621371794,0.379954906640235
"CV1",4,NA,"Group_adjusted","M3","JKI","M. sinensis",46,-0.00654337682071149,0.457163389833018
"CV1",4,NA,"Group_adjusted","M3","JKI","M. x gig",22,0.508990995345277,0.607761403302467
"CV1",4,NA,"Raw","M1","ABR33","M. sacchariflorus",56,NA,0.608365214292166
"CV1",4,NA,"Raw","M1","ABR33","M. sinensis",47,NA,0.848653257723083
"CV1",4,NA,"Raw","M1","ABR33","M. x gig",22,NA,1.49455168771343
"CV1",4,NA,"Raw","M1","JKI","M. sacchariflorus",56,NA,0.404368583908193
"CV1",4,NA,"Raw","M1","JKI","M. sinensis",46,NA,0.494103333004009
"CV1",4,NA,"Raw","M1","JKI","M. x gig",22,NA,0.95258010779049
"CV1",4,NA,"Raw","M2","ABR33","M. sacchariflorus",56,0.309050327172114,0.471226186059212
"CV1",4,NA,"Raw","M2","ABR33","M. sinensis",47,0.146741386764007,0.832683724898579
"CV1",4,NA,"Raw","M2","ABR33","M. x gig",22,0.196098567257607,1.30166640756179
"CV1",4,NA,"Raw","M2","JKI","M. sacchariflorus",56,0.0765275633162364,0.401392779774939
"CV1",4,NA,"Raw","M2","JKI","M. sinensis",46,0.106880949598894,0.511859460837223
"CV1",4,NA,"Raw","M2","JKI","M. x gig",22,0.488455609939424,0.724085545637846
"CV1",4,NA,"Raw","M3","ABR33","M. sacchariflorus",56,0.235236122287615,0.402780133719073
"CV1",4,NA,"Raw","M3","ABR33","M. sinensis",47,0.157902466844935,0.839652490012097
"CV1",4,NA,"Raw","M3","ABR33","M. x gig",22,0.142948341260696,1.25986074561462
"CV1",4,NA,"Raw","M3","JKI","M. sacchariflorus",56,0.123473000760441,0.393256373586941
"CV1",4,NA,"Raw","M3","JKI","M. sinensis",46,0.136273397195333,0.456978939685376
"CV1",4,NA,"Raw","M3","JKI","M. x gig",22,0.56306180138211,0.716523833137281
"CV1",5,NA,"Group_adjusted","M1","ABR33","M. sacchariflorus",56,NA,0.39554309050027
"CV1",5,NA,"Group_adjusted","M1","ABR33","M. sinensis",47,NA,0.850448105443679
"CV1",5,NA,"Group_adjusted","M1","ABR33","M. x gig",22,NA,1.13840888833253
"CV1",5,NA,"Group_adjusted","M1","JKI","M. sacchariflorus",56,NA,0.400564685615674
"CV1",5,NA,"Group_adjusted","M1","JKI","M. sinensis",46,NA,0.461367842665902
"CV1",5,NA,"Group_adjusted","M1","JKI","M. x gig",22,NA,0.668190121892954
"CV1",5,NA,"Group_adjusted","M2","ABR33","M. sacchariflorus",56,-0.128418087311081,0.392744804771385
"CV1",5,NA,"Group_adjusted","M2","ABR33","M. sinensis",47,0.146285830052144,0.833453893150255
"CV1",5,NA,"Group_adjusted","M2","ABR33","M. x gig",22,-0.0334002847675601,1.11676470550414
"CV1",5,NA,"Group_adjusted","M2","JKI","M. sacchariflorus",56,0.00879365040716446,0.391189457410032
"CV1",5,NA,"Group_adjusted","M2","JKI","M. sinensis",46,0.0263667465735201,0.455775068558316
"CV1",5,NA,"Group_adjusted","M2","JKI","M. x gig",22,0.496836612575091,0.620428156643792
"CV1",5,NA,"Group_adjusted","M3","ABR33","M. sacchariflorus",56,-0.0588909280152458,0.391082793420705
"CV1",5,NA,"Group_adjusted","M3","ABR33","M. sinensis",47,0.269156355274755,0.8211369784074
"CV1",5,NA,"Group_adjusted","M3","ABR33","M. x gig",22,0.011204149361747,1.11411921111577
"CV1",5,NA,"Group_adjusted","M3","JKI","M. sacchariflorus",56,0.082442490577177,0.38735724911934
"CV1",5,NA,"Group_adjusted","M3","JKI","M. sinensis",46,0.138877287755032,0.44917431978529
"CV1",5,NA,"Group_adjusted","M3","JKI","M. x gig",22,0.522464551843148,0.605807615899573
"CV1",5,NA,"Raw","M1","ABR33","M. sacchariflorus",56,NA,0.611661835602575
"CV1",5,NA,"Raw","M1","ABR33","M. sinensis",47,NA,0.844262482745707
"CV1",5,NA,"Raw","M1","ABR33","M. x gig",22,NA,1.50186472057518
"CV1",5,NA,"Raw","M1","JKI","M. sacchariflorus",56,NA,0.404242508047907
"CV1",5,NA,"Raw","M1","JKI","M. sinensis",46,NA,0.491405089063387
"CV1",5,NA,"Raw","M1","JKI","M. x gig",22,NA,0.950860255441927
"CV1",5,NA,"Raw","M2","ABR33","M. sacchariflorus",56,0.100442237428093,0.492744290740931
"CV1",5,NA,"Raw","M2","ABR33","M. sinensis",47,0.228787650639504,0.82659734599862
"CV1",5,NA,"Raw","M2","ABR33","M. x gig",22,0.278667007847534,1.30519635939425
"CV1",5,NA,"Raw","M2","JKI","M. sacchariflorus",56,0.0126062725220188,0.413065194009742
"CV1",5,NA,"Raw","M2","JKI","M. sinensis",46,0.142694666768507,0.507423679505005
"CV1",5,NA,"Raw","M2","JKI","M. x gig",22,0.52212883322922,0.730791929402081
"CV1",5,NA,"Raw","M3","ABR33","M. sacchariflorus",56,0.123471389545599,0.423424967522454
"CV1",5,NA,"Raw","M3","ABR33","M. sinensis",47,0.301053634582468,0.824759727459102
"CV1",5,NA,"Raw","M3","ABR33","M. x gig",22,0.259129190790261,1.25357502758143
"CV1",5,NA,"Raw","M3","JKI","M. sacchariflorus",56,0.0551278573693687,0.401327771781162
"CV1",5,NA,"Raw","M3","JKI","M. sinensis",46,0.221170366226729,0.451142366074396
"CV1",5,NA,"Raw","M3","JKI","M. x gig",22,0.563153923930154,0.726532734811644
"CV1",6,NA,"Group_adjusted","M1","ABR33","M. sacchariflorus",56,NA,0.38052581990993
"CV1",6,NA,"Group_adjusted","M1","ABR33","M. sinensis",47,NA,0.881859705750579
"CV1",6,NA,"Group_adjusted","M1","ABR33","M. x gig",22,NA,1.12387217760893
"CV1",6,NA,"Group_adjusted","M1","JKI","M. sacchariflorus",56,NA,0.389280263636852
"CV1",6,NA,"Group_adjusted","M1","JKI","M. sinensis",46,NA,0.463037737882838
"CV1",6,NA,"Group_adjusted","M1","JKI","M. x gig",22,NA,0.714649807436334
"CV1",6,NA,"Group_adjusted","M2","ABR33","M. sacchariflorus",56,0.118780898721072,0.375075691261574
"CV1",6,NA,"Group_adjusted","M2","ABR33","M. sinensis",47,-0.170751854208043,0.862964459291612
"CV1",6,NA,"Group_adjusted","M2","ABR33","M. x gig",22,-0.0325085948429384,1.11140061213681
"CV1",6,NA,"Group_adjusted","M2","JKI","M. sacchariflorus",56,0.174591105520031,0.380622101685978
"CV1",6,NA,"Group_adjusted","M2","JKI","M. sinensis",46,0.174117462599013,0.447441416496943
"CV1",6,NA,"Group_adjusted","M2","JKI","M. x gig",22,0.0691727462957768,0.669252146284413
"CV1",6,NA,"Group_adjusted","M3","ABR33","M. sacchariflorus",56,0.0710157076547735,0.380383489319471
"CV1",6,NA,"Group_adjusted","M3","ABR33","M. sinensis",47,-0.0394658675887034,0.852706471057742
"CV1",6,NA,"Group_adjusted","M3","ABR33","M. x gig",22,-0.00507199663803517,1.1115112471117
"CV1",6,NA,"Group_adjusted","M3","JKI","M. sacchariflorus",56,0.175057152283753,0.380512465978637
"CV1",6,NA,"Group_adjusted","M3","JKI","M. sinensis",46,0.186811772180522,0.447132543092589
"CV1",6,NA,"Group_adjusted","M3","JKI","M. x gig",22,0.28219539135329,0.640843351948639
"CV1",6,NA,"Raw","M1","ABR33","M. sacchariflorus",56,NA,0.601680103570033
"CV1",6,NA,"Raw","M1","ABR33","M. sinensis",47,NA,0.847879310164225
"CV1",6,NA,"Raw","M1","ABR33","M. x gig",22,NA,1.48685205599843
"CV1",6,NA,"Raw","M1","JKI","M. sacchariflorus",56,NA,0.400855748066177
"CV1",6,NA,"Raw","M1","JKI","M. sinensis",46,NA,0.491916421449657
"CV1",6,NA,"Raw","M1","JKI","M. x gig",22,NA,0.953600571769747
"CV1",6,NA,"Raw","M2","ABR33","M. sacchariflorus",56,0.276014336128808,0.476639473594761
"CV1",6,NA,"Raw","M2","ABR33","M. sinensis",47,0.0612357877002772,0.839839471622716
"CV1",6,NA,"Raw","M2","ABR33","M. x gig",22,0.186871538153954,1.30140281025282
"CV1",6,NA,"Raw","M2","JKI","M. sacchariflorus",56,0.0950867538056031,0.399989301146059
"CV1",6,NA,"Raw","M2","JKI","M. sinensis",46,0.240348169854131,0.500235616580112
"CV1",6,NA,"Raw","M2","JKI","M. x gig",22,0.324279390646414,0.746411029480142
"CV1",6,NA,"Raw","M3","ABR33","M. sacchariflorus",56,0.189559924295201,0.413310995395715
"CV1",6,NA,"Raw","M3","ABR33","M. sinensis",47,0.0764791550626914,0.849019475327843
"CV1",6,NA,"Raw","M3","ABR33","M. x gig",22,0.162128548903376,1.25569372899729
"CV1",6,NA,"Raw","M3","JKI","M. sacchariflorus",56,0.109437234526726,0.395175649840914
"CV1",6,NA,"Raw","M3","JKI","M. sinensis",46,0.270962727210115,0.446632070314673
"CV1",6,NA,"Raw","M3","JKI","M. x gig",22,0.494821245927578,0.724540907116221
"CV1",7,NA,"Group_adjusted","M1","ABR33","M. sacchariflorus",56,NA,0.380955328506417
"CV1",7,NA,"Group_adjusted","M1","ABR33","M. sinensis",47,NA,0.897997391212094
"CV1",7,NA,"Group_adjusted","M1","ABR33","M. x gig",22,NA,1.12029557882995
"CV1",7,NA,"Group_adjusted","M1","JKI","M. sacchariflorus",56,NA,0.39420062159904
"CV1",7,NA,"Group_adjusted","M1","JKI","M. sinensis",46,NA,0.485755410564194
"CV1",7,NA,"Group_adjusted","M1","JKI","M. x gig",22,NA,0.743968324662908
"CV1",7,NA,"Group_adjusted","M2","ABR33","M. sacchariflorus",56,0.0486257684402634,0.379021357971046
"CV1",7,NA,"Group_adjusted","M2","ABR33","M. sinensis",47,-0.23482316601019,0.873235695910338
"CV1",7,NA,"Group_adjusted","M2","ABR33","M. x gig",22,0.23208721160313,1.08154114634943
"CV1",7,NA,"Group_adjusted","M2","JKI","M. sacchariflorus",56,0.0621949290553227,0.387780601466064
"CV1",7,NA,"Group_adjusted","M2","JKI","M. sinensis",46,-0.25513462750124,0.47665820146387
"CV1",7,NA,"Group_adjusted","M2","JKI","M. x gig",22,-0.109898643521435,0.691250871492617
"CV1",7,NA,"Group_adjusted","M3","ABR33","M. sacchariflorus",56,0.112614616918786,0.37622616374561
"CV1",7,NA,"Group_adjusted","M3","ABR33","M. sinensis",47,-0.107372745663284,0.863279362996
"CV1",7,NA,"Group_adjusted","M3","ABR33","M. x gig",22,0.408168256538149,1.05571515314356
"CV1",7,NA,"Group_adjusted","M3","JKI","M. sacchariflorus",56,0.10369687310172,0.385638949528362
"CV1",7,NA,"Group_adjusted","M3","JKI","M. sinensis",46,-0.266826531830475,0.477330366808545
"CV1",7,NA,"Group_adjusted","M3","JKI","M. x gig",22,0.0986949634513129,0.667518156642602
"CV1",7,NA,"Raw","M1","ABR33","M. sacchariflorus",56,NA,0.607431393023415
"CV1",7,NA,"Raw","M1","ABR33","M. sinensis",47,NA,0.860345381130439
"CV1",7,NA,"Raw","M1","ABR33","M. x gig",22,NA,1.49591093084852
"CV1",7,NA,"Raw","M1","JKI","M. sacchariflorus",56,NA,0.39411540756662
"CV1",7,NA,"Raw","M1","JKI","M. sinensis",46,NA,0.495752744148841
"CV1",7,NA,"Raw","M1","JKI","M. x gig",22,NA,0.955751081564909
"CV1",7,NA,"Raw","M2","ABR33","M. sacchariflorus",56,0.272231386065211,0.471017518790517
"CV1",7,NA,"Raw","M2","ABR33","M. sinensis",47,-0.0922033436117722,0.855491676971111
"CV1",7,NA,"Raw","M2","ABR33","M. x gig",22,0.399223654372495,1.30509395951933
"CV1",7,NA,"Raw","M2","JKI","M. sacchariflorus",56,0.105386822169679,0.398047712482203
"CV1",7,NA,"Raw","M2","JKI","M. sinensis",46,-0.116941845038621,0.528199130358156
"CV1",7,NA,"Raw","M2","JKI","M. x gig",22,0.286678977290613,0.778177051652128
"CV1",7,NA,"Raw","M3","ABR33","M. sacchariflorus",56,0.253812273053252,0.397912864069417
"CV1",7,NA,"Raw","M3","ABR33","M. sinensis",47,-0.0152105823224575,0.863408457196411
"CV1",7,NA,"Raw","M3","ABR33","M. x gig",22,0.49400940721625,1.21694108992554
"CV1",7,NA,"Raw","M3","JKI","M. sacchariflorus",56,0.122261558856393,0.392360039382457
"CV1",7,NA,"Raw","M3","JKI","M. sinensis",46,-0.106133311252215,0.475786299147536
"CV1",7,NA,"Raw","M3","JKI","M. x gig",22,0.464880891101823,0.760248171124752
"CV1",8,NA,"Group_adjusted","M1","ABR33","M. sacchariflorus",56,NA,0.384538668406817
"CV1",8,NA,"Group_adjusted","M1","ABR33","M. sinensis",47,NA,0.84361171088894
"CV1",8,NA,"Group_adjusted","M1","ABR33","M. x gig",22,NA,1.14643535871283
"CV1",8,NA,"Group_adjusted","M1","JKI","M. sacchariflorus",56,NA,0.394264016527892
"CV1",8,NA,"Group_adjusted","M1","JKI","M. sinensis",46,NA,0.464091140660407
"CV1",8,NA,"Group_adjusted","M1","JKI","M. x gig",22,NA,0.682276754245216
"CV1",8,NA,"Group_adjusted","M2","ABR33","M. sacchariflorus",56,0.00980480707133222,0.381981112961179
"CV1",8,NA,"Group_adjusted","M2","ABR33","M. sinensis",47,0.35473637671169,0.822771807699918
"CV1",8,NA,"Group_adjusted","M2","ABR33","M. x gig",22,-0.119900374288802,1.13506225361407
"CV1",8,NA,"Group_adjusted","M2","JKI","M. sacchariflorus",56,0.109350459863786,0.384757527089869
"CV1",8,NA,"Group_adjusted","M2","JKI","M. sinensis",46,0.0550077251145778,0.45448822843382
"CV1",8,NA,"Group_adjusted","M2","JKI","M. x gig",22,0.420660586477647,0.632504682346737
"CV1",8,NA,"Group_adjusted","M3","ABR33","M. sacchariflorus",56,0.0244555879583468,0.383441894701914
"CV1",8,NA,"Group_adjusted","M3","ABR33","M. sinensis",47,0.38203064080554,0.812222784698736
"CV1",8,NA,"Group_adjusted","M3","ABR33","M. x gig",22,-0.0276745587314499,1.1237660595541
"CV1",8,NA,"Group_adjusted","M3","JKI","M. sacchariflorus",56,0.132446340029229,0.3844459587246
"CV1",8,NA,"Group_adjusted","M3","JKI","M. sinensis",46,0.0474787436244349,0.454800595975938
"CV1",8,NA,"Group_adjusted","M3","JKI","M. x gig",22,0.532329826944069,0.611716902777397
"CV1",8,NA,"Raw","M1","ABR33","M. sacchariflorus",56,NA,0.623065181154113
"CV1",8,NA,"Raw","M1","ABR33","M. sinensis",47,NA,0.850855913982244
"CV1",8,NA,"Raw","M1","ABR33","M. x gig",22,NA,1.50549404775925
"CV1",8,NA,"Raw","M1","JKI","M. sacchariflorus",56,NA,0.39827473736205
"CV1",8,NA,"Raw","M1","JKI","M. sinensis",46,NA,0.492887583619917
"CV1",8,NA,"Raw","M1","JKI","M. x gig",22,NA,0.949714917732522
"CV1",8,NA,"Raw","M2","ABR33","M. sacchariflorus",56,0.157262642042512,0.497462686068555
"CV1",8,NA,"Raw","M2","ABR33","M. sinensis",47,0.287023732829632,0.820507251663081
"CV1",8,NA,"Raw","M2","ABR33","M. x gig",22,0.159436298524662,1.32316184912495
"CV1",8,NA,"Raw","M2","JKI","M. sacchariflorus",56,0.130530245234974,0.393892406239226
"CV1",8,NA,"Raw","M2","JKI","M. sinensis",46,0.172475514322711,0.510279866096161
"CV1",8,NA,"Raw","M2","JKI","M. x gig",22,0.470755607579206,0.733766805710496
"CV1",8,NA,"Raw","M3","ABR33","M. sacchariflorus",56,0.167950154296125,0.415493771493001
"CV1",8,NA,"Raw","M3","ABR33","M. sinensis",47,0.318753831084633,0.819822547350389
"CV1",8,NA,"Raw","M3","ABR33","M. x gig",22,0.196439461162346,1.26120577554066
"CV1",8,NA,"Raw","M3","JKI","M. sacchariflorus",56,0.100502452306103,0.397102423726325
"CV1",8,NA,"Raw","M3","JKI","M. sinensis",46,0.123157310458512,0.459195604885489
"CV1",8,NA,"Raw","M3","JKI","M. x gig",22,0.567510366471144,0.719431722077841
"CV1",9,NA,"Group_adjusted","M1","ABR33","M. sacchariflorus",56,NA,0.381145335881669
"CV1",9,NA,"Group_adjusted","M1","ABR33","M. sinensis",47,NA,0.857619928598978
"CV1",9,NA,"Group_adjusted","M1","ABR33","M. x gig",22,NA,1.1513627622888
"CV1",9,NA,"Group_adjusted","M1","JKI","M. sacchariflorus",56,NA,0.394813707722498
"CV1",9,NA,"Group_adjusted","M1","JKI","M. sinensis",46,NA,0.480587934198109
"CV1",9,NA,"Group_adjusted","M1","JKI","M. x gig",22,NA,0.714220204730151
"CV1",9,NA,"Group_adjusted","M2","ABR33","M. sacchariflorus",56,0.0886136891672022,0.377250466452389
"CV1",9,NA,"Group_adjusted","M2","ABR33","M. sinensis",47,0.168230813262408,0.831886385678795
"CV1",9,NA,"Group_adjusted","M2","ABR33","M. x gig",22,0.00235211885072668,1.10628607176255
"CV1",9,NA,"Group_adjusted","M2","JKI","M. sacchariflorus",56,0.0562886062430232,0.388288654383436
"CV1",9,NA,"Group_adjusted","M2","JKI","M. sinensis",46,-0.0859658550276653,0.464350265751595
"CV1",9,NA,"Group_adjusted","M2","JKI","M. x gig",22,0.28891311319895,0.647155048350032
"CV1",9,NA,"Group_adjusted","M3","ABR33","M. sacchariflorus",56,0.138000491371558,0.375213559945239
"CV1",9,NA,"Group_adjusted","M3","ABR33","M. sinensis",47,0.275939376225543,0.818173041021763
"CV1",9,NA,"Group_adjusted","M3","ABR33","M. x gig",22,0.216786488305004,1.08304905571134
"CV1",9,NA,"Group_adjusted","M3","JKI","M. sacchariflorus",56,0.100557485405279,0.386496201801175
"CV1",9,NA,"Group_adjusted","M3","JKI","M. sinensis",46,-0.135672672924279,0.467519906636976
"CV1",9,NA,"Group_adjusted","M3","JKI","M. x gig",22,0.330133148004296,0.638065364442216
"CV1",9,NA,"Raw","M1","ABR33","M. sacchariflorus",56,NA,0.603105975661722
"CV1",9,NA,"Raw","M1","ABR33","M. sinensis",47,NA,0.847822392655842
"CV1",9,NA,"Raw","M1","ABR33","M. x gig",22,NA,1.49196813511697
"CV1",9,NA,"Raw","M1","JKI","M. sacchariflorus",56,NA,0.399736486072267
"CV1",9,NA,"Raw","M1","JKI","M. sinensis",46,NA,0.498420008310737
"CV1",9,NA,"Raw","M1","JKI","M. x gig",22,NA,0.952511192551921
"CV1",9,NA,"Raw","M2","ABR33","M. sacchariflorus",56,0.254065370430544,0.472778885242305
"CV1",9,NA,"Raw","M2","ABR33","M. sinensis",47,0.25252265436314,0.823527370794838
"CV1",9,NA,"Raw","M2","ABR33","M. x gig",22,0.456574724639721,1.28437669874007
"CV1",9,NA,"Raw","M2","JKI","M. sacchariflorus",56,0.0641178356376383,0.40700441918229
"CV1",9,NA,"Raw","M2","JKI","M. sinensis",46,0.132377040999512,0.508284921913062
"CV1",9,NA,"Raw","M2","JKI","M. x gig",22,0.517343117178151,0.735702473786251
"CV1",9,NA,"Raw","M3","ABR33","M. sacchariflorus",56,0.239872673446675,0.401417057540291
"CV1",9,NA,"Raw","M3","ABR33","M. sinensis",47,0.303246946568719,0.819872434589783
"CV1",9,NA,"Raw","M3","ABR33","M. x gig",22,0.533451074878795,1.21222988851623
"CV1",9,NA,"Raw","M3","JKI","M. sacchariflorus",56,0.10045342201168,0.395113961180867
"CV1",9,NA,"Raw","M3","JKI","M. sinensis",46,-0.0192206610777273,0.468393685110781
"CV1",9,NA,"Raw","M3","JKI","M. x gig",22,0.563683708864187,0.73431117148815
"CV1",10,NA,"Group_adjusted","M1","ABR33","M. sacchariflorus",56,NA,0.389193579001944
"CV1",10,NA,"Group_adjusted","M1","ABR33","M. sinensis",47,NA,0.847319712811853
"CV1",10,NA,"Group_adjusted","M1","ABR33","M. x gig",22,NA,1.12767448339068
"CV1",10,NA,"Group_adjusted","M1","JKI","M. sacchariflorus",56,NA,0.395067326933767
"CV1",10,NA,"Group_adjusted","M1","JKI","M. sinensis",46,NA,0.465874228423863
"CV1",10,NA,"Group_adjusted","M1","JKI","M. x gig",22,NA,0.677640331090403
"CV1",10,NA,"Group_adjusted","M2","ABR33","M. sacchariflorus",56,0.0515933242821752,0.379720377850229
"CV1",10,NA,"Group_adjusted","M2","ABR33","M. sinensis",47,0.302243450994528,0.827222386111423
"CV1",10,NA,"Group_adjusted","M2","ABR33","M. x gig",22,0.00741396550685098,1.10763017554043
"CV1",10,NA,"Group_adjusted","M2","JKI","M. sacchariflorus",56,0.0486054155914009,0.388305387855344
"CV1",10,NA,"Group_adjusted","M2","JKI","M. sinensis",46,0.0588774061665732,0.453572015073604
"CV1",10,NA,"Group_adjusted","M2","JKI","M. x gig",22,0.3792855533205,0.632785322412657
"CV1",10,NA,"Group_adjusted","M3","ABR33","M. sacchariflorus",56,0.0791495862360975,0.379402798881984
"CV1",10,NA,"Group_adjusted","M3","ABR33","M. sinensis",47,0.32778163451072,0.818569092522326
"CV1",10,NA,"Group_adjusted","M3","ABR33","M. x gig",22,0.0355276127989141,1.1082187425518
"CV1",10,NA,"Group_adjusted","M3","JKI","M. sacchariflorus",56,0.0886878669041203,0.386962913561696
"CV1",10,NA,"Group_adjusted","M3","JKI","M. sinensis",46,0.00839283228560085,0.45662366546649
"CV1",10,NA,"Group_adjusted","M3","JKI","M. x gig",22,0.42448227804566,0.619170060994986
"CV1",10,NA,"Raw","M1","ABR33","M. sacchariflorus",56,NA,0.610836237544787
"CV1",10,NA,"Raw","M1","ABR33","M. sinensis",47,NA,0.849186479298995
"CV1",10,NA,"Raw","M1","ABR33","M. x gig",22,NA,1.49540943261059
"CV1",10,NA,"Raw","M1","JKI","M. sacchariflorus",56,NA,0.404763323199849
"CV1",10,NA,"Raw","M1","JKI","M. sinensis",46,NA,0.49718829641777
"CV1",10,NA,"Raw","M1","JKI","M. x gig",22,NA,0.956545479494322
"CV1",10,NA,"Raw","M2","ABR33","M. sacchariflorus",56,0.30962845971919,0.474110818861063
"CV1",10,NA,"Raw","M2","ABR33","M. sinensis",47,0.323800002873328,0.82118783573558
"CV1",10,NA,"Raw","M2","ABR33","M. x gig",22,0.308873840211887,1.28163805105563
"CV1",10,NA,"Raw","M2","JKI","M. sacchariflorus",56,0.0597313862270906,0.402983457499745
"CV1",10,NA,"Raw","M2","JKI","M. sinensis",46,0.132584082988755,0.513386185509092
"CV1",10,NA,"Raw","M2","JKI","M. x gig",22,0.401315255028364,0.728586544308854
"CV1",10,NA,"Raw","M3","ABR33","M. sacchariflorus",56,0.277896852366141,0.39773865444032
"CV1",10,NA,"Raw","M3","ABR33","M. sinensis",47,0.340747948947169,0.82111701527415
"CV1",10,NA,"Raw","M3","ABR33","M. x gig",22,0.28028700168851,1.21508398280404
"CV1",10,NA,"Raw","M3","JKI","M. sacchariflorus",56,0.0446974537072337,0.402954170125523
"CV1",10,NA,"Raw","M3","JKI","M. sinensis",46,0.104496136730072,0.461288113082252
"CV1",10,NA,"Raw","M3","JKI","M. x gig",22,0.452772523964851,0.714725874944955
"CV2",1,NA,"Group_adjusted","M1","ABR33","M. sacchariflorus",56,0.232903028953831,0.373173104749652
"CV2",1,NA,"Group_adjusted","M1","ABR33","M. sinensis",46,0.375443536634068,0.796842341205655
"CV2",1,NA,"Group_adjusted","M1","ABR33","M. x gig",22,0.557684034275496,0.985335191101855
"CV2",1,NA,"Group_adjusted","M1","JKI","M. sacchariflorus",56,0.25323827466865,0.377123128672108
"CV2",1,NA,"Group_adjusted","M1","JKI","M. sinensis",46,0.43815642992201,0.423014447769368
"CV2",1,NA,"Group_adjusted","M1","JKI","M. x gig",22,0.564868821091641,0.554743726428597
"CV2",1,NA,"Group_adjusted","M2","ABR33","M. sacchariflorus",56,0.263903054442015,0.372950058849866
"CV2",1,NA,"Group_adjusted","M2","ABR33","M. sinensis",46,0.44474834535495,0.77347210983476
"CV2",1,NA,"Group_adjusted","M2","ABR33","M. x gig",22,0.560148914369682,0.953432262260543
"CV2",1,NA,"Group_adjusted","M2","JKI","M. sacchariflorus",56,0.274539836782228,0.37700977194707
"CV2",1,NA,"Group_adjusted","M2","JKI","M. sinensis",46,0.45031978955387,0.445558114347009
"CV2",1,NA,"Group_adjusted","M2","JKI","M. x gig",22,0.605201295134184,0.552697793329878
"CV2",1,NA,"Group_adjusted","M3","ABR33","M. sacchariflorus",56,0.266682703078445,0.372428940729343
"CV2",1,NA,"Group_adjusted","M3","ABR33","M. sinensis",46,0.499291679043582,0.761701599903615
"CV2",1,NA,"Group_adjusted","M3","ABR33","M. x gig",22,0.585018957804718,0.954559821203965
"CV2",1,NA,"Group_adjusted","M3","JKI","M. sacchariflorus",56,0.321892342169899,0.368010377301604
"CV2",1,NA,"Group_adjusted","M3","JKI","M. sinensis",46,0.456456799592464,0.429299187951496
"CV2",1,NA,"Group_adjusted","M3","JKI","M. x gig",22,0.615843002947477,0.535787389795183
"CV2",1,NA,"Raw","M1","ABR33","M. sacchariflorus",56,0.244838925545987,0.579633793402222
"CV2",1,NA,"Raw","M1","ABR33","M. sinensis",46,0.438780347834439,0.792082211783971
"CV2",1,NA,"Raw","M1","ABR33","M. x gig",22,0.650311584329593,1.1789972851931
"CV2",1,NA,"Raw","M1","JKI","M. sacchariflorus",56,0.257392170310394,0.40355782254575
"CV2",1,NA,"Raw","M1","JKI","M. sinensis",46,0.444150373386162,0.50044064764019
"CV2",1,NA,"Raw","M1","JKI","M. x gig",22,0.611834926424847,0.581070446563852
"CV2",1,NA,"Raw","M2","ABR33","M. sacchariflorus",56,0.32198121908446,0.501016795783511
"CV2",1,NA,"Raw","M2","ABR33","M. sinensis",46,0.466011678251235,0.774676001036129
"CV2",1,NA,"Raw","M2","ABR33","M. x gig",22,0.617158229149693,1.0582736991041
"CV2",1,NA,"Raw","M2","JKI","M. sacchariflorus",56,0.240051646197204,0.448321241473218
"CV2",1,NA,"Raw","M2","JKI","M. sinensis",46,0.458303724202006,0.534681995300166
"CV2",1,NA,"Raw","M2","JKI","M. x gig",22,0.627022100207274,0.566781470623625
"CV2",1,NA,"Raw","M3","ABR33","M. sacchariflorus",56,0.3177848817943,0.397887389857199
"CV2",1,NA,"Raw","M3","ABR33","M. sinensis",46,0.498896719245621,0.753311443158026
"CV2",1,NA,"Raw","M3","ABR33","M. x gig",22,0.638437277152756,1.02639811704591
"CV2",1,NA,"Raw","M3","JKI","M. sacchariflorus",56,0.297894745823008,0.378345922025069
"CV2",1,NA,"Raw","M3","JKI","M. sinensis",46,0.458651635988377,0.460760271353003
"CV2",1,NA,"Raw","M3","JKI","M. x gig",22,0.64047367976731,0.558394601982391
"CV2",2,NA,"Group_adjusted","M1","ABR33","M. sacchariflorus",56,0.224482415428345,0.3728943903146
"CV2",2,NA,"Group_adjusted","M1","ABR33","M. sinensis",46,0.381488517867736,0.797062232532516
"CV2",2,NA,"Group_adjusted","M1","ABR33","M. x gig",22,0.496733406722519,0.998368829845534
"CV2",2,NA,"Group_adjusted","M1","JKI","M. sacchariflorus",56,0.242823924807835,0.378917836795763
"CV2",2,NA,"Group_adjusted","M1","JKI","M. sinensis",46,0.427817430472822,0.429866039370022
"CV2",2,NA,"Group_adjusted","M1","JKI","M. x gig",22,0.423061437506698,0.613089578035831
"CV2",2,NA,"Group_adjusted","M2","ABR33","M. sacchariflorus",56,0.253616789551379,0.373142824969485
"CV2",2,NA,"Group_adjusted","M2","ABR33","M. sinensis",46,0.478228895265186,0.766840649637409
"CV2",2,NA,"Group_adjusted","M2","ABR33","M. x gig",22,0.506956178030429,0.97172207983515
"CV2",2,NA,"Group_adjusted","M2","JKI","M. sacchariflorus",56,0.299768247153179,0.372644369977304
"CV2",2,NA,"Group_adjusted","M2","JKI","M. sinensis",46,0.44763137062501,0.451728982770032
"CV2",2,NA,"Group_adjusted","M2","JKI","M. x gig",22,0.538302778104253,0.576670853171482
"CV2",2,NA,"Group_adjusted","M3","ABR33","M. sacchariflorus",56,0.259389052145236,0.371985384304046
"CV2",2,NA,"Group_adjusted","M3","ABR33","M. sinensis",46,0.522029966035917,0.75785051697632
"CV2",2,NA,"Group_adjusted","M3","ABR33","M. x gig",22,0.484134836498622,0.984628912948858
"CV2",2,NA,"Group_adjusted","M3","JKI","M. sacchariflorus",56,0.322425852234821,0.367953617290586
"CV2",2,NA,"Group_adjusted","M3","JKI","M. sinensis",46,0.423670237232924,0.443694976179878
"CV2",2,NA,"Group_adjusted","M3","JKI","M. x gig",22,0.554099963377644,0.561626265934599
"CV2",2,NA,"Raw","M1","ABR33","M. sacchariflorus",56,0.303345901183623,0.555574550712319
"CV2",2,NA,"Raw","M1","ABR33","M. sinensis",46,0.428610927460001,0.796081277701965
"CV2",2,NA,"Raw","M1","ABR33","M. x gig",22,0.641512903797695,1.16716949399691
"CV2",2,NA,"Raw","M1","JKI","M. sacchariflorus",56,0.253555521942609,0.401567131478224
"CV2",2,NA,"Raw","M1","JKI","M. sinensis",46,0.447088215942057,0.50528696373308
"CV2",2,NA,"Raw","M1","JKI","M. x gig",22,0.574173171739498,0.60928691921609
"CV2",2,NA,"Raw","M2","ABR33","M. sacchariflorus",56,0.354075004407217,0.486865563416258
"CV2",2,NA,"Raw","M2","ABR33","M. sinensis",46,0.490129358407985,0.770390399681607
"CV2",2,NA,"Raw","M2","ABR33","M. x gig",22,0.588980183509065,1.05927003799273
"CV2",2,NA,"Raw","M2","JKI","M. sacchariflorus",56,0.262575245301972,0.442242468785012
"CV2",2,NA,"Raw","M2","JKI","M. sinensis",46,0.461582184933144,0.540267886585807
"CV2",2,NA,"Raw","M2","JKI","M. x gig",22,0.614729377256762,0.555125539422717
"CV2",2,NA,"Raw","M3","ABR33","M. sacchariflorus",56,0.3320230381528,0.390181383120106
"CV2",2,NA,"Raw","M3","ABR33","M. sinensis",46,0.51287268251,0.749445828373516
"CV2",2,NA,"Raw","M3","ABR33","M. x gig",22,0.558129904381086,1.02920341433279
"CV2",2,NA,"Raw","M3","JKI","M. sacchariflorus",56,0.310587928373552,0.375482677151054
"CV2",2,NA,"Raw","M3","JKI","M. sinensis",46,0.4297249930172,0.47453959762683
"CV2",2,NA,"Raw","M3","JKI","M. x gig",22,0.628119153504933,0.558531568626699
"CV2",3,NA,"Group_adjusted","M1","ABR33","M. sacchariflorus",56,0.277526257308257,0.364642373735221
"CV2",3,NA,"Group_adjusted","M1","ABR33","M. sinensis",46,0.319105631106987,0.807346064673848
"CV2",3,NA,"Group_adjusted","M1","ABR33","M. x gig",22,0.374965563558457,1.03271344087462
"CV2",3,NA,"Group_adjusted","M1","JKI","M. sacchariflorus",56,0.252873013807116,0.377471443110739
"CV2",3,NA,"Group_adjusted","M1","JKI","M. sinensis",46,0.433843323265815,0.427418454243034
"CV2",3,NA,"Group_adjusted","M1","JKI","M. x gig",22,0.542298762223996,0.561635184742668
"CV2",3,NA,"Group_adjusted","M2","ABR33","M. sacchariflorus",56,0.298644435168654,0.364466759814957
"CV2",3,NA,"Group_adjusted","M2","ABR33","M. sinensis",46,0.397533828928333,0.786161426619301
"CV2",3,NA,"Group_adjusted","M2","ABR33","M. x gig",22,0.440309094808451,0.999686729628651
"CV2",3,NA,"Group_adjusted","M2","JKI","M. sacchariflorus",56,0.283735950160066,0.375497553649013
"CV2",3,NA,"Group_adjusted","M2","JKI","M. sinensis",46,0.450112300561664,0.44904080405437
"CV2",3,NA,"Group_adjusted","M2","JKI","M. x gig",22,0.607400821771668,0.536579162703281
"CV2",3,NA,"Group_adjusted","M3","ABR33","M. sacchariflorus",56,0.322605339672582,0.360282497775363
"CV2",3,NA,"Group_adjusted","M3","ABR33","M. sinensis",46,0.418440388982957,0.781887401668567
"CV2",3,NA,"Group_adjusted","M3","ABR33","M. x gig",22,0.422654590024278,1.00727869052855
"CV2",3,NA,"Group_adjusted","M3","JKI","M. sacchariflorus",56,0.306084833924448,0.371616296335582
"CV2",3,NA,"Group_adjusted","M3","JKI","M. sinensis",46,0.453226234507623,0.433359921810042
"CV2",3,NA,"Group_adjusted","M3","JKI","M. x gig",22,0.623679123591907,0.52374683043088
"CV2",3,NA,"Raw","M1","ABR33","M. sacchariflorus",56,0.305055493224746,0.568039259246024
"CV2",3,NA,"Raw","M1","ABR33","M. sinensis",46,0.409552503179094,0.801297910848805
"CV2",3,NA,"Raw","M1","ABR33","M. x gig",22,0.543144762305414,1.18837167131778
"CV2",3,NA,"Raw","M1","JKI","M. sacchariflorus",56,0.277891108490482,0.396271840463063
"CV2",3,NA,"Raw","M1","JKI","M. sinensis",46,0.421995081078879,0.522104833941122
"CV2",3,NA,"Raw","M1","JKI","M. x gig",22,0.588489444633826,0.591885887018294
"CV2",3,NA,"Raw","M2","ABR33","M. sacchariflorus",56,0.369569068573927,0.487305466115574
"CV2",3,NA,"Raw","M2","ABR33","M. sinensis",46,0.440156609383736,0.785891922928806
"CV2",3,NA,"Raw","M2","ABR33","M. x gig",22,0.557835207476092,1.07447004744182
"CV2",3,NA,"Raw","M2","JKI","M. sacchariflorus",56,0.281212184537909,0.437875323204181
"CV2",3,NA,"Raw","M2","JKI","M. sinensis",46,0.450132224838087,0.550007630729274
"CV2",3,NA,"Raw","M2","JKI","M. x gig",22,0.641034055898572,0.538550928488484
"CV2",3,NA,"Raw","M3","ABR33","M. sacchariflorus",56,0.384728449872776,0.378027563020411
"CV2",3,NA,"Raw","M3","ABR33","M. sinensis",46,0.428048566758434,0.77240512518669
"CV2",3,NA,"Raw","M3","ABR33","M. x gig",22,0.521825028707592,1.0519024294002
"CV2",3,NA,"Raw","M3","JKI","M. sacchariflorus",56,0.279886367009985,0.383205736374279
"CV2",3,NA,"Raw","M3","JKI","M. sinensis",46,0.448752245047113,0.470102621891448
"CV2",3,NA,"Raw","M3","JKI","M. x gig",22,0.668055199832051,0.524757310195654
"CV2",4,NA,"Group_adjusted","M1","ABR33","M. sacchariflorus",56,0.265348607048182,0.366434396110954
"CV2",4,NA,"Group_adjusted","M1","ABR33","M. sinensis",46,0.323327519682239,0.807195442189375
"CV2",4,NA,"Group_adjusted","M1","ABR33","M. x gig",22,0.508989430146461,1.00524231692661
"CV2",4,NA,"Group_adjusted","M1","JKI","M. sacchariflorus",56,0.276151062055893,0.372396715237289
"CV2",4,NA,"Group_adjusted","M1","JKI","M. sinensis",46,0.412229103600517,0.429362521427
"CV2",4,NA,"Group_adjusted","M1","JKI","M. x gig",22,0.523428872959996,0.568385874449182
"CV2",4,NA,"Group_adjusted","M2","ABR33","M. sacchariflorus",56,0.292144991494022,0.366054729536996
"CV2",4,NA,"Group_adjusted","M2","ABR33","M. sinensis",46,0.378088518424571,0.78967318703364
"CV2",4,NA,"Group_adjusted","M2","ABR33","M. x gig",22,0.517735307666082,0.974385464140091
"CV2",4,NA,"Group_adjusted","M2","JKI","M. sacchariflorus",56,0.332271075907404,0.365948368925546
"CV2",4,NA,"Group_adjusted","M2","JKI","M. sinensis",46,0.416378823232242,0.456488988372276
"CV2",4,NA,"Group_adjusted","M2","JKI","M. x gig",22,0.614590150559775,0.528094146583189
"CV2",4,NA,"Group_adjusted","M3","ABR33","M. sacchariflorus",56,0.323589005938901,0.359739443330378
"CV2",4,NA,"Group_adjusted","M3","ABR33","M. sinensis",46,0.442000336228285,0.774927941469392
"CV2",4,NA,"Group_adjusted","M3","ABR33","M. x gig",22,0.579275857780677,0.956465859901608
"CV2",4,NA,"Group_adjusted","M3","JKI","M. sacchariflorus",56,0.329971180455573,0.365954503491783
"CV2",4,NA,"Group_adjusted","M3","JKI","M. sinensis",46,0.420402889667051,0.44362496209182
"CV2",4,NA,"Group_adjusted","M3","JKI","M. x gig",22,0.638532544153544,0.513349035070955
"CV2",4,NA,"Raw","M1","ABR33","M. sacchariflorus",56,0.284055382341899,0.563529860597663
"CV2",4,NA,"Raw","M1","ABR33","M. sinensis",46,0.432313286021624,0.798568206670522
"CV2",4,NA,"Raw","M1","ABR33","M. x gig",22,0.62610671719732,1.17347673592143
"CV2",4,NA,"Raw","M1","JKI","M. sacchariflorus",56,0.29057669293915,0.395543670311694
"CV2",4,NA,"Raw","M1","JKI","M. sinensis",46,0.462354075136666,0.489141803029743
"CV2",4,NA,"Raw","M1","JKI","M. x gig",22,0.619575793985936,0.57680651970518
"CV2",4,NA,"Raw","M2","ABR33","M. sacchariflorus",56,0.359036537623911,0.486535189520218
"CV2",4,NA,"Raw","M2","ABR33","M. sinensis",46,0.462080425100627,0.780553188227706
"CV2",4,NA,"Raw","M2","ABR33","M. x gig",22,0.621764439780314,1.04882897101268
"CV2",4,NA,"Raw","M2","JKI","M. sacchariflorus",56,0.298039669850769,0.43385997860792
"CV2",4,NA,"Raw","M2","JKI","M. sinensis",46,0.464293709730214,0.525154715051612
"CV2",4,NA,"Raw","M2","JKI","M. x gig",22,0.66834644956797,0.522083168246686
"CV2",4,NA,"Raw","M3","ABR33","M. sacchariflorus",56,0.369661793702012,0.380144374746525
"CV2",4,NA,"Raw","M3","ABR33","M. sinensis",46,0.477275772575997,0.757646627251757
"CV2",4,NA,"Raw","M3","ABR33","M. x gig",22,0.663631078157298,0.988181615983222
"CV2",4,NA,"Raw","M3","JKI","M. sacchariflorus",56,0.318667775218363,0.372769823568712
"CV2",4,NA,"Raw","M3","JKI","M. sinensis",46,0.448593204204645,0.467486086546893
"CV2",4,NA,"Raw","M3","JKI","M. x gig",22,0.687201086913214,0.51212987946406
"CV2",5,NA,"Group_adjusted","M1","ABR33","M. sacchariflorus",56,0.221342296215141,0.374421756103929
"CV2",5,NA,"Group_adjusted","M1","ABR33","M. sinensis",46,0.42821340092563,0.791789694721283
"CV2",5,NA,"Group_adjusted","M1","ABR33","M. x gig",22,0.561925984021397,0.986355379869032
"CV2",5,NA,"Group_adjusted","M1","JKI","M. sacchariflorus",56,0.19818551974742,0.38696485416704
"CV2",5,NA,"Group_adjusted","M1","JKI","M. sinensis",46,0.454174844401741,0.417934121441833
"CV2",5,NA,"Group_adjusted","M1","JKI","M. x gig",22,0.556925995198123,0.553830118088123
"CV2",5,NA,"Group_adjusted","M2","ABR33","M. sacchariflorus",56,0.259469633491594,0.372315477670766
"CV2",5,NA,"Group_adjusted","M2","ABR33","M. sinensis",46,0.488617135702786,0.768376865419427
"CV2",5,NA,"Group_adjusted","M2","ABR33","M. x gig",22,0.545143014333932,0.962094124639417
"CV2",5,NA,"Group_adjusted","M2","JKI","M. sacchariflorus",56,0.229566227130371,0.38766040752203
"CV2",5,NA,"Group_adjusted","M2","JKI","M. sinensis",46,0.453926002234946,0.446493797095589
"CV2",5,NA,"Group_adjusted","M2","JKI","M. x gig",22,0.619192048951748,0.527948558346693
"CV2",5,NA,"Group_adjusted","M3","ABR33","M. sacchariflorus",56,0.241976772818002,0.374065389618675
"CV2",5,NA,"Group_adjusted","M3","ABR33","M. sinensis",46,0.545059875273996,0.757057881335816
"CV2",5,NA,"Group_adjusted","M3","ABR33","M. x gig",22,0.532548008530927,0.974559239237038
"CV2",5,NA,"Group_adjusted","M3","JKI","M. sacchariflorus",56,0.204870825806518,0.390087764168912
"CV2",5,NA,"Group_adjusted","M3","JKI","M. sinensis",46,0.470180783381248,0.423494174148844
"CV2",5,NA,"Group_adjusted","M3","JKI","M. x gig",22,0.647867450280137,0.50799529735207
"CV2",5,NA,"Raw","M1","ABR33","M. sacchariflorus",56,0.261314254198987,0.572535121889412
"CV2",5,NA,"Raw","M1","ABR33","M. sinensis",46,0.472392836509064,0.787497608296123
"CV2",5,NA,"Raw","M1","ABR33","M. x gig",22,0.613449291252937,1.17060270331213
"CV2",5,NA,"Raw","M1","JKI","M. sacchariflorus",56,0.224703738616653,0.408260028894074
"CV2",5,NA,"Raw","M1","JKI","M. sinensis",46,0.458029887796932,0.498148602888017
"CV2",5,NA,"Raw","M1","JKI","M. x gig",22,0.603928060092894,0.581157199533839
"CV2",5,NA,"Raw","M2","ABR33","M. sacchariflorus",56,0.352059814787512,0.493356851371544
"CV2",5,NA,"Raw","M2","ABR33","M. sinensis",46,0.503641689657215,0.769279526337376
"CV2",5,NA,"Raw","M2","ABR33","M. x gig",22,0.591512080666219,1.06210093639014
"CV2",5,NA,"Raw","M2","JKI","M. sacchariflorus",56,0.242540029978584,0.446599762089523
"CV2",5,NA,"Raw","M2","JKI","M. sinensis",46,0.463602251043969,0.537857478774246
"CV2",5,NA,"Raw","M2","JKI","M. x gig",22,0.647787288767331,0.534267379904277
"CV2",5,NA,"Raw","M3","ABR33","M. sacchariflorus",56,0.298335627927765,0.401515391699297
"CV2",5,NA,"Raw","M3","ABR33","M. sinensis",46,0.545136873351644,0.741599963170498
"CV2",5,NA,"Raw","M3","ABR33","M. x gig",22,0.581739615951894,1.01978913338749
"CV2",5,NA,"Raw","M3","JKI","M. sacchariflorus",56,0.190350282615261,0.402348110715619
"CV2",5,NA,"Raw","M3","JKI","M. sinensis",46,0.477444916797348,0.452592656236671
"CV2",5,NA,"Raw","M3","JKI","M. x gig",22,0.683988589956636,0.508229946215538
"CV2",6,NA,"Group_adjusted","M1","ABR33","M. sacchariflorus",56,0.180518479429932,0.377905086284581
"CV2",6,NA,"Group_adjusted","M1","ABR33","M. sinensis",46,0.379701585505168,0.798596288412826
"CV2",6,NA,"Group_adjusted","M1","ABR33","M. x gig",22,0.267730821948187,1.06365139178983
"CV2",6,NA,"Group_adjusted","M1","JKI","M. sacchariflorus",56,0.250200396588605,0.375837684930973
"CV2",6,NA,"Group_adjusted","M1","JKI","M. sinensis",46,0.393323276743366,0.434995474682005
"CV2",6,NA,"Group_adjusted","M1","JKI","M. x gig",22,0.473762758503813,0.595431660131271
"CV2",6,NA,"Group_adjusted","M2","ABR33","M. sacchariflorus",56,0.240146650838649,0.373815756315791
"CV2",6,NA,"Group_adjusted","M2","ABR33","M. sinensis",46,0.445644144119907,0.775750911455851
"CV2",6,NA,"Group_adjusted","M2","ABR33","M. x gig",22,0.364479951296761,1.02850967916635
"CV2",6,NA,"Group_adjusted","M2","JKI","M. sacchariflorus",56,0.286755819663875,0.373082029931873
"CV2",6,NA,"Group_adjusted","M2","JKI","M. sinensis",46,0.434362584030518,0.445645353888068
"CV2",6,NA,"Group_adjusted","M2","JKI","M. x gig",22,0.559399058303159,0.567499342806675
"CV2",6,NA,"Group_adjusted","M3","ABR33","M. sacchariflorus",56,0.253446733989984,0.371325897841903
"CV2",6,NA,"Group_adjusted","M3","ABR33","M. sinensis",46,0.499064544630624,0.763304727266275
"CV2",6,NA,"Group_adjusted","M3","ABR33","M. x gig",22,0.376442401994765,1.02370904694703
"CV2",6,NA,"Group_adjusted","M3","JKI","M. sacchariflorus",56,0.308955271236998,0.3688669944302
"CV2",6,NA,"Group_adjusted","M3","JKI","M. sinensis",46,0.433059462195165,0.435013981948679
"CV2",6,NA,"Group_adjusted","M3","JKI","M. x gig",22,0.60566178476455,0.535910945950042
"CV2",6,NA,"Raw","M1","ABR33","M. sacchariflorus",56,0.227787304512629,0.580852490729563
"CV2",6,NA,"Raw","M1","ABR33","M. sinensis",46,0.40989832323843,0.798581341184707
"CV2",6,NA,"Raw","M1","ABR33","M. x gig",22,0.491652187846436,1.24720334016958
"CV2",6,NA,"Raw","M1","JKI","M. sacchariflorus",56,0.220253977930966,0.406678720144521
"CV2",6,NA,"Raw","M1","JKI","M. sinensis",46,0.415844620289383,0.497989180940049
"CV2",6,NA,"Raw","M1","JKI","M. x gig",22,0.547860392254413,0.625512219364363
"CV2",6,NA,"Raw","M2","ABR33","M. sacchariflorus",56,0.3359388191399,0.494147340911202
"CV2",6,NA,"Raw","M2","ABR33","M. sinensis",46,0.470190236730827,0.775372583670067
"CV2",6,NA,"Raw","M2","ABR33","M. x gig",22,0.573798899115156,1.08818341931855
"CV2",6,NA,"Raw","M2","JKI","M. sacchariflorus",56,0.256652247900718,0.440240020813076
"CV2",6,NA,"Raw","M2","JKI","M. sinensis",46,0.457184865996292,0.526018988206511
"CV2",6,NA,"Raw","M2","JKI","M. x gig",22,0.619434367838417,0.546463265505744
"CV2",6,NA,"Raw","M3","ABR33","M. sacchariflorus",56,0.354355853589465,0.383457258369487
"CV2",6,NA,"Raw","M3","ABR33","M. sinensis",46,0.503317322804487,0.753494872553244
"CV2",6,NA,"Raw","M3","ABR33","M. x gig",22,0.529680000633128,1.05377156463086
"CV2",6,NA,"Raw","M3","JKI","M. sacchariflorus",56,0.278773627590041,0.3780686064281
"CV2",6,NA,"Raw","M3","JKI","M. sinensis",46,0.446637144920972,0.45863491688982
"CV2",6,NA,"Raw","M3","JKI","M. x gig",22,0.667360489948793,0.525378457735797
"CV2",7,NA,"Group_adjusted","M1","ABR33","M. sacchariflorus",56,0.282966431567775,0.362995613519352
"CV2",7,NA,"Group_adjusted","M1","ABR33","M. sinensis",46,0.411184963957337,0.791371692100519
"CV2",7,NA,"Group_adjusted","M1","ABR33","M. x gig",22,0.316113933021578,1.0470852732564
"CV2",7,NA,"Group_adjusted","M1","JKI","M. sacchariflorus",56,0.274091160727437,0.372880021860396
"CV2",7,NA,"Group_adjusted","M1","JKI","M. sinensis",46,0.397435022935567,0.437626329115235
"CV2",7,NA,"Group_adjusted","M1","JKI","M. x gig",22,0.497901724243129,0.579202194129075
"CV2",7,NA,"Group_adjusted","M2","ABR33","M. sacchariflorus",56,0.312636846773446,0.3609910952002
"CV2",7,NA,"Group_adjusted","M2","ABR33","M. sinensis",46,0.483839342785858,0.767854933075803
"CV2",7,NA,"Group_adjusted","M2","ABR33","M. x gig",22,0.369798850376271,1.02427116329877
"CV2",7,NA,"Group_adjusted","M2","JKI","M. sacchariflorus",56,0.304969166743541,0.370624652131092
"CV2",7,NA,"Group_adjusted","M2","JKI","M. sinensis",46,0.423393556900166,0.454931994347503
"CV2",7,NA,"Group_adjusted","M2","JKI","M. x gig",22,0.58753427639801,0.543503559206494
"CV2",7,NA,"Group_adjusted","M3","ABR33","M. sacchariflorus",56,0.333964486851081,0.357339129199851
"CV2",7,NA,"Group_adjusted","M3","ABR33","M. sinensis",46,0.50567247683341,0.76398552711721
"CV2",7,NA,"Group_adjusted","M3","ABR33","M. x gig",22,0.406653883328043,1.01269795445227
"CV2",7,NA,"Group_adjusted","M3","JKI","M. sacchariflorus",56,0.31797026691591,0.368346925806203
"CV2",7,NA,"Group_adjusted","M3","JKI","M. sinensis",46,0.403844929021861,0.449683968399655
"CV2",7,NA,"Group_adjusted","M3","JKI","M. x gig",22,0.619844267243007,0.524053876272052
"CV2",7,NA,"Raw","M1","ABR33","M. sacchariflorus",56,0.312885053917983,0.571165022868685
"CV2",7,NA,"Raw","M1","ABR33","M. sinensis",46,0.472080280736824,0.783853778814997
"CV2",7,NA,"Raw","M1","ABR33","M. x gig",22,0.593475112038256,1.18614204479832
"CV2",7,NA,"Raw","M1","JKI","M. sacchariflorus",56,0.277817556623709,0.3945893121796
"CV2",7,NA,"Raw","M1","JKI","M. sinensis",46,0.426409668558807,0.51108191711299
"CV2",7,NA,"Raw","M1","JKI","M. x gig",22,0.600591417000854,0.597272805535217
"CV2",7,NA,"Raw","M2","ABR33","M. sacchariflorus",56,0.37840011512089,0.493509551103138
"CV2",7,NA,"Raw","M2","ABR33","M. sinensis",46,0.499249403458095,0.767672927373469
"CV2",7,NA,"Raw","M2","ABR33","M. x gig",22,0.579775373562305,1.06887150691767
"CV2",7,NA,"Raw","M2","JKI","M. sacchariflorus",56,0.279462848038009,0.436602402702494
"CV2",7,NA,"Raw","M2","JKI","M. sinensis",46,0.448902501843618,0.541227227932271
"CV2",7,NA,"Raw","M2","JKI","M. x gig",22,0.628258948782917,0.550910618959444
"CV2",7,NA,"Raw","M3","ABR33","M. sacchariflorus",56,0.369748812054748,0.384164664802354
"CV2",7,NA,"Raw","M3","ABR33","M. sinensis",46,0.518798985596099,0.75043947313055
"CV2",7,NA,"Raw","M3","ABR33","M. x gig",22,0.617479408370794,0.998189516438312
"CV2",7,NA,"Raw","M3","JKI","M. sacchariflorus",56,0.314399016970558,0.372965395658801
"CV2",7,NA,"Raw","M3","JKI","M. sinensis",46,0.42893379796789,0.475059019318196
"CV2",7,NA,"Raw","M3","JKI","M. x gig",22,0.659977264493926,0.536547467125789
"CV2",8,NA,"Group_adjusted","M1","ABR33","M. sacchariflorus",56,0.234247311853304,0.37243385996756
"CV2",8,NA,"Group_adjusted","M1","ABR33","M. sinensis",46,0.383009322355336,0.798625256652753
"CV2",8,NA,"Group_adjusted","M1","ABR33","M. x gig",22,-0.1380841931128,1.17831264859803
"CV2",8,NA,"Group_adjusted","M1","JKI","M. sacchariflorus",56,0.238980882749736,0.37699373688875
"CV2",8,NA,"Group_adjusted","M1","JKI","M. sinensis",46,0.42007433382188,0.42705770391235
"CV2",8,NA,"Group_adjusted","M1","JKI","M. x gig",22,0.58664392538426,0.540844478952086
"CV2",8,NA,"Group_adjusted","M2","ABR33","M. sacchariflorus",56,0.262578440134219,0.373640246813829
"CV2",8,NA,"Group_adjusted","M2","ABR33","M. sinensis",46,0.416487134276687,0.782044215317648
"CV2",8,NA,"Group_adjusted","M2","ABR33","M. x gig",22,0.0265779567205083,1.14513564559818
"CV2",8,NA,"Group_adjusted","M2","JKI","M. sacchariflorus",56,0.29662670993838,0.371194361642737
"CV2",8,NA,"Group_adjusted","M2","JKI","M. sinensis",46,0.44076762534798,0.45106259559265
"CV2",8,NA,"Group_adjusted","M2","JKI","M. x gig",22,0.640720357262543,0.513669321520338
"CV2",8,NA,"Group_adjusted","M3","ABR33","M. sacchariflorus",56,0.298312541647042,0.366342563908409
"CV2",8,NA,"Group_adjusted","M3","ABR33","M. sinensis",46,0.436649383329057,0.775974023599963
"CV2",8,NA,"Group_adjusted","M3","ABR33","M. x gig",22,-0.0410970603613401,1.16155676151655
"CV2",8,NA,"Group_adjusted","M3","JKI","M. sacchariflorus",56,0.291694454685449,0.371717750516117
"CV2",8,NA,"Group_adjusted","M3","JKI","M. sinensis",46,0.435035402655843,0.43736503821112
"CV2",8,NA,"Group_adjusted","M3","JKI","M. x gig",22,0.679313539039088,0.489800123450186
"CV2",8,NA,"Raw","M1","ABR33","M. sacchariflorus",56,0.247869120727866,0.586089766555367
"CV2",8,NA,"Raw","M1","ABR33","M. sinensis",46,0.47854482305341,0.787406193038649
"CV2",8,NA,"Raw","M1","ABR33","M. x gig",22,0.297722935972617,1.29187755167101
"CV2",8,NA,"Raw","M1","JKI","M. sacchariflorus",56,0.277248676517817,0.401398340994815
"CV2",8,NA,"Raw","M1","JKI","M. sinensis",46,0.474749862757669,0.482840361463503
"CV2",8,NA,"Raw","M1","JKI","M. x gig",22,0.624709065247995,0.565382879421331
"CV2",8,NA,"Raw","M2","ABR33","M. sacchariflorus",56,0.331949975295108,0.501416230027089
"CV2",8,NA,"Raw","M2","ABR33","M. sinensis",46,0.493838259919586,0.772248208446583
"CV2",8,NA,"Raw","M2","ABR33","M. x gig",22,0.416253440998299,1.15598911999128
"CV2",8,NA,"Raw","M2","JKI","M. sacchariflorus",56,0.287733546059597,0.439639386154326
"CV2",8,NA,"Raw","M2","JKI","M. sinensis",46,0.49227225788487,0.520759263478979
"CV2",8,NA,"Raw","M2","JKI","M. x gig",22,0.651803804714571,0.53951331453271
"CV2",8,NA,"Raw","M3","ABR33","M. sacchariflorus",56,0.340221347075265,0.392058189498493
"CV2",8,NA,"Raw","M3","ABR33","M. sinensis",46,0.479024223720808,0.759378519567011
"CV2",8,NA,"Raw","M3","ABR33","M. x gig",22,0.31018647217684,1.15566347317573
"CV2",8,NA,"Raw","M3","JKI","M. sacchariflorus",56,0.271905255370418,0.382535807214425
"CV2",8,NA,"Raw","M3","JKI","M. sinensis",46,0.46697835401543,0.453097086573941
"CV2",8,NA,"Raw","M3","JKI","M. x gig",22,0.683820513353015,0.510394500752622
"CV2",9,NA,"Group_adjusted","M1","ABR33","M. sacchariflorus",56,0.241731686266527,0.372433952894724
"CV2",9,NA,"Group_adjusted","M1","ABR33","M. sinensis",46,0.0770594619380417,0.855806419267534
"CV2",9,NA,"Group_adjusted","M1","ABR33","M. x gig",22,0.462539487487929,1.00880038693684
"CV2",9,NA,"Group_adjusted","M1","JKI","M. sacchariflorus",56,0.177386674975855,0.394032159542923
"CV2",9,NA,"Group_adjusted","M1","JKI","M. sinensis",46,0.387032617383994,0.445412397154188
"CV2",9,NA,"Group_adjusted","M1","JKI","M. x gig",22,0.339038694949897,0.66064465926665
"CV2",9,NA,"Group_adjusted","M2","ABR33","M. sacchariflorus",56,0.271604492483728,0.37134051399539
"CV2",9,NA,"Group_adjusted","M2","ABR33","M. sinensis",46,0.206794049721812,0.829861832845923
"CV2",9,NA,"Group_adjusted","M2","ABR33","M. x gig",22,0.502924369303757,0.975829436137002
"CV2",9,NA,"Group_adjusted","M2","JKI","M. sacchariflorus",56,0.229753072079858,0.388733055116609
"CV2",9,NA,"Group_adjusted","M2","JKI","M. sinensis",46,0.410584585889419,0.466774912171025
"CV2",9,NA,"Group_adjusted","M2","JKI","M. x gig",22,0.478862832826237,0.614078329872073
"CV2",9,NA,"Group_adjusted","M3","ABR33","M. sacchariflorus",56,0.304168956012278,0.364517320551167
"CV2",9,NA,"Group_adjusted","M3","ABR33","M. sinensis",46,0.26299423000878,0.81638765381544
"CV2",9,NA,"Group_adjusted","M3","ABR33","M. x gig",22,0.511175350514362,0.978076391372729
"CV2",9,NA,"Group_adjusted","M3","JKI","M. sacchariflorus",56,0.265038140243749,0.380430129724501
"CV2",9,NA,"Group_adjusted","M3","JKI","M. sinensis",46,0.421648182767619,0.44567890881605
"CV2",9,NA,"Group_adjusted","M3","JKI","M. x gig",22,0.496359719841417,0.597459088093045
"CV2",9,NA,"Raw","M1","ABR33","M. sacchariflorus",56,0.248303285569818,0.578674920937597
"CV2",9,NA,"Raw","M1","ABR33","M. sinensis",46,0.257484685529831,0.831885072918653
"CV2",9,NA,"Raw","M1","ABR33","M. x gig",22,0.53536551752541,1.19031444444972
"CV2",9,NA,"Raw","M1","JKI","M. sacchariflorus",56,0.143650959999311,0.431540641122398
"CV2",9,NA,"Raw","M1","JKI","M. sinensis",46,0.410026636226519,0.520909342073317
"CV2",9,NA,"Raw","M1","JKI","M. x gig",22,0.493772992392206,0.653113928385045
"CV2",9,NA,"Raw","M2","ABR33","M. sacchariflorus",56,0.336025845423081,0.495631737500277
"CV2",9,NA,"Raw","M2","ABR33","M. sinensis",46,0.33108639311639,0.810496448256171
"CV2",9,NA,"Raw","M2","ABR33","M. x gig",22,0.572372713896193,1.06327918221942
"CV2",9,NA,"Raw","M2","JKI","M. sacchariflorus",56,0.177070975738719,0.469717179142529
"CV2",9,NA,"Raw","M2","JKI","M. sinensis",46,0.438439994744572,0.550376192565471
"CV2",9,NA,"Raw","M2","JKI","M. x gig",22,0.600353474359298,0.56576964025453
"CV2",9,NA,"Raw","M3","ABR33","M. sacchariflorus",56,0.380855058275599,0.379569247159858
"CV2",9,NA,"Raw","M3","ABR33","M. sinensis",46,0.295561140232052,0.812815968269887
"CV2",9,NA,"Raw","M3","ABR33","M. x gig",22,0.584090061694019,1.01688193267648
"CV2",9,NA,"Raw","M3","JKI","M. sacchariflorus",56,0.246484626534121,0.392639820589607
"CV2",9,NA,"Raw","M3","JKI","M. sinensis",46,0.43190171714812,0.475073156604056
"CV2",9,NA,"Raw","M3","JKI","M. x gig",22,0.60591228183987,0.573141766594949
"CV2",10,NA,"Group_adjusted","M1","ABR33","M. sacchariflorus",56,0.283478879321596,0.363467377249748
"CV2",10,NA,"Group_adjusted","M1","ABR33","M. sinensis",46,0.298105878707565,0.81085410823398
"CV2",10,NA,"Group_adjusted","M1","ABR33","M. x gig",22,0.620804904672025,0.999396841828384
"CV2",10,NA,"Group_adjusted","M1","JKI","M. sacchariflorus",56,0.212153794089894,0.382128070665578
"CV2",10,NA,"Group_adjusted","M1","JKI","M. sinensis",46,0.413991065282046,0.432794753251144
"CV2",10,NA,"Group_adjusted","M1","JKI","M. x gig",22,0.563607274320946,0.551192133037147
"CV2",10,NA,"Group_adjusted","M2","ABR33","M. sacchariflorus",56,0.304618292557511,0.363493489271368
"CV2",10,NA,"Group_adjusted","M2","ABR33","M. sinensis",46,0.391323890359607,0.78699211744617
"CV2",10,NA,"Group_adjusted","M2","ABR33","M. x gig",22,0.611308930657275,0.962084523090157
"CV2",10,NA,"Group_adjusted","M2","JKI","M. sacchariflorus",56,0.273192417920945,0.376154170711925
"CV2",10,NA,"Group_adjusted","M2","JKI","M. sinensis",46,0.435411771908457,0.45315185893331
"CV2",10,NA,"Group_adjusted","M2","JKI","M. x gig",22,0.614351597308684,0.5334154349125
"CV2",10,NA,"Group_adjusted","M3","ABR33","M. sacchariflorus",56,0.322155760841407,0.360127636946165
"CV2",10,NA,"Group_adjusted","M3","ABR33","M. sinensis",46,0.430187482619697,0.777989124165745
"CV2",10,NA,"Group_adjusted","M3","ABR33","M. x gig",22,0.541531690653006,0.994570457062345
"CV2",10,NA,"Group_adjusted","M3","JKI","M. sacchariflorus",56,0.30449804023665,0.370366074764105
"CV2",10,NA,"Group_adjusted","M3","JKI","M. sinensis",46,0.43379294778415,0.439098094173243
"CV2",10,NA,"Group_adjusted","M3","JKI","M. x gig",22,0.658925619112989,0.502218752166411
"CV2",10,NA,"Raw","M1","ABR33","M. sacchariflorus",56,0.304143056445825,0.571609977394769
"CV2",10,NA,"Raw","M1","ABR33","M. sinensis",46,0.372143477908181,0.804200306277533
"CV2",10,NA,"Raw","M1","ABR33","M. x gig",22,0.637425331662364,1.19409807887932
"CV2",10,NA,"Raw","M1","JKI","M. sacchariflorus",56,0.204343322548757,0.408917208684546
"CV2",10,NA,"Raw","M1","JKI","M. sinensis",46,0.452505345125838,0.504382173000581
"CV2",10,NA,"Raw","M1","JKI","M. x gig",22,0.59202424836114,0.597584641100949
"CV2",10,NA,"Raw","M2","ABR33","M. sacchariflorus",56,0.37911418712963,0.488537122665144
"CV2",10,NA,"Raw","M2","ABR33","M. sinensis",46,0.434431875358613,0.784336842494317
"CV2",10,NA,"Raw","M2","ABR33","M. x gig",22,0.604964126616718,1.07399083300508
"CV2",10,NA,"Raw","M2","JKI","M. sacchariflorus",56,0.236700590538768,0.446691089492546
"CV2",10,NA,"Raw","M2","JKI","M. sinensis",46,0.470027344197357,0.532758284078093
"CV2",10,NA,"Raw","M2","JKI","M. x gig",22,0.635483013499137,0.547446220255887
"CV2",10,NA,"Raw","M3","ABR33","M. sacchariflorus",56,0.377302196689433,0.380487176973674
"CV2",10,NA,"Raw","M3","ABR33","M. sinensis",46,0.442718783410018,0.76976209782653
"CV2",10,NA,"Raw","M3","ABR33","M. x gig",22,0.513062177612933,1.08617916570354
"CV2",10,NA,"Raw","M3","JKI","M. sacchariflorus",56,0.268185751949562,0.383910245253006
"CV2",10,NA,"Raw","M3","JKI","M. sinensis",46,0.458195697198448,0.463718163871703
"CV2",10,NA,"Raw","M3","JKI","M. x gig",22,0.673190759115883,0.519535330488394
"Sparse25",1,0,"Group_adjusted","M1","ABR33","M. sacchariflorus",43,0.270522630361907,0.426984557601787
"Sparse25",1,0,"Group_adjusted","M1","ABR33","M. sinensis",38,0.196371374094809,0.956922391338902
"Sparse25",1,0,"Group_adjusted","M1","ABR33","M. x gig",19,0.497030338454991,1.01573619543293
"Sparse25",1,0,"Group_adjusted","M1","JKI","M. sacchariflorus",44,0.318067673458341,0.389530403957598
"Sparse25",1,0,"Group_adjusted","M1","JKI","M. sinensis",36,0.142765278384732,0.553569783804678
"Sparse25",1,0,"Group_adjusted","M1","JKI","M. x gig",19,0.446181345068951,0.635998707702412
"Sparse25",1,0,"Group_adjusted","M2","ABR33","M. sacchariflorus",43,0.23988023814353,0.420137413511106
"Sparse25",1,0,"Group_adjusted","M2","ABR33","M. sinensis",38,0.24732110121283,0.946363361686295
"Sparse25",1,0,"Group_adjusted","M2","ABR33","M. x gig",19,0.496176828873495,0.986660045288621
"Sparse25",1,0,"Group_adjusted","M2","JKI","M. sacchariflorus",44,0.40649610768575,0.378379131172348
"Sparse25",1,0,"Group_adjusted","M2","JKI","M. sinensis",36,0.123213675523953,0.563107260166403
"Sparse25",1,0,"Group_adjusted","M2","JKI","M. x gig",19,0.524978975721069,0.603599678679256
"Sparse25",1,0,"Group_adjusted","M3","ABR33","M. sacchariflorus",43,0.242096940154287,0.413795128993758
"Sparse25",1,0,"Group_adjusted","M3","ABR33","M. sinensis",38,0.241417678111278,0.946398970730441
"Sparse25",1,0,"Group_adjusted","M3","ABR33","M. x gig",19,0.535933028171335,0.982320019614061
"Sparse25",1,0,"Group_adjusted","M3","JKI","M. sacchariflorus",44,0.392873100737899,0.377337003642137
"Sparse25",1,0,"Group_adjusted","M3","JKI","M. sinensis",36,0.172849222820771,0.548186323705065
"Sparse25",1,0,"Group_adjusted","M3","JKI","M. x gig",19,0.537919981262417,0.590909435636152
"Sparse25",1,0,"Raw","M1","ABR33","M. sacchariflorus",43,0.258465304332178,0.415565538959588
"Sparse25",1,0,"Raw","M1","ABR33","M. sinensis",38,0.343669387536658,0.964066177094803
"Sparse25",1,0,"Raw","M1","ABR33","M. x gig",19,0.318725050670098,1.61572996542704
"Sparse25",1,0,"Raw","M1","JKI","M. sacchariflorus",44,0.399748136676422,0.411339109465961
"Sparse25",1,0,"Raw","M1","JKI","M. sinensis",36,0.140865227849459,0.482782639128922
"Sparse25",1,0,"Raw","M1","JKI","M. x gig",19,0.506190635552291,1.05678179057809
"Sparse25",1,0,"Raw","M2","ABR33","M. sacchariflorus",43,0.312198819466355,0.410150348795654
"Sparse25",1,0,"Raw","M2","ABR33","M. sinensis",38,0.389966652777995,0.951537274841123
"Sparse25",1,0,"Raw","M2","ABR33","M. x gig",19,0.388755342747576,1.53901178385814
"Sparse25",1,0,"Raw","M2","JKI","M. sacchariflorus",44,0.42772821229753,0.411878149640289
"Sparse25",1,0,"Raw","M2","JKI","M. sinensis",36,0.133605787179726,0.486839836367245
"Sparse25",1,0,"Raw","M2","JKI","M. x gig",19,0.59390043027985,0.967218253499659
"Sparse25",1,0,"Raw","M3","ABR33","M. sacchariflorus",43,0.338497936297534,0.38033592380243
"Sparse25",1,0,"Raw","M3","ABR33","M. sinensis",38,0.284241252487934,0.905651972830616
"Sparse25",1,0,"Raw","M3","ABR33","M. x gig",19,0.531075022827391,1.50265036458507
"Sparse25",1,0,"Raw","M3","JKI","M. sacchariflorus",44,0.421344175759204,0.37561790966617
"Sparse25",1,0,"Raw","M3","JKI","M. sinensis",36,0.192043627397244,0.512149990586808
"Sparse25",1,0,"Raw","M3","JKI","M. x gig",19,0.601152829539853,0.949925700533077
"Sparse25",1,5,"Group_adjusted","M1","ABR33","M. sacchariflorus",46,0.0598272816786366,0.393733566261504
"Sparse25",1,5,"Group_adjusted","M1","ABR33","M. sinensis",37,0.0780869166631221,0.927411566070684
"Sparse25",1,5,"Group_adjusted","M1","ABR33","M. x gig",17,-0.251539486673153,1.16191655340355
"Sparse25",1,5,"Group_adjusted","M1","JKI","M. sacchariflorus",43,0.324032834431503,0.417097816247025
"Sparse25",1,5,"Group_adjusted","M1","JKI","M. sinensis",37,0.211147429816176,0.486288463140997
"Sparse25",1,5,"Group_adjusted","M1","JKI","M. x gig",19,0.696955925235027,0.608982971496695
"Sparse25",1,5,"Group_adjusted","M2","ABR33","M. sacchariflorus",46,0.0653015393653567,0.396399490391457
"Sparse25",1,5,"Group_adjusted","M2","ABR33","M. sinensis",37,0.131514632187419,0.925982052739136
"Sparse25",1,5,"Group_adjusted","M2","ABR33","M. x gig",17,-0.202727394514473,1.172319463804
"Sparse25",1,5,"Group_adjusted","M2","JKI","M. sacchariflorus",43,0.330297821331453,0.412075661756616
"Sparse25",1,5,"Group_adjusted","M2","JKI","M. sinensis",37,0.243784213458572,0.483246997899354
"Sparse25",1,5,"Group_adjusted","M2","JKI","M. x gig",19,0.741179524030689,0.549765302351577
"Sparse25",1,5,"Group_adjusted","M3","ABR33","M. sacchariflorus",46,0.108375596563661,0.392948640020762
"Sparse25",1,5,"Group_adjusted","M3","ABR33","M. sinensis",37,0.281071055808084,0.911303177229031
"Sparse25",1,5,"Group_adjusted","M3","ABR33","M. x gig",17,-0.0586520837502622,1.17255425908701
"Sparse25",1,5,"Group_adjusted","M3","JKI","M. sacchariflorus",43,0.352416532424259,0.412454428987458
"Sparse25",1,5,"Group_adjusted","M3","JKI","M. sinensis",37,0.247554743450701,0.486567218675252
"Sparse25",1,5,"Group_adjusted","M3","JKI","M. x gig",19,0.736561071383895,0.566172483599171
"Sparse25",1,5,"Raw","M1","ABR33","M. sacchariflorus",46,0.119558862435126,0.663620234526396
"Sparse25",1,5,"Raw","M1","ABR33","M. sinensis",37,0.127218187407868,0.876373121746102
"Sparse25",1,5,"Raw","M1","ABR33","M. x gig",17,-0.424637455746782,1.27368252714892
"Sparse25",1,5,"Raw","M1","JKI","M. sacchariflorus",43,0.152288736397899,0.397644447069371
"Sparse25",1,5,"Raw","M1","JKI","M. sinensis",37,0.200912641505719,0.464420621283228
"Sparse25",1,5,"Raw","M1","JKI","M. x gig",19,0.610778728096641,0.948948224571456
"Sparse25",1,5,"Raw","M2","ABR33","M. sacchariflorus",46,0.205044052061104,0.601436448337803
"Sparse25",1,5,"Raw","M2","ABR33","M. sinensis",37,0.128415581603519,0.874374474179087
"Sparse25",1,5,"Raw","M2","ABR33","M. x gig",17,-0.347949611081619,1.2539342569853
"Sparse25",1,5,"Raw","M2","JKI","M. sacchariflorus",43,0.213799933521432,0.413891073219435
"Sparse25",1,5,"Raw","M2","JKI","M. sinensis",37,0.214428769899609,0.461474515069585
"Sparse25",1,5,"Raw","M2","JKI","M. x gig",19,0.699039615276583,0.80508229868634
"Sparse25",1,5,"Raw","M3","ABR33","M. sacchariflorus",46,0.294851058334697,0.549275038039072
"Sparse25",1,5,"Raw","M3","ABR33","M. sinensis",37,0.19591564200768,0.867080771870557
"Sparse25",1,5,"Raw","M3","ABR33","M. x gig",17,-0.218544724495066,1.21648142590516
"Sparse25",1,5,"Raw","M3","JKI","M. sacchariflorus",43,0.243706693074618,0.401004109062865
"Sparse25",1,5,"Raw","M3","JKI","M. sinensis",37,0.215485733767419,0.466321331707963
"Sparse25",1,5,"Raw","M3","JKI","M. x gig",19,0.707400347411092,0.834732960776332
"Sparse25",1,10,"Group_adjusted","M1","ABR33","M. sacchariflorus",40,0.230921206924592,0.320740411615598
"Sparse25",1,10,"Group_adjusted","M1","ABR33","M. sinensis",40,0.290134881889347,0.81365610774315
"Sparse25",1,10,"Group_adjusted","M1","ABR33","M. x gig",20,0.184151148509858,1.49104844286439
"Sparse25",1,10,"Group_adjusted","M1","JKI","M. sacchariflorus",46,0.168797022298885,0.384286393116947
"Sparse25",1,10,"Group_adjusted","M1","JKI","M. sinensis",37,0.333781992379229,0.4157840015425
"Sparse25",1,10,"Group_adjusted","M1","JKI","M. x gig",16,NA,0.695747176052143
"Sparse25",1,10,"Group_adjusted","M2","ABR33","M. sacchariflorus",40,0.376127560284644,0.309927987182414
"Sparse25",1,10,"Group_adjusted","M2","ABR33","M. sinensis",40,0.324294741161211,0.804990706515256
"Sparse25",1,10,"Group_adjusted","M2","ABR33","M. x gig",20,0.339579623244159,1.47607040443124
"Sparse25",1,10,"Group_adjusted","M2","JKI","M. sacchariflorus",46,0.226886490242689,0.378859393181607
"Sparse25",1,10,"Group_adjusted","M2","JKI","M. sinensis",37,0.376913033289905,0.411057734561891
"Sparse25",1,10,"Group_adjusted","M2","JKI","M. x gig",16,0.610597792978748,0.683260378114584
"Sparse25",1,10,"Group_adjusted","M3","ABR33","M. sacchariflorus",40,0.378309478314974,0.31003752254478
"Sparse25",1,10,"Group_adjusted","M3","ABR33","M. sinensis",40,0.297323914117017,0.808976124560199
"Sparse25",1,10,"Group_adjusted","M3","ABR33","M. x gig",20,0.315471553455387,1.47232895030126
"Sparse25",1,10,"Group_adjusted","M3","JKI","M. sacchariflorus",46,0.247936688216423,0.377685271879665
"Sparse25",1,10,"Group_adjusted","M3","JKI","M. sinensis",37,0.36316086936233,0.411632750862518
"Sparse25",1,10,"Group_adjusted","M3","JKI","M. x gig",16,0.540673499747623,0.668150036231752
"Sparse25",1,10,"Raw","M1","ABR33","M. sacchariflorus",40,0.243218399084656,0.508788869620822
"Sparse25",1,10,"Raw","M1","ABR33","M. sinensis",40,0.265661500934166,0.824399411874785
"Sparse25",1,10,"Raw","M1","ABR33","M. x gig",20,-0.174770928769664,1.42594701040678
"Sparse25",1,10,"Raw","M1","JKI","M. sacchariflorus",46,0.213558230086541,0.383247686462699
"Sparse25",1,10,"Raw","M1","JKI","M. sinensis",37,0.325305434499962,0.456690870723703
"Sparse25",1,10,"Raw","M1","JKI","M. x gig",16,NA,0.917987827680169
"Sparse25",1,10,"Raw","M2","ABR33","M. sacchariflorus",40,0.477969957510399,0.425388846716611
"Sparse25",1,10,"Raw","M2","ABR33","M. sinensis",40,0.255225148280186,0.810944550307874
"Sparse25",1,10,"Raw","M2","ABR33","M. x gig",20,0.0554237041255667,1.33734704509165
"Sparse25",1,10,"Raw","M2","JKI","M. sacchariflorus",46,0.280424240605452,0.377455587039714
"Sparse25",1,10,"Raw","M2","JKI","M. sinensis",37,0.392341027835039,0.51124902200539
"Sparse25",1,10,"Raw","M2","JKI","M. x gig",16,0.587289349304984,0.826955815280103
"Sparse25",1,10,"Raw","M3","ABR33","M. sacchariflorus",40,0.473642849416471,0.366708093978688
"Sparse25",1,10,"Raw","M3","ABR33","M. sinensis",40,0.254908416545653,0.823546321979841
"Sparse25",1,10,"Raw","M3","ABR33","M. x gig",20,0.0806156920402214,1.31917011971667
"Sparse25",1,10,"Raw","M3","JKI","M. sacchariflorus",46,0.275189424523412,0.37424104342465
"Sparse25",1,10,"Raw","M3","JKI","M. sinensis",37,0.366620178419477,0.452110202129556
"Sparse25",1,10,"Raw","M3","JKI","M. x gig",16,0.648654417711971,0.830359841968082
"Sparse25",1,15,"Group_adjusted","M1","ABR33","M. sacchariflorus",46,0.133814338657688,0.375831560611574
"Sparse25",1,15,"Group_adjusted","M1","ABR33","M. sinensis",38,0.279114205579474,0.895844389465443
"Sparse25",1,15,"Group_adjusted","M1","ABR33","M. x gig",16,0.218297941563913,1.19101245630021
"Sparse25",1,15,"Group_adjusted","M1","JKI","M. sacchariflorus",47,0.0938629182950675,0.500791795715142
"Sparse25",1,15,"Group_adjusted","M1","JKI","M. sinensis",35,0.19992049434162,0.56584471592285
"Sparse25",1,15,"Group_adjusted","M1","JKI","M. x gig",17,-0.108138188913716,0.841964386260135
"Sparse25",1,15,"Group_adjusted","M2","ABR33","M. sacchariflorus",46,0.21200870610735,0.371306540178717
"Sparse25",1,15,"Group_adjusted","M2","ABR33","M. sinensis",38,0.313420018833938,0.888879361795799
"Sparse25",1,15,"Group_adjusted","M2","ABR33","M. x gig",16,0.161721842479402,1.18523222356711
"Sparse25",1,15,"Group_adjusted","M2","JKI","M. sacchariflorus",47,0.102839061037379,0.49977445297377
"Sparse25",1,15,"Group_adjusted","M2","JKI","M. sinensis",35,0.259921345459788,0.55681866970481
"Sparse25",1,15,"Group_adjusted","M2","JKI","M. x gig",17,-0.153150395323755,0.857279729043374
"Sparse25",1,15,"Group_adjusted","M3","ABR33","M. sacchariflorus",46,0.19814437886708,0.371985452579598
"Sparse25",1,15,"Group_adjusted","M3","ABR33","M. sinensis",38,0.380753689631203,0.884806048960169
"Sparse25",1,15,"Group_adjusted","M3","ABR33","M. x gig",16,0.111094590839233,1.19249117434787
"Sparse25",1,15,"Group_adjusted","M3","JKI","M. sacchariflorus",47,0.0418629537717537,0.471805194590754
"Sparse25",1,15,"Group_adjusted","M3","JKI","M. sinensis",35,0.312168403144245,0.571279528770601
"Sparse25",1,15,"Group_adjusted","M3","JKI","M. x gig",17,-0.131064974759497,0.859518040714079
"Sparse25",1,15,"Raw","M1","ABR33","M. sacchariflorus",46,0.102122797698542,0.63568105410619
"Sparse25",1,15,"Raw","M1","ABR33","M. sinensis",38,0.273488080433075,0.896199623263517
"Sparse25",1,15,"Raw","M1","ABR33","M. x gig",16,0.218297941563913,1.54959869285999
"Sparse25",1,15,"Raw","M1","JKI","M. sacchariflorus",47,0.0668373229722507,0.451799236008299
"Sparse25",1,15,"Raw","M1","JKI","M. sinensis",35,0.205069522386467,0.576492630179282
"Sparse25",1,15,"Raw","M1","JKI","M. x gig",17,-0.156749312478822,0.939369823499458
"Sparse25",1,15,"Raw","M2","ABR33","M. sacchariflorus",46,0.231366743902838,0.562703202777709
"Sparse25",1,15,"Raw","M2","ABR33","M. sinensis",38,0.295239816514042,0.889285433503753
"Sparse25",1,15,"Raw","M2","ABR33","M. x gig",16,0.03617283147397,1.52399875396841
"Sparse25",1,15,"Raw","M2","JKI","M. sacchariflorus",47,0.0644466652500365,0.405162058666915
"Sparse25",1,15,"Raw","M2","JKI","M. sinensis",35,0.258545792799305,0.621782234153565
"Sparse25",1,15,"Raw","M2","JKI","M. x gig",17,-0.229556597792301,0.93717252183816
"Sparse25",1,15,"Raw","M3","ABR33","M. sacchariflorus",46,0.273177726095692,0.482199622758298
"Sparse25",1,15,"Raw","M3","ABR33","M. sinensis",38,0.407379137776792,0.888325577020951
"Sparse25",1,15,"Raw","M3","ABR33","M. x gig",16,-0.0686445573746632,1.52655222650545
"Sparse25",1,15,"Raw","M3","JKI","M. sacchariflorus",47,0.0307591746565025,0.426179592904202
"Sparse25",1,15,"Raw","M3","JKI","M. sinensis",35,0.300342766665242,0.58034650702152
"Sparse25",1,15,"Raw","M3","JKI","M. x gig",17,-0.184266559868573,0.935818391932673
"Sparse25",1,20,"Group_adjusted","M1","ABR33","M. sacchariflorus",44,-0.000529094118911803,0.427609017808841
"Sparse25",1,20,"Group_adjusted","M1","ABR33","M. sinensis",37,0.0143356886643782,0.841021481163621
"Sparse25",1,20,"Group_adjusted","M1","ABR33","M. x gig",19,NA,1.18594581921715
"Sparse25",1,20,"Group_adjusted","M1","JKI","M. sacchariflorus",42,0.203362942481376,0.374615772580248
"Sparse25",1,20,"Group_adjusted","M1","JKI","M. sinensis",37,0.212353536449994,0.451347105975579
"Sparse25",1,20,"Group_adjusted","M1","JKI","M. x gig",20,0.070734092387886,0.82474196085139
"Sparse25",1,20,"Group_adjusted","M2","ABR33","M. sacchariflorus",44,0.0995996279158655,0.429716763088492
"Sparse25",1,20,"Group_adjusted","M2","ABR33","M. sinensis",37,0.168539524353844,0.837410104082116
"Sparse25",1,20,"Group_adjusted","M2","ABR33","M. x gig",19,-0.026550618885455,1.18753655215602
"Sparse25",1,20,"Group_adjusted","M2","JKI","M. sacchariflorus",42,0.263544537893094,0.371922935064367
"Sparse25",1,20,"Group_adjusted","M2","JKI","M. sinensis",37,0.249530588890122,0.449100082201272
"Sparse25",1,20,"Group_adjusted","M2","JKI","M. x gig",20,0.0920313126213394,0.819625077204645
"Sparse25",1,20,"Group_adjusted","M3","ABR33","M. sacchariflorus",44,0.180996059378944,0.423764896052827
"Sparse25",1,20,"Group_adjusted","M3","ABR33","M. sinensis",37,0.296994468880616,0.832974953767615
"Sparse25",1,20,"Group_adjusted","M3","ABR33","M. x gig",19,0.307017978474659,1.17937517057068
"Sparse25",1,20,"Group_adjusted","M3","JKI","M. sacchariflorus",42,0.221723844979333,0.370788659342506
"Sparse25",1,20,"Group_adjusted","M3","JKI","M. sinensis",37,0.229692032062049,0.451947356279718
"Sparse25",1,20,"Group_adjusted","M3","JKI","M. x gig",20,0.362636082381513,0.805826480574565
"Sparse25",1,20,"Raw","M1","ABR33","M. sacchariflorus",44,-0.0149694392332924,0.508533190752043
"Sparse25",1,20,"Raw","M1","ABR33","M. sinensis",37,0.0143356886643782,0.865236879615867
"Sparse25",1,20,"Raw","M1","ABR33","M. x gig",19,NA,1.64244390927152
"Sparse25",1,20,"Raw","M1","JKI","M. sacchariflorus",42,0.30244233502798,0.366295297852342
"Sparse25",1,20,"Raw","M1","JKI","M. sinensis",37,0.234143916404155,0.456925480787736
"Sparse25",1,20,"Raw","M1","JKI","M. x gig",20,0.070734092387886,1.05329681416409
"Sparse25",1,20,"Raw","M2","ABR33","M. sacchariflorus",44,0.159431045840395,0.448935340343485
"Sparse25",1,20,"Raw","M2","ABR33","M. sinensis",37,0.0740409583014759,0.846663401679323
"Sparse25",1,20,"Raw","M2","ABR33","M. x gig",19,-0.283871151918704,1.64070190415553
"Sparse25",1,20,"Raw","M2","JKI","M. sacchariflorus",42,0.349397858998967,0.376090939614727
"Sparse25",1,20,"Raw","M2","JKI","M. sinensis",37,0.257573096179814,0.492954575253512
"Sparse25",1,20,"Raw","M2","JKI","M. x gig",20,-0.0311985710137156,1.03039060413542
"Sparse25",1,20,"Raw","M3","ABR33","M. sacchariflorus",44,0.368340745310069,0.396549998613128
"Sparse25",1,20,"Raw","M3","ABR33","M. sinensis",37,0.168062663193581,0.834558929541731
"Sparse25",1,20,"Raw","M3","ABR33","M. x gig",19,-0.184516629384478,1.6223915125005
"Sparse25",1,20,"Raw","M3","JKI","M. sacchariflorus",42,0.287414995288191,0.365954010888563
"Sparse25",1,20,"Raw","M3","JKI","M. sinensis",37,0.214740923668455,0.458831059163642
"Sparse25",1,20,"Raw","M3","JKI","M. x gig",20,0.10838721501706,1.02536797573273
"Sparse25",1,25,"Group_adjusted","M1","ABR33","M. sacchariflorus",45,NA,0.411814177398607
"Sparse25",1,25,"Group_adjusted","M1","ABR33","M. sinensis",36,NA,0.908237730079652
"Sparse25",1,25,"Group_adjusted","M1","ABR33","M. x gig",19,NA,1.17447117823099
"Sparse25",1,25,"Group_adjusted","M1","JKI","M. sacchariflorus",45,NA,0.367677093129356
"Sparse25",1,25,"Group_adjusted","M1","JKI","M. sinensis",35,NA,0.491446673051471
"Sparse25",1,25,"Group_adjusted","M1","JKI","M. x gig",19,NA,0.651086082497968
"Sparse25",1,25,"Group_adjusted","M2","ABR33","M. sacchariflorus",45,0.119555434364053,0.401526677993197
"Sparse25",1,25,"Group_adjusted","M2","ABR33","M. sinensis",36,0.0480617449504352,0.907110654724558
"Sparse25",1,25,"Group_adjusted","M2","ABR33","M. x gig",19,0.300891945485073,1.16728296902747
"Sparse25",1,25,"Group_adjusted","M2","JKI","M. sacchariflorus",45,0.22959138891901,0.363966072642375
"Sparse25",1,25,"Group_adjusted","M2","JKI","M. sinensis",35,0.0143670828481954,0.492281540393582
"Sparse25",1,25,"Group_adjusted","M2","JKI","M. x gig",19,0.543069745960782,0.62973587227798
"Sparse25",1,25,"Group_adjusted","M3","ABR33","M. sacchariflorus",45,0.14201119166813,0.399130660774242
"Sparse25",1,25,"Group_adjusted","M3","ABR33","M. sinensis",36,0.14012296254347,0.903529479354546
"Sparse25",1,25,"Group_adjusted","M3","ABR33","M. x gig",19,0.320370260995737,1.16266113503368
"Sparse25",1,25,"Group_adjusted","M3","JKI","M. sacchariflorus",45,0.232432391326239,0.364571384998061
"Sparse25",1,25,"Group_adjusted","M3","JKI","M. sinensis",35,-0.0167419443986287,0.493616238241432
"Sparse25",1,25,"Group_adjusted","M3","JKI","M. x gig",19,0.544018755716207,0.622697614998101
"Sparse25",1,25,"Raw","M1","ABR33","M. sacchariflorus",45,NA,0.531375386237887
"Sparse25",1,25,"Raw","M1","ABR33","M. sinensis",36,NA,0.912228839751878
"Sparse25",1,25,"Raw","M1","ABR33","M. x gig",19,NA,1.4890199063958
"Sparse25",1,25,"Raw","M1","JKI","M. sacchariflorus",45,NA,0.367692783018734
"Sparse25",1,25,"Raw","M1","JKI","M. sinensis",35,NA,0.487407640493223
"Sparse25",1,25,"Raw","M1","JKI","M. x gig",19,NA,0.953910078971774
"Sparse25",1,25,"Raw","M2","ABR33","M. sacchariflorus",45,0.2984065321997,0.487250257292714
"Sparse25",1,25,"Raw","M2","ABR33","M. sinensis",36,0.101345506549357,0.903218621210797
"Sparse25",1,25,"Raw","M2","ABR33","M. x gig",19,0.454507843945978,1.43309201736923
"Sparse25",1,25,"Raw","M2","JKI","M. sacchariflorus",45,0.237086211408253,0.362239281734912
"Sparse25",1,25,"Raw","M2","JKI","M. sinensis",35,0.0747657213695725,0.494651582023324
"Sparse25",1,25,"Raw","M2","JKI","M. x gig",19,0.428105634797117,0.89653233412659
"Sparse25",1,25,"Raw","M3","ABR33","M. sacchariflorus",45,0.294171589037262,0.414609143893717
"Sparse25",1,25,"Raw","M3","ABR33","M. sinensis",36,0.184748085247404,0.8869490519202
"Sparse25",1,25,"Raw","M3","ABR33","M. x gig",19,0.442941153405348,1.41918379289455
"Sparse25",1,25,"Raw","M3","JKI","M. sacchariflorus",45,0.269445896780035,0.368393485232804
"Sparse25",1,25,"Raw","M3","JKI","M. sinensis",35,0.0468925063410404,0.481075641543106
"Sparse25",1,25,"Raw","M3","JKI","M. x gig",19,0.518397282211671,0.88876700954132
"Sparse25",2,0,"Group_adjusted","M1","ABR33","M. sacchariflorus",45,0.15375555659748,0.382324936374425
"Sparse25",2,0,"Group_adjusted","M1","ABR33","M. sinensis",37,0.156057691883093,0.796380450889283
"Sparse25",2,0,"Group_adjusted","M1","ABR33","M. x gig",18,0.224344594139474,1.97112120509602
"Sparse25",2,0,"Group_adjusted","M1","JKI","M. sacchariflorus",44,0.14468803380436,0.406257240013474
"Sparse25",2,0,"Group_adjusted","M1","JKI","M. sinensis",37,0.226356519958327,0.44715101378552
"Sparse25",2,0,"Group_adjusted","M1","JKI","M. x gig",18,0.432907852808428,0.714268282513051
"Sparse25",2,0,"Group_adjusted","M2","ABR33","M. sacchariflorus",45,0.190840727145962,0.38064600535671
"Sparse25",2,0,"Group_adjusted","M2","ABR33","M. sinensis",37,0.174170033054275,0.793389652599011
"Sparse25",2,0,"Group_adjusted","M2","ABR33","M. x gig",18,0.350618594207298,1.98881267449297
"Sparse25",2,0,"Group_adjusted","M2","JKI","M. sacchariflorus",44,0.152004549621878,0.407012108435955
"Sparse25",2,0,"Group_adjusted","M2","JKI","M. sinensis",37,0.23225577964379,0.452707454561152
"Sparse25",2,0,"Group_adjusted","M2","JKI","M. x gig",18,0.433892139737431,0.703171307987282
"Sparse25",2,0,"Group_adjusted","M3","ABR33","M. sacchariflorus",45,0.223839091660782,0.380193216685396
"Sparse25",2,0,"Group_adjusted","M3","ABR33","M. sinensis",37,0.229523335565769,0.788998110118519
"Sparse25",2,0,"Group_adjusted","M3","ABR33","M. x gig",18,0.323153567824606,2.00673679707703
"Sparse25",2,0,"Group_adjusted","M3","JKI","M. sacchariflorus",44,0.170016854870478,0.404673224914989
"Sparse25",2,0,"Group_adjusted","M3","JKI","M. sinensis",37,0.243364555293351,0.450707930744997
"Sparse25",2,0,"Group_adjusted","M3","JKI","M. x gig",18,0.450704341895316,0.705669348303121
"Sparse25",2,0,"Raw","M1","ABR33","M. sacchariflorus",45,0.139005549033355,0.819057073876195
"Sparse25",2,0,"Raw","M1","ABR33","M. sinensis",37,0.156196674775237,0.820532504016808
"Sparse25",2,0,"Raw","M1","ABR33","M. x gig",18,0.170894583602665,0.97583543396899
"Sparse25",2,0,"Raw","M1","JKI","M. sacchariflorus",44,0.181627942539136,0.404848237519345
"Sparse25",2,0,"Raw","M1","JKI","M. sinensis",37,0.207075640146425,0.468795273243131
"Sparse25",2,0,"Raw","M1","JKI","M. x gig",18,0.483196358865721,0.838368450626895
"Sparse25",2,0,"Raw","M2","ABR33","M. sacchariflorus",45,0.256151306596019,0.72436776838509
"Sparse25",2,0,"Raw","M2","ABR33","M. sinensis",37,0.187266590155429,0.838883072420163
"Sparse25",2,0,"Raw","M2","ABR33","M. x gig",18,0.27667918355954,0.902790617975514
"Sparse25",2,0,"Raw","M2","JKI","M. sacchariflorus",44,0.195030933057174,0.415888485990537
"Sparse25",2,0,"Raw","M2","JKI","M. sinensis",37,0.211878085532225,0.508347545397489
"Sparse25",2,0,"Raw","M2","JKI","M. x gig",18,0.54915175300303,0.693424097446858
"Sparse25",2,0,"Raw","M3","ABR33","M. sacchariflorus",45,0.289462770517459,0.661489928700696
"Sparse25",2,0,"Raw","M3","ABR33","M. sinensis",37,0.256198871060378,0.860990710728793
"Sparse25",2,0,"Raw","M3","ABR33","M. x gig",18,0.256076045863998,0.887156050792856
"Sparse25",2,0,"Raw","M3","JKI","M. sacchariflorus",44,0.202205661437657,0.404462980415603
"Sparse25",2,0,"Raw","M3","JKI","M. sinensis",37,0.225312686248136,0.480410816942152
"Sparse25",2,0,"Raw","M3","JKI","M. x gig",18,0.579699052492818,0.67207704716531
"Sparse25",2,5,"Group_adjusted","M1","ABR33","M. sacchariflorus",46,0.123909201500626,0.416628539848461
"Sparse25",2,5,"Group_adjusted","M1","ABR33","M. sinensis",36,0.301367615356574,0.90821413782725
"Sparse25",2,5,"Group_adjusted","M1","ABR33","M. x gig",18,0.369372149152982,1.17428345540786
"Sparse25",2,5,"Group_adjusted","M1","JKI","M. sacchariflorus",40,0.202898553274092,0.381792407752253
"Sparse25",2,5,"Group_adjusted","M1","JKI","M. sinensis",40,0.123240481810152,0.452632957153301
"Sparse25",2,5,"Group_adjusted","M1","JKI","M. x gig",19,0.466077866367298,0.726799531776581
"Sparse25",2,5,"Group_adjusted","M2","ABR33","M. sacchariflorus",46,0.101332692085604,0.41961437952723
"Sparse25",2,5,"Group_adjusted","M2","ABR33","M. sinensis",36,0.361428667240873,0.894361353816575
"Sparse25",2,5,"Group_adjusted","M2","ABR33","M. x gig",18,0.338633879796088,1.14835198633959
"Sparse25",2,5,"Group_adjusted","M2","JKI","M. sacchariflorus",40,0.185112107601852,0.380452702817991
"Sparse25",2,5,"Group_adjusted","M2","JKI","M. sinensis",40,0.110435399554369,0.455458533485056
"Sparse25",2,5,"Group_adjusted","M2","JKI","M. x gig",19,0.531106883921973,0.674179175406279
"Sparse25",2,5,"Group_adjusted","M3","ABR33","M. sacchariflorus",46,0.111126149986639,0.414840518587251
"Sparse25",2,5,"Group_adjusted","M3","ABR33","M. sinensis",36,0.357285350859615,0.892139123298354
"Sparse25",2,5,"Group_adjusted","M3","ABR33","M. x gig",18,0.342082098459557,1.14107360254933
"Sparse25",2,5,"Group_adjusted","M3","JKI","M. sacchariflorus",40,0.208828209593527,0.37908450247798
"Sparse25",2,5,"Group_adjusted","M3","JKI","M. sinensis",40,0.107389849715692,0.453744829811966
"Sparse25",2,5,"Group_adjusted","M3","JKI","M. x gig",19,0.543525529364305,0.661482556635941
"Sparse25",2,5,"Raw","M1","ABR33","M. sacchariflorus",46,0.126994695795438,0.688058640668977
"Sparse25",2,5,"Raw","M1","ABR33","M. sinensis",36,0.206731438314577,0.908438856417816
"Sparse25",2,5,"Raw","M1","ABR33","M. x gig",18,0.560205685962428,1.20838520008635
"Sparse25",2,5,"Raw","M1","JKI","M. sacchariflorus",40,0.0350152886550177,0.396023806710944
"Sparse25",2,5,"Raw","M1","JKI","M. sinensis",40,0.122770757778338,0.486062844125311
"Sparse25",2,5,"Raw","M1","JKI","M. x gig",19,0.559531809066877,0.77013978779056
"Sparse25",2,5,"Raw","M2","ABR33","M. sacchariflorus",46,0.257141271071485,0.543240131654968
"Sparse25",2,5,"Raw","M2","ABR33","M. sinensis",36,0.129608937500596,0.919744488660488
"Sparse25",2,5,"Raw","M2","ABR33","M. x gig",18,0.586077906745712,1.12708982535776
"Sparse25",2,5,"Raw","M2","JKI","M. sacchariflorus",40,0.130262675136262,0.399312850178231
"Sparse25",2,5,"Raw","M2","JKI","M. sinensis",40,0.118556639810767,0.562138913942919
"Sparse25",2,5,"Raw","M2","JKI","M. x gig",19,0.552249357570896,0.662954133474977
"Sparse25",2,5,"Raw","M3","ABR33","M. sacchariflorus",46,0.339440350986133,0.467440538055195
"Sparse25",2,5,"Raw","M3","ABR33","M. sinensis",36,0.237197074067085,0.925319824248742
"Sparse25",2,5,"Raw","M3","ABR33","M. x gig",18,0.57560274704388,1.13758683527564
"Sparse25",2,5,"Raw","M3","JKI","M. sacchariflorus",40,0.194741204709379,0.38048728724263
"Sparse25",2,5,"Raw","M3","JKI","M. sinensis",40,0.113401171816824,0.489392280362662
"Sparse25",2,5,"Raw","M3","JKI","M. x gig",19,0.564894497795358,0.70820073905727
"Sparse25",2,10,"Group_adjusted","M1","ABR33","M. sacchariflorus",46,0.139128031469012,0.406624823561874
"Sparse25",2,10,"Group_adjusted","M1","ABR33","M. sinensis",37,0.0508378419946361,0.843396022636149
"Sparse25",2,10,"Group_adjusted","M1","ABR33","M. x gig",17,0.00578209919625271,1.54475520127107
"Sparse25",2,10,"Group_adjusted","M1","JKI","M. sacchariflorus",41,0.0829775278150508,0.348685011463327
"Sparse25",2,10,"Group_adjusted","M1","JKI","M. sinensis",41,0.134181250358381,0.585604731831697
"Sparse25",2,10,"Group_adjusted","M1","JKI","M. x gig",17,-0.228587286853252,1.01005683772463
"Sparse25",2,10,"Group_adjusted","M2","ABR33","M. sacchariflorus",46,0.220645923870714,0.409440340199081
"Sparse25",2,10,"Group_adjusted","M2","ABR33","M. sinensis",37,0.0695507040893965,0.842443609223425
"Sparse25",2,10,"Group_adjusted","M2","ABR33","M. x gig",17,0.051141245276464,1.54834076781404
"Sparse25",2,10,"Group_adjusted","M2","JKI","M. sacchariflorus",41,0.0987303602751599,0.34948293605413
"Sparse25",2,10,"Group_adjusted","M2","JKI","M. sinensis",41,0.150653825903218,0.599166922874061
"Sparse25",2,10,"Group_adjusted","M2","JKI","M. x gig",17,-0.185357020554302,1.0058107529935
"Sparse25",2,10,"Group_adjusted","M3","ABR33","M. sacchariflorus",46,0.274409345676719,0.405425664932307
"Sparse25",2,10,"Group_adjusted","M3","ABR33","M. sinensis",37,0.026822492765059,0.84443492432893
"Sparse25",2,10,"Group_adjusted","M3","ABR33","M. x gig",17,-0.0667803699824121,1.53903756977626
"Sparse25",2,10,"Group_adjusted","M3","JKI","M. sacchariflorus",41,0.150130653907703,0.347236124619622
"Sparse25",2,10,"Group_adjusted","M3","JKI","M. sinensis",41,0.179629680871328,0.591989327652063
"Sparse25",2,10,"Group_adjusted","M3","JKI","M. x gig",17,-0.0583223521585025,0.999340839286616
"Sparse25",2,10,"Raw","M1","ABR33","M. sacchariflorus",46,0.17248759767688,0.473074307168727
"Sparse25",2,10,"Raw","M1","ABR33","M. sinensis",37,0.10869153900774,0.865562760695225
"Sparse25",2,10,"Raw","M1","ABR33","M. x gig",17,-0.0285112465615873,1.77783360204422
"Sparse25",2,10,"Raw","M1","JKI","M. sacchariflorus",41,-0.184255248109638,0.352963210245193
"Sparse25",2,10,"Raw","M1","JKI","M. sinensis",41,0.118095934864173,0.463293070055166
"Sparse25",2,10,"Raw","M1","JKI","M. x gig",17,-0.295679818875502,1.12519865779501
"Sparse25",2,10,"Raw","M2","ABR33","M. sacchariflorus",46,0.261724623923259,0.375287739258379
"Sparse25",2,10,"Raw","M2","ABR33","M. sinensis",37,0.136589672271382,0.84121812760835
"Sparse25",2,10,"Raw","M2","ABR33","M. x gig",17,-0.153812931551261,1.78628381202716
"Sparse25",2,10,"Raw","M2","JKI","M. sacchariflorus",41,-0.0426397318445461,0.370222798948799
"Sparse25",2,10,"Raw","M2","JKI","M. sinensis",41,0.150190209235523,0.594820627920414
"Sparse25",2,10,"Raw","M2","JKI","M. x gig",17,-0.358844987565257,1.06239192215995
"Sparse25",2,10,"Raw","M3","ABR33","M. sacchariflorus",46,0.329299494661171,0.355872278254121
"Sparse25",2,10,"Raw","M3","ABR33","M. sinensis",37,0.117535404737737,0.839803763885379
"Sparse25",2,10,"Raw","M3","ABR33","M. x gig",17,-0.233011087341158,1.76402701417976
"Sparse25",2,10,"Raw","M3","JKI","M. sacchariflorus",41,0.0557044374447604,0.358634400039155
"Sparse25",2,10,"Raw","M3","JKI","M. sinensis",41,0.187866393605992,0.538272304691523
"Sparse25",2,10,"Raw","M3","JKI","M. x gig",17,-0.280670802951305,1.07495463753355
"Sparse25",2,15,"Group_adjusted","M1","ABR33","M. sacchariflorus",41,-0.0594686656124715,0.3617768074159
"Sparse25",2,15,"Group_adjusted","M1","ABR33","M. sinensis",41,0.247682265203469,0.969822741275326
"Sparse25",2,15,"Group_adjusted","M1","ABR33","M. x gig",18,0.477933012787294,1.26346111940043
"Sparse25",2,15,"Group_adjusted","M1","JKI","M. sacchariflorus",45,0.286337866506495,0.402809186771862
"Sparse25",2,15,"Group_adjusted","M1","JKI","M. sinensis",36,-0.0886699599392842,0.504551119833658
"Sparse25",2,15,"Group_adjusted","M1","JKI","M. x gig",18,-0.157243172462559,0.683825765960763
"Sparse25",2,15,"Group_adjusted","M2","ABR33","M. sacchariflorus",41,-0.0790396416360709,0.363822423760158
"Sparse25",2,15,"Group_adjusted","M2","ABR33","M. sinensis",41,0.313897257655137,0.955045650297627
"Sparse25",2,15,"Group_adjusted","M2","ABR33","M. x gig",18,0.405279414961708,1.24587261239231
"Sparse25",2,15,"Group_adjusted","M2","JKI","M. sacchariflorus",45,0.32251843167315,0.398437722319672
"Sparse25",2,15,"Group_adjusted","M2","JKI","M. sinensis",36,-0.0226374638937064,0.503077448789998
"Sparse25",2,15,"Group_adjusted","M2","JKI","M. x gig",18,0.297438476460414,0.660471861065229
"Sparse25",2,15,"Group_adjusted","M3","ABR33","M. sacchariflorus",41,-0.156469073018875,0.368093289440928
"Sparse25",2,15,"Group_adjusted","M3","ABR33","M. sinensis",41,0.383363583551922,0.943588392507128
"Sparse25",2,15,"Group_adjusted","M3","ABR33","M. x gig",18,0.353223509860024,1.23033555585778
"Sparse25",2,15,"Group_adjusted","M3","JKI","M. sacchariflorus",45,0.231079144685044,0.402574607294705
"Sparse25",2,15,"Group_adjusted","M3","JKI","M. sinensis",36,0.0119113672108619,0.506250244969003
"Sparse25",2,15,"Group_adjusted","M3","JKI","M. x gig",18,0.104116644320529,0.642860089138055
"Sparse25",2,15,"Raw","M1","ABR33","M. sacchariflorus",41,-0.0862177922083808,0.728424463627062
"Sparse25",2,15,"Raw","M1","ABR33","M. sinensis",41,0.239546744734707,0.753028889785625
"Sparse25",2,15,"Raw","M1","ABR33","M. x gig",18,0.477933012787294,1.20555547309427
"Sparse25",2,15,"Raw","M1","JKI","M. sacchariflorus",45,0.172381123214099,0.42004292846803
"Sparse25",2,15,"Raw","M1","JKI","M. sinensis",36,-0.00890161216879819,0.534382156912403
"Sparse25",2,15,"Raw","M1","JKI","M. x gig",18,0.157243172462559,0.731664937997938
"Sparse25",2,15,"Raw","M2","ABR33","M. sacchariflorus",41,0.216545170668499,0.565055533530525
"Sparse25",2,15,"Raw","M2","ABR33","M. sinensis",41,0.251003142466562,0.838644439261363
"Sparse25",2,15,"Raw","M2","ABR33","M. x gig",18,0.461805182560847,1.13153947670791
"Sparse25",2,15,"Raw","M2","JKI","M. sacchariflorus",45,0.301854278964688,0.408249270402658
"Sparse25",2,15,"Raw","M2","JKI","M. sinensis",36,0.026656862999714,0.6865200037973
"Sparse25",2,15,"Raw","M2","JKI","M. x gig",18,0.249476555128132,0.686713226209069
"Sparse25",2,15,"Raw","M3","ABR33","M. sacchariflorus",41,0.216497471414363,0.439499800089884
"Sparse25",2,15,"Raw","M3","ABR33","M. sinensis",41,0.34272391254408,1.0250538845447
"Sparse25",2,15,"Raw","M3","ABR33","M. x gig",18,0.413437966185489,1.10276250452634
"Sparse25",2,15,"Raw","M3","JKI","M. sacchariflorus",45,0.301721755779339,0.396499854203651
"Sparse25",2,15,"Raw","M3","JKI","M. sinensis",36,-0.0019396171172499,0.582031881518225
"Sparse25",2,15,"Raw","M3","JKI","M. x gig",18,0.210494632276974,0.722236983844536
"Sparse25",2,20,"Group_adjusted","M1","ABR33","M. sacchariflorus",45,0.0612739931364223,0.393854245106536
"Sparse25",2,20,"Group_adjusted","M1","ABR33","M. sinensis",36,0.263928481850579,0.785175036172599
"Sparse25",2,20,"Group_adjusted","M1","ABR33","M. x gig",19,0.244966089200271,1.18557080629356
"Sparse25",2,20,"Group_adjusted","M1","JKI","M. sacchariflorus",47,0.127209972497894,0.398363782304256
"Sparse25",2,20,"Group_adjusted","M1","JKI","M. sinensis",34,-0.134350682138927,0.538994708041519
"Sparse25",2,20,"Group_adjusted","M1","JKI","M. x gig",18,NA,0.846513079306063
"Sparse25",2,20,"Group_adjusted","M2","ABR33","M. sacchariflorus",45,0.140629821595274,0.393724046157953
"Sparse25",2,20,"Group_adjusted","M2","ABR33","M. sinensis",36,0.337125570778508,0.7803365486982
"Sparse25",2,20,"Group_adjusted","M2","ABR33","M. x gig",19,0.252387568346215,1.18146230196486
"Sparse25",2,20,"Group_adjusted","M2","JKI","M. sacchariflorus",47,0.184177008476573,0.396243441727792
"Sparse25",2,20,"Group_adjusted","M2","JKI","M. sinensis",34,-0.116402744003905,0.546041272391904
"Sparse25",2,20,"Group_adjusted","M2","JKI","M. x gig",18,0.406421471803996,0.840105856357882
"Sparse25",2,20,"Group_adjusted","M3","ABR33","M. sacchariflorus",45,0.226794641786209,0.395022277977132
"Sparse25",2,20,"Group_adjusted","M3","ABR33","M. sinensis",36,0.345559301843255,0.77787737088049
"Sparse25",2,20,"Group_adjusted","M3","ABR33","M. x gig",19,0.251805022085999,1.17982561127564
"Sparse25",2,20,"Group_adjusted","M3","JKI","M. sacchariflorus",47,0.243628748088386,0.392407359661586
"Sparse25",2,20,"Group_adjusted","M3","JKI","M. sinensis",34,-0.0738636613541724,0.535570929606645
"Sparse25",2,20,"Group_adjusted","M3","JKI","M. x gig",18,0.391002165185439,0.825828156587587
"Sparse25",2,20,"Raw","M1","ABR33","M. sacchariflorus",45,0.0612739931364223,0.552127807412977
"Sparse25",2,20,"Raw","M1","ABR33","M. sinensis",36,0.16384172311479,0.792705866826286
"Sparse25",2,20,"Raw","M1","ABR33","M. x gig",19,-0.244966089200271,1.58913227561843
"Sparse25",2,20,"Raw","M1","JKI","M. sacchariflorus",47,0.122475292692621,0.416293521605841
"Sparse25",2,20,"Raw","M1","JKI","M. sinensis",34,-0.087856812845085,0.497353341426215
"Sparse25",2,20,"Raw","M1","JKI","M. x gig",18,NA,1.19253595781678
"Sparse25",2,20,"Raw","M2","ABR33","M. sacchariflorus",45,0.230130682076739,0.486464454440236
"Sparse25",2,20,"Raw","M2","ABR33","M. sinensis",36,0.174477169310955,0.784320007190453
"Sparse25",2,20,"Raw","M2","ABR33","M. x gig",19,-0.142431317674153,1.56632886535179
"Sparse25",2,20,"Raw","M2","JKI","M. sacchariflorus",47,0.115698383136331,0.455625598873387
"Sparse25",2,20,"Raw","M2","JKI","M. sinensis",34,-0.0628737870498361,0.496336753645269
"Sparse25",2,20,"Raw","M2","JKI","M. x gig",18,-0.0466009565271561,1.17388724455675
"Sparse25",2,20,"Raw","M3","ABR33","M. sacchariflorus",45,0.272524374979092,0.395353578519014
"Sparse25",2,20,"Raw","M3","ABR33","M. sinensis",36,0.31872057621627,0.782612742480654
"Sparse25",2,20,"Raw","M3","ABR33","M. x gig",19,-0.114634780982056,1.55227951362641
"Sparse25",2,20,"Raw","M3","JKI","M. sacchariflorus",47,0.177752426274441,0.395477905797948
"Sparse25",2,20,"Raw","M3","JKI","M. sinensis",34,-0.0465656369488515,0.513244659822979
"Sparse25",2,20,"Raw","M3","JKI","M. x gig",18,0.142580818736273,1.12767234633036
"Sparse25",2,25,"Group_adjusted","M1","ABR33","M. sacchariflorus",42,NA,0.3508963535663
"Sparse25",2,25,"Group_adjusted","M1","ABR33","M. sinensis",39,NA,0.928903015685845
"Sparse25",2,25,"Group_adjusted","M1","ABR33","M. x gig",19,NA,1.71822680171804
"Sparse25",2,25,"Group_adjusted","M1","JKI","M. sacchariflorus",42,NA,0.430137362626557
"Sparse25",2,25,"Group_adjusted","M1","JKI","M. sinensis",38,NA,0.473498762345885
"Sparse25",2,25,"Group_adjusted","M1","JKI","M. x gig",19,NA,0.856837912019046
"Sparse25",2,25,"Group_adjusted","M2","ABR33","M. sacchariflorus",42,0.132893642091398,0.348573705764848
"Sparse25",2,25,"Group_adjusted","M2","ABR33","M. sinensis",39,0.342634562102429,0.930372577783434
"Sparse25",2,25,"Group_adjusted","M2","ABR33","M. x gig",19,0.0544757152307904,1.71462908017876
"Sparse25",2,25,"Group_adjusted","M2","JKI","M. sacchariflorus",42,0.21632567385403,0.424541754929924
"Sparse25",2,25,"Group_adjusted","M2","JKI","M. sinensis",38,0.439776134279023,0.474501749637245
"Sparse25",2,25,"Group_adjusted","M2","JKI","M. x gig",19,0.510195454423733,0.825158325390113
"Sparse25",2,25,"Group_adjusted","M3","ABR33","M. sacchariflorus",42,0.145379054706563,0.347089189789831
"Sparse25",2,25,"Group_adjusted","M3","ABR33","M. sinensis",39,0.275221579820986,0.923395992852508
"Sparse25",2,25,"Group_adjusted","M3","ABR33","M. x gig",19,0.197252233221253,1.70738203613659
"Sparse25",2,25,"Group_adjusted","M3","JKI","M. sacchariflorus",42,0.11585143808023,0.427326777622343
"Sparse25",2,25,"Group_adjusted","M3","JKI","M. sinensis",38,0.323301851481327,0.473709041897835
"Sparse25",2,25,"Group_adjusted","M3","JKI","M. x gig",19,0.530363705965175,0.821829848516912
"Sparse25",2,25,"Raw","M1","ABR33","M. sacchariflorus",42,NA,0.562389772583146
"Sparse25",2,25,"Raw","M1","ABR33","M. sinensis",39,NA,0.871380644282211
"Sparse25",2,25,"Raw","M1","ABR33","M. x gig",19,NA,1.29574821094099
"Sparse25",2,25,"Raw","M1","JKI","M. sacchariflorus",42,NA,0.436907995333104
"Sparse25",2,25,"Raw","M1","JKI","M. sinensis",38,NA,0.505468903343563
"Sparse25",2,25,"Raw","M1","JKI","M. x gig",19,NA,0.802336594216809
"Sparse25",2,25,"Raw","M2","ABR33","M. sacchariflorus",42,0.271174933594187,0.537997158930808
"Sparse25",2,25,"Raw","M2","ABR33","M. sinensis",39,0.189451781127874,0.87295328791256
"Sparse25",2,25,"Raw","M2","ABR33","M. x gig",19,0.104063631353836,1.2148485205813
"Sparse25",2,25,"Raw","M2","JKI","M. sacchariflorus",42,0.175541211127358,0.418485317085105
"Sparse25",2,25,"Raw","M2","JKI","M. sinensis",38,0.31650446252597,0.480528229068247
"Sparse25",2,25,"Raw","M2","JKI","M. x gig",19,0.447851608691338,0.695057828272086
"Sparse25",2,25,"Raw","M3","ABR33","M. sacchariflorus",42,0.292381158428118,0.455573703405843
"Sparse25",2,25,"Raw","M3","ABR33","M. sinensis",39,0.145961078034177,0.85277918609076
"Sparse25",2,25,"Raw","M3","ABR33","M. x gig",19,0.219363468310227,1.1531688863948
"Sparse25",2,25,"Raw","M3","JKI","M. sacchariflorus",42,0.0723823315136412,0.450512842556296
"Sparse25",2,25,"Raw","M3","JKI","M. sinensis",38,0.211104513871714,0.45716514836812
"Sparse25",2,25,"Raw","M3","JKI","M. x gig",19,0.45378128075275,0.710941128579323
"Sparse25",3,0,"Group_adjusted","M1","ABR33","M. sacchariflorus",47,0.365928012981028,0.42725768990967
"Sparse25",3,0,"Group_adjusted","M1","ABR33","M. sinensis",39,0.140000542488755,0.94197306495564
"Sparse25",3,0,"Group_adjusted","M1","ABR33","M. x gig",14,0.14304952468838,1.3485714691648
"Sparse25",3,0,"Group_adjusted","M1","JKI","M. sacchariflorus",41,0.0474014446485278,0.459253215493136
"Sparse25",3,0,"Group_adjusted","M1","JKI","M. sinensis",40,-0.182582874218327,0.527668189905341
"Sparse25",3,0,"Group_adjusted","M1","JKI","M. x gig",18,-0.107033817290513,0.726789309938565
"Sparse25",3,0,"Group_adjusted","M2","ABR33","M. sacchariflorus",47,0.305157477297128,0.419319762550125
"Sparse25",3,0,"Group_adjusted","M2","ABR33","M. sinensis",39,0.261991634257241,0.933602057347766
"Sparse25",3,0,"Group_adjusted","M2","ABR33","M. x gig",14,0.100165635712115,1.35311910434488
"Sparse25",3,0,"Group_adjusted","M2","JKI","M. sacchariflorus",41,0.00622965274387701,0.467814955337029
"Sparse25",3,0,"Group_adjusted","M2","JKI","M. sinensis",40,-0.114767689221968,0.532252752358374
"Sparse25",3,0,"Group_adjusted","M2","JKI","M. x gig",18,-0.153620346570744,0.746331798114967
"Sparse25",3,0,"Group_adjusted","M3","ABR33","M. sacchariflorus",47,0.19303328160883,0.419263593909345
"Sparse25",3,0,"Group_adjusted","M3","ABR33","M. sinensis",39,0.231064412531474,0.935566013825028
"Sparse25",3,0,"Group_adjusted","M3","ABR33","M. x gig",14,0.11139036822044,1.35570258889495
"Sparse25",3,0,"Group_adjusted","M3","JKI","M. sacchariflorus",41,0.0167812696864428,0.465869087504973
"Sparse25",3,0,"Group_adjusted","M3","JKI","M. sinensis",40,-0.091868657310281,0.530808229164999
"Sparse25",3,0,"Group_adjusted","M3","JKI","M. x gig",18,-0.149159426261017,0.741871360897135
"Sparse25",3,0,"Raw","M1","ABR33","M. sacchariflorus",47,0.414966507527542,0.841023162363562
"Sparse25",3,0,"Raw","M1","ABR33","M. sinensis",39,0.117591514984915,0.939029410848001
"Sparse25",3,0,"Raw","M1","ABR33","M. x gig",14,-0.00495959039983363,1.54621438690378
"Sparse25",3,0,"Raw","M1","JKI","M. sacchariflorus",41,0.124733194152799,0.441701038308655
"Sparse25",3,0,"Raw","M1","JKI","M. sinensis",40,-0.188171449191974,0.481690192997657
"Sparse25",3,0,"Raw","M1","JKI","M. x gig",18,-0.207491773627136,1.0974189409859
"Sparse25",3,0,"Raw","M2","ABR33","M. sacchariflorus",47,0.23039813171165,0.717427412334701
"Sparse25",3,0,"Raw","M2","ABR33","M. sinensis",39,0.204875663594466,0.933820296952096
"Sparse25",3,0,"Raw","M2","ABR33","M. x gig",14,0.0155804393222334,1.53857284396746
"Sparse25",3,0,"Raw","M2","JKI","M. sacchariflorus",41,-0.00355227410198715,0.491126806631103
"Sparse25",3,0,"Raw","M2","JKI","M. sinensis",40,-0.0954138963547931,0.487659694864993
"Sparse25",3,0,"Raw","M2","JKI","M. x gig",18,-0.29940732376662,1.05371809898319
"Sparse25",3,0,"Raw","M3","ABR33","M. sacchariflorus",47,0.168674319138334,0.629203567103394
"Sparse25",3,0,"Raw","M3","ABR33","M. sinensis",39,0.236885316145047,0.964315929417537
"Sparse25",3,0,"Raw","M3","ABR33","M. x gig",14,0.00893581336020207,1.5545237755909
"Sparse25",3,0,"Raw","M3","JKI","M. sacchariflorus",41,0.00367594889167953,0.462148964092881
"Sparse25",3,0,"Raw","M3","JKI","M. sinensis",40,-0.141949520431788,0.484556887820313
"Sparse25",3,0,"Raw","M3","JKI","M. x gig",18,-0.264560131826746,1.05914550468994
"Sparse25",3,5,"Group_adjusted","M1","ABR33","M. sacchariflorus",41,0.0292192214635154,0.424110951326978
"Sparse25",3,5,"Group_adjusted","M1","ABR33","M. sinensis",42,0.111535838405761,0.849888123222703
"Sparse25",3,5,"Group_adjusted","M1","ABR33","M. x gig",17,0.485098583271055,1.237705296136
"Sparse25",3,5,"Group_adjusted","M1","JKI","M. sacchariflorus",43,0.118552080386403,0.375338545953768
"Sparse25",3,5,"Group_adjusted","M1","JKI","M. sinensis",39,-0.362129183731968,0.500271757463435
"Sparse25",3,5,"Group_adjusted","M1","JKI","M. x gig",17,0.390033161054302,0.724552215703267
"Sparse25",3,5,"Group_adjusted","M2","ABR33","M. sacchariflorus",41,0.066577275573452,0.418795959184428
"Sparse25",3,5,"Group_adjusted","M2","ABR33","M. sinensis",42,0.136646664487034,0.845627161811212
"Sparse25",3,5,"Group_adjusted","M2","ABR33","M. x gig",17,0.490937774973447,1.21797711568603
"Sparse25",3,5,"Group_adjusted","M2","JKI","M. sacchariflorus",43,0.174972549210433,0.373471413901989
"Sparse25",3,5,"Group_adjusted","M2","JKI","M. sinensis",39,-0.380452924368213,0.512282211409069
"Sparse25",3,5,"Group_adjusted","M2","JKI","M. x gig",17,0.542014683200518,0.682636292860143
"Sparse25",3,5,"Group_adjusted","M3","ABR33","M. sacchariflorus",41,0.105364773479582,0.418053704317353
"Sparse25",3,5,"Group_adjusted","M3","ABR33","M. sinensis",42,0.191122956244362,0.845503817519689
"Sparse25",3,5,"Group_adjusted","M3","ABR33","M. x gig",17,0.464420320194867,1.22944192302815
"Sparse25",3,5,"Group_adjusted","M3","JKI","M. sacchariflorus",43,0.194477836083143,0.371642465587126
"Sparse25",3,5,"Group_adjusted","M3","JKI","M. sinensis",39,-0.385889748751364,0.504386031348607
"Sparse25",3,5,"Group_adjusted","M3","JKI","M. x gig",17,0.578868166373415,0.687393371732275
"Sparse25",3,5,"Raw","M1","ABR33","M. sacchariflorus",41,0.0850472171308581,0.598389710644886
"Sparse25",3,5,"Raw","M1","ABR33","M. sinensis",42,0.0584282169108959,0.823436573817827
"Sparse25",3,5,"Raw","M1","ABR33","M. x gig",17,0.339715214381476,1.40449682784448
"Sparse25",3,5,"Raw","M1","JKI","M. sacchariflorus",43,0.0467947917557875,0.381941113514644
"Sparse25",3,5,"Raw","M1","JKI","M. sinensis",39,-0.269649549126476,0.521669186115286
"Sparse25",3,5,"Raw","M1","JKI","M. x gig",17,0.174393318474283,0.846805688889907
"Sparse25",3,5,"Raw","M2","ABR33","M. sacchariflorus",41,0.205293314746219,0.511620000210526
"Sparse25",3,5,"Raw","M2","ABR33","M. sinensis",42,0.0180788668794202,0.852603177322948
"Sparse25",3,5,"Raw","M2","ABR33","M. x gig",17,0.335250053900472,1.28501798306227
"Sparse25",3,5,"Raw","M2","JKI","M. sacchariflorus",43,0.152763702932319,0.420318555300147
"Sparse25",3,5,"Raw","M2","JKI","M. sinensis",39,-0.315579633298696,0.62698640989892
"Sparse25",3,5,"Raw","M2","JKI","M. x gig",17,0.327836456663407,0.744895314003695
"Sparse25",3,5,"Raw","M3","ABR33","M. sacchariflorus",41,0.298966034188514,0.423765726423544
"Sparse25",3,5,"Raw","M3","ABR33","M. sinensis",42,0.148854464120866,0.938412251323657
"Sparse25",3,5,"Raw","M3","ABR33","M. x gig",17,0.268140249833966,1.26593471382522
"Sparse25",3,5,"Raw","M3","JKI","M. sacchariflorus",43,0.170403229010125,0.374036803246023
"Sparse25",3,5,"Raw","M3","JKI","M. sinensis",39,-0.362852151091068,0.54649395208057
"Sparse25",3,5,"Raw","M3","JKI","M. x gig",17,0.413721919458023,0.742955166753092
"Sparse25",3,10,"Group_adjusted","M1","ABR33","M. sacchariflorus",43,0.139703839806894,0.453416399205503
"Sparse25",3,10,"Group_adjusted","M1","ABR33","M. sinensis",40,0.274978538509388,0.88617547265941
"Sparse25",3,10,"Group_adjusted","M1","ABR33","M. x gig",17,0.174392790839754,1.11881419792675
"Sparse25",3,10,"Group_adjusted","M1","JKI","M. sacchariflorus",48,0.292812776137784,0.448032822854457
"Sparse25",3,10,"Group_adjusted","M1","JKI","M. sinensis",35,0.148834917319036,0.485624160327815
"Sparse25",3,10,"Group_adjusted","M1","JKI","M. x gig",16,-0.0533937187115256,0.708509089949742
"Sparse25",3,10,"Group_adjusted","M2","ABR33","M. sacchariflorus",43,0.0830881557478389,0.470902909839749
"Sparse25",3,10,"Group_adjusted","M2","ABR33","M. sinensis",40,0.317588609631544,0.880431285993888
"Sparse25",3,10,"Group_adjusted","M2","ABR33","M. x gig",17,0.130945731723899,1.12269266606898
"Sparse25",3,10,"Group_adjusted","M2","JKI","M. sacchariflorus",48,0.191579085241167,0.442422645668044
"Sparse25",3,10,"Group_adjusted","M2","JKI","M. sinensis",35,0.217183425451767,0.488392341758598
"Sparse25",3,10,"Group_adjusted","M2","JKI","M. x gig",16,-0.099495319717597,0.752515464994933
"Sparse25",3,10,"Group_adjusted","M3","ABR33","M. sacchariflorus",43,0.155699472978017,0.459843424724793
"Sparse25",3,10,"Group_adjusted","M3","ABR33","M. sinensis",40,0.378502980958923,0.876979855195792
"Sparse25",3,10,"Group_adjusted","M3","ABR33","M. x gig",17,0.0964474213931939,1.12704136129059
"Sparse25",3,10,"Group_adjusted","M3","JKI","M. sacchariflorus",48,0.268717959779481,0.435489209304885
"Sparse25",3,10,"Group_adjusted","M3","JKI","M. sinensis",35,0.264809514799291,0.495193925671905
"Sparse25",3,10,"Group_adjusted","M3","JKI","M. x gig",16,-0.0711938627861669,0.722820861690399
"Sparse25",3,10,"Raw","M1","ABR33","M. sacchariflorus",43,0.178624850381864,0.50814422725876
"Sparse25",3,10,"Raw","M1","ABR33","M. sinensis",40,0.273519596931732,0.892484981284884
"Sparse25",3,10,"Raw","M1","ABR33","M. x gig",17,0.0537341068549323,1.54172829838964
"Sparse25",3,10,"Raw","M1","JKI","M. sacchariflorus",48,0.0908992724936988,0.387595370682988
"Sparse25",3,10,"Raw","M1","JKI","M. sinensis",35,0.165414678270229,0.472939137577871
"Sparse25",3,10,"Raw","M1","JKI","M. x gig",16,-0.058517854982768,0.967663215943563
"Sparse25",3,10,"Raw","M2","ABR33","M. sacchariflorus",43,0.24342687755643,0.394677821935297
"Sparse25",3,10,"Raw","M2","ABR33","M. sinensis",40,0.365793287835915,0.853060373700202
"Sparse25",3,10,"Raw","M2","ABR33","M. x gig",17,-0.054260268692028,1.5054735808913
"Sparse25",3,10,"Raw","M2","JKI","M. sacchariflorus",48,0.0324464938904585,0.435608073820025
"Sparse25",3,10,"Raw","M2","JKI","M. sinensis",35,0.2221627050456,0.579713374003158
"Sparse25",3,10,"Raw","M2","JKI","M. x gig",16,-0.196998687815718,0.976764350009003
"Sparse25",3,10,"Raw","M3","ABR33","M. sacchariflorus",43,0.269230113945951,0.385843410201963
"Sparse25",3,10,"Raw","M3","ABR33","M. sinensis",40,0.435010584139821,0.854532578750187
"Sparse25",3,10,"Raw","M3","ABR33","M. x gig",17,-0.101620290315728,1.49086855288417
"Sparse25",3,10,"Raw","M3","JKI","M. sacchariflorus",48,0.0939285732608134,0.400372698378288
"Sparse25",3,10,"Raw","M3","JKI","M. sinensis",35,0.213696185262598,0.550570389624239
"Sparse25",3,10,"Raw","M3","JKI","M. x gig",16,-0.171375299574606,0.938372092522721
"Sparse25",3,15,"Group_adjusted","M1","ABR33","M. sacchariflorus",47,0.08527975901067,0.413976893227183
"Sparse25",3,15,"Group_adjusted","M1","ABR33","M. sinensis",36,0.38490159995697,0.873220675091696
"Sparse25",3,15,"Group_adjusted","M1","ABR33","M. x gig",17,0.325529634652379,1.14703046290787
"Sparse25",3,15,"Group_adjusted","M1","JKI","M. sacchariflorus",45,0.0559493404053253,0.406481616162634
"Sparse25",3,15,"Group_adjusted","M1","JKI","M. sinensis",36,0.217854188651055,0.494198046610334
"Sparse25",3,15,"Group_adjusted","M1","JKI","M. x gig",18,-0.0627268287381861,0.75903340176794
"Sparse25",3,15,"Group_adjusted","M2","ABR33","M. sacchariflorus",47,0.133706484056375,0.418443194423942
"Sparse25",3,15,"Group_adjusted","M2","ABR33","M. sinensis",36,0.462450508681106,0.859455495429528
"Sparse25",3,15,"Group_adjusted","M2","ABR33","M. x gig",17,0.128319446715943,1.15040632375747
"Sparse25",3,15,"Group_adjusted","M2","JKI","M. sacchariflorus",45,0.182596252420908,0.397994094737495
"Sparse25",3,15,"Group_adjusted","M2","JKI","M. sinensis",36,0.226865910108513,0.484958073646098
"Sparse25",3,15,"Group_adjusted","M2","JKI","M. x gig",18,-0.0443422062190136,0.773591420973432
"Sparse25",3,15,"Group_adjusted","M3","ABR33","M. sacchariflorus",47,0.0746716428660023,0.400742955919153
"Sparse25",3,15,"Group_adjusted","M3","ABR33","M. sinensis",36,0.416250568672869,0.858716474044052
"Sparse25",3,15,"Group_adjusted","M3","ABR33","M. x gig",17,-0.0340517521707953,1.16872677540745
"Sparse25",3,15,"Group_adjusted","M3","JKI","M. sacchariflorus",45,0.24416267878454,0.405810562615719
"Sparse25",3,15,"Group_adjusted","M3","JKI","M. sinensis",36,0.264510364158389,0.471497526783259
"Sparse25",3,15,"Group_adjusted","M3","JKI","M. x gig",18,0.0494965378015757,0.760720024829827
"Sparse25",3,15,"Raw","M1","ABR33","M. sacchariflorus",47,0.0810804516041119,0.671718841312012
"Sparse25",3,15,"Raw","M1","ABR33","M. sinensis",36,0.377404211559532,0.861410917935091
"Sparse25",3,15,"Raw","M1","ABR33","M. x gig",17,0.325529634652379,1.49807014609993
"Sparse25",3,15,"Raw","M1","JKI","M. sacchariflorus",45,-0.018662455270749,0.387427921662775
"Sparse25",3,15,"Raw","M1","JKI","M. sinensis",36,0.222875562936534,0.51409172209196
"Sparse25",3,15,"Raw","M1","JKI","M. x gig",18,-0.0637324771852715,0.956161747402091
"Sparse25",3,15,"Raw","M2","ABR33","M. sacchariflorus",47,0.174232084155007,0.652587629175697
"Sparse25",3,15,"Raw","M2","ABR33","M. sinensis",36,0.469406539082001,0.850914250969086
"Sparse25",3,15,"Raw","M2","ABR33","M. x gig",17,-0.0253720651879673,1.48317868489218
"Sparse25",3,15,"Raw","M2","JKI","M. sacchariflorus",45,0.0874912301822182,0.373554927749509
"Sparse25",3,15,"Raw","M2","JKI","M. sinensis",36,0.23825265743061,0.506324719218189
"Sparse25",3,15,"Raw","M2","JKI","M. x gig",18,-0.0492503087996441,0.933604425010941
"Sparse25",3,15,"Raw","M3","ABR33","M. sacchariflorus",47,0.160372814404389,0.562559816090735
"Sparse25",3,15,"Raw","M3","ABR33","M. sinensis",36,0.405216643105076,0.849147095729104
"Sparse25",3,15,"Raw","M3","ABR33","M. x gig",17,-0.139771324209057,1.48977838663045
"Sparse25",3,15,"Raw","M3","JKI","M. sacchariflorus",45,0.146872341912662,0.394105022526703
"Sparse25",3,15,"Raw","M3","JKI","M. sinensis",36,0.273346975038138,0.472292265368271
"Sparse25",3,15,"Raw","M3","JKI","M. x gig",18,0.0441107288328628,0.929296533860613
"Sparse25",3,20,"Group_adjusted","M1","ABR33","M. sacchariflorus",45,0.125709162541765,0.403894148567434
"Sparse25",3,20,"Group_adjusted","M1","ABR33","M. sinensis",39,-0.00179943780784465,0.921892859578066
"Sparse25",3,20,"Group_adjusted","M1","ABR33","M. x gig",16,NA,1.08502856686392
"Sparse25",3,20,"Group_adjusted","M1","JKI","M. sacchariflorus",44,0.227429607479032,0.397155745880515
"Sparse25",3,20,"Group_adjusted","M1","JKI","M. sinensis",39,0.107730981124741,0.515524752530936
"Sparse25",3,20,"Group_adjusted","M1","JKI","M. x gig",16,NA,0.626312599394266
"Sparse25",3,20,"Group_adjusted","M2","ABR33","M. sacchariflorus",45,0.124755113470257,0.400119784902978
"Sparse25",3,20,"Group_adjusted","M2","ABR33","M. sinensis",39,0.361650450613954,0.90857838289836
"Sparse25",3,20,"Group_adjusted","M2","ABR33","M. x gig",16,0.642892791258747,1.06509461394453
"Sparse25",3,20,"Group_adjusted","M2","JKI","M. sacchariflorus",44,0.289653697444743,0.39348391826761
"Sparse25",3,20,"Group_adjusted","M2","JKI","M. sinensis",39,0.125320112586604,0.500497082632296
"Sparse25",3,20,"Group_adjusted","M2","JKI","M. x gig",16,0.793711182919588,0.597104815221878
"Sparse25",3,20,"Group_adjusted","M3","ABR33","M. sacchariflorus",45,0.104165781720732,0.409847852973786
"Sparse25",3,20,"Group_adjusted","M3","ABR33","M. sinensis",39,0.259368527047756,0.917670235244291
"Sparse25",3,20,"Group_adjusted","M3","ABR33","M. x gig",16,0.689583995151414,1.05814339799614
"Sparse25",3,20,"Group_adjusted","M3","JKI","M. sacchariflorus",44,0.139105547153249,0.397782268772022
"Sparse25",3,20,"Group_adjusted","M3","JKI","M. sinensis",39,0.120087048951094,0.4990415089856
"Sparse25",3,20,"Group_adjusted","M3","JKI","M. x gig",16,0.733893940082819,0.584942868404057
"Sparse25",3,20,"Raw","M1","ABR33","M. sacchariflorus",45,0.162868291465033,0.762515977753962
"Sparse25",3,20,"Raw","M1","ABR33","M. sinensis",39,-0.00179943780784464,0.840015615098374
"Sparse25",3,20,"Raw","M1","ABR33","M. x gig",16,NA,1.27019652646237
"Sparse25",3,20,"Raw","M1","JKI","M. sacchariflorus",44,0.204496405150732,0.422441175418327
"Sparse25",3,20,"Raw","M1","JKI","M. sinensis",39,0.108209477073131,0.54142080239646
"Sparse25",3,20,"Raw","M1","JKI","M. x gig",16,NA,0.830179319674672
"Sparse25",3,20,"Raw","M2","ABR33","M. sacchariflorus",45,0.3264000389791,0.609562479884776
"Sparse25",3,20,"Raw","M2","ABR33","M. sinensis",39,0.264686992019362,0.902522069722417
"Sparse25",3,20,"Raw","M2","ABR33","M. x gig",16,0.356898852696393,1.2065291829197
"Sparse25",3,20,"Raw","M2","JKI","M. sacchariflorus",44,0.310863764919623,0.383276211099801
"Sparse25",3,20,"Raw","M2","JKI","M. sinensis",39,0.119063617803926,0.66884315490114
"Sparse25",3,20,"Raw","M2","JKI","M. x gig",16,0.365759193794597,0.758412975153778
"Sparse25",3,20,"Raw","M3","ABR33","M. sacchariflorus",45,0.316159772943438,0.469160505236277
"Sparse25",3,20,"Raw","M3","ABR33","M. sinensis",39,0.199495653877688,1.0105472351887
"Sparse25",3,20,"Raw","M3","ABR33","M. x gig",16,0.299091422347076,1.17448326699076
"Sparse25",3,20,"Raw","M3","JKI","M. sacchariflorus",44,0.266005312877611,0.398870637638172
"Sparse25",3,20,"Raw","M3","JKI","M. sinensis",39,0.128489316055686,0.56502099229672
"Sparse25",3,20,"Raw","M3","JKI","M. x gig",16,0.545172194137253,0.760267429702791
"Sparse25",3,25,"Group_adjusted","M1","ABR33","M. sacchariflorus",46,NA,0.397411217780964
"Sparse25",3,25,"Group_adjusted","M1","ABR33","M. sinensis",34,NA,1.00818604108965
"Sparse25",3,25,"Group_adjusted","M1","ABR33","M. x gig",20,NA,1.16121825336231
"Sparse25",3,25,"Group_adjusted","M1","JKI","M. sacchariflorus",46,NA,0.388441622579106
"Sparse25",3,25,"Group_adjusted","M1","JKI","M. sinensis",33,NA,0.448385400028059
"Sparse25",3,25,"Group_adjusted","M1","JKI","M. x gig",20,NA,0.706271326343448
"Sparse25",3,25,"Group_adjusted","M2","ABR33","M. sacchariflorus",46,0.241302233259922,0.393267983169346
"Sparse25",3,25,"Group_adjusted","M2","ABR33","M. sinensis",34,0.230651727762657,1.00180172104218
"Sparse25",3,25,"Group_adjusted","M2","ABR33","M. x gig",20,0.122254086757322,1.1576077402341
"Sparse25",3,25,"Group_adjusted","M2","JKI","M. sacchariflorus",46,0.331982957596217,0.384438380332163
"Sparse25",3,25,"Group_adjusted","M2","JKI","M. sinensis",33,0.189879629031156,0.444025966136818
"Sparse25",3,25,"Group_adjusted","M2","JKI","M. x gig",20,0.170357022543979,0.70164276896152
"Sparse25",3,25,"Group_adjusted","M3","ABR33","M. sacchariflorus",46,0.427557981788551,0.397595004825596
"Sparse25",3,25,"Group_adjusted","M3","ABR33","M. sinensis",34,0.105560205034578,0.998531144745884
"Sparse25",3,25,"Group_adjusted","M3","ABR33","M. x gig",20,0.205471906259611,1.15708052582737
"Sparse25",3,25,"Group_adjusted","M3","JKI","M. sacchariflorus",46,0.172423658038382,0.38839979852315
"Sparse25",3,25,"Group_adjusted","M3","JKI","M. sinensis",33,0.195808969912906,0.4399742630948
"Sparse25",3,25,"Group_adjusted","M3","JKI","M. x gig",20,0.0780351614060992,0.703301693119413
"Sparse25",3,25,"Raw","M1","ABR33","M. sacchariflorus",46,NA,0.429471690373607
"Sparse25",3,25,"Raw","M1","ABR33","M. sinensis",34,NA,1.01015053889344
"Sparse25",3,25,"Raw","M1","ABR33","M. x gig",20,NA,1.71532766097653
"Sparse25",3,25,"Raw","M1","JKI","M. sacchariflorus",46,NA,0.3970244210355
"Sparse25",3,25,"Raw","M1","JKI","M. sinensis",33,NA,0.427768004506392
"Sparse25",3,25,"Raw","M1","JKI","M. x gig",20,NA,1.11129224649318
"Sparse25",3,25,"Raw","M2","ABR33","M. sacchariflorus",46,0.261880788283022,0.417773576161902
"Sparse25",3,25,"Raw","M2","ABR33","M. sinensis",34,0.248599998706311,1.00509773563176
"Sparse25",3,25,"Raw","M2","ABR33","M. x gig",20,0.0861919442704231,1.69008242109383
"Sparse25",3,25,"Raw","M2","JKI","M. sacchariflorus",46,0.297765473796257,0.397997987602506
"Sparse25",3,25,"Raw","M2","JKI","M. sinensis",33,0.243863554935071,0.42264577708082
"Sparse25",3,25,"Raw","M2","JKI","M. x gig",20,0.362782393643071,1.0746842222727
"Sparse25",3,25,"Raw","M3","ABR33","M. sacchariflorus",46,0.415588263377369,0.377003073942055
"Sparse25",3,25,"Raw","M3","ABR33","M. sinensis",34,0.177217913384778,0.974976805344699
"Sparse25",3,25,"Raw","M3","ABR33","M. x gig",20,0.0940893616379494,1.70306549771959
"Sparse25",3,25,"Raw","M3","JKI","M. sacchariflorus",46,0.179016698800383,0.387067210326095
"Sparse25",3,25,"Raw","M3","JKI","M. sinensis",33,0.27414806102975,0.42883646475908
"Sparse25",3,25,"Raw","M3","JKI","M. x gig",20,0.3510803916153,1.06950562731257
"Sparse25",4,0,"Group_adjusted","M1","ABR33","M. sacchariflorus",45,0.0790620009130009,0.404930592503239
"Sparse25",4,0,"Group_adjusted","M1","ABR33","M. sinensis",36,0.163026250598143,0.806445966353872
"Sparse25",4,0,"Group_adjusted","M1","ABR33","M. x gig",19,0.208670967041185,1.13256211126572
"Sparse25",4,0,"Group_adjusted","M1","JKI","M. sacchariflorus",45,0.0067561508128956,0.371948823286392
"Sparse25",4,0,"Group_adjusted","M1","JKI","M. sinensis",36,0.337979699683347,0.461180406093907
"Sparse25",4,0,"Group_adjusted","M1","JKI","M. x gig",18,0.234484807809017,0.668292090205827
"Sparse25",4,0,"Group_adjusted","M2","ABR33","M. sacchariflorus",45,0.0912948372179421,0.401595143318223
"Sparse25",4,0,"Group_adjusted","M2","ABR33","M. sinensis",36,0.348978709118648,0.796009965722931
"Sparse25",4,0,"Group_adjusted","M2","ABR33","M. x gig",19,0.208103433108941,1.13256653757564
"Sparse25",4,0,"Group_adjusted","M2","JKI","M. sacchariflorus",45,0.0848998003550309,0.369927381185928
"Sparse25",4,0,"Group_adjusted","M2","JKI","M. sinensis",36,0.389583190234349,0.452395938388253
"Sparse25",4,0,"Group_adjusted","M2","JKI","M. x gig",18,0.284406055646856,0.658461951148075
"Sparse25",4,0,"Group_adjusted","M3","ABR33","M. sacchariflorus",45,0.136286217293052,0.405968362049949
"Sparse25",4,0,"Group_adjusted","M3","ABR33","M. sinensis",36,0.41209510743926,0.794048724480596
"Sparse25",4,0,"Group_adjusted","M3","ABR33","M. x gig",19,0.274887579827723,1.1239676909002
"Sparse25",4,0,"Group_adjusted","M3","JKI","M. sacchariflorus",45,0.150941772146228,0.365869458183632
"Sparse25",4,0,"Group_adjusted","M3","JKI","M. sinensis",36,0.378423634727788,0.450618496255965
"Sparse25",4,0,"Group_adjusted","M3","JKI","M. x gig",18,0.286272196028306,0.659671921446545
"Sparse25",4,0,"Raw","M1","ABR33","M. sacchariflorus",45,0.0948623523843568,0.617674525580179
"Sparse25",4,0,"Raw","M1","ABR33","M. sinensis",36,0.117086318009269,0.787741999081733
"Sparse25",4,0,"Raw","M1","ABR33","M. x gig",19,0.0959259994492643,1.42231174917999
"Sparse25",4,0,"Raw","M1","JKI","M. sacchariflorus",45,-0.110355076223799,0.385266069761762
"Sparse25",4,0,"Raw","M1","JKI","M. sinensis",36,0.342171878248098,0.485732705976501
"Sparse25",4,0,"Raw","M1","JKI","M. x gig",18,-0.0247641156433062,0.963364023877255
"Sparse25",4,0,"Raw","M2","ABR33","M. sacchariflorus",45,0.175543380232898,0.531301090416687
"Sparse25",4,0,"Raw","M2","ABR33","M. sinensis",36,0.168671229845165,0.793426227133911
"Sparse25",4,0,"Raw","M2","ABR33","M. x gig",19,0.0465970844541259,1.35730063586136
"Sparse25",4,0,"Raw","M2","JKI","M. sacchariflorus",45,-0.0305596334467827,0.401101773822194
"Sparse25",4,0,"Raw","M2","JKI","M. sinensis",36,0.399443272326442,0.543236195657422
"Sparse25",4,0,"Raw","M2","JKI","M. x gig",18,-0.0755286433134205,0.889900194321851
"Sparse25",4,0,"Raw","M3","ABR33","M. sacchariflorus",45,0.271104731151301,0.423708761860164
"Sparse25",4,0,"Raw","M3","ABR33","M. sinensis",36,0.316227989279596,0.82230893872084
"Sparse25",4,0,"Raw","M3","ABR33","M. x gig",19,0.0503602401090892,1.36739820564782
"Sparse25",4,0,"Raw","M3","JKI","M. sacchariflorus",45,0.0490948117983943,0.374725447969505
"Sparse25",4,0,"Raw","M3","JKI","M. sinensis",36,0.38766590751364,0.473938708795597
"Sparse25",4,0,"Raw","M3","JKI","M. x gig",18,0.0220526624833244,0.887036835211017
"Sparse25",4,5,"Group_adjusted","M1","ABR33","M. sacchariflorus",40,0.410217272527711,0.382333628227934
"Sparse25",4,5,"Group_adjusted","M1","ABR33","M. sinensis",41,0.157025794654256,0.850768815206588
"Sparse25",4,5,"Group_adjusted","M1","ABR33","M. x gig",19,0.533396930723836,1.33258471914469
"Sparse25",4,5,"Group_adjusted","M1","JKI","M. sacchariflorus",45,-0.0202629428906245,0.382654087736067
"Sparse25",4,5,"Group_adjusted","M1","JKI","M. sinensis",37,0.0624173147918972,0.421074647841875
"Sparse25",4,5,"Group_adjusted","M1","JKI","M. x gig",17,0.417212090472935,0.645774797234177
"Sparse25",4,5,"Group_adjusted","M2","ABR33","M. sacchariflorus",40,0.432750685478392,0.372329933129366
"Sparse25",4,5,"Group_adjusted","M2","ABR33","M. sinensis",41,0.18861362163263,0.838002030994372
"Sparse25",4,5,"Group_adjusted","M2","ABR33","M. x gig",19,0.51765964904204,1.31162653392921
"Sparse25",4,5,"Group_adjusted","M2","JKI","M. sacchariflorus",45,0.0986966733029808,0.379617597830835
"Sparse25",4,5,"Group_adjusted","M2","JKI","M. sinensis",37,0.109066052378061,0.425697006441434
"Sparse25",4,5,"Group_adjusted","M2","JKI","M. x gig",17,0.516111633452845,0.612867715302937
"Sparse25",4,5,"Group_adjusted","M3","ABR33","M. sacchariflorus",40,0.459798430025428,0.371619795747971
"Sparse25",4,5,"Group_adjusted","M3","ABR33","M. sinensis",41,0.233847018824127,0.844269356832735
"Sparse25",4,5,"Group_adjusted","M3","ABR33","M. x gig",19,0.510937743719084,1.32154464905247
"Sparse25",4,5,"Group_adjusted","M3","JKI","M. sacchariflorus",45,0.134457542805191,0.377108234471857
"Sparse25",4,5,"Group_adjusted","M3","JKI","M. sinensis",37,0.115200216924264,0.422173837862759
"Sparse25",4,5,"Group_adjusted","M3","JKI","M. x gig",17,0.521493524652107,0.620040853017178
"Sparse25",4,5,"Raw","M1","ABR33","M. sacchariflorus",40,0.314457393604226,0.651149813679761
"Sparse25",4,5,"Raw","M1","ABR33","M. sinensis",41,0.168013501345778,0.799381864128151
"Sparse25",4,5,"Raw","M1","ABR33","M. x gig",19,0.616083195404409,1.27410513294937
"Sparse25",4,5,"Raw","M1","JKI","M. sacchariflorus",45,-0.0398748541870649,0.367489605912732
"Sparse25",4,5,"Raw","M1","JKI","M. sinensis",37,0.0562133082147035,0.444672787125475
"Sparse25",4,5,"Raw","M1","JKI","M. x gig",17,0.560022487432507,0.818420017010345
"Sparse25",4,5,"Raw","M2","ABR33","M. sacchariflorus",40,0.49994905400707,0.522318244475571
"Sparse25",4,5,"Raw","M2","ABR33","M. sinensis",41,0.214443597407495,0.807674481137314
"Sparse25",4,5,"Raw","M2","ABR33","M. x gig",19,0.649195097056869,1.12127978506379
"Sparse25",4,5,"Raw","M2","JKI","M. sacchariflorus",45,0.0304272400306702,0.420861377241061
"Sparse25",4,5,"Raw","M2","JKI","M. sinensis",37,0.103648367660084,0.510238325391692
"Sparse25",4,5,"Raw","M2","JKI","M. x gig",17,0.507836437961753,0.693291821928834
"Sparse25",4,5,"Raw","M3","ABR33","M. sacchariflorus",40,0.478543565936636,0.464821158771347
"Sparse25",4,5,"Raw","M3","ABR33","M. sinensis",41,0.274192739487167,0.89129484410091
"Sparse25",4,5,"Raw","M3","ABR33","M. x gig",19,0.617583573284968,1.09349506542774
"Sparse25",4,5,"Raw","M3","JKI","M. sacchariflorus",45,0.00707034898587252,0.378241082694569
"Sparse25",4,5,"Raw","M3","JKI","M. sinensis",37,0.134625541286694,0.438093725951691
"Sparse25",4,5,"Raw","M3","JKI","M. x gig",17,0.506789493409866,0.705333955484826
"Sparse25",4,10,"Group_adjusted","M1","ABR33","M. sacchariflorus",46,0.237269431007332,0.363796875178643
"Sparse25",4,10,"Group_adjusted","M1","ABR33","M. sinensis",35,0.209182310193055,0.88558496848434
"Sparse25",4,10,"Group_adjusted","M1","ABR33","M. x gig",19,0.45474020568351,1.29348814917592
"Sparse25",4,10,"Group_adjusted","M1","JKI","M. sacchariflorus",47,0.106046067219983,0.412809213998685
"Sparse25",4,10,"Group_adjusted","M1","JKI","M. sinensis",36,0.356054843606307,0.455867885232869
"Sparse25",4,10,"Group_adjusted","M1","JKI","M. x gig",16,0.118836367114669,0.647029659250936
"Sparse25",4,10,"Group_adjusted","M2","ABR33","M. sacchariflorus",46,0.248538650044801,0.362008662522981
"Sparse25",4,10,"Group_adjusted","M2","ABR33","M. sinensis",35,0.283212553899883,0.881151423496331
"Sparse25",4,10,"Group_adjusted","M2","ABR33","M. x gig",19,0.503195987055648,1.27805596048774
"Sparse25",4,10,"Group_adjusted","M2","JKI","M. sacchariflorus",47,0.194844032678097,0.407657246570202
"Sparse25",4,10,"Group_adjusted","M2","JKI","M. sinensis",36,0.367569434873014,0.466509495118548
"Sparse25",4,10,"Group_adjusted","M2","JKI","M. x gig",16,0.301464972644988,0.624382779199874
"Sparse25",4,10,"Group_adjusted","M3","ABR33","M. sacchariflorus",46,0.26572862217406,0.359173117429156
"Sparse25",4,10,"Group_adjusted","M3","ABR33","M. sinensis",35,0.350911027665651,0.873135840908863
"Sparse25",4,10,"Group_adjusted","M3","ABR33","M. x gig",19,0.470066005784818,1.29963695321547
"Sparse25",4,10,"Group_adjusted","M3","JKI","M. sacchariflorus",47,0.210071245185999,0.407139129089998
"Sparse25",4,10,"Group_adjusted","M3","JKI","M. sinensis",36,0.36537709234198,0.462851542683543
"Sparse25",4,10,"Group_adjusted","M3","JKI","M. x gig",16,0.371063649923901,0.616830005552932
"Sparse25",4,10,"Raw","M1","ABR33","M. sacchariflorus",46,0.244595057418146,0.688083557928049
"Sparse25",4,10,"Raw","M1","ABR33","M. sinensis",35,0.235684222665716,0.881643169185642
"Sparse25",4,10,"Raw","M1","ABR33","M. x gig",19,0.500021765418941,1.28293284270224
"Sparse25",4,10,"Raw","M1","JKI","M. sacchariflorus",47,-0.0581714837658069,0.442899247484714
"Sparse25",4,10,"Raw","M1","JKI","M. sinensis",36,0.356818811217552,0.510894965954153
"Sparse25",4,10,"Raw","M1","JKI","M. x gig",16,-0.0253770205020995,0.892007811351988
"Sparse25",4,10,"Raw","M2","ABR33","M. sacchariflorus",46,0.340127496578406,0.551833248484947
"Sparse25",4,10,"Raw","M2","ABR33","M. sinensis",35,0.331318630715263,0.888184688958205
"Sparse25",4,10,"Raw","M2","ABR33","M. x gig",19,0.535214134728681,1.18888558776961
"Sparse25",4,10,"Raw","M2","JKI","M. sacchariflorus",47,-0.0563733492738013,0.441790891072158
"Sparse25",4,10,"Raw","M2","JKI","M. sinensis",36,0.392869432301911,0.583489811017277
"Sparse25",4,10,"Raw","M2","JKI","M. x gig",16,-0.0207432013537894,0.848021165024589
"Sparse25",4,10,"Raw","M3","ABR33","M. sacchariflorus",46,0.340340179093563,0.502519839359039
"Sparse25",4,10,"Raw","M3","ABR33","M. sinensis",35,0.400192553659785,0.90090645010652
"Sparse25",4,10,"Raw","M3","ABR33","M. x gig",19,0.412613337927444,1.22948489623855
"Sparse25",4,10,"Raw","M3","JKI","M. sacchariflorus",47,-0.0374228789429441,0.430326361290234
"Sparse25",4,10,"Raw","M3","JKI","M. sinensis",36,0.382382190765734,0.514686651279896
"Sparse25",4,10,"Raw","M3","JKI","M. x gig",16,0.0121167451187757,0.843386043345656
"Sparse25",4,15,"Group_adjusted","M1","ABR33","M. sacchariflorus",45,0.284898039697771,0.382004110543444
"Sparse25",4,15,"Group_adjusted","M1","ABR33","M. sinensis",36,0.322625507255973,0.890017412183867
"Sparse25",4,15,"Group_adjusted","M1","ABR33","M. x gig",19,-0.187547273194174,1.20631394655392
"Sparse25",4,15,"Group_adjusted","M1","JKI","M. sacchariflorus",45,0.103486912173436,0.41611750655613
"Sparse25",4,15,"Group_adjusted","M1","JKI","M. sinensis",35,0.196007041204283,0.457639578476435
"Sparse25",4,15,"Group_adjusted","M1","JKI","M. x gig",19,0.172279656128438,0.696760561728254
"Sparse25",4,15,"Group_adjusted","M2","ABR33","M. sacchariflorus",45,0.302583546881278,0.37792779785787
"Sparse25",4,15,"Group_adjusted","M2","ABR33","M. sinensis",36,0.397079304090824,0.878962527040647
"Sparse25",4,15,"Group_adjusted","M2","ABR33","M. x gig",19,-0.00457819721118946,1.2024210996632
"Sparse25",4,15,"Group_adjusted","M2","JKI","M. sacchariflorus",45,0.238403458635636,0.408250390522269
"Sparse25",4,15,"Group_adjusted","M2","JKI","M. sinensis",35,0.23178773047658,0.452213157223096
"Sparse25",4,15,"Group_adjusted","M2","JKI","M. x gig",19,0.265126454322185,0.682857741760021
"Sparse25",4,15,"Group_adjusted","M3","ABR33","M. sacchariflorus",45,0.252513497815425,0.38154180871264
"Sparse25",4,15,"Group_adjusted","M3","ABR33","M. sinensis",36,0.423411595142238,0.877599888135559
"Sparse25",4,15,"Group_adjusted","M3","ABR33","M. x gig",19,0.0550626084868247,1.1935799314901
"Sparse25",4,15,"Group_adjusted","M3","JKI","M. sacchariflorus",45,0.22022173959984,0.413007006421003
"Sparse25",4,15,"Group_adjusted","M3","JKI","M. sinensis",35,0.262509751667297,0.445974401823014
"Sparse25",4,15,"Group_adjusted","M3","JKI","M. x gig",19,0.309640342830755,0.681178203934999
"Sparse25",4,15,"Raw","M1","ABR33","M. sacchariflorus",45,0.278976016979653,0.553598045009888
"Sparse25",4,15,"Raw","M1","ABR33","M. sinensis",36,0.324161779599919,0.88918506499698
"Sparse25",4,15,"Raw","M1","ABR33","M. x gig",19,-0.231736335012901,1.51769726754902
"Sparse25",4,15,"Raw","M1","JKI","M. sacchariflorus",45,-0.138315119714981,0.426721280950539
"Sparse25",4,15,"Raw","M1","JKI","M. sinensis",35,0.198872705630666,0.449554970566378
"Sparse25",4,15,"Raw","M1","JKI","M. x gig",19,0.140690221873416,1.02949303169142
"Sparse25",4,15,"Raw","M2","ABR33","M. sacchariflorus",45,0.480263348934655,0.471911645068999
"Sparse25",4,15,"Raw","M2","ABR33","M. sinensis",36,0.391936273301802,0.866329696299788
"Sparse25",4,15,"Raw","M2","ABR33","M. x gig",19,-0.152794901170343,1.4769680812719
"Sparse25",4,15,"Raw","M2","JKI","M. sacchariflorus",45,0.0451653455444792,0.435462910073739
"Sparse25",4,15,"Raw","M2","JKI","M. sinensis",35,0.229777389802716,0.462639618047167
"Sparse25",4,15,"Raw","M2","JKI","M. x gig",19,0.0801762794309228,0.968046813857817
"Sparse25",4,15,"Raw","M3","ABR33","M. sacchariflorus",45,0.411398852801233,0.404735268852058
"Sparse25",4,15,"Raw","M3","ABR33","M. sinensis",36,0.422347083177239,0.856623583335437
"Sparse25",4,15,"Raw","M3","ABR33","M. x gig",19,-0.136948156013606,1.48148943341722
"Sparse25",4,15,"Raw","M3","JKI","M. sacchariflorus",45,0.0444727054523507,0.419364950796141
"Sparse25",4,15,"Raw","M3","JKI","M. sinensis",35,0.25846271023848,0.442535277854099
"Sparse25",4,15,"Raw","M3","JKI","M. x gig",19,0.117264910319007,0.967059892811253
"Sparse25",4,20,"Group_adjusted","M1","ABR33","M. sacchariflorus",43,0.0422364599136258,0.402846901973469
"Sparse25",4,20,"Group_adjusted","M1","ABR33","M. sinensis",39,0.331563526558883,0.947931242145251
"Sparse25",4,20,"Group_adjusted","M1","ABR33","M. x gig",18,NA,1.19747855848573
"Sparse25",4,20,"Group_adjusted","M1","JKI","M. sacchariflorus",42,0.136382334632848,0.384888489747075
"Sparse25",4,20,"Group_adjusted","M1","JKI","M. sinensis",38,0.195653932594462,0.524868624829555
"Sparse25",4,20,"Group_adjusted","M1","JKI","M. x gig",19,0.0201148588817899,0.720760675767329
"Sparse25",4,20,"Group_adjusted","M2","ABR33","M. sacchariflorus",43,0.0800754716662015,0.405759994805464
"Sparse25",4,20,"Group_adjusted","M2","ABR33","M. sinensis",39,0.491359354502346,0.932978146879558
"Sparse25",4,20,"Group_adjusted","M2","ABR33","M. x gig",18,-0.194808187360219,1.21432766204508
"Sparse25",4,20,"Group_adjusted","M2","JKI","M. sacchariflorus",42,0.175093920727261,0.384395004337487
"Sparse25",4,20,"Group_adjusted","M2","JKI","M. sinensis",38,0.244447499553331,0.506862606663889
"Sparse25",4,20,"Group_adjusted","M2","JKI","M. x gig",19,-0.0542721864383442,0.716324612954097
"Sparse25",4,20,"Group_adjusted","M3","ABR33","M. sacchariflorus",43,0.208413972883028,0.39849024054026
"Sparse25",4,20,"Group_adjusted","M3","ABR33","M. sinensis",39,0.478866573765494,0.937625781127679
"Sparse25",4,20,"Group_adjusted","M3","ABR33","M. x gig",18,-0.16391888204456,1.21675425378532
"Sparse25",4,20,"Group_adjusted","M3","JKI","M. sacchariflorus",42,0.106976253865619,0.385958153773083
"Sparse25",4,20,"Group_adjusted","M3","JKI","M. sinensis",38,0.2568571427307,0.508969175523633
"Sparse25",4,20,"Group_adjusted","M3","JKI","M. x gig",19,-0.0943908139938521,0.721346136591784
"Sparse25",4,20,"Raw","M1","ABR33","M. sacchariflorus",43,0.0571939076352117,0.522946420021906
"Sparse25",4,20,"Raw","M1","ABR33","M. sinensis",39,0.161014087589458,0.906483404808076
"Sparse25",4,20,"Raw","M1","ABR33","M. x gig",18,NA,1.46353283268539
"Sparse25",4,20,"Raw","M1","JKI","M. sacchariflorus",42,0.136382334632848,0.392014664060163
"Sparse25",4,20,"Raw","M1","JKI","M. sinensis",38,0.175364847327977,0.464946602155006
"Sparse25",4,20,"Raw","M1","JKI","M. x gig",19,0.0201148588817899,1.08251894118304
"Sparse25",4,20,"Raw","M2","ABR33","M. sacchariflorus",43,0.176723182931267,0.473335210903558
"Sparse25",4,20,"Raw","M2","ABR33","M. sinensis",39,0.267077496269196,0.89318636570157
"Sparse25",4,20,"Raw","M2","ABR33","M. x gig",18,-0.248775191346558,1.42446257509907
"Sparse25",4,20,"Raw","M2","JKI","M. sacchariflorus",42,-0.00337269064191095,0.416796632771881
"Sparse25",4,20,"Raw","M2","JKI","M. sinensis",38,0.237674066171078,0.460574115935639
"Sparse25",4,20,"Raw","M2","JKI","M. x gig",19,-0.152811388668709,1.03472235890013
"Sparse25",4,20,"Raw","M3","ABR33","M. sacchariflorus",43,0.235315916263039,0.41954855172063
"Sparse25",4,20,"Raw","M3","ABR33","M. sinensis",39,0.384670480517021,0.867341914085489
"Sparse25",4,20,"Raw","M3","ABR33","M. x gig",18,-0.254784844398743,1.40315058315859
"Sparse25",4,20,"Raw","M3","JKI","M. sacchariflorus",42,-0.0629853664612066,0.397018901282057
"Sparse25",4,20,"Raw","M3","JKI","M. sinensis",38,0.20000513144061,0.47856616816763
"Sparse25",4,20,"Raw","M3","JKI","M. x gig",19,-0.169021368382602,1.05809917867596
"Sparse25",4,25,"Group_adjusted","M1","ABR33","M. sacchariflorus",43,NA,0.387928583100257
"Sparse25",4,25,"Group_adjusted","M1","ABR33","M. sinensis",38,NA,0.970456812435083
"Sparse25",4,25,"Group_adjusted","M1","ABR33","M. x gig",19,NA,1.26532655400879
"Sparse25",4,25,"Group_adjusted","M1","JKI","M. sacchariflorus",43,NA,0.386147138293955
"Sparse25",4,25,"Group_adjusted","M1","JKI","M. sinensis",37,NA,0.478296546562782
"Sparse25",4,25,"Group_adjusted","M1","JKI","M. x gig",19,NA,0.718096897402971
"Sparse25",4,25,"Group_adjusted","M2","ABR33","M. sacchariflorus",43,0.275404720252627,0.385409005475408
"Sparse25",4,25,"Group_adjusted","M2","ABR33","M. sinensis",38,0.106656391509695,0.962136826742674
"Sparse25",4,25,"Group_adjusted","M2","ABR33","M. x gig",19,0.00342010217705111,1.2617516837887
"Sparse25",4,25,"Group_adjusted","M2","JKI","M. sacchariflorus",43,0.081022194564621,0.384753736045462
"Sparse25",4,25,"Group_adjusted","M2","JKI","M. sinensis",37,-0.179045518845596,0.480385139207128
"Sparse25",4,25,"Group_adjusted","M2","JKI","M. x gig",19,-0.0147114961025316,0.71908636210663
"Sparse25",4,25,"Group_adjusted","M3","ABR33","M. sacchariflorus",43,0.0860059238472563,0.387463559897307
"Sparse25",4,25,"Group_adjusted","M3","ABR33","M. sinensis",38,0.210434939910348,0.969608873338353
"Sparse25",4,25,"Group_adjusted","M3","ABR33","M. x gig",19,0.107195913662064,1.27327858228411
"Sparse25",4,25,"Group_adjusted","M3","JKI","M. sacchariflorus",43,0.372401718115107,0.379338180410999
"Sparse25",4,25,"Group_adjusted","M3","JKI","M. sinensis",37,-0.182289336564058,0.480567973450669
"Sparse25",4,25,"Group_adjusted","M3","JKI","M. x gig",19,0.649193367539098,0.708593070183552
"Sparse25",4,25,"Raw","M1","ABR33","M. sacchariflorus",43,NA,0.442483074029128
"Sparse25",4,25,"Raw","M1","ABR33","M. sinensis",38,NA,0.977026479304445
"Sparse25",4,25,"Raw","M1","ABR33","M. x gig",19,NA,1.73755857981236
"Sparse25",4,25,"Raw","M1","JKI","M. sacchariflorus",43,NA,0.386362018297849
"Sparse25",4,25,"Raw","M1","JKI","M. sinensis",37,NA,0.500644792622765
"Sparse25",4,25,"Raw","M1","JKI","M. x gig",19,NA,1.01424360192609
"Sparse25",4,25,"Raw","M2","ABR33","M. sacchariflorus",43,0.43129131684308,0.423504368172916
"Sparse25",4,25,"Raw","M2","ABR33","M. sinensis",38,0.259773789184812,0.95376372278985
"Sparse25",4,25,"Raw","M2","ABR33","M. x gig",19,0.0111606270393188,1.71936724256289
"Sparse25",4,25,"Raw","M2","JKI","M. sacchariflorus",43,0.00782415437879384,0.380646370303181
"Sparse25",4,25,"Raw","M2","JKI","M. sinensis",37,-0.0803857223720854,0.516284845938041
"Sparse25",4,25,"Raw","M2","JKI","M. x gig",19,-0.112823528771858,1.00803354468712
"Sparse25",4,25,"Raw","M3","ABR33","M. sacchariflorus",43,0.321560666597636,0.393933189644655
"Sparse25",4,25,"Raw","M3","ABR33","M. sinensis",38,0.323421560849934,0.932775064897222
"Sparse25",4,25,"Raw","M3","ABR33","M. x gig",19,0.0455919414145994,1.73137924760298
"Sparse25",4,25,"Raw","M3","JKI","M. sacchariflorus",43,0.373556219866132,0.382266800063934
"Sparse25",4,25,"Raw","M3","JKI","M. sinensis",37,-0.000222743720759234,0.491648830795113
"Sparse25",4,25,"Raw","M3","JKI","M. x gig",19,0.657203672897412,1.00934922356486
"Sparse25",5,0,"Group_adjusted","M1","ABR33","M. sacchariflorus",43,0.294301980294578,0.398978650724114
"Sparse25",5,0,"Group_adjusted","M1","ABR33","M. sinensis",37,0.30456827860471,0.774850342818731
"Sparse25",5,0,"Group_adjusted","M1","ABR33","M. x gig",20,0.263201912469076,1.03416609736357
"Sparse25",5,0,"Group_adjusted","M1","JKI","M. sacchariflorus",42,0.00947406426743609,0.400998815636236
"Sparse25",5,0,"Group_adjusted","M1","JKI","M. sinensis",38,0.329736700654265,0.420057203959801
"Sparse25",5,0,"Group_adjusted","M1","JKI","M. x gig",19,0.263898572655276,0.696360332974622
"Sparse25",5,0,"Group_adjusted","M2","ABR33","M. sacchariflorus",43,0.294616189054806,0.3860241262576
"Sparse25",5,0,"Group_adjusted","M2","ABR33","M. sinensis",37,0.320434628049015,0.770954431168298
"Sparse25",5,0,"Group_adjusted","M2","ABR33","M. x gig",20,0.527319942781643,1.02776684753432
"Sparse25",5,0,"Group_adjusted","M2","JKI","M. sacchariflorus",42,0.0654885714645145,0.399924976354352
"Sparse25",5,0,"Group_adjusted","M2","JKI","M. sinensis",38,0.341804891008151,0.429576227517723
"Sparse25",5,0,"Group_adjusted","M2","JKI","M. x gig",19,0.295240173453655,0.688241619833158
"Sparse25",5,0,"Group_adjusted","M3","ABR33","M. sacchariflorus",43,0.340913105610884,0.390090323142368
"Sparse25",5,0,"Group_adjusted","M3","ABR33","M. sinensis",37,0.374193404219083,0.756424543182979
"Sparse25",5,0,"Group_adjusted","M3","ABR33","M. x gig",20,0.551303694875905,1.00781311025423
"Sparse25",5,0,"Group_adjusted","M3","JKI","M. sacchariflorus",42,-0.000548925354687944,0.403372030793215
"Sparse25",5,0,"Group_adjusted","M3","JKI","M. sinensis",38,0.355807572738955,0.417400290099913
"Sparse25",5,0,"Group_adjusted","M3","JKI","M. x gig",19,0.262710885261291,0.698339951303072
"Sparse25",5,0,"Raw","M1","ABR33","M. sacchariflorus",43,0.28677825481137,0.598876744802496
"Sparse25",5,0,"Raw","M1","ABR33","M. sinensis",37,0.338018739419648,0.675204264150961
"Sparse25",5,0,"Raw","M1","ABR33","M. x gig",20,0.255253001774444,1.32307705758293
"Sparse25",5,0,"Raw","M1","JKI","M. sacchariflorus",42,-0.0251354728519563,0.410398845341946
"Sparse25",5,0,"Raw","M1","JKI","M. sinensis",38,0.264238420987277,0.431313902370582
"Sparse25",5,0,"Raw","M1","JKI","M. x gig",19,0.435725350110151,0.987594458036427
"Sparse25",5,0,"Raw","M2","ABR33","M. sacchariflorus",43,0.386972668808302,0.511914739682637
"Sparse25",5,0,"Raw","M2","ABR33","M. sinensis",37,0.422555892116376,0.683255453920399
"Sparse25",5,0,"Raw","M2","ABR33","M. x gig",20,0.458591317829808,1.23438004008572
"Sparse25",5,0,"Raw","M2","JKI","M. sacchariflorus",42,0.0430562802249018,0.454705500399718
"Sparse25",5,0,"Raw","M2","JKI","M. sinensis",38,0.32760865947559,0.484754006567194
"Sparse25",5,0,"Raw","M2","JKI","M. x gig",19,0.499993600547759,0.901050463019933
"Sparse25",5,0,"Raw","M3","ABR33","M. sacchariflorus",43,0.394358877992432,0.400312131469035
"Sparse25",5,0,"Raw","M3","ABR33","M. sinensis",37,0.483059129059462,0.740967264541603
"Sparse25",5,0,"Raw","M3","ABR33","M. x gig",20,0.54454905896342,1.24580983560289
"Sparse25",5,0,"Raw","M3","JKI","M. sacchariflorus",42,-0.0425532270048096,0.416525201995907
"Sparse25",5,0,"Raw","M3","JKI","M. sinensis",38,0.373954191143903,0.420006824194226
"Sparse25",5,0,"Raw","M3","JKI","M. x gig",19,0.4540612023303,0.897397352350171
"Sparse25",5,5,"Group_adjusted","M1","ABR33","M. sacchariflorus",45,-0.0155196454345775,0.372290442778245
"Sparse25",5,5,"Group_adjusted","M1","ABR33","M. sinensis",39,0.47915680031015,0.759896681039315
"Sparse25",5,5,"Group_adjusted","M1","ABR33","M. x gig",16,0.393955419984042,1.04866191700927
"Sparse25",5,5,"Group_adjusted","M1","JKI","M. sacchariflorus",48,0.0406169271392438,0.426620042390011
"Sparse25",5,5,"Group_adjusted","M1","JKI","M. sinensis",31,0.199921890262522,0.534855949789169
"Sparse25",5,5,"Group_adjusted","M1","JKI","M. x gig",20,0.460079039232353,0.709281764143915
"Sparse25",5,5,"Group_adjusted","M2","ABR33","M. sacchariflorus",45,0.0121932072537688,0.37862089580621
"Sparse25",5,5,"Group_adjusted","M2","ABR33","M. sinensis",39,0.494041540553182,0.744832489848724
"Sparse25",5,5,"Group_adjusted","M2","ABR33","M. x gig",16,0.413608518175774,1.03905542487193
"Sparse25",5,5,"Group_adjusted","M2","JKI","M. sacchariflorus",48,0.064364925634284,0.432800397030141
"Sparse25",5,5,"Group_adjusted","M2","JKI","M. sinensis",31,0.192298497239647,0.545913132695541
"Sparse25",5,5,"Group_adjusted","M2","JKI","M. x gig",20,0.504325200227435,0.676573606073003
"Sparse25",5,5,"Group_adjusted","M3","ABR33","M. sacchariflorus",45,0.0951445270827001,0.375924043569044
"Sparse25",5,5,"Group_adjusted","M3","ABR33","M. sinensis",39,0.481945463450199,0.745578620874348
"Sparse25",5,5,"Group_adjusted","M3","ABR33","M. x gig",16,0.323487260687999,1.03311588437519
"Sparse25",5,5,"Group_adjusted","M3","JKI","M. sacchariflorus",48,0.109650245497867,0.416809516840966
"Sparse25",5,5,"Group_adjusted","M3","JKI","M. sinensis",31,0.16690821809618,0.53474474826259
"Sparse25",5,5,"Group_adjusted","M3","JKI","M. x gig",20,0.520727475962117,0.681019513274827
"Sparse25",5,5,"Raw","M1","ABR33","M. sacchariflorus",45,0.0912960278655468,0.809911771554726
"Sparse25",5,5,"Raw","M1","ABR33","M. sinensis",39,0.484924919892478,0.773572277215688
"Sparse25",5,5,"Raw","M1","ABR33","M. x gig",16,0.380303546596321,1.16721726435136
"Sparse25",5,5,"Raw","M1","JKI","M. sacchariflorus",48,0.108942779786989,0.401489366722481
"Sparse25",5,5,"Raw","M1","JKI","M. sinensis",31,0.220654092233023,0.471163277633757
"Sparse25",5,5,"Raw","M1","JKI","M. x gig",20,0.450094003299781,1.03535920919976
"Sparse25",5,5,"Raw","M2","ABR33","M. sacchariflorus",45,0.193412885452319,0.792918533909749
"Sparse25",5,5,"Raw","M2","ABR33","M. sinensis",39,0.517495097211257,0.750106187158494
"Sparse25",5,5,"Raw","M2","ABR33","M. x gig",16,0.488900191304876,1.10820539851423
"Sparse25",5,5,"Raw","M2","JKI","M. sacchariflorus",48,0.111350832186068,0.409472698859584
"Sparse25",5,5,"Raw","M2","JKI","M. sinensis",31,0.226859838185949,0.474589566281447
"Sparse25",5,5,"Raw","M2","JKI","M. x gig",20,0.513364223825977,0.919271654888237
"Sparse25",5,5,"Raw","M3","ABR33","M. sacchariflorus",45,0.275607839886875,0.67678614716346
"Sparse25",5,5,"Raw","M3","ABR33","M. sinensis",39,0.542686817648057,0.777282658866246
"Sparse25",5,5,"Raw","M3","ABR33","M. x gig",16,0.442525919375179,1.09675242461475
"Sparse25",5,5,"Raw","M3","JKI","M. sacchariflorus",48,0.133170464012227,0.386510508153262
"Sparse25",5,5,"Raw","M3","JKI","M. sinensis",31,0.234493302918211,0.486779712250307
"Sparse25",5,5,"Raw","M3","JKI","M. x gig",20,0.519002452056444,0.903918599599589
"Sparse25",5,10,"Group_adjusted","M1","ABR33","M. sacchariflorus",46,0.0689573483271765,0.33495672758506
"Sparse25",5,10,"Group_adjusted","M1","ABR33","M. sinensis",40,0.0283904079980488,0.867202999025699
"Sparse25",5,10,"Group_adjusted","M1","ABR33","M. x gig",14,-0.00124699499093322,1.11443509054582
"Sparse25",5,10,"Group_adjusted","M1","JKI","M. sacchariflorus",46,0.0659675800394623,0.407487776408731
"Sparse25",5,10,"Group_adjusted","M1","JKI","M. sinensis",34,0.0704033214111853,0.491780847632014
"Sparse25",5,10,"Group_adjusted","M1","JKI","M. x gig",19,0.353726719577238,0.744974986876526
"Sparse25",5,10,"Group_adjusted","M2","ABR33","M. sacchariflorus",46,0.065597964641952,0.333873363028101
"Sparse25",5,10,"Group_adjusted","M2","ABR33","M. sinensis",40,0.00356219908556091,0.865906689079565
"Sparse25",5,10,"Group_adjusted","M2","ABR33","M. x gig",14,-0.0126253749655626,1.12168297873887
"Sparse25",5,10,"Group_adjusted","M2","JKI","M. sacchariflorus",46,0.0460619125441911,0.407746300999785
"Sparse25",5,10,"Group_adjusted","M2","JKI","M. sinensis",34,-0.0142125373016603,0.4939635783606
"Sparse25",5,10,"Group_adjusted","M2","JKI","M. x gig",19,0.365527720883553,0.730233810495169
"Sparse25",5,10,"Group_adjusted","M3","ABR33","M. sacchariflorus",46,0.0327517083039206,0.339074282196265
"Sparse25",5,10,"Group_adjusted","M3","ABR33","M. sinensis",40,0.0842888069593895,0.857426122158998
"Sparse25",5,10,"Group_adjusted","M3","ABR33","M. x gig",14,0.0025433443724092,1.13220227886013
"Sparse25",5,10,"Group_adjusted","M3","JKI","M. sacchariflorus",46,0.0397997778148915,0.40624531758141
"Sparse25",5,10,"Group_adjusted","M3","JKI","M. sinensis",34,0.0440234757841493,0.49226766711312
"Sparse25",5,10,"Group_adjusted","M3","JKI","M. x gig",19,0.407024165631909,0.723241748699962
"Sparse25",5,10,"Raw","M1","ABR33","M. sacchariflorus",46,0.102560547713613,0.746292196741047
"Sparse25",5,10,"Raw","M1","ABR33","M. sinensis",40,-0.0601322952461104,0.867762242730486
"Sparse25",5,10,"Raw","M1","ABR33","M. x gig",14,-0.00503109173050122,1.24436430724845
"Sparse25",5,10,"Raw","M1","JKI","M. sacchariflorus",46,0.415300312904613,0.381068197654527
"Sparse25",5,10,"Raw","M1","JKI","M. sinensis",34,0.0704033214111853,0.494975631106133
"Sparse25",5,10,"Raw","M1","JKI","M. x gig",19,0.24513030075337,1.00755011120343
"Sparse25",5,10,"Raw","M2","ABR33","M. sacchariflorus",46,0.383607269867875,0.660877299716656
"Sparse25",5,10,"Raw","M2","ABR33","M. sinensis",40,-0.0838247621097687,0.882859467875026
"Sparse25",5,10,"Raw","M2","ABR33","M. x gig",14,0.25238744794354,1.18236835552568
"Sparse25",5,10,"Raw","M2","JKI","M. sacchariflorus",46,0.424256973331695,0.385069089261284
"Sparse25",5,10,"Raw","M2","JKI","M. sinensis",34,0.047172581761544,0.519557975223239
"Sparse25",5,10,"Raw","M2","JKI","M. x gig",19,0.316257005717853,0.880656569990006
"Sparse25",5,10,"Raw","M3","ABR33","M. sacchariflorus",46,0.35139598913852,0.542998863598529
"Sparse25",5,10,"Raw","M3","ABR33","M. sinensis",40,0.105463802576492,0.915809095823885
"Sparse25",5,10,"Raw","M3","ABR33","M. x gig",14,0.296405771982254,1.1384513109154
"Sparse25",5,10,"Raw","M3","JKI","M. sacchariflorus",46,0.36018500848303,0.378417650056179
"Sparse25",5,10,"Raw","M3","JKI","M. sinensis",34,0.0913976567787597,0.49728543535544
"Sparse25",5,10,"Raw","M3","JKI","M. x gig",19,0.357034445164888,0.885714195382358
"Sparse25",5,15,"Group_adjusted","M1","ABR33","M. sacchariflorus",48,0.245191311645098,0.361286196285948
"Sparse25",5,15,"Group_adjusted","M1","ABR33","M. sinensis",39,-0.101013788321732,1.02535775204831
"Sparse25",5,15,"Group_adjusted","M1","ABR33","M. x gig",13,-0.359969444928767,1.10987099
"Sparse25",5,15,"Group_adjusted","M1","JKI","M. sacchariflorus",46,0.148817331043191,0.394529460567297
"Sparse25",5,15,"Group_adjusted","M1","JKI","M. sinensis",39,-0.086116567516764,0.500962034375357
"Sparse25",5,15,"Group_adjusted","M1","JKI","M. x gig",14,0.57915958943512,0.675844355288939
"Sparse25",5,15,"Group_adjusted","M2","ABR33","M. sacchariflorus",48,0.226096081177669,0.360311460764213
"Sparse25",5,15,"Group_adjusted","M2","ABR33","M. sinensis",39,-0.0218942853463989,1.01223175937891
"Sparse25",5,15,"Group_adjusted","M2","ABR33","M. x gig",13,0.0811265583586295,1.10383978348731
"Sparse25",5,15,"Group_adjusted","M2","JKI","M. sacchariflorus",46,0.226472931310169,0.38978075448785
"Sparse25",5,15,"Group_adjusted","M2","JKI","M. sinensis",39,-0.0159145886077145,0.498559760317123
"Sparse25",5,15,"Group_adjusted","M2","JKI","M. x gig",14,0.634964695001968,0.643897388212685
"Sparse25",5,15,"Group_adjusted","M3","ABR33","M. sacchariflorus",48,0.232005503327377,0.360117659189997
"Sparse25",5,15,"Group_adjusted","M3","ABR33","M. sinensis",39,0.0630038474549072,1.01158755200339
"Sparse25",5,15,"Group_adjusted","M3","ABR33","M. x gig",13,0.132921267477538,1.0953975119462
"Sparse25",5,15,"Group_adjusted","M3","JKI","M. sacchariflorus",46,0.254854400913756,0.3879280052863
"Sparse25",5,15,"Group_adjusted","M3","JKI","M. sinensis",39,0.0156053794072132,0.500857688815527
"Sparse25",5,15,"Group_adjusted","M3","JKI","M. x gig",14,0.654289272154565,0.636072472223815
"Sparse25",5,15,"Raw","M1","ABR33","M. sacchariflorus",48,0.207272668963212,0.899821629654696
"Sparse25",5,15,"Raw","M1","ABR33","M. sinensis",39,0.00253161485082289,0.903756173267271
"Sparse25",5,15,"Raw","M1","ABR33","M. x gig",13,-0.359969444928767,1.3191262340832
"Sparse25",5,15,"Raw","M1","JKI","M. sacchariflorus",46,0.247264116145135,0.456914814624237
"Sparse25",5,15,"Raw","M1","JKI","M. sinensis",39,-0.00996546977181929,0.610747440858658
"Sparse25",5,15,"Raw","M1","JKI","M. x gig",14,0.534796518570992,0.734642638122733
"Sparse25",5,15,"Raw","M2","ABR33","M. sacchariflorus",48,0.324144905717315,0.736505932579445
"Sparse25",5,15,"Raw","M2","ABR33","M. sinensis",39,0.174098978867896,0.93468334188328
"Sparse25",5,15,"Raw","M2","ABR33","M. x gig",13,-0.113463789872551,1.31500779810272
"Sparse25",5,15,"Raw","M2","JKI","M. sacchariflorus",46,0.383206478630335,0.390677535002436
"Sparse25",5,15,"Raw","M2","JKI","M. sinensis",39,0.0630569578916341,0.692953827150185
"Sparse25",5,15,"Raw","M2","JKI","M. x gig",14,0.600602860312928,0.685251776878378
"Sparse25",5,15,"Raw","M3","ABR33","M. sacchariflorus",48,0.324120815248421,0.588028700692437
"Sparse25",5,15,"Raw","M3","ABR33","M. sinensis",39,0.214479653940699,1.03365851805642
"Sparse25",5,15,"Raw","M3","ABR33","M. x gig",13,-0.00148616719196233,1.28852856140555
"Sparse25",5,15,"Raw","M3","JKI","M. sacchariflorus",46,0.395785413438315,0.402118485894048
"Sparse25",5,15,"Raw","M3","JKI","M. sinensis",39,0.038086339340006,0.605279272303352
"Sparse25",5,15,"Raw","M3","JKI","M. x gig",14,0.637889189509488,0.695589547060866
"Sparse25",5,20,"Group_adjusted","M1","ABR33","M. sacchariflorus",46,0.275929751854598,0.386225908639804
"Sparse25",5,20,"Group_adjusted","M1","ABR33","M. sinensis",39,0.206907570711004,0.854300560918862
"Sparse25",5,20,"Group_adjusted","M1","ABR33","M. x gig",15,NA,1.43471159513523
"Sparse25",5,20,"Group_adjusted","M1","JKI","M. sacchariflorus",44,NA,0.42912028002559
"Sparse25",5,20,"Group_adjusted","M1","JKI","M. sinensis",39,0.194456901188956,0.467212093188333
"Sparse25",5,20,"Group_adjusted","M1","JKI","M. x gig",16,0.442247517024008,0.832927879958134
"Sparse25",5,20,"Group_adjusted","M2","ABR33","M. sacchariflorus",46,0.266939376667021,0.383135691987831
"Sparse25",5,20,"Group_adjusted","M2","ABR33","M. sinensis",39,0.348502760549503,0.845294402723548
"Sparse25",5,20,"Group_adjusted","M2","ABR33","M. x gig",15,0.315872671719722,1.42802124438565
"Sparse25",5,20,"Group_adjusted","M2","JKI","M. sacchariflorus",44,0.407585191784286,0.425295676650034
"Sparse25",5,20,"Group_adjusted","M2","JKI","M. sinensis",39,0.215769038362664,0.461796568487171
"Sparse25",5,20,"Group_adjusted","M2","JKI","M. x gig",16,0.560207682792671,0.822335135216046
"Sparse25",5,20,"Group_adjusted","M3","ABR33","M. sacchariflorus",46,0.302072793405597,0.383996748811274
"Sparse25",5,20,"Group_adjusted","M3","ABR33","M. sinensis",39,0.315929068195202,0.845723609162652
"Sparse25",5,20,"Group_adjusted","M3","ABR33","M. x gig",15,0.198605009558501,1.43276872939669
"Sparse25",5,20,"Group_adjusted","M3","JKI","M. sacchariflorus",44,0.250107619350255,0.418615010258701
"Sparse25",5,20,"Group_adjusted","M3","JKI","M. sinensis",39,0.215366643700934,0.458889698209301
"Sparse25",5,20,"Group_adjusted","M3","JKI","M. x gig",16,0.487376405386802,0.814926234802411
"Sparse25",5,20,"Raw","M1","ABR33","M. sacchariflorus",46,0.276660885764567,0.584979446809795
"Sparse25",5,20,"Raw","M1","ABR33","M. sinensis",39,0.205203553260428,0.857739437408941
"Sparse25",5,20,"Raw","M1","ABR33","M. x gig",15,NA,1.73840950306652
"Sparse25",5,20,"Raw","M1","JKI","M. sacchariflorus",44,NA,0.415269106322597
"Sparse25",5,20,"Raw","M1","JKI","M. sinensis",39,0.178232799356238,0.474779214324823
"Sparse25",5,20,"Raw","M1","JKI","M. x gig",16,0.442247517024008,1.10542051135313
"Sparse25",5,20,"Raw","M2","ABR33","M. sacchariflorus",46,0.371168727032021,0.487999324557403
"Sparse25",5,20,"Raw","M2","ABR33","M. sinensis",39,0.345769711484944,0.841748939087608
"Sparse25",5,20,"Raw","M2","ABR33","M. x gig",15,0.247016165552904,1.71468184500694
"Sparse25",5,20,"Raw","M2","JKI","M. sacchariflorus",44,0.277269512798432,0.420659364079542
"Sparse25",5,20,"Raw","M2","JKI","M. sinensis",39,0.220864391352373,0.515350282769498
"Sparse25",5,20,"Raw","M2","JKI","M. x gig",16,0.459384200143146,1.06782266475203
"Sparse25",5,20,"Raw","M3","ABR33","M. sacchariflorus",46,0.34720199299244,0.421921091511696
"Sparse25",5,20,"Raw","M3","ABR33","M. sinensis",39,0.3300202652557,0.847867897657304
"Sparse25",5,20,"Raw","M3","ABR33","M. x gig",15,0.179134894596555,1.71083020720762
"Sparse25",5,20,"Raw","M3","JKI","M. sacchariflorus",44,0.227734761026117,0.410757921758303
"Sparse25",5,20,"Raw","M3","JKI","M. sinensis",39,0.241117041239364,0.470139854502515
"Sparse25",5,20,"Raw","M3","JKI","M. x gig",16,0.324727151741685,1.05749254521523
"Sparse25",5,25,"Group_adjusted","M1","ABR33","M. sacchariflorus",47,NA,0.412521025672204
"Sparse25",5,25,"Group_adjusted","M1","ABR33","M. sinensis",38,NA,0.900120509411424
"Sparse25",5,25,"Group_adjusted","M1","ABR33","M. x gig",15,NA,0.981539243977568
"Sparse25",5,25,"Group_adjusted","M1","JKI","M. sacchariflorus",47,NA,0.382607370075418
"Sparse25",5,25,"Group_adjusted","M1","JKI","M. sinensis",37,NA,0.478251978214167
"Sparse25",5,25,"Group_adjusted","M1","JKI","M. x gig",15,NA,0.677126096334565
"Sparse25",5,25,"Group_adjusted","M2","ABR33","M. sacchariflorus",47,0.26319209547923,0.428413028653975
"Sparse25",5,25,"Group_adjusted","M2","ABR33","M. sinensis",38,0.245438845597447,0.896390808067754
"Sparse25",5,25,"Group_adjusted","M2","ABR33","M. x gig",15,0.55520345663371,0.954063844144525
"Sparse25",5,25,"Group_adjusted","M2","JKI","M. sacchariflorus",47,0.135061362071567,0.378869829233564
"Sparse25",5,25,"Group_adjusted","M2","JKI","M. sinensis",37,0.255573421010053,0.475483416596297
"Sparse25",5,25,"Group_adjusted","M2","JKI","M. x gig",15,0.492776786537155,0.66504404984594
"Sparse25",5,25,"Group_adjusted","M3","ABR33","M. sacchariflorus",47,0.0920463090229041,0.422035712509868
"Sparse25",5,25,"Group_adjusted","M3","ABR33","M. sinensis",38,0.142121067154748,0.885497713643909
"Sparse25",5,25,"Group_adjusted","M3","ABR33","M. x gig",15,0.326794024042338,0.955946459291973
"Sparse25",5,25,"Group_adjusted","M3","JKI","M. sacchariflorus",47,0.114992064168542,0.378613407905409
"Sparse25",5,25,"Group_adjusted","M3","JKI","M. sinensis",37,0.193741010959917,0.458036433651021
"Sparse25",5,25,"Group_adjusted","M3","JKI","M. x gig",15,0.539139496259571,0.650337210655873
"Sparse25",5,25,"Raw","M1","ABR33","M. sacchariflorus",47,NA,0.856160754906492
"Sparse25",5,25,"Raw","M1","ABR33","M. sinensis",38,NA,0.914125467952338
"Sparse25",5,25,"Raw","M1","ABR33","M. x gig",15,NA,1.22756403353195
"Sparse25",5,25,"Raw","M1","JKI","M. sacchariflorus",47,NA,0.440818339574242
"Sparse25",5,25,"Raw","M1","JKI","M. sinensis",37,NA,0.568006842501996
"Sparse25",5,25,"Raw","M1","JKI","M. x gig",15,NA,0.784512748173533
"Sparse25",5,25,"Raw","M2","ABR33","M. sacchariflorus",47,0.298019263400371,0.759107370885495
"Sparse25",5,25,"Raw","M2","ABR33","M. sinensis",38,0.287803130115493,0.92944193088398
"Sparse25",5,25,"Raw","M2","ABR33","M. x gig",15,0.630049434933943,1.14264822123917
"Sparse25",5,25,"Raw","M2","JKI","M. sacchariflorus",47,0.0862994179398305,0.399419478499164
"Sparse25",5,25,"Raw","M2","JKI","M. sinensis",37,0.270974135749304,0.614387334413128
"Sparse25",5,25,"Raw","M2","JKI","M. x gig",15,0.504340504538495,0.70853450420495
"Sparse25",5,25,"Raw","M3","ABR33","M. sacchariflorus",47,0.211949920235011,0.67662800112435
"Sparse25",5,25,"Raw","M3","ABR33","M. sinensis",38,0.173126765180919,0.930178126096771
"Sparse25",5,25,"Raw","M3","ABR33","M. x gig",15,0.418991047595145,1.14462090309384
"Sparse25",5,25,"Raw","M3","JKI","M. sacchariflorus",47,0.0674906859171809,0.413039613576701
"Sparse25",5,25,"Raw","M3","JKI","M. sinensis",37,0.2452956995793,0.531986631551778
"Sparse25",5,25,"Raw","M3","JKI","M. x gig",15,0.619505685736203,0.698389452277034
"Sparse25",6,0,"Group_adjusted","M1","ABR33","M. sacchariflorus",44,0.190061349307964,0.437279746065006
"Sparse25",6,0,"Group_adjusted","M1","ABR33","M. sinensis",39,0.0996137041311415,0.926149180231691
"Sparse25",6,0,"Group_adjusted","M1","ABR33","M. x gig",17,0.530830791643923,1.18819600458234
"Sparse25",6,0,"Group_adjusted","M1","JKI","M. sacchariflorus",43,0.344881933682763,0.372595190052084
"Sparse25",6,0,"Group_adjusted","M1","JKI","M. sinensis",39,0.273211307417076,0.428146499844589
"Sparse25",6,0,"Group_adjusted","M1","JKI","M. x gig",17,-0.374462469437941,0.625191198537665
"Sparse25",6,0,"Group_adjusted","M2","ABR33","M. sacchariflorus",44,0.220833280011914,0.431677198657099
"Sparse25",6,0,"Group_adjusted","M2","ABR33","M. sinensis",39,0.173681434852328,0.914867739948019
"Sparse25",6,0,"Group_adjusted","M2","ABR33","M. x gig",17,0.591348905881014,1.14483808397055
"Sparse25",6,0,"Group_adjusted","M2","JKI","M. sacchariflorus",43,0.35958696345968,0.369160266832711
"Sparse25",6,0,"Group_adjusted","M2","JKI","M. sinensis",39,0.307097001279717,0.419138902113145
"Sparse25",6,0,"Group_adjusted","M2","JKI","M. x gig",17,-0.169486162362338,0.627096533565848
"Sparse25",6,0,"Group_adjusted","M3","ABR33","M. sacchariflorus",44,0.250444274724938,0.426188029052115
"Sparse25",6,0,"Group_adjusted","M3","ABR33","M. sinensis",39,0.179126809920567,0.916229022758423
"Sparse25",6,0,"Group_adjusted","M3","ABR33","M. x gig",17,0.622295470280007,1.14829580741785
"Sparse25",6,0,"Group_adjusted","M3","JKI","M. sacchariflorus",43,0.453824634353914,0.364640677416212
"Sparse25",6,0,"Group_adjusted","M3","JKI","M. sinensis",39,0.32526264343748,0.420593174331119
"Sparse25",6,0,"Group_adjusted","M3","JKI","M. x gig",17,0.0312031769751837,0.603595575341488
"Sparse25",6,0,"Raw","M1","ABR33","M. sacchariflorus",44,0.155467416936493,0.491661030946195
"Sparse25",6,0,"Raw","M1","ABR33","M. sinensis",39,0.164592326747661,0.903259251341495
"Sparse25",6,0,"Raw","M1","ABR33","M. x gig",17,0.466354555477906,1.64072510849184
"Sparse25",6,0,"Raw","M1","JKI","M. sacchariflorus",43,0.158802897251172,0.376240262403551
"Sparse25",6,0,"Raw","M1","JKI","M. sinensis",39,0.271317385717397,0.436907193172029
"Sparse25",6,0,"Raw","M1","JKI","M. x gig",17,-0.224439335167083,0.92097045584176
"Sparse25",6,0,"Raw","M2","ABR33","M. sacchariflorus",44,0.334704548886997,0.433294335761035
"Sparse25",6,0,"Raw","M2","ABR33","M. sinensis",39,0.255073483185322,0.875665005236949
"Sparse25",6,0,"Raw","M2","ABR33","M. x gig",17,0.586651616968805,1.53054747782516
"Sparse25",6,0,"Raw","M2","JKI","M. sacchariflorus",43,0.224080595379539,0.375366477357738
"Sparse25",6,0,"Raw","M2","JKI","M. sinensis",39,0.316294893725883,0.459869825474573
"Sparse25",6,0,"Raw","M2","JKI","M. x gig",17,0.000669957071498421,0.818116888178843
"Sparse25",6,0,"Raw","M3","ABR33","M. sacchariflorus",44,0.365515366146611,0.4008032398059
"Sparse25",6,0,"Raw","M3","ABR33","M. sinensis",39,0.247984372577741,0.857973043949899
"Sparse25",6,0,"Raw","M3","ABR33","M. x gig",17,0.595215193826471,1.52640677108785
"Sparse25",6,0,"Raw","M3","JKI","M. sacchariflorus",43,0.290463344802259,0.367801903755469
"Sparse25",6,0,"Raw","M3","JKI","M. sinensis",39,0.30788887478109,0.419978352974996
"Sparse25",6,0,"Raw","M3","JKI","M. x gig",17,0.0963537321800984,0.834879290598554
"Sparse25",6,5,"Group_adjusted","M1","ABR33","M. sacchariflorus",47,0.311760193997187,0.376903011557018
"Sparse25",6,5,"Group_adjusted","M1","ABR33","M. sinensis",35,0.249714271334537,1.03311081996054
"Sparse25",6,5,"Group_adjusted","M1","ABR33","M. x gig",18,-0.103747989218031,1.1521432489535
"Sparse25",6,5,"Group_adjusted","M1","JKI","M. sacchariflorus",45,0.113707991832719,0.358174917429021
"Sparse25",6,5,"Group_adjusted","M1","JKI","M. sinensis",36,0.132762076855522,0.464044382452499
"Sparse25",6,5,"Group_adjusted","M1","JKI","M. x gig",18,0.232928795203437,0.749512777859076
"Sparse25",6,5,"Group_adjusted","M2","ABR33","M. sacchariflorus",47,0.336685341711969,0.382070619882694
"Sparse25",6,5,"Group_adjusted","M2","ABR33","M. sinensis",35,0.273636658493617,1.0296063665397
"Sparse25",6,5,"Group_adjusted","M2","ABR33","M. x gig",18,-0.0219054442775973,1.13857049743722
"Sparse25",6,5,"Group_adjusted","M2","JKI","M. sacchariflorus",45,0.184101058200186,0.352136332154944
"Sparse25",6,5,"Group_adjusted","M2","JKI","M. sinensis",36,0.130872116083444,0.468474455013298
"Sparse25",6,5,"Group_adjusted","M2","JKI","M. x gig",18,0.29533944366129,0.717438397595104
"Sparse25",6,5,"Group_adjusted","M3","ABR33","M. sacchariflorus",47,0.336732527864936,0.374055476715246
"Sparse25",6,5,"Group_adjusted","M3","ABR33","M. sinensis",35,0.219380933233683,1.02850708431168
"Sparse25",6,5,"Group_adjusted","M3","ABR33","M. x gig",18,-0.0326506230615784,1.12573414986092
"Sparse25",6,5,"Group_adjusted","M3","JKI","M. sacchariflorus",45,0.225938623456208,0.35285009060089
"Sparse25",6,5,"Group_adjusted","M3","JKI","M. sinensis",36,0.105880170263097,0.46677483818285
"Sparse25",6,5,"Group_adjusted","M3","JKI","M. x gig",18,0.31264028965563,0.7240537292286
"Sparse25",6,5,"Raw","M1","ABR33","M. sacchariflorus",47,0.299775985978408,0.633166453721214
"Sparse25",6,5,"Raw","M1","ABR33","M. sinensis",35,-0.0404835524401678,0.925958418711427
"Sparse25",6,5,"Raw","M1","ABR33","M. x gig",18,-0.160743227886819,1.23636014002731
"Sparse25",6,5,"Raw","M1","JKI","M. sacchariflorus",45,0.212818570228815,0.352186302800327
"Sparse25",6,5,"Raw","M1","JKI","M. sinensis",36,0.162078854473358,0.481688833852223
"Sparse25",6,5,"Raw","M1","JKI","M. x gig",18,0.524009852694361,0.769307452121582
"Sparse25",6,5,"Raw","M2","ABR33","M. sacchariflorus",47,0.380885389834457,0.637705737104331
"Sparse25",6,5,"Raw","M2","ABR33","M. sinensis",35,0.106279834277425,0.938757555910291
"Sparse25",6,5,"Raw","M2","ABR33","M. x gig",18,-0.058327090888831,1.20212387841614
"Sparse25",6,5,"Raw","M2","JKI","M. sacchariflorus",45,0.269208946719306,0.345363318405485
"Sparse25",6,5,"Raw","M2","JKI","M. sinensis",36,0.146848363970741,0.464569575166797
"Sparse25",6,5,"Raw","M2","JKI","M. x gig",18,0.546249642630284,0.729512309520239
"Sparse25",6,5,"Raw","M3","ABR33","M. sacchariflorus",47,0.396070184025451,0.602940636435006
"Sparse25",6,5,"Raw","M3","ABR33","M. sinensis",35,0.0978583343729658,0.939113400131594
"Sparse25",6,5,"Raw","M3","ABR33","M. x gig",18,-0.0606591418399288,1.21509108275162
"Sparse25",6,5,"Raw","M3","JKI","M. sacchariflorus",45,0.29964746991194,0.348825051081393
"Sparse25",6,5,"Raw","M3","JKI","M. sinensis",36,0.12204207668286,0.467603536781517
"Sparse25",6,5,"Raw","M3","JKI","M. x gig",18,0.548935279984621,0.71817590196137
"Sparse25",6,10,"Group_adjusted","M1","ABR33","M. sacchariflorus",42,0.467974860706117,0.361874728489217
"Sparse25",6,10,"Group_adjusted","M1","ABR33","M. sinensis",39,0.423681738425627,1.0024208999544
"Sparse25",6,10,"Group_adjusted","M1","ABR33","M. x gig",19,0.209727667246668,1.48870769508804
"Sparse25",6,10,"Group_adjusted","M1","JKI","M. sacchariflorus",44,0.240689626816821,0.414410342163081
"Sparse25",6,10,"Group_adjusted","M1","JKI","M. sinensis",35,0.416133057952995,0.504561239595348
"Sparse25",6,10,"Group_adjusted","M1","JKI","M. x gig",20,0.11240497083786,0.673620105037255
"Sparse25",6,10,"Group_adjusted","M2","ABR33","M. sacchariflorus",42,0.473995677349036,0.350321196803167
"Sparse25",6,10,"Group_adjusted","M2","ABR33","M. sinensis",39,0.478896507728188,0.983940698651426
"Sparse25",6,10,"Group_adjusted","M2","ABR33","M. x gig",19,0.216225910816261,1.48485262478621
"Sparse25",6,10,"Group_adjusted","M2","JKI","M. sacchariflorus",44,0.240420486117772,0.412456453466366
"Sparse25",6,10,"Group_adjusted","M2","JKI","M. sinensis",35,0.514915773736913,0.493153134783507
"Sparse25",6,10,"Group_adjusted","M2","JKI","M. x gig",20,0.147486969738887,0.668672699971382
"Sparse25",6,10,"Group_adjusted","M3","ABR33","M. sacchariflorus",42,0.44593454640431,0.353826103948555
"Sparse25",6,10,"Group_adjusted","M3","ABR33","M. sinensis",39,0.469167370649152,0.990547962677384
"Sparse25",6,10,"Group_adjusted","M3","ABR33","M. x gig",19,0.237481915941087,1.47082964976489
"Sparse25",6,10,"Group_adjusted","M3","JKI","M. sacchariflorus",44,0.184516441933535,0.415266846939912
"Sparse25",6,10,"Group_adjusted","M3","JKI","M. sinensis",35,0.512744772960275,0.496141157739258
"Sparse25",6,10,"Group_adjusted","M3","JKI","M. x gig",20,0.154283745869317,0.669146069721701
"Sparse25",6,10,"Raw","M1","ABR33","M. sacchariflorus",42,0.569463573350013,0.613536207247677
"Sparse25",6,10,"Raw","M1","ABR33","M. sinensis",39,0.351888961501534,0.87069715983928
"Sparse25",6,10,"Raw","M1","ABR33","M. x gig",19,0.247573709017705,1.55586491394826
"Sparse25",6,10,"Raw","M1","JKI","M. sacchariflorus",44,0.102719089685277,0.427783018873343
"Sparse25",6,10,"Raw","M1","JKI","M. sinensis",35,0.45627008276058,0.459318102975926
"Sparse25",6,10,"Raw","M1","JKI","M. x gig",20,0.0377443862673273,1.08173408876953
"Sparse25",6,10,"Raw","M2","ABR33","M. sacchariflorus",42,0.562539973799522,0.525632882206921
"Sparse25",6,10,"Raw","M2","ABR33","M. sinensis",39,0.37398972729418,0.865394985018263
"Sparse25",6,10,"Raw","M2","ABR33","M. x gig",19,0.196805553623739,1.53460740694586
"Sparse25",6,10,"Raw","M2","JKI","M. sacchariflorus",44,0.141196232629723,0.448596179768028
"Sparse25",6,10,"Raw","M2","JKI","M. sinensis",35,0.52804736314948,0.454312548902808
"Sparse25",6,10,"Raw","M2","JKI","M. x gig",20,-0.100953409606307,1.06073024219064
"Sparse25",6,10,"Raw","M3","ABR33","M. sacchariflorus",42,0.425522279843397,0.413366385288277
"Sparse25",6,10,"Raw","M3","ABR33","M. sinensis",39,0.510537758926852,0.933203953378366
"Sparse25",6,10,"Raw","M3","ABR33","M. x gig",19,0.138984082533093,1.49930310222253
"Sparse25",6,10,"Raw","M3","JKI","M. sacchariflorus",44,0.0539977695291957,0.423061091645399
"Sparse25",6,10,"Raw","M3","JKI","M. sinensis",35,0.542440533230772,0.466041974876579
"Sparse25",6,10,"Raw","M3","JKI","M. x gig",20,-0.0968506756110544,1.04927775859213
"Sparse25",6,15,"Group_adjusted","M1","ABR33","M. sacchariflorus",43,0.0928911320178965,0.3728182544828
"Sparse25",6,15,"Group_adjusted","M1","ABR33","M. sinensis",38,0.214510717856163,0.892440627133189
"Sparse25",6,15,"Group_adjusted","M1","ABR33","M. x gig",19,-0.316680442236859,1.09851722301662
"Sparse25",6,15,"Group_adjusted","M1","JKI","M. sacchariflorus",43,0.290065972638795,0.382547664719766
"Sparse25",6,15,"Group_adjusted","M1","JKI","M. sinensis",37,0.260610345903203,0.439541920750411
"Sparse25",6,15,"Group_adjusted","M1","JKI","M. x gig",19,-0.0809518011303349,0.73262673944961
"Sparse25",6,15,"Group_adjusted","M2","ABR33","M. sacchariflorus",43,0.149975642890705,0.366461674512806
"Sparse25",6,15,"Group_adjusted","M2","ABR33","M. sinensis",38,0.285770944509489,0.894317507453274
"Sparse25",6,15,"Group_adjusted","M2","ABR33","M. x gig",19,-0.262072677499544,1.10190516631043
"Sparse25",6,15,"Group_adjusted","M2","JKI","M. sacchariflorus",43,0.214742442497641,0.38191374437467
"Sparse25",6,15,"Group_adjusted","M2","JKI","M. sinensis",37,0.279101015819321,0.436318115087763
"Sparse25",6,15,"Group_adjusted","M2","JKI","M. x gig",19,-0.187752613682301,0.761991585006902
"Sparse25",6,15,"Group_adjusted","M3","ABR33","M. sacchariflorus",43,0.0734156509283963,0.369499745464964
"Sparse25",6,15,"Group_adjusted","M3","ABR33","M. sinensis",38,0.297828214474956,0.887564428644836
"Sparse25",6,15,"Group_adjusted","M3","ABR33","M. x gig",19,-0.228595465081694,1.10722235922954
"Sparse25",6,15,"Group_adjusted","M3","JKI","M. sacchariflorus",43,0.252959527536819,0.381317441338295
"Sparse25",6,15,"Group_adjusted","M3","JKI","M. sinensis",37,0.316483477570948,0.434568777247546
"Sparse25",6,15,"Group_adjusted","M3","JKI","M. x gig",19,-0.159047441714446,0.749260125275738
"Sparse25",6,15,"Raw","M1","ABR33","M. sacchariflorus",43,0.0871997856551768,0.532107994292754
"Sparse25",6,15,"Raw","M1","ABR33","M. sinensis",38,0.184828418825806,0.840951164689805
"Sparse25",6,15,"Raw","M1","ABR33","M. x gig",19,0.316680442236859,1.49653866908239
"Sparse25",6,15,"Raw","M1","JKI","M. sacchariflorus",43,0.0562659174613317,0.391600320523701
"Sparse25",6,15,"Raw","M1","JKI","M. sinensis",37,0.262371752575697,0.459623665195747
"Sparse25",6,15,"Raw","M1","JKI","M. x gig",19,-0.0809518011303349,1.01423486925072
"Sparse25",6,15,"Raw","M2","ABR33","M. sacchariflorus",43,0.221740992686368,0.437346407598433
"Sparse25",6,15,"Raw","M2","ABR33","M. sinensis",38,0.25870631047895,0.834973747578451
"Sparse25",6,15,"Raw","M2","ABR33","M. x gig",19,0.0911400808331373,1.43840058000497
"Sparse25",6,15,"Raw","M2","JKI","M. sacchariflorus",43,0.0683725418252917,0.411325322446678
"Sparse25",6,15,"Raw","M2","JKI","M. sinensis",37,0.292944765705867,0.54549433045119
"Sparse25",6,15,"Raw","M2","JKI","M. x gig",19,-0.259614223846863,0.970251773206546
"Sparse25",6,15,"Raw","M3","ABR33","M. sacchariflorus",43,0.155361273489598,0.37425062144519
"Sparse25",6,15,"Raw","M3","ABR33","M. sinensis",38,0.330230730492018,0.875756936455842
"Sparse25",6,15,"Raw","M3","ABR33","M. x gig",19,-0.021475818832281,1.41873069512908
"Sparse25",6,15,"Raw","M3","JKI","M. sacchariflorus",43,0.105054826857056,0.391497100092114
"Sparse25",6,15,"Raw","M3","JKI","M. sinensis",37,0.341980007592933,0.464926128979932
"Sparse25",6,15,"Raw","M3","JKI","M. x gig",19,-0.200077473352384,0.973066505426612
"Sparse25",6,20,"Group_adjusted","M1","ABR33","M. sacchariflorus",46,-0.156482465085576,0.43853847157005
"Sparse25",6,20,"Group_adjusted","M1","ABR33","M. sinensis",37,0.140192094315266,0.782400046870973
"Sparse25",6,20,"Group_adjusted","M1","ABR33","M. x gig",17,-0.0528243325009644,1.17484228055736
"Sparse25",6,20,"Group_adjusted","M1","JKI","M. sacchariflorus",45,-0.0935326880181519,0.423984578972283
"Sparse25",6,20,"Group_adjusted","M1","JKI","M. sinensis",37,0.122761593993163,0.44041066059407
"Sparse25",6,20,"Group_adjusted","M1","JKI","M. x gig",17,-0.189494528598799,0.875458558157671
"Sparse25",6,20,"Group_adjusted","M2","ABR33","M. sacchariflorus",46,-0.15232308017805,0.434891247194178
"Sparse25",6,20,"Group_adjusted","M2","ABR33","M. sinensis",37,0.351337542389342,0.776591927385578
"Sparse25",6,20,"Group_adjusted","M2","ABR33","M. x gig",17,0.0969169135436186,1.16808862107547
"Sparse25",6,20,"Group_adjusted","M2","JKI","M. sacchariflorus",45,-0.0159517617418513,0.423808254277232
"Sparse25",6,20,"Group_adjusted","M2","JKI","M. sinensis",37,0.196092999319825,0.435102732013155
"Sparse25",6,20,"Group_adjusted","M2","JKI","M. x gig",17,0.428285378149999,0.863614531096129
"Sparse25",6,20,"Group_adjusted","M3","ABR33","M. sacchariflorus",46,-0.110848443470726,0.448130613713649
"Sparse25",6,20,"Group_adjusted","M3","ABR33","M. sinensis",37,0.321025338251099,0.782839637653473
"Sparse25",6,20,"Group_adjusted","M3","ABR33","M. x gig",17,0.266392533690029,1.15937375456795
"Sparse25",6,20,"Group_adjusted","M3","JKI","M. sacchariflorus",45,0.0481510273960288,0.424124591417817
"Sparse25",6,20,"Group_adjusted","M3","JKI","M. sinensis",37,0.199968993998762,0.432809294934768
"Sparse25",6,20,"Group_adjusted","M3","JKI","M. x gig",17,0.20973129356472,0.86794025487064
"Sparse25",6,20,"Raw","M1","ABR33","M. sacchariflorus",46,-0.189614289863935,0.611116869930022
"Sparse25",6,20,"Raw","M1","ABR33","M. sinensis",37,0.140192094315266,0.748809630834837
"Sparse25",6,20,"Raw","M1","ABR33","M. x gig",17,-0.0528243325009644,1.52716480271128
"Sparse25",6,20,"Raw","M1","JKI","M. sacchariflorus",45,0.00252739533756717,0.412107083915579
"Sparse25",6,20,"Raw","M1","JKI","M. sinensis",37,0.10541994106841,0.437182027073166
"Sparse25",6,20,"Raw","M1","JKI","M. x gig",17,-0.189494528598799,1.13055611178674
"Sparse25",6,20,"Raw","M2","ABR33","M. sacchariflorus",46,0.125022995856209,0.483034107939999
"Sparse25",6,20,"Raw","M2","ABR33","M. sinensis",37,0.261489082425091,0.761361389537878
"Sparse25",6,20,"Raw","M2","ABR33","M. x gig",17,-0.00255714410312214,1.51263278038309
"Sparse25",6,20,"Raw","M2","JKI","M. sacchariflorus",45,0.00792889458045778,0.458397041812766
"Sparse25",6,20,"Raw","M2","JKI","M. sinensis",37,0.17612180304634,0.496932504339605
"Sparse25",6,20,"Raw","M2","JKI","M. x gig",17,-0.152367133604069,1.10389480535907
"Sparse25",6,20,"Raw","M3","ABR33","M. sacchariflorus",46,0.188368195945156,0.386141080698527
"Sparse25",6,20,"Raw","M3","ABR33","M. sinensis",37,0.209208531010163,0.82298864818889
"Sparse25",6,20,"Raw","M3","ABR33","M. x gig",17,0.0592786276605522,1.50645168947212
"Sparse25",6,20,"Raw","M3","JKI","M. sacchariflorus",45,-0.0161314751345556,0.424266032142439
"Sparse25",6,20,"Raw","M3","JKI","M. sinensis",37,0.189549084589953,0.441886706311774
"Sparse25",6,20,"Raw","M3","JKI","M. x gig",17,-0.138746679528063,1.09993875940449
"Sparse25",6,25,"Group_adjusted","M1","ABR33","M. sacchariflorus",48,NA,0.423227088165123
"Sparse25",6,25,"Group_adjusted","M1","ABR33","M. sinensis",35,NA,0.797146419598882
"Sparse25",6,25,"Group_adjusted","M1","ABR33","M. x gig",17,NA,1.43373860182553
"Sparse25",6,25,"Group_adjusted","M1","JKI","M. sacchariflorus",48,NA,0.395539305858714
"Sparse25",6,25,"Group_adjusted","M1","JKI","M. sinensis",34,NA,0.428470117423003
"Sparse25",6,25,"Group_adjusted","M1","JKI","M. x gig",17,NA,0.746922713762167
"Sparse25",6,25,"Group_adjusted","M2","ABR33","M. sacchariflorus",48,-0.272586184211333,0.440480213010163
"Sparse25",6,25,"Group_adjusted","M2","ABR33","M. sinensis",35,0.308378157474975,0.788194288280333
"Sparse25",6,25,"Group_adjusted","M2","ABR33","M. x gig",17,0.240342322050377,1.39600819873651
"Sparse25",6,25,"Group_adjusted","M2","JKI","M. sacchariflorus",48,0.0573835506568149,0.388756179272539
"Sparse25",6,25,"Group_adjusted","M2","JKI","M. sinensis",34,0.221353971567404,0.41741360940887
"Sparse25",6,25,"Group_adjusted","M2","JKI","M. x gig",17,0.671160685816671,0.688395703277093
"Sparse25",6,25,"Group_adjusted","M3","ABR33","M. sacchariflorus",48,-0.139849194989288,0.42791879055053
"Sparse25",6,25,"Group_adjusted","M3","ABR33","M. sinensis",35,0.395607012805546,0.780587278123261
"Sparse25",6,25,"Group_adjusted","M3","ABR33","M. x gig",17,0.259853206585824,1.40635756422255
"Sparse25",6,25,"Group_adjusted","M3","JKI","M. sacchariflorus",48,-0.0476093735371276,0.395238208909453
"Sparse25",6,25,"Group_adjusted","M3","JKI","M. sinensis",34,0.396104188799986,0.403661122258958
"Sparse25",6,25,"Group_adjusted","M3","JKI","M. x gig",17,0.582311652039012,0.686188988941246
"Sparse25",6,25,"Raw","M1","ABR33","M. sacchariflorus",48,NA,0.81033266984312
"Sparse25",6,25,"Raw","M1","ABR33","M. sinensis",35,NA,0.821993211156549
"Sparse25",6,25,"Raw","M1","ABR33","M. x gig",17,NA,1.08113982550092
"Sparse25",6,25,"Raw","M1","JKI","M. sacchariflorus",48,NA,0.455549714559328
"Sparse25",6,25,"Raw","M1","JKI","M. sinensis",34,NA,0.535636174201944
"Sparse25",6,25,"Raw","M1","JKI","M. x gig",17,NA,0.731414282360042
"Sparse25",6,25,"Raw","M2","ABR33","M. sacchariflorus",48,0.246129934260791,0.690793922419988
"Sparse25",6,25,"Raw","M2","ABR33","M. sinensis",35,0.306409778943447,0.813809417309645
"Sparse25",6,25,"Raw","M2","ABR33","M. x gig",17,0.295649589141305,1.03570467583205
"Sparse25",6,25,"Raw","M2","JKI","M. sacchariflorus",48,0.298531041299064,0.388471718445212
"Sparse25",6,25,"Raw","M2","JKI","M. sinensis",34,0.167987120259586,0.52923881358009
"Sparse25",6,25,"Raw","M2","JKI","M. x gig",17,0.642057429051635,0.657806430393298
"Sparse25",6,25,"Raw","M3","ABR33","M. sacchariflorus",48,0.327664866285154,0.605316594291817
"Sparse25",6,25,"Raw","M3","ABR33","M. sinensis",35,0.420062727949068,0.829814522880043
"Sparse25",6,25,"Raw","M3","ABR33","M. x gig",17,0.289550503378761,0.996423771480905
"Sparse25",6,25,"Raw","M3","JKI","M. sacchariflorus",48,0.161445072601882,0.443947043923164
"Sparse25",6,25,"Raw","M3","JKI","M. sinensis",34,0.340863083193336,0.458918209850541
"Sparse25",6,25,"Raw","M3","JKI","M. x gig",17,0.553323813577371,0.637827311904665
"Sparse25",7,0,"Group_adjusted","M1","ABR33","M. sacchariflorus",47,0.281007267253008,0.407755183015333
"Sparse25",7,0,"Group_adjusted","M1","ABR33","M. sinensis",33,0.272309209942165,0.821715434888161
"Sparse25",7,0,"Group_adjusted","M1","ABR33","M. x gig",20,-0.0438978377996199,1.14829793400632
"Sparse25",7,0,"Group_adjusted","M1","JKI","M. sacchariflorus",41,0.133003349801116,0.399511964529849
"Sparse25",7,0,"Group_adjusted","M1","JKI","M. sinensis",39,0.371540553574207,0.523291459377291
"Sparse25",7,0,"Group_adjusted","M1","JKI","M. x gig",19,0.0990456587544475,0.700119557564604
"Sparse25",7,0,"Group_adjusted","M2","ABR33","M. sacchariflorus",47,0.322924638296197,0.413073456988085
"Sparse25",7,0,"Group_adjusted","M2","ABR33","M. sinensis",33,0.391829246455638,0.806678233432607
"Sparse25",7,0,"Group_adjusted","M2","ABR33","M. x gig",20,0.0750548776173666,1.14793274457478
"Sparse25",7,0,"Group_adjusted","M2","JKI","M. sacchariflorus",41,0.257361385774974,0.393580211105013
"Sparse25",7,0,"Group_adjusted","M2","JKI","M. sinensis",39,0.385466808467239,0.506690743659588
"Sparse25",7,0,"Group_adjusted","M2","JKI","M. x gig",19,0.31545420669198,0.680445085777946
"Sparse25",7,0,"Group_adjusted","M3","ABR33","M. sacchariflorus",47,0.298576753952781,0.414186590479199
"Sparse25",7,0,"Group_adjusted","M3","ABR33","M. sinensis",33,0.388073458936389,0.811407988017498
"Sparse25",7,0,"Group_adjusted","M3","ABR33","M. x gig",20,0.133035777147535,1.141630152093
"Sparse25",7,0,"Group_adjusted","M3","JKI","M. sacchariflorus",41,0.254376718213729,0.393227847293908
"Sparse25",7,0,"Group_adjusted","M3","JKI","M. sinensis",39,0.391938751257541,0.515195281188992
"Sparse25",7,0,"Group_adjusted","M3","JKI","M. x gig",19,0.396866213922983,0.672345311187816
"Sparse25",7,0,"Raw","M1","ABR33","M. sacchariflorus",47,0.264267215420224,0.635518277257159
"Sparse25",7,0,"Raw","M1","ABR33","M. sinensis",33,0.322289222008393,0.780893883029023
"Sparse25",7,0,"Raw","M1","ABR33","M. x gig",20,-0.114523275787851,1.47739047931592
"Sparse25",7,0,"Raw","M1","JKI","M. sacchariflorus",41,-0.0594996119814457,0.413590782029889
"Sparse25",7,0,"Raw","M1","JKI","M. sinensis",39,0.398422731727715,0.427809316428167
"Sparse25",7,0,"Raw","M1","JKI","M. x gig",19,-0.180099449706602,1.02767000050191
"Sparse25",7,0,"Raw","M2","ABR33","M. sacchariflorus",47,0.337263015699979,0.521916017827307
"Sparse25",7,0,"Raw","M2","ABR33","M. sinensis",33,0.376907289308355,0.768437290960936
"Sparse25",7,0,"Raw","M2","ABR33","M. x gig",20,-0.0457212180756248,1.48195957320495
"Sparse25",7,0,"Raw","M2","JKI","M. sacchariflorus",41,-0.00918426383700584,0.423121975139912
"Sparse25",7,0,"Raw","M2","JKI","M. sinensis",39,0.41744077155734,0.455355630101804
"Sparse25",7,0,"Raw","M2","JKI","M. x gig",19,-0.087124489992765,0.971300776523845
"Sparse25",7,0,"Raw","M3","ABR33","M. sacchariflorus",47,0.377790629077407,0.405141502214334
"Sparse25",7,0,"Raw","M3","ABR33","M. sinensis",33,0.436020383395803,0.807389362123961
"Sparse25",7,0,"Raw","M3","ABR33","M. x gig",20,0.0447712032952084,1.49383345795068
"Sparse25",7,0,"Raw","M3","JKI","M. sacchariflorus",41,0.0184995593726348,0.403942530124931
"Sparse25",7,0,"Raw","M3","JKI","M. sinensis",39,0.417812573621372,0.428316964553699
"Sparse25",7,0,"Raw","M3","JKI","M. x gig",19,0.04438964111103,0.973274397237147
"Sparse25",7,5,"Group_adjusted","M1","ABR33","M. sacchariflorus",45,0.43268228156382,0.319294691090909
"Sparse25",7,5,"Group_adjusted","M1","ABR33","M. sinensis",40,0.050762864303905,0.870421242705721
"Sparse25",7,5,"Group_adjusted","M1","ABR33","M. x gig",15,0.477497526241796,1.26787160957381
"Sparse25",7,5,"Group_adjusted","M1","JKI","M. sacchariflorus",42,0.111794788191848,0.401837567025896
"Sparse25",7,5,"Group_adjusted","M1","JKI","M. sinensis",40,0.320137434976531,0.441525214068201
"Sparse25",7,5,"Group_adjusted","M1","JKI","M. x gig",17,0.200172904421187,0.624536743220665
"Sparse25",7,5,"Group_adjusted","M2","ABR33","M. sacchariflorus",45,0.45784353107694,0.312865566489484
"Sparse25",7,5,"Group_adjusted","M2","ABR33","M. sinensis",40,0.0933211834970698,0.870165239255538
"Sparse25",7,5,"Group_adjusted","M2","ABR33","M. x gig",15,0.417446824732452,1.23568968694487
"Sparse25",7,5,"Group_adjusted","M2","JKI","M. sacchariflorus",42,0.153199185427329,0.399821907367985
"Sparse25",7,5,"Group_adjusted","M2","JKI","M. sinensis",40,0.34433372822497,0.433882686093449
"Sparse25",7,5,"Group_adjusted","M2","JKI","M. x gig",17,0.272162891772188,0.618404818112781
"Sparse25",7,5,"Group_adjusted","M3","ABR33","M. sacchariflorus",45,0.493772402622641,0.318627118972013
"Sparse25",7,5,"Group_adjusted","M3","ABR33","M. sinensis",40,0.250812699549653,0.858287591411282
"Sparse25",7,5,"Group_adjusted","M3","ABR33","M. x gig",15,0.187565033326445,1.2450000967722
"Sparse25",7,5,"Group_adjusted","M3","JKI","M. sacchariflorus",42,0.227315185278251,0.394497330626747
"Sparse25",7,5,"Group_adjusted","M3","JKI","M. sinensis",40,0.334884548156213,0.435857118951041
"Sparse25",7,5,"Group_adjusted","M3","JKI","M. x gig",17,0.404793572729288,0.59145941625868
"Sparse25",7,5,"Raw","M1","ABR33","M. sacchariflorus",45,0.375041137034226,0.554106357246165
"Sparse25",7,5,"Raw","M1","ABR33","M. sinensis",40,0.115385745619082,0.863508269474896
"Sparse25",7,5,"Raw","M1","ABR33","M. x gig",15,0.401077925697924,1.60778682780432
"Sparse25",7,5,"Raw","M1","JKI","M. sacchariflorus",42,0.10148042953971,0.407234788524864
"Sparse25",7,5,"Raw","M1","JKI","M. sinensis",40,0.316308797242374,0.475737384761204
"Sparse25",7,5,"Raw","M1","JKI","M. x gig",17,0.173612963024943,0.868927993624716
"Sparse25",7,5,"Raw","M2","ABR33","M. sacchariflorus",45,0.550884279317972,0.486415412049668
"Sparse25",7,5,"Raw","M2","ABR33","M. sinensis",40,0.155398517614576,0.855541519291269
"Sparse25",7,5,"Raw","M2","ABR33","M. x gig",15,0.361971469738037,1.52345497975825
"Sparse25",7,5,"Raw","M2","JKI","M. sacchariflorus",42,0.154538333635618,0.400080310759998
"Sparse25",7,5,"Raw","M2","JKI","M. sinensis",40,0.332872589496972,0.485497815739892
"Sparse25",7,5,"Raw","M2","JKI","M. x gig",17,0.267753976232771,0.7847613005962
"Sparse25",7,5,"Raw","M3","ABR33","M. sacchariflorus",45,0.595051660321606,0.44429822051445
"Sparse25",7,5,"Raw","M3","ABR33","M. sinensis",40,0.282424648712404,0.842636513870353
"Sparse25",7,5,"Raw","M3","ABR33","M. x gig",15,0.121450824489773,1.49931997967695
"Sparse25",7,5,"Raw","M3","JKI","M. sacchariflorus",42,0.220113170344233,0.394566027004041
"Sparse25",7,5,"Raw","M3","JKI","M. sinensis",40,0.315070310541792,0.458922298845909
"Sparse25",7,5,"Raw","M3","JKI","M. x gig",17,0.42472013314088,0.786214927609522
"Sparse25",7,10,"Group_adjusted","M1","ABR33","M. sacchariflorus",44,0.222180366339487,0.385331118409694
"Sparse25",7,10,"Group_adjusted","M1","ABR33","M. sinensis",40,0.297038042144855,0.792076346781023
"Sparse25",7,10,"Group_adjusted","M1","ABR33","M. x gig",16,-0.31035761011885,1.0791757464257
"Sparse25",7,10,"Group_adjusted","M1","JKI","M. sacchariflorus",43,0.0042822111949089,0.415759201529165
"Sparse25",7,10,"Group_adjusted","M1","JKI","M. sinensis",39,0.136149812404282,0.508321977590149
"Sparse25",7,10,"Group_adjusted","M1","JKI","M. x gig",17,0.330961938258273,0.741151299527733
"Sparse25",7,10,"Group_adjusted","M2","ABR33","M. sacchariflorus",44,0.282824118822206,0.382007936454687
"Sparse25",7,10,"Group_adjusted","M2","ABR33","M. sinensis",40,0.327248906744864,0.787049652586042
"Sparse25",7,10,"Group_adjusted","M2","ABR33","M. x gig",16,0.100399115995696,1.05391834711111
"Sparse25",7,10,"Group_adjusted","M2","JKI","M. sacchariflorus",43,0.115076123676671,0.412290990373407
"Sparse25",7,10,"Group_adjusted","M2","JKI","M. sinensis",39,0.124335772765,0.524443610726847
"Sparse25",7,10,"Group_adjusted","M2","JKI","M. x gig",17,0.429804501546738,0.695805937850143
"Sparse25",7,10,"Group_adjusted","M3","ABR33","M. sacchariflorus",44,0.231280611388709,0.37732785354632
"Sparse25",7,10,"Group_adjusted","M3","ABR33","M. sinensis",40,0.318806810160424,0.792640389179407
"Sparse25",7,10,"Group_adjusted","M3","ABR33","M. x gig",16,0.208281167097549,1.03974674572729
"Sparse25",7,10,"Group_adjusted","M3","JKI","M. sacchariflorus",43,0.101697346103221,0.410902939477421
"Sparse25",7,10,"Group_adjusted","M3","JKI","M. sinensis",39,0.118099650731622,0.497492076484104
"Sparse25",7,10,"Group_adjusted","M3","JKI","M. x gig",17,0.430802841659313,0.685473054950618
"Sparse25",7,10,"Raw","M1","ABR33","M. sacchariflorus",44,0.242810875255878,0.579262962471096
"Sparse25",7,10,"Raw","M1","ABR33","M. sinensis",40,0.263905780637117,0.784883570690851
"Sparse25",7,10,"Raw","M1","ABR33","M. x gig",16,-0.26820459628332,1.48535796655904
"Sparse25",7,10,"Raw","M1","JKI","M. sacchariflorus",43,0.04498174534343,0.417483650019644
"Sparse25",7,10,"Raw","M1","JKI","M. sinensis",39,0.140986627502224,0.456779113423411
"Sparse25",7,10,"Raw","M1","JKI","M. x gig",17,0.460226156326811,1.0016528355185
"Sparse25",7,10,"Raw","M2","ABR33","M. sacchariflorus",44,0.409374948836029,0.510852491695269
"Sparse25",7,10,"Raw","M2","ABR33","M. sinensis",40,0.290380021989021,0.774179540031429
"Sparse25",7,10,"Raw","M2","ABR33","M. x gig",16,0.109696590023248,1.38686049011935
"Sparse25",7,10,"Raw","M2","JKI","M. sacchariflorus",43,0.113395613925566,0.42516352939162
"Sparse25",7,10,"Raw","M2","JKI","M. sinensis",39,0.138877730995704,0.480768364509347
"Sparse25",7,10,"Raw","M2","JKI","M. x gig",17,0.561357090415256,0.843602857071525
"Sparse25",7,10,"Raw","M3","ABR33","M. sacchariflorus",44,0.352770801536091,0.462251955147272
"Sparse25",7,10,"Raw","M3","ABR33","M. sinensis",40,0.325464349144484,0.766251382619317
"Sparse25",7,10,"Raw","M3","ABR33","M. x gig",16,0.194296029747793,1.34165206676316
"Sparse25",7,10,"Raw","M3","JKI","M. sacchariflorus",43,0.0829904895867639,0.413785500872271
"Sparse25",7,10,"Raw","M3","JKI","M. sinensis",39,0.169730771564212,0.459197659619595
"Sparse25",7,10,"Raw","M3","JKI","M. x gig",17,0.556218674230392,0.87007919314591
"Sparse25",7,15,"Group_adjusted","M1","ABR33","M. sacchariflorus",43,-0.00348176127774318,0.438377342581487
"Sparse25",7,15,"Group_adjusted","M1","ABR33","M. sinensis",38,0.0595618558177999,0.843229656349525
"Sparse25",7,15,"Group_adjusted","M1","ABR33","M. x gig",19,0.0432488501016676,1.45894548196092
"Sparse25",7,15,"Group_adjusted","M1","JKI","M. sacchariflorus",41,0.0928416922077219,0.414248400639152
"Sparse25",7,15,"Group_adjusted","M1","JKI","M. sinensis",39,0.15172010518911,0.505725194291029
"Sparse25",7,15,"Group_adjusted","M1","JKI","M. x gig",19,0.212273512636151,0.885089075647227
"Sparse25",7,15,"Group_adjusted","M2","ABR33","M. sacchariflorus",43,0.0761328640817157,0.435114847107897
"Sparse25",7,15,"Group_adjusted","M2","ABR33","M. sinensis",38,0.161876261350961,0.837969474139727
"Sparse25",7,15,"Group_adjusted","M2","ABR33","M. x gig",19,0.194486636251039,1.44182491576911
"Sparse25",7,15,"Group_adjusted","M2","JKI","M. sacchariflorus",41,0.126829416519844,0.412935545455573
"Sparse25",7,15,"Group_adjusted","M2","JKI","M. sinensis",39,0.192614866499413,0.506600019600808
"Sparse25",7,15,"Group_adjusted","M2","JKI","M. x gig",19,0.148445437869961,0.872434115295943
"Sparse25",7,15,"Group_adjusted","M3","ABR33","M. sacchariflorus",43,0.193674792516175,0.422526957048812
"Sparse25",7,15,"Group_adjusted","M3","ABR33","M. sinensis",38,0.158104854082186,0.838059057740768
"Sparse25",7,15,"Group_adjusted","M3","ABR33","M. x gig",19,0.187388264098182,1.43659869194094
"Sparse25",7,15,"Group_adjusted","M3","JKI","M. sacchariflorus",41,0.0606917012157116,0.415113688954979
"Sparse25",7,15,"Group_adjusted","M3","JKI","M. sinensis",39,0.184665392833831,0.495524413381973
"Sparse25",7,15,"Group_adjusted","M3","JKI","M. x gig",19,0.110767142163858,0.884731320798009
"Sparse25",7,15,"Raw","M1","ABR33","M. sacchariflorus",43,0.014338116604021,0.585130917585149
"Sparse25",7,15,"Raw","M1","ABR33","M. sinensis",38,0.0972497098876538,0.85260271518865
"Sparse25",7,15,"Raw","M1","ABR33","M. x gig",19,0.0432488501016676,1.62928219671248
"Sparse25",7,15,"Raw","M1","JKI","M. sacchariflorus",41,-0.0387619528417316,0.41652364932942
"Sparse25",7,15,"Raw","M1","JKI","M. sinensis",39,0.12488491354506,0.478385648390256
"Sparse25",7,15,"Raw","M1","JKI","M. x gig",19,-0.212273512636151,1.06859214621436
"Sparse25",7,15,"Raw","M2","ABR33","M. sacchariflorus",43,0.0996218295744564,0.526483455999523
"Sparse25",7,15,"Raw","M2","ABR33","M. sinensis",38,0.173261671795575,0.838456722061679
"Sparse25",7,15,"Raw","M2","ABR33","M. x gig",19,0.0045516590244822,1.60624984907413
"Sparse25",7,15,"Raw","M2","JKI","M. sacchariflorus",41,0.0179471643517121,0.420042319102677
"Sparse25",7,15,"Raw","M2","JKI","M. sinensis",39,0.183890234932424,0.518013305815076
"Sparse25",7,15,"Raw","M2","JKI","M. x gig",19,-0.384006408647985,1.03745652821379
"Sparse25",7,15,"Raw","M3","ABR33","M. sacchariflorus",43,0.210509115973955,0.483573624190267
"Sparse25",7,15,"Raw","M3","ABR33","M. sinensis",38,0.188042625178648,0.836680128319533
"Sparse25",7,15,"Raw","M3","ABR33","M. x gig",19,-0.0257738844963849,1.5925860383958
"Sparse25",7,15,"Raw","M3","JKI","M. sacchariflorus",41,-0.054915809960321,0.419634488520754
"Sparse25",7,15,"Raw","M3","JKI","M. sinensis",39,0.186077074892042,0.487034077779976
"Sparse25",7,15,"Raw","M3","JKI","M. x gig",19,-0.39655751787677,1.05758801859303
"Sparse25",7,20,"Group_adjusted","M1","ABR33","M. sacchariflorus",44,0.0484024325766344,0.398107286725238
"Sparse25",7,20,"Group_adjusted","M1","ABR33","M. sinensis",38,0.426450431851066,0.736470348101981
"Sparse25",7,20,"Group_adjusted","M1","ABR33","M. x gig",18,0.0666463059323908,1.04804099747856
"Sparse25",7,20,"Group_adjusted","M1","JKI","M. sacchariflorus",43,0.109679671592723,0.355303060817133
"Sparse25",7,20,"Group_adjusted","M1","JKI","M. sinensis",38,0.0624269217238162,0.504949082101984
"Sparse25",7,20,"Group_adjusted","M1","JKI","M. x gig",18,-0.0936148978472966,0.620187786273621
"Sparse25",7,20,"Group_adjusted","M2","ABR33","M. sacchariflorus",44,0.110396297872977,0.395878967172799
"Sparse25",7,20,"Group_adjusted","M2","ABR33","M. sinensis",38,0.517564747693527,0.730026041590997
"Sparse25",7,20,"Group_adjusted","M2","ABR33","M. x gig",18,0.598912442086117,1.01118345012254
"Sparse25",7,20,"Group_adjusted","M2","JKI","M. sacchariflorus",43,0.204666826480095,0.349185179629151
"Sparse25",7,20,"Group_adjusted","M2","JKI","M. sinensis",38,0.10320016162091,0.5033593386413
"Sparse25",7,20,"Group_adjusted","M2","JKI","M. x gig",18,0.156484521034671,0.595448974789449
"Sparse25",7,20,"Group_adjusted","M3","ABR33","M. sacchariflorus",44,0.204170889306416,0.38968901487315
"Sparse25",7,20,"Group_adjusted","M3","ABR33","M. sinensis",38,0.559010143743033,0.714788444364489
"Sparse25",7,20,"Group_adjusted","M3","ABR33","M. x gig",18,0.530052490905379,1.01344305945224
"Sparse25",7,20,"Group_adjusted","M3","JKI","M. sacchariflorus",43,0.324521789597227,0.342376026272329
"Sparse25",7,20,"Group_adjusted","M3","JKI","M. sinensis",38,0.0835570226149499,0.502624629997311
"Sparse25",7,20,"Group_adjusted","M3","JKI","M. x gig",18,0.242983339706685,0.578497012135081
"Sparse25",7,20,"Raw","M1","ABR33","M. sacchariflorus",44,0.0498200993990422,0.628184934832265
"Sparse25",7,20,"Raw","M1","ABR33","M. sinensis",38,0.345082134205497,0.722198694310537
"Sparse25",7,20,"Raw","M1","ABR33","M. x gig",18,0.0666463059323908,1.43170413012989
"Sparse25",7,20,"Raw","M1","JKI","M. sacchariflorus",43,0.109679671592723,0.354646019503718
"Sparse25",7,20,"Raw","M1","JKI","M. sinensis",38,0.0578802432939734,0.504716154099272
"Sparse25",7,20,"Raw","M1","JKI","M. x gig",18,-0.0936148978472966,0.931178749680678
"Sparse25",7,20,"Raw","M2","ABR33","M. sacchariflorus",44,0.188916694028069,0.551537938666815
"Sparse25",7,20,"Raw","M2","ABR33","M. sinensis",38,0.322993097136008,0.723301218567264
"Sparse25",7,20,"Raw","M2","ABR33","M. x gig",18,0.393936741055723,1.36677926360448
"Sparse25",7,20,"Raw","M2","JKI","M. sacchariflorus",43,0.205989159021635,0.343577095489049
"Sparse25",7,20,"Raw","M2","JKI","M. sinensis",38,0.091407266391892,0.55268578245638
"Sparse25",7,20,"Raw","M2","JKI","M. x gig",18,0.30145293555906,0.864202327371969
"Sparse25",7,20,"Raw","M3","ABR33","M. sacchariflorus",44,0.281962495462753,0.458468928522046
"Sparse25",7,20,"Raw","M3","ABR33","M. sinensis",38,0.483705877322254,0.735016841521215
"Sparse25",7,20,"Raw","M3","ABR33","M. x gig",18,0.354520513492699,1.35753644568157
"Sparse25",7,20,"Raw","M3","JKI","M. sacchariflorus",43,0.310442929478904,0.344921987852851
"Sparse25",7,20,"Raw","M3","JKI","M. sinensis",38,0.0766958217336488,0.489249869021284
"Sparse25",7,20,"Raw","M3","JKI","M. x gig",18,0.362000827894969,0.897995047461957
"Sparse25",7,25,"Group_adjusted","M1","ABR33","M. sacchariflorus",41,NA,0.343215018161889
"Sparse25",7,25,"Group_adjusted","M1","ABR33","M. sinensis",42,NA,0.888076219580492
"Sparse25",7,25,"Group_adjusted","M1","ABR33","M. x gig",17,NA,1.17218391550769
"Sparse25",7,25,"Group_adjusted","M1","JKI","M. sacchariflorus",41,NA,0.378069613655237
"Sparse25",7,25,"Group_adjusted","M1","JKI","M. sinensis",41,NA,0.573390514419543
"Sparse25",7,25,"Group_adjusted","M1","JKI","M. x gig",17,NA,0.761781387817292
"Sparse25",7,25,"Group_adjusted","M2","ABR33","M. sacchariflorus",41,-0.00525717305189433,0.342013180804009
"Sparse25",7,25,"Group_adjusted","M2","ABR33","M. sinensis",42,0.374681429121726,0.868926071120213
"Sparse25",7,25,"Group_adjusted","M2","ABR33","M. x gig",17,-0.0143891809412954,1.19728445679236
"Sparse25",7,25,"Group_adjusted","M2","JKI","M. sacchariflorus",41,0.207353274836887,0.374890240732121
"Sparse25",7,25,"Group_adjusted","M2","JKI","M. sinensis",41,0.190008859595584,0.594597791825932
"Sparse25",7,25,"Group_adjusted","M2","JKI","M. x gig",17,0.522268460685788,0.75593410166366
"Sparse25",7,25,"Group_adjusted","M3","ABR33","M. sacchariflorus",41,0.164627591014212,0.338189206437293
"Sparse25",7,25,"Group_adjusted","M3","ABR33","M. sinensis",42,0.234322146533198,0.881055077403221
"Sparse25",7,25,"Group_adjusted","M3","ABR33","M. x gig",17,0.0189522049237964,1.19231681515011
"Sparse25",7,25,"Group_adjusted","M3","JKI","M. sacchariflorus",41,0.309784522008166,0.373406651846599
"Sparse25",7,25,"Group_adjusted","M3","JKI","M. sinensis",41,0.0182989895537214,0.573464838925161
"Sparse25",7,25,"Group_adjusted","M3","JKI","M. x gig",17,0.592498564665079,0.740549834184278
"Sparse25",7,25,"Raw","M1","ABR33","M. sacchariflorus",41,NA,0.576082615226499
"Sparse25",7,25,"Raw","M1","ABR33","M. sinensis",42,NA,0.864591698340318
"Sparse25",7,25,"Raw","M1","ABR33","M. x gig",17,NA,1.28379028261789
"Sparse25",7,25,"Raw","M1","JKI","M. sacchariflorus",41,NA,0.453269273163497
"Sparse25",7,25,"Raw","M1","JKI","M. sinensis",41,NA,0.547525709954493
"Sparse25",7,25,"Raw","M1","JKI","M. x gig",17,NA,0.722656524790784
"Sparse25",7,25,"Raw","M2","ABR33","M. sacchariflorus",41,0.371357985986136,0.46608352696164
"Sparse25",7,25,"Raw","M2","ABR33","M. sinensis",42,0.328026972883228,0.875708587896431
"Sparse25",7,25,"Raw","M2","ABR33","M. x gig",17,0.0715969128884666,1.15292188372285
"Sparse25",7,25,"Raw","M2","JKI","M. sacchariflorus",41,0.26563404240556,0.384635698072143
"Sparse25",7,25,"Raw","M2","JKI","M. sinensis",41,0.2181179680647,0.775203730052926
"Sparse25",7,25,"Raw","M2","JKI","M. x gig",17,0.568204180975271,0.589701725989947
"Sparse25",7,25,"Raw","M3","ABR33","M. sacchariflorus",41,0.435553526891366,0.438714729793769
"Sparse25",7,25,"Raw","M3","ABR33","M. sinensis",42,0.191853559998725,0.881633946477936
"Sparse25",7,25,"Raw","M3","ABR33","M. x gig",17,0.107157353260137,1.1322737275724
"Sparse25",7,25,"Raw","M3","JKI","M. sacchariflorus",41,0.399639713888523,0.395874663035684
"Sparse25",7,25,"Raw","M3","JKI","M. sinensis",41,0.0536420457698768,0.683671843275915
"Sparse25",7,25,"Raw","M3","JKI","M. x gig",17,0.587769468637386,0.608264039106493
"Sparse25",8,0,"Group_adjusted","M1","ABR33","M. sacchariflorus",47,0.181491132770656,0.403920781114496
"Sparse25",8,0,"Group_adjusted","M1","ABR33","M. sinensis",37,0.471296935369357,0.747573437317967
"Sparse25",8,0,"Group_adjusted","M1","ABR33","M. x gig",16,0.0114411662847302,1.09464840842899
"Sparse25",8,0,"Group_adjusted","M1","JKI","M. sacchariflorus",44,-0.0157012760452799,0.370611477519949
"Sparse25",8,0,"Group_adjusted","M1","JKI","M. sinensis",39,0.239275227666193,0.449444746751684
"Sparse25",8,0,"Group_adjusted","M1","JKI","M. x gig",16,0.337552922583942,0.709612239130935
"Sparse25",8,0,"Group_adjusted","M2","ABR33","M. sacchariflorus",47,0.239644580878767,0.389583009663622
"Sparse25",8,0,"Group_adjusted","M2","ABR33","M. sinensis",37,0.490117575916314,0.736644226698612
"Sparse25",8,0,"Group_adjusted","M2","ABR33","M. x gig",16,0.165784832086327,1.09047236572627
"Sparse25",8,0,"Group_adjusted","M2","JKI","M. sacchariflorus",44,0.0395646721418806,0.370233942257342
"Sparse25",8,0,"Group_adjusted","M2","JKI","M. sinensis",39,0.257566802205974,0.449200147395712
"Sparse25",8,0,"Group_adjusted","M2","JKI","M. x gig",16,0.390688522215384,0.691077543141188
"Sparse25",8,0,"Group_adjusted","M3","ABR33","M. sacchariflorus",47,0.228280291383363,0.391752104060404
"Sparse25",8,0,"Group_adjusted","M3","ABR33","M. sinensis",37,0.475821291325122,0.738498035009773
"Sparse25",8,0,"Group_adjusted","M3","ABR33","M. x gig",16,0.308155058050932,1.07966098923376
"Sparse25",8,0,"Group_adjusted","M3","JKI","M. sacchariflorus",44,0.105210178592234,0.36642478407092
"Sparse25",8,0,"Group_adjusted","M3","JKI","M. sinensis",39,0.259698398465372,0.450810025551879
"Sparse25",8,0,"Group_adjusted","M3","JKI","M. x gig",16,0.394575973741017,0.695255894160913
"Sparse25",8,0,"Raw","M1","ABR33","M. sacchariflorus",47,0.170385169213761,0.803523602695488
"Sparse25",8,0,"Raw","M1","ABR33","M. sinensis",37,0.375217288171318,0.742854919222333
"Sparse25",8,0,"Raw","M1","ABR33","M. x gig",16,-0.107409172577572,1.20933057561044
"Sparse25",8,0,"Raw","M1","JKI","M. sacchariflorus",44,0.0547011740293786,0.399281325560503
"Sparse25",8,0,"Raw","M1","JKI","M. sinensis",39,0.235531642768546,0.514255679285222
"Sparse25",8,0,"Raw","M1","JKI","M. x gig",16,0.4237293868399,0.79334498026779
"Sparse25",8,0,"Raw","M2","ABR33","M. sacchariflorus",47,0.336518084541825,0.672898087007396
"Sparse25",8,0,"Raw","M2","ABR33","M. sinensis",37,0.333738810907933,0.77251956982997
"Sparse25",8,0,"Raw","M2","ABR33","M. x gig",16,0.0500681621389019,1.14378441612615
"Sparse25",8,0,"Raw","M2","JKI","M. sacchariflorus",44,0.067485396477984,0.382178926539815
"Sparse25",8,0,"Raw","M2","JKI","M. sinensis",39,0.282109550833801,0.588619878136757
"Sparse25",8,0,"Raw","M2","JKI","M. x gig",16,0.447407290971947,0.703912442922754
"Sparse25",8,0,"Raw","M3","ABR33","M. sacchariflorus",47,0.340293450421192,0.54883144461564
"Sparse25",8,0,"Raw","M3","ABR33","M. sinensis",37,0.423896661021272,0.820730440956099
"Sparse25",8,0,"Raw","M3","ABR33","M. x gig",16,0.146259793023759,1.12871515007811
"Sparse25",8,0,"Raw","M3","JKI","M. sacchariflorus",44,0.0844899779480231,0.377689364260227
"Sparse25",8,0,"Raw","M3","JKI","M. sinensis",39,0.288246480809191,0.528382647404918
"Sparse25",8,0,"Raw","M3","JKI","M. x gig",16,0.481070255350091,0.702396903636818
"Sparse25",8,5,"Group_adjusted","M1","ABR33","M. sacchariflorus",46,0.224856320156937,0.357532689320292
"Sparse25",8,5,"Group_adjusted","M1","ABR33","M. sinensis",37,0.223167878881196,0.832775608362688
"Sparse25",8,5,"Group_adjusted","M1","ABR33","M. x gig",17,0.11267231777958,1.04787426769638
"Sparse25",8,5,"Group_adjusted","M1","JKI","M. sacchariflorus",44,0.0592385069877578,0.377509768305533
"Sparse25",8,5,"Group_adjusted","M1","JKI","M. sinensis",38,0.299062722319595,0.4296190192049
"Sparse25",8,5,"Group_adjusted","M1","JKI","M. x gig",17,0.536998233129102,0.695837340648949
"Sparse25",8,5,"Group_adjusted","M2","ABR33","M. sacchariflorus",46,0.257720101115422,0.35412124558686
"Sparse25",8,5,"Group_adjusted","M2","ABR33","M. sinensis",37,0.31485580834114,0.820542700622533
"Sparse25",8,5,"Group_adjusted","M2","ABR33","M. x gig",17,0.294509094084946,1.03020485810147
"Sparse25",8,5,"Group_adjusted","M2","JKI","M. sacchariflorus",44,0.16421747762351,0.372732741590797
"Sparse25",8,5,"Group_adjusted","M2","JKI","M. sinensis",38,0.334235913321124,0.422457126909323
"Sparse25",8,5,"Group_adjusted","M2","JKI","M. x gig",17,0.604926217230654,0.660925315792898
"Sparse25",8,5,"Group_adjusted","M3","ABR33","M. sacchariflorus",46,0.306511145500416,0.349480399674029
"Sparse25",8,5,"Group_adjusted","M3","ABR33","M. sinensis",37,0.371725771519494,0.81602645379087
"Sparse25",8,5,"Group_adjusted","M3","ABR33","M. x gig",17,0.206412003551599,1.04957035462665
"Sparse25",8,5,"Group_adjusted","M3","JKI","M. sacchariflorus",44,0.104221262793992,0.37806061742264
"Sparse25",8,5,"Group_adjusted","M3","JKI","M. sinensis",38,0.349307989066479,0.428849225279206
"Sparse25",8,5,"Group_adjusted","M3","JKI","M. x gig",17,0.617407054035987,0.673182616009221
"Sparse25",8,5,"Raw","M1","ABR33","M. sacchariflorus",46,0.217876054844707,0.758947343003675
"Sparse25",8,5,"Raw","M1","ABR33","M. sinensis",37,0.215245328150574,0.839477270215668
"Sparse25",8,5,"Raw","M1","ABR33","M. x gig",17,-0.192561382262352,1.09193395508668
"Sparse25",8,5,"Raw","M1","JKI","M. sacchariflorus",44,-0.000243568186077027,0.394554788757991
"Sparse25",8,5,"Raw","M1","JKI","M. sinensis",38,0.302320709789281,0.465798325238466
"Sparse25",8,5,"Raw","M1","JKI","M. x gig",17,0.61217496685459,0.806746357716775
"Sparse25",8,5,"Raw","M2","ABR33","M. sacchariflorus",46,0.357440406852914,0.632948541845287
"Sparse25",8,5,"Raw","M2","ABR33","M. sinensis",37,0.286481104448871,0.84016936082572
"Sparse25",8,5,"Raw","M2","ABR33","M. x gig",17,0.0762157527762619,1.01908436303699
"Sparse25",8,5,"Raw","M2","JKI","M. sacchariflorus",44,0.0556640108060172,0.393827027737715
"Sparse25",8,5,"Raw","M2","JKI","M. sinensis",38,0.357395334313603,0.499769948504764
"Sparse25",8,5,"Raw","M2","JKI","M. x gig",17,0.670768136715625,0.674014335249763
"Sparse25",8,5,"Raw","M3","ABR33","M. sacchariflorus",46,0.412026486806276,0.571404354139195
"Sparse25",8,5,"Raw","M3","ABR33","M. sinensis",37,0.376883158549152,0.855804118209923
"Sparse25",8,5,"Raw","M3","ABR33","M. x gig",17,0.108577900886343,0.984566972017533
"Sparse25",8,5,"Raw","M3","JKI","M. sacchariflorus",44,0.025053830719695,0.389643162588165
"Sparse25",8,5,"Raw","M3","JKI","M. sinensis",38,0.368571636638267,0.475496009194441
"Sparse25",8,5,"Raw","M3","JKI","M. x gig",17,0.657458338642131,0.67732499849903
"Sparse25",8,10,"Group_adjusted","M1","ABR33","M. sacchariflorus",47,0.30714309493249,0.390533995042447
"Sparse25",8,10,"Group_adjusted","M1","ABR33","M. sinensis",36,0.410773998854254,0.798673075124609
"Sparse25",8,10,"Group_adjusted","M1","ABR33","M. x gig",17,0.000147190435411504,1.18131424756028
"Sparse25",8,10,"Group_adjusted","M1","JKI","M. sacchariflorus",45,0.320514630720644,0.385482351390078
"Sparse25",8,10,"Group_adjusted","M1","JKI","M. sinensis",36,0.141477132597592,0.463597765339078
"Sparse25",8,10,"Group_adjusted","M1","JKI","M. x gig",18,0.293013402997788,0.785011202365179
"Sparse25",8,10,"Group_adjusted","M2","ABR33","M. sacchariflorus",47,0.297701889930901,0.389144638045096
"Sparse25",8,10,"Group_adjusted","M2","ABR33","M. sinensis",36,0.382067907626609,0.7912086711621
"Sparse25",8,10,"Group_adjusted","M2","ABR33","M. x gig",17,-0.035494547289354,1.19256298246931
"Sparse25",8,10,"Group_adjusted","M2","JKI","M. sacchariflorus",45,0.401892742436415,0.381124095318521
"Sparse25",8,10,"Group_adjusted","M2","JKI","M. sinensis",36,0.166182086606395,0.478549590382542
"Sparse25",8,10,"Group_adjusted","M2","JKI","M. x gig",18,0.31623444328003,0.756716897150092
"Sparse25",8,10,"Group_adjusted","M3","ABR33","M. sacchariflorus",47,0.281225082418105,0.385562776995972
"Sparse25",8,10,"Group_adjusted","M3","ABR33","M. sinensis",36,0.384878944088447,0.789241007062479
"Sparse25",8,10,"Group_adjusted","M3","ABR33","M. x gig",17,0.0811370301894883,1.19585107897204
"Sparse25",8,10,"Group_adjusted","M3","JKI","M. sacchariflorus",45,0.369456265715998,0.381203713136957
"Sparse25",8,10,"Group_adjusted","M3","JKI","M. sinensis",36,0.170419550886173,0.470371810437838
"Sparse25",8,10,"Group_adjusted","M3","JKI","M. x gig",18,0.35583501603728,0.753619555969208
"Sparse25",8,10,"Raw","M1","ABR33","M. sacchariflorus",47,0.310824438927047,0.694338731426786
"Sparse25",8,10,"Raw","M1","ABR33","M. sinensis",36,0.366436878772434,0.797686262725464
"Sparse25",8,10,"Raw","M1","ABR33","M. x gig",17,0.0168341533817598,1.34088016009112
"Sparse25",8,10,"Raw","M1","JKI","M. sacchariflorus",45,0.196461156348165,0.383428111391957
"Sparse25",8,10,"Raw","M1","JKI","M. sinensis",36,0.131716812249138,0.470201380343237
"Sparse25",8,10,"Raw","M1","JKI","M. x gig",18,0.184005402380275,1.02435823323333
"Sparse25",8,10,"Raw","M2","ABR33","M. sacchariflorus",47,0.38430780577334,0.619499928941719
"Sparse25",8,10,"Raw","M2","ABR33","M. sinensis",36,0.35177173484989,0.791559515666569
"Sparse25",8,10,"Raw","M2","ABR33","M. x gig",17,-0.222820647506033,1.32054530272493
"Sparse25",8,10,"Raw","M2","JKI","M. sacchariflorus",45,0.199805060039622,0.389806653067921
"Sparse25",8,10,"Raw","M2","JKI","M. sinensis",36,0.167811356317157,0.498835728497088
"Sparse25",8,10,"Raw","M2","JKI","M. x gig",18,0.138731306755317,0.933622569937579
"Sparse25",8,10,"Raw","M3","ABR33","M. sacchariflorus",47,0.374454689898541,0.550008684670246
"Sparse25",8,10,"Raw","M3","ABR33","M. sinensis",36,0.451428252524686,0.79562463653706
"Sparse25",8,10,"Raw","M3","ABR33","M. x gig",17,-0.159313666413671,1.29431345127894
"Sparse25",8,10,"Raw","M3","JKI","M. sacchariflorus",45,0.190838451815088,0.382956236502989
"Sparse25",8,10,"Raw","M3","JKI","M. sinensis",36,0.160517956062438,0.474072200626048
"Sparse25",8,10,"Raw","M3","JKI","M. x gig",18,0.161930413155984,0.942157382756677
"Sparse25",8,15,"Group_adjusted","M1","ABR33","M. sacchariflorus",48,0.134673902508166,0.389005638171448
"Sparse25",8,15,"Group_adjusted","M1","ABR33","M. sinensis",36,0.219662491026352,0.899017430165176
"Sparse25",8,15,"Group_adjusted","M1","ABR33","M. x gig",16,NA,1.28762851841111
"Sparse25",8,15,"Group_adjusted","M1","JKI","M. sacchariflorus",47,-0.149495874410967,0.447261006967389
"Sparse25",8,15,"Group_adjusted","M1","JKI","M. sinensis",34,0.207866372082216,0.472705861027803
"Sparse25",8,15,"Group_adjusted","M1","JKI","M. x gig",18,0.334184530748716,0.717970978963162
"Sparse25",8,15,"Group_adjusted","M2","ABR33","M. sacchariflorus",48,0.278384573806622,0.391860216539175
"Sparse25",8,15,"Group_adjusted","M2","ABR33","M. sinensis",36,0.386400059272988,0.890157177026273
"Sparse25",8,15,"Group_adjusted","M2","ABR33","M. x gig",16,0.0481667579783157,1.27980117173077
"Sparse25",8,15,"Group_adjusted","M2","JKI","M. sacchariflorus",47,-0.13696913974855,0.449337622469142
"Sparse25",8,15,"Group_adjusted","M2","JKI","M. sinensis",34,0.253193816903317,0.464624122216968
"Sparse25",8,15,"Group_adjusted","M2","JKI","M. x gig",18,0.324224653243081,0.708171769883567
"Sparse25",8,15,"Group_adjusted","M3","ABR33","M. sacchariflorus",48,0.285093458121992,0.394040304737638
"Sparse25",8,15,"Group_adjusted","M3","ABR33","M. sinensis",36,0.350127741918106,0.891096653745793
"Sparse25",8,15,"Group_adjusted","M3","ABR33","M. x gig",16,0.00730081688824929,1.27366890543094
"Sparse25",8,15,"Group_adjusted","M3","JKI","M. sacchariflorus",47,-0.145941576568078,0.43663690323337
"Sparse25",8,15,"Group_adjusted","M3","JKI","M. sinensis",34,0.2932295763336,0.462025793151723
"Sparse25",8,15,"Group_adjusted","M3","JKI","M. x gig",18,0.341964810173325,0.702200490166757
"Sparse25",8,15,"Raw","M1","ABR33","M. sacchariflorus",48,0.0840064599322311,0.720576400148581
"Sparse25",8,15,"Raw","M1","ABR33","M. sinensis",36,0.224901150618913,0.898956211404057
"Sparse25",8,15,"Raw","M1","ABR33","M. x gig",16,NA,1.54238390986451
"Sparse25",8,15,"Raw","M1","JKI","M. sacchariflorus",47,-0.233719072855864,0.415275272472311
"Sparse25",8,15,"Raw","M1","JKI","M. sinensis",34,0.206946672407346,0.475314260623087
"Sparse25",8,15,"Raw","M1","JKI","M. x gig",18,0.206085270040551,1.0671757673729
"Sparse25",8,15,"Raw","M2","ABR33","M. sacchariflorus",48,0.315690118985871,0.64722087921935
"Sparse25",8,15,"Raw","M2","ABR33","M. sinensis",36,0.386963599463612,0.890660867903082
"Sparse25",8,15,"Raw","M2","ABR33","M. x gig",16,0.120940497763949,1.50504283915008
"Sparse25",8,15,"Raw","M2","JKI","M. sacchariflorus",47,-0.157448275375695,0.441095568612831
"Sparse25",8,15,"Raw","M2","JKI","M. sinensis",34,0.254431572980039,0.476556245252063
"Sparse25",8,15,"Raw","M2","JKI","M. x gig",18,0.169319527813923,1.02099987652231
"Sparse25",8,15,"Raw","M3","ABR33","M. sacchariflorus",48,0.302933909935742,0.609071503347282
"Sparse25",8,15,"Raw","M3","ABR33","M. sinensis",36,0.337399062256455,0.900283792377538
"Sparse25",8,15,"Raw","M3","ABR33","M. x gig",16,0.0523712100993566,1.49220118743496
"Sparse25",8,15,"Raw","M3","JKI","M. sacchariflorus",47,-0.161753923100199,0.423389424325519
"Sparse25",8,15,"Raw","M3","JKI","M. sinensis",34,0.28775456627621,0.468279662584443
"Sparse25",8,15,"Raw","M3","JKI","M. x gig",18,0.206775794004178,0.986535378590584
"Sparse25",8,20,"Group_adjusted","M1","ABR33","M. sacchariflorus",47,0.179427581849072,0.402698717320379
"Sparse25",8,20,"Group_adjusted","M1","ABR33","M. sinensis",34,-0.0620226845224635,0.873630123253338
"Sparse25",8,20,"Group_adjusted","M1","ABR33","M. x gig",19,0.0589359090754263,1.07506026392547
"Sparse25",8,20,"Group_adjusted","M1","JKI","M. sacchariflorus",47,0.212812069675826,0.365843932044961
"Sparse25",8,20,"Group_adjusted","M1","JKI","M. sinensis",35,0.108208748471001,0.465194390461939
"Sparse25",8,20,"Group_adjusted","M1","JKI","M. x gig",17,NA,0.617317293546087
"Sparse25",8,20,"Group_adjusted","M2","ABR33","M. sacchariflorus",47,0.1659960719113,0.394900886355619
"Sparse25",8,20,"Group_adjusted","M2","ABR33","M. sinensis",34,0.029715954401775,0.87232860639876
"Sparse25",8,20,"Group_adjusted","M2","ABR33","M. x gig",19,0.17769935738349,1.06822951384572
"Sparse25",8,20,"Group_adjusted","M2","JKI","M. sacchariflorus",47,0.329490766169702,0.362327393276258
"Sparse25",8,20,"Group_adjusted","M2","JKI","M. sinensis",35,0.15349308588054,0.462174545762553
"Sparse25",8,20,"Group_adjusted","M2","JKI","M. x gig",17,0.530521686943278,0.584497456961752
"Sparse25",8,20,"Group_adjusted","M3","ABR33","M. sacchariflorus",47,0.126906970919453,0.394587081685299
"Sparse25",8,20,"Group_adjusted","M3","ABR33","M. sinensis",34,0.241402559392862,0.861722987419776
"Sparse25",8,20,"Group_adjusted","M3","ABR33","M. x gig",19,0.18120411408014,1.06639240389792
"Sparse25",8,20,"Group_adjusted","M3","JKI","M. sacchariflorus",47,0.252400306149379,0.363072983288921
"Sparse25",8,20,"Group_adjusted","M3","JKI","M. sinensis",35,0.171270229288323,0.459996947960836
"Sparse25",8,20,"Group_adjusted","M3","JKI","M. x gig",17,0.448335754285746,0.585201508876754
"Sparse25",8,20,"Raw","M1","ABR33","M. sacchariflorus",47,0.199944238679988,0.599183016897836
"Sparse25",8,20,"Raw","M1","ABR33","M. sinensis",34,-0.0620226845224635,0.873716326614371
"Sparse25",8,20,"Raw","M1","ABR33","M. x gig",19,0.0861774031964583,1.39409301002427
"Sparse25",8,20,"Raw","M1","JKI","M. sacchariflorus",47,-0.218767445011747,0.379054510676354
"Sparse25",8,20,"Raw","M1","JKI","M. sinensis",35,0.10643724197971,0.49011694070704
"Sparse25",8,20,"Raw","M1","JKI","M. x gig",17,NA,0.951322274780857
"Sparse25",8,20,"Raw","M2","ABR33","M. sacchariflorus",47,0.428506681125065,0.546552639583537
"Sparse25",8,20,"Raw","M2","ABR33","M. sinensis",34,-0.0210129833960263,0.87003910005177
"Sparse25",8,20,"Raw","M2","ABR33","M. x gig",19,0.310054444110681,1.33983951270948
"Sparse25",8,20,"Raw","M2","JKI","M. sacchariflorus",47,0.0504297576053302,0.369025832006322
"Sparse25",8,20,"Raw","M2","JKI","M. sinensis",35,0.128769760944884,0.503460302809155
"Sparse25",8,20,"Raw","M2","JKI","M. x gig",17,0.519651506183283,0.893622663914666
"Sparse25",8,20,"Raw","M3","ABR33","M. sacchariflorus",47,0.411897433329638,0.476270274294177
"Sparse25",8,20,"Raw","M3","ABR33","M. sinensis",34,0.213928968347829,0.855995156401736
"Sparse25",8,20,"Raw","M3","ABR33","M. x gig",19,0.344394687122445,1.32474166999096
"Sparse25",8,20,"Raw","M3","JKI","M. sacchariflorus",47,-0.006588762469752,0.376748738415189
"Sparse25",8,20,"Raw","M3","JKI","M. sinensis",35,0.107770390100288,0.476881581196264
"Sparse25",8,20,"Raw","M3","JKI","M. x gig",17,0.473572409485351,0.886357389289412
"Sparse25",8,25,"Group_adjusted","M1","ABR33","M. sacchariflorus",45,NA,0.414379515798241
"Sparse25",8,25,"Group_adjusted","M1","ABR33","M. sinensis",36,NA,0.865149360635393
"Sparse25",8,25,"Group_adjusted","M1","ABR33","M. x gig",19,NA,1.12883123829117
"Sparse25",8,25,"Group_adjusted","M1","JKI","M. sacchariflorus",45,NA,0.400353203983845
"Sparse25",8,25,"Group_adjusted","M1","JKI","M. sinensis",35,NA,0.465732571035823
"Sparse25",8,25,"Group_adjusted","M1","JKI","M. x gig",19,NA,0.710497811418491
"Sparse25",8,25,"Group_adjusted","M2","ABR33","M. sacchariflorus",45,0.217061184333012,0.41065332710802
"Sparse25",8,25,"Group_adjusted","M2","ABR33","M. sinensis",36,0.432849244288276,0.855746782700451
"Sparse25",8,25,"Group_adjusted","M2","ABR33","M. x gig",19,0.341873773336818,1.12414507627855
"Sparse25",8,25,"Group_adjusted","M2","JKI","M. sacchariflorus",45,0.156367462731089,0.395793636498683
"Sparse25",8,25,"Group_adjusted","M2","JKI","M. sinensis",35,0.318648474219941,0.464308094686367
"Sparse25",8,25,"Group_adjusted","M2","JKI","M. x gig",19,0.181965852914968,0.704033397049353
"Sparse25",8,25,"Group_adjusted","M3","ABR33","M. sacchariflorus",45,0.130442465476372,0.414794445290949
"Sparse25",8,25,"Group_adjusted","M3","ABR33","M. sinensis",36,0.408939713562746,0.848650113084305
"Sparse25",8,25,"Group_adjusted","M3","ABR33","M. x gig",19,0.182997860645953,1.1271218358323
"Sparse25",8,25,"Group_adjusted","M3","JKI","M. sacchariflorus",45,0.174283412745708,0.39671696715214
"Sparse25",8,25,"Group_adjusted","M3","JKI","M. sinensis",35,0.475860679254814,0.452016138084369
"Sparse25",8,25,"Group_adjusted","M3","JKI","M. x gig",19,0.496320532947112,0.700890084985257
"Sparse25",8,25,"Raw","M1","ABR33","M. sacchariflorus",45,NA,0.510101034826719
"Sparse25",8,25,"Raw","M1","ABR33","M. sinensis",36,NA,0.870903392328937
"Sparse25",8,25,"Raw","M1","ABR33","M. x gig",19,NA,1.57179094893336
"Sparse25",8,25,"Raw","M1","JKI","M. sacchariflorus",45,NA,0.358340073407063
"Sparse25",8,25,"Raw","M1","JKI","M. sinensis",35,NA,0.447185738835027
"Sparse25",8,25,"Raw","M1","JKI","M. x gig",19,NA,1.06223575631905
"Sparse25",8,25,"Raw","M2","ABR33","M. sacchariflorus",45,0.26352642469862,0.448678950051681
"Sparse25",8,25,"Raw","M2","ABR33","M. sinensis",36,0.29824096890093,0.843030722462266
"Sparse25",8,25,"Raw","M2","ABR33","M. x gig",19,-0.0645782420427621,1.5393351109295
"Sparse25",8,25,"Raw","M2","JKI","M. sacchariflorus",45,0.0587201027814183,0.378267461396561
"Sparse25",8,25,"Raw","M2","JKI","M. sinensis",35,0.306850146547406,0.48146915882629
"Sparse25",8,25,"Raw","M2","JKI","M. x gig",19,-0.387813988352235,1.02865032011859
"Sparse25",8,25,"Raw","M3","ABR33","M. sacchariflorus",45,0.228718928258582,0.419421683559493
"Sparse25",8,25,"Raw","M3","ABR33","M. sinensis",36,0.273605334430571,0.832631570906887
"Sparse25",8,25,"Raw","M3","ABR33","M. x gig",19,-0.11758693185423,1.51289480883963
"Sparse25",8,25,"Raw","M3","JKI","M. sacchariflorus",45,0.075234391781339,0.372007226247881
"Sparse25",8,25,"Raw","M3","JKI","M. sinensis",35,0.436030370423564,0.453261918394825
"Sparse25",8,25,"Raw","M3","JKI","M. x gig",19,-0.307153286552158,1.03770943162751
"Sparse25",9,0,"Group_adjusted","M1","ABR33","M. sacchariflorus",45,-0.0177458627483666,0.387240755958656
"Sparse25",9,0,"Group_adjusted","M1","ABR33","M. sinensis",38,0.00106095627069188,0.903223590192076
"Sparse25",9,0,"Group_adjusted","M1","ABR33","M. x gig",17,0.111206519750819,1.30271689834266
"Sparse25",9,0,"Group_adjusted","M1","JKI","M. sacchariflorus",41,0.207719775693845,0.377859714816902
"Sparse25",9,0,"Group_adjusted","M1","JKI","M. sinensis",39,0.06199981267544,0.450539156870217
"Sparse25",9,0,"Group_adjusted","M1","JKI","M. x gig",19,0.0123698849818472,0.831350377722671
"Sparse25",9,0,"Group_adjusted","M2","ABR33","M. sacchariflorus",45,-0.00729715044897342,0.390870393795891
"Sparse25",9,0,"Group_adjusted","M2","ABR33","M. sinensis",38,0.024223348691338,0.903100024921301
"Sparse25",9,0,"Group_adjusted","M2","ABR33","M. x gig",17,0.0954236032909104,1.30627147067025
"Sparse25",9,0,"Group_adjusted","M2","JKI","M. sacchariflorus",41,0.228980779786334,0.376687449381811
"Sparse25",9,0,"Group_adjusted","M2","JKI","M. sinensis",39,0.0607882956386881,0.457009859798769
"Sparse25",9,0,"Group_adjusted","M2","JKI","M. x gig",19,0.0673557136231551,0.830761490372348
"Sparse25",9,0,"Group_adjusted","M3","ABR33","M. sacchariflorus",45,0.0213774637179871,0.387928916244697
"Sparse25",9,0,"Group_adjusted","M3","ABR33","M. sinensis",38,0.0294189997816672,0.906189163940811
"Sparse25",9,0,"Group_adjusted","M3","ABR33","M. x gig",17,0.131113466714025,1.30372497072749
"Sparse25",9,0,"Group_adjusted","M3","JKI","M. sacchariflorus",41,0.256397330155738,0.3729688646844
"Sparse25",9,0,"Group_adjusted","M3","JKI","M. sinensis",39,0.0349556879213717,0.458092197672357
"Sparse25",9,0,"Group_adjusted","M3","JKI","M. x gig",19,0.0449838248346919,0.833634703679816
"Sparse25",9,0,"Raw","M1","ABR33","M. sacchariflorus",45,-0.0242225899146693,0.660776544828091
"Sparse25",9,0,"Raw","M1","ABR33","M. sinensis",38,0.0272345806695005,0.871826958440391
"Sparse25",9,0,"Raw","M1","ABR33","M. x gig",17,-0.0295174407057826,1.57049514531726
"Sparse25",9,0,"Raw","M1","JKI","M. sacchariflorus",41,0.159371447035739,0.375158665454272
"Sparse25",9,0,"Raw","M1","JKI","M. sinensis",39,0.0936507363588211,0.456659761453024
"Sparse25",9,0,"Raw","M1","JKI","M. x gig",19,-0.104021372954025,1.07375937502667
"Sparse25",9,0,"Raw","M2","ABR33","M. sacchariflorus",45,0.0270793509034643,0.589889625749422
"Sparse25",9,0,"Raw","M2","ABR33","M. sinensis",38,0.0958752207609887,0.873337908758889
"Sparse25",9,0,"Raw","M2","ABR33","M. x gig",17,-0.0054406235653668,1.56170065829119
"Sparse25",9,0,"Raw","M2","JKI","M. sacchariflorus",41,0.199243132068642,0.379429145535454
"Sparse25",9,0,"Raw","M2","JKI","M. sinensis",39,0.0940115095937006,0.503464264228003
"Sparse25",9,0,"Raw","M2","JKI","M. x gig",19,-0.0890602835467024,1.03310775314894
"Sparse25",9,0,"Raw","M3","ABR33","M. sacchariflorus",45,0.148085657361702,0.485931940302524
"Sparse25",9,0,"Raw","M3","ABR33","M. sinensis",38,0.0943801866521349,0.906688963251776
"Sparse25",9,0,"Raw","M3","ABR33","M. x gig",17,0.0327153291328056,1.54732294981965
"Sparse25",9,0,"Raw","M3","JKI","M. sacchariflorus",41,0.199019360606194,0.372234864560614
"Sparse25",9,0,"Raw","M3","JKI","M. sinensis",39,0.0229832902415646,0.460436813659037
"Sparse25",9,0,"Raw","M3","JKI","M. x gig",19,-0.11769574629826,1.05346168023255
"Sparse25",9,5,"Group_adjusted","M1","ABR33","M. sacchariflorus",43,0.130425287302445,0.338355579794282
"Sparse25",9,5,"Group_adjusted","M1","ABR33","M. sinensis",41,0.164998963629797,0.94521623236538
"Sparse25",9,5,"Group_adjusted","M1","ABR33","M. x gig",16,-0.0268603796010181,1.16805531927914
"Sparse25",9,5,"Group_adjusted","M1","JKI","M. sacchariflorus",44,0.196139585061512,0.366302779562158
"Sparse25",9,5,"Group_adjusted","M1","JKI","M. sinensis",37,0.0904908199300627,0.451085177135313
"Sparse25",9,5,"Group_adjusted","M1","JKI","M. x gig",18,0.100373107848829,0.851344113950131
"Sparse25",9,5,"Group_adjusted","M2","ABR33","M. sacchariflorus",43,0.130443563983985,0.340277872764306
"Sparse25",9,5,"Group_adjusted","M2","ABR33","M. sinensis",41,0.218855806257924,0.934060753301336
"Sparse25",9,5,"Group_adjusted","M2","ABR33","M. x gig",16,0.0200959815723951,1.16671208594815
"Sparse25",9,5,"Group_adjusted","M2","JKI","M. sacchariflorus",44,0.189940625053792,0.364572477919494
"Sparse25",9,5,"Group_adjusted","M2","JKI","M. sinensis",37,0.0869719800957852,0.455701970010631
"Sparse25",9,5,"Group_adjusted","M2","JKI","M. x gig",18,0.130508329137944,0.827347799530944
"Sparse25",9,5,"Group_adjusted","M3","ABR33","M. sacchariflorus",43,0.0814967212057267,0.343047877137109
"Sparse25",9,5,"Group_adjusted","M3","ABR33","M. sinensis",41,0.39003095886335,0.928328070375168
"Sparse25",9,5,"Group_adjusted","M3","ABR33","M. x gig",16,-0.113579847988764,1.17285164305833
"Sparse25",9,5,"Group_adjusted","M3","JKI","M. sacchariflorus",44,0.191382667796534,0.363825335101743
"Sparse25",9,5,"Group_adjusted","M3","JKI","M. sinensis",37,0.0928211700555501,0.453384243168675
"Sparse25",9,5,"Group_adjusted","M3","JKI","M. x gig",18,0.131556469362798,0.837237619666965
"Sparse25",9,5,"Raw","M1","ABR33","M. sacchariflorus",43,0.126695009518124,0.704418240869295
"Sparse25",9,5,"Raw","M1","ABR33","M. sinensis",41,0.169748200873177,0.835907177977803
"Sparse25",9,5,"Raw","M1","ABR33","M. x gig",16,0.0332699832776881,1.44058697865649
"Sparse25",9,5,"Raw","M1","JKI","M. sacchariflorus",44,0.0995906010926436,0.392677484988442
"Sparse25",9,5,"Raw","M1","JKI","M. sinensis",37,0.180283125767793,0.441419871319702
"Sparse25",9,5,"Raw","M1","JKI","M. x gig",18,-0.0115704408347668,1.11698522712461
"Sparse25",9,5,"Raw","M2","ABR33","M. sacchariflorus",43,0.15078991558006,0.579493269291982
"Sparse25",9,5,"Raw","M2","ABR33","M. sinensis",41,0.212646058278378,0.856691328187911
"Sparse25",9,5,"Raw","M2","ABR33","M. x gig",16,-0.0887464337170417,1.4037872595469
"Sparse25",9,5,"Raw","M2","JKI","M. sacchariflorus",44,0.11287086605728,0.445096894832632
"Sparse25",9,5,"Raw","M2","JKI","M. sinensis",37,0.145090072342717,0.496403670441537
"Sparse25",9,5,"Raw","M2","JKI","M. x gig",18,-0.0769559808285413,1.03538613381037
"Sparse25",9,5,"Raw","M3","ABR33","M. sacchariflorus",43,0.160873980997832,0.439881656806591
"Sparse25",9,5,"Raw","M3","ABR33","M. sinensis",41,0.371272399284893,0.96479723221282
"Sparse25",9,5,"Raw","M3","ABR33","M. x gig",16,-0.242209084249204,1.39974800260531
"Sparse25",9,5,"Raw","M3","JKI","M. sacchariflorus",44,0.13787591199768,0.377626155631678
"Sparse25",9,5,"Raw","M3","JKI","M. sinensis",37,0.0763938713565466,0.452488824577991
"Sparse25",9,5,"Raw","M3","JKI","M. x gig",18,-0.0108508451388635,1.06035293919953
"Sparse25",9,10,"Group_adjusted","M1","ABR33","M. sacchariflorus",45,0.263484994771746,0.347323707344234
"Sparse25",9,10,"Group_adjusted","M1","ABR33","M. sinensis",36,0.252073599681029,0.853235144188674
"Sparse25",9,10,"Group_adjusted","M1","ABR33","M. x gig",19,NA,1.63980691170026
"Sparse25",9,10,"Group_adjusted","M1","JKI","M. sacchariflorus",47,0.0785158075105923,0.39760753508235
"Sparse25",9,10,"Group_adjusted","M1","JKI","M. sinensis",31,-0.0615717241861629,0.492821574058602
"Sparse25",9,10,"Group_adjusted","M1","JKI","M. x gig",21,0.465553011952358,0.679441744268411
"Sparse25",9,10,"Group_adjusted","M2","ABR33","M. sacchariflorus",45,0.214763792159478,0.345451357047648
"Sparse25",9,10,"Group_adjusted","M2","ABR33","M. sinensis",36,0.322927573257811,0.841525043671564
"Sparse25",9,10,"Group_adjusted","M2","ABR33","M. x gig",19,0.41356488642399,1.64077193284785
"Sparse25",9,10,"Group_adjusted","M2","JKI","M. sacchariflorus",47,0.114273950591451,0.397180650906825
"Sparse25",9,10,"Group_adjusted","M2","JKI","M. sinensis",31,-0.0223283303219388,0.498303819700009
"Sparse25",9,10,"Group_adjusted","M2","JKI","M. x gig",21,0.561173743920218,0.654049167147975
"Sparse25",9,10,"Group_adjusted","M3","ABR33","M. sacchariflorus",45,0.19400951590075,0.347983139217476
"Sparse25",9,10,"Group_adjusted","M3","ABR33","M. sinensis",36,0.35077561004343,0.83969128343704
"Sparse25",9,10,"Group_adjusted","M3","ABR33","M. x gig",19,0.489015576767255,1.63414515427473
"Sparse25",9,10,"Group_adjusted","M3","JKI","M. sacchariflorus",47,0.11438490407625,0.39773783830311
"Sparse25",9,10,"Group_adjusted","M3","JKI","M. sinensis",31,-0.0252975462678855,0.498407046743625
"Sparse25",9,10,"Group_adjusted","M3","JKI","M. x gig",21,0.63017491562086,0.654529559485272
"Sparse25",9,10,"Raw","M1","ABR33","M. sacchariflorus",45,0.263762972520599,0.65278898675515
"Sparse25",9,10,"Raw","M1","ABR33","M. sinensis",36,0.243799177924857,0.85471105811216
"Sparse25",9,10,"Raw","M1","ABR33","M. x gig",19,NA,1.23649678812211
"Sparse25",9,10,"Raw","M1","JKI","M. sacchariflorus",47,-0.0095396028478204,0.421104462754407
"Sparse25",9,10,"Raw","M1","JKI","M. sinensis",31,-0.0570642576765174,0.491156836486498
"Sparse25",9,10,"Raw","M1","JKI","M. x gig",21,0.470660932882711,1.01731648220759
"Sparse25",9,10,"Raw","M2","ABR33","M. sacchariflorus",45,0.337065029713752,0.586536198035376
"Sparse25",9,10,"Raw","M2","ABR33","M. sinensis",36,0.3215276497777,0.844077275725014
"Sparse25",9,10,"Raw","M2","ABR33","M. x gig",19,0.357154223400966,1.18892166807401
"Sparse25",9,10,"Raw","M2","JKI","M. sacchariflorus",47,0.0554406529126425,0.44906556650676
"Sparse25",9,10,"Raw","M2","JKI","M. sinensis",31,0.00647473881520752,0.496194222789942
"Sparse25",9,10,"Raw","M2","JKI","M. x gig",21,0.474043467427329,0.927865968808169
"Sparse25",9,10,"Raw","M3","ABR33","M. sacchariflorus",45,0.376800299169126,0.479755919920758
"Sparse25",9,10,"Raw","M3","ABR33","M. sinensis",36,0.365392900487389,0.860195843312452
"Sparse25",9,10,"Raw","M3","ABR33","M. x gig",19,0.396578301341277,1.14445892969594
"Sparse25",9,10,"Raw","M3","JKI","M. sacchariflorus",47,0.0498843992967104,0.411464728848681
"Sparse25",9,10,"Raw","M3","JKI","M. sinensis",31,-0.00186703964811127,0.497683242308979
"Sparse25",9,10,"Raw","M3","JKI","M. x gig",21,0.504286861252045,0.91423947266364
"Sparse25",9,15,"Group_adjusted","M1","ABR33","M. sacchariflorus",46,-0.119397236697339,0.405706655538077
"Sparse25",9,15,"Group_adjusted","M1","ABR33","M. sinensis",37,0.289159240947592,0.833136703864324
"Sparse25",9,15,"Group_adjusted","M1","ABR33","M. x gig",17,-0.22541835552474,1.21431990234803
"Sparse25",9,15,"Group_adjusted","M1","JKI","M. sacchariflorus",47,0.151213929469962,0.412376532253756
"Sparse25",9,15,"Group_adjusted","M1","JKI","M. sinensis",36,0.197727051784329,0.492770946322682
"Sparse25",9,15,"Group_adjusted","M1","JKI","M. x gig",16,0.189872976520322,0.712272032956341
"Sparse25",9,15,"Group_adjusted","M2","ABR33","M. sacchariflorus",46,0.0427889886299682,0.398788727291927
"Sparse25",9,15,"Group_adjusted","M2","ABR33","M. sinensis",37,0.449058663785749,0.817863843756674
"Sparse25",9,15,"Group_adjusted","M2","ABR33","M. x gig",17,-0.204270179229408,1.20539933308723
"Sparse25",9,15,"Group_adjusted","M2","JKI","M. sacchariflorus",47,0.289366545616294,0.407614239134623
"Sparse25",9,15,"Group_adjusted","M2","JKI","M. sinensis",36,0.232153121935902,0.498216936674178
"Sparse25",9,15,"Group_adjusted","M2","JKI","M. x gig",16,0.320556398565155,0.696042403189116
"Sparse25",9,15,"Group_adjusted","M3","ABR33","M. sacchariflorus",46,0.141444295000614,0.398213198146906
"Sparse25",9,15,"Group_adjusted","M3","ABR33","M. sinensis",37,0.501243043066987,0.81605523692529
"Sparse25",9,15,"Group_adjusted","M3","ABR33","M. x gig",17,-0.229391250843484,1.19549198139365
"Sparse25",9,15,"Group_adjusted","M3","JKI","M. sacchariflorus",47,0.410458921778392,0.4056754235359
"Sparse25",9,15,"Group_adjusted","M3","JKI","M. sinensis",36,0.216015213068667,0.506226956420252
"Sparse25",9,15,"Group_adjusted","M3","JKI","M. x gig",16,0.309144015636311,0.705166469955112
"Sparse25",9,15,"Raw","M1","ABR33","M. sacchariflorus",46,-0.114112828694582,0.616598408416746
"Sparse25",9,15,"Raw","M1","ABR33","M. sinensis",37,0.256415066691299,0.826863922177378
"Sparse25",9,15,"Raw","M1","ABR33","M. x gig",17,-0.21190120442018,1.53919490492039
"Sparse25",9,15,"Raw","M1","JKI","M. sacchariflorus",47,-0.140194858379169,0.413511927907422
"Sparse25",9,15,"Raw","M1","JKI","M. sinensis",36,0.185148555236835,0.405011868583372
"Sparse25",9,15,"Raw","M1","JKI","M. x gig",16,-0.181857682670698,1.08371908619516
"Sparse25",9,15,"Raw","M2","ABR33","M. sacchariflorus",46,0.186057488502984,0.551653840196056
"Sparse25",9,15,"Raw","M2","ABR33","M. sinensis",37,0.363254331870775,0.811473527752461
"Sparse25",9,15,"Raw","M2","ABR33","M. x gig",17,-0.294534424411747,1.49346594394365
"Sparse25",9,15,"Raw","M2","JKI","M. sacchariflorus",47,-0.0569999193040221,0.434479838479674
"Sparse25",9,15,"Raw","M2","JKI","M. sinensis",36,0.248596112618402,0.399988261532527
"Sparse25",9,15,"Raw","M2","JKI","M. x gig",16,-0.404508647161254,1.03261489109261
"Sparse25",9,15,"Raw","M3","ABR33","M. sacchariflorus",46,0.209336819959393,0.449149008653237
"Sparse25",9,15,"Raw","M3","ABR33","M. sinensis",37,0.469394738605354,0.82597862372555
"Sparse25",9,15,"Raw","M3","ABR33","M. x gig",17,-0.338191906770185,1.46854240165484
"Sparse25",9,15,"Raw","M3","JKI","M. sacchariflorus",47,-0.0644239302121119,0.409565215758851
"Sparse25",9,15,"Raw","M3","JKI","M. sinensis",36,0.234915122556131,0.425885059768613
"Sparse25",9,15,"Raw","M3","JKI","M. x gig",16,-0.337677295155174,1.03825295060773
"Sparse25",9,20,"Group_adjusted","M1","ABR33","M. sacchariflorus",45,0.0627062089364738,0.416015356821575
"Sparse25",9,20,"Group_adjusted","M1","ABR33","M. sinensis",37,0.186492408278206,0.794531793836125
"Sparse25",9,20,"Group_adjusted","M1","ABR33","M. x gig",18,NA,1.06329121907081
"Sparse25",9,20,"Group_adjusted","M1","JKI","M. sacchariflorus",46,0.232198061939734,0.408487614102017
"Sparse25",9,20,"Group_adjusted","M1","JKI","M. sinensis",34,-0.200291742398018,0.483403770493478
"Sparse25",9,20,"Group_adjusted","M1","JKI","M. x gig",19,-0.329428709645538,0.633129323303772
"Sparse25",9,20,"Group_adjusted","M2","ABR33","M. sacchariflorus",45,0.0957638468873477,0.413014098173764
"Sparse25",9,20,"Group_adjusted","M2","ABR33","M. sinensis",37,0.278568548612844,0.782485387349683
"Sparse25",9,20,"Group_adjusted","M2","ABR33","M. x gig",18,0.45623129260957,1.03648969218595
"Sparse25",9,20,"Group_adjusted","M2","JKI","M. sacchariflorus",46,0.344842018456717,0.402350535353301
"Sparse25",9,20,"Group_adjusted","M2","JKI","M. sinensis",34,-0.066776899881029,0.486914654947194
"Sparse25",9,20,"Group_adjusted","M2","JKI","M. x gig",19,-0.0110380845547087,0.617509558326761
"Sparse25",9,20,"Group_adjusted","M3","ABR33","M. sacchariflorus",45,0.179432251752762,0.419652139133044
"Sparse25",9,20,"Group_adjusted","M3","ABR33","M. sinensis",37,0.379597497426706,0.783741841944966
"Sparse25",9,20,"Group_adjusted","M3","ABR33","M. x gig",18,0.498819135582501,1.03204339999371
"Sparse25",9,20,"Group_adjusted","M3","JKI","M. sacchariflorus",46,0.358302318593081,0.397236850159158
"Sparse25",9,20,"Group_adjusted","M3","JKI","M. sinensis",34,-0.0370801471223692,0.481184769704656
"Sparse25",9,20,"Group_adjusted","M3","JKI","M. x gig",19,0.0942498257311423,0.592528736409809
"Sparse25",9,20,"Raw","M1","ABR33","M. sacchariflorus",45,0.0627062089364738,0.612733426867088
"Sparse25",9,20,"Raw","M1","ABR33","M. sinensis",37,0.195045557897427,0.737131968963012
"Sparse25",9,20,"Raw","M1","ABR33","M. x gig",18,NA,1.45054203293301
"Sparse25",9,20,"Raw","M1","JKI","M. sacchariflorus",46,-0.0347334330010532,0.422940424981329
"Sparse25",9,20,"Raw","M1","JKI","M. sinensis",34,-0.190581197730578,0.443245387440369
"Sparse25",9,20,"Raw","M1","JKI","M. x gig",19,-0.329428709645538,1.04109795305728
"Sparse25",9,20,"Raw","M2","ABR33","M. sacchariflorus",45,0.235353762406674,0.512844391024789
"Sparse25",9,20,"Raw","M2","ABR33","M. sinensis",37,0.285327325117094,0.736525784194741
"Sparse25",9,20,"Raw","M2","ABR33","M. x gig",18,0.465861446678017,1.41777817666646
"Sparse25",9,20,"Raw","M2","JKI","M. sacchariflorus",46,0.10328592133833,0.466168828186922
"Sparse25",9,20,"Raw","M2","JKI","M. sinensis",34,-0.0508516302581717,0.44778002779924
"Sparse25",9,20,"Raw","M2","JKI","M. x gig",19,0.32673376617224,1.01558111901141
"Sparse25",9,20,"Raw","M3","ABR33","M. sacchariflorus",45,0.254302579274047,0.401870830154595
"Sparse25",9,20,"Raw","M3","ABR33","M. sinensis",37,0.425678675836627,0.795048149521852
"Sparse25",9,20,"Raw","M3","ABR33","M. x gig",18,0.385111822015742,1.38765768973159
"Sparse25",9,20,"Raw","M3","JKI","M. sacchariflorus",46,0.161859295539618,0.403710344851341
"Sparse25",9,20,"Raw","M3","JKI","M. sinensis",34,-0.0563798097795324,0.457898073677416
"Sparse25",9,20,"Raw","M3","JKI","M. x gig",19,0.430212391776019,0.967048822615405
"Sparse25",9,25,"Group_adjusted","M1","ABR33","M. sacchariflorus",42,NA,0.384185737700458
"Sparse25",9,25,"Group_adjusted","M1","ABR33","M. sinensis",39,NA,0.808011793239841
"Sparse25",9,25,"Group_adjusted","M1","ABR33","M. x gig",19,NA,1.30381224033085
"Sparse25",9,25,"Group_adjusted","M1","JKI","M. sacchariflorus",42,NA,0.34629387513557
"Sparse25",9,25,"Group_adjusted","M1","JKI","M. sinensis",38,NA,0.440329689498903
"Sparse25",9,25,"Group_adjusted","M1","JKI","M. x gig",19,NA,0.972296290929805
"Sparse25",9,25,"Group_adjusted","M2","ABR33","M. sacchariflorus",42,0.210027425024414,0.379654706213863
"Sparse25",9,25,"Group_adjusted","M2","ABR33","M. sinensis",39,0.299681102919762,0.803856691025969
"Sparse25",9,25,"Group_adjusted","M2","ABR33","M. x gig",19,0.102965123072269,1.29185832893191
"Sparse25",9,25,"Group_adjusted","M2","JKI","M. sacchariflorus",42,0.12296965523857,0.344163278959027
"Sparse25",9,25,"Group_adjusted","M2","JKI","M. sinensis",38,0.000736763960905072,0.437131872797506
"Sparse25",9,25,"Group_adjusted","M2","JKI","M. x gig",19,0.594818037835034,0.943590045105055
"Sparse25",9,25,"Group_adjusted","M3","ABR33","M. sacchariflorus",42,0.200960052872366,0.378692663241792
"Sparse25",9,25,"Group_adjusted","M3","ABR33","M. sinensis",39,0.379692463669894,0.797396674286032
"Sparse25",9,25,"Group_adjusted","M3","ABR33","M. x gig",19,0.212295090984967,1.28217722647446
"Sparse25",9,25,"Group_adjusted","M3","JKI","M. sacchariflorus",42,0.131996596692463,0.34456499769507
"Sparse25",9,25,"Group_adjusted","M3","JKI","M. sinensis",38,-0.0112577740672581,0.43700274689753
"Sparse25",9,25,"Group_adjusted","M3","JKI","M. x gig",19,0.547981614010785,0.932230249691894
"Sparse25",9,25,"Raw","M1","ABR33","M. sacchariflorus",42,NA,0.529807185915809
"Sparse25",9,25,"Raw","M1","ABR33","M. sinensis",39,NA,0.812285875175097
"Sparse25",9,25,"Raw","M1","ABR33","M. x gig",19,NA,1.64856827558092
"Sparse25",9,25,"Raw","M1","JKI","M. sacchariflorus",42,NA,0.350230396972869
"Sparse25",9,25,"Raw","M1","JKI","M. sinensis",38,NA,0.429474207269908
"Sparse25",9,25,"Raw","M1","JKI","M. x gig",19,NA,1.13521980024532
"Sparse25",9,25,"Raw","M2","ABR33","M. sacchariflorus",42,0.263039139128766,0.480493142730151
"Sparse25",9,25,"Raw","M2","ABR33","M. sinensis",39,0.308302609437698,0.792206369970086
"Sparse25",9,25,"Raw","M2","ABR33","M. x gig",19,-0.030227627996367,1.61792282886949
"Sparse25",9,25,"Raw","M2","JKI","M. sacchariflorus",42,0.112656615731815,0.361998198829108
"Sparse25",9,25,"Raw","M2","JKI","M. sinensis",38,0.0175972863864924,0.445339460348342
"Sparse25",9,25,"Raw","M2","JKI","M. x gig",19,0.30428732078053,1.08502271500323
"Sparse25",9,25,"Raw","M3","ABR33","M. sacchariflorus",42,0.259467276878296,0.412742616255584
"Sparse25",9,25,"Raw","M3","ABR33","M. sinensis",39,0.377303598276511,0.792197703064259
"Sparse25",9,25,"Raw","M3","ABR33","M. x gig",19,-0.00853057222619266,1.57856972556941
"Sparse25",9,25,"Raw","M3","JKI","M. sacchariflorus",42,0.121288601551166,0.34249959734423
"Sparse25",9,25,"Raw","M3","JKI","M. sinensis",38,0.0552248623908139,0.430383087944143
"Sparse25",9,25,"Raw","M3","JKI","M. x gig",19,0.454631691396932,1.08135627684548
"Sparse25",10,0,"Group_adjusted","M1","ABR33","M. sacchariflorus",44,0.123947567069242,0.345017726106517
"Sparse25",10,0,"Group_adjusted","M1","ABR33","M. sinensis",40,0.262443254400289,1.062430444065
"Sparse25",10,0,"Group_adjusted","M1","ABR33","M. x gig",16,0.322179628186015,1.07952209427027
"Sparse25",10,0,"Group_adjusted","M1","JKI","M. sacchariflorus",46,0.197677821247032,0.455712927170837
"Sparse25",10,0,"Group_adjusted","M1","JKI","M. sinensis",36,0.169015226685784,0.433200695194985
"Sparse25",10,0,"Group_adjusted","M1","JKI","M. x gig",17,0.177107405755836,0.695919222148422
"Sparse25",10,0,"Group_adjusted","M2","ABR33","M. sacchariflorus",44,0.150027247171373,0.339246330349072
"Sparse25",10,0,"Group_adjusted","M2","ABR33","M. sinensis",40,0.340438750939755,1.06011985348304
"Sparse25",10,0,"Group_adjusted","M2","ABR33","M. x gig",16,0.28274195803153,1.07584152266993
"Sparse25",10,0,"Group_adjusted","M2","JKI","M. sacchariflorus",46,0.158936930474375,0.449574844299071
"Sparse25",10,0,"Group_adjusted","M2","JKI","M. sinensis",36,0.189759265359953,0.438974214135002
"Sparse25",10,0,"Group_adjusted","M2","JKI","M. x gig",17,0.175564982220301,0.706241582767155
"Sparse25",10,0,"Group_adjusted","M3","ABR33","M. sacchariflorus",44,0.225624945198103,0.331304214994547
"Sparse25",10,0,"Group_adjusted","M3","ABR33","M. sinensis",40,0.416428951723853,1.06047853065557
"Sparse25",10,0,"Group_adjusted","M3","ABR33","M. x gig",16,0.198173074755878,1.09357240230901
"Sparse25",10,0,"Group_adjusted","M3","JKI","M. sacchariflorus",46,0.179015646421596,0.455317752016473
"Sparse25",10,0,"Group_adjusted","M3","JKI","M. sinensis",36,0.214764415532425,0.43185026620089
"Sparse25",10,0,"Group_adjusted","M3","JKI","M. x gig",17,0.228488583384261,0.690604347098072
"Sparse25",10,0,"Raw","M1","ABR33","M. sacchariflorus",44,0.175194830004007,0.8359611932722
"Sparse25",10,0,"Raw","M1","ABR33","M. sinensis",40,0.287347573207171,0.796889875607384
"Sparse25",10,0,"Raw","M1","ABR33","M. x gig",16,0.357800943365517,1.29065910494576
"Sparse25",10,0,"Raw","M1","JKI","M. sacchariflorus",46,0.383698901515982,0.393588560993905
"Sparse25",10,0,"Raw","M1","JKI","M. sinensis",36,0.221094639822796,0.483625793844826
"Sparse25",10,0,"Raw","M1","JKI","M. x gig",17,0.111140575879362,0.935832387807301
"Sparse25",10,0,"Raw","M2","ABR33","M. sacchariflorus",44,0.314871510798757,0.678160735935678
"Sparse25",10,0,"Raw","M2","ABR33","M. sinensis",40,0.373968208660587,0.842738449706474
"Sparse25",10,0,"Raw","M2","ABR33","M. x gig",16,0.272306654319001,1.25363680427071
"Sparse25",10,0,"Raw","M2","JKI","M. sacchariflorus",46,0.337816013729288,0.381498180172014
"Sparse25",10,0,"Raw","M2","JKI","M. sinensis",36,0.239709934664329,0.588812445491834
"Sparse25",10,0,"Raw","M2","JKI","M. x gig",17,0.0866716698033499,0.908500292365847
"Sparse25",10,0,"Raw","M3","ABR33","M. sacchariflorus",44,0.295172692253503,0.449628596530298
"Sparse25",10,0,"Raw","M3","ABR33","M. sinensis",40,0.395369938687296,1.05815239997671
"Sparse25",10,0,"Raw","M3","ABR33","M. x gig",16,0.00784139589850134,1.2889231495678
"Sparse25",10,0,"Raw","M3","JKI","M. sacchariflorus",46,0.317268587315692,0.417274862015788
"Sparse25",10,0,"Raw","M3","JKI","M. sinensis",36,0.240422107573771,0.447656337717319
"Sparse25",10,0,"Raw","M3","JKI","M. x gig",17,0.187339486381435,0.885248539153255
"Sparse25",10,5,"Group_adjusted","M1","ABR33","M. sacchariflorus",43,0.192796816199111,0.383544825985409
"Sparse25",10,5,"Group_adjusted","M1","ABR33","M. sinensis",40,0.312517166922511,0.787013069028389
"Sparse25",10,5,"Group_adjusted","M1","ABR33","M. x gig",17,0.362796177192972,1.13911597933658
"Sparse25",10,5,"Group_adjusted","M1","JKI","M. sacchariflorus",39,0.400958270953759,0.395083636507153
"Sparse25",10,5,"Group_adjusted","M1","JKI","M. sinensis",40,0.106704441046759,0.479620524925731
"Sparse25",10,5,"Group_adjusted","M1","JKI","M. x gig",20,0.473848976875785,0.743919435660784
"Sparse25",10,5,"Group_adjusted","M2","ABR33","M. sacchariflorus",43,0.227019508571506,0.386703390720386
"Sparse25",10,5,"Group_adjusted","M2","ABR33","M. sinensis",40,0.409965861881878,0.775081413419174
"Sparse25",10,5,"Group_adjusted","M2","ABR33","M. x gig",17,0.528553348028739,1.12640420152333
"Sparse25",10,5,"Group_adjusted","M2","JKI","M. sacchariflorus",39,0.461017662590955,0.389733550689022
"Sparse25",10,5,"Group_adjusted","M2","JKI","M. sinensis",40,0.146139189600064,0.477537032897815
"Sparse25",10,5,"Group_adjusted","M2","JKI","M. x gig",20,0.568080499968664,0.7369751064831
"Sparse25",10,5,"Group_adjusted","M3","ABR33","M. sacchariflorus",43,0.266926907904051,0.387675715073731
"Sparse25",10,5,"Group_adjusted","M3","ABR33","M. sinensis",40,0.407042147301712,0.778163814416335
"Sparse25",10,5,"Group_adjusted","M3","ABR33","M. x gig",17,0.552564755432377,1.12297754176564
"Sparse25",10,5,"Group_adjusted","M3","JKI","M. sacchariflorus",39,0.486791220498873,0.384830499302812
"Sparse25",10,5,"Group_adjusted","M3","JKI","M. sinensis",40,0.149572801263376,0.47621228583582
"Sparse25",10,5,"Group_adjusted","M3","JKI","M. x gig",20,0.564750409805647,0.74361283366726
"Sparse25",10,5,"Raw","M1","ABR33","M. sacchariflorus",43,0.188043351907982,0.652104222940379
"Sparse25",10,5,"Raw","M1","ABR33","M. sinensis",40,0.258252360761506,0.78578642569764
"Sparse25",10,5,"Raw","M1","ABR33","M. x gig",17,0.362796177192972,1.34110369586686
"Sparse25",10,5,"Raw","M1","JKI","M. sacchariflorus",39,0.0816063013244516,0.382918813985646
"Sparse25",10,5,"Raw","M1","JKI","M. sinensis",40,0.0983439169175103,0.491362713814604
"Sparse25",10,5,"Raw","M1","JKI","M. x gig",20,0.420552626739997,0.85456076163474
"Sparse25",10,5,"Raw","M2","ABR33","M. sacchariflorus",43,0.22116917815755,0.559727078727636
"Sparse25",10,5,"Raw","M2","ABR33","M. sinensis",40,0.317592134369278,0.774811468144403
"Sparse25",10,5,"Raw","M2","ABR33","M. x gig",17,0.391130865203414,1.29531322177824
"Sparse25",10,5,"Raw","M2","JKI","M. sacchariflorus",39,0.204290074466696,0.365590845155791
"Sparse25",10,5,"Raw","M2","JKI","M. sinensis",40,0.162324598873229,0.553166398187107
"Sparse25",10,5,"Raw","M2","JKI","M. x gig",20,0.538718008458421,0.721171530940098
"Sparse25",10,5,"Raw","M3","ABR33","M. sacchariflorus",43,0.293591431538254,0.452751477625954
"Sparse25",10,5,"Raw","M3","ABR33","M. sinensis",40,0.373877264075283,0.81551387029877
"Sparse25",10,5,"Raw","M3","ABR33","M. x gig",17,0.449946733093418,1.24592939520623
"Sparse25",10,5,"Raw","M3","JKI","M. sacchariflorus",39,0.309869168198692,0.374879347367636
"Sparse25",10,5,"Raw","M3","JKI","M. sinensis",40,0.202276003653811,0.46191852967337
"Sparse25",10,5,"Raw","M3","JKI","M. x gig",20,0.53446440017365,0.764452326472662
"Sparse25",10,10,"Group_adjusted","M1","ABR33","M. sacchariflorus",48,0.00285273846696423,0.46291072602831
"Sparse25",10,10,"Group_adjusted","M1","ABR33","M. sinensis",35,-0.131211735614867,0.812946455910095
"Sparse25",10,10,"Group_adjusted","M1","ABR33","M. x gig",17,0.381209369009702,1.13230887410248
"Sparse25",10,10,"Group_adjusted","M1","JKI","M. sacchariflorus",45,0.0666676629342374,0.420432309901748
"Sparse25",10,10,"Group_adjusted","M1","JKI","M. sinensis",37,0.15319985709872,0.405774853754314
"Sparse25",10,10,"Group_adjusted","M1","JKI","M. x gig",17,0.367719285701124,0.766287318317175
"Sparse25",10,10,"Group_adjusted","M2","ABR33","M. sacchariflorus",48,0.115418369864227,0.458145199862213
"Sparse25",10,10,"Group_adjusted","M2","ABR33","M. sinensis",35,-0.0186533078461843,0.816616858717733
"Sparse25",10,10,"Group_adjusted","M2","ABR33","M. x gig",17,0.420560278843405,1.11172487087486
"Sparse25",10,10,"Group_adjusted","M2","JKI","M. sacchariflorus",45,0.0717832347746276,0.42256179374568
"Sparse25",10,10,"Group_adjusted","M2","JKI","M. sinensis",37,0.181197419271661,0.41995224134651
"Sparse25",10,10,"Group_adjusted","M2","JKI","M. x gig",17,0.411204730540517,0.763921261075837
"Sparse25",10,10,"Group_adjusted","M3","ABR33","M. sacchariflorus",48,0.151297316905807,0.484660682149944
"Sparse25",10,10,"Group_adjusted","M3","ABR33","M. sinensis",35,0.110221327145791,0.80676963170037
"Sparse25",10,10,"Group_adjusted","M3","ABR33","M. x gig",17,0.380254326775185,1.12246362750612
"Sparse25",10,10,"Group_adjusted","M3","JKI","M. sacchariflorus",45,0.103355116585929,0.419726372258787
"Sparse25",10,10,"Group_adjusted","M3","JKI","M. sinensis",37,0.217052815810214,0.40718449713241
"Sparse25",10,10,"Group_adjusted","M3","JKI","M. x gig",17,0.44539217595614,0.754219235638548
"Sparse25",10,10,"Raw","M1","ABR33","M. sacchariflorus",48,-0.100133163200396,0.766331324718062
"Sparse25",10,10,"Raw","M1","ABR33","M. sinensis",35,-0.0285203466748559,0.724282305828
"Sparse25",10,10,"Raw","M1","ABR33","M. x gig",17,0.42352198943808,1.33105054368516
"Sparse25",10,10,"Raw","M1","JKI","M. sacchariflorus",45,0.0556361863402313,0.457788668255807
"Sparse25",10,10,"Raw","M1","JKI","M. sinensis",37,0.182227056995272,0.524112339822762
"Sparse25",10,10,"Raw","M1","JKI","M. x gig",17,0.206400481688493,0.711026393289337
"Sparse25",10,10,"Raw","M2","ABR33","M. sacchariflorus",48,0.2865041303173,0.624788601665078
"Sparse25",10,10,"Raw","M2","ABR33","M. sinensis",35,0.221688227133599,0.755531382403814
"Sparse25",10,10,"Raw","M2","ABR33","M. x gig",17,0.466486566943277,1.26126905300179
"Sparse25",10,10,"Raw","M2","JKI","M. sacchariflorus",45,0.0892734014970312,0.404244481648008
"Sparse25",10,10,"Raw","M2","JKI","M. sinensis",37,0.204948921461223,0.638768556025127
"Sparse25",10,10,"Raw","M2","JKI","M. x gig",17,0.345384275299826,0.638667050693032
"Sparse25",10,10,"Raw","M3","ABR33","M. sacchariflorus",48,0.268219737858835,0.426834866578626
"Sparse25",10,10,"Raw","M3","ABR33","M. sinensis",35,0.257840394351465,0.844957930304996
"Sparse25",10,10,"Raw","M3","ABR33","M. x gig",17,0.408491116194414,1.31081894127696
"Sparse25",10,10,"Raw","M3","JKI","M. sacchariflorus",45,0.118409196044435,0.44990298734978
"Sparse25",10,10,"Raw","M3","JKI","M. sinensis",37,0.210517898325963,0.486729399988266
"Sparse25",10,10,"Raw","M3","JKI","M. x gig",17,0.494365090290675,0.61905073533778
"Sparse25",10,15,"Group_adjusted","M1","ABR33","M. sacchariflorus",48,-0.117917126555065,0.401835675657913
"Sparse25",10,15,"Group_adjusted","M1","ABR33","M. sinensis",35,0.188419411461931,0.843838868149583
"Sparse25",10,15,"Group_adjusted","M1","ABR33","M. x gig",17,NA,1.12800683795182
"Sparse25",10,15,"Group_adjusted","M1","JKI","M. sacchariflorus",46,0.107344459409715,0.381654749968511
"Sparse25",10,15,"Group_adjusted","M1","JKI","M. sinensis",33,-0.0553447702577625,0.475137163538521
"Sparse25",10,15,"Group_adjusted","M1","JKI","M. x gig",20,0.32800960781559,0.669493362304178
"Sparse25",10,15,"Group_adjusted","M2","ABR33","M. sacchariflorus",48,-0.142142344273422,0.405474689700541
"Sparse25",10,15,"Group_adjusted","M2","ABR33","M. sinensis",35,0.375523254876773,0.830977899795637
"Sparse25",10,15,"Group_adjusted","M2","ABR33","M. x gig",17,0.203733436933374,1.1229318063263
"Sparse25",10,15,"Group_adjusted","M2","JKI","M. sacchariflorus",46,0.217212961439485,0.376536472390477
"Sparse25",10,15,"Group_adjusted","M2","JKI","M. sinensis",33,0.0356479495500165,0.470318171314018
"Sparse25",10,15,"Group_adjusted","M2","JKI","M. x gig",20,0.37582407839967,0.656786422430806
"Sparse25",10,15,"Group_adjusted","M3","ABR33","M. sacchariflorus",48,-0.157711922682718,0.408984924433776
"Sparse25",10,15,"Group_adjusted","M3","ABR33","M. sinensis",35,0.365807335288941,0.832771414492213
"Sparse25",10,15,"Group_adjusted","M3","ABR33","M. x gig",17,0.15576265632891,1.12393713929256
"Sparse25",10,15,"Group_adjusted","M3","JKI","M. sacchariflorus",46,0.110922392213258,0.384022096344468
"Sparse25",10,15,"Group_adjusted","M3","JKI","M. sinensis",33,-0.0130872440420447,0.472553574911382
"Sparse25",10,15,"Group_adjusted","M3","JKI","M. x gig",20,0.375398172564445,0.654795039451563
"Sparse25",10,15,"Raw","M1","ABR33","M. sacchariflorus",48,-0.120251547841443,0.629051692908792
"Sparse25",10,15,"Raw","M1","ABR33","M. sinensis",35,0.221674042546382,0.841854086251402
"Sparse25",10,15,"Raw","M1","ABR33","M. x gig",17,NA,1.50742910048632
"Sparse25",10,15,"Raw","M1","JKI","M. sacchariflorus",46,-0.169701368151848,0.399475499336366
"Sparse25",10,15,"Raw","M1","JKI","M. sinensis",33,-0.0551066738695891,0.478485051908513
"Sparse25",10,15,"Raw","M1","JKI","M. x gig",20,0.332351233529498,0.994498295943568
"Sparse25",10,15,"Raw","M2","ABR33","M. sacchariflorus",48,-0.0255315383832897,0.567547510182947
"Sparse25",10,15,"Raw","M2","ABR33","M. sinensis",35,0.401223638976308,0.827616525088906
"Sparse25",10,15,"Raw","M2","ABR33","M. x gig",17,-0.00854898720779266,1.49609776049934
"Sparse25",10,15,"Raw","M2","JKI","M. sacchariflorus",46,0.0439426380968416,0.401233581002007
"Sparse25",10,15,"Raw","M2","JKI","M. sinensis",33,0.055169938958846,0.4810111833479
"Sparse25",10,15,"Raw","M2","JKI","M. x gig",20,0.344499693792164,0.955044312764411
"Sparse25",10,15,"Raw","M3","ABR33","M. sacchariflorus",48,-0.00361088353510261,0.483542149366455
"Sparse25",10,15,"Raw","M3","ABR33","M. sinensis",35,0.357385213696902,0.83422958474633
"Sparse25",10,15,"Raw","M3","ABR33","M. x gig",17,-0.0512790555379319,1.50615065392758
"Sparse25",10,15,"Raw","M3","JKI","M. sacchariflorus",46,-0.0434327747950436,0.3910384272365
"Sparse25",10,15,"Raw","M3","JKI","M. sinensis",33,0.013358607464846,0.470449476323718
"Sparse25",10,15,"Raw","M3","JKI","M. x gig",20,0.344844329014671,0.979466850768445
"Sparse25",10,20,"Group_adjusted","M1","ABR33","M. sacchariflorus",41,0.0422660281828027,0.40108381448603
"Sparse25",10,20,"Group_adjusted","M1","ABR33","M. sinensis",43,0.161274831724576,0.999679487427336
"Sparse25",10,20,"Group_adjusted","M1","ABR33","M. x gig",16,NA,1.24561265840326
"Sparse25",10,20,"Group_adjusted","M1","JKI","M. sacchariflorus",43,0.228469776394962,0.396179440196389
"Sparse25",10,20,"Group_adjusted","M1","JKI","M. sinensis",39,NA,0.529095843564395
"Sparse25",10,20,"Group_adjusted","M1","JKI","M. x gig",17,0.495016928634084,0.71812723758149
"Sparse25",10,20,"Group_adjusted","M2","ABR33","M. sacchariflorus",41,0.228821738177106,0.393580770779828
"Sparse25",10,20,"Group_adjusted","M2","ABR33","M. sinensis",43,0.303086631840231,0.984446292256601
"Sparse25",10,20,"Group_adjusted","M2","ABR33","M. x gig",16,0.448363653552676,1.24177456199589
"Sparse25",10,20,"Group_adjusted","M2","JKI","M. sacchariflorus",43,0.201060662349113,0.3908489008257
"Sparse25",10,20,"Group_adjusted","M2","JKI","M. sinensis",39,0.290091001891309,0.523706188998773
"Sparse25",10,20,"Group_adjusted","M2","JKI","M. x gig",17,0.618214177010242,0.666979538618753
"Sparse25",10,20,"Group_adjusted","M3","ABR33","M. sacchariflorus",41,0.203273020572044,0.392688300708357
"Sparse25",10,20,"Group_adjusted","M3","ABR33","M. sinensis",43,0.383112607007836,0.970983891237715
"Sparse25",10,20,"Group_adjusted","M3","ABR33","M. x gig",16,0.563660633623748,1.23415886162699
"Sparse25",10,20,"Group_adjusted","M3","JKI","M. sacchariflorus",43,0.180293016840853,0.39528525140174
"Sparse25",10,20,"Group_adjusted","M3","JKI","M. sinensis",39,0.339460890608222,0.520549336342862
"Sparse25",10,20,"Group_adjusted","M3","JKI","M. x gig",17,0.598582834927802,0.68180200535179
"Sparse25",10,20,"Raw","M1","ABR33","M. sacchariflorus",41,0.0420731216566479,0.71668137798065
"Sparse25",10,20,"Raw","M1","ABR33","M. sinensis",43,0.217855488184223,0.785387165758302
"Sparse25",10,20,"Raw","M1","ABR33","M. x gig",16,NA,1.19173119237564
"Sparse25",10,20,"Raw","M1","JKI","M. sacchariflorus",43,-0.00365106074252912,0.409194835029118
"Sparse25",10,20,"Raw","M1","JKI","M. sinensis",39,NA,0.45600075588312
"Sparse25",10,20,"Raw","M1","JKI","M. x gig",17,0.495016928634085,1.07817080501566
"Sparse25",10,20,"Raw","M2","ABR33","M. sacchariflorus",41,0.293777922446499,0.575452984693555
"Sparse25",10,20,"Raw","M2","ABR33","M. sinensis",43,0.336379776591119,0.833504667889243
"Sparse25",10,20,"Raw","M2","ABR33","M. x gig",16,0.044421527068328,1.12958959167536
"Sparse25",10,20,"Raw","M2","JKI","M. sacchariflorus",43,-0.0529395367668607,0.496964612964052
"Sparse25",10,20,"Raw","M2","JKI","M. sinensis",39,0.307681575743395,0.478361680187281
"Sparse25",10,20,"Raw","M2","JKI","M. x gig",17,0.431361276398059,0.967488232967257
"Sparse25",10,20,"Raw","M3","ABR33","M. sacchariflorus",41,0.273603582787795,0.431158109198815
"Sparse25",10,20,"Raw","M3","ABR33","M. sinensis",43,0.395009934969895,1.08137564594396
"Sparse25",10,20,"Raw","M3","ABR33","M. x gig",16,0.0854107156681866,1.06892151430505
"Sparse25",10,20,"Raw","M3","JKI","M. sacchariflorus",43,-0.0241880286568949,0.408716072256752
"Sparse25",10,20,"Raw","M3","JKI","M. sinensis",39,0.32579275106989,0.450088813844752
"Sparse25",10,20,"Raw","M3","JKI","M. x gig",17,0.460739578438557,0.967913619683543
"Sparse25",10,25,"Group_adjusted","M1","ABR33","M. sacchariflorus",49,NA,0.377717201246722
"Sparse25",10,25,"Group_adjusted","M1","ABR33","M. sinensis",36,NA,0.895577902400424
"Sparse25",10,25,"Group_adjusted","M1","ABR33","M. x gig",15,NA,1.22895216461919
"Sparse25",10,25,"Group_adjusted","M1","JKI","M. sacchariflorus",49,NA,0.394265069959651
"Sparse25",10,25,"Group_adjusted","M1","JKI","M. sinensis",35,NA,0.498095511516231
"Sparse25",10,25,"Group_adjusted","M1","JKI","M. x gig",15,NA,0.815432289969037
"Sparse25",10,25,"Group_adjusted","M2","ABR33","M. sacchariflorus",49,-0.0412967374304156,0.379318325669563
"Sparse25",10,25,"Group_adjusted","M2","ABR33","M. sinensis",36,0.381891556025819,0.895162045420186
"Sparse25",10,25,"Group_adjusted","M2","ABR33","M. x gig",15,-0.129415734722788,1.22865248238249
"Sparse25",10,25,"Group_adjusted","M2","JKI","M. sacchariflorus",49,0.0141038127001314,0.395222858332823
"Sparse25",10,25,"Group_adjusted","M2","JKI","M. sinensis",35,0.210711854868241,0.492534887832271
"Sparse25",10,25,"Group_adjusted","M2","JKI","M. x gig",15,-0.0636195612559692,0.811842387254987
"Sparse25",10,25,"Group_adjusted","M3","ABR33","M. sacchariflorus",49,0.24442500307648,0.378778143472164
"Sparse25",10,25,"Group_adjusted","M3","ABR33","M. sinensis",36,0.34426522602489,0.891238253551655
"Sparse25",10,25,"Group_adjusted","M3","ABR33","M. x gig",15,-0.083885701155539,1.22866328536489
"Sparse25",10,25,"Group_adjusted","M3","JKI","M. sacchariflorus",49,0.29264093831122,0.391459129118405
"Sparse25",10,25,"Group_adjusted","M3","JKI","M. sinensis",35,0.149523984312088,0.494520758026952
"Sparse25",10,25,"Group_adjusted","M3","JKI","M. x gig",15,-0.0709548966423706,0.810710194530822
"Sparse25",10,25,"Raw","M1","ABR33","M. sacchariflorus",49,NA,0.80163600980126
"Sparse25",10,25,"Raw","M1","ABR33","M. sinensis",36,NA,0.889010633545588
"Sparse25",10,25,"Raw","M1","ABR33","M. x gig",15,NA,1.45862910375628
"Sparse25",10,25,"Raw","M1","JKI","M. sacchariflorus",49,NA,0.397581952031237
"Sparse25",10,25,"Raw","M1","JKI","M. sinensis",35,NA,0.51370167328784
"Sparse25",10,25,"Raw","M1","JKI","M. x gig",15,NA,1.10129833292342
"Sparse25",10,25,"Raw","M2","ABR33","M. sacchariflorus",49,0.0892518647352578,0.713687434713146
"Sparse25",10,25,"Raw","M2","ABR33","M. sinensis",36,0.366396969392797,0.901918840831885
"Sparse25",10,25,"Raw","M2","ABR33","M. x gig",15,-0.177324885589878,1.43756166024704
"Sparse25",10,25,"Raw","M2","JKI","M. sacchariflorus",49,-0.118714825704076,0.401516541739859
"Sparse25",10,25,"Raw","M2","JKI","M. sinensis",35,0.417063929855316,0.524781512051205
"Sparse25",10,25,"Raw","M2","JKI","M. x gig",15,-0.376253139850412,1.08038122139749
"Sparse25",10,25,"Raw","M3","ABR33","M. sacchariflorus",49,0.181188810126407,0.560893576298024
"Sparse25",10,25,"Raw","M3","ABR33","M. sinensis",36,0.312789997404723,0.938778946531447
"Sparse25",10,25,"Raw","M3","ABR33","M. x gig",15,-0.219663459652053,1.44423935842294
"Sparse25",10,25,"Raw","M3","JKI","M. sacchariflorus",49,-0.0933971630199094,0.404794687058978
"Sparse25",10,25,"Raw","M3","JKI","M. sinensis",35,0.385731476271245,0.494103407033877
"Sparse25",10,25,"Raw","M3","JKI","M. x gig",15,-0.228509312280225,1.05398269838477
